INFO-FLOW: Workspace C:/Users/brand/Documents/engs192/zybo-edge-ai/hls/edge_cnn_minimal_hls/myproject_prj/solution1 opened at Tue May 26 23:10:54 -0400 2026
Execute       send_msg_by_id INFO @200-1505@%s%s default  vivado 
INFO: [HLS 200-1505] Using default flow_target 'vivado'
Execute       get_config_interface -m_axi_latency 
Execute       get_config_interface -m_axi_alignment_byte_size 
Execute       get_config_interface -m_axi_max_widen_bitwidth 
Execute       get_config_interface -default_interface 
Execute       get_config_rtl -register_reset_num 
Execute     config_array_partition -maximum_size 4096 
INFO: [HLS 200-1510] Running: config_array_partition -maximum_size 4096 
INFO: [XFORM 203-101] Allowed max sub elements number after partition is 4096.
ERROR: [HLS 200-642] The 'config_array_partition -maximum_size' command is not supported.
Command     config_array_partition done; error code: 1; 
Execute     config_compile -name_max_length 80 
INFO: [HLS 200-1510] Running: config_compile -name_max_length 80 
INFO: [XFORM 203-1161] The maximum of name length is set into 80.
Execute     set_part xc7z020clg400-1 
INFO: [HLS 200-1510] Running: set_part xc7z020clg400-1 
Execute       create_platform xc7z020clg400-1 -board  
DBG:HLSDevice: Trying to load device library: C:/Xilinx/Vitis_HLS/2021.2\lib\win64.o\librdi_hlsvwrap.dll
DBG:HLSDevice: first parts/arch.xml in RDI_DATADIR: C:/Xilinx/Vivado/2021.2/data/parts/arch.xml
DBG:HLSDevice: init success
Execute         source C:/Xilinx/Vitis_HLS/2021.2/common/technology/xilinx/DSP48/dsp48.hlp 
Execute         source C:/Xilinx/Vitis_HLS/2021.2/common/technology/xilinx/DSP48/zynq_dsp48e1.hlp 
INFO: [HLS 200-1611] Setting target device to 'xc7z020-clg400-1'
Command       create_platform done; 1.405 sec.
Execute       source C:/Xilinx/Vitis_HLS/2021.2/common/technology/xilinx/common/xilinx.gen 
Execute         source C:/Xilinx/Vitis_HLS/2021.2/common/technology/xilinx/interface/plb46.gen 
Execute         source C:/Xilinx/Vitis_HLS/2021.2/common/technology/xilinx/interface/axi4.gen 
Execute         source C:/Xilinx/Vitis_HLS/2021.2/common/technology/xilinx/interface/nativeAXI4.gen 
Execute           source C:/Xilinx/Vitis_HLS/2021.2/common/technology/xilinx/interface/saxilite.gen 
Execute           source C:/Xilinx/Vitis_HLS/2021.2/common/technology/xilinx/interface/maxi.gen 
Execute         source C:/Xilinx/Vitis_HLS/2021.2/common/technology/xilinx/scripts/xilinxcoregen.gen 
Execute         source C:/Xilinx/Vitis_HLS/2021.2/common/technology/xilinx/interface/XilEDKCoreGen.gen 
Execute         source C:/Xilinx/Vitis_HLS/2021.2/common/technology/xilinx/ip/dds_compiler.gen 
Execute         source C:/Xilinx/Vitis_HLS/2021.2/common/technology/xilinx/ip/util.gen 
Execute         source C:/Xilinx/Vitis_HLS/2021.2/common/technology/xilinx/ip/xfft.gen 
Execute         source C:/Xilinx/Vitis_HLS/2021.2/common/technology/xilinx/ip/xfir.gen 
Execute         source C:/Xilinx/Vitis_HLS/2021.2/common/technology/xilinx/DSP48/dsp48.gen 
Command       ap_source done; 0.132 sec.
Execute       ap_part_info -name xc7z020-clg400-1 -data info 
Execute       config_compile -quiet -complex-mul-dsp=0 
INFO: [XFORM 203-1161] The maximum of name length is set into 80.
Command     set_part done; 1.562 sec.
Execute     config_schedule -enable_dsp_full_reg=false 
INFO: [HLS 200-1510] Running: config_schedule -enable_dsp_full_reg=false 
Execute     create_clock -period 10 -name default 
INFO: [HLS 200-1510] Running: create_clock -period 10 -name default 
Execute       ap_set_clock -name default -period 10 -default=false 
INFO: [SYN 201-201] Setting up clock 'default' with a period of 10ns.
Execute     set_clock_uncertainty 12.5% default 
INFO: [HLS 200-1510] Running: set_clock_uncertainty 12.5% default 
Execute       get_clock_period -default -name=default 
Execute       ap_set_clock -name default -uncertainty 1.25 -unit % 
INFO: [SYN 201-201] Setting up clock 'default' with an uncertainty of 1.25ns.
Execute     csynth_design 
INFO: [HLS 200-1510] Running: csynth_design 
Execute       get_config_compile -effort 
Execute       get_config_compile -enable_clang39 
Execute       get_config_compile -g 
Execute       get_config_compile -hw_syn 
Execute       get_config_compile -ng 
Execute       get_config_compile -opt_fp 
Execute       get_config_compile -skip_cdt 
Execute       get_config_compile -skip_syncheck 
Execute       get_config_compile -skip_transform 
Execute       get_config_compile -pre_tcl 
Execute       get_config_compile -keep_printf 
Execute       elaborate -effort=medium -skip_syncheck=0 -keep_printf=0 -skip_cdt=0 -skip_transform=0 -ng=0 -g=0 -opt_fp=0 -from_csynth_design=1 
INFO: [HLS 200-111] Finished File checks and directory preparation: CPU user time: 0 seconds. CPU system time: 0 seconds. Elapsed time: 0.046 seconds; current allocated memory: 1.162 GB.
INFO: [HLS 200-10] Analyzing design file 'firmware/myproject.cpp' ... 
INFO-FLOW: Compiling one TU...
Execute         get_config_compile -pragma_strict_mode 
INFO-FLOW: Handling firmware/myproject.cpp as C++
Execute         ap_part_info -name xc7z020-clg400-1 -data info 
INFO-FLOW: Running: GCC PP 39
INFO-FLOW: Source preprocessing
Execute         ap_eval exec -ignorestderr C:/Xilinx/Vitis_HLS/2021.2/win64/tools/clang-3.9-csynth/bin/clang firmware/myproject.cpp -foptimization-record-file=C:/Users/brand/Documents/engs192/zybo-edge-ai/hls/edge_cnn_minimal_hls/myproject_prj/solution1/.autopilot/db/myproject.cpp.clang.diag.yml -mllvm -pass-remarks-missed=reflow|pasta|unroll -mllvm -pass-remarks=reflow|pasta|unroll|inline -fno-limit-debug-info --sysroot C:/Xilinx/Vitis_HLS/2021.2/tps/mingw/6.2.0/win64.o/nt -fhls -fno-exceptions -E -std=c++0x -fno-math-errno -c -emit-llvm -mllvm -disable-llvm-optzns -Werror=implicit-function-declaration -Werror=implicit-hls-streams -Werror=return-type -Wpragmas -Wunused-parameter -Wdump-hls-pragmas -fno-threadsafe-statics -fno-use-cxa-atexit -target fpga64-xilinx-mingw32 -fno-threadsafe-statics -fno-use-cxa-atexit -D__VITIS_HLS__ -DAESL_SYN -D__SYNTHESIS__ -D__HLS_SYN__ -I C:/Xilinx/Vitis_HLS/2021.2/common/technology/autopilot -I C:/Xilinx/Vitis_HLS/2021.2/common/technology/autopilot/ap_sysc -include etc/autopilot_ssdm_op.h -D__DSP48E1__ -I /usr/include/x86_64-linux-gnu -o C:/Users/brand/Documents/engs192/zybo-edge-ai/hls/edge_cnn_minimal_hls/myproject_prj/solution1/.autopilot/db/myproject.pp.0.cpp -hls-platform-db-name=C:/Xilinx/Vitis_HLS/2021.2/common/technology/xilinx/common/platform.db -hls-platform-name=zynq_slow > C:/Users/brand/Documents/engs192/zybo-edge-ai/hls/edge_cnn_minimal_hls/myproject_prj/solution1/.autopilot/db/myproject.cpp.clang.out.log 2> C:/Users/brand/Documents/engs192/zybo-edge-ai/hls/edge_cnn_minimal_hls/myproject_prj/solution1/.autopilot/db/myproject.cpp.clang.err.log 
Command         ap_eval done; 0.467 sec.
INFO-FLOW: Done: GCC PP 39 time: 0.5 seconds per iteration
Execute         set_directive_top myproject -name=myproject 
Execute         source C:/Xilinx/Vitis_HLS/2021.2/tps/tcl/tcllib1.11.1/yaml/huddle.tcl 
Execute         source C:/Xilinx/Vitis_HLS/2021.2/tps/tcl/tcllib1.11.1/yaml/json2huddle.tcl 
Execute           source C:/Xilinx/Vitis_HLS/2021.2/tps/tcl/tcllib1.11.1/try/try.tcl 
Execute         list_core -type functional_unit 
INFO-FLOW: Source syntax check for synthesis
Execute         ap_eval exec -ignorestderr C:/Xilinx/Vitis_HLS/2021.2/win64/tools/clang-3.9-csynth/bin/clang -foptimization-record-file=C:/Users/brand/Documents/engs192/zybo-edge-ai/hls/edge_cnn_minimal_hls/myproject_prj/solution1/.autopilot/db/clang.diag.yml -mllvm -pass-remarks-missed=reflow|pasta|unroll -mllvm -pass-remarks=reflow|pasta|unroll|inline -fsyntax-only -fhls -target fpga64-xilinx-linux-gnu C:/Users/brand/Documents/engs192/zybo-edge-ai/hls/edge_cnn_minimal_hls/myproject_prj/solution1/.autopilot/db/myproject.pp.0.cpp -hls-platform-db-name=C:/Xilinx/Vitis_HLS/2021.2/common/technology/xilinx/common/platform.db -hls-platform-name=zynq_slow > C:/Users/brand/Documents/engs192/zybo-edge-ai/hls/edge_cnn_minimal_hls/myproject_prj/solution1/.autopilot/db/clang.out.log 2> C:/Users/brand/Documents/engs192/zybo-edge-ai/hls/edge_cnn_minimal_hls/myproject_prj/solution1/.autopilot/db/clang.err.log 
Command         ap_eval done; 0.992 sec.
WARNING: [HLS 207-5551] unexpected pragma argument 'instances', expects function/operation (firmware/nnet_utils/nnet_activation.h:402:24)
WARNING: [HLS 207-5523] 'Resource pragma' is deprecated, use 'bind_op/bind_storage pragma' instead (firmware/nnet_utils/nnet_dense_resource.h:33:9)
WARNING: [HLS 207-5523] 'Resource pragma' is deprecated, use 'bind_op/bind_storage pragma' instead (firmware/nnet_utils/nnet_dense_resource.h:107:9)
WARNING: [HLS 207-5523] 'Resource pragma' is deprecated, use 'bind_op/bind_storage pragma' instead (firmware/nnet_utils/nnet_dense_resource.h:189:9)
WARNING: [HLS 207-5524] 'region' in '#pragma HLS Inline' is deprecated, use 'Inline Pragma' instead (firmware/nnet_utils/nnet_conv2d.h:48:26)
WARNING: [HLS 207-5524] 'region' in '#pragma HLS Inline' is deprecated, use 'Inline Pragma' instead (firmware/nnet_utils/nnet_conv2d.h:66:26)
WARNING: [HLS 207-5551] unexpected pragma argument 'instances', expects function/operation (firmware/nnet_utils/nnet_conv2d_stream.h:80:24)
WARNING: [HLS 207-5551] unexpected pragma argument 'instances', expects function/operation (firmware/nnet_utils/nnet_conv2d_stream.h:81:24)
WARNING: [HLS 207-5556] Only for/while/do support the pipeline  pragma (firmware/nnet_utils/nnet_conv2d_stream.h:90:9)
WARNING: [HLS 207-5556] Only for/while/do support the pipeline  pragma (firmware/nnet_utils/nnet_conv2d_stream.h:58:9)
Execute         clang_tidy xilinx-systemc-detector -desc systemc-detector C:/Users/brand/Documents/engs192/zybo-edge-ai/hls/edge_cnn_minimal_hls/myproject_prj/solution1/.autopilot/db/myproject.pp.0.cpp std=c++0x -target fpga  -directive=C:/Users/brand/Documents/engs192/zybo-edge-ai/hls/edge_cnn_minimal_hls/myproject_prj/solution1/.autopilot/db/.systemc_flag 
INFO-FLOW: exec C:/Xilinx/Vitis_HLS/2021.2/win64/tools/clang-3.9-csynth/bin/clang-tidy -header-filter=.* --checks=-*,xilinx-systemc-detector -import-directive=C:/Users/brand/Documents/engs192/zybo-edge-ai/hls/edge_cnn_minimal_hls/myproject_prj/solution1/.autopilot/db/.systemc_flag -fix-errors C:/Users/brand/Documents/engs192/zybo-edge-ai/hls/edge_cnn_minimal_hls/myproject_prj/solution1/.autopilot/db/myproject.pp.0.cpp -- -std=c++0x -target fpga -fhls -ferror-limit=0
Command         clang_tidy done; 0.864 sec.
INFO-FLOW: Running: clang-tidy CDT preprocess 39
Execute         clang_tidy xilinx-directive2pragma -desc directive2pragma C:/Users/brand/Documents/engs192/zybo-edge-ai/hls/edge_cnn_minimal_hls/myproject_prj/solution1/.autopilot/db/myproject.pp.0.cpp std=c++0x -target fpga  -directive=C:/Users/brand/Documents/engs192/zybo-edge-ai/hls/edge_cnn_minimal_hls/myproject_prj/solution1/.autopilot/db/all.directive.json 
INFO-FLOW: exec C:/Xilinx/Vitis_HLS/2021.2/win64/tools/clang-3.9-csynth/bin/clang-tidy -header-filter=.* --checks=-*,xilinx-directive2pragma -import-directive=C:/Users/brand/Documents/engs192/zybo-edge-ai/hls/edge_cnn_minimal_hls/myproject_prj/solution1/.autopilot/db/all.directive.json -fix-errors C:/Users/brand/Documents/engs192/zybo-edge-ai/hls/edge_cnn_minimal_hls/myproject_prj/solution1/.autopilot/db/myproject.pp.0.cpp -- -std=c++0x -target fpga -fhls -ferror-limit=0
Command         clang_tidy done; 1.289 sec.
Execute         clang_tidy xilinx-constantarray-param,xilinx-remove-assert -desc constantarray_remove-assert C:/Users/brand/Documents/engs192/zybo-edge-ai/hls/edge_cnn_minimal_hls/myproject_prj/solution1/.autopilot/db/myproject.pp.0.cpp std=c++0x -target fpga  
INFO-FLOW: exec C:/Xilinx/Vitis_HLS/2021.2/win64/tools/clang-3.9-csynth/bin/clang-tidy -header-filter=.* --checks=-*,xilinx-constantarray-param,xilinx-remove-assert -fix-errors C:/Users/brand/Documents/engs192/zybo-edge-ai/hls/edge_cnn_minimal_hls/myproject_prj/solution1/.autopilot/db/myproject.pp.0.cpp -- -std=c++0x -target fpga -fhls -ferror-limit=0
Command         clang_tidy done; 0.986 sec.
INFO-FLOW: Done: clang-tidy CDT preprocess 39 time: 2.3 seconds per iteration
INFO-FLOW: Calling xilinx-label-all-loops ... 
INFO-FLOW: Calling xilinx-aggregate-on-hls-vector ... 
Execute         clang_tidy -errorcheck -desc loop-label xilinx-label-all-loops,xilinx-aggregate-on-hls-vector,,xilinx-warn-mayneed-no-ctor-attribute C:/Users/brand/Documents/engs192/zybo-edge-ai/hls/edge_cnn_minimal_hls/myproject_prj/solution1/.autopilot/db/myproject.pp.0.cpp std=c++0x -target fpga  
Execute           ap_eval exec -ignorestderr C:/Xilinx/Vitis_HLS/2021.2/win64/tools/clang-3.9-csynth/bin/clang-tidy -export-fixes=C:/Users/brand/Documents/engs192/zybo-edge-ai/hls/edge_cnn_minimal_hls/myproject_prj/solution1/.autopilot/db/myproject.pp.0.cpp.clang-tidy.loop-label.diag.yml -header-filter=.* --checks=-*,xilinx-label-all-loops,xilinx-aggregate-on-hls-vector,,xilinx-warn-mayneed-no-ctor-attribute -fix-errors C:/Users/brand/Documents/engs192/zybo-edge-ai/hls/edge_cnn_minimal_hls/myproject_prj/solution1/.autopilot/db/myproject.pp.0.cpp -- -std=c++0x -target fpga -fhls -ferror-limit=0 > C:/Users/brand/Documents/engs192/zybo-edge-ai/hls/edge_cnn_minimal_hls/myproject_prj/solution1/.autopilot/db/myproject.pp.0.cpp.clang-tidy.loop-label.out.log 2> C:/Users/brand/Documents/engs192/zybo-edge-ai/hls/edge_cnn_minimal_hls/myproject_prj/solution1/.autopilot/db/myproject.pp.0.cpp.clang-tidy.loop-label.err.log 
Command           ap_eval done; 2.371 sec.
Execute           source C:/Xilinx/Vitis_HLS/2021.2/tps/tcl/tcllib1.11.1/yaml/yaml.tcl 
Command         clang_tidy done; 2.731 sec.
Execute         get_config_dataflow -strict_mode 
Execute         ap_eval exec -ignorestderr C:/Xilinx/Vitis_HLS/2021.2/win64/tools/clang-3.9-csynth/bin/xilinx-dataflow-lawyer -export-fixes=C:/Users/brand/Documents/engs192/zybo-edge-ai/hls/edge_cnn_minimal_hls/myproject_prj/solution1/.autopilot/db/myproject.pp.0.cpp.xilinx-dataflow-lawyer.diag.yml C:/Users/brand/Documents/engs192/zybo-edge-ai/hls/edge_cnn_minimal_hls/myproject_prj/solution1/.autopilot/db/myproject.pp.0.cpp -- -std=c++0x -target fpga -fhls -ferror-limit=0 -fstrict-dataflow > C:/Users/brand/Documents/engs192/zybo-edge-ai/hls/edge_cnn_minimal_hls/myproject_prj/solution1/.autopilot/db/myproject.pp.0.cpp.xilinx-dataflow-lawyer.out.log 2> C:/Users/brand/Documents/engs192/zybo-edge-ai/hls/edge_cnn_minimal_hls/myproject_prj/solution1/.autopilot/db/myproject.pp.0.cpp.xilinx-dataflow-lawyer.err.log 
Command         ap_eval done; 0.846 sec.
WARNING: [HLS 214-113] Either use an argument of the function or declare the variable inside the dataflow loop body (firmware/myproject.cpp:46:75)
WARNING: [HLS 214-113] Either use an argument of the function or declare the variable inside the dataflow loop body (firmware/myproject.cpp:46:79)
WARNING: [HLS 214-113] Either use an argument of the function or declare the variable inside the dataflow loop body (firmware/myproject.cpp:52:75)
WARNING: [HLS 214-113] Either use an argument of the function or declare the variable inside the dataflow loop body (firmware/myproject.cpp:52:79)
Execute         send_msg_by_id WARNING @200-471@%s%s 4 firmware/myproject.cpp 
WARNING: [HLS 200-471] Dataflow form checks found 4 issue(s) in file firmware/myproject.cpp
Execute         ap_part_info -name xc7z020-clg400-1 -data info 
INFO-FLOW: compiling source code to llvm bc
Execute         ap_eval exec -ignorestderr C:/Xilinx/Vitis_HLS/2021.2/win64/tools/clang-3.9-csynth/bin/clang -foptimization-record-file=C:/Users/brand/Documents/engs192/zybo-edge-ai/hls/edge_cnn_minimal_hls/myproject_prj/solution1/.autopilot/db/myproject.pp.0.cpp.clang.diag.yml -mllvm -pass-remarks-missed=reflow|pasta|unroll -mllvm -pass-remarks=reflow|pasta|unroll|inline -fno-limit-debug-info -fhls -flto -fno-exceptions -Wno-error=c++11-narrowing C:/Users/brand/Documents/engs192/zybo-edge-ai/hls/edge_cnn_minimal_hls/myproject_prj/solution1/.autopilot/db/myproject.pp.0.cpp -std=c++0x -fno-math-errno -c -emit-llvm -mllvm -disable-llvm-optzns -Werror=implicit-function-declaration -Werror=implicit-hls-streams -Werror=return-type -Wpragmas -Wunused-parameter -Wdump-hls-pragmas -fno-threadsafe-statics -fno-use-cxa-atexit -target fpga64-xilinx-linux-gnu -D__VITIS_HLS__ -DAESL_SYN -D__SYNTHESIS__ -D__HLS_SYN__ -I C:/Xilinx/Vitis_HLS/2021.2/common/technology/autopilot -I C:/Xilinx/Vitis_HLS/2021.2/common/technology/autopilot/ap_sysc -include etc/autopilot_ssdm_op.h -D__DSP48E1__ -g -o C:/Users/brand/Documents/engs192/zybo-edge-ai/hls/edge_cnn_minimal_hls/myproject_prj/solution1/.autopilot/db/myproject.bc -hls-platform-db-name=C:/Xilinx/Vitis_HLS/2021.2/common/technology/xilinx/common/platform.db -hls-platform-name=zynq_slow > C:/Users/brand/Documents/engs192/zybo-edge-ai/hls/edge_cnn_minimal_hls/myproject_prj/solution1/.autopilot/db/myproject.pp.0.cpp.clang.out.log 2> C:/Users/brand/Documents/engs192/zybo-edge-ai/hls/edge_cnn_minimal_hls/myproject_prj/solution1/.autopilot/db/myproject.pp.0.cpp.clang.err.log 
Command         ap_eval done; 1.02 sec.
WARNING: [HLS 207-5287] unused parameter 'keep' (firmware/nnet_utils/nnet_helpers.h:285:99)
WARNING: [HLS 207-5287] unused parameter 'data' (firmware/nnet_utils/nnet_function_stubs.h:14:36)
WARNING: [HLS 207-5287] unused parameter 'buffer' (firmware/nnet_utils/nnet_function_stubs.h:15:36)
WARNING: [HLS 207-5287] unused parameter 'partition' (firmware/nnet_utils/nnet_function_stubs.h:16:44)
WARNING: [HLS 207-5287] unused parameter 'data' (firmware/nnet_utils/nnet_function_stubs.h:24:24)
WARNING: [HLS 207-5287] unused parameter 'buffer' (firmware/nnet_utils/nnet_function_stubs.h:25:24)
WARNING: [HLS 207-5287] unused parameter 'partition' (firmware/nnet_utils/nnet_function_stubs.h:26:32)
WARNING: [HLS 207-5287] unused parameter 'data' (firmware/nnet_utils/nnet_function_stubs.h:33:30)
WARNING: [HLS 207-5287] unused parameter 'res' (firmware/nnet_utils/nnet_function_stubs.h:33:58)
WARNING: [HLS 207-5287] unused parameter 'weights' (firmware/nnet_utils/nnet_function_stubs.h:34:51)
WARNING: [HLS 207-5287] unused parameter 'biases' (firmware/nnet_utils/nnet_function_stubs.h:35:49)
WARNING: [HLS 207-5287] unused parameter 'data' (firmware/nnet_utils/nnet_function_stubs.h:42:30)
WARNING: [HLS 207-5287] unused parameter 'res' (firmware/nnet_utils/nnet_function_stubs.h:42:58)
WARNING: [HLS 207-5287] unused parameter 'weights' (firmware/nnet_utils/nnet_function_stubs.h:43:51)
WARNING: [HLS 207-5287] unused parameter 'biases' (firmware/nnet_utils/nnet_function_stubs.h:44:49)
WARNING: [HLS 207-5287] unused parameter 'data' (firmware/nnet_utils/nnet_function_stubs.h:51:29)
WARNING: [HLS 207-5287] unused parameter 'res' (firmware/nnet_utils/nnet_function_stubs.h:51:80)
WARNING: [HLS 207-5287] unused parameter 'weights' (firmware/nnet_utils/nnet_function_stubs.h:52:50)
WARNING: [HLS 207-5287] unused parameter 'biases' (firmware/nnet_utils/nnet_function_stubs.h:53:48)
WARNING: [HLS 207-5287] unused parameter 'data' (firmware/nnet_utils/nnet_code_gen.h:16:39)
WARNING: [HLS 207-5287] unused parameter 'res' (firmware/nnet_utils/nnet_code_gen.h:17:38)
WARNING: [HLS 207-5287] unused parameter 'weights' (firmware/nnet_utils/nnet_code_gen.h:18:60)
WARNING: [HLS 207-5287] unused parameter 'biases' (firmware/nnet_utils/nnet_code_gen.h:19:58)
INFO: [HLS 200-111] Finished Source Code Analysis and Preprocessing: CPU user time: 2 seconds. CPU system time: 0 seconds. Elapsed time: 10.202 seconds; current allocated memory: 1.163 GB.
INFO-FLOW: Linking Debug ...
INFO-FLOW: Linking dut bc code.
Execute         run_link_or_opt -out C:/Users/brand/Documents/engs192/zybo-edge-ai/hls/edge_cnn_minimal_hls/myproject_prj/solution1/.autopilot/db/a.g.ld.0.bc -args  "C:/Users/brand/Documents/engs192/zybo-edge-ai/hls/edge_cnn_minimal_hls/myproject_prj/solution1/.autopilot/db/myproject.g.bc"  
Execute           ap_eval exec -ignorestderr C:/Xilinx/Vitis_HLS/2021.2/win64/tools/clang-3.9-csynth/bin/llvm-link C:/Users/brand/Documents/engs192/zybo-edge-ai/hls/edge_cnn_minimal_hls/myproject_prj/solution1/.autopilot/db/myproject.g.bc -o C:/Users/brand/Documents/engs192/zybo-edge-ai/hls/edge_cnn_minimal_hls/myproject_prj/solution1/.autopilot/db/a.g.ld.0.bc > C:/Users/brand/Documents/engs192/zybo-edge-ai/hls/edge_cnn_minimal_hls/myproject_prj/solution1/.autopilot/db/a.g.ld.0.bc.llvm-link.out.log 2> C:/Users/brand/Documents/engs192/zybo-edge-ai/hls/edge_cnn_minimal_hls/myproject_prj/solution1/.autopilot/db/a.g.ld.0.bc.llvm-link.err.log 
INFO-FLOW: 
Execute         run_link_or_opt -opt -out C:/Users/brand/Documents/engs192/zybo-edge-ai/hls/edge_cnn_minimal_hls/myproject_prj/solution1/.autopilot/db/a.g.ld.1.lower.bc -args C:/Users/brand/Documents/engs192/zybo-edge-ai/hls/edge_cnn_minimal_hls/myproject_prj/solution1/.autopilot/db/a.g.ld.0.bc -reflow-lower-math-intrinsics 
Execute           ap_eval exec -ignorestderr C:/Xilinx/Vitis_HLS/2021.2/win64/tools/clang-3.9-csynth/bin/opt -pass-remarks-missed=reflow|pasta|unroll -pass-remarks=reflow|pasta|unroll|inline -pass-remarks-output=C:/Users/brand/Documents/engs192/zybo-edge-ai/hls/edge_cnn_minimal_hls/myproject_prj/solution1/.autopilot/db/a.g.ld.1.lower.bc.opt.diag.yml C:/Users/brand/Documents/engs192/zybo-edge-ai/hls/edge_cnn_minimal_hls/myproject_prj/solution1/.autopilot/db/a.g.ld.0.bc -reflow-lower-math-intrinsics -o C:/Users/brand/Documents/engs192/zybo-edge-ai/hls/edge_cnn_minimal_hls/myproject_prj/solution1/.autopilot/db/a.g.ld.1.lower.bc > C:/Users/brand/Documents/engs192/zybo-edge-ai/hls/edge_cnn_minimal_hls/myproject_prj/solution1/.autopilot/db/a.g.ld.1.lower.bc.opt.out.log 2> C:/Users/brand/Documents/engs192/zybo-edge-ai/hls/edge_cnn_minimal_hls/myproject_prj/solution1/.autopilot/db/a.g.ld.1.lower.bc.opt.err.log 
INFO-FLOW: 
INFO-FLOW: Linking math bc lib
Execute         run_link_or_opt -out C:/Users/brand/Documents/engs192/zybo-edge-ai/hls/edge_cnn_minimal_hls/myproject_prj/solution1/.autopilot/db/a.g.ld.2.m1.bc -args C:/Users/brand/Documents/engs192/zybo-edge-ai/hls/edge_cnn_minimal_hls/myproject_prj/solution1/.autopilot/db/a.g.ld.1.lower.bc -only-needed C:/Xilinx/Vitis_HLS/2021.2/win64/lib/libhlsm_39.bc C:/Xilinx/Vitis_HLS/2021.2/win64/lib/libhlsmc++_39.bc 
Execute           ap_eval exec -ignorestderr C:/Xilinx/Vitis_HLS/2021.2/win64/tools/clang-3.9-csynth/bin/llvm-link C:/Users/brand/Documents/engs192/zybo-edge-ai/hls/edge_cnn_minimal_hls/myproject_prj/solution1/.autopilot/db/a.g.ld.1.lower.bc -only-needed C:/Xilinx/Vitis_HLS/2021.2/win64/lib/libhlsm_39.bc C:/Xilinx/Vitis_HLS/2021.2/win64/lib/libhlsmc++_39.bc -o C:/Users/brand/Documents/engs192/zybo-edge-ai/hls/edge_cnn_minimal_hls/myproject_prj/solution1/.autopilot/db/a.g.ld.2.m1.bc > C:/Users/brand/Documents/engs192/zybo-edge-ai/hls/edge_cnn_minimal_hls/myproject_prj/solution1/.autopilot/db/a.g.ld.2.m1.bc.llvm-link.out.log 2> C:/Users/brand/Documents/engs192/zybo-edge-ai/hls/edge_cnn_minimal_hls/myproject_prj/solution1/.autopilot/db/a.g.ld.2.m1.bc.llvm-link.err.log 
Command           ap_eval done; 2.513 sec.
INFO-FLOW: 
Command         run_link_or_opt done; 2.515 sec.
Execute         run_link_or_opt -opt -out C:/Users/brand/Documents/engs192/zybo-edge-ai/hls/edge_cnn_minimal_hls/myproject_prj/solution1/.autopilot/db/a.g.ld.3.fpc.bc -args C:/Users/brand/Documents/engs192/zybo-edge-ai/hls/edge_cnn_minimal_hls/myproject_prj/solution1/.autopilot/db/a.g.ld.2.m1.bc -reflow-globaldce -hls-top-function-name=myproject -reflow-float-conversion 
Execute           ap_eval exec -ignorestderr C:/Xilinx/Vitis_HLS/2021.2/win64/tools/clang-3.9-csynth/bin/opt -pass-remarks-missed=reflow|pasta|unroll -pass-remarks=reflow|pasta|unroll|inline -pass-remarks-output=C:/Users/brand/Documents/engs192/zybo-edge-ai/hls/edge_cnn_minimal_hls/myproject_prj/solution1/.autopilot/db/a.g.ld.3.fpc.bc.opt.diag.yml C:/Users/brand/Documents/engs192/zybo-edge-ai/hls/edge_cnn_minimal_hls/myproject_prj/solution1/.autopilot/db/a.g.ld.2.m1.bc -reflow-globaldce -hls-top-function-name=myproject -reflow-float-conversion -o C:/Users/brand/Documents/engs192/zybo-edge-ai/hls/edge_cnn_minimal_hls/myproject_prj/solution1/.autopilot/db/a.g.ld.3.fpc.bc > C:/Users/brand/Documents/engs192/zybo-edge-ai/hls/edge_cnn_minimal_hls/myproject_prj/solution1/.autopilot/db/a.g.ld.3.fpc.bc.opt.out.log 2> C:/Users/brand/Documents/engs192/zybo-edge-ai/hls/edge_cnn_minimal_hls/myproject_prj/solution1/.autopilot/db/a.g.ld.3.fpc.bc.opt.err.log 
Command           ap_eval done; 0.999 sec.
INFO-FLOW: 
Command         run_link_or_opt done; 1.002 sec.
Execute         run_link_or_opt -out C:/Users/brand/Documents/engs192/zybo-edge-ai/hls/edge_cnn_minimal_hls/myproject_prj/solution1/.autopilot/db/a.g.ld.4.m2.bc -args C:/Users/brand/Documents/engs192/zybo-edge-ai/hls/edge_cnn_minimal_hls/myproject_prj/solution1/.autopilot/db/a.g.ld.3.fpc.bc -only-needed C:/Xilinx/Vitis_HLS/2021.2/win64/lib/libfloatconversion_39.bc 
Execute           ap_eval exec -ignorestderr C:/Xilinx/Vitis_HLS/2021.2/win64/tools/clang-3.9-csynth/bin/llvm-link C:/Users/brand/Documents/engs192/zybo-edge-ai/hls/edge_cnn_minimal_hls/myproject_prj/solution1/.autopilot/db/a.g.ld.3.fpc.bc -only-needed C:/Xilinx/Vitis_HLS/2021.2/win64/lib/libfloatconversion_39.bc -o C:/Users/brand/Documents/engs192/zybo-edge-ai/hls/edge_cnn_minimal_hls/myproject_prj/solution1/.autopilot/db/a.g.ld.4.m2.bc > C:/Users/brand/Documents/engs192/zybo-edge-ai/hls/edge_cnn_minimal_hls/myproject_prj/solution1/.autopilot/db/a.g.ld.4.m2.bc.llvm-link.out.log 2> C:/Users/brand/Documents/engs192/zybo-edge-ai/hls/edge_cnn_minimal_hls/myproject_prj/solution1/.autopilot/db/a.g.ld.4.m2.bc.llvm-link.err.log 
Command           ap_eval done; 0.136 sec.
INFO-FLOW: 
Command         run_link_or_opt done; 0.139 sec.
Execute         run_link_or_opt -opt -out C:/Users/brand/Documents/engs192/zybo-edge-ai/hls/edge_cnn_minimal_hls/myproject_prj/solution1/.autopilot/db/a.g.ld.5.gdce.bc -args C:/Users/brand/Documents/engs192/zybo-edge-ai/hls/edge_cnn_minimal_hls/myproject_prj/solution1/.autopilot/db/a.g.ld.4.m2.bc -reflow-globaldce -hls-top-function-name=myproject 
Execute           ap_eval exec -ignorestderr C:/Xilinx/Vitis_HLS/2021.2/win64/tools/clang-3.9-csynth/bin/opt -pass-remarks-missed=reflow|pasta|unroll -pass-remarks=reflow|pasta|unroll|inline -pass-remarks-output=C:/Users/brand/Documents/engs192/zybo-edge-ai/hls/edge_cnn_minimal_hls/myproject_prj/solution1/.autopilot/db/a.g.ld.5.gdce.bc.opt.diag.yml C:/Users/brand/Documents/engs192/zybo-edge-ai/hls/edge_cnn_minimal_hls/myproject_prj/solution1/.autopilot/db/a.g.ld.4.m2.bc -reflow-globaldce -hls-top-function-name=myproject -o C:/Users/brand/Documents/engs192/zybo-edge-ai/hls/edge_cnn_minimal_hls/myproject_prj/solution1/.autopilot/db/a.g.ld.5.gdce.bc > C:/Users/brand/Documents/engs192/zybo-edge-ai/hls/edge_cnn_minimal_hls/myproject_prj/solution1/.autopilot/db/a.g.ld.5.gdce.bc.opt.out.log 2> C:/Users/brand/Documents/engs192/zybo-edge-ai/hls/edge_cnn_minimal_hls/myproject_prj/solution1/.autopilot/db/a.g.ld.5.gdce.bc.opt.err.log 
Command           ap_eval done; 0.101 sec.
INFO-FLOW: 
Command         run_link_or_opt done; 0.105 sec.
Execute         get_solution -flow_target 
Execute         get_config_export -xo 
Execute         get_config_export -format 
Execute         get_config_rtl -module_prefix 
Execute         get_config_interface -default_slave_interface 
Execute         get_solution -flow_target 
Execute         get_config_export -xo 
Execute         get_config_export -format 
Execute         get_config_interface -m_axi_offset 
Execute         get_config_interface -m_axi_latency 
Execute         get_config_interface -m_axi_alignment_byte_size 
Execute         get_config_interface -m_axi_min_bitwidth 
Execute         get_config_interface -m_axi_max_bitwidth 
Execute         get_config_interface -m_axi_max_widen_bitwidth 
Execute         get_config_interface -m_axi_num_read_outstanding 
Execute         get_config_interface -m_axi_num_write_outstanding 
Execute         get_config_interface -m_axi_max_read_burst_length 
Execute         get_config_interface -m_axi_max_write_burst_length 
Execute         get_config_interface -m_axi_min_bitwidth 
Execute         get_config_interface -m_axi_max_bitwidth 
Execute         get_config_interface -m_axi_latency 
Execute         get_config_interface -m_axi_min_bitwidth 
Execute         get_config_interface -m_axi_max_bitwidth 
Execute         get_config_interface -m_axi_max_widen_bitwidth 
Execute         get_config_interface -m_axi_auto_max_ports 
Execute         get_config_interface -m_axi_num_read_outstanding 
Execute         get_config_interface -m_axi_num_write_outstanding 
Execute         get_config_interface -m_axi_max_read_burst_length 
Execute         get_config_interface -m_axi_max_write_burst_length 
Execute         get_config_interface -s_axilite_data64 
Execute         get_config_compile -instruction_warning_threshold 
Execute         get_config_interface -m_axi_alignment_byte_size 
Execute         get_config_compile -pragma_strict_mode 
Execute         get_config_compile -pipeline_style 
Execute         get_config_array_partition -throughput_driven 
Execute         send_msg_by_id INFO @200-777@%s Vivado 
INFO: [HLS 200-777] Using interface defaults for 'Vivado' flow target.
Execute         is_m_axi_addr64 
INFO-FLOW: Doing LTO.
Execute         ap_eval exec -ignorestderr C:/Xilinx/Vitis_HLS/2021.2/win64/tools/clang-3.9-csynth/bin/clang -foptimization-record-file=C:/Users/brand/Documents/engs192/zybo-edge-ai/hls/edge_cnn_minimal_hls/myproject_prj/solution1/.autopilot/db/a.g.ld.0.bc.clang.diag.yml -mllvm -pass-remarks-missed=reflow|pasta|unroll -mllvm -pass-remarks=reflow|pasta|unroll|inline -fhls -mllvm -hls-top-function-name=myproject -mllvm -hls-db-dir -mllvm C:/Users/brand/Documents/engs192/zybo-edge-ai/hls/edge_cnn_minimal_hls/myproject_prj/solution1/.autopilot/db -emit-llvm -c -target fpga64-xilinx-none -mllvm -xcl-xmlinfo=C:/Users/brand/Documents/engs192/zybo-edge-ai/hls/edge_cnn_minimal_hls/myproject_prj/solution1/.autopilot/db/kernel.internal.xml -mllvm -top-io-mapping-info=C:/Users/brand/Documents/engs192/zybo-edge-ai/hls/edge_cnn_minimal_hls/myproject_prj/solution1/.autopilot/db/top-io-fe.xml -mllvm -hls-bitcode-version=3.1 -mllvm -reflow-enable-slave-interface-default-setting=true -mllvm -gen-kernel-xml=false -mllvm -default-maxi-offset=slave -mllvm -maxi-latency=0 -mllvm -hls-maxi-data-size-in-bits=8 -mllvm -hls-maxi-max-data-size-in-bits=1024 -mllvm -hls-max-widen-size-in-bits=0 -mllvm -xcl-kernel-max-mem-ports=0 -mllvm -maxi-read-trans=16 -mllvm -maxi-write-trans=16 -mllvm -maxi-read-burst-len=16 -mllvm -maxi-write-burst-len=16 -mllvm -reflow-enable-saxi-64bits=0 -mllvm -reflow-basic-block-instr-threshhold=200000 -mllvm -assume-maxi-align=0 -mllvm -no-unaligned-maxi-accesses -mllvm -reflow-pipeline-style-llvm-setting=0 -mllvm -reflow-auto-array-partition-mode=default -mllvm -reflow-enable-auto-array-partition=true -mllvm -reflow-aggregate-bitwidth-threshold=4096 -mllvm -reflow-disaggregate-bitwidth-threshold=4096 -mllvm -hls -mllvm -disable-inlined-alloca-merging=true -x ir C:/Users/brand/Documents/engs192/zybo-edge-ai/hls/edge_cnn_minimal_hls/myproject_prj/solution1/.autopilot/db/a.g.ld.5.gdce.bc -o C:/Users/brand/Documents/engs192/zybo-edge-ai/hls/edge_cnn_minimal_hls/myproject_prj/solution1/.autopilot/db/a.g.lto.bc -hls-platform-db-name=C:/Xilinx/Vitis_HLS/2021.2/common/technology/xilinx/common/platform.db -hls-platform-name=zynq_slow > C:/Users/brand/Documents/engs192/zybo-edge-ai/hls/edge_cnn_minimal_hls/myproject_prj/solution1/.autopilot/db/a.g.ld.0.bc.clang.out.log 2> C:/Users/brand/Documents/engs192/zybo-edge-ai/hls/edge_cnn_minimal_hls/myproject_prj/solution1/.autopilot/db/a.g.ld.0.bc.clang.err.log 
Command         ap_eval done; 0.85 sec.
INFO: [HLS 214-284] Auto array partition mode is set into default.
INFO: [HLS 214-131] Inlining function 'ap_int_base<65, true>::ap_int_base<11, false>(ap_int_base<11, false> const&)' into 'ap_int_base<11, false>::RType<64, true>::minus operator-<11, false, 64, true>(ap_int_base<11, false> const&, ap_int_base<64, true> const&)' (C:/Xilinx/Vitis_HLS/2021.2/common/technology/autopilot\ap_int_base.h:1541:341)
INFO: [HLS 214-131] Inlining function 'ap_int<65>::ap_int<65, true>(ap_int_base<65, true> const&)' into 'ap_int_base<11, false>::RType<64, true>::minus operator-<11, false, 64, true>(ap_int_base<11, false> const&, ap_int_base<64, true> const&)' (C:/Xilinx/Vitis_HLS/2021.2/common/technology/autopilot\ap_int_base.h:1541:555)
INFO: [HLS 214-131] Inlining function 'ap_int_base<65, true>::ap_int_base<64, true>(ap_int_base<64, true> const&)' into 'ap_int_base<11, false>::RType<64, true>::minus operator-<11, false, 64, true>(ap_int_base<11, false> const&, ap_int_base<64, true> const&)' (C:/Xilinx/Vitis_HLS/2021.2/common/technology/autopilot\ap_int_base.h:1541:430)
INFO: [HLS 214-131] Inlining function 'ap_int_base<64, true>::ap_int_base(long)' into 'ap_int_base<11, false>::RType<($_0)64, true>::minus operator-<11, false>(ap_int_base<11, false> const&, long)' (C:/Xilinx/Vitis_HLS/2021.2/common/technology/autopilot\ap_int_base.h:1657:1548)
INFO: [HLS 214-131] Inlining function 'ap_int_base<11, false>::RType<64, true>::minus operator-<11, false, 64, true>(ap_int_base<11, false> const&, ap_int_base<64, true> const&)' into 'ap_int_base<11, false>::RType<($_0)64, true>::minus operator-<11, false>(ap_int_base<11, false> const&, long)' (C:/Xilinx/Vitis_HLS/2021.2/common/technology/autopilot\ap_int_base.h:1657:1546)
INFO: [HLS 214-131] Inlining function 'ap_int_base<55, true>::ap_int_base<1, false>(ap_int_base<1, false> const&)' into 'ap_int_base<1, false>::RType<54, true>::minus operator-<1, false, 54, true>(ap_int_base<1, false> const&, ap_int_base<54, true> const&)' (C:/Xilinx/Vitis_HLS/2021.2/common/technology/autopilot\ap_int_base.h:1541:341)
INFO: [HLS 214-131] Inlining function 'ap_int<55>::ap_int<55, true>(ap_int_base<55, true> const&)' into 'ap_int_base<1, false>::RType<54, true>::minus operator-<1, false, 54, true>(ap_int_base<1, false> const&, ap_int_base<54, true> const&)' (C:/Xilinx/Vitis_HLS/2021.2/common/technology/autopilot\ap_int_base.h:1541:555)
INFO: [HLS 214-131] Inlining function 'ap_int_base<55, true>::ap_int_base<54, true>(ap_int_base<54, true> const&)' into 'ap_int_base<1, false>::RType<54, true>::minus operator-<1, false, 54, true>(ap_int_base<1, false> const&, ap_int_base<54, true> const&)' (C:/Xilinx/Vitis_HLS/2021.2/common/technology/autopilot\ap_int_base.h:1541:430)
INFO: [HLS 214-131] Inlining function 'ap_int_base<1, false>::ap_int_base(int)' into 'ap_int_base<54, true>::operator-() const' (C:/Xilinx/Vitis_HLS/2021.2/common/technology/autopilot\ap_int_base.h:940:12)
INFO: [HLS 214-131] Inlining function 'ap_int_base<1, false>::RType<54, true>::minus operator-<1, false, 54, true>(ap_int_base<1, false> const&, ap_int_base<54, true> const&)' into 'ap_int_base<54, true>::operator-() const' (C:/Xilinx/Vitis_HLS/2021.2/common/technology/autopilot\ap_int_base.h:940:37)
INFO: [HLS 214-131] Inlining function 'doubleToRawBits(double)' into 'ap_fixed_base<8, 2, true, (ap_q_mode)5, (ap_o_mode)3, 0>::ap_fixed_base(double)' (C:/Xilinx/Vitis_HLS/2021.2/common/technology/autopilot\ap_fixed_base.h:565:14)
INFO: [HLS 214-131] Inlining function 'ap_int_base<54, true>& ap_int_base<54, true>::operator=<55, true>(ap_int_base<55, true> const&)' into 'ap_fixed_base<8, 2, true, (ap_q_mode)5, (ap_o_mode)3, 0>::ap_fixed_base(double)' (C:/Xilinx/Vitis_HLS/2021.2/common/technology/autopilot\ap_fixed_base.h:579:20)
INFO: [HLS 214-131] Inlining function 'ap_int_base<54, true>::operator-() const' into 'ap_fixed_base<8, 2, true, (ap_q_mode)5, (ap_o_mode)3, 0>::ap_fixed_base(double)' (C:/Xilinx/Vitis_HLS/2021.2/common/technology/autopilot\ap_fixed_base.h:579:22)
INFO: [HLS 214-131] Inlining function 'ap_int_base<12, true>& ap_int_base<12, true>::operator=<65, true>(ap_int_base<65, true> const&)' into 'ap_fixed_base<8, 2, true, (ap_q_mode)5, (ap_o_mode)3, 0>::ap_fixed_base(double)' (C:/Xilinx/Vitis_HLS/2021.2/common/technology/autopilot\ap_fixed_base.h:572:9)
INFO: [HLS 214-131] Inlining function 'ap_int_base<11, false>::RType<($_0)64, true>::minus operator-<11, false>(ap_int_base<11, false> const&, long)' into 'ap_fixed_base<8, 2, true, (ap_q_mode)5, (ap_o_mode)3, 0>::ap_fixed_base(double)' (C:/Xilinx/Vitis_HLS/2021.2/common/technology/autopilot\ap_fixed_base.h:572:19)
INFO: [HLS 214-131] Inlining function 'ap_fixed<8, 2, (ap_q_mode)5, (ap_o_mode)3, 0>::ap_fixed(double)' into '__cxx_global_var_init.1' (firmware/weights/w2.h:12:35)
INFO: [HLS 214-131] Inlining function 'ap_fixed<8, 2, (ap_q_mode)5, (ap_o_mode)3, 0>::ap_fixed(double)' into '__cxx_global_var_init.1' (firmware/weights/w2.h:12:45)
INFO: [HLS 214-131] Inlining function 'ap_fixed<8, 2, (ap_q_mode)5, (ap_o_mode)3, 0>::ap_fixed(double)' into '__cxx_global_var_init.1' (firmware/weights/w2.h:12:56)
INFO: [HLS 214-131] Inlining function 'ap_fixed<8, 2, (ap_q_mode)5, (ap_o_mode)3, 0>::ap_fixed(double)' into '__cxx_global_var_init.1' (firmware/weights/w2.h:12:67)
INFO: [HLS 214-131] Inlining function 'ap_fixed<8, 2, (ap_q_mode)5, (ap_o_mode)3, 0>::ap_fixed(double)' into '__cxx_global_var_init.1' (firmware/weights/w2.h:12:77)
INFO: [HLS 214-131] Inlining function 'ap_fixed<8, 2, (ap_q_mode)5, (ap_o_mode)3, 0>::ap_fixed(double)' into '__cxx_global_var_init.1' (firmware/weights/w2.h:12:88)
INFO: [HLS 214-131] Inlining function 'ap_fixed<8, 2, (ap_q_mode)5, (ap_o_mode)3, 0>::ap_fixed(double)' into '__cxx_global_var_init.1' (firmware/weights/w2.h:12:99)
INFO: [HLS 214-131] Inlining function 'ap_fixed<8, 2, (ap_q_mode)5, (ap_o_mode)3, 0>::ap_fixed(double)' into '__cxx_global_var_init.1' (firmware/weights/w2.h:12:109)
INFO: [HLS 214-131] Inlining function 'ap_fixed<8, 2, (ap_q_mode)5, (ap_o_mode)3, 0>::ap_fixed(double)' into '__cxx_global_var_init.1' (firmware/weights/w2.h:12:119)
INFO: [HLS 214-131] Inlining function 'ap_fixed<8, 2, (ap_q_mode)5, (ap_o_mode)3, 0>::ap_fixed(double)' into '__cxx_global_var_init.1' (firmware/weights/w2.h:12:129)
INFO: [HLS 214-131] Inlining function 'ap_fixed<8, 2, (ap_q_mode)5, (ap_o_mode)3, 0>::ap_fixed(double)' into '__cxx_global_var_init.1' (firmware/weights/w2.h:12:140)
INFO: [HLS 214-131] Inlining function 'ap_fixed<8, 2, (ap_q_mode)5, (ap_o_mode)3, 0>::ap_fixed(double)' into '__cxx_global_var_init.1' (firmware/weights/w2.h:12:150)
INFO: [HLS 214-131] Inlining function 'ap_fixed<8, 2, (ap_q_mode)5, (ap_o_mode)3, 0>::ap_fixed(double)' into '__cxx_global_var_init.1' (firmware/weights/w2.h:12:160)
INFO: [HLS 214-131] Inlining function 'ap_fixed<8, 2, (ap_q_mode)5, (ap_o_mode)3, 0>::ap_fixed(double)' into '__cxx_global_var_init.1' (firmware/weights/w2.h:12:170)
INFO: [HLS 214-131] Inlining function 'ap_fixed<8, 2, (ap_q_mode)5, (ap_o_mode)3, 0>::ap_fixed(double)' into '__cxx_global_var_init.1' (firmware/weights/w2.h:12:180)
INFO: [HLS 214-131] Inlining function 'ap_fixed<8, 2, (ap_q_mode)5, (ap_o_mode)3, 0>::ap_fixed(double)' into '__cxx_global_var_init.1' (firmware/weights/w2.h:12:190)
INFO: [HLS 214-131] Inlining function 'ap_fixed<8, 2, (ap_q_mode)5, (ap_o_mode)3, 0>::ap_fixed(double)' into '__cxx_global_var_init.1' (firmware/weights/w2.h:12:200)
INFO: [HLS 214-131] Inlining function 'ap_fixed<8, 2, (ap_q_mode)5, (ap_o_mode)3, 0>::ap_fixed(double)' into '__cxx_global_var_init.1' (firmware/weights/w2.h:12:211)
INFO: [HLS 214-131] Inlining function 'ap_uint<1>::ap_uint(int)' into '__cxx_global_var_init.2' (firmware/weights/b2.h:12:18)
INFO: [HLS 214-131] Inlining function 'ap_uint<1>::ap_uint(int)' into '__cxx_global_var_init.2' (firmware/weights/b2.h:12:21)
INFO: [HLS 214-131] Inlining function 'ap_fixed<8, 2, (ap_q_mode)5, (ap_o_mode)3, 0>::ap_fixed(double)' into '__cxx_global_var_init.3' (firmware/weights/w4.h:12:40)
INFO: [HLS 214-131] Inlining function 'ap_fixed<8, 2, (ap_q_mode)5, (ap_o_mode)3, 0>::ap_fixed(double)' into '__cxx_global_var_init.3' (firmware/weights/w4.h:12:50)
INFO: [HLS 214-131] Inlining function 'ap_fixed<8, 2, (ap_q_mode)5, (ap_o_mode)3, 0>::ap_fixed(double)' into '__cxx_global_var_init.3' (firmware/weights/w4.h:12:61)
INFO: [HLS 214-131] Inlining function 'ap_fixed<8, 2, (ap_q_mode)5, (ap_o_mode)3, 0>::ap_fixed(double)' into '__cxx_global_var_init.3' (firmware/weights/w4.h:12:71)
INFO: [HLS 214-131] Inlining function 'ap_fixed<8, 2, (ap_q_mode)5, (ap_o_mode)3, 0>::ap_fixed(double)' into '__cxx_global_var_init.3' (firmware/weights/w4.h:12:81)
INFO: [HLS 214-131] Inlining function 'ap_fixed<8, 2, (ap_q_mode)5, (ap_o_mode)3, 0>::ap_fixed(double)' into '__cxx_global_var_init.3' (firmware/weights/w4.h:12:91)
INFO: [HLS 214-131] Inlining function 'ap_fixed<8, 2, (ap_q_mode)5, (ap_o_mode)3, 0>::ap_fixed(double)' into '__cxx_global_var_init.3' (firmware/weights/w4.h:12:101)
INFO: [HLS 214-131] Inlining function 'ap_fixed<8, 2, (ap_q_mode)5, (ap_o_mode)3, 0>::ap_fixed(double)' into '__cxx_global_var_init.3' (firmware/weights/w4.h:12:111)
INFO: [HLS 214-131] Inlining function 'ap_fixed<8, 2, (ap_q_mode)5, (ap_o_mode)3, 0>::ap_fixed(double)' into '__cxx_global_var_init.3' (firmware/weights/w4.h:12:122)
INFO: [HLS 214-131] Inlining function 'ap_fixed<8, 2, (ap_q_mode)5, (ap_o_mode)3, 0>::ap_fixed(double)' into '__cxx_global_var_init.3' (firmware/weights/w4.h:12:132)
INFO: [HLS 214-131] Inlining function 'ap_fixed<8, 2, (ap_q_mode)5, (ap_o_mode)3, 0>::ap_fixed(double)' into '__cxx_global_var_init.3' (firmware/weights/w4.h:12:143)
INFO: [HLS 214-131] Inlining function 'ap_fixed<8, 2, (ap_q_mode)5, (ap_o_mode)3, 0>::ap_fixed(double)' into '__cxx_global_var_init.3' (firmware/weights/w4.h:12:153)
INFO: [HLS 214-131] Inlining function 'ap_fixed<8, 2, (ap_q_mode)5, (ap_o_mode)3, 0>::ap_fixed(double)' into '__cxx_global_var_init.3' (firmware/weights/w4.h:12:163)
INFO: [HLS 214-131] Inlining function 'ap_fixed<8, 2, (ap_q_mode)5, (ap_o_mode)3, 0>::ap_fixed(double)' into '__cxx_global_var_init.3' (firmware/weights/w4.h:12:173)
INFO: [HLS 214-131] Inlining function 'ap_fixed<8, 2, (ap_q_mode)5, (ap_o_mode)3, 0>::ap_fixed(double)' into '__cxx_global_var_init.3' (firmware/weights/w4.h:12:184)
INFO: [HLS 214-131] Inlining function 'ap_fixed<8, 2, (ap_q_mode)5, (ap_o_mode)3, 0>::ap_fixed(double)' into '__cxx_global_var_init.3' (firmware/weights/w4.h:12:194)
INFO: [HLS 214-131] Inlining function 'ap_fixed<8, 2, (ap_q_mode)5, (ap_o_mode)3, 0>::ap_fixed(double)' into '__cxx_global_var_init.3' (firmware/weights/w4.h:12:204)
INFO: [HLS 214-131] Inlining function 'ap_fixed<8, 2, (ap_q_mode)5, (ap_o_mode)3, 0>::ap_fixed(double)' into '__cxx_global_var_init.3' (firmware/weights/w4.h:12:214)
INFO: [HLS 214-131] Inlining function 'ap_uint<1>::ap_uint(int)' into '__cxx_global_var_init.4' (firmware/weights/b4.h:12:18)
INFO: [HLS 214-131] Inlining function 'ap_fixed_base<32, 32, true, (ap_q_mode)5, (ap_o_mode)3, 0>::operator!() const' into 'ap_fixed_base<8, 2, true, (ap_q_mode)5, (ap_o_mode)3, 0>& ap_fixed_base<8, 2, true, (ap_q_mode)5, (ap_o_mode)3, 0>::operator=<32, 32, true, (ap_q_mode)5, (ap_o_mode)3, 0>(ap_fixed_base<32, 32, true, (ap_q_mode)5, (ap_o_mode)3, 0> const&)' (C:/Xilinx/Vitis_HLS/2021.2/common/technology/autopilot\ap_fixed_base.h:707:9)
INFO: [HLS 214-131] Inlining function 'ap_fixed_base<8, 2, true, (ap_q_mode)5, (ap_o_mode)3, 0>& ap_fixed_base<8, 2, true, (ap_q_mode)5, (ap_o_mode)3, 0>::operator=<32, 32, true, (ap_q_mode)5, (ap_o_mode)3, 0>(ap_fixed_base<32, 32, true, (ap_q_mode)5, (ap_o_mode)3, 0> const&)' into 'ap_fixed_base<8, 2, true, (ap_q_mode)5, (ap_o_mode)3, 0>::ap_fixed_base(int)' (C:/Xilinx/Vitis_HLS/2021.2/common/technology/autopilot\ap_fixed_base.h:550:146)
INFO: [HLS 214-131] Inlining function 'ap_fixed_base<8, 2, true, (ap_q_mode)5, (ap_o_mode)3, 0>::ap_fixed_base(int)' into 'ap_fixed<8, 2, (ap_q_mode)5, (ap_o_mode)3, 0>::ap_fixed(int)' (C:/Xilinx/Vitis_HLS/2021.2/common/technology/autopilot\ap_fixed.h:183:59)
INFO: [HLS 214-131] Inlining function 'ap_fixed<8, 2, (ap_q_mode)5, (ap_o_mode)3, 0>::ap_fixed(int)' into 'void nnet::fill_zero<nnet::array<ap_fixed<8, 2, (ap_q_mode)5, (ap_o_mode)3, 0>, 1u>, config5>(hls::stream<nnet::array<ap_fixed<8, 2, (ap_q_mode)5, (ap_o_mode)3, 0>, 1u>, 0>&)' (firmware/nnet_utils/nnet_padding_stream.h:13:16)
INFO: [HLS 214-131] Inlining function 'void nnet::fill_zero<nnet::array<ap_fixed<8, 2, (ap_q_mode)5, (ap_o_mode)3, 0>, 1u>, config5>(hls::stream<nnet::array<ap_fixed<8, 2, (ap_q_mode)5, (ap_o_mode)3, 0>, 1u>, 0>&)' into 'void nnet::zeropad2d_cl<nnet::array<ap_fixed<8, 2, (ap_q_mode)5, (ap_o_mode)3, 0>, 1u>, nnet::array<ap_fixed<8, 2, (ap_q_mode)5, (ap_o_mode)3, 0>, 1u>, config5>(hls::stream<nnet::array<ap_fixed<8, 2, (ap_q_mode)5, (ap_o_mode)3, 0>, 1u>, 0>&, hls::stream<nnet::array<ap_fixed<8, 2, (ap_q_mode)5, (ap_o_mode)3, 0>, 1u>, 0>&)' (firmware/nnet_utils/nnet_padding_stream.h:54:13)
INFO: [HLS 214-131] Inlining function 'void nnet::fill_zero<nnet::array<ap_fixed<8, 2, (ap_q_mode)5, (ap_o_mode)3, 0>, 1u>, config5>(hls::stream<nnet::array<ap_fixed<8, 2, (ap_q_mode)5, (ap_o_mode)3, 0>, 1u>, 0>&)' into 'void nnet::zeropad2d_cl<nnet::array<ap_fixed<8, 2, (ap_q_mode)5, (ap_o_mode)3, 0>, 1u>, nnet::array<ap_fixed<8, 2, (ap_q_mode)5, (ap_o_mode)3, 0>, 1u>, config5>(hls::stream<nnet::array<ap_fixed<8, 2, (ap_q_mode)5, (ap_o_mode)3, 0>, 1u>, 0>&, hls::stream<nnet::array<ap_fixed<8, 2, (ap_q_mode)5, (ap_o_mode)3, 0>, 1u>, 0>&)' (firmware/nnet_utils/nnet_padding_stream.h:62:13)
INFO: [HLS 214-131] Inlining function 'void nnet::fill_data<nnet::array<ap_fixed<8, 2, (ap_q_mode)5, (ap_o_mode)3, 0>, 1u>, nnet::array<ap_fixed<8, 2, (ap_q_mode)5, (ap_o_mode)3, 0>, 1u>, config5>(hls::stream<nnet::array<ap_fixed<8, 2, (ap_q_mode)5, (ap_o_mode)3, 0>, 1u>, 0>&, hls::stream<nnet::array<ap_fixed<8, 2, (ap_q_mode)5, (ap_o_mode)3, 0>, 1u>, 0>&)' into 'void nnet::zeropad2d_cl<nnet::array<ap_fixed<8, 2, (ap_q_mode)5, (ap_o_mode)3, 0>, 1u>, nnet::array<ap_fixed<8, 2, (ap_q_mode)5, (ap_o_mode)3, 0>, 1u>, config5>(hls::stream<nnet::array<ap_fixed<8, 2, (ap_q_mode)5, (ap_o_mode)3, 0>, 1u>, 0>&, hls::stream<nnet::array<ap_fixed<8, 2, (ap_q_mode)5, (ap_o_mode)3, 0>, 1u>, 0>&)' (firmware/nnet_utils/nnet_padding_stream.h:66:13)
INFO: [HLS 214-131] Inlining function 'void nnet::fill_zero<nnet::array<ap_fixed<8, 2, (ap_q_mode)5, (ap_o_mode)3, 0>, 1u>, config5>(hls::stream<nnet::array<ap_fixed<8, 2, (ap_q_mode)5, (ap_o_mode)3, 0>, 1u>, 0>&)' into 'void nnet::zeropad2d_cl<nnet::array<ap_fixed<8, 2, (ap_q_mode)5, (ap_o_mode)3, 0>, 1u>, nnet::array<ap_fixed<8, 2, (ap_q_mode)5, (ap_o_mode)3, 0>, 1u>, config5>(hls::stream<nnet::array<ap_fixed<8, 2, (ap_q_mode)5, (ap_o_mode)3, 0>, 1u>, 0>&, hls::stream<nnet::array<ap_fixed<8, 2, (ap_q_mode)5, (ap_o_mode)3, 0>, 1u>, 0>&)' (firmware/nnet_utils/nnet_padding_stream.h:70:13)
INFO: [HLS 214-131] Inlining function 'void nnet::fill_zero<nnet::array<ap_fixed<8, 2, (ap_q_mode)5, (ap_o_mode)3, 0>, 1u>, config5>(hls::stream<nnet::array<ap_fixed<8, 2, (ap_q_mode)5, (ap_o_mode)3, 0>, 1u>, 0>&)' into 'void nnet::zeropad2d_cl<nnet::array<ap_fixed<8, 2, (ap_q_mode)5, (ap_o_mode)3, 0>, 1u>, nnet::array<ap_fixed<8, 2, (ap_q_mode)5, (ap_o_mode)3, 0>, 1u>, config5>(hls::stream<nnet::array<ap_fixed<8, 2, (ap_q_mode)5, (ap_o_mode)3, 0>, 1u>, 0>&, hls::stream<nnet::array<ap_fixed<8, 2, (ap_q_mode)5, (ap_o_mode)3, 0>, 1u>, 0>&)' (firmware/nnet_utils/nnet_padding_stream.h:78:13)
INFO: [HLS 214-131] Inlining function 'ap_shift_reg<ap_fixed<8, 2, (ap_q_mode)5, (ap_o_mode)3, 0>, 164u>::shift(ap_fixed<8, 2, (ap_q_mode)5, (ap_o_mode)3, 0>, unsigned int, bool)' into 'void nnet::shift_line_buffer<nnet::array<ap_fixed<8, 2, (ap_q_mode)5, (ap_o_mode)3, 0>, 1u>, config2>(nnet::array<ap_fixed<8, 2, (ap_q_mode)5, (ap_o_mode)3, 0>, 1u> const&, ap_shift_reg<nnet::array<ap_fixed<8, 2, (ap_q_mode)5, (ap_o_mode)3, 0>, 1u>::value_type, config2::in_width> (*) [config2::n_chan], nnet::array<ap_fixed<8, 2, (ap_q_mode)5, (ap_o_mode)3, 0>, 1u>::value_type*)' (firmware/nnet_utils/nnet_conv_stream.h:241:69)
INFO: [HLS 214-131] Inlining function 'void nnet::kernel_shift_2d<nnet::array<ap_fixed<8, 2, (ap_q_mode)5, (ap_o_mode)3, 0>, 1u>, config2>(nnet::array<ap_fixed<8, 2, (ap_q_mode)5, (ap_o_mode)3, 0>, 1u>::value_type (*) [config2::n_chan], nnet::array<ap_fixed<8, 2, (ap_q_mode)5, (ap_o_mode)3, 0>, 1u>::value_type*)' into 'void nnet::shift_line_buffer<nnet::array<ap_fixed<8, 2, (ap_q_mode)5, (ap_o_mode)3, 0>, 1u>, config2>(nnet::array<ap_fixed<8, 2, (ap_q_mode)5, (ap_o_mode)3, 0>, 1u> const&, ap_shift_reg<nnet::array<ap_fixed<8, 2, (ap_q_mode)5, (ap_o_mode)3, 0>, 1u>::value_type, config2::in_width> (*) [config2::n_chan], nnet::array<ap_fixed<8, 2, (ap_q_mode)5, (ap_o_mode)3, 0>, 1u>::value_type*)' (firmware/nnet_utils/nnet_conv_stream.h:247:5)
INFO: [HLS 214-131] Inlining function 'ap_fixed_base<1, 1, false, (ap_q_mode)5, (ap_o_mode)3, 0>::operator!() const' into 'ap_fixed_base<8, 2, true, (ap_q_mode)5, (ap_o_mode)3, 0>& ap_fixed_base<8, 2, true, (ap_q_mode)5, (ap_o_mode)3, 0>::operator=<1, 1, false, (ap_q_mode)5, (ap_o_mode)3, 0>(ap_fixed_base<1, 1, false, (ap_q_mode)5, (ap_o_mode)3, 0> const&)' (C:/Xilinx/Vitis_HLS/2021.2/common/technology/autopilot\ap_fixed_base.h:707:9)
INFO: [HLS 214-131] Inlining function 'ap_fixed_base<8, 2, true, (ap_q_mode)5, (ap_o_mode)3, 0>& ap_fixed_base<8, 2, true, (ap_q_mode)5, (ap_o_mode)3, 0>::operator=<1, 1, false, (ap_q_mode)5, (ap_o_mode)3, 0>(ap_fixed_base<1, 1, false, (ap_q_mode)5, (ap_o_mode)3, 0> const&)' into 'ap_fixed_base<8, 2, true, (ap_q_mode)5, (ap_o_mode)3, 0>::ap_fixed_base<1, false>(ap_int_base<1, false> const&)' (C:/Xilinx/Vitis_HLS/2021.2/common/technology/autopilot\ap_fixed_base.h:456:5)
INFO: [HLS 214-131] Inlining function 'ap_fixed_base<8, 2, true, (ap_q_mode)5, (ap_o_mode)3, 0>::ap_fixed_base<1, false>(ap_int_base<1, false> const&)' into 'ap_fixed<8, 2, (ap_q_mode)5, (ap_o_mode)3, 0>::ap_fixed<1, false>(ap_int_base<1, false> const&)' (C:/Xilinx/Vitis_HLS/2021.2/common/technology/autopilot\ap_fixed.h:113:91)
INFO: [HLS 214-131] Inlining function 'ap_fixed<16, 4, (ap_q_mode)5, (ap_o_mode)3, 0>::ap_fixed<16, 4, true, (ap_q_mode)5, (ap_o_mode)3, 0>(ap_fixed_base<16, 4, true, (ap_q_mode)5, (ap_o_mode)3, 0> const&)' into 'ap_fixed_base<8, 2, true, (ap_q_mode)5, (ap_o_mode)3, 0>::RType<8, 2, true>::mult ap_fixed_base<8, 2, true, (ap_q_mode)5, (ap_o_mode)3, 0>::operator*<8, 2, true, (ap_q_mode)5, (ap_o_mode)3, 0>(ap_fixed_base<8, 2, true, (ap_q_mode)5, (ap_o_mode)3, 0> const&) const' (C:/Xilinx/Vitis_HLS/2021.2/common/technology/autopilot\ap_fixed_base.h:1172:12)
INFO: [HLS 214-131] Inlining function 'ap_fixed_base<8, 2, true, (ap_q_mode)5, (ap_o_mode)3, 0>::RType<8, 2, true>::mult ap_fixed_base<8, 2, true, (ap_q_mode)5, (ap_o_mode)3, 0>::operator*<8, 2, true, (ap_q_mode)5, (ap_o_mode)3, 0>(ap_fixed_base<8, 2, true, (ap_q_mode)5, (ap_o_mode)3, 0> const&) const' into 'nnet::product::mult<ap_fixed<8, 2, (ap_q_mode)5, (ap_o_mode)3, 0>, ap_fixed<8, 2, (ap_q_mode)5, (ap_o_mode)3, 0> >::product(ap_fixed<8, 2, (ap_q_mode)5, (ap_o_mode)3, 0>, ap_fixed<8, 2, (ap_q_mode)5, (ap_o_mode)3, 0>)' (firmware/nnet_utils/nnet_mult.h:73:11)
INFO: [HLS 214-131] Inlining function 'ap_fixed_base<16, 4, true, (ap_q_mode)5, (ap_o_mode)3, 0>::operator!() const' into 'ap_fixed_base<8, 2, true, (ap_q_mode)5, (ap_o_mode)3, 0>& ap_fixed_base<8, 2, true, (ap_q_mode)5, (ap_o_mode)3, 0>::operator=<16, 4, true, (ap_q_mode)5, (ap_o_mode)3, 0>(ap_fixed_base<16, 4, true, (ap_q_mode)5, (ap_o_mode)3, 0> const&)' (C:/Xilinx/Vitis_HLS/2021.2/common/technology/autopilot\ap_fixed_base.h:707:9)
INFO: [HLS 214-131] Inlining function 'ap_fixed_base<8, 2, true, (ap_q_mode)5, (ap_o_mode)3, 0>& ap_fixed_base<8, 2, true, (ap_q_mode)5, (ap_o_mode)3, 0>::operator=<16, 4, true, (ap_q_mode)5, (ap_o_mode)3, 0>(ap_fixed_base<16, 4, true, (ap_q_mode)5, (ap_o_mode)3, 0> const&)' into 'ap_fixed_base<8, 2, true, (ap_q_mode)5, (ap_o_mode)3, 0>::ap_fixed_base<16, 4, true, (ap_q_mode)5, (ap_o_mode)3, 0>(ap_fixed_base<16, 4, true, (ap_q_mode)5, (ap_o_mode)3, 0> const&)' (C:/Xilinx/Vitis_HLS/2021.2/common/technology/autopilot\ap_fixed_base.h:440:5)
INFO: [HLS 214-131] Inlining function 'ap_fixed_base<8, 2, true, (ap_q_mode)5, (ap_o_mode)3, 0>::ap_fixed_base<16, 4, true, (ap_q_mode)5, (ap_o_mode)3, 0>(ap_fixed_base<16, 4, true, (ap_q_mode)5, (ap_o_mode)3, 0> const&)' into 'ap_fixed<8, 2, (ap_q_mode)5, (ap_o_mode)3, 0>::ap_fixed<16, 4, true, (ap_q_mode)5, (ap_o_mode)3, 0>(ap_fixed_base<16, 4, true, (ap_q_mode)5, (ap_o_mode)3, 0> const&)' (C:/Xilinx/Vitis_HLS/2021.2/common/technology/autopilot\ap_fixed.h:75:9)
INFO: [HLS 214-131] Inlining function 'ap_fixed_base<8, 2, true, (ap_q_mode)5, (ap_o_mode)3, 0>::operator!() const' into 'ap_fixed_base<9, 3, true, (ap_q_mode)5, (ap_o_mode)3, 0>& ap_fixed_base<9, 3, true, (ap_q_mode)5, (ap_o_mode)3, 0>::operator=<8, 2, true, (ap_q_mode)5, (ap_o_mode)3, 0>(ap_fixed_base<8, 2, true, (ap_q_mode)5, (ap_o_mode)3, 0> const&)' (C:/Xilinx/Vitis_HLS/2021.2/common/technology/autopilot\ap_fixed_base.h:707:9)
INFO: [HLS 214-131] Inlining function 'ap_fixed_base<9, 3, true, (ap_q_mode)5, (ap_o_mode)3, 0>& ap_fixed_base<9, 3, true, (ap_q_mode)5, (ap_o_mode)3, 0>::operator=<8, 2, true, (ap_q_mode)5, (ap_o_mode)3, 0>(ap_fixed_base<8, 2, true, (ap_q_mode)5, (ap_o_mode)3, 0> const&)' into 'ap_fixed_base<9, 3, true, (ap_q_mode)5, (ap_o_mode)3, 0>::ap_fixed_base<8, 2, true, (ap_q_mode)5, (ap_o_mode)3, 0>(ap_fixed_base<8, 2, true, (ap_q_mode)5, (ap_o_mode)3, 0> const&)' (C:/Xilinx/Vitis_HLS/2021.2/common/technology/autopilot\ap_fixed_base.h:440:5)
INFO: [HLS 214-131] Inlining function 'ap_fixed_base<9, 3, true, (ap_q_mode)5, (ap_o_mode)3, 0>::ap_fixed_base<8, 2, true, (ap_q_mode)5, (ap_o_mode)3, 0>(ap_fixed_base<8, 2, true, (ap_q_mode)5, (ap_o_mode)3, 0> const&)' into 'ap_fixed_base<8, 2, true, (ap_q_mode)5, (ap_o_mode)3, 0>::RType<8, 2, true>::plus ap_fixed_base<8, 2, true, (ap_q_mode)5, (ap_o_mode)3, 0>::operator+<8, 2, true, (ap_q_mode)5, (ap_o_mode)3, 0>(ap_fixed_base<8, 2, true, (ap_q_mode)5, (ap_o_mode)3, 0> const&) const' (C:/Xilinx/Vitis_HLS/2021.2/common/technology/autopilot\ap_fixed_base.h:1245:330)
INFO: [HLS 214-131] Inlining function 'ap_fixed<9, 3, (ap_q_mode)5, (ap_o_mode)3, 0>::ap_fixed<9, 3, true, (ap_q_mode)5, (ap_o_mode)3, 0>(ap_fixed_base<9, 3, true, (ap_q_mode)5, (ap_o_mode)3, 0> const&)' into 'ap_fixed_base<8, 2, true, (ap_q_mode)5, (ap_o_mode)3, 0>::RType<8, 2, true>::plus ap_fixed_base<8, 2, true, (ap_q_mode)5, (ap_o_mode)3, 0>::operator+<8, 2, true, (ap_q_mode)5, (ap_o_mode)3, 0>(ap_fixed_base<8, 2, true, (ap_q_mode)5, (ap_o_mode)3, 0> const&) const' (C:/Xilinx/Vitis_HLS/2021.2/common/technology/autopilot\ap_fixed_base.h:1245:382)
INFO: [HLS 214-131] Inlining function 'ap_fixed_base<9, 3, true, (ap_q_mode)5, (ap_o_mode)3, 0>::ap_fixed_base<8, 2, true, (ap_q_mode)5, (ap_o_mode)3, 0>(ap_fixed_base<8, 2, true, (ap_q_mode)5, (ap_o_mode)3, 0> const&)' into 'ap_fixed_base<8, 2, true, (ap_q_mode)5, (ap_o_mode)3, 0>::RType<8, 2, true>::plus ap_fixed_base<8, 2, true, (ap_q_mode)5, (ap_o_mode)3, 0>::operator+<8, 2, true, (ap_q_mode)5, (ap_o_mode)3, 0>(ap_fixed_base<8, 2, true, (ap_q_mode)5, (ap_o_mode)3, 0> const&) const' (C:/Xilinx/Vitis_HLS/2021.2/common/technology/autopilot\ap_fixed_base.h:1245:342)
INFO: [HLS 214-131] Inlining function 'ap_fixed_base<9, 3, true, (ap_q_mode)5, (ap_o_mode)3, 0>::operator!() const' into 'ap_fixed_base<8, 2, true, (ap_q_mode)5, (ap_o_mode)3, 0>& ap_fixed_base<8, 2, true, (ap_q_mode)5, (ap_o_mode)3, 0>::operator=<9, 3, true, (ap_q_mode)5, (ap_o_mode)3, 0>(ap_fixed_base<9, 3, true, (ap_q_mode)5, (ap_o_mode)3, 0> const&)' (C:/Xilinx/Vitis_HLS/2021.2/common/technology/autopilot\ap_fixed_base.h:707:9)
INFO: [HLS 214-131] Inlining function 'ap_fixed_base<8, 2, true, (ap_q_mode)5, (ap_o_mode)3, 0>::RType<8, 2, true>::plus ap_fixed_base<8, 2, true, (ap_q_mode)5, (ap_o_mode)3, 0>::operator+<8, 2, true, (ap_q_mode)5, (ap_o_mode)3, 0>(ap_fixed_base<8, 2, true, (ap_q_mode)5, (ap_o_mode)3, 0> const&) const' into 'ap_fixed_base<8, 2, true, (ap_q_mode)5, (ap_o_mode)3, 0>& ap_fixed_base<8, 2, true, (ap_q_mode)5, (ap_o_mode)3, 0>::operator+=<8, 2, true, (ap_q_mode)5, (ap_o_mode)3, 0>(ap_fixed_base<8, 2, true, (ap_q_mode)5, (ap_o_mode)3, 0> const&)' (C:/Xilinx/Vitis_HLS/2021.2/common/technology/autopilot\ap_fixed_base.h:1265:248)
INFO: [HLS 214-131] Inlining function 'ap_fixed_base<8, 2, true, (ap_q_mode)5, (ap_o_mode)3, 0>& ap_fixed_base<8, 2, true, (ap_q_mode)5, (ap_o_mode)3, 0>::operator=<9, 3, true, (ap_q_mode)5, (ap_o_mode)3, 0>(ap_fixed_base<9, 3, true, (ap_q_mode)5, (ap_o_mode)3, 0> const&)' into 'ap_fixed_base<8, 2, true, (ap_q_mode)5, (ap_o_mode)3, 0>& ap_fixed_base<8, 2, true, (ap_q_mode)5, (ap_o_mode)3, 0>::operator+=<8, 2, true, (ap_q_mode)5, (ap_o_mode)3, 0>(ap_fixed_base<8, 2, true, (ap_q_mode)5, (ap_o_mode)3, 0> const&)' (C:/Xilinx/Vitis_HLS/2021.2/common/technology/autopilot\ap_fixed_base.h:1265:246)
INFO: [HLS 214-131] Inlining function 'ap_fixed<8, 2, (ap_q_mode)5, (ap_o_mode)3, 0>::ap_fixed<1, false>(ap_int_base<1, false> const&)' into 'void nnet::dense_resource_rf_gt_nin_rem0<ap_fixed<8, 2, (ap_q_mode)5, (ap_o_mode)3, 0>, ap_fixed<8, 2, (ap_q_mode)5, (ap_o_mode)3, 0>, config2_mult>(ap_fixed<8, 2, (ap_q_mode)5, (ap_o_mode)3, 0>*, ap_fixed<8, 2, (ap_q_mode)5, (ap_o_mode)3, 0>*, config2_mult::weight_t*, config2_mult::bias_t*)' (firmware/nnet_utils/nnet_dense_resource.h:116:14)
INFO: [HLS 214-131] Inlining function 'nnet::product::mult<ap_fixed<8, 2, (ap_q_mode)5, (ap_o_mode)3, 0>, ap_fixed<8, 2, (ap_q_mode)5, (ap_o_mode)3, 0> >::product(ap_fixed<8, 2, (ap_q_mode)5, (ap_o_mode)3, 0>, ap_fixed<8, 2, (ap_q_mode)5, (ap_o_mode)3, 0>)' into 'void nnet::dense_resource_rf_gt_nin_rem0<ap_fixed<8, 2, (ap_q_mode)5, (ap_o_mode)3, 0>, ap_fixed<8, 2, (ap_q_mode)5, (ap_o_mode)3, 0>, config2_mult>(ap_fixed<8, 2, (ap_q_mode)5, (ap_o_mode)3, 0>*, ap_fixed<8, 2, (ap_q_mode)5, (ap_o_mode)3, 0>*, config2_mult::weight_t*, config2_mult::bias_t*)' (firmware/nnet_utils/nnet_dense_resource.h:145:17)
INFO: [HLS 214-131] Inlining function 'ap_fixed_base<8, 2, true, (ap_q_mode)5, (ap_o_mode)3, 0>& ap_fixed_base<8, 2, true, (ap_q_mode)5, (ap_o_mode)3, 0>::operator+=<8, 2, true, (ap_q_mode)5, (ap_o_mode)3, 0>(ap_fixed_base<8, 2, true, (ap_q_mode)5, (ap_o_mode)3, 0> const&)' into 'void nnet::dense_resource_rf_gt_nin_rem0<ap_fixed<8, 2, (ap_q_mode)5, (ap_o_mode)3, 0>, ap_fixed<8, 2, (ap_q_mode)5, (ap_o_mode)3, 0>, config2_mult>(ap_fixed<8, 2, (ap_q_mode)5, (ap_o_mode)3, 0>*, ap_fixed<8, 2, (ap_q_mode)5, (ap_o_mode)3, 0>*, config2_mult::weight_t*, config2_mult::bias_t*)' (firmware/nnet_utils/nnet_dense_resource.h:144:17)
INFO: [HLS 214-131] Inlining function 'ap_fixed<8, 2, (ap_q_mode)5, (ap_o_mode)3, 0>::ap_fixed<16, 4, true, (ap_q_mode)5, (ap_o_mode)3, 0>(ap_fixed_base<16, 4, true, (ap_q_mode)5, (ap_o_mode)3, 0> const&)' into 'void nnet::dense_resource_rf_gt_nin_rem0<ap_fixed<8, 2, (ap_q_mode)5, (ap_o_mode)3, 0>, ap_fixed<8, 2, (ap_q_mode)5, (ap_o_mode)3, 0>, config2_mult>(ap_fixed<8, 2, (ap_q_mode)5, (ap_o_mode)3, 0>*, ap_fixed<8, 2, (ap_q_mode)5, (ap_o_mode)3, 0>*, config2_mult::weight_t*, config2_mult::bias_t*)' (firmware/nnet_utils/nnet_dense_resource.h:144:20)
INFO: [HLS 214-131] Inlining function 'nnet::DenseResource_rf_gt_nin_rem0<ap_fixed<8, 2, (ap_q_mode)5, (ap_o_mode)3, 0>, ap_fixed<8, 2, (ap_q_mode)5, (ap_o_mode)3, 0>, config2_mult>::dense(ap_fixed<8, 2, (ap_q_mode)5, (ap_o_mode)3, 0>*, ap_fixed<8, 2, (ap_q_mode)5, (ap_o_mode)3, 0>*, ap_fixed<8, 2, (ap_q_mode)5, (ap_o_mode)3, 0>*, ap_uint<1>*)' into 'void nnet::compute_output_buffer_2d<nnet::array<ap_fixed<8, 2, (ap_q_mode)5, (ap_o_mode)3, 0>, 1u>, nnet::array<ap_fixed<8, 2, (ap_q_mode)5, (ap_o_mode)3, 0>, 2u>, config2>(nnet::array<ap_fixed<8, 2, (ap_q_mode)5, (ap_o_mode)3, 0>, 1u> const&, ap_shift_reg<nnet::array<ap_fixed<8, 2, (ap_q_mode)5, (ap_o_mode)3, 0>, 1u>::value_type, config2::in_width> (*) [config2::n_chan], hls::stream<nnet::array<ap_fixed<8, 2, (ap_q_mode)5, (ap_o_mode)3, 0>, 2u>, 0>&, config2::weight_t*, config2::bias_t*)' (firmware/nnet_utils/nnet_conv_stream.h:288:9)
INFO: [HLS 214-131] Inlining function 'ap_shift_reg<ap_fixed<8, 2, (ap_q_mode)5, (ap_o_mode)3, 0>, 164u>::ap_shift_reg()' into 'void nnet::conv_2d_buffer_cl<nnet::array<ap_fixed<8, 2, (ap_q_mode)5, (ap_o_mode)3, 0>, 1u>, nnet::array<ap_fixed<8, 2, (ap_q_mode)5, (ap_o_mode)3, 0>, 2u>, config2>(hls::stream<nnet::array<ap_fixed<8, 2, (ap_q_mode)5, (ap_o_mode)3, 0>, 1u>, 0>&, hls::stream<nnet::array<ap_fixed<8, 2, (ap_q_mode)5, (ap_o_mode)3, 0>, 2u>, 0>&, config2::weight_t*, config2::bias_t*)' (firmware/nnet_utils/nnet_conv2d_stream.h:75:74)
INFO: [HLS 214-131] Inlining function 'ap_fixed_base<32, 32, true, (ap_q_mode)5, (ap_o_mode)3, 0>::operator!() const' into 'ap_fixed_base<38, 32, true, (ap_q_mode)5, (ap_o_mode)3, 0>& ap_fixed_base<38, 32, true, (ap_q_mode)5, (ap_o_mode)3, 0>::operator=<32, 32, true, (ap_q_mode)5, (ap_o_mode)3, 0>(ap_fixed_base<32, 32, true, (ap_q_mode)5, (ap_o_mode)3, 0> const&)' (C:/Xilinx/Vitis_HLS/2021.2/common/technology/autopilot\ap_fixed_base.h:707:9)
INFO: [HLS 214-131] Inlining function 'ap_fixed_base<38, 32, true, (ap_q_mode)5, (ap_o_mode)3, 0>& ap_fixed_base<38, 32, true, (ap_q_mode)5, (ap_o_mode)3, 0>::operator=<32, 32, true, (ap_q_mode)5, (ap_o_mode)3, 0>(ap_fixed_base<32, 32, true, (ap_q_mode)5, (ap_o_mode)3, 0> const&)' into 'ap_fixed_base<38, 32, true, (ap_q_mode)5, (ap_o_mode)3, 0>::ap_fixed_base<32, 32, true, (ap_q_mode)5, (ap_o_mode)3, 0>(ap_fixed_base<32, 32, true, (ap_q_mode)5, (ap_o_mode)3, 0> const&)' (C:/Xilinx/Vitis_HLS/2021.2/common/technology/autopilot\ap_fixed_base.h:440:5)
INFO: [HLS 214-131] Inlining function 'ap_fixed_base<38, 32, true, (ap_q_mode)5, (ap_o_mode)3, 0>::ap_fixed_base<32, 32, true, (ap_q_mode)5, (ap_o_mode)3, 0>(ap_fixed_base<32, 32, true, (ap_q_mode)5, (ap_o_mode)3, 0> const&)' into 'bool ap_fixed_base<8, 2, true, (ap_q_mode)5, (ap_o_mode)3, 0>::operator><32, 32, true, (ap_q_mode)5, (ap_o_mode)3, 0>(ap_fixed_base<32, 32, true, (ap_q_mode)5, (ap_o_mode)3, 0> const&) const' (C:/Xilinx/Vitis_HLS/2021.2/common/technology/autopilot\ap_fixed_base.h:1547:367)
INFO: [HLS 214-131] Inlining function 'ap_fixed_base<32, 32, true, (ap_q_mode)5, (ap_o_mode)3, 0>::ap_fixed_base(int)' into 'bool operator><8, 2, true, (ap_q_mode)5, (ap_o_mode)3, 0>(ap_fixed_base<8, 2, true, (ap_q_mode)5, (ap_o_mode)3, 0> const&, int)' (C:/Xilinx/Vitis_HLS/2021.2/common/technology/autopilot\ap_fixed_base.h:2274:9949)
INFO: [HLS 214-131] Inlining function 'bool ap_fixed_base<8, 2, true, (ap_q_mode)5, (ap_o_mode)3, 0>::operator><32, 32, true, (ap_q_mode)5, (ap_o_mode)3, 0>(ap_fixed_base<32, 32, true, (ap_q_mode)5, (ap_o_mode)3, 0> const&) const' into 'bool operator><8, 2, true, (ap_q_mode)5, (ap_o_mode)3, 0>(ap_fixed_base<8, 2, true, (ap_q_mode)5, (ap_o_mode)3, 0> const&, int)' (C:/Xilinx/Vitis_HLS/2021.2/common/technology/autopilot\ap_fixed_base.h:2274:9938)
INFO: [HLS 214-131] Inlining function 'bool operator><8, 2, true, (ap_q_mode)5, (ap_o_mode)3, 0>(ap_fixed_base<8, 2, true, (ap_q_mode)5, (ap_o_mode)3, 0> const&, int)' into 'void nnet::relu<nnet::array<ap_fixed<8, 2, (ap_q_mode)5, (ap_o_mode)3, 0>, 2u>, nnet::array<ap_fixed<8, 2, (ap_q_mode)5, (ap_o_mode)3, 0>, 2u>, relu_config3>(hls::stream<nnet::array<ap_fixed<8, 2, (ap_q_mode)5, (ap_o_mode)3, 0>, 2u>, 0>&, hls::stream<nnet::array<ap_fixed<8, 2, (ap_q_mode)5, (ap_o_mode)3, 0>, 2u>, 0>&)' (firmware/nnet_utils/nnet_activation_stream.h:51:17)
INFO: [HLS 214-131] Inlining function 'ap_fixed<8, 2, (ap_q_mode)5, (ap_o_mode)3, 0>::ap_fixed(int)' into 'void nnet::relu<nnet::array<ap_fixed<8, 2, (ap_q_mode)5, (ap_o_mode)3, 0>, 2u>, nnet::array<ap_fixed<8, 2, (ap_q_mode)5, (ap_o_mode)3, 0>, 2u>, relu_config3>(hls::stream<nnet::array<ap_fixed<8, 2, (ap_q_mode)5, (ap_o_mode)3, 0>, 2u>, 0>&, hls::stream<nnet::array<ap_fixed<8, 2, (ap_q_mode)5, (ap_o_mode)3, 0>, 2u>, 0>&)' (firmware/nnet_utils/nnet_activation_stream.h:54:31)
INFO: [HLS 214-131] Inlining function 'ap_fixed<8, 2, (ap_q_mode)5, (ap_o_mode)3, 0>::ap_fixed(int)' into 'void nnet::fill_zero<nnet::array<ap_fixed<8, 2, (ap_q_mode)5, (ap_o_mode)3, 0>, 2u>, config6>(hls::stream<nnet::array<ap_fixed<8, 2, (ap_q_mode)5, (ap_o_mode)3, 0>, 2u>, 0>&)' (firmware/nnet_utils/nnet_padding_stream.h:13:16)
INFO: [HLS 214-131] Inlining function 'void nnet::fill_zero<nnet::array<ap_fixed<8, 2, (ap_q_mode)5, (ap_o_mode)3, 0>, 2u>, config6>(hls::stream<nnet::array<ap_fixed<8, 2, (ap_q_mode)5, (ap_o_mode)3, 0>, 2u>, 0>&)' into 'void nnet::zeropad2d_cl<nnet::array<ap_fixed<8, 2, (ap_q_mode)5, (ap_o_mode)3, 0>, 2u>, nnet::array<ap_fixed<8, 2, (ap_q_mode)5, (ap_o_mode)3, 0>, 2u>, config6>(hls::stream<nnet::array<ap_fixed<8, 2, (ap_q_mode)5, (ap_o_mode)3, 0>, 2u>, 0>&, hls::stream<nnet::array<ap_fixed<8, 2, (ap_q_mode)5, (ap_o_mode)3, 0>, 2u>, 0>&)' (firmware/nnet_utils/nnet_padding_stream.h:54:13)
INFO: [HLS 214-131] Inlining function 'void nnet::fill_zero<nnet::array<ap_fixed<8, 2, (ap_q_mode)5, (ap_o_mode)3, 0>, 2u>, config6>(hls::stream<nnet::array<ap_fixed<8, 2, (ap_q_mode)5, (ap_o_mode)3, 0>, 2u>, 0>&)' into 'void nnet::zeropad2d_cl<nnet::array<ap_fixed<8, 2, (ap_q_mode)5, (ap_o_mode)3, 0>, 2u>, nnet::array<ap_fixed<8, 2, (ap_q_mode)5, (ap_o_mode)3, 0>, 2u>, config6>(hls::stream<nnet::array<ap_fixed<8, 2, (ap_q_mode)5, (ap_o_mode)3, 0>, 2u>, 0>&, hls::stream<nnet::array<ap_fixed<8, 2, (ap_q_mode)5, (ap_o_mode)3, 0>, 2u>, 0>&)' (firmware/nnet_utils/nnet_padding_stream.h:62:13)
INFO: [HLS 214-131] Inlining function 'void nnet::fill_data<nnet::array<ap_fixed<8, 2, (ap_q_mode)5, (ap_o_mode)3, 0>, 2u>, nnet::array<ap_fixed<8, 2, (ap_q_mode)5, (ap_o_mode)3, 0>, 2u>, config6>(hls::stream<nnet::array<ap_fixed<8, 2, (ap_q_mode)5, (ap_o_mode)3, 0>, 2u>, 0>&, hls::stream<nnet::array<ap_fixed<8, 2, (ap_q_mode)5, (ap_o_mode)3, 0>, 2u>, 0>&)' into 'void nnet::zeropad2d_cl<nnet::array<ap_fixed<8, 2, (ap_q_mode)5, (ap_o_mode)3, 0>, 2u>, nnet::array<ap_fixed<8, 2, (ap_q_mode)5, (ap_o_mode)3, 0>, 2u>, config6>(hls::stream<nnet::array<ap_fixed<8, 2, (ap_q_mode)5, (ap_o_mode)3, 0>, 2u>, 0>&, hls::stream<nnet::array<ap_fixed<8, 2, (ap_q_mode)5, (ap_o_mode)3, 0>, 2u>, 0>&)' (firmware/nnet_utils/nnet_padding_stream.h:66:13)
INFO: [HLS 214-131] Inlining function 'void nnet::fill_zero<nnet::array<ap_fixed<8, 2, (ap_q_mode)5, (ap_o_mode)3, 0>, 2u>, config6>(hls::stream<nnet::array<ap_fixed<8, 2, (ap_q_mode)5, (ap_o_mode)3, 0>, 2u>, 0>&)' into 'void nnet::zeropad2d_cl<nnet::array<ap_fixed<8, 2, (ap_q_mode)5, (ap_o_mode)3, 0>, 2u>, nnet::array<ap_fixed<8, 2, (ap_q_mode)5, (ap_o_mode)3, 0>, 2u>, config6>(hls::stream<nnet::array<ap_fixed<8, 2, (ap_q_mode)5, (ap_o_mode)3, 0>, 2u>, 0>&, hls::stream<nnet::array<ap_fixed<8, 2, (ap_q_mode)5, (ap_o_mode)3, 0>, 2u>, 0>&)' (firmware/nnet_utils/nnet_padding_stream.h:70:13)
INFO: [HLS 214-131] Inlining function 'void nnet::fill_zero<nnet::array<ap_fixed<8, 2, (ap_q_mode)5, (ap_o_mode)3, 0>, 2u>, config6>(hls::stream<nnet::array<ap_fixed<8, 2, (ap_q_mode)5, (ap_o_mode)3, 0>, 2u>, 0>&)' into 'void nnet::zeropad2d_cl<nnet::array<ap_fixed<8, 2, (ap_q_mode)5, (ap_o_mode)3, 0>, 2u>, nnet::array<ap_fixed<8, 2, (ap_q_mode)5, (ap_o_mode)3, 0>, 2u>, config6>(hls::stream<nnet::array<ap_fixed<8, 2, (ap_q_mode)5, (ap_o_mode)3, 0>, 2u>, 0>&, hls::stream<nnet::array<ap_fixed<8, 2, (ap_q_mode)5, (ap_o_mode)3, 0>, 2u>, 0>&)' (firmware/nnet_utils/nnet_padding_stream.h:78:13)
INFO: [HLS 214-131] Inlining function 'ap_shift_reg<ap_fixed<8, 2, (ap_q_mode)5, (ap_o_mode)3, 0>, 164u>::shift(ap_fixed<8, 2, (ap_q_mode)5, (ap_o_mode)3, 0>, unsigned int, bool)' into 'void nnet::shift_line_buffer<nnet::array<ap_fixed<8, 2, (ap_q_mode)5, (ap_o_mode)3, 0>, 2u>, config4>(nnet::array<ap_fixed<8, 2, (ap_q_mode)5, (ap_o_mode)3, 0>, 2u> const&, ap_shift_reg<nnet::array<ap_fixed<8, 2, (ap_q_mode)5, (ap_o_mode)3, 0>, 2u>::value_type, config4::in_width> (*) [config4::n_chan], nnet::array<ap_fixed<8, 2, (ap_q_mode)5, (ap_o_mode)3, 0>, 2u>::value_type*)' (firmware/nnet_utils/nnet_conv_stream.h:241:69)
INFO: [HLS 214-131] Inlining function 'void nnet::kernel_shift_2d<nnet::array<ap_fixed<8, 2, (ap_q_mode)5, (ap_o_mode)3, 0>, 2u>, config4>(nnet::array<ap_fixed<8, 2, (ap_q_mode)5, (ap_o_mode)3, 0>, 2u>::value_type (*) [config4::n_chan], nnet::array<ap_fixed<8, 2, (ap_q_mode)5, (ap_o_mode)3, 0>, 2u>::value_type*)' into 'void nnet::shift_line_buffer<nnet::array<ap_fixed<8, 2, (ap_q_mode)5, (ap_o_mode)3, 0>, 2u>, config4>(nnet::array<ap_fixed<8, 2, (ap_q_mode)5, (ap_o_mode)3, 0>, 2u> const&, ap_shift_reg<nnet::array<ap_fixed<8, 2, (ap_q_mode)5, (ap_o_mode)3, 0>, 2u>::value_type, config4::in_width> (*) [config4::n_chan], nnet::array<ap_fixed<8, 2, (ap_q_mode)5, (ap_o_mode)3, 0>, 2u>::value_type*)' (firmware/nnet_utils/nnet_conv_stream.h:247:5)
INFO: [HLS 214-131] Inlining function 'ap_fixed<8, 2, (ap_q_mode)5, (ap_o_mode)3, 0>::ap_fixed<1, false>(ap_int_base<1, false> const&)' into 'void nnet::dense_resource_rf_leq_nin<ap_fixed<8, 2, (ap_q_mode)5, (ap_o_mode)3, 0>, ap_fixed<8, 2, (ap_q_mode)5, (ap_o_mode)3, 0>, config4_mult>(ap_fixed<8, 2, (ap_q_mode)5, (ap_o_mode)3, 0>*, ap_fixed<8, 2, (ap_q_mode)5, (ap_o_mode)3, 0>*, config4_mult::weight_t*, config4_mult::bias_t*)' (firmware/nnet_utils/nnet_dense_resource.h:42:14)
INFO: [HLS 214-131] Inlining function 'nnet::product::mult<ap_fixed<8, 2, (ap_q_mode)5, (ap_o_mode)3, 0>, ap_fixed<8, 2, (ap_q_mode)5, (ap_o_mode)3, 0> >::product(ap_fixed<8, 2, (ap_q_mode)5, (ap_o_mode)3, 0>, ap_fixed<8, 2, (ap_q_mode)5, (ap_o_mode)3, 0>)' into 'void nnet::dense_resource_rf_leq_nin<ap_fixed<8, 2, (ap_q_mode)5, (ap_o_mode)3, 0>, ap_fixed<8, 2, (ap_q_mode)5, (ap_o_mode)3, 0>, config4_mult>(ap_fixed<8, 2, (ap_q_mode)5, (ap_o_mode)3, 0>*, ap_fixed<8, 2, (ap_q_mode)5, (ap_o_mode)3, 0>*, config4_mult::weight_t*, config4_mult::bias_t*)' (firmware/nnet_utils/nnet_dense_resource.h:59:17)
INFO: [HLS 214-131] Inlining function 'ap_fixed_base<8, 2, true, (ap_q_mode)5, (ap_o_mode)3, 0>& ap_fixed_base<8, 2, true, (ap_q_mode)5, (ap_o_mode)3, 0>::operator+=<8, 2, true, (ap_q_mode)5, (ap_o_mode)3, 0>(ap_fixed_base<8, 2, true, (ap_q_mode)5, (ap_o_mode)3, 0> const&)' into 'void nnet::dense_resource_rf_leq_nin<ap_fixed<8, 2, (ap_q_mode)5, (ap_o_mode)3, 0>, ap_fixed<8, 2, (ap_q_mode)5, (ap_o_mode)3, 0>, config4_mult>(ap_fixed<8, 2, (ap_q_mode)5, (ap_o_mode)3, 0>*, ap_fixed<8, 2, (ap_q_mode)5, (ap_o_mode)3, 0>*, config4_mult::weight_t*, config4_mult::bias_t*)' (firmware/nnet_utils/nnet_dense_resource.h:58:17)
INFO: [HLS 214-131] Inlining function 'ap_fixed<8, 2, (ap_q_mode)5, (ap_o_mode)3, 0>::ap_fixed<16, 4, true, (ap_q_mode)5, (ap_o_mode)3, 0>(ap_fixed_base<16, 4, true, (ap_q_mode)5, (ap_o_mode)3, 0> const&)' into 'void nnet::dense_resource_rf_leq_nin<ap_fixed<8, 2, (ap_q_mode)5, (ap_o_mode)3, 0>, ap_fixed<8, 2, (ap_q_mode)5, (ap_o_mode)3, 0>, config4_mult>(ap_fixed<8, 2, (ap_q_mode)5, (ap_o_mode)3, 0>*, ap_fixed<8, 2, (ap_q_mode)5, (ap_o_mode)3, 0>*, config4_mult::weight_t*, config4_mult::bias_t*)' (firmware/nnet_utils/nnet_dense_resource.h:58:20)
INFO: [HLS 214-131] Inlining function 'nnet::DenseResource_rf_leq_nin<ap_fixed<8, 2, (ap_q_mode)5, (ap_o_mode)3, 0>, ap_fixed<8, 2, (ap_q_mode)5, (ap_o_mode)3, 0>, config4_mult>::dense(ap_fixed<8, 2, (ap_q_mode)5, (ap_o_mode)3, 0>*, ap_fixed<8, 2, (ap_q_mode)5, (ap_o_mode)3, 0>*, ap_fixed<8, 2, (ap_q_mode)5, (ap_o_mode)3, 0>*, ap_uint<1>*)' into 'void nnet::compute_output_buffer_2d<nnet::array<ap_fixed<8, 2, (ap_q_mode)5, (ap_o_mode)3, 0>, 2u>, nnet::array<ap_fixed<8, 2, (ap_q_mode)5, (ap_o_mode)3, 0>, 1u>, config4>(nnet::array<ap_fixed<8, 2, (ap_q_mode)5, (ap_o_mode)3, 0>, 2u> const&, ap_shift_reg<nnet::array<ap_fixed<8, 2, (ap_q_mode)5, (ap_o_mode)3, 0>, 2u>::value_type, config4::in_width> (*) [config4::n_chan], hls::stream<nnet::array<ap_fixed<8, 2, (ap_q_mode)5, (ap_o_mode)3, 0>, 1u>, 0>&, config4::weight_t*, config4::bias_t*)' (firmware/nnet_utils/nnet_conv_stream.h:288:9)
INFO: [HLS 214-131] Inlining function 'ap_shift_reg<ap_fixed<8, 2, (ap_q_mode)5, (ap_o_mode)3, 0>, 164u>::ap_shift_reg()' into 'void nnet::conv_2d_buffer_cl<nnet::array<ap_fixed<8, 2, (ap_q_mode)5, (ap_o_mode)3, 0>, 2u>, nnet::array<ap_fixed<8, 2, (ap_q_mode)5, (ap_o_mode)3, 0>, 1u>, config4>(hls::stream<nnet::array<ap_fixed<8, 2, (ap_q_mode)5, (ap_o_mode)3, 0>, 2u>, 0>&, hls::stream<nnet::array<ap_fixed<8, 2, (ap_q_mode)5, (ap_o_mode)3, 0>, 1u>, 0>&, config4::weight_t*, config4::bias_t*)' (firmware/nnet_utils/nnet_conv2d_stream.h:75:74)
INFO: [HLS 214-291] Loop 'MultLoop' is marked as complete unroll implied by the pipeline pragma (firmware/nnet_utils/nnet_dense_resource.h:55:9)
INFO: [HLS 214-291] Loop 'KernelPushHeight' is marked as complete unroll implied by the pipeline pragma (firmware/nnet_utils/nnet_conv_stream.h:205:5)
INFO: [HLS 214-291] Loop 'KernelPushChannel' is marked as complete unroll implied by the pipeline pragma (firmware/nnet_utils/nnet_conv_stream.h:208:9)
INFO: [HLS 214-291] Loop 'KernelShiftWidth' is marked as complete unroll implied by the pipeline pragma (firmware/nnet_utils/nnet_conv_stream.h:189:5)
INFO: [HLS 214-291] Loop 'KernelShiftHeight' is marked as complete unroll implied by the pipeline pragma (firmware/nnet_utils/nnet_conv_stream.h:192:9)
INFO: [HLS 214-291] Loop 'KernelShiftChannel' is marked as complete unroll implied by the pipeline pragma (firmware/nnet_utils/nnet_conv_stream.h:194:13)
INFO: [HLS 214-291] Loop 'LineBufferDataIn' is marked as complete unroll implied by the pipeline pragma (firmware/nnet_utils/nnet_conv_stream.h:236:5)
INFO: [HLS 214-291] Loop 'LineBufferShift' is marked as complete unroll implied by the pipeline pragma (firmware/nnet_utils/nnet_conv_stream.h:239:9)
INFO: [HLS 214-291] Loop 'UpdateBuffer' is marked as complete unroll implied by the pipeline pragma (firmware/nnet_utils/nnet_conv_stream.h:228:5)
INFO: [HLS 214-291] Loop 'anonymous' is marked as complete unroll implied by the pipeline pragma (firmware/nnet_utils/nnet_conv_stream.h:224:30)
INFO: [HLS 214-291] Loop 'ReLUPackLoop' is marked as complete unroll implied by the pipeline pragma (firmware/nnet_utils/nnet_activation_stream.h:49:9)
INFO: [HLS 214-291] Loop 'MultLoop' is marked as complete unroll implied by the pipeline pragma (firmware/nnet_utils/nnet_dense_resource.h:142:9)
INFO: [HLS 214-186] Unrolling loop 'CastLoop' (firmware/nnet_utils/nnet_conv_stream.h:293:9) in function 'nnet::compute_output_buffer_2d<nnet::array<ap_fixed<8, 2, (ap_q_mode)5, (ap_o_mode)3, 0>, 2u>, nnet::array<ap_fixed<8, 2, (ap_q_mode)5, (ap_o_mode)3, 0>, 1u>, config4>' completely with a factor of 1 (firmware/nnet_utils/nnet_conv_stream.h:257:0)
INFO: [HLS 214-186] Unrolling loop 'Result' (firmware/nnet_utils/nnet_dense_resource.h:80:5) in function 'nnet::dense_resource_rf_leq_nin<ap_fixed<8, 2, (ap_q_mode)5, (ap_o_mode)3, 0>, ap_fixed<8, 2, (ap_q_mode)5, (ap_o_mode)3, 0>, config4_mult>' completely with a factor of 1 (firmware/nnet_utils/nnet_dense_resource.h:15:0)
INFO: [HLS 214-186] Unrolling loop 'MultLoop' (firmware/nnet_utils/nnet_dense_resource.h:55:9) in function 'nnet::dense_resource_rf_leq_nin<ap_fixed<8, 2, (ap_q_mode)5, (ap_o_mode)3, 0>, ap_fixed<8, 2, (ap_q_mode)5, (ap_o_mode)3, 0>, config4_mult>' completely with a factor of 1 (firmware/nnet_utils/nnet_dense_resource.h:15:0)
INFO: [HLS 214-186] Unrolling loop 'InitAccum' (firmware/nnet_utils/nnet_dense_resource.h:40:5) in function 'nnet::dense_resource_rf_leq_nin<ap_fixed<8, 2, (ap_q_mode)5, (ap_o_mode)3, 0>, ap_fixed<8, 2, (ap_q_mode)5, (ap_o_mode)3, 0>, config4_mult>' completely with a factor of 1 (firmware/nnet_utils/nnet_dense_resource.h:15:0)
INFO: [HLS 214-186] Unrolling loop 'KernelPushHeight' (firmware/nnet_utils/nnet_conv_stream.h:205:5) in function 'nnet::shift_line_buffer<nnet::array<ap_fixed<8, 2, (ap_q_mode)5, (ap_o_mode)3, 0>, 2u>, config4>' completely with a factor of 3 (firmware/nnet_utils/nnet_conv_stream.h:219:0)
INFO: [HLS 214-186] Unrolling loop 'KernelPushChannel' (firmware/nnet_utils/nnet_conv_stream.h:208:9) in function 'nnet::shift_line_buffer<nnet::array<ap_fixed<8, 2, (ap_q_mode)5, (ap_o_mode)3, 0>, 2u>, config4>' completely with a factor of 2 (firmware/nnet_utils/nnet_conv_stream.h:219:0)
INFO: [HLS 214-186] Unrolling loop 'KernelShiftWidth' (firmware/nnet_utils/nnet_conv_stream.h:189:5) in function 'nnet::shift_line_buffer<nnet::array<ap_fixed<8, 2, (ap_q_mode)5, (ap_o_mode)3, 0>, 2u>, config4>' completely with a factor of 2 (firmware/nnet_utils/nnet_conv_stream.h:219:0)
WARNING: [HLS 214-189] Pipeline directive for loop 'KernelShiftWidth' (firmware/nnet_utils/nnet_conv_stream.h:189:5) in function 'nnet::shift_line_buffer<nnet::array<ap_fixed<8, 2, (ap_q_mode)5, (ap_o_mode)3, 0>, 2u>, config4>' has been removed because the loop is unrolled completely (firmware/nnet_utils/nnet_conv_stream.h:219:0)
INFO: [HLS 214-186] Unrolling loop 'KernelShiftHeight' (firmware/nnet_utils/nnet_conv_stream.h:192:9) in function 'nnet::shift_line_buffer<nnet::array<ap_fixed<8, 2, (ap_q_mode)5, (ap_o_mode)3, 0>, 2u>, config4>' completely with a factor of 3 (firmware/nnet_utils/nnet_conv_stream.h:219:0)
INFO: [HLS 214-186] Unrolling loop 'KernelShiftChannel' (firmware/nnet_utils/nnet_conv_stream.h:194:13) in function 'nnet::shift_line_buffer<nnet::array<ap_fixed<8, 2, (ap_q_mode)5, (ap_o_mode)3, 0>, 2u>, config4>' completely with a factor of 2 (firmware/nnet_utils/nnet_conv_stream.h:219:0)
INFO: [HLS 214-186] Unrolling loop 'LineBufferDataIn' (firmware/nnet_utils/nnet_conv_stream.h:236:5) in function 'nnet::shift_line_buffer<nnet::array<ap_fixed<8, 2, (ap_q_mode)5, (ap_o_mode)3, 0>, 2u>, config4>' completely with a factor of 2 (firmware/nnet_utils/nnet_conv_stream.h:219:0)
INFO: [HLS 214-186] Unrolling loop 'LineBufferShift' (firmware/nnet_utils/nnet_conv_stream.h:239:9) in function 'nnet::shift_line_buffer<nnet::array<ap_fixed<8, 2, (ap_q_mode)5, (ap_o_mode)3, 0>, 2u>, config4>' completely with a factor of 2 (firmware/nnet_utils/nnet_conv_stream.h:219:0)
INFO: [HLS 214-186] Unrolling loop 'UpdateBuffer' (firmware/nnet_utils/nnet_conv_stream.h:228:5) in function 'nnet::shift_line_buffer<nnet::array<ap_fixed<8, 2, (ap_q_mode)5, (ap_o_mode)3, 0>, 2u>, config4>' completely with a factor of 2 (firmware/nnet_utils/nnet_conv_stream.h:219:0)
INFO: [HLS 214-186] Unrolling loop 'anonymous' (firmware/nnet_utils/nnet_conv_stream.h:224:30) in function 'nnet::shift_line_buffer<nnet::array<ap_fixed<8, 2, (ap_q_mode)5, (ap_o_mode)3, 0>, 2u>, config4>' completely with a factor of 3 (firmware/nnet_utils/nnet_conv_stream.h:219:0)
INFO: [HLS 214-186] Unrolling loop 'anonymous' (firmware/nnet_utils/nnet_conv_stream.h:224:30) in function 'nnet::shift_line_buffer<nnet::array<ap_fixed<8, 2, (ap_q_mode)5, (ap_o_mode)3, 0>, 2u>, config4>' completely with a factor of 2 (firmware/nnet_utils/nnet_conv_stream.h:219:0)
INFO: [HLS 214-186] Unrolling loop 'VITIS_LOOP_11_1' (firmware/nnet_utils/nnet_padding_stream.h:11:22) in function 'nnet::zeropad2d_cl<nnet::array<ap_fixed<8, 2, (ap_q_mode)5, (ap_o_mode)3, 0>, 2u>, nnet::array<ap_fixed<8, 2, (ap_q_mode)5, (ap_o_mode)3, 0>, 2u>, config6>' completely with a factor of 2 (firmware/nnet_utils/nnet_padding_stream.h:48:0)
INFO: [HLS 214-186] Unrolling loop 'VITIS_LOOP_22_1' (firmware/nnet_utils/nnet_padding_stream.h:22:22) in function 'nnet::zeropad2d_cl<nnet::array<ap_fixed<8, 2, (ap_q_mode)5, (ap_o_mode)3, 0>, 2u>, nnet::array<ap_fixed<8, 2, (ap_q_mode)5, (ap_o_mode)3, 0>, 2u>, config6>' completely with a factor of 2 (firmware/nnet_utils/nnet_padding_stream.h:48:0)
INFO: [HLS 214-186] Unrolling loop 'ReLUPackLoop' (firmware/nnet_utils/nnet_activation_stream.h:49:9) in function 'nnet::relu<nnet::array<ap_fixed<8, 2, (ap_q_mode)5, (ap_o_mode)3, 0>, 2u>, nnet::array<ap_fixed<8, 2, (ap_q_mode)5, (ap_o_mode)3, 0>, 2u>, relu_config3>' completely with a factor of 2 (firmware/nnet_utils/nnet_activation_stream.h:39:0)
INFO: [HLS 214-186] Unrolling loop 'CastLoop' (firmware/nnet_utils/nnet_conv_stream.h:293:9) in function 'nnet::compute_output_buffer_2d<nnet::array<ap_fixed<8, 2, (ap_q_mode)5, (ap_o_mode)3, 0>, 1u>, nnet::array<ap_fixed<8, 2, (ap_q_mode)5, (ap_o_mode)3, 0>, 2u>, config2>' completely with a factor of 2 (firmware/nnet_utils/nnet_conv_stream.h:257:0)
INFO: [HLS 214-186] Unrolling loop 'Result' (firmware/nnet_utils/nnet_dense_resource.h:162:5) in function 'nnet::dense_resource_rf_gt_nin_rem0<ap_fixed<8, 2, (ap_q_mode)5, (ap_o_mode)3, 0>, ap_fixed<8, 2, (ap_q_mode)5, (ap_o_mode)3, 0>, config2_mult>' completely with a factor of 2 (firmware/nnet_utils/nnet_dense_resource.h:89:0)
INFO: [HLS 214-186] Unrolling loop 'MultLoop' (firmware/nnet_utils/nnet_dense_resource.h:142:9) in function 'nnet::dense_resource_rf_gt_nin_rem0<ap_fixed<8, 2, (ap_q_mode)5, (ap_o_mode)3, 0>, ap_fixed<8, 2, (ap_q_mode)5, (ap_o_mode)3, 0>, config2_mult>' completely with a factor of 1 (firmware/nnet_utils/nnet_dense_resource.h:89:0)
INFO: [HLS 214-186] Unrolling loop 'InitAccum' (firmware/nnet_utils/nnet_dense_resource.h:114:5) in function 'nnet::dense_resource_rf_gt_nin_rem0<ap_fixed<8, 2, (ap_q_mode)5, (ap_o_mode)3, 0>, ap_fixed<8, 2, (ap_q_mode)5, (ap_o_mode)3, 0>, config2_mult>' completely with a factor of 2 (firmware/nnet_utils/nnet_dense_resource.h:89:0)
INFO: [HLS 214-186] Unrolling loop 'KernelPushHeight' (firmware/nnet_utils/nnet_conv_stream.h:205:5) in function 'nnet::shift_line_buffer<nnet::array<ap_fixed<8, 2, (ap_q_mode)5, (ap_o_mode)3, 0>, 1u>, config2>' completely with a factor of 3 (firmware/nnet_utils/nnet_conv_stream.h:219:0)
INFO: [HLS 214-186] Unrolling loop 'KernelPushChannel' (firmware/nnet_utils/nnet_conv_stream.h:208:9) in function 'nnet::shift_line_buffer<nnet::array<ap_fixed<8, 2, (ap_q_mode)5, (ap_o_mode)3, 0>, 1u>, config2>' completely with a factor of 1 (firmware/nnet_utils/nnet_conv_stream.h:219:0)
INFO: [HLS 214-186] Unrolling loop 'KernelShiftWidth' (firmware/nnet_utils/nnet_conv_stream.h:189:5) in function 'nnet::shift_line_buffer<nnet::array<ap_fixed<8, 2, (ap_q_mode)5, (ap_o_mode)3, 0>, 1u>, config2>' completely with a factor of 2 (firmware/nnet_utils/nnet_conv_stream.h:219:0)
WARNING: [HLS 214-189] Pipeline directive for loop 'KernelShiftWidth' (firmware/nnet_utils/nnet_conv_stream.h:189:5) in function 'nnet::shift_line_buffer<nnet::array<ap_fixed<8, 2, (ap_q_mode)5, (ap_o_mode)3, 0>, 1u>, config2>' has been removed because the loop is unrolled completely (firmware/nnet_utils/nnet_conv_stream.h:219:0)
INFO: [HLS 214-186] Unrolling loop 'KernelShiftHeight' (firmware/nnet_utils/nnet_conv_stream.h:192:9) in function 'nnet::shift_line_buffer<nnet::array<ap_fixed<8, 2, (ap_q_mode)5, (ap_o_mode)3, 0>, 1u>, config2>' completely with a factor of 3 (firmware/nnet_utils/nnet_conv_stream.h:219:0)
INFO: [HLS 214-186] Unrolling loop 'KernelShiftChannel' (firmware/nnet_utils/nnet_conv_stream.h:194:13) in function 'nnet::shift_line_buffer<nnet::array<ap_fixed<8, 2, (ap_q_mode)5, (ap_o_mode)3, 0>, 1u>, config2>' completely with a factor of 1 (firmware/nnet_utils/nnet_conv_stream.h:219:0)
INFO: [HLS 214-186] Unrolling loop 'LineBufferDataIn' (firmware/nnet_utils/nnet_conv_stream.h:236:5) in function 'nnet::shift_line_buffer<nnet::array<ap_fixed<8, 2, (ap_q_mode)5, (ap_o_mode)3, 0>, 1u>, config2>' completely with a factor of 1 (firmware/nnet_utils/nnet_conv_stream.h:219:0)
INFO: [HLS 214-186] Unrolling loop 'LineBufferShift' (firmware/nnet_utils/nnet_conv_stream.h:239:9) in function 'nnet::shift_line_buffer<nnet::array<ap_fixed<8, 2, (ap_q_mode)5, (ap_o_mode)3, 0>, 1u>, config2>' completely with a factor of 2 (firmware/nnet_utils/nnet_conv_stream.h:219:0)
INFO: [HLS 214-186] Unrolling loop 'UpdateBuffer' (firmware/nnet_utils/nnet_conv_stream.h:228:5) in function 'nnet::shift_line_buffer<nnet::array<ap_fixed<8, 2, (ap_q_mode)5, (ap_o_mode)3, 0>, 1u>, config2>' completely with a factor of 1 (firmware/nnet_utils/nnet_conv_stream.h:219:0)
INFO: [HLS 214-186] Unrolling loop 'anonymous' (firmware/nnet_utils/nnet_conv_stream.h:224:30) in function 'nnet::shift_line_buffer<nnet::array<ap_fixed<8, 2, (ap_q_mode)5, (ap_o_mode)3, 0>, 1u>, config2>' completely with a factor of 3 (firmware/nnet_utils/nnet_conv_stream.h:219:0)
INFO: [HLS 214-186] Unrolling loop 'anonymous' (firmware/nnet_utils/nnet_conv_stream.h:224:30) in function 'nnet::shift_line_buffer<nnet::array<ap_fixed<8, 2, (ap_q_mode)5, (ap_o_mode)3, 0>, 1u>, config2>' completely with a factor of 1 (firmware/nnet_utils/nnet_conv_stream.h:219:0)
INFO: [HLS 214-186] Unrolling loop 'VITIS_LOOP_11_1' (firmware/nnet_utils/nnet_padding_stream.h:11:22) in function 'nnet::zeropad2d_cl<nnet::array<ap_fixed<8, 2, (ap_q_mode)5, (ap_o_mode)3, 0>, 1u>, nnet::array<ap_fixed<8, 2, (ap_q_mode)5, (ap_o_mode)3, 0>, 1u>, config5>' completely with a factor of 1 (firmware/nnet_utils/nnet_padding_stream.h:48:0)
INFO: [HLS 214-186] Unrolling loop 'VITIS_LOOP_22_1' (firmware/nnet_utils/nnet_padding_stream.h:22:22) in function 'nnet::zeropad2d_cl<nnet::array<ap_fixed<8, 2, (ap_q_mode)5, (ap_o_mode)3, 0>, 1u>, nnet::array<ap_fixed<8, 2, (ap_q_mode)5, (ap_o_mode)3, 0>, 1u>, config5>' completely with a factor of 1 (firmware/nnet_utils/nnet_padding_stream.h:48:0)
INFO: [HLS 214-178] Inlining function 'nnet::array<ap_fixed<8, 2, (ap_q_mode)5, (ap_o_mode)3, 0>, 1u>::operator[](unsigned long)' into 'void nnet::zeropad2d_cl<nnet::array<ap_fixed<8, 2, (ap_q_mode)5, (ap_o_mode)3, 0>, 1u>, nnet::array<ap_fixed<8, 2, (ap_q_mode)5, (ap_o_mode)3, 0>, 1u>, config5>(hls::stream<nnet::array<ap_fixed<8, 2, (ap_q_mode)5, (ap_o_mode)3, 0>, 1u>, 0>&, hls::stream<nnet::array<ap_fixed<8, 2, (ap_q_mode)5, (ap_o_mode)3, 0>, 1u>, 0>&)' (firmware/nnet_utils/nnet_padding_stream.h:48:0)
INFO: [HLS 214-178] Inlining function 'nnet::array<ap_fixed<8, 2, (ap_q_mode)5, (ap_o_mode)3, 0>, 1u>::operator[](unsigned long) const' into 'void nnet::shift_line_buffer<nnet::array<ap_fixed<8, 2, (ap_q_mode)5, (ap_o_mode)3, 0>, 1u>, config2>(nnet::array<ap_fixed<8, 2, (ap_q_mode)5, (ap_o_mode)3, 0>, 1u> const&, ap_shift_reg<nnet::array<ap_fixed<8, 2, (ap_q_mode)5, (ap_o_mode)3, 0>, 1u>::value_type, config2::in_width> (*) [config2::n_chan], nnet::array<ap_fixed<8, 2, (ap_q_mode)5, (ap_o_mode)3, 0>, 1u>::value_type*)' (firmware/nnet_utils/nnet_conv_stream.h:219:0)
INFO: [HLS 214-178] Inlining function 'std::enable_if<!(std::is_same<ap_fixed<8, 2, (ap_q_mode)5, (ap_o_mode)3, 0>, ap_uint<1> >::value), ap_fixed<8, 2, (ap_q_mode)5, (ap_o_mode)3, 0> >::type nnet::cast<ap_fixed<8, 2, (ap_q_mode)5, (ap_o_mode)3, 0>, ap_fixed<8, 2, (ap_q_mode)5, (ap_o_mode)3, 0>, config2_mult>(config2_mult::accum_t)' into 'void nnet::dense_resource_rf_gt_nin_rem0<ap_fixed<8, 2, (ap_q_mode)5, (ap_o_mode)3, 0>, ap_fixed<8, 2, (ap_q_mode)5, (ap_o_mode)3, 0>, config2_mult>(ap_fixed<8, 2, (ap_q_mode)5, (ap_o_mode)3, 0>*, ap_fixed<8, 2, (ap_q_mode)5, (ap_o_mode)3, 0>*, config2_mult::weight_t*, config2_mult::bias_t*)' (firmware/nnet_utils/nnet_dense_resource.h:89:0)
INFO: [HLS 214-178] Inlining function 'nnet::array<ap_fixed<8, 2, (ap_q_mode)5, (ap_o_mode)3, 0>, 2u>::operator[](unsigned long)' into 'void nnet::compute_output_buffer_2d<nnet::array<ap_fixed<8, 2, (ap_q_mode)5, (ap_o_mode)3, 0>, 1u>, nnet::array<ap_fixed<8, 2, (ap_q_mode)5, (ap_o_mode)3, 0>, 2u>, config2>(nnet::array<ap_fixed<8, 2, (ap_q_mode)5, (ap_o_mode)3, 0>, 1u> const&, ap_shift_reg<nnet::array<ap_fixed<8, 2, (ap_q_mode)5, (ap_o_mode)3, 0>, 1u>::value_type, config2::in_width> (*) [config2::n_chan], hls::stream<nnet::array<ap_fixed<8, 2, (ap_q_mode)5, (ap_o_mode)3, 0>, 2u>, 0>&, config2::weight_t*, config2::bias_t*)' (firmware/nnet_utils/nnet_conv_stream.h:257:0)
INFO: [HLS 214-178] Inlining function 'void nnet::conv_2d_buffer_cl<nnet::array<ap_fixed<8, 2, (ap_q_mode)5, (ap_o_mode)3, 0>, 1u>, nnet::array<ap_fixed<8, 2, (ap_q_mode)5, (ap_o_mode)3, 0>, 2u>, config2>(hls::stream<nnet::array<ap_fixed<8, 2, (ap_q_mode)5, (ap_o_mode)3, 0>, 1u>, 0>&, hls::stream<nnet::array<ap_fixed<8, 2, (ap_q_mode)5, (ap_o_mode)3, 0>, 2u>, 0>&, config2::weight_t*, config2::bias_t*)' into 'void nnet::conv_2d_cl<nnet::array<ap_fixed<8, 2, (ap_q_mode)5, (ap_o_mode)3, 0>, 1u>, nnet::array<ap_fixed<8, 2, (ap_q_mode)5, (ap_o_mode)3, 0>, 2u>, config2>(hls::stream<nnet::array<ap_fixed<8, 2, (ap_q_mode)5, (ap_o_mode)3, 0>, 1u>, 0>&, hls::stream<nnet::array<ap_fixed<8, 2, (ap_q_mode)5, (ap_o_mode)3, 0>, 2u>, 0>&, config2::weight_t*, config2::bias_t*)' (firmware/nnet_utils/nnet_conv2d_stream.h:105:0)
INFO: [HLS 214-178] Inlining function 'nnet::array<ap_fixed<8, 2, (ap_q_mode)5, (ap_o_mode)3, 0>, 2u>::operator[](unsigned long)' into 'void nnet::relu<nnet::array<ap_fixed<8, 2, (ap_q_mode)5, (ap_o_mode)3, 0>, 2u>, nnet::array<ap_fixed<8, 2, (ap_q_mode)5, (ap_o_mode)3, 0>, 2u>, relu_config3>(hls::stream<nnet::array<ap_fixed<8, 2, (ap_q_mode)5, (ap_o_mode)3, 0>, 2u>, 0>&, hls::stream<nnet::array<ap_fixed<8, 2, (ap_q_mode)5, (ap_o_mode)3, 0>, 2u>, 0>&)' (firmware/nnet_utils/nnet_activation_stream.h:39:0)
INFO: [HLS 214-178] Inlining function 'nnet::array<ap_fixed<8, 2, (ap_q_mode)5, (ap_o_mode)3, 0>, 2u>::operator[](unsigned long)' into 'void nnet::zeropad2d_cl<nnet::array<ap_fixed<8, 2, (ap_q_mode)5, (ap_o_mode)3, 0>, 2u>, nnet::array<ap_fixed<8, 2, (ap_q_mode)5, (ap_o_mode)3, 0>, 2u>, config6>(hls::stream<nnet::array<ap_fixed<8, 2, (ap_q_mode)5, (ap_o_mode)3, 0>, 2u>, 0>&, hls::stream<nnet::array<ap_fixed<8, 2, (ap_q_mode)5, (ap_o_mode)3, 0>, 2u>, 0>&)' (firmware/nnet_utils/nnet_padding_stream.h:48:0)
INFO: [HLS 214-178] Inlining function 'nnet::array<ap_fixed<8, 2, (ap_q_mode)5, (ap_o_mode)3, 0>, 2u>::operator[](unsigned long) const' into 'void nnet::shift_line_buffer<nnet::array<ap_fixed<8, 2, (ap_q_mode)5, (ap_o_mode)3, 0>, 2u>, config4>(nnet::array<ap_fixed<8, 2, (ap_q_mode)5, (ap_o_mode)3, 0>, 2u> const&, ap_shift_reg<nnet::array<ap_fixed<8, 2, (ap_q_mode)5, (ap_o_mode)3, 0>, 2u>::value_type, config4::in_width> (*) [config4::n_chan], nnet::array<ap_fixed<8, 2, (ap_q_mode)5, (ap_o_mode)3, 0>, 2u>::value_type*)' (firmware/nnet_utils/nnet_conv_stream.h:219:0)
INFO: [HLS 214-178] Inlining function 'std::enable_if<!(std::is_same<ap_fixed<8, 2, (ap_q_mode)5, (ap_o_mode)3, 0>, ap_uint<1> >::value), ap_fixed<8, 2, (ap_q_mode)5, (ap_o_mode)3, 0> >::type nnet::cast<ap_fixed<8, 2, (ap_q_mode)5, (ap_o_mode)3, 0>, ap_fixed<8, 2, (ap_q_mode)5, (ap_o_mode)3, 0>, config4_mult>(config4_mult::accum_t)' into 'void nnet::dense_resource_rf_leq_nin<ap_fixed<8, 2, (ap_q_mode)5, (ap_o_mode)3, 0>, ap_fixed<8, 2, (ap_q_mode)5, (ap_o_mode)3, 0>, config4_mult>(ap_fixed<8, 2, (ap_q_mode)5, (ap_o_mode)3, 0>*, ap_fixed<8, 2, (ap_q_mode)5, (ap_o_mode)3, 0>*, config4_mult::weight_t*, config4_mult::bias_t*)' (firmware/nnet_utils/nnet_dense_resource.h:15:0)
INFO: [HLS 214-178] Inlining function 'nnet::array<ap_fixed<8, 2, (ap_q_mode)5, (ap_o_mode)3, 0>, 1u>::operator[](unsigned long)' into 'void nnet::compute_output_buffer_2d<nnet::array<ap_fixed<8, 2, (ap_q_mode)5, (ap_o_mode)3, 0>, 2u>, nnet::array<ap_fixed<8, 2, (ap_q_mode)5, (ap_o_mode)3, 0>, 1u>, config4>(nnet::array<ap_fixed<8, 2, (ap_q_mode)5, (ap_o_mode)3, 0>, 2u> const&, ap_shift_reg<nnet::array<ap_fixed<8, 2, (ap_q_mode)5, (ap_o_mode)3, 0>, 2u>::value_type, config4::in_width> (*) [config4::n_chan], hls::stream<nnet::array<ap_fixed<8, 2, (ap_q_mode)5, (ap_o_mode)3, 0>, 1u>, 0>&, config4::weight_t*, config4::bias_t*)' (firmware/nnet_utils/nnet_conv_stream.h:257:0)
INFO: [HLS 214-178] Inlining function 'void nnet::conv_2d_buffer_cl<nnet::array<ap_fixed<8, 2, (ap_q_mode)5, (ap_o_mode)3, 0>, 2u>, nnet::array<ap_fixed<8, 2, (ap_q_mode)5, (ap_o_mode)3, 0>, 1u>, config4>(hls::stream<nnet::array<ap_fixed<8, 2, (ap_q_mode)5, (ap_o_mode)3, 0>, 2u>, 0>&, hls::stream<nnet::array<ap_fixed<8, 2, (ap_q_mode)5, (ap_o_mode)3, 0>, 1u>, 0>&, config4::weight_t*, config4::bias_t*)' into 'void nnet::conv_2d_cl<nnet::array<ap_fixed<8, 2, (ap_q_mode)5, (ap_o_mode)3, 0>, 2u>, nnet::array<ap_fixed<8, 2, (ap_q_mode)5, (ap_o_mode)3, 0>, 1u>, config4>(hls::stream<nnet::array<ap_fixed<8, 2, (ap_q_mode)5, (ap_o_mode)3, 0>, 2u>, 0>&, hls::stream<nnet::array<ap_fixed<8, 2, (ap_q_mode)5, (ap_o_mode)3, 0>, 1u>, 0>&, config4::weight_t*, config4::bias_t*)' (firmware/nnet_utils/nnet_conv2d_stream.h:105:0)
INFO: [HLS 214-248] Applying array_partition to '_ZZN4nnet17conv_2d_buffer_clINS_5arrayI8ap_fixedILi8ELi2EL9ap_q_mode5EL9ap_o_mode3ELi0EELj2EEENS1_IS5_Lj1EEE7config4EEvRN3hls6streamIT_Li0EEERNSA_IT0_Li0EEEPNT1_8weight_tEPNSH_6bias_tEE11line_buffer': Complete partitioning on dimension 2. (firmware/nnet_utils/nnet_conv2d_stream.h:75:0)
INFO: [HLS 214-248] Applying array_partition to '_ZZN4nnet17conv_2d_buffer_clINS_5arrayI8ap_fixedILi8ELi2EL9ap_q_mode5EL9ap_o_mode3ELi0EELj1EEENS1_IS5_Lj2EEE7config2EEvRN3hls6streamIT_Li0EEERNSA_IT0_Li0EEEPNT1_8weight_tEPNSH_6bias_tEE11line_buffer': Complete partitioning on dimension 2. (firmware/nnet_utils/nnet_conv2d_stream.h:75:0)
INFO: [HLS 214-248] Applying array_partition to 'b2': Complete partitioning on dimension 1. (firmware/weights/b2.h:12:0)
INFO: [HLS 214-248] Applying array_partition to 'b4': Complete partitioning on dimension 1. (firmware/weights/b4.h:12:0)
INFO: [HLS 214-248] Applying array_partition to '_ZZN4nnet24compute_output_buffer_2dINS_5arrayI8ap_fixedILi8ELi2EL9ap_q_mode5EL9ap_o_mode3ELi0EELj2EEENS1_IS5_Lj1EEE7config4EEvRKT_PAsrT1_6n_chan_12ap_shift_regINS9_10value_typeEXsrSC_8in_widthEERN3hls6streamIT0_Li0EEEPNSC_8weight_tEPNSC_6bias_tEE11kernel_data': Complete partitioning on dimension 1. (firmware/nnet_utils/nnet_conv_stream.h:271:0)
INFO: [HLS 214-248] Applying array_partition to '_ZZN4nnet24compute_output_buffer_2dINS_5arrayI8ap_fixedILi8ELi2EL9ap_q_mode5EL9ap_o_mode3ELi0EELj1EEENS1_IS5_Lj2EEE7config2EEvRKT_PAsrT1_6n_chan_12ap_shift_regINS9_10value_typeEXsrSC_8in_widthEERN3hls6streamIT0_Li0EEEPNSC_8weight_tEPNSC_6bias_tEE11kernel_data': Complete partitioning on dimension 1. (firmware/nnet_utils/nnet_conv_stream.h:271:0)
INFO: [HLS 214-248] Applying array_partition to 'acc': Complete partitioning on dimension 1. (firmware/nnet_utils/nnet_dense_resource.h:110:32)
INFO: [HLS 214-248] Applying array_partition to 'res_out': Complete partitioning on dimension 1. (firmware/nnet_utils/nnet_conv_stream.h:274:29)
INFO: [HLS 214-241] Aggregating fifo (hls::stream) variable 'layer6_out' with compact=bit mode in 16-bits (firmware/myproject.cpp:41:24)
INFO: [HLS 214-241] Aggregating fifo (hls::stream) variable 'layer3_out' with compact=bit mode in 16-bits (firmware/myproject.cpp:38:24)
INFO: [HLS 214-241] Aggregating fifo (hls::stream) variable 'layer2_out' with compact=bit mode in 16-bits (firmware/myproject.cpp:35:24)
INFO: [HLS 214-241] Aggregating fifo (hls::stream) variable 'layer5_out' with compact=bit mode in 8-bits (firmware/myproject.cpp:32:24)
INFO: [HLS 214-241] Aggregating bram variable 'void nnet::conv_2d_buffer_cl<nnet::array<ap_fixed<8, 2, (ap_q_mode)5, (ap_o_mode)3, 0>, 1u>, nnet::array<ap_fixed<8, 2, (ap_q_mode)5, (ap_o_mode)3, 0>, 2u>, config2>(hls::stream<nnet::array<ap_fixed<8, 2, (ap_q_mode)5, (ap_o_mode)3, 0>, 1u>, 0>&, hls::stream<nnet::array<ap_fixed<8, 2, (ap_q_mode)5, (ap_o_mode)3, 0>, 2u>, 0>&, config2::weight_t*, config2::bias_t*)::line_buffer (.119)' with compact=bit mode in 8-bits
INFO: [HLS 214-241] Aggregating bram variable 'void nnet::conv_2d_buffer_cl<nnet::array<ap_fixed<8, 2, (ap_q_mode)5, (ap_o_mode)3, 0>, 2u>, nnet::array<ap_fixed<8, 2, (ap_q_mode)5, (ap_o_mode)3, 0>, 1u>, config4>(hls::stream<nnet::array<ap_fixed<8, 2, (ap_q_mode)5, (ap_o_mode)3, 0>, 2u>, 0>&, hls::stream<nnet::array<ap_fixed<8, 2, (ap_q_mode)5, (ap_o_mode)3, 0>, 1u>, 0>&, config4::weight_t*, config4::bias_t*)::line_buffer' with compact=bit mode in 8-bits
INFO: [HLS 214-270] Starting automatic array partition analysis...
INFO: [HLS 214-131] Inlining function '_llvm.fpga.pack.none.i8.s_struct.ap_fixed<8, 2, AP_TRN, AP_WRAP, 0>s' into '_llvm.fpga.unpack.bits.s_struct.nnet::array<ap_fixed<8, 2, AP_TRN, AP_WRAP, 0>, 1>s.i8.1'
INFO: [HLS 214-131] Inlining function '_llvm.fpga.pack.none.i8.s_struct.ssdm_int<8, true>s' into '_llvm.fpga.unpack.bits.s_struct.ap_fixed<8, 2, AP_TRN, AP_WRAP, 0>s.i8.1'
INFO: [HLS 214-131] Inlining function '_llvm.fpga.unpack.bits.s_struct.ap_fixed<8, 2, AP_TRN, AP_WRAP, 0>s.i8.1' into 'void nnet::shift_line_buffer<nnet::array<ap_fixed<8, 2, (ap_q_mode)5, (ap_o_mode)3, 0>, 1u>, config2>(nnet::array<ap_fixed<8, 2, (ap_q_mode)5, (ap_o_mode)3, 0>, 1u> const&, ap_shift_reg<nnet::array<ap_fixed<8, 2, (ap_q_mode)5, (ap_o_mode)3, 0>, 1u>::value_type, config2::in_width> (*) [config2::n_chan], nnet::array<ap_fixed<8, 2, (ap_q_mode)5, (ap_o_mode)3, 0>, 1u>::value_type*)' (C:/Xilinx/Vitis_HLS/2021.2/common/technology/autopilot\ap_shift_reg.h:130:31)
INFO: [HLS 214-131] Inlining function '_llvm.fpga.pack.none.i8.s_struct.ap_fixed<8, 2, AP_TRN, AP_WRAP, 0>s' into 'void nnet::shift_line_buffer<nnet::array<ap_fixed<8, 2, (ap_q_mode)5, (ap_o_mode)3, 0>, 1u>, config2>(nnet::array<ap_fixed<8, 2, (ap_q_mode)5, (ap_o_mode)3, 0>, 1u> const&, ap_shift_reg<nnet::array<ap_fixed<8, 2, (ap_q_mode)5, (ap_o_mode)3, 0>, 1u>::value_type, config2::in_width> (*) [config2::n_chan], nnet::array<ap_fixed<8, 2, (ap_q_mode)5, (ap_o_mode)3, 0>, 1u>::value_type*)' (C:/Xilinx/Vitis_HLS/2021.2/common/technology/autopilot\ap_shift_reg.h:131:9)
INFO: [HLS 214-131] Inlining function '_llvm.fpga.pack.none.i16.s_struct.nnet::array<ap_fixed<8, 2, AP_TRN, AP_WRAP, 0>, 2>s' into 'void nnet::compute_output_buffer_2d<nnet::array<ap_fixed<8, 2, (ap_q_mode)5, (ap_o_mode)3, 0>, 1u>, nnet::array<ap_fixed<8, 2, (ap_q_mode)5, (ap_o_mode)3, 0>, 2u>, config2>(nnet::array<ap_fixed<8, 2, (ap_q_mode)5, (ap_o_mode)3, 0>, 1u> const&, ap_shift_reg<nnet::array<ap_fixed<8, 2, (ap_q_mode)5, (ap_o_mode)3, 0>, 1u>::value_type, config2::in_width> (*) [config2::n_chan], hls::stream<nnet::array<ap_fixed<8, 2, (ap_q_mode)5, (ap_o_mode)3, 0>, 2u>, 0>&, config2::weight_t*, config2::bias_t*) (.1)' (C:/Xilinx/Vitis_HLS/2021.2/common/technology/autopilot/hls_stream_39.h:173:9)
INFO: [HLS 214-131] Inlining function '_llvm.fpga.pack.bits.i16.s_struct.nnet::array<ap_fixed<8, 2, AP_TRN, AP_WRAP, 0>, 2>s.1' into 'void nnet::compute_output_buffer_2d<nnet::array<ap_fixed<8, 2, (ap_q_mode)5, (ap_o_mode)3, 0>, 1u>, nnet::array<ap_fixed<8, 2, (ap_q_mode)5, (ap_o_mode)3, 0>, 2u>, config2>(nnet::array<ap_fixed<8, 2, (ap_q_mode)5, (ap_o_mode)3, 0>, 1u> const&, ap_shift_reg<nnet::array<ap_fixed<8, 2, (ap_q_mode)5, (ap_o_mode)3, 0>, 1u>::value_type, config2::in_width> (*) [config2::n_chan], hls::stream<nnet::array<ap_fixed<8, 2, (ap_q_mode)5, (ap_o_mode)3, 0>, 2u>, 0>&, config2::weight_t*, config2::bias_t*) (.1)' (C:/Xilinx/Vitis_HLS/2021.2/common/technology/autopilot/hls_stream_39.h:173:9)
INFO: [HLS 214-131] Inlining function '_llvm.fpga.unpack.bits.s_struct.nnet::array<ap_fixed<8, 2, AP_TRN, AP_WRAP, 0>, 1>s.i8.1' into 'void nnet::conv_2d_cl<nnet::array<ap_fixed<8, 2, (ap_q_mode)5, (ap_o_mode)3, 0>, 1u>, nnet::array<ap_fixed<8, 2, (ap_q_mode)5, (ap_o_mode)3, 0>, 2u>, config2>(hls::stream<nnet::array<ap_fixed<8, 2, (ap_q_mode)5, (ap_o_mode)3, 0>, 1u>, 0>&, hls::stream<nnet::array<ap_fixed<8, 2, (ap_q_mode)5, (ap_o_mode)3, 0>, 2u>, 0>&, config2::weight_t*, config2::bias_t*) (.1)' (C:/Xilinx/Vitis_HLS/2021.2/common/technology/autopilot/hls_stream_39.h:144:9)
INFO: [HLS 214-131] Inlining function '_llvm.fpga.pack.none.i16.a2s_struct.ap_fixed<8, 2, AP_TRN, AP_WRAP, 0>s' into '_llvm.fpga.unpack.bits.s_struct.nnet::array<ap_fixed<8, 2, AP_TRN, AP_WRAP, 0>, 2>s.i16.1'
INFO: [HLS 214-131] Inlining function '_llvm.fpga.unpack.bits.s_struct.nnet::array<ap_fixed<8, 2, AP_TRN, AP_WRAP, 0>, 2>s.i16.1' into 'void nnet::relu<nnet::array<ap_fixed<8, 2, (ap_q_mode)5, (ap_o_mode)3, 0>, 2u>, nnet::array<ap_fixed<8, 2, (ap_q_mode)5, (ap_o_mode)3, 0>, 2u>, relu_config3>(hls::stream<nnet::array<ap_fixed<8, 2, (ap_q_mode)5, (ap_o_mode)3, 0>, 2u>, 0>&, hls::stream<nnet::array<ap_fixed<8, 2, (ap_q_mode)5, (ap_o_mode)3, 0>, 2u>, 0>&) (.1)' (C:/Xilinx/Vitis_HLS/2021.2/common/technology/autopilot/hls_stream_39.h:144:9)
INFO: [HLS 214-131] Inlining function '_llvm.fpga.pack.bits.i16.s_struct.nnet::array<ap_fixed<8, 2, AP_TRN, AP_WRAP, 0>, 2>s.1' into 'void nnet::relu<nnet::array<ap_fixed<8, 2, (ap_q_mode)5, (ap_o_mode)3, 0>, 2u>, nnet::array<ap_fixed<8, 2, (ap_q_mode)5, (ap_o_mode)3, 0>, 2u>, relu_config3>(hls::stream<nnet::array<ap_fixed<8, 2, (ap_q_mode)5, (ap_o_mode)3, 0>, 2u>, 0>&, hls::stream<nnet::array<ap_fixed<8, 2, (ap_q_mode)5, (ap_o_mode)3, 0>, 2u>, 0>&) (.1)' (C:/Xilinx/Vitis_HLS/2021.2/common/technology/autopilot/hls_stream_39.h:173:9)
INFO: [HLS 214-131] Inlining function '_llvm.fpga.pack.none.i16.s_struct.nnet::array<ap_fixed<8, 2, AP_TRN, AP_WRAP, 0>, 2>s' into 'void nnet::relu<nnet::array<ap_fixed<8, 2, (ap_q_mode)5, (ap_o_mode)3, 0>, 2u>, nnet::array<ap_fixed<8, 2, (ap_q_mode)5, (ap_o_mode)3, 0>, 2u>, relu_config3>(hls::stream<nnet::array<ap_fixed<8, 2, (ap_q_mode)5, (ap_o_mode)3, 0>, 2u>, 0>&, hls::stream<nnet::array<ap_fixed<8, 2, (ap_q_mode)5, (ap_o_mode)3, 0>, 2u>, 0>&) (.1)' (C:/Xilinx/Vitis_HLS/2021.2/common/technology/autopilot/hls_stream_39.h:173:9)
INFO: [HLS 214-131] Inlining function '_llvm.fpga.pack.bits.i16.s_struct.nnet::array<ap_fixed<8, 2, AP_TRN, AP_WRAP, 0>, 2>s.1' into 'void nnet::zeropad2d_cl<nnet::array<ap_fixed<8, 2, (ap_q_mode)5, (ap_o_mode)3, 0>, 2u>, nnet::array<ap_fixed<8, 2, (ap_q_mode)5, (ap_o_mode)3, 0>, 2u>, config6>(hls::stream<nnet::array<ap_fixed<8, 2, (ap_q_mode)5, (ap_o_mode)3, 0>, 2u>, 0>&, hls::stream<nnet::array<ap_fixed<8, 2, (ap_q_mode)5, (ap_o_mode)3, 0>, 2u>, 0>&) (.1)' (C:/Xilinx/Vitis_HLS/2021.2/common/technology/autopilot/hls_stream_39.h:173:9)
INFO: [HLS 214-131] Inlining function '_llvm.fpga.unpack.bits.s_struct.nnet::array<ap_fixed<8, 2, AP_TRN, AP_WRAP, 0>, 2>s.i16.1' into 'void nnet::zeropad2d_cl<nnet::array<ap_fixed<8, 2, (ap_q_mode)5, (ap_o_mode)3, 0>, 2u>, nnet::array<ap_fixed<8, 2, (ap_q_mode)5, (ap_o_mode)3, 0>, 2u>, config6>(hls::stream<nnet::array<ap_fixed<8, 2, (ap_q_mode)5, (ap_o_mode)3, 0>, 2u>, 0>&, hls::stream<nnet::array<ap_fixed<8, 2, (ap_q_mode)5, (ap_o_mode)3, 0>, 2u>, 0>&) (.1)' (C:/Xilinx/Vitis_HLS/2021.2/common/technology/autopilot/hls_stream_39.h:144:9)
INFO: [HLS 214-131] Inlining function '_llvm.fpga.unpack.bits.s_struct.ap_fixed<8, 2, AP_TRN, AP_WRAP, 0>s.i8.1' into 'void nnet::shift_line_buffer<nnet::array<ap_fixed<8, 2, (ap_q_mode)5, (ap_o_mode)3, 0>, 2u>, config4>(nnet::array<ap_fixed<8, 2, (ap_q_mode)5, (ap_o_mode)3, 0>, 2u> const&, ap_shift_reg<nnet::array<ap_fixed<8, 2, (ap_q_mode)5, (ap_o_mode)3, 0>, 2u>::value_type, config4::in_width> (*) [config4::n_chan], nnet::array<ap_fixed<8, 2, (ap_q_mode)5, (ap_o_mode)3, 0>, 2u>::value_type*)' (C:/Xilinx/Vitis_HLS/2021.2/common/technology/autopilot\ap_shift_reg.h:130:31)
INFO: [HLS 214-131] Inlining function '_llvm.fpga.pack.none.i8.s_struct.ap_fixed<8, 2, AP_TRN, AP_WRAP, 0>s' into 'void nnet::shift_line_buffer<nnet::array<ap_fixed<8, 2, (ap_q_mode)5, (ap_o_mode)3, 0>, 2u>, config4>(nnet::array<ap_fixed<8, 2, (ap_q_mode)5, (ap_o_mode)3, 0>, 2u> const&, ap_shift_reg<nnet::array<ap_fixed<8, 2, (ap_q_mode)5, (ap_o_mode)3, 0>, 2u>::value_type, config4::in_width> (*) [config4::n_chan], nnet::array<ap_fixed<8, 2, (ap_q_mode)5, (ap_o_mode)3, 0>, 2u>::value_type*)' (C:/Xilinx/Vitis_HLS/2021.2/common/technology/autopilot\ap_shift_reg.h:131:9)
INFO: [HLS 214-131] Inlining function '_llvm.fpga.pack.none.i8.s_struct.nnet::array<ap_fixed<8, 2, AP_TRN, AP_WRAP, 0>, 1>s' into 'void nnet::compute_output_buffer_2d<nnet::array<ap_fixed<8, 2, (ap_q_mode)5, (ap_o_mode)3, 0>, 2u>, nnet::array<ap_fixed<8, 2, (ap_q_mode)5, (ap_o_mode)3, 0>, 1u>, config4>(nnet::array<ap_fixed<8, 2, (ap_q_mode)5, (ap_o_mode)3, 0>, 2u> const&, ap_shift_reg<nnet::array<ap_fixed<8, 2, (ap_q_mode)5, (ap_o_mode)3, 0>, 2u>::value_type, config4::in_width> (*) [config4::n_chan], hls::stream<nnet::array<ap_fixed<8, 2, (ap_q_mode)5, (ap_o_mode)3, 0>, 1u>, 0>&, config4::weight_t*, config4::bias_t*) (.1)' (C:/Xilinx/Vitis_HLS/2021.2/common/technology/autopilot/hls_stream_39.h:173:9)
INFO: [HLS 214-131] Inlining function '_llvm.fpga.unpack.bits.s_struct.nnet::array<ap_fixed<8, 2, AP_TRN, AP_WRAP, 0>, 2>s.i16.1' into 'void nnet::conv_2d_cl<nnet::array<ap_fixed<8, 2, (ap_q_mode)5, (ap_o_mode)3, 0>, 2u>, nnet::array<ap_fixed<8, 2, (ap_q_mode)5, (ap_o_mode)3, 0>, 1u>, config4>(hls::stream<nnet::array<ap_fixed<8, 2, (ap_q_mode)5, (ap_o_mode)3, 0>, 2u>, 0>&, hls::stream<nnet::array<ap_fixed<8, 2, (ap_q_mode)5, (ap_o_mode)3, 0>, 1u>, 0>&, config4::weight_t*, config4::bias_t*) (.1)' (C:/Xilinx/Vitis_HLS/2021.2/common/technology/autopilot/hls_stream_39.h:144:9)
INFO-FLOW: DBG:PUTS: copy_raw_kernel_xml ap_link_39: kernel.xml not generated: C:/Users/brand/Documents/engs192/zybo-edge-ai/hls/edge_cnn_minimal_hls/myproject_prj/solution1/.autopilot/db/kernel.internal.xml
INFO: [HLS 200-111] Finished Compiling Optimization and Transform: CPU user time: 1 seconds. CPU system time: 1 seconds. Elapsed time: 9.44 seconds; current allocated memory: 1.163 GB.
INFO: [HLS 200-111] Finished Checking Pragmas: CPU user time: 0 seconds. CPU system time: 0 seconds. Elapsed time: 0.003 seconds; current allocated memory: 1.163 GB.
Execute         opt_and_import_c a -opt_level=2 -skip_syncheck=0 -ng=0 -keep_printf=0 
Execute           cleanup_all_models 
INFO: [HLS 200-10] Starting code transformations ...
INFO-FLOW: Running Standard Transforms...
Execute           transform -hls -share-std-xform -demangle-name -inline-byval-memcpy -always-inline -promote-dbg-pointer -interface-preproc -mem2reg -scalarrepl -mem2reg -keep-read-access -instcombine -dce -promote-dbg-pointer -bitop-raise -loop-simplify -indvarspre -indvars -loop-simplify -xunroll -constprop -instcombine -simplifycfg -indvars -simplifycfg -dce -globaldce -basicaa -simplifycfg -mem2reg -globalopt -global-constprop -deadargelim -instcombine -simplifycfg -scalarrepl -instcombine -reassociate -licm -simplifycfg -loop-simplify -indvars -instcombine -simplifycfg -mem2reg -loop-simplify -indvars -instcombine -gvn -gvn -instcombine -adce -break-crit-edges -simplifycfg -loop-delete -global-array-opt -dce -dse -adce -find-syn-modules -top myproject -deadargelim -mem2reg -instcombine -dce -presyn-prepare -auto-rom-infer -interface-preproc -syn-check -check-rec-only -find-region -simplifycfg -func-extr -function-inline -globaldce -mem2reg -instcombine -dce -gvn -globaldce -adce -adse -constprop -instcombine -bit-constprop -instcombine -dce -simplifycfg -bitop-raise -simplifycfg -dce -loop-delete -reassociate -globalopt -global-privatize -mem2reg -dce -global-constprop -pointer-simplify -constprop -dce -func-inst -deadargelim -auto-shift-reg-idiom -promote-dbg-pointer -norm-name C:/Users/brand/Documents/engs192/zybo-edge-ai/hls/edge_cnn_minimal_hls/myproject_prj/solution1/.autopilot/db/a.g.0.bc -o C:/Users/brand/Documents/engs192/zybo-edge-ai/hls/edge_cnn_minimal_hls/myproject_prj/solution1/.autopilot/db/a.g.1.bc -f -phase std-opt 
Command           transform done; 0.209 sec.
INFO: [HLS 200-111] Finished Standard Transforms: CPU user time: 1 seconds. CPU system time: 0 seconds. Elapsed time: 0.246 seconds; current allocated memory: 1.163 GB.
INFO: [HLS 200-10] Checking synthesizability ...
INFO-FLOW: Checking Synthesizability 1/2..
Execute           transform -hls -syn-check -check-rec-only -scalarrepl -norm-name -dce -mem2reg -instcombine -function-uniquify -directive-preproc -mem2reg -dse -dce -auto-rom-infer -dce -pag -array-normalize -instcombine -dce -array-seg-normalize -instcombine -dce -data-pack -instcombine -dce -inst-simplify -array-flatten -instcombine -dce -array-burst -dce -deadargelim -promote-global-argument -simplifycfg -mem2reg -globaldce -dce -deadargelim -dce -instcombine -function-inline -globaldce -dce -doublePtrSimplify -doublePtrElim -dce -doublePtrSimplify -promote-dbg-pointer -dce -scalarrepl -dse -adse -instcombine -ptrLegalization -simplifycfg -dce -instcombine -pointer-simplify -ptrArgReplace -dce -instcombine -resolve-double-ptr -scalarrepl -norm-name -dce -mem2reg -instcombine -ptrLegalization -simplifycfg -deadargelim -instcombine -dce -inst-simplify -function-uniquify -directive-preproc -mem2reg -dse -dce -globaldce -check-dspbuiltin C:/Users/brand/Documents/engs192/zybo-edge-ai/hls/edge_cnn_minimal_hls/myproject_prj/solution1/.autopilot/db/a.g.1.bc -o C:/Users/brand/Documents/engs192/zybo-edge-ai/hls/edge_cnn_minimal_hls/myproject_prj/solution1/.autopilot/db/a.g.2.prechk.bc -f 
Command           transform done; 0.16 sec.
INFO-FLOW: Checking Synthesizability 2/2..
Execute           transform -syn-check C:/Users/brand/Documents/engs192/zybo-edge-ai/hls/edge_cnn_minimal_hls/myproject_prj/solution1/.autopilot/db/a.g.2.prechk.bc -o C:/Users/brand/Documents/engs192/zybo-edge-ai/hls/edge_cnn_minimal_hls/myproject_prj/solution1/.autopilot/db/a.g.2.bc -f -phase syn-check 
Command           transform done; 0.111 sec.
INFO: [HLS 200-111] Finished Checking Synthesizability: CPU user time: 0 seconds. CPU system time: 0 seconds. Elapsed time: 0.291 seconds; current allocated memory: 1.163 GB.
INFO-FLOW: Compiler optimizing ...
INFO-FLOW: Share syncheck's 1.bc for syn flow: copy C:/Users/brand/Documents/engs192/zybo-edge-ai/hls/edge_cnn_minimal_hls/myproject_prj/solution1/.autopilot/db/a.g.1.bc to C:/Users/brand/Documents/engs192/zybo-edge-ai/hls/edge_cnn_minimal_hls/myproject_prj/solution1/.autopilot/db/a.o.1.bc
INFO-FLOW: Presyn 1...
Execute           transform -hls -tmp C:/Users/brand/Documents/engs192/zybo-edge-ai/hls/edge_cnn_minimal_hls/myproject_prj/solution1/.autopilot/db -interface-port-rename -function-uniquify -directive-preproc -mem2reg -dse -dce -scalarrepl -norm-name -deadargelim -mem2reg -instcombine -dce -simplifycfg -auto-rom-infer -dce -function-uniquify -resource-proc -clib-intrinsic-prepare -dce -func-buffer -dce -pag -array-normalize -func-legal -instcombine -gvn -constprop -dce -simplifycfg -mem2reg -globaldce -resolve-double-ptr -dce -deadargelim -dce -instcombine -ptrArgReplace -mem2reg -dce -array-seg-normalize -deadargelim -instcombine -dce -function-uniquify -directive-preproc -mem2reg -dse -dce -pointer-simplify -dce -port-alignment -dce -interface-preproc -data-pack -instcombine -dce -basicaa -aggr-aa -aggrmodref-aa -aggr-aa -gvn -gvn -basicaa -aggr-aa -aggrmodref-aa -aggr-aa -dse -adse -adce -loop-simplify -indvars -instcombine -gvn -loop-simplify -mem2reg -dce -find-region -instcombine -auto-loop-pipeline -inst-simplify -interface-preproc -cfgopt -instcombine -indvars -auto-loop-unroll -loop-simplify -loop-bound -xunroll -constprop -instcombine -simplifycfg -indvars -simplifycfg -dce -globaldce -clean-region -attach-range -gvn -inst-simplify -constprop -simplifycfg -dce -pointer-simplify -dce -globalopt -constprop -dce -array-promote -constprop -dce -ptrArgReplace -mem2reg -simplifycfg -dce -instcombine -dce -array-transform-check -array-reshape -instcombine -simplifycfg -dce -ptrArgReplace -deadargelim -mem2reg -instcombine -simplifycfg -dce -indvars -loop-simplify -loop-bound -xunroll -constprop -instcombine -simplifycfg -indvars -simplifycfg -dce -globaldce -basicaa -aggr-aa -aggrmodref-aa -aggr-aa -dse -duplicate-dataflow-processes -globaldce -instcombine -array-partition -instcombine -simplifycfg -dce -ptrArgReplace -global-constprop -deadargelim -mem2reg -func-legal -dce -global-constprop -deadargelim -mem2reg -simplifycfg -dce -merge-param -deadargelim -globalopt -constprop -dce -array-promote -constprop -dce -ptrArgReplace -mem2reg -simplifycfg -dce -mem-intrinsic-preproc -dce -global-internalize -global-privatize -mem2reg -globaldce -promote-global-argument -ptrArgReplace -mem2reg -dce -globalopt -mergereturn -simplify-global-access -mem2reg -dce -pointer-simplify -dce -functionattrs -basicaa -aggr-aa -aggrmodref-aa -aggr-aa -gvn -gvn -basicaa -aggr-aa -aggrmodref-aa -aggr-aa -dse -adse -adce -dce -norm-name -basicaa -aggr-aa -aggrmodref-aa -aggr-aa -accesses-merge -function-inline -complex-op-raise -inst-simplify -globaldce -func-inst -constprop -instcombine -simplifycfg -dce -func-legal -dce -loop-bound -arraycheck -bitwidthmin2 -bitwidthmin2 -on-by-dataflow -loop-delete -instcombine -simplifycfg -globaldce -dce -gvn -deadargelim -dce -loop-simplify -clean-region -simplifycfg -propagate-stable-arguments -loop-stream -instcombine -simplifycfg -dce -globaldce -duplicate-dataflow-processes -stream-intrinsic-preproc -dce -check-ap-stream -loop-simplify -eliminate-keepreads -extract-dataflow-in-loop -loop-simplify -dce -gvn -deadargelim -dse -duplicate-dataflow-processes -check-dataflow-syntax -legalize-stream-variable -legalize-global -extract-subproc -dce -dead-channel-elimination -canonicalize-gep -globaldce -dce -gvn -hls-dead-arg-elim -deadargelim -directive-preproc -annotate-dataflow-channels -scalar-preprocessing -scalar-propagation2 -deadargelim -globaldce -mem2reg -check-dataflow-channels -function-stream -dce -globaldce -prop-fifo-spec -internal-stream-gen -canonicalize-gep -globaldce -dce -gvn -deadargelim -mergereturn -indvars -loop-simplify -instcombine -array-stream -array-seg-normalize -array-partition -func-legal -instcombine -simplifycfg -dce -bundle-memfifo-ops -deadargelim -function-uniquify -directive-preproc -mem2reg -dse -dce -group-axi-access -licm -simplifycfg -dce -loop-delete -hls-display -norm-name C:/Users/brand/Documents/engs192/zybo-edge-ai/hls/edge_cnn_minimal_hls/myproject_prj/solution1/.autopilot/db/a.o.1.bc -o C:/Users/brand/Documents/engs192/zybo-edge-ai/hls/edge_cnn_minimal_hls/myproject_prj/solution1/.autopilot/db/a.o.1.tmp.bc -f 
INFO: [XFORM 203-510] Pipelining loop 'PadTopWidth' (firmware/nnet_utils/nnet_padding_stream.h:53) in function 'nnet::zeropad2d_cl<nnet::array<ap_fixed<8, 2, (ap_q_mode)5, (ap_o_mode)3, 0>, 2u>, nnet::array<ap_fixed<8, 2, (ap_q_mode)5, (ap_o_mode)3, 0>, 2u>, config6>' automatically.
INFO: [XFORM 203-510] Pipelining loop 'CopyMain' (C:/Xilinx/Vitis_HLS/2021.2/common/technology/autopilot/hls_stream_39.h:143) in function 'nnet::zeropad2d_cl<nnet::array<ap_fixed<8, 2, (ap_q_mode)5, (ap_o_mode)3, 0>, 2u>, nnet::array<ap_fixed<8, 2, (ap_q_mode)5, (ap_o_mode)3, 0>, 2u>, config6>' automatically.
INFO: [XFORM 203-510] Pipelining loop 'PadBottomWidth' (firmware/nnet_utils/nnet_padding_stream.h:77) in function 'nnet::zeropad2d_cl<nnet::array<ap_fixed<8, 2, (ap_q_mode)5, (ap_o_mode)3, 0>, 2u>, nnet::array<ap_fixed<8, 2, (ap_q_mode)5, (ap_o_mode)3, 0>, 2u>, config6>' automatically.
INFO: [XFORM 203-510] Pipelining loop 'PadTopWidth' (firmware/nnet_utils/nnet_padding_stream.h:53) in function 'nnet::zeropad2d_cl<nnet::array<ap_fixed<8, 2, (ap_q_mode)5, (ap_o_mode)3, 0>, 1u>, nnet::array<ap_fixed<8, 2, (ap_q_mode)5, (ap_o_mode)3, 0>, 1u>, config5>' automatically.
INFO: [XFORM 203-510] Pipelining loop 'CopyMain' (firmware/nnet_utils/nnet_padding_stream.h:18) in function 'nnet::zeropad2d_cl<nnet::array<ap_fixed<8, 2, (ap_q_mode)5, (ap_o_mode)3, 0>, 1u>, nnet::array<ap_fixed<8, 2, (ap_q_mode)5, (ap_o_mode)3, 0>, 1u>, config5>' automatically.
INFO: [XFORM 203-510] Pipelining loop 'PadBottomWidth' (firmware/nnet_utils/nnet_padding_stream.h:77) in function 'nnet::zeropad2d_cl<nnet::array<ap_fixed<8, 2, (ap_q_mode)5, (ap_o_mode)3, 0>, 1u>, nnet::array<ap_fixed<8, 2, (ap_q_mode)5, (ap_o_mode)3, 0>, 1u>, config5>' automatically.
INFO: [XFORM 203-102] Partitioning array 'tmp.data.V' (C:/Xilinx/Vitis_HLS/2021.2/common/technology/autopilot/hls_stream_39.h:154) automatically.
INFO: [XFORM 203-102] Partitioning array 'tmp.data.V' (C:/Xilinx/Vitis_HLS/2021.2/common/technology/autopilot/hls_stream_39.h:154) automatically.
INFO: [XFORM 203-102] Automatically partitioning shift register array 'void conv_2d_buffer_cl<array<ap_fixed<8, 2, 5, 3, 0>, 2u>, array<ap_fixed<8, 2, 5, 3, 0>, 1u>, config4>(stream<array<ap_fixed<8, 2, 5, 3, 0>, 2u>, 0>&, stream<array<ap_fixed<8, 2, 5, 3, 0>, 1u>, 0>&, weight_t*, bias_t*)line_buffer.1' .
INFO: [XFORM 203-102] Automatically partitioning shift register array 'void conv_2d_buffer_cl<array<ap_fixed<8, 2, 5, 3, 0>, 2u>, array<ap_fixed<8, 2, 5, 3, 0>, 1u>, config4>(stream<array<ap_fixed<8, 2, 5, 3, 0>, 2u>, 0>&, stream<array<ap_fixed<8, 2, 5, 3, 0>, 1u>, 0>&, weight_t*, bias_t*)line_buffer' .
INFO: [XFORM 203-102] Automatically partitioning shift register array 'void conv_2d_buffer_cl<array<ap_fixed<8, 2, 5, 3, 0>, 1u>, array<ap_fixed<8, 2, 5, 3, 0>, 2u>, config2>(stream<array<ap_fixed<8, 2, 5, 3, 0>, 1u>, 0>&, stream<array<ap_fixed<8, 2, 5, 3, 0>, 2u>, 0>&, weight_t*, bias_t*)line_buffer' .
INFO: [XFORM 203-101] Partitioning array 'void conv_2d_buffer_cl<array<ap_fixed<8, 2, 5, 3, 0>, 2u>, array<ap_fixed<8, 2, 5, 3, 0>, 1u>, config4>(stream<array<ap_fixed<8, 2, 5, 3, 0>, 2u>, 0>&, stream<array<ap_fixed<8, 2, 5, 3, 0>, 1u>, 0>&, weight_t*, bias_t*)line_buffer' in dimension 1 completely.
INFO: [XFORM 203-101] Partitioning array 'void conv_2d_buffer_cl<array<ap_fixed<8, 2, 5, 3, 0>, 2u>, array<ap_fixed<8, 2, 5, 3, 0>, 1u>, config4>(stream<array<ap_fixed<8, 2, 5, 3, 0>, 2u>, 0>&, stream<array<ap_fixed<8, 2, 5, 3, 0>, 1u>, 0>&, weight_t*, bias_t*)line_buffer.1' in dimension 1 completely.
INFO: [XFORM 203-101] Partitioning array 'void conv_2d_buffer_cl<array<ap_fixed<8, 2, 5, 3, 0>, 1u>, array<ap_fixed<8, 2, 5, 3, 0>, 2u>, config2>(stream<array<ap_fixed<8, 2, 5, 3, 0>, 1u>, 0>&, stream<array<ap_fixed<8, 2, 5, 3, 0>, 2u>, 0>&, weight_t*, bias_t*)line_buffer' in dimension 1 completely.
WARNING: [HLS 200-786] Detected dataflow-on-top in function  'myproject' (firmware/myproject.cpp:8)  with default interface mode 'ap_ctrl_hs'. Overlapped execution of successive kernel calls will not happen unless interface mode 'ap_ctrl_chain' is used (or 'ap_ctrl_none' for a purely data-driven design).
INFO: [XFORM 203-712] Applying dataflow to function 'myproject' (firmware/myproject.cpp:8), detected/extracted 5 process function(s): 
	 'nnet::zeropad2d_cl<nnet::array<ap_fixed<8, 2, (ap_q_mode)5, (ap_o_mode)3, 0>, 1u>, nnet::array<ap_fixed<8, 2, (ap_q_mode)5, (ap_o_mode)3, 0>, 1u>, config5>'
	 'nnet::conv_2d_cl<nnet::array<ap_fixed<8, 2, (ap_q_mode)5, (ap_o_mode)3, 0>, 1u>, nnet::array<ap_fixed<8, 2, (ap_q_mode)5, (ap_o_mode)3, 0>, 2u>, config2>'
	 'nnet::relu<nnet::array<ap_fixed<8, 2, (ap_q_mode)5, (ap_o_mode)3, 0>, 2u>, nnet::array<ap_fixed<8, 2, (ap_q_mode)5, (ap_o_mode)3, 0>, 2u>, relu_config3>'
	 'nnet::zeropad2d_cl<nnet::array<ap_fixed<8, 2, (ap_q_mode)5, (ap_o_mode)3, 0>, 2u>, nnet::array<ap_fixed<8, 2, (ap_q_mode)5, (ap_o_mode)3, 0>, 2u>, config6>'
	 'nnet::conv_2d_cl<nnet::array<ap_fixed<8, 2, (ap_q_mode)5, (ap_o_mode)3, 0>, 2u>, nnet::array<ap_fixed<8, 2, (ap_q_mode)5, (ap_o_mode)3, 0>, 1u>, config4>'.
Command           transform done; 0.531 sec.
INFO-FLOW: Presyn 2...
Execute           transform -hls -keep-callgraph -scalarrepl -mem2reg -port-alignment -attach-range -dce -pipe-mux-gen -indvars -loop-bound -inst-simplify -instcombine -dce -merge-array-access -mem2reg -dce -clean-region -mergereturn -if-conv -instcombine -dce -constprop -basicaa -aggr-aa -aggrmodref-aa -aggr-aa -gvn -gvn -basicaa -aggr-aa -aggrmodref-aa -aggr-aa -dse -adse -adce -scalarrepl -mem2reg -global-constprop -deadargelim -deadargelim -instcombine -dce -simplifycfg -ptrArgReplace -mem2reg -function-inline -globaldce -mem2reg -instcombine -dce -expr-balance -instcombine -dce -bitwidthmin2 -bitwidthmin2 -interface-preproc -directive-preproc -inst-rectify -instcombine -dce -functionattrs -constprop -instcombine -bit-constprop -simplify-global-access -globalopt -globaldce -inst-simplify -instcombine -elimdeaddata -dce -loop-delete -simplifycfg -loop-simplify -auto-burst -barrier -norm-name C:/Users/brand/Documents/engs192/zybo-edge-ai/hls/edge_cnn_minimal_hls/myproject_prj/solution1/.autopilot/db/a.o.1.tmp.bc -o C:/Users/brand/Documents/engs192/zybo-edge-ai/hls/edge_cnn_minimal_hls/myproject_prj/solution1/.autopilot/db/a.o.2.bc -f -phase presyn 
Command           transform done; 0.195 sec.
INFO: [HLS 200-111] Finished Loop, function and other optimizations: CPU user time: 0 seconds. CPU system time: 0 seconds. Elapsed time: 0.729 seconds; current allocated memory: 1.163 GB.
Execute           get_config_compile -enable_auto_rewind 
Execute           get_config_compile -enable_loop_extract 
INFO-FLOW: Building ssdm...
Execute           transform -hls -function-uniquify -auto-function-inline -globaldce -ptrArgReplace -mem2reg -dce -reset-lda -loop-simplify -indvars -aggr-aa -licm -loop-dep -loop-bound -licm -loop-simplify -loop-sink-hoist -flattenloopnest -array-flatten -gvn -instcombine -dce -array-map -dce -func-legal -gvn -adce -instcombine -cfgopt -simplifycfg -loop-simplify -array-burst -promote-global-argument -dce -array-seg-normalize -basicaa -aggrmodref-aa -globalsmodref-aa -aggr-aa -gvn -gvn -basicaa -aggrmodref-aa -globalsmodref-aa -aggr-aa -dse -adse -adce -licm -inst-simplify -dce -globaldce -instcombine -array-stream -eliminate-keepreads -instcombine -dce -deadargelim -doublePtrSimplify -doublePtrElim -dce -doublePtrSimplify -promote-dbg-pointer -dce -scalarrepl -mem2reg -norm-name -mem2reg -instcombine -dse -adse -adce -ptrLegalization -dce -auto-rom-infer -array-flatten -dce -instcombine -check-doubleptr -loop-rot -constprop -cfgopt -simplifycfg -loop-simplify -indvars -pointer-simplify -dce -loop-bound -loop-simplify -loop-preproc -constprop -global-constprop -gvn -mem2reg -instcombine -dce -loop-bound -loop-merge -dce -deadargelim -dce -canonicalize-dataflow -dce -scalar-propagation2 -deadargelim -globaldce -mem2reg -load-elim -read-loop-dep -loop-simplify -loop-extract-inner -directive-preproc -bitwidthmin2 -bitwidthmin2 -read-loop-dep -interface-preproc -directive-preproc -interface-gen -bram-byte-enable -deadargelim -inst-simplify -dce -gvn -mem2reg -instcombine -dce -adse -loop-bound -instcombine -cfgopt -simplifycfg -loop-simplify -clean-region -io-protocol -find-region -mem2reg -bitop-raise -complex-op-raise -inst-simplify -inst-rectify -instcombine -adce -deadargelim -float-op-raise -loop-simplify -phi-opt -bitop-raise -cfgopt -simplifycfg -strip-dead-prototypes -interface-lower -bitop-lower -intrinsic-lower -auto-function-inline -basicaa -aggrmodref-aa -globalsmodref-aa -aggr-aa -inst-simplify -simplifycfg -loop-simplify -mergereturn -inst-simplify -inst-rectify -dce -load-elim -bitop-lower -float-op-raise -fma-raise -loop-rewind -pointer-simplify -dce -cfgopt -dce -loop-bound -loop-dep -read-loop-dep -dce -dyn-mem-reuse -dce -recurrence-min -dce -share-scalar-alloca -deadargelim -dce -check-stream -norm-name -legalize -validate-dataflow -inst-clarity -bitwidth -dump-loop-dep-to-ir -check-all-ssdm -cdfg-build C:/Users/brand/Documents/engs192/zybo-edge-ai/hls/edge_cnn_minimal_hls/myproject_prj/solution1/.autopilot/db/a.o.2.bc -o C:/Users/brand/Documents/engs192/zybo-edge-ai/hls/edge_cnn_minimal_hls/myproject_prj/solution1/.autopilot/db/a.o.3.bc -f -phase build-ssdm 
WARNING: [HLS 200-960] Cannot flatten loop 'PadMain' (firmware/nnet_utils/nnet_padding_stream.h:59:14) in function 'nnet::zeropad2d_cl<nnet::array<ap_fixed<8, 2, (ap_q_mode)5, (ap_o_mode)3, 0>, 2u>, nnet::array<ap_fixed<8, 2, (ap_q_mode)5, (ap_o_mode)3, 0>, 2u>, config6>' the outer loop is not a perfect loop.
WARNING: [HLS 200-960] Cannot flatten loop 'PadMain' (firmware/nnet_utils/nnet_padding_stream.h:59:14) in function 'nnet::zeropad2d_cl<nnet::array<ap_fixed<8, 2, (ap_q_mode)5, (ap_o_mode)3, 0>, 1u>, nnet::array<ap_fixed<8, 2, (ap_q_mode)5, (ap_o_mode)3, 0>, 1u>, config5>' the outer loop is not a perfect loop.
INFO: [XFORM 203-541] Flattening a loop nest 'ReadInputHeight' (firmware/nnet_utils/nnet_conv2d_stream.h:85:19) in function 'nnet::conv_2d_cl<nnet::array<ap_fixed<8, 2, (ap_q_mode)5, (ap_o_mode)3, 0>, 2u>, nnet::array<ap_fixed<8, 2, (ap_q_mode)5, (ap_o_mode)3, 0>, 1u>, config4>'.
INFO: [XFORM 203-541] Flattening a loop nest 'ReadInputHeight' (firmware/nnet_utils/nnet_conv2d_stream.h:85:19) in function 'nnet::conv_2d_cl<nnet::array<ap_fixed<8, 2, (ap_q_mode)5, (ap_o_mode)3, 0>, 1u>, nnet::array<ap_fixed<8, 2, (ap_q_mode)5, (ap_o_mode)3, 0>, 2u>, config2>'.
INFO: [XFORM 203-531] Rewinding loop 'ReuseLoop' (firmware/nnet_utils/nnet_dense_resource.h:49) in function 'dense_resource_rf_leq_nin<ap_fixed,ap_fixed<8,2,5,3,0>,config4_mult>'.
INFO: [XFORM 203-531] Rewinding loop 'ReuseLoop' (firmware/nnet_utils/nnet_dense_resource.h:119) in function 'dense_resource_rf_gt_nin_rem0<ap_fixed,ap_fixed<8,2,5,3,0>,config2_mult>'.
Command           transform done; 0.399 sec.
INFO: [HLS 200-111] Finished Architecture Synthesis: CPU user time: 1 seconds. CPU system time: 0 seconds. Elapsed time: 0.402 seconds; current allocated memory: 1.163 GB.
INFO-FLOW: Finish building internal data model.
Command         opt_and_import_c done; 1.691 sec.
Command       elaborate done; 21.394 sec.
Execute       ap_eval exec zip -j C:/Users/brand/Documents/engs192/zybo-edge-ai/hls/edge_cnn_minimal_hls/myproject_prj/solution1/.autopilot/db/dut.hcp $dbDir/a.o.3.bc $dbDir/${topname}.rtl_wrap.cfg.tcl $dbDir/apatb_${topname}.cpp $dbDir/apatb_${topname}_util.cpp $dbDir/apatb_${topname}_ir.ll $dbDir/mapper_${topname}.cpp $dbDir/top-io-fe.xml $dbDir/kernel.internal.xml $workdir/../hls.app 
Command       ap_eval done; 0.13 sec.
Execute       autosyn -from_csynth_design=1 
INFO: [HLS 200-10] Starting hardware synthesis ...
INFO-FLOW: Synthesizing C/C++ design ...
INFO: [HLS 200-10] Synthesizing 'myproject' ...
Execute         ap_set_top_model myproject 
WARNING: [SYN 201-103] Legalizing function name 'zeropad2d_cl<array,array<ap_fixed<8,2,5,3,0>,1u>,config5>_Pipeline_PadTopWidth' to 'zeropad2d_cl_array_array_ap_fixed_8_2_5_3_0_1u_config5_Pipeline_PadTopWidth'.
WARNING: [SYN 201-103] Legalizing function name 'zeropad2d_cl<array,array<ap_fixed<8,2,5,3,0>,1u>,config5>_Pipeline_CopyMain' to 'zeropad2d_cl_array_array_ap_fixed_8_2_5_3_0_1u_config5_Pipeline_CopyMain'.
WARNING: [SYN 201-103] Legalizing function name 'zeropad2d_cl<array,array<ap_fixed,1u>,config5>_Pipeline_PadBottomWidth' to 'zeropad2d_cl_array_array_ap_fixed_1u_config5_Pipeline_PadBottomWidth'.
WARNING: [SYN 201-103] Legalizing function name 'zeropad2d_cl<array<ap_fixed,1u>,array<ap_fixed<8,2,5,3,0>,1u>,config5>' to 'zeropad2d_cl_array_ap_fixed_1u_array_ap_fixed_8_2_5_3_0_1u_config5_s'.
WARNING: [SYN 201-103] Legalizing function name 'shift_line_buffer<array<ap_fixed<8, 2, 5, 3, 0>, 1u>, config2>' to 'shift_line_buffer_array_ap_fixed_8_2_5_3_0_1u_config2_s'.
WARNING: [SYN 201-103] Legalizing function name 'dense_resource_rf_gt_nin_rem0<ap_fixed,ap_fixed<8,2,5,3,0>,config2_mult>' to 'dense_resource_rf_gt_nin_rem0_ap_fixed_ap_fixed_8_2_5_3_0_config2_mult_s'.
WARNING: [SYN 201-103] Legalizing function name 'compute_output_buffer_2d<array,array<ap_fixed<8,2,5,3,0>,2u>,config2>' to 'compute_output_buffer_2d_array_array_ap_fixed_8_2_5_3_0_2u_config2_s'.
WARNING: [SYN 201-103] Legalizing function name 'conv_2d_cl<array<ap_fixed,1u>,array<ap_fixed<8,2,5,3,0>,2u>,config2>' to 'conv_2d_cl_array_ap_fixed_1u_array_ap_fixed_8_2_5_3_0_2u_config2_s'.
WARNING: [SYN 201-103] Legalizing function name 'relu<array<ap_fixed,2u>,array<ap_fixed<8,2,5,3,0>,2u>,relu_config3>' to 'relu_array_ap_fixed_2u_array_ap_fixed_8_2_5_3_0_2u_relu_config3_s'.
WARNING: [SYN 201-103] Legalizing function name 'zeropad2d_cl<array,array<ap_fixed<8,2,5,3,0>,2u>,config6>_Pipeline_PadTopWidth' to 'zeropad2d_cl_array_array_ap_fixed_8_2_5_3_0_2u_config6_Pipeline_PadTopWidth'.
WARNING: [SYN 201-103] Legalizing function name 'zeropad2d_cl<array,array<ap_fixed<8,2,5,3,0>,2u>,config6>_Pipeline_CopyMain' to 'zeropad2d_cl_array_array_ap_fixed_8_2_5_3_0_2u_config6_Pipeline_CopyMain'.
WARNING: [SYN 201-103] Legalizing function name 'zeropad2d_cl<array,array<ap_fixed,2u>,config6>_Pipeline_PadBottomWidth' to 'zeropad2d_cl_array_array_ap_fixed_2u_config6_Pipeline_PadBottomWidth'.
WARNING: [SYN 201-103] Legalizing function name 'zeropad2d_cl<array<ap_fixed,2u>,array<ap_fixed<8,2,5,3,0>,2u>,config6>' to 'zeropad2d_cl_array_ap_fixed_2u_array_ap_fixed_8_2_5_3_0_2u_config6_s'.
WARNING: [SYN 201-103] Legalizing function name 'shift_line_buffer<array<ap_fixed<8, 2, 5, 3, 0>, 2u>, config4>' to 'shift_line_buffer_array_ap_fixed_8_2_5_3_0_2u_config4_s'.
WARNING: [SYN 201-103] Legalizing function name 'dense_resource_rf_leq_nin<ap_fixed,ap_fixed<8,2,5,3,0>,config4_mult>' to 'dense_resource_rf_leq_nin_ap_fixed_ap_fixed_8_2_5_3_0_config4_mult_s'.
WARNING: [SYN 201-103] Legalizing function name 'compute_output_buffer_2d<array,array<ap_fixed<8,2,5,3,0>,1u>,config4>' to 'compute_output_buffer_2d_array_array_ap_fixed_8_2_5_3_0_1u_config4_s'.
WARNING: [SYN 201-103] Legalizing function name 'conv_2d_cl<array<ap_fixed,2u>,array<ap_fixed<8,2,5,3,0>,1u>,config4>' to 'conv_2d_cl_array_ap_fixed_2u_array_ap_fixed_8_2_5_3_0_1u_config4_s'.
Command         ap_set_top_model done; 0.458 sec.
Execute         get_model_list myproject -filter all-wo-channel -topdown 
Execute         preproc_iomode -model myproject 
Execute         preproc_iomode -model conv_2d_cl<array<ap_fixed,2u>,array<ap_fixed<8,2,5,3,0>,1u>,config4> 
Execute         preproc_iomode -model compute_output_buffer_2d<array,array<ap_fixed<8,2,5,3,0>,1u>,config4> 
Execute         preproc_iomode -model dense_resource_rf_leq_nin<ap_fixed,ap_fixed<8,2,5,3,0>,config4_mult> 
Execute         preproc_iomode -model shift_line_buffer<array<ap_fixed<8, 2, 5, 3, 0>, 2u>, config4> 
Execute         preproc_iomode -model zeropad2d_cl<array<ap_fixed,2u>,array<ap_fixed<8,2,5,3,0>,2u>,config6> 
Execute         preproc_iomode -model zeropad2d_cl<array,array<ap_fixed,2u>,config6>_Pipeline_PadBottomWidth 
Execute         preproc_iomode -model zeropad2d_cl<array,array<ap_fixed<8,2,5,3,0>,2u>,config6>_Pipeline_CopyMain 
Execute         preproc_iomode -model zeropad2d_cl<array,array<ap_fixed<8,2,5,3,0>,2u>,config6>_Pipeline_PadTopWidth 
Execute         preproc_iomode -model relu<array<ap_fixed,2u>,array<ap_fixed<8,2,5,3,0>,2u>,relu_config3> 
Execute         preproc_iomode -model conv_2d_cl<array<ap_fixed,1u>,array<ap_fixed<8,2,5,3,0>,2u>,config2> 
Execute         preproc_iomode -model compute_output_buffer_2d<array,array<ap_fixed<8,2,5,3,0>,2u>,config2> 
Execute         preproc_iomode -model dense_resource_rf_gt_nin_rem0<ap_fixed,ap_fixed<8,2,5,3,0>,config2_mult> 
Execute         preproc_iomode -model shift_line_buffer<array<ap_fixed<8, 2, 5, 3, 0>, 1u>, config2> 
Execute         preproc_iomode -model zeropad2d_cl<array<ap_fixed,1u>,array<ap_fixed<8,2,5,3,0>,1u>,config5> 
Execute         preproc_iomode -model zeropad2d_cl<array,array<ap_fixed,1u>,config5>_Pipeline_PadBottomWidth 
Execute         preproc_iomode -model zeropad2d_cl<array,array<ap_fixed<8,2,5,3,0>,1u>,config5>_Pipeline_CopyMain 
Execute         preproc_iomode -model zeropad2d_cl<array,array<ap_fixed<8,2,5,3,0>,1u>,config5>_Pipeline_PadTopWidth 
Execute         get_model_list myproject -filter all-wo-channel 
INFO-FLOW: Model list for configure: zeropad2d_cl<array,array<ap_fixed<8,2,5,3,0>,1u>,config5>_Pipeline_PadTopWidth zeropad2d_cl<array,array<ap_fixed<8,2,5,3,0>,1u>,config5>_Pipeline_CopyMain zeropad2d_cl<array,array<ap_fixed,1u>,config5>_Pipeline_PadBottomWidth zeropad2d_cl<array<ap_fixed,1u>,array<ap_fixed<8,2,5,3,0>,1u>,config5> {shift_line_buffer<array<ap_fixed<8, 2, 5, 3, 0>, 1u>, config2>} dense_resource_rf_gt_nin_rem0<ap_fixed,ap_fixed<8,2,5,3,0>,config2_mult> compute_output_buffer_2d<array,array<ap_fixed<8,2,5,3,0>,2u>,config2> conv_2d_cl<array<ap_fixed,1u>,array<ap_fixed<8,2,5,3,0>,2u>,config2> relu<array<ap_fixed,2u>,array<ap_fixed<8,2,5,3,0>,2u>,relu_config3> zeropad2d_cl<array,array<ap_fixed<8,2,5,3,0>,2u>,config6>_Pipeline_PadTopWidth zeropad2d_cl<array,array<ap_fixed<8,2,5,3,0>,2u>,config6>_Pipeline_CopyMain zeropad2d_cl<array,array<ap_fixed,2u>,config6>_Pipeline_PadBottomWidth zeropad2d_cl<array<ap_fixed,2u>,array<ap_fixed<8,2,5,3,0>,2u>,config6> {shift_line_buffer<array<ap_fixed<8, 2, 5, 3, 0>, 2u>, config4>} dense_resource_rf_leq_nin<ap_fixed,ap_fixed<8,2,5,3,0>,config4_mult> compute_output_buffer_2d<array,array<ap_fixed<8,2,5,3,0>,1u>,config4> conv_2d_cl<array<ap_fixed,2u>,array<ap_fixed<8,2,5,3,0>,1u>,config4> myproject
INFO-FLOW: Configuring Module : zeropad2d_cl<array,array<ap_fixed<8,2,5,3,0>,1u>,config5>_Pipeline_PadTopWidth ...
Execute         set_default_model zeropad2d_cl<array,array<ap_fixed<8,2,5,3,0>,1u>,config5>_Pipeline_PadTopWidth 
Execute         apply_spec_resource_limit zeropad2d_cl<array,array<ap_fixed<8,2,5,3,0>,1u>,config5>_Pipeline_PadTopWidth 
INFO-FLOW: Configuring Module : zeropad2d_cl<array,array<ap_fixed<8,2,5,3,0>,1u>,config5>_Pipeline_CopyMain ...
Execute         set_default_model zeropad2d_cl<array,array<ap_fixed<8,2,5,3,0>,1u>,config5>_Pipeline_CopyMain 
Execute         apply_spec_resource_limit zeropad2d_cl<array,array<ap_fixed<8,2,5,3,0>,1u>,config5>_Pipeline_CopyMain 
INFO-FLOW: Configuring Module : zeropad2d_cl<array,array<ap_fixed,1u>,config5>_Pipeline_PadBottomWidth ...
Execute         set_default_model zeropad2d_cl<array,array<ap_fixed,1u>,config5>_Pipeline_PadBottomWidth 
Execute         apply_spec_resource_limit zeropad2d_cl<array,array<ap_fixed,1u>,config5>_Pipeline_PadBottomWidth 
INFO-FLOW: Configuring Module : zeropad2d_cl<array<ap_fixed,1u>,array<ap_fixed<8,2,5,3,0>,1u>,config5> ...
Execute         set_default_model zeropad2d_cl<array<ap_fixed,1u>,array<ap_fixed<8,2,5,3,0>,1u>,config5> 
Execute         apply_spec_resource_limit zeropad2d_cl<array<ap_fixed,1u>,array<ap_fixed<8,2,5,3,0>,1u>,config5> 
INFO-FLOW: Configuring Module : shift_line_buffer<array<ap_fixed<8, 2, 5, 3, 0>, 1u>, config2> ...
Execute         set_default_model shift_line_buffer<array<ap_fixed<8, 2, 5, 3, 0>, 1u>, config2> 
Execute         apply_spec_resource_limit shift_line_buffer<array<ap_fixed<8, 2, 5, 3, 0>, 1u>, config2> 
INFO-FLOW: Configuring Module : dense_resource_rf_gt_nin_rem0<ap_fixed,ap_fixed<8,2,5,3,0>,config2_mult> ...
Execute         set_default_model dense_resource_rf_gt_nin_rem0<ap_fixed,ap_fixed<8,2,5,3,0>,config2_mult> 
Execute         apply_spec_resource_limit dense_resource_rf_gt_nin_rem0<ap_fixed,ap_fixed<8,2,5,3,0>,config2_mult> 
INFO-FLOW: Configuring Module : compute_output_buffer_2d<array,array<ap_fixed<8,2,5,3,0>,2u>,config2> ...
Execute         set_default_model compute_output_buffer_2d<array,array<ap_fixed<8,2,5,3,0>,2u>,config2> 
Execute         apply_spec_resource_limit compute_output_buffer_2d<array,array<ap_fixed<8,2,5,3,0>,2u>,config2> 
INFO-FLOW: Configuring Module : conv_2d_cl<array<ap_fixed,1u>,array<ap_fixed<8,2,5,3,0>,2u>,config2> ...
Execute         set_default_model conv_2d_cl<array<ap_fixed,1u>,array<ap_fixed<8,2,5,3,0>,2u>,config2> 
Execute         apply_spec_resource_limit conv_2d_cl<array<ap_fixed,1u>,array<ap_fixed<8,2,5,3,0>,2u>,config2> 
INFO-FLOW: Configuring Module : relu<array<ap_fixed,2u>,array<ap_fixed<8,2,5,3,0>,2u>,relu_config3> ...
Execute         set_default_model relu<array<ap_fixed,2u>,array<ap_fixed<8,2,5,3,0>,2u>,relu_config3> 
Execute         apply_spec_resource_limit relu<array<ap_fixed,2u>,array<ap_fixed<8,2,5,3,0>,2u>,relu_config3> 
INFO-FLOW: Configuring Module : zeropad2d_cl<array,array<ap_fixed<8,2,5,3,0>,2u>,config6>_Pipeline_PadTopWidth ...
Execute         set_default_model zeropad2d_cl<array,array<ap_fixed<8,2,5,3,0>,2u>,config6>_Pipeline_PadTopWidth 
Execute         apply_spec_resource_limit zeropad2d_cl<array,array<ap_fixed<8,2,5,3,0>,2u>,config6>_Pipeline_PadTopWidth 
INFO-FLOW: Configuring Module : zeropad2d_cl<array,array<ap_fixed<8,2,5,3,0>,2u>,config6>_Pipeline_CopyMain ...
Execute         set_default_model zeropad2d_cl<array,array<ap_fixed<8,2,5,3,0>,2u>,config6>_Pipeline_CopyMain 
Execute         apply_spec_resource_limit zeropad2d_cl<array,array<ap_fixed<8,2,5,3,0>,2u>,config6>_Pipeline_CopyMain 
INFO-FLOW: Configuring Module : zeropad2d_cl<array,array<ap_fixed,2u>,config6>_Pipeline_PadBottomWidth ...
Execute         set_default_model zeropad2d_cl<array,array<ap_fixed,2u>,config6>_Pipeline_PadBottomWidth 
Execute         apply_spec_resource_limit zeropad2d_cl<array,array<ap_fixed,2u>,config6>_Pipeline_PadBottomWidth 
INFO-FLOW: Configuring Module : zeropad2d_cl<array<ap_fixed,2u>,array<ap_fixed<8,2,5,3,0>,2u>,config6> ...
Execute         set_default_model zeropad2d_cl<array<ap_fixed,2u>,array<ap_fixed<8,2,5,3,0>,2u>,config6> 
Execute         apply_spec_resource_limit zeropad2d_cl<array<ap_fixed,2u>,array<ap_fixed<8,2,5,3,0>,2u>,config6> 
INFO-FLOW: Configuring Module : shift_line_buffer<array<ap_fixed<8, 2, 5, 3, 0>, 2u>, config4> ...
Execute         set_default_model shift_line_buffer<array<ap_fixed<8, 2, 5, 3, 0>, 2u>, config4> 
Execute         apply_spec_resource_limit shift_line_buffer<array<ap_fixed<8, 2, 5, 3, 0>, 2u>, config4> 
INFO-FLOW: Configuring Module : dense_resource_rf_leq_nin<ap_fixed,ap_fixed<8,2,5,3,0>,config4_mult> ...
Execute         set_default_model dense_resource_rf_leq_nin<ap_fixed,ap_fixed<8,2,5,3,0>,config4_mult> 
Execute         apply_spec_resource_limit dense_resource_rf_leq_nin<ap_fixed,ap_fixed<8,2,5,3,0>,config4_mult> 
INFO-FLOW: Configuring Module : compute_output_buffer_2d<array,array<ap_fixed<8,2,5,3,0>,1u>,config4> ...
Execute         set_default_model compute_output_buffer_2d<array,array<ap_fixed<8,2,5,3,0>,1u>,config4> 
Execute         apply_spec_resource_limit compute_output_buffer_2d<array,array<ap_fixed<8,2,5,3,0>,1u>,config4> 
INFO-FLOW: Configuring Module : conv_2d_cl<array<ap_fixed,2u>,array<ap_fixed<8,2,5,3,0>,1u>,config4> ...
Execute         set_default_model conv_2d_cl<array<ap_fixed,2u>,array<ap_fixed<8,2,5,3,0>,1u>,config4> 
Execute         apply_spec_resource_limit conv_2d_cl<array<ap_fixed,2u>,array<ap_fixed<8,2,5,3,0>,1u>,config4> 
INFO-FLOW: Configuring Module : myproject ...
Execute         set_default_model myproject 
Execute         apply_spec_resource_limit myproject 
INFO-FLOW: Model list for preprocess: zeropad2d_cl<array,array<ap_fixed<8,2,5,3,0>,1u>,config5>_Pipeline_PadTopWidth zeropad2d_cl<array,array<ap_fixed<8,2,5,3,0>,1u>,config5>_Pipeline_CopyMain zeropad2d_cl<array,array<ap_fixed,1u>,config5>_Pipeline_PadBottomWidth zeropad2d_cl<array<ap_fixed,1u>,array<ap_fixed<8,2,5,3,0>,1u>,config5> {shift_line_buffer<array<ap_fixed<8, 2, 5, 3, 0>, 1u>, config2>} dense_resource_rf_gt_nin_rem0<ap_fixed,ap_fixed<8,2,5,3,0>,config2_mult> compute_output_buffer_2d<array,array<ap_fixed<8,2,5,3,0>,2u>,config2> conv_2d_cl<array<ap_fixed,1u>,array<ap_fixed<8,2,5,3,0>,2u>,config2> relu<array<ap_fixed,2u>,array<ap_fixed<8,2,5,3,0>,2u>,relu_config3> zeropad2d_cl<array,array<ap_fixed<8,2,5,3,0>,2u>,config6>_Pipeline_PadTopWidth zeropad2d_cl<array,array<ap_fixed<8,2,5,3,0>,2u>,config6>_Pipeline_CopyMain zeropad2d_cl<array,array<ap_fixed,2u>,config6>_Pipeline_PadBottomWidth zeropad2d_cl<array<ap_fixed,2u>,array<ap_fixed<8,2,5,3,0>,2u>,config6> {shift_line_buffer<array<ap_fixed<8, 2, 5, 3, 0>, 2u>, config4>} dense_resource_rf_leq_nin<ap_fixed,ap_fixed<8,2,5,3,0>,config4_mult> compute_output_buffer_2d<array,array<ap_fixed<8,2,5,3,0>,1u>,config4> conv_2d_cl<array<ap_fixed,2u>,array<ap_fixed<8,2,5,3,0>,1u>,config4> myproject
INFO-FLOW: Preprocessing Module: zeropad2d_cl<array,array<ap_fixed<8,2,5,3,0>,1u>,config5>_Pipeline_PadTopWidth ...
Execute         set_default_model zeropad2d_cl<array,array<ap_fixed<8,2,5,3,0>,1u>,config5>_Pipeline_PadTopWidth 
Execute         cdfg_preprocess -model zeropad2d_cl<array,array<ap_fixed<8,2,5,3,0>,1u>,config5>_Pipeline_PadTopWidth 
Execute         rtl_gen_preprocess zeropad2d_cl<array,array<ap_fixed<8,2,5,3,0>,1u>,config5>_Pipeline_PadTopWidth 
INFO-FLOW: Preprocessing Module: zeropad2d_cl<array,array<ap_fixed<8,2,5,3,0>,1u>,config5>_Pipeline_CopyMain ...
Execute         set_default_model zeropad2d_cl<array,array<ap_fixed<8,2,5,3,0>,1u>,config5>_Pipeline_CopyMain 
Execute         cdfg_preprocess -model zeropad2d_cl<array,array<ap_fixed<8,2,5,3,0>,1u>,config5>_Pipeline_CopyMain 
Execute         rtl_gen_preprocess zeropad2d_cl<array,array<ap_fixed<8,2,5,3,0>,1u>,config5>_Pipeline_CopyMain 
INFO-FLOW: Preprocessing Module: zeropad2d_cl<array,array<ap_fixed,1u>,config5>_Pipeline_PadBottomWidth ...
Execute         set_default_model zeropad2d_cl<array,array<ap_fixed,1u>,config5>_Pipeline_PadBottomWidth 
Execute         cdfg_preprocess -model zeropad2d_cl<array,array<ap_fixed,1u>,config5>_Pipeline_PadBottomWidth 
Execute         rtl_gen_preprocess zeropad2d_cl<array,array<ap_fixed,1u>,config5>_Pipeline_PadBottomWidth 
INFO-FLOW: Preprocessing Module: zeropad2d_cl<array<ap_fixed,1u>,array<ap_fixed<8,2,5,3,0>,1u>,config5> ...
Execute         set_default_model zeropad2d_cl<array<ap_fixed,1u>,array<ap_fixed<8,2,5,3,0>,1u>,config5> 
Execute         cdfg_preprocess -model zeropad2d_cl<array<ap_fixed,1u>,array<ap_fixed<8,2,5,3,0>,1u>,config5> 
Execute         rtl_gen_preprocess zeropad2d_cl<array<ap_fixed,1u>,array<ap_fixed<8,2,5,3,0>,1u>,config5> 
INFO-FLOW: Preprocessing Module: shift_line_buffer<array<ap_fixed<8, 2, 5, 3, 0>, 1u>, config2> ...
Execute         set_default_model shift_line_buffer<array<ap_fixed<8, 2, 5, 3, 0>, 1u>, config2> 
Execute         cdfg_preprocess -model shift_line_buffer<array<ap_fixed<8, 2, 5, 3, 0>, 1u>, config2> 
Execute         rtl_gen_preprocess shift_line_buffer<array<ap_fixed<8, 2, 5, 3, 0>, 1u>, config2> 
INFO-FLOW: Preprocessing Module: dense_resource_rf_gt_nin_rem0<ap_fixed,ap_fixed<8,2,5,3,0>,config2_mult> ...
Execute         set_default_model dense_resource_rf_gt_nin_rem0<ap_fixed,ap_fixed<8,2,5,3,0>,config2_mult> 
Execute         cdfg_preprocess -model dense_resource_rf_gt_nin_rem0<ap_fixed,ap_fixed<8,2,5,3,0>,config2_mult> 
Execute         rtl_gen_preprocess dense_resource_rf_gt_nin_rem0<ap_fixed,ap_fixed<8,2,5,3,0>,config2_mult> 
INFO-FLOW: Preprocessing Module: compute_output_buffer_2d<array,array<ap_fixed<8,2,5,3,0>,2u>,config2> ...
Execute         set_default_model compute_output_buffer_2d<array,array<ap_fixed<8,2,5,3,0>,2u>,config2> 
Execute         cdfg_preprocess -model compute_output_buffer_2d<array,array<ap_fixed<8,2,5,3,0>,2u>,config2> 
Execute         rtl_gen_preprocess compute_output_buffer_2d<array,array<ap_fixed<8,2,5,3,0>,2u>,config2> 
INFO-FLOW: Preprocessing Module: conv_2d_cl<array<ap_fixed,1u>,array<ap_fixed<8,2,5,3,0>,2u>,config2> ...
Execute         set_default_model conv_2d_cl<array<ap_fixed,1u>,array<ap_fixed<8,2,5,3,0>,2u>,config2> 
Execute         cdfg_preprocess -model conv_2d_cl<array<ap_fixed,1u>,array<ap_fixed<8,2,5,3,0>,2u>,config2> 
Execute         rtl_gen_preprocess conv_2d_cl<array<ap_fixed,1u>,array<ap_fixed<8,2,5,3,0>,2u>,config2> 
INFO-FLOW: Preprocessing Module: relu<array<ap_fixed,2u>,array<ap_fixed<8,2,5,3,0>,2u>,relu_config3> ...
Execute         set_default_model relu<array<ap_fixed,2u>,array<ap_fixed<8,2,5,3,0>,2u>,relu_config3> 
Execute         cdfg_preprocess -model relu<array<ap_fixed,2u>,array<ap_fixed<8,2,5,3,0>,2u>,relu_config3> 
Execute         rtl_gen_preprocess relu<array<ap_fixed,2u>,array<ap_fixed<8,2,5,3,0>,2u>,relu_config3> 
INFO-FLOW: Preprocessing Module: zeropad2d_cl<array,array<ap_fixed<8,2,5,3,0>,2u>,config6>_Pipeline_PadTopWidth ...
Execute         set_default_model zeropad2d_cl<array,array<ap_fixed<8,2,5,3,0>,2u>,config6>_Pipeline_PadTopWidth 
Execute         cdfg_preprocess -model zeropad2d_cl<array,array<ap_fixed<8,2,5,3,0>,2u>,config6>_Pipeline_PadTopWidth 
Execute         rtl_gen_preprocess zeropad2d_cl<array,array<ap_fixed<8,2,5,3,0>,2u>,config6>_Pipeline_PadTopWidth 
INFO-FLOW: Preprocessing Module: zeropad2d_cl<array,array<ap_fixed<8,2,5,3,0>,2u>,config6>_Pipeline_CopyMain ...
Execute         set_default_model zeropad2d_cl<array,array<ap_fixed<8,2,5,3,0>,2u>,config6>_Pipeline_CopyMain 
Execute         cdfg_preprocess -model zeropad2d_cl<array,array<ap_fixed<8,2,5,3,0>,2u>,config6>_Pipeline_CopyMain 
Execute         rtl_gen_preprocess zeropad2d_cl<array,array<ap_fixed<8,2,5,3,0>,2u>,config6>_Pipeline_CopyMain 
INFO-FLOW: Preprocessing Module: zeropad2d_cl<array,array<ap_fixed,2u>,config6>_Pipeline_PadBottomWidth ...
Execute         set_default_model zeropad2d_cl<array,array<ap_fixed,2u>,config6>_Pipeline_PadBottomWidth 
Execute         cdfg_preprocess -model zeropad2d_cl<array,array<ap_fixed,2u>,config6>_Pipeline_PadBottomWidth 
Execute         rtl_gen_preprocess zeropad2d_cl<array,array<ap_fixed,2u>,config6>_Pipeline_PadBottomWidth 
INFO-FLOW: Preprocessing Module: zeropad2d_cl<array<ap_fixed,2u>,array<ap_fixed<8,2,5,3,0>,2u>,config6> ...
Execute         set_default_model zeropad2d_cl<array<ap_fixed,2u>,array<ap_fixed<8,2,5,3,0>,2u>,config6> 
Execute         cdfg_preprocess -model zeropad2d_cl<array<ap_fixed,2u>,array<ap_fixed<8,2,5,3,0>,2u>,config6> 
Execute         rtl_gen_preprocess zeropad2d_cl<array<ap_fixed,2u>,array<ap_fixed<8,2,5,3,0>,2u>,config6> 
INFO-FLOW: Preprocessing Module: shift_line_buffer<array<ap_fixed<8, 2, 5, 3, 0>, 2u>, config4> ...
Execute         set_default_model shift_line_buffer<array<ap_fixed<8, 2, 5, 3, 0>, 2u>, config4> 
Execute         cdfg_preprocess -model shift_line_buffer<array<ap_fixed<8, 2, 5, 3, 0>, 2u>, config4> 
Execute         rtl_gen_preprocess shift_line_buffer<array<ap_fixed<8, 2, 5, 3, 0>, 2u>, config4> 
INFO-FLOW: Preprocessing Module: dense_resource_rf_leq_nin<ap_fixed,ap_fixed<8,2,5,3,0>,config4_mult> ...
Execute         set_default_model dense_resource_rf_leq_nin<ap_fixed,ap_fixed<8,2,5,3,0>,config4_mult> 
Execute         cdfg_preprocess -model dense_resource_rf_leq_nin<ap_fixed,ap_fixed<8,2,5,3,0>,config4_mult> 
Execute         rtl_gen_preprocess dense_resource_rf_leq_nin<ap_fixed,ap_fixed<8,2,5,3,0>,config4_mult> 
INFO-FLOW: Preprocessing Module: compute_output_buffer_2d<array,array<ap_fixed<8,2,5,3,0>,1u>,config4> ...
Execute         set_default_model compute_output_buffer_2d<array,array<ap_fixed<8,2,5,3,0>,1u>,config4> 
Execute         cdfg_preprocess -model compute_output_buffer_2d<array,array<ap_fixed<8,2,5,3,0>,1u>,config4> 
Execute         rtl_gen_preprocess compute_output_buffer_2d<array,array<ap_fixed<8,2,5,3,0>,1u>,config4> 
INFO-FLOW: Preprocessing Module: conv_2d_cl<array<ap_fixed,2u>,array<ap_fixed<8,2,5,3,0>,1u>,config4> ...
Execute         set_default_model conv_2d_cl<array<ap_fixed,2u>,array<ap_fixed<8,2,5,3,0>,1u>,config4> 
Execute         cdfg_preprocess -model conv_2d_cl<array<ap_fixed,2u>,array<ap_fixed<8,2,5,3,0>,1u>,config4> 
Execute         rtl_gen_preprocess conv_2d_cl<array<ap_fixed,2u>,array<ap_fixed<8,2,5,3,0>,1u>,config4> 
INFO-FLOW: Preprocessing Module: myproject ...
Execute         set_default_model myproject 
Execute         cdfg_preprocess -model myproject 
Execute         rtl_gen_preprocess myproject 
INFO-FLOW: Model list for synthesis: zeropad2d_cl<array,array<ap_fixed<8,2,5,3,0>,1u>,config5>_Pipeline_PadTopWidth zeropad2d_cl<array,array<ap_fixed<8,2,5,3,0>,1u>,config5>_Pipeline_CopyMain zeropad2d_cl<array,array<ap_fixed,1u>,config5>_Pipeline_PadBottomWidth zeropad2d_cl<array<ap_fixed,1u>,array<ap_fixed<8,2,5,3,0>,1u>,config5> {shift_line_buffer<array<ap_fixed<8, 2, 5, 3, 0>, 1u>, config2>} dense_resource_rf_gt_nin_rem0<ap_fixed,ap_fixed<8,2,5,3,0>,config2_mult> compute_output_buffer_2d<array,array<ap_fixed<8,2,5,3,0>,2u>,config2> conv_2d_cl<array<ap_fixed,1u>,array<ap_fixed<8,2,5,3,0>,2u>,config2> relu<array<ap_fixed,2u>,array<ap_fixed<8,2,5,3,0>,2u>,relu_config3> zeropad2d_cl<array,array<ap_fixed<8,2,5,3,0>,2u>,config6>_Pipeline_PadTopWidth zeropad2d_cl<array,array<ap_fixed<8,2,5,3,0>,2u>,config6>_Pipeline_CopyMain zeropad2d_cl<array,array<ap_fixed,2u>,config6>_Pipeline_PadBottomWidth zeropad2d_cl<array<ap_fixed,2u>,array<ap_fixed<8,2,5,3,0>,2u>,config6> {shift_line_buffer<array<ap_fixed<8, 2, 5, 3, 0>, 2u>, config4>} dense_resource_rf_leq_nin<ap_fixed,ap_fixed<8,2,5,3,0>,config4_mult> compute_output_buffer_2d<array,array<ap_fixed<8,2,5,3,0>,1u>,config4> conv_2d_cl<array<ap_fixed,2u>,array<ap_fixed<8,2,5,3,0>,1u>,config4> myproject
INFO: [HLS 200-10] ----------------------------------------------------------------
INFO: [HLS 200-42] -- Implementing module 'zeropad2d_cl_array_array_ap_fixed_8_2_5_3_0_1u_config5_Pipeline_PadTopWidth' 
INFO: [HLS 200-10] ----------------------------------------------------------------
Execute         set_default_model zeropad2d_cl<array,array<ap_fixed<8,2,5,3,0>,1u>,config5>_Pipeline_PadTopWidth 
Execute         schedule -model zeropad2d_cl<array,array<ap_fixed<8,2,5,3,0>,1u>,config5>_Pipeline_PadTopWidth 
INFO: [SCHED 204-11] Starting scheduling ...
INFO: [SCHED 204-61] Pipelining loop 'PadTopWidth'.
INFO: [HLS 200-1470] Pipelining result : Target II = NA, Final II = 1, Depth = 2, loop 'PadTopWidth'
INFO: [SCHED 204-11] Finished scheduling.
Command         schedule done; 0.114 sec.
INFO: [HLS 200-111] Finished Scheduling: CPU user time: 0 seconds. CPU system time: 0 seconds. Elapsed time: 0.841 seconds; current allocated memory: 1.163 GB.
Execute         syn_report -verbosereport -o C:/Users/brand/Documents/engs192/zybo-edge-ai/hls/edge_cnn_minimal_hls/myproject_prj/solution1/.autopilot/db/zeropad2d_cl_array_array_ap_fixed_8_2_5_3_0_1u_config5_Pipeline_PadTopWidth.verbose.sched.rpt 
Execute           AP::get_flow_target_display_name
Execute             get_solution -flow_target 
Execute         db_write -o C:/Users/brand/Documents/engs192/zybo-edge-ai/hls/edge_cnn_minimal_hls/myproject_prj/solution1/.autopilot/db/zeropad2d_cl_array_array_ap_fixed_8_2_5_3_0_1u_config5_Pipeline_PadTopWidth.sched.adb -f 
INFO-FLOW: Finish scheduling zeropad2d_cl<array,array<ap_fixed<8,2,5,3,0>,1u>,config5>_Pipeline_PadTopWidth.
Execute         set_default_model zeropad2d_cl<array,array<ap_fixed<8,2,5,3,0>,1u>,config5>_Pipeline_PadTopWidth 
Execute         bind -model zeropad2d_cl<array,array<ap_fixed<8,2,5,3,0>,1u>,config5>_Pipeline_PadTopWidth 
INFO: [BIND 205-100] Starting micro-architecture generation ...
INFO: [BIND 205-101] Performing variable lifetime analysis.
INFO: [BIND 205-101] Exploring resource sharing.
INFO: [BIND 205-101] Binding ...
INFO: [BIND 205-100] Finished micro-architecture generation.
Command         bind done; 0.119 sec.
INFO: [HLS 200-111] Finished Binding: CPU user time: 0 seconds. CPU system time: 0 seconds. Elapsed time: 0.141 seconds; current allocated memory: 1.163 GB.
Execute         syn_report -verbosereport -o C:/Users/brand/Documents/engs192/zybo-edge-ai/hls/edge_cnn_minimal_hls/myproject_prj/solution1/.autopilot/db/zeropad2d_cl_array_array_ap_fixed_8_2_5_3_0_1u_config5_Pipeline_PadTopWidth.verbose.bind.rpt 
Execute           AP::get_flow_target_display_name
Execute             get_solution -flow_target 
Execute         db_write -o C:/Users/brand/Documents/engs192/zybo-edge-ai/hls/edge_cnn_minimal_hls/myproject_prj/solution1/.autopilot/db/zeropad2d_cl_array_array_ap_fixed_8_2_5_3_0_1u_config5_Pipeline_PadTopWidth.bind.adb -f 
INFO-FLOW: Finish binding zeropad2d_cl<array,array<ap_fixed<8,2,5,3,0>,1u>,config5>_Pipeline_PadTopWidth.
INFO: [HLS 200-10] ----------------------------------------------------------------
INFO: [HLS 200-42] -- Implementing module 'zeropad2d_cl_array_array_ap_fixed_8_2_5_3_0_1u_config5_Pipeline_CopyMain' 
INFO: [HLS 200-10] ----------------------------------------------------------------
Execute         set_default_model zeropad2d_cl<array,array<ap_fixed<8,2,5,3,0>,1u>,config5>_Pipeline_CopyMain 
Execute         schedule -model zeropad2d_cl<array,array<ap_fixed<8,2,5,3,0>,1u>,config5>_Pipeline_CopyMain 
INFO: [SCHED 204-11] Starting scheduling ...
INFO: [SCHED 204-61] Pipelining loop 'CopyMain'.
WARNING: [HLS 200-880] The II Violation in module 'zeropad2d_cl_array_array_ap_fixed_8_2_5_3_0_1u_config5_Pipeline_CopyMain' (loop 'CopyMain'): Unable to enforce a carried dependence constraint (II = 1, distance = 1, offset = 1) between fifo write operation ('layer5_out_write_ln173', C:/Xilinx/Vitis_HLS/2021.2/common/technology/autopilot/hls_stream_39.h:173) on port 'layer5_out' (C:/Xilinx/Vitis_HLS/2021.2/common/technology/autopilot/hls_stream_39.h:173) and fifo write operation ('layer5_out_write_ln173', C:/Xilinx/Vitis_HLS/2021.2/common/technology/autopilot/hls_stream_39.h:173) on port 'layer5_out' (C:/Xilinx/Vitis_HLS/2021.2/common/technology/autopilot/hls_stream_39.h:173).
INFO: [HLS 200-1470] Pipelining result : Target II = NA, Final II = 2, Depth = 3, loop 'CopyMain'
INFO: [SCHED 204-11] Finished scheduling.
Command         schedule done; 0.14 sec.
INFO: [HLS 200-111] Finished Scheduling: CPU user time: 0 seconds. CPU system time: 0 seconds. Elapsed time: 0.223 seconds; current allocated memory: 1.163 GB.
Execute         syn_report -verbosereport -o C:/Users/brand/Documents/engs192/zybo-edge-ai/hls/edge_cnn_minimal_hls/myproject_prj/solution1/.autopilot/db/zeropad2d_cl_array_array_ap_fixed_8_2_5_3_0_1u_config5_Pipeline_CopyMain.verbose.sched.rpt 
Execute           AP::get_flow_target_display_name
Execute             get_solution -flow_target 
Execute         db_write -o C:/Users/brand/Documents/engs192/zybo-edge-ai/hls/edge_cnn_minimal_hls/myproject_prj/solution1/.autopilot/db/zeropad2d_cl_array_array_ap_fixed_8_2_5_3_0_1u_config5_Pipeline_CopyMain.sched.adb -f 
INFO-FLOW: Finish scheduling zeropad2d_cl<array,array<ap_fixed<8,2,5,3,0>,1u>,config5>_Pipeline_CopyMain.
Execute         set_default_model zeropad2d_cl<array,array<ap_fixed<8,2,5,3,0>,1u>,config5>_Pipeline_CopyMain 
Execute         bind -model zeropad2d_cl<array,array<ap_fixed<8,2,5,3,0>,1u>,config5>_Pipeline_CopyMain 
INFO: [BIND 205-100] Starting micro-architecture generation ...
INFO: [BIND 205-101] Performing variable lifetime analysis.
INFO: [BIND 205-101] Exploring resource sharing.
INFO: [BIND 205-101] Binding ...
INFO: [BIND 205-100] Finished micro-architecture generation.
Command         bind done; 0.121 sec.
INFO: [HLS 200-111] Finished Binding: CPU user time: 0 seconds. CPU system time: 0 seconds. Elapsed time: 0.139 seconds; current allocated memory: 1.163 GB.
Execute         syn_report -verbosereport -o C:/Users/brand/Documents/engs192/zybo-edge-ai/hls/edge_cnn_minimal_hls/myproject_prj/solution1/.autopilot/db/zeropad2d_cl_array_array_ap_fixed_8_2_5_3_0_1u_config5_Pipeline_CopyMain.verbose.bind.rpt 
Execute           AP::get_flow_target_display_name
Execute             get_solution -flow_target 
Execute         db_write -o C:/Users/brand/Documents/engs192/zybo-edge-ai/hls/edge_cnn_minimal_hls/myproject_prj/solution1/.autopilot/db/zeropad2d_cl_array_array_ap_fixed_8_2_5_3_0_1u_config5_Pipeline_CopyMain.bind.adb -f 
INFO-FLOW: Finish binding zeropad2d_cl<array,array<ap_fixed<8,2,5,3,0>,1u>,config5>_Pipeline_CopyMain.
INFO: [HLS 200-10] ----------------------------------------------------------------
INFO: [HLS 200-42] -- Implementing module 'zeropad2d_cl_array_array_ap_fixed_1u_config5_Pipeline_PadBottomWidth' 
INFO: [HLS 200-10] ----------------------------------------------------------------
Execute         set_default_model zeropad2d_cl<array,array<ap_fixed,1u>,config5>_Pipeline_PadBottomWidth 
Execute         schedule -model zeropad2d_cl<array,array<ap_fixed,1u>,config5>_Pipeline_PadBottomWidth 
INFO: [SCHED 204-11] Starting scheduling ...
INFO: [SCHED 204-61] Pipelining loop 'PadBottomWidth'.
INFO: [HLS 200-1470] Pipelining result : Target II = NA, Final II = 1, Depth = 2, loop 'PadBottomWidth'
INFO: [SCHED 204-11] Finished scheduling.
Command         schedule done; 0.114 sec.
INFO: [HLS 200-111] Finished Scheduling: CPU user time: 0 seconds. CPU system time: 0 seconds. Elapsed time: 0.197 seconds; current allocated memory: 1.163 GB.
Execute         syn_report -verbosereport -o C:/Users/brand/Documents/engs192/zybo-edge-ai/hls/edge_cnn_minimal_hls/myproject_prj/solution1/.autopilot/db/zeropad2d_cl_array_array_ap_fixed_1u_config5_Pipeline_PadBottomWidth.verbose.sched.rpt 
Execute           AP::get_flow_target_display_name
Execute             get_solution -flow_target 
Execute         db_write -o C:/Users/brand/Documents/engs192/zybo-edge-ai/hls/edge_cnn_minimal_hls/myproject_prj/solution1/.autopilot/db/zeropad2d_cl_array_array_ap_fixed_1u_config5_Pipeline_PadBottomWidth.sched.adb -f 
INFO-FLOW: Finish scheduling zeropad2d_cl<array,array<ap_fixed,1u>,config5>_Pipeline_PadBottomWidth.
Execute         set_default_model zeropad2d_cl<array,array<ap_fixed,1u>,config5>_Pipeline_PadBottomWidth 
Execute         bind -model zeropad2d_cl<array,array<ap_fixed,1u>,config5>_Pipeline_PadBottomWidth 
INFO: [BIND 205-100] Starting micro-architecture generation ...
INFO: [BIND 205-101] Performing variable lifetime analysis.
INFO: [BIND 205-101] Exploring resource sharing.
INFO: [BIND 205-101] Binding ...
INFO: [BIND 205-100] Finished micro-architecture generation.
Command         bind done; 0.118 sec.
INFO: [HLS 200-111] Finished Binding: CPU user time: 0 seconds. CPU system time: 0 seconds. Elapsed time: 0.133 seconds; current allocated memory: 1.163 GB.
Execute         syn_report -verbosereport -o C:/Users/brand/Documents/engs192/zybo-edge-ai/hls/edge_cnn_minimal_hls/myproject_prj/solution1/.autopilot/db/zeropad2d_cl_array_array_ap_fixed_1u_config5_Pipeline_PadBottomWidth.verbose.bind.rpt 
Execute           AP::get_flow_target_display_name
Execute             get_solution -flow_target 
Execute         db_write -o C:/Users/brand/Documents/engs192/zybo-edge-ai/hls/edge_cnn_minimal_hls/myproject_prj/solution1/.autopilot/db/zeropad2d_cl_array_array_ap_fixed_1u_config5_Pipeline_PadBottomWidth.bind.adb -f 
INFO-FLOW: Finish binding zeropad2d_cl<array,array<ap_fixed,1u>,config5>_Pipeline_PadBottomWidth.
INFO: [HLS 200-10] ----------------------------------------------------------------
INFO: [HLS 200-42] -- Implementing module 'zeropad2d_cl_array_ap_fixed_1u_array_ap_fixed_8_2_5_3_0_1u_config5_s' 
INFO: [HLS 200-10] ----------------------------------------------------------------
Execute         set_default_model zeropad2d_cl<array<ap_fixed,1u>,array<ap_fixed<8,2,5,3,0>,1u>,config5> 
Execute         schedule -model zeropad2d_cl<array<ap_fixed,1u>,array<ap_fixed<8,2,5,3,0>,1u>,config5> 
INFO: [SCHED 204-11] Starting scheduling ...
INFO: [SCHED 204-11] Finished scheduling.
INFO: [HLS 200-111] Finished Scheduling: CPU user time: 0 seconds. CPU system time: 0 seconds. Elapsed time: 0.14 seconds; current allocated memory: 1.163 GB.
Execute         syn_report -verbosereport -o C:/Users/brand/Documents/engs192/zybo-edge-ai/hls/edge_cnn_minimal_hls/myproject_prj/solution1/.autopilot/db/zeropad2d_cl_array_ap_fixed_1u_array_ap_fixed_8_2_5_3_0_1u_config5_s.verbose.sched.rpt 
Execute           AP::get_flow_target_display_name
Execute             get_solution -flow_target 
Execute         db_write -o C:/Users/brand/Documents/engs192/zybo-edge-ai/hls/edge_cnn_minimal_hls/myproject_prj/solution1/.autopilot/db/zeropad2d_cl_array_ap_fixed_1u_array_ap_fixed_8_2_5_3_0_1u_config5_s.sched.adb -f 
INFO-FLOW: Finish scheduling zeropad2d_cl<array<ap_fixed,1u>,array<ap_fixed<8,2,5,3,0>,1u>,config5>.
Execute         set_default_model zeropad2d_cl<array<ap_fixed,1u>,array<ap_fixed<8,2,5,3,0>,1u>,config5> 
Execute         bind -model zeropad2d_cl<array<ap_fixed,1u>,array<ap_fixed<8,2,5,3,0>,1u>,config5> 
INFO: [BIND 205-100] Starting micro-architecture generation ...
INFO: [BIND 205-101] Performing variable lifetime analysis.
INFO: [BIND 205-101] Exploring resource sharing.
INFO: [BIND 205-101] Binding ...
INFO: [BIND 205-100] Finished micro-architecture generation.
Command         bind done; 0.121 sec.
INFO: [HLS 200-111] Finished Binding: CPU user time: 0 seconds. CPU system time: 0 seconds. Elapsed time: 0.147 seconds; current allocated memory: 1.163 GB.
Execute         syn_report -verbosereport -o C:/Users/brand/Documents/engs192/zybo-edge-ai/hls/edge_cnn_minimal_hls/myproject_prj/solution1/.autopilot/db/zeropad2d_cl_array_ap_fixed_1u_array_ap_fixed_8_2_5_3_0_1u_config5_s.verbose.bind.rpt 
Execute           AP::get_flow_target_display_name
Execute             get_solution -flow_target 
Execute         db_write -o C:/Users/brand/Documents/engs192/zybo-edge-ai/hls/edge_cnn_minimal_hls/myproject_prj/solution1/.autopilot/db/zeropad2d_cl_array_ap_fixed_1u_array_ap_fixed_8_2_5_3_0_1u_config5_s.bind.adb -f 
INFO-FLOW: Finish binding zeropad2d_cl<array<ap_fixed,1u>,array<ap_fixed<8,2,5,3,0>,1u>,config5>.
INFO: [HLS 200-10] ----------------------------------------------------------------
INFO: [HLS 200-42] -- Implementing module 'shift_line_buffer_array_ap_fixed_8_2_5_3_0_1u_config2_s' 
INFO: [HLS 200-10] ----------------------------------------------------------------
Execute         set_default_model shift_line_buffer<array<ap_fixed<8, 2, 5, 3, 0>, 1u>, config2> 
Execute         schedule -model shift_line_buffer<array<ap_fixed<8, 2, 5, 3, 0>, 1u>, config2> 
INFO: [SCHED 204-11] Starting scheduling ...
INFO: [SCHED 204-61] Pipelining function 'shift_line_buffer<array<ap_fixed<8, 2, 5, 3, 0>, 1u>, config2>'.
INFO: [HLS 200-1470] Pipelining result : Target II = NA, Final II = 1, Depth = 1, function 'shift_line_buffer<array<ap_fixed<8, 2, 5, 3, 0>, 1u>, config2>'
INFO: [SCHED 204-11] Finished scheduling.
Command         schedule done; 0.121 sec.
INFO: [HLS 200-111] Finished Scheduling: CPU user time: 0 seconds. CPU system time: 0 seconds. Elapsed time: 0.228 seconds; current allocated memory: 1.163 GB.
Execute         syn_report -verbosereport -o C:/Users/brand/Documents/engs192/zybo-edge-ai/hls/edge_cnn_minimal_hls/myproject_prj/solution1/.autopilot/db/shift_line_buffer_array_ap_fixed_8_2_5_3_0_1u_config2_s.verbose.sched.rpt 
Execute           AP::get_flow_target_display_name
Execute             get_solution -flow_target 
Execute         db_write -o C:/Users/brand/Documents/engs192/zybo-edge-ai/hls/edge_cnn_minimal_hls/myproject_prj/solution1/.autopilot/db/shift_line_buffer_array_ap_fixed_8_2_5_3_0_1u_config2_s.sched.adb -f 
INFO-FLOW: Finish scheduling shift_line_buffer<array<ap_fixed<8, 2, 5, 3, 0>, 1u>, config2>.
Execute         set_default_model shift_line_buffer<array<ap_fixed<8, 2, 5, 3, 0>, 1u>, config2> 
Execute         bind -model shift_line_buffer<array<ap_fixed<8, 2, 5, 3, 0>, 1u>, config2> 
INFO: [BIND 205-100] Starting micro-architecture generation ...
INFO: [BIND 205-101] Performing variable lifetime analysis.
INFO: [BIND 205-101] Exploring resource sharing.
INFO: [BIND 205-101] Binding ...
INFO: [BIND 205-100] Finished micro-architecture generation.
Command         bind done; 0.126 sec.
INFO: [HLS 200-111] Finished Binding: CPU user time: 0 seconds. CPU system time: 0 seconds. Elapsed time: 0.139 seconds; current allocated memory: 1.163 GB.
Execute         syn_report -verbosereport -o C:/Users/brand/Documents/engs192/zybo-edge-ai/hls/edge_cnn_minimal_hls/myproject_prj/solution1/.autopilot/db/shift_line_buffer_array_ap_fixed_8_2_5_3_0_1u_config2_s.verbose.bind.rpt 
Execute           AP::get_flow_target_display_name
Execute             get_solution -flow_target 
Execute         db_write -o C:/Users/brand/Documents/engs192/zybo-edge-ai/hls/edge_cnn_minimal_hls/myproject_prj/solution1/.autopilot/db/shift_line_buffer_array_ap_fixed_8_2_5_3_0_1u_config2_s.bind.adb -f 
INFO-FLOW: Finish binding shift_line_buffer<array<ap_fixed<8, 2, 5, 3, 0>, 1u>, config2>.
INFO: [HLS 200-10] ----------------------------------------------------------------
INFO: [HLS 200-42] -- Implementing module 'dense_resource_rf_gt_nin_rem0_ap_fixed_ap_fixed_8_2_5_3_0_config2_mult_s' 
INFO: [HLS 200-10] ----------------------------------------------------------------
Execute         set_default_model dense_resource_rf_gt_nin_rem0<ap_fixed,ap_fixed<8,2,5,3,0>,config2_mult> 
Execute         schedule -model dense_resource_rf_gt_nin_rem0<ap_fixed,ap_fixed<8,2,5,3,0>,config2_mult> 
INFO: [SCHED 204-11] Starting scheduling ...
INFO: [SCHED 204-61] Pipelining loop 'ReuseLoop'.
INFO: [HLS 200-1470] Pipelining result : Target II = 1, Final II = 1, Depth = 3, loop 'ReuseLoop'
INFO: [SCHED 204-11] Finished scheduling.
Command         schedule done; 0.172 sec.
INFO: [HLS 200-111] Finished Scheduling: CPU user time: 0 seconds. CPU system time: 0 seconds. Elapsed time: 0.271 seconds; current allocated memory: 1.163 GB.
Execute         syn_report -verbosereport -o C:/Users/brand/Documents/engs192/zybo-edge-ai/hls/edge_cnn_minimal_hls/myproject_prj/solution1/.autopilot/db/dense_resource_rf_gt_nin_rem0_ap_fixed_ap_fixed_8_2_5_3_0_config2_mult_s.verbose.sched.rpt 
Execute           AP::get_flow_target_display_name
Execute             get_solution -flow_target 
Execute         db_write -o C:/Users/brand/Documents/engs192/zybo-edge-ai/hls/edge_cnn_minimal_hls/myproject_prj/solution1/.autopilot/db/dense_resource_rf_gt_nin_rem0_ap_fixed_ap_fixed_8_2_5_3_0_config2_mult_s.sched.adb -f 
INFO-FLOW: Finish scheduling dense_resource_rf_gt_nin_rem0<ap_fixed,ap_fixed<8,2,5,3,0>,config2_mult>.
Execute         set_default_model dense_resource_rf_gt_nin_rem0<ap_fixed,ap_fixed<8,2,5,3,0>,config2_mult> 
Execute         bind -model dense_resource_rf_gt_nin_rem0<ap_fixed,ap_fixed<8,2,5,3,0>,config2_mult> 
INFO: [BIND 205-100] Starting micro-architecture generation ...
INFO: [BIND 205-101] Performing variable lifetime analysis.
INFO: [BIND 205-101] Exploring resource sharing.
INFO: [BIND 205-101] Binding ...
INFO: [BIND 205-100] Finished micro-architecture generation.
Command         bind done; 0.283 sec.
INFO: [HLS 200-111] Finished Binding: CPU user time: 1 seconds. CPU system time: 0 seconds. Elapsed time: 0.357 seconds; current allocated memory: 1.163 GB.
Execute         syn_report -verbosereport -o C:/Users/brand/Documents/engs192/zybo-edge-ai/hls/edge_cnn_minimal_hls/myproject_prj/solution1/.autopilot/db/dense_resource_rf_gt_nin_rem0_ap_fixed_ap_fixed_8_2_5_3_0_config2_mult_s.verbose.bind.rpt 
Execute           AP::get_flow_target_display_name
Execute             get_solution -flow_target 
Command         syn_report done; 0.137 sec.
Execute         db_write -o C:/Users/brand/Documents/engs192/zybo-edge-ai/hls/edge_cnn_minimal_hls/myproject_prj/solution1/.autopilot/db/dense_resource_rf_gt_nin_rem0_ap_fixed_ap_fixed_8_2_5_3_0_config2_mult_s.bind.adb -f 
INFO-FLOW: Finish binding dense_resource_rf_gt_nin_rem0<ap_fixed,ap_fixed<8,2,5,3,0>,config2_mult>.
INFO: [HLS 200-10] ----------------------------------------------------------------
INFO: [HLS 200-42] -- Implementing module 'compute_output_buffer_2d_array_array_ap_fixed_8_2_5_3_0_2u_config2_s' 
INFO: [HLS 200-10] ----------------------------------------------------------------
Execute         set_default_model compute_output_buffer_2d<array,array<ap_fixed<8,2,5,3,0>,2u>,config2> 
Execute         schedule -model compute_output_buffer_2d<array,array<ap_fixed<8,2,5,3,0>,2u>,config2> 
INFO: [SCHED 204-11] Starting scheduling ...
INFO: [SCHED 204-11] Finished scheduling.
Command         schedule done; 0.13 sec.
INFO: [HLS 200-111] Finished Scheduling: CPU user time: 0 seconds. CPU system time: 0 seconds. Elapsed time: 0.493 seconds; current allocated memory: 1.163 GB.
Execute         syn_report -verbosereport -o C:/Users/brand/Documents/engs192/zybo-edge-ai/hls/edge_cnn_minimal_hls/myproject_prj/solution1/.autopilot/db/compute_output_buffer_2d_array_array_ap_fixed_8_2_5_3_0_2u_config2_s.verbose.sched.rpt 
Execute           AP::get_flow_target_display_name
Execute             get_solution -flow_target 
Execute         db_write -o C:/Users/brand/Documents/engs192/zybo-edge-ai/hls/edge_cnn_minimal_hls/myproject_prj/solution1/.autopilot/db/compute_output_buffer_2d_array_array_ap_fixed_8_2_5_3_0_2u_config2_s.sched.adb -f 
INFO-FLOW: Finish scheduling compute_output_buffer_2d<array,array<ap_fixed<8,2,5,3,0>,2u>,config2>.
Execute         set_default_model compute_output_buffer_2d<array,array<ap_fixed<8,2,5,3,0>,2u>,config2> 
Execute         bind -model compute_output_buffer_2d<array,array<ap_fixed<8,2,5,3,0>,2u>,config2> 
INFO: [BIND 205-100] Starting micro-architecture generation ...
INFO: [BIND 205-101] Performing variable lifetime analysis.
INFO: [BIND 205-101] Exploring resource sharing.
INFO: [BIND 205-101] Binding ...
INFO: [BIND 205-100] Finished micro-architecture generation.
Command         bind done; 0.165 sec.
INFO: [HLS 200-111] Finished Binding: CPU user time: 0 seconds. CPU system time: 0 seconds. Elapsed time: 0.21 seconds; current allocated memory: 1.163 GB.
Execute         syn_report -verbosereport -o C:/Users/brand/Documents/engs192/zybo-edge-ai/hls/edge_cnn_minimal_hls/myproject_prj/solution1/.autopilot/db/compute_output_buffer_2d_array_array_ap_fixed_8_2_5_3_0_2u_config2_s.verbose.bind.rpt 
Execute           AP::get_flow_target_display_name
Execute             get_solution -flow_target 
Command         syn_report done; 0.102 sec.
Execute         db_write -o C:/Users/brand/Documents/engs192/zybo-edge-ai/hls/edge_cnn_minimal_hls/myproject_prj/solution1/.autopilot/db/compute_output_buffer_2d_array_array_ap_fixed_8_2_5_3_0_2u_config2_s.bind.adb -f 
INFO-FLOW: Finish binding compute_output_buffer_2d<array,array<ap_fixed<8,2,5,3,0>,2u>,config2>.
INFO: [HLS 200-10] ----------------------------------------------------------------
INFO: [HLS 200-42] -- Implementing module 'conv_2d_cl_array_ap_fixed_1u_array_ap_fixed_8_2_5_3_0_2u_config2_s' 
INFO: [HLS 200-10] ----------------------------------------------------------------
Execute         set_default_model conv_2d_cl<array<ap_fixed,1u>,array<ap_fixed<8,2,5,3,0>,2u>,config2> 
Execute         schedule -model conv_2d_cl<array<ap_fixed,1u>,array<ap_fixed<8,2,5,3,0>,2u>,config2> 
INFO: [SCHED 204-11] Starting scheduling ...
INFO: [SCHED 204-11] Finished scheduling.
INFO: [HLS 200-111] Finished Scheduling: CPU user time: 0 seconds. CPU system time: 0 seconds. Elapsed time: 0.264 seconds; current allocated memory: 1.163 GB.
Execute         syn_report -verbosereport -o C:/Users/brand/Documents/engs192/zybo-edge-ai/hls/edge_cnn_minimal_hls/myproject_prj/solution1/.autopilot/db/conv_2d_cl_array_ap_fixed_1u_array_ap_fixed_8_2_5_3_0_2u_config2_s.verbose.sched.rpt 
Execute           AP::get_flow_target_display_name
Execute             get_solution -flow_target 
Execute         db_write -o C:/Users/brand/Documents/engs192/zybo-edge-ai/hls/edge_cnn_minimal_hls/myproject_prj/solution1/.autopilot/db/conv_2d_cl_array_ap_fixed_1u_array_ap_fixed_8_2_5_3_0_2u_config2_s.sched.adb -f 
INFO-FLOW: Finish scheduling conv_2d_cl<array<ap_fixed,1u>,array<ap_fixed<8,2,5,3,0>,2u>,config2>.
Execute         set_default_model conv_2d_cl<array<ap_fixed,1u>,array<ap_fixed<8,2,5,3,0>,2u>,config2> 
Execute         bind -model conv_2d_cl<array<ap_fixed,1u>,array<ap_fixed<8,2,5,3,0>,2u>,config2> 
INFO: [BIND 205-100] Starting micro-architecture generation ...
INFO: [BIND 205-101] Performing variable lifetime analysis.
INFO: [BIND 205-101] Exploring resource sharing.
INFO: [BIND 205-101] Binding ...
INFO: [BIND 205-100] Finished micro-architecture generation.
Command         bind done; 0.155 sec.
INFO: [HLS 200-111] Finished Binding: CPU user time: 0 seconds. CPU system time: 0 seconds. Elapsed time: 0.179 seconds; current allocated memory: 1.163 GB.
Execute         syn_report -verbosereport -o C:/Users/brand/Documents/engs192/zybo-edge-ai/hls/edge_cnn_minimal_hls/myproject_prj/solution1/.autopilot/db/conv_2d_cl_array_ap_fixed_1u_array_ap_fixed_8_2_5_3_0_2u_config2_s.verbose.bind.rpt 
Execute           AP::get_flow_target_display_name
Execute             get_solution -flow_target 
Execute         db_write -o C:/Users/brand/Documents/engs192/zybo-edge-ai/hls/edge_cnn_minimal_hls/myproject_prj/solution1/.autopilot/db/conv_2d_cl_array_ap_fixed_1u_array_ap_fixed_8_2_5_3_0_2u_config2_s.bind.adb -f 
INFO-FLOW: Finish binding conv_2d_cl<array<ap_fixed,1u>,array<ap_fixed<8,2,5,3,0>,2u>,config2>.
INFO: [HLS 200-10] ----------------------------------------------------------------
INFO: [HLS 200-42] -- Implementing module 'relu_array_ap_fixed_2u_array_ap_fixed_8_2_5_3_0_2u_relu_config3_s' 
INFO: [HLS 200-10] ----------------------------------------------------------------
Execute         set_default_model relu<array<ap_fixed,2u>,array<ap_fixed<8,2,5,3,0>,2u>,relu_config3> 
Execute         schedule -model relu<array<ap_fixed,2u>,array<ap_fixed<8,2,5,3,0>,2u>,relu_config3> 
INFO: [SCHED 204-11] Starting scheduling ...
INFO: [SCHED 204-61] Pipelining loop 'ReLUActLoop'.
INFO: [HLS 200-1470] Pipelining result : Target II = NA, Final II = 1, Depth = 3, loop 'ReLUActLoop'
INFO: [SCHED 204-11] Finished scheduling.
Command         schedule done; 0.131 sec.
INFO: [HLS 200-111] Finished Scheduling: CPU user time: 1 seconds. CPU system time: 0 seconds. Elapsed time: 0.3 seconds; current allocated memory: 1.163 GB.
Execute         syn_report -verbosereport -o C:/Users/brand/Documents/engs192/zybo-edge-ai/hls/edge_cnn_minimal_hls/myproject_prj/solution1/.autopilot/db/relu_array_ap_fixed_2u_array_ap_fixed_8_2_5_3_0_2u_relu_config3_s.verbose.sched.rpt 
Execute           AP::get_flow_target_display_name
Execute             get_solution -flow_target 
Execute         db_write -o C:/Users/brand/Documents/engs192/zybo-edge-ai/hls/edge_cnn_minimal_hls/myproject_prj/solution1/.autopilot/db/relu_array_ap_fixed_2u_array_ap_fixed_8_2_5_3_0_2u_relu_config3_s.sched.adb -f 
INFO-FLOW: Finish scheduling relu<array<ap_fixed,2u>,array<ap_fixed<8,2,5,3,0>,2u>,relu_config3>.
Execute         set_default_model relu<array<ap_fixed,2u>,array<ap_fixed<8,2,5,3,0>,2u>,relu_config3> 
Execute         bind -model relu<array<ap_fixed,2u>,array<ap_fixed<8,2,5,3,0>,2u>,relu_config3> 
INFO: [BIND 205-100] Starting micro-architecture generation ...
INFO: [BIND 205-101] Performing variable lifetime analysis.
INFO: [BIND 205-101] Exploring resource sharing.
INFO: [BIND 205-101] Binding ...
INFO: [BIND 205-100] Finished micro-architecture generation.
Command         bind done; 0.14 sec.
INFO: [HLS 200-111] Finished Binding: CPU user time: 0 seconds. CPU system time: 0 seconds. Elapsed time: 0.173 seconds; current allocated memory: 1.163 GB.
Execute         syn_report -verbosereport -o C:/Users/brand/Documents/engs192/zybo-edge-ai/hls/edge_cnn_minimal_hls/myproject_prj/solution1/.autopilot/db/relu_array_ap_fixed_2u_array_ap_fixed_8_2_5_3_0_2u_relu_config3_s.verbose.bind.rpt 
Execute           AP::get_flow_target_display_name
Execute             get_solution -flow_target 
Execute         db_write -o C:/Users/brand/Documents/engs192/zybo-edge-ai/hls/edge_cnn_minimal_hls/myproject_prj/solution1/.autopilot/db/relu_array_ap_fixed_2u_array_ap_fixed_8_2_5_3_0_2u_relu_config3_s.bind.adb -f 
INFO-FLOW: Finish binding relu<array<ap_fixed,2u>,array<ap_fixed<8,2,5,3,0>,2u>,relu_config3>.
INFO: [HLS 200-10] ----------------------------------------------------------------
INFO: [HLS 200-42] -- Implementing module 'zeropad2d_cl_array_array_ap_fixed_8_2_5_3_0_2u_config6_Pipeline_PadTopWidth' 
INFO: [HLS 200-10] ----------------------------------------------------------------
Execute         set_default_model zeropad2d_cl<array,array<ap_fixed<8,2,5,3,0>,2u>,config6>_Pipeline_PadTopWidth 
Execute         schedule -model zeropad2d_cl<array,array<ap_fixed<8,2,5,3,0>,2u>,config6>_Pipeline_PadTopWidth 
INFO: [SCHED 204-11] Starting scheduling ...
INFO: [SCHED 204-61] Pipelining loop 'PadTopWidth'.
INFO: [HLS 200-1470] Pipelining result : Target II = NA, Final II = 1, Depth = 2, loop 'PadTopWidth'
INFO: [SCHED 204-11] Finished scheduling.
Command         schedule done; 0.114 sec.
INFO: [HLS 200-111] Finished Scheduling: CPU user time: 0 seconds. CPU system time: 0 seconds. Elapsed time: 0.203 seconds; current allocated memory: 1.163 GB.
Execute         syn_report -verbosereport -o C:/Users/brand/Documents/engs192/zybo-edge-ai/hls/edge_cnn_minimal_hls/myproject_prj/solution1/.autopilot/db/zeropad2d_cl_array_array_ap_fixed_8_2_5_3_0_2u_config6_Pipeline_PadTopWidth.verbose.sched.rpt 
Execute           AP::get_flow_target_display_name
Execute             get_solution -flow_target 
Execute         db_write -o C:/Users/brand/Documents/engs192/zybo-edge-ai/hls/edge_cnn_minimal_hls/myproject_prj/solution1/.autopilot/db/zeropad2d_cl_array_array_ap_fixed_8_2_5_3_0_2u_config6_Pipeline_PadTopWidth.sched.adb -f 
INFO-FLOW: Finish scheduling zeropad2d_cl<array,array<ap_fixed<8,2,5,3,0>,2u>,config6>_Pipeline_PadTopWidth.
Execute         set_default_model zeropad2d_cl<array,array<ap_fixed<8,2,5,3,0>,2u>,config6>_Pipeline_PadTopWidth 
Execute         bind -model zeropad2d_cl<array,array<ap_fixed<8,2,5,3,0>,2u>,config6>_Pipeline_PadTopWidth 
INFO: [BIND 205-100] Starting micro-architecture generation ...
INFO: [BIND 205-101] Performing variable lifetime analysis.
INFO: [BIND 205-101] Exploring resource sharing.
INFO: [BIND 205-101] Binding ...
INFO: [BIND 205-100] Finished micro-architecture generation.
Command         bind done; 0.128 sec.
INFO: [HLS 200-111] Finished Binding: CPU user time: 0 seconds. CPU system time: 0 seconds. Elapsed time: 0.143 seconds; current allocated memory: 1.163 GB.
Execute         syn_report -verbosereport -o C:/Users/brand/Documents/engs192/zybo-edge-ai/hls/edge_cnn_minimal_hls/myproject_prj/solution1/.autopilot/db/zeropad2d_cl_array_array_ap_fixed_8_2_5_3_0_2u_config6_Pipeline_PadTopWidth.verbose.bind.rpt 
Execute           AP::get_flow_target_display_name
Execute             get_solution -flow_target 
Execute         db_write -o C:/Users/brand/Documents/engs192/zybo-edge-ai/hls/edge_cnn_minimal_hls/myproject_prj/solution1/.autopilot/db/zeropad2d_cl_array_array_ap_fixed_8_2_5_3_0_2u_config6_Pipeline_PadTopWidth.bind.adb -f 
INFO-FLOW: Finish binding zeropad2d_cl<array,array<ap_fixed<8,2,5,3,0>,2u>,config6>_Pipeline_PadTopWidth.
INFO: [HLS 200-10] ----------------------------------------------------------------
INFO: [HLS 200-42] -- Implementing module 'zeropad2d_cl_array_array_ap_fixed_8_2_5_3_0_2u_config6_Pipeline_CopyMain' 
INFO: [HLS 200-10] ----------------------------------------------------------------
Execute         set_default_model zeropad2d_cl<array,array<ap_fixed<8,2,5,3,0>,2u>,config6>_Pipeline_CopyMain 
Execute         schedule -model zeropad2d_cl<array,array<ap_fixed<8,2,5,3,0>,2u>,config6>_Pipeline_CopyMain 
INFO: [SCHED 204-11] Starting scheduling ...
INFO: [SCHED 204-61] Pipelining loop 'CopyMain'.
WARNING: [HLS 200-880] The II Violation in module 'zeropad2d_cl_array_array_ap_fixed_8_2_5_3_0_2u_config6_Pipeline_CopyMain' (loop 'CopyMain'): Unable to enforce a carried dependence constraint (II = 1, distance = 1, offset = 1) between fifo write operation ('layer6_out_write_ln173', C:/Xilinx/Vitis_HLS/2021.2/common/technology/autopilot/hls_stream_39.h:173) on port 'layer6_out' (C:/Xilinx/Vitis_HLS/2021.2/common/technology/autopilot/hls_stream_39.h:173) and fifo write operation ('layer6_out_write_ln173', C:/Xilinx/Vitis_HLS/2021.2/common/technology/autopilot/hls_stream_39.h:173) on port 'layer6_out' (C:/Xilinx/Vitis_HLS/2021.2/common/technology/autopilot/hls_stream_39.h:173).
INFO: [HLS 200-1470] Pipelining result : Target II = NA, Final II = 2, Depth = 3, loop 'CopyMain'
INFO: [SCHED 204-11] Finished scheduling.
Command         schedule done; 0.137 sec.
INFO: [HLS 200-111] Finished Scheduling: CPU user time: 0 seconds. CPU system time: 0 seconds. Elapsed time: 0.221 seconds; current allocated memory: 1.163 GB.
Execute         syn_report -verbosereport -o C:/Users/brand/Documents/engs192/zybo-edge-ai/hls/edge_cnn_minimal_hls/myproject_prj/solution1/.autopilot/db/zeropad2d_cl_array_array_ap_fixed_8_2_5_3_0_2u_config6_Pipeline_CopyMain.verbose.sched.rpt 
Execute           AP::get_flow_target_display_name
Execute             get_solution -flow_target 
Execute         db_write -o C:/Users/brand/Documents/engs192/zybo-edge-ai/hls/edge_cnn_minimal_hls/myproject_prj/solution1/.autopilot/db/zeropad2d_cl_array_array_ap_fixed_8_2_5_3_0_2u_config6_Pipeline_CopyMain.sched.adb -f 
INFO-FLOW: Finish scheduling zeropad2d_cl<array,array<ap_fixed<8,2,5,3,0>,2u>,config6>_Pipeline_CopyMain.
Execute         set_default_model zeropad2d_cl<array,array<ap_fixed<8,2,5,3,0>,2u>,config6>_Pipeline_CopyMain 
Execute         bind -model zeropad2d_cl<array,array<ap_fixed<8,2,5,3,0>,2u>,config6>_Pipeline_CopyMain 
INFO: [BIND 205-100] Starting micro-architecture generation ...
INFO: [BIND 205-101] Performing variable lifetime analysis.
INFO: [BIND 205-101] Exploring resource sharing.
INFO: [BIND 205-101] Binding ...
INFO: [BIND 205-100] Finished micro-architecture generation.
Command         bind done; 0.138 sec.
INFO: [HLS 200-111] Finished Binding: CPU user time: 0 seconds. CPU system time: 0 seconds. Elapsed time: 0.158 seconds; current allocated memory: 1.163 GB.
Execute         syn_report -verbosereport -o C:/Users/brand/Documents/engs192/zybo-edge-ai/hls/edge_cnn_minimal_hls/myproject_prj/solution1/.autopilot/db/zeropad2d_cl_array_array_ap_fixed_8_2_5_3_0_2u_config6_Pipeline_CopyMain.verbose.bind.rpt 
Execute           AP::get_flow_target_display_name
Execute             get_solution -flow_target 
Execute         db_write -o C:/Users/brand/Documents/engs192/zybo-edge-ai/hls/edge_cnn_minimal_hls/myproject_prj/solution1/.autopilot/db/zeropad2d_cl_array_array_ap_fixed_8_2_5_3_0_2u_config6_Pipeline_CopyMain.bind.adb -f 
INFO-FLOW: Finish binding zeropad2d_cl<array,array<ap_fixed<8,2,5,3,0>,2u>,config6>_Pipeline_CopyMain.
INFO: [HLS 200-10] ----------------------------------------------------------------
INFO: [HLS 200-42] -- Implementing module 'zeropad2d_cl_array_array_ap_fixed_2u_config6_Pipeline_PadBottomWidth' 
INFO: [HLS 200-10] ----------------------------------------------------------------
Execute         set_default_model zeropad2d_cl<array,array<ap_fixed,2u>,config6>_Pipeline_PadBottomWidth 
Execute         schedule -model zeropad2d_cl<array,array<ap_fixed,2u>,config6>_Pipeline_PadBottomWidth 
INFO: [SCHED 204-11] Starting scheduling ...
INFO: [SCHED 204-61] Pipelining loop 'PadBottomWidth'.
INFO: [HLS 200-1470] Pipelining result : Target II = NA, Final II = 1, Depth = 2, loop 'PadBottomWidth'
INFO: [SCHED 204-11] Finished scheduling.
Command         schedule done; 0.129 sec.
INFO: [HLS 200-111] Finished Scheduling: CPU user time: 0 seconds. CPU system time: 0 seconds. Elapsed time: 0.223 seconds; current allocated memory: 1.163 GB.
Execute         syn_report -verbosereport -o C:/Users/brand/Documents/engs192/zybo-edge-ai/hls/edge_cnn_minimal_hls/myproject_prj/solution1/.autopilot/db/zeropad2d_cl_array_array_ap_fixed_2u_config6_Pipeline_PadBottomWidth.verbose.sched.rpt 
Execute           AP::get_flow_target_display_name
Execute             get_solution -flow_target 
Execute         db_write -o C:/Users/brand/Documents/engs192/zybo-edge-ai/hls/edge_cnn_minimal_hls/myproject_prj/solution1/.autopilot/db/zeropad2d_cl_array_array_ap_fixed_2u_config6_Pipeline_PadBottomWidth.sched.adb -f 
INFO-FLOW: Finish scheduling zeropad2d_cl<array,array<ap_fixed,2u>,config6>_Pipeline_PadBottomWidth.
Execute         set_default_model zeropad2d_cl<array,array<ap_fixed,2u>,config6>_Pipeline_PadBottomWidth 
Execute         bind -model zeropad2d_cl<array,array<ap_fixed,2u>,config6>_Pipeline_PadBottomWidth 
INFO: [BIND 205-100] Starting micro-architecture generation ...
INFO: [BIND 205-101] Performing variable lifetime analysis.
INFO: [BIND 205-101] Exploring resource sharing.
INFO: [BIND 205-101] Binding ...
INFO: [BIND 205-100] Finished micro-architecture generation.
Command         bind done; 0.148 sec.
INFO: [HLS 200-111] Finished Binding: CPU user time: 0 seconds. CPU system time: 0 seconds. Elapsed time: 0.167 seconds; current allocated memory: 1.163 GB.
Execute         syn_report -verbosereport -o C:/Users/brand/Documents/engs192/zybo-edge-ai/hls/edge_cnn_minimal_hls/myproject_prj/solution1/.autopilot/db/zeropad2d_cl_array_array_ap_fixed_2u_config6_Pipeline_PadBottomWidth.verbose.bind.rpt 
Execute           AP::get_flow_target_display_name
Execute             get_solution -flow_target 
Execute         db_write -o C:/Users/brand/Documents/engs192/zybo-edge-ai/hls/edge_cnn_minimal_hls/myproject_prj/solution1/.autopilot/db/zeropad2d_cl_array_array_ap_fixed_2u_config6_Pipeline_PadBottomWidth.bind.adb -f 
INFO-FLOW: Finish binding zeropad2d_cl<array,array<ap_fixed,2u>,config6>_Pipeline_PadBottomWidth.
INFO: [HLS 200-10] ----------------------------------------------------------------
INFO: [HLS 200-42] -- Implementing module 'zeropad2d_cl_array_ap_fixed_2u_array_ap_fixed_8_2_5_3_0_2u_config6_s' 
INFO: [HLS 200-10] ----------------------------------------------------------------
Execute         set_default_model zeropad2d_cl<array<ap_fixed,2u>,array<ap_fixed<8,2,5,3,0>,2u>,config6> 
Execute         schedule -model zeropad2d_cl<array<ap_fixed,2u>,array<ap_fixed<8,2,5,3,0>,2u>,config6> 
INFO: [SCHED 204-11] Starting scheduling ...
INFO: [SCHED 204-11] Finished scheduling.
INFO: [HLS 200-111] Finished Scheduling: CPU user time: 0 seconds. CPU system time: 0 seconds. Elapsed time: 0.152 seconds; current allocated memory: 1.163 GB.
Execute         syn_report -verbosereport -o C:/Users/brand/Documents/engs192/zybo-edge-ai/hls/edge_cnn_minimal_hls/myproject_prj/solution1/.autopilot/db/zeropad2d_cl_array_ap_fixed_2u_array_ap_fixed_8_2_5_3_0_2u_config6_s.verbose.sched.rpt 
Execute           AP::get_flow_target_display_name
Execute             get_solution -flow_target 
Execute         db_write -o C:/Users/brand/Documents/engs192/zybo-edge-ai/hls/edge_cnn_minimal_hls/myproject_prj/solution1/.autopilot/db/zeropad2d_cl_array_ap_fixed_2u_array_ap_fixed_8_2_5_3_0_2u_config6_s.sched.adb -f 
INFO-FLOW: Finish scheduling zeropad2d_cl<array<ap_fixed,2u>,array<ap_fixed<8,2,5,3,0>,2u>,config6>.
Execute         set_default_model zeropad2d_cl<array<ap_fixed,2u>,array<ap_fixed<8,2,5,3,0>,2u>,config6> 
Execute         bind -model zeropad2d_cl<array<ap_fixed,2u>,array<ap_fixed<8,2,5,3,0>,2u>,config6> 
INFO: [BIND 205-100] Starting micro-architecture generation ...
INFO: [BIND 205-101] Performing variable lifetime analysis.
INFO: [BIND 205-101] Exploring resource sharing.
INFO: [BIND 205-101] Binding ...
INFO: [BIND 205-100] Finished micro-architecture generation.
Command         bind done; 0.119 sec.
INFO: [HLS 200-111] Finished Binding: CPU user time: 0 seconds. CPU system time: 0 seconds. Elapsed time: 0.145 seconds; current allocated memory: 1.163 GB.
Execute         syn_report -verbosereport -o C:/Users/brand/Documents/engs192/zybo-edge-ai/hls/edge_cnn_minimal_hls/myproject_prj/solution1/.autopilot/db/zeropad2d_cl_array_ap_fixed_2u_array_ap_fixed_8_2_5_3_0_2u_config6_s.verbose.bind.rpt 
Execute           AP::get_flow_target_display_name
Execute             get_solution -flow_target 
Execute         db_write -o C:/Users/brand/Documents/engs192/zybo-edge-ai/hls/edge_cnn_minimal_hls/myproject_prj/solution1/.autopilot/db/zeropad2d_cl_array_ap_fixed_2u_array_ap_fixed_8_2_5_3_0_2u_config6_s.bind.adb -f 
INFO-FLOW: Finish binding zeropad2d_cl<array<ap_fixed,2u>,array<ap_fixed<8,2,5,3,0>,2u>,config6>.
INFO: [HLS 200-10] ----------------------------------------------------------------
INFO: [HLS 200-42] -- Implementing module 'shift_line_buffer_array_ap_fixed_8_2_5_3_0_2u_config4_s' 
INFO: [HLS 200-10] ----------------------------------------------------------------
Execute         set_default_model shift_line_buffer<array<ap_fixed<8, 2, 5, 3, 0>, 2u>, config4> 
Execute         schedule -model shift_line_buffer<array<ap_fixed<8, 2, 5, 3, 0>, 2u>, config4> 
INFO: [SCHED 204-11] Starting scheduling ...
INFO: [SCHED 204-61] Pipelining function 'shift_line_buffer<array<ap_fixed<8, 2, 5, 3, 0>, 2u>, config4>'.
INFO: [HLS 200-1470] Pipelining result : Target II = NA, Final II = 1, Depth = 1, function 'shift_line_buffer<array<ap_fixed<8, 2, 5, 3, 0>, 2u>, config4>'
INFO: [SCHED 204-11] Finished scheduling.
Command         schedule done; 0.113 sec.
INFO: [HLS 200-111] Finished Scheduling: CPU user time: 0 seconds. CPU system time: 0 seconds. Elapsed time: 0.211 seconds; current allocated memory: 1.163 GB.
Execute         syn_report -verbosereport -o C:/Users/brand/Documents/engs192/zybo-edge-ai/hls/edge_cnn_minimal_hls/myproject_prj/solution1/.autopilot/db/shift_line_buffer_array_ap_fixed_8_2_5_3_0_2u_config4_s.verbose.sched.rpt 
Execute           AP::get_flow_target_display_name
Execute             get_solution -flow_target 
Execute         db_write -o C:/Users/brand/Documents/engs192/zybo-edge-ai/hls/edge_cnn_minimal_hls/myproject_prj/solution1/.autopilot/db/shift_line_buffer_array_ap_fixed_8_2_5_3_0_2u_config4_s.sched.adb -f 
INFO-FLOW: Finish scheduling shift_line_buffer<array<ap_fixed<8, 2, 5, 3, 0>, 2u>, config4>.
Execute         set_default_model shift_line_buffer<array<ap_fixed<8, 2, 5, 3, 0>, 2u>, config4> 
Execute         bind -model shift_line_buffer<array<ap_fixed<8, 2, 5, 3, 0>, 2u>, config4> 
INFO: [BIND 205-100] Starting micro-architecture generation ...
INFO: [BIND 205-101] Performing variable lifetime analysis.
INFO: [BIND 205-101] Exploring resource sharing.
INFO: [BIND 205-101] Binding ...
INFO: [BIND 205-100] Finished micro-architecture generation.
Command         bind done; 0.126 sec.
INFO: [HLS 200-111] Finished Binding: CPU user time: 0 seconds. CPU system time: 0 seconds. Elapsed time: 0.143 seconds; current allocated memory: 1.163 GB.
Execute         syn_report -verbosereport -o C:/Users/brand/Documents/engs192/zybo-edge-ai/hls/edge_cnn_minimal_hls/myproject_prj/solution1/.autopilot/db/shift_line_buffer_array_ap_fixed_8_2_5_3_0_2u_config4_s.verbose.bind.rpt 
Execute           AP::get_flow_target_display_name
Execute             get_solution -flow_target 
Execute         db_write -o C:/Users/brand/Documents/engs192/zybo-edge-ai/hls/edge_cnn_minimal_hls/myproject_prj/solution1/.autopilot/db/shift_line_buffer_array_ap_fixed_8_2_5_3_0_2u_config4_s.bind.adb -f 
INFO-FLOW: Finish binding shift_line_buffer<array<ap_fixed<8, 2, 5, 3, 0>, 2u>, config4>.
INFO: [HLS 200-10] ----------------------------------------------------------------
INFO: [HLS 200-42] -- Implementing module 'dense_resource_rf_leq_nin_ap_fixed_ap_fixed_8_2_5_3_0_config4_mult_s' 
INFO: [HLS 200-10] ----------------------------------------------------------------
Execute         set_default_model dense_resource_rf_leq_nin<ap_fixed,ap_fixed<8,2,5,3,0>,config4_mult> 
Execute         schedule -model dense_resource_rf_leq_nin<ap_fixed,ap_fixed<8,2,5,3,0>,config4_mult> 
INFO: [SCHED 204-11] Starting scheduling ...
INFO: [SCHED 204-61] Pipelining loop 'ReuseLoop'.
INFO: [HLS 200-1470] Pipelining result : Target II = 1, Final II = 1, Depth = 3, loop 'ReuseLoop'
INFO: [SCHED 204-11] Finished scheduling.
Command         schedule done; 0.123 sec.
INFO: [HLS 200-111] Finished Scheduling: CPU user time: 0 seconds. CPU system time: 0 seconds. Elapsed time: 0.211 seconds; current allocated memory: 1.163 GB.
Execute         syn_report -verbosereport -o C:/Users/brand/Documents/engs192/zybo-edge-ai/hls/edge_cnn_minimal_hls/myproject_prj/solution1/.autopilot/db/dense_resource_rf_leq_nin_ap_fixed_ap_fixed_8_2_5_3_0_config4_mult_s.verbose.sched.rpt 
Execute           AP::get_flow_target_display_name
Execute             get_solution -flow_target 
Execute         db_write -o C:/Users/brand/Documents/engs192/zybo-edge-ai/hls/edge_cnn_minimal_hls/myproject_prj/solution1/.autopilot/db/dense_resource_rf_leq_nin_ap_fixed_ap_fixed_8_2_5_3_0_config4_mult_s.sched.adb -f 
INFO-FLOW: Finish scheduling dense_resource_rf_leq_nin<ap_fixed,ap_fixed<8,2,5,3,0>,config4_mult>.
Execute         set_default_model dense_resource_rf_leq_nin<ap_fixed,ap_fixed<8,2,5,3,0>,config4_mult> 
Execute         bind -model dense_resource_rf_leq_nin<ap_fixed,ap_fixed<8,2,5,3,0>,config4_mult> 
INFO: [BIND 205-100] Starting micro-architecture generation ...
INFO: [BIND 205-101] Performing variable lifetime analysis.
INFO: [BIND 205-101] Exploring resource sharing.
INFO: [BIND 205-101] Binding ...
INFO: [BIND 205-100] Finished micro-architecture generation.
Command         bind done; 0.134 sec.
INFO: [HLS 200-111] Finished Binding: CPU user time: 0 seconds. CPU system time: 0 seconds. Elapsed time: 0.167 seconds; current allocated memory: 1.163 GB.
Execute         syn_report -verbosereport -o C:/Users/brand/Documents/engs192/zybo-edge-ai/hls/edge_cnn_minimal_hls/myproject_prj/solution1/.autopilot/db/dense_resource_rf_leq_nin_ap_fixed_ap_fixed_8_2_5_3_0_config4_mult_s.verbose.bind.rpt 
Execute           AP::get_flow_target_display_name
Execute             get_solution -flow_target 
Execute         db_write -o C:/Users/brand/Documents/engs192/zybo-edge-ai/hls/edge_cnn_minimal_hls/myproject_prj/solution1/.autopilot/db/dense_resource_rf_leq_nin_ap_fixed_ap_fixed_8_2_5_3_0_config4_mult_s.bind.adb -f 
INFO-FLOW: Finish binding dense_resource_rf_leq_nin<ap_fixed,ap_fixed<8,2,5,3,0>,config4_mult>.
INFO: [HLS 200-10] ----------------------------------------------------------------
INFO: [HLS 200-42] -- Implementing module 'compute_output_buffer_2d_array_array_ap_fixed_8_2_5_3_0_1u_config4_s' 
INFO: [HLS 200-10] ----------------------------------------------------------------
Execute         set_default_model compute_output_buffer_2d<array,array<ap_fixed<8,2,5,3,0>,1u>,config4> 
Execute         schedule -model compute_output_buffer_2d<array,array<ap_fixed<8,2,5,3,0>,1u>,config4> 
INFO: [SCHED 204-11] Starting scheduling ...
INFO: [SCHED 204-11] Finished scheduling.
INFO: [HLS 200-111] Finished Scheduling: CPU user time: 0 seconds. CPU system time: 0 seconds. Elapsed time: 0.171 seconds; current allocated memory: 1.163 GB.
Execute         syn_report -verbosereport -o C:/Users/brand/Documents/engs192/zybo-edge-ai/hls/edge_cnn_minimal_hls/myproject_prj/solution1/.autopilot/db/compute_output_buffer_2d_array_array_ap_fixed_8_2_5_3_0_1u_config4_s.verbose.sched.rpt 
Execute           AP::get_flow_target_display_name
Execute             get_solution -flow_target 
Execute         db_write -o C:/Users/brand/Documents/engs192/zybo-edge-ai/hls/edge_cnn_minimal_hls/myproject_prj/solution1/.autopilot/db/compute_output_buffer_2d_array_array_ap_fixed_8_2_5_3_0_1u_config4_s.sched.adb -f 
INFO-FLOW: Finish scheduling compute_output_buffer_2d<array,array<ap_fixed<8,2,5,3,0>,1u>,config4>.
Execute         set_default_model compute_output_buffer_2d<array,array<ap_fixed<8,2,5,3,0>,1u>,config4> 
Execute         bind -model compute_output_buffer_2d<array,array<ap_fixed<8,2,5,3,0>,1u>,config4> 
INFO: [BIND 205-100] Starting micro-architecture generation ...
INFO: [BIND 205-101] Performing variable lifetime analysis.
INFO: [BIND 205-101] Exploring resource sharing.
INFO: [BIND 205-101] Binding ...
INFO: [BIND 205-100] Finished micro-architecture generation.
Command         bind done; 0.133 sec.
INFO: [HLS 200-111] Finished Binding: CPU user time: 0 seconds. CPU system time: 0 seconds. Elapsed time: 0.165 seconds; current allocated memory: 1.163 GB.
Execute         syn_report -verbosereport -o C:/Users/brand/Documents/engs192/zybo-edge-ai/hls/edge_cnn_minimal_hls/myproject_prj/solution1/.autopilot/db/compute_output_buffer_2d_array_array_ap_fixed_8_2_5_3_0_1u_config4_s.verbose.bind.rpt 
Execute           AP::get_flow_target_display_name
Execute             get_solution -flow_target 
Execute         db_write -o C:/Users/brand/Documents/engs192/zybo-edge-ai/hls/edge_cnn_minimal_hls/myproject_prj/solution1/.autopilot/db/compute_output_buffer_2d_array_array_ap_fixed_8_2_5_3_0_1u_config4_s.bind.adb -f 
INFO-FLOW: Finish binding compute_output_buffer_2d<array,array<ap_fixed<8,2,5,3,0>,1u>,config4>.
INFO: [HLS 200-10] ----------------------------------------------------------------
INFO: [HLS 200-42] -- Implementing module 'conv_2d_cl_array_ap_fixed_2u_array_ap_fixed_8_2_5_3_0_1u_config4_s' 
INFO: [HLS 200-10] ----------------------------------------------------------------
Execute         set_default_model conv_2d_cl<array<ap_fixed,2u>,array<ap_fixed<8,2,5,3,0>,1u>,config4> 
Execute         schedule -model conv_2d_cl<array<ap_fixed,2u>,array<ap_fixed<8,2,5,3,0>,1u>,config4> 
INFO: [SCHED 204-11] Starting scheduling ...
INFO: [SCHED 204-11] Finished scheduling.
INFO: [HLS 200-111] Finished Scheduling: CPU user time: 0 seconds. CPU system time: 0 seconds. Elapsed time: 0.203 seconds; current allocated memory: 1.163 GB.
Execute         syn_report -verbosereport -o C:/Users/brand/Documents/engs192/zybo-edge-ai/hls/edge_cnn_minimal_hls/myproject_prj/solution1/.autopilot/db/conv_2d_cl_array_ap_fixed_2u_array_ap_fixed_8_2_5_3_0_1u_config4_s.verbose.sched.rpt 
Execute           AP::get_flow_target_display_name
Execute             get_solution -flow_target 
Execute         db_write -o C:/Users/brand/Documents/engs192/zybo-edge-ai/hls/edge_cnn_minimal_hls/myproject_prj/solution1/.autopilot/db/conv_2d_cl_array_ap_fixed_2u_array_ap_fixed_8_2_5_3_0_1u_config4_s.sched.adb -f 
INFO-FLOW: Finish scheduling conv_2d_cl<array<ap_fixed,2u>,array<ap_fixed<8,2,5,3,0>,1u>,config4>.
Execute         set_default_model conv_2d_cl<array<ap_fixed,2u>,array<ap_fixed<8,2,5,3,0>,1u>,config4> 
Execute         bind -model conv_2d_cl<array<ap_fixed,2u>,array<ap_fixed<8,2,5,3,0>,1u>,config4> 
INFO: [BIND 205-100] Starting micro-architecture generation ...
INFO: [BIND 205-101] Performing variable lifetime analysis.
INFO: [BIND 205-101] Exploring resource sharing.
INFO: [BIND 205-101] Binding ...
INFO: [BIND 205-100] Finished micro-architecture generation.
Command         bind done; 0.134 sec.
INFO: [HLS 200-111] Finished Binding: CPU user time: 0 seconds. CPU system time: 0 seconds. Elapsed time: 0.152 seconds; current allocated memory: 1.163 GB.
Execute         syn_report -verbosereport -o C:/Users/brand/Documents/engs192/zybo-edge-ai/hls/edge_cnn_minimal_hls/myproject_prj/solution1/.autopilot/db/conv_2d_cl_array_ap_fixed_2u_array_ap_fixed_8_2_5_3_0_1u_config4_s.verbose.bind.rpt 
Execute           AP::get_flow_target_display_name
Execute             get_solution -flow_target 
Execute         db_write -o C:/Users/brand/Documents/engs192/zybo-edge-ai/hls/edge_cnn_minimal_hls/myproject_prj/solution1/.autopilot/db/conv_2d_cl_array_ap_fixed_2u_array_ap_fixed_8_2_5_3_0_1u_config4_s.bind.adb -f 
INFO-FLOW: Finish binding conv_2d_cl<array<ap_fixed,2u>,array<ap_fixed<8,2,5,3,0>,1u>,config4>.
INFO: [HLS 200-10] ----------------------------------------------------------------
INFO: [HLS 200-42] -- Implementing module 'myproject' 
INFO: [HLS 200-10] ----------------------------------------------------------------
Execute         set_default_model myproject 
Execute         schedule -model myproject 
INFO: [SCHED 204-11] Starting scheduling ...
INFO: [SCHED 204-11] Finished scheduling.
INFO: [HLS 200-111] Finished Scheduling: CPU user time: 0 seconds. CPU system time: 0 seconds. Elapsed time: 0.201 seconds; current allocated memory: 1.163 GB.
Execute         syn_report -verbosereport -o C:/Users/brand/Documents/engs192/zybo-edge-ai/hls/edge_cnn_minimal_hls/myproject_prj/solution1/.autopilot/db/myproject.verbose.sched.rpt 
Execute           AP::get_flow_target_display_name
Execute             get_solution -flow_target 
Execute         db_write -o C:/Users/brand/Documents/engs192/zybo-edge-ai/hls/edge_cnn_minimal_hls/myproject_prj/solution1/.autopilot/db/myproject.sched.adb -f 
INFO-FLOW: Finish scheduling myproject.
Execute         set_default_model myproject 
Execute         bind -model myproject 
INFO: [BIND 205-100] Starting micro-architecture generation ...
INFO: [BIND 205-101] Performing variable lifetime analysis.
INFO: [BIND 205-101] Exploring resource sharing.
INFO: [BIND 205-101] Binding ...
INFO: [BIND 205-100] Finished micro-architecture generation.
Command         bind done; 0.179 sec.
INFO: [HLS 200-111] Finished Binding: CPU user time: 0 seconds. CPU system time: 0 seconds. Elapsed time: 0.216 seconds; current allocated memory: 1.163 GB.
Execute         syn_report -verbosereport -o C:/Users/brand/Documents/engs192/zybo-edge-ai/hls/edge_cnn_minimal_hls/myproject_prj/solution1/.autopilot/db/myproject.verbose.bind.rpt 
Execute           AP::get_flow_target_display_name
Execute             get_solution -flow_target 
Command         syn_report done; 0.19 sec.
Execute         db_write -o C:/Users/brand/Documents/engs192/zybo-edge-ai/hls/edge_cnn_minimal_hls/myproject_prj/solution1/.autopilot/db/myproject.bind.adb -f 
INFO-FLOW: Finish binding myproject.
Execute         get_model_list myproject -filter all-wo-channel 
INFO-FLOW: Preprocessing for RTLGen ...
Execute         rtl_gen_preprocess zeropad2d_cl<array,array<ap_fixed<8,2,5,3,0>,1u>,config5>_Pipeline_PadTopWidth 
Execute         rtl_gen_preprocess zeropad2d_cl<array,array<ap_fixed<8,2,5,3,0>,1u>,config5>_Pipeline_CopyMain 
Execute         rtl_gen_preprocess zeropad2d_cl<array,array<ap_fixed,1u>,config5>_Pipeline_PadBottomWidth 
Execute         rtl_gen_preprocess zeropad2d_cl<array<ap_fixed,1u>,array<ap_fixed<8,2,5,3,0>,1u>,config5> 
Execute         rtl_gen_preprocess shift_line_buffer<array<ap_fixed<8, 2, 5, 3, 0>, 1u>, config2> 
Execute         rtl_gen_preprocess dense_resource_rf_gt_nin_rem0<ap_fixed,ap_fixed<8,2,5,3,0>,config2_mult> 
Execute         rtl_gen_preprocess compute_output_buffer_2d<array,array<ap_fixed<8,2,5,3,0>,2u>,config2> 
Execute         rtl_gen_preprocess conv_2d_cl<array<ap_fixed,1u>,array<ap_fixed<8,2,5,3,0>,2u>,config2> 
Execute         rtl_gen_preprocess relu<array<ap_fixed,2u>,array<ap_fixed<8,2,5,3,0>,2u>,relu_config3> 
Execute         rtl_gen_preprocess zeropad2d_cl<array,array<ap_fixed<8,2,5,3,0>,2u>,config6>_Pipeline_PadTopWidth 
Execute         rtl_gen_preprocess zeropad2d_cl<array,array<ap_fixed<8,2,5,3,0>,2u>,config6>_Pipeline_CopyMain 
Execute         rtl_gen_preprocess zeropad2d_cl<array,array<ap_fixed,2u>,config6>_Pipeline_PadBottomWidth 
Execute         rtl_gen_preprocess zeropad2d_cl<array<ap_fixed,2u>,array<ap_fixed<8,2,5,3,0>,2u>,config6> 
Execute         rtl_gen_preprocess shift_line_buffer<array<ap_fixed<8, 2, 5, 3, 0>, 2u>, config4> 
Execute         rtl_gen_preprocess dense_resource_rf_leq_nin<ap_fixed,ap_fixed<8,2,5,3,0>,config4_mult> 
Execute         rtl_gen_preprocess compute_output_buffer_2d<array,array<ap_fixed<8,2,5,3,0>,1u>,config4> 
Execute         rtl_gen_preprocess conv_2d_cl<array<ap_fixed,2u>,array<ap_fixed<8,2,5,3,0>,1u>,config4> 
Execute         rtl_gen_preprocess myproject 
INFO-FLOW: Model list for RTL generation: zeropad2d_cl<array,array<ap_fixed<8,2,5,3,0>,1u>,config5>_Pipeline_PadTopWidth zeropad2d_cl<array,array<ap_fixed<8,2,5,3,0>,1u>,config5>_Pipeline_CopyMain zeropad2d_cl<array,array<ap_fixed,1u>,config5>_Pipeline_PadBottomWidth zeropad2d_cl<array<ap_fixed,1u>,array<ap_fixed<8,2,5,3,0>,1u>,config5> {shift_line_buffer<array<ap_fixed<8, 2, 5, 3, 0>, 1u>, config2>} dense_resource_rf_gt_nin_rem0<ap_fixed,ap_fixed<8,2,5,3,0>,config2_mult> compute_output_buffer_2d<array,array<ap_fixed<8,2,5,3,0>,2u>,config2> conv_2d_cl<array<ap_fixed,1u>,array<ap_fixed<8,2,5,3,0>,2u>,config2> relu<array<ap_fixed,2u>,array<ap_fixed<8,2,5,3,0>,2u>,relu_config3> zeropad2d_cl<array,array<ap_fixed<8,2,5,3,0>,2u>,config6>_Pipeline_PadTopWidth zeropad2d_cl<array,array<ap_fixed<8,2,5,3,0>,2u>,config6>_Pipeline_CopyMain zeropad2d_cl<array,array<ap_fixed,2u>,config6>_Pipeline_PadBottomWidth zeropad2d_cl<array<ap_fixed,2u>,array<ap_fixed<8,2,5,3,0>,2u>,config6> {shift_line_buffer<array<ap_fixed<8, 2, 5, 3, 0>, 2u>, config4>} dense_resource_rf_leq_nin<ap_fixed,ap_fixed<8,2,5,3,0>,config4_mult> compute_output_buffer_2d<array,array<ap_fixed<8,2,5,3,0>,1u>,config4> conv_2d_cl<array<ap_fixed,2u>,array<ap_fixed<8,2,5,3,0>,1u>,config4> myproject
INFO: [HLS 200-10] ----------------------------------------------------------------
INFO: [HLS 200-10] -- Generating RTL for module 'zeropad2d_cl_array_array_ap_fixed_8_2_5_3_0_1u_config5_Pipeline_PadTopWidth' 
INFO: [HLS 200-10] ----------------------------------------------------------------
Execute         get_config_rtl -module_prefix 
Execute         get_config_rtl -module_auto_prefix 
Execute         get_config_rtl -module_prefix 
Execute         get_config_rtl -module_auto_prefix 
Execute         create_rtl_model zeropad2d_cl<array,array<ap_fixed<8,2,5,3,0>,1u>,config5>_Pipeline_PadTopWidth -top_prefix myproject_ -sub_prefix myproject_ -mg_file C:/Users/brand/Documents/engs192/zybo-edge-ai/hls/edge_cnn_minimal_hls/myproject_prj/solution1/.autopilot/db/zeropad2d_cl_array_array_ap_fixed_8_2_5_3_0_1u_config5_Pipeline_PadTopWidth.compgen.tcl 
INFO: [HLS 200-1030] Apply Unified Pipeline Control on module 'zeropad2d_cl_array_array_ap_fixed_8_2_5_3_0_1u_config5_Pipeline_PadTopWidth' pipeline 'PadTopWidth' pipeline type 'loop pipeline'
INFO: [RTGEN 206-100] Finished creating RTL model for 'zeropad2d_cl_array_array_ap_fixed_8_2_5_3_0_1u_config5_Pipeline_PadTopWidth'.
INFO: [HLS 200-111] Finished Creating RTL model: CPU user time: 0 seconds. CPU system time: 0 seconds. Elapsed time: 0.368 seconds; current allocated memory: 1.163 GB.
Execute         source C:/Users/brand/Documents/engs192/zybo-edge-ai/hls/edge_cnn_minimal_hls/myproject_prj/solution1/.autopilot/db/myproject.rtl_wrap.cfg.tcl 
Execute         gen_rtl zeropad2d_cl<array,array<ap_fixed<8,2,5,3,0>,1u>,config5>_Pipeline_PadTopWidth -style xilinx -f -lang vhdl -o C:/Users/brand/Documents/engs192/zybo-edge-ai/hls/edge_cnn_minimal_hls/myproject_prj/solution1/syn/vhdl/myproject_zeropad2d_cl_array_array_ap_fixed_8_2_5_3_0_1u_config5_Pipeline_PadTopWidth 
Execute         gen_rtl zeropad2d_cl<array,array<ap_fixed<8,2,5,3,0>,1u>,config5>_Pipeline_PadTopWidth -style xilinx -f -lang vlog -o C:/Users/brand/Documents/engs192/zybo-edge-ai/hls/edge_cnn_minimal_hls/myproject_prj/solution1/syn/verilog/myproject_zeropad2d_cl_array_array_ap_fixed_8_2_5_3_0_1u_config5_Pipeline_PadTopWidth 
Execute         syn_report -csynth -model zeropad2d_cl<array,array<ap_fixed<8,2,5,3,0>,1u>,config5>_Pipeline_PadTopWidth -o C:/Users/brand/Documents/engs192/zybo-edge-ai/hls/edge_cnn_minimal_hls/myproject_prj/solution1/syn/report/zeropad2d_cl_array_array_ap_fixed_8_2_5_3_0_1u_config5_Pipeline_PadTopWidth_csynth.rpt 
Execute           AP::get_flow_target_display_name
Execute             get_solution -flow_target 
Execute         syn_report -rtlxml -model zeropad2d_cl<array,array<ap_fixed<8,2,5,3,0>,1u>,config5>_Pipeline_PadTopWidth -o C:/Users/brand/Documents/engs192/zybo-edge-ai/hls/edge_cnn_minimal_hls/myproject_prj/solution1/syn/report/zeropad2d_cl_array_array_ap_fixed_8_2_5_3_0_1u_config5_Pipeline_PadTopWidth_csynth.xml 
Execute           get_solution -flow_target
Execute             get_solution -flow_target 
Execute         syn_report -verbosereport -model zeropad2d_cl<array,array<ap_fixed<8,2,5,3,0>,1u>,config5>_Pipeline_PadTopWidth -o C:/Users/brand/Documents/engs192/zybo-edge-ai/hls/edge_cnn_minimal_hls/myproject_prj/solution1/.autopilot/db/zeropad2d_cl_array_array_ap_fixed_8_2_5_3_0_1u_config5_Pipeline_PadTopWidth.verbose.rpt 
Execute           AP::get_flow_target_display_name
Execute             get_solution -flow_target 
Execute         db_write -model zeropad2d_cl<array,array<ap_fixed<8,2,5,3,0>,1u>,config5>_Pipeline_PadTopWidth -f -o C:/Users/brand/Documents/engs192/zybo-edge-ai/hls/edge_cnn_minimal_hls/myproject_prj/solution1/.autopilot/db/zeropad2d_cl_array_array_ap_fixed_8_2_5_3_0_1u_config5_Pipeline_PadTopWidth.adb 
Execute         db_write -model zeropad2d_cl<array,array<ap_fixed<8,2,5,3,0>,1u>,config5>_Pipeline_PadTopWidth -bindview -o C:/Users/brand/Documents/engs192/zybo-edge-ai/hls/edge_cnn_minimal_hls/myproject_prj/solution1/.autopilot/db/design.bindinfo.xml 
Execute         gen_tb_info zeropad2d_cl<array,array<ap_fixed<8,2,5,3,0>,1u>,config5>_Pipeline_PadTopWidth -p C:/Users/brand/Documents/engs192/zybo-edge-ai/hls/edge_cnn_minimal_hls/myproject_prj/solution1/.autopilot/db -o C:/Users/brand/Documents/engs192/zybo-edge-ai/hls/edge_cnn_minimal_hls/myproject_prj/solution1/.autopilot/db/zeropad2d_cl_array_array_ap_fixed_8_2_5_3_0_1u_config5_Pipeline_PadTopWidth 
INFO: [HLS 200-10] ----------------------------------------------------------------
INFO: [HLS 200-10] -- Generating RTL for module 'zeropad2d_cl_array_array_ap_fixed_8_2_5_3_0_1u_config5_Pipeline_CopyMain' 
INFO: [HLS 200-10] ----------------------------------------------------------------
Execute         get_config_rtl -module_prefix 
Execute         get_config_rtl -module_auto_prefix 
Execute         get_config_rtl -module_prefix 
Execute         get_config_rtl -module_auto_prefix 
Execute         create_rtl_model zeropad2d_cl<array,array<ap_fixed<8,2,5,3,0>,1u>,config5>_Pipeline_CopyMain -top_prefix myproject_ -sub_prefix myproject_ -mg_file C:/Users/brand/Documents/engs192/zybo-edge-ai/hls/edge_cnn_minimal_hls/myproject_prj/solution1/.autopilot/db/zeropad2d_cl_array_array_ap_fixed_8_2_5_3_0_1u_config5_Pipeline_CopyMain.compgen.tcl 
INFO: [HLS 200-1030] Apply Unified Pipeline Control on module 'zeropad2d_cl_array_array_ap_fixed_8_2_5_3_0_1u_config5_Pipeline_CopyMain' pipeline 'CopyMain' pipeline type 'loop pipeline'
INFO: [RTGEN 206-100] Finished creating RTL model for 'zeropad2d_cl_array_array_ap_fixed_8_2_5_3_0_1u_config5_Pipeline_CopyMain'.
INFO: [HLS 200-111] Finished Creating RTL model: CPU user time: 0 seconds. CPU system time: 0 seconds. Elapsed time: 0.235 seconds; current allocated memory: 1.163 GB.
Execute         source C:/Users/brand/Documents/engs192/zybo-edge-ai/hls/edge_cnn_minimal_hls/myproject_prj/solution1/.autopilot/db/myproject.rtl_wrap.cfg.tcl 
Execute         gen_rtl zeropad2d_cl<array,array<ap_fixed<8,2,5,3,0>,1u>,config5>_Pipeline_CopyMain -style xilinx -f -lang vhdl -o C:/Users/brand/Documents/engs192/zybo-edge-ai/hls/edge_cnn_minimal_hls/myproject_prj/solution1/syn/vhdl/myproject_zeropad2d_cl_array_array_ap_fixed_8_2_5_3_0_1u_config5_Pipeline_CopyMain 
Execute         gen_rtl zeropad2d_cl<array,array<ap_fixed<8,2,5,3,0>,1u>,config5>_Pipeline_CopyMain -style xilinx -f -lang vlog -o C:/Users/brand/Documents/engs192/zybo-edge-ai/hls/edge_cnn_minimal_hls/myproject_prj/solution1/syn/verilog/myproject_zeropad2d_cl_array_array_ap_fixed_8_2_5_3_0_1u_config5_Pipeline_CopyMain 
Execute         syn_report -csynth -model zeropad2d_cl<array,array<ap_fixed<8,2,5,3,0>,1u>,config5>_Pipeline_CopyMain -o C:/Users/brand/Documents/engs192/zybo-edge-ai/hls/edge_cnn_minimal_hls/myproject_prj/solution1/syn/report/zeropad2d_cl_array_array_ap_fixed_8_2_5_3_0_1u_config5_Pipeline_CopyMain_csynth.rpt 
Execute           AP::get_flow_target_display_name
Execute             get_solution -flow_target 
Execute         syn_report -rtlxml -model zeropad2d_cl<array,array<ap_fixed<8,2,5,3,0>,1u>,config5>_Pipeline_CopyMain -o C:/Users/brand/Documents/engs192/zybo-edge-ai/hls/edge_cnn_minimal_hls/myproject_prj/solution1/syn/report/zeropad2d_cl_array_array_ap_fixed_8_2_5_3_0_1u_config5_Pipeline_CopyMain_csynth.xml 
Execute           get_solution -flow_target
Execute             get_solution -flow_target 
Execute         syn_report -verbosereport -model zeropad2d_cl<array,array<ap_fixed<8,2,5,3,0>,1u>,config5>_Pipeline_CopyMain -o C:/Users/brand/Documents/engs192/zybo-edge-ai/hls/edge_cnn_minimal_hls/myproject_prj/solution1/.autopilot/db/zeropad2d_cl_array_array_ap_fixed_8_2_5_3_0_1u_config5_Pipeline_CopyMain.verbose.rpt 
Execute           AP::get_flow_target_display_name
Execute             get_solution -flow_target 
Execute         db_write -model zeropad2d_cl<array,array<ap_fixed<8,2,5,3,0>,1u>,config5>_Pipeline_CopyMain -f -o C:/Users/brand/Documents/engs192/zybo-edge-ai/hls/edge_cnn_minimal_hls/myproject_prj/solution1/.autopilot/db/zeropad2d_cl_array_array_ap_fixed_8_2_5_3_0_1u_config5_Pipeline_CopyMain.adb 
Execute         db_write -model zeropad2d_cl<array,array<ap_fixed<8,2,5,3,0>,1u>,config5>_Pipeline_CopyMain -bindview -o C:/Users/brand/Documents/engs192/zybo-edge-ai/hls/edge_cnn_minimal_hls/myproject_prj/solution1/.autopilot/db/design.bindinfo.xml 
Execute         gen_tb_info zeropad2d_cl<array,array<ap_fixed<8,2,5,3,0>,1u>,config5>_Pipeline_CopyMain -p C:/Users/brand/Documents/engs192/zybo-edge-ai/hls/edge_cnn_minimal_hls/myproject_prj/solution1/.autopilot/db -o C:/Users/brand/Documents/engs192/zybo-edge-ai/hls/edge_cnn_minimal_hls/myproject_prj/solution1/.autopilot/db/zeropad2d_cl_array_array_ap_fixed_8_2_5_3_0_1u_config5_Pipeline_CopyMain 
INFO: [HLS 200-10] ----------------------------------------------------------------
INFO: [HLS 200-10] -- Generating RTL for module 'zeropad2d_cl_array_array_ap_fixed_1u_config5_Pipeline_PadBottomWidth' 
INFO: [HLS 200-10] ----------------------------------------------------------------
Execute         get_config_rtl -module_prefix 
Execute         get_config_rtl -module_auto_prefix 
Execute         get_config_rtl -module_prefix 
Execute         get_config_rtl -module_auto_prefix 
Execute         create_rtl_model zeropad2d_cl<array,array<ap_fixed,1u>,config5>_Pipeline_PadBottomWidth -top_prefix myproject_ -sub_prefix myproject_ -mg_file C:/Users/brand/Documents/engs192/zybo-edge-ai/hls/edge_cnn_minimal_hls/myproject_prj/solution1/.autopilot/db/zeropad2d_cl_array_array_ap_fixed_1u_config5_Pipeline_PadBottomWidth.compgen.tcl 
INFO: [HLS 200-1030] Apply Unified Pipeline Control on module 'zeropad2d_cl_array_array_ap_fixed_1u_config5_Pipeline_PadBottomWidth' pipeline 'PadBottomWidth' pipeline type 'loop pipeline'
INFO: [RTGEN 206-100] Finished creating RTL model for 'zeropad2d_cl_array_array_ap_fixed_1u_config5_Pipeline_PadBottomWidth'.
INFO: [HLS 200-111] Finished Creating RTL model: CPU user time: 1 seconds. CPU system time: 0 seconds. Elapsed time: 0.272 seconds; current allocated memory: 1.163 GB.
Execute         source C:/Users/brand/Documents/engs192/zybo-edge-ai/hls/edge_cnn_minimal_hls/myproject_prj/solution1/.autopilot/db/myproject.rtl_wrap.cfg.tcl 
Execute         gen_rtl zeropad2d_cl<array,array<ap_fixed,1u>,config5>_Pipeline_PadBottomWidth -style xilinx -f -lang vhdl -o C:/Users/brand/Documents/engs192/zybo-edge-ai/hls/edge_cnn_minimal_hls/myproject_prj/solution1/syn/vhdl/myproject_zeropad2d_cl_array_array_ap_fixed_1u_config5_Pipeline_PadBottomWidth 
Execute         gen_rtl zeropad2d_cl<array,array<ap_fixed,1u>,config5>_Pipeline_PadBottomWidth -style xilinx -f -lang vlog -o C:/Users/brand/Documents/engs192/zybo-edge-ai/hls/edge_cnn_minimal_hls/myproject_prj/solution1/syn/verilog/myproject_zeropad2d_cl_array_array_ap_fixed_1u_config5_Pipeline_PadBottomWidth 
Execute         syn_report -csynth -model zeropad2d_cl<array,array<ap_fixed,1u>,config5>_Pipeline_PadBottomWidth -o C:/Users/brand/Documents/engs192/zybo-edge-ai/hls/edge_cnn_minimal_hls/myproject_prj/solution1/syn/report/zeropad2d_cl_array_array_ap_fixed_1u_config5_Pipeline_PadBottomWidth_csynth.rpt 
Execute           AP::get_flow_target_display_name
Execute             get_solution -flow_target 
Execute         syn_report -rtlxml -model zeropad2d_cl<array,array<ap_fixed,1u>,config5>_Pipeline_PadBottomWidth -o C:/Users/brand/Documents/engs192/zybo-edge-ai/hls/edge_cnn_minimal_hls/myproject_prj/solution1/syn/report/zeropad2d_cl_array_array_ap_fixed_1u_config5_Pipeline_PadBottomWidth_csynth.xml 
Execute           get_solution -flow_target
Execute             get_solution -flow_target 
Execute         syn_report -verbosereport -model zeropad2d_cl<array,array<ap_fixed,1u>,config5>_Pipeline_PadBottomWidth -o C:/Users/brand/Documents/engs192/zybo-edge-ai/hls/edge_cnn_minimal_hls/myproject_prj/solution1/.autopilot/db/zeropad2d_cl_array_array_ap_fixed_1u_config5_Pipeline_PadBottomWidth.verbose.rpt 
Execute           AP::get_flow_target_display_name
Execute             get_solution -flow_target 
Execute         db_write -model zeropad2d_cl<array,array<ap_fixed,1u>,config5>_Pipeline_PadBottomWidth -f -o C:/Users/brand/Documents/engs192/zybo-edge-ai/hls/edge_cnn_minimal_hls/myproject_prj/solution1/.autopilot/db/zeropad2d_cl_array_array_ap_fixed_1u_config5_Pipeline_PadBottomWidth.adb 
Execute         db_write -model zeropad2d_cl<array,array<ap_fixed,1u>,config5>_Pipeline_PadBottomWidth -bindview -o C:/Users/brand/Documents/engs192/zybo-edge-ai/hls/edge_cnn_minimal_hls/myproject_prj/solution1/.autopilot/db/design.bindinfo.xml 
Execute         gen_tb_info zeropad2d_cl<array,array<ap_fixed,1u>,config5>_Pipeline_PadBottomWidth -p C:/Users/brand/Documents/engs192/zybo-edge-ai/hls/edge_cnn_minimal_hls/myproject_prj/solution1/.autopilot/db -o C:/Users/brand/Documents/engs192/zybo-edge-ai/hls/edge_cnn_minimal_hls/myproject_prj/solution1/.autopilot/db/zeropad2d_cl_array_array_ap_fixed_1u_config5_Pipeline_PadBottomWidth 
INFO: [HLS 200-10] ----------------------------------------------------------------
INFO: [HLS 200-10] -- Generating RTL for module 'zeropad2d_cl_array_ap_fixed_1u_array_ap_fixed_8_2_5_3_0_1u_config5_s' 
INFO: [HLS 200-10] ----------------------------------------------------------------
Execute         get_config_rtl -module_prefix 
Execute         get_config_rtl -module_auto_prefix 
Execute         get_config_rtl -module_prefix 
Execute         get_config_rtl -module_auto_prefix 
Execute         create_rtl_model zeropad2d_cl<array<ap_fixed,1u>,array<ap_fixed<8,2,5,3,0>,1u>,config5> -top_prefix myproject_ -sub_prefix myproject_ -mg_file C:/Users/brand/Documents/engs192/zybo-edge-ai/hls/edge_cnn_minimal_hls/myproject_prj/solution1/.autopilot/db/zeropad2d_cl_array_ap_fixed_1u_array_ap_fixed_8_2_5_3_0_1u_config5_s.compgen.tcl 
INFO: [RTGEN 206-100] Finished creating RTL model for 'zeropad2d_cl_array_ap_fixed_1u_array_ap_fixed_8_2_5_3_0_1u_config5_s'.
INFO: [HLS 200-111] Finished Creating RTL model: CPU user time: 0 seconds. CPU system time: 0 seconds. Elapsed time: 0.191 seconds; current allocated memory: 1.163 GB.
Execute         source C:/Users/brand/Documents/engs192/zybo-edge-ai/hls/edge_cnn_minimal_hls/myproject_prj/solution1/.autopilot/db/myproject.rtl_wrap.cfg.tcl 
Execute         gen_rtl zeropad2d_cl<array<ap_fixed,1u>,array<ap_fixed<8,2,5,3,0>,1u>,config5> -style xilinx -f -lang vhdl -o C:/Users/brand/Documents/engs192/zybo-edge-ai/hls/edge_cnn_minimal_hls/myproject_prj/solution1/syn/vhdl/myproject_zeropad2d_cl_array_ap_fixed_1u_array_ap_fixed_8_2_5_3_0_1u_config5_s 
Execute         gen_rtl zeropad2d_cl<array<ap_fixed,1u>,array<ap_fixed<8,2,5,3,0>,1u>,config5> -style xilinx -f -lang vlog -o C:/Users/brand/Documents/engs192/zybo-edge-ai/hls/edge_cnn_minimal_hls/myproject_prj/solution1/syn/verilog/myproject_zeropad2d_cl_array_ap_fixed_1u_array_ap_fixed_8_2_5_3_0_1u_config5_s 
Execute         syn_report -csynth -model zeropad2d_cl<array<ap_fixed,1u>,array<ap_fixed<8,2,5,3,0>,1u>,config5> -o C:/Users/brand/Documents/engs192/zybo-edge-ai/hls/edge_cnn_minimal_hls/myproject_prj/solution1/syn/report/zeropad2d_cl_array_ap_fixed_1u_array_ap_fixed_8_2_5_3_0_1u_config5_s_csynth.rpt 
Execute           AP::get_flow_target_display_name
Execute             get_solution -flow_target 
Execute         syn_report -rtlxml -model zeropad2d_cl<array<ap_fixed,1u>,array<ap_fixed<8,2,5,3,0>,1u>,config5> -o C:/Users/brand/Documents/engs192/zybo-edge-ai/hls/edge_cnn_minimal_hls/myproject_prj/solution1/syn/report/zeropad2d_cl_array_ap_fixed_1u_array_ap_fixed_8_2_5_3_0_1u_config5_s_csynth.xml 
Execute           get_solution -flow_target
Execute             get_solution -flow_target 
Execute         syn_report -verbosereport -model zeropad2d_cl<array<ap_fixed,1u>,array<ap_fixed<8,2,5,3,0>,1u>,config5> -o C:/Users/brand/Documents/engs192/zybo-edge-ai/hls/edge_cnn_minimal_hls/myproject_prj/solution1/.autopilot/db/zeropad2d_cl_array_ap_fixed_1u_array_ap_fixed_8_2_5_3_0_1u_config5_s.verbose.rpt 
Execute           AP::get_flow_target_display_name
Execute             get_solution -flow_target 
Execute         db_write -model zeropad2d_cl<array<ap_fixed,1u>,array<ap_fixed<8,2,5,3,0>,1u>,config5> -f -o C:/Users/brand/Documents/engs192/zybo-edge-ai/hls/edge_cnn_minimal_hls/myproject_prj/solution1/.autopilot/db/zeropad2d_cl_array_ap_fixed_1u_array_ap_fixed_8_2_5_3_0_1u_config5_s.adb 
Execute         db_write -model zeropad2d_cl<array<ap_fixed,1u>,array<ap_fixed<8,2,5,3,0>,1u>,config5> -bindview -o C:/Users/brand/Documents/engs192/zybo-edge-ai/hls/edge_cnn_minimal_hls/myproject_prj/solution1/.autopilot/db/design.bindinfo.xml 
Execute         gen_tb_info zeropad2d_cl<array<ap_fixed,1u>,array<ap_fixed<8,2,5,3,0>,1u>,config5> -p C:/Users/brand/Documents/engs192/zybo-edge-ai/hls/edge_cnn_minimal_hls/myproject_prj/solution1/.autopilot/db -o C:/Users/brand/Documents/engs192/zybo-edge-ai/hls/edge_cnn_minimal_hls/myproject_prj/solution1/.autopilot/db/zeropad2d_cl_array_ap_fixed_1u_array_ap_fixed_8_2_5_3_0_1u_config5_s 
INFO: [HLS 200-10] ----------------------------------------------------------------
INFO: [HLS 200-10] -- Generating RTL for module 'shift_line_buffer_array_ap_fixed_8_2_5_3_0_1u_config2_s' 
INFO: [HLS 200-10] ----------------------------------------------------------------
Execute         get_config_rtl -module_prefix 
Execute         get_config_rtl -module_auto_prefix 
Execute         get_config_rtl -module_prefix 
Execute         get_config_rtl -module_auto_prefix 
Execute         create_rtl_model shift_line_buffer<array<ap_fixed<8, 2, 5, 3, 0>, 1u>, config2> -top_prefix myproject_ -sub_prefix myproject_ -mg_file C:/Users/brand/Documents/engs192/zybo-edge-ai/hls/edge_cnn_minimal_hls/myproject_prj/solution1/.autopilot/db/shift_line_buffer_array_ap_fixed_8_2_5_3_0_1u_config2_s.compgen.tcl 
INFO: [SYN 201-210] Renamed object name 'shift_line_buffer_array_ap_fixed_8_2_5_3_0_1u_config2_s_void_conv_2d_buffer_cl_stream_stream_weight_t_bias_t_line_buffer_0_1_SHIFTREG_AUTO_0R0W' to 'shift_line_buffer_array_ap_fixed_8_2_5_3_0_1u_config2_s_void_conv_2d_buffer_cbkb' due to the length limit 80
INFO: [SYN 201-210] Renamed object name 'shift_line_buffer_array_ap_fixed_8_2_5_3_0_1u_config2_s_void_conv_2d_buffer_cl_stream_stream_weight_t_bias_t_line_buffer_2_SHIFTREG_AUTO_0R0W' to 'shift_line_buffer_array_ap_fixed_8_2_5_3_0_1u_config2_s_void_conv_2d_buffer_ccud' due to the length limit 80
INFO: [RTGEN 206-100] Finished creating RTL model for 'shift_line_buffer_array_ap_fixed_8_2_5_3_0_1u_config2_s'.
Command         create_rtl_model done; 0.11 sec.
INFO: [HLS 200-111] Finished Creating RTL model: CPU user time: 0 seconds. CPU system time: 1 seconds. Elapsed time: 0.322 seconds; current allocated memory: 1.163 GB.
Execute         source C:/Users/brand/Documents/engs192/zybo-edge-ai/hls/edge_cnn_minimal_hls/myproject_prj/solution1/.autopilot/db/myproject.rtl_wrap.cfg.tcl 
Execute         gen_rtl shift_line_buffer<array<ap_fixed<8, 2, 5, 3, 0>, 1u>, config2> -style xilinx -f -lang vhdl -o C:/Users/brand/Documents/engs192/zybo-edge-ai/hls/edge_cnn_minimal_hls/myproject_prj/solution1/syn/vhdl/myproject_shift_line_buffer_array_ap_fixed_8_2_5_3_0_1u_config2_s 
Execute         gen_rtl shift_line_buffer<array<ap_fixed<8, 2, 5, 3, 0>, 1u>, config2> -style xilinx -f -lang vlog -o C:/Users/brand/Documents/engs192/zybo-edge-ai/hls/edge_cnn_minimal_hls/myproject_prj/solution1/syn/verilog/myproject_shift_line_buffer_array_ap_fixed_8_2_5_3_0_1u_config2_s 
Execute         syn_report -csynth -model shift_line_buffer<array<ap_fixed<8, 2, 5, 3, 0>, 1u>, config2> -o C:/Users/brand/Documents/engs192/zybo-edge-ai/hls/edge_cnn_minimal_hls/myproject_prj/solution1/syn/report/shift_line_buffer_array_ap_fixed_8_2_5_3_0_1u_config2_s_csynth.rpt 
Execute           AP::get_flow_target_display_name
Execute             get_solution -flow_target 
Execute         syn_report -rtlxml -model shift_line_buffer<array<ap_fixed<8, 2, 5, 3, 0>, 1u>, config2> -o C:/Users/brand/Documents/engs192/zybo-edge-ai/hls/edge_cnn_minimal_hls/myproject_prj/solution1/syn/report/shift_line_buffer_array_ap_fixed_8_2_5_3_0_1u_config2_s_csynth.xml 
Execute           get_solution -flow_target
Execute             get_solution -flow_target 
Execute         syn_report -verbosereport -model shift_line_buffer<array<ap_fixed<8, 2, 5, 3, 0>, 1u>, config2> -o C:/Users/brand/Documents/engs192/zybo-edge-ai/hls/edge_cnn_minimal_hls/myproject_prj/solution1/.autopilot/db/shift_line_buffer_array_ap_fixed_8_2_5_3_0_1u_config2_s.verbose.rpt 
Execute           AP::get_flow_target_display_name
Execute             get_solution -flow_target 
Execute         db_write -model shift_line_buffer<array<ap_fixed<8, 2, 5, 3, 0>, 1u>, config2> -f -o C:/Users/brand/Documents/engs192/zybo-edge-ai/hls/edge_cnn_minimal_hls/myproject_prj/solution1/.autopilot/db/shift_line_buffer_array_ap_fixed_8_2_5_3_0_1u_config2_s.adb 
Execute         db_write -model shift_line_buffer<array<ap_fixed<8, 2, 5, 3, 0>, 1u>, config2> -bindview -o C:/Users/brand/Documents/engs192/zybo-edge-ai/hls/edge_cnn_minimal_hls/myproject_prj/solution1/.autopilot/db/design.bindinfo.xml 
Execute         gen_tb_info shift_line_buffer<array<ap_fixed<8, 2, 5, 3, 0>, 1u>, config2> -p C:/Users/brand/Documents/engs192/zybo-edge-ai/hls/edge_cnn_minimal_hls/myproject_prj/solution1/.autopilot/db -o C:/Users/brand/Documents/engs192/zybo-edge-ai/hls/edge_cnn_minimal_hls/myproject_prj/solution1/.autopilot/db/shift_line_buffer_array_ap_fixed_8_2_5_3_0_1u_config2_s 
INFO: [HLS 200-10] ----------------------------------------------------------------
INFO: [HLS 200-10] -- Generating RTL for module 'dense_resource_rf_gt_nin_rem0_ap_fixed_ap_fixed_8_2_5_3_0_config2_mult_s' 
INFO: [HLS 200-10] ----------------------------------------------------------------
Execute         get_config_rtl -module_prefix 
Execute         get_config_rtl -module_auto_prefix 
Execute         get_config_rtl -module_prefix 
Execute         get_config_rtl -module_auto_prefix 
Execute         create_rtl_model dense_resource_rf_gt_nin_rem0<ap_fixed,ap_fixed<8,2,5,3,0>,config2_mult> -top_prefix myproject_ -sub_prefix myproject_ -mg_file C:/Users/brand/Documents/engs192/zybo-edge-ai/hls/edge_cnn_minimal_hls/myproject_prj/solution1/.autopilot/db/dense_resource_rf_gt_nin_rem0_ap_fixed_ap_fixed_8_2_5_3_0_config2_mult_s.compgen.tcl 
INFO: [SYN 201-210] Renamed object name 'dense_resource_rf_gt_nin_rem0_ap_fixed_ap_fixed_8_2_5_3_0_config2_mult_s_outidx_ROM_AUTO_1R' to 'dense_resource_rf_gt_nin_rem0_ap_fixed_ap_fixed_8_2_5_3_0_config2_mult_s_outidEe' due to the length limit 80
INFO: [SYN 201-210] Renamed object name 'dense_resource_rf_gt_nin_rem0_ap_fixed_ap_fixed_8_2_5_3_0_config2_mult_s_w2_V_ROM_NP_BRAM_1R' to 'dense_resource_rf_gt_nin_rem0_ap_fixed_ap_fixed_8_2_5_3_0_config2_mult_s_w2_VeOg' due to the length limit 80
INFO: [HLS 200-1030] Apply Unified Pipeline Control on module 'dense_resource_rf_gt_nin_rem0_ap_fixed_ap_fixed_8_2_5_3_0_config2_mult_s' pipeline 'ReuseLoop' pipeline type 'rewind pipeline'
INFO: [RTGEN 206-100] Generating core module 'mul_8s_7s_14_1_1': 1 instance(s).
INFO: [RTGEN 206-100] Generating core module 'mux_21_8_1_1': 1 instance(s).
INFO: [RTGEN 206-100] Generating core module 'mux_932_8_1_1': 1 instance(s).
INFO: [RTGEN 206-100] Finished creating RTL model for 'dense_resource_rf_gt_nin_rem0_ap_fixed_ap_fixed_8_2_5_3_0_config2_mult_s'.
Command         create_rtl_model done; 0.26 sec.
INFO: [HLS 200-111] Finished Creating RTL model: CPU user time: 0 seconds. CPU system time: 0 seconds. Elapsed time: 0.445 seconds; current allocated memory: 1.163 GB.
Execute         source C:/Users/brand/Documents/engs192/zybo-edge-ai/hls/edge_cnn_minimal_hls/myproject_prj/solution1/.autopilot/db/myproject.rtl_wrap.cfg.tcl 
Execute         gen_rtl dense_resource_rf_gt_nin_rem0<ap_fixed,ap_fixed<8,2,5,3,0>,config2_mult> -style xilinx -f -lang vhdl -o C:/Users/brand/Documents/engs192/zybo-edge-ai/hls/edge_cnn_minimal_hls/myproject_prj/solution1/syn/vhdl/myproject_dense_resource_rf_gt_nin_rem0_ap_fixed_ap_fixed_8_2_5_3_0_config2_mult_s 
Execute         gen_rtl dense_resource_rf_gt_nin_rem0<ap_fixed,ap_fixed<8,2,5,3,0>,config2_mult> -style xilinx -f -lang vlog -o C:/Users/brand/Documents/engs192/zybo-edge-ai/hls/edge_cnn_minimal_hls/myproject_prj/solution1/syn/verilog/myproject_dense_resource_rf_gt_nin_rem0_ap_fixed_ap_fixed_8_2_5_3_0_config2_mult_s 
Execute         syn_report -csynth -model dense_resource_rf_gt_nin_rem0<ap_fixed,ap_fixed<8,2,5,3,0>,config2_mult> -o C:/Users/brand/Documents/engs192/zybo-edge-ai/hls/edge_cnn_minimal_hls/myproject_prj/solution1/syn/report/dense_resource_rf_gt_nin_rem0_ap_fixed_ap_fixed_8_2_5_3_0_config2_mult_s_csynth.rpt 
Execute           AP::get_flow_target_display_name
Execute             get_solution -flow_target 
Execute         syn_report -rtlxml -model dense_resource_rf_gt_nin_rem0<ap_fixed,ap_fixed<8,2,5,3,0>,config2_mult> -o C:/Users/brand/Documents/engs192/zybo-edge-ai/hls/edge_cnn_minimal_hls/myproject_prj/solution1/syn/report/dense_resource_rf_gt_nin_rem0_ap_fixed_ap_fixed_8_2_5_3_0_config2_mult_s_csynth.xml 
Execute           get_solution -flow_target
Execute             get_solution -flow_target 
Execute         syn_report -verbosereport -model dense_resource_rf_gt_nin_rem0<ap_fixed,ap_fixed<8,2,5,3,0>,config2_mult> -o C:/Users/brand/Documents/engs192/zybo-edge-ai/hls/edge_cnn_minimal_hls/myproject_prj/solution1/.autopilot/db/dense_resource_rf_gt_nin_rem0_ap_fixed_ap_fixed_8_2_5_3_0_config2_mult_s.verbose.rpt 
Execute           AP::get_flow_target_display_name
Execute             get_solution -flow_target 
Execute         db_write -model dense_resource_rf_gt_nin_rem0<ap_fixed,ap_fixed<8,2,5,3,0>,config2_mult> -f -o C:/Users/brand/Documents/engs192/zybo-edge-ai/hls/edge_cnn_minimal_hls/myproject_prj/solution1/.autopilot/db/dense_resource_rf_gt_nin_rem0_ap_fixed_ap_fixed_8_2_5_3_0_config2_mult_s.adb 
Execute         db_write -model dense_resource_rf_gt_nin_rem0<ap_fixed,ap_fixed<8,2,5,3,0>,config2_mult> -bindview -o C:/Users/brand/Documents/engs192/zybo-edge-ai/hls/edge_cnn_minimal_hls/myproject_prj/solution1/.autopilot/db/design.bindinfo.xml 
Execute         gen_tb_info dense_resource_rf_gt_nin_rem0<ap_fixed,ap_fixed<8,2,5,3,0>,config2_mult> -p C:/Users/brand/Documents/engs192/zybo-edge-ai/hls/edge_cnn_minimal_hls/myproject_prj/solution1/.autopilot/db -o C:/Users/brand/Documents/engs192/zybo-edge-ai/hls/edge_cnn_minimal_hls/myproject_prj/solution1/.autopilot/db/dense_resource_rf_gt_nin_rem0_ap_fixed_ap_fixed_8_2_5_3_0_config2_mult_s 
INFO: [HLS 200-10] ----------------------------------------------------------------
INFO: [HLS 200-10] -- Generating RTL for module 'compute_output_buffer_2d_array_array_ap_fixed_8_2_5_3_0_2u_config2_s' 
INFO: [HLS 200-10] ----------------------------------------------------------------
Execute         get_config_rtl -module_prefix 
Execute         get_config_rtl -module_auto_prefix 
Execute         get_config_rtl -module_prefix 
Execute         get_config_rtl -module_auto_prefix 
Execute         create_rtl_model compute_output_buffer_2d<array,array<ap_fixed<8,2,5,3,0>,2u>,config2> -top_prefix myproject_ -sub_prefix myproject_ -mg_file C:/Users/brand/Documents/engs192/zybo-edge-ai/hls/edge_cnn_minimal_hls/myproject_prj/solution1/.autopilot/db/compute_output_buffer_2d_array_array_ap_fixed_8_2_5_3_0_2u_config2_s.compgen.tcl 
WARNING: [RTGEN 206-101] Register 'void_compute_output_buffer_2d_array_const_ap_shift_reg_n_chan_stream_weig_17' is power-on initialization.
WARNING: [RTGEN 206-101] Register 'void_compute_output_buffer_2d_array_const_ap_shift_reg_n_chan_stream_weig_18' is power-on initialization.
WARNING: [RTGEN 206-101] Register 'void_compute_output_buffer_2d_array_const_ap_shift_reg_n_chan_stream_weig_14' is power-on initialization.
WARNING: [RTGEN 206-101] Register 'void_compute_output_buffer_2d_array_const_ap_shift_reg_n_chan_stream_weig_15' is power-on initialization.
WARNING: [RTGEN 206-101] Register 'void_compute_output_buffer_2d_array_const_ap_shift_reg_n_chan_stream_weig_11' is power-on initialization.
WARNING: [RTGEN 206-101] Register 'void_compute_output_buffer_2d_array_const_ap_shift_reg_n_chan_stream_weig_12' is power-on initialization.
WARNING: [RTGEN 206-101] Register 'void_compute_output_buffer_2d_array_const_ap_shift_reg_n_chan_stream_weig_16' is power-on initialization.
WARNING: [RTGEN 206-101] Register 'void_compute_output_buffer_2d_array_const_ap_shift_reg_n_chan_stream_weig_13' is power-on initialization.
WARNING: [RTGEN 206-101] Register 'void_compute_output_buffer_2d_array_const_ap_shift_reg_n_chan_stream_weig_10' is power-on initialization.
WARNING: [RTGEN 206-101] Register 'sX_1' is power-on initialization.
WARNING: [RTGEN 206-101] Register 'sY_1' is power-on initialization.
WARNING: [RTGEN 206-101] Register 'pY_1' is power-on initialization.
WARNING: [RTGEN 206-101] Register 'pX_1' is power-on initialization.
INFO: [RTGEN 206-100] Finished creating RTL model for 'compute_output_buffer_2d_array_array_ap_fixed_8_2_5_3_0_2u_config2_s'.
Command         create_rtl_model done; 0.448 sec.
INFO: [HLS 200-111] Finished Creating RTL model: CPU user time: 0 seconds. CPU system time: 0 seconds. Elapsed time: 0.831 seconds; current allocated memory: 1.163 GB.
Execute         source C:/Users/brand/Documents/engs192/zybo-edge-ai/hls/edge_cnn_minimal_hls/myproject_prj/solution1/.autopilot/db/myproject.rtl_wrap.cfg.tcl 
Execute         gen_rtl compute_output_buffer_2d<array,array<ap_fixed<8,2,5,3,0>,2u>,config2> -style xilinx -f -lang vhdl -o C:/Users/brand/Documents/engs192/zybo-edge-ai/hls/edge_cnn_minimal_hls/myproject_prj/solution1/syn/vhdl/myproject_compute_output_buffer_2d_array_array_ap_fixed_8_2_5_3_0_2u_config2_s 
Execute         gen_rtl compute_output_buffer_2d<array,array<ap_fixed<8,2,5,3,0>,2u>,config2> -style xilinx -f -lang vlog -o C:/Users/brand/Documents/engs192/zybo-edge-ai/hls/edge_cnn_minimal_hls/myproject_prj/solution1/syn/verilog/myproject_compute_output_buffer_2d_array_array_ap_fixed_8_2_5_3_0_2u_config2_s 
Execute         syn_report -csynth -model compute_output_buffer_2d<array,array<ap_fixed<8,2,5,3,0>,2u>,config2> -o C:/Users/brand/Documents/engs192/zybo-edge-ai/hls/edge_cnn_minimal_hls/myproject_prj/solution1/syn/report/compute_output_buffer_2d_array_array_ap_fixed_8_2_5_3_0_2u_config2_s_csynth.rpt 
Execute           AP::get_flow_target_display_name
Execute             get_solution -flow_target 
Execute         syn_report -rtlxml -model compute_output_buffer_2d<array,array<ap_fixed<8,2,5,3,0>,2u>,config2> -o C:/Users/brand/Documents/engs192/zybo-edge-ai/hls/edge_cnn_minimal_hls/myproject_prj/solution1/syn/report/compute_output_buffer_2d_array_array_ap_fixed_8_2_5_3_0_2u_config2_s_csynth.xml 
Execute           get_solution -flow_target
Execute             get_solution -flow_target 
Execute         syn_report -verbosereport -model compute_output_buffer_2d<array,array<ap_fixed<8,2,5,3,0>,2u>,config2> -o C:/Users/brand/Documents/engs192/zybo-edge-ai/hls/edge_cnn_minimal_hls/myproject_prj/solution1/.autopilot/db/compute_output_buffer_2d_array_array_ap_fixed_8_2_5_3_0_2u_config2_s.verbose.rpt 
Execute           AP::get_flow_target_display_name
Execute             get_solution -flow_target 
Execute         db_write -model compute_output_buffer_2d<array,array<ap_fixed<8,2,5,3,0>,2u>,config2> -f -o C:/Users/brand/Documents/engs192/zybo-edge-ai/hls/edge_cnn_minimal_hls/myproject_prj/solution1/.autopilot/db/compute_output_buffer_2d_array_array_ap_fixed_8_2_5_3_0_2u_config2_s.adb 
Execute         db_write -model compute_output_buffer_2d<array,array<ap_fixed<8,2,5,3,0>,2u>,config2> -bindview -o C:/Users/brand/Documents/engs192/zybo-edge-ai/hls/edge_cnn_minimal_hls/myproject_prj/solution1/.autopilot/db/design.bindinfo.xml 
Execute         gen_tb_info compute_output_buffer_2d<array,array<ap_fixed<8,2,5,3,0>,2u>,config2> -p C:/Users/brand/Documents/engs192/zybo-edge-ai/hls/edge_cnn_minimal_hls/myproject_prj/solution1/.autopilot/db -o C:/Users/brand/Documents/engs192/zybo-edge-ai/hls/edge_cnn_minimal_hls/myproject_prj/solution1/.autopilot/db/compute_output_buffer_2d_array_array_ap_fixed_8_2_5_3_0_2u_config2_s 
INFO: [HLS 200-10] ----------------------------------------------------------------
INFO: [HLS 200-10] -- Generating RTL for module 'conv_2d_cl_array_ap_fixed_1u_array_ap_fixed_8_2_5_3_0_2u_config2_s' 
INFO: [HLS 200-10] ----------------------------------------------------------------
Execute         get_config_rtl -module_prefix 
Execute         get_config_rtl -module_auto_prefix 
Execute         get_config_rtl -module_prefix 
Execute         get_config_rtl -module_auto_prefix 
Execute         create_rtl_model conv_2d_cl<array<ap_fixed,1u>,array<ap_fixed<8,2,5,3,0>,2u>,config2> -top_prefix myproject_ -sub_prefix myproject_ -mg_file C:/Users/brand/Documents/engs192/zybo-edge-ai/hls/edge_cnn_minimal_hls/myproject_prj/solution1/.autopilot/db/conv_2d_cl_array_ap_fixed_1u_array_ap_fixed_8_2_5_3_0_2u_config2_s.compgen.tcl 
INFO: [RTGEN 206-100] Finished creating RTL model for 'conv_2d_cl_array_ap_fixed_1u_array_ap_fixed_8_2_5_3_0_2u_config2_s'.
INFO: [HLS 200-111] Finished Creating RTL model: CPU user time: 1 seconds. CPU system time: 0 seconds. Elapsed time: 0.423 seconds; current allocated memory: 1.163 GB.
Execute         source C:/Users/brand/Documents/engs192/zybo-edge-ai/hls/edge_cnn_minimal_hls/myproject_prj/solution1/.autopilot/db/myproject.rtl_wrap.cfg.tcl 
Execute         gen_rtl conv_2d_cl<array<ap_fixed,1u>,array<ap_fixed<8,2,5,3,0>,2u>,config2> -style xilinx -f -lang vhdl -o C:/Users/brand/Documents/engs192/zybo-edge-ai/hls/edge_cnn_minimal_hls/myproject_prj/solution1/syn/vhdl/myproject_conv_2d_cl_array_ap_fixed_1u_array_ap_fixed_8_2_5_3_0_2u_config2_s 
Execute         gen_rtl conv_2d_cl<array<ap_fixed,1u>,array<ap_fixed<8,2,5,3,0>,2u>,config2> -style xilinx -f -lang vlog -o C:/Users/brand/Documents/engs192/zybo-edge-ai/hls/edge_cnn_minimal_hls/myproject_prj/solution1/syn/verilog/myproject_conv_2d_cl_array_ap_fixed_1u_array_ap_fixed_8_2_5_3_0_2u_config2_s 
Execute         syn_report -csynth -model conv_2d_cl<array<ap_fixed,1u>,array<ap_fixed<8,2,5,3,0>,2u>,config2> -o C:/Users/brand/Documents/engs192/zybo-edge-ai/hls/edge_cnn_minimal_hls/myproject_prj/solution1/syn/report/conv_2d_cl_array_ap_fixed_1u_array_ap_fixed_8_2_5_3_0_2u_config2_s_csynth.rpt 
Execute           AP::get_flow_target_display_name
Execute             get_solution -flow_target 
Execute         syn_report -rtlxml -model conv_2d_cl<array<ap_fixed,1u>,array<ap_fixed<8,2,5,3,0>,2u>,config2> -o C:/Users/brand/Documents/engs192/zybo-edge-ai/hls/edge_cnn_minimal_hls/myproject_prj/solution1/syn/report/conv_2d_cl_array_ap_fixed_1u_array_ap_fixed_8_2_5_3_0_2u_config2_s_csynth.xml 
Execute           get_solution -flow_target
Execute             get_solution -flow_target 
Execute         syn_report -verbosereport -model conv_2d_cl<array<ap_fixed,1u>,array<ap_fixed<8,2,5,3,0>,2u>,config2> -o C:/Users/brand/Documents/engs192/zybo-edge-ai/hls/edge_cnn_minimal_hls/myproject_prj/solution1/.autopilot/db/conv_2d_cl_array_ap_fixed_1u_array_ap_fixed_8_2_5_3_0_2u_config2_s.verbose.rpt 
Execute           AP::get_flow_target_display_name
Execute             get_solution -flow_target 
Execute         db_write -model conv_2d_cl<array<ap_fixed,1u>,array<ap_fixed<8,2,5,3,0>,2u>,config2> -f -o C:/Users/brand/Documents/engs192/zybo-edge-ai/hls/edge_cnn_minimal_hls/myproject_prj/solution1/.autopilot/db/conv_2d_cl_array_ap_fixed_1u_array_ap_fixed_8_2_5_3_0_2u_config2_s.adb 
Execute         db_write -model conv_2d_cl<array<ap_fixed,1u>,array<ap_fixed<8,2,5,3,0>,2u>,config2> -bindview -o C:/Users/brand/Documents/engs192/zybo-edge-ai/hls/edge_cnn_minimal_hls/myproject_prj/solution1/.autopilot/db/design.bindinfo.xml 
Execute         gen_tb_info conv_2d_cl<array<ap_fixed,1u>,array<ap_fixed<8,2,5,3,0>,2u>,config2> -p C:/Users/brand/Documents/engs192/zybo-edge-ai/hls/edge_cnn_minimal_hls/myproject_prj/solution1/.autopilot/db -o C:/Users/brand/Documents/engs192/zybo-edge-ai/hls/edge_cnn_minimal_hls/myproject_prj/solution1/.autopilot/db/conv_2d_cl_array_ap_fixed_1u_array_ap_fixed_8_2_5_3_0_2u_config2_s 
INFO: [HLS 200-10] ----------------------------------------------------------------
INFO: [HLS 200-10] -- Generating RTL for module 'relu_array_ap_fixed_2u_array_ap_fixed_8_2_5_3_0_2u_relu_config3_s' 
INFO: [HLS 200-10] ----------------------------------------------------------------
Execute         get_config_rtl -module_prefix 
Execute         get_config_rtl -module_auto_prefix 
Execute         get_config_rtl -module_prefix 
Execute         get_config_rtl -module_auto_prefix 
Execute         create_rtl_model relu<array<ap_fixed,2u>,array<ap_fixed<8,2,5,3,0>,2u>,relu_config3> -top_prefix myproject_ -sub_prefix myproject_ -mg_file C:/Users/brand/Documents/engs192/zybo-edge-ai/hls/edge_cnn_minimal_hls/myproject_prj/solution1/.autopilot/db/relu_array_ap_fixed_2u_array_ap_fixed_8_2_5_3_0_2u_relu_config3_s.compgen.tcl 
INFO: [HLS 200-1030] Apply Unified Pipeline Control on module 'relu_array_ap_fixed_2u_array_ap_fixed_8_2_5_3_0_2u_relu_config3_s' pipeline 'ReLUActLoop' pipeline type 'loop pipeline'
INFO: [RTGEN 206-100] Finished creating RTL model for 'relu_array_ap_fixed_2u_array_ap_fixed_8_2_5_3_0_2u_relu_config3_s'.
INFO: [HLS 200-111] Finished Creating RTL model: CPU user time: 0 seconds. CPU system time: 0 seconds. Elapsed time: 0.327 seconds; current allocated memory: 1.163 GB.
Execute         source C:/Users/brand/Documents/engs192/zybo-edge-ai/hls/edge_cnn_minimal_hls/myproject_prj/solution1/.autopilot/db/myproject.rtl_wrap.cfg.tcl 
Execute         gen_rtl relu<array<ap_fixed,2u>,array<ap_fixed<8,2,5,3,0>,2u>,relu_config3> -style xilinx -f -lang vhdl -o C:/Users/brand/Documents/engs192/zybo-edge-ai/hls/edge_cnn_minimal_hls/myproject_prj/solution1/syn/vhdl/myproject_relu_array_ap_fixed_2u_array_ap_fixed_8_2_5_3_0_2u_relu_config3_s 
Execute         gen_rtl relu<array<ap_fixed,2u>,array<ap_fixed<8,2,5,3,0>,2u>,relu_config3> -style xilinx -f -lang vlog -o C:/Users/brand/Documents/engs192/zybo-edge-ai/hls/edge_cnn_minimal_hls/myproject_prj/solution1/syn/verilog/myproject_relu_array_ap_fixed_2u_array_ap_fixed_8_2_5_3_0_2u_relu_config3_s 
Execute         syn_report -csynth -model relu<array<ap_fixed,2u>,array<ap_fixed<8,2,5,3,0>,2u>,relu_config3> -o C:/Users/brand/Documents/engs192/zybo-edge-ai/hls/edge_cnn_minimal_hls/myproject_prj/solution1/syn/report/relu_array_ap_fixed_2u_array_ap_fixed_8_2_5_3_0_2u_relu_config3_s_csynth.rpt 
Execute           AP::get_flow_target_display_name
Execute             get_solution -flow_target 
Execute         syn_report -rtlxml -model relu<array<ap_fixed,2u>,array<ap_fixed<8,2,5,3,0>,2u>,relu_config3> -o C:/Users/brand/Documents/engs192/zybo-edge-ai/hls/edge_cnn_minimal_hls/myproject_prj/solution1/syn/report/relu_array_ap_fixed_2u_array_ap_fixed_8_2_5_3_0_2u_relu_config3_s_csynth.xml 
Execute           get_solution -flow_target
Execute             get_solution -flow_target 
Execute         syn_report -verbosereport -model relu<array<ap_fixed,2u>,array<ap_fixed<8,2,5,3,0>,2u>,relu_config3> -o C:/Users/brand/Documents/engs192/zybo-edge-ai/hls/edge_cnn_minimal_hls/myproject_prj/solution1/.autopilot/db/relu_array_ap_fixed_2u_array_ap_fixed_8_2_5_3_0_2u_relu_config3_s.verbose.rpt 
Execute           AP::get_flow_target_display_name
Execute             get_solution -flow_target 
Execute         db_write -model relu<array<ap_fixed,2u>,array<ap_fixed<8,2,5,3,0>,2u>,relu_config3> -f -o C:/Users/brand/Documents/engs192/zybo-edge-ai/hls/edge_cnn_minimal_hls/myproject_prj/solution1/.autopilot/db/relu_array_ap_fixed_2u_array_ap_fixed_8_2_5_3_0_2u_relu_config3_s.adb 
Execute         db_write -model relu<array<ap_fixed,2u>,array<ap_fixed<8,2,5,3,0>,2u>,relu_config3> -bindview -o C:/Users/brand/Documents/engs192/zybo-edge-ai/hls/edge_cnn_minimal_hls/myproject_prj/solution1/.autopilot/db/design.bindinfo.xml 
Execute         gen_tb_info relu<array<ap_fixed,2u>,array<ap_fixed<8,2,5,3,0>,2u>,relu_config3> -p C:/Users/brand/Documents/engs192/zybo-edge-ai/hls/edge_cnn_minimal_hls/myproject_prj/solution1/.autopilot/db -o C:/Users/brand/Documents/engs192/zybo-edge-ai/hls/edge_cnn_minimal_hls/myproject_prj/solution1/.autopilot/db/relu_array_ap_fixed_2u_array_ap_fixed_8_2_5_3_0_2u_relu_config3_s 
INFO: [HLS 200-10] ----------------------------------------------------------------
INFO: [HLS 200-10] -- Generating RTL for module 'zeropad2d_cl_array_array_ap_fixed_8_2_5_3_0_2u_config6_Pipeline_PadTopWidth' 
INFO: [HLS 200-10] ----------------------------------------------------------------
Execute         get_config_rtl -module_prefix 
Execute         get_config_rtl -module_auto_prefix 
Execute         get_config_rtl -module_prefix 
Execute         get_config_rtl -module_auto_prefix 
Execute         create_rtl_model zeropad2d_cl<array,array<ap_fixed<8,2,5,3,0>,2u>,config6>_Pipeline_PadTopWidth -top_prefix myproject_ -sub_prefix myproject_ -mg_file C:/Users/brand/Documents/engs192/zybo-edge-ai/hls/edge_cnn_minimal_hls/myproject_prj/solution1/.autopilot/db/zeropad2d_cl_array_array_ap_fixed_8_2_5_3_0_2u_config6_Pipeline_PadTopWidth.compgen.tcl 
INFO: [HLS 200-1030] Apply Unified Pipeline Control on module 'zeropad2d_cl_array_array_ap_fixed_8_2_5_3_0_2u_config6_Pipeline_PadTopWidth' pipeline 'PadTopWidth' pipeline type 'loop pipeline'
INFO: [RTGEN 206-100] Finished creating RTL model for 'zeropad2d_cl_array_array_ap_fixed_8_2_5_3_0_2u_config6_Pipeline_PadTopWidth'.
INFO: [HLS 200-111] Finished Creating RTL model: CPU user time: 0 seconds. CPU system time: 0 seconds. Elapsed time: 0.285 seconds; current allocated memory: 1.163 GB.
Execute         source C:/Users/brand/Documents/engs192/zybo-edge-ai/hls/edge_cnn_minimal_hls/myproject_prj/solution1/.autopilot/db/myproject.rtl_wrap.cfg.tcl 
Execute         gen_rtl zeropad2d_cl<array,array<ap_fixed<8,2,5,3,0>,2u>,config6>_Pipeline_PadTopWidth -style xilinx -f -lang vhdl -o C:/Users/brand/Documents/engs192/zybo-edge-ai/hls/edge_cnn_minimal_hls/myproject_prj/solution1/syn/vhdl/myproject_zeropad2d_cl_array_array_ap_fixed_8_2_5_3_0_2u_config6_Pipeline_PadTopWidth 
Execute         gen_rtl zeropad2d_cl<array,array<ap_fixed<8,2,5,3,0>,2u>,config6>_Pipeline_PadTopWidth -style xilinx -f -lang vlog -o C:/Users/brand/Documents/engs192/zybo-edge-ai/hls/edge_cnn_minimal_hls/myproject_prj/solution1/syn/verilog/myproject_zeropad2d_cl_array_array_ap_fixed_8_2_5_3_0_2u_config6_Pipeline_PadTopWidth 
Execute         syn_report -csynth -model zeropad2d_cl<array,array<ap_fixed<8,2,5,3,0>,2u>,config6>_Pipeline_PadTopWidth -o C:/Users/brand/Documents/engs192/zybo-edge-ai/hls/edge_cnn_minimal_hls/myproject_prj/solution1/syn/report/zeropad2d_cl_array_array_ap_fixed_8_2_5_3_0_2u_config6_Pipeline_PadTopWidth_csynth.rpt 
Execute           AP::get_flow_target_display_name
Execute             get_solution -flow_target 
Execute         syn_report -rtlxml -model zeropad2d_cl<array,array<ap_fixed<8,2,5,3,0>,2u>,config6>_Pipeline_PadTopWidth -o C:/Users/brand/Documents/engs192/zybo-edge-ai/hls/edge_cnn_minimal_hls/myproject_prj/solution1/syn/report/zeropad2d_cl_array_array_ap_fixed_8_2_5_3_0_2u_config6_Pipeline_PadTopWidth_csynth.xml 
Execute           get_solution -flow_target
Execute             get_solution -flow_target 
Execute         syn_report -verbosereport -model zeropad2d_cl<array,array<ap_fixed<8,2,5,3,0>,2u>,config6>_Pipeline_PadTopWidth -o C:/Users/brand/Documents/engs192/zybo-edge-ai/hls/edge_cnn_minimal_hls/myproject_prj/solution1/.autopilot/db/zeropad2d_cl_array_array_ap_fixed_8_2_5_3_0_2u_config6_Pipeline_PadTopWidth.verbose.rpt 
Execute           AP::get_flow_target_display_name
Execute             get_solution -flow_target 
Execute         db_write -model zeropad2d_cl<array,array<ap_fixed<8,2,5,3,0>,2u>,config6>_Pipeline_PadTopWidth -f -o C:/Users/brand/Documents/engs192/zybo-edge-ai/hls/edge_cnn_minimal_hls/myproject_prj/solution1/.autopilot/db/zeropad2d_cl_array_array_ap_fixed_8_2_5_3_0_2u_config6_Pipeline_PadTopWidth.adb 
Execute         db_write -model zeropad2d_cl<array,array<ap_fixed<8,2,5,3,0>,2u>,config6>_Pipeline_PadTopWidth -bindview -o C:/Users/brand/Documents/engs192/zybo-edge-ai/hls/edge_cnn_minimal_hls/myproject_prj/solution1/.autopilot/db/design.bindinfo.xml 
Execute         gen_tb_info zeropad2d_cl<array,array<ap_fixed<8,2,5,3,0>,2u>,config6>_Pipeline_PadTopWidth -p C:/Users/brand/Documents/engs192/zybo-edge-ai/hls/edge_cnn_minimal_hls/myproject_prj/solution1/.autopilot/db -o C:/Users/brand/Documents/engs192/zybo-edge-ai/hls/edge_cnn_minimal_hls/myproject_prj/solution1/.autopilot/db/zeropad2d_cl_array_array_ap_fixed_8_2_5_3_0_2u_config6_Pipeline_PadTopWidth 
INFO: [HLS 200-10] ----------------------------------------------------------------
INFO: [HLS 200-10] -- Generating RTL for module 'zeropad2d_cl_array_array_ap_fixed_8_2_5_3_0_2u_config6_Pipeline_CopyMain' 
INFO: [HLS 200-10] ----------------------------------------------------------------
Execute         get_config_rtl -module_prefix 
Execute         get_config_rtl -module_auto_prefix 
Execute         get_config_rtl -module_prefix 
Execute         get_config_rtl -module_auto_prefix 
Execute         create_rtl_model zeropad2d_cl<array,array<ap_fixed<8,2,5,3,0>,2u>,config6>_Pipeline_CopyMain -top_prefix myproject_ -sub_prefix myproject_ -mg_file C:/Users/brand/Documents/engs192/zybo-edge-ai/hls/edge_cnn_minimal_hls/myproject_prj/solution1/.autopilot/db/zeropad2d_cl_array_array_ap_fixed_8_2_5_3_0_2u_config6_Pipeline_CopyMain.compgen.tcl 
INFO: [HLS 200-1030] Apply Unified Pipeline Control on module 'zeropad2d_cl_array_array_ap_fixed_8_2_5_3_0_2u_config6_Pipeline_CopyMain' pipeline 'CopyMain' pipeline type 'loop pipeline'
INFO: [RTGEN 206-100] Finished creating RTL model for 'zeropad2d_cl_array_array_ap_fixed_8_2_5_3_0_2u_config6_Pipeline_CopyMain'.
INFO: [HLS 200-111] Finished Creating RTL model: CPU user time: 0 seconds. CPU system time: 0 seconds. Elapsed time: 0.232 seconds; current allocated memory: 1.163 GB.
Execute         source C:/Users/brand/Documents/engs192/zybo-edge-ai/hls/edge_cnn_minimal_hls/myproject_prj/solution1/.autopilot/db/myproject.rtl_wrap.cfg.tcl 
Execute         gen_rtl zeropad2d_cl<array,array<ap_fixed<8,2,5,3,0>,2u>,config6>_Pipeline_CopyMain -style xilinx -f -lang vhdl -o C:/Users/brand/Documents/engs192/zybo-edge-ai/hls/edge_cnn_minimal_hls/myproject_prj/solution1/syn/vhdl/myproject_zeropad2d_cl_array_array_ap_fixed_8_2_5_3_0_2u_config6_Pipeline_CopyMain 
Execute         gen_rtl zeropad2d_cl<array,array<ap_fixed<8,2,5,3,0>,2u>,config6>_Pipeline_CopyMain -style xilinx -f -lang vlog -o C:/Users/brand/Documents/engs192/zybo-edge-ai/hls/edge_cnn_minimal_hls/myproject_prj/solution1/syn/verilog/myproject_zeropad2d_cl_array_array_ap_fixed_8_2_5_3_0_2u_config6_Pipeline_CopyMain 
Execute         syn_report -csynth -model zeropad2d_cl<array,array<ap_fixed<8,2,5,3,0>,2u>,config6>_Pipeline_CopyMain -o C:/Users/brand/Documents/engs192/zybo-edge-ai/hls/edge_cnn_minimal_hls/myproject_prj/solution1/syn/report/zeropad2d_cl_array_array_ap_fixed_8_2_5_3_0_2u_config6_Pipeline_CopyMain_csynth.rpt 
Execute           AP::get_flow_target_display_name
Execute             get_solution -flow_target 
Execute         syn_report -rtlxml -model zeropad2d_cl<array,array<ap_fixed<8,2,5,3,0>,2u>,config6>_Pipeline_CopyMain -o C:/Users/brand/Documents/engs192/zybo-edge-ai/hls/edge_cnn_minimal_hls/myproject_prj/solution1/syn/report/zeropad2d_cl_array_array_ap_fixed_8_2_5_3_0_2u_config6_Pipeline_CopyMain_csynth.xml 
Execute           get_solution -flow_target
Execute             get_solution -flow_target 
Execute         syn_report -verbosereport -model zeropad2d_cl<array,array<ap_fixed<8,2,5,3,0>,2u>,config6>_Pipeline_CopyMain -o C:/Users/brand/Documents/engs192/zybo-edge-ai/hls/edge_cnn_minimal_hls/myproject_prj/solution1/.autopilot/db/zeropad2d_cl_array_array_ap_fixed_8_2_5_3_0_2u_config6_Pipeline_CopyMain.verbose.rpt 
Execute           AP::get_flow_target_display_name
Execute             get_solution -flow_target 
Execute         db_write -model zeropad2d_cl<array,array<ap_fixed<8,2,5,3,0>,2u>,config6>_Pipeline_CopyMain -f -o C:/Users/brand/Documents/engs192/zybo-edge-ai/hls/edge_cnn_minimal_hls/myproject_prj/solution1/.autopilot/db/zeropad2d_cl_array_array_ap_fixed_8_2_5_3_0_2u_config6_Pipeline_CopyMain.adb 
Execute         db_write -model zeropad2d_cl<array,array<ap_fixed<8,2,5,3,0>,2u>,config6>_Pipeline_CopyMain -bindview -o C:/Users/brand/Documents/engs192/zybo-edge-ai/hls/edge_cnn_minimal_hls/myproject_prj/solution1/.autopilot/db/design.bindinfo.xml 
Execute         gen_tb_info zeropad2d_cl<array,array<ap_fixed<8,2,5,3,0>,2u>,config6>_Pipeline_CopyMain -p C:/Users/brand/Documents/engs192/zybo-edge-ai/hls/edge_cnn_minimal_hls/myproject_prj/solution1/.autopilot/db -o C:/Users/brand/Documents/engs192/zybo-edge-ai/hls/edge_cnn_minimal_hls/myproject_prj/solution1/.autopilot/db/zeropad2d_cl_array_array_ap_fixed_8_2_5_3_0_2u_config6_Pipeline_CopyMain 
INFO: [HLS 200-10] ----------------------------------------------------------------
INFO: [HLS 200-10] -- Generating RTL for module 'zeropad2d_cl_array_array_ap_fixed_2u_config6_Pipeline_PadBottomWidth' 
INFO: [HLS 200-10] ----------------------------------------------------------------
Execute         get_config_rtl -module_prefix 
Execute         get_config_rtl -module_auto_prefix 
Execute         get_config_rtl -module_prefix 
Execute         get_config_rtl -module_auto_prefix 
Execute         create_rtl_model zeropad2d_cl<array,array<ap_fixed,2u>,config6>_Pipeline_PadBottomWidth -top_prefix myproject_ -sub_prefix myproject_ -mg_file C:/Users/brand/Documents/engs192/zybo-edge-ai/hls/edge_cnn_minimal_hls/myproject_prj/solution1/.autopilot/db/zeropad2d_cl_array_array_ap_fixed_2u_config6_Pipeline_PadBottomWidth.compgen.tcl 
INFO: [HLS 200-1030] Apply Unified Pipeline Control on module 'zeropad2d_cl_array_array_ap_fixed_2u_config6_Pipeline_PadBottomWidth' pipeline 'PadBottomWidth' pipeline type 'loop pipeline'
INFO: [RTGEN 206-100] Finished creating RTL model for 'zeropad2d_cl_array_array_ap_fixed_2u_config6_Pipeline_PadBottomWidth'.
INFO: [HLS 200-111] Finished Creating RTL model: CPU user time: 0 seconds. CPU system time: 0 seconds. Elapsed time: 0.284 seconds; current allocated memory: 1.163 GB.
Execute         source C:/Users/brand/Documents/engs192/zybo-edge-ai/hls/edge_cnn_minimal_hls/myproject_prj/solution1/.autopilot/db/myproject.rtl_wrap.cfg.tcl 
Execute         gen_rtl zeropad2d_cl<array,array<ap_fixed,2u>,config6>_Pipeline_PadBottomWidth -style xilinx -f -lang vhdl -o C:/Users/brand/Documents/engs192/zybo-edge-ai/hls/edge_cnn_minimal_hls/myproject_prj/solution1/syn/vhdl/myproject_zeropad2d_cl_array_array_ap_fixed_2u_config6_Pipeline_PadBottomWidth 
Execute         gen_rtl zeropad2d_cl<array,array<ap_fixed,2u>,config6>_Pipeline_PadBottomWidth -style xilinx -f -lang vlog -o C:/Users/brand/Documents/engs192/zybo-edge-ai/hls/edge_cnn_minimal_hls/myproject_prj/solution1/syn/verilog/myproject_zeropad2d_cl_array_array_ap_fixed_2u_config6_Pipeline_PadBottomWidth 
Execute         syn_report -csynth -model zeropad2d_cl<array,array<ap_fixed,2u>,config6>_Pipeline_PadBottomWidth -o C:/Users/brand/Documents/engs192/zybo-edge-ai/hls/edge_cnn_minimal_hls/myproject_prj/solution1/syn/report/zeropad2d_cl_array_array_ap_fixed_2u_config6_Pipeline_PadBottomWidth_csynth.rpt 
Execute           AP::get_flow_target_display_name
Execute             get_solution -flow_target 
Execute         syn_report -rtlxml -model zeropad2d_cl<array,array<ap_fixed,2u>,config6>_Pipeline_PadBottomWidth -o C:/Users/brand/Documents/engs192/zybo-edge-ai/hls/edge_cnn_minimal_hls/myproject_prj/solution1/syn/report/zeropad2d_cl_array_array_ap_fixed_2u_config6_Pipeline_PadBottomWidth_csynth.xml 
Execute           get_solution -flow_target
Execute             get_solution -flow_target 
Execute         syn_report -verbosereport -model zeropad2d_cl<array,array<ap_fixed,2u>,config6>_Pipeline_PadBottomWidth -o C:/Users/brand/Documents/engs192/zybo-edge-ai/hls/edge_cnn_minimal_hls/myproject_prj/solution1/.autopilot/db/zeropad2d_cl_array_array_ap_fixed_2u_config6_Pipeline_PadBottomWidth.verbose.rpt 
Execute           AP::get_flow_target_display_name
Execute             get_solution -flow_target 
Execute         db_write -model zeropad2d_cl<array,array<ap_fixed,2u>,config6>_Pipeline_PadBottomWidth -f -o C:/Users/brand/Documents/engs192/zybo-edge-ai/hls/edge_cnn_minimal_hls/myproject_prj/solution1/.autopilot/db/zeropad2d_cl_array_array_ap_fixed_2u_config6_Pipeline_PadBottomWidth.adb 
Execute         db_write -model zeropad2d_cl<array,array<ap_fixed,2u>,config6>_Pipeline_PadBottomWidth -bindview -o C:/Users/brand/Documents/engs192/zybo-edge-ai/hls/edge_cnn_minimal_hls/myproject_prj/solution1/.autopilot/db/design.bindinfo.xml 
Execute         gen_tb_info zeropad2d_cl<array,array<ap_fixed,2u>,config6>_Pipeline_PadBottomWidth -p C:/Users/brand/Documents/engs192/zybo-edge-ai/hls/edge_cnn_minimal_hls/myproject_prj/solution1/.autopilot/db -o C:/Users/brand/Documents/engs192/zybo-edge-ai/hls/edge_cnn_minimal_hls/myproject_prj/solution1/.autopilot/db/zeropad2d_cl_array_array_ap_fixed_2u_config6_Pipeline_PadBottomWidth 
INFO: [HLS 200-10] ----------------------------------------------------------------
INFO: [HLS 200-10] -- Generating RTL for module 'zeropad2d_cl_array_ap_fixed_2u_array_ap_fixed_8_2_5_3_0_2u_config6_s' 
INFO: [HLS 200-10] ----------------------------------------------------------------
Execute         get_config_rtl -module_prefix 
Execute         get_config_rtl -module_auto_prefix 
Execute         get_config_rtl -module_prefix 
Execute         get_config_rtl -module_auto_prefix 
Execute         create_rtl_model zeropad2d_cl<array<ap_fixed,2u>,array<ap_fixed<8,2,5,3,0>,2u>,config6> -top_prefix myproject_ -sub_prefix myproject_ -mg_file C:/Users/brand/Documents/engs192/zybo-edge-ai/hls/edge_cnn_minimal_hls/myproject_prj/solution1/.autopilot/db/zeropad2d_cl_array_ap_fixed_2u_array_ap_fixed_8_2_5_3_0_2u_config6_s.compgen.tcl 
INFO: [RTGEN 206-100] Finished creating RTL model for 'zeropad2d_cl_array_ap_fixed_2u_array_ap_fixed_8_2_5_3_0_2u_config6_s'.
INFO: [HLS 200-111] Finished Creating RTL model: CPU user time: 0 seconds. CPU system time: 0 seconds. Elapsed time: 0.233 seconds; current allocated memory: 1.163 GB.
Execute         source C:/Users/brand/Documents/engs192/zybo-edge-ai/hls/edge_cnn_minimal_hls/myproject_prj/solution1/.autopilot/db/myproject.rtl_wrap.cfg.tcl 
Execute         gen_rtl zeropad2d_cl<array<ap_fixed,2u>,array<ap_fixed<8,2,5,3,0>,2u>,config6> -style xilinx -f -lang vhdl -o C:/Users/brand/Documents/engs192/zybo-edge-ai/hls/edge_cnn_minimal_hls/myproject_prj/solution1/syn/vhdl/myproject_zeropad2d_cl_array_ap_fixed_2u_array_ap_fixed_8_2_5_3_0_2u_config6_s 
Execute         gen_rtl zeropad2d_cl<array<ap_fixed,2u>,array<ap_fixed<8,2,5,3,0>,2u>,config6> -style xilinx -f -lang vlog -o C:/Users/brand/Documents/engs192/zybo-edge-ai/hls/edge_cnn_minimal_hls/myproject_prj/solution1/syn/verilog/myproject_zeropad2d_cl_array_ap_fixed_2u_array_ap_fixed_8_2_5_3_0_2u_config6_s 
Execute         syn_report -csynth -model zeropad2d_cl<array<ap_fixed,2u>,array<ap_fixed<8,2,5,3,0>,2u>,config6> -o C:/Users/brand/Documents/engs192/zybo-edge-ai/hls/edge_cnn_minimal_hls/myproject_prj/solution1/syn/report/zeropad2d_cl_array_ap_fixed_2u_array_ap_fixed_8_2_5_3_0_2u_config6_s_csynth.rpt 
Execute           AP::get_flow_target_display_name
Execute             get_solution -flow_target 
Execute         syn_report -rtlxml -model zeropad2d_cl<array<ap_fixed,2u>,array<ap_fixed<8,2,5,3,0>,2u>,config6> -o C:/Users/brand/Documents/engs192/zybo-edge-ai/hls/edge_cnn_minimal_hls/myproject_prj/solution1/syn/report/zeropad2d_cl_array_ap_fixed_2u_array_ap_fixed_8_2_5_3_0_2u_config6_s_csynth.xml 
Execute           get_solution -flow_target
Execute             get_solution -flow_target 
Execute         syn_report -verbosereport -model zeropad2d_cl<array<ap_fixed,2u>,array<ap_fixed<8,2,5,3,0>,2u>,config6> -o C:/Users/brand/Documents/engs192/zybo-edge-ai/hls/edge_cnn_minimal_hls/myproject_prj/solution1/.autopilot/db/zeropad2d_cl_array_ap_fixed_2u_array_ap_fixed_8_2_5_3_0_2u_config6_s.verbose.rpt 
Execute           AP::get_flow_target_display_name
Execute             get_solution -flow_target 
Execute         db_write -model zeropad2d_cl<array<ap_fixed,2u>,array<ap_fixed<8,2,5,3,0>,2u>,config6> -f -o C:/Users/brand/Documents/engs192/zybo-edge-ai/hls/edge_cnn_minimal_hls/myproject_prj/solution1/.autopilot/db/zeropad2d_cl_array_ap_fixed_2u_array_ap_fixed_8_2_5_3_0_2u_config6_s.adb 
Execute         db_write -model zeropad2d_cl<array<ap_fixed,2u>,array<ap_fixed<8,2,5,3,0>,2u>,config6> -bindview -o C:/Users/brand/Documents/engs192/zybo-edge-ai/hls/edge_cnn_minimal_hls/myproject_prj/solution1/.autopilot/db/design.bindinfo.xml 
Execute         gen_tb_info zeropad2d_cl<array<ap_fixed,2u>,array<ap_fixed<8,2,5,3,0>,2u>,config6> -p C:/Users/brand/Documents/engs192/zybo-edge-ai/hls/edge_cnn_minimal_hls/myproject_prj/solution1/.autopilot/db -o C:/Users/brand/Documents/engs192/zybo-edge-ai/hls/edge_cnn_minimal_hls/myproject_prj/solution1/.autopilot/db/zeropad2d_cl_array_ap_fixed_2u_array_ap_fixed_8_2_5_3_0_2u_config6_s 
INFO: [HLS 200-10] ----------------------------------------------------------------
INFO: [HLS 200-10] -- Generating RTL for module 'shift_line_buffer_array_ap_fixed_8_2_5_3_0_2u_config4_s' 
INFO: [HLS 200-10] ----------------------------------------------------------------
Execute         get_config_rtl -module_prefix 
Execute         get_config_rtl -module_auto_prefix 
Execute         get_config_rtl -module_prefix 
Execute         get_config_rtl -module_auto_prefix 
Execute         create_rtl_model shift_line_buffer<array<ap_fixed<8, 2, 5, 3, 0>, 2u>, config4> -top_prefix myproject_ -sub_prefix myproject_ -mg_file C:/Users/brand/Documents/engs192/zybo-edge-ai/hls/edge_cnn_minimal_hls/myproject_prj/solution1/.autopilot/db/shift_line_buffer_array_ap_fixed_8_2_5_3_0_2u_config4_s.compgen.tcl 
INFO: [SYN 201-210] Renamed object name 'shift_line_buffer_array_ap_fixed_8_2_5_3_0_2u_config4_s_void_conv_2d_buffer_cl_stream_stream_weight_t_bias_t_line_buffer_0_SHIFTREG_AUTO_0R0W' to 'shift_line_buffer_array_ap_fixed_8_2_5_3_0_2u_config4_s_void_conv_2d_buffer_cfYi' due to the length limit 80
INFO: [SYN 201-210] Renamed object name 'shift_line_buffer_array_ap_fixed_8_2_5_3_0_2u_config4_s_void_conv_2d_buffer_cl_stream_stream_weight_t_bias_t_line_buffer_SHIFTREG_AUTO_0R0W' to 'shift_line_buffer_array_ap_fixed_8_2_5_3_0_2u_config4_s_void_conv_2d_buffer_cg8j' due to the length limit 80
INFO: [SYN 201-210] Renamed object name 'shift_line_buffer_array_ap_fixed_8_2_5_3_0_2u_config4_s_void_conv_2d_buffer_cl_stream_stream_weight_t_bias_t_line_buffer_1_0_SHIFTREG_AUTO_0R0W' to 'shift_line_buffer_array_ap_fixed_8_2_5_3_0_2u_config4_s_void_conv_2d_buffer_chbi' due to the length limit 80
INFO: [SYN 201-210] Renamed object name 'shift_line_buffer_array_ap_fixed_8_2_5_3_0_2u_config4_s_void_conv_2d_buffer_cl_stream_stream_weight_t_bias_t_line_buffer_1_SHIFTREG_AUTO_0R0W' to 'shift_line_buffer_array_ap_fixed_8_2_5_3_0_2u_config4_s_void_conv_2d_buffer_cibs' due to the length limit 80
INFO: [RTGEN 206-100] Finished creating RTL model for 'shift_line_buffer_array_ap_fixed_8_2_5_3_0_2u_config4_s'.
Command         create_rtl_model done; 0.203 sec.
INFO: [HLS 200-111] Finished Creating RTL model: CPU user time: 0 seconds. CPU system time: 0 seconds. Elapsed time: 0.429 seconds; current allocated memory: 1.163 GB.
Execute         source C:/Users/brand/Documents/engs192/zybo-edge-ai/hls/edge_cnn_minimal_hls/myproject_prj/solution1/.autopilot/db/myproject.rtl_wrap.cfg.tcl 
Execute         gen_rtl shift_line_buffer<array<ap_fixed<8, 2, 5, 3, 0>, 2u>, config4> -style xilinx -f -lang vhdl -o C:/Users/brand/Documents/engs192/zybo-edge-ai/hls/edge_cnn_minimal_hls/myproject_prj/solution1/syn/vhdl/myproject_shift_line_buffer_array_ap_fixed_8_2_5_3_0_2u_config4_s 
Execute         gen_rtl shift_line_buffer<array<ap_fixed<8, 2, 5, 3, 0>, 2u>, config4> -style xilinx -f -lang vlog -o C:/Users/brand/Documents/engs192/zybo-edge-ai/hls/edge_cnn_minimal_hls/myproject_prj/solution1/syn/verilog/myproject_shift_line_buffer_array_ap_fixed_8_2_5_3_0_2u_config4_s 
Execute         syn_report -csynth -model shift_line_buffer<array<ap_fixed<8, 2, 5, 3, 0>, 2u>, config4> -o C:/Users/brand/Documents/engs192/zybo-edge-ai/hls/edge_cnn_minimal_hls/myproject_prj/solution1/syn/report/shift_line_buffer_array_ap_fixed_8_2_5_3_0_2u_config4_s_csynth.rpt 
Execute           AP::get_flow_target_display_name
Execute             get_solution -flow_target 
Execute         syn_report -rtlxml -model shift_line_buffer<array<ap_fixed<8, 2, 5, 3, 0>, 2u>, config4> -o C:/Users/brand/Documents/engs192/zybo-edge-ai/hls/edge_cnn_minimal_hls/myproject_prj/solution1/syn/report/shift_line_buffer_array_ap_fixed_8_2_5_3_0_2u_config4_s_csynth.xml 
Execute           get_solution -flow_target
Execute             get_solution -flow_target 
Execute         syn_report -verbosereport -model shift_line_buffer<array<ap_fixed<8, 2, 5, 3, 0>, 2u>, config4> -o C:/Users/brand/Documents/engs192/zybo-edge-ai/hls/edge_cnn_minimal_hls/myproject_prj/solution1/.autopilot/db/shift_line_buffer_array_ap_fixed_8_2_5_3_0_2u_config4_s.verbose.rpt 
Execute           AP::get_flow_target_display_name
Execute             get_solution -flow_target 
Execute         db_write -model shift_line_buffer<array<ap_fixed<8, 2, 5, 3, 0>, 2u>, config4> -f -o C:/Users/brand/Documents/engs192/zybo-edge-ai/hls/edge_cnn_minimal_hls/myproject_prj/solution1/.autopilot/db/shift_line_buffer_array_ap_fixed_8_2_5_3_0_2u_config4_s.adb 
Execute         db_write -model shift_line_buffer<array<ap_fixed<8, 2, 5, 3, 0>, 2u>, config4> -bindview -o C:/Users/brand/Documents/engs192/zybo-edge-ai/hls/edge_cnn_minimal_hls/myproject_prj/solution1/.autopilot/db/design.bindinfo.xml 
Execute         gen_tb_info shift_line_buffer<array<ap_fixed<8, 2, 5, 3, 0>, 2u>, config4> -p C:/Users/brand/Documents/engs192/zybo-edge-ai/hls/edge_cnn_minimal_hls/myproject_prj/solution1/.autopilot/db -o C:/Users/brand/Documents/engs192/zybo-edge-ai/hls/edge_cnn_minimal_hls/myproject_prj/solution1/.autopilot/db/shift_line_buffer_array_ap_fixed_8_2_5_3_0_2u_config4_s 
INFO: [HLS 200-10] ----------------------------------------------------------------
INFO: [HLS 200-10] -- Generating RTL for module 'dense_resource_rf_leq_nin_ap_fixed_ap_fixed_8_2_5_3_0_config4_mult_s' 
INFO: [HLS 200-10] ----------------------------------------------------------------
Execute         get_config_rtl -module_prefix 
Execute         get_config_rtl -module_auto_prefix 
Execute         get_config_rtl -module_prefix 
Execute         get_config_rtl -module_auto_prefix 
Execute         create_rtl_model dense_resource_rf_leq_nin<ap_fixed,ap_fixed<8,2,5,3,0>,config4_mult> -top_prefix myproject_ -sub_prefix myproject_ -mg_file C:/Users/brand/Documents/engs192/zybo-edge-ai/hls/edge_cnn_minimal_hls/myproject_prj/solution1/.autopilot/db/dense_resource_rf_leq_nin_ap_fixed_ap_fixed_8_2_5_3_0_config4_mult_s.compgen.tcl 
INFO: [SYN 201-210] Renamed object name 'dense_resource_rf_leq_nin_ap_fixed_ap_fixed_8_2_5_3_0_config4_mult_s_w4_V_ROM_NP_BRAM_1R' to 'dense_resource_rf_leq_nin_ap_fixed_ap_fixed_8_2_5_3_0_config4_mult_s_w4_V_ROMjbC' due to the length limit 80
INFO: [HLS 200-1030] Apply Unified Pipeline Control on module 'dense_resource_rf_leq_nin_ap_fixed_ap_fixed_8_2_5_3_0_config4_mult_s' pipeline 'ReuseLoop' pipeline type 'rewind pipeline'
INFO: [RTGEN 206-100] Generating core module 'mul_8s_7s_14_1_1': 1 instance(s).
INFO: [RTGEN 206-100] Generating core module 'mux_185_8_1_1': 1 instance(s).
INFO: [RTGEN 206-100] Finished creating RTL model for 'dense_resource_rf_leq_nin_ap_fixed_ap_fixed_8_2_5_3_0_config4_mult_s'.
Command         create_rtl_model done; 0.222 sec.
INFO: [HLS 200-111] Finished Creating RTL model: CPU user time: 1 seconds. CPU system time: 0 seconds. Elapsed time: 0.549 seconds; current allocated memory: 1.163 GB.
Execute         source C:/Users/brand/Documents/engs192/zybo-edge-ai/hls/edge_cnn_minimal_hls/myproject_prj/solution1/.autopilot/db/myproject.rtl_wrap.cfg.tcl 
Execute         gen_rtl dense_resource_rf_leq_nin<ap_fixed,ap_fixed<8,2,5,3,0>,config4_mult> -style xilinx -f -lang vhdl -o C:/Users/brand/Documents/engs192/zybo-edge-ai/hls/edge_cnn_minimal_hls/myproject_prj/solution1/syn/vhdl/myproject_dense_resource_rf_leq_nin_ap_fixed_ap_fixed_8_2_5_3_0_config4_mult_s 
Execute         gen_rtl dense_resource_rf_leq_nin<ap_fixed,ap_fixed<8,2,5,3,0>,config4_mult> -style xilinx -f -lang vlog -o C:/Users/brand/Documents/engs192/zybo-edge-ai/hls/edge_cnn_minimal_hls/myproject_prj/solution1/syn/verilog/myproject_dense_resource_rf_leq_nin_ap_fixed_ap_fixed_8_2_5_3_0_config4_mult_s 
Execute         syn_report -csynth -model dense_resource_rf_leq_nin<ap_fixed,ap_fixed<8,2,5,3,0>,config4_mult> -o C:/Users/brand/Documents/engs192/zybo-edge-ai/hls/edge_cnn_minimal_hls/myproject_prj/solution1/syn/report/dense_resource_rf_leq_nin_ap_fixed_ap_fixed_8_2_5_3_0_config4_mult_s_csynth.rpt 
Execute           AP::get_flow_target_display_name
Execute             get_solution -flow_target 
Execute         syn_report -rtlxml -model dense_resource_rf_leq_nin<ap_fixed,ap_fixed<8,2,5,3,0>,config4_mult> -o C:/Users/brand/Documents/engs192/zybo-edge-ai/hls/edge_cnn_minimal_hls/myproject_prj/solution1/syn/report/dense_resource_rf_leq_nin_ap_fixed_ap_fixed_8_2_5_3_0_config4_mult_s_csynth.xml 
Execute           get_solution -flow_target
Execute             get_solution -flow_target 
Execute         syn_report -verbosereport -model dense_resource_rf_leq_nin<ap_fixed,ap_fixed<8,2,5,3,0>,config4_mult> -o C:/Users/brand/Documents/engs192/zybo-edge-ai/hls/edge_cnn_minimal_hls/myproject_prj/solution1/.autopilot/db/dense_resource_rf_leq_nin_ap_fixed_ap_fixed_8_2_5_3_0_config4_mult_s.verbose.rpt 
Execute           AP::get_flow_target_display_name
Execute             get_solution -flow_target 
Execute         db_write -model dense_resource_rf_leq_nin<ap_fixed,ap_fixed<8,2,5,3,0>,config4_mult> -f -o C:/Users/brand/Documents/engs192/zybo-edge-ai/hls/edge_cnn_minimal_hls/myproject_prj/solution1/.autopilot/db/dense_resource_rf_leq_nin_ap_fixed_ap_fixed_8_2_5_3_0_config4_mult_s.adb 
Execute         db_write -model dense_resource_rf_leq_nin<ap_fixed,ap_fixed<8,2,5,3,0>,config4_mult> -bindview -o C:/Users/brand/Documents/engs192/zybo-edge-ai/hls/edge_cnn_minimal_hls/myproject_prj/solution1/.autopilot/db/design.bindinfo.xml 
Execute         gen_tb_info dense_resource_rf_leq_nin<ap_fixed,ap_fixed<8,2,5,3,0>,config4_mult> -p C:/Users/brand/Documents/engs192/zybo-edge-ai/hls/edge_cnn_minimal_hls/myproject_prj/solution1/.autopilot/db -o C:/Users/brand/Documents/engs192/zybo-edge-ai/hls/edge_cnn_minimal_hls/myproject_prj/solution1/.autopilot/db/dense_resource_rf_leq_nin_ap_fixed_ap_fixed_8_2_5_3_0_config4_mult_s 
INFO: [HLS 200-10] ----------------------------------------------------------------
INFO: [HLS 200-10] -- Generating RTL for module 'compute_output_buffer_2d_array_array_ap_fixed_8_2_5_3_0_1u_config4_s' 
INFO: [HLS 200-10] ----------------------------------------------------------------
Execute         get_config_rtl -module_prefix 
Execute         get_config_rtl -module_auto_prefix 
Execute         get_config_rtl -module_prefix 
Execute         get_config_rtl -module_auto_prefix 
Execute         create_rtl_model compute_output_buffer_2d<array,array<ap_fixed<8,2,5,3,0>,1u>,config4> -top_prefix myproject_ -sub_prefix myproject_ -mg_file C:/Users/brand/Documents/engs192/zybo-edge-ai/hls/edge_cnn_minimal_hls/myproject_prj/solution1/.autopilot/db/compute_output_buffer_2d_array_array_ap_fixed_8_2_5_3_0_1u_config4_s.compgen.tcl 
WARNING: [RTGEN 206-101] Register 'void_compute_output_buffer_2d_array_const_ap_shift_reg_n_chan_stream_weig_7' is power-on initialization.
WARNING: [RTGEN 206-101] Register 'void_compute_output_buffer_2d_array_const_ap_shift_reg_n_chan_stream_weig_9' is power-on initialization.
WARNING: [RTGEN 206-101] Register 'void_compute_output_buffer_2d_array_const_ap_shift_reg_n_chan_stream_weig_6' is power-on initialization.
WARNING: [RTGEN 206-101] Register 'void_compute_output_buffer_2d_array_const_ap_shift_reg_n_chan_stream_weig_8' is power-on initialization.
WARNING: [RTGEN 206-101] Register 'void_compute_output_buffer_2d_array_const_ap_shift_reg_n_chan_stream_weig_1' is power-on initialization.
WARNING: [RTGEN 206-101] Register 'void_compute_output_buffer_2d_array_const_ap_shift_reg_n_chan_stream_weig_3' is power-on initialization.
WARNING: [RTGEN 206-101] Register 'void_compute_output_buffer_2d_array_const_ap_shift_reg_n_chan_stream_weig' is power-on initialization.
WARNING: [RTGEN 206-101] Register 'void_compute_output_buffer_2d_array_const_ap_shift_reg_n_chan_stream_weig_2' is power-on initialization.
WARNING: [RTGEN 206-101] Register 'p_ZZN4nnet24compute_output_buffer_2dINS_5arrayI8ap_fixedILi8ELi2EL9ap_q_mode5EL9a_3' is power-on initialization.
WARNING: [RTGEN 206-101] Register 'p_ZZN4nnet24compute_output_buffer_2dINS_5arrayI8ap_fixedILi8ELi2EL9ap_q_mode5EL9a_5' is power-on initialization.
WARNING: [RTGEN 206-101] Register 'p_ZZN4nnet24compute_output_buffer_2dINS_5arrayI8ap_fixedILi8ELi2EL9ap_q_mode5EL9a_2' is power-on initialization.
WARNING: [RTGEN 206-101] Register 'p_ZZN4nnet24compute_output_buffer_2dINS_5arrayI8ap_fixedILi8ELi2EL9ap_q_mode5EL9a_4' is power-on initialization.
WARNING: [RTGEN 206-101] Register 'void_compute_output_buffer_2d_array_const_ap_shift_reg_n_chan_stream_weig_5' is power-on initialization.
WARNING: [RTGEN 206-101] Register 'void_compute_output_buffer_2d_array_const_ap_shift_reg_n_chan_stream_weig_4' is power-on initialization.
WARNING: [RTGEN 206-101] Register 'p_ZZN4nnet24compute_output_buffer_2dINS_5arrayI8ap_fixedILi8ELi2EL9ap_q_mode5EL9a_7' is power-on initialization.
WARNING: [RTGEN 206-101] Register 'p_ZZN4nnet24compute_output_buffer_2dINS_5arrayI8ap_fixedILi8ELi2EL9ap_q_mode5EL9a_6' is power-on initialization.
WARNING: [RTGEN 206-101] Register 'p_ZZN4nnet24compute_output_buffer_2dINS_5arrayI8ap_fixedILi8ELi2EL9ap_q_mode5EL9a_1' is power-on initialization.
WARNING: [RTGEN 206-101] Register 'p_ZZN4nnet24compute_output_buffer_2dINS_5arrayI8ap_fixedILi8ELi2EL9ap_q_mode5EL9a' is power-on initialization.
WARNING: [RTGEN 206-101] Register 'sX' is power-on initialization.
WARNING: [RTGEN 206-101] Register 'sY' is power-on initialization.
WARNING: [RTGEN 206-101] Register 'pY' is power-on initialization.
WARNING: [RTGEN 206-101] Register 'pX' is power-on initialization.
INFO: [RTGEN 206-100] Finished creating RTL model for 'compute_output_buffer_2d_array_array_ap_fixed_8_2_5_3_0_1u_config4_s'.
Command         create_rtl_model done; 0.779 sec.
INFO: [HLS 200-111] Finished Creating RTL model: CPU user time: 0 seconds. CPU system time: 0 seconds. Elapsed time: 1.097 seconds; current allocated memory: 1.163 GB.
Execute         source C:/Users/brand/Documents/engs192/zybo-edge-ai/hls/edge_cnn_minimal_hls/myproject_prj/solution1/.autopilot/db/myproject.rtl_wrap.cfg.tcl 
Execute         gen_rtl compute_output_buffer_2d<array,array<ap_fixed<8,2,5,3,0>,1u>,config4> -style xilinx -f -lang vhdl -o C:/Users/brand/Documents/engs192/zybo-edge-ai/hls/edge_cnn_minimal_hls/myproject_prj/solution1/syn/vhdl/myproject_compute_output_buffer_2d_array_array_ap_fixed_8_2_5_3_0_1u_config4_s 
Execute         gen_rtl compute_output_buffer_2d<array,array<ap_fixed<8,2,5,3,0>,1u>,config4> -style xilinx -f -lang vlog -o C:/Users/brand/Documents/engs192/zybo-edge-ai/hls/edge_cnn_minimal_hls/myproject_prj/solution1/syn/verilog/myproject_compute_output_buffer_2d_array_array_ap_fixed_8_2_5_3_0_1u_config4_s 
Execute         syn_report -csynth -model compute_output_buffer_2d<array,array<ap_fixed<8,2,5,3,0>,1u>,config4> -o C:/Users/brand/Documents/engs192/zybo-edge-ai/hls/edge_cnn_minimal_hls/myproject_prj/solution1/syn/report/compute_output_buffer_2d_array_array_ap_fixed_8_2_5_3_0_1u_config4_s_csynth.rpt 
Execute           AP::get_flow_target_display_name
Execute             get_solution -flow_target 
Execute         syn_report -rtlxml -model compute_output_buffer_2d<array,array<ap_fixed<8,2,5,3,0>,1u>,config4> -o C:/Users/brand/Documents/engs192/zybo-edge-ai/hls/edge_cnn_minimal_hls/myproject_prj/solution1/syn/report/compute_output_buffer_2d_array_array_ap_fixed_8_2_5_3_0_1u_config4_s_csynth.xml 
Execute           get_solution -flow_target
Execute             get_solution -flow_target 
Execute         syn_report -verbosereport -model compute_output_buffer_2d<array,array<ap_fixed<8,2,5,3,0>,1u>,config4> -o C:/Users/brand/Documents/engs192/zybo-edge-ai/hls/edge_cnn_minimal_hls/myproject_prj/solution1/.autopilot/db/compute_output_buffer_2d_array_array_ap_fixed_8_2_5_3_0_1u_config4_s.verbose.rpt 
Execute           AP::get_flow_target_display_name
Execute             get_solution -flow_target 
Execute         db_write -model compute_output_buffer_2d<array,array<ap_fixed<8,2,5,3,0>,1u>,config4> -f -o C:/Users/brand/Documents/engs192/zybo-edge-ai/hls/edge_cnn_minimal_hls/myproject_prj/solution1/.autopilot/db/compute_output_buffer_2d_array_array_ap_fixed_8_2_5_3_0_1u_config4_s.adb 
Execute         db_write -model compute_output_buffer_2d<array,array<ap_fixed<8,2,5,3,0>,1u>,config4> -bindview -o C:/Users/brand/Documents/engs192/zybo-edge-ai/hls/edge_cnn_minimal_hls/myproject_prj/solution1/.autopilot/db/design.bindinfo.xml 
Execute         gen_tb_info compute_output_buffer_2d<array,array<ap_fixed<8,2,5,3,0>,1u>,config4> -p C:/Users/brand/Documents/engs192/zybo-edge-ai/hls/edge_cnn_minimal_hls/myproject_prj/solution1/.autopilot/db -o C:/Users/brand/Documents/engs192/zybo-edge-ai/hls/edge_cnn_minimal_hls/myproject_prj/solution1/.autopilot/db/compute_output_buffer_2d_array_array_ap_fixed_8_2_5_3_0_1u_config4_s 
INFO: [HLS 200-10] ----------------------------------------------------------------
INFO: [HLS 200-10] -- Generating RTL for module 'conv_2d_cl_array_ap_fixed_2u_array_ap_fixed_8_2_5_3_0_1u_config4_s' 
INFO: [HLS 200-10] ----------------------------------------------------------------
Execute         get_config_rtl -module_prefix 
Execute         get_config_rtl -module_auto_prefix 
Execute         get_config_rtl -module_prefix 
Execute         get_config_rtl -module_auto_prefix 
Execute         create_rtl_model conv_2d_cl<array<ap_fixed,2u>,array<ap_fixed<8,2,5,3,0>,1u>,config4> -top_prefix myproject_ -sub_prefix myproject_ -mg_file C:/Users/brand/Documents/engs192/zybo-edge-ai/hls/edge_cnn_minimal_hls/myproject_prj/solution1/.autopilot/db/conv_2d_cl_array_ap_fixed_2u_array_ap_fixed_8_2_5_3_0_1u_config4_s.compgen.tcl 
INFO: [RTGEN 206-100] Finished creating RTL model for 'conv_2d_cl_array_ap_fixed_2u_array_ap_fixed_8_2_5_3_0_1u_config4_s'.
INFO: [HLS 200-111] Finished Creating RTL model: CPU user time: 0 seconds. CPU system time: 0 seconds. Elapsed time: 0.409 seconds; current allocated memory: 1.163 GB.
Execute         source C:/Users/brand/Documents/engs192/zybo-edge-ai/hls/edge_cnn_minimal_hls/myproject_prj/solution1/.autopilot/db/myproject.rtl_wrap.cfg.tcl 
Execute         gen_rtl conv_2d_cl<array<ap_fixed,2u>,array<ap_fixed<8,2,5,3,0>,1u>,config4> -style xilinx -f -lang vhdl -o C:/Users/brand/Documents/engs192/zybo-edge-ai/hls/edge_cnn_minimal_hls/myproject_prj/solution1/syn/vhdl/myproject_conv_2d_cl_array_ap_fixed_2u_array_ap_fixed_8_2_5_3_0_1u_config4_s 
Execute         gen_rtl conv_2d_cl<array<ap_fixed,2u>,array<ap_fixed<8,2,5,3,0>,1u>,config4> -style xilinx -f -lang vlog -o C:/Users/brand/Documents/engs192/zybo-edge-ai/hls/edge_cnn_minimal_hls/myproject_prj/solution1/syn/verilog/myproject_conv_2d_cl_array_ap_fixed_2u_array_ap_fixed_8_2_5_3_0_1u_config4_s 
Execute         syn_report -csynth -model conv_2d_cl<array<ap_fixed,2u>,array<ap_fixed<8,2,5,3,0>,1u>,config4> -o C:/Users/brand/Documents/engs192/zybo-edge-ai/hls/edge_cnn_minimal_hls/myproject_prj/solution1/syn/report/conv_2d_cl_array_ap_fixed_2u_array_ap_fixed_8_2_5_3_0_1u_config4_s_csynth.rpt 
Execute           AP::get_flow_target_display_name
Execute             get_solution -flow_target 
Execute         syn_report -rtlxml -model conv_2d_cl<array<ap_fixed,2u>,array<ap_fixed<8,2,5,3,0>,1u>,config4> -o C:/Users/brand/Documents/engs192/zybo-edge-ai/hls/edge_cnn_minimal_hls/myproject_prj/solution1/syn/report/conv_2d_cl_array_ap_fixed_2u_array_ap_fixed_8_2_5_3_0_1u_config4_s_csynth.xml 
Execute           get_solution -flow_target
Execute             get_solution -flow_target 
Execute         syn_report -verbosereport -model conv_2d_cl<array<ap_fixed,2u>,array<ap_fixed<8,2,5,3,0>,1u>,config4> -o C:/Users/brand/Documents/engs192/zybo-edge-ai/hls/edge_cnn_minimal_hls/myproject_prj/solution1/.autopilot/db/conv_2d_cl_array_ap_fixed_2u_array_ap_fixed_8_2_5_3_0_1u_config4_s.verbose.rpt 
Execute           AP::get_flow_target_display_name
Execute             get_solution -flow_target 
Execute         db_write -model conv_2d_cl<array<ap_fixed,2u>,array<ap_fixed<8,2,5,3,0>,1u>,config4> -f -o C:/Users/brand/Documents/engs192/zybo-edge-ai/hls/edge_cnn_minimal_hls/myproject_prj/solution1/.autopilot/db/conv_2d_cl_array_ap_fixed_2u_array_ap_fixed_8_2_5_3_0_1u_config4_s.adb 
Execute         db_write -model conv_2d_cl<array<ap_fixed,2u>,array<ap_fixed<8,2,5,3,0>,1u>,config4> -bindview -o C:/Users/brand/Documents/engs192/zybo-edge-ai/hls/edge_cnn_minimal_hls/myproject_prj/solution1/.autopilot/db/design.bindinfo.xml 
Execute         gen_tb_info conv_2d_cl<array<ap_fixed,2u>,array<ap_fixed<8,2,5,3,0>,1u>,config4> -p C:/Users/brand/Documents/engs192/zybo-edge-ai/hls/edge_cnn_minimal_hls/myproject_prj/solution1/.autopilot/db -o C:/Users/brand/Documents/engs192/zybo-edge-ai/hls/edge_cnn_minimal_hls/myproject_prj/solution1/.autopilot/db/conv_2d_cl_array_ap_fixed_2u_array_ap_fixed_8_2_5_3_0_1u_config4_s 
INFO: [HLS 200-10] ----------------------------------------------------------------
INFO: [HLS 200-10] -- Generating RTL for module 'myproject' 
INFO: [HLS 200-10] ----------------------------------------------------------------
Execute         get_config_rtl -module_prefix 
Execute         get_config_rtl -module_prefix 
Execute         get_config_rtl -module_auto_prefix 
Execute         create_rtl_model myproject -top_prefix  -sub_prefix myproject_ -mg_file C:/Users/brand/Documents/engs192/zybo-edge-ai/hls/edge_cnn_minimal_hls/myproject_prj/solution1/.autopilot/db/myproject.compgen.tcl 
WARNING: [RTGEN 206-101] Design contains AXI ports. Reset is fixed to synchronous and active low.
INFO: [RTGEN 206-500] Setting interface mode on port 'myproject/input_image' to 'axis' (register, both mode).
INFO: [RTGEN 206-500] Setting interface mode on port 'myproject/layer4_out' to 'axis' (register, both mode).
INFO: [RTGEN 206-500] Setting interface mode on function 'myproject' to 'ap_ctrl_hs'.
INFO: [RTGEN 206-100] Finished creating RTL model for 'myproject'.
Command         create_rtl_model done; 0.163 sec.
INFO: [HLS 200-111] Finished Creating RTL model: CPU user time: 0 seconds. CPU system time: 0 seconds. Elapsed time: 0.401 seconds; current allocated memory: 1.163 GB.
Execute         source C:/Users/brand/Documents/engs192/zybo-edge-ai/hls/edge_cnn_minimal_hls/myproject_prj/solution1/.autopilot/db/myproject.rtl_wrap.cfg.tcl 
Execute         gen_rtl myproject -istop -style xilinx -f -lang vhdl -o C:/Users/brand/Documents/engs192/zybo-edge-ai/hls/edge_cnn_minimal_hls/myproject_prj/solution1/syn/vhdl/myproject 
Execute         gen_rtl myproject -istop -style xilinx -f -lang vlog -o C:/Users/brand/Documents/engs192/zybo-edge-ai/hls/edge_cnn_minimal_hls/myproject_prj/solution1/syn/verilog/myproject 
Execute         syn_report -csynth -model myproject -o C:/Users/brand/Documents/engs192/zybo-edge-ai/hls/edge_cnn_minimal_hls/myproject_prj/solution1/syn/report/myproject_csynth.rpt 
Execute           AP::get_flow_target_display_name
Execute             get_solution -flow_target 
Execute         syn_report -rtlxml -model myproject -o C:/Users/brand/Documents/engs192/zybo-edge-ai/hls/edge_cnn_minimal_hls/myproject_prj/solution1/syn/report/myproject_csynth.xml 
Execute           get_solution -flow_target
Execute             get_solution -flow_target 
Execute         syn_report -verbosereport -model myproject -o C:/Users/brand/Documents/engs192/zybo-edge-ai/hls/edge_cnn_minimal_hls/myproject_prj/solution1/.autopilot/db/myproject.verbose.rpt 
Execute           AP::get_flow_target_display_name
Execute             get_solution -flow_target 
Command         syn_report done; 0.18 sec.
Execute         db_write -model myproject -f -o C:/Users/brand/Documents/engs192/zybo-edge-ai/hls/edge_cnn_minimal_hls/myproject_prj/solution1/.autopilot/db/myproject.adb 
Execute         db_write -model myproject -bindview -o C:/Users/brand/Documents/engs192/zybo-edge-ai/hls/edge_cnn_minimal_hls/myproject_prj/solution1/.autopilot/db/design.bindinfo.xml 
Execute         gen_tb_info myproject -p C:/Users/brand/Documents/engs192/zybo-edge-ai/hls/edge_cnn_minimal_hls/myproject_prj/solution1/.autopilot/db -o C:/Users/brand/Documents/engs192/zybo-edge-ai/hls/edge_cnn_minimal_hls/myproject_prj/solution1/.autopilot/db/myproject 
Execute         export_constraint_db -f -tool general -o C:/Users/brand/Documents/engs192/zybo-edge-ai/hls/edge_cnn_minimal_hls/myproject_prj/solution1/.autopilot/db/myproject.constraint.tcl 
Execute         syn_report -designview -model myproject -o C:/Users/brand/Documents/engs192/zybo-edge-ai/hls/edge_cnn_minimal_hls/myproject_prj/solution1/.autopilot/db/myproject.design.xml 
Command         syn_report done; 0.294 sec.
Execute         syn_report -csynthDesign -model myproject -o C:/Users/brand/Documents/engs192/zybo-edge-ai/hls/edge_cnn_minimal_hls/myproject_prj/solution1/syn/report/csynth.rpt 
Execute           AP::get_flow_target_display_name
Execute             get_solution -flow_target 
Execute         get_config_rtl -disable_wave_debug 
Execute         syn_report -wcfg -model myproject -o C:/Users/brand/Documents/engs192/zybo-edge-ai/hls/edge_cnn_minimal_hls/myproject_prj/solution1/.autopilot/db/myproject_dataflow_ana.wcfg 
Execute         syn_report -protoinst -model myproject -o C:/Users/brand/Documents/engs192/zybo-edge-ai/hls/edge_cnn_minimal_hls/myproject_prj/solution1/.autopilot/db/myproject.protoinst 
Execute         get_config_debug -directory 
Execute         sc_get_clocks myproject 
Execute         get_config_export -vivado_clock 
Execute         get_config_rtl -module_prefix 
Execute         get_config_rtl -module_prefix 
Execute         get_config_rtl -module_auto_prefix 
Execute         sc_get_portdomain myproject 
INFO-FLOW: Model list for RTL component generation: zeropad2d_cl<array,array<ap_fixed<8,2,5,3,0>,1u>,config5>_Pipeline_PadTopWidth zeropad2d_cl<array,array<ap_fixed<8,2,5,3,0>,1u>,config5>_Pipeline_CopyMain zeropad2d_cl<array,array<ap_fixed,1u>,config5>_Pipeline_PadBottomWidth zeropad2d_cl<array<ap_fixed,1u>,array<ap_fixed<8,2,5,3,0>,1u>,config5> {shift_line_buffer<array<ap_fixed<8, 2, 5, 3, 0>, 1u>, config2>} dense_resource_rf_gt_nin_rem0<ap_fixed,ap_fixed<8,2,5,3,0>,config2_mult> compute_output_buffer_2d<array,array<ap_fixed<8,2,5,3,0>,2u>,config2> conv_2d_cl<array<ap_fixed,1u>,array<ap_fixed<8,2,5,3,0>,2u>,config2> relu<array<ap_fixed,2u>,array<ap_fixed<8,2,5,3,0>,2u>,relu_config3> zeropad2d_cl<array,array<ap_fixed<8,2,5,3,0>,2u>,config6>_Pipeline_PadTopWidth zeropad2d_cl<array,array<ap_fixed<8,2,5,3,0>,2u>,config6>_Pipeline_CopyMain zeropad2d_cl<array,array<ap_fixed,2u>,config6>_Pipeline_PadBottomWidth zeropad2d_cl<array<ap_fixed,2u>,array<ap_fixed<8,2,5,3,0>,2u>,config6> {shift_line_buffer<array<ap_fixed<8, 2, 5, 3, 0>, 2u>, config4>} dense_resource_rf_leq_nin<ap_fixed,ap_fixed<8,2,5,3,0>,config4_mult> compute_output_buffer_2d<array,array<ap_fixed<8,2,5,3,0>,1u>,config4> conv_2d_cl<array<ap_fixed,2u>,array<ap_fixed<8,2,5,3,0>,1u>,config4> myproject
INFO-FLOW: Handling components in module [zeropad2d_cl_array_array_ap_fixed_8_2_5_3_0_1u_config5_Pipeline_PadTopWidth] ... 
Execute         source C:/Users/brand/Documents/engs192/zybo-edge-ai/hls/edge_cnn_minimal_hls/myproject_prj/solution1/.autopilot/db/zeropad2d_cl_array_array_ap_fixed_8_2_5_3_0_1u_config5_Pipeline_PadTopWidth.compgen.tcl 
INFO-FLOW: Found component myproject_flow_control_loop_pipe_sequential_init.
INFO-FLOW: Append model myproject_flow_control_loop_pipe_sequential_init
INFO-FLOW: Handling components in module [zeropad2d_cl_array_array_ap_fixed_8_2_5_3_0_1u_config5_Pipeline_CopyMain] ... 
Execute         source C:/Users/brand/Documents/engs192/zybo-edge-ai/hls/edge_cnn_minimal_hls/myproject_prj/solution1/.autopilot/db/zeropad2d_cl_array_array_ap_fixed_8_2_5_3_0_1u_config5_Pipeline_CopyMain.compgen.tcl 
INFO-FLOW: Found component myproject_flow_control_loop_pipe_sequential_init.
INFO-FLOW: Append model myproject_flow_control_loop_pipe_sequential_init
INFO-FLOW: Handling components in module [zeropad2d_cl_array_array_ap_fixed_1u_config5_Pipeline_PadBottomWidth] ... 
Execute         source C:/Users/brand/Documents/engs192/zybo-edge-ai/hls/edge_cnn_minimal_hls/myproject_prj/solution1/.autopilot/db/zeropad2d_cl_array_array_ap_fixed_1u_config5_Pipeline_PadBottomWidth.compgen.tcl 
INFO-FLOW: Found component myproject_flow_control_loop_pipe_sequential_init.
INFO-FLOW: Append model myproject_flow_control_loop_pipe_sequential_init
INFO-FLOW: Handling components in module [zeropad2d_cl_array_ap_fixed_1u_array_ap_fixed_8_2_5_3_0_1u_config5_s] ... 
Execute         source C:/Users/brand/Documents/engs192/zybo-edge-ai/hls/edge_cnn_minimal_hls/myproject_prj/solution1/.autopilot/db/zeropad2d_cl_array_ap_fixed_1u_array_ap_fixed_8_2_5_3_0_1u_config5_s.compgen.tcl 
INFO-FLOW: Found component myproject_regslice_both.
INFO-FLOW: Append model myproject_regslice_both
INFO-FLOW: Handling components in module [shift_line_buffer_array_ap_fixed_8_2_5_3_0_1u_config2_s] ... 
Execute         source C:/Users/brand/Documents/engs192/zybo-edge-ai/hls/edge_cnn_minimal_hls/myproject_prj/solution1/.autopilot/db/shift_line_buffer_array_ap_fixed_8_2_5_3_0_1u_config2_s.compgen.tcl 
INFO-FLOW: Found component myproject_shift_line_buffer_array_ap_fixed_8_2_5_3_0_1u_config2_s_void_conv_2d_buffer_cbkb.
INFO-FLOW: Append model myproject_shift_line_buffer_array_ap_fixed_8_2_5_3_0_1u_config2_s_void_conv_2d_buffer_cbkb
INFO-FLOW: Handling components in module [dense_resource_rf_gt_nin_rem0_ap_fixed_ap_fixed_8_2_5_3_0_config2_mult_s] ... 
Execute         source C:/Users/brand/Documents/engs192/zybo-edge-ai/hls/edge_cnn_minimal_hls/myproject_prj/solution1/.autopilot/db/dense_resource_rf_gt_nin_rem0_ap_fixed_ap_fixed_8_2_5_3_0_config2_mult_s.compgen.tcl 
INFO-FLOW: Found component myproject_mux_932_8_1_1.
INFO-FLOW: Append model myproject_mux_932_8_1_1
INFO-FLOW: Found component myproject_mul_8s_7s_14_1_1.
INFO-FLOW: Append model myproject_mul_8s_7s_14_1_1
INFO-FLOW: Found component myproject_mux_21_8_1_1.
INFO-FLOW: Append model myproject_mux_21_8_1_1
INFO-FLOW: Found component myproject_dense_resource_rf_gt_nin_rem0_ap_fixed_ap_fixed_8_2_5_3_0_config2_mult_s_outidEe.
INFO-FLOW: Append model myproject_dense_resource_rf_gt_nin_rem0_ap_fixed_ap_fixed_8_2_5_3_0_config2_mult_s_outidEe
INFO-FLOW: Found component myproject_dense_resource_rf_gt_nin_rem0_ap_fixed_ap_fixed_8_2_5_3_0_config2_mult_s_w2_VeOg.
INFO-FLOW: Append model myproject_dense_resource_rf_gt_nin_rem0_ap_fixed_ap_fixed_8_2_5_3_0_config2_mult_s_w2_VeOg
INFO-FLOW: Found component myproject_flow_control_loop_pipe_no_ap_cont.
INFO-FLOW: Append model myproject_flow_control_loop_pipe_no_ap_cont
INFO-FLOW: Handling components in module [compute_output_buffer_2d_array_array_ap_fixed_8_2_5_3_0_2u_config2_s] ... 
Execute         source C:/Users/brand/Documents/engs192/zybo-edge-ai/hls/edge_cnn_minimal_hls/myproject_prj/solution1/.autopilot/db/compute_output_buffer_2d_array_array_ap_fixed_8_2_5_3_0_2u_config2_s.compgen.tcl 
INFO-FLOW: Handling components in module [conv_2d_cl_array_ap_fixed_1u_array_ap_fixed_8_2_5_3_0_2u_config2_s] ... 
Execute         source C:/Users/brand/Documents/engs192/zybo-edge-ai/hls/edge_cnn_minimal_hls/myproject_prj/solution1/.autopilot/db/conv_2d_cl_array_ap_fixed_1u_array_ap_fixed_8_2_5_3_0_2u_config2_s.compgen.tcl 
INFO-FLOW: Handling components in module [relu_array_ap_fixed_2u_array_ap_fixed_8_2_5_3_0_2u_relu_config3_s] ... 
Execute         source C:/Users/brand/Documents/engs192/zybo-edge-ai/hls/edge_cnn_minimal_hls/myproject_prj/solution1/.autopilot/db/relu_array_ap_fixed_2u_array_ap_fixed_8_2_5_3_0_2u_relu_config3_s.compgen.tcl 
INFO-FLOW: Found component myproject_flow_control_loop_pipe.
INFO-FLOW: Append model myproject_flow_control_loop_pipe
INFO-FLOW: Handling components in module [zeropad2d_cl_array_array_ap_fixed_8_2_5_3_0_2u_config6_Pipeline_PadTopWidth] ... 
Execute         source C:/Users/brand/Documents/engs192/zybo-edge-ai/hls/edge_cnn_minimal_hls/myproject_prj/solution1/.autopilot/db/zeropad2d_cl_array_array_ap_fixed_8_2_5_3_0_2u_config6_Pipeline_PadTopWidth.compgen.tcl 
INFO-FLOW: Found component myproject_flow_control_loop_pipe_sequential_init.
INFO-FLOW: Append model myproject_flow_control_loop_pipe_sequential_init
INFO-FLOW: Handling components in module [zeropad2d_cl_array_array_ap_fixed_8_2_5_3_0_2u_config6_Pipeline_CopyMain] ... 
Execute         source C:/Users/brand/Documents/engs192/zybo-edge-ai/hls/edge_cnn_minimal_hls/myproject_prj/solution1/.autopilot/db/zeropad2d_cl_array_array_ap_fixed_8_2_5_3_0_2u_config6_Pipeline_CopyMain.compgen.tcl 
INFO-FLOW: Found component myproject_flow_control_loop_pipe_sequential_init.
INFO-FLOW: Append model myproject_flow_control_loop_pipe_sequential_init
INFO-FLOW: Handling components in module [zeropad2d_cl_array_array_ap_fixed_2u_config6_Pipeline_PadBottomWidth] ... 
Execute         source C:/Users/brand/Documents/engs192/zybo-edge-ai/hls/edge_cnn_minimal_hls/myproject_prj/solution1/.autopilot/db/zeropad2d_cl_array_array_ap_fixed_2u_config6_Pipeline_PadBottomWidth.compgen.tcl 
INFO-FLOW: Found component myproject_flow_control_loop_pipe_sequential_init.
INFO-FLOW: Append model myproject_flow_control_loop_pipe_sequential_init
INFO-FLOW: Handling components in module [zeropad2d_cl_array_ap_fixed_2u_array_ap_fixed_8_2_5_3_0_2u_config6_s] ... 
Execute         source C:/Users/brand/Documents/engs192/zybo-edge-ai/hls/edge_cnn_minimal_hls/myproject_prj/solution1/.autopilot/db/zeropad2d_cl_array_ap_fixed_2u_array_ap_fixed_8_2_5_3_0_2u_config6_s.compgen.tcl 
INFO-FLOW: Handling components in module [shift_line_buffer_array_ap_fixed_8_2_5_3_0_2u_config4_s] ... 
Execute         source C:/Users/brand/Documents/engs192/zybo-edge-ai/hls/edge_cnn_minimal_hls/myproject_prj/solution1/.autopilot/db/shift_line_buffer_array_ap_fixed_8_2_5_3_0_2u_config4_s.compgen.tcl 
INFO-FLOW: Handling components in module [dense_resource_rf_leq_nin_ap_fixed_ap_fixed_8_2_5_3_0_config4_mult_s] ... 
Execute         source C:/Users/brand/Documents/engs192/zybo-edge-ai/hls/edge_cnn_minimal_hls/myproject_prj/solution1/.autopilot/db/dense_resource_rf_leq_nin_ap_fixed_ap_fixed_8_2_5_3_0_config4_mult_s.compgen.tcl 
INFO-FLOW: Found component myproject_mux_185_8_1_1.
INFO-FLOW: Append model myproject_mux_185_8_1_1
INFO-FLOW: Found component myproject_dense_resource_rf_leq_nin_ap_fixed_ap_fixed_8_2_5_3_0_config4_mult_s_w4_V_ROMjbC.
INFO-FLOW: Append model myproject_dense_resource_rf_leq_nin_ap_fixed_ap_fixed_8_2_5_3_0_config4_mult_s_w4_V_ROMjbC
INFO-FLOW: Found component myproject_flow_control_loop_pipe_no_ap_cont.
INFO-FLOW: Append model myproject_flow_control_loop_pipe_no_ap_cont
INFO-FLOW: Handling components in module [compute_output_buffer_2d_array_array_ap_fixed_8_2_5_3_0_1u_config4_s] ... 
Execute         source C:/Users/brand/Documents/engs192/zybo-edge-ai/hls/edge_cnn_minimal_hls/myproject_prj/solution1/.autopilot/db/compute_output_buffer_2d_array_array_ap_fixed_8_2_5_3_0_1u_config4_s.compgen.tcl 
INFO-FLOW: Handling components in module [conv_2d_cl_array_ap_fixed_2u_array_ap_fixed_8_2_5_3_0_1u_config4_s] ... 
Execute         source C:/Users/brand/Documents/engs192/zybo-edge-ai/hls/edge_cnn_minimal_hls/myproject_prj/solution1/.autopilot/db/conv_2d_cl_array_ap_fixed_2u_array_ap_fixed_8_2_5_3_0_1u_config4_s.compgen.tcl 
INFO-FLOW: Found component myproject_regslice_both.
INFO-FLOW: Append model myproject_regslice_both
INFO-FLOW: Handling components in module [myproject] ... 
Execute         source C:/Users/brand/Documents/engs192/zybo-edge-ai/hls/edge_cnn_minimal_hls/myproject_prj/solution1/.autopilot/db/myproject.compgen.tcl 
INFO-FLOW: Found component myproject_fifo_w8_d20172_A.
INFO-FLOW: Append model myproject_fifo_w8_d20172_A
INFO-FLOW: Found component myproject_fifo_w16_d19602_A.
INFO-FLOW: Append model myproject_fifo_w16_d19602_A
INFO-FLOW: Found component myproject_fifo_w16_d19602_A.
INFO-FLOW: Append model myproject_fifo_w16_d19602_A
INFO-FLOW: Found component myproject_fifo_w16_d20172_A.
INFO-FLOW: Append model myproject_fifo_w16_d20172_A
INFO-FLOW: Found component myproject_start_for_conv_2d_cl_array_ap_fixed_1u_array_ap_fixed_8_2_5_3_0_2u_config2_U0.
INFO-FLOW: Append model myproject_start_for_conv_2d_cl_array_ap_fixed_1u_array_ap_fixed_8_2_5_3_0_2u_config2_U0
INFO-FLOW: Found component myproject_start_for_relu_array_ap_fixed_2u_array_ap_fixed_8_2_5_3_0_2u_relu_config3_U0.
INFO-FLOW: Append model myproject_start_for_relu_array_ap_fixed_2u_array_ap_fixed_8_2_5_3_0_2u_relu_config3_U0
INFO-FLOW: Found component myproject_start_for_zeropad2d_cl_array_ap_fixed_2u_array_ap_fixed_8_2_5_3_0_2u_config6_U0.
INFO-FLOW: Append model myproject_start_for_zeropad2d_cl_array_ap_fixed_2u_array_ap_fixed_8_2_5_3_0_2u_config6_U0
INFO-FLOW: Found component myproject_start_for_conv_2d_cl_array_ap_fixed_2u_array_ap_fixed_8_2_5_3_0_1u_config4_U0.
INFO-FLOW: Append model myproject_start_for_conv_2d_cl_array_ap_fixed_2u_array_ap_fixed_8_2_5_3_0_1u_config4_U0
INFO-FLOW: Append model zeropad2d_cl_array_array_ap_fixed_8_2_5_3_0_1u_config5_Pipeline_PadTopWidth
INFO-FLOW: Append model zeropad2d_cl_array_array_ap_fixed_8_2_5_3_0_1u_config5_Pipeline_CopyMain
INFO-FLOW: Append model zeropad2d_cl_array_array_ap_fixed_1u_config5_Pipeline_PadBottomWidth
INFO-FLOW: Append model zeropad2d_cl_array_ap_fixed_1u_array_ap_fixed_8_2_5_3_0_1u_config5_s
INFO-FLOW: Append model shift_line_buffer_array_ap_fixed_8_2_5_3_0_1u_config2_s
INFO-FLOW: Append model dense_resource_rf_gt_nin_rem0_ap_fixed_ap_fixed_8_2_5_3_0_config2_mult_s
INFO-FLOW: Append model compute_output_buffer_2d_array_array_ap_fixed_8_2_5_3_0_2u_config2_s
INFO-FLOW: Append model conv_2d_cl_array_ap_fixed_1u_array_ap_fixed_8_2_5_3_0_2u_config2_s
INFO-FLOW: Append model relu_array_ap_fixed_2u_array_ap_fixed_8_2_5_3_0_2u_relu_config3_s
INFO-FLOW: Append model zeropad2d_cl_array_array_ap_fixed_8_2_5_3_0_2u_config6_Pipeline_PadTopWidth
INFO-FLOW: Append model zeropad2d_cl_array_array_ap_fixed_8_2_5_3_0_2u_config6_Pipeline_CopyMain
INFO-FLOW: Append model zeropad2d_cl_array_array_ap_fixed_2u_config6_Pipeline_PadBottomWidth
INFO-FLOW: Append model zeropad2d_cl_array_ap_fixed_2u_array_ap_fixed_8_2_5_3_0_2u_config6_s
INFO-FLOW: Append model shift_line_buffer_array_ap_fixed_8_2_5_3_0_2u_config4_s
INFO-FLOW: Append model dense_resource_rf_leq_nin_ap_fixed_ap_fixed_8_2_5_3_0_config4_mult_s
INFO-FLOW: Append model compute_output_buffer_2d_array_array_ap_fixed_8_2_5_3_0_1u_config4_s
INFO-FLOW: Append model conv_2d_cl_array_ap_fixed_2u_array_ap_fixed_8_2_5_3_0_1u_config4_s
INFO-FLOW: Append model myproject
INFO-FLOW: Generating RTL model list ...
INFO-FLOW: All models in this session: myproject_flow_control_loop_pipe_sequential_init myproject_flow_control_loop_pipe_sequential_init myproject_flow_control_loop_pipe_sequential_init myproject_regslice_both myproject_shift_line_buffer_array_ap_fixed_8_2_5_3_0_1u_config2_s_void_conv_2d_buffer_cbkb myproject_mux_932_8_1_1 myproject_mul_8s_7s_14_1_1 myproject_mux_21_8_1_1 myproject_dense_resource_rf_gt_nin_rem0_ap_fixed_ap_fixed_8_2_5_3_0_config2_mult_s_outidEe myproject_dense_resource_rf_gt_nin_rem0_ap_fixed_ap_fixed_8_2_5_3_0_config2_mult_s_w2_VeOg myproject_flow_control_loop_pipe_no_ap_cont myproject_flow_control_loop_pipe myproject_flow_control_loop_pipe_sequential_init myproject_flow_control_loop_pipe_sequential_init myproject_flow_control_loop_pipe_sequential_init myproject_mux_185_8_1_1 myproject_dense_resource_rf_leq_nin_ap_fixed_ap_fixed_8_2_5_3_0_config4_mult_s_w4_V_ROMjbC myproject_flow_control_loop_pipe_no_ap_cont myproject_regslice_both myproject_fifo_w8_d20172_A myproject_fifo_w16_d19602_A myproject_fifo_w16_d19602_A myproject_fifo_w16_d20172_A myproject_start_for_conv_2d_cl_array_ap_fixed_1u_array_ap_fixed_8_2_5_3_0_2u_config2_U0 myproject_start_for_relu_array_ap_fixed_2u_array_ap_fixed_8_2_5_3_0_2u_relu_config3_U0 myproject_start_for_zeropad2d_cl_array_ap_fixed_2u_array_ap_fixed_8_2_5_3_0_2u_config6_U0 myproject_start_for_conv_2d_cl_array_ap_fixed_2u_array_ap_fixed_8_2_5_3_0_1u_config4_U0 zeropad2d_cl_array_array_ap_fixed_8_2_5_3_0_1u_config5_Pipeline_PadTopWidth zeropad2d_cl_array_array_ap_fixed_8_2_5_3_0_1u_config5_Pipeline_CopyMain zeropad2d_cl_array_array_ap_fixed_1u_config5_Pipeline_PadBottomWidth zeropad2d_cl_array_ap_fixed_1u_array_ap_fixed_8_2_5_3_0_1u_config5_s shift_line_buffer_array_ap_fixed_8_2_5_3_0_1u_config2_s dense_resource_rf_gt_nin_rem0_ap_fixed_ap_fixed_8_2_5_3_0_config2_mult_s compute_output_buffer_2d_array_array_ap_fixed_8_2_5_3_0_2u_config2_s conv_2d_cl_array_ap_fixed_1u_array_ap_fixed_8_2_5_3_0_2u_config2_s relu_array_ap_fixed_2u_array_ap_fixed_8_2_5_3_0_2u_relu_config3_s zeropad2d_cl_array_array_ap_fixed_8_2_5_3_0_2u_config6_Pipeline_PadTopWidth zeropad2d_cl_array_array_ap_fixed_8_2_5_3_0_2u_config6_Pipeline_CopyMain zeropad2d_cl_array_array_ap_fixed_2u_config6_Pipeline_PadBottomWidth zeropad2d_cl_array_ap_fixed_2u_array_ap_fixed_8_2_5_3_0_2u_config6_s shift_line_buffer_array_ap_fixed_8_2_5_3_0_2u_config4_s dense_resource_rf_leq_nin_ap_fixed_ap_fixed_8_2_5_3_0_config4_mult_s compute_output_buffer_2d_array_array_ap_fixed_8_2_5_3_0_1u_config4_s conv_2d_cl_array_ap_fixed_2u_array_ap_fixed_8_2_5_3_0_1u_config4_s myproject
INFO-FLOW: Generating C:/Users/brand/Documents/engs192/zybo-edge-ai/hls/edge_cnn_minimal_hls/myproject_prj/solution1/.autopilot/db/autopilot.rtl.models.txt file...
INFO-FLOW: To file: write model myproject_flow_control_loop_pipe_sequential_init
INFO-FLOW: To file: write model myproject_flow_control_loop_pipe_sequential_init
INFO-FLOW: To file: write model myproject_flow_control_loop_pipe_sequential_init
INFO-FLOW: To file: write model myproject_regslice_both
INFO-FLOW: To file: write model myproject_shift_line_buffer_array_ap_fixed_8_2_5_3_0_1u_config2_s_void_conv_2d_buffer_cbkb
INFO-FLOW: To file: write model myproject_mux_932_8_1_1
INFO-FLOW: To file: write model myproject_mul_8s_7s_14_1_1
INFO-FLOW: To file: write model myproject_mux_21_8_1_1
INFO-FLOW: To file: write model myproject_dense_resource_rf_gt_nin_rem0_ap_fixed_ap_fixed_8_2_5_3_0_config2_mult_s_outidEe
INFO-FLOW: To file: write model myproject_dense_resource_rf_gt_nin_rem0_ap_fixed_ap_fixed_8_2_5_3_0_config2_mult_s_w2_VeOg
INFO-FLOW: To file: write model myproject_flow_control_loop_pipe_no_ap_cont
INFO-FLOW: To file: write model myproject_flow_control_loop_pipe
INFO-FLOW: To file: write model myproject_flow_control_loop_pipe_sequential_init
INFO-FLOW: To file: write model myproject_flow_control_loop_pipe_sequential_init
INFO-FLOW: To file: write model myproject_flow_control_loop_pipe_sequential_init
INFO-FLOW: To file: write model myproject_mux_185_8_1_1
INFO-FLOW: To file: write model myproject_dense_resource_rf_leq_nin_ap_fixed_ap_fixed_8_2_5_3_0_config4_mult_s_w4_V_ROMjbC
INFO-FLOW: To file: write model myproject_flow_control_loop_pipe_no_ap_cont
INFO-FLOW: To file: write model myproject_regslice_both
INFO-FLOW: To file: write model myproject_fifo_w8_d20172_A
INFO-FLOW: To file: write model myproject_fifo_w16_d19602_A
INFO-FLOW: To file: write model myproject_fifo_w16_d19602_A
INFO-FLOW: To file: write model myproject_fifo_w16_d20172_A
INFO-FLOW: To file: write model myproject_start_for_conv_2d_cl_array_ap_fixed_1u_array_ap_fixed_8_2_5_3_0_2u_config2_U0
INFO-FLOW: To file: write model myproject_start_for_relu_array_ap_fixed_2u_array_ap_fixed_8_2_5_3_0_2u_relu_config3_U0
INFO-FLOW: To file: write model myproject_start_for_zeropad2d_cl_array_ap_fixed_2u_array_ap_fixed_8_2_5_3_0_2u_config6_U0
INFO-FLOW: To file: write model myproject_start_for_conv_2d_cl_array_ap_fixed_2u_array_ap_fixed_8_2_5_3_0_1u_config4_U0
INFO-FLOW: To file: write model zeropad2d_cl_array_array_ap_fixed_8_2_5_3_0_1u_config5_Pipeline_PadTopWidth
INFO-FLOW: To file: write model zeropad2d_cl_array_array_ap_fixed_8_2_5_3_0_1u_config5_Pipeline_CopyMain
INFO-FLOW: To file: write model zeropad2d_cl_array_array_ap_fixed_1u_config5_Pipeline_PadBottomWidth
INFO-FLOW: To file: write model zeropad2d_cl_array_ap_fixed_1u_array_ap_fixed_8_2_5_3_0_1u_config5_s
INFO-FLOW: To file: write model shift_line_buffer_array_ap_fixed_8_2_5_3_0_1u_config2_s
INFO-FLOW: To file: write model dense_resource_rf_gt_nin_rem0_ap_fixed_ap_fixed_8_2_5_3_0_config2_mult_s
INFO-FLOW: To file: write model compute_output_buffer_2d_array_array_ap_fixed_8_2_5_3_0_2u_config2_s
INFO-FLOW: To file: write model conv_2d_cl_array_ap_fixed_1u_array_ap_fixed_8_2_5_3_0_2u_config2_s
INFO-FLOW: To file: write model relu_array_ap_fixed_2u_array_ap_fixed_8_2_5_3_0_2u_relu_config3_s
INFO-FLOW: To file: write model zeropad2d_cl_array_array_ap_fixed_8_2_5_3_0_2u_config6_Pipeline_PadTopWidth
INFO-FLOW: To file: write model zeropad2d_cl_array_array_ap_fixed_8_2_5_3_0_2u_config6_Pipeline_CopyMain
INFO-FLOW: To file: write model zeropad2d_cl_array_array_ap_fixed_2u_config6_Pipeline_PadBottomWidth
INFO-FLOW: To file: write model zeropad2d_cl_array_ap_fixed_2u_array_ap_fixed_8_2_5_3_0_2u_config6_s
INFO-FLOW: To file: write model shift_line_buffer_array_ap_fixed_8_2_5_3_0_2u_config4_s
INFO-FLOW: To file: write model dense_resource_rf_leq_nin_ap_fixed_ap_fixed_8_2_5_3_0_config4_mult_s
INFO-FLOW: To file: write model compute_output_buffer_2d_array_array_ap_fixed_8_2_5_3_0_1u_config4_s
INFO-FLOW: To file: write model conv_2d_cl_array_ap_fixed_2u_array_ap_fixed_8_2_5_3_0_1u_config4_s
INFO-FLOW: To file: write model myproject
INFO-FLOW: Generating C:/Users/brand/Documents/engs192/zybo-edge-ai/hls/edge_cnn_minimal_hls/myproject_prj/solution1/.autopilot/db/autopilot.rtl.models.tcl file...
INFO-FLOW: Finished generating RTL model list.


INFO-FLOW: RTL Generation done.
INFO-FLOW: CAS Generation done.
INFO-FLOW: CBC Generation done.
INFO-FLOW: DBG:PROC: ::AESL_AUTOMG::auto_generate_csynth_design
Execute         get_top 
Execute         get_config_export -ipname 
Execute         get_config_export -xo 
Execute         get_config_export -format 
Execute         get_config_rtl -module_auto_prefix 
INFO-FLOW: DBG:PUTS: read_platform_lib C:/Users/brand/Documents/engs192/zybo-edge-ai/hls/edge_cnn_minimal_hls/myproject_prj/solution1/.autopilot/db/global.setting.tcl
Execute         source C:/Xilinx/Vitis_HLS/2021.2/common/technology/generic/autopilot/common.gen 
Execute           source C:/Xilinx/Vitis_HLS/2021.2/common/technology/generic/autopilot/APCoreGen.gen 
Execute         source C:/Xilinx/Vitis_HLS/2021.2/common/technology/generic/autopilot/op.gen 
Execute         source C:/Xilinx/Vitis_HLS/2021.2/common/technology/generic/autopilot/op_simcore.gen 
Execute         source C:/Xilinx/Vitis_HLS/2021.2/common/technology/generic/autopilot/interface.gen 
Execute         source C:/Users/brand/Documents/engs192/zybo-edge-ai/hls/edge_cnn_minimal_hls/myproject_prj/solution1/.autopilot/db/global.setting.tcl 
Execute         source C:/Xilinx/Vitis_HLS/2021.2/common/technology/xilinx/common/xilinx.gen 
Execute           source C:/Xilinx/Vitis_HLS/2021.2/common/technology/xilinx/interface/plb46.gen 
Execute           source C:/Xilinx/Vitis_HLS/2021.2/common/technology/xilinx/interface/axi4.gen 
Execute           source C:/Xilinx/Vitis_HLS/2021.2/common/technology/xilinx/interface/nativeAXI4.gen 
Execute             source C:/Xilinx/Vitis_HLS/2021.2/common/technology/xilinx/interface/saxilite.gen 
Execute             source C:/Xilinx/Vitis_HLS/2021.2/common/technology/xilinx/interface/maxi.gen 
Execute           source C:/Xilinx/Vitis_HLS/2021.2/common/technology/xilinx/scripts/xilinxcoregen.gen 
Execute           source C:/Xilinx/Vitis_HLS/2021.2/common/technology/xilinx/interface/XilEDKCoreGen.gen 
Execute           source C:/Xilinx/Vitis_HLS/2021.2/common/technology/xilinx/ip/dds_compiler.gen 
Execute           source C:/Xilinx/Vitis_HLS/2021.2/common/technology/xilinx/ip/util.gen 
Execute           source C:/Xilinx/Vitis_HLS/2021.2/common/technology/xilinx/ip/xfft.gen 
Execute           source C:/Xilinx/Vitis_HLS/2021.2/common/technology/xilinx/ip/xfir.gen 
Execute           source C:/Xilinx/Vitis_HLS/2021.2/common/technology/xilinx/DSP48/dsp48.gen 
Command         ap_source done; 0.116 sec.
INFO-FLOW: DBG:PUTS:   using AESL_AUTOCG::g_clock_period=10.000 (was NA)
INFO-FLOW: DBG:PROC: ::AESL_AUTOMG::generate_ip_cores gen_sim_model='1' gen_fp_models='0' gen_for_export='0' dstSCDir='' dstVhdlDir='C:/Users/brand/Documents/engs192/zybo-edge-ai/hls/edge_cnn_minimal_hls/myproject_prj/solution1/.autopilot/db/vhdl' dstVlogDir='C:/Users/brand/Documents/engs192/zybo-edge-ai/hls/edge_cnn_minimal_hls/myproject_prj/solution1/.autopilot/db/vlog' tclDir='C:/Users/brand/Documents/engs192/zybo-edge-ai/hls/edge_cnn_minimal_hls/myproject_prj/solution1/.autopilot/db' modelList='myproject_flow_control_loop_pipe_sequential_init
myproject_flow_control_loop_pipe_sequential_init
myproject_flow_control_loop_pipe_sequential_init
myproject_regslice_both
myproject_shift_line_buffer_array_ap_fixed_8_2_5_3_0_1u_config2_s_void_conv_2d_buffer_cbkb
myproject_mux_932_8_1_1
myproject_mul_8s_7s_14_1_1
myproject_mux_21_8_1_1
myproject_dense_resource_rf_gt_nin_rem0_ap_fixed_ap_fixed_8_2_5_3_0_config2_mult_s_outidEe
myproject_dense_resource_rf_gt_nin_rem0_ap_fixed_ap_fixed_8_2_5_3_0_config2_mult_s_w2_VeOg
myproject_flow_control_loop_pipe_no_ap_cont
myproject_flow_control_loop_pipe
myproject_flow_control_loop_pipe_sequential_init
myproject_flow_control_loop_pipe_sequential_init
myproject_flow_control_loop_pipe_sequential_init
myproject_mux_185_8_1_1
myproject_dense_resource_rf_leq_nin_ap_fixed_ap_fixed_8_2_5_3_0_config4_mult_s_w4_V_ROMjbC
myproject_flow_control_loop_pipe_no_ap_cont
myproject_regslice_both
myproject_fifo_w8_d20172_A
myproject_fifo_w16_d19602_A
myproject_fifo_w16_d19602_A
myproject_fifo_w16_d20172_A
myproject_start_for_conv_2d_cl_array_ap_fixed_1u_array_ap_fixed_8_2_5_3_0_2u_config2_U0
myproject_start_for_relu_array_ap_fixed_2u_array_ap_fixed_8_2_5_3_0_2u_relu_config3_U0
myproject_start_for_zeropad2d_cl_array_ap_fixed_2u_array_ap_fixed_8_2_5_3_0_2u_config6_U0
myproject_start_for_conv_2d_cl_array_ap_fixed_2u_array_ap_fixed_8_2_5_3_0_1u_config4_U0
zeropad2d_cl_array_array_ap_fixed_8_2_5_3_0_1u_config5_Pipeline_PadTopWidth
zeropad2d_cl_array_array_ap_fixed_8_2_5_3_0_1u_config5_Pipeline_CopyMain
zeropad2d_cl_array_array_ap_fixed_1u_config5_Pipeline_PadBottomWidth
zeropad2d_cl_array_ap_fixed_1u_array_ap_fixed_8_2_5_3_0_1u_config5_s
shift_line_buffer_array_ap_fixed_8_2_5_3_0_1u_config2_s
dense_resource_rf_gt_nin_rem0_ap_fixed_ap_fixed_8_2_5_3_0_config2_mult_s
compute_output_buffer_2d_array_array_ap_fixed_8_2_5_3_0_2u_config2_s
conv_2d_cl_array_ap_fixed_1u_array_ap_fixed_8_2_5_3_0_2u_config2_s
relu_array_ap_fixed_2u_array_ap_fixed_8_2_5_3_0_2u_relu_config3_s
zeropad2d_cl_array_array_ap_fixed_8_2_5_3_0_2u_config6_Pipeline_PadTopWidth
zeropad2d_cl_array_array_ap_fixed_8_2_5_3_0_2u_config6_Pipeline_CopyMain
zeropad2d_cl_array_array_ap_fixed_2u_config6_Pipeline_PadBottomWidth
zeropad2d_cl_array_ap_fixed_2u_array_ap_fixed_8_2_5_3_0_2u_config6_s
shift_line_buffer_array_ap_fixed_8_2_5_3_0_2u_config4_s
dense_resource_rf_leq_nin_ap_fixed_ap_fixed_8_2_5_3_0_config4_mult_s
compute_output_buffer_2d_array_array_ap_fixed_8_2_5_3_0_1u_config4_s
conv_2d_cl_array_ap_fixed_2u_array_ap_fixed_8_2_5_3_0_1u_config4_s
myproject
' expOnly='0'
Execute         source C:/Users/brand/Documents/engs192/zybo-edge-ai/hls/edge_cnn_minimal_hls/myproject_prj/solution1/.autopilot/db/global.setting.tcl 
Execute         ap_part_info -name xc7z020-clg400-1 -data names -quiet 
Execute         ap_part_info -name xc7z020-clg400-1 -data info -quiet 
Execute         source C:/Users/brand/Documents/engs192/zybo-edge-ai/hls/edge_cnn_minimal_hls/myproject_prj/solution1/.autopilot/db/global.setting.tcl 
Execute         source C:/Users/brand/Documents/engs192/zybo-edge-ai/hls/edge_cnn_minimal_hls/myproject_prj/solution1/.autopilot/db/global.setting.tcl 
Execute         source C:/Users/brand/Documents/engs192/zybo-edge-ai/hls/edge_cnn_minimal_hls/myproject_prj/solution1/.autopilot/db/zeropad2d_cl_array_array_ap_fixed_8_2_5_3_0_1u_config5_Pipeline_PadTopWidth.compgen.tcl 
Execute         source C:/Users/brand/Documents/engs192/zybo-edge-ai/hls/edge_cnn_minimal_hls/myproject_prj/solution1/.autopilot/db/zeropad2d_cl_array_array_ap_fixed_8_2_5_3_0_1u_config5_Pipeline_CopyMain.compgen.tcl 
Execute         source C:/Users/brand/Documents/engs192/zybo-edge-ai/hls/edge_cnn_minimal_hls/myproject_prj/solution1/.autopilot/db/zeropad2d_cl_array_array_ap_fixed_1u_config5_Pipeline_PadBottomWidth.compgen.tcl 
Execute         source C:/Users/brand/Documents/engs192/zybo-edge-ai/hls/edge_cnn_minimal_hls/myproject_prj/solution1/.autopilot/db/zeropad2d_cl_array_ap_fixed_1u_array_ap_fixed_8_2_5_3_0_1u_config5_s.compgen.tcl 
Execute         source C:/Users/brand/Documents/engs192/zybo-edge-ai/hls/edge_cnn_minimal_hls/myproject_prj/solution1/.autopilot/db/shift_line_buffer_array_ap_fixed_8_2_5_3_0_1u_config2_s.compgen.tcl 
Execute         source C:/Users/brand/Documents/engs192/zybo-edge-ai/hls/edge_cnn_minimal_hls/myproject_prj/solution1/.autopilot/db/dense_resource_rf_gt_nin_rem0_ap_fixed_ap_fixed_8_2_5_3_0_config2_mult_s.compgen.tcl 
Execute           ap_part_info -name xc7z020-clg400-1 -data names -quiet 
Execute           ap_part_info -name xc7z020-clg400-1 -data info -quiet 
Execute           ap_part_info -name xc7z020-clg400-1 -data names -quiet 
Execute           ap_part_info -name xc7z020-clg400-1 -data info -quiet 
Execute           ap_part_info -name xc7z020-clg400-1 -data names -quiet 
Execute           ap_part_info -name xc7z020-clg400-1 -data info -quiet 
INFO: [RTMG 210-279] Implementing memory 'myproject_dense_resource_rf_gt_nin_rem0_ap_fixed_ap_fixed_8_2_5_3_0_config2_mult_s_outidEe' using auto ROMs.
Execute           ap_part_info -name xc7z020-clg400-1 -data names -quiet 
Execute           ap_part_info -name xc7z020-clg400-1 -data info -quiet 
Execute           ap_part_info -name xc7z020-clg400-1 -data names -quiet 
Execute           ap_part_info -name xc7z020-clg400-1 -data info -quiet 
Execute           ap_part_info -name xc7z020-clg400-1 -data names -quiet 
Execute           ap_part_info -name xc7z020-clg400-1 -data info -quiet 
INFO: [RTMG 210-279] Implementing memory 'myproject_dense_resource_rf_gt_nin_rem0_ap_fixed_ap_fixed_8_2_5_3_0_config2_mult_s_w2_VeOg' using block ROMs.
Execute           ap_part_info -name xc7z020-clg400-1 -data names -quiet 
Execute           ap_part_info -name xc7z020-clg400-1 -data info -quiet 
Execute           ap_part_info -name xc7z020-clg400-1 -data names -quiet 
Execute           ap_part_info -name xc7z020-clg400-1 -data info -quiet 
Command         ap_source done; 0.209 sec.
Execute         source C:/Users/brand/Documents/engs192/zybo-edge-ai/hls/edge_cnn_minimal_hls/myproject_prj/solution1/.autopilot/db/compute_output_buffer_2d_array_array_ap_fixed_8_2_5_3_0_2u_config2_s.compgen.tcl 
Execute         source C:/Users/brand/Documents/engs192/zybo-edge-ai/hls/edge_cnn_minimal_hls/myproject_prj/solution1/.autopilot/db/conv_2d_cl_array_ap_fixed_1u_array_ap_fixed_8_2_5_3_0_2u_config2_s.compgen.tcl 
Execute         source C:/Users/brand/Documents/engs192/zybo-edge-ai/hls/edge_cnn_minimal_hls/myproject_prj/solution1/.autopilot/db/relu_array_ap_fixed_2u_array_ap_fixed_8_2_5_3_0_2u_relu_config3_s.compgen.tcl 
Execute         source C:/Users/brand/Documents/engs192/zybo-edge-ai/hls/edge_cnn_minimal_hls/myproject_prj/solution1/.autopilot/db/zeropad2d_cl_array_array_ap_fixed_8_2_5_3_0_2u_config6_Pipeline_PadTopWidth.compgen.tcl 
Execute         source C:/Users/brand/Documents/engs192/zybo-edge-ai/hls/edge_cnn_minimal_hls/myproject_prj/solution1/.autopilot/db/zeropad2d_cl_array_array_ap_fixed_8_2_5_3_0_2u_config6_Pipeline_CopyMain.compgen.tcl 
Execute         source C:/Users/brand/Documents/engs192/zybo-edge-ai/hls/edge_cnn_minimal_hls/myproject_prj/solution1/.autopilot/db/zeropad2d_cl_array_array_ap_fixed_2u_config6_Pipeline_PadBottomWidth.compgen.tcl 
Execute         source C:/Users/brand/Documents/engs192/zybo-edge-ai/hls/edge_cnn_minimal_hls/myproject_prj/solution1/.autopilot/db/zeropad2d_cl_array_ap_fixed_2u_array_ap_fixed_8_2_5_3_0_2u_config6_s.compgen.tcl 
Execute         source C:/Users/brand/Documents/engs192/zybo-edge-ai/hls/edge_cnn_minimal_hls/myproject_prj/solution1/.autopilot/db/shift_line_buffer_array_ap_fixed_8_2_5_3_0_2u_config4_s.compgen.tcl 
Execute         source C:/Users/brand/Documents/engs192/zybo-edge-ai/hls/edge_cnn_minimal_hls/myproject_prj/solution1/.autopilot/db/dense_resource_rf_leq_nin_ap_fixed_ap_fixed_8_2_5_3_0_config4_mult_s.compgen.tcl 
Execute           ap_part_info -name xc7z020-clg400-1 -data names -quiet 
Execute           ap_part_info -name xc7z020-clg400-1 -data info -quiet 
Execute           ap_part_info -name xc7z020-clg400-1 -data names -quiet 
Execute           ap_part_info -name xc7z020-clg400-1 -data info -quiet 
INFO: [RTMG 210-279] Implementing memory 'myproject_dense_resource_rf_leq_nin_ap_fixed_ap_fixed_8_2_5_3_0_config4_mult_s_w4_V_ROMjbC' using block ROMs.
Execute           ap_part_info -name xc7z020-clg400-1 -data names -quiet 
Execute           ap_part_info -name xc7z020-clg400-1 -data info -quiet 
Execute           ap_part_info -name xc7z020-clg400-1 -data names -quiet 
Execute           ap_part_info -name xc7z020-clg400-1 -data info -quiet 
Command         ap_source done; 0.184 sec.
Execute         source C:/Users/brand/Documents/engs192/zybo-edge-ai/hls/edge_cnn_minimal_hls/myproject_prj/solution1/.autopilot/db/compute_output_buffer_2d_array_array_ap_fixed_8_2_5_3_0_1u_config4_s.compgen.tcl 
Execute         source C:/Users/brand/Documents/engs192/zybo-edge-ai/hls/edge_cnn_minimal_hls/myproject_prj/solution1/.autopilot/db/conv_2d_cl_array_ap_fixed_2u_array_ap_fixed_8_2_5_3_0_1u_config4_s.compgen.tcl 
Execute         source C:/Users/brand/Documents/engs192/zybo-edge-ai/hls/edge_cnn_minimal_hls/myproject_prj/solution1/.autopilot/db/myproject.compgen.tcl 
Execute           ap_part_info -name xc7z020-clg400-1 -data names -quiet 
Execute           ap_part_info -name xc7z020-clg400-1 -data info -quiet 
INFO: [RTMG 210-285] Implementing FIFO 'layer5_out_U(myproject_fifo_w8_d20172_A)' using Vivado Default RAMs.
Execute           ap_part_info -name xc7z020-clg400-1 -data names -quiet 
Execute           ap_part_info -name xc7z020-clg400-1 -data info -quiet 
INFO: [RTMG 210-285] Implementing FIFO 'layer2_out_U(myproject_fifo_w16_d19602_A)' using Vivado Default RAMs.
Execute           ap_part_info -name xc7z020-clg400-1 -data names -quiet 
Execute           ap_part_info -name xc7z020-clg400-1 -data info -quiet 
INFO: [RTMG 210-285] Implementing FIFO 'layer3_out_U(myproject_fifo_w16_d19602_A)' using Vivado Default RAMs.
Execute           ap_part_info -name xc7z020-clg400-1 -data names -quiet 
Execute           ap_part_info -name xc7z020-clg400-1 -data info -quiet 
INFO: [RTMG 210-285] Implementing FIFO 'layer6_out_U(myproject_fifo_w16_d20172_A)' using Vivado Default RAMs.
Execute           ap_part_info -name xc7z020-clg400-1 -data names -quiet 
Execute           ap_part_info -name xc7z020-clg400-1 -data info -quiet 
INFO: [RTMG 210-285] Implementing FIFO 'start_for_conv_2d_cl_array_ap_fixed_1u_array_ap_fixed_8_2_5_3_0_2u_config2_U0_U(myproject_start_for_conv_2d_cl_array_ap_fixed_1u_array_ap_fixed_8_2_5_3_0_2u_config2_U0)' using Shift Registers.
Execute           ap_part_info -name xc7z020-clg400-1 -data names -quiet 
Execute           ap_part_info -name xc7z020-clg400-1 -data info -quiet 
INFO: [RTMG 210-285] Implementing FIFO 'start_for_relu_array_ap_fixed_2u_array_ap_fixed_8_2_5_3_0_2u_relu_config3_U0_U(myproject_start_for_relu_array_ap_fixed_2u_array_ap_fixed_8_2_5_3_0_2u_relu_config3_U0)' using Shift Registers.
Execute           ap_part_info -name xc7z020-clg400-1 -data names -quiet 
Execute           ap_part_info -name xc7z020-clg400-1 -data info -quiet 
INFO: [RTMG 210-285] Implementing FIFO 'start_for_zeropad2d_cl_array_ap_fixed_2u_array_ap_fixed_8_2_5_3_0_2u_config6_U0_U(myproject_start_for_zeropad2d_cl_array_ap_fixed_2u_array_ap_fixed_8_2_5_3_0_2u_config6_U0)' using Shift Registers.
Execute           ap_part_info -name xc7z020-clg400-1 -data names -quiet 
Execute           ap_part_info -name xc7z020-clg400-1 -data info -quiet 
INFO: [RTMG 210-285] Implementing FIFO 'start_for_conv_2d_cl_array_ap_fixed_2u_array_ap_fixed_8_2_5_3_0_1u_config4_U0_U(myproject_start_for_conv_2d_cl_array_ap_fixed_2u_array_ap_fixed_8_2_5_3_0_1u_config4_U0)' using Shift Registers.
Command         ap_source done; 0.541 sec.
INFO: [HLS 200-111] Finished Generating all RTL models: CPU user time: 2 seconds. CPU system time: 1 seconds. Elapsed time: 2.822 seconds; current allocated memory: 1.163 GB.
INFO-FLOW: DBG:PROC: ::AP::create_csynth_xml bind_adapter_nodes_var='bind_adapter_nodes' bind_report_dict_var='bind_report_dict' outfile=''
INFO-FLOW: Running: create_csynth_xml read xml data
INFO-FLOW: Done: create_csynth_xml read xml data time: 0 seconds per iteration
INFO-FLOW: Running: create_csynth_xml bind info
INFO-FLOW: Done: create_csynth_xml bind info time: 0 seconds per iteration
INFO-FLOW: Running: create_csynth_xml config info
Execute         get_config_op mul -impl 
Execute         get_config_op mul -latency 
Execute         get_config_op mul -precision 
Execute         get_config_op add -impl 
Execute         get_config_op add -latency 
Execute         get_config_op add -precision 
Execute         get_config_op sub -impl 
Execute         get_config_op sub -latency 
Execute         get_config_op sub -precision 
Execute         get_config_op fadd -impl 
Execute         get_config_op fadd -latency 
Execute         get_config_op fadd -precision 
Execute         get_config_op fsub -impl 
Execute         get_config_op fsub -latency 
Execute         get_config_op fsub -precision 
Execute         get_config_op fdiv -impl 
Execute         get_config_op fdiv -latency 
Execute         get_config_op fdiv -precision 
Execute         get_config_op fexp -impl 
Execute         get_config_op fexp -latency 
Execute         get_config_op fexp -precision 
Execute         get_config_op flog -impl 
Execute         get_config_op flog -latency 
Execute         get_config_op flog -precision 
Execute         get_config_op fmul -impl 
Execute         get_config_op fmul -latency 
Execute         get_config_op fmul -precision 
Execute         get_config_op frsqrt -impl 
Execute         get_config_op frsqrt -latency 
Execute         get_config_op frsqrt -precision 
Execute         get_config_op frecip -impl 
Execute         get_config_op frecip -latency 
Execute         get_config_op frecip -precision 
Execute         get_config_op fsqrt -impl 
Execute         get_config_op fsqrt -latency 
Execute         get_config_op fsqrt -precision 
Execute         get_config_op dadd -impl 
Execute         get_config_op dadd -latency 
Execute         get_config_op dadd -precision 
Execute         get_config_op dsub -impl 
Execute         get_config_op dsub -latency 
Execute         get_config_op dsub -precision 
Execute         get_config_op ddiv -impl 
Execute         get_config_op ddiv -latency 
Execute         get_config_op ddiv -precision 
Execute         get_config_op dexp -impl 
Execute         get_config_op dexp -latency 
Execute         get_config_op dexp -precision 
Execute         get_config_op dlog -impl 
Execute         get_config_op dlog -latency 
Execute         get_config_op dlog -precision 
Execute         get_config_op dmul -impl 
Execute         get_config_op dmul -latency 
Execute         get_config_op dmul -precision 
Execute         get_config_op drsqrt -impl 
Execute         get_config_op drsqrt -latency 
Execute         get_config_op drsqrt -precision 
Execute         get_config_op drecip -impl 
Execute         get_config_op drecip -latency 
Execute         get_config_op drecip -precision 
Execute         get_config_op dsqrt -impl 
Execute         get_config_op dsqrt -latency 
Execute         get_config_op dsqrt -precision 
Execute         get_config_op hadd -impl 
Execute         get_config_op hadd -latency 
Execute         get_config_op hadd -precision 
Execute         get_config_op hsub -impl 
Execute         get_config_op hsub -latency 
Execute         get_config_op hsub -precision 
Execute         get_config_op hdiv -impl 
Execute         get_config_op hdiv -latency 
Execute         get_config_op hdiv -precision 
Execute         get_config_op hmul -impl 
Execute         get_config_op hmul -latency 
Execute         get_config_op hmul -precision 
Execute         get_config_op hsqrt -impl 
Execute         get_config_op hsqrt -latency 
Execute         get_config_op hsqrt -precision 
Execute         get_config_op facc -impl 
Execute         get_config_op facc -latency 
Execute         get_config_op facc -precision 
Execute         get_config_op fmacc -impl 
Execute         get_config_op fmacc -latency 
Execute         get_config_op fmacc -precision 
Execute         get_config_op fmadd -impl 
Execute         get_config_op fmadd -latency 
Execute         get_config_op fmadd -precision 
Execute         get_config_storage fifo -auto_srl_max_bits 
Execute         get_config_storage fifo -auto_srl_max_depth 
Execute         get_config_storage fifo -impl 
Execute         get_solution -flow_target 
Execute         get_config_array_partition -complete_threshold 
Execute         get_config_array_partition -throughput_driven 
Execute         get_config_compile -enable_auto_rewind 
Execute         get_config_compile -name_max_length 
Execute         get_config_compile -no_signed_zeros 
Execute         get_config_compile -pipeline_loops 
Execute         get_config_compile -pipeline_style 
Execute         get_config_compile -pragma_strict_mode 
Execute         get_config_compile -pre_tcl 
Execute         get_config_compile -unsafe_math_optimizations 
Execute         get_config_dataflow -default_channel 
Execute         get_config_dataflow -disable_fifo_sizing_opt 
Execute         get_config_dataflow -fifo_depth 
Execute         get_config_dataflow -override_user_fifo_depth 
Execute         get_config_dataflow -scalar_fifo_depth 
Execute         get_config_dataflow -start_fifo_depth 
Execute         get_config_dataflow -strict_mode 
Execute         get_config_dataflow -strict_stable_sync 
Execute         get_config_dataflow -task_level_fifo_depth 
Execute         get_config_debug -directory 
Execute         get_config_debug -enable 
Execute         get_config_export -deadlock_detection 
Execute         get_config_export -description 
Execute         get_config_export -display_name 
Execute         get_config_export -format 
Execute         get_config_export -ip_xdc_file 
Execute         get_config_export -ip_xdc_ooc_file 
Execute         get_config_export -ipname 
Execute         get_config_export -library 
Execute         get_config_export -output 
Execute         get_config_export -rtl 
Execute         get_config_export -taxonomy 
Execute         get_config_export -vendor 
Execute         get_config_export -version 
Execute         get_config_export -vivado_clock 
Execute         get_config_export -vivado_impl_strategy 
Execute         get_config_export -vivado_max_timing_paths 
Execute         get_config_export -vivado_optimization_level 
Execute         get_config_export -vivado_pblock 
Execute         get_config_export -vivado_phys_opt 
Execute         get_config_export -vivado_report_level 
Execute         get_config_export -vivado_synth_design_args 
Execute         get_config_export -vivado_synth_strategy 
Execute         get_config_interface -clock_enable 
Execute         get_config_interface -default_slave_interface 
Execute         get_config_interface -m_axi_addr64 
Execute         get_config_interface -m_axi_alignment_byte_size 
Execute         get_config_interface -m_axi_auto_max_ports 
Execute         get_config_interface -m_axi_buffer_impl 
Execute         get_config_interface -m_axi_conservative_mode 
Execute         get_config_interface -m_axi_flush_mode 
Execute         get_config_interface -m_axi_latency 
Execute         get_config_interface -m_axi_max_bitwidth 
Execute         get_config_interface -m_axi_max_read_burst_length 
Execute         get_config_interface -m_axi_max_widen_bitwidth 
Execute         get_config_interface -m_axi_max_write_burst_length 
Execute         get_config_interface -m_axi_min_bitwidth 
Execute         get_config_interface -m_axi_num_read_outstanding 
Execute         get_config_interface -m_axi_num_write_outstanding 
Execute         get_config_interface -m_axi_offset 
Execute         get_config_interface -register_io 
Execute         get_config_interface -s_axilite_data64 
Execute         get_config_interface -s_axilite_mailbox 
Execute         get_config_interface -s_axilite_status_regs 
Execute         get_config_interface -s_axilite_sw_reset 
Execute         get_config_rtl -header 
Execute         get_config_rtl -kernel_profile 
Execute         get_config_rtl -module_auto_prefix 
Execute         get_config_rtl -module_prefix 
Execute         get_config_rtl -mult_keep_attribute 
Execute         get_config_rtl -register_all_io 
Execute         get_config_rtl -register_reset_num 
Execute         get_config_rtl -reset 
Execute         get_config_rtl -reset_async 
Execute         get_config_rtl -reset_level 
Execute         get_config_schedule -enable_dsp_full_reg 
Execute         get_config_unroll -tripcount_threshold 
INFO-FLOW: Done: create_csynth_xml config info time: 0.2 seconds per iteration
INFO-FLOW: Running: create_csynth_xml write xml
INFO-FLOW: Done: create_csynth_xml write xml time: 0 seconds per iteration
INFO-FLOW: DBG:PUTS:       create_csynth_xml wrote csynth_xml=C:/Users/brand/Documents/engs192/zybo-edge-ai/hls/edge_cnn_minimal_hls/myproject_prj/solution1/syn/report/csynth.xml
INFO-FLOW: DBG:PROC: ::AP::DESIGN_DATA::generate_json generate_bd_files='0' generate_xo_files='0' modelList='myproject_flow_control_loop_pipe_sequential_init
myproject_flow_control_loop_pipe_sequential_init
myproject_flow_control_loop_pipe_sequential_init
myproject_regslice_both
myproject_shift_line_buffer_array_ap_fixed_8_2_5_3_0_1u_config2_s_void_conv_2d_buffer_cbkb
myproject_mux_932_8_1_1
myproject_mul_8s_7s_14_1_1
myproject_mux_21_8_1_1
myproject_dense_resource_rf_gt_nin_rem0_ap_fixed_ap_fixed_8_2_5_3_0_config2_mult_s_outidEe
myproject_dense_resource_rf_gt_nin_rem0_ap_fixed_ap_fixed_8_2_5_3_0_config2_mult_s_w2_VeOg
myproject_flow_control_loop_pipe_no_ap_cont
myproject_flow_control_loop_pipe
myproject_flow_control_loop_pipe_sequential_init
myproject_flow_control_loop_pipe_sequential_init
myproject_flow_control_loop_pipe_sequential_init
myproject_mux_185_8_1_1
myproject_dense_resource_rf_leq_nin_ap_fixed_ap_fixed_8_2_5_3_0_config4_mult_s_w4_V_ROMjbC
myproject_flow_control_loop_pipe_no_ap_cont
myproject_regslice_both
myproject_fifo_w8_d20172_A
myproject_fifo_w16_d19602_A
myproject_fifo_w16_d19602_A
myproject_fifo_w16_d20172_A
myproject_start_for_conv_2d_cl_array_ap_fixed_1u_array_ap_fixed_8_2_5_3_0_2u_config2_U0
myproject_start_for_relu_array_ap_fixed_2u_array_ap_fixed_8_2_5_3_0_2u_relu_config3_U0
myproject_start_for_zeropad2d_cl_array_ap_fixed_2u_array_ap_fixed_8_2_5_3_0_2u_config6_U0
myproject_start_for_conv_2d_cl_array_ap_fixed_2u_array_ap_fixed_8_2_5_3_0_1u_config4_U0
zeropad2d_cl_array_array_ap_fixed_8_2_5_3_0_1u_config5_Pipeline_PadTopWidth
zeropad2d_cl_array_array_ap_fixed_8_2_5_3_0_1u_config5_Pipeline_CopyMain
zeropad2d_cl_array_array_ap_fixed_1u_config5_Pipeline_PadBottomWidth
zeropad2d_cl_array_ap_fixed_1u_array_ap_fixed_8_2_5_3_0_1u_config5_s
shift_line_buffer_array_ap_fixed_8_2_5_3_0_1u_config2_s
dense_resource_rf_gt_nin_rem0_ap_fixed_ap_fixed_8_2_5_3_0_config2_mult_s
compute_output_buffer_2d_array_array_ap_fixed_8_2_5_3_0_2u_config2_s
conv_2d_cl_array_ap_fixed_1u_array_ap_fixed_8_2_5_3_0_2u_config2_s
relu_array_ap_fixed_2u_array_ap_fixed_8_2_5_3_0_2u_relu_config3_s
zeropad2d_cl_array_array_ap_fixed_8_2_5_3_0_2u_config6_Pipeline_PadTopWidth
zeropad2d_cl_array_array_ap_fixed_8_2_5_3_0_2u_config6_Pipeline_CopyMain
zeropad2d_cl_array_array_ap_fixed_2u_config6_Pipeline_PadBottomWidth
zeropad2d_cl_array_ap_fixed_2u_array_ap_fixed_8_2_5_3_0_2u_config6_s
shift_line_buffer_array_ap_fixed_8_2_5_3_0_2u_config4_s
dense_resource_rf_leq_nin_ap_fixed_ap_fixed_8_2_5_3_0_config4_mult_s
compute_output_buffer_2d_array_array_ap_fixed_8_2_5_3_0_1u_config4_s
conv_2d_cl_array_ap_fixed_2u_array_ap_fixed_8_2_5_3_0_1u_config4_s
myproject
' rtl_lang='both' bootstrap_tcl='false' outdir='' outfilename=''
Execute         source C:/Users/brand/Documents/engs192/zybo-edge-ai/hls/edge_cnn_minimal_hls/myproject_prj/solution1/.autopilot/db/global.setting.tcl 
Execute         source C:/Users/brand/Documents/engs192/zybo-edge-ai/hls/edge_cnn_minimal_hls/myproject_prj/solution1/.autopilot/db/global.setting.tcl 
Execute         get_solution -flow_target 
Execute         get_config_export -xo 
Execute         get_config_export -format 
Execute         source C:/Users/brand/Documents/engs192/zybo-edge-ai/hls/edge_cnn_minimal_hls/myproject_prj/solution1/.autopilot/db/top-io-be.tcl 
Execute         source C:/Users/brand/Documents/engs192/zybo-edge-ai/hls/edge_cnn_minimal_hls/myproject_prj/solution1/.autopilot/db/myproject.tbgen.tcl 
Execute         source C:/Users/brand/Documents/engs192/zybo-edge-ai/hls/edge_cnn_minimal_hls/myproject_prj/solution1/.autopilot/db/myproject.rtl_wrap.cfg.tcl 
Execute         source C:/Users/brand/Documents/engs192/zybo-edge-ai/hls/edge_cnn_minimal_hls/myproject_prj/solution1/.autopilot/db/myproject.compgen.dataonly.tcl 
Execute         get_config_export -format 
Execute         ap_part_info -name xc7z020-clg400-1 -data names -quiet 
Execute         ap_part_info -name xc7z020-clg400-1 -data info -quiet 
Execute         source C:/Users/brand/Documents/engs192/zybo-edge-ai/hls/edge_cnn_minimal_hls/myproject_prj/solution1/.autopilot/db/zeropad2d_cl_array_array_ap_fixed_8_2_5_3_0_1u_config5_Pipeline_PadTopWidth.tbgen.tcl 
Execute         source C:/Users/brand/Documents/engs192/zybo-edge-ai/hls/edge_cnn_minimal_hls/myproject_prj/solution1/.autopilot/db/zeropad2d_cl_array_array_ap_fixed_8_2_5_3_0_1u_config5_Pipeline_CopyMain.tbgen.tcl 
Execute         source C:/Users/brand/Documents/engs192/zybo-edge-ai/hls/edge_cnn_minimal_hls/myproject_prj/solution1/.autopilot/db/zeropad2d_cl_array_array_ap_fixed_1u_config5_Pipeline_PadBottomWidth.tbgen.tcl 
Execute         source C:/Users/brand/Documents/engs192/zybo-edge-ai/hls/edge_cnn_minimal_hls/myproject_prj/solution1/.autopilot/db/zeropad2d_cl_array_ap_fixed_1u_array_ap_fixed_8_2_5_3_0_1u_config5_s.tbgen.tcl 
Execute         source C:/Users/brand/Documents/engs192/zybo-edge-ai/hls/edge_cnn_minimal_hls/myproject_prj/solution1/.autopilot/db/shift_line_buffer_array_ap_fixed_8_2_5_3_0_1u_config2_s.tbgen.tcl 
Execute         source C:/Users/brand/Documents/engs192/zybo-edge-ai/hls/edge_cnn_minimal_hls/myproject_prj/solution1/.autopilot/db/dense_resource_rf_gt_nin_rem0_ap_fixed_ap_fixed_8_2_5_3_0_config2_mult_s.tbgen.tcl 
Execute         source C:/Users/brand/Documents/engs192/zybo-edge-ai/hls/edge_cnn_minimal_hls/myproject_prj/solution1/.autopilot/db/compute_output_buffer_2d_array_array_ap_fixed_8_2_5_3_0_2u_config2_s.tbgen.tcl 
Execute         source C:/Users/brand/Documents/engs192/zybo-edge-ai/hls/edge_cnn_minimal_hls/myproject_prj/solution1/.autopilot/db/conv_2d_cl_array_ap_fixed_1u_array_ap_fixed_8_2_5_3_0_2u_config2_s.tbgen.tcl 
Execute         source C:/Users/brand/Documents/engs192/zybo-edge-ai/hls/edge_cnn_minimal_hls/myproject_prj/solution1/.autopilot/db/relu_array_ap_fixed_2u_array_ap_fixed_8_2_5_3_0_2u_relu_config3_s.tbgen.tcl 
Execute         source C:/Users/brand/Documents/engs192/zybo-edge-ai/hls/edge_cnn_minimal_hls/myproject_prj/solution1/.autopilot/db/zeropad2d_cl_array_array_ap_fixed_8_2_5_3_0_2u_config6_Pipeline_PadTopWidth.tbgen.tcl 
Execute         source C:/Users/brand/Documents/engs192/zybo-edge-ai/hls/edge_cnn_minimal_hls/myproject_prj/solution1/.autopilot/db/zeropad2d_cl_array_array_ap_fixed_8_2_5_3_0_2u_config6_Pipeline_CopyMain.tbgen.tcl 
Execute         source C:/Users/brand/Documents/engs192/zybo-edge-ai/hls/edge_cnn_minimal_hls/myproject_prj/solution1/.autopilot/db/zeropad2d_cl_array_array_ap_fixed_2u_config6_Pipeline_PadBottomWidth.tbgen.tcl 
Execute         source C:/Users/brand/Documents/engs192/zybo-edge-ai/hls/edge_cnn_minimal_hls/myproject_prj/solution1/.autopilot/db/zeropad2d_cl_array_ap_fixed_2u_array_ap_fixed_8_2_5_3_0_2u_config6_s.tbgen.tcl 
Execute         source C:/Users/brand/Documents/engs192/zybo-edge-ai/hls/edge_cnn_minimal_hls/myproject_prj/solution1/.autopilot/db/shift_line_buffer_array_ap_fixed_8_2_5_3_0_2u_config4_s.tbgen.tcl 
Execute         source C:/Users/brand/Documents/engs192/zybo-edge-ai/hls/edge_cnn_minimal_hls/myproject_prj/solution1/.autopilot/db/dense_resource_rf_leq_nin_ap_fixed_ap_fixed_8_2_5_3_0_config4_mult_s.tbgen.tcl 
Execute         source C:/Users/brand/Documents/engs192/zybo-edge-ai/hls/edge_cnn_minimal_hls/myproject_prj/solution1/.autopilot/db/compute_output_buffer_2d_array_array_ap_fixed_8_2_5_3_0_1u_config4_s.tbgen.tcl 
Execute         source C:/Users/brand/Documents/engs192/zybo-edge-ai/hls/edge_cnn_minimal_hls/myproject_prj/solution1/.autopilot/db/conv_2d_cl_array_ap_fixed_2u_array_ap_fixed_8_2_5_3_0_1u_config4_s.tbgen.tcl 
Execute         source C:/Users/brand/Documents/engs192/zybo-edge-ai/hls/edge_cnn_minimal_hls/myproject_prj/solution1/.autopilot/db/myproject.tbgen.tcl 
Execute         source C:/Users/brand/Documents/engs192/zybo-edge-ai/hls/edge_cnn_minimal_hls/myproject_prj/solution1/.autopilot/db/global.setting.tcl 
Execute         ap_part_info -name xc7z020-clg400-1 -data names -quiet 
Execute         ap_part_info -name xc7z020-clg400-1 -data info -quiet 
Execute         get_solution -flow_target 
Execute         get_config_rtl -kernel_profile 
Execute         get_config_rtl -kernel_profile 
Execute         get_config_rtl -stall_sig_gen 
Execute         get_config_rtl -profile 
Execute         source C:/Users/brand/Documents/engs192/zybo-edge-ai/hls/edge_cnn_minimal_hls/myproject_prj/solution1/.autopilot/db/myproject.constraint.tcl 
Execute         sc_get_clocks myproject 
Execute         source C:/Users/brand/Documents/engs192/zybo-edge-ai/hls/edge_cnn_minimal_hls/myproject_prj/solution1/.autopilot/db/global.setting.tcl 
Execute         get_config_export -ip_xdc_file 
Execute         get_config_export -ip_xdc_ooc_file 
Execute         get_config_debug -directory 
INFO-FLOW: DBG:PROC: ::AP::add_csynth_report_sections bind_adapter_nodes='' bind_report_dict='TOP myproject DATA {myproject {DEPTH 1 CHILDREN {zeropad2d_cl_array_ap_fixed_1u_array_ap_fixed_8_2_5_3_0_1u_config5_s conv_2d_cl_array_ap_fixed_1u_array_ap_fixed_8_2_5_3_0_2u_config2_s relu_array_ap_fixed_2u_array_ap_fixed_8_2_5_3_0_2u_relu_config3_s zeropad2d_cl_array_ap_fixed_2u_array_ap_fixed_8_2_5_3_0_2u_config6_s conv_2d_cl_array_ap_fixed_2u_array_ap_fixed_8_2_5_3_0_1u_config4_s} BINDINFO {{BINDTYPE storage ID {} IMPL memory LATENCY 0 OPTYPE fifo PRAGMA {} RTLNAME layer5_out_U SOURCE {} VARIABLE layer5_out LOOP {} BUNDLEDNAME {} DSP 0 BRAM 16 URAM 0 DISPNAME {bind_storage fifo}} {BINDTYPE storage ID {} IMPL memory LATENCY 0 OPTYPE fifo PRAGMA {} RTLNAME layer2_out_U SOURCE {} VARIABLE layer2_out LOOP {} BUNDLEDNAME {} DSP 0 BRAM 32 URAM 0 DISPNAME {bind_storage fifo}} {BINDTYPE storage ID {} IMPL memory LATENCY 0 OPTYPE fifo PRAGMA {} RTLNAME layer3_out_U SOURCE {} VARIABLE layer3_out LOOP {} BUNDLEDNAME {} DSP 0 BRAM 32 URAM 0 DISPNAME {bind_storage fifo}} {BINDTYPE storage ID {} IMPL memory LATENCY 0 OPTYPE fifo PRAGMA {} RTLNAME layer6_out_U SOURCE {} VARIABLE layer6_out LOOP {} BUNDLEDNAME {} DSP 0 BRAM 32 URAM 0 DISPNAME {bind_storage fifo}}} AREA {DSP 0 BRAM 114 URAM 0}} zeropad2d_cl_array_ap_fixed_1u_array_ap_fixed_8_2_5_3_0_1u_config5_s {DEPTH 2 CHILDREN {zeropad2d_cl_array_array_ap_fixed_8_2_5_3_0_1u_config5_Pipeline_PadTopWidth zeropad2d_cl_array_array_ap_fixed_1u_config5_Pipeline_PadBottomWidth zeropad2d_cl_array_array_ap_fixed_8_2_5_3_0_1u_config5_Pipeline_CopyMain} BINDINFO {{BINDTYPE op ID {} IMPL fabric LATENCY 0 OPTYPE add PRAGMA {} RTLNAME add_ln59_fu_90_p2 SOURCE firmware/nnet_utils/nnet_padding_stream.h:59 VARIABLE add_ln59 LOOP PadMain BUNDLEDNAME {} DSP 0 BRAM 0 URAM 0 DISPNAME {bind_op add}}} AREA {DSP 0 BRAM 0 URAM 0}} zeropad2d_cl_array_array_ap_fixed_8_2_5_3_0_1u_config5_Pipeline_PadTopWidth {DEPTH 3 CHILDREN {} BINDINFO {{BINDTYPE op ID {} IMPL fabric LATENCY 0 OPTYPE add PRAGMA {} RTLNAME j_6_fu_60_p2 SOURCE firmware/nnet_utils/nnet_padding_stream.h:53 VARIABLE j_6 LOOP PadTopWidth BUNDLEDNAME {} DSP 0 BRAM 0 URAM 0 DISPNAME {bind_op add}}} AREA {DSP 0 BRAM 0 URAM 0}} zeropad2d_cl_array_array_ap_fixed_1u_config5_Pipeline_PadBottomWidth {DEPTH 3 CHILDREN {} BINDINFO {{BINDTYPE op ID {} IMPL fabric LATENCY 0 OPTYPE add PRAGMA {} RTLNAME j_10_fu_60_p2 SOURCE firmware/nnet_utils/nnet_padding_stream.h:77 VARIABLE j_10 LOOP PadBottomWidth BUNDLEDNAME {} DSP 0 BRAM 0 URAM 0 DISPNAME {bind_op add}}} AREA {DSP 0 BRAM 0 URAM 0}} zeropad2d_cl_array_array_ap_fixed_8_2_5_3_0_1u_config5_Pipeline_CopyMain {DEPTH 3 CHILDREN {} BINDINFO {{BINDTYPE op ID {} IMPL fabric LATENCY 0 OPTYPE add PRAGMA {} RTLNAME j_8_fu_75_p2 SOURCE firmware/nnet_utils/nnet_padding_stream.h:65 VARIABLE j_8 LOOP CopyMain BUNDLEDNAME {} DSP 0 BRAM 0 URAM 0 DISPNAME {bind_op add}}} AREA {DSP 0 BRAM 0 URAM 0}} conv_2d_cl_array_ap_fixed_1u_array_ap_fixed_8_2_5_3_0_2u_config2_s {DEPTH 2 CHILDREN compute_output_buffer_2d_array_array_ap_fixed_8_2_5_3_0_2u_config2_s BINDINFO {{BINDTYPE op ID {} IMPL fabric LATENCY 0 OPTYPE add PRAGMA {} RTLNAME add_ln85_fu_134_p2 SOURCE firmware/nnet_utils/nnet_conv2d_stream.h:85 VARIABLE add_ln85 LOOP ReadInputHeight_ReadInputWidth BUNDLEDNAME {} DSP 0 BRAM 0 URAM 0 DISPNAME {bind_op add}}} AREA {DSP 0 BRAM 1 URAM 0}} compute_output_buffer_2d_array_array_ap_fixed_8_2_5_3_0_2u_config2_s {DEPTH 3 CHILDREN {shift_line_buffer_array_ap_fixed_8_2_5_3_0_1u_config2_s dense_resource_rf_gt_nin_rem0_ap_fixed_ap_fixed_8_2_5_3_0_config2_mult_s} BINDINFO {{BINDTYPE op ID {} IMPL fabric LATENCY 0 OPTYPE add PRAGMA {} RTLNAME add_ln303_fu_234_p2 SOURCE firmware/nnet_utils/nnet_conv_stream.h:303 VARIABLE add_ln303 LOOP {} BUNDLEDNAME {} DSP 0 BRAM 0 URAM 0 DISPNAME {bind_op add}} {BINDTYPE op ID {} IMPL fabric LATENCY 0 OPTYPE add PRAGMA {} RTLNAME add_ln318_fu_251_p2 SOURCE firmware/nnet_utils/nnet_conv_stream.h:318 VARIABLE add_ln318 LOOP {} BUNDLEDNAME {} DSP 0 BRAM 0 URAM 0 DISPNAME {bind_op add}} {BINDTYPE op ID {} IMPL fabric LATENCY 0 OPTYPE add PRAGMA {} RTLNAME add_ln307_fu_281_p2 SOURCE firmware/nnet_utils/nnet_conv_stream.h:307 VARIABLE add_ln307 LOOP {} BUNDLEDNAME {} DSP 0 BRAM 0 URAM 0 DISPNAME {bind_op add}} {BINDTYPE op ID {} IMPL fabric LATENCY 0 OPTYPE add PRAGMA {} RTLNAME add_ln313_fu_298_p2 SOURCE firmware/nnet_utils/nnet_conv_stream.h:313 VARIABLE add_ln313 LOOP {} BUNDLEDNAME {} DSP 0 BRAM 0 URAM 0 DISPNAME {bind_op add}}} AREA {DSP 0 BRAM 1 URAM 0}} shift_line_buffer_array_ap_fixed_8_2_5_3_0_1u_config2_s {DEPTH 4 CHILDREN {} BINDINFO {{BINDTYPE storage ID {} IMPL auto LATENCY 0 OPTYPE ram_1p PRAGMA {} RTLNAME void_conv_2d_buffer_cl_stream_stream_weight_t_bias_t_line_buffer_0_1_U SOURCE {} VARIABLE void_conv_2d_buffer_cl_stream_stream_weight_t_bias_t_line_buffer_0_1 LOOP {} BUNDLEDNAME {} DSP 0 BRAM 0 URAM 0 DISPNAME {bind_storage ram_1p}} {BINDTYPE storage ID {} IMPL auto LATENCY 0 OPTYPE ram_1p PRAGMA {} RTLNAME void_conv_2d_buffer_cl_stream_stream_weight_t_bias_t_line_buffer_2_U SOURCE {} VARIABLE void_conv_2d_buffer_cl_stream_stream_weight_t_bias_t_line_buffer_2 LOOP {} BUNDLEDNAME {} DSP 0 BRAM 0 URAM 0 DISPNAME {bind_storage ram_1p}}} AREA {DSP 0 BRAM 0 URAM 0}} dense_resource_rf_gt_nin_rem0_ap_fixed_ap_fixed_8_2_5_3_0_config2_mult_s {DEPTH 4 CHILDREN {} BINDINFO {{BINDTYPE op ID {} IMPL auto LATENCY 0 OPTYPE mul PRAGMA {} RTLNAME mul_8s_7s_14_1_1_U20 SOURCE {C:/Xilinx/Vitis_HLS/2021.2/common/technology/autopilot\ap_fixed_base.h:1168} VARIABLE mul_ln1168 LOOP ReuseLoop BUNDLEDNAME {} DSP 0 BRAM 0 URAM 0 DISPNAME {bind_op mul}} {BINDTYPE op ID {} IMPL fabric LATENCY 0 OPTYPE sub PRAGMA {} RTLNAME sub_ln707_fu_551_p2 SOURCE {C:/Xilinx/Vitis_HLS/2021.2/common/technology/autopilot\ap_fixed_base.h:707} VARIABLE sub_ln707 LOOP ReuseLoop BUNDLEDNAME {} DSP 0 BRAM 0 URAM 0 DISPNAME {bind_op sub}} {BINDTYPE op ID {} IMPL fabric LATENCY 0 OPTYPE add PRAGMA {} RTLNAME add_ln712_fu_593_p2 SOURCE {C:/Xilinx/Vitis_HLS/2021.2/common/technology/autopilot\ap_fixed_base.h:712} VARIABLE add_ln712 LOOP ReuseLoop BUNDLEDNAME {} DSP 0 BRAM 0 URAM 0 DISPNAME {bind_op add}} {BINDTYPE op ID {} IMPL fabric LATENCY 0 OPTYPE add PRAGMA {} RTLNAME in_index_1_fu_510_p2 SOURCE firmware/nnet_utils/nnet_dense_resource.h:153 VARIABLE in_index_1 LOOP ReuseLoop BUNDLEDNAME {} DSP 0 BRAM 0 URAM 0 DISPNAME {bind_op add}} {BINDTYPE op ID {} IMPL fabric LATENCY 0 OPTYPE add PRAGMA {} RTLNAME w_index_fu_450_p2 SOURCE firmware/nnet_utils/nnet_dense_resource.h:135 VARIABLE w_index LOOP ReuseLoop BUNDLEDNAME {} DSP 0 BRAM 0 URAM 0 DISPNAME {bind_op add}} {BINDTYPE storage ID {} IMPL auto LATENCY 1 OPTYPE rom_1p PRAGMA {} RTLNAME outidx_U SOURCE {} VARIABLE outidx LOOP {} BUNDLEDNAME {} DSP 0 BRAM 0 URAM 0 DISPNAME {bind_storage rom_1p}} {BINDTYPE storage ID {} IMPL bram LATENCY 1 OPTYPE rom_np PRAGMA pragma RTLNAME w2_V_U SOURCE :0 VARIABLE w2_V LOOP {} BUNDLEDNAME {} DSP 0 BRAM 1 URAM 0 DISPNAME {bind_storage rom_np}}} AREA {DSP 0 BRAM 1 URAM 0}} relu_array_ap_fixed_2u_array_ap_fixed_8_2_5_3_0_2u_relu_config3_s {DEPTH 2 CHILDREN {} BINDINFO {{BINDTYPE op ID {} IMPL fabric LATENCY 0 OPTYPE add PRAGMA {} RTLNAME i_4_fu_83_p2 SOURCE firmware/nnet_utils/nnet_activation_stream.h:41 VARIABLE i_4 LOOP ReLUActLoop BUNDLEDNAME {} DSP 0 BRAM 0 URAM 0 DISPNAME {bind_op add}}} AREA {DSP 0 BRAM 0 URAM 0}} zeropad2d_cl_array_ap_fixed_2u_array_ap_fixed_8_2_5_3_0_2u_config6_s {DEPTH 2 CHILDREN {zeropad2d_cl_array_array_ap_fixed_8_2_5_3_0_2u_config6_Pipeline_PadTopWidth zeropad2d_cl_array_array_ap_fixed_2u_config6_Pipeline_PadBottomWidth zeropad2d_cl_array_array_ap_fixed_8_2_5_3_0_2u_config6_Pipeline_CopyMain} BINDINFO {{BINDTYPE op ID {} IMPL fabric LATENCY 0 OPTYPE add PRAGMA {} RTLNAME add_ln59_fu_86_p2 SOURCE firmware/nnet_utils/nnet_padding_stream.h:59 VARIABLE add_ln59 LOOP PadMain BUNDLEDNAME {} DSP 0 BRAM 0 URAM 0 DISPNAME {bind_op add}}} AREA {DSP 0 BRAM 0 URAM 0}} zeropad2d_cl_array_array_ap_fixed_8_2_5_3_0_2u_config6_Pipeline_PadTopWidth {DEPTH 3 CHILDREN {} BINDINFO {{BINDTYPE op ID {} IMPL fabric LATENCY 0 OPTYPE add PRAGMA {} RTLNAME j_2_fu_62_p2 SOURCE firmware/nnet_utils/nnet_padding_stream.h:53 VARIABLE j_2 LOOP PadTopWidth BUNDLEDNAME {} DSP 0 BRAM 0 URAM 0 DISPNAME {bind_op add}}} AREA {DSP 0 BRAM 0 URAM 0}} zeropad2d_cl_array_array_ap_fixed_2u_config6_Pipeline_PadBottomWidth {DEPTH 3 CHILDREN {} BINDINFO {{BINDTYPE op ID {} IMPL fabric LATENCY 0 OPTYPE add PRAGMA {} RTLNAME j_9_fu_62_p2 SOURCE firmware/nnet_utils/nnet_padding_stream.h:77 VARIABLE j_9 LOOP PadBottomWidth BUNDLEDNAME {} DSP 0 BRAM 0 URAM 0 DISPNAME {bind_op add}}} AREA {DSP 0 BRAM 0 URAM 0}} zeropad2d_cl_array_array_ap_fixed_8_2_5_3_0_2u_config6_Pipeline_CopyMain {DEPTH 3 CHILDREN {} BINDINFO {{BINDTYPE op ID {} IMPL fabric LATENCY 0 OPTYPE add PRAGMA {} RTLNAME j_4_fu_73_p2 SOURCE firmware/nnet_utils/nnet_padding_stream.h:65 VARIABLE j_4 LOOP CopyMain BUNDLEDNAME {} DSP 0 BRAM 0 URAM 0 DISPNAME {bind_op add}}} AREA {DSP 0 BRAM 0 URAM 0}} conv_2d_cl_array_ap_fixed_2u_array_ap_fixed_8_2_5_3_0_1u_config4_s {DEPTH 2 CHILDREN compute_output_buffer_2d_array_array_ap_fixed_8_2_5_3_0_1u_config4_s BINDINFO {{BINDTYPE op ID {} IMPL fabric LATENCY 0 OPTYPE add PRAGMA {} RTLNAME add_ln85_fu_184_p2 SOURCE firmware/nnet_utils/nnet_conv2d_stream.h:85 VARIABLE add_ln85 LOOP ReadInputHeight_ReadInputWidth BUNDLEDNAME {} DSP 0 BRAM 0 URAM 0 DISPNAME {bind_op add}}} AREA {DSP 0 BRAM 1 URAM 0}} compute_output_buffer_2d_array_array_ap_fixed_8_2_5_3_0_1u_config4_s {DEPTH 3 CHILDREN {shift_line_buffer_array_ap_fixed_8_2_5_3_0_2u_config4_s dense_resource_rf_leq_nin_ap_fixed_ap_fixed_8_2_5_3_0_config4_mult_s} BINDINFO {{BINDTYPE op ID {} IMPL fabric LATENCY 0 OPTYPE add PRAGMA {} RTLNAME add_ln303_fu_289_p2 SOURCE firmware/nnet_utils/nnet_conv_stream.h:303 VARIABLE add_ln303 LOOP {} BUNDLEDNAME {} DSP 0 BRAM 0 URAM 0 DISPNAME {bind_op add}} {BINDTYPE op ID {} IMPL fabric LATENCY 0 OPTYPE add PRAGMA {} RTLNAME add_ln318_fu_306_p2 SOURCE firmware/nnet_utils/nnet_conv_stream.h:318 VARIABLE add_ln318 LOOP {} BUNDLEDNAME {} DSP 0 BRAM 0 URAM 0 DISPNAME {bind_op add}} {BINDTYPE op ID {} IMPL fabric LATENCY 0 OPTYPE add PRAGMA {} RTLNAME add_ln307_fu_336_p2 SOURCE firmware/nnet_utils/nnet_conv_stream.h:307 VARIABLE add_ln307 LOOP {} BUNDLEDNAME {} DSP 0 BRAM 0 URAM 0 DISPNAME {bind_op add}} {BINDTYPE op ID {} IMPL fabric LATENCY 0 OPTYPE add PRAGMA {} RTLNAME add_ln313_fu_353_p2 SOURCE firmware/nnet_utils/nnet_conv_stream.h:313 VARIABLE add_ln313 LOOP {} BUNDLEDNAME {} DSP 0 BRAM 0 URAM 0 DISPNAME {bind_op add}}} AREA {DSP 0 BRAM 1 URAM 0}} shift_line_buffer_array_ap_fixed_8_2_5_3_0_2u_config4_s {DEPTH 4 CHILDREN {} BINDINFO {{BINDTYPE storage ID {} IMPL auto LATENCY 0 OPTYPE ram_1p PRAGMA {} RTLNAME void_conv_2d_buffer_cl_stream_stream_weight_t_bias_t_line_buffer_0_U SOURCE {} VARIABLE void_conv_2d_buffer_cl_stream_stream_weight_t_bias_t_line_buffer_0 LOOP {} BUNDLEDNAME {} DSP 0 BRAM 0 URAM 0 DISPNAME {bind_storage ram_1p}} {BINDTYPE storage ID {} IMPL auto LATENCY 0 OPTYPE ram_1p PRAGMA {} RTLNAME void_conv_2d_buffer_cl_stream_stream_weight_t_bias_t_line_buffer_U SOURCE {} VARIABLE void_conv_2d_buffer_cl_stream_stream_weight_t_bias_t_line_buffer LOOP {} BUNDLEDNAME {} DSP 0 BRAM 0 URAM 0 DISPNAME {bind_storage ram_1p}} {BINDTYPE storage ID {} IMPL auto LATENCY 0 OPTYPE ram_1p PRAGMA {} RTLNAME void_conv_2d_buffer_cl_stream_stream_weight_t_bias_t_line_buffer_1_0_U SOURCE {} VARIABLE void_conv_2d_buffer_cl_stream_stream_weight_t_bias_t_line_buffer_1_0 LOOP {} BUNDLEDNAME {} DSP 0 BRAM 0 URAM 0 DISPNAME {bind_storage ram_1p}} {BINDTYPE storage ID {} IMPL auto LATENCY 0 OPTYPE ram_1p PRAGMA {} RTLNAME void_conv_2d_buffer_cl_stream_stream_weight_t_bias_t_line_buffer_1_U SOURCE {} VARIABLE void_conv_2d_buffer_cl_stream_stream_weight_t_bias_t_line_buffer_1 LOOP {} BUNDLEDNAME {} DSP 0 BRAM 0 URAM 0 DISPNAME {bind_storage ram_1p}}} AREA {DSP 0 BRAM 0 URAM 0}} dense_resource_rf_leq_nin_ap_fixed_ap_fixed_8_2_5_3_0_config4_mult_s {DEPTH 4 CHILDREN {} BINDINFO {{BINDTYPE op ID {} IMPL auto LATENCY 0 OPTYPE mul PRAGMA {} RTLNAME mul_8s_7s_14_1_1_U69 SOURCE {C:/Xilinx/Vitis_HLS/2021.2/common/technology/autopilot\ap_fixed_base.h:1168} VARIABLE mul_ln1168 LOOP ReuseLoop BUNDLEDNAME {} DSP 0 BRAM 0 URAM 0 DISPNAME {bind_op mul}} {BINDTYPE op ID {} IMPL fabric LATENCY 0 OPTYPE add PRAGMA {} RTLNAME add_ln712_fu_765_p2 SOURCE {C:/Xilinx/Vitis_HLS/2021.2/common/technology/autopilot\ap_fixed_base.h:712} VARIABLE add_ln712 LOOP ReuseLoop BUNDLEDNAME {} DSP 0 BRAM 0 URAM 0 DISPNAME {bind_op add}} {BINDTYPE op ID {} IMPL fabric LATENCY 0 OPTYPE add PRAGMA {} RTLNAME w_index_fu_687_p2 SOURCE firmware/nnet_utils/nnet_dense_resource.h:46 VARIABLE w_index LOOP ReuseLoop BUNDLEDNAME {} DSP 0 BRAM 0 URAM 0 DISPNAME {bind_op add}} {BINDTYPE storage ID {} IMPL bram LATENCY 1 OPTYPE rom_np PRAGMA pragma RTLNAME w4_V_U SOURCE :0 VARIABLE w4_V LOOP {} BUNDLEDNAME {} DSP 0 BRAM 1 URAM 0 DISPNAME {bind_storage rom_np}}} AREA {DSP 0 BRAM 1 URAM 0}}}'
INFO-FLOW: DBG:PUTS:       update_csynth_reports json2reportxml
INFO-FLOW: Running: gen_csynth_pragma_report_xml
INFO-FLOW: Done: gen_csynth_pragma_report_xml time: 0.2 seconds per iteration
INFO-FLOW: DBG:PUTS:       update_csynth_reports wrote xml
INFO-FLOW: DBG:PUTS:       update_csynth_reports appended to csynth rpt file
INFO: [HLS 200-111] Finished Updating report files: CPU user time: 1 seconds. CPU system time: 0 seconds. Elapsed time: 2.193 seconds; current allocated memory: 1.163 GB.
INFO: [VHDL 208-304] Generating VHDL RTL for myproject.
INFO: [VLOG 209-307] Generating Verilog RTL for myproject.
Execute         syn_report -model myproject -printsummary 
INFO: [HLS 200-790] **** Loop Constraint Status: All loop constraints were NOT satisfied.
INFO: [HLS 200-789] **** Estimated Fmax: 116.29 MHz
Command       autosyn done; 21.746 sec.
Command     csynth_design done; 43.283 sec.
INFO: [HLS 200-111] Finished Command csynth_design CPU user time: 14 seconds. CPU system time: 3 seconds. Elapsed time: 43.283 seconds; current allocated memory: 0.605 MB.
Execute     cleanup_all 
INFO-FLOW: Workspace C:/Users/brand/Documents/engs192/zybo-edge-ai/hls/edge_cnn_minimal_hls/myproject_prj/solution1 opened at Tue May 26 23:23:48 -0400 2026
Execute       ap_set_clock -name default -period 10 -default=false 
INFO: [SYN 201-201] Setting up clock 'default' with a period of 10ns.
Execute       ap_set_clock -name default -uncertainty 1.25 -unit % 
INFO: [SYN 201-201] Setting up clock 'default' with an uncertainty of 1.25ns.
Execute       set_part xc7z020-clg400-1 
Execute         create_platform xc7z020-clg400-1 -board  
DBG:HLSDevice: Trying to load device library: C:/Xilinx/Vitis_HLS/2021.2\lib\win64.o\librdi_hlsvwrap.dll
DBG:HLSDevice: first parts/arch.xml in RDI_DATADIR: C:/Xilinx/Vivado/2021.2/data/parts/arch.xml
DBG:HLSDevice: init success
Execute           source C:/Xilinx/Vitis_HLS/2021.2/common/technology/xilinx/DSP48/dsp48.hlp 
Execute           source C:/Xilinx/Vitis_HLS/2021.2/common/technology/xilinx/DSP48/zynq_dsp48e1.hlp 
INFO: [HLS 200-1611] Setting target device to 'xc7z020-clg400-1'
Command         create_platform done; 1.089 sec.
Execute         source C:/Xilinx/Vitis_HLS/2021.2/common/technology/xilinx/common/xilinx.gen 
Execute           source C:/Xilinx/Vitis_HLS/2021.2/common/technology/xilinx/interface/plb46.gen 
Execute           source C:/Xilinx/Vitis_HLS/2021.2/common/technology/xilinx/interface/axi4.gen 
Execute           source C:/Xilinx/Vitis_HLS/2021.2/common/technology/xilinx/interface/nativeAXI4.gen 
Execute             source C:/Xilinx/Vitis_HLS/2021.2/common/technology/xilinx/interface/saxilite.gen 
Execute             source C:/Xilinx/Vitis_HLS/2021.2/common/technology/xilinx/interface/maxi.gen 
Execute           source C:/Xilinx/Vitis_HLS/2021.2/common/technology/xilinx/scripts/xilinxcoregen.gen 
Execute           source C:/Xilinx/Vitis_HLS/2021.2/common/technology/xilinx/interface/XilEDKCoreGen.gen 
Execute           source C:/Xilinx/Vitis_HLS/2021.2/common/technology/xilinx/ip/dds_compiler.gen 
Execute           source C:/Xilinx/Vitis_HLS/2021.2/common/technology/xilinx/ip/util.gen 
Execute           source C:/Xilinx/Vitis_HLS/2021.2/common/technology/xilinx/ip/xfft.gen 
Execute           source C:/Xilinx/Vitis_HLS/2021.2/common/technology/xilinx/ip/xfir.gen 
Execute           source C:/Xilinx/Vitis_HLS/2021.2/common/technology/xilinx/DSP48/dsp48.gen 
Command         ap_source done; 0.114 sec.
Execute         ap_part_info -name xc7z020-clg400-1 -data info 
Execute         config_compile -quiet -complex-mul-dsp=0 
Command       set_part done; 1.233 sec.
Execute       send_msg_by_id INFO @200-1505@%s%s  vivado 
INFO: [HLS 200-1505] Using flow_target 'vivado'
Execute       get_config_interface -m_axi_latency 
Execute       get_config_interface -m_axi_alignment_byte_size 
Execute       get_config_interface -m_axi_max_widen_bitwidth 
Execute       get_config_interface -default_interface 
Execute       get_config_rtl -register_reset_num 
Execute       send_msg_by_id INFO @200-1464@%s config_compile -name_max_length=80 
INFO: [HLS 200-1464] Running solution command: config_compile -name_max_length=80
Execute       config_compile -name_max_length=80 
INFO: [XFORM 203-1161] The maximum of name length is set into 80.
Execute       send_msg_by_id INFO @200-1464@%s config_schedule -enable_dsp_full_reg=0 
INFO: [HLS 200-1464] Running solution command: config_schedule -enable_dsp_full_reg=0
Execute       config_schedule -enable_dsp_full_reg=0 
Command     open_solution done; 1.289 sec.
Execute     config_array_partition -maximum_size 4096 
INFO: [HLS 200-1510] Running: config_array_partition -maximum_size 4096 
INFO: [XFORM 203-101] Allowed max sub elements number after partition is 4096.
ERROR: [HLS 200-642] The 'config_array_partition -maximum_size' command is not supported.
Command     config_array_partition done; error code: 1; 
Execute     config_compile -name_max_length 80 
INFO: [HLS 200-1510] Running: config_compile -name_max_length 80 
INFO: [XFORM 203-1161] The maximum of name length is set into 80.
Execute     set_part xc7z020clg400-1 
INFO: [HLS 200-1510] Running: set_part xc7z020clg400-1 
Execute       create_platform xc7z020clg400-1 -board  
Execute         source C:/Xilinx/Vitis_HLS/2021.2/common/technology/xilinx/DSP48/dsp48.hlp 
Execute         source C:/Xilinx/Vitis_HLS/2021.2/common/technology/xilinx/DSP48/zynq_dsp48e1.hlp 
Execute       source C:/Xilinx/Vitis_HLS/2021.2/common/technology/xilinx/common/xilinx.gen 
Execute         source C:/Xilinx/Vitis_HLS/2021.2/common/technology/xilinx/interface/plb46.gen 
Execute         source C:/Xilinx/Vitis_HLS/2021.2/common/technology/xilinx/interface/axi4.gen 
Execute         source C:/Xilinx/Vitis_HLS/2021.2/common/technology/xilinx/interface/nativeAXI4.gen 
Execute           source C:/Xilinx/Vitis_HLS/2021.2/common/technology/xilinx/interface/saxilite.gen 
Execute           source C:/Xilinx/Vitis_HLS/2021.2/common/technology/xilinx/interface/maxi.gen 
Execute         source C:/Xilinx/Vitis_HLS/2021.2/common/technology/xilinx/scripts/xilinxcoregen.gen 
Execute         source C:/Xilinx/Vitis_HLS/2021.2/common/technology/xilinx/interface/XilEDKCoreGen.gen 
Execute         source C:/Xilinx/Vitis_HLS/2021.2/common/technology/xilinx/ip/dds_compiler.gen 
Execute         source C:/Xilinx/Vitis_HLS/2021.2/common/technology/xilinx/ip/util.gen 
Execute         source C:/Xilinx/Vitis_HLS/2021.2/common/technology/xilinx/ip/xfft.gen 
Execute         source C:/Xilinx/Vitis_HLS/2021.2/common/technology/xilinx/ip/xfir.gen 
Execute         source C:/Xilinx/Vitis_HLS/2021.2/common/technology/xilinx/DSP48/dsp48.gen 
Command       ap_source done; 0.105 sec.
Execute       ap_part_info -name xc7z020-clg400-1 -data info 
Execute       config_compile -quiet -complex-mul-dsp=0 
INFO: [XFORM 203-1161] The maximum of name length is set into 80.
Command     set_part done; 0.144 sec.
Execute     config_schedule -enable_dsp_full_reg=false 
INFO: [HLS 200-1510] Running: config_schedule -enable_dsp_full_reg=false 
Execute     create_clock -period 10 -name default 
INFO: [HLS 200-1510] Running: create_clock -period 10 -name default 
Execute     set_clock_uncertainty 12.5% default 
INFO: [HLS 200-1510] Running: set_clock_uncertainty 12.5% default 
Execute     csynth_design 
INFO: [HLS 200-1510] Running: csynth_design 
Execute       get_config_compile -effort 
Execute       get_config_compile -enable_clang39 
Execute       get_config_compile -g 
Execute       get_config_compile -hw_syn 
Execute       get_config_compile -ng 
Execute       get_config_compile -opt_fp 
Execute       get_config_compile -skip_cdt 
Execute       get_config_compile -skip_syncheck 
Execute       get_config_compile -skip_transform 
Execute       get_config_compile -pre_tcl 
Execute       get_config_compile -keep_printf 
Execute       elaborate -effort=medium -skip_syncheck=0 -keep_printf=0 -skip_cdt=0 -skip_transform=0 -ng=0 -g=0 -opt_fp=0 -from_csynth_design=1 
INFO: [HLS 200-111] Finished File checks and directory preparation: CPU user time: 0 seconds. CPU system time: 0 seconds. Elapsed time: 0.113 seconds; current allocated memory: 1.166 GB.
INFO: [HLS 200-10] Analyzing design file 'firmware/myproject.cpp' ... 
INFO-FLOW: Compiling one TU...
Execute         get_config_compile -pragma_strict_mode 
INFO-FLOW: Handling firmware/myproject.cpp as C++
Execute         ap_part_info -name xc7z020-clg400-1 -data info 
INFO-FLOW: Running: GCC PP 39
INFO-FLOW: Source preprocessing
Execute         ap_eval exec -ignorestderr C:/Xilinx/Vitis_HLS/2021.2/win64/tools/clang-3.9-csynth/bin/clang firmware/myproject.cpp -foptimization-record-file=C:/Users/brand/Documents/engs192/zybo-edge-ai/hls/edge_cnn_minimal_hls/myproject_prj/solution1/.autopilot/db/myproject.cpp.clang.diag.yml -mllvm -pass-remarks-missed=reflow|pasta|unroll -mllvm -pass-remarks=reflow|pasta|unroll|inline -fno-limit-debug-info --sysroot C:/Xilinx/Vitis_HLS/2021.2/tps/mingw/6.2.0/win64.o/nt -fhls -fno-exceptions -E -std=c++0x -fno-math-errno -c -emit-llvm -mllvm -disable-llvm-optzns -Werror=implicit-function-declaration -Werror=implicit-hls-streams -Werror=return-type -Wpragmas -Wunused-parameter -Wdump-hls-pragmas -fno-threadsafe-statics -fno-use-cxa-atexit -target fpga64-xilinx-mingw32 -fno-threadsafe-statics -fno-use-cxa-atexit -D__VITIS_HLS__ -DAESL_SYN -D__SYNTHESIS__ -D__HLS_SYN__ -I C:/Xilinx/Vitis_HLS/2021.2/common/technology/autopilot -I C:/Xilinx/Vitis_HLS/2021.2/common/technology/autopilot/ap_sysc -include etc/autopilot_ssdm_op.h -D__DSP48E1__ -I /usr/include/x86_64-linux-gnu -o C:/Users/brand/Documents/engs192/zybo-edge-ai/hls/edge_cnn_minimal_hls/myproject_prj/solution1/.autopilot/db/myproject.pp.0.cpp -hls-platform-db-name=C:/Xilinx/Vitis_HLS/2021.2/common/technology/xilinx/common/platform.db -hls-platform-name=zynq_slow > C:/Users/brand/Documents/engs192/zybo-edge-ai/hls/edge_cnn_minimal_hls/myproject_prj/solution1/.autopilot/db/myproject.cpp.clang.out.log 2> C:/Users/brand/Documents/engs192/zybo-edge-ai/hls/edge_cnn_minimal_hls/myproject_prj/solution1/.autopilot/db/myproject.cpp.clang.err.log 
Command         ap_eval done; 0.301 sec.
INFO-FLOW: Done: GCC PP 39 time: 0.3 seconds per iteration
Execute         set_directive_top myproject -name=myproject 
Execute         source C:/Xilinx/Vitis_HLS/2021.2/tps/tcl/tcllib1.11.1/yaml/huddle.tcl 
Execute         source C:/Xilinx/Vitis_HLS/2021.2/tps/tcl/tcllib1.11.1/yaml/json2huddle.tcl 
Execute           source C:/Xilinx/Vitis_HLS/2021.2/tps/tcl/tcllib1.11.1/try/try.tcl 
Execute         list_core -type functional_unit 
INFO-FLOW: Source syntax check for synthesis
Execute         ap_eval exec -ignorestderr C:/Xilinx/Vitis_HLS/2021.2/win64/tools/clang-3.9-csynth/bin/clang -foptimization-record-file=C:/Users/brand/Documents/engs192/zybo-edge-ai/hls/edge_cnn_minimal_hls/myproject_prj/solution1/.autopilot/db/clang.diag.yml -mllvm -pass-remarks-missed=reflow|pasta|unroll -mllvm -pass-remarks=reflow|pasta|unroll|inline -fsyntax-only -fhls -target fpga64-xilinx-linux-gnu C:/Users/brand/Documents/engs192/zybo-edge-ai/hls/edge_cnn_minimal_hls/myproject_prj/solution1/.autopilot/db/myproject.pp.0.cpp -hls-platform-db-name=C:/Xilinx/Vitis_HLS/2021.2/common/technology/xilinx/common/platform.db -hls-platform-name=zynq_slow > C:/Users/brand/Documents/engs192/zybo-edge-ai/hls/edge_cnn_minimal_hls/myproject_prj/solution1/.autopilot/db/clang.out.log 2> C:/Users/brand/Documents/engs192/zybo-edge-ai/hls/edge_cnn_minimal_hls/myproject_prj/solution1/.autopilot/db/clang.err.log 
Command         ap_eval done; 1.077 sec.
WARNING: [HLS 207-5551] unexpected pragma argument 'instances', expects function/operation (firmware/nnet_utils/nnet_activation.h:402:24)
WARNING: [HLS 207-5523] 'Resource pragma' is deprecated, use 'bind_op/bind_storage pragma' instead (firmware/nnet_utils/nnet_dense_resource.h:33:9)
WARNING: [HLS 207-5523] 'Resource pragma' is deprecated, use 'bind_op/bind_storage pragma' instead (firmware/nnet_utils/nnet_dense_resource.h:107:9)
WARNING: [HLS 207-5523] 'Resource pragma' is deprecated, use 'bind_op/bind_storage pragma' instead (firmware/nnet_utils/nnet_dense_resource.h:189:9)
WARNING: [HLS 207-5524] 'region' in '#pragma HLS Inline' is deprecated, use 'Inline Pragma' instead (firmware/nnet_utils/nnet_conv2d.h:48:26)
WARNING: [HLS 207-5524] 'region' in '#pragma HLS Inline' is deprecated, use 'Inline Pragma' instead (firmware/nnet_utils/nnet_conv2d.h:66:26)
WARNING: [HLS 207-5551] unexpected pragma argument 'instances', expects function/operation (firmware/nnet_utils/nnet_conv2d_stream.h:80:24)
WARNING: [HLS 207-5551] unexpected pragma argument 'instances', expects function/operation (firmware/nnet_utils/nnet_conv2d_stream.h:81:24)
WARNING: [HLS 207-5556] Only for/while/do support the pipeline  pragma (firmware/nnet_utils/nnet_conv2d_stream.h:90:9)
WARNING: [HLS 207-5556] Only for/while/do support the pipeline  pragma (firmware/nnet_utils/nnet_conv2d_stream.h:58:9)
Execute         clang_tidy xilinx-systemc-detector -desc systemc-detector C:/Users/brand/Documents/engs192/zybo-edge-ai/hls/edge_cnn_minimal_hls/myproject_prj/solution1/.autopilot/db/myproject.pp.0.cpp std=c++0x -target fpga  -directive=C:/Users/brand/Documents/engs192/zybo-edge-ai/hls/edge_cnn_minimal_hls/myproject_prj/solution1/.autopilot/db/.systemc_flag 
INFO-FLOW: exec C:/Xilinx/Vitis_HLS/2021.2/win64/tools/clang-3.9-csynth/bin/clang-tidy -header-filter=.* --checks=-*,xilinx-systemc-detector -import-directive=C:/Users/brand/Documents/engs192/zybo-edge-ai/hls/edge_cnn_minimal_hls/myproject_prj/solution1/.autopilot/db/.systemc_flag -fix-errors C:/Users/brand/Documents/engs192/zybo-edge-ai/hls/edge_cnn_minimal_hls/myproject_prj/solution1/.autopilot/db/myproject.pp.0.cpp -- -std=c++0x -target fpga -fhls -ferror-limit=0
Command         clang_tidy done; 0.886 sec.
INFO-FLOW: Running: clang-tidy CDT preprocess 39
Execute         clang_tidy xilinx-directive2pragma -desc directive2pragma C:/Users/brand/Documents/engs192/zybo-edge-ai/hls/edge_cnn_minimal_hls/myproject_prj/solution1/.autopilot/db/myproject.pp.0.cpp std=c++0x -target fpga  -directive=C:/Users/brand/Documents/engs192/zybo-edge-ai/hls/edge_cnn_minimal_hls/myproject_prj/solution1/.autopilot/db/all.directive.json 
INFO-FLOW: exec C:/Xilinx/Vitis_HLS/2021.2/win64/tools/clang-3.9-csynth/bin/clang-tidy -header-filter=.* --checks=-*,xilinx-directive2pragma -import-directive=C:/Users/brand/Documents/engs192/zybo-edge-ai/hls/edge_cnn_minimal_hls/myproject_prj/solution1/.autopilot/db/all.directive.json -fix-errors C:/Users/brand/Documents/engs192/zybo-edge-ai/hls/edge_cnn_minimal_hls/myproject_prj/solution1/.autopilot/db/myproject.pp.0.cpp -- -std=c++0x -target fpga -fhls -ferror-limit=0
Command         clang_tidy done; 1.264 sec.
Execute         clang_tidy xilinx-constantarray-param,xilinx-remove-assert -desc constantarray_remove-assert C:/Users/brand/Documents/engs192/zybo-edge-ai/hls/edge_cnn_minimal_hls/myproject_prj/solution1/.autopilot/db/myproject.pp.0.cpp std=c++0x -target fpga  
INFO-FLOW: exec C:/Xilinx/Vitis_HLS/2021.2/win64/tools/clang-3.9-csynth/bin/clang-tidy -header-filter=.* --checks=-*,xilinx-constantarray-param,xilinx-remove-assert -fix-errors C:/Users/brand/Documents/engs192/zybo-edge-ai/hls/edge_cnn_minimal_hls/myproject_prj/solution1/.autopilot/db/myproject.pp.0.cpp -- -std=c++0x -target fpga -fhls -ferror-limit=0
Command         clang_tidy done; 0.988 sec.
INFO-FLOW: Done: clang-tidy CDT preprocess 39 time: 2.3 seconds per iteration
INFO-FLOW: Calling xilinx-label-all-loops ... 
INFO-FLOW: Calling xilinx-aggregate-on-hls-vector ... 
Execute         clang_tidy -errorcheck -desc loop-label xilinx-label-all-loops,xilinx-aggregate-on-hls-vector,,xilinx-warn-mayneed-no-ctor-attribute C:/Users/brand/Documents/engs192/zybo-edge-ai/hls/edge_cnn_minimal_hls/myproject_prj/solution1/.autopilot/db/myproject.pp.0.cpp std=c++0x -target fpga  
Execute           ap_eval exec -ignorestderr C:/Xilinx/Vitis_HLS/2021.2/win64/tools/clang-3.9-csynth/bin/clang-tidy -export-fixes=C:/Users/brand/Documents/engs192/zybo-edge-ai/hls/edge_cnn_minimal_hls/myproject_prj/solution1/.autopilot/db/myproject.pp.0.cpp.clang-tidy.loop-label.diag.yml -header-filter=.* --checks=-*,xilinx-label-all-loops,xilinx-aggregate-on-hls-vector,,xilinx-warn-mayneed-no-ctor-attribute -fix-errors C:/Users/brand/Documents/engs192/zybo-edge-ai/hls/edge_cnn_minimal_hls/myproject_prj/solution1/.autopilot/db/myproject.pp.0.cpp -- -std=c++0x -target fpga -fhls -ferror-limit=0 > C:/Users/brand/Documents/engs192/zybo-edge-ai/hls/edge_cnn_minimal_hls/myproject_prj/solution1/.autopilot/db/myproject.pp.0.cpp.clang-tidy.loop-label.out.log 2> C:/Users/brand/Documents/engs192/zybo-edge-ai/hls/edge_cnn_minimal_hls/myproject_prj/solution1/.autopilot/db/myproject.pp.0.cpp.clang-tidy.loop-label.err.log 
Command           ap_eval done; 2.347 sec.
Execute           source C:/Xilinx/Vitis_HLS/2021.2/tps/tcl/tcllib1.11.1/yaml/yaml.tcl 
Command         clang_tidy done; 2.675 sec.
Execute         get_config_dataflow -strict_mode 
Execute         ap_eval exec -ignorestderr C:/Xilinx/Vitis_HLS/2021.2/win64/tools/clang-3.9-csynth/bin/xilinx-dataflow-lawyer -export-fixes=C:/Users/brand/Documents/engs192/zybo-edge-ai/hls/edge_cnn_minimal_hls/myproject_prj/solution1/.autopilot/db/myproject.pp.0.cpp.xilinx-dataflow-lawyer.diag.yml C:/Users/brand/Documents/engs192/zybo-edge-ai/hls/edge_cnn_minimal_hls/myproject_prj/solution1/.autopilot/db/myproject.pp.0.cpp -- -std=c++0x -target fpga -fhls -ferror-limit=0 -fstrict-dataflow > C:/Users/brand/Documents/engs192/zybo-edge-ai/hls/edge_cnn_minimal_hls/myproject_prj/solution1/.autopilot/db/myproject.pp.0.cpp.xilinx-dataflow-lawyer.out.log 2> C:/Users/brand/Documents/engs192/zybo-edge-ai/hls/edge_cnn_minimal_hls/myproject_prj/solution1/.autopilot/db/myproject.pp.0.cpp.xilinx-dataflow-lawyer.err.log 
Command         ap_eval done; 0.799 sec.
WARNING: [HLS 214-113] Either use an argument of the function or declare the variable inside the dataflow loop body (firmware/myproject.cpp:46:75)
WARNING: [HLS 214-113] Either use an argument of the function or declare the variable inside the dataflow loop body (firmware/myproject.cpp:46:79)
WARNING: [HLS 214-113] Either use an argument of the function or declare the variable inside the dataflow loop body (firmware/myproject.cpp:52:75)
WARNING: [HLS 214-113] Either use an argument of the function or declare the variable inside the dataflow loop body (firmware/myproject.cpp:52:79)
Execute         send_msg_by_id WARNING @200-471@%s%s 4 firmware/myproject.cpp 
WARNING: [HLS 200-471] Dataflow form checks found 4 issue(s) in file firmware/myproject.cpp
Execute         ap_part_info -name xc7z020-clg400-1 -data info 
INFO-FLOW: compiling source code to llvm bc
Execute         ap_eval exec -ignorestderr C:/Xilinx/Vitis_HLS/2021.2/win64/tools/clang-3.9-csynth/bin/clang -foptimization-record-file=C:/Users/brand/Documents/engs192/zybo-edge-ai/hls/edge_cnn_minimal_hls/myproject_prj/solution1/.autopilot/db/myproject.pp.0.cpp.clang.diag.yml -mllvm -pass-remarks-missed=reflow|pasta|unroll -mllvm -pass-remarks=reflow|pasta|unroll|inline -fno-limit-debug-info -fhls -flto -fno-exceptions -Wno-error=c++11-narrowing C:/Users/brand/Documents/engs192/zybo-edge-ai/hls/edge_cnn_minimal_hls/myproject_prj/solution1/.autopilot/db/myproject.pp.0.cpp -std=c++0x -fno-math-errno -c -emit-llvm -mllvm -disable-llvm-optzns -Werror=implicit-function-declaration -Werror=implicit-hls-streams -Werror=return-type -Wpragmas -Wunused-parameter -Wdump-hls-pragmas -fno-threadsafe-statics -fno-use-cxa-atexit -target fpga64-xilinx-linux-gnu -D__VITIS_HLS__ -DAESL_SYN -D__SYNTHESIS__ -D__HLS_SYN__ -I C:/Xilinx/Vitis_HLS/2021.2/common/technology/autopilot -I C:/Xilinx/Vitis_HLS/2021.2/common/technology/autopilot/ap_sysc -include etc/autopilot_ssdm_op.h -D__DSP48E1__ -g -o C:/Users/brand/Documents/engs192/zybo-edge-ai/hls/edge_cnn_minimal_hls/myproject_prj/solution1/.autopilot/db/myproject.bc -hls-platform-db-name=C:/Xilinx/Vitis_HLS/2021.2/common/technology/xilinx/common/platform.db -hls-platform-name=zynq_slow > C:/Users/brand/Documents/engs192/zybo-edge-ai/hls/edge_cnn_minimal_hls/myproject_prj/solution1/.autopilot/db/myproject.pp.0.cpp.clang.out.log 2> C:/Users/brand/Documents/engs192/zybo-edge-ai/hls/edge_cnn_minimal_hls/myproject_prj/solution1/.autopilot/db/myproject.pp.0.cpp.clang.err.log 
Command         ap_eval done; 0.893 sec.
WARNING: [HLS 207-5287] unused parameter 'keep' (firmware/nnet_utils/nnet_helpers.h:285:99)
WARNING: [HLS 207-5287] unused parameter 'data' (firmware/nnet_utils/nnet_function_stubs.h:14:36)
WARNING: [HLS 207-5287] unused parameter 'buffer' (firmware/nnet_utils/nnet_function_stubs.h:15:36)
WARNING: [HLS 207-5287] unused parameter 'partition' (firmware/nnet_utils/nnet_function_stubs.h:16:44)
WARNING: [HLS 207-5287] unused parameter 'data' (firmware/nnet_utils/nnet_function_stubs.h:24:24)
WARNING: [HLS 207-5287] unused parameter 'buffer' (firmware/nnet_utils/nnet_function_stubs.h:25:24)
WARNING: [HLS 207-5287] unused parameter 'partition' (firmware/nnet_utils/nnet_function_stubs.h:26:32)
WARNING: [HLS 207-5287] unused parameter 'data' (firmware/nnet_utils/nnet_function_stubs.h:33:30)
WARNING: [HLS 207-5287] unused parameter 'res' (firmware/nnet_utils/nnet_function_stubs.h:33:58)
WARNING: [HLS 207-5287] unused parameter 'weights' (firmware/nnet_utils/nnet_function_stubs.h:34:51)
WARNING: [HLS 207-5287] unused parameter 'biases' (firmware/nnet_utils/nnet_function_stubs.h:35:49)
WARNING: [HLS 207-5287] unused parameter 'data' (firmware/nnet_utils/nnet_function_stubs.h:42:30)
WARNING: [HLS 207-5287] unused parameter 'res' (firmware/nnet_utils/nnet_function_stubs.h:42:58)
WARNING: [HLS 207-5287] unused parameter 'weights' (firmware/nnet_utils/nnet_function_stubs.h:43:51)
WARNING: [HLS 207-5287] unused parameter 'biases' (firmware/nnet_utils/nnet_function_stubs.h:44:49)
WARNING: [HLS 207-5287] unused parameter 'data' (firmware/nnet_utils/nnet_function_stubs.h:51:29)
WARNING: [HLS 207-5287] unused parameter 'res' (firmware/nnet_utils/nnet_function_stubs.h:51:80)
WARNING: [HLS 207-5287] unused parameter 'weights' (firmware/nnet_utils/nnet_function_stubs.h:52:50)
WARNING: [HLS 207-5287] unused parameter 'biases' (firmware/nnet_utils/nnet_function_stubs.h:53:48)
WARNING: [HLS 207-5287] unused parameter 'data' (firmware/nnet_utils/nnet_code_gen.h:16:39)
WARNING: [HLS 207-5287] unused parameter 'res' (firmware/nnet_utils/nnet_code_gen.h:17:38)
WARNING: [HLS 207-5287] unused parameter 'weights' (firmware/nnet_utils/nnet_code_gen.h:18:60)
WARNING: [HLS 207-5287] unused parameter 'biases' (firmware/nnet_utils/nnet_code_gen.h:19:58)
INFO: [HLS 200-111] Finished Source Code Analysis and Preprocessing: CPU user time: 2 seconds. CPU system time: 0 seconds. Elapsed time: 9.865 seconds; current allocated memory: 1.166 GB.
INFO-FLOW: Linking Debug ...
INFO-FLOW: Linking dut bc code.
Execute         run_link_or_opt -out C:/Users/brand/Documents/engs192/zybo-edge-ai/hls/edge_cnn_minimal_hls/myproject_prj/solution1/.autopilot/db/a.g.ld.0.bc -args  "C:/Users/brand/Documents/engs192/zybo-edge-ai/hls/edge_cnn_minimal_hls/myproject_prj/solution1/.autopilot/db/myproject.g.bc"  
Execute           ap_eval exec -ignorestderr C:/Xilinx/Vitis_HLS/2021.2/win64/tools/clang-3.9-csynth/bin/llvm-link C:/Users/brand/Documents/engs192/zybo-edge-ai/hls/edge_cnn_minimal_hls/myproject_prj/solution1/.autopilot/db/myproject.g.bc -o C:/Users/brand/Documents/engs192/zybo-edge-ai/hls/edge_cnn_minimal_hls/myproject_prj/solution1/.autopilot/db/a.g.ld.0.bc > C:/Users/brand/Documents/engs192/zybo-edge-ai/hls/edge_cnn_minimal_hls/myproject_prj/solution1/.autopilot/db/a.g.ld.0.bc.llvm-link.out.log 2> C:/Users/brand/Documents/engs192/zybo-edge-ai/hls/edge_cnn_minimal_hls/myproject_prj/solution1/.autopilot/db/a.g.ld.0.bc.llvm-link.err.log 
INFO-FLOW: 
Execute         run_link_or_opt -opt -out C:/Users/brand/Documents/engs192/zybo-edge-ai/hls/edge_cnn_minimal_hls/myproject_prj/solution1/.autopilot/db/a.g.ld.1.lower.bc -args C:/Users/brand/Documents/engs192/zybo-edge-ai/hls/edge_cnn_minimal_hls/myproject_prj/solution1/.autopilot/db/a.g.ld.0.bc -reflow-lower-math-intrinsics 
Execute           ap_eval exec -ignorestderr C:/Xilinx/Vitis_HLS/2021.2/win64/tools/clang-3.9-csynth/bin/opt -pass-remarks-missed=reflow|pasta|unroll -pass-remarks=reflow|pasta|unroll|inline -pass-remarks-output=C:/Users/brand/Documents/engs192/zybo-edge-ai/hls/edge_cnn_minimal_hls/myproject_prj/solution1/.autopilot/db/a.g.ld.1.lower.bc.opt.diag.yml C:/Users/brand/Documents/engs192/zybo-edge-ai/hls/edge_cnn_minimal_hls/myproject_prj/solution1/.autopilot/db/a.g.ld.0.bc -reflow-lower-math-intrinsics -o C:/Users/brand/Documents/engs192/zybo-edge-ai/hls/edge_cnn_minimal_hls/myproject_prj/solution1/.autopilot/db/a.g.ld.1.lower.bc > C:/Users/brand/Documents/engs192/zybo-edge-ai/hls/edge_cnn_minimal_hls/myproject_prj/solution1/.autopilot/db/a.g.ld.1.lower.bc.opt.out.log 2> C:/Users/brand/Documents/engs192/zybo-edge-ai/hls/edge_cnn_minimal_hls/myproject_prj/solution1/.autopilot/db/a.g.ld.1.lower.bc.opt.err.log 
INFO-FLOW: 
INFO-FLOW: Linking math bc lib
Execute         run_link_or_opt -out C:/Users/brand/Documents/engs192/zybo-edge-ai/hls/edge_cnn_minimal_hls/myproject_prj/solution1/.autopilot/db/a.g.ld.2.m1.bc -args C:/Users/brand/Documents/engs192/zybo-edge-ai/hls/edge_cnn_minimal_hls/myproject_prj/solution1/.autopilot/db/a.g.ld.1.lower.bc -only-needed C:/Xilinx/Vitis_HLS/2021.2/win64/lib/libhlsm_39.bc C:/Xilinx/Vitis_HLS/2021.2/win64/lib/libhlsmc++_39.bc 
Execute           ap_eval exec -ignorestderr C:/Xilinx/Vitis_HLS/2021.2/win64/tools/clang-3.9-csynth/bin/llvm-link C:/Users/brand/Documents/engs192/zybo-edge-ai/hls/edge_cnn_minimal_hls/myproject_prj/solution1/.autopilot/db/a.g.ld.1.lower.bc -only-needed C:/Xilinx/Vitis_HLS/2021.2/win64/lib/libhlsm_39.bc C:/Xilinx/Vitis_HLS/2021.2/win64/lib/libhlsmc++_39.bc -o C:/Users/brand/Documents/engs192/zybo-edge-ai/hls/edge_cnn_minimal_hls/myproject_prj/solution1/.autopilot/db/a.g.ld.2.m1.bc > C:/Users/brand/Documents/engs192/zybo-edge-ai/hls/edge_cnn_minimal_hls/myproject_prj/solution1/.autopilot/db/a.g.ld.2.m1.bc.llvm-link.out.log 2> C:/Users/brand/Documents/engs192/zybo-edge-ai/hls/edge_cnn_minimal_hls/myproject_prj/solution1/.autopilot/db/a.g.ld.2.m1.bc.llvm-link.err.log 
Command           ap_eval done; 2.353 sec.
INFO-FLOW: 
Command         run_link_or_opt done; 2.355 sec.
Execute         run_link_or_opt -opt -out C:/Users/brand/Documents/engs192/zybo-edge-ai/hls/edge_cnn_minimal_hls/myproject_prj/solution1/.autopilot/db/a.g.ld.3.fpc.bc -args C:/Users/brand/Documents/engs192/zybo-edge-ai/hls/edge_cnn_minimal_hls/myproject_prj/solution1/.autopilot/db/a.g.ld.2.m1.bc -reflow-globaldce -hls-top-function-name=myproject -reflow-float-conversion 
Execute           ap_eval exec -ignorestderr C:/Xilinx/Vitis_HLS/2021.2/win64/tools/clang-3.9-csynth/bin/opt -pass-remarks-missed=reflow|pasta|unroll -pass-remarks=reflow|pasta|unroll|inline -pass-remarks-output=C:/Users/brand/Documents/engs192/zybo-edge-ai/hls/edge_cnn_minimal_hls/myproject_prj/solution1/.autopilot/db/a.g.ld.3.fpc.bc.opt.diag.yml C:/Users/brand/Documents/engs192/zybo-edge-ai/hls/edge_cnn_minimal_hls/myproject_prj/solution1/.autopilot/db/a.g.ld.2.m1.bc -reflow-globaldce -hls-top-function-name=myproject -reflow-float-conversion -o C:/Users/brand/Documents/engs192/zybo-edge-ai/hls/edge_cnn_minimal_hls/myproject_prj/solution1/.autopilot/db/a.g.ld.3.fpc.bc > C:/Users/brand/Documents/engs192/zybo-edge-ai/hls/edge_cnn_minimal_hls/myproject_prj/solution1/.autopilot/db/a.g.ld.3.fpc.bc.opt.out.log 2> C:/Users/brand/Documents/engs192/zybo-edge-ai/hls/edge_cnn_minimal_hls/myproject_prj/solution1/.autopilot/db/a.g.ld.3.fpc.bc.opt.err.log 
Command           ap_eval done; 0.928 sec.
INFO-FLOW: 
Command         run_link_or_opt done; 0.931 sec.
Execute         run_link_or_opt -out C:/Users/brand/Documents/engs192/zybo-edge-ai/hls/edge_cnn_minimal_hls/myproject_prj/solution1/.autopilot/db/a.g.ld.4.m2.bc -args C:/Users/brand/Documents/engs192/zybo-edge-ai/hls/edge_cnn_minimal_hls/myproject_prj/solution1/.autopilot/db/a.g.ld.3.fpc.bc -only-needed C:/Xilinx/Vitis_HLS/2021.2/win64/lib/libfloatconversion_39.bc 
Execute           ap_eval exec -ignorestderr C:/Xilinx/Vitis_HLS/2021.2/win64/tools/clang-3.9-csynth/bin/llvm-link C:/Users/brand/Documents/engs192/zybo-edge-ai/hls/edge_cnn_minimal_hls/myproject_prj/solution1/.autopilot/db/a.g.ld.3.fpc.bc -only-needed C:/Xilinx/Vitis_HLS/2021.2/win64/lib/libfloatconversion_39.bc -o C:/Users/brand/Documents/engs192/zybo-edge-ai/hls/edge_cnn_minimal_hls/myproject_prj/solution1/.autopilot/db/a.g.ld.4.m2.bc > C:/Users/brand/Documents/engs192/zybo-edge-ai/hls/edge_cnn_minimal_hls/myproject_prj/solution1/.autopilot/db/a.g.ld.4.m2.bc.llvm-link.out.log 2> C:/Users/brand/Documents/engs192/zybo-edge-ai/hls/edge_cnn_minimal_hls/myproject_prj/solution1/.autopilot/db/a.g.ld.4.m2.bc.llvm-link.err.log 
Command           ap_eval done; 0.118 sec.
INFO-FLOW: 
Command         run_link_or_opt done; 0.119 sec.
Execute         run_link_or_opt -opt -out C:/Users/brand/Documents/engs192/zybo-edge-ai/hls/edge_cnn_minimal_hls/myproject_prj/solution1/.autopilot/db/a.g.ld.5.gdce.bc -args C:/Users/brand/Documents/engs192/zybo-edge-ai/hls/edge_cnn_minimal_hls/myproject_prj/solution1/.autopilot/db/a.g.ld.4.m2.bc -reflow-globaldce -hls-top-function-name=myproject 
Execute           ap_eval exec -ignorestderr C:/Xilinx/Vitis_HLS/2021.2/win64/tools/clang-3.9-csynth/bin/opt -pass-remarks-missed=reflow|pasta|unroll -pass-remarks=reflow|pasta|unroll|inline -pass-remarks-output=C:/Users/brand/Documents/engs192/zybo-edge-ai/hls/edge_cnn_minimal_hls/myproject_prj/solution1/.autopilot/db/a.g.ld.5.gdce.bc.opt.diag.yml C:/Users/brand/Documents/engs192/zybo-edge-ai/hls/edge_cnn_minimal_hls/myproject_prj/solution1/.autopilot/db/a.g.ld.4.m2.bc -reflow-globaldce -hls-top-function-name=myproject -o C:/Users/brand/Documents/engs192/zybo-edge-ai/hls/edge_cnn_minimal_hls/myproject_prj/solution1/.autopilot/db/a.g.ld.5.gdce.bc > C:/Users/brand/Documents/engs192/zybo-edge-ai/hls/edge_cnn_minimal_hls/myproject_prj/solution1/.autopilot/db/a.g.ld.5.gdce.bc.opt.out.log 2> C:/Users/brand/Documents/engs192/zybo-edge-ai/hls/edge_cnn_minimal_hls/myproject_prj/solution1/.autopilot/db/a.g.ld.5.gdce.bc.opt.err.log 
INFO-FLOW: 
Execute         get_solution -flow_target 
Execute         get_config_export -xo 
Execute         get_config_export -format 
Execute         get_config_rtl -module_prefix 
Execute         get_config_interface -default_slave_interface 
Execute         get_solution -flow_target 
Execute         get_config_export -xo 
Execute         get_config_export -format 
Execute         get_config_interface -m_axi_offset 
Execute         get_config_interface -m_axi_latency 
Execute         get_config_interface -m_axi_alignment_byte_size 
Execute         get_config_interface -m_axi_min_bitwidth 
Execute         get_config_interface -m_axi_max_bitwidth 
Execute         get_config_interface -m_axi_max_widen_bitwidth 
Execute         get_config_interface -m_axi_num_read_outstanding 
Execute         get_config_interface -m_axi_num_write_outstanding 
Execute         get_config_interface -m_axi_max_read_burst_length 
Execute         get_config_interface -m_axi_max_write_burst_length 
Execute         get_config_interface -m_axi_min_bitwidth 
Execute         get_config_interface -m_axi_max_bitwidth 
Execute         get_config_interface -m_axi_latency 
Execute         get_config_interface -m_axi_min_bitwidth 
Execute         get_config_interface -m_axi_max_bitwidth 
Execute         get_config_interface -m_axi_max_widen_bitwidth 
Execute         get_config_interface -m_axi_auto_max_ports 
Execute         get_config_interface -m_axi_num_read_outstanding 
Execute         get_config_interface -m_axi_num_write_outstanding 
Execute         get_config_interface -m_axi_max_read_burst_length 
Execute         get_config_interface -m_axi_max_write_burst_length 
Execute         get_config_interface -s_axilite_data64 
Execute         get_config_compile -instruction_warning_threshold 
Execute         get_config_interface -m_axi_alignment_byte_size 
Execute         get_config_compile -pragma_strict_mode 
Execute         get_config_compile -pipeline_style 
Execute         get_config_array_partition -throughput_driven 
Execute         send_msg_by_id INFO @200-777@%s Vivado 
INFO: [HLS 200-777] Using interface defaults for 'Vivado' flow target.
Execute         is_m_axi_addr64 
INFO-FLOW: Doing LTO.
Execute         ap_eval exec -ignorestderr C:/Xilinx/Vitis_HLS/2021.2/win64/tools/clang-3.9-csynth/bin/clang -foptimization-record-file=C:/Users/brand/Documents/engs192/zybo-edge-ai/hls/edge_cnn_minimal_hls/myproject_prj/solution1/.autopilot/db/a.g.ld.0.bc.clang.diag.yml -mllvm -pass-remarks-missed=reflow|pasta|unroll -mllvm -pass-remarks=reflow|pasta|unroll|inline -fhls -mllvm -hls-top-function-name=myproject -mllvm -hls-db-dir -mllvm C:/Users/brand/Documents/engs192/zybo-edge-ai/hls/edge_cnn_minimal_hls/myproject_prj/solution1/.autopilot/db -emit-llvm -c -target fpga64-xilinx-none -mllvm -xcl-xmlinfo=C:/Users/brand/Documents/engs192/zybo-edge-ai/hls/edge_cnn_minimal_hls/myproject_prj/solution1/.autopilot/db/kernel.internal.xml -mllvm -top-io-mapping-info=C:/Users/brand/Documents/engs192/zybo-edge-ai/hls/edge_cnn_minimal_hls/myproject_prj/solution1/.autopilot/db/top-io-fe.xml -mllvm -hls-bitcode-version=3.1 -mllvm -reflow-enable-slave-interface-default-setting=true -mllvm -gen-kernel-xml=false -mllvm -default-maxi-offset=slave -mllvm -maxi-latency=0 -mllvm -hls-maxi-data-size-in-bits=8 -mllvm -hls-maxi-max-data-size-in-bits=1024 -mllvm -hls-max-widen-size-in-bits=0 -mllvm -xcl-kernel-max-mem-ports=0 -mllvm -maxi-read-trans=16 -mllvm -maxi-write-trans=16 -mllvm -maxi-read-burst-len=16 -mllvm -maxi-write-burst-len=16 -mllvm -reflow-enable-saxi-64bits=0 -mllvm -reflow-basic-block-instr-threshhold=200000 -mllvm -assume-maxi-align=0 -mllvm -no-unaligned-maxi-accesses -mllvm -reflow-pipeline-style-llvm-setting=0 -mllvm -reflow-auto-array-partition-mode=default -mllvm -reflow-enable-auto-array-partition=true -mllvm -reflow-aggregate-bitwidth-threshold=4096 -mllvm -reflow-disaggregate-bitwidth-threshold=4096 -mllvm -hls -mllvm -disable-inlined-alloca-merging=true -x ir C:/Users/brand/Documents/engs192/zybo-edge-ai/hls/edge_cnn_minimal_hls/myproject_prj/solution1/.autopilot/db/a.g.ld.5.gdce.bc -o C:/Users/brand/Documents/engs192/zybo-edge-ai/hls/edge_cnn_minimal_hls/myproject_prj/solution1/.autopilot/db/a.g.lto.bc -hls-platform-db-name=C:/Xilinx/Vitis_HLS/2021.2/common/technology/xilinx/common/platform.db -hls-platform-name=zynq_slow > C:/Users/brand/Documents/engs192/zybo-edge-ai/hls/edge_cnn_minimal_hls/myproject_prj/solution1/.autopilot/db/a.g.ld.0.bc.clang.out.log 2> C:/Users/brand/Documents/engs192/zybo-edge-ai/hls/edge_cnn_minimal_hls/myproject_prj/solution1/.autopilot/db/a.g.ld.0.bc.clang.err.log 
Command         ap_eval done; 0.759 sec.
INFO: [HLS 214-284] Auto array partition mode is set into default.
INFO: [HLS 214-131] Inlining function 'ap_int_base<65, true>::ap_int_base<11, false>(ap_int_base<11, false> const&)' into 'ap_int_base<11, false>::RType<64, true>::minus operator-<11, false, 64, true>(ap_int_base<11, false> const&, ap_int_base<64, true> const&)' (C:/Xilinx/Vitis_HLS/2021.2/common/technology/autopilot\ap_int_base.h:1541:341)
INFO: [HLS 214-131] Inlining function 'ap_int<65>::ap_int<65, true>(ap_int_base<65, true> const&)' into 'ap_int_base<11, false>::RType<64, true>::minus operator-<11, false, 64, true>(ap_int_base<11, false> const&, ap_int_base<64, true> const&)' (C:/Xilinx/Vitis_HLS/2021.2/common/technology/autopilot\ap_int_base.h:1541:555)
INFO: [HLS 214-131] Inlining function 'ap_int_base<65, true>::ap_int_base<64, true>(ap_int_base<64, true> const&)' into 'ap_int_base<11, false>::RType<64, true>::minus operator-<11, false, 64, true>(ap_int_base<11, false> const&, ap_int_base<64, true> const&)' (C:/Xilinx/Vitis_HLS/2021.2/common/technology/autopilot\ap_int_base.h:1541:430)
INFO: [HLS 214-131] Inlining function 'ap_int_base<64, true>::ap_int_base(long)' into 'ap_int_base<11, false>::RType<($_0)64, true>::minus operator-<11, false>(ap_int_base<11, false> const&, long)' (C:/Xilinx/Vitis_HLS/2021.2/common/technology/autopilot\ap_int_base.h:1657:1548)
INFO: [HLS 214-131] Inlining function 'ap_int_base<11, false>::RType<64, true>::minus operator-<11, false, 64, true>(ap_int_base<11, false> const&, ap_int_base<64, true> const&)' into 'ap_int_base<11, false>::RType<($_0)64, true>::minus operator-<11, false>(ap_int_base<11, false> const&, long)' (C:/Xilinx/Vitis_HLS/2021.2/common/technology/autopilot\ap_int_base.h:1657:1546)
INFO: [HLS 214-131] Inlining function 'ap_int_base<55, true>::ap_int_base<1, false>(ap_int_base<1, false> const&)' into 'ap_int_base<1, false>::RType<54, true>::minus operator-<1, false, 54, true>(ap_int_base<1, false> const&, ap_int_base<54, true> const&)' (C:/Xilinx/Vitis_HLS/2021.2/common/technology/autopilot\ap_int_base.h:1541:341)
INFO: [HLS 214-131] Inlining function 'ap_int<55>::ap_int<55, true>(ap_int_base<55, true> const&)' into 'ap_int_base<1, false>::RType<54, true>::minus operator-<1, false, 54, true>(ap_int_base<1, false> const&, ap_int_base<54, true> const&)' (C:/Xilinx/Vitis_HLS/2021.2/common/technology/autopilot\ap_int_base.h:1541:555)
INFO: [HLS 214-131] Inlining function 'ap_int_base<55, true>::ap_int_base<54, true>(ap_int_base<54, true> const&)' into 'ap_int_base<1, false>::RType<54, true>::minus operator-<1, false, 54, true>(ap_int_base<1, false> const&, ap_int_base<54, true> const&)' (C:/Xilinx/Vitis_HLS/2021.2/common/technology/autopilot\ap_int_base.h:1541:430)
INFO: [HLS 214-131] Inlining function 'ap_int_base<1, false>::ap_int_base(int)' into 'ap_int_base<54, true>::operator-() const' (C:/Xilinx/Vitis_HLS/2021.2/common/technology/autopilot\ap_int_base.h:940:12)
INFO: [HLS 214-131] Inlining function 'ap_int_base<1, false>::RType<54, true>::minus operator-<1, false, 54, true>(ap_int_base<1, false> const&, ap_int_base<54, true> const&)' into 'ap_int_base<54, true>::operator-() const' (C:/Xilinx/Vitis_HLS/2021.2/common/technology/autopilot\ap_int_base.h:940:37)
INFO: [HLS 214-131] Inlining function 'doubleToRawBits(double)' into 'ap_fixed_base<8, 2, true, (ap_q_mode)5, (ap_o_mode)3, 0>::ap_fixed_base(double)' (C:/Xilinx/Vitis_HLS/2021.2/common/technology/autopilot\ap_fixed_base.h:565:14)
INFO: [HLS 214-131] Inlining function 'ap_int_base<54, true>& ap_int_base<54, true>::operator=<55, true>(ap_int_base<55, true> const&)' into 'ap_fixed_base<8, 2, true, (ap_q_mode)5, (ap_o_mode)3, 0>::ap_fixed_base(double)' (C:/Xilinx/Vitis_HLS/2021.2/common/technology/autopilot\ap_fixed_base.h:579:20)
INFO: [HLS 214-131] Inlining function 'ap_int_base<54, true>::operator-() const' into 'ap_fixed_base<8, 2, true, (ap_q_mode)5, (ap_o_mode)3, 0>::ap_fixed_base(double)' (C:/Xilinx/Vitis_HLS/2021.2/common/technology/autopilot\ap_fixed_base.h:579:22)
INFO: [HLS 214-131] Inlining function 'ap_int_base<12, true>& ap_int_base<12, true>::operator=<65, true>(ap_int_base<65, true> const&)' into 'ap_fixed_base<8, 2, true, (ap_q_mode)5, (ap_o_mode)3, 0>::ap_fixed_base(double)' (C:/Xilinx/Vitis_HLS/2021.2/common/technology/autopilot\ap_fixed_base.h:572:9)
INFO: [HLS 214-131] Inlining function 'ap_int_base<11, false>::RType<($_0)64, true>::minus operator-<11, false>(ap_int_base<11, false> const&, long)' into 'ap_fixed_base<8, 2, true, (ap_q_mode)5, (ap_o_mode)3, 0>::ap_fixed_base(double)' (C:/Xilinx/Vitis_HLS/2021.2/common/technology/autopilot\ap_fixed_base.h:572:19)
INFO: [HLS 214-131] Inlining function 'ap_fixed<8, 2, (ap_q_mode)5, (ap_o_mode)3, 0>::ap_fixed(double)' into '__cxx_global_var_init.1' (firmware/weights/w2.h:12:35)
INFO: [HLS 214-131] Inlining function 'ap_fixed<8, 2, (ap_q_mode)5, (ap_o_mode)3, 0>::ap_fixed(double)' into '__cxx_global_var_init.1' (firmware/weights/w2.h:12:45)
INFO: [HLS 214-131] Inlining function 'ap_fixed<8, 2, (ap_q_mode)5, (ap_o_mode)3, 0>::ap_fixed(double)' into '__cxx_global_var_init.1' (firmware/weights/w2.h:12:56)
INFO: [HLS 214-131] Inlining function 'ap_fixed<8, 2, (ap_q_mode)5, (ap_o_mode)3, 0>::ap_fixed(double)' into '__cxx_global_var_init.1' (firmware/weights/w2.h:12:67)
INFO: [HLS 214-131] Inlining function 'ap_fixed<8, 2, (ap_q_mode)5, (ap_o_mode)3, 0>::ap_fixed(double)' into '__cxx_global_var_init.1' (firmware/weights/w2.h:12:77)
INFO: [HLS 214-131] Inlining function 'ap_fixed<8, 2, (ap_q_mode)5, (ap_o_mode)3, 0>::ap_fixed(double)' into '__cxx_global_var_init.1' (firmware/weights/w2.h:12:88)
INFO: [HLS 214-131] Inlining function 'ap_fixed<8, 2, (ap_q_mode)5, (ap_o_mode)3, 0>::ap_fixed(double)' into '__cxx_global_var_init.1' (firmware/weights/w2.h:12:99)
INFO: [HLS 214-131] Inlining function 'ap_fixed<8, 2, (ap_q_mode)5, (ap_o_mode)3, 0>::ap_fixed(double)' into '__cxx_global_var_init.1' (firmware/weights/w2.h:12:109)
INFO: [HLS 214-131] Inlining function 'ap_fixed<8, 2, (ap_q_mode)5, (ap_o_mode)3, 0>::ap_fixed(double)' into '__cxx_global_var_init.1' (firmware/weights/w2.h:12:119)
INFO: [HLS 214-131] Inlining function 'ap_fixed<8, 2, (ap_q_mode)5, (ap_o_mode)3, 0>::ap_fixed(double)' into '__cxx_global_var_init.1' (firmware/weights/w2.h:12:129)
INFO: [HLS 214-131] Inlining function 'ap_fixed<8, 2, (ap_q_mode)5, (ap_o_mode)3, 0>::ap_fixed(double)' into '__cxx_global_var_init.1' (firmware/weights/w2.h:12:140)
INFO: [HLS 214-131] Inlining function 'ap_fixed<8, 2, (ap_q_mode)5, (ap_o_mode)3, 0>::ap_fixed(double)' into '__cxx_global_var_init.1' (firmware/weights/w2.h:12:150)
INFO: [HLS 214-131] Inlining function 'ap_fixed<8, 2, (ap_q_mode)5, (ap_o_mode)3, 0>::ap_fixed(double)' into '__cxx_global_var_init.1' (firmware/weights/w2.h:12:160)
INFO: [HLS 214-131] Inlining function 'ap_fixed<8, 2, (ap_q_mode)5, (ap_o_mode)3, 0>::ap_fixed(double)' into '__cxx_global_var_init.1' (firmware/weights/w2.h:12:170)
INFO: [HLS 214-131] Inlining function 'ap_fixed<8, 2, (ap_q_mode)5, (ap_o_mode)3, 0>::ap_fixed(double)' into '__cxx_global_var_init.1' (firmware/weights/w2.h:12:180)
INFO: [HLS 214-131] Inlining function 'ap_fixed<8, 2, (ap_q_mode)5, (ap_o_mode)3, 0>::ap_fixed(double)' into '__cxx_global_var_init.1' (firmware/weights/w2.h:12:190)
INFO: [HLS 214-131] Inlining function 'ap_fixed<8, 2, (ap_q_mode)5, (ap_o_mode)3, 0>::ap_fixed(double)' into '__cxx_global_var_init.1' (firmware/weights/w2.h:12:200)
INFO: [HLS 214-131] Inlining function 'ap_fixed<8, 2, (ap_q_mode)5, (ap_o_mode)3, 0>::ap_fixed(double)' into '__cxx_global_var_init.1' (firmware/weights/w2.h:12:211)
INFO: [HLS 214-131] Inlining function 'ap_uint<1>::ap_uint(int)' into '__cxx_global_var_init.2' (firmware/weights/b2.h:12:18)
INFO: [HLS 214-131] Inlining function 'ap_uint<1>::ap_uint(int)' into '__cxx_global_var_init.2' (firmware/weights/b2.h:12:21)
INFO: [HLS 214-131] Inlining function 'ap_fixed<8, 2, (ap_q_mode)5, (ap_o_mode)3, 0>::ap_fixed(double)' into '__cxx_global_var_init.3' (firmware/weights/w4.h:12:40)
INFO: [HLS 214-131] Inlining function 'ap_fixed<8, 2, (ap_q_mode)5, (ap_o_mode)3, 0>::ap_fixed(double)' into '__cxx_global_var_init.3' (firmware/weights/w4.h:12:50)
INFO: [HLS 214-131] Inlining function 'ap_fixed<8, 2, (ap_q_mode)5, (ap_o_mode)3, 0>::ap_fixed(double)' into '__cxx_global_var_init.3' (firmware/weights/w4.h:12:61)
INFO: [HLS 214-131] Inlining function 'ap_fixed<8, 2, (ap_q_mode)5, (ap_o_mode)3, 0>::ap_fixed(double)' into '__cxx_global_var_init.3' (firmware/weights/w4.h:12:71)
INFO: [HLS 214-131] Inlining function 'ap_fixed<8, 2, (ap_q_mode)5, (ap_o_mode)3, 0>::ap_fixed(double)' into '__cxx_global_var_init.3' (firmware/weights/w4.h:12:81)
INFO: [HLS 214-131] Inlining function 'ap_fixed<8, 2, (ap_q_mode)5, (ap_o_mode)3, 0>::ap_fixed(double)' into '__cxx_global_var_init.3' (firmware/weights/w4.h:12:91)
INFO: [HLS 214-131] Inlining function 'ap_fixed<8, 2, (ap_q_mode)5, (ap_o_mode)3, 0>::ap_fixed(double)' into '__cxx_global_var_init.3' (firmware/weights/w4.h:12:101)
INFO: [HLS 214-131] Inlining function 'ap_fixed<8, 2, (ap_q_mode)5, (ap_o_mode)3, 0>::ap_fixed(double)' into '__cxx_global_var_init.3' (firmware/weights/w4.h:12:111)
INFO: [HLS 214-131] Inlining function 'ap_fixed<8, 2, (ap_q_mode)5, (ap_o_mode)3, 0>::ap_fixed(double)' into '__cxx_global_var_init.3' (firmware/weights/w4.h:12:122)
INFO: [HLS 214-131] Inlining function 'ap_fixed<8, 2, (ap_q_mode)5, (ap_o_mode)3, 0>::ap_fixed(double)' into '__cxx_global_var_init.3' (firmware/weights/w4.h:12:132)
INFO: [HLS 214-131] Inlining function 'ap_fixed<8, 2, (ap_q_mode)5, (ap_o_mode)3, 0>::ap_fixed(double)' into '__cxx_global_var_init.3' (firmware/weights/w4.h:12:143)
INFO: [HLS 214-131] Inlining function 'ap_fixed<8, 2, (ap_q_mode)5, (ap_o_mode)3, 0>::ap_fixed(double)' into '__cxx_global_var_init.3' (firmware/weights/w4.h:12:153)
INFO: [HLS 214-131] Inlining function 'ap_fixed<8, 2, (ap_q_mode)5, (ap_o_mode)3, 0>::ap_fixed(double)' into '__cxx_global_var_init.3' (firmware/weights/w4.h:12:163)
INFO: [HLS 214-131] Inlining function 'ap_fixed<8, 2, (ap_q_mode)5, (ap_o_mode)3, 0>::ap_fixed(double)' into '__cxx_global_var_init.3' (firmware/weights/w4.h:12:173)
INFO: [HLS 214-131] Inlining function 'ap_fixed<8, 2, (ap_q_mode)5, (ap_o_mode)3, 0>::ap_fixed(double)' into '__cxx_global_var_init.3' (firmware/weights/w4.h:12:184)
INFO: [HLS 214-131] Inlining function 'ap_fixed<8, 2, (ap_q_mode)5, (ap_o_mode)3, 0>::ap_fixed(double)' into '__cxx_global_var_init.3' (firmware/weights/w4.h:12:194)
INFO: [HLS 214-131] Inlining function 'ap_fixed<8, 2, (ap_q_mode)5, (ap_o_mode)3, 0>::ap_fixed(double)' into '__cxx_global_var_init.3' (firmware/weights/w4.h:12:204)
INFO: [HLS 214-131] Inlining function 'ap_fixed<8, 2, (ap_q_mode)5, (ap_o_mode)3, 0>::ap_fixed(double)' into '__cxx_global_var_init.3' (firmware/weights/w4.h:12:214)
INFO: [HLS 214-131] Inlining function 'ap_uint<1>::ap_uint(int)' into '__cxx_global_var_init.4' (firmware/weights/b4.h:12:18)
INFO: [HLS 214-131] Inlining function 'ap_fixed_base<32, 32, true, (ap_q_mode)5, (ap_o_mode)3, 0>::operator!() const' into 'ap_fixed_base<8, 2, true, (ap_q_mode)5, (ap_o_mode)3, 0>& ap_fixed_base<8, 2, true, (ap_q_mode)5, (ap_o_mode)3, 0>::operator=<32, 32, true, (ap_q_mode)5, (ap_o_mode)3, 0>(ap_fixed_base<32, 32, true, (ap_q_mode)5, (ap_o_mode)3, 0> const&)' (C:/Xilinx/Vitis_HLS/2021.2/common/technology/autopilot\ap_fixed_base.h:707:9)
INFO: [HLS 214-131] Inlining function 'ap_fixed_base<8, 2, true, (ap_q_mode)5, (ap_o_mode)3, 0>& ap_fixed_base<8, 2, true, (ap_q_mode)5, (ap_o_mode)3, 0>::operator=<32, 32, true, (ap_q_mode)5, (ap_o_mode)3, 0>(ap_fixed_base<32, 32, true, (ap_q_mode)5, (ap_o_mode)3, 0> const&)' into 'ap_fixed_base<8, 2, true, (ap_q_mode)5, (ap_o_mode)3, 0>::ap_fixed_base(int)' (C:/Xilinx/Vitis_HLS/2021.2/common/technology/autopilot\ap_fixed_base.h:550:146)
INFO: [HLS 214-131] Inlining function 'ap_fixed_base<8, 2, true, (ap_q_mode)5, (ap_o_mode)3, 0>::ap_fixed_base(int)' into 'ap_fixed<8, 2, (ap_q_mode)5, (ap_o_mode)3, 0>::ap_fixed(int)' (C:/Xilinx/Vitis_HLS/2021.2/common/technology/autopilot\ap_fixed.h:183:59)
INFO: [HLS 214-131] Inlining function 'ap_fixed<8, 2, (ap_q_mode)5, (ap_o_mode)3, 0>::ap_fixed(int)' into 'void nnet::fill_zero<nnet::array<ap_fixed<8, 2, (ap_q_mode)5, (ap_o_mode)3, 0>, 1u>, config5>(hls::stream<nnet::array<ap_fixed<8, 2, (ap_q_mode)5, (ap_o_mode)3, 0>, 1u>, 0>&)' (firmware/nnet_utils/nnet_padding_stream.h:13:16)
INFO: [HLS 214-131] Inlining function 'void nnet::fill_zero<nnet::array<ap_fixed<8, 2, (ap_q_mode)5, (ap_o_mode)3, 0>, 1u>, config5>(hls::stream<nnet::array<ap_fixed<8, 2, (ap_q_mode)5, (ap_o_mode)3, 0>, 1u>, 0>&)' into 'void nnet::zeropad2d_cl<nnet::array<ap_fixed<8, 2, (ap_q_mode)5, (ap_o_mode)3, 0>, 1u>, nnet::array<ap_fixed<8, 2, (ap_q_mode)5, (ap_o_mode)3, 0>, 1u>, config5>(hls::stream<nnet::array<ap_fixed<8, 2, (ap_q_mode)5, (ap_o_mode)3, 0>, 1u>, 0>&, hls::stream<nnet::array<ap_fixed<8, 2, (ap_q_mode)5, (ap_o_mode)3, 0>, 1u>, 0>&)' (firmware/nnet_utils/nnet_padding_stream.h:54:13)
INFO: [HLS 214-131] Inlining function 'void nnet::fill_zero<nnet::array<ap_fixed<8, 2, (ap_q_mode)5, (ap_o_mode)3, 0>, 1u>, config5>(hls::stream<nnet::array<ap_fixed<8, 2, (ap_q_mode)5, (ap_o_mode)3, 0>, 1u>, 0>&)' into 'void nnet::zeropad2d_cl<nnet::array<ap_fixed<8, 2, (ap_q_mode)5, (ap_o_mode)3, 0>, 1u>, nnet::array<ap_fixed<8, 2, (ap_q_mode)5, (ap_o_mode)3, 0>, 1u>, config5>(hls::stream<nnet::array<ap_fixed<8, 2, (ap_q_mode)5, (ap_o_mode)3, 0>, 1u>, 0>&, hls::stream<nnet::array<ap_fixed<8, 2, (ap_q_mode)5, (ap_o_mode)3, 0>, 1u>, 0>&)' (firmware/nnet_utils/nnet_padding_stream.h:62:13)
INFO: [HLS 214-131] Inlining function 'void nnet::fill_data<nnet::array<ap_fixed<8, 2, (ap_q_mode)5, (ap_o_mode)3, 0>, 1u>, nnet::array<ap_fixed<8, 2, (ap_q_mode)5, (ap_o_mode)3, 0>, 1u>, config5>(hls::stream<nnet::array<ap_fixed<8, 2, (ap_q_mode)5, (ap_o_mode)3, 0>, 1u>, 0>&, hls::stream<nnet::array<ap_fixed<8, 2, (ap_q_mode)5, (ap_o_mode)3, 0>, 1u>, 0>&)' into 'void nnet::zeropad2d_cl<nnet::array<ap_fixed<8, 2, (ap_q_mode)5, (ap_o_mode)3, 0>, 1u>, nnet::array<ap_fixed<8, 2, (ap_q_mode)5, (ap_o_mode)3, 0>, 1u>, config5>(hls::stream<nnet::array<ap_fixed<8, 2, (ap_q_mode)5, (ap_o_mode)3, 0>, 1u>, 0>&, hls::stream<nnet::array<ap_fixed<8, 2, (ap_q_mode)5, (ap_o_mode)3, 0>, 1u>, 0>&)' (firmware/nnet_utils/nnet_padding_stream.h:66:13)
INFO: [HLS 214-131] Inlining function 'void nnet::fill_zero<nnet::array<ap_fixed<8, 2, (ap_q_mode)5, (ap_o_mode)3, 0>, 1u>, config5>(hls::stream<nnet::array<ap_fixed<8, 2, (ap_q_mode)5, (ap_o_mode)3, 0>, 1u>, 0>&)' into 'void nnet::zeropad2d_cl<nnet::array<ap_fixed<8, 2, (ap_q_mode)5, (ap_o_mode)3, 0>, 1u>, nnet::array<ap_fixed<8, 2, (ap_q_mode)5, (ap_o_mode)3, 0>, 1u>, config5>(hls::stream<nnet::array<ap_fixed<8, 2, (ap_q_mode)5, (ap_o_mode)3, 0>, 1u>, 0>&, hls::stream<nnet::array<ap_fixed<8, 2, (ap_q_mode)5, (ap_o_mode)3, 0>, 1u>, 0>&)' (firmware/nnet_utils/nnet_padding_stream.h:70:13)
INFO: [HLS 214-131] Inlining function 'void nnet::fill_zero<nnet::array<ap_fixed<8, 2, (ap_q_mode)5, (ap_o_mode)3, 0>, 1u>, config5>(hls::stream<nnet::array<ap_fixed<8, 2, (ap_q_mode)5, (ap_o_mode)3, 0>, 1u>, 0>&)' into 'void nnet::zeropad2d_cl<nnet::array<ap_fixed<8, 2, (ap_q_mode)5, (ap_o_mode)3, 0>, 1u>, nnet::array<ap_fixed<8, 2, (ap_q_mode)5, (ap_o_mode)3, 0>, 1u>, config5>(hls::stream<nnet::array<ap_fixed<8, 2, (ap_q_mode)5, (ap_o_mode)3, 0>, 1u>, 0>&, hls::stream<nnet::array<ap_fixed<8, 2, (ap_q_mode)5, (ap_o_mode)3, 0>, 1u>, 0>&)' (firmware/nnet_utils/nnet_padding_stream.h:78:13)
INFO: [HLS 214-131] Inlining function 'ap_shift_reg<ap_fixed<8, 2, (ap_q_mode)5, (ap_o_mode)3, 0>, 164u>::shift(ap_fixed<8, 2, (ap_q_mode)5, (ap_o_mode)3, 0>, unsigned int, bool)' into 'void nnet::shift_line_buffer<nnet::array<ap_fixed<8, 2, (ap_q_mode)5, (ap_o_mode)3, 0>, 1u>, config2>(nnet::array<ap_fixed<8, 2, (ap_q_mode)5, (ap_o_mode)3, 0>, 1u> const&, ap_shift_reg<nnet::array<ap_fixed<8, 2, (ap_q_mode)5, (ap_o_mode)3, 0>, 1u>::value_type, config2::in_width> (*) [config2::n_chan], nnet::array<ap_fixed<8, 2, (ap_q_mode)5, (ap_o_mode)3, 0>, 1u>::value_type*)' (firmware/nnet_utils/nnet_conv_stream.h:241:69)
INFO: [HLS 214-131] Inlining function 'void nnet::kernel_shift_2d<nnet::array<ap_fixed<8, 2, (ap_q_mode)5, (ap_o_mode)3, 0>, 1u>, config2>(nnet::array<ap_fixed<8, 2, (ap_q_mode)5, (ap_o_mode)3, 0>, 1u>::value_type (*) [config2::n_chan], nnet::array<ap_fixed<8, 2, (ap_q_mode)5, (ap_o_mode)3, 0>, 1u>::value_type*)' into 'void nnet::shift_line_buffer<nnet::array<ap_fixed<8, 2, (ap_q_mode)5, (ap_o_mode)3, 0>, 1u>, config2>(nnet::array<ap_fixed<8, 2, (ap_q_mode)5, (ap_o_mode)3, 0>, 1u> const&, ap_shift_reg<nnet::array<ap_fixed<8, 2, (ap_q_mode)5, (ap_o_mode)3, 0>, 1u>::value_type, config2::in_width> (*) [config2::n_chan], nnet::array<ap_fixed<8, 2, (ap_q_mode)5, (ap_o_mode)3, 0>, 1u>::value_type*)' (firmware/nnet_utils/nnet_conv_stream.h:247:5)
INFO: [HLS 214-131] Inlining function 'ap_fixed_base<1, 1, false, (ap_q_mode)5, (ap_o_mode)3, 0>::operator!() const' into 'ap_fixed_base<8, 2, true, (ap_q_mode)5, (ap_o_mode)3, 0>& ap_fixed_base<8, 2, true, (ap_q_mode)5, (ap_o_mode)3, 0>::operator=<1, 1, false, (ap_q_mode)5, (ap_o_mode)3, 0>(ap_fixed_base<1, 1, false, (ap_q_mode)5, (ap_o_mode)3, 0> const&)' (C:/Xilinx/Vitis_HLS/2021.2/common/technology/autopilot\ap_fixed_base.h:707:9)
INFO: [HLS 214-131] Inlining function 'ap_fixed_base<8, 2, true, (ap_q_mode)5, (ap_o_mode)3, 0>& ap_fixed_base<8, 2, true, (ap_q_mode)5, (ap_o_mode)3, 0>::operator=<1, 1, false, (ap_q_mode)5, (ap_o_mode)3, 0>(ap_fixed_base<1, 1, false, (ap_q_mode)5, (ap_o_mode)3, 0> const&)' into 'ap_fixed_base<8, 2, true, (ap_q_mode)5, (ap_o_mode)3, 0>::ap_fixed_base<1, false>(ap_int_base<1, false> const&)' (C:/Xilinx/Vitis_HLS/2021.2/common/technology/autopilot\ap_fixed_base.h:456:5)
INFO: [HLS 214-131] Inlining function 'ap_fixed_base<8, 2, true, (ap_q_mode)5, (ap_o_mode)3, 0>::ap_fixed_base<1, false>(ap_int_base<1, false> const&)' into 'ap_fixed<8, 2, (ap_q_mode)5, (ap_o_mode)3, 0>::ap_fixed<1, false>(ap_int_base<1, false> const&)' (C:/Xilinx/Vitis_HLS/2021.2/common/technology/autopilot\ap_fixed.h:113:91)
INFO: [HLS 214-131] Inlining function 'ap_fixed<16, 4, (ap_q_mode)5, (ap_o_mode)3, 0>::ap_fixed<16, 4, true, (ap_q_mode)5, (ap_o_mode)3, 0>(ap_fixed_base<16, 4, true, (ap_q_mode)5, (ap_o_mode)3, 0> const&)' into 'ap_fixed_base<8, 2, true, (ap_q_mode)5, (ap_o_mode)3, 0>::RType<8, 2, true>::mult ap_fixed_base<8, 2, true, (ap_q_mode)5, (ap_o_mode)3, 0>::operator*<8, 2, true, (ap_q_mode)5, (ap_o_mode)3, 0>(ap_fixed_base<8, 2, true, (ap_q_mode)5, (ap_o_mode)3, 0> const&) const' (C:/Xilinx/Vitis_HLS/2021.2/common/technology/autopilot\ap_fixed_base.h:1172:12)
INFO: [HLS 214-131] Inlining function 'ap_fixed_base<8, 2, true, (ap_q_mode)5, (ap_o_mode)3, 0>::RType<8, 2, true>::mult ap_fixed_base<8, 2, true, (ap_q_mode)5, (ap_o_mode)3, 0>::operator*<8, 2, true, (ap_q_mode)5, (ap_o_mode)3, 0>(ap_fixed_base<8, 2, true, (ap_q_mode)5, (ap_o_mode)3, 0> const&) const' into 'nnet::product::mult<ap_fixed<8, 2, (ap_q_mode)5, (ap_o_mode)3, 0>, ap_fixed<8, 2, (ap_q_mode)5, (ap_o_mode)3, 0> >::product(ap_fixed<8, 2, (ap_q_mode)5, (ap_o_mode)3, 0>, ap_fixed<8, 2, (ap_q_mode)5, (ap_o_mode)3, 0>)' (firmware/nnet_utils/nnet_mult.h:73:11)
INFO: [HLS 214-131] Inlining function 'ap_fixed_base<16, 4, true, (ap_q_mode)5, (ap_o_mode)3, 0>::operator!() const' into 'ap_fixed_base<8, 2, true, (ap_q_mode)5, (ap_o_mode)3, 0>& ap_fixed_base<8, 2, true, (ap_q_mode)5, (ap_o_mode)3, 0>::operator=<16, 4, true, (ap_q_mode)5, (ap_o_mode)3, 0>(ap_fixed_base<16, 4, true, (ap_q_mode)5, (ap_o_mode)3, 0> const&)' (C:/Xilinx/Vitis_HLS/2021.2/common/technology/autopilot\ap_fixed_base.h:707:9)
INFO: [HLS 214-131] Inlining function 'ap_fixed_base<8, 2, true, (ap_q_mode)5, (ap_o_mode)3, 0>& ap_fixed_base<8, 2, true, (ap_q_mode)5, (ap_o_mode)3, 0>::operator=<16, 4, true, (ap_q_mode)5, (ap_o_mode)3, 0>(ap_fixed_base<16, 4, true, (ap_q_mode)5, (ap_o_mode)3, 0> const&)' into 'ap_fixed_base<8, 2, true, (ap_q_mode)5, (ap_o_mode)3, 0>::ap_fixed_base<16, 4, true, (ap_q_mode)5, (ap_o_mode)3, 0>(ap_fixed_base<16, 4, true, (ap_q_mode)5, (ap_o_mode)3, 0> const&)' (C:/Xilinx/Vitis_HLS/2021.2/common/technology/autopilot\ap_fixed_base.h:440:5)
INFO: [HLS 214-131] Inlining function 'ap_fixed_base<8, 2, true, (ap_q_mode)5, (ap_o_mode)3, 0>::ap_fixed_base<16, 4, true, (ap_q_mode)5, (ap_o_mode)3, 0>(ap_fixed_base<16, 4, true, (ap_q_mode)5, (ap_o_mode)3, 0> const&)' into 'ap_fixed<8, 2, (ap_q_mode)5, (ap_o_mode)3, 0>::ap_fixed<16, 4, true, (ap_q_mode)5, (ap_o_mode)3, 0>(ap_fixed_base<16, 4, true, (ap_q_mode)5, (ap_o_mode)3, 0> const&)' (C:/Xilinx/Vitis_HLS/2021.2/common/technology/autopilot\ap_fixed.h:75:9)
INFO: [HLS 214-131] Inlining function 'ap_fixed_base<8, 2, true, (ap_q_mode)5, (ap_o_mode)3, 0>::operator!() const' into 'ap_fixed_base<9, 3, true, (ap_q_mode)5, (ap_o_mode)3, 0>& ap_fixed_base<9, 3, true, (ap_q_mode)5, (ap_o_mode)3, 0>::operator=<8, 2, true, (ap_q_mode)5, (ap_o_mode)3, 0>(ap_fixed_base<8, 2, true, (ap_q_mode)5, (ap_o_mode)3, 0> const&)' (C:/Xilinx/Vitis_HLS/2021.2/common/technology/autopilot\ap_fixed_base.h:707:9)
INFO: [HLS 214-131] Inlining function 'ap_fixed_base<9, 3, true, (ap_q_mode)5, (ap_o_mode)3, 0>& ap_fixed_base<9, 3, true, (ap_q_mode)5, (ap_o_mode)3, 0>::operator=<8, 2, true, (ap_q_mode)5, (ap_o_mode)3, 0>(ap_fixed_base<8, 2, true, (ap_q_mode)5, (ap_o_mode)3, 0> const&)' into 'ap_fixed_base<9, 3, true, (ap_q_mode)5, (ap_o_mode)3, 0>::ap_fixed_base<8, 2, true, (ap_q_mode)5, (ap_o_mode)3, 0>(ap_fixed_base<8, 2, true, (ap_q_mode)5, (ap_o_mode)3, 0> const&)' (C:/Xilinx/Vitis_HLS/2021.2/common/technology/autopilot\ap_fixed_base.h:440:5)
INFO: [HLS 214-131] Inlining function 'ap_fixed_base<9, 3, true, (ap_q_mode)5, (ap_o_mode)3, 0>::ap_fixed_base<8, 2, true, (ap_q_mode)5, (ap_o_mode)3, 0>(ap_fixed_base<8, 2, true, (ap_q_mode)5, (ap_o_mode)3, 0> const&)' into 'ap_fixed_base<8, 2, true, (ap_q_mode)5, (ap_o_mode)3, 0>::RType<8, 2, true>::plus ap_fixed_base<8, 2, true, (ap_q_mode)5, (ap_o_mode)3, 0>::operator+<8, 2, true, (ap_q_mode)5, (ap_o_mode)3, 0>(ap_fixed_base<8, 2, true, (ap_q_mode)5, (ap_o_mode)3, 0> const&) const' (C:/Xilinx/Vitis_HLS/2021.2/common/technology/autopilot\ap_fixed_base.h:1245:330)
INFO: [HLS 214-131] Inlining function 'ap_fixed<9, 3, (ap_q_mode)5, (ap_o_mode)3, 0>::ap_fixed<9, 3, true, (ap_q_mode)5, (ap_o_mode)3, 0>(ap_fixed_base<9, 3, true, (ap_q_mode)5, (ap_o_mode)3, 0> const&)' into 'ap_fixed_base<8, 2, true, (ap_q_mode)5, (ap_o_mode)3, 0>::RType<8, 2, true>::plus ap_fixed_base<8, 2, true, (ap_q_mode)5, (ap_o_mode)3, 0>::operator+<8, 2, true, (ap_q_mode)5, (ap_o_mode)3, 0>(ap_fixed_base<8, 2, true, (ap_q_mode)5, (ap_o_mode)3, 0> const&) const' (C:/Xilinx/Vitis_HLS/2021.2/common/technology/autopilot\ap_fixed_base.h:1245:382)
INFO: [HLS 214-131] Inlining function 'ap_fixed_base<9, 3, true, (ap_q_mode)5, (ap_o_mode)3, 0>::ap_fixed_base<8, 2, true, (ap_q_mode)5, (ap_o_mode)3, 0>(ap_fixed_base<8, 2, true, (ap_q_mode)5, (ap_o_mode)3, 0> const&)' into 'ap_fixed_base<8, 2, true, (ap_q_mode)5, (ap_o_mode)3, 0>::RType<8, 2, true>::plus ap_fixed_base<8, 2, true, (ap_q_mode)5, (ap_o_mode)3, 0>::operator+<8, 2, true, (ap_q_mode)5, (ap_o_mode)3, 0>(ap_fixed_base<8, 2, true, (ap_q_mode)5, (ap_o_mode)3, 0> const&) const' (C:/Xilinx/Vitis_HLS/2021.2/common/technology/autopilot\ap_fixed_base.h:1245:342)
INFO: [HLS 214-131] Inlining function 'ap_fixed_base<9, 3, true, (ap_q_mode)5, (ap_o_mode)3, 0>::operator!() const' into 'ap_fixed_base<8, 2, true, (ap_q_mode)5, (ap_o_mode)3, 0>& ap_fixed_base<8, 2, true, (ap_q_mode)5, (ap_o_mode)3, 0>::operator=<9, 3, true, (ap_q_mode)5, (ap_o_mode)3, 0>(ap_fixed_base<9, 3, true, (ap_q_mode)5, (ap_o_mode)3, 0> const&)' (C:/Xilinx/Vitis_HLS/2021.2/common/technology/autopilot\ap_fixed_base.h:707:9)
INFO: [HLS 214-131] Inlining function 'ap_fixed_base<8, 2, true, (ap_q_mode)5, (ap_o_mode)3, 0>::RType<8, 2, true>::plus ap_fixed_base<8, 2, true, (ap_q_mode)5, (ap_o_mode)3, 0>::operator+<8, 2, true, (ap_q_mode)5, (ap_o_mode)3, 0>(ap_fixed_base<8, 2, true, (ap_q_mode)5, (ap_o_mode)3, 0> const&) const' into 'ap_fixed_base<8, 2, true, (ap_q_mode)5, (ap_o_mode)3, 0>& ap_fixed_base<8, 2, true, (ap_q_mode)5, (ap_o_mode)3, 0>::operator+=<8, 2, true, (ap_q_mode)5, (ap_o_mode)3, 0>(ap_fixed_base<8, 2, true, (ap_q_mode)5, (ap_o_mode)3, 0> const&)' (C:/Xilinx/Vitis_HLS/2021.2/common/technology/autopilot\ap_fixed_base.h:1265:248)
INFO: [HLS 214-131] Inlining function 'ap_fixed_base<8, 2, true, (ap_q_mode)5, (ap_o_mode)3, 0>& ap_fixed_base<8, 2, true, (ap_q_mode)5, (ap_o_mode)3, 0>::operator=<9, 3, true, (ap_q_mode)5, (ap_o_mode)3, 0>(ap_fixed_base<9, 3, true, (ap_q_mode)5, (ap_o_mode)3, 0> const&)' into 'ap_fixed_base<8, 2, true, (ap_q_mode)5, (ap_o_mode)3, 0>& ap_fixed_base<8, 2, true, (ap_q_mode)5, (ap_o_mode)3, 0>::operator+=<8, 2, true, (ap_q_mode)5, (ap_o_mode)3, 0>(ap_fixed_base<8, 2, true, (ap_q_mode)5, (ap_o_mode)3, 0> const&)' (C:/Xilinx/Vitis_HLS/2021.2/common/technology/autopilot\ap_fixed_base.h:1265:246)
INFO: [HLS 214-131] Inlining function 'ap_fixed<8, 2, (ap_q_mode)5, (ap_o_mode)3, 0>::ap_fixed<1, false>(ap_int_base<1, false> const&)' into 'void nnet::dense_resource_rf_gt_nin_rem0<ap_fixed<8, 2, (ap_q_mode)5, (ap_o_mode)3, 0>, ap_fixed<8, 2, (ap_q_mode)5, (ap_o_mode)3, 0>, config2_mult>(ap_fixed<8, 2, (ap_q_mode)5, (ap_o_mode)3, 0>*, ap_fixed<8, 2, (ap_q_mode)5, (ap_o_mode)3, 0>*, config2_mult::weight_t*, config2_mult::bias_t*)' (firmware/nnet_utils/nnet_dense_resource.h:116:14)
INFO: [HLS 214-131] Inlining function 'nnet::product::mult<ap_fixed<8, 2, (ap_q_mode)5, (ap_o_mode)3, 0>, ap_fixed<8, 2, (ap_q_mode)5, (ap_o_mode)3, 0> >::product(ap_fixed<8, 2, (ap_q_mode)5, (ap_o_mode)3, 0>, ap_fixed<8, 2, (ap_q_mode)5, (ap_o_mode)3, 0>)' into 'void nnet::dense_resource_rf_gt_nin_rem0<ap_fixed<8, 2, (ap_q_mode)5, (ap_o_mode)3, 0>, ap_fixed<8, 2, (ap_q_mode)5, (ap_o_mode)3, 0>, config2_mult>(ap_fixed<8, 2, (ap_q_mode)5, (ap_o_mode)3, 0>*, ap_fixed<8, 2, (ap_q_mode)5, (ap_o_mode)3, 0>*, config2_mult::weight_t*, config2_mult::bias_t*)' (firmware/nnet_utils/nnet_dense_resource.h:145:17)
INFO: [HLS 214-131] Inlining function 'ap_fixed_base<8, 2, true, (ap_q_mode)5, (ap_o_mode)3, 0>& ap_fixed_base<8, 2, true, (ap_q_mode)5, (ap_o_mode)3, 0>::operator+=<8, 2, true, (ap_q_mode)5, (ap_o_mode)3, 0>(ap_fixed_base<8, 2, true, (ap_q_mode)5, (ap_o_mode)3, 0> const&)' into 'void nnet::dense_resource_rf_gt_nin_rem0<ap_fixed<8, 2, (ap_q_mode)5, (ap_o_mode)3, 0>, ap_fixed<8, 2, (ap_q_mode)5, (ap_o_mode)3, 0>, config2_mult>(ap_fixed<8, 2, (ap_q_mode)5, (ap_o_mode)3, 0>*, ap_fixed<8, 2, (ap_q_mode)5, (ap_o_mode)3, 0>*, config2_mult::weight_t*, config2_mult::bias_t*)' (firmware/nnet_utils/nnet_dense_resource.h:144:17)
INFO: [HLS 214-131] Inlining function 'ap_fixed<8, 2, (ap_q_mode)5, (ap_o_mode)3, 0>::ap_fixed<16, 4, true, (ap_q_mode)5, (ap_o_mode)3, 0>(ap_fixed_base<16, 4, true, (ap_q_mode)5, (ap_o_mode)3, 0> const&)' into 'void nnet::dense_resource_rf_gt_nin_rem0<ap_fixed<8, 2, (ap_q_mode)5, (ap_o_mode)3, 0>, ap_fixed<8, 2, (ap_q_mode)5, (ap_o_mode)3, 0>, config2_mult>(ap_fixed<8, 2, (ap_q_mode)5, (ap_o_mode)3, 0>*, ap_fixed<8, 2, (ap_q_mode)5, (ap_o_mode)3, 0>*, config2_mult::weight_t*, config2_mult::bias_t*)' (firmware/nnet_utils/nnet_dense_resource.h:144:20)
INFO: [HLS 214-131] Inlining function 'nnet::DenseResource_rf_gt_nin_rem0<ap_fixed<8, 2, (ap_q_mode)5, (ap_o_mode)3, 0>, ap_fixed<8, 2, (ap_q_mode)5, (ap_o_mode)3, 0>, config2_mult>::dense(ap_fixed<8, 2, (ap_q_mode)5, (ap_o_mode)3, 0>*, ap_fixed<8, 2, (ap_q_mode)5, (ap_o_mode)3, 0>*, ap_fixed<8, 2, (ap_q_mode)5, (ap_o_mode)3, 0>*, ap_uint<1>*)' into 'void nnet::compute_output_buffer_2d<nnet::array<ap_fixed<8, 2, (ap_q_mode)5, (ap_o_mode)3, 0>, 1u>, nnet::array<ap_fixed<8, 2, (ap_q_mode)5, (ap_o_mode)3, 0>, 2u>, config2>(nnet::array<ap_fixed<8, 2, (ap_q_mode)5, (ap_o_mode)3, 0>, 1u> const&, ap_shift_reg<nnet::array<ap_fixed<8, 2, (ap_q_mode)5, (ap_o_mode)3, 0>, 1u>::value_type, config2::in_width> (*) [config2::n_chan], hls::stream<nnet::array<ap_fixed<8, 2, (ap_q_mode)5, (ap_o_mode)3, 0>, 2u>, 0>&, config2::weight_t*, config2::bias_t*)' (firmware/nnet_utils/nnet_conv_stream.h:288:9)
INFO: [HLS 214-131] Inlining function 'ap_shift_reg<ap_fixed<8, 2, (ap_q_mode)5, (ap_o_mode)3, 0>, 164u>::ap_shift_reg()' into 'void nnet::conv_2d_buffer_cl<nnet::array<ap_fixed<8, 2, (ap_q_mode)5, (ap_o_mode)3, 0>, 1u>, nnet::array<ap_fixed<8, 2, (ap_q_mode)5, (ap_o_mode)3, 0>, 2u>, config2>(hls::stream<nnet::array<ap_fixed<8, 2, (ap_q_mode)5, (ap_o_mode)3, 0>, 1u>, 0>&, hls::stream<nnet::array<ap_fixed<8, 2, (ap_q_mode)5, (ap_o_mode)3, 0>, 2u>, 0>&, config2::weight_t*, config2::bias_t*)' (firmware/nnet_utils/nnet_conv2d_stream.h:75:74)
INFO: [HLS 214-131] Inlining function 'ap_fixed_base<32, 32, true, (ap_q_mode)5, (ap_o_mode)3, 0>::operator!() const' into 'ap_fixed_base<38, 32, true, (ap_q_mode)5, (ap_o_mode)3, 0>& ap_fixed_base<38, 32, true, (ap_q_mode)5, (ap_o_mode)3, 0>::operator=<32, 32, true, (ap_q_mode)5, (ap_o_mode)3, 0>(ap_fixed_base<32, 32, true, (ap_q_mode)5, (ap_o_mode)3, 0> const&)' (C:/Xilinx/Vitis_HLS/2021.2/common/technology/autopilot\ap_fixed_base.h:707:9)
INFO: [HLS 214-131] Inlining function 'ap_fixed_base<38, 32, true, (ap_q_mode)5, (ap_o_mode)3, 0>& ap_fixed_base<38, 32, true, (ap_q_mode)5, (ap_o_mode)3, 0>::operator=<32, 32, true, (ap_q_mode)5, (ap_o_mode)3, 0>(ap_fixed_base<32, 32, true, (ap_q_mode)5, (ap_o_mode)3, 0> const&)' into 'ap_fixed_base<38, 32, true, (ap_q_mode)5, (ap_o_mode)3, 0>::ap_fixed_base<32, 32, true, (ap_q_mode)5, (ap_o_mode)3, 0>(ap_fixed_base<32, 32, true, (ap_q_mode)5, (ap_o_mode)3, 0> const&)' (C:/Xilinx/Vitis_HLS/2021.2/common/technology/autopilot\ap_fixed_base.h:440:5)
INFO: [HLS 214-131] Inlining function 'ap_fixed_base<38, 32, true, (ap_q_mode)5, (ap_o_mode)3, 0>::ap_fixed_base<32, 32, true, (ap_q_mode)5, (ap_o_mode)3, 0>(ap_fixed_base<32, 32, true, (ap_q_mode)5, (ap_o_mode)3, 0> const&)' into 'bool ap_fixed_base<8, 2, true, (ap_q_mode)5, (ap_o_mode)3, 0>::operator><32, 32, true, (ap_q_mode)5, (ap_o_mode)3, 0>(ap_fixed_base<32, 32, true, (ap_q_mode)5, (ap_o_mode)3, 0> const&) const' (C:/Xilinx/Vitis_HLS/2021.2/common/technology/autopilot\ap_fixed_base.h:1547:367)
INFO: [HLS 214-131] Inlining function 'ap_fixed_base<32, 32, true, (ap_q_mode)5, (ap_o_mode)3, 0>::ap_fixed_base(int)' into 'bool operator><8, 2, true, (ap_q_mode)5, (ap_o_mode)3, 0>(ap_fixed_base<8, 2, true, (ap_q_mode)5, (ap_o_mode)3, 0> const&, int)' (C:/Xilinx/Vitis_HLS/2021.2/common/technology/autopilot\ap_fixed_base.h:2274:9949)
INFO: [HLS 214-131] Inlining function 'bool ap_fixed_base<8, 2, true, (ap_q_mode)5, (ap_o_mode)3, 0>::operator><32, 32, true, (ap_q_mode)5, (ap_o_mode)3, 0>(ap_fixed_base<32, 32, true, (ap_q_mode)5, (ap_o_mode)3, 0> const&) const' into 'bool operator><8, 2, true, (ap_q_mode)5, (ap_o_mode)3, 0>(ap_fixed_base<8, 2, true, (ap_q_mode)5, (ap_o_mode)3, 0> const&, int)' (C:/Xilinx/Vitis_HLS/2021.2/common/technology/autopilot\ap_fixed_base.h:2274:9938)
INFO: [HLS 214-131] Inlining function 'bool operator><8, 2, true, (ap_q_mode)5, (ap_o_mode)3, 0>(ap_fixed_base<8, 2, true, (ap_q_mode)5, (ap_o_mode)3, 0> const&, int)' into 'void nnet::relu<nnet::array<ap_fixed<8, 2, (ap_q_mode)5, (ap_o_mode)3, 0>, 2u>, nnet::array<ap_fixed<8, 2, (ap_q_mode)5, (ap_o_mode)3, 0>, 2u>, relu_config3>(hls::stream<nnet::array<ap_fixed<8, 2, (ap_q_mode)5, (ap_o_mode)3, 0>, 2u>, 0>&, hls::stream<nnet::array<ap_fixed<8, 2, (ap_q_mode)5, (ap_o_mode)3, 0>, 2u>, 0>&)' (firmware/nnet_utils/nnet_activation_stream.h:51:17)
INFO: [HLS 214-131] Inlining function 'ap_fixed<8, 2, (ap_q_mode)5, (ap_o_mode)3, 0>::ap_fixed(int)' into 'void nnet::relu<nnet::array<ap_fixed<8, 2, (ap_q_mode)5, (ap_o_mode)3, 0>, 2u>, nnet::array<ap_fixed<8, 2, (ap_q_mode)5, (ap_o_mode)3, 0>, 2u>, relu_config3>(hls::stream<nnet::array<ap_fixed<8, 2, (ap_q_mode)5, (ap_o_mode)3, 0>, 2u>, 0>&, hls::stream<nnet::array<ap_fixed<8, 2, (ap_q_mode)5, (ap_o_mode)3, 0>, 2u>, 0>&)' (firmware/nnet_utils/nnet_activation_stream.h:54:31)
INFO: [HLS 214-131] Inlining function 'ap_fixed<8, 2, (ap_q_mode)5, (ap_o_mode)3, 0>::ap_fixed(int)' into 'void nnet::fill_zero<nnet::array<ap_fixed<8, 2, (ap_q_mode)5, (ap_o_mode)3, 0>, 2u>, config6>(hls::stream<nnet::array<ap_fixed<8, 2, (ap_q_mode)5, (ap_o_mode)3, 0>, 2u>, 0>&)' (firmware/nnet_utils/nnet_padding_stream.h:13:16)
INFO: [HLS 214-131] Inlining function 'void nnet::fill_zero<nnet::array<ap_fixed<8, 2, (ap_q_mode)5, (ap_o_mode)3, 0>, 2u>, config6>(hls::stream<nnet::array<ap_fixed<8, 2, (ap_q_mode)5, (ap_o_mode)3, 0>, 2u>, 0>&)' into 'void nnet::zeropad2d_cl<nnet::array<ap_fixed<8, 2, (ap_q_mode)5, (ap_o_mode)3, 0>, 2u>, nnet::array<ap_fixed<8, 2, (ap_q_mode)5, (ap_o_mode)3, 0>, 2u>, config6>(hls::stream<nnet::array<ap_fixed<8, 2, (ap_q_mode)5, (ap_o_mode)3, 0>, 2u>, 0>&, hls::stream<nnet::array<ap_fixed<8, 2, (ap_q_mode)5, (ap_o_mode)3, 0>, 2u>, 0>&)' (firmware/nnet_utils/nnet_padding_stream.h:54:13)
INFO: [HLS 214-131] Inlining function 'void nnet::fill_zero<nnet::array<ap_fixed<8, 2, (ap_q_mode)5, (ap_o_mode)3, 0>, 2u>, config6>(hls::stream<nnet::array<ap_fixed<8, 2, (ap_q_mode)5, (ap_o_mode)3, 0>, 2u>, 0>&)' into 'void nnet::zeropad2d_cl<nnet::array<ap_fixed<8, 2, (ap_q_mode)5, (ap_o_mode)3, 0>, 2u>, nnet::array<ap_fixed<8, 2, (ap_q_mode)5, (ap_o_mode)3, 0>, 2u>, config6>(hls::stream<nnet::array<ap_fixed<8, 2, (ap_q_mode)5, (ap_o_mode)3, 0>, 2u>, 0>&, hls::stream<nnet::array<ap_fixed<8, 2, (ap_q_mode)5, (ap_o_mode)3, 0>, 2u>, 0>&)' (firmware/nnet_utils/nnet_padding_stream.h:62:13)
INFO: [HLS 214-131] Inlining function 'void nnet::fill_data<nnet::array<ap_fixed<8, 2, (ap_q_mode)5, (ap_o_mode)3, 0>, 2u>, nnet::array<ap_fixed<8, 2, (ap_q_mode)5, (ap_o_mode)3, 0>, 2u>, config6>(hls::stream<nnet::array<ap_fixed<8, 2, (ap_q_mode)5, (ap_o_mode)3, 0>, 2u>, 0>&, hls::stream<nnet::array<ap_fixed<8, 2, (ap_q_mode)5, (ap_o_mode)3, 0>, 2u>, 0>&)' into 'void nnet::zeropad2d_cl<nnet::array<ap_fixed<8, 2, (ap_q_mode)5, (ap_o_mode)3, 0>, 2u>, nnet::array<ap_fixed<8, 2, (ap_q_mode)5, (ap_o_mode)3, 0>, 2u>, config6>(hls::stream<nnet::array<ap_fixed<8, 2, (ap_q_mode)5, (ap_o_mode)3, 0>, 2u>, 0>&, hls::stream<nnet::array<ap_fixed<8, 2, (ap_q_mode)5, (ap_o_mode)3, 0>, 2u>, 0>&)' (firmware/nnet_utils/nnet_padding_stream.h:66:13)
INFO: [HLS 214-131] Inlining function 'void nnet::fill_zero<nnet::array<ap_fixed<8, 2, (ap_q_mode)5, (ap_o_mode)3, 0>, 2u>, config6>(hls::stream<nnet::array<ap_fixed<8, 2, (ap_q_mode)5, (ap_o_mode)3, 0>, 2u>, 0>&)' into 'void nnet::zeropad2d_cl<nnet::array<ap_fixed<8, 2, (ap_q_mode)5, (ap_o_mode)3, 0>, 2u>, nnet::array<ap_fixed<8, 2, (ap_q_mode)5, (ap_o_mode)3, 0>, 2u>, config6>(hls::stream<nnet::array<ap_fixed<8, 2, (ap_q_mode)5, (ap_o_mode)3, 0>, 2u>, 0>&, hls::stream<nnet::array<ap_fixed<8, 2, (ap_q_mode)5, (ap_o_mode)3, 0>, 2u>, 0>&)' (firmware/nnet_utils/nnet_padding_stream.h:70:13)
INFO: [HLS 214-131] Inlining function 'void nnet::fill_zero<nnet::array<ap_fixed<8, 2, (ap_q_mode)5, (ap_o_mode)3, 0>, 2u>, config6>(hls::stream<nnet::array<ap_fixed<8, 2, (ap_q_mode)5, (ap_o_mode)3, 0>, 2u>, 0>&)' into 'void nnet::zeropad2d_cl<nnet::array<ap_fixed<8, 2, (ap_q_mode)5, (ap_o_mode)3, 0>, 2u>, nnet::array<ap_fixed<8, 2, (ap_q_mode)5, (ap_o_mode)3, 0>, 2u>, config6>(hls::stream<nnet::array<ap_fixed<8, 2, (ap_q_mode)5, (ap_o_mode)3, 0>, 2u>, 0>&, hls::stream<nnet::array<ap_fixed<8, 2, (ap_q_mode)5, (ap_o_mode)3, 0>, 2u>, 0>&)' (firmware/nnet_utils/nnet_padding_stream.h:78:13)
INFO: [HLS 214-131] Inlining function 'ap_shift_reg<ap_fixed<8, 2, (ap_q_mode)5, (ap_o_mode)3, 0>, 164u>::shift(ap_fixed<8, 2, (ap_q_mode)5, (ap_o_mode)3, 0>, unsigned int, bool)' into 'void nnet::shift_line_buffer<nnet::array<ap_fixed<8, 2, (ap_q_mode)5, (ap_o_mode)3, 0>, 2u>, config4>(nnet::array<ap_fixed<8, 2, (ap_q_mode)5, (ap_o_mode)3, 0>, 2u> const&, ap_shift_reg<nnet::array<ap_fixed<8, 2, (ap_q_mode)5, (ap_o_mode)3, 0>, 2u>::value_type, config4::in_width> (*) [config4::n_chan], nnet::array<ap_fixed<8, 2, (ap_q_mode)5, (ap_o_mode)3, 0>, 2u>::value_type*)' (firmware/nnet_utils/nnet_conv_stream.h:241:69)
INFO: [HLS 214-131] Inlining function 'void nnet::kernel_shift_2d<nnet::array<ap_fixed<8, 2, (ap_q_mode)5, (ap_o_mode)3, 0>, 2u>, config4>(nnet::array<ap_fixed<8, 2, (ap_q_mode)5, (ap_o_mode)3, 0>, 2u>::value_type (*) [config4::n_chan], nnet::array<ap_fixed<8, 2, (ap_q_mode)5, (ap_o_mode)3, 0>, 2u>::value_type*)' into 'void nnet::shift_line_buffer<nnet::array<ap_fixed<8, 2, (ap_q_mode)5, (ap_o_mode)3, 0>, 2u>, config4>(nnet::array<ap_fixed<8, 2, (ap_q_mode)5, (ap_o_mode)3, 0>, 2u> const&, ap_shift_reg<nnet::array<ap_fixed<8, 2, (ap_q_mode)5, (ap_o_mode)3, 0>, 2u>::value_type, config4::in_width> (*) [config4::n_chan], nnet::array<ap_fixed<8, 2, (ap_q_mode)5, (ap_o_mode)3, 0>, 2u>::value_type*)' (firmware/nnet_utils/nnet_conv_stream.h:247:5)
INFO: [HLS 214-131] Inlining function 'ap_fixed<8, 2, (ap_q_mode)5, (ap_o_mode)3, 0>::ap_fixed<1, false>(ap_int_base<1, false> const&)' into 'void nnet::dense_resource_rf_leq_nin<ap_fixed<8, 2, (ap_q_mode)5, (ap_o_mode)3, 0>, ap_fixed<8, 2, (ap_q_mode)5, (ap_o_mode)3, 0>, config4_mult>(ap_fixed<8, 2, (ap_q_mode)5, (ap_o_mode)3, 0>*, ap_fixed<8, 2, (ap_q_mode)5, (ap_o_mode)3, 0>*, config4_mult::weight_t*, config4_mult::bias_t*)' (firmware/nnet_utils/nnet_dense_resource.h:42:14)
INFO: [HLS 214-131] Inlining function 'nnet::product::mult<ap_fixed<8, 2, (ap_q_mode)5, (ap_o_mode)3, 0>, ap_fixed<8, 2, (ap_q_mode)5, (ap_o_mode)3, 0> >::product(ap_fixed<8, 2, (ap_q_mode)5, (ap_o_mode)3, 0>, ap_fixed<8, 2, (ap_q_mode)5, (ap_o_mode)3, 0>)' into 'void nnet::dense_resource_rf_leq_nin<ap_fixed<8, 2, (ap_q_mode)5, (ap_o_mode)3, 0>, ap_fixed<8, 2, (ap_q_mode)5, (ap_o_mode)3, 0>, config4_mult>(ap_fixed<8, 2, (ap_q_mode)5, (ap_o_mode)3, 0>*, ap_fixed<8, 2, (ap_q_mode)5, (ap_o_mode)3, 0>*, config4_mult::weight_t*, config4_mult::bias_t*)' (firmware/nnet_utils/nnet_dense_resource.h:59:17)
INFO: [HLS 214-131] Inlining function 'ap_fixed_base<8, 2, true, (ap_q_mode)5, (ap_o_mode)3, 0>& ap_fixed_base<8, 2, true, (ap_q_mode)5, (ap_o_mode)3, 0>::operator+=<8, 2, true, (ap_q_mode)5, (ap_o_mode)3, 0>(ap_fixed_base<8, 2, true, (ap_q_mode)5, (ap_o_mode)3, 0> const&)' into 'void nnet::dense_resource_rf_leq_nin<ap_fixed<8, 2, (ap_q_mode)5, (ap_o_mode)3, 0>, ap_fixed<8, 2, (ap_q_mode)5, (ap_o_mode)3, 0>, config4_mult>(ap_fixed<8, 2, (ap_q_mode)5, (ap_o_mode)3, 0>*, ap_fixed<8, 2, (ap_q_mode)5, (ap_o_mode)3, 0>*, config4_mult::weight_t*, config4_mult::bias_t*)' (firmware/nnet_utils/nnet_dense_resource.h:58:17)
INFO: [HLS 214-131] Inlining function 'ap_fixed<8, 2, (ap_q_mode)5, (ap_o_mode)3, 0>::ap_fixed<16, 4, true, (ap_q_mode)5, (ap_o_mode)3, 0>(ap_fixed_base<16, 4, true, (ap_q_mode)5, (ap_o_mode)3, 0> const&)' into 'void nnet::dense_resource_rf_leq_nin<ap_fixed<8, 2, (ap_q_mode)5, (ap_o_mode)3, 0>, ap_fixed<8, 2, (ap_q_mode)5, (ap_o_mode)3, 0>, config4_mult>(ap_fixed<8, 2, (ap_q_mode)5, (ap_o_mode)3, 0>*, ap_fixed<8, 2, (ap_q_mode)5, (ap_o_mode)3, 0>*, config4_mult::weight_t*, config4_mult::bias_t*)' (firmware/nnet_utils/nnet_dense_resource.h:58:20)
INFO: [HLS 214-131] Inlining function 'nnet::DenseResource_rf_leq_nin<ap_fixed<8, 2, (ap_q_mode)5, (ap_o_mode)3, 0>, ap_fixed<8, 2, (ap_q_mode)5, (ap_o_mode)3, 0>, config4_mult>::dense(ap_fixed<8, 2, (ap_q_mode)5, (ap_o_mode)3, 0>*, ap_fixed<8, 2, (ap_q_mode)5, (ap_o_mode)3, 0>*, ap_fixed<8, 2, (ap_q_mode)5, (ap_o_mode)3, 0>*, ap_uint<1>*)' into 'void nnet::compute_output_buffer_2d<nnet::array<ap_fixed<8, 2, (ap_q_mode)5, (ap_o_mode)3, 0>, 2u>, nnet::array<ap_fixed<8, 2, (ap_q_mode)5, (ap_o_mode)3, 0>, 1u>, config4>(nnet::array<ap_fixed<8, 2, (ap_q_mode)5, (ap_o_mode)3, 0>, 2u> const&, ap_shift_reg<nnet::array<ap_fixed<8, 2, (ap_q_mode)5, (ap_o_mode)3, 0>, 2u>::value_type, config4::in_width> (*) [config4::n_chan], hls::stream<nnet::array<ap_fixed<8, 2, (ap_q_mode)5, (ap_o_mode)3, 0>, 1u>, 0>&, config4::weight_t*, config4::bias_t*)' (firmware/nnet_utils/nnet_conv_stream.h:288:9)
INFO: [HLS 214-131] Inlining function 'ap_shift_reg<ap_fixed<8, 2, (ap_q_mode)5, (ap_o_mode)3, 0>, 164u>::ap_shift_reg()' into 'void nnet::conv_2d_buffer_cl<nnet::array<ap_fixed<8, 2, (ap_q_mode)5, (ap_o_mode)3, 0>, 2u>, nnet::array<ap_fixed<8, 2, (ap_q_mode)5, (ap_o_mode)3, 0>, 1u>, config4>(hls::stream<nnet::array<ap_fixed<8, 2, (ap_q_mode)5, (ap_o_mode)3, 0>, 2u>, 0>&, hls::stream<nnet::array<ap_fixed<8, 2, (ap_q_mode)5, (ap_o_mode)3, 0>, 1u>, 0>&, config4::weight_t*, config4::bias_t*)' (firmware/nnet_utils/nnet_conv2d_stream.h:75:74)
INFO: [HLS 214-291] Loop 'MultLoop' is marked as complete unroll implied by the pipeline pragma (firmware/nnet_utils/nnet_dense_resource.h:55:9)
INFO: [HLS 214-291] Loop 'KernelPushHeight' is marked as complete unroll implied by the pipeline pragma (firmware/nnet_utils/nnet_conv_stream.h:205:5)
INFO: [HLS 214-291] Loop 'KernelPushChannel' is marked as complete unroll implied by the pipeline pragma (firmware/nnet_utils/nnet_conv_stream.h:208:9)
INFO: [HLS 214-291] Loop 'KernelShiftWidth' is marked as complete unroll implied by the pipeline pragma (firmware/nnet_utils/nnet_conv_stream.h:189:5)
INFO: [HLS 214-291] Loop 'KernelShiftHeight' is marked as complete unroll implied by the pipeline pragma (firmware/nnet_utils/nnet_conv_stream.h:192:9)
INFO: [HLS 214-291] Loop 'KernelShiftChannel' is marked as complete unroll implied by the pipeline pragma (firmware/nnet_utils/nnet_conv_stream.h:194:13)
INFO: [HLS 214-291] Loop 'LineBufferDataIn' is marked as complete unroll implied by the pipeline pragma (firmware/nnet_utils/nnet_conv_stream.h:236:5)
INFO: [HLS 214-291] Loop 'LineBufferShift' is marked as complete unroll implied by the pipeline pragma (firmware/nnet_utils/nnet_conv_stream.h:239:9)
INFO: [HLS 214-291] Loop 'UpdateBuffer' is marked as complete unroll implied by the pipeline pragma (firmware/nnet_utils/nnet_conv_stream.h:228:5)
INFO: [HLS 214-291] Loop 'anonymous' is marked as complete unroll implied by the pipeline pragma (firmware/nnet_utils/nnet_conv_stream.h:224:30)
INFO: [HLS 214-291] Loop 'ReLUPackLoop' is marked as complete unroll implied by the pipeline pragma (firmware/nnet_utils/nnet_activation_stream.h:49:9)
INFO: [HLS 214-291] Loop 'MultLoop' is marked as complete unroll implied by the pipeline pragma (firmware/nnet_utils/nnet_dense_resource.h:142:9)
INFO: [HLS 214-186] Unrolling loop 'CastLoop' (firmware/nnet_utils/nnet_conv_stream.h:293:9) in function 'nnet::compute_output_buffer_2d<nnet::array<ap_fixed<8, 2, (ap_q_mode)5, (ap_o_mode)3, 0>, 2u>, nnet::array<ap_fixed<8, 2, (ap_q_mode)5, (ap_o_mode)3, 0>, 1u>, config4>' completely with a factor of 1 (firmware/nnet_utils/nnet_conv_stream.h:257:0)
INFO: [HLS 214-186] Unrolling loop 'Result' (firmware/nnet_utils/nnet_dense_resource.h:80:5) in function 'nnet::dense_resource_rf_leq_nin<ap_fixed<8, 2, (ap_q_mode)5, (ap_o_mode)3, 0>, ap_fixed<8, 2, (ap_q_mode)5, (ap_o_mode)3, 0>, config4_mult>' completely with a factor of 1 (firmware/nnet_utils/nnet_dense_resource.h:15:0)
INFO: [HLS 214-186] Unrolling loop 'MultLoop' (firmware/nnet_utils/nnet_dense_resource.h:55:9) in function 'nnet::dense_resource_rf_leq_nin<ap_fixed<8, 2, (ap_q_mode)5, (ap_o_mode)3, 0>, ap_fixed<8, 2, (ap_q_mode)5, (ap_o_mode)3, 0>, config4_mult>' completely with a factor of 1 (firmware/nnet_utils/nnet_dense_resource.h:15:0)
INFO: [HLS 214-186] Unrolling loop 'InitAccum' (firmware/nnet_utils/nnet_dense_resource.h:40:5) in function 'nnet::dense_resource_rf_leq_nin<ap_fixed<8, 2, (ap_q_mode)5, (ap_o_mode)3, 0>, ap_fixed<8, 2, (ap_q_mode)5, (ap_o_mode)3, 0>, config4_mult>' completely with a factor of 1 (firmware/nnet_utils/nnet_dense_resource.h:15:0)
INFO: [HLS 214-186] Unrolling loop 'KernelPushHeight' (firmware/nnet_utils/nnet_conv_stream.h:205:5) in function 'nnet::shift_line_buffer<nnet::array<ap_fixed<8, 2, (ap_q_mode)5, (ap_o_mode)3, 0>, 2u>, config4>' completely with a factor of 3 (firmware/nnet_utils/nnet_conv_stream.h:219:0)
INFO: [HLS 214-186] Unrolling loop 'KernelPushChannel' (firmware/nnet_utils/nnet_conv_stream.h:208:9) in function 'nnet::shift_line_buffer<nnet::array<ap_fixed<8, 2, (ap_q_mode)5, (ap_o_mode)3, 0>, 2u>, config4>' completely with a factor of 2 (firmware/nnet_utils/nnet_conv_stream.h:219:0)
INFO: [HLS 214-186] Unrolling loop 'KernelShiftWidth' (firmware/nnet_utils/nnet_conv_stream.h:189:5) in function 'nnet::shift_line_buffer<nnet::array<ap_fixed<8, 2, (ap_q_mode)5, (ap_o_mode)3, 0>, 2u>, config4>' completely with a factor of 2 (firmware/nnet_utils/nnet_conv_stream.h:219:0)
WARNING: [HLS 214-189] Pipeline directive for loop 'KernelShiftWidth' (firmware/nnet_utils/nnet_conv_stream.h:189:5) in function 'nnet::shift_line_buffer<nnet::array<ap_fixed<8, 2, (ap_q_mode)5, (ap_o_mode)3, 0>, 2u>, config4>' has been removed because the loop is unrolled completely (firmware/nnet_utils/nnet_conv_stream.h:219:0)
INFO: [HLS 214-186] Unrolling loop 'KernelShiftHeight' (firmware/nnet_utils/nnet_conv_stream.h:192:9) in function 'nnet::shift_line_buffer<nnet::array<ap_fixed<8, 2, (ap_q_mode)5, (ap_o_mode)3, 0>, 2u>, config4>' completely with a factor of 3 (firmware/nnet_utils/nnet_conv_stream.h:219:0)
INFO: [HLS 214-186] Unrolling loop 'KernelShiftChannel' (firmware/nnet_utils/nnet_conv_stream.h:194:13) in function 'nnet::shift_line_buffer<nnet::array<ap_fixed<8, 2, (ap_q_mode)5, (ap_o_mode)3, 0>, 2u>, config4>' completely with a factor of 2 (firmware/nnet_utils/nnet_conv_stream.h:219:0)
INFO: [HLS 214-186] Unrolling loop 'LineBufferDataIn' (firmware/nnet_utils/nnet_conv_stream.h:236:5) in function 'nnet::shift_line_buffer<nnet::array<ap_fixed<8, 2, (ap_q_mode)5, (ap_o_mode)3, 0>, 2u>, config4>' completely with a factor of 2 (firmware/nnet_utils/nnet_conv_stream.h:219:0)
INFO: [HLS 214-186] Unrolling loop 'LineBufferShift' (firmware/nnet_utils/nnet_conv_stream.h:239:9) in function 'nnet::shift_line_buffer<nnet::array<ap_fixed<8, 2, (ap_q_mode)5, (ap_o_mode)3, 0>, 2u>, config4>' completely with a factor of 2 (firmware/nnet_utils/nnet_conv_stream.h:219:0)
INFO: [HLS 214-186] Unrolling loop 'UpdateBuffer' (firmware/nnet_utils/nnet_conv_stream.h:228:5) in function 'nnet::shift_line_buffer<nnet::array<ap_fixed<8, 2, (ap_q_mode)5, (ap_o_mode)3, 0>, 2u>, config4>' completely with a factor of 2 (firmware/nnet_utils/nnet_conv_stream.h:219:0)
INFO: [HLS 214-186] Unrolling loop 'anonymous' (firmware/nnet_utils/nnet_conv_stream.h:224:30) in function 'nnet::shift_line_buffer<nnet::array<ap_fixed<8, 2, (ap_q_mode)5, (ap_o_mode)3, 0>, 2u>, config4>' completely with a factor of 3 (firmware/nnet_utils/nnet_conv_stream.h:219:0)
INFO: [HLS 214-186] Unrolling loop 'anonymous' (firmware/nnet_utils/nnet_conv_stream.h:224:30) in function 'nnet::shift_line_buffer<nnet::array<ap_fixed<8, 2, (ap_q_mode)5, (ap_o_mode)3, 0>, 2u>, config4>' completely with a factor of 2 (firmware/nnet_utils/nnet_conv_stream.h:219:0)
INFO: [HLS 214-186] Unrolling loop 'VITIS_LOOP_11_1' (firmware/nnet_utils/nnet_padding_stream.h:11:22) in function 'nnet::zeropad2d_cl<nnet::array<ap_fixed<8, 2, (ap_q_mode)5, (ap_o_mode)3, 0>, 2u>, nnet::array<ap_fixed<8, 2, (ap_q_mode)5, (ap_o_mode)3, 0>, 2u>, config6>' completely with a factor of 2 (firmware/nnet_utils/nnet_padding_stream.h:48:0)
INFO: [HLS 214-186] Unrolling loop 'VITIS_LOOP_22_1' (firmware/nnet_utils/nnet_padding_stream.h:22:22) in function 'nnet::zeropad2d_cl<nnet::array<ap_fixed<8, 2, (ap_q_mode)5, (ap_o_mode)3, 0>, 2u>, nnet::array<ap_fixed<8, 2, (ap_q_mode)5, (ap_o_mode)3, 0>, 2u>, config6>' completely with a factor of 2 (firmware/nnet_utils/nnet_padding_stream.h:48:0)
INFO: [HLS 214-186] Unrolling loop 'ReLUPackLoop' (firmware/nnet_utils/nnet_activation_stream.h:49:9) in function 'nnet::relu<nnet::array<ap_fixed<8, 2, (ap_q_mode)5, (ap_o_mode)3, 0>, 2u>, nnet::array<ap_fixed<8, 2, (ap_q_mode)5, (ap_o_mode)3, 0>, 2u>, relu_config3>' completely with a factor of 2 (firmware/nnet_utils/nnet_activation_stream.h:39:0)
INFO: [HLS 214-186] Unrolling loop 'CastLoop' (firmware/nnet_utils/nnet_conv_stream.h:293:9) in function 'nnet::compute_output_buffer_2d<nnet::array<ap_fixed<8, 2, (ap_q_mode)5, (ap_o_mode)3, 0>, 1u>, nnet::array<ap_fixed<8, 2, (ap_q_mode)5, (ap_o_mode)3, 0>, 2u>, config2>' completely with a factor of 2 (firmware/nnet_utils/nnet_conv_stream.h:257:0)
INFO: [HLS 214-186] Unrolling loop 'Result' (firmware/nnet_utils/nnet_dense_resource.h:162:5) in function 'nnet::dense_resource_rf_gt_nin_rem0<ap_fixed<8, 2, (ap_q_mode)5, (ap_o_mode)3, 0>, ap_fixed<8, 2, (ap_q_mode)5, (ap_o_mode)3, 0>, config2_mult>' completely with a factor of 2 (firmware/nnet_utils/nnet_dense_resource.h:89:0)
INFO: [HLS 214-186] Unrolling loop 'MultLoop' (firmware/nnet_utils/nnet_dense_resource.h:142:9) in function 'nnet::dense_resource_rf_gt_nin_rem0<ap_fixed<8, 2, (ap_q_mode)5, (ap_o_mode)3, 0>, ap_fixed<8, 2, (ap_q_mode)5, (ap_o_mode)3, 0>, config2_mult>' completely with a factor of 1 (firmware/nnet_utils/nnet_dense_resource.h:89:0)
INFO: [HLS 214-186] Unrolling loop 'InitAccum' (firmware/nnet_utils/nnet_dense_resource.h:114:5) in function 'nnet::dense_resource_rf_gt_nin_rem0<ap_fixed<8, 2, (ap_q_mode)5, (ap_o_mode)3, 0>, ap_fixed<8, 2, (ap_q_mode)5, (ap_o_mode)3, 0>, config2_mult>' completely with a factor of 2 (firmware/nnet_utils/nnet_dense_resource.h:89:0)
INFO: [HLS 214-186] Unrolling loop 'KernelPushHeight' (firmware/nnet_utils/nnet_conv_stream.h:205:5) in function 'nnet::shift_line_buffer<nnet::array<ap_fixed<8, 2, (ap_q_mode)5, (ap_o_mode)3, 0>, 1u>, config2>' completely with a factor of 3 (firmware/nnet_utils/nnet_conv_stream.h:219:0)
INFO: [HLS 214-186] Unrolling loop 'KernelPushChannel' (firmware/nnet_utils/nnet_conv_stream.h:208:9) in function 'nnet::shift_line_buffer<nnet::array<ap_fixed<8, 2, (ap_q_mode)5, (ap_o_mode)3, 0>, 1u>, config2>' completely with a factor of 1 (firmware/nnet_utils/nnet_conv_stream.h:219:0)
INFO: [HLS 214-186] Unrolling loop 'KernelShiftWidth' (firmware/nnet_utils/nnet_conv_stream.h:189:5) in function 'nnet::shift_line_buffer<nnet::array<ap_fixed<8, 2, (ap_q_mode)5, (ap_o_mode)3, 0>, 1u>, config2>' completely with a factor of 2 (firmware/nnet_utils/nnet_conv_stream.h:219:0)
WARNING: [HLS 214-189] Pipeline directive for loop 'KernelShiftWidth' (firmware/nnet_utils/nnet_conv_stream.h:189:5) in function 'nnet::shift_line_buffer<nnet::array<ap_fixed<8, 2, (ap_q_mode)5, (ap_o_mode)3, 0>, 1u>, config2>' has been removed because the loop is unrolled completely (firmware/nnet_utils/nnet_conv_stream.h:219:0)
INFO: [HLS 214-186] Unrolling loop 'KernelShiftHeight' (firmware/nnet_utils/nnet_conv_stream.h:192:9) in function 'nnet::shift_line_buffer<nnet::array<ap_fixed<8, 2, (ap_q_mode)5, (ap_o_mode)3, 0>, 1u>, config2>' completely with a factor of 3 (firmware/nnet_utils/nnet_conv_stream.h:219:0)
INFO: [HLS 214-186] Unrolling loop 'KernelShiftChannel' (firmware/nnet_utils/nnet_conv_stream.h:194:13) in function 'nnet::shift_line_buffer<nnet::array<ap_fixed<8, 2, (ap_q_mode)5, (ap_o_mode)3, 0>, 1u>, config2>' completely with a factor of 1 (firmware/nnet_utils/nnet_conv_stream.h:219:0)
INFO: [HLS 214-186] Unrolling loop 'LineBufferDataIn' (firmware/nnet_utils/nnet_conv_stream.h:236:5) in function 'nnet::shift_line_buffer<nnet::array<ap_fixed<8, 2, (ap_q_mode)5, (ap_o_mode)3, 0>, 1u>, config2>' completely with a factor of 1 (firmware/nnet_utils/nnet_conv_stream.h:219:0)
INFO: [HLS 214-186] Unrolling loop 'LineBufferShift' (firmware/nnet_utils/nnet_conv_stream.h:239:9) in function 'nnet::shift_line_buffer<nnet::array<ap_fixed<8, 2, (ap_q_mode)5, (ap_o_mode)3, 0>, 1u>, config2>' completely with a factor of 2 (firmware/nnet_utils/nnet_conv_stream.h:219:0)
INFO: [HLS 214-186] Unrolling loop 'UpdateBuffer' (firmware/nnet_utils/nnet_conv_stream.h:228:5) in function 'nnet::shift_line_buffer<nnet::array<ap_fixed<8, 2, (ap_q_mode)5, (ap_o_mode)3, 0>, 1u>, config2>' completely with a factor of 1 (firmware/nnet_utils/nnet_conv_stream.h:219:0)
INFO: [HLS 214-186] Unrolling loop 'anonymous' (firmware/nnet_utils/nnet_conv_stream.h:224:30) in function 'nnet::shift_line_buffer<nnet::array<ap_fixed<8, 2, (ap_q_mode)5, (ap_o_mode)3, 0>, 1u>, config2>' completely with a factor of 3 (firmware/nnet_utils/nnet_conv_stream.h:219:0)
INFO: [HLS 214-186] Unrolling loop 'anonymous' (firmware/nnet_utils/nnet_conv_stream.h:224:30) in function 'nnet::shift_line_buffer<nnet::array<ap_fixed<8, 2, (ap_q_mode)5, (ap_o_mode)3, 0>, 1u>, config2>' completely with a factor of 1 (firmware/nnet_utils/nnet_conv_stream.h:219:0)
INFO: [HLS 214-186] Unrolling loop 'VITIS_LOOP_11_1' (firmware/nnet_utils/nnet_padding_stream.h:11:22) in function 'nnet::zeropad2d_cl<nnet::array<ap_fixed<8, 2, (ap_q_mode)5, (ap_o_mode)3, 0>, 1u>, nnet::array<ap_fixed<8, 2, (ap_q_mode)5, (ap_o_mode)3, 0>, 1u>, config5>' completely with a factor of 1 (firmware/nnet_utils/nnet_padding_stream.h:48:0)
INFO: [HLS 214-186] Unrolling loop 'VITIS_LOOP_22_1' (firmware/nnet_utils/nnet_padding_stream.h:22:22) in function 'nnet::zeropad2d_cl<nnet::array<ap_fixed<8, 2, (ap_q_mode)5, (ap_o_mode)3, 0>, 1u>, nnet::array<ap_fixed<8, 2, (ap_q_mode)5, (ap_o_mode)3, 0>, 1u>, config5>' completely with a factor of 1 (firmware/nnet_utils/nnet_padding_stream.h:48:0)
INFO: [HLS 214-178] Inlining function 'nnet::array<ap_fixed<8, 2, (ap_q_mode)5, (ap_o_mode)3, 0>, 1u>::operator[](unsigned long)' into 'void nnet::zeropad2d_cl<nnet::array<ap_fixed<8, 2, (ap_q_mode)5, (ap_o_mode)3, 0>, 1u>, nnet::array<ap_fixed<8, 2, (ap_q_mode)5, (ap_o_mode)3, 0>, 1u>, config5>(hls::stream<nnet::array<ap_fixed<8, 2, (ap_q_mode)5, (ap_o_mode)3, 0>, 1u>, 0>&, hls::stream<nnet::array<ap_fixed<8, 2, (ap_q_mode)5, (ap_o_mode)3, 0>, 1u>, 0>&)' (firmware/nnet_utils/nnet_padding_stream.h:48:0)
INFO: [HLS 214-178] Inlining function 'nnet::array<ap_fixed<8, 2, (ap_q_mode)5, (ap_o_mode)3, 0>, 1u>::operator[](unsigned long) const' into 'void nnet::shift_line_buffer<nnet::array<ap_fixed<8, 2, (ap_q_mode)5, (ap_o_mode)3, 0>, 1u>, config2>(nnet::array<ap_fixed<8, 2, (ap_q_mode)5, (ap_o_mode)3, 0>, 1u> const&, ap_shift_reg<nnet::array<ap_fixed<8, 2, (ap_q_mode)5, (ap_o_mode)3, 0>, 1u>::value_type, config2::in_width> (*) [config2::n_chan], nnet::array<ap_fixed<8, 2, (ap_q_mode)5, (ap_o_mode)3, 0>, 1u>::value_type*)' (firmware/nnet_utils/nnet_conv_stream.h:219:0)
INFO: [HLS 214-178] Inlining function 'std::enable_if<!(std::is_same<ap_fixed<8, 2, (ap_q_mode)5, (ap_o_mode)3, 0>, ap_uint<1> >::value), ap_fixed<8, 2, (ap_q_mode)5, (ap_o_mode)3, 0> >::type nnet::cast<ap_fixed<8, 2, (ap_q_mode)5, (ap_o_mode)3, 0>, ap_fixed<8, 2, (ap_q_mode)5, (ap_o_mode)3, 0>, config2_mult>(config2_mult::accum_t)' into 'void nnet::dense_resource_rf_gt_nin_rem0<ap_fixed<8, 2, (ap_q_mode)5, (ap_o_mode)3, 0>, ap_fixed<8, 2, (ap_q_mode)5, (ap_o_mode)3, 0>, config2_mult>(ap_fixed<8, 2, (ap_q_mode)5, (ap_o_mode)3, 0>*, ap_fixed<8, 2, (ap_q_mode)5, (ap_o_mode)3, 0>*, config2_mult::weight_t*, config2_mult::bias_t*)' (firmware/nnet_utils/nnet_dense_resource.h:89:0)
INFO: [HLS 214-178] Inlining function 'nnet::array<ap_fixed<8, 2, (ap_q_mode)5, (ap_o_mode)3, 0>, 2u>::operator[](unsigned long)' into 'void nnet::compute_output_buffer_2d<nnet::array<ap_fixed<8, 2, (ap_q_mode)5, (ap_o_mode)3, 0>, 1u>, nnet::array<ap_fixed<8, 2, (ap_q_mode)5, (ap_o_mode)3, 0>, 2u>, config2>(nnet::array<ap_fixed<8, 2, (ap_q_mode)5, (ap_o_mode)3, 0>, 1u> const&, ap_shift_reg<nnet::array<ap_fixed<8, 2, (ap_q_mode)5, (ap_o_mode)3, 0>, 1u>::value_type, config2::in_width> (*) [config2::n_chan], hls::stream<nnet::array<ap_fixed<8, 2, (ap_q_mode)5, (ap_o_mode)3, 0>, 2u>, 0>&, config2::weight_t*, config2::bias_t*)' (firmware/nnet_utils/nnet_conv_stream.h:257:0)
INFO: [HLS 214-178] Inlining function 'void nnet::conv_2d_buffer_cl<nnet::array<ap_fixed<8, 2, (ap_q_mode)5, (ap_o_mode)3, 0>, 1u>, nnet::array<ap_fixed<8, 2, (ap_q_mode)5, (ap_o_mode)3, 0>, 2u>, config2>(hls::stream<nnet::array<ap_fixed<8, 2, (ap_q_mode)5, (ap_o_mode)3, 0>, 1u>, 0>&, hls::stream<nnet::array<ap_fixed<8, 2, (ap_q_mode)5, (ap_o_mode)3, 0>, 2u>, 0>&, config2::weight_t*, config2::bias_t*)' into 'void nnet::conv_2d_cl<nnet::array<ap_fixed<8, 2, (ap_q_mode)5, (ap_o_mode)3, 0>, 1u>, nnet::array<ap_fixed<8, 2, (ap_q_mode)5, (ap_o_mode)3, 0>, 2u>, config2>(hls::stream<nnet::array<ap_fixed<8, 2, (ap_q_mode)5, (ap_o_mode)3, 0>, 1u>, 0>&, hls::stream<nnet::array<ap_fixed<8, 2, (ap_q_mode)5, (ap_o_mode)3, 0>, 2u>, 0>&, config2::weight_t*, config2::bias_t*)' (firmware/nnet_utils/nnet_conv2d_stream.h:105:0)
INFO: [HLS 214-178] Inlining function 'nnet::array<ap_fixed<8, 2, (ap_q_mode)5, (ap_o_mode)3, 0>, 2u>::operator[](unsigned long)' into 'void nnet::relu<nnet::array<ap_fixed<8, 2, (ap_q_mode)5, (ap_o_mode)3, 0>, 2u>, nnet::array<ap_fixed<8, 2, (ap_q_mode)5, (ap_o_mode)3, 0>, 2u>, relu_config3>(hls::stream<nnet::array<ap_fixed<8, 2, (ap_q_mode)5, (ap_o_mode)3, 0>, 2u>, 0>&, hls::stream<nnet::array<ap_fixed<8, 2, (ap_q_mode)5, (ap_o_mode)3, 0>, 2u>, 0>&)' (firmware/nnet_utils/nnet_activation_stream.h:39:0)
INFO: [HLS 214-178] Inlining function 'nnet::array<ap_fixed<8, 2, (ap_q_mode)5, (ap_o_mode)3, 0>, 2u>::operator[](unsigned long)' into 'void nnet::zeropad2d_cl<nnet::array<ap_fixed<8, 2, (ap_q_mode)5, (ap_o_mode)3, 0>, 2u>, nnet::array<ap_fixed<8, 2, (ap_q_mode)5, (ap_o_mode)3, 0>, 2u>, config6>(hls::stream<nnet::array<ap_fixed<8, 2, (ap_q_mode)5, (ap_o_mode)3, 0>, 2u>, 0>&, hls::stream<nnet::array<ap_fixed<8, 2, (ap_q_mode)5, (ap_o_mode)3, 0>, 2u>, 0>&)' (firmware/nnet_utils/nnet_padding_stream.h:48:0)
INFO: [HLS 214-178] Inlining function 'nnet::array<ap_fixed<8, 2, (ap_q_mode)5, (ap_o_mode)3, 0>, 2u>::operator[](unsigned long) const' into 'void nnet::shift_line_buffer<nnet::array<ap_fixed<8, 2, (ap_q_mode)5, (ap_o_mode)3, 0>, 2u>, config4>(nnet::array<ap_fixed<8, 2, (ap_q_mode)5, (ap_o_mode)3, 0>, 2u> const&, ap_shift_reg<nnet::array<ap_fixed<8, 2, (ap_q_mode)5, (ap_o_mode)3, 0>, 2u>::value_type, config4::in_width> (*) [config4::n_chan], nnet::array<ap_fixed<8, 2, (ap_q_mode)5, (ap_o_mode)3, 0>, 2u>::value_type*)' (firmware/nnet_utils/nnet_conv_stream.h:219:0)
INFO: [HLS 214-178] Inlining function 'std::enable_if<!(std::is_same<ap_fixed<8, 2, (ap_q_mode)5, (ap_o_mode)3, 0>, ap_uint<1> >::value), ap_fixed<8, 2, (ap_q_mode)5, (ap_o_mode)3, 0> >::type nnet::cast<ap_fixed<8, 2, (ap_q_mode)5, (ap_o_mode)3, 0>, ap_fixed<8, 2, (ap_q_mode)5, (ap_o_mode)3, 0>, config4_mult>(config4_mult::accum_t)' into 'void nnet::dense_resource_rf_leq_nin<ap_fixed<8, 2, (ap_q_mode)5, (ap_o_mode)3, 0>, ap_fixed<8, 2, (ap_q_mode)5, (ap_o_mode)3, 0>, config4_mult>(ap_fixed<8, 2, (ap_q_mode)5, (ap_o_mode)3, 0>*, ap_fixed<8, 2, (ap_q_mode)5, (ap_o_mode)3, 0>*, config4_mult::weight_t*, config4_mult::bias_t*)' (firmware/nnet_utils/nnet_dense_resource.h:15:0)
INFO: [HLS 214-178] Inlining function 'nnet::array<ap_fixed<8, 2, (ap_q_mode)5, (ap_o_mode)3, 0>, 1u>::operator[](unsigned long)' into 'void nnet::compute_output_buffer_2d<nnet::array<ap_fixed<8, 2, (ap_q_mode)5, (ap_o_mode)3, 0>, 2u>, nnet::array<ap_fixed<8, 2, (ap_q_mode)5, (ap_o_mode)3, 0>, 1u>, config4>(nnet::array<ap_fixed<8, 2, (ap_q_mode)5, (ap_o_mode)3, 0>, 2u> const&, ap_shift_reg<nnet::array<ap_fixed<8, 2, (ap_q_mode)5, (ap_o_mode)3, 0>, 2u>::value_type, config4::in_width> (*) [config4::n_chan], hls::stream<nnet::array<ap_fixed<8, 2, (ap_q_mode)5, (ap_o_mode)3, 0>, 1u>, 0>&, config4::weight_t*, config4::bias_t*)' (firmware/nnet_utils/nnet_conv_stream.h:257:0)
INFO: [HLS 214-178] Inlining function 'void nnet::conv_2d_buffer_cl<nnet::array<ap_fixed<8, 2, (ap_q_mode)5, (ap_o_mode)3, 0>, 2u>, nnet::array<ap_fixed<8, 2, (ap_q_mode)5, (ap_o_mode)3, 0>, 1u>, config4>(hls::stream<nnet::array<ap_fixed<8, 2, (ap_q_mode)5, (ap_o_mode)3, 0>, 2u>, 0>&, hls::stream<nnet::array<ap_fixed<8, 2, (ap_q_mode)5, (ap_o_mode)3, 0>, 1u>, 0>&, config4::weight_t*, config4::bias_t*)' into 'void nnet::conv_2d_cl<nnet::array<ap_fixed<8, 2, (ap_q_mode)5, (ap_o_mode)3, 0>, 2u>, nnet::array<ap_fixed<8, 2, (ap_q_mode)5, (ap_o_mode)3, 0>, 1u>, config4>(hls::stream<nnet::array<ap_fixed<8, 2, (ap_q_mode)5, (ap_o_mode)3, 0>, 2u>, 0>&, hls::stream<nnet::array<ap_fixed<8, 2, (ap_q_mode)5, (ap_o_mode)3, 0>, 1u>, 0>&, config4::weight_t*, config4::bias_t*)' (firmware/nnet_utils/nnet_conv2d_stream.h:105:0)
INFO: [HLS 214-248] Applying array_partition to '_ZZN4nnet17conv_2d_buffer_clINS_5arrayI8ap_fixedILi8ELi2EL9ap_q_mode5EL9ap_o_mode3ELi0EELj2EEENS1_IS5_Lj1EEE7config4EEvRN3hls6streamIT_Li0EEERNSA_IT0_Li0EEEPNT1_8weight_tEPNSH_6bias_tEE11line_buffer': Complete partitioning on dimension 2. (firmware/nnet_utils/nnet_conv2d_stream.h:75:0)
INFO: [HLS 214-248] Applying array_partition to '_ZZN4nnet17conv_2d_buffer_clINS_5arrayI8ap_fixedILi8ELi2EL9ap_q_mode5EL9ap_o_mode3ELi0EELj1EEENS1_IS5_Lj2EEE7config2EEvRN3hls6streamIT_Li0EEERNSA_IT0_Li0EEEPNT1_8weight_tEPNSH_6bias_tEE11line_buffer': Complete partitioning on dimension 2. (firmware/nnet_utils/nnet_conv2d_stream.h:75:0)
INFO: [HLS 214-248] Applying array_partition to 'b2': Complete partitioning on dimension 1. (firmware/weights/b2.h:12:0)
INFO: [HLS 214-248] Applying array_partition to 'b4': Complete partitioning on dimension 1. (firmware/weights/b4.h:12:0)
INFO: [HLS 214-248] Applying array_partition to '_ZZN4nnet24compute_output_buffer_2dINS_5arrayI8ap_fixedILi8ELi2EL9ap_q_mode5EL9ap_o_mode3ELi0EELj2EEENS1_IS5_Lj1EEE7config4EEvRKT_PAsrT1_6n_chan_12ap_shift_regINS9_10value_typeEXsrSC_8in_widthEERN3hls6streamIT0_Li0EEEPNSC_8weight_tEPNSC_6bias_tEE11kernel_data': Complete partitioning on dimension 1. (firmware/nnet_utils/nnet_conv_stream.h:271:0)
INFO: [HLS 214-248] Applying array_partition to '_ZZN4nnet24compute_output_buffer_2dINS_5arrayI8ap_fixedILi8ELi2EL9ap_q_mode5EL9ap_o_mode3ELi0EELj1EEENS1_IS5_Lj2EEE7config2EEvRKT_PAsrT1_6n_chan_12ap_shift_regINS9_10value_typeEXsrSC_8in_widthEERN3hls6streamIT0_Li0EEEPNSC_8weight_tEPNSC_6bias_tEE11kernel_data': Complete partitioning on dimension 1. (firmware/nnet_utils/nnet_conv_stream.h:271:0)
INFO: [HLS 214-248] Applying array_partition to 'acc': Complete partitioning on dimension 1. (firmware/nnet_utils/nnet_dense_resource.h:110:32)
INFO: [HLS 214-248] Applying array_partition to 'res_out': Complete partitioning on dimension 1. (firmware/nnet_utils/nnet_conv_stream.h:274:29)
INFO: [HLS 214-241] Aggregating fifo (hls::stream) variable 'layer6_out' with compact=bit mode in 16-bits (firmware/myproject.cpp:41:24)
INFO: [HLS 214-241] Aggregating fifo (hls::stream) variable 'layer3_out' with compact=bit mode in 16-bits (firmware/myproject.cpp:38:24)
INFO: [HLS 214-241] Aggregating fifo (hls::stream) variable 'layer2_out' with compact=bit mode in 16-bits (firmware/myproject.cpp:35:24)
INFO: [HLS 214-241] Aggregating fifo (hls::stream) variable 'layer5_out' with compact=bit mode in 8-bits (firmware/myproject.cpp:32:24)
INFO: [HLS 214-241] Aggregating bram variable 'void nnet::conv_2d_buffer_cl<nnet::array<ap_fixed<8, 2, (ap_q_mode)5, (ap_o_mode)3, 0>, 1u>, nnet::array<ap_fixed<8, 2, (ap_q_mode)5, (ap_o_mode)3, 0>, 2u>, config2>(hls::stream<nnet::array<ap_fixed<8, 2, (ap_q_mode)5, (ap_o_mode)3, 0>, 1u>, 0>&, hls::stream<nnet::array<ap_fixed<8, 2, (ap_q_mode)5, (ap_o_mode)3, 0>, 2u>, 0>&, config2::weight_t*, config2::bias_t*)::line_buffer (.119)' with compact=bit mode in 8-bits
INFO: [HLS 214-241] Aggregating bram variable 'void nnet::conv_2d_buffer_cl<nnet::array<ap_fixed<8, 2, (ap_q_mode)5, (ap_o_mode)3, 0>, 2u>, nnet::array<ap_fixed<8, 2, (ap_q_mode)5, (ap_o_mode)3, 0>, 1u>, config4>(hls::stream<nnet::array<ap_fixed<8, 2, (ap_q_mode)5, (ap_o_mode)3, 0>, 2u>, 0>&, hls::stream<nnet::array<ap_fixed<8, 2, (ap_q_mode)5, (ap_o_mode)3, 0>, 1u>, 0>&, config4::weight_t*, config4::bias_t*)::line_buffer' with compact=bit mode in 8-bits
INFO: [HLS 214-270] Starting automatic array partition analysis...
INFO: [HLS 214-131] Inlining function '_llvm.fpga.pack.none.i8.s_struct.ap_fixed<8, 2, AP_TRN, AP_WRAP, 0>s' into '_llvm.fpga.unpack.bits.s_struct.nnet::array<ap_fixed<8, 2, AP_TRN, AP_WRAP, 0>, 1>s.i8.1'
INFO: [HLS 214-131] Inlining function '_llvm.fpga.pack.none.i8.s_struct.ssdm_int<8, true>s' into '_llvm.fpga.unpack.bits.s_struct.ap_fixed<8, 2, AP_TRN, AP_WRAP, 0>s.i8.1'
INFO: [HLS 214-131] Inlining function '_llvm.fpga.unpack.bits.s_struct.ap_fixed<8, 2, AP_TRN, AP_WRAP, 0>s.i8.1' into 'void nnet::shift_line_buffer<nnet::array<ap_fixed<8, 2, (ap_q_mode)5, (ap_o_mode)3, 0>, 1u>, config2>(nnet::array<ap_fixed<8, 2, (ap_q_mode)5, (ap_o_mode)3, 0>, 1u> const&, ap_shift_reg<nnet::array<ap_fixed<8, 2, (ap_q_mode)5, (ap_o_mode)3, 0>, 1u>::value_type, config2::in_width> (*) [config2::n_chan], nnet::array<ap_fixed<8, 2, (ap_q_mode)5, (ap_o_mode)3, 0>, 1u>::value_type*)' (C:/Xilinx/Vitis_HLS/2021.2/common/technology/autopilot\ap_shift_reg.h:130:31)
INFO: [HLS 214-131] Inlining function '_llvm.fpga.pack.none.i8.s_struct.ap_fixed<8, 2, AP_TRN, AP_WRAP, 0>s' into 'void nnet::shift_line_buffer<nnet::array<ap_fixed<8, 2, (ap_q_mode)5, (ap_o_mode)3, 0>, 1u>, config2>(nnet::array<ap_fixed<8, 2, (ap_q_mode)5, (ap_o_mode)3, 0>, 1u> const&, ap_shift_reg<nnet::array<ap_fixed<8, 2, (ap_q_mode)5, (ap_o_mode)3, 0>, 1u>::value_type, config2::in_width> (*) [config2::n_chan], nnet::array<ap_fixed<8, 2, (ap_q_mode)5, (ap_o_mode)3, 0>, 1u>::value_type*)' (C:/Xilinx/Vitis_HLS/2021.2/common/technology/autopilot\ap_shift_reg.h:131:9)
INFO: [HLS 214-131] Inlining function '_llvm.fpga.pack.none.i16.s_struct.nnet::array<ap_fixed<8, 2, AP_TRN, AP_WRAP, 0>, 2>s' into 'void nnet::compute_output_buffer_2d<nnet::array<ap_fixed<8, 2, (ap_q_mode)5, (ap_o_mode)3, 0>, 1u>, nnet::array<ap_fixed<8, 2, (ap_q_mode)5, (ap_o_mode)3, 0>, 2u>, config2>(nnet::array<ap_fixed<8, 2, (ap_q_mode)5, (ap_o_mode)3, 0>, 1u> const&, ap_shift_reg<nnet::array<ap_fixed<8, 2, (ap_q_mode)5, (ap_o_mode)3, 0>, 1u>::value_type, config2::in_width> (*) [config2::n_chan], hls::stream<nnet::array<ap_fixed<8, 2, (ap_q_mode)5, (ap_o_mode)3, 0>, 2u>, 0>&, config2::weight_t*, config2::bias_t*) (.1)' (C:/Xilinx/Vitis_HLS/2021.2/common/technology/autopilot/hls_stream_39.h:173:9)
INFO: [HLS 214-131] Inlining function '_llvm.fpga.pack.bits.i16.s_struct.nnet::array<ap_fixed<8, 2, AP_TRN, AP_WRAP, 0>, 2>s.1' into 'void nnet::compute_output_buffer_2d<nnet::array<ap_fixed<8, 2, (ap_q_mode)5, (ap_o_mode)3, 0>, 1u>, nnet::array<ap_fixed<8, 2, (ap_q_mode)5, (ap_o_mode)3, 0>, 2u>, config2>(nnet::array<ap_fixed<8, 2, (ap_q_mode)5, (ap_o_mode)3, 0>, 1u> const&, ap_shift_reg<nnet::array<ap_fixed<8, 2, (ap_q_mode)5, (ap_o_mode)3, 0>, 1u>::value_type, config2::in_width> (*) [config2::n_chan], hls::stream<nnet::array<ap_fixed<8, 2, (ap_q_mode)5, (ap_o_mode)3, 0>, 2u>, 0>&, config2::weight_t*, config2::bias_t*) (.1)' (C:/Xilinx/Vitis_HLS/2021.2/common/technology/autopilot/hls_stream_39.h:173:9)
INFO: [HLS 214-131] Inlining function '_llvm.fpga.unpack.bits.s_struct.nnet::array<ap_fixed<8, 2, AP_TRN, AP_WRAP, 0>, 1>s.i8.1' into 'void nnet::conv_2d_cl<nnet::array<ap_fixed<8, 2, (ap_q_mode)5, (ap_o_mode)3, 0>, 1u>, nnet::array<ap_fixed<8, 2, (ap_q_mode)5, (ap_o_mode)3, 0>, 2u>, config2>(hls::stream<nnet::array<ap_fixed<8, 2, (ap_q_mode)5, (ap_o_mode)3, 0>, 1u>, 0>&, hls::stream<nnet::array<ap_fixed<8, 2, (ap_q_mode)5, (ap_o_mode)3, 0>, 2u>, 0>&, config2::weight_t*, config2::bias_t*) (.1)' (C:/Xilinx/Vitis_HLS/2021.2/common/technology/autopilot/hls_stream_39.h:144:9)
INFO: [HLS 214-131] Inlining function '_llvm.fpga.pack.none.i16.a2s_struct.ap_fixed<8, 2, AP_TRN, AP_WRAP, 0>s' into '_llvm.fpga.unpack.bits.s_struct.nnet::array<ap_fixed<8, 2, AP_TRN, AP_WRAP, 0>, 2>s.i16.1'
INFO: [HLS 214-131] Inlining function '_llvm.fpga.unpack.bits.s_struct.nnet::array<ap_fixed<8, 2, AP_TRN, AP_WRAP, 0>, 2>s.i16.1' into 'void nnet::relu<nnet::array<ap_fixed<8, 2, (ap_q_mode)5, (ap_o_mode)3, 0>, 2u>, nnet::array<ap_fixed<8, 2, (ap_q_mode)5, (ap_o_mode)3, 0>, 2u>, relu_config3>(hls::stream<nnet::array<ap_fixed<8, 2, (ap_q_mode)5, (ap_o_mode)3, 0>, 2u>, 0>&, hls::stream<nnet::array<ap_fixed<8, 2, (ap_q_mode)5, (ap_o_mode)3, 0>, 2u>, 0>&) (.1)' (C:/Xilinx/Vitis_HLS/2021.2/common/technology/autopilot/hls_stream_39.h:144:9)
INFO: [HLS 214-131] Inlining function '_llvm.fpga.pack.bits.i16.s_struct.nnet::array<ap_fixed<8, 2, AP_TRN, AP_WRAP, 0>, 2>s.1' into 'void nnet::relu<nnet::array<ap_fixed<8, 2, (ap_q_mode)5, (ap_o_mode)3, 0>, 2u>, nnet::array<ap_fixed<8, 2, (ap_q_mode)5, (ap_o_mode)3, 0>, 2u>, relu_config3>(hls::stream<nnet::array<ap_fixed<8, 2, (ap_q_mode)5, (ap_o_mode)3, 0>, 2u>, 0>&, hls::stream<nnet::array<ap_fixed<8, 2, (ap_q_mode)5, (ap_o_mode)3, 0>, 2u>, 0>&) (.1)' (C:/Xilinx/Vitis_HLS/2021.2/common/technology/autopilot/hls_stream_39.h:173:9)
INFO: [HLS 214-131] Inlining function '_llvm.fpga.pack.none.i16.s_struct.nnet::array<ap_fixed<8, 2, AP_TRN, AP_WRAP, 0>, 2>s' into 'void nnet::relu<nnet::array<ap_fixed<8, 2, (ap_q_mode)5, (ap_o_mode)3, 0>, 2u>, nnet::array<ap_fixed<8, 2, (ap_q_mode)5, (ap_o_mode)3, 0>, 2u>, relu_config3>(hls::stream<nnet::array<ap_fixed<8, 2, (ap_q_mode)5, (ap_o_mode)3, 0>, 2u>, 0>&, hls::stream<nnet::array<ap_fixed<8, 2, (ap_q_mode)5, (ap_o_mode)3, 0>, 2u>, 0>&) (.1)' (C:/Xilinx/Vitis_HLS/2021.2/common/technology/autopilot/hls_stream_39.h:173:9)
INFO: [HLS 214-131] Inlining function '_llvm.fpga.pack.bits.i16.s_struct.nnet::array<ap_fixed<8, 2, AP_TRN, AP_WRAP, 0>, 2>s.1' into 'void nnet::zeropad2d_cl<nnet::array<ap_fixed<8, 2, (ap_q_mode)5, (ap_o_mode)3, 0>, 2u>, nnet::array<ap_fixed<8, 2, (ap_q_mode)5, (ap_o_mode)3, 0>, 2u>, config6>(hls::stream<nnet::array<ap_fixed<8, 2, (ap_q_mode)5, (ap_o_mode)3, 0>, 2u>, 0>&, hls::stream<nnet::array<ap_fixed<8, 2, (ap_q_mode)5, (ap_o_mode)3, 0>, 2u>, 0>&) (.1)' (C:/Xilinx/Vitis_HLS/2021.2/common/technology/autopilot/hls_stream_39.h:173:9)
INFO: [HLS 214-131] Inlining function '_llvm.fpga.unpack.bits.s_struct.nnet::array<ap_fixed<8, 2, AP_TRN, AP_WRAP, 0>, 2>s.i16.1' into 'void nnet::zeropad2d_cl<nnet::array<ap_fixed<8, 2, (ap_q_mode)5, (ap_o_mode)3, 0>, 2u>, nnet::array<ap_fixed<8, 2, (ap_q_mode)5, (ap_o_mode)3, 0>, 2u>, config6>(hls::stream<nnet::array<ap_fixed<8, 2, (ap_q_mode)5, (ap_o_mode)3, 0>, 2u>, 0>&, hls::stream<nnet::array<ap_fixed<8, 2, (ap_q_mode)5, (ap_o_mode)3, 0>, 2u>, 0>&) (.1)' (C:/Xilinx/Vitis_HLS/2021.2/common/technology/autopilot/hls_stream_39.h:144:9)
INFO: [HLS 214-131] Inlining function '_llvm.fpga.unpack.bits.s_struct.ap_fixed<8, 2, AP_TRN, AP_WRAP, 0>s.i8.1' into 'void nnet::shift_line_buffer<nnet::array<ap_fixed<8, 2, (ap_q_mode)5, (ap_o_mode)3, 0>, 2u>, config4>(nnet::array<ap_fixed<8, 2, (ap_q_mode)5, (ap_o_mode)3, 0>, 2u> const&, ap_shift_reg<nnet::array<ap_fixed<8, 2, (ap_q_mode)5, (ap_o_mode)3, 0>, 2u>::value_type, config4::in_width> (*) [config4::n_chan], nnet::array<ap_fixed<8, 2, (ap_q_mode)5, (ap_o_mode)3, 0>, 2u>::value_type*)' (C:/Xilinx/Vitis_HLS/2021.2/common/technology/autopilot\ap_shift_reg.h:130:31)
INFO: [HLS 214-131] Inlining function '_llvm.fpga.pack.none.i8.s_struct.ap_fixed<8, 2, AP_TRN, AP_WRAP, 0>s' into 'void nnet::shift_line_buffer<nnet::array<ap_fixed<8, 2, (ap_q_mode)5, (ap_o_mode)3, 0>, 2u>, config4>(nnet::array<ap_fixed<8, 2, (ap_q_mode)5, (ap_o_mode)3, 0>, 2u> const&, ap_shift_reg<nnet::array<ap_fixed<8, 2, (ap_q_mode)5, (ap_o_mode)3, 0>, 2u>::value_type, config4::in_width> (*) [config4::n_chan], nnet::array<ap_fixed<8, 2, (ap_q_mode)5, (ap_o_mode)3, 0>, 2u>::value_type*)' (C:/Xilinx/Vitis_HLS/2021.2/common/technology/autopilot\ap_shift_reg.h:131:9)
INFO: [HLS 214-131] Inlining function '_llvm.fpga.pack.none.i8.s_struct.nnet::array<ap_fixed<8, 2, AP_TRN, AP_WRAP, 0>, 1>s' into 'void nnet::compute_output_buffer_2d<nnet::array<ap_fixed<8, 2, (ap_q_mode)5, (ap_o_mode)3, 0>, 2u>, nnet::array<ap_fixed<8, 2, (ap_q_mode)5, (ap_o_mode)3, 0>, 1u>, config4>(nnet::array<ap_fixed<8, 2, (ap_q_mode)5, (ap_o_mode)3, 0>, 2u> const&, ap_shift_reg<nnet::array<ap_fixed<8, 2, (ap_q_mode)5, (ap_o_mode)3, 0>, 2u>::value_type, config4::in_width> (*) [config4::n_chan], hls::stream<nnet::array<ap_fixed<8, 2, (ap_q_mode)5, (ap_o_mode)3, 0>, 1u>, 0>&, config4::weight_t*, config4::bias_t*) (.1)' (C:/Xilinx/Vitis_HLS/2021.2/common/technology/autopilot/hls_stream_39.h:173:9)
INFO: [HLS 214-131] Inlining function '_llvm.fpga.unpack.bits.s_struct.nnet::array<ap_fixed<8, 2, AP_TRN, AP_WRAP, 0>, 2>s.i16.1' into 'void nnet::conv_2d_cl<nnet::array<ap_fixed<8, 2, (ap_q_mode)5, (ap_o_mode)3, 0>, 2u>, nnet::array<ap_fixed<8, 2, (ap_q_mode)5, (ap_o_mode)3, 0>, 1u>, config4>(hls::stream<nnet::array<ap_fixed<8, 2, (ap_q_mode)5, (ap_o_mode)3, 0>, 2u>, 0>&, hls::stream<nnet::array<ap_fixed<8, 2, (ap_q_mode)5, (ap_o_mode)3, 0>, 1u>, 0>&, config4::weight_t*, config4::bias_t*) (.1)' (C:/Xilinx/Vitis_HLS/2021.2/common/technology/autopilot/hls_stream_39.h:144:9)
INFO-FLOW: DBG:PUTS: copy_raw_kernel_xml ap_link_39: kernel.xml not generated: C:/Users/brand/Documents/engs192/zybo-edge-ai/hls/edge_cnn_minimal_hls/myproject_prj/solution1/.autopilot/db/kernel.internal.xml
INFO: [HLS 200-111] Finished Compiling Optimization and Transform: CPU user time: 1 seconds. CPU system time: 1 seconds. Elapsed time: 8.991 seconds; current allocated memory: 1.166 GB.
INFO: [HLS 200-111] Finished Checking Pragmas: CPU user time: 0 seconds. CPU system time: 0 seconds. Elapsed time: 0.004 seconds; current allocated memory: 1.166 GB.
Execute         opt_and_import_c a -opt_level=2 -skip_syncheck=0 -ng=0 -keep_printf=0 
Execute           cleanup_all_models 
INFO: [HLS 200-10] Starting code transformations ...
INFO-FLOW: Running Standard Transforms...
Execute           transform -hls -share-std-xform -demangle-name -inline-byval-memcpy -always-inline -promote-dbg-pointer -interface-preproc -mem2reg -scalarrepl -mem2reg -keep-read-access -instcombine -dce -promote-dbg-pointer -bitop-raise -loop-simplify -indvarspre -indvars -loop-simplify -xunroll -constprop -instcombine -simplifycfg -indvars -simplifycfg -dce -globaldce -basicaa -simplifycfg -mem2reg -globalopt -global-constprop -deadargelim -instcombine -simplifycfg -scalarrepl -instcombine -reassociate -licm -simplifycfg -loop-simplify -indvars -instcombine -simplifycfg -mem2reg -loop-simplify -indvars -instcombine -gvn -gvn -instcombine -adce -break-crit-edges -simplifycfg -loop-delete -global-array-opt -dce -dse -adce -find-syn-modules -top myproject -deadargelim -mem2reg -instcombine -dce -presyn-prepare -auto-rom-infer -interface-preproc -syn-check -check-rec-only -find-region -simplifycfg -func-extr -function-inline -globaldce -mem2reg -instcombine -dce -gvn -globaldce -adce -adse -constprop -instcombine -bit-constprop -instcombine -dce -simplifycfg -bitop-raise -simplifycfg -dce -loop-delete -reassociate -globalopt -global-privatize -mem2reg -dce -global-constprop -pointer-simplify -constprop -dce -func-inst -deadargelim -auto-shift-reg-idiom -promote-dbg-pointer -norm-name C:/Users/brand/Documents/engs192/zybo-edge-ai/hls/edge_cnn_minimal_hls/myproject_prj/solution1/.autopilot/db/a.g.0.bc -o C:/Users/brand/Documents/engs192/zybo-edge-ai/hls/edge_cnn_minimal_hls/myproject_prj/solution1/.autopilot/db/a.g.1.bc -f -phase std-opt 
Command           transform done; 0.153 sec.
INFO: [HLS 200-111] Finished Standard Transforms: CPU user time: 0 seconds. CPU system time: 0 seconds. Elapsed time: 0.206 seconds; current allocated memory: 1.166 GB.
INFO: [HLS 200-10] Checking synthesizability ...
INFO-FLOW: Checking Synthesizability 1/2..
Execute           transform -hls -syn-check -check-rec-only -scalarrepl -norm-name -dce -mem2reg -instcombine -function-uniquify -directive-preproc -mem2reg -dse -dce -auto-rom-infer -dce -pag -array-normalize -instcombine -dce -array-seg-normalize -instcombine -dce -data-pack -instcombine -dce -inst-simplify -array-flatten -instcombine -dce -array-burst -dce -deadargelim -promote-global-argument -simplifycfg -mem2reg -globaldce -dce -deadargelim -dce -instcombine -function-inline -globaldce -dce -doublePtrSimplify -doublePtrElim -dce -doublePtrSimplify -promote-dbg-pointer -dce -scalarrepl -dse -adse -instcombine -ptrLegalization -simplifycfg -dce -instcombine -pointer-simplify -ptrArgReplace -dce -instcombine -resolve-double-ptr -scalarrepl -norm-name -dce -mem2reg -instcombine -ptrLegalization -simplifycfg -deadargelim -instcombine -dce -inst-simplify -function-uniquify -directive-preproc -mem2reg -dse -dce -globaldce -check-dspbuiltin C:/Users/brand/Documents/engs192/zybo-edge-ai/hls/edge_cnn_minimal_hls/myproject_prj/solution1/.autopilot/db/a.g.1.bc -o C:/Users/brand/Documents/engs192/zybo-edge-ai/hls/edge_cnn_minimal_hls/myproject_prj/solution1/.autopilot/db/a.g.2.prechk.bc -f 
Command           transform done; 0.155 sec.
INFO-FLOW: Checking Synthesizability 2/2..
Execute           transform -syn-check C:/Users/brand/Documents/engs192/zybo-edge-ai/hls/edge_cnn_minimal_hls/myproject_prj/solution1/.autopilot/db/a.g.2.prechk.bc -o C:/Users/brand/Documents/engs192/zybo-edge-ai/hls/edge_cnn_minimal_hls/myproject_prj/solution1/.autopilot/db/a.g.2.bc -f -phase syn-check 
Command           transform done; 0.109 sec.
INFO: [HLS 200-111] Finished Checking Synthesizability: CPU user time: 1 seconds. CPU system time: 0 seconds. Elapsed time: 0.281 seconds; current allocated memory: 1.166 GB.
INFO-FLOW: Compiler optimizing ...
INFO-FLOW: Share syncheck's 1.bc for syn flow: copy C:/Users/brand/Documents/engs192/zybo-edge-ai/hls/edge_cnn_minimal_hls/myproject_prj/solution1/.autopilot/db/a.g.1.bc to C:/Users/brand/Documents/engs192/zybo-edge-ai/hls/edge_cnn_minimal_hls/myproject_prj/solution1/.autopilot/db/a.o.1.bc
INFO-FLOW: Presyn 1...
Execute           transform -hls -tmp C:/Users/brand/Documents/engs192/zybo-edge-ai/hls/edge_cnn_minimal_hls/myproject_prj/solution1/.autopilot/db -interface-port-rename -function-uniquify -directive-preproc -mem2reg -dse -dce -scalarrepl -norm-name -deadargelim -mem2reg -instcombine -dce -simplifycfg -auto-rom-infer -dce -function-uniquify -resource-proc -clib-intrinsic-prepare -dce -func-buffer -dce -pag -array-normalize -func-legal -instcombine -gvn -constprop -dce -simplifycfg -mem2reg -globaldce -resolve-double-ptr -dce -deadargelim -dce -instcombine -ptrArgReplace -mem2reg -dce -array-seg-normalize -deadargelim -instcombine -dce -function-uniquify -directive-preproc -mem2reg -dse -dce -pointer-simplify -dce -port-alignment -dce -interface-preproc -data-pack -instcombine -dce -basicaa -aggr-aa -aggrmodref-aa -aggr-aa -gvn -gvn -basicaa -aggr-aa -aggrmodref-aa -aggr-aa -dse -adse -adce -loop-simplify -indvars -instcombine -gvn -loop-simplify -mem2reg -dce -find-region -instcombine -auto-loop-pipeline -inst-simplify -interface-preproc -cfgopt -instcombine -indvars -auto-loop-unroll -loop-simplify -loop-bound -xunroll -constprop -instcombine -simplifycfg -indvars -simplifycfg -dce -globaldce -clean-region -attach-range -gvn -inst-simplify -constprop -simplifycfg -dce -pointer-simplify -dce -globalopt -constprop -dce -array-promote -constprop -dce -ptrArgReplace -mem2reg -simplifycfg -dce -instcombine -dce -array-transform-check -array-reshape -instcombine -simplifycfg -dce -ptrArgReplace -deadargelim -mem2reg -instcombine -simplifycfg -dce -indvars -loop-simplify -loop-bound -xunroll -constprop -instcombine -simplifycfg -indvars -simplifycfg -dce -globaldce -basicaa -aggr-aa -aggrmodref-aa -aggr-aa -dse -duplicate-dataflow-processes -globaldce -instcombine -array-partition -instcombine -simplifycfg -dce -ptrArgReplace -global-constprop -deadargelim -mem2reg -func-legal -dce -global-constprop -deadargelim -mem2reg -simplifycfg -dce -merge-param -deadargelim -globalopt -constprop -dce -array-promote -constprop -dce -ptrArgReplace -mem2reg -simplifycfg -dce -mem-intrinsic-preproc -dce -global-internalize -global-privatize -mem2reg -globaldce -promote-global-argument -ptrArgReplace -mem2reg -dce -globalopt -mergereturn -simplify-global-access -mem2reg -dce -pointer-simplify -dce -functionattrs -basicaa -aggr-aa -aggrmodref-aa -aggr-aa -gvn -gvn -basicaa -aggr-aa -aggrmodref-aa -aggr-aa -dse -adse -adce -dce -norm-name -basicaa -aggr-aa -aggrmodref-aa -aggr-aa -accesses-merge -function-inline -complex-op-raise -inst-simplify -globaldce -func-inst -constprop -instcombine -simplifycfg -dce -func-legal -dce -loop-bound -arraycheck -bitwidthmin2 -bitwidthmin2 -on-by-dataflow -loop-delete -instcombine -simplifycfg -globaldce -dce -gvn -deadargelim -dce -loop-simplify -clean-region -simplifycfg -propagate-stable-arguments -loop-stream -instcombine -simplifycfg -dce -globaldce -duplicate-dataflow-processes -stream-intrinsic-preproc -dce -check-ap-stream -loop-simplify -eliminate-keepreads -extract-dataflow-in-loop -loop-simplify -dce -gvn -deadargelim -dse -duplicate-dataflow-processes -check-dataflow-syntax -legalize-stream-variable -legalize-global -extract-subproc -dce -dead-channel-elimination -canonicalize-gep -globaldce -dce -gvn -hls-dead-arg-elim -deadargelim -directive-preproc -annotate-dataflow-channels -scalar-preprocessing -scalar-propagation2 -deadargelim -globaldce -mem2reg -check-dataflow-channels -function-stream -dce -globaldce -prop-fifo-spec -internal-stream-gen -canonicalize-gep -globaldce -dce -gvn -deadargelim -mergereturn -indvars -loop-simplify -instcombine -array-stream -array-seg-normalize -array-partition -func-legal -instcombine -simplifycfg -dce -bundle-memfifo-ops -deadargelim -function-uniquify -directive-preproc -mem2reg -dse -dce -group-axi-access -licm -simplifycfg -dce -loop-delete -hls-display -norm-name C:/Users/brand/Documents/engs192/zybo-edge-ai/hls/edge_cnn_minimal_hls/myproject_prj/solution1/.autopilot/db/a.o.1.bc -o C:/Users/brand/Documents/engs192/zybo-edge-ai/hls/edge_cnn_minimal_hls/myproject_prj/solution1/.autopilot/db/a.o.1.tmp.bc -f 
INFO: [XFORM 203-510] Pipelining loop 'PadTopWidth' (firmware/nnet_utils/nnet_padding_stream.h:53) in function 'nnet::zeropad2d_cl<nnet::array<ap_fixed<8, 2, (ap_q_mode)5, (ap_o_mode)3, 0>, 2u>, nnet::array<ap_fixed<8, 2, (ap_q_mode)5, (ap_o_mode)3, 0>, 2u>, config6>' automatically.
INFO: [XFORM 203-510] Pipelining loop 'CopyMain' (C:/Xilinx/Vitis_HLS/2021.2/common/technology/autopilot/hls_stream_39.h:143) in function 'nnet::zeropad2d_cl<nnet::array<ap_fixed<8, 2, (ap_q_mode)5, (ap_o_mode)3, 0>, 2u>, nnet::array<ap_fixed<8, 2, (ap_q_mode)5, (ap_o_mode)3, 0>, 2u>, config6>' automatically.
INFO: [XFORM 203-510] Pipelining loop 'PadBottomWidth' (firmware/nnet_utils/nnet_padding_stream.h:77) in function 'nnet::zeropad2d_cl<nnet::array<ap_fixed<8, 2, (ap_q_mode)5, (ap_o_mode)3, 0>, 2u>, nnet::array<ap_fixed<8, 2, (ap_q_mode)5, (ap_o_mode)3, 0>, 2u>, config6>' automatically.
INFO: [XFORM 203-510] Pipelining loop 'PadTopWidth' (firmware/nnet_utils/nnet_padding_stream.h:53) in function 'nnet::zeropad2d_cl<nnet::array<ap_fixed<8, 2, (ap_q_mode)5, (ap_o_mode)3, 0>, 1u>, nnet::array<ap_fixed<8, 2, (ap_q_mode)5, (ap_o_mode)3, 0>, 1u>, config5>' automatically.
INFO: [XFORM 203-510] Pipelining loop 'CopyMain' (firmware/nnet_utils/nnet_padding_stream.h:18) in function 'nnet::zeropad2d_cl<nnet::array<ap_fixed<8, 2, (ap_q_mode)5, (ap_o_mode)3, 0>, 1u>, nnet::array<ap_fixed<8, 2, (ap_q_mode)5, (ap_o_mode)3, 0>, 1u>, config5>' automatically.
INFO: [XFORM 203-510] Pipelining loop 'PadBottomWidth' (firmware/nnet_utils/nnet_padding_stream.h:77) in function 'nnet::zeropad2d_cl<nnet::array<ap_fixed<8, 2, (ap_q_mode)5, (ap_o_mode)3, 0>, 1u>, nnet::array<ap_fixed<8, 2, (ap_q_mode)5, (ap_o_mode)3, 0>, 1u>, config5>' automatically.
INFO: [XFORM 203-102] Partitioning array 'tmp.data.V' (C:/Xilinx/Vitis_HLS/2021.2/common/technology/autopilot/hls_stream_39.h:154) automatically.
INFO: [XFORM 203-102] Partitioning array 'tmp.data.V' (C:/Xilinx/Vitis_HLS/2021.2/common/technology/autopilot/hls_stream_39.h:154) automatically.
INFO: [XFORM 203-102] Automatically partitioning shift register array 'void conv_2d_buffer_cl<array<ap_fixed<8, 2, 5, 3, 0>, 2u>, array<ap_fixed<8, 2, 5, 3, 0>, 1u>, config4>(stream<array<ap_fixed<8, 2, 5, 3, 0>, 2u>, 0>&, stream<array<ap_fixed<8, 2, 5, 3, 0>, 1u>, 0>&, weight_t*, bias_t*)line_buffer.1' .
INFO: [XFORM 203-102] Automatically partitioning shift register array 'void conv_2d_buffer_cl<array<ap_fixed<8, 2, 5, 3, 0>, 2u>, array<ap_fixed<8, 2, 5, 3, 0>, 1u>, config4>(stream<array<ap_fixed<8, 2, 5, 3, 0>, 2u>, 0>&, stream<array<ap_fixed<8, 2, 5, 3, 0>, 1u>, 0>&, weight_t*, bias_t*)line_buffer' .
INFO: [XFORM 203-102] Automatically partitioning shift register array 'void conv_2d_buffer_cl<array<ap_fixed<8, 2, 5, 3, 0>, 1u>, array<ap_fixed<8, 2, 5, 3, 0>, 2u>, config2>(stream<array<ap_fixed<8, 2, 5, 3, 0>, 1u>, 0>&, stream<array<ap_fixed<8, 2, 5, 3, 0>, 2u>, 0>&, weight_t*, bias_t*)line_buffer' .
INFO: [XFORM 203-101] Partitioning array 'void conv_2d_buffer_cl<array<ap_fixed<8, 2, 5, 3, 0>, 2u>, array<ap_fixed<8, 2, 5, 3, 0>, 1u>, config4>(stream<array<ap_fixed<8, 2, 5, 3, 0>, 2u>, 0>&, stream<array<ap_fixed<8, 2, 5, 3, 0>, 1u>, 0>&, weight_t*, bias_t*)line_buffer' in dimension 1 completely.
INFO: [XFORM 203-101] Partitioning array 'void conv_2d_buffer_cl<array<ap_fixed<8, 2, 5, 3, 0>, 2u>, array<ap_fixed<8, 2, 5, 3, 0>, 1u>, config4>(stream<array<ap_fixed<8, 2, 5, 3, 0>, 2u>, 0>&, stream<array<ap_fixed<8, 2, 5, 3, 0>, 1u>, 0>&, weight_t*, bias_t*)line_buffer.1' in dimension 1 completely.
INFO: [XFORM 203-101] Partitioning array 'void conv_2d_buffer_cl<array<ap_fixed<8, 2, 5, 3, 0>, 1u>, array<ap_fixed<8, 2, 5, 3, 0>, 2u>, config2>(stream<array<ap_fixed<8, 2, 5, 3, 0>, 1u>, 0>&, stream<array<ap_fixed<8, 2, 5, 3, 0>, 2u>, 0>&, weight_t*, bias_t*)line_buffer' in dimension 1 completely.
WARNING: [HLS 200-786] Detected dataflow-on-top in function  'myproject' (firmware/myproject.cpp:8)  with default interface mode 'ap_ctrl_hs'. Overlapped execution of successive kernel calls will not happen unless interface mode 'ap_ctrl_chain' is used (or 'ap_ctrl_none' for a purely data-driven design).
INFO: [XFORM 203-712] Applying dataflow to function 'myproject' (firmware/myproject.cpp:8), detected/extracted 5 process function(s): 
	 'nnet::zeropad2d_cl<nnet::array<ap_fixed<8, 2, (ap_q_mode)5, (ap_o_mode)3, 0>, 1u>, nnet::array<ap_fixed<8, 2, (ap_q_mode)5, (ap_o_mode)3, 0>, 1u>, config5>'
	 'nnet::conv_2d_cl<nnet::array<ap_fixed<8, 2, (ap_q_mode)5, (ap_o_mode)3, 0>, 1u>, nnet::array<ap_fixed<8, 2, (ap_q_mode)5, (ap_o_mode)3, 0>, 2u>, config2>'
	 'nnet::relu<nnet::array<ap_fixed<8, 2, (ap_q_mode)5, (ap_o_mode)3, 0>, 2u>, nnet::array<ap_fixed<8, 2, (ap_q_mode)5, (ap_o_mode)3, 0>, 2u>, relu_config3>'
	 'nnet::zeropad2d_cl<nnet::array<ap_fixed<8, 2, (ap_q_mode)5, (ap_o_mode)3, 0>, 2u>, nnet::array<ap_fixed<8, 2, (ap_q_mode)5, (ap_o_mode)3, 0>, 2u>, config6>'
	 'nnet::conv_2d_cl<nnet::array<ap_fixed<8, 2, (ap_q_mode)5, (ap_o_mode)3, 0>, 2u>, nnet::array<ap_fixed<8, 2, (ap_q_mode)5, (ap_o_mode)3, 0>, 1u>, config4>'.
Command           transform done; 0.529 sec.
INFO-FLOW: Presyn 2...
Execute           transform -hls -keep-callgraph -scalarrepl -mem2reg -port-alignment -attach-range -dce -pipe-mux-gen -indvars -loop-bound -inst-simplify -instcombine -dce -merge-array-access -mem2reg -dce -clean-region -mergereturn -if-conv -instcombine -dce -constprop -basicaa -aggr-aa -aggrmodref-aa -aggr-aa -gvn -gvn -basicaa -aggr-aa -aggrmodref-aa -aggr-aa -dse -adse -adce -scalarrepl -mem2reg -global-constprop -deadargelim -deadargelim -instcombine -dce -simplifycfg -ptrArgReplace -mem2reg -function-inline -globaldce -mem2reg -instcombine -dce -expr-balance -instcombine -dce -bitwidthmin2 -bitwidthmin2 -interface-preproc -directive-preproc -inst-rectify -instcombine -dce -functionattrs -constprop -instcombine -bit-constprop -simplify-global-access -globalopt -globaldce -inst-simplify -instcombine -elimdeaddata -dce -loop-delete -simplifycfg -loop-simplify -auto-burst -barrier -norm-name C:/Users/brand/Documents/engs192/zybo-edge-ai/hls/edge_cnn_minimal_hls/myproject_prj/solution1/.autopilot/db/a.o.1.tmp.bc -o C:/Users/brand/Documents/engs192/zybo-edge-ai/hls/edge_cnn_minimal_hls/myproject_prj/solution1/.autopilot/db/a.o.2.bc -f -phase presyn 
Command           transform done; 0.209 sec.
INFO: [HLS 200-111] Finished Loop, function and other optimizations: CPU user time: 0 seconds. CPU system time: 0 seconds. Elapsed time: 0.742 seconds; current allocated memory: 1.166 GB.
Execute           get_config_compile -enable_auto_rewind 
Execute           get_config_compile -enable_loop_extract 
INFO-FLOW: Building ssdm...
Execute           transform -hls -function-uniquify -auto-function-inline -globaldce -ptrArgReplace -mem2reg -dce -reset-lda -loop-simplify -indvars -aggr-aa -licm -loop-dep -loop-bound -licm -loop-simplify -loop-sink-hoist -flattenloopnest -array-flatten -gvn -instcombine -dce -array-map -dce -func-legal -gvn -adce -instcombine -cfgopt -simplifycfg -loop-simplify -array-burst -promote-global-argument -dce -array-seg-normalize -basicaa -aggrmodref-aa -globalsmodref-aa -aggr-aa -gvn -gvn -basicaa -aggrmodref-aa -globalsmodref-aa -aggr-aa -dse -adse -adce -licm -inst-simplify -dce -globaldce -instcombine -array-stream -eliminate-keepreads -instcombine -dce -deadargelim -doublePtrSimplify -doublePtrElim -dce -doublePtrSimplify -promote-dbg-pointer -dce -scalarrepl -mem2reg -norm-name -mem2reg -instcombine -dse -adse -adce -ptrLegalization -dce -auto-rom-infer -array-flatten -dce -instcombine -check-doubleptr -loop-rot -constprop -cfgopt -simplifycfg -loop-simplify -indvars -pointer-simplify -dce -loop-bound -loop-simplify -loop-preproc -constprop -global-constprop -gvn -mem2reg -instcombine -dce -loop-bound -loop-merge -dce -deadargelim -dce -canonicalize-dataflow -dce -scalar-propagation2 -deadargelim -globaldce -mem2reg -load-elim -read-loop-dep -loop-simplify -loop-extract-inner -directive-preproc -bitwidthmin2 -bitwidthmin2 -read-loop-dep -interface-preproc -directive-preproc -interface-gen -bram-byte-enable -deadargelim -inst-simplify -dce -gvn -mem2reg -instcombine -dce -adse -loop-bound -instcombine -cfgopt -simplifycfg -loop-simplify -clean-region -io-protocol -find-region -mem2reg -bitop-raise -complex-op-raise -inst-simplify -inst-rectify -instcombine -adce -deadargelim -float-op-raise -loop-simplify -phi-opt -bitop-raise -cfgopt -simplifycfg -strip-dead-prototypes -interface-lower -bitop-lower -intrinsic-lower -auto-function-inline -basicaa -aggrmodref-aa -globalsmodref-aa -aggr-aa -inst-simplify -simplifycfg -loop-simplify -mergereturn -inst-simplify -inst-rectify -dce -load-elim -bitop-lower -float-op-raise -fma-raise -loop-rewind -pointer-simplify -dce -cfgopt -dce -loop-bound -loop-dep -read-loop-dep -dce -dyn-mem-reuse -dce -recurrence-min -dce -share-scalar-alloca -deadargelim -dce -check-stream -norm-name -legalize -validate-dataflow -inst-clarity -bitwidth -dump-loop-dep-to-ir -check-all-ssdm -cdfg-build C:/Users/brand/Documents/engs192/zybo-edge-ai/hls/edge_cnn_minimal_hls/myproject_prj/solution1/.autopilot/db/a.o.2.bc -o C:/Users/brand/Documents/engs192/zybo-edge-ai/hls/edge_cnn_minimal_hls/myproject_prj/solution1/.autopilot/db/a.o.3.bc -f -phase build-ssdm 
WARNING: [HLS 200-960] Cannot flatten loop 'PadMain' (firmware/nnet_utils/nnet_padding_stream.h:59:14) in function 'nnet::zeropad2d_cl<nnet::array<ap_fixed<8, 2, (ap_q_mode)5, (ap_o_mode)3, 0>, 2u>, nnet::array<ap_fixed<8, 2, (ap_q_mode)5, (ap_o_mode)3, 0>, 2u>, config6>' the outer loop is not a perfect loop.
WARNING: [HLS 200-960] Cannot flatten loop 'PadMain' (firmware/nnet_utils/nnet_padding_stream.h:59:14) in function 'nnet::zeropad2d_cl<nnet::array<ap_fixed<8, 2, (ap_q_mode)5, (ap_o_mode)3, 0>, 1u>, nnet::array<ap_fixed<8, 2, (ap_q_mode)5, (ap_o_mode)3, 0>, 1u>, config5>' the outer loop is not a perfect loop.
INFO: [XFORM 203-541] Flattening a loop nest 'ReadInputHeight' (firmware/nnet_utils/nnet_conv2d_stream.h:85:19) in function 'nnet::conv_2d_cl<nnet::array<ap_fixed<8, 2, (ap_q_mode)5, (ap_o_mode)3, 0>, 2u>, nnet::array<ap_fixed<8, 2, (ap_q_mode)5, (ap_o_mode)3, 0>, 1u>, config4>'.
INFO: [XFORM 203-541] Flattening a loop nest 'ReadInputHeight' (firmware/nnet_utils/nnet_conv2d_stream.h:85:19) in function 'nnet::conv_2d_cl<nnet::array<ap_fixed<8, 2, (ap_q_mode)5, (ap_o_mode)3, 0>, 1u>, nnet::array<ap_fixed<8, 2, (ap_q_mode)5, (ap_o_mode)3, 0>, 2u>, config2>'.
INFO: [XFORM 203-531] Rewinding loop 'ReuseLoop' (firmware/nnet_utils/nnet_dense_resource.h:49) in function 'dense_resource_rf_leq_nin<ap_fixed,ap_fixed<8,2,5,3,0>,config4_mult>'.
INFO: [XFORM 203-531] Rewinding loop 'ReuseLoop' (firmware/nnet_utils/nnet_dense_resource.h:119) in function 'dense_resource_rf_gt_nin_rem0<ap_fixed,ap_fixed<8,2,5,3,0>,config2_mult>'.
Command           transform done; 0.378 sec.
INFO: [HLS 200-111] Finished Architecture Synthesis: CPU user time: 0 seconds. CPU system time: 0 seconds. Elapsed time: 0.381 seconds; current allocated memory: 1.166 GB.
INFO-FLOW: Finish building internal data model.
Command         opt_and_import_c done; 1.633 sec.
Command       elaborate done; 20.58 sec.
Execute       ap_eval exec zip -j C:/Users/brand/Documents/engs192/zybo-edge-ai/hls/edge_cnn_minimal_hls/myproject_prj/solution1/.autopilot/db/dut.hcp $dbDir/a.o.3.bc $dbDir/${topname}.rtl_wrap.cfg.tcl $dbDir/apatb_${topname}.cpp $dbDir/apatb_${topname}_util.cpp $dbDir/apatb_${topname}_ir.ll $dbDir/mapper_${topname}.cpp $dbDir/top-io-fe.xml $dbDir/kernel.internal.xml $workdir/../hls.app 
Command       ap_eval done; 0.117 sec.
Execute       autosyn -from_csynth_design=1 
INFO: [HLS 200-10] Starting hardware synthesis ...
INFO-FLOW: Synthesizing C/C++ design ...
INFO: [HLS 200-10] Synthesizing 'myproject' ...
Execute         ap_set_top_model myproject 
WARNING: [SYN 201-103] Legalizing function name 'zeropad2d_cl<array,array<ap_fixed<8,2,5,3,0>,1u>,config5>_Pipeline_PadTopWidth' to 'zeropad2d_cl_array_array_ap_fixed_8_2_5_3_0_1u_config5_Pipeline_PadTopWidth'.
WARNING: [SYN 201-103] Legalizing function name 'zeropad2d_cl<array,array<ap_fixed<8,2,5,3,0>,1u>,config5>_Pipeline_CopyMain' to 'zeropad2d_cl_array_array_ap_fixed_8_2_5_3_0_1u_config5_Pipeline_CopyMain'.
WARNING: [SYN 201-103] Legalizing function name 'zeropad2d_cl<array,array<ap_fixed,1u>,config5>_Pipeline_PadBottomWidth' to 'zeropad2d_cl_array_array_ap_fixed_1u_config5_Pipeline_PadBottomWidth'.
WARNING: [SYN 201-103] Legalizing function name 'zeropad2d_cl<array<ap_fixed,1u>,array<ap_fixed<8,2,5,3,0>,1u>,config5>' to 'zeropad2d_cl_array_ap_fixed_1u_array_ap_fixed_8_2_5_3_0_1u_config5_s'.
WARNING: [SYN 201-103] Legalizing function name 'shift_line_buffer<array<ap_fixed<8, 2, 5, 3, 0>, 1u>, config2>' to 'shift_line_buffer_array_ap_fixed_8_2_5_3_0_1u_config2_s'.
WARNING: [SYN 201-103] Legalizing function name 'dense_resource_rf_gt_nin_rem0<ap_fixed,ap_fixed<8,2,5,3,0>,config2_mult>' to 'dense_resource_rf_gt_nin_rem0_ap_fixed_ap_fixed_8_2_5_3_0_config2_mult_s'.
WARNING: [SYN 201-103] Legalizing function name 'compute_output_buffer_2d<array,array<ap_fixed<8,2,5,3,0>,2u>,config2>' to 'compute_output_buffer_2d_array_array_ap_fixed_8_2_5_3_0_2u_config2_s'.
WARNING: [SYN 201-103] Legalizing function name 'conv_2d_cl<array<ap_fixed,1u>,array<ap_fixed<8,2,5,3,0>,2u>,config2>' to 'conv_2d_cl_array_ap_fixed_1u_array_ap_fixed_8_2_5_3_0_2u_config2_s'.
WARNING: [SYN 201-103] Legalizing function name 'relu<array<ap_fixed,2u>,array<ap_fixed<8,2,5,3,0>,2u>,relu_config3>' to 'relu_array_ap_fixed_2u_array_ap_fixed_8_2_5_3_0_2u_relu_config3_s'.
WARNING: [SYN 201-103] Legalizing function name 'zeropad2d_cl<array,array<ap_fixed<8,2,5,3,0>,2u>,config6>_Pipeline_PadTopWidth' to 'zeropad2d_cl_array_array_ap_fixed_8_2_5_3_0_2u_config6_Pipeline_PadTopWidth'.
WARNING: [SYN 201-103] Legalizing function name 'zeropad2d_cl<array,array<ap_fixed<8,2,5,3,0>,2u>,config6>_Pipeline_CopyMain' to 'zeropad2d_cl_array_array_ap_fixed_8_2_5_3_0_2u_config6_Pipeline_CopyMain'.
WARNING: [SYN 201-103] Legalizing function name 'zeropad2d_cl<array,array<ap_fixed,2u>,config6>_Pipeline_PadBottomWidth' to 'zeropad2d_cl_array_array_ap_fixed_2u_config6_Pipeline_PadBottomWidth'.
WARNING: [SYN 201-103] Legalizing function name 'zeropad2d_cl<array<ap_fixed,2u>,array<ap_fixed<8,2,5,3,0>,2u>,config6>' to 'zeropad2d_cl_array_ap_fixed_2u_array_ap_fixed_8_2_5_3_0_2u_config6_s'.
WARNING: [SYN 201-103] Legalizing function name 'shift_line_buffer<array<ap_fixed<8, 2, 5, 3, 0>, 2u>, config4>' to 'shift_line_buffer_array_ap_fixed_8_2_5_3_0_2u_config4_s'.
WARNING: [SYN 201-103] Legalizing function name 'dense_resource_rf_leq_nin<ap_fixed,ap_fixed<8,2,5,3,0>,config4_mult>' to 'dense_resource_rf_leq_nin_ap_fixed_ap_fixed_8_2_5_3_0_config4_mult_s'.
WARNING: [SYN 201-103] Legalizing function name 'compute_output_buffer_2d<array,array<ap_fixed<8,2,5,3,0>,1u>,config4>' to 'compute_output_buffer_2d_array_array_ap_fixed_8_2_5_3_0_1u_config4_s'.
WARNING: [SYN 201-103] Legalizing function name 'conv_2d_cl<array<ap_fixed,2u>,array<ap_fixed<8,2,5,3,0>,1u>,config4>' to 'conv_2d_cl_array_ap_fixed_2u_array_ap_fixed_8_2_5_3_0_1u_config4_s'.
Command         ap_set_top_model done; 0.539 sec.
Execute         get_model_list myproject -filter all-wo-channel -topdown 
Execute         preproc_iomode -model myproject 
Execute         preproc_iomode -model conv_2d_cl<array<ap_fixed,2u>,array<ap_fixed<8,2,5,3,0>,1u>,config4> 
Execute         preproc_iomode -model compute_output_buffer_2d<array,array<ap_fixed<8,2,5,3,0>,1u>,config4> 
Execute         preproc_iomode -model dense_resource_rf_leq_nin<ap_fixed,ap_fixed<8,2,5,3,0>,config4_mult> 
Execute         preproc_iomode -model shift_line_buffer<array<ap_fixed<8, 2, 5, 3, 0>, 2u>, config4> 
Execute         preproc_iomode -model zeropad2d_cl<array<ap_fixed,2u>,array<ap_fixed<8,2,5,3,0>,2u>,config6> 
Execute         preproc_iomode -model zeropad2d_cl<array,array<ap_fixed,2u>,config6>_Pipeline_PadBottomWidth 
Execute         preproc_iomode -model zeropad2d_cl<array,array<ap_fixed<8,2,5,3,0>,2u>,config6>_Pipeline_CopyMain 
Execute         preproc_iomode -model zeropad2d_cl<array,array<ap_fixed<8,2,5,3,0>,2u>,config6>_Pipeline_PadTopWidth 
Execute         preproc_iomode -model relu<array<ap_fixed,2u>,array<ap_fixed<8,2,5,3,0>,2u>,relu_config3> 
Execute         preproc_iomode -model conv_2d_cl<array<ap_fixed,1u>,array<ap_fixed<8,2,5,3,0>,2u>,config2> 
Execute         preproc_iomode -model compute_output_buffer_2d<array,array<ap_fixed<8,2,5,3,0>,2u>,config2> 
Execute         preproc_iomode -model dense_resource_rf_gt_nin_rem0<ap_fixed,ap_fixed<8,2,5,3,0>,config2_mult> 
Execute         preproc_iomode -model shift_line_buffer<array<ap_fixed<8, 2, 5, 3, 0>, 1u>, config2> 
Execute         preproc_iomode -model zeropad2d_cl<array<ap_fixed,1u>,array<ap_fixed<8,2,5,3,0>,1u>,config5> 
Execute         preproc_iomode -model zeropad2d_cl<array,array<ap_fixed,1u>,config5>_Pipeline_PadBottomWidth 
Execute         preproc_iomode -model zeropad2d_cl<array,array<ap_fixed<8,2,5,3,0>,1u>,config5>_Pipeline_CopyMain 
Execute         preproc_iomode -model zeropad2d_cl<array,array<ap_fixed<8,2,5,3,0>,1u>,config5>_Pipeline_PadTopWidth 
Execute         get_model_list myproject -filter all-wo-channel 
INFO-FLOW: Model list for configure: zeropad2d_cl<array,array<ap_fixed<8,2,5,3,0>,1u>,config5>_Pipeline_PadTopWidth zeropad2d_cl<array,array<ap_fixed<8,2,5,3,0>,1u>,config5>_Pipeline_CopyMain zeropad2d_cl<array,array<ap_fixed,1u>,config5>_Pipeline_PadBottomWidth zeropad2d_cl<array<ap_fixed,1u>,array<ap_fixed<8,2,5,3,0>,1u>,config5> {shift_line_buffer<array<ap_fixed<8, 2, 5, 3, 0>, 1u>, config2>} dense_resource_rf_gt_nin_rem0<ap_fixed,ap_fixed<8,2,5,3,0>,config2_mult> compute_output_buffer_2d<array,array<ap_fixed<8,2,5,3,0>,2u>,config2> conv_2d_cl<array<ap_fixed,1u>,array<ap_fixed<8,2,5,3,0>,2u>,config2> relu<array<ap_fixed,2u>,array<ap_fixed<8,2,5,3,0>,2u>,relu_config3> zeropad2d_cl<array,array<ap_fixed<8,2,5,3,0>,2u>,config6>_Pipeline_PadTopWidth zeropad2d_cl<array,array<ap_fixed<8,2,5,3,0>,2u>,config6>_Pipeline_CopyMain zeropad2d_cl<array,array<ap_fixed,2u>,config6>_Pipeline_PadBottomWidth zeropad2d_cl<array<ap_fixed,2u>,array<ap_fixed<8,2,5,3,0>,2u>,config6> {shift_line_buffer<array<ap_fixed<8, 2, 5, 3, 0>, 2u>, config4>} dense_resource_rf_leq_nin<ap_fixed,ap_fixed<8,2,5,3,0>,config4_mult> compute_output_buffer_2d<array,array<ap_fixed<8,2,5,3,0>,1u>,config4> conv_2d_cl<array<ap_fixed,2u>,array<ap_fixed<8,2,5,3,0>,1u>,config4> myproject
INFO-FLOW: Configuring Module : zeropad2d_cl<array,array<ap_fixed<8,2,5,3,0>,1u>,config5>_Pipeline_PadTopWidth ...
Execute         set_default_model zeropad2d_cl<array,array<ap_fixed<8,2,5,3,0>,1u>,config5>_Pipeline_PadTopWidth 
Execute         apply_spec_resource_limit zeropad2d_cl<array,array<ap_fixed<8,2,5,3,0>,1u>,config5>_Pipeline_PadTopWidth 
INFO-FLOW: Configuring Module : zeropad2d_cl<array,array<ap_fixed<8,2,5,3,0>,1u>,config5>_Pipeline_CopyMain ...
Execute         set_default_model zeropad2d_cl<array,array<ap_fixed<8,2,5,3,0>,1u>,config5>_Pipeline_CopyMain 
Execute         apply_spec_resource_limit zeropad2d_cl<array,array<ap_fixed<8,2,5,3,0>,1u>,config5>_Pipeline_CopyMain 
INFO-FLOW: Configuring Module : zeropad2d_cl<array,array<ap_fixed,1u>,config5>_Pipeline_PadBottomWidth ...
Execute         set_default_model zeropad2d_cl<array,array<ap_fixed,1u>,config5>_Pipeline_PadBottomWidth 
Execute         apply_spec_resource_limit zeropad2d_cl<array,array<ap_fixed,1u>,config5>_Pipeline_PadBottomWidth 
INFO-FLOW: Configuring Module : zeropad2d_cl<array<ap_fixed,1u>,array<ap_fixed<8,2,5,3,0>,1u>,config5> ...
Execute         set_default_model zeropad2d_cl<array<ap_fixed,1u>,array<ap_fixed<8,2,5,3,0>,1u>,config5> 
Execute         apply_spec_resource_limit zeropad2d_cl<array<ap_fixed,1u>,array<ap_fixed<8,2,5,3,0>,1u>,config5> 
INFO-FLOW: Configuring Module : shift_line_buffer<array<ap_fixed<8, 2, 5, 3, 0>, 1u>, config2> ...
Execute         set_default_model shift_line_buffer<array<ap_fixed<8, 2, 5, 3, 0>, 1u>, config2> 
Execute         apply_spec_resource_limit shift_line_buffer<array<ap_fixed<8, 2, 5, 3, 0>, 1u>, config2> 
INFO-FLOW: Configuring Module : dense_resource_rf_gt_nin_rem0<ap_fixed,ap_fixed<8,2,5,3,0>,config2_mult> ...
Execute         set_default_model dense_resource_rf_gt_nin_rem0<ap_fixed,ap_fixed<8,2,5,3,0>,config2_mult> 
Execute         apply_spec_resource_limit dense_resource_rf_gt_nin_rem0<ap_fixed,ap_fixed<8,2,5,3,0>,config2_mult> 
INFO-FLOW: Configuring Module : compute_output_buffer_2d<array,array<ap_fixed<8,2,5,3,0>,2u>,config2> ...
Execute         set_default_model compute_output_buffer_2d<array,array<ap_fixed<8,2,5,3,0>,2u>,config2> 
Execute         apply_spec_resource_limit compute_output_buffer_2d<array,array<ap_fixed<8,2,5,3,0>,2u>,config2> 
INFO-FLOW: Configuring Module : conv_2d_cl<array<ap_fixed,1u>,array<ap_fixed<8,2,5,3,0>,2u>,config2> ...
Execute         set_default_model conv_2d_cl<array<ap_fixed,1u>,array<ap_fixed<8,2,5,3,0>,2u>,config2> 
Execute         apply_spec_resource_limit conv_2d_cl<array<ap_fixed,1u>,array<ap_fixed<8,2,5,3,0>,2u>,config2> 
INFO-FLOW: Configuring Module : relu<array<ap_fixed,2u>,array<ap_fixed<8,2,5,3,0>,2u>,relu_config3> ...
Execute         set_default_model relu<array<ap_fixed,2u>,array<ap_fixed<8,2,5,3,0>,2u>,relu_config3> 
Execute         apply_spec_resource_limit relu<array<ap_fixed,2u>,array<ap_fixed<8,2,5,3,0>,2u>,relu_config3> 
INFO-FLOW: Configuring Module : zeropad2d_cl<array,array<ap_fixed<8,2,5,3,0>,2u>,config6>_Pipeline_PadTopWidth ...
Execute         set_default_model zeropad2d_cl<array,array<ap_fixed<8,2,5,3,0>,2u>,config6>_Pipeline_PadTopWidth 
Execute         apply_spec_resource_limit zeropad2d_cl<array,array<ap_fixed<8,2,5,3,0>,2u>,config6>_Pipeline_PadTopWidth 
INFO-FLOW: Configuring Module : zeropad2d_cl<array,array<ap_fixed<8,2,5,3,0>,2u>,config6>_Pipeline_CopyMain ...
Execute         set_default_model zeropad2d_cl<array,array<ap_fixed<8,2,5,3,0>,2u>,config6>_Pipeline_CopyMain 
Execute         apply_spec_resource_limit zeropad2d_cl<array,array<ap_fixed<8,2,5,3,0>,2u>,config6>_Pipeline_CopyMain 
INFO-FLOW: Configuring Module : zeropad2d_cl<array,array<ap_fixed,2u>,config6>_Pipeline_PadBottomWidth ...
Execute         set_default_model zeropad2d_cl<array,array<ap_fixed,2u>,config6>_Pipeline_PadBottomWidth 
Execute         apply_spec_resource_limit zeropad2d_cl<array,array<ap_fixed,2u>,config6>_Pipeline_PadBottomWidth 
INFO-FLOW: Configuring Module : zeropad2d_cl<array<ap_fixed,2u>,array<ap_fixed<8,2,5,3,0>,2u>,config6> ...
Execute         set_default_model zeropad2d_cl<array<ap_fixed,2u>,array<ap_fixed<8,2,5,3,0>,2u>,config6> 
Execute         apply_spec_resource_limit zeropad2d_cl<array<ap_fixed,2u>,array<ap_fixed<8,2,5,3,0>,2u>,config6> 
INFO-FLOW: Configuring Module : shift_line_buffer<array<ap_fixed<8, 2, 5, 3, 0>, 2u>, config4> ...
Execute         set_default_model shift_line_buffer<array<ap_fixed<8, 2, 5, 3, 0>, 2u>, config4> 
Execute         apply_spec_resource_limit shift_line_buffer<array<ap_fixed<8, 2, 5, 3, 0>, 2u>, config4> 
INFO-FLOW: Configuring Module : dense_resource_rf_leq_nin<ap_fixed,ap_fixed<8,2,5,3,0>,config4_mult> ...
Execute         set_default_model dense_resource_rf_leq_nin<ap_fixed,ap_fixed<8,2,5,3,0>,config4_mult> 
Execute         apply_spec_resource_limit dense_resource_rf_leq_nin<ap_fixed,ap_fixed<8,2,5,3,0>,config4_mult> 
INFO-FLOW: Configuring Module : compute_output_buffer_2d<array,array<ap_fixed<8,2,5,3,0>,1u>,config4> ...
Execute         set_default_model compute_output_buffer_2d<array,array<ap_fixed<8,2,5,3,0>,1u>,config4> 
Execute         apply_spec_resource_limit compute_output_buffer_2d<array,array<ap_fixed<8,2,5,3,0>,1u>,config4> 
INFO-FLOW: Configuring Module : conv_2d_cl<array<ap_fixed,2u>,array<ap_fixed<8,2,5,3,0>,1u>,config4> ...
Execute         set_default_model conv_2d_cl<array<ap_fixed,2u>,array<ap_fixed<8,2,5,3,0>,1u>,config4> 
Execute         apply_spec_resource_limit conv_2d_cl<array<ap_fixed,2u>,array<ap_fixed<8,2,5,3,0>,1u>,config4> 
INFO-FLOW: Configuring Module : myproject ...
Execute         set_default_model myproject 
Execute         apply_spec_resource_limit myproject 
INFO-FLOW: Model list for preprocess: zeropad2d_cl<array,array<ap_fixed<8,2,5,3,0>,1u>,config5>_Pipeline_PadTopWidth zeropad2d_cl<array,array<ap_fixed<8,2,5,3,0>,1u>,config5>_Pipeline_CopyMain zeropad2d_cl<array,array<ap_fixed,1u>,config5>_Pipeline_PadBottomWidth zeropad2d_cl<array<ap_fixed,1u>,array<ap_fixed<8,2,5,3,0>,1u>,config5> {shift_line_buffer<array<ap_fixed<8, 2, 5, 3, 0>, 1u>, config2>} dense_resource_rf_gt_nin_rem0<ap_fixed,ap_fixed<8,2,5,3,0>,config2_mult> compute_output_buffer_2d<array,array<ap_fixed<8,2,5,3,0>,2u>,config2> conv_2d_cl<array<ap_fixed,1u>,array<ap_fixed<8,2,5,3,0>,2u>,config2> relu<array<ap_fixed,2u>,array<ap_fixed<8,2,5,3,0>,2u>,relu_config3> zeropad2d_cl<array,array<ap_fixed<8,2,5,3,0>,2u>,config6>_Pipeline_PadTopWidth zeropad2d_cl<array,array<ap_fixed<8,2,5,3,0>,2u>,config6>_Pipeline_CopyMain zeropad2d_cl<array,array<ap_fixed,2u>,config6>_Pipeline_PadBottomWidth zeropad2d_cl<array<ap_fixed,2u>,array<ap_fixed<8,2,5,3,0>,2u>,config6> {shift_line_buffer<array<ap_fixed<8, 2, 5, 3, 0>, 2u>, config4>} dense_resource_rf_leq_nin<ap_fixed,ap_fixed<8,2,5,3,0>,config4_mult> compute_output_buffer_2d<array,array<ap_fixed<8,2,5,3,0>,1u>,config4> conv_2d_cl<array<ap_fixed,2u>,array<ap_fixed<8,2,5,3,0>,1u>,config4> myproject
INFO-FLOW: Preprocessing Module: zeropad2d_cl<array,array<ap_fixed<8,2,5,3,0>,1u>,config5>_Pipeline_PadTopWidth ...
Execute         set_default_model zeropad2d_cl<array,array<ap_fixed<8,2,5,3,0>,1u>,config5>_Pipeline_PadTopWidth 
Execute         cdfg_preprocess -model zeropad2d_cl<array,array<ap_fixed<8,2,5,3,0>,1u>,config5>_Pipeline_PadTopWidth 
Execute         rtl_gen_preprocess zeropad2d_cl<array,array<ap_fixed<8,2,5,3,0>,1u>,config5>_Pipeline_PadTopWidth 
INFO-FLOW: Preprocessing Module: zeropad2d_cl<array,array<ap_fixed<8,2,5,3,0>,1u>,config5>_Pipeline_CopyMain ...
Execute         set_default_model zeropad2d_cl<array,array<ap_fixed<8,2,5,3,0>,1u>,config5>_Pipeline_CopyMain 
Execute         cdfg_preprocess -model zeropad2d_cl<array,array<ap_fixed<8,2,5,3,0>,1u>,config5>_Pipeline_CopyMain 
Execute         rtl_gen_preprocess zeropad2d_cl<array,array<ap_fixed<8,2,5,3,0>,1u>,config5>_Pipeline_CopyMain 
INFO-FLOW: Preprocessing Module: zeropad2d_cl<array,array<ap_fixed,1u>,config5>_Pipeline_PadBottomWidth ...
Execute         set_default_model zeropad2d_cl<array,array<ap_fixed,1u>,config5>_Pipeline_PadBottomWidth 
Execute         cdfg_preprocess -model zeropad2d_cl<array,array<ap_fixed,1u>,config5>_Pipeline_PadBottomWidth 
Execute         rtl_gen_preprocess zeropad2d_cl<array,array<ap_fixed,1u>,config5>_Pipeline_PadBottomWidth 
INFO-FLOW: Preprocessing Module: zeropad2d_cl<array<ap_fixed,1u>,array<ap_fixed<8,2,5,3,0>,1u>,config5> ...
Execute         set_default_model zeropad2d_cl<array<ap_fixed,1u>,array<ap_fixed<8,2,5,3,0>,1u>,config5> 
Execute         cdfg_preprocess -model zeropad2d_cl<array<ap_fixed,1u>,array<ap_fixed<8,2,5,3,0>,1u>,config5> 
Execute         rtl_gen_preprocess zeropad2d_cl<array<ap_fixed,1u>,array<ap_fixed<8,2,5,3,0>,1u>,config5> 
INFO-FLOW: Preprocessing Module: shift_line_buffer<array<ap_fixed<8, 2, 5, 3, 0>, 1u>, config2> ...
Execute         set_default_model shift_line_buffer<array<ap_fixed<8, 2, 5, 3, 0>, 1u>, config2> 
Execute         cdfg_preprocess -model shift_line_buffer<array<ap_fixed<8, 2, 5, 3, 0>, 1u>, config2> 
Execute         rtl_gen_preprocess shift_line_buffer<array<ap_fixed<8, 2, 5, 3, 0>, 1u>, config2> 
INFO-FLOW: Preprocessing Module: dense_resource_rf_gt_nin_rem0<ap_fixed,ap_fixed<8,2,5,3,0>,config2_mult> ...
Execute         set_default_model dense_resource_rf_gt_nin_rem0<ap_fixed,ap_fixed<8,2,5,3,0>,config2_mult> 
Execute         cdfg_preprocess -model dense_resource_rf_gt_nin_rem0<ap_fixed,ap_fixed<8,2,5,3,0>,config2_mult> 
Execute         rtl_gen_preprocess dense_resource_rf_gt_nin_rem0<ap_fixed,ap_fixed<8,2,5,3,0>,config2_mult> 
INFO-FLOW: Preprocessing Module: compute_output_buffer_2d<array,array<ap_fixed<8,2,5,3,0>,2u>,config2> ...
Execute         set_default_model compute_output_buffer_2d<array,array<ap_fixed<8,2,5,3,0>,2u>,config2> 
Execute         cdfg_preprocess -model compute_output_buffer_2d<array,array<ap_fixed<8,2,5,3,0>,2u>,config2> 
Execute         rtl_gen_preprocess compute_output_buffer_2d<array,array<ap_fixed<8,2,5,3,0>,2u>,config2> 
INFO-FLOW: Preprocessing Module: conv_2d_cl<array<ap_fixed,1u>,array<ap_fixed<8,2,5,3,0>,2u>,config2> ...
Execute         set_default_model conv_2d_cl<array<ap_fixed,1u>,array<ap_fixed<8,2,5,3,0>,2u>,config2> 
Execute         cdfg_preprocess -model conv_2d_cl<array<ap_fixed,1u>,array<ap_fixed<8,2,5,3,0>,2u>,config2> 
Execute         rtl_gen_preprocess conv_2d_cl<array<ap_fixed,1u>,array<ap_fixed<8,2,5,3,0>,2u>,config2> 
INFO-FLOW: Preprocessing Module: relu<array<ap_fixed,2u>,array<ap_fixed<8,2,5,3,0>,2u>,relu_config3> ...
Execute         set_default_model relu<array<ap_fixed,2u>,array<ap_fixed<8,2,5,3,0>,2u>,relu_config3> 
Execute         cdfg_preprocess -model relu<array<ap_fixed,2u>,array<ap_fixed<8,2,5,3,0>,2u>,relu_config3> 
Execute         rtl_gen_preprocess relu<array<ap_fixed,2u>,array<ap_fixed<8,2,5,3,0>,2u>,relu_config3> 
INFO-FLOW: Preprocessing Module: zeropad2d_cl<array,array<ap_fixed<8,2,5,3,0>,2u>,config6>_Pipeline_PadTopWidth ...
Execute         set_default_model zeropad2d_cl<array,array<ap_fixed<8,2,5,3,0>,2u>,config6>_Pipeline_PadTopWidth 
Execute         cdfg_preprocess -model zeropad2d_cl<array,array<ap_fixed<8,2,5,3,0>,2u>,config6>_Pipeline_PadTopWidth 
Execute         rtl_gen_preprocess zeropad2d_cl<array,array<ap_fixed<8,2,5,3,0>,2u>,config6>_Pipeline_PadTopWidth 
INFO-FLOW: Preprocessing Module: zeropad2d_cl<array,array<ap_fixed<8,2,5,3,0>,2u>,config6>_Pipeline_CopyMain ...
Execute         set_default_model zeropad2d_cl<array,array<ap_fixed<8,2,5,3,0>,2u>,config6>_Pipeline_CopyMain 
Execute         cdfg_preprocess -model zeropad2d_cl<array,array<ap_fixed<8,2,5,3,0>,2u>,config6>_Pipeline_CopyMain 
Execute         rtl_gen_preprocess zeropad2d_cl<array,array<ap_fixed<8,2,5,3,0>,2u>,config6>_Pipeline_CopyMain 
INFO-FLOW: Preprocessing Module: zeropad2d_cl<array,array<ap_fixed,2u>,config6>_Pipeline_PadBottomWidth ...
Execute         set_default_model zeropad2d_cl<array,array<ap_fixed,2u>,config6>_Pipeline_PadBottomWidth 
Execute         cdfg_preprocess -model zeropad2d_cl<array,array<ap_fixed,2u>,config6>_Pipeline_PadBottomWidth 
Execute         rtl_gen_preprocess zeropad2d_cl<array,array<ap_fixed,2u>,config6>_Pipeline_PadBottomWidth 
INFO-FLOW: Preprocessing Module: zeropad2d_cl<array<ap_fixed,2u>,array<ap_fixed<8,2,5,3,0>,2u>,config6> ...
Execute         set_default_model zeropad2d_cl<array<ap_fixed,2u>,array<ap_fixed<8,2,5,3,0>,2u>,config6> 
Execute         cdfg_preprocess -model zeropad2d_cl<array<ap_fixed,2u>,array<ap_fixed<8,2,5,3,0>,2u>,config6> 
Execute         rtl_gen_preprocess zeropad2d_cl<array<ap_fixed,2u>,array<ap_fixed<8,2,5,3,0>,2u>,config6> 
INFO-FLOW: Preprocessing Module: shift_line_buffer<array<ap_fixed<8, 2, 5, 3, 0>, 2u>, config4> ...
Execute         set_default_model shift_line_buffer<array<ap_fixed<8, 2, 5, 3, 0>, 2u>, config4> 
Execute         cdfg_preprocess -model shift_line_buffer<array<ap_fixed<8, 2, 5, 3, 0>, 2u>, config4> 
Execute         rtl_gen_preprocess shift_line_buffer<array<ap_fixed<8, 2, 5, 3, 0>, 2u>, config4> 
INFO-FLOW: Preprocessing Module: dense_resource_rf_leq_nin<ap_fixed,ap_fixed<8,2,5,3,0>,config4_mult> ...
Execute         set_default_model dense_resource_rf_leq_nin<ap_fixed,ap_fixed<8,2,5,3,0>,config4_mult> 
Execute         cdfg_preprocess -model dense_resource_rf_leq_nin<ap_fixed,ap_fixed<8,2,5,3,0>,config4_mult> 
Execute         rtl_gen_preprocess dense_resource_rf_leq_nin<ap_fixed,ap_fixed<8,2,5,3,0>,config4_mult> 
INFO-FLOW: Preprocessing Module: compute_output_buffer_2d<array,array<ap_fixed<8,2,5,3,0>,1u>,config4> ...
Execute         set_default_model compute_output_buffer_2d<array,array<ap_fixed<8,2,5,3,0>,1u>,config4> 
Execute         cdfg_preprocess -model compute_output_buffer_2d<array,array<ap_fixed<8,2,5,3,0>,1u>,config4> 
Execute         rtl_gen_preprocess compute_output_buffer_2d<array,array<ap_fixed<8,2,5,3,0>,1u>,config4> 
INFO-FLOW: Preprocessing Module: conv_2d_cl<array<ap_fixed,2u>,array<ap_fixed<8,2,5,3,0>,1u>,config4> ...
Execute         set_default_model conv_2d_cl<array<ap_fixed,2u>,array<ap_fixed<8,2,5,3,0>,1u>,config4> 
Execute         cdfg_preprocess -model conv_2d_cl<array<ap_fixed,2u>,array<ap_fixed<8,2,5,3,0>,1u>,config4> 
Execute         rtl_gen_preprocess conv_2d_cl<array<ap_fixed,2u>,array<ap_fixed<8,2,5,3,0>,1u>,config4> 
INFO-FLOW: Preprocessing Module: myproject ...
Execute         set_default_model myproject 
Execute         cdfg_preprocess -model myproject 
Execute         rtl_gen_preprocess myproject 
INFO-FLOW: Model list for synthesis: zeropad2d_cl<array,array<ap_fixed<8,2,5,3,0>,1u>,config5>_Pipeline_PadTopWidth zeropad2d_cl<array,array<ap_fixed<8,2,5,3,0>,1u>,config5>_Pipeline_CopyMain zeropad2d_cl<array,array<ap_fixed,1u>,config5>_Pipeline_PadBottomWidth zeropad2d_cl<array<ap_fixed,1u>,array<ap_fixed<8,2,5,3,0>,1u>,config5> {shift_line_buffer<array<ap_fixed<8, 2, 5, 3, 0>, 1u>, config2>} dense_resource_rf_gt_nin_rem0<ap_fixed,ap_fixed<8,2,5,3,0>,config2_mult> compute_output_buffer_2d<array,array<ap_fixed<8,2,5,3,0>,2u>,config2> conv_2d_cl<array<ap_fixed,1u>,array<ap_fixed<8,2,5,3,0>,2u>,config2> relu<array<ap_fixed,2u>,array<ap_fixed<8,2,5,3,0>,2u>,relu_config3> zeropad2d_cl<array,array<ap_fixed<8,2,5,3,0>,2u>,config6>_Pipeline_PadTopWidth zeropad2d_cl<array,array<ap_fixed<8,2,5,3,0>,2u>,config6>_Pipeline_CopyMain zeropad2d_cl<array,array<ap_fixed,2u>,config6>_Pipeline_PadBottomWidth zeropad2d_cl<array<ap_fixed,2u>,array<ap_fixed<8,2,5,3,0>,2u>,config6> {shift_line_buffer<array<ap_fixed<8, 2, 5, 3, 0>, 2u>, config4>} dense_resource_rf_leq_nin<ap_fixed,ap_fixed<8,2,5,3,0>,config4_mult> compute_output_buffer_2d<array,array<ap_fixed<8,2,5,3,0>,1u>,config4> conv_2d_cl<array<ap_fixed,2u>,array<ap_fixed<8,2,5,3,0>,1u>,config4> myproject
INFO: [HLS 200-10] ----------------------------------------------------------------
INFO: [HLS 200-42] -- Implementing module 'zeropad2d_cl_array_array_ap_fixed_8_2_5_3_0_1u_config5_Pipeline_PadTopWidth' 
INFO: [HLS 200-10] ----------------------------------------------------------------
Execute         set_default_model zeropad2d_cl<array,array<ap_fixed<8,2,5,3,0>,1u>,config5>_Pipeline_PadTopWidth 
Execute         schedule -model zeropad2d_cl<array,array<ap_fixed<8,2,5,3,0>,1u>,config5>_Pipeline_PadTopWidth 
INFO: [SCHED 204-11] Starting scheduling ...
INFO: [SCHED 204-61] Pipelining loop 'PadTopWidth'.
INFO: [HLS 200-1470] Pipelining result : Target II = NA, Final II = 1, Depth = 2, loop 'PadTopWidth'
INFO: [SCHED 204-11] Finished scheduling.
Command         schedule done; 0.122 sec.
INFO: [HLS 200-111] Finished Scheduling: CPU user time: 1 seconds. CPU system time: 0 seconds. Elapsed time: 0.919 seconds; current allocated memory: 1.166 GB.
Execute         syn_report -verbosereport -o C:/Users/brand/Documents/engs192/zybo-edge-ai/hls/edge_cnn_minimal_hls/myproject_prj/solution1/.autopilot/db/zeropad2d_cl_array_array_ap_fixed_8_2_5_3_0_1u_config5_Pipeline_PadTopWidth.verbose.sched.rpt 
Execute           AP::get_flow_target_display_name
Execute             get_solution -flow_target 
Execute         db_write -o C:/Users/brand/Documents/engs192/zybo-edge-ai/hls/edge_cnn_minimal_hls/myproject_prj/solution1/.autopilot/db/zeropad2d_cl_array_array_ap_fixed_8_2_5_3_0_1u_config5_Pipeline_PadTopWidth.sched.adb -f 
INFO-FLOW: Finish scheduling zeropad2d_cl<array,array<ap_fixed<8,2,5,3,0>,1u>,config5>_Pipeline_PadTopWidth.
Execute         set_default_model zeropad2d_cl<array,array<ap_fixed<8,2,5,3,0>,1u>,config5>_Pipeline_PadTopWidth 
Execute         bind -model zeropad2d_cl<array,array<ap_fixed<8,2,5,3,0>,1u>,config5>_Pipeline_PadTopWidth 
INFO: [BIND 205-100] Starting micro-architecture generation ...
INFO: [BIND 205-101] Performing variable lifetime analysis.
INFO: [BIND 205-101] Exploring resource sharing.
INFO: [BIND 205-101] Binding ...
INFO: [BIND 205-100] Finished micro-architecture generation.
Command         bind done; 0.103 sec.
INFO: [HLS 200-111] Finished Binding: CPU user time: 0 seconds. CPU system time: 0 seconds. Elapsed time: 0.12 seconds; current allocated memory: 1.166 GB.
Execute         syn_report -verbosereport -o C:/Users/brand/Documents/engs192/zybo-edge-ai/hls/edge_cnn_minimal_hls/myproject_prj/solution1/.autopilot/db/zeropad2d_cl_array_array_ap_fixed_8_2_5_3_0_1u_config5_Pipeline_PadTopWidth.verbose.bind.rpt 
Execute           AP::get_flow_target_display_name
Execute             get_solution -flow_target 
Execute         db_write -o C:/Users/brand/Documents/engs192/zybo-edge-ai/hls/edge_cnn_minimal_hls/myproject_prj/solution1/.autopilot/db/zeropad2d_cl_array_array_ap_fixed_8_2_5_3_0_1u_config5_Pipeline_PadTopWidth.bind.adb -f 
INFO-FLOW: Finish binding zeropad2d_cl<array,array<ap_fixed<8,2,5,3,0>,1u>,config5>_Pipeline_PadTopWidth.
INFO: [HLS 200-10] ----------------------------------------------------------------
INFO: [HLS 200-42] -- Implementing module 'zeropad2d_cl_array_array_ap_fixed_8_2_5_3_0_1u_config5_Pipeline_CopyMain' 
INFO: [HLS 200-10] ----------------------------------------------------------------
Execute         set_default_model zeropad2d_cl<array,array<ap_fixed<8,2,5,3,0>,1u>,config5>_Pipeline_CopyMain 
Execute         schedule -model zeropad2d_cl<array,array<ap_fixed<8,2,5,3,0>,1u>,config5>_Pipeline_CopyMain 
INFO: [SCHED 204-11] Starting scheduling ...
INFO: [SCHED 204-61] Pipelining loop 'CopyMain'.
WARNING: [HLS 200-880] The II Violation in module 'zeropad2d_cl_array_array_ap_fixed_8_2_5_3_0_1u_config5_Pipeline_CopyMain' (loop 'CopyMain'): Unable to enforce a carried dependence constraint (II = 1, distance = 1, offset = 1) between fifo write operation ('layer5_out_write_ln173', C:/Xilinx/Vitis_HLS/2021.2/common/technology/autopilot/hls_stream_39.h:173) on port 'layer5_out' (C:/Xilinx/Vitis_HLS/2021.2/common/technology/autopilot/hls_stream_39.h:173) and fifo write operation ('layer5_out_write_ln173', C:/Xilinx/Vitis_HLS/2021.2/common/technology/autopilot/hls_stream_39.h:173) on port 'layer5_out' (C:/Xilinx/Vitis_HLS/2021.2/common/technology/autopilot/hls_stream_39.h:173).
INFO: [HLS 200-1470] Pipelining result : Target II = NA, Final II = 2, Depth = 3, loop 'CopyMain'
INFO: [SCHED 204-11] Finished scheduling.
Command         schedule done; 0.154 sec.
INFO: [HLS 200-111] Finished Scheduling: CPU user time: 0 seconds. CPU system time: 0 seconds. Elapsed time: 0.235 seconds; current allocated memory: 1.166 GB.
Execute         syn_report -verbosereport -o C:/Users/brand/Documents/engs192/zybo-edge-ai/hls/edge_cnn_minimal_hls/myproject_prj/solution1/.autopilot/db/zeropad2d_cl_array_array_ap_fixed_8_2_5_3_0_1u_config5_Pipeline_CopyMain.verbose.sched.rpt 
Execute           AP::get_flow_target_display_name
Execute             get_solution -flow_target 
Execute         db_write -o C:/Users/brand/Documents/engs192/zybo-edge-ai/hls/edge_cnn_minimal_hls/myproject_prj/solution1/.autopilot/db/zeropad2d_cl_array_array_ap_fixed_8_2_5_3_0_1u_config5_Pipeline_CopyMain.sched.adb -f 
INFO-FLOW: Finish scheduling zeropad2d_cl<array,array<ap_fixed<8,2,5,3,0>,1u>,config5>_Pipeline_CopyMain.
Execute         set_default_model zeropad2d_cl<array,array<ap_fixed<8,2,5,3,0>,1u>,config5>_Pipeline_CopyMain 
Execute         bind -model zeropad2d_cl<array,array<ap_fixed<8,2,5,3,0>,1u>,config5>_Pipeline_CopyMain 
INFO: [BIND 205-100] Starting micro-architecture generation ...
INFO: [BIND 205-101] Performing variable lifetime analysis.
INFO: [BIND 205-101] Exploring resource sharing.
INFO: [BIND 205-101] Binding ...
INFO: [BIND 205-100] Finished micro-architecture generation.
Command         bind done; 0.122 sec.
INFO: [HLS 200-111] Finished Binding: CPU user time: 0 seconds. CPU system time: 0 seconds. Elapsed time: 0.143 seconds; current allocated memory: 1.166 GB.
Execute         syn_report -verbosereport -o C:/Users/brand/Documents/engs192/zybo-edge-ai/hls/edge_cnn_minimal_hls/myproject_prj/solution1/.autopilot/db/zeropad2d_cl_array_array_ap_fixed_8_2_5_3_0_1u_config5_Pipeline_CopyMain.verbose.bind.rpt 
Execute           AP::get_flow_target_display_name
Execute             get_solution -flow_target 
Execute         db_write -o C:/Users/brand/Documents/engs192/zybo-edge-ai/hls/edge_cnn_minimal_hls/myproject_prj/solution1/.autopilot/db/zeropad2d_cl_array_array_ap_fixed_8_2_5_3_0_1u_config5_Pipeline_CopyMain.bind.adb -f 
INFO-FLOW: Finish binding zeropad2d_cl<array,array<ap_fixed<8,2,5,3,0>,1u>,config5>_Pipeline_CopyMain.
INFO: [HLS 200-10] ----------------------------------------------------------------
INFO: [HLS 200-42] -- Implementing module 'zeropad2d_cl_array_array_ap_fixed_1u_config5_Pipeline_PadBottomWidth' 
INFO: [HLS 200-10] ----------------------------------------------------------------
Execute         set_default_model zeropad2d_cl<array,array<ap_fixed,1u>,config5>_Pipeline_PadBottomWidth 
Execute         schedule -model zeropad2d_cl<array,array<ap_fixed,1u>,config5>_Pipeline_PadBottomWidth 
INFO: [SCHED 204-11] Starting scheduling ...
INFO: [SCHED 204-61] Pipelining loop 'PadBottomWidth'.
INFO: [HLS 200-1470] Pipelining result : Target II = NA, Final II = 1, Depth = 2, loop 'PadBottomWidth'
INFO: [SCHED 204-11] Finished scheduling.
Command         schedule done; 0.108 sec.
INFO: [HLS 200-111] Finished Scheduling: CPU user time: 0 seconds. CPU system time: 0 seconds. Elapsed time: 0.184 seconds; current allocated memory: 1.166 GB.
Execute         syn_report -verbosereport -o C:/Users/brand/Documents/engs192/zybo-edge-ai/hls/edge_cnn_minimal_hls/myproject_prj/solution1/.autopilot/db/zeropad2d_cl_array_array_ap_fixed_1u_config5_Pipeline_PadBottomWidth.verbose.sched.rpt 
Execute           AP::get_flow_target_display_name
Execute             get_solution -flow_target 
Execute         db_write -o C:/Users/brand/Documents/engs192/zybo-edge-ai/hls/edge_cnn_minimal_hls/myproject_prj/solution1/.autopilot/db/zeropad2d_cl_array_array_ap_fixed_1u_config5_Pipeline_PadBottomWidth.sched.adb -f 
INFO-FLOW: Finish scheduling zeropad2d_cl<array,array<ap_fixed,1u>,config5>_Pipeline_PadBottomWidth.
Execute         set_default_model zeropad2d_cl<array,array<ap_fixed,1u>,config5>_Pipeline_PadBottomWidth 
Execute         bind -model zeropad2d_cl<array,array<ap_fixed,1u>,config5>_Pipeline_PadBottomWidth 
INFO: [BIND 205-100] Starting micro-architecture generation ...
INFO: [BIND 205-101] Performing variable lifetime analysis.
INFO: [BIND 205-101] Exploring resource sharing.
INFO: [BIND 205-101] Binding ...
INFO: [BIND 205-100] Finished micro-architecture generation.
Command         bind done; 0.134 sec.
INFO: [HLS 200-111] Finished Binding: CPU user time: 0 seconds. CPU system time: 0 seconds. Elapsed time: 0.149 seconds; current allocated memory: 1.166 GB.
Execute         syn_report -verbosereport -o C:/Users/brand/Documents/engs192/zybo-edge-ai/hls/edge_cnn_minimal_hls/myproject_prj/solution1/.autopilot/db/zeropad2d_cl_array_array_ap_fixed_1u_config5_Pipeline_PadBottomWidth.verbose.bind.rpt 
Execute           AP::get_flow_target_display_name
Execute             get_solution -flow_target 
Execute         db_write -o C:/Users/brand/Documents/engs192/zybo-edge-ai/hls/edge_cnn_minimal_hls/myproject_prj/solution1/.autopilot/db/zeropad2d_cl_array_array_ap_fixed_1u_config5_Pipeline_PadBottomWidth.bind.adb -f 
INFO-FLOW: Finish binding zeropad2d_cl<array,array<ap_fixed,1u>,config5>_Pipeline_PadBottomWidth.
INFO: [HLS 200-10] ----------------------------------------------------------------
INFO: [HLS 200-42] -- Implementing module 'zeropad2d_cl_array_ap_fixed_1u_array_ap_fixed_8_2_5_3_0_1u_config5_s' 
INFO: [HLS 200-10] ----------------------------------------------------------------
Execute         set_default_model zeropad2d_cl<array<ap_fixed,1u>,array<ap_fixed<8,2,5,3,0>,1u>,config5> 
Execute         schedule -model zeropad2d_cl<array<ap_fixed,1u>,array<ap_fixed<8,2,5,3,0>,1u>,config5> 
INFO: [SCHED 204-11] Starting scheduling ...
INFO: [SCHED 204-11] Finished scheduling.
INFO: [HLS 200-111] Finished Scheduling: CPU user time: 0 seconds. CPU system time: 0 seconds. Elapsed time: 0.122 seconds; current allocated memory: 1.166 GB.
Execute         syn_report -verbosereport -o C:/Users/brand/Documents/engs192/zybo-edge-ai/hls/edge_cnn_minimal_hls/myproject_prj/solution1/.autopilot/db/zeropad2d_cl_array_ap_fixed_1u_array_ap_fixed_8_2_5_3_0_1u_config5_s.verbose.sched.rpt 
Execute           AP::get_flow_target_display_name
Execute             get_solution -flow_target 
Execute         db_write -o C:/Users/brand/Documents/engs192/zybo-edge-ai/hls/edge_cnn_minimal_hls/myproject_prj/solution1/.autopilot/db/zeropad2d_cl_array_ap_fixed_1u_array_ap_fixed_8_2_5_3_0_1u_config5_s.sched.adb -f 
INFO-FLOW: Finish scheduling zeropad2d_cl<array<ap_fixed,1u>,array<ap_fixed<8,2,5,3,0>,1u>,config5>.
Execute         set_default_model zeropad2d_cl<array<ap_fixed,1u>,array<ap_fixed<8,2,5,3,0>,1u>,config5> 
Execute         bind -model zeropad2d_cl<array<ap_fixed,1u>,array<ap_fixed<8,2,5,3,0>,1u>,config5> 
INFO: [BIND 205-100] Starting micro-architecture generation ...
INFO: [BIND 205-101] Performing variable lifetime analysis.
INFO: [BIND 205-101] Exploring resource sharing.
INFO: [BIND 205-101] Binding ...
INFO: [BIND 205-100] Finished micro-architecture generation.
INFO: [HLS 200-111] Finished Binding: CPU user time: 0 seconds. CPU system time: 0 seconds. Elapsed time: 0.118 seconds; current allocated memory: 1.166 GB.
Execute         syn_report -verbosereport -o C:/Users/brand/Documents/engs192/zybo-edge-ai/hls/edge_cnn_minimal_hls/myproject_prj/solution1/.autopilot/db/zeropad2d_cl_array_ap_fixed_1u_array_ap_fixed_8_2_5_3_0_1u_config5_s.verbose.bind.rpt 
Execute           AP::get_flow_target_display_name
Execute             get_solution -flow_target 
Execute         db_write -o C:/Users/brand/Documents/engs192/zybo-edge-ai/hls/edge_cnn_minimal_hls/myproject_prj/solution1/.autopilot/db/zeropad2d_cl_array_ap_fixed_1u_array_ap_fixed_8_2_5_3_0_1u_config5_s.bind.adb -f 
INFO-FLOW: Finish binding zeropad2d_cl<array<ap_fixed,1u>,array<ap_fixed<8,2,5,3,0>,1u>,config5>.
INFO: [HLS 200-10] ----------------------------------------------------------------
INFO: [HLS 200-42] -- Implementing module 'shift_line_buffer_array_ap_fixed_8_2_5_3_0_1u_config2_s' 
INFO: [HLS 200-10] ----------------------------------------------------------------
Execute         set_default_model shift_line_buffer<array<ap_fixed<8, 2, 5, 3, 0>, 1u>, config2> 
Execute         schedule -model shift_line_buffer<array<ap_fixed<8, 2, 5, 3, 0>, 1u>, config2> 
INFO: [SCHED 204-11] Starting scheduling ...
INFO: [SCHED 204-61] Pipelining function 'shift_line_buffer<array<ap_fixed<8, 2, 5, 3, 0>, 1u>, config2>'.
INFO: [HLS 200-1470] Pipelining result : Target II = NA, Final II = 1, Depth = 1, function 'shift_line_buffer<array<ap_fixed<8, 2, 5, 3, 0>, 1u>, config2>'
INFO: [SCHED 204-11] Finished scheduling.
Command         schedule done; 0.104 sec.
INFO: [HLS 200-111] Finished Scheduling: CPU user time: 0 seconds. CPU system time: 0 seconds. Elapsed time: 0.19 seconds; current allocated memory: 1.166 GB.
Execute         syn_report -verbosereport -o C:/Users/brand/Documents/engs192/zybo-edge-ai/hls/edge_cnn_minimal_hls/myproject_prj/solution1/.autopilot/db/shift_line_buffer_array_ap_fixed_8_2_5_3_0_1u_config2_s.verbose.sched.rpt 
Execute           AP::get_flow_target_display_name
Execute             get_solution -flow_target 
Execute         db_write -o C:/Users/brand/Documents/engs192/zybo-edge-ai/hls/edge_cnn_minimal_hls/myproject_prj/solution1/.autopilot/db/shift_line_buffer_array_ap_fixed_8_2_5_3_0_1u_config2_s.sched.adb -f 
INFO-FLOW: Finish scheduling shift_line_buffer<array<ap_fixed<8, 2, 5, 3, 0>, 1u>, config2>.
Execute         set_default_model shift_line_buffer<array<ap_fixed<8, 2, 5, 3, 0>, 1u>, config2> 
Execute         bind -model shift_line_buffer<array<ap_fixed<8, 2, 5, 3, 0>, 1u>, config2> 
INFO: [BIND 205-100] Starting micro-architecture generation ...
INFO: [BIND 205-101] Performing variable lifetime analysis.
INFO: [BIND 205-101] Exploring resource sharing.
INFO: [BIND 205-101] Binding ...
INFO: [BIND 205-100] Finished micro-architecture generation.
Command         bind done; 0.107 sec.
INFO: [HLS 200-111] Finished Binding: CPU user time: 0 seconds. CPU system time: 0 seconds. Elapsed time: 0.121 seconds; current allocated memory: 1.166 GB.
Execute         syn_report -verbosereport -o C:/Users/brand/Documents/engs192/zybo-edge-ai/hls/edge_cnn_minimal_hls/myproject_prj/solution1/.autopilot/db/shift_line_buffer_array_ap_fixed_8_2_5_3_0_1u_config2_s.verbose.bind.rpt 
Execute           AP::get_flow_target_display_name
Execute             get_solution -flow_target 
Execute         db_write -o C:/Users/brand/Documents/engs192/zybo-edge-ai/hls/edge_cnn_minimal_hls/myproject_prj/solution1/.autopilot/db/shift_line_buffer_array_ap_fixed_8_2_5_3_0_1u_config2_s.bind.adb -f 
INFO-FLOW: Finish binding shift_line_buffer<array<ap_fixed<8, 2, 5, 3, 0>, 1u>, config2>.
INFO: [HLS 200-10] ----------------------------------------------------------------
INFO: [HLS 200-42] -- Implementing module 'dense_resource_rf_gt_nin_rem0_ap_fixed_ap_fixed_8_2_5_3_0_config2_mult_s' 
INFO: [HLS 200-10] ----------------------------------------------------------------
Execute         set_default_model dense_resource_rf_gt_nin_rem0<ap_fixed,ap_fixed<8,2,5,3,0>,config2_mult> 
Execute         schedule -model dense_resource_rf_gt_nin_rem0<ap_fixed,ap_fixed<8,2,5,3,0>,config2_mult> 
INFO: [SCHED 204-11] Starting scheduling ...
INFO: [SCHED 204-61] Pipelining loop 'ReuseLoop'.
INFO: [HLS 200-1470] Pipelining result : Target II = 1, Final II = 1, Depth = 3, loop 'ReuseLoop'
INFO: [SCHED 204-11] Finished scheduling.
INFO: [HLS 200-111] Finished Scheduling: CPU user time: 0 seconds. CPU system time: 0 seconds. Elapsed time: 0.163 seconds; current allocated memory: 1.166 GB.
Execute         syn_report -verbosereport -o C:/Users/brand/Documents/engs192/zybo-edge-ai/hls/edge_cnn_minimal_hls/myproject_prj/solution1/.autopilot/db/dense_resource_rf_gt_nin_rem0_ap_fixed_ap_fixed_8_2_5_3_0_config2_mult_s.verbose.sched.rpt 
Execute           AP::get_flow_target_display_name
Execute             get_solution -flow_target 
Execute         db_write -o C:/Users/brand/Documents/engs192/zybo-edge-ai/hls/edge_cnn_minimal_hls/myproject_prj/solution1/.autopilot/db/dense_resource_rf_gt_nin_rem0_ap_fixed_ap_fixed_8_2_5_3_0_config2_mult_s.sched.adb -f 
INFO-FLOW: Finish scheduling dense_resource_rf_gt_nin_rem0<ap_fixed,ap_fixed<8,2,5,3,0>,config2_mult>.
Execute         set_default_model dense_resource_rf_gt_nin_rem0<ap_fixed,ap_fixed<8,2,5,3,0>,config2_mult> 
Execute         bind -model dense_resource_rf_gt_nin_rem0<ap_fixed,ap_fixed<8,2,5,3,0>,config2_mult> 
INFO: [BIND 205-100] Starting micro-architecture generation ...
INFO: [BIND 205-101] Performing variable lifetime analysis.
INFO: [BIND 205-101] Exploring resource sharing.
INFO: [BIND 205-101] Binding ...
INFO: [BIND 205-100] Finished micro-architecture generation.
Command         bind done; 0.104 sec.
INFO: [HLS 200-111] Finished Binding: CPU user time: 0 seconds. CPU system time: 0 seconds. Elapsed time: 0.14 seconds; current allocated memory: 1.166 GB.
Execute         syn_report -verbosereport -o C:/Users/brand/Documents/engs192/zybo-edge-ai/hls/edge_cnn_minimal_hls/myproject_prj/solution1/.autopilot/db/dense_resource_rf_gt_nin_rem0_ap_fixed_ap_fixed_8_2_5_3_0_config2_mult_s.verbose.bind.rpt 
Execute           AP::get_flow_target_display_name
Execute             get_solution -flow_target 
Execute         db_write -o C:/Users/brand/Documents/engs192/zybo-edge-ai/hls/edge_cnn_minimal_hls/myproject_prj/solution1/.autopilot/db/dense_resource_rf_gt_nin_rem0_ap_fixed_ap_fixed_8_2_5_3_0_config2_mult_s.bind.adb -f 
INFO-FLOW: Finish binding dense_resource_rf_gt_nin_rem0<ap_fixed,ap_fixed<8,2,5,3,0>,config2_mult>.
INFO: [HLS 200-10] ----------------------------------------------------------------
INFO: [HLS 200-42] -- Implementing module 'compute_output_buffer_2d_array_array_ap_fixed_8_2_5_3_0_2u_config2_s' 
INFO: [HLS 200-10] ----------------------------------------------------------------
Execute         set_default_model compute_output_buffer_2d<array,array<ap_fixed<8,2,5,3,0>,2u>,config2> 
Execute         schedule -model compute_output_buffer_2d<array,array<ap_fixed<8,2,5,3,0>,2u>,config2> 
INFO: [SCHED 204-11] Starting scheduling ...
INFO: [SCHED 204-11] Finished scheduling.
INFO: [HLS 200-111] Finished Scheduling: CPU user time: 0 seconds. CPU system time: 0 seconds. Elapsed time: 0.176 seconds; current allocated memory: 1.166 GB.
Execute         syn_report -verbosereport -o C:/Users/brand/Documents/engs192/zybo-edge-ai/hls/edge_cnn_minimal_hls/myproject_prj/solution1/.autopilot/db/compute_output_buffer_2d_array_array_ap_fixed_8_2_5_3_0_2u_config2_s.verbose.sched.rpt 
Execute           AP::get_flow_target_display_name
Execute             get_solution -flow_target 
Execute         db_write -o C:/Users/brand/Documents/engs192/zybo-edge-ai/hls/edge_cnn_minimal_hls/myproject_prj/solution1/.autopilot/db/compute_output_buffer_2d_array_array_ap_fixed_8_2_5_3_0_2u_config2_s.sched.adb -f 
INFO-FLOW: Finish scheduling compute_output_buffer_2d<array,array<ap_fixed<8,2,5,3,0>,2u>,config2>.
Execute         set_default_model compute_output_buffer_2d<array,array<ap_fixed<8,2,5,3,0>,2u>,config2> 
Execute         bind -model compute_output_buffer_2d<array,array<ap_fixed<8,2,5,3,0>,2u>,config2> 
INFO: [BIND 205-100] Starting micro-architecture generation ...
INFO: [BIND 205-101] Performing variable lifetime analysis.
INFO: [BIND 205-101] Exploring resource sharing.
INFO: [BIND 205-101] Binding ...
INFO: [BIND 205-100] Finished micro-architecture generation.
Command         bind done; 0.117 sec.
INFO: [HLS 200-111] Finished Binding: CPU user time: 1 seconds. CPU system time: 0 seconds. Elapsed time: 0.148 seconds; current allocated memory: 1.166 GB.
Execute         syn_report -verbosereport -o C:/Users/brand/Documents/engs192/zybo-edge-ai/hls/edge_cnn_minimal_hls/myproject_prj/solution1/.autopilot/db/compute_output_buffer_2d_array_array_ap_fixed_8_2_5_3_0_2u_config2_s.verbose.bind.rpt 
Execute           AP::get_flow_target_display_name
Execute             get_solution -flow_target 
Execute         db_write -o C:/Users/brand/Documents/engs192/zybo-edge-ai/hls/edge_cnn_minimal_hls/myproject_prj/solution1/.autopilot/db/compute_output_buffer_2d_array_array_ap_fixed_8_2_5_3_0_2u_config2_s.bind.adb -f 
INFO-FLOW: Finish binding compute_output_buffer_2d<array,array<ap_fixed<8,2,5,3,0>,2u>,config2>.
INFO: [HLS 200-10] ----------------------------------------------------------------
INFO: [HLS 200-42] -- Implementing module 'conv_2d_cl_array_ap_fixed_1u_array_ap_fixed_8_2_5_3_0_2u_config2_s' 
INFO: [HLS 200-10] ----------------------------------------------------------------
Execute         set_default_model conv_2d_cl<array<ap_fixed,1u>,array<ap_fixed<8,2,5,3,0>,2u>,config2> 
Execute         schedule -model conv_2d_cl<array<ap_fixed,1u>,array<ap_fixed<8,2,5,3,0>,2u>,config2> 
INFO: [SCHED 204-11] Starting scheduling ...
INFO: [SCHED 204-11] Finished scheduling.
INFO: [HLS 200-111] Finished Scheduling: CPU user time: 0 seconds. CPU system time: 0 seconds. Elapsed time: 0.191 seconds; current allocated memory: 1.166 GB.
Execute         syn_report -verbosereport -o C:/Users/brand/Documents/engs192/zybo-edge-ai/hls/edge_cnn_minimal_hls/myproject_prj/solution1/.autopilot/db/conv_2d_cl_array_ap_fixed_1u_array_ap_fixed_8_2_5_3_0_2u_config2_s.verbose.sched.rpt 
Execute           AP::get_flow_target_display_name
Execute             get_solution -flow_target 
Execute         db_write -o C:/Users/brand/Documents/engs192/zybo-edge-ai/hls/edge_cnn_minimal_hls/myproject_prj/solution1/.autopilot/db/conv_2d_cl_array_ap_fixed_1u_array_ap_fixed_8_2_5_3_0_2u_config2_s.sched.adb -f 
INFO-FLOW: Finish scheduling conv_2d_cl<array<ap_fixed,1u>,array<ap_fixed<8,2,5,3,0>,2u>,config2>.
Execute         set_default_model conv_2d_cl<array<ap_fixed,1u>,array<ap_fixed<8,2,5,3,0>,2u>,config2> 
Execute         bind -model conv_2d_cl<array<ap_fixed,1u>,array<ap_fixed<8,2,5,3,0>,2u>,config2> 
INFO: [BIND 205-100] Starting micro-architecture generation ...
INFO: [BIND 205-101] Performing variable lifetime analysis.
INFO: [BIND 205-101] Exploring resource sharing.
INFO: [BIND 205-101] Binding ...
INFO: [BIND 205-100] Finished micro-architecture generation.
Command         bind done; 0.118 sec.
INFO: [HLS 200-111] Finished Binding: CPU user time: 0 seconds. CPU system time: 0 seconds. Elapsed time: 0.135 seconds; current allocated memory: 1.166 GB.
Execute         syn_report -verbosereport -o C:/Users/brand/Documents/engs192/zybo-edge-ai/hls/edge_cnn_minimal_hls/myproject_prj/solution1/.autopilot/db/conv_2d_cl_array_ap_fixed_1u_array_ap_fixed_8_2_5_3_0_2u_config2_s.verbose.bind.rpt 
Execute           AP::get_flow_target_display_name
Execute             get_solution -flow_target 
Execute         db_write -o C:/Users/brand/Documents/engs192/zybo-edge-ai/hls/edge_cnn_minimal_hls/myproject_prj/solution1/.autopilot/db/conv_2d_cl_array_ap_fixed_1u_array_ap_fixed_8_2_5_3_0_2u_config2_s.bind.adb -f 
INFO-FLOW: Finish binding conv_2d_cl<array<ap_fixed,1u>,array<ap_fixed<8,2,5,3,0>,2u>,config2>.
INFO: [HLS 200-10] ----------------------------------------------------------------
INFO: [HLS 200-42] -- Implementing module 'relu_array_ap_fixed_2u_array_ap_fixed_8_2_5_3_0_2u_relu_config3_s' 
INFO: [HLS 200-10] ----------------------------------------------------------------
Execute         set_default_model relu<array<ap_fixed,2u>,array<ap_fixed<8,2,5,3,0>,2u>,relu_config3> 
Execute         schedule -model relu<array<ap_fixed,2u>,array<ap_fixed<8,2,5,3,0>,2u>,relu_config3> 
INFO: [SCHED 204-11] Starting scheduling ...
INFO: [SCHED 204-61] Pipelining loop 'ReLUActLoop'.
INFO: [HLS 200-1470] Pipelining result : Target II = NA, Final II = 1, Depth = 3, loop 'ReLUActLoop'
INFO: [SCHED 204-11] Finished scheduling.
INFO: [HLS 200-111] Finished Scheduling: CPU user time: 0 seconds. CPU system time: 0 seconds. Elapsed time: 0.22 seconds; current allocated memory: 1.166 GB.
Execute         syn_report -verbosereport -o C:/Users/brand/Documents/engs192/zybo-edge-ai/hls/edge_cnn_minimal_hls/myproject_prj/solution1/.autopilot/db/relu_array_ap_fixed_2u_array_ap_fixed_8_2_5_3_0_2u_relu_config3_s.verbose.sched.rpt 
Execute           AP::get_flow_target_display_name
Execute             get_solution -flow_target 
Execute         db_write -o C:/Users/brand/Documents/engs192/zybo-edge-ai/hls/edge_cnn_minimal_hls/myproject_prj/solution1/.autopilot/db/relu_array_ap_fixed_2u_array_ap_fixed_8_2_5_3_0_2u_relu_config3_s.sched.adb -f 
INFO-FLOW: Finish scheduling relu<array<ap_fixed,2u>,array<ap_fixed<8,2,5,3,0>,2u>,relu_config3>.
Execute         set_default_model relu<array<ap_fixed,2u>,array<ap_fixed<8,2,5,3,0>,2u>,relu_config3> 
Execute         bind -model relu<array<ap_fixed,2u>,array<ap_fixed<8,2,5,3,0>,2u>,relu_config3> 
INFO: [BIND 205-100] Starting micro-architecture generation ...
INFO: [BIND 205-101] Performing variable lifetime analysis.
INFO: [BIND 205-101] Exploring resource sharing.
INFO: [BIND 205-101] Binding ...
INFO: [BIND 205-100] Finished micro-architecture generation.
Command         bind done; 0.104 sec.
INFO: [HLS 200-111] Finished Binding: CPU user time: 0 seconds. CPU system time: 0 seconds. Elapsed time: 0.126 seconds; current allocated memory: 1.166 GB.
Execute         syn_report -verbosereport -o C:/Users/brand/Documents/engs192/zybo-edge-ai/hls/edge_cnn_minimal_hls/myproject_prj/solution1/.autopilot/db/relu_array_ap_fixed_2u_array_ap_fixed_8_2_5_3_0_2u_relu_config3_s.verbose.bind.rpt 
Execute           AP::get_flow_target_display_name
Execute             get_solution -flow_target 
Execute         db_write -o C:/Users/brand/Documents/engs192/zybo-edge-ai/hls/edge_cnn_minimal_hls/myproject_prj/solution1/.autopilot/db/relu_array_ap_fixed_2u_array_ap_fixed_8_2_5_3_0_2u_relu_config3_s.bind.adb -f 
INFO-FLOW: Finish binding relu<array<ap_fixed,2u>,array<ap_fixed<8,2,5,3,0>,2u>,relu_config3>.
INFO: [HLS 200-10] ----------------------------------------------------------------
INFO: [HLS 200-42] -- Implementing module 'zeropad2d_cl_array_array_ap_fixed_8_2_5_3_0_2u_config6_Pipeline_PadTopWidth' 
INFO: [HLS 200-10] ----------------------------------------------------------------
Execute         set_default_model zeropad2d_cl<array,array<ap_fixed<8,2,5,3,0>,2u>,config6>_Pipeline_PadTopWidth 
Execute         schedule -model zeropad2d_cl<array,array<ap_fixed<8,2,5,3,0>,2u>,config6>_Pipeline_PadTopWidth 
INFO: [SCHED 204-11] Starting scheduling ...
INFO: [SCHED 204-61] Pipelining loop 'PadTopWidth'.
INFO: [HLS 200-1470] Pipelining result : Target II = NA, Final II = 1, Depth = 2, loop 'PadTopWidth'
INFO: [SCHED 204-11] Finished scheduling.
Command         schedule done; 0.102 sec.
INFO: [HLS 200-111] Finished Scheduling: CPU user time: 0 seconds. CPU system time: 0 seconds. Elapsed time: 0.183 seconds; current allocated memory: 1.166 GB.
Execute         syn_report -verbosereport -o C:/Users/brand/Documents/engs192/zybo-edge-ai/hls/edge_cnn_minimal_hls/myproject_prj/solution1/.autopilot/db/zeropad2d_cl_array_array_ap_fixed_8_2_5_3_0_2u_config6_Pipeline_PadTopWidth.verbose.sched.rpt 
Execute           AP::get_flow_target_display_name
Execute             get_solution -flow_target 
Execute         db_write -o C:/Users/brand/Documents/engs192/zybo-edge-ai/hls/edge_cnn_minimal_hls/myproject_prj/solution1/.autopilot/db/zeropad2d_cl_array_array_ap_fixed_8_2_5_3_0_2u_config6_Pipeline_PadTopWidth.sched.adb -f 
INFO-FLOW: Finish scheduling zeropad2d_cl<array,array<ap_fixed<8,2,5,3,0>,2u>,config6>_Pipeline_PadTopWidth.
Execute         set_default_model zeropad2d_cl<array,array<ap_fixed<8,2,5,3,0>,2u>,config6>_Pipeline_PadTopWidth 
Execute         bind -model zeropad2d_cl<array,array<ap_fixed<8,2,5,3,0>,2u>,config6>_Pipeline_PadTopWidth 
INFO: [BIND 205-100] Starting micro-architecture generation ...
INFO: [BIND 205-101] Performing variable lifetime analysis.
INFO: [BIND 205-101] Exploring resource sharing.
INFO: [BIND 205-101] Binding ...
INFO: [BIND 205-100] Finished micro-architecture generation.
INFO: [HLS 200-111] Finished Binding: CPU user time: 0 seconds. CPU system time: 0 seconds. Elapsed time: 0.113 seconds; current allocated memory: 1.166 GB.
Execute         syn_report -verbosereport -o C:/Users/brand/Documents/engs192/zybo-edge-ai/hls/edge_cnn_minimal_hls/myproject_prj/solution1/.autopilot/db/zeropad2d_cl_array_array_ap_fixed_8_2_5_3_0_2u_config6_Pipeline_PadTopWidth.verbose.bind.rpt 
Execute           AP::get_flow_target_display_name
Execute             get_solution -flow_target 
Execute         db_write -o C:/Users/brand/Documents/engs192/zybo-edge-ai/hls/edge_cnn_minimal_hls/myproject_prj/solution1/.autopilot/db/zeropad2d_cl_array_array_ap_fixed_8_2_5_3_0_2u_config6_Pipeline_PadTopWidth.bind.adb -f 
INFO-FLOW: Finish binding zeropad2d_cl<array,array<ap_fixed<8,2,5,3,0>,2u>,config6>_Pipeline_PadTopWidth.
INFO: [HLS 200-10] ----------------------------------------------------------------
INFO: [HLS 200-42] -- Implementing module 'zeropad2d_cl_array_array_ap_fixed_8_2_5_3_0_2u_config6_Pipeline_CopyMain' 
INFO: [HLS 200-10] ----------------------------------------------------------------
Execute         set_default_model zeropad2d_cl<array,array<ap_fixed<8,2,5,3,0>,2u>,config6>_Pipeline_CopyMain 
Execute         schedule -model zeropad2d_cl<array,array<ap_fixed<8,2,5,3,0>,2u>,config6>_Pipeline_CopyMain 
INFO: [SCHED 204-11] Starting scheduling ...
INFO: [SCHED 204-61] Pipelining loop 'CopyMain'.
WARNING: [HLS 200-880] The II Violation in module 'zeropad2d_cl_array_array_ap_fixed_8_2_5_3_0_2u_config6_Pipeline_CopyMain' (loop 'CopyMain'): Unable to enforce a carried dependence constraint (II = 1, distance = 1, offset = 1) between fifo write operation ('layer6_out_write_ln173', C:/Xilinx/Vitis_HLS/2021.2/common/technology/autopilot/hls_stream_39.h:173) on port 'layer6_out' (C:/Xilinx/Vitis_HLS/2021.2/common/technology/autopilot/hls_stream_39.h:173) and fifo write operation ('layer6_out_write_ln173', C:/Xilinx/Vitis_HLS/2021.2/common/technology/autopilot/hls_stream_39.h:173) on port 'layer6_out' (C:/Xilinx/Vitis_HLS/2021.2/common/technology/autopilot/hls_stream_39.h:173).
INFO: [HLS 200-1470] Pipelining result : Target II = NA, Final II = 2, Depth = 3, loop 'CopyMain'
INFO: [SCHED 204-11] Finished scheduling.
Command         schedule done; 0.122 sec.
INFO: [HLS 200-111] Finished Scheduling: CPU user time: 0 seconds. CPU system time: 0 seconds. Elapsed time: 0.193 seconds; current allocated memory: 1.166 GB.
Execute         syn_report -verbosereport -o C:/Users/brand/Documents/engs192/zybo-edge-ai/hls/edge_cnn_minimal_hls/myproject_prj/solution1/.autopilot/db/zeropad2d_cl_array_array_ap_fixed_8_2_5_3_0_2u_config6_Pipeline_CopyMain.verbose.sched.rpt 
Execute           AP::get_flow_target_display_name
Execute             get_solution -flow_target 
Execute         db_write -o C:/Users/brand/Documents/engs192/zybo-edge-ai/hls/edge_cnn_minimal_hls/myproject_prj/solution1/.autopilot/db/zeropad2d_cl_array_array_ap_fixed_8_2_5_3_0_2u_config6_Pipeline_CopyMain.sched.adb -f 
INFO-FLOW: Finish scheduling zeropad2d_cl<array,array<ap_fixed<8,2,5,3,0>,2u>,config6>_Pipeline_CopyMain.
Execute         set_default_model zeropad2d_cl<array,array<ap_fixed<8,2,5,3,0>,2u>,config6>_Pipeline_CopyMain 
Execute         bind -model zeropad2d_cl<array,array<ap_fixed<8,2,5,3,0>,2u>,config6>_Pipeline_CopyMain 
INFO: [BIND 205-100] Starting micro-architecture generation ...
INFO: [BIND 205-101] Performing variable lifetime analysis.
INFO: [BIND 205-101] Exploring resource sharing.
INFO: [BIND 205-101] Binding ...
INFO: [BIND 205-100] Finished micro-architecture generation.
Command         bind done; 0.108 sec.
INFO: [HLS 200-111] Finished Binding: CPU user time: 0 seconds. CPU system time: 0 seconds. Elapsed time: 0.124 seconds; current allocated memory: 1.166 GB.
Execute         syn_report -verbosereport -o C:/Users/brand/Documents/engs192/zybo-edge-ai/hls/edge_cnn_minimal_hls/myproject_prj/solution1/.autopilot/db/zeropad2d_cl_array_array_ap_fixed_8_2_5_3_0_2u_config6_Pipeline_CopyMain.verbose.bind.rpt 
Execute           AP::get_flow_target_display_name
Execute             get_solution -flow_target 
Execute         db_write -o C:/Users/brand/Documents/engs192/zybo-edge-ai/hls/edge_cnn_minimal_hls/myproject_prj/solution1/.autopilot/db/zeropad2d_cl_array_array_ap_fixed_8_2_5_3_0_2u_config6_Pipeline_CopyMain.bind.adb -f 
INFO-FLOW: Finish binding zeropad2d_cl<array,array<ap_fixed<8,2,5,3,0>,2u>,config6>_Pipeline_CopyMain.
INFO: [HLS 200-10] ----------------------------------------------------------------
INFO: [HLS 200-42] -- Implementing module 'zeropad2d_cl_array_array_ap_fixed_2u_config6_Pipeline_PadBottomWidth' 
INFO: [HLS 200-10] ----------------------------------------------------------------
Execute         set_default_model zeropad2d_cl<array,array<ap_fixed,2u>,config6>_Pipeline_PadBottomWidth 
Execute         schedule -model zeropad2d_cl<array,array<ap_fixed,2u>,config6>_Pipeline_PadBottomWidth 
INFO: [SCHED 204-11] Starting scheduling ...
INFO: [SCHED 204-61] Pipelining loop 'PadBottomWidth'.
INFO: [HLS 200-1470] Pipelining result : Target II = NA, Final II = 1, Depth = 2, loop 'PadBottomWidth'
INFO: [SCHED 204-11] Finished scheduling.
Command         schedule done; 0.11 sec.
INFO: [HLS 200-111] Finished Scheduling: CPU user time: 0 seconds. CPU system time: 0 seconds. Elapsed time: 0.187 seconds; current allocated memory: 1.166 GB.
Execute         syn_report -verbosereport -o C:/Users/brand/Documents/engs192/zybo-edge-ai/hls/edge_cnn_minimal_hls/myproject_prj/solution1/.autopilot/db/zeropad2d_cl_array_array_ap_fixed_2u_config6_Pipeline_PadBottomWidth.verbose.sched.rpt 
Execute           AP::get_flow_target_display_name
Execute             get_solution -flow_target 
Execute         db_write -o C:/Users/brand/Documents/engs192/zybo-edge-ai/hls/edge_cnn_minimal_hls/myproject_prj/solution1/.autopilot/db/zeropad2d_cl_array_array_ap_fixed_2u_config6_Pipeline_PadBottomWidth.sched.adb -f 
INFO-FLOW: Finish scheduling zeropad2d_cl<array,array<ap_fixed,2u>,config6>_Pipeline_PadBottomWidth.
Execute         set_default_model zeropad2d_cl<array,array<ap_fixed,2u>,config6>_Pipeline_PadBottomWidth 
Execute         bind -model zeropad2d_cl<array,array<ap_fixed,2u>,config6>_Pipeline_PadBottomWidth 
INFO: [BIND 205-100] Starting micro-architecture generation ...
INFO: [BIND 205-101] Performing variable lifetime analysis.
INFO: [BIND 205-101] Exploring resource sharing.
INFO: [BIND 205-101] Binding ...
INFO: [BIND 205-100] Finished micro-architecture generation.
Command         bind done; 0.109 sec.
INFO: [HLS 200-111] Finished Binding: CPU user time: 0 seconds. CPU system time: 0 seconds. Elapsed time: 0.125 seconds; current allocated memory: 1.166 GB.
Execute         syn_report -verbosereport -o C:/Users/brand/Documents/engs192/zybo-edge-ai/hls/edge_cnn_minimal_hls/myproject_prj/solution1/.autopilot/db/zeropad2d_cl_array_array_ap_fixed_2u_config6_Pipeline_PadBottomWidth.verbose.bind.rpt 
Execute           AP::get_flow_target_display_name
Execute             get_solution -flow_target 
Execute         db_write -o C:/Users/brand/Documents/engs192/zybo-edge-ai/hls/edge_cnn_minimal_hls/myproject_prj/solution1/.autopilot/db/zeropad2d_cl_array_array_ap_fixed_2u_config6_Pipeline_PadBottomWidth.bind.adb -f 
INFO-FLOW: Finish binding zeropad2d_cl<array,array<ap_fixed,2u>,config6>_Pipeline_PadBottomWidth.
INFO: [HLS 200-10] ----------------------------------------------------------------
INFO: [HLS 200-42] -- Implementing module 'zeropad2d_cl_array_ap_fixed_2u_array_ap_fixed_8_2_5_3_0_2u_config6_s' 
INFO: [HLS 200-10] ----------------------------------------------------------------
Execute         set_default_model zeropad2d_cl<array<ap_fixed,2u>,array<ap_fixed<8,2,5,3,0>,2u>,config6> 
Execute         schedule -model zeropad2d_cl<array<ap_fixed,2u>,array<ap_fixed<8,2,5,3,0>,2u>,config6> 
INFO: [SCHED 204-11] Starting scheduling ...
INFO: [SCHED 204-11] Finished scheduling.
INFO: [HLS 200-111] Finished Scheduling: CPU user time: 0 seconds. CPU system time: 0 seconds. Elapsed time: 0.12 seconds; current allocated memory: 1.166 GB.
Execute         syn_report -verbosereport -o C:/Users/brand/Documents/engs192/zybo-edge-ai/hls/edge_cnn_minimal_hls/myproject_prj/solution1/.autopilot/db/zeropad2d_cl_array_ap_fixed_2u_array_ap_fixed_8_2_5_3_0_2u_config6_s.verbose.sched.rpt 
Execute           AP::get_flow_target_display_name
Execute             get_solution -flow_target 
Execute         db_write -o C:/Users/brand/Documents/engs192/zybo-edge-ai/hls/edge_cnn_minimal_hls/myproject_prj/solution1/.autopilot/db/zeropad2d_cl_array_ap_fixed_2u_array_ap_fixed_8_2_5_3_0_2u_config6_s.sched.adb -f 
INFO-FLOW: Finish scheduling zeropad2d_cl<array<ap_fixed,2u>,array<ap_fixed<8,2,5,3,0>,2u>,config6>.
Execute         set_default_model zeropad2d_cl<array<ap_fixed,2u>,array<ap_fixed<8,2,5,3,0>,2u>,config6> 
Execute         bind -model zeropad2d_cl<array<ap_fixed,2u>,array<ap_fixed<8,2,5,3,0>,2u>,config6> 
INFO: [BIND 205-100] Starting micro-architecture generation ...
INFO: [BIND 205-101] Performing variable lifetime analysis.
INFO: [BIND 205-101] Exploring resource sharing.
INFO: [BIND 205-101] Binding ...
INFO: [BIND 205-100] Finished micro-architecture generation.
Command         bind done; 0.11 sec.
INFO: [HLS 200-111] Finished Binding: CPU user time: 0 seconds. CPU system time: 0 seconds. Elapsed time: 0.134 seconds; current allocated memory: 1.166 GB.
Execute         syn_report -verbosereport -o C:/Users/brand/Documents/engs192/zybo-edge-ai/hls/edge_cnn_minimal_hls/myproject_prj/solution1/.autopilot/db/zeropad2d_cl_array_ap_fixed_2u_array_ap_fixed_8_2_5_3_0_2u_config6_s.verbose.bind.rpt 
Execute           AP::get_flow_target_display_name
Execute             get_solution -flow_target 
Execute         db_write -o C:/Users/brand/Documents/engs192/zybo-edge-ai/hls/edge_cnn_minimal_hls/myproject_prj/solution1/.autopilot/db/zeropad2d_cl_array_ap_fixed_2u_array_ap_fixed_8_2_5_3_0_2u_config6_s.bind.adb -f 
INFO-FLOW: Finish binding zeropad2d_cl<array<ap_fixed,2u>,array<ap_fixed<8,2,5,3,0>,2u>,config6>.
INFO: [HLS 200-10] ----------------------------------------------------------------
INFO: [HLS 200-42] -- Implementing module 'shift_line_buffer_array_ap_fixed_8_2_5_3_0_2u_config4_s' 
INFO: [HLS 200-10] ----------------------------------------------------------------
Execute         set_default_model shift_line_buffer<array<ap_fixed<8, 2, 5, 3, 0>, 2u>, config4> 
Execute         schedule -model shift_line_buffer<array<ap_fixed<8, 2, 5, 3, 0>, 2u>, config4> 
INFO: [SCHED 204-11] Starting scheduling ...
INFO: [SCHED 204-61] Pipelining function 'shift_line_buffer<array<ap_fixed<8, 2, 5, 3, 0>, 2u>, config4>'.
INFO: [HLS 200-1470] Pipelining result : Target II = NA, Final II = 1, Depth = 1, function 'shift_line_buffer<array<ap_fixed<8, 2, 5, 3, 0>, 2u>, config4>'
INFO: [SCHED 204-11] Finished scheduling.
Command         schedule done; 0.105 sec.
INFO: [HLS 200-111] Finished Scheduling: CPU user time: 1 seconds. CPU system time: 0 seconds. Elapsed time: 0.21 seconds; current allocated memory: 1.166 GB.
Execute         syn_report -verbosereport -o C:/Users/brand/Documents/engs192/zybo-edge-ai/hls/edge_cnn_minimal_hls/myproject_prj/solution1/.autopilot/db/shift_line_buffer_array_ap_fixed_8_2_5_3_0_2u_config4_s.verbose.sched.rpt 
Execute           AP::get_flow_target_display_name
Execute             get_solution -flow_target 
Execute         db_write -o C:/Users/brand/Documents/engs192/zybo-edge-ai/hls/edge_cnn_minimal_hls/myproject_prj/solution1/.autopilot/db/shift_line_buffer_array_ap_fixed_8_2_5_3_0_2u_config4_s.sched.adb -f 
INFO-FLOW: Finish scheduling shift_line_buffer<array<ap_fixed<8, 2, 5, 3, 0>, 2u>, config4>.
Execute         set_default_model shift_line_buffer<array<ap_fixed<8, 2, 5, 3, 0>, 2u>, config4> 
Execute         bind -model shift_line_buffer<array<ap_fixed<8, 2, 5, 3, 0>, 2u>, config4> 
INFO: [BIND 205-100] Starting micro-architecture generation ...
INFO: [BIND 205-101] Performing variable lifetime analysis.
INFO: [BIND 205-101] Exploring resource sharing.
INFO: [BIND 205-101] Binding ...
INFO: [BIND 205-100] Finished micro-architecture generation.
Command         bind done; 0.109 sec.
INFO: [HLS 200-111] Finished Binding: CPU user time: 0 seconds. CPU system time: 0 seconds. Elapsed time: 0.127 seconds; current allocated memory: 1.166 GB.
Execute         syn_report -verbosereport -o C:/Users/brand/Documents/engs192/zybo-edge-ai/hls/edge_cnn_minimal_hls/myproject_prj/solution1/.autopilot/db/shift_line_buffer_array_ap_fixed_8_2_5_3_0_2u_config4_s.verbose.bind.rpt 
Execute           AP::get_flow_target_display_name
Execute             get_solution -flow_target 
Execute         db_write -o C:/Users/brand/Documents/engs192/zybo-edge-ai/hls/edge_cnn_minimal_hls/myproject_prj/solution1/.autopilot/db/shift_line_buffer_array_ap_fixed_8_2_5_3_0_2u_config4_s.bind.adb -f 
INFO-FLOW: Finish binding shift_line_buffer<array<ap_fixed<8, 2, 5, 3, 0>, 2u>, config4>.
INFO: [HLS 200-10] ----------------------------------------------------------------
INFO: [HLS 200-42] -- Implementing module 'dense_resource_rf_leq_nin_ap_fixed_ap_fixed_8_2_5_3_0_config4_mult_s' 
INFO: [HLS 200-10] ----------------------------------------------------------------
Execute         set_default_model dense_resource_rf_leq_nin<ap_fixed,ap_fixed<8,2,5,3,0>,config4_mult> 
Execute         schedule -model dense_resource_rf_leq_nin<ap_fixed,ap_fixed<8,2,5,3,0>,config4_mult> 
INFO: [SCHED 204-11] Starting scheduling ...
INFO: [SCHED 204-61] Pipelining loop 'ReuseLoop'.
INFO: [HLS 200-1470] Pipelining result : Target II = 1, Final II = 1, Depth = 3, loop 'ReuseLoop'
INFO: [SCHED 204-11] Finished scheduling.
Command         schedule done; 0.107 sec.
INFO: [HLS 200-111] Finished Scheduling: CPU user time: 0 seconds. CPU system time: 0 seconds. Elapsed time: 0.187 seconds; current allocated memory: 1.166 GB.
Execute         syn_report -verbosereport -o C:/Users/brand/Documents/engs192/zybo-edge-ai/hls/edge_cnn_minimal_hls/myproject_prj/solution1/.autopilot/db/dense_resource_rf_leq_nin_ap_fixed_ap_fixed_8_2_5_3_0_config4_mult_s.verbose.sched.rpt 
Execute           AP::get_flow_target_display_name
Execute             get_solution -flow_target 
Execute         db_write -o C:/Users/brand/Documents/engs192/zybo-edge-ai/hls/edge_cnn_minimal_hls/myproject_prj/solution1/.autopilot/db/dense_resource_rf_leq_nin_ap_fixed_ap_fixed_8_2_5_3_0_config4_mult_s.sched.adb -f 
INFO-FLOW: Finish scheduling dense_resource_rf_leq_nin<ap_fixed,ap_fixed<8,2,5,3,0>,config4_mult>.
Execute         set_default_model dense_resource_rf_leq_nin<ap_fixed,ap_fixed<8,2,5,3,0>,config4_mult> 
Execute         bind -model dense_resource_rf_leq_nin<ap_fixed,ap_fixed<8,2,5,3,0>,config4_mult> 
INFO: [BIND 205-100] Starting micro-architecture generation ...
INFO: [BIND 205-101] Performing variable lifetime analysis.
INFO: [BIND 205-101] Exploring resource sharing.
INFO: [BIND 205-101] Binding ...
INFO: [BIND 205-100] Finished micro-architecture generation.
Command         bind done; 0.124 sec.
INFO: [HLS 200-111] Finished Binding: CPU user time: 0 seconds. CPU system time: 0 seconds. Elapsed time: 0.158 seconds; current allocated memory: 1.166 GB.
Execute         syn_report -verbosereport -o C:/Users/brand/Documents/engs192/zybo-edge-ai/hls/edge_cnn_minimal_hls/myproject_prj/solution1/.autopilot/db/dense_resource_rf_leq_nin_ap_fixed_ap_fixed_8_2_5_3_0_config4_mult_s.verbose.bind.rpt 
Execute           AP::get_flow_target_display_name
Execute             get_solution -flow_target 
Execute         db_write -o C:/Users/brand/Documents/engs192/zybo-edge-ai/hls/edge_cnn_minimal_hls/myproject_prj/solution1/.autopilot/db/dense_resource_rf_leq_nin_ap_fixed_ap_fixed_8_2_5_3_0_config4_mult_s.bind.adb -f 
INFO-FLOW: Finish binding dense_resource_rf_leq_nin<ap_fixed,ap_fixed<8,2,5,3,0>,config4_mult>.
INFO: [HLS 200-10] ----------------------------------------------------------------
INFO: [HLS 200-42] -- Implementing module 'compute_output_buffer_2d_array_array_ap_fixed_8_2_5_3_0_1u_config4_s' 
INFO: [HLS 200-10] ----------------------------------------------------------------
Execute         set_default_model compute_output_buffer_2d<array,array<ap_fixed<8,2,5,3,0>,1u>,config4> 
Execute         schedule -model compute_output_buffer_2d<array,array<ap_fixed<8,2,5,3,0>,1u>,config4> 
INFO: [SCHED 204-11] Starting scheduling ...
INFO: [SCHED 204-11] Finished scheduling.
INFO: [HLS 200-111] Finished Scheduling: CPU user time: 0 seconds. CPU system time: 0 seconds. Elapsed time: 0.154 seconds; current allocated memory: 1.166 GB.
Execute         syn_report -verbosereport -o C:/Users/brand/Documents/engs192/zybo-edge-ai/hls/edge_cnn_minimal_hls/myproject_prj/solution1/.autopilot/db/compute_output_buffer_2d_array_array_ap_fixed_8_2_5_3_0_1u_config4_s.verbose.sched.rpt 
Execute           AP::get_flow_target_display_name
Execute             get_solution -flow_target 
Execute         db_write -o C:/Users/brand/Documents/engs192/zybo-edge-ai/hls/edge_cnn_minimal_hls/myproject_prj/solution1/.autopilot/db/compute_output_buffer_2d_array_array_ap_fixed_8_2_5_3_0_1u_config4_s.sched.adb -f 
INFO-FLOW: Finish scheduling compute_output_buffer_2d<array,array<ap_fixed<8,2,5,3,0>,1u>,config4>.
Execute         set_default_model compute_output_buffer_2d<array,array<ap_fixed<8,2,5,3,0>,1u>,config4> 
Execute         bind -model compute_output_buffer_2d<array,array<ap_fixed<8,2,5,3,0>,1u>,config4> 
INFO: [BIND 205-100] Starting micro-architecture generation ...
INFO: [BIND 205-101] Performing variable lifetime analysis.
INFO: [BIND 205-101] Exploring resource sharing.
INFO: [BIND 205-101] Binding ...
INFO: [BIND 205-100] Finished micro-architecture generation.
Command         bind done; 0.115 sec.
INFO: [HLS 200-111] Finished Binding: CPU user time: 0 seconds. CPU system time: 0 seconds. Elapsed time: 0.151 seconds; current allocated memory: 1.166 GB.
Execute         syn_report -verbosereport -o C:/Users/brand/Documents/engs192/zybo-edge-ai/hls/edge_cnn_minimal_hls/myproject_prj/solution1/.autopilot/db/compute_output_buffer_2d_array_array_ap_fixed_8_2_5_3_0_1u_config4_s.verbose.bind.rpt 
Execute           AP::get_flow_target_display_name
Execute             get_solution -flow_target 
Execute         db_write -o C:/Users/brand/Documents/engs192/zybo-edge-ai/hls/edge_cnn_minimal_hls/myproject_prj/solution1/.autopilot/db/compute_output_buffer_2d_array_array_ap_fixed_8_2_5_3_0_1u_config4_s.bind.adb -f 
INFO-FLOW: Finish binding compute_output_buffer_2d<array,array<ap_fixed<8,2,5,3,0>,1u>,config4>.
INFO: [HLS 200-10] ----------------------------------------------------------------
INFO: [HLS 200-42] -- Implementing module 'conv_2d_cl_array_ap_fixed_2u_array_ap_fixed_8_2_5_3_0_1u_config4_s' 
INFO: [HLS 200-10] ----------------------------------------------------------------
Execute         set_default_model conv_2d_cl<array<ap_fixed,2u>,array<ap_fixed<8,2,5,3,0>,1u>,config4> 
Execute         schedule -model conv_2d_cl<array<ap_fixed,2u>,array<ap_fixed<8,2,5,3,0>,1u>,config4> 
INFO: [SCHED 204-11] Starting scheduling ...
INFO: [SCHED 204-11] Finished scheduling.
INFO: [HLS 200-111] Finished Scheduling: CPU user time: 0 seconds. CPU system time: 0 seconds. Elapsed time: 0.232 seconds; current allocated memory: 1.166 GB.
Execute         syn_report -verbosereport -o C:/Users/brand/Documents/engs192/zybo-edge-ai/hls/edge_cnn_minimal_hls/myproject_prj/solution1/.autopilot/db/conv_2d_cl_array_ap_fixed_2u_array_ap_fixed_8_2_5_3_0_1u_config4_s.verbose.sched.rpt 
Execute           AP::get_flow_target_display_name
Execute             get_solution -flow_target 
Execute         db_write -o C:/Users/brand/Documents/engs192/zybo-edge-ai/hls/edge_cnn_minimal_hls/myproject_prj/solution1/.autopilot/db/conv_2d_cl_array_ap_fixed_2u_array_ap_fixed_8_2_5_3_0_1u_config4_s.sched.adb -f 
INFO-FLOW: Finish scheduling conv_2d_cl<array<ap_fixed,2u>,array<ap_fixed<8,2,5,3,0>,1u>,config4>.
Execute         set_default_model conv_2d_cl<array<ap_fixed,2u>,array<ap_fixed<8,2,5,3,0>,1u>,config4> 
Execute         bind -model conv_2d_cl<array<ap_fixed,2u>,array<ap_fixed<8,2,5,3,0>,1u>,config4> 
INFO: [BIND 205-100] Starting micro-architecture generation ...
INFO: [BIND 205-101] Performing variable lifetime analysis.
INFO: [BIND 205-101] Exploring resource sharing.
INFO: [BIND 205-101] Binding ...
INFO: [BIND 205-100] Finished micro-architecture generation.
Command         bind done; 0.108 sec.
INFO: [HLS 200-111] Finished Binding: CPU user time: 0 seconds. CPU system time: 0 seconds. Elapsed time: 0.129 seconds; current allocated memory: 1.166 GB.
Execute         syn_report -verbosereport -o C:/Users/brand/Documents/engs192/zybo-edge-ai/hls/edge_cnn_minimal_hls/myproject_prj/solution1/.autopilot/db/conv_2d_cl_array_ap_fixed_2u_array_ap_fixed_8_2_5_3_0_1u_config4_s.verbose.bind.rpt 
Execute           AP::get_flow_target_display_name
Execute             get_solution -flow_target 
Execute         db_write -o C:/Users/brand/Documents/engs192/zybo-edge-ai/hls/edge_cnn_minimal_hls/myproject_prj/solution1/.autopilot/db/conv_2d_cl_array_ap_fixed_2u_array_ap_fixed_8_2_5_3_0_1u_config4_s.bind.adb -f 
INFO-FLOW: Finish binding conv_2d_cl<array<ap_fixed,2u>,array<ap_fixed<8,2,5,3,0>,1u>,config4>.
INFO: [HLS 200-10] ----------------------------------------------------------------
INFO: [HLS 200-42] -- Implementing module 'myproject' 
INFO: [HLS 200-10] ----------------------------------------------------------------
Execute         set_default_model myproject 
Execute         schedule -model myproject 
INFO: [SCHED 204-11] Starting scheduling ...
INFO: [SCHED 204-11] Finished scheduling.
INFO: [HLS 200-111] Finished Scheduling: CPU user time: 0 seconds. CPU system time: 0 seconds. Elapsed time: 0.226 seconds; current allocated memory: 1.166 GB.
Execute         syn_report -verbosereport -o C:/Users/brand/Documents/engs192/zybo-edge-ai/hls/edge_cnn_minimal_hls/myproject_prj/solution1/.autopilot/db/myproject.verbose.sched.rpt 
Execute           AP::get_flow_target_display_name
Execute             get_solution -flow_target 
Execute         db_write -o C:/Users/brand/Documents/engs192/zybo-edge-ai/hls/edge_cnn_minimal_hls/myproject_prj/solution1/.autopilot/db/myproject.sched.adb -f 
INFO-FLOW: Finish scheduling myproject.
Execute         set_default_model myproject 
Execute         bind -model myproject 
INFO: [BIND 205-100] Starting micro-architecture generation ...
INFO: [BIND 205-101] Performing variable lifetime analysis.
INFO: [BIND 205-101] Exploring resource sharing.
INFO: [BIND 205-101] Binding ...
INFO: [BIND 205-100] Finished micro-architecture generation.
Command         bind done; 0.174 sec.
INFO: [HLS 200-111] Finished Binding: CPU user time: 0 seconds. CPU system time: 0 seconds. Elapsed time: 0.208 seconds; current allocated memory: 1.166 GB.
Execute         syn_report -verbosereport -o C:/Users/brand/Documents/engs192/zybo-edge-ai/hls/edge_cnn_minimal_hls/myproject_prj/solution1/.autopilot/db/myproject.verbose.bind.rpt 
Execute           AP::get_flow_target_display_name
Execute             get_solution -flow_target 
Command         syn_report done; 0.159 sec.
Execute         db_write -o C:/Users/brand/Documents/engs192/zybo-edge-ai/hls/edge_cnn_minimal_hls/myproject_prj/solution1/.autopilot/db/myproject.bind.adb -f 
INFO-FLOW: Finish binding myproject.
Execute         get_model_list myproject -filter all-wo-channel 
INFO-FLOW: Preprocessing for RTLGen ...
Execute         rtl_gen_preprocess zeropad2d_cl<array,array<ap_fixed<8,2,5,3,0>,1u>,config5>_Pipeline_PadTopWidth 
Execute         rtl_gen_preprocess zeropad2d_cl<array,array<ap_fixed<8,2,5,3,0>,1u>,config5>_Pipeline_CopyMain 
Execute         rtl_gen_preprocess zeropad2d_cl<array,array<ap_fixed,1u>,config5>_Pipeline_PadBottomWidth 
Execute         rtl_gen_preprocess zeropad2d_cl<array<ap_fixed,1u>,array<ap_fixed<8,2,5,3,0>,1u>,config5> 
Execute         rtl_gen_preprocess shift_line_buffer<array<ap_fixed<8, 2, 5, 3, 0>, 1u>, config2> 
Execute         rtl_gen_preprocess dense_resource_rf_gt_nin_rem0<ap_fixed,ap_fixed<8,2,5,3,0>,config2_mult> 
Execute         rtl_gen_preprocess compute_output_buffer_2d<array,array<ap_fixed<8,2,5,3,0>,2u>,config2> 
Execute         rtl_gen_preprocess conv_2d_cl<array<ap_fixed,1u>,array<ap_fixed<8,2,5,3,0>,2u>,config2> 
Execute         rtl_gen_preprocess relu<array<ap_fixed,2u>,array<ap_fixed<8,2,5,3,0>,2u>,relu_config3> 
Execute         rtl_gen_preprocess zeropad2d_cl<array,array<ap_fixed<8,2,5,3,0>,2u>,config6>_Pipeline_PadTopWidth 
Execute         rtl_gen_preprocess zeropad2d_cl<array,array<ap_fixed<8,2,5,3,0>,2u>,config6>_Pipeline_CopyMain 
Execute         rtl_gen_preprocess zeropad2d_cl<array,array<ap_fixed,2u>,config6>_Pipeline_PadBottomWidth 
Execute         rtl_gen_preprocess zeropad2d_cl<array<ap_fixed,2u>,array<ap_fixed<8,2,5,3,0>,2u>,config6> 
Execute         rtl_gen_preprocess shift_line_buffer<array<ap_fixed<8, 2, 5, 3, 0>, 2u>, config4> 
Execute         rtl_gen_preprocess dense_resource_rf_leq_nin<ap_fixed,ap_fixed<8,2,5,3,0>,config4_mult> 
Execute         rtl_gen_preprocess compute_output_buffer_2d<array,array<ap_fixed<8,2,5,3,0>,1u>,config4> 
Execute         rtl_gen_preprocess conv_2d_cl<array<ap_fixed,2u>,array<ap_fixed<8,2,5,3,0>,1u>,config4> 
Execute         rtl_gen_preprocess myproject 
INFO-FLOW: Model list for RTL generation: zeropad2d_cl<array,array<ap_fixed<8,2,5,3,0>,1u>,config5>_Pipeline_PadTopWidth zeropad2d_cl<array,array<ap_fixed<8,2,5,3,0>,1u>,config5>_Pipeline_CopyMain zeropad2d_cl<array,array<ap_fixed,1u>,config5>_Pipeline_PadBottomWidth zeropad2d_cl<array<ap_fixed,1u>,array<ap_fixed<8,2,5,3,0>,1u>,config5> {shift_line_buffer<array<ap_fixed<8, 2, 5, 3, 0>, 1u>, config2>} dense_resource_rf_gt_nin_rem0<ap_fixed,ap_fixed<8,2,5,3,0>,config2_mult> compute_output_buffer_2d<array,array<ap_fixed<8,2,5,3,0>,2u>,config2> conv_2d_cl<array<ap_fixed,1u>,array<ap_fixed<8,2,5,3,0>,2u>,config2> relu<array<ap_fixed,2u>,array<ap_fixed<8,2,5,3,0>,2u>,relu_config3> zeropad2d_cl<array,array<ap_fixed<8,2,5,3,0>,2u>,config6>_Pipeline_PadTopWidth zeropad2d_cl<array,array<ap_fixed<8,2,5,3,0>,2u>,config6>_Pipeline_CopyMain zeropad2d_cl<array,array<ap_fixed,2u>,config6>_Pipeline_PadBottomWidth zeropad2d_cl<array<ap_fixed,2u>,array<ap_fixed<8,2,5,3,0>,2u>,config6> {shift_line_buffer<array<ap_fixed<8, 2, 5, 3, 0>, 2u>, config4>} dense_resource_rf_leq_nin<ap_fixed,ap_fixed<8,2,5,3,0>,config4_mult> compute_output_buffer_2d<array,array<ap_fixed<8,2,5,3,0>,1u>,config4> conv_2d_cl<array<ap_fixed,2u>,array<ap_fixed<8,2,5,3,0>,1u>,config4> myproject
INFO: [HLS 200-10] ----------------------------------------------------------------
INFO: [HLS 200-10] -- Generating RTL for module 'zeropad2d_cl_array_array_ap_fixed_8_2_5_3_0_1u_config5_Pipeline_PadTopWidth' 
INFO: [HLS 200-10] ----------------------------------------------------------------
Execute         get_config_rtl -module_prefix 
Execute         get_config_rtl -module_auto_prefix 
Execute         get_config_rtl -module_prefix 
Execute         get_config_rtl -module_auto_prefix 
Execute         create_rtl_model zeropad2d_cl<array,array<ap_fixed<8,2,5,3,0>,1u>,config5>_Pipeline_PadTopWidth -top_prefix myproject_ -sub_prefix myproject_ -mg_file C:/Users/brand/Documents/engs192/zybo-edge-ai/hls/edge_cnn_minimal_hls/myproject_prj/solution1/.autopilot/db/zeropad2d_cl_array_array_ap_fixed_8_2_5_3_0_1u_config5_Pipeline_PadTopWidth.compgen.tcl 
INFO: [HLS 200-1030] Apply Unified Pipeline Control on module 'zeropad2d_cl_array_array_ap_fixed_8_2_5_3_0_1u_config5_Pipeline_PadTopWidth' pipeline 'PadTopWidth' pipeline type 'loop pipeline'
INFO: [RTGEN 206-100] Finished creating RTL model for 'zeropad2d_cl_array_array_ap_fixed_8_2_5_3_0_1u_config5_Pipeline_PadTopWidth'.
INFO: [HLS 200-111] Finished Creating RTL model: CPU user time: 1 seconds. CPU system time: 0 seconds. Elapsed time: 0.292 seconds; current allocated memory: 1.166 GB.
Execute         source C:/Users/brand/Documents/engs192/zybo-edge-ai/hls/edge_cnn_minimal_hls/myproject_prj/solution1/.autopilot/db/myproject.rtl_wrap.cfg.tcl 
Execute         gen_rtl zeropad2d_cl<array,array<ap_fixed<8,2,5,3,0>,1u>,config5>_Pipeline_PadTopWidth -style xilinx -f -lang vhdl -o C:/Users/brand/Documents/engs192/zybo-edge-ai/hls/edge_cnn_minimal_hls/myproject_prj/solution1/syn/vhdl/myproject_zeropad2d_cl_array_array_ap_fixed_8_2_5_3_0_1u_config5_Pipeline_PadTopWidth 
Execute         gen_rtl zeropad2d_cl<array,array<ap_fixed<8,2,5,3,0>,1u>,config5>_Pipeline_PadTopWidth -style xilinx -f -lang vlog -o C:/Users/brand/Documents/engs192/zybo-edge-ai/hls/edge_cnn_minimal_hls/myproject_prj/solution1/syn/verilog/myproject_zeropad2d_cl_array_array_ap_fixed_8_2_5_3_0_1u_config5_Pipeline_PadTopWidth 
Execute         syn_report -csynth -model zeropad2d_cl<array,array<ap_fixed<8,2,5,3,0>,1u>,config5>_Pipeline_PadTopWidth -o C:/Users/brand/Documents/engs192/zybo-edge-ai/hls/edge_cnn_minimal_hls/myproject_prj/solution1/syn/report/zeropad2d_cl_array_array_ap_fixed_8_2_5_3_0_1u_config5_Pipeline_PadTopWidth_csynth.rpt 
Execute           AP::get_flow_target_display_name
Execute             get_solution -flow_target 
Execute         syn_report -rtlxml -model zeropad2d_cl<array,array<ap_fixed<8,2,5,3,0>,1u>,config5>_Pipeline_PadTopWidth -o C:/Users/brand/Documents/engs192/zybo-edge-ai/hls/edge_cnn_minimal_hls/myproject_prj/solution1/syn/report/zeropad2d_cl_array_array_ap_fixed_8_2_5_3_0_1u_config5_Pipeline_PadTopWidth_csynth.xml 
Execute           get_solution -flow_target
Execute             get_solution -flow_target 
Execute         syn_report -verbosereport -model zeropad2d_cl<array,array<ap_fixed<8,2,5,3,0>,1u>,config5>_Pipeline_PadTopWidth -o C:/Users/brand/Documents/engs192/zybo-edge-ai/hls/edge_cnn_minimal_hls/myproject_prj/solution1/.autopilot/db/zeropad2d_cl_array_array_ap_fixed_8_2_5_3_0_1u_config5_Pipeline_PadTopWidth.verbose.rpt 
Execute           AP::get_flow_target_display_name
Execute             get_solution -flow_target 
Execute         db_write -model zeropad2d_cl<array,array<ap_fixed<8,2,5,3,0>,1u>,config5>_Pipeline_PadTopWidth -f -o C:/Users/brand/Documents/engs192/zybo-edge-ai/hls/edge_cnn_minimal_hls/myproject_prj/solution1/.autopilot/db/zeropad2d_cl_array_array_ap_fixed_8_2_5_3_0_1u_config5_Pipeline_PadTopWidth.adb 
Execute         db_write -model zeropad2d_cl<array,array<ap_fixed<8,2,5,3,0>,1u>,config5>_Pipeline_PadTopWidth -bindview -o C:/Users/brand/Documents/engs192/zybo-edge-ai/hls/edge_cnn_minimal_hls/myproject_prj/solution1/.autopilot/db/design.bindinfo.xml 
Execute         gen_tb_info zeropad2d_cl<array,array<ap_fixed<8,2,5,3,0>,1u>,config5>_Pipeline_PadTopWidth -p C:/Users/brand/Documents/engs192/zybo-edge-ai/hls/edge_cnn_minimal_hls/myproject_prj/solution1/.autopilot/db -o C:/Users/brand/Documents/engs192/zybo-edge-ai/hls/edge_cnn_minimal_hls/myproject_prj/solution1/.autopilot/db/zeropad2d_cl_array_array_ap_fixed_8_2_5_3_0_1u_config5_Pipeline_PadTopWidth 
INFO: [HLS 200-10] ----------------------------------------------------------------
INFO: [HLS 200-10] -- Generating RTL for module 'zeropad2d_cl_array_array_ap_fixed_8_2_5_3_0_1u_config5_Pipeline_CopyMain' 
INFO: [HLS 200-10] ----------------------------------------------------------------
Execute         get_config_rtl -module_prefix 
Execute         get_config_rtl -module_auto_prefix 
Execute         get_config_rtl -module_prefix 
Execute         get_config_rtl -module_auto_prefix 
Execute         create_rtl_model zeropad2d_cl<array,array<ap_fixed<8,2,5,3,0>,1u>,config5>_Pipeline_CopyMain -top_prefix myproject_ -sub_prefix myproject_ -mg_file C:/Users/brand/Documents/engs192/zybo-edge-ai/hls/edge_cnn_minimal_hls/myproject_prj/solution1/.autopilot/db/zeropad2d_cl_array_array_ap_fixed_8_2_5_3_0_1u_config5_Pipeline_CopyMain.compgen.tcl 
INFO: [HLS 200-1030] Apply Unified Pipeline Control on module 'zeropad2d_cl_array_array_ap_fixed_8_2_5_3_0_1u_config5_Pipeline_CopyMain' pipeline 'CopyMain' pipeline type 'loop pipeline'
INFO: [RTGEN 206-100] Finished creating RTL model for 'zeropad2d_cl_array_array_ap_fixed_8_2_5_3_0_1u_config5_Pipeline_CopyMain'.
INFO: [HLS 200-111] Finished Creating RTL model: CPU user time: 0 seconds. CPU system time: 0 seconds. Elapsed time: 0.177 seconds; current allocated memory: 1.166 GB.
Execute         source C:/Users/brand/Documents/engs192/zybo-edge-ai/hls/edge_cnn_minimal_hls/myproject_prj/solution1/.autopilot/db/myproject.rtl_wrap.cfg.tcl 
Execute         gen_rtl zeropad2d_cl<array,array<ap_fixed<8,2,5,3,0>,1u>,config5>_Pipeline_CopyMain -style xilinx -f -lang vhdl -o C:/Users/brand/Documents/engs192/zybo-edge-ai/hls/edge_cnn_minimal_hls/myproject_prj/solution1/syn/vhdl/myproject_zeropad2d_cl_array_array_ap_fixed_8_2_5_3_0_1u_config5_Pipeline_CopyMain 
Execute         gen_rtl zeropad2d_cl<array,array<ap_fixed<8,2,5,3,0>,1u>,config5>_Pipeline_CopyMain -style xilinx -f -lang vlog -o C:/Users/brand/Documents/engs192/zybo-edge-ai/hls/edge_cnn_minimal_hls/myproject_prj/solution1/syn/verilog/myproject_zeropad2d_cl_array_array_ap_fixed_8_2_5_3_0_1u_config5_Pipeline_CopyMain 
Execute         syn_report -csynth -model zeropad2d_cl<array,array<ap_fixed<8,2,5,3,0>,1u>,config5>_Pipeline_CopyMain -o C:/Users/brand/Documents/engs192/zybo-edge-ai/hls/edge_cnn_minimal_hls/myproject_prj/solution1/syn/report/zeropad2d_cl_array_array_ap_fixed_8_2_5_3_0_1u_config5_Pipeline_CopyMain_csynth.rpt 
Execute           AP::get_flow_target_display_name
Execute             get_solution -flow_target 
Execute         syn_report -rtlxml -model zeropad2d_cl<array,array<ap_fixed<8,2,5,3,0>,1u>,config5>_Pipeline_CopyMain -o C:/Users/brand/Documents/engs192/zybo-edge-ai/hls/edge_cnn_minimal_hls/myproject_prj/solution1/syn/report/zeropad2d_cl_array_array_ap_fixed_8_2_5_3_0_1u_config5_Pipeline_CopyMain_csynth.xml 
Execute           get_solution -flow_target
Execute             get_solution -flow_target 
Execute         syn_report -verbosereport -model zeropad2d_cl<array,array<ap_fixed<8,2,5,3,0>,1u>,config5>_Pipeline_CopyMain -o C:/Users/brand/Documents/engs192/zybo-edge-ai/hls/edge_cnn_minimal_hls/myproject_prj/solution1/.autopilot/db/zeropad2d_cl_array_array_ap_fixed_8_2_5_3_0_1u_config5_Pipeline_CopyMain.verbose.rpt 
Execute           AP::get_flow_target_display_name
Execute             get_solution -flow_target 
Execute         db_write -model zeropad2d_cl<array,array<ap_fixed<8,2,5,3,0>,1u>,config5>_Pipeline_CopyMain -f -o C:/Users/brand/Documents/engs192/zybo-edge-ai/hls/edge_cnn_minimal_hls/myproject_prj/solution1/.autopilot/db/zeropad2d_cl_array_array_ap_fixed_8_2_5_3_0_1u_config5_Pipeline_CopyMain.adb 
Execute         db_write -model zeropad2d_cl<array,array<ap_fixed<8,2,5,3,0>,1u>,config5>_Pipeline_CopyMain -bindview -o C:/Users/brand/Documents/engs192/zybo-edge-ai/hls/edge_cnn_minimal_hls/myproject_prj/solution1/.autopilot/db/design.bindinfo.xml 
Execute         gen_tb_info zeropad2d_cl<array,array<ap_fixed<8,2,5,3,0>,1u>,config5>_Pipeline_CopyMain -p C:/Users/brand/Documents/engs192/zybo-edge-ai/hls/edge_cnn_minimal_hls/myproject_prj/solution1/.autopilot/db -o C:/Users/brand/Documents/engs192/zybo-edge-ai/hls/edge_cnn_minimal_hls/myproject_prj/solution1/.autopilot/db/zeropad2d_cl_array_array_ap_fixed_8_2_5_3_0_1u_config5_Pipeline_CopyMain 
INFO: [HLS 200-10] ----------------------------------------------------------------
INFO: [HLS 200-10] -- Generating RTL for module 'zeropad2d_cl_array_array_ap_fixed_1u_config5_Pipeline_PadBottomWidth' 
INFO: [HLS 200-10] ----------------------------------------------------------------
Execute         get_config_rtl -module_prefix 
Execute         get_config_rtl -module_auto_prefix 
Execute         get_config_rtl -module_prefix 
Execute         get_config_rtl -module_auto_prefix 
Execute         create_rtl_model zeropad2d_cl<array,array<ap_fixed,1u>,config5>_Pipeline_PadBottomWidth -top_prefix myproject_ -sub_prefix myproject_ -mg_file C:/Users/brand/Documents/engs192/zybo-edge-ai/hls/edge_cnn_minimal_hls/myproject_prj/solution1/.autopilot/db/zeropad2d_cl_array_array_ap_fixed_1u_config5_Pipeline_PadBottomWidth.compgen.tcl 
INFO: [HLS 200-1030] Apply Unified Pipeline Control on module 'zeropad2d_cl_array_array_ap_fixed_1u_config5_Pipeline_PadBottomWidth' pipeline 'PadBottomWidth' pipeline type 'loop pipeline'
INFO: [RTGEN 206-100] Finished creating RTL model for 'zeropad2d_cl_array_array_ap_fixed_1u_config5_Pipeline_PadBottomWidth'.
INFO: [HLS 200-111] Finished Creating RTL model: CPU user time: 0 seconds. CPU system time: 0 seconds. Elapsed time: 0.215 seconds; current allocated memory: 1.166 GB.
Execute         source C:/Users/brand/Documents/engs192/zybo-edge-ai/hls/edge_cnn_minimal_hls/myproject_prj/solution1/.autopilot/db/myproject.rtl_wrap.cfg.tcl 
Execute         gen_rtl zeropad2d_cl<array,array<ap_fixed,1u>,config5>_Pipeline_PadBottomWidth -style xilinx -f -lang vhdl -o C:/Users/brand/Documents/engs192/zybo-edge-ai/hls/edge_cnn_minimal_hls/myproject_prj/solution1/syn/vhdl/myproject_zeropad2d_cl_array_array_ap_fixed_1u_config5_Pipeline_PadBottomWidth 
Execute         gen_rtl zeropad2d_cl<array,array<ap_fixed,1u>,config5>_Pipeline_PadBottomWidth -style xilinx -f -lang vlog -o C:/Users/brand/Documents/engs192/zybo-edge-ai/hls/edge_cnn_minimal_hls/myproject_prj/solution1/syn/verilog/myproject_zeropad2d_cl_array_array_ap_fixed_1u_config5_Pipeline_PadBottomWidth 
Execute         syn_report -csynth -model zeropad2d_cl<array,array<ap_fixed,1u>,config5>_Pipeline_PadBottomWidth -o C:/Users/brand/Documents/engs192/zybo-edge-ai/hls/edge_cnn_minimal_hls/myproject_prj/solution1/syn/report/zeropad2d_cl_array_array_ap_fixed_1u_config5_Pipeline_PadBottomWidth_csynth.rpt 
Execute           AP::get_flow_target_display_name
Execute             get_solution -flow_target 
Execute         syn_report -rtlxml -model zeropad2d_cl<array,array<ap_fixed,1u>,config5>_Pipeline_PadBottomWidth -o C:/Users/brand/Documents/engs192/zybo-edge-ai/hls/edge_cnn_minimal_hls/myproject_prj/solution1/syn/report/zeropad2d_cl_array_array_ap_fixed_1u_config5_Pipeline_PadBottomWidth_csynth.xml 
Execute           get_solution -flow_target
Execute             get_solution -flow_target 
Execute         syn_report -verbosereport -model zeropad2d_cl<array,array<ap_fixed,1u>,config5>_Pipeline_PadBottomWidth -o C:/Users/brand/Documents/engs192/zybo-edge-ai/hls/edge_cnn_minimal_hls/myproject_prj/solution1/.autopilot/db/zeropad2d_cl_array_array_ap_fixed_1u_config5_Pipeline_PadBottomWidth.verbose.rpt 
Execute           AP::get_flow_target_display_name
Execute             get_solution -flow_target 
Execute         db_write -model zeropad2d_cl<array,array<ap_fixed,1u>,config5>_Pipeline_PadBottomWidth -f -o C:/Users/brand/Documents/engs192/zybo-edge-ai/hls/edge_cnn_minimal_hls/myproject_prj/solution1/.autopilot/db/zeropad2d_cl_array_array_ap_fixed_1u_config5_Pipeline_PadBottomWidth.adb 
Execute         db_write -model zeropad2d_cl<array,array<ap_fixed,1u>,config5>_Pipeline_PadBottomWidth -bindview -o C:/Users/brand/Documents/engs192/zybo-edge-ai/hls/edge_cnn_minimal_hls/myproject_prj/solution1/.autopilot/db/design.bindinfo.xml 
Execute         gen_tb_info zeropad2d_cl<array,array<ap_fixed,1u>,config5>_Pipeline_PadBottomWidth -p C:/Users/brand/Documents/engs192/zybo-edge-ai/hls/edge_cnn_minimal_hls/myproject_prj/solution1/.autopilot/db -o C:/Users/brand/Documents/engs192/zybo-edge-ai/hls/edge_cnn_minimal_hls/myproject_prj/solution1/.autopilot/db/zeropad2d_cl_array_array_ap_fixed_1u_config5_Pipeline_PadBottomWidth 
INFO: [HLS 200-10] ----------------------------------------------------------------
INFO: [HLS 200-10] -- Generating RTL for module 'zeropad2d_cl_array_ap_fixed_1u_array_ap_fixed_8_2_5_3_0_1u_config5_s' 
INFO: [HLS 200-10] ----------------------------------------------------------------
Execute         get_config_rtl -module_prefix 
Execute         get_config_rtl -module_auto_prefix 
Execute         get_config_rtl -module_prefix 
Execute         get_config_rtl -module_auto_prefix 
Execute         create_rtl_model zeropad2d_cl<array<ap_fixed,1u>,array<ap_fixed<8,2,5,3,0>,1u>,config5> -top_prefix myproject_ -sub_prefix myproject_ -mg_file C:/Users/brand/Documents/engs192/zybo-edge-ai/hls/edge_cnn_minimal_hls/myproject_prj/solution1/.autopilot/db/zeropad2d_cl_array_ap_fixed_1u_array_ap_fixed_8_2_5_3_0_1u_config5_s.compgen.tcl 
INFO: [RTGEN 206-100] Finished creating RTL model for 'zeropad2d_cl_array_ap_fixed_1u_array_ap_fixed_8_2_5_3_0_1u_config5_s'.
INFO: [HLS 200-111] Finished Creating RTL model: CPU user time: 0 seconds. CPU system time: 0 seconds. Elapsed time: 0.178 seconds; current allocated memory: 1.166 GB.
Execute         source C:/Users/brand/Documents/engs192/zybo-edge-ai/hls/edge_cnn_minimal_hls/myproject_prj/solution1/.autopilot/db/myproject.rtl_wrap.cfg.tcl 
Execute         gen_rtl zeropad2d_cl<array<ap_fixed,1u>,array<ap_fixed<8,2,5,3,0>,1u>,config5> -style xilinx -f -lang vhdl -o C:/Users/brand/Documents/engs192/zybo-edge-ai/hls/edge_cnn_minimal_hls/myproject_prj/solution1/syn/vhdl/myproject_zeropad2d_cl_array_ap_fixed_1u_array_ap_fixed_8_2_5_3_0_1u_config5_s 
Execute         gen_rtl zeropad2d_cl<array<ap_fixed,1u>,array<ap_fixed<8,2,5,3,0>,1u>,config5> -style xilinx -f -lang vlog -o C:/Users/brand/Documents/engs192/zybo-edge-ai/hls/edge_cnn_minimal_hls/myproject_prj/solution1/syn/verilog/myproject_zeropad2d_cl_array_ap_fixed_1u_array_ap_fixed_8_2_5_3_0_1u_config5_s 
Execute         syn_report -csynth -model zeropad2d_cl<array<ap_fixed,1u>,array<ap_fixed<8,2,5,3,0>,1u>,config5> -o C:/Users/brand/Documents/engs192/zybo-edge-ai/hls/edge_cnn_minimal_hls/myproject_prj/solution1/syn/report/zeropad2d_cl_array_ap_fixed_1u_array_ap_fixed_8_2_5_3_0_1u_config5_s_csynth.rpt 
Execute           AP::get_flow_target_display_name
Execute             get_solution -flow_target 
Execute         syn_report -rtlxml -model zeropad2d_cl<array<ap_fixed,1u>,array<ap_fixed<8,2,5,3,0>,1u>,config5> -o C:/Users/brand/Documents/engs192/zybo-edge-ai/hls/edge_cnn_minimal_hls/myproject_prj/solution1/syn/report/zeropad2d_cl_array_ap_fixed_1u_array_ap_fixed_8_2_5_3_0_1u_config5_s_csynth.xml 
Execute           get_solution -flow_target
Execute             get_solution -flow_target 
Execute         syn_report -verbosereport -model zeropad2d_cl<array<ap_fixed,1u>,array<ap_fixed<8,2,5,3,0>,1u>,config5> -o C:/Users/brand/Documents/engs192/zybo-edge-ai/hls/edge_cnn_minimal_hls/myproject_prj/solution1/.autopilot/db/zeropad2d_cl_array_ap_fixed_1u_array_ap_fixed_8_2_5_3_0_1u_config5_s.verbose.rpt 
Execute           AP::get_flow_target_display_name
Execute             get_solution -flow_target 
Execute         db_write -model zeropad2d_cl<array<ap_fixed,1u>,array<ap_fixed<8,2,5,3,0>,1u>,config5> -f -o C:/Users/brand/Documents/engs192/zybo-edge-ai/hls/edge_cnn_minimal_hls/myproject_prj/solution1/.autopilot/db/zeropad2d_cl_array_ap_fixed_1u_array_ap_fixed_8_2_5_3_0_1u_config5_s.adb 
Execute         db_write -model zeropad2d_cl<array<ap_fixed,1u>,array<ap_fixed<8,2,5,3,0>,1u>,config5> -bindview -o C:/Users/brand/Documents/engs192/zybo-edge-ai/hls/edge_cnn_minimal_hls/myproject_prj/solution1/.autopilot/db/design.bindinfo.xml 
Execute         gen_tb_info zeropad2d_cl<array<ap_fixed,1u>,array<ap_fixed<8,2,5,3,0>,1u>,config5> -p C:/Users/brand/Documents/engs192/zybo-edge-ai/hls/edge_cnn_minimal_hls/myproject_prj/solution1/.autopilot/db -o C:/Users/brand/Documents/engs192/zybo-edge-ai/hls/edge_cnn_minimal_hls/myproject_prj/solution1/.autopilot/db/zeropad2d_cl_array_ap_fixed_1u_array_ap_fixed_8_2_5_3_0_1u_config5_s 
INFO: [HLS 200-10] ----------------------------------------------------------------
INFO: [HLS 200-10] -- Generating RTL for module 'shift_line_buffer_array_ap_fixed_8_2_5_3_0_1u_config2_s' 
INFO: [HLS 200-10] ----------------------------------------------------------------
Execute         get_config_rtl -module_prefix 
Execute         get_config_rtl -module_auto_prefix 
Execute         get_config_rtl -module_prefix 
Execute         get_config_rtl -module_auto_prefix 
Execute         create_rtl_model shift_line_buffer<array<ap_fixed<8, 2, 5, 3, 0>, 1u>, config2> -top_prefix myproject_ -sub_prefix myproject_ -mg_file C:/Users/brand/Documents/engs192/zybo-edge-ai/hls/edge_cnn_minimal_hls/myproject_prj/solution1/.autopilot/db/shift_line_buffer_array_ap_fixed_8_2_5_3_0_1u_config2_s.compgen.tcl 
INFO: [SYN 201-210] Renamed object name 'shift_line_buffer_array_ap_fixed_8_2_5_3_0_1u_config2_s_void_conv_2d_buffer_cl_stream_stream_weight_t_bias_t_line_buffer_0_1_SHIFTREG_AUTO_0R0W' to 'shift_line_buffer_array_ap_fixed_8_2_5_3_0_1u_config2_s_void_conv_2d_buffer_cbkb' due to the length limit 80
INFO: [SYN 201-210] Renamed object name 'shift_line_buffer_array_ap_fixed_8_2_5_3_0_1u_config2_s_void_conv_2d_buffer_cl_stream_stream_weight_t_bias_t_line_buffer_2_SHIFTREG_AUTO_0R0W' to 'shift_line_buffer_array_ap_fixed_8_2_5_3_0_1u_config2_s_void_conv_2d_buffer_ccud' due to the length limit 80
INFO: [RTGEN 206-100] Finished creating RTL model for 'shift_line_buffer_array_ap_fixed_8_2_5_3_0_1u_config2_s'.
Command         create_rtl_model done; 0.112 sec.
INFO: [HLS 200-111] Finished Creating RTL model: CPU user time: 0 seconds. CPU system time: 1 seconds. Elapsed time: 0.288 seconds; current allocated memory: 1.166 GB.
Execute         source C:/Users/brand/Documents/engs192/zybo-edge-ai/hls/edge_cnn_minimal_hls/myproject_prj/solution1/.autopilot/db/myproject.rtl_wrap.cfg.tcl 
Execute         gen_rtl shift_line_buffer<array<ap_fixed<8, 2, 5, 3, 0>, 1u>, config2> -style xilinx -f -lang vhdl -o C:/Users/brand/Documents/engs192/zybo-edge-ai/hls/edge_cnn_minimal_hls/myproject_prj/solution1/syn/vhdl/myproject_shift_line_buffer_array_ap_fixed_8_2_5_3_0_1u_config2_s 
Execute         gen_rtl shift_line_buffer<array<ap_fixed<8, 2, 5, 3, 0>, 1u>, config2> -style xilinx -f -lang vlog -o C:/Users/brand/Documents/engs192/zybo-edge-ai/hls/edge_cnn_minimal_hls/myproject_prj/solution1/syn/verilog/myproject_shift_line_buffer_array_ap_fixed_8_2_5_3_0_1u_config2_s 
Execute         syn_report -csynth -model shift_line_buffer<array<ap_fixed<8, 2, 5, 3, 0>, 1u>, config2> -o C:/Users/brand/Documents/engs192/zybo-edge-ai/hls/edge_cnn_minimal_hls/myproject_prj/solution1/syn/report/shift_line_buffer_array_ap_fixed_8_2_5_3_0_1u_config2_s_csynth.rpt 
Execute           AP::get_flow_target_display_name
Execute             get_solution -flow_target 
Execute         syn_report -rtlxml -model shift_line_buffer<array<ap_fixed<8, 2, 5, 3, 0>, 1u>, config2> -o C:/Users/brand/Documents/engs192/zybo-edge-ai/hls/edge_cnn_minimal_hls/myproject_prj/solution1/syn/report/shift_line_buffer_array_ap_fixed_8_2_5_3_0_1u_config2_s_csynth.xml 
Execute           get_solution -flow_target
Execute             get_solution -flow_target 
Execute         syn_report -verbosereport -model shift_line_buffer<array<ap_fixed<8, 2, 5, 3, 0>, 1u>, config2> -o C:/Users/brand/Documents/engs192/zybo-edge-ai/hls/edge_cnn_minimal_hls/myproject_prj/solution1/.autopilot/db/shift_line_buffer_array_ap_fixed_8_2_5_3_0_1u_config2_s.verbose.rpt 
Execute           AP::get_flow_target_display_name
Execute             get_solution -flow_target 
Execute         db_write -model shift_line_buffer<array<ap_fixed<8, 2, 5, 3, 0>, 1u>, config2> -f -o C:/Users/brand/Documents/engs192/zybo-edge-ai/hls/edge_cnn_minimal_hls/myproject_prj/solution1/.autopilot/db/shift_line_buffer_array_ap_fixed_8_2_5_3_0_1u_config2_s.adb 
Execute         db_write -model shift_line_buffer<array<ap_fixed<8, 2, 5, 3, 0>, 1u>, config2> -bindview -o C:/Users/brand/Documents/engs192/zybo-edge-ai/hls/edge_cnn_minimal_hls/myproject_prj/solution1/.autopilot/db/design.bindinfo.xml 
Execute         gen_tb_info shift_line_buffer<array<ap_fixed<8, 2, 5, 3, 0>, 1u>, config2> -p C:/Users/brand/Documents/engs192/zybo-edge-ai/hls/edge_cnn_minimal_hls/myproject_prj/solution1/.autopilot/db -o C:/Users/brand/Documents/engs192/zybo-edge-ai/hls/edge_cnn_minimal_hls/myproject_prj/solution1/.autopilot/db/shift_line_buffer_array_ap_fixed_8_2_5_3_0_1u_config2_s 
INFO: [HLS 200-10] ----------------------------------------------------------------
INFO: [HLS 200-10] -- Generating RTL for module 'dense_resource_rf_gt_nin_rem0_ap_fixed_ap_fixed_8_2_5_3_0_config2_mult_s' 
INFO: [HLS 200-10] ----------------------------------------------------------------
Execute         get_config_rtl -module_prefix 
Execute         get_config_rtl -module_auto_prefix 
Execute         get_config_rtl -module_prefix 
Execute         get_config_rtl -module_auto_prefix 
Execute         create_rtl_model dense_resource_rf_gt_nin_rem0<ap_fixed,ap_fixed<8,2,5,3,0>,config2_mult> -top_prefix myproject_ -sub_prefix myproject_ -mg_file C:/Users/brand/Documents/engs192/zybo-edge-ai/hls/edge_cnn_minimal_hls/myproject_prj/solution1/.autopilot/db/dense_resource_rf_gt_nin_rem0_ap_fixed_ap_fixed_8_2_5_3_0_config2_mult_s.compgen.tcl 
INFO: [SYN 201-210] Renamed object name 'dense_resource_rf_gt_nin_rem0_ap_fixed_ap_fixed_8_2_5_3_0_config2_mult_s_outidx_ROM_AUTO_1R' to 'dense_resource_rf_gt_nin_rem0_ap_fixed_ap_fixed_8_2_5_3_0_config2_mult_s_outidEe' due to the length limit 80
INFO: [SYN 201-210] Renamed object name 'dense_resource_rf_gt_nin_rem0_ap_fixed_ap_fixed_8_2_5_3_0_config2_mult_s_w2_V_ROM_NP_BRAM_1R' to 'dense_resource_rf_gt_nin_rem0_ap_fixed_ap_fixed_8_2_5_3_0_config2_mult_s_w2_VeOg' due to the length limit 80
INFO: [HLS 200-1030] Apply Unified Pipeline Control on module 'dense_resource_rf_gt_nin_rem0_ap_fixed_ap_fixed_8_2_5_3_0_config2_mult_s' pipeline 'ReuseLoop' pipeline type 'rewind pipeline'
INFO: [RTGEN 206-100] Generating core module 'mul_8s_7s_14_1_1': 1 instance(s).
INFO: [RTGEN 206-100] Generating core module 'mux_21_8_1_1': 1 instance(s).
INFO: [RTGEN 206-100] Generating core module 'mux_932_8_1_1': 1 instance(s).
INFO: [RTGEN 206-100] Finished creating RTL model for 'dense_resource_rf_gt_nin_rem0_ap_fixed_ap_fixed_8_2_5_3_0_config2_mult_s'.
Command         create_rtl_model done; 0.228 sec.
INFO: [HLS 200-111] Finished Creating RTL model: CPU user time: 0 seconds. CPU system time: 0 seconds. Elapsed time: 0.381 seconds; current allocated memory: 1.166 GB.
Execute         source C:/Users/brand/Documents/engs192/zybo-edge-ai/hls/edge_cnn_minimal_hls/myproject_prj/solution1/.autopilot/db/myproject.rtl_wrap.cfg.tcl 
Execute         gen_rtl dense_resource_rf_gt_nin_rem0<ap_fixed,ap_fixed<8,2,5,3,0>,config2_mult> -style xilinx -f -lang vhdl -o C:/Users/brand/Documents/engs192/zybo-edge-ai/hls/edge_cnn_minimal_hls/myproject_prj/solution1/syn/vhdl/myproject_dense_resource_rf_gt_nin_rem0_ap_fixed_ap_fixed_8_2_5_3_0_config2_mult_s 
Execute         gen_rtl dense_resource_rf_gt_nin_rem0<ap_fixed,ap_fixed<8,2,5,3,0>,config2_mult> -style xilinx -f -lang vlog -o C:/Users/brand/Documents/engs192/zybo-edge-ai/hls/edge_cnn_minimal_hls/myproject_prj/solution1/syn/verilog/myproject_dense_resource_rf_gt_nin_rem0_ap_fixed_ap_fixed_8_2_5_3_0_config2_mult_s 
Execute         syn_report -csynth -model dense_resource_rf_gt_nin_rem0<ap_fixed,ap_fixed<8,2,5,3,0>,config2_mult> -o C:/Users/brand/Documents/engs192/zybo-edge-ai/hls/edge_cnn_minimal_hls/myproject_prj/solution1/syn/report/dense_resource_rf_gt_nin_rem0_ap_fixed_ap_fixed_8_2_5_3_0_config2_mult_s_csynth.rpt 
Execute           AP::get_flow_target_display_name
Execute             get_solution -flow_target 
Execute         syn_report -rtlxml -model dense_resource_rf_gt_nin_rem0<ap_fixed,ap_fixed<8,2,5,3,0>,config2_mult> -o C:/Users/brand/Documents/engs192/zybo-edge-ai/hls/edge_cnn_minimal_hls/myproject_prj/solution1/syn/report/dense_resource_rf_gt_nin_rem0_ap_fixed_ap_fixed_8_2_5_3_0_config2_mult_s_csynth.xml 
Execute           get_solution -flow_target
Execute             get_solution -flow_target 
Execute         syn_report -verbosereport -model dense_resource_rf_gt_nin_rem0<ap_fixed,ap_fixed<8,2,5,3,0>,config2_mult> -o C:/Users/brand/Documents/engs192/zybo-edge-ai/hls/edge_cnn_minimal_hls/myproject_prj/solution1/.autopilot/db/dense_resource_rf_gt_nin_rem0_ap_fixed_ap_fixed_8_2_5_3_0_config2_mult_s.verbose.rpt 
Execute           AP::get_flow_target_display_name
Execute             get_solution -flow_target 
Execute         db_write -model dense_resource_rf_gt_nin_rem0<ap_fixed,ap_fixed<8,2,5,3,0>,config2_mult> -f -o C:/Users/brand/Documents/engs192/zybo-edge-ai/hls/edge_cnn_minimal_hls/myproject_prj/solution1/.autopilot/db/dense_resource_rf_gt_nin_rem0_ap_fixed_ap_fixed_8_2_5_3_0_config2_mult_s.adb 
Execute         db_write -model dense_resource_rf_gt_nin_rem0<ap_fixed,ap_fixed<8,2,5,3,0>,config2_mult> -bindview -o C:/Users/brand/Documents/engs192/zybo-edge-ai/hls/edge_cnn_minimal_hls/myproject_prj/solution1/.autopilot/db/design.bindinfo.xml 
Execute         gen_tb_info dense_resource_rf_gt_nin_rem0<ap_fixed,ap_fixed<8,2,5,3,0>,config2_mult> -p C:/Users/brand/Documents/engs192/zybo-edge-ai/hls/edge_cnn_minimal_hls/myproject_prj/solution1/.autopilot/db -o C:/Users/brand/Documents/engs192/zybo-edge-ai/hls/edge_cnn_minimal_hls/myproject_prj/solution1/.autopilot/db/dense_resource_rf_gt_nin_rem0_ap_fixed_ap_fixed_8_2_5_3_0_config2_mult_s 
INFO: [HLS 200-10] ----------------------------------------------------------------
INFO: [HLS 200-10] -- Generating RTL for module 'compute_output_buffer_2d_array_array_ap_fixed_8_2_5_3_0_2u_config2_s' 
INFO: [HLS 200-10] ----------------------------------------------------------------
Execute         get_config_rtl -module_prefix 
Execute         get_config_rtl -module_auto_prefix 
Execute         get_config_rtl -module_prefix 
Execute         get_config_rtl -module_auto_prefix 
Execute         create_rtl_model compute_output_buffer_2d<array,array<ap_fixed<8,2,5,3,0>,2u>,config2> -top_prefix myproject_ -sub_prefix myproject_ -mg_file C:/Users/brand/Documents/engs192/zybo-edge-ai/hls/edge_cnn_minimal_hls/myproject_prj/solution1/.autopilot/db/compute_output_buffer_2d_array_array_ap_fixed_8_2_5_3_0_2u_config2_s.compgen.tcl 
WARNING: [RTGEN 206-101] Register 'void_compute_output_buffer_2d_array_const_ap_shift_reg_n_chan_stream_weig_17' is power-on initialization.
WARNING: [RTGEN 206-101] Register 'void_compute_output_buffer_2d_array_const_ap_shift_reg_n_chan_stream_weig_18' is power-on initialization.
WARNING: [RTGEN 206-101] Register 'void_compute_output_buffer_2d_array_const_ap_shift_reg_n_chan_stream_weig_14' is power-on initialization.
WARNING: [RTGEN 206-101] Register 'void_compute_output_buffer_2d_array_const_ap_shift_reg_n_chan_stream_weig_15' is power-on initialization.
WARNING: [RTGEN 206-101] Register 'void_compute_output_buffer_2d_array_const_ap_shift_reg_n_chan_stream_weig_11' is power-on initialization.
WARNING: [RTGEN 206-101] Register 'void_compute_output_buffer_2d_array_const_ap_shift_reg_n_chan_stream_weig_12' is power-on initialization.
WARNING: [RTGEN 206-101] Register 'void_compute_output_buffer_2d_array_const_ap_shift_reg_n_chan_stream_weig_16' is power-on initialization.
WARNING: [RTGEN 206-101] Register 'void_compute_output_buffer_2d_array_const_ap_shift_reg_n_chan_stream_weig_13' is power-on initialization.
WARNING: [RTGEN 206-101] Register 'void_compute_output_buffer_2d_array_const_ap_shift_reg_n_chan_stream_weig_10' is power-on initialization.
WARNING: [RTGEN 206-101] Register 'sX_1' is power-on initialization.
WARNING: [RTGEN 206-101] Register 'sY_1' is power-on initialization.
WARNING: [RTGEN 206-101] Register 'pY_1' is power-on initialization.
WARNING: [RTGEN 206-101] Register 'pX_1' is power-on initialization.
INFO: [RTGEN 206-100] Finished creating RTL model for 'compute_output_buffer_2d_array_array_ap_fixed_8_2_5_3_0_2u_config2_s'.
Command         create_rtl_model done; 0.41 sec.
INFO: [HLS 200-111] Finished Creating RTL model: CPU user time: 1 seconds. CPU system time: 0 seconds. Elapsed time: 0.75 seconds; current allocated memory: 1.166 GB.
Execute         source C:/Users/brand/Documents/engs192/zybo-edge-ai/hls/edge_cnn_minimal_hls/myproject_prj/solution1/.autopilot/db/myproject.rtl_wrap.cfg.tcl 
Execute         gen_rtl compute_output_buffer_2d<array,array<ap_fixed<8,2,5,3,0>,2u>,config2> -style xilinx -f -lang vhdl -o C:/Users/brand/Documents/engs192/zybo-edge-ai/hls/edge_cnn_minimal_hls/myproject_prj/solution1/syn/vhdl/myproject_compute_output_buffer_2d_array_array_ap_fixed_8_2_5_3_0_2u_config2_s 
Execute         gen_rtl compute_output_buffer_2d<array,array<ap_fixed<8,2,5,3,0>,2u>,config2> -style xilinx -f -lang vlog -o C:/Users/brand/Documents/engs192/zybo-edge-ai/hls/edge_cnn_minimal_hls/myproject_prj/solution1/syn/verilog/myproject_compute_output_buffer_2d_array_array_ap_fixed_8_2_5_3_0_2u_config2_s 
Execute         syn_report -csynth -model compute_output_buffer_2d<array,array<ap_fixed<8,2,5,3,0>,2u>,config2> -o C:/Users/brand/Documents/engs192/zybo-edge-ai/hls/edge_cnn_minimal_hls/myproject_prj/solution1/syn/report/compute_output_buffer_2d_array_array_ap_fixed_8_2_5_3_0_2u_config2_s_csynth.rpt 
Execute           AP::get_flow_target_display_name
Execute             get_solution -flow_target 
Execute         syn_report -rtlxml -model compute_output_buffer_2d<array,array<ap_fixed<8,2,5,3,0>,2u>,config2> -o C:/Users/brand/Documents/engs192/zybo-edge-ai/hls/edge_cnn_minimal_hls/myproject_prj/solution1/syn/report/compute_output_buffer_2d_array_array_ap_fixed_8_2_5_3_0_2u_config2_s_csynth.xml 
Execute           get_solution -flow_target
Execute             get_solution -flow_target 
Execute         syn_report -verbosereport -model compute_output_buffer_2d<array,array<ap_fixed<8,2,5,3,0>,2u>,config2> -o C:/Users/brand/Documents/engs192/zybo-edge-ai/hls/edge_cnn_minimal_hls/myproject_prj/solution1/.autopilot/db/compute_output_buffer_2d_array_array_ap_fixed_8_2_5_3_0_2u_config2_s.verbose.rpt 
Execute           AP::get_flow_target_display_name
Execute             get_solution -flow_target 
Execute         db_write -model compute_output_buffer_2d<array,array<ap_fixed<8,2,5,3,0>,2u>,config2> -f -o C:/Users/brand/Documents/engs192/zybo-edge-ai/hls/edge_cnn_minimal_hls/myproject_prj/solution1/.autopilot/db/compute_output_buffer_2d_array_array_ap_fixed_8_2_5_3_0_2u_config2_s.adb 
Execute         db_write -model compute_output_buffer_2d<array,array<ap_fixed<8,2,5,3,0>,2u>,config2> -bindview -o C:/Users/brand/Documents/engs192/zybo-edge-ai/hls/edge_cnn_minimal_hls/myproject_prj/solution1/.autopilot/db/design.bindinfo.xml 
Execute         gen_tb_info compute_output_buffer_2d<array,array<ap_fixed<8,2,5,3,0>,2u>,config2> -p C:/Users/brand/Documents/engs192/zybo-edge-ai/hls/edge_cnn_minimal_hls/myproject_prj/solution1/.autopilot/db -o C:/Users/brand/Documents/engs192/zybo-edge-ai/hls/edge_cnn_minimal_hls/myproject_prj/solution1/.autopilot/db/compute_output_buffer_2d_array_array_ap_fixed_8_2_5_3_0_2u_config2_s 
INFO: [HLS 200-10] ----------------------------------------------------------------
INFO: [HLS 200-10] -- Generating RTL for module 'conv_2d_cl_array_ap_fixed_1u_array_ap_fixed_8_2_5_3_0_2u_config2_s' 
INFO: [HLS 200-10] ----------------------------------------------------------------
Execute         get_config_rtl -module_prefix 
Execute         get_config_rtl -module_auto_prefix 
Execute         get_config_rtl -module_prefix 
Execute         get_config_rtl -module_auto_prefix 
Execute         create_rtl_model conv_2d_cl<array<ap_fixed,1u>,array<ap_fixed<8,2,5,3,0>,2u>,config2> -top_prefix myproject_ -sub_prefix myproject_ -mg_file C:/Users/brand/Documents/engs192/zybo-edge-ai/hls/edge_cnn_minimal_hls/myproject_prj/solution1/.autopilot/db/conv_2d_cl_array_ap_fixed_1u_array_ap_fixed_8_2_5_3_0_2u_config2_s.compgen.tcl 
INFO: [RTGEN 206-100] Finished creating RTL model for 'conv_2d_cl_array_ap_fixed_1u_array_ap_fixed_8_2_5_3_0_2u_config2_s'.
INFO: [HLS 200-111] Finished Creating RTL model: CPU user time: 0 seconds. CPU system time: 0 seconds. Elapsed time: 0.344 seconds; current allocated memory: 1.166 GB.
Execute         source C:/Users/brand/Documents/engs192/zybo-edge-ai/hls/edge_cnn_minimal_hls/myproject_prj/solution1/.autopilot/db/myproject.rtl_wrap.cfg.tcl 
Execute         gen_rtl conv_2d_cl<array<ap_fixed,1u>,array<ap_fixed<8,2,5,3,0>,2u>,config2> -style xilinx -f -lang vhdl -o C:/Users/brand/Documents/engs192/zybo-edge-ai/hls/edge_cnn_minimal_hls/myproject_prj/solution1/syn/vhdl/myproject_conv_2d_cl_array_ap_fixed_1u_array_ap_fixed_8_2_5_3_0_2u_config2_s 
Execute         gen_rtl conv_2d_cl<array<ap_fixed,1u>,array<ap_fixed<8,2,5,3,0>,2u>,config2> -style xilinx -f -lang vlog -o C:/Users/brand/Documents/engs192/zybo-edge-ai/hls/edge_cnn_minimal_hls/myproject_prj/solution1/syn/verilog/myproject_conv_2d_cl_array_ap_fixed_1u_array_ap_fixed_8_2_5_3_0_2u_config2_s 
Execute         syn_report -csynth -model conv_2d_cl<array<ap_fixed,1u>,array<ap_fixed<8,2,5,3,0>,2u>,config2> -o C:/Users/brand/Documents/engs192/zybo-edge-ai/hls/edge_cnn_minimal_hls/myproject_prj/solution1/syn/report/conv_2d_cl_array_ap_fixed_1u_array_ap_fixed_8_2_5_3_0_2u_config2_s_csynth.rpt 
Execute           AP::get_flow_target_display_name
Execute             get_solution -flow_target 
Execute         syn_report -rtlxml -model conv_2d_cl<array<ap_fixed,1u>,array<ap_fixed<8,2,5,3,0>,2u>,config2> -o C:/Users/brand/Documents/engs192/zybo-edge-ai/hls/edge_cnn_minimal_hls/myproject_prj/solution1/syn/report/conv_2d_cl_array_ap_fixed_1u_array_ap_fixed_8_2_5_3_0_2u_config2_s_csynth.xml 
Execute           get_solution -flow_target
Execute             get_solution -flow_target 
Execute         syn_report -verbosereport -model conv_2d_cl<array<ap_fixed,1u>,array<ap_fixed<8,2,5,3,0>,2u>,config2> -o C:/Users/brand/Documents/engs192/zybo-edge-ai/hls/edge_cnn_minimal_hls/myproject_prj/solution1/.autopilot/db/conv_2d_cl_array_ap_fixed_1u_array_ap_fixed_8_2_5_3_0_2u_config2_s.verbose.rpt 
Execute           AP::get_flow_target_display_name
Execute             get_solution -flow_target 
Execute         db_write -model conv_2d_cl<array<ap_fixed,1u>,array<ap_fixed<8,2,5,3,0>,2u>,config2> -f -o C:/Users/brand/Documents/engs192/zybo-edge-ai/hls/edge_cnn_minimal_hls/myproject_prj/solution1/.autopilot/db/conv_2d_cl_array_ap_fixed_1u_array_ap_fixed_8_2_5_3_0_2u_config2_s.adb 
Execute         db_write -model conv_2d_cl<array<ap_fixed,1u>,array<ap_fixed<8,2,5,3,0>,2u>,config2> -bindview -o C:/Users/brand/Documents/engs192/zybo-edge-ai/hls/edge_cnn_minimal_hls/myproject_prj/solution1/.autopilot/db/design.bindinfo.xml 
Execute         gen_tb_info conv_2d_cl<array<ap_fixed,1u>,array<ap_fixed<8,2,5,3,0>,2u>,config2> -p C:/Users/brand/Documents/engs192/zybo-edge-ai/hls/edge_cnn_minimal_hls/myproject_prj/solution1/.autopilot/db -o C:/Users/brand/Documents/engs192/zybo-edge-ai/hls/edge_cnn_minimal_hls/myproject_prj/solution1/.autopilot/db/conv_2d_cl_array_ap_fixed_1u_array_ap_fixed_8_2_5_3_0_2u_config2_s 
INFO: [HLS 200-10] ----------------------------------------------------------------
INFO: [HLS 200-10] -- Generating RTL for module 'relu_array_ap_fixed_2u_array_ap_fixed_8_2_5_3_0_2u_relu_config3_s' 
INFO: [HLS 200-10] ----------------------------------------------------------------
Execute         get_config_rtl -module_prefix 
Execute         get_config_rtl -module_auto_prefix 
Execute         get_config_rtl -module_prefix 
Execute         get_config_rtl -module_auto_prefix 
Execute         create_rtl_model relu<array<ap_fixed,2u>,array<ap_fixed<8,2,5,3,0>,2u>,relu_config3> -top_prefix myproject_ -sub_prefix myproject_ -mg_file C:/Users/brand/Documents/engs192/zybo-edge-ai/hls/edge_cnn_minimal_hls/myproject_prj/solution1/.autopilot/db/relu_array_ap_fixed_2u_array_ap_fixed_8_2_5_3_0_2u_relu_config3_s.compgen.tcl 
INFO: [HLS 200-1030] Apply Unified Pipeline Control on module 'relu_array_ap_fixed_2u_array_ap_fixed_8_2_5_3_0_2u_relu_config3_s' pipeline 'ReLUActLoop' pipeline type 'loop pipeline'
INFO: [RTGEN 206-100] Finished creating RTL model for 'relu_array_ap_fixed_2u_array_ap_fixed_8_2_5_3_0_2u_relu_config3_s'.
INFO: [HLS 200-111] Finished Creating RTL model: CPU user time: 0 seconds. CPU system time: 0 seconds. Elapsed time: 0.291 seconds; current allocated memory: 1.166 GB.
Execute         source C:/Users/brand/Documents/engs192/zybo-edge-ai/hls/edge_cnn_minimal_hls/myproject_prj/solution1/.autopilot/db/myproject.rtl_wrap.cfg.tcl 
Execute         gen_rtl relu<array<ap_fixed,2u>,array<ap_fixed<8,2,5,3,0>,2u>,relu_config3> -style xilinx -f -lang vhdl -o C:/Users/brand/Documents/engs192/zybo-edge-ai/hls/edge_cnn_minimal_hls/myproject_prj/solution1/syn/vhdl/myproject_relu_array_ap_fixed_2u_array_ap_fixed_8_2_5_3_0_2u_relu_config3_s 
Execute         gen_rtl relu<array<ap_fixed,2u>,array<ap_fixed<8,2,5,3,0>,2u>,relu_config3> -style xilinx -f -lang vlog -o C:/Users/brand/Documents/engs192/zybo-edge-ai/hls/edge_cnn_minimal_hls/myproject_prj/solution1/syn/verilog/myproject_relu_array_ap_fixed_2u_array_ap_fixed_8_2_5_3_0_2u_relu_config3_s 
Execute         syn_report -csynth -model relu<array<ap_fixed,2u>,array<ap_fixed<8,2,5,3,0>,2u>,relu_config3> -o C:/Users/brand/Documents/engs192/zybo-edge-ai/hls/edge_cnn_minimal_hls/myproject_prj/solution1/syn/report/relu_array_ap_fixed_2u_array_ap_fixed_8_2_5_3_0_2u_relu_config3_s_csynth.rpt 
Execute           AP::get_flow_target_display_name
Execute             get_solution -flow_target 
Execute         syn_report -rtlxml -model relu<array<ap_fixed,2u>,array<ap_fixed<8,2,5,3,0>,2u>,relu_config3> -o C:/Users/brand/Documents/engs192/zybo-edge-ai/hls/edge_cnn_minimal_hls/myproject_prj/solution1/syn/report/relu_array_ap_fixed_2u_array_ap_fixed_8_2_5_3_0_2u_relu_config3_s_csynth.xml 
Execute           get_solution -flow_target
Execute             get_solution -flow_target 
Execute         syn_report -verbosereport -model relu<array<ap_fixed,2u>,array<ap_fixed<8,2,5,3,0>,2u>,relu_config3> -o C:/Users/brand/Documents/engs192/zybo-edge-ai/hls/edge_cnn_minimal_hls/myproject_prj/solution1/.autopilot/db/relu_array_ap_fixed_2u_array_ap_fixed_8_2_5_3_0_2u_relu_config3_s.verbose.rpt 
Execute           AP::get_flow_target_display_name
Execute             get_solution -flow_target 
Execute         db_write -model relu<array<ap_fixed,2u>,array<ap_fixed<8,2,5,3,0>,2u>,relu_config3> -f -o C:/Users/brand/Documents/engs192/zybo-edge-ai/hls/edge_cnn_minimal_hls/myproject_prj/solution1/.autopilot/db/relu_array_ap_fixed_2u_array_ap_fixed_8_2_5_3_0_2u_relu_config3_s.adb 
Execute         db_write -model relu<array<ap_fixed,2u>,array<ap_fixed<8,2,5,3,0>,2u>,relu_config3> -bindview -o C:/Users/brand/Documents/engs192/zybo-edge-ai/hls/edge_cnn_minimal_hls/myproject_prj/solution1/.autopilot/db/design.bindinfo.xml 
Execute         gen_tb_info relu<array<ap_fixed,2u>,array<ap_fixed<8,2,5,3,0>,2u>,relu_config3> -p C:/Users/brand/Documents/engs192/zybo-edge-ai/hls/edge_cnn_minimal_hls/myproject_prj/solution1/.autopilot/db -o C:/Users/brand/Documents/engs192/zybo-edge-ai/hls/edge_cnn_minimal_hls/myproject_prj/solution1/.autopilot/db/relu_array_ap_fixed_2u_array_ap_fixed_8_2_5_3_0_2u_relu_config3_s 
INFO: [HLS 200-10] ----------------------------------------------------------------
INFO: [HLS 200-10] -- Generating RTL for module 'zeropad2d_cl_array_array_ap_fixed_8_2_5_3_0_2u_config6_Pipeline_PadTopWidth' 
INFO: [HLS 200-10] ----------------------------------------------------------------
Execute         get_config_rtl -module_prefix 
Execute         get_config_rtl -module_auto_prefix 
Execute         get_config_rtl -module_prefix 
Execute         get_config_rtl -module_auto_prefix 
Execute         create_rtl_model zeropad2d_cl<array,array<ap_fixed<8,2,5,3,0>,2u>,config6>_Pipeline_PadTopWidth -top_prefix myproject_ -sub_prefix myproject_ -mg_file C:/Users/brand/Documents/engs192/zybo-edge-ai/hls/edge_cnn_minimal_hls/myproject_prj/solution1/.autopilot/db/zeropad2d_cl_array_array_ap_fixed_8_2_5_3_0_2u_config6_Pipeline_PadTopWidth.compgen.tcl 
INFO: [HLS 200-1030] Apply Unified Pipeline Control on module 'zeropad2d_cl_array_array_ap_fixed_8_2_5_3_0_2u_config6_Pipeline_PadTopWidth' pipeline 'PadTopWidth' pipeline type 'loop pipeline'
INFO: [RTGEN 206-100] Finished creating RTL model for 'zeropad2d_cl_array_array_ap_fixed_8_2_5_3_0_2u_config6_Pipeline_PadTopWidth'.
INFO: [HLS 200-111] Finished Creating RTL model: CPU user time: 0 seconds. CPU system time: 0 seconds. Elapsed time: 0.332 seconds; current allocated memory: 1.166 GB.
Execute         source C:/Users/brand/Documents/engs192/zybo-edge-ai/hls/edge_cnn_minimal_hls/myproject_prj/solution1/.autopilot/db/myproject.rtl_wrap.cfg.tcl 
Execute         gen_rtl zeropad2d_cl<array,array<ap_fixed<8,2,5,3,0>,2u>,config6>_Pipeline_PadTopWidth -style xilinx -f -lang vhdl -o C:/Users/brand/Documents/engs192/zybo-edge-ai/hls/edge_cnn_minimal_hls/myproject_prj/solution1/syn/vhdl/myproject_zeropad2d_cl_array_array_ap_fixed_8_2_5_3_0_2u_config6_Pipeline_PadTopWidth 
Execute         gen_rtl zeropad2d_cl<array,array<ap_fixed<8,2,5,3,0>,2u>,config6>_Pipeline_PadTopWidth -style xilinx -f -lang vlog -o C:/Users/brand/Documents/engs192/zybo-edge-ai/hls/edge_cnn_minimal_hls/myproject_prj/solution1/syn/verilog/myproject_zeropad2d_cl_array_array_ap_fixed_8_2_5_3_0_2u_config6_Pipeline_PadTopWidth 
Execute         syn_report -csynth -model zeropad2d_cl<array,array<ap_fixed<8,2,5,3,0>,2u>,config6>_Pipeline_PadTopWidth -o C:/Users/brand/Documents/engs192/zybo-edge-ai/hls/edge_cnn_minimal_hls/myproject_prj/solution1/syn/report/zeropad2d_cl_array_array_ap_fixed_8_2_5_3_0_2u_config6_Pipeline_PadTopWidth_csynth.rpt 
Execute           AP::get_flow_target_display_name
Execute             get_solution -flow_target 
Execute         syn_report -rtlxml -model zeropad2d_cl<array,array<ap_fixed<8,2,5,3,0>,2u>,config6>_Pipeline_PadTopWidth -o C:/Users/brand/Documents/engs192/zybo-edge-ai/hls/edge_cnn_minimal_hls/myproject_prj/solution1/syn/report/zeropad2d_cl_array_array_ap_fixed_8_2_5_3_0_2u_config6_Pipeline_PadTopWidth_csynth.xml 
Execute           get_solution -flow_target
Execute             get_solution -flow_target 
Execute         syn_report -verbosereport -model zeropad2d_cl<array,array<ap_fixed<8,2,5,3,0>,2u>,config6>_Pipeline_PadTopWidth -o C:/Users/brand/Documents/engs192/zybo-edge-ai/hls/edge_cnn_minimal_hls/myproject_prj/solution1/.autopilot/db/zeropad2d_cl_array_array_ap_fixed_8_2_5_3_0_2u_config6_Pipeline_PadTopWidth.verbose.rpt 
Execute           AP::get_flow_target_display_name
Execute             get_solution -flow_target 
Execute         db_write -model zeropad2d_cl<array,array<ap_fixed<8,2,5,3,0>,2u>,config6>_Pipeline_PadTopWidth -f -o C:/Users/brand/Documents/engs192/zybo-edge-ai/hls/edge_cnn_minimal_hls/myproject_prj/solution1/.autopilot/db/zeropad2d_cl_array_array_ap_fixed_8_2_5_3_0_2u_config6_Pipeline_PadTopWidth.adb 
Execute         db_write -model zeropad2d_cl<array,array<ap_fixed<8,2,5,3,0>,2u>,config6>_Pipeline_PadTopWidth -bindview -o C:/Users/brand/Documents/engs192/zybo-edge-ai/hls/edge_cnn_minimal_hls/myproject_prj/solution1/.autopilot/db/design.bindinfo.xml 
Execute         gen_tb_info zeropad2d_cl<array,array<ap_fixed<8,2,5,3,0>,2u>,config6>_Pipeline_PadTopWidth -p C:/Users/brand/Documents/engs192/zybo-edge-ai/hls/edge_cnn_minimal_hls/myproject_prj/solution1/.autopilot/db -o C:/Users/brand/Documents/engs192/zybo-edge-ai/hls/edge_cnn_minimal_hls/myproject_prj/solution1/.autopilot/db/zeropad2d_cl_array_array_ap_fixed_8_2_5_3_0_2u_config6_Pipeline_PadTopWidth 
INFO: [HLS 200-10] ----------------------------------------------------------------
INFO: [HLS 200-10] -- Generating RTL for module 'zeropad2d_cl_array_array_ap_fixed_8_2_5_3_0_2u_config6_Pipeline_CopyMain' 
INFO: [HLS 200-10] ----------------------------------------------------------------
Execute         get_config_rtl -module_prefix 
Execute         get_config_rtl -module_auto_prefix 
Execute         get_config_rtl -module_prefix 
Execute         get_config_rtl -module_auto_prefix 
Execute         create_rtl_model zeropad2d_cl<array,array<ap_fixed<8,2,5,3,0>,2u>,config6>_Pipeline_CopyMain -top_prefix myproject_ -sub_prefix myproject_ -mg_file C:/Users/brand/Documents/engs192/zybo-edge-ai/hls/edge_cnn_minimal_hls/myproject_prj/solution1/.autopilot/db/zeropad2d_cl_array_array_ap_fixed_8_2_5_3_0_2u_config6_Pipeline_CopyMain.compgen.tcl 
INFO: [HLS 200-1030] Apply Unified Pipeline Control on module 'zeropad2d_cl_array_array_ap_fixed_8_2_5_3_0_2u_config6_Pipeline_CopyMain' pipeline 'CopyMain' pipeline type 'loop pipeline'
INFO: [RTGEN 206-100] Finished creating RTL model for 'zeropad2d_cl_array_array_ap_fixed_8_2_5_3_0_2u_config6_Pipeline_CopyMain'.
INFO: [HLS 200-111] Finished Creating RTL model: CPU user time: 0 seconds. CPU system time: 0 seconds. Elapsed time: 0.256 seconds; current allocated memory: 1.166 GB.
Execute         source C:/Users/brand/Documents/engs192/zybo-edge-ai/hls/edge_cnn_minimal_hls/myproject_prj/solution1/.autopilot/db/myproject.rtl_wrap.cfg.tcl 
Execute         gen_rtl zeropad2d_cl<array,array<ap_fixed<8,2,5,3,0>,2u>,config6>_Pipeline_CopyMain -style xilinx -f -lang vhdl -o C:/Users/brand/Documents/engs192/zybo-edge-ai/hls/edge_cnn_minimal_hls/myproject_prj/solution1/syn/vhdl/myproject_zeropad2d_cl_array_array_ap_fixed_8_2_5_3_0_2u_config6_Pipeline_CopyMain 
Execute         gen_rtl zeropad2d_cl<array,array<ap_fixed<8,2,5,3,0>,2u>,config6>_Pipeline_CopyMain -style xilinx -f -lang vlog -o C:/Users/brand/Documents/engs192/zybo-edge-ai/hls/edge_cnn_minimal_hls/myproject_prj/solution1/syn/verilog/myproject_zeropad2d_cl_array_array_ap_fixed_8_2_5_3_0_2u_config6_Pipeline_CopyMain 
Execute         syn_report -csynth -model zeropad2d_cl<array,array<ap_fixed<8,2,5,3,0>,2u>,config6>_Pipeline_CopyMain -o C:/Users/brand/Documents/engs192/zybo-edge-ai/hls/edge_cnn_minimal_hls/myproject_prj/solution1/syn/report/zeropad2d_cl_array_array_ap_fixed_8_2_5_3_0_2u_config6_Pipeline_CopyMain_csynth.rpt 
Execute           AP::get_flow_target_display_name
Execute             get_solution -flow_target 
Execute         syn_report -rtlxml -model zeropad2d_cl<array,array<ap_fixed<8,2,5,3,0>,2u>,config6>_Pipeline_CopyMain -o C:/Users/brand/Documents/engs192/zybo-edge-ai/hls/edge_cnn_minimal_hls/myproject_prj/solution1/syn/report/zeropad2d_cl_array_array_ap_fixed_8_2_5_3_0_2u_config6_Pipeline_CopyMain_csynth.xml 
Execute           get_solution -flow_target
Execute             get_solution -flow_target 
Execute         syn_report -verbosereport -model zeropad2d_cl<array,array<ap_fixed<8,2,5,3,0>,2u>,config6>_Pipeline_CopyMain -o C:/Users/brand/Documents/engs192/zybo-edge-ai/hls/edge_cnn_minimal_hls/myproject_prj/solution1/.autopilot/db/zeropad2d_cl_array_array_ap_fixed_8_2_5_3_0_2u_config6_Pipeline_CopyMain.verbose.rpt 
Execute           AP::get_flow_target_display_name
Execute             get_solution -flow_target 
Execute         db_write -model zeropad2d_cl<array,array<ap_fixed<8,2,5,3,0>,2u>,config6>_Pipeline_CopyMain -f -o C:/Users/brand/Documents/engs192/zybo-edge-ai/hls/edge_cnn_minimal_hls/myproject_prj/solution1/.autopilot/db/zeropad2d_cl_array_array_ap_fixed_8_2_5_3_0_2u_config6_Pipeline_CopyMain.adb 
Execute         db_write -model zeropad2d_cl<array,array<ap_fixed<8,2,5,3,0>,2u>,config6>_Pipeline_CopyMain -bindview -o C:/Users/brand/Documents/engs192/zybo-edge-ai/hls/edge_cnn_minimal_hls/myproject_prj/solution1/.autopilot/db/design.bindinfo.xml 
Execute         gen_tb_info zeropad2d_cl<array,array<ap_fixed<8,2,5,3,0>,2u>,config6>_Pipeline_CopyMain -p C:/Users/brand/Documents/engs192/zybo-edge-ai/hls/edge_cnn_minimal_hls/myproject_prj/solution1/.autopilot/db -o C:/Users/brand/Documents/engs192/zybo-edge-ai/hls/edge_cnn_minimal_hls/myproject_prj/solution1/.autopilot/db/zeropad2d_cl_array_array_ap_fixed_8_2_5_3_0_2u_config6_Pipeline_CopyMain 
INFO: [HLS 200-10] ----------------------------------------------------------------
INFO: [HLS 200-10] -- Generating RTL for module 'zeropad2d_cl_array_array_ap_fixed_2u_config6_Pipeline_PadBottomWidth' 
INFO: [HLS 200-10] ----------------------------------------------------------------
Execute         get_config_rtl -module_prefix 
Execute         get_config_rtl -module_auto_prefix 
Execute         get_config_rtl -module_prefix 
Execute         get_config_rtl -module_auto_prefix 
Execute         create_rtl_model zeropad2d_cl<array,array<ap_fixed,2u>,config6>_Pipeline_PadBottomWidth -top_prefix myproject_ -sub_prefix myproject_ -mg_file C:/Users/brand/Documents/engs192/zybo-edge-ai/hls/edge_cnn_minimal_hls/myproject_prj/solution1/.autopilot/db/zeropad2d_cl_array_array_ap_fixed_2u_config6_Pipeline_PadBottomWidth.compgen.tcl 
INFO: [HLS 200-1030] Apply Unified Pipeline Control on module 'zeropad2d_cl_array_array_ap_fixed_2u_config6_Pipeline_PadBottomWidth' pipeline 'PadBottomWidth' pipeline type 'loop pipeline'
INFO: [RTGEN 206-100] Finished creating RTL model for 'zeropad2d_cl_array_array_ap_fixed_2u_config6_Pipeline_PadBottomWidth'.
INFO: [HLS 200-111] Finished Creating RTL model: CPU user time: 0 seconds. CPU system time: 0 seconds. Elapsed time: 0.336 seconds; current allocated memory: 1.166 GB.
Execute         source C:/Users/brand/Documents/engs192/zybo-edge-ai/hls/edge_cnn_minimal_hls/myproject_prj/solution1/.autopilot/db/myproject.rtl_wrap.cfg.tcl 
Execute         gen_rtl zeropad2d_cl<array,array<ap_fixed,2u>,config6>_Pipeline_PadBottomWidth -style xilinx -f -lang vhdl -o C:/Users/brand/Documents/engs192/zybo-edge-ai/hls/edge_cnn_minimal_hls/myproject_prj/solution1/syn/vhdl/myproject_zeropad2d_cl_array_array_ap_fixed_2u_config6_Pipeline_PadBottomWidth 
Execute         gen_rtl zeropad2d_cl<array,array<ap_fixed,2u>,config6>_Pipeline_PadBottomWidth -style xilinx -f -lang vlog -o C:/Users/brand/Documents/engs192/zybo-edge-ai/hls/edge_cnn_minimal_hls/myproject_prj/solution1/syn/verilog/myproject_zeropad2d_cl_array_array_ap_fixed_2u_config6_Pipeline_PadBottomWidth 
Execute         syn_report -csynth -model zeropad2d_cl<array,array<ap_fixed,2u>,config6>_Pipeline_PadBottomWidth -o C:/Users/brand/Documents/engs192/zybo-edge-ai/hls/edge_cnn_minimal_hls/myproject_prj/solution1/syn/report/zeropad2d_cl_array_array_ap_fixed_2u_config6_Pipeline_PadBottomWidth_csynth.rpt 
Execute           AP::get_flow_target_display_name
Execute             get_solution -flow_target 
Execute         syn_report -rtlxml -model zeropad2d_cl<array,array<ap_fixed,2u>,config6>_Pipeline_PadBottomWidth -o C:/Users/brand/Documents/engs192/zybo-edge-ai/hls/edge_cnn_minimal_hls/myproject_prj/solution1/syn/report/zeropad2d_cl_array_array_ap_fixed_2u_config6_Pipeline_PadBottomWidth_csynth.xml 
Execute           get_solution -flow_target
Execute             get_solution -flow_target 
Execute         syn_report -verbosereport -model zeropad2d_cl<array,array<ap_fixed,2u>,config6>_Pipeline_PadBottomWidth -o C:/Users/brand/Documents/engs192/zybo-edge-ai/hls/edge_cnn_minimal_hls/myproject_prj/solution1/.autopilot/db/zeropad2d_cl_array_array_ap_fixed_2u_config6_Pipeline_PadBottomWidth.verbose.rpt 
Execute           AP::get_flow_target_display_name
Execute             get_solution -flow_target 
Execute         db_write -model zeropad2d_cl<array,array<ap_fixed,2u>,config6>_Pipeline_PadBottomWidth -f -o C:/Users/brand/Documents/engs192/zybo-edge-ai/hls/edge_cnn_minimal_hls/myproject_prj/solution1/.autopilot/db/zeropad2d_cl_array_array_ap_fixed_2u_config6_Pipeline_PadBottomWidth.adb 
Execute         db_write -model zeropad2d_cl<array,array<ap_fixed,2u>,config6>_Pipeline_PadBottomWidth -bindview -o C:/Users/brand/Documents/engs192/zybo-edge-ai/hls/edge_cnn_minimal_hls/myproject_prj/solution1/.autopilot/db/design.bindinfo.xml 
Execute         gen_tb_info zeropad2d_cl<array,array<ap_fixed,2u>,config6>_Pipeline_PadBottomWidth -p C:/Users/brand/Documents/engs192/zybo-edge-ai/hls/edge_cnn_minimal_hls/myproject_prj/solution1/.autopilot/db -o C:/Users/brand/Documents/engs192/zybo-edge-ai/hls/edge_cnn_minimal_hls/myproject_prj/solution1/.autopilot/db/zeropad2d_cl_array_array_ap_fixed_2u_config6_Pipeline_PadBottomWidth 
INFO: [HLS 200-10] ----------------------------------------------------------------
INFO: [HLS 200-10] -- Generating RTL for module 'zeropad2d_cl_array_ap_fixed_2u_array_ap_fixed_8_2_5_3_0_2u_config6_s' 
INFO: [HLS 200-10] ----------------------------------------------------------------
Execute         get_config_rtl -module_prefix 
Execute         get_config_rtl -module_auto_prefix 
Execute         get_config_rtl -module_prefix 
Execute         get_config_rtl -module_auto_prefix 
Execute         create_rtl_model zeropad2d_cl<array<ap_fixed,2u>,array<ap_fixed<8,2,5,3,0>,2u>,config6> -top_prefix myproject_ -sub_prefix myproject_ -mg_file C:/Users/brand/Documents/engs192/zybo-edge-ai/hls/edge_cnn_minimal_hls/myproject_prj/solution1/.autopilot/db/zeropad2d_cl_array_ap_fixed_2u_array_ap_fixed_8_2_5_3_0_2u_config6_s.compgen.tcl 
INFO: [RTGEN 206-100] Finished creating RTL model for 'zeropad2d_cl_array_ap_fixed_2u_array_ap_fixed_8_2_5_3_0_2u_config6_s'.
INFO: [HLS 200-111] Finished Creating RTL model: CPU user time: 1 seconds. CPU system time: 0 seconds. Elapsed time: 0.24 seconds; current allocated memory: 1.166 GB.
Execute         source C:/Users/brand/Documents/engs192/zybo-edge-ai/hls/edge_cnn_minimal_hls/myproject_prj/solution1/.autopilot/db/myproject.rtl_wrap.cfg.tcl 
Execute         gen_rtl zeropad2d_cl<array<ap_fixed,2u>,array<ap_fixed<8,2,5,3,0>,2u>,config6> -style xilinx -f -lang vhdl -o C:/Users/brand/Documents/engs192/zybo-edge-ai/hls/edge_cnn_minimal_hls/myproject_prj/solution1/syn/vhdl/myproject_zeropad2d_cl_array_ap_fixed_2u_array_ap_fixed_8_2_5_3_0_2u_config6_s 
Execute         gen_rtl zeropad2d_cl<array<ap_fixed,2u>,array<ap_fixed<8,2,5,3,0>,2u>,config6> -style xilinx -f -lang vlog -o C:/Users/brand/Documents/engs192/zybo-edge-ai/hls/edge_cnn_minimal_hls/myproject_prj/solution1/syn/verilog/myproject_zeropad2d_cl_array_ap_fixed_2u_array_ap_fixed_8_2_5_3_0_2u_config6_s 
Execute         syn_report -csynth -model zeropad2d_cl<array<ap_fixed,2u>,array<ap_fixed<8,2,5,3,0>,2u>,config6> -o C:/Users/brand/Documents/engs192/zybo-edge-ai/hls/edge_cnn_minimal_hls/myproject_prj/solution1/syn/report/zeropad2d_cl_array_ap_fixed_2u_array_ap_fixed_8_2_5_3_0_2u_config6_s_csynth.rpt 
Execute           AP::get_flow_target_display_name
Execute             get_solution -flow_target 
Execute         syn_report -rtlxml -model zeropad2d_cl<array<ap_fixed,2u>,array<ap_fixed<8,2,5,3,0>,2u>,config6> -o C:/Users/brand/Documents/engs192/zybo-edge-ai/hls/edge_cnn_minimal_hls/myproject_prj/solution1/syn/report/zeropad2d_cl_array_ap_fixed_2u_array_ap_fixed_8_2_5_3_0_2u_config6_s_csynth.xml 
Execute           get_solution -flow_target
Execute             get_solution -flow_target 
Execute         syn_report -verbosereport -model zeropad2d_cl<array<ap_fixed,2u>,array<ap_fixed<8,2,5,3,0>,2u>,config6> -o C:/Users/brand/Documents/engs192/zybo-edge-ai/hls/edge_cnn_minimal_hls/myproject_prj/solution1/.autopilot/db/zeropad2d_cl_array_ap_fixed_2u_array_ap_fixed_8_2_5_3_0_2u_config6_s.verbose.rpt 
Execute           AP::get_flow_target_display_name
Execute             get_solution -flow_target 
Execute         db_write -model zeropad2d_cl<array<ap_fixed,2u>,array<ap_fixed<8,2,5,3,0>,2u>,config6> -f -o C:/Users/brand/Documents/engs192/zybo-edge-ai/hls/edge_cnn_minimal_hls/myproject_prj/solution1/.autopilot/db/zeropad2d_cl_array_ap_fixed_2u_array_ap_fixed_8_2_5_3_0_2u_config6_s.adb 
Execute         db_write -model zeropad2d_cl<array<ap_fixed,2u>,array<ap_fixed<8,2,5,3,0>,2u>,config6> -bindview -o C:/Users/brand/Documents/engs192/zybo-edge-ai/hls/edge_cnn_minimal_hls/myproject_prj/solution1/.autopilot/db/design.bindinfo.xml 
Execute         gen_tb_info zeropad2d_cl<array<ap_fixed,2u>,array<ap_fixed<8,2,5,3,0>,2u>,config6> -p C:/Users/brand/Documents/engs192/zybo-edge-ai/hls/edge_cnn_minimal_hls/myproject_prj/solution1/.autopilot/db -o C:/Users/brand/Documents/engs192/zybo-edge-ai/hls/edge_cnn_minimal_hls/myproject_prj/solution1/.autopilot/db/zeropad2d_cl_array_ap_fixed_2u_array_ap_fixed_8_2_5_3_0_2u_config6_s 
INFO: [HLS 200-10] ----------------------------------------------------------------
INFO: [HLS 200-10] -- Generating RTL for module 'shift_line_buffer_array_ap_fixed_8_2_5_3_0_2u_config4_s' 
INFO: [HLS 200-10] ----------------------------------------------------------------
Execute         get_config_rtl -module_prefix 
Execute         get_config_rtl -module_auto_prefix 
Execute         get_config_rtl -module_prefix 
Execute         get_config_rtl -module_auto_prefix 
Execute         create_rtl_model shift_line_buffer<array<ap_fixed<8, 2, 5, 3, 0>, 2u>, config4> -top_prefix myproject_ -sub_prefix myproject_ -mg_file C:/Users/brand/Documents/engs192/zybo-edge-ai/hls/edge_cnn_minimal_hls/myproject_prj/solution1/.autopilot/db/shift_line_buffer_array_ap_fixed_8_2_5_3_0_2u_config4_s.compgen.tcl 
INFO: [SYN 201-210] Renamed object name 'shift_line_buffer_array_ap_fixed_8_2_5_3_0_2u_config4_s_void_conv_2d_buffer_cl_stream_stream_weight_t_bias_t_line_buffer_0_SHIFTREG_AUTO_0R0W' to 'shift_line_buffer_array_ap_fixed_8_2_5_3_0_2u_config4_s_void_conv_2d_buffer_cfYi' due to the length limit 80
INFO: [SYN 201-210] Renamed object name 'shift_line_buffer_array_ap_fixed_8_2_5_3_0_2u_config4_s_void_conv_2d_buffer_cl_stream_stream_weight_t_bias_t_line_buffer_SHIFTREG_AUTO_0R0W' to 'shift_line_buffer_array_ap_fixed_8_2_5_3_0_2u_config4_s_void_conv_2d_buffer_cg8j' due to the length limit 80
INFO: [SYN 201-210] Renamed object name 'shift_line_buffer_array_ap_fixed_8_2_5_3_0_2u_config4_s_void_conv_2d_buffer_cl_stream_stream_weight_t_bias_t_line_buffer_1_0_SHIFTREG_AUTO_0R0W' to 'shift_line_buffer_array_ap_fixed_8_2_5_3_0_2u_config4_s_void_conv_2d_buffer_chbi' due to the length limit 80
INFO: [SYN 201-210] Renamed object name 'shift_line_buffer_array_ap_fixed_8_2_5_3_0_2u_config4_s_void_conv_2d_buffer_cl_stream_stream_weight_t_bias_t_line_buffer_1_SHIFTREG_AUTO_0R0W' to 'shift_line_buffer_array_ap_fixed_8_2_5_3_0_2u_config4_s_void_conv_2d_buffer_cibs' due to the length limit 80
INFO: [RTGEN 206-100] Finished creating RTL model for 'shift_line_buffer_array_ap_fixed_8_2_5_3_0_2u_config4_s'.
Command         create_rtl_model done; 0.187 sec.
INFO: [HLS 200-111] Finished Creating RTL model: CPU user time: 0 seconds. CPU system time: 0 seconds. Elapsed time: 0.417 seconds; current allocated memory: 1.166 GB.
Execute         source C:/Users/brand/Documents/engs192/zybo-edge-ai/hls/edge_cnn_minimal_hls/myproject_prj/solution1/.autopilot/db/myproject.rtl_wrap.cfg.tcl 
Execute         gen_rtl shift_line_buffer<array<ap_fixed<8, 2, 5, 3, 0>, 2u>, config4> -style xilinx -f -lang vhdl -o C:/Users/brand/Documents/engs192/zybo-edge-ai/hls/edge_cnn_minimal_hls/myproject_prj/solution1/syn/vhdl/myproject_shift_line_buffer_array_ap_fixed_8_2_5_3_0_2u_config4_s 
Execute         gen_rtl shift_line_buffer<array<ap_fixed<8, 2, 5, 3, 0>, 2u>, config4> -style xilinx -f -lang vlog -o C:/Users/brand/Documents/engs192/zybo-edge-ai/hls/edge_cnn_minimal_hls/myproject_prj/solution1/syn/verilog/myproject_shift_line_buffer_array_ap_fixed_8_2_5_3_0_2u_config4_s 
Execute         syn_report -csynth -model shift_line_buffer<array<ap_fixed<8, 2, 5, 3, 0>, 2u>, config4> -o C:/Users/brand/Documents/engs192/zybo-edge-ai/hls/edge_cnn_minimal_hls/myproject_prj/solution1/syn/report/shift_line_buffer_array_ap_fixed_8_2_5_3_0_2u_config4_s_csynth.rpt 
Execute           AP::get_flow_target_display_name
Execute             get_solution -flow_target 
Execute         syn_report -rtlxml -model shift_line_buffer<array<ap_fixed<8, 2, 5, 3, 0>, 2u>, config4> -o C:/Users/brand/Documents/engs192/zybo-edge-ai/hls/edge_cnn_minimal_hls/myproject_prj/solution1/syn/report/shift_line_buffer_array_ap_fixed_8_2_5_3_0_2u_config4_s_csynth.xml 
Execute           get_solution -flow_target
Execute             get_solution -flow_target 
Execute         syn_report -verbosereport -model shift_line_buffer<array<ap_fixed<8, 2, 5, 3, 0>, 2u>, config4> -o C:/Users/brand/Documents/engs192/zybo-edge-ai/hls/edge_cnn_minimal_hls/myproject_prj/solution1/.autopilot/db/shift_line_buffer_array_ap_fixed_8_2_5_3_0_2u_config4_s.verbose.rpt 
Execute           AP::get_flow_target_display_name
Execute             get_solution -flow_target 
Execute         db_write -model shift_line_buffer<array<ap_fixed<8, 2, 5, 3, 0>, 2u>, config4> -f -o C:/Users/brand/Documents/engs192/zybo-edge-ai/hls/edge_cnn_minimal_hls/myproject_prj/solution1/.autopilot/db/shift_line_buffer_array_ap_fixed_8_2_5_3_0_2u_config4_s.adb 
Execute         db_write -model shift_line_buffer<array<ap_fixed<8, 2, 5, 3, 0>, 2u>, config4> -bindview -o C:/Users/brand/Documents/engs192/zybo-edge-ai/hls/edge_cnn_minimal_hls/myproject_prj/solution1/.autopilot/db/design.bindinfo.xml 
Execute         gen_tb_info shift_line_buffer<array<ap_fixed<8, 2, 5, 3, 0>, 2u>, config4> -p C:/Users/brand/Documents/engs192/zybo-edge-ai/hls/edge_cnn_minimal_hls/myproject_prj/solution1/.autopilot/db -o C:/Users/brand/Documents/engs192/zybo-edge-ai/hls/edge_cnn_minimal_hls/myproject_prj/solution1/.autopilot/db/shift_line_buffer_array_ap_fixed_8_2_5_3_0_2u_config4_s 
INFO: [HLS 200-10] ----------------------------------------------------------------
INFO: [HLS 200-10] -- Generating RTL for module 'dense_resource_rf_leq_nin_ap_fixed_ap_fixed_8_2_5_3_0_config4_mult_s' 
INFO: [HLS 200-10] ----------------------------------------------------------------
Execute         get_config_rtl -module_prefix 
Execute         get_config_rtl -module_auto_prefix 
Execute         get_config_rtl -module_prefix 
Execute         get_config_rtl -module_auto_prefix 
Execute         create_rtl_model dense_resource_rf_leq_nin<ap_fixed,ap_fixed<8,2,5,3,0>,config4_mult> -top_prefix myproject_ -sub_prefix myproject_ -mg_file C:/Users/brand/Documents/engs192/zybo-edge-ai/hls/edge_cnn_minimal_hls/myproject_prj/solution1/.autopilot/db/dense_resource_rf_leq_nin_ap_fixed_ap_fixed_8_2_5_3_0_config4_mult_s.compgen.tcl 
INFO: [SYN 201-210] Renamed object name 'dense_resource_rf_leq_nin_ap_fixed_ap_fixed_8_2_5_3_0_config4_mult_s_w4_V_ROM_NP_BRAM_1R' to 'dense_resource_rf_leq_nin_ap_fixed_ap_fixed_8_2_5_3_0_config4_mult_s_w4_V_ROMjbC' due to the length limit 80
INFO: [HLS 200-1030] Apply Unified Pipeline Control on module 'dense_resource_rf_leq_nin_ap_fixed_ap_fixed_8_2_5_3_0_config4_mult_s' pipeline 'ReuseLoop' pipeline type 'rewind pipeline'
INFO: [RTGEN 206-100] Generating core module 'mul_8s_7s_14_1_1': 1 instance(s).
INFO: [RTGEN 206-100] Generating core module 'mux_185_8_1_1': 1 instance(s).
INFO: [RTGEN 206-100] Finished creating RTL model for 'dense_resource_rf_leq_nin_ap_fixed_ap_fixed_8_2_5_3_0_config4_mult_s'.
Command         create_rtl_model done; 0.195 sec.
INFO: [HLS 200-111] Finished Creating RTL model: CPU user time: 0 seconds. CPU system time: 0 seconds. Elapsed time: 0.452 seconds; current allocated memory: 1.166 GB.
Execute         source C:/Users/brand/Documents/engs192/zybo-edge-ai/hls/edge_cnn_minimal_hls/myproject_prj/solution1/.autopilot/db/myproject.rtl_wrap.cfg.tcl 
Execute         gen_rtl dense_resource_rf_leq_nin<ap_fixed,ap_fixed<8,2,5,3,0>,config4_mult> -style xilinx -f -lang vhdl -o C:/Users/brand/Documents/engs192/zybo-edge-ai/hls/edge_cnn_minimal_hls/myproject_prj/solution1/syn/vhdl/myproject_dense_resource_rf_leq_nin_ap_fixed_ap_fixed_8_2_5_3_0_config4_mult_s 
Execute         gen_rtl dense_resource_rf_leq_nin<ap_fixed,ap_fixed<8,2,5,3,0>,config4_mult> -style xilinx -f -lang vlog -o C:/Users/brand/Documents/engs192/zybo-edge-ai/hls/edge_cnn_minimal_hls/myproject_prj/solution1/syn/verilog/myproject_dense_resource_rf_leq_nin_ap_fixed_ap_fixed_8_2_5_3_0_config4_mult_s 
Execute         syn_report -csynth -model dense_resource_rf_leq_nin<ap_fixed,ap_fixed<8,2,5,3,0>,config4_mult> -o C:/Users/brand/Documents/engs192/zybo-edge-ai/hls/edge_cnn_minimal_hls/myproject_prj/solution1/syn/report/dense_resource_rf_leq_nin_ap_fixed_ap_fixed_8_2_5_3_0_config4_mult_s_csynth.rpt 
Execute           AP::get_flow_target_display_name
Execute             get_solution -flow_target 
Execute         syn_report -rtlxml -model dense_resource_rf_leq_nin<ap_fixed,ap_fixed<8,2,5,3,0>,config4_mult> -o C:/Users/brand/Documents/engs192/zybo-edge-ai/hls/edge_cnn_minimal_hls/myproject_prj/solution1/syn/report/dense_resource_rf_leq_nin_ap_fixed_ap_fixed_8_2_5_3_0_config4_mult_s_csynth.xml 
Execute           get_solution -flow_target
Execute             get_solution -flow_target 
Execute         syn_report -verbosereport -model dense_resource_rf_leq_nin<ap_fixed,ap_fixed<8,2,5,3,0>,config4_mult> -o C:/Users/brand/Documents/engs192/zybo-edge-ai/hls/edge_cnn_minimal_hls/myproject_prj/solution1/.autopilot/db/dense_resource_rf_leq_nin_ap_fixed_ap_fixed_8_2_5_3_0_config4_mult_s.verbose.rpt 
Execute           AP::get_flow_target_display_name
Execute             get_solution -flow_target 
Execute         db_write -model dense_resource_rf_leq_nin<ap_fixed,ap_fixed<8,2,5,3,0>,config4_mult> -f -o C:/Users/brand/Documents/engs192/zybo-edge-ai/hls/edge_cnn_minimal_hls/myproject_prj/solution1/.autopilot/db/dense_resource_rf_leq_nin_ap_fixed_ap_fixed_8_2_5_3_0_config4_mult_s.adb 
Execute         db_write -model dense_resource_rf_leq_nin<ap_fixed,ap_fixed<8,2,5,3,0>,config4_mult> -bindview -o C:/Users/brand/Documents/engs192/zybo-edge-ai/hls/edge_cnn_minimal_hls/myproject_prj/solution1/.autopilot/db/design.bindinfo.xml 
Execute         gen_tb_info dense_resource_rf_leq_nin<ap_fixed,ap_fixed<8,2,5,3,0>,config4_mult> -p C:/Users/brand/Documents/engs192/zybo-edge-ai/hls/edge_cnn_minimal_hls/myproject_prj/solution1/.autopilot/db -o C:/Users/brand/Documents/engs192/zybo-edge-ai/hls/edge_cnn_minimal_hls/myproject_prj/solution1/.autopilot/db/dense_resource_rf_leq_nin_ap_fixed_ap_fixed_8_2_5_3_0_config4_mult_s 
INFO: [HLS 200-10] ----------------------------------------------------------------
INFO: [HLS 200-10] -- Generating RTL for module 'compute_output_buffer_2d_array_array_ap_fixed_8_2_5_3_0_1u_config4_s' 
INFO: [HLS 200-10] ----------------------------------------------------------------
Execute         get_config_rtl -module_prefix 
Execute         get_config_rtl -module_auto_prefix 
Execute         get_config_rtl -module_prefix 
Execute         get_config_rtl -module_auto_prefix 
Execute         create_rtl_model compute_output_buffer_2d<array,array<ap_fixed<8,2,5,3,0>,1u>,config4> -top_prefix myproject_ -sub_prefix myproject_ -mg_file C:/Users/brand/Documents/engs192/zybo-edge-ai/hls/edge_cnn_minimal_hls/myproject_prj/solution1/.autopilot/db/compute_output_buffer_2d_array_array_ap_fixed_8_2_5_3_0_1u_config4_s.compgen.tcl 
WARNING: [RTGEN 206-101] Register 'void_compute_output_buffer_2d_array_const_ap_shift_reg_n_chan_stream_weig_7' is power-on initialization.
WARNING: [RTGEN 206-101] Register 'void_compute_output_buffer_2d_array_const_ap_shift_reg_n_chan_stream_weig_9' is power-on initialization.
WARNING: [RTGEN 206-101] Register 'void_compute_output_buffer_2d_array_const_ap_shift_reg_n_chan_stream_weig_6' is power-on initialization.
WARNING: [RTGEN 206-101] Register 'void_compute_output_buffer_2d_array_const_ap_shift_reg_n_chan_stream_weig_8' is power-on initialization.
WARNING: [RTGEN 206-101] Register 'void_compute_output_buffer_2d_array_const_ap_shift_reg_n_chan_stream_weig_1' is power-on initialization.
WARNING: [RTGEN 206-101] Register 'void_compute_output_buffer_2d_array_const_ap_shift_reg_n_chan_stream_weig_3' is power-on initialization.
WARNING: [RTGEN 206-101] Register 'void_compute_output_buffer_2d_array_const_ap_shift_reg_n_chan_stream_weig' is power-on initialization.
WARNING: [RTGEN 206-101] Register 'void_compute_output_buffer_2d_array_const_ap_shift_reg_n_chan_stream_weig_2' is power-on initialization.
WARNING: [RTGEN 206-101] Register 'p_ZZN4nnet24compute_output_buffer_2dINS_5arrayI8ap_fixedILi8ELi2EL9ap_q_mode5EL9a_3' is power-on initialization.
WARNING: [RTGEN 206-101] Register 'p_ZZN4nnet24compute_output_buffer_2dINS_5arrayI8ap_fixedILi8ELi2EL9ap_q_mode5EL9a_5' is power-on initialization.
WARNING: [RTGEN 206-101] Register 'p_ZZN4nnet24compute_output_buffer_2dINS_5arrayI8ap_fixedILi8ELi2EL9ap_q_mode5EL9a_2' is power-on initialization.
WARNING: [RTGEN 206-101] Register 'p_ZZN4nnet24compute_output_buffer_2dINS_5arrayI8ap_fixedILi8ELi2EL9ap_q_mode5EL9a_4' is power-on initialization.
WARNING: [RTGEN 206-101] Register 'void_compute_output_buffer_2d_array_const_ap_shift_reg_n_chan_stream_weig_5' is power-on initialization.
WARNING: [RTGEN 206-101] Register 'void_compute_output_buffer_2d_array_const_ap_shift_reg_n_chan_stream_weig_4' is power-on initialization.
WARNING: [RTGEN 206-101] Register 'p_ZZN4nnet24compute_output_buffer_2dINS_5arrayI8ap_fixedILi8ELi2EL9ap_q_mode5EL9a_7' is power-on initialization.
WARNING: [RTGEN 206-101] Register 'p_ZZN4nnet24compute_output_buffer_2dINS_5arrayI8ap_fixedILi8ELi2EL9ap_q_mode5EL9a_6' is power-on initialization.
WARNING: [RTGEN 206-101] Register 'p_ZZN4nnet24compute_output_buffer_2dINS_5arrayI8ap_fixedILi8ELi2EL9ap_q_mode5EL9a_1' is power-on initialization.
WARNING: [RTGEN 206-101] Register 'p_ZZN4nnet24compute_output_buffer_2dINS_5arrayI8ap_fixedILi8ELi2EL9ap_q_mode5EL9a' is power-on initialization.
WARNING: [RTGEN 206-101] Register 'sX' is power-on initialization.
WARNING: [RTGEN 206-101] Register 'sY' is power-on initialization.
WARNING: [RTGEN 206-101] Register 'pY' is power-on initialization.
WARNING: [RTGEN 206-101] Register 'pX' is power-on initialization.
INFO: [RTGEN 206-100] Finished creating RTL model for 'compute_output_buffer_2d_array_array_ap_fixed_8_2_5_3_0_1u_config4_s'.
Command         create_rtl_model done; 0.768 sec.
INFO: [HLS 200-111] Finished Creating RTL model: CPU user time: 0 seconds. CPU system time: 0 seconds. Elapsed time: 1.101 seconds; current allocated memory: 1.166 GB.
Execute         source C:/Users/brand/Documents/engs192/zybo-edge-ai/hls/edge_cnn_minimal_hls/myproject_prj/solution1/.autopilot/db/myproject.rtl_wrap.cfg.tcl 
Execute         gen_rtl compute_output_buffer_2d<array,array<ap_fixed<8,2,5,3,0>,1u>,config4> -style xilinx -f -lang vhdl -o C:/Users/brand/Documents/engs192/zybo-edge-ai/hls/edge_cnn_minimal_hls/myproject_prj/solution1/syn/vhdl/myproject_compute_output_buffer_2d_array_array_ap_fixed_8_2_5_3_0_1u_config4_s 
Execute         gen_rtl compute_output_buffer_2d<array,array<ap_fixed<8,2,5,3,0>,1u>,config4> -style xilinx -f -lang vlog -o C:/Users/brand/Documents/engs192/zybo-edge-ai/hls/edge_cnn_minimal_hls/myproject_prj/solution1/syn/verilog/myproject_compute_output_buffer_2d_array_array_ap_fixed_8_2_5_3_0_1u_config4_s 
Execute         syn_report -csynth -model compute_output_buffer_2d<array,array<ap_fixed<8,2,5,3,0>,1u>,config4> -o C:/Users/brand/Documents/engs192/zybo-edge-ai/hls/edge_cnn_minimal_hls/myproject_prj/solution1/syn/report/compute_output_buffer_2d_array_array_ap_fixed_8_2_5_3_0_1u_config4_s_csynth.rpt 
Execute           AP::get_flow_target_display_name
Execute             get_solution -flow_target 
Execute         syn_report -rtlxml -model compute_output_buffer_2d<array,array<ap_fixed<8,2,5,3,0>,1u>,config4> -o C:/Users/brand/Documents/engs192/zybo-edge-ai/hls/edge_cnn_minimal_hls/myproject_prj/solution1/syn/report/compute_output_buffer_2d_array_array_ap_fixed_8_2_5_3_0_1u_config4_s_csynth.xml 
Execute           get_solution -flow_target
Execute             get_solution -flow_target 
Execute         syn_report -verbosereport -model compute_output_buffer_2d<array,array<ap_fixed<8,2,5,3,0>,1u>,config4> -o C:/Users/brand/Documents/engs192/zybo-edge-ai/hls/edge_cnn_minimal_hls/myproject_prj/solution1/.autopilot/db/compute_output_buffer_2d_array_array_ap_fixed_8_2_5_3_0_1u_config4_s.verbose.rpt 
Execute           AP::get_flow_target_display_name
Execute             get_solution -flow_target 
Execute         db_write -model compute_output_buffer_2d<array,array<ap_fixed<8,2,5,3,0>,1u>,config4> -f -o C:/Users/brand/Documents/engs192/zybo-edge-ai/hls/edge_cnn_minimal_hls/myproject_prj/solution1/.autopilot/db/compute_output_buffer_2d_array_array_ap_fixed_8_2_5_3_0_1u_config4_s.adb 
Execute         db_write -model compute_output_buffer_2d<array,array<ap_fixed<8,2,5,3,0>,1u>,config4> -bindview -o C:/Users/brand/Documents/engs192/zybo-edge-ai/hls/edge_cnn_minimal_hls/myproject_prj/solution1/.autopilot/db/design.bindinfo.xml 
Execute         gen_tb_info compute_output_buffer_2d<array,array<ap_fixed<8,2,5,3,0>,1u>,config4> -p C:/Users/brand/Documents/engs192/zybo-edge-ai/hls/edge_cnn_minimal_hls/myproject_prj/solution1/.autopilot/db -o C:/Users/brand/Documents/engs192/zybo-edge-ai/hls/edge_cnn_minimal_hls/myproject_prj/solution1/.autopilot/db/compute_output_buffer_2d_array_array_ap_fixed_8_2_5_3_0_1u_config4_s 
INFO: [HLS 200-10] ----------------------------------------------------------------
INFO: [HLS 200-10] -- Generating RTL for module 'conv_2d_cl_array_ap_fixed_2u_array_ap_fixed_8_2_5_3_0_1u_config4_s' 
INFO: [HLS 200-10] ----------------------------------------------------------------
Execute         get_config_rtl -module_prefix 
Execute         get_config_rtl -module_auto_prefix 
Execute         get_config_rtl -module_prefix 
Execute         get_config_rtl -module_auto_prefix 
Execute         create_rtl_model conv_2d_cl<array<ap_fixed,2u>,array<ap_fixed<8,2,5,3,0>,1u>,config4> -top_prefix myproject_ -sub_prefix myproject_ -mg_file C:/Users/brand/Documents/engs192/zybo-edge-ai/hls/edge_cnn_minimal_hls/myproject_prj/solution1/.autopilot/db/conv_2d_cl_array_ap_fixed_2u_array_ap_fixed_8_2_5_3_0_1u_config4_s.compgen.tcl 
INFO: [RTGEN 206-100] Finished creating RTL model for 'conv_2d_cl_array_ap_fixed_2u_array_ap_fixed_8_2_5_3_0_1u_config4_s'.
INFO: [HLS 200-111] Finished Creating RTL model: CPU user time: 1 seconds. CPU system time: 0 seconds. Elapsed time: 0.369 seconds; current allocated memory: 1.166 GB.
Execute         source C:/Users/brand/Documents/engs192/zybo-edge-ai/hls/edge_cnn_minimal_hls/myproject_prj/solution1/.autopilot/db/myproject.rtl_wrap.cfg.tcl 
Execute         gen_rtl conv_2d_cl<array<ap_fixed,2u>,array<ap_fixed<8,2,5,3,0>,1u>,config4> -style xilinx -f -lang vhdl -o C:/Users/brand/Documents/engs192/zybo-edge-ai/hls/edge_cnn_minimal_hls/myproject_prj/solution1/syn/vhdl/myproject_conv_2d_cl_array_ap_fixed_2u_array_ap_fixed_8_2_5_3_0_1u_config4_s 
Execute         gen_rtl conv_2d_cl<array<ap_fixed,2u>,array<ap_fixed<8,2,5,3,0>,1u>,config4> -style xilinx -f -lang vlog -o C:/Users/brand/Documents/engs192/zybo-edge-ai/hls/edge_cnn_minimal_hls/myproject_prj/solution1/syn/verilog/myproject_conv_2d_cl_array_ap_fixed_2u_array_ap_fixed_8_2_5_3_0_1u_config4_s 
Execute         syn_report -csynth -model conv_2d_cl<array<ap_fixed,2u>,array<ap_fixed<8,2,5,3,0>,1u>,config4> -o C:/Users/brand/Documents/engs192/zybo-edge-ai/hls/edge_cnn_minimal_hls/myproject_prj/solution1/syn/report/conv_2d_cl_array_ap_fixed_2u_array_ap_fixed_8_2_5_3_0_1u_config4_s_csynth.rpt 
Execute           AP::get_flow_target_display_name
Execute             get_solution -flow_target 
Execute         syn_report -rtlxml -model conv_2d_cl<array<ap_fixed,2u>,array<ap_fixed<8,2,5,3,0>,1u>,config4> -o C:/Users/brand/Documents/engs192/zybo-edge-ai/hls/edge_cnn_minimal_hls/myproject_prj/solution1/syn/report/conv_2d_cl_array_ap_fixed_2u_array_ap_fixed_8_2_5_3_0_1u_config4_s_csynth.xml 
Execute           get_solution -flow_target
Execute             get_solution -flow_target 
Execute         syn_report -verbosereport -model conv_2d_cl<array<ap_fixed,2u>,array<ap_fixed<8,2,5,3,0>,1u>,config4> -o C:/Users/brand/Documents/engs192/zybo-edge-ai/hls/edge_cnn_minimal_hls/myproject_prj/solution1/.autopilot/db/conv_2d_cl_array_ap_fixed_2u_array_ap_fixed_8_2_5_3_0_1u_config4_s.verbose.rpt 
Execute           AP::get_flow_target_display_name
Execute             get_solution -flow_target 
Execute         db_write -model conv_2d_cl<array<ap_fixed,2u>,array<ap_fixed<8,2,5,3,0>,1u>,config4> -f -o C:/Users/brand/Documents/engs192/zybo-edge-ai/hls/edge_cnn_minimal_hls/myproject_prj/solution1/.autopilot/db/conv_2d_cl_array_ap_fixed_2u_array_ap_fixed_8_2_5_3_0_1u_config4_s.adb 
Execute         db_write -model conv_2d_cl<array<ap_fixed,2u>,array<ap_fixed<8,2,5,3,0>,1u>,config4> -bindview -o C:/Users/brand/Documents/engs192/zybo-edge-ai/hls/edge_cnn_minimal_hls/myproject_prj/solution1/.autopilot/db/design.bindinfo.xml 
Execute         gen_tb_info conv_2d_cl<array<ap_fixed,2u>,array<ap_fixed<8,2,5,3,0>,1u>,config4> -p C:/Users/brand/Documents/engs192/zybo-edge-ai/hls/edge_cnn_minimal_hls/myproject_prj/solution1/.autopilot/db -o C:/Users/brand/Documents/engs192/zybo-edge-ai/hls/edge_cnn_minimal_hls/myproject_prj/solution1/.autopilot/db/conv_2d_cl_array_ap_fixed_2u_array_ap_fixed_8_2_5_3_0_1u_config4_s 
INFO: [HLS 200-10] ----------------------------------------------------------------
INFO: [HLS 200-10] -- Generating RTL for module 'myproject' 
INFO: [HLS 200-10] ----------------------------------------------------------------
Execute         get_config_rtl -module_prefix 
Execute         get_config_rtl -module_prefix 
Execute         get_config_rtl -module_auto_prefix 
Execute         create_rtl_model myproject -top_prefix  -sub_prefix myproject_ -mg_file C:/Users/brand/Documents/engs192/zybo-edge-ai/hls/edge_cnn_minimal_hls/myproject_prj/solution1/.autopilot/db/myproject.compgen.tcl 
WARNING: [RTGEN 206-101] Design contains AXI ports. Reset is fixed to synchronous and active low.
INFO: [RTGEN 206-500] Setting interface mode on port 'myproject/input_image' to 'axis' (register, both mode).
INFO: [RTGEN 206-500] Setting interface mode on port 'myproject/layer4_out' to 'axis' (register, both mode).
INFO: [RTGEN 206-500] Setting interface mode on function 'myproject' to 'ap_ctrl_hs'.
INFO: [RTGEN 206-100] Finished creating RTL model for 'myproject'.
Command         create_rtl_model done; 0.172 sec.
INFO: [HLS 200-111] Finished Creating RTL model: CPU user time: 0 seconds. CPU system time: 0 seconds. Elapsed time: 0.408 seconds; current allocated memory: 1.166 GB.
Execute         source C:/Users/brand/Documents/engs192/zybo-edge-ai/hls/edge_cnn_minimal_hls/myproject_prj/solution1/.autopilot/db/myproject.rtl_wrap.cfg.tcl 
Execute         gen_rtl myproject -istop -style xilinx -f -lang vhdl -o C:/Users/brand/Documents/engs192/zybo-edge-ai/hls/edge_cnn_minimal_hls/myproject_prj/solution1/syn/vhdl/myproject 
Execute         gen_rtl myproject -istop -style xilinx -f -lang vlog -o C:/Users/brand/Documents/engs192/zybo-edge-ai/hls/edge_cnn_minimal_hls/myproject_prj/solution1/syn/verilog/myproject 
Execute         syn_report -csynth -model myproject -o C:/Users/brand/Documents/engs192/zybo-edge-ai/hls/edge_cnn_minimal_hls/myproject_prj/solution1/syn/report/myproject_csynth.rpt 
Execute           AP::get_flow_target_display_name
Execute             get_solution -flow_target 
Execute         syn_report -rtlxml -model myproject -o C:/Users/brand/Documents/engs192/zybo-edge-ai/hls/edge_cnn_minimal_hls/myproject_prj/solution1/syn/report/myproject_csynth.xml 
Execute           get_solution -flow_target
Execute             get_solution -flow_target 
Execute         syn_report -verbosereport -model myproject -o C:/Users/brand/Documents/engs192/zybo-edge-ai/hls/edge_cnn_minimal_hls/myproject_prj/solution1/.autopilot/db/myproject.verbose.rpt 
Execute           AP::get_flow_target_display_name
Execute             get_solution -flow_target 
Command         syn_report done; 0.179 sec.
Execute         db_write -model myproject -f -o C:/Users/brand/Documents/engs192/zybo-edge-ai/hls/edge_cnn_minimal_hls/myproject_prj/solution1/.autopilot/db/myproject.adb 
Execute         db_write -model myproject -bindview -o C:/Users/brand/Documents/engs192/zybo-edge-ai/hls/edge_cnn_minimal_hls/myproject_prj/solution1/.autopilot/db/design.bindinfo.xml 
Execute         gen_tb_info myproject -p C:/Users/brand/Documents/engs192/zybo-edge-ai/hls/edge_cnn_minimal_hls/myproject_prj/solution1/.autopilot/db -o C:/Users/brand/Documents/engs192/zybo-edge-ai/hls/edge_cnn_minimal_hls/myproject_prj/solution1/.autopilot/db/myproject 
Execute         export_constraint_db -f -tool general -o C:/Users/brand/Documents/engs192/zybo-edge-ai/hls/edge_cnn_minimal_hls/myproject_prj/solution1/.autopilot/db/myproject.constraint.tcl 
Execute         syn_report -designview -model myproject -o C:/Users/brand/Documents/engs192/zybo-edge-ai/hls/edge_cnn_minimal_hls/myproject_prj/solution1/.autopilot/db/myproject.design.xml 
Command         syn_report done; 0.276 sec.
Execute         syn_report -csynthDesign -model myproject -o C:/Users/brand/Documents/engs192/zybo-edge-ai/hls/edge_cnn_minimal_hls/myproject_prj/solution1/syn/report/csynth.rpt 
Execute           AP::get_flow_target_display_name
Execute             get_solution -flow_target 
Execute         get_config_rtl -disable_wave_debug 
Execute         syn_report -wcfg -model myproject -o C:/Users/brand/Documents/engs192/zybo-edge-ai/hls/edge_cnn_minimal_hls/myproject_prj/solution1/.autopilot/db/myproject_dataflow_ana.wcfg 
Execute         syn_report -protoinst -model myproject -o C:/Users/brand/Documents/engs192/zybo-edge-ai/hls/edge_cnn_minimal_hls/myproject_prj/solution1/.autopilot/db/myproject.protoinst 
Execute         get_config_debug -directory 
Execute         sc_get_clocks myproject 
Execute         get_config_export -vivado_clock 
Execute         get_config_rtl -module_prefix 
Execute         get_config_rtl -module_prefix 
Execute         get_config_rtl -module_auto_prefix 
Execute         sc_get_portdomain myproject 
INFO-FLOW: Model list for RTL component generation: zeropad2d_cl<array,array<ap_fixed<8,2,5,3,0>,1u>,config5>_Pipeline_PadTopWidth zeropad2d_cl<array,array<ap_fixed<8,2,5,3,0>,1u>,config5>_Pipeline_CopyMain zeropad2d_cl<array,array<ap_fixed,1u>,config5>_Pipeline_PadBottomWidth zeropad2d_cl<array<ap_fixed,1u>,array<ap_fixed<8,2,5,3,0>,1u>,config5> {shift_line_buffer<array<ap_fixed<8, 2, 5, 3, 0>, 1u>, config2>} dense_resource_rf_gt_nin_rem0<ap_fixed,ap_fixed<8,2,5,3,0>,config2_mult> compute_output_buffer_2d<array,array<ap_fixed<8,2,5,3,0>,2u>,config2> conv_2d_cl<array<ap_fixed,1u>,array<ap_fixed<8,2,5,3,0>,2u>,config2> relu<array<ap_fixed,2u>,array<ap_fixed<8,2,5,3,0>,2u>,relu_config3> zeropad2d_cl<array,array<ap_fixed<8,2,5,3,0>,2u>,config6>_Pipeline_PadTopWidth zeropad2d_cl<array,array<ap_fixed<8,2,5,3,0>,2u>,config6>_Pipeline_CopyMain zeropad2d_cl<array,array<ap_fixed,2u>,config6>_Pipeline_PadBottomWidth zeropad2d_cl<array<ap_fixed,2u>,array<ap_fixed<8,2,5,3,0>,2u>,config6> {shift_line_buffer<array<ap_fixed<8, 2, 5, 3, 0>, 2u>, config4>} dense_resource_rf_leq_nin<ap_fixed,ap_fixed<8,2,5,3,0>,config4_mult> compute_output_buffer_2d<array,array<ap_fixed<8,2,5,3,0>,1u>,config4> conv_2d_cl<array<ap_fixed,2u>,array<ap_fixed<8,2,5,3,0>,1u>,config4> myproject
INFO-FLOW: Handling components in module [zeropad2d_cl_array_array_ap_fixed_8_2_5_3_0_1u_config5_Pipeline_PadTopWidth] ... 
Execute         source C:/Users/brand/Documents/engs192/zybo-edge-ai/hls/edge_cnn_minimal_hls/myproject_prj/solution1/.autopilot/db/zeropad2d_cl_array_array_ap_fixed_8_2_5_3_0_1u_config5_Pipeline_PadTopWidth.compgen.tcl 
INFO-FLOW: Found component myproject_flow_control_loop_pipe_sequential_init.
INFO-FLOW: Append model myproject_flow_control_loop_pipe_sequential_init
INFO-FLOW: Handling components in module [zeropad2d_cl_array_array_ap_fixed_8_2_5_3_0_1u_config5_Pipeline_CopyMain] ... 
Execute         source C:/Users/brand/Documents/engs192/zybo-edge-ai/hls/edge_cnn_minimal_hls/myproject_prj/solution1/.autopilot/db/zeropad2d_cl_array_array_ap_fixed_8_2_5_3_0_1u_config5_Pipeline_CopyMain.compgen.tcl 
INFO-FLOW: Found component myproject_flow_control_loop_pipe_sequential_init.
INFO-FLOW: Append model myproject_flow_control_loop_pipe_sequential_init
INFO-FLOW: Handling components in module [zeropad2d_cl_array_array_ap_fixed_1u_config5_Pipeline_PadBottomWidth] ... 
Execute         source C:/Users/brand/Documents/engs192/zybo-edge-ai/hls/edge_cnn_minimal_hls/myproject_prj/solution1/.autopilot/db/zeropad2d_cl_array_array_ap_fixed_1u_config5_Pipeline_PadBottomWidth.compgen.tcl 
INFO-FLOW: Found component myproject_flow_control_loop_pipe_sequential_init.
INFO-FLOW: Append model myproject_flow_control_loop_pipe_sequential_init
INFO-FLOW: Handling components in module [zeropad2d_cl_array_ap_fixed_1u_array_ap_fixed_8_2_5_3_0_1u_config5_s] ... 
Execute         source C:/Users/brand/Documents/engs192/zybo-edge-ai/hls/edge_cnn_minimal_hls/myproject_prj/solution1/.autopilot/db/zeropad2d_cl_array_ap_fixed_1u_array_ap_fixed_8_2_5_3_0_1u_config5_s.compgen.tcl 
INFO-FLOW: Found component myproject_regslice_both.
INFO-FLOW: Append model myproject_regslice_both
INFO-FLOW: Handling components in module [shift_line_buffer_array_ap_fixed_8_2_5_3_0_1u_config2_s] ... 
Execute         source C:/Users/brand/Documents/engs192/zybo-edge-ai/hls/edge_cnn_minimal_hls/myproject_prj/solution1/.autopilot/db/shift_line_buffer_array_ap_fixed_8_2_5_3_0_1u_config2_s.compgen.tcl 
INFO-FLOW: Found component myproject_shift_line_buffer_array_ap_fixed_8_2_5_3_0_1u_config2_s_void_conv_2d_buffer_cbkb.
INFO-FLOW: Append model myproject_shift_line_buffer_array_ap_fixed_8_2_5_3_0_1u_config2_s_void_conv_2d_buffer_cbkb
INFO-FLOW: Handling components in module [dense_resource_rf_gt_nin_rem0_ap_fixed_ap_fixed_8_2_5_3_0_config2_mult_s] ... 
Execute         source C:/Users/brand/Documents/engs192/zybo-edge-ai/hls/edge_cnn_minimal_hls/myproject_prj/solution1/.autopilot/db/dense_resource_rf_gt_nin_rem0_ap_fixed_ap_fixed_8_2_5_3_0_config2_mult_s.compgen.tcl 
INFO-FLOW: Found component myproject_mux_932_8_1_1.
INFO-FLOW: Append model myproject_mux_932_8_1_1
INFO-FLOW: Found component myproject_mul_8s_7s_14_1_1.
INFO-FLOW: Append model myproject_mul_8s_7s_14_1_1
INFO-FLOW: Found component myproject_mux_21_8_1_1.
INFO-FLOW: Append model myproject_mux_21_8_1_1
INFO-FLOW: Found component myproject_dense_resource_rf_gt_nin_rem0_ap_fixed_ap_fixed_8_2_5_3_0_config2_mult_s_outidEe.
INFO-FLOW: Append model myproject_dense_resource_rf_gt_nin_rem0_ap_fixed_ap_fixed_8_2_5_3_0_config2_mult_s_outidEe
INFO-FLOW: Found component myproject_dense_resource_rf_gt_nin_rem0_ap_fixed_ap_fixed_8_2_5_3_0_config2_mult_s_w2_VeOg.
INFO-FLOW: Append model myproject_dense_resource_rf_gt_nin_rem0_ap_fixed_ap_fixed_8_2_5_3_0_config2_mult_s_w2_VeOg
INFO-FLOW: Found component myproject_flow_control_loop_pipe_no_ap_cont.
INFO-FLOW: Append model myproject_flow_control_loop_pipe_no_ap_cont
INFO-FLOW: Handling components in module [compute_output_buffer_2d_array_array_ap_fixed_8_2_5_3_0_2u_config2_s] ... 
Execute         source C:/Users/brand/Documents/engs192/zybo-edge-ai/hls/edge_cnn_minimal_hls/myproject_prj/solution1/.autopilot/db/compute_output_buffer_2d_array_array_ap_fixed_8_2_5_3_0_2u_config2_s.compgen.tcl 
INFO-FLOW: Handling components in module [conv_2d_cl_array_ap_fixed_1u_array_ap_fixed_8_2_5_3_0_2u_config2_s] ... 
Execute         source C:/Users/brand/Documents/engs192/zybo-edge-ai/hls/edge_cnn_minimal_hls/myproject_prj/solution1/.autopilot/db/conv_2d_cl_array_ap_fixed_1u_array_ap_fixed_8_2_5_3_0_2u_config2_s.compgen.tcl 
INFO-FLOW: Handling components in module [relu_array_ap_fixed_2u_array_ap_fixed_8_2_5_3_0_2u_relu_config3_s] ... 
Execute         source C:/Users/brand/Documents/engs192/zybo-edge-ai/hls/edge_cnn_minimal_hls/myproject_prj/solution1/.autopilot/db/relu_array_ap_fixed_2u_array_ap_fixed_8_2_5_3_0_2u_relu_config3_s.compgen.tcl 
INFO-FLOW: Found component myproject_flow_control_loop_pipe.
INFO-FLOW: Append model myproject_flow_control_loop_pipe
INFO-FLOW: Handling components in module [zeropad2d_cl_array_array_ap_fixed_8_2_5_3_0_2u_config6_Pipeline_PadTopWidth] ... 
Execute         source C:/Users/brand/Documents/engs192/zybo-edge-ai/hls/edge_cnn_minimal_hls/myproject_prj/solution1/.autopilot/db/zeropad2d_cl_array_array_ap_fixed_8_2_5_3_0_2u_config6_Pipeline_PadTopWidth.compgen.tcl 
INFO-FLOW: Found component myproject_flow_control_loop_pipe_sequential_init.
INFO-FLOW: Append model myproject_flow_control_loop_pipe_sequential_init
INFO-FLOW: Handling components in module [zeropad2d_cl_array_array_ap_fixed_8_2_5_3_0_2u_config6_Pipeline_CopyMain] ... 
Execute         source C:/Users/brand/Documents/engs192/zybo-edge-ai/hls/edge_cnn_minimal_hls/myproject_prj/solution1/.autopilot/db/zeropad2d_cl_array_array_ap_fixed_8_2_5_3_0_2u_config6_Pipeline_CopyMain.compgen.tcl 
INFO-FLOW: Found component myproject_flow_control_loop_pipe_sequential_init.
INFO-FLOW: Append model myproject_flow_control_loop_pipe_sequential_init
INFO-FLOW: Handling components in module [zeropad2d_cl_array_array_ap_fixed_2u_config6_Pipeline_PadBottomWidth] ... 
Execute         source C:/Users/brand/Documents/engs192/zybo-edge-ai/hls/edge_cnn_minimal_hls/myproject_prj/solution1/.autopilot/db/zeropad2d_cl_array_array_ap_fixed_2u_config6_Pipeline_PadBottomWidth.compgen.tcl 
INFO-FLOW: Found component myproject_flow_control_loop_pipe_sequential_init.
INFO-FLOW: Append model myproject_flow_control_loop_pipe_sequential_init
INFO-FLOW: Handling components in module [zeropad2d_cl_array_ap_fixed_2u_array_ap_fixed_8_2_5_3_0_2u_config6_s] ... 
Execute         source C:/Users/brand/Documents/engs192/zybo-edge-ai/hls/edge_cnn_minimal_hls/myproject_prj/solution1/.autopilot/db/zeropad2d_cl_array_ap_fixed_2u_array_ap_fixed_8_2_5_3_0_2u_config6_s.compgen.tcl 
INFO-FLOW: Handling components in module [shift_line_buffer_array_ap_fixed_8_2_5_3_0_2u_config4_s] ... 
Execute         source C:/Users/brand/Documents/engs192/zybo-edge-ai/hls/edge_cnn_minimal_hls/myproject_prj/solution1/.autopilot/db/shift_line_buffer_array_ap_fixed_8_2_5_3_0_2u_config4_s.compgen.tcl 
INFO-FLOW: Handling components in module [dense_resource_rf_leq_nin_ap_fixed_ap_fixed_8_2_5_3_0_config4_mult_s] ... 
Execute         source C:/Users/brand/Documents/engs192/zybo-edge-ai/hls/edge_cnn_minimal_hls/myproject_prj/solution1/.autopilot/db/dense_resource_rf_leq_nin_ap_fixed_ap_fixed_8_2_5_3_0_config4_mult_s.compgen.tcl 
INFO-FLOW: Found component myproject_mux_185_8_1_1.
INFO-FLOW: Append model myproject_mux_185_8_1_1
INFO-FLOW: Found component myproject_dense_resource_rf_leq_nin_ap_fixed_ap_fixed_8_2_5_3_0_config4_mult_s_w4_V_ROMjbC.
INFO-FLOW: Append model myproject_dense_resource_rf_leq_nin_ap_fixed_ap_fixed_8_2_5_3_0_config4_mult_s_w4_V_ROMjbC
INFO-FLOW: Found component myproject_flow_control_loop_pipe_no_ap_cont.
INFO-FLOW: Append model myproject_flow_control_loop_pipe_no_ap_cont
INFO-FLOW: Handling components in module [compute_output_buffer_2d_array_array_ap_fixed_8_2_5_3_0_1u_config4_s] ... 
Execute         source C:/Users/brand/Documents/engs192/zybo-edge-ai/hls/edge_cnn_minimal_hls/myproject_prj/solution1/.autopilot/db/compute_output_buffer_2d_array_array_ap_fixed_8_2_5_3_0_1u_config4_s.compgen.tcl 
INFO-FLOW: Handling components in module [conv_2d_cl_array_ap_fixed_2u_array_ap_fixed_8_2_5_3_0_1u_config4_s] ... 
Execute         source C:/Users/brand/Documents/engs192/zybo-edge-ai/hls/edge_cnn_minimal_hls/myproject_prj/solution1/.autopilot/db/conv_2d_cl_array_ap_fixed_2u_array_ap_fixed_8_2_5_3_0_1u_config4_s.compgen.tcl 
INFO-FLOW: Found component myproject_regslice_both.
INFO-FLOW: Append model myproject_regslice_both
INFO-FLOW: Handling components in module [myproject] ... 
Execute         source C:/Users/brand/Documents/engs192/zybo-edge-ai/hls/edge_cnn_minimal_hls/myproject_prj/solution1/.autopilot/db/myproject.compgen.tcl 
INFO-FLOW: Found component myproject_fifo_w8_d20172_A.
INFO-FLOW: Append model myproject_fifo_w8_d20172_A
INFO-FLOW: Found component myproject_fifo_w16_d19602_A.
INFO-FLOW: Append model myproject_fifo_w16_d19602_A
INFO-FLOW: Found component myproject_fifo_w16_d19602_A.
INFO-FLOW: Append model myproject_fifo_w16_d19602_A
INFO-FLOW: Found component myproject_fifo_w16_d20172_A.
INFO-FLOW: Append model myproject_fifo_w16_d20172_A
INFO-FLOW: Found component myproject_start_for_conv_2d_cl_array_ap_fixed_1u_array_ap_fixed_8_2_5_3_0_2u_config2_U0.
INFO-FLOW: Append model myproject_start_for_conv_2d_cl_array_ap_fixed_1u_array_ap_fixed_8_2_5_3_0_2u_config2_U0
INFO-FLOW: Found component myproject_start_for_relu_array_ap_fixed_2u_array_ap_fixed_8_2_5_3_0_2u_relu_config3_U0.
INFO-FLOW: Append model myproject_start_for_relu_array_ap_fixed_2u_array_ap_fixed_8_2_5_3_0_2u_relu_config3_U0
INFO-FLOW: Found component myproject_start_for_zeropad2d_cl_array_ap_fixed_2u_array_ap_fixed_8_2_5_3_0_2u_config6_U0.
INFO-FLOW: Append model myproject_start_for_zeropad2d_cl_array_ap_fixed_2u_array_ap_fixed_8_2_5_3_0_2u_config6_U0
INFO-FLOW: Found component myproject_start_for_conv_2d_cl_array_ap_fixed_2u_array_ap_fixed_8_2_5_3_0_1u_config4_U0.
INFO-FLOW: Append model myproject_start_for_conv_2d_cl_array_ap_fixed_2u_array_ap_fixed_8_2_5_3_0_1u_config4_U0
INFO-FLOW: Append model zeropad2d_cl_array_array_ap_fixed_8_2_5_3_0_1u_config5_Pipeline_PadTopWidth
INFO-FLOW: Append model zeropad2d_cl_array_array_ap_fixed_8_2_5_3_0_1u_config5_Pipeline_CopyMain
INFO-FLOW: Append model zeropad2d_cl_array_array_ap_fixed_1u_config5_Pipeline_PadBottomWidth
INFO-FLOW: Append model zeropad2d_cl_array_ap_fixed_1u_array_ap_fixed_8_2_5_3_0_1u_config5_s
INFO-FLOW: Append model shift_line_buffer_array_ap_fixed_8_2_5_3_0_1u_config2_s
INFO-FLOW: Append model dense_resource_rf_gt_nin_rem0_ap_fixed_ap_fixed_8_2_5_3_0_config2_mult_s
INFO-FLOW: Append model compute_output_buffer_2d_array_array_ap_fixed_8_2_5_3_0_2u_config2_s
INFO-FLOW: Append model conv_2d_cl_array_ap_fixed_1u_array_ap_fixed_8_2_5_3_0_2u_config2_s
INFO-FLOW: Append model relu_array_ap_fixed_2u_array_ap_fixed_8_2_5_3_0_2u_relu_config3_s
INFO-FLOW: Append model zeropad2d_cl_array_array_ap_fixed_8_2_5_3_0_2u_config6_Pipeline_PadTopWidth
INFO-FLOW: Append model zeropad2d_cl_array_array_ap_fixed_8_2_5_3_0_2u_config6_Pipeline_CopyMain
INFO-FLOW: Append model zeropad2d_cl_array_array_ap_fixed_2u_config6_Pipeline_PadBottomWidth
INFO-FLOW: Append model zeropad2d_cl_array_ap_fixed_2u_array_ap_fixed_8_2_5_3_0_2u_config6_s
INFO-FLOW: Append model shift_line_buffer_array_ap_fixed_8_2_5_3_0_2u_config4_s
INFO-FLOW: Append model dense_resource_rf_leq_nin_ap_fixed_ap_fixed_8_2_5_3_0_config4_mult_s
INFO-FLOW: Append model compute_output_buffer_2d_array_array_ap_fixed_8_2_5_3_0_1u_config4_s
INFO-FLOW: Append model conv_2d_cl_array_ap_fixed_2u_array_ap_fixed_8_2_5_3_0_1u_config4_s
INFO-FLOW: Append model myproject
INFO-FLOW: Generating RTL model list ...
INFO-FLOW: All models in this session: myproject_flow_control_loop_pipe_sequential_init myproject_flow_control_loop_pipe_sequential_init myproject_flow_control_loop_pipe_sequential_init myproject_regslice_both myproject_shift_line_buffer_array_ap_fixed_8_2_5_3_0_1u_config2_s_void_conv_2d_buffer_cbkb myproject_mux_932_8_1_1 myproject_mul_8s_7s_14_1_1 myproject_mux_21_8_1_1 myproject_dense_resource_rf_gt_nin_rem0_ap_fixed_ap_fixed_8_2_5_3_0_config2_mult_s_outidEe myproject_dense_resource_rf_gt_nin_rem0_ap_fixed_ap_fixed_8_2_5_3_0_config2_mult_s_w2_VeOg myproject_flow_control_loop_pipe_no_ap_cont myproject_flow_control_loop_pipe myproject_flow_control_loop_pipe_sequential_init myproject_flow_control_loop_pipe_sequential_init myproject_flow_control_loop_pipe_sequential_init myproject_mux_185_8_1_1 myproject_dense_resource_rf_leq_nin_ap_fixed_ap_fixed_8_2_5_3_0_config4_mult_s_w4_V_ROMjbC myproject_flow_control_loop_pipe_no_ap_cont myproject_regslice_both myproject_fifo_w8_d20172_A myproject_fifo_w16_d19602_A myproject_fifo_w16_d19602_A myproject_fifo_w16_d20172_A myproject_start_for_conv_2d_cl_array_ap_fixed_1u_array_ap_fixed_8_2_5_3_0_2u_config2_U0 myproject_start_for_relu_array_ap_fixed_2u_array_ap_fixed_8_2_5_3_0_2u_relu_config3_U0 myproject_start_for_zeropad2d_cl_array_ap_fixed_2u_array_ap_fixed_8_2_5_3_0_2u_config6_U0 myproject_start_for_conv_2d_cl_array_ap_fixed_2u_array_ap_fixed_8_2_5_3_0_1u_config4_U0 zeropad2d_cl_array_array_ap_fixed_8_2_5_3_0_1u_config5_Pipeline_PadTopWidth zeropad2d_cl_array_array_ap_fixed_8_2_5_3_0_1u_config5_Pipeline_CopyMain zeropad2d_cl_array_array_ap_fixed_1u_config5_Pipeline_PadBottomWidth zeropad2d_cl_array_ap_fixed_1u_array_ap_fixed_8_2_5_3_0_1u_config5_s shift_line_buffer_array_ap_fixed_8_2_5_3_0_1u_config2_s dense_resource_rf_gt_nin_rem0_ap_fixed_ap_fixed_8_2_5_3_0_config2_mult_s compute_output_buffer_2d_array_array_ap_fixed_8_2_5_3_0_2u_config2_s conv_2d_cl_array_ap_fixed_1u_array_ap_fixed_8_2_5_3_0_2u_config2_s relu_array_ap_fixed_2u_array_ap_fixed_8_2_5_3_0_2u_relu_config3_s zeropad2d_cl_array_array_ap_fixed_8_2_5_3_0_2u_config6_Pipeline_PadTopWidth zeropad2d_cl_array_array_ap_fixed_8_2_5_3_0_2u_config6_Pipeline_CopyMain zeropad2d_cl_array_array_ap_fixed_2u_config6_Pipeline_PadBottomWidth zeropad2d_cl_array_ap_fixed_2u_array_ap_fixed_8_2_5_3_0_2u_config6_s shift_line_buffer_array_ap_fixed_8_2_5_3_0_2u_config4_s dense_resource_rf_leq_nin_ap_fixed_ap_fixed_8_2_5_3_0_config4_mult_s compute_output_buffer_2d_array_array_ap_fixed_8_2_5_3_0_1u_config4_s conv_2d_cl_array_ap_fixed_2u_array_ap_fixed_8_2_5_3_0_1u_config4_s myproject
INFO-FLOW: Generating C:/Users/brand/Documents/engs192/zybo-edge-ai/hls/edge_cnn_minimal_hls/myproject_prj/solution1/.autopilot/db/autopilot.rtl.models.txt file...
INFO-FLOW: To file: write model myproject_flow_control_loop_pipe_sequential_init
INFO-FLOW: To file: write model myproject_flow_control_loop_pipe_sequential_init
INFO-FLOW: To file: write model myproject_flow_control_loop_pipe_sequential_init
INFO-FLOW: To file: write model myproject_regslice_both
INFO-FLOW: To file: write model myproject_shift_line_buffer_array_ap_fixed_8_2_5_3_0_1u_config2_s_void_conv_2d_buffer_cbkb
INFO-FLOW: To file: write model myproject_mux_932_8_1_1
INFO-FLOW: To file: write model myproject_mul_8s_7s_14_1_1
INFO-FLOW: To file: write model myproject_mux_21_8_1_1
INFO-FLOW: To file: write model myproject_dense_resource_rf_gt_nin_rem0_ap_fixed_ap_fixed_8_2_5_3_0_config2_mult_s_outidEe
INFO-FLOW: To file: write model myproject_dense_resource_rf_gt_nin_rem0_ap_fixed_ap_fixed_8_2_5_3_0_config2_mult_s_w2_VeOg
INFO-FLOW: To file: write model myproject_flow_control_loop_pipe_no_ap_cont
INFO-FLOW: To file: write model myproject_flow_control_loop_pipe
INFO-FLOW: To file: write model myproject_flow_control_loop_pipe_sequential_init
INFO-FLOW: To file: write model myproject_flow_control_loop_pipe_sequential_init
INFO-FLOW: To file: write model myproject_flow_control_loop_pipe_sequential_init
INFO-FLOW: To file: write model myproject_mux_185_8_1_1
INFO-FLOW: To file: write model myproject_dense_resource_rf_leq_nin_ap_fixed_ap_fixed_8_2_5_3_0_config4_mult_s_w4_V_ROMjbC
INFO-FLOW: To file: write model myproject_flow_control_loop_pipe_no_ap_cont
INFO-FLOW: To file: write model myproject_regslice_both
INFO-FLOW: To file: write model myproject_fifo_w8_d20172_A
INFO-FLOW: To file: write model myproject_fifo_w16_d19602_A
INFO-FLOW: To file: write model myproject_fifo_w16_d19602_A
INFO-FLOW: To file: write model myproject_fifo_w16_d20172_A
INFO-FLOW: To file: write model myproject_start_for_conv_2d_cl_array_ap_fixed_1u_array_ap_fixed_8_2_5_3_0_2u_config2_U0
INFO-FLOW: To file: write model myproject_start_for_relu_array_ap_fixed_2u_array_ap_fixed_8_2_5_3_0_2u_relu_config3_U0
INFO-FLOW: To file: write model myproject_start_for_zeropad2d_cl_array_ap_fixed_2u_array_ap_fixed_8_2_5_3_0_2u_config6_U0
INFO-FLOW: To file: write model myproject_start_for_conv_2d_cl_array_ap_fixed_2u_array_ap_fixed_8_2_5_3_0_1u_config4_U0
INFO-FLOW: To file: write model zeropad2d_cl_array_array_ap_fixed_8_2_5_3_0_1u_config5_Pipeline_PadTopWidth
INFO-FLOW: To file: write model zeropad2d_cl_array_array_ap_fixed_8_2_5_3_0_1u_config5_Pipeline_CopyMain
INFO-FLOW: To file: write model zeropad2d_cl_array_array_ap_fixed_1u_config5_Pipeline_PadBottomWidth
INFO-FLOW: To file: write model zeropad2d_cl_array_ap_fixed_1u_array_ap_fixed_8_2_5_3_0_1u_config5_s
INFO-FLOW: To file: write model shift_line_buffer_array_ap_fixed_8_2_5_3_0_1u_config2_s
INFO-FLOW: To file: write model dense_resource_rf_gt_nin_rem0_ap_fixed_ap_fixed_8_2_5_3_0_config2_mult_s
INFO-FLOW: To file: write model compute_output_buffer_2d_array_array_ap_fixed_8_2_5_3_0_2u_config2_s
INFO-FLOW: To file: write model conv_2d_cl_array_ap_fixed_1u_array_ap_fixed_8_2_5_3_0_2u_config2_s
INFO-FLOW: To file: write model relu_array_ap_fixed_2u_array_ap_fixed_8_2_5_3_0_2u_relu_config3_s
INFO-FLOW: To file: write model zeropad2d_cl_array_array_ap_fixed_8_2_5_3_0_2u_config6_Pipeline_PadTopWidth
INFO-FLOW: To file: write model zeropad2d_cl_array_array_ap_fixed_8_2_5_3_0_2u_config6_Pipeline_CopyMain
INFO-FLOW: To file: write model zeropad2d_cl_array_array_ap_fixed_2u_config6_Pipeline_PadBottomWidth
INFO-FLOW: To file: write model zeropad2d_cl_array_ap_fixed_2u_array_ap_fixed_8_2_5_3_0_2u_config6_s
INFO-FLOW: To file: write model shift_line_buffer_array_ap_fixed_8_2_5_3_0_2u_config4_s
INFO-FLOW: To file: write model dense_resource_rf_leq_nin_ap_fixed_ap_fixed_8_2_5_3_0_config4_mult_s
INFO-FLOW: To file: write model compute_output_buffer_2d_array_array_ap_fixed_8_2_5_3_0_1u_config4_s
INFO-FLOW: To file: write model conv_2d_cl_array_ap_fixed_2u_array_ap_fixed_8_2_5_3_0_1u_config4_s
INFO-FLOW: To file: write model myproject
INFO-FLOW: Generating C:/Users/brand/Documents/engs192/zybo-edge-ai/hls/edge_cnn_minimal_hls/myproject_prj/solution1/.autopilot/db/autopilot.rtl.models.tcl file...
INFO-FLOW: Finished generating RTL model list.


INFO-FLOW: RTL Generation done.
INFO-FLOW: CAS Generation done.
INFO-FLOW: CBC Generation done.
INFO-FLOW: DBG:PROC: ::AESL_AUTOMG::auto_generate_csynth_design
Execute         get_top 
Execute         get_config_export -ipname 
Execute         get_config_export -xo 
Execute         get_config_export -format 
Execute         get_config_rtl -module_auto_prefix 
INFO-FLOW: DBG:PUTS: read_platform_lib C:/Users/brand/Documents/engs192/zybo-edge-ai/hls/edge_cnn_minimal_hls/myproject_prj/solution1/.autopilot/db/global.setting.tcl
Execute         source C:/Xilinx/Vitis_HLS/2021.2/common/technology/generic/autopilot/common.gen 
Execute           source C:/Xilinx/Vitis_HLS/2021.2/common/technology/generic/autopilot/APCoreGen.gen 
Execute         source C:/Xilinx/Vitis_HLS/2021.2/common/technology/generic/autopilot/op.gen 
Execute         source C:/Xilinx/Vitis_HLS/2021.2/common/technology/generic/autopilot/op_simcore.gen 
Execute         source C:/Xilinx/Vitis_HLS/2021.2/common/technology/generic/autopilot/interface.gen 
Execute         source C:/Users/brand/Documents/engs192/zybo-edge-ai/hls/edge_cnn_minimal_hls/myproject_prj/solution1/.autopilot/db/global.setting.tcl 
Execute         source C:/Xilinx/Vitis_HLS/2021.2/common/technology/xilinx/common/xilinx.gen 
Execute           source C:/Xilinx/Vitis_HLS/2021.2/common/technology/xilinx/interface/plb46.gen 
Execute           source C:/Xilinx/Vitis_HLS/2021.2/common/technology/xilinx/interface/axi4.gen 
Execute           source C:/Xilinx/Vitis_HLS/2021.2/common/technology/xilinx/interface/nativeAXI4.gen 
Execute             source C:/Xilinx/Vitis_HLS/2021.2/common/technology/xilinx/interface/saxilite.gen 
Execute             source C:/Xilinx/Vitis_HLS/2021.2/common/technology/xilinx/interface/maxi.gen 
Execute           source C:/Xilinx/Vitis_HLS/2021.2/common/technology/xilinx/scripts/xilinxcoregen.gen 
Execute           source C:/Xilinx/Vitis_HLS/2021.2/common/technology/xilinx/interface/XilEDKCoreGen.gen 
Execute           source C:/Xilinx/Vitis_HLS/2021.2/common/technology/xilinx/ip/dds_compiler.gen 
Execute           source C:/Xilinx/Vitis_HLS/2021.2/common/technology/xilinx/ip/util.gen 
Execute           source C:/Xilinx/Vitis_HLS/2021.2/common/technology/xilinx/ip/xfft.gen 
Execute           source C:/Xilinx/Vitis_HLS/2021.2/common/technology/xilinx/ip/xfir.gen 
Execute           source C:/Xilinx/Vitis_HLS/2021.2/common/technology/xilinx/DSP48/dsp48.gen 
Command         ap_source done; 0.126 sec.
INFO-FLOW: DBG:PUTS:   using AESL_AUTOCG::g_clock_period=10.000 (was NA)
INFO-FLOW: DBG:PROC: ::AESL_AUTOMG::generate_ip_cores gen_sim_model='1' gen_fp_models='0' gen_for_export='0' dstSCDir='' dstVhdlDir='C:/Users/brand/Documents/engs192/zybo-edge-ai/hls/edge_cnn_minimal_hls/myproject_prj/solution1/.autopilot/db/vhdl' dstVlogDir='C:/Users/brand/Documents/engs192/zybo-edge-ai/hls/edge_cnn_minimal_hls/myproject_prj/solution1/.autopilot/db/vlog' tclDir='C:/Users/brand/Documents/engs192/zybo-edge-ai/hls/edge_cnn_minimal_hls/myproject_prj/solution1/.autopilot/db' modelList='myproject_flow_control_loop_pipe_sequential_init
myproject_flow_control_loop_pipe_sequential_init
myproject_flow_control_loop_pipe_sequential_init
myproject_regslice_both
myproject_shift_line_buffer_array_ap_fixed_8_2_5_3_0_1u_config2_s_void_conv_2d_buffer_cbkb
myproject_mux_932_8_1_1
myproject_mul_8s_7s_14_1_1
myproject_mux_21_8_1_1
myproject_dense_resource_rf_gt_nin_rem0_ap_fixed_ap_fixed_8_2_5_3_0_config2_mult_s_outidEe
myproject_dense_resource_rf_gt_nin_rem0_ap_fixed_ap_fixed_8_2_5_3_0_config2_mult_s_w2_VeOg
myproject_flow_control_loop_pipe_no_ap_cont
myproject_flow_control_loop_pipe
myproject_flow_control_loop_pipe_sequential_init
myproject_flow_control_loop_pipe_sequential_init
myproject_flow_control_loop_pipe_sequential_init
myproject_mux_185_8_1_1
myproject_dense_resource_rf_leq_nin_ap_fixed_ap_fixed_8_2_5_3_0_config4_mult_s_w4_V_ROMjbC
myproject_flow_control_loop_pipe_no_ap_cont
myproject_regslice_both
myproject_fifo_w8_d20172_A
myproject_fifo_w16_d19602_A
myproject_fifo_w16_d19602_A
myproject_fifo_w16_d20172_A
myproject_start_for_conv_2d_cl_array_ap_fixed_1u_array_ap_fixed_8_2_5_3_0_2u_config2_U0
myproject_start_for_relu_array_ap_fixed_2u_array_ap_fixed_8_2_5_3_0_2u_relu_config3_U0
myproject_start_for_zeropad2d_cl_array_ap_fixed_2u_array_ap_fixed_8_2_5_3_0_2u_config6_U0
myproject_start_for_conv_2d_cl_array_ap_fixed_2u_array_ap_fixed_8_2_5_3_0_1u_config4_U0
zeropad2d_cl_array_array_ap_fixed_8_2_5_3_0_1u_config5_Pipeline_PadTopWidth
zeropad2d_cl_array_array_ap_fixed_8_2_5_3_0_1u_config5_Pipeline_CopyMain
zeropad2d_cl_array_array_ap_fixed_1u_config5_Pipeline_PadBottomWidth
zeropad2d_cl_array_ap_fixed_1u_array_ap_fixed_8_2_5_3_0_1u_config5_s
shift_line_buffer_array_ap_fixed_8_2_5_3_0_1u_config2_s
dense_resource_rf_gt_nin_rem0_ap_fixed_ap_fixed_8_2_5_3_0_config2_mult_s
compute_output_buffer_2d_array_array_ap_fixed_8_2_5_3_0_2u_config2_s
conv_2d_cl_array_ap_fixed_1u_array_ap_fixed_8_2_5_3_0_2u_config2_s
relu_array_ap_fixed_2u_array_ap_fixed_8_2_5_3_0_2u_relu_config3_s
zeropad2d_cl_array_array_ap_fixed_8_2_5_3_0_2u_config6_Pipeline_PadTopWidth
zeropad2d_cl_array_array_ap_fixed_8_2_5_3_0_2u_config6_Pipeline_CopyMain
zeropad2d_cl_array_array_ap_fixed_2u_config6_Pipeline_PadBottomWidth
zeropad2d_cl_array_ap_fixed_2u_array_ap_fixed_8_2_5_3_0_2u_config6_s
shift_line_buffer_array_ap_fixed_8_2_5_3_0_2u_config4_s
dense_resource_rf_leq_nin_ap_fixed_ap_fixed_8_2_5_3_0_config4_mult_s
compute_output_buffer_2d_array_array_ap_fixed_8_2_5_3_0_1u_config4_s
conv_2d_cl_array_ap_fixed_2u_array_ap_fixed_8_2_5_3_0_1u_config4_s
myproject
' expOnly='0'
Execute         source C:/Users/brand/Documents/engs192/zybo-edge-ai/hls/edge_cnn_minimal_hls/myproject_prj/solution1/.autopilot/db/global.setting.tcl 
Execute         ap_part_info -name xc7z020-clg400-1 -data names -quiet 
Execute         ap_part_info -name xc7z020-clg400-1 -data info -quiet 
Execute         source C:/Users/brand/Documents/engs192/zybo-edge-ai/hls/edge_cnn_minimal_hls/myproject_prj/solution1/.autopilot/db/global.setting.tcl 
Execute         source C:/Users/brand/Documents/engs192/zybo-edge-ai/hls/edge_cnn_minimal_hls/myproject_prj/solution1/.autopilot/db/global.setting.tcl 
Execute         source C:/Users/brand/Documents/engs192/zybo-edge-ai/hls/edge_cnn_minimal_hls/myproject_prj/solution1/.autopilot/db/zeropad2d_cl_array_array_ap_fixed_8_2_5_3_0_1u_config5_Pipeline_PadTopWidth.compgen.tcl 
Execute         source C:/Users/brand/Documents/engs192/zybo-edge-ai/hls/edge_cnn_minimal_hls/myproject_prj/solution1/.autopilot/db/zeropad2d_cl_array_array_ap_fixed_8_2_5_3_0_1u_config5_Pipeline_CopyMain.compgen.tcl 
Execute         source C:/Users/brand/Documents/engs192/zybo-edge-ai/hls/edge_cnn_minimal_hls/myproject_prj/solution1/.autopilot/db/zeropad2d_cl_array_array_ap_fixed_1u_config5_Pipeline_PadBottomWidth.compgen.tcl 
Execute         source C:/Users/brand/Documents/engs192/zybo-edge-ai/hls/edge_cnn_minimal_hls/myproject_prj/solution1/.autopilot/db/zeropad2d_cl_array_ap_fixed_1u_array_ap_fixed_8_2_5_3_0_1u_config5_s.compgen.tcl 
Execute         source C:/Users/brand/Documents/engs192/zybo-edge-ai/hls/edge_cnn_minimal_hls/myproject_prj/solution1/.autopilot/db/shift_line_buffer_array_ap_fixed_8_2_5_3_0_1u_config2_s.compgen.tcl 
Execute         source C:/Users/brand/Documents/engs192/zybo-edge-ai/hls/edge_cnn_minimal_hls/myproject_prj/solution1/.autopilot/db/dense_resource_rf_gt_nin_rem0_ap_fixed_ap_fixed_8_2_5_3_0_config2_mult_s.compgen.tcl 
Execute           ap_part_info -name xc7z020-clg400-1 -data names -quiet 
Execute           ap_part_info -name xc7z020-clg400-1 -data info -quiet 
Execute           ap_part_info -name xc7z020-clg400-1 -data names -quiet 
Execute           ap_part_info -name xc7z020-clg400-1 -data info -quiet 
Execute           ap_part_info -name xc7z020-clg400-1 -data names -quiet 
Execute           ap_part_info -name xc7z020-clg400-1 -data info -quiet 
INFO: [RTMG 210-279] Implementing memory 'myproject_dense_resource_rf_gt_nin_rem0_ap_fixed_ap_fixed_8_2_5_3_0_config2_mult_s_outidEe' using auto ROMs.
Execute           ap_part_info -name xc7z020-clg400-1 -data names -quiet 
Execute           ap_part_info -name xc7z020-clg400-1 -data info -quiet 
Execute           ap_part_info -name xc7z020-clg400-1 -data names -quiet 
Execute           ap_part_info -name xc7z020-clg400-1 -data info -quiet 
Execute           ap_part_info -name xc7z020-clg400-1 -data names -quiet 
Execute           ap_part_info -name xc7z020-clg400-1 -data info -quiet 
INFO: [RTMG 210-279] Implementing memory 'myproject_dense_resource_rf_gt_nin_rem0_ap_fixed_ap_fixed_8_2_5_3_0_config2_mult_s_w2_VeOg' using block ROMs.
Execute           ap_part_info -name xc7z020-clg400-1 -data names -quiet 
Execute           ap_part_info -name xc7z020-clg400-1 -data info -quiet 
Execute           ap_part_info -name xc7z020-clg400-1 -data names -quiet 
Execute           ap_part_info -name xc7z020-clg400-1 -data info -quiet 
Command         ap_source done; 0.46 sec.
Execute         source C:/Users/brand/Documents/engs192/zybo-edge-ai/hls/edge_cnn_minimal_hls/myproject_prj/solution1/.autopilot/db/compute_output_buffer_2d_array_array_ap_fixed_8_2_5_3_0_2u_config2_s.compgen.tcl 
Execute         source C:/Users/brand/Documents/engs192/zybo-edge-ai/hls/edge_cnn_minimal_hls/myproject_prj/solution1/.autopilot/db/conv_2d_cl_array_ap_fixed_1u_array_ap_fixed_8_2_5_3_0_2u_config2_s.compgen.tcl 
Execute         source C:/Users/brand/Documents/engs192/zybo-edge-ai/hls/edge_cnn_minimal_hls/myproject_prj/solution1/.autopilot/db/relu_array_ap_fixed_2u_array_ap_fixed_8_2_5_3_0_2u_relu_config3_s.compgen.tcl 
Execute         source C:/Users/brand/Documents/engs192/zybo-edge-ai/hls/edge_cnn_minimal_hls/myproject_prj/solution1/.autopilot/db/zeropad2d_cl_array_array_ap_fixed_8_2_5_3_0_2u_config6_Pipeline_PadTopWidth.compgen.tcl 
Execute         source C:/Users/brand/Documents/engs192/zybo-edge-ai/hls/edge_cnn_minimal_hls/myproject_prj/solution1/.autopilot/db/zeropad2d_cl_array_array_ap_fixed_8_2_5_3_0_2u_config6_Pipeline_CopyMain.compgen.tcl 
Execute         source C:/Users/brand/Documents/engs192/zybo-edge-ai/hls/edge_cnn_minimal_hls/myproject_prj/solution1/.autopilot/db/zeropad2d_cl_array_array_ap_fixed_2u_config6_Pipeline_PadBottomWidth.compgen.tcl 
Execute         source C:/Users/brand/Documents/engs192/zybo-edge-ai/hls/edge_cnn_minimal_hls/myproject_prj/solution1/.autopilot/db/zeropad2d_cl_array_ap_fixed_2u_array_ap_fixed_8_2_5_3_0_2u_config6_s.compgen.tcl 
Execute         source C:/Users/brand/Documents/engs192/zybo-edge-ai/hls/edge_cnn_minimal_hls/myproject_prj/solution1/.autopilot/db/shift_line_buffer_array_ap_fixed_8_2_5_3_0_2u_config4_s.compgen.tcl 
Execute         source C:/Users/brand/Documents/engs192/zybo-edge-ai/hls/edge_cnn_minimal_hls/myproject_prj/solution1/.autopilot/db/dense_resource_rf_leq_nin_ap_fixed_ap_fixed_8_2_5_3_0_config4_mult_s.compgen.tcl 
Execute           ap_part_info -name xc7z020-clg400-1 -data names -quiet 
Execute           ap_part_info -name xc7z020-clg400-1 -data info -quiet 
Execute           ap_part_info -name xc7z020-clg400-1 -data names -quiet 
Execute           ap_part_info -name xc7z020-clg400-1 -data info -quiet 
INFO: [RTMG 210-279] Implementing memory 'myproject_dense_resource_rf_leq_nin_ap_fixed_ap_fixed_8_2_5_3_0_config4_mult_s_w4_V_ROMjbC' using block ROMs.
Execute           ap_part_info -name xc7z020-clg400-1 -data names -quiet 
Execute           ap_part_info -name xc7z020-clg400-1 -data info -quiet 
Execute           ap_part_info -name xc7z020-clg400-1 -data names -quiet 
Execute           ap_part_info -name xc7z020-clg400-1 -data info -quiet 
Command         ap_source done; 0.141 sec.
Execute         source C:/Users/brand/Documents/engs192/zybo-edge-ai/hls/edge_cnn_minimal_hls/myproject_prj/solution1/.autopilot/db/compute_output_buffer_2d_array_array_ap_fixed_8_2_5_3_0_1u_config4_s.compgen.tcl 
Execute         source C:/Users/brand/Documents/engs192/zybo-edge-ai/hls/edge_cnn_minimal_hls/myproject_prj/solution1/.autopilot/db/conv_2d_cl_array_ap_fixed_2u_array_ap_fixed_8_2_5_3_0_1u_config4_s.compgen.tcl 
Execute         source C:/Users/brand/Documents/engs192/zybo-edge-ai/hls/edge_cnn_minimal_hls/myproject_prj/solution1/.autopilot/db/myproject.compgen.tcl 
Execute           ap_part_info -name xc7z020-clg400-1 -data names -quiet 
Execute           ap_part_info -name xc7z020-clg400-1 -data info -quiet 
INFO: [RTMG 210-285] Implementing FIFO 'layer5_out_U(myproject_fifo_w8_d20172_A)' using Vivado Default RAMs.
Execute           ap_part_info -name xc7z020-clg400-1 -data names -quiet 
Execute           ap_part_info -name xc7z020-clg400-1 -data info -quiet 
INFO: [RTMG 210-285] Implementing FIFO 'layer2_out_U(myproject_fifo_w16_d19602_A)' using Vivado Default RAMs.
Execute           ap_part_info -name xc7z020-clg400-1 -data names -quiet 
Execute           ap_part_info -name xc7z020-clg400-1 -data info -quiet 
INFO: [RTMG 210-285] Implementing FIFO 'layer3_out_U(myproject_fifo_w16_d19602_A)' using Vivado Default RAMs.
Execute           ap_part_info -name xc7z020-clg400-1 -data names -quiet 
Execute           ap_part_info -name xc7z020-clg400-1 -data info -quiet 
INFO: [RTMG 210-285] Implementing FIFO 'layer6_out_U(myproject_fifo_w16_d20172_A)' using Vivado Default RAMs.
Execute           ap_part_info -name xc7z020-clg400-1 -data names -quiet 
Execute           ap_part_info -name xc7z020-clg400-1 -data info -quiet 
INFO: [RTMG 210-285] Implementing FIFO 'start_for_conv_2d_cl_array_ap_fixed_1u_array_ap_fixed_8_2_5_3_0_2u_config2_U0_U(myproject_start_for_conv_2d_cl_array_ap_fixed_1u_array_ap_fixed_8_2_5_3_0_2u_config2_U0)' using Shift Registers.
Execute           ap_part_info -name xc7z020-clg400-1 -data names -quiet 
Execute           ap_part_info -name xc7z020-clg400-1 -data info -quiet 
INFO: [RTMG 210-285] Implementing FIFO 'start_for_relu_array_ap_fixed_2u_array_ap_fixed_8_2_5_3_0_2u_relu_config3_U0_U(myproject_start_for_relu_array_ap_fixed_2u_array_ap_fixed_8_2_5_3_0_2u_relu_config3_U0)' using Shift Registers.
Execute           ap_part_info -name xc7z020-clg400-1 -data names -quiet 
Execute           ap_part_info -name xc7z020-clg400-1 -data info -quiet 
INFO: [RTMG 210-285] Implementing FIFO 'start_for_zeropad2d_cl_array_ap_fixed_2u_array_ap_fixed_8_2_5_3_0_2u_config6_U0_U(myproject_start_for_zeropad2d_cl_array_ap_fixed_2u_array_ap_fixed_8_2_5_3_0_2u_config6_U0)' using Shift Registers.
Execute           ap_part_info -name xc7z020-clg400-1 -data names -quiet 
Execute           ap_part_info -name xc7z020-clg400-1 -data info -quiet 
INFO: [RTMG 210-285] Implementing FIFO 'start_for_conv_2d_cl_array_ap_fixed_2u_array_ap_fixed_8_2_5_3_0_1u_config4_U0_U(myproject_start_for_conv_2d_cl_array_ap_fixed_2u_array_ap_fixed_8_2_5_3_0_1u_config4_U0)' using Shift Registers.
Command         ap_source done; 0.468 sec.
INFO: [HLS 200-111] Finished Generating all RTL models: CPU user time: 1 seconds. CPU system time: 1 seconds. Elapsed time: 2.4 seconds; current allocated memory: 1.166 GB.
INFO-FLOW: DBG:PROC: ::AP::create_csynth_xml bind_adapter_nodes_var='bind_adapter_nodes' bind_report_dict_var='bind_report_dict' outfile=''
INFO-FLOW: Running: create_csynth_xml read xml data
INFO-FLOW: Done: create_csynth_xml read xml data time: 0 seconds per iteration
INFO-FLOW: Running: create_csynth_xml bind info
INFO-FLOW: Done: create_csynth_xml bind info time: 0 seconds per iteration
INFO-FLOW: Running: create_csynth_xml config info
Execute         get_config_op mul -impl 
Execute         get_config_op mul -latency 
Execute         get_config_op mul -precision 
Execute         get_config_op add -impl 
Execute         get_config_op add -latency 
Execute         get_config_op add -precision 
Execute         get_config_op sub -impl 
Execute         get_config_op sub -latency 
Execute         get_config_op sub -precision 
Execute         get_config_op fadd -impl 
Execute         get_config_op fadd -latency 
Execute         get_config_op fadd -precision 
Execute         get_config_op fsub -impl 
Execute         get_config_op fsub -latency 
Execute         get_config_op fsub -precision 
Execute         get_config_op fdiv -impl 
Execute         get_config_op fdiv -latency 
Execute         get_config_op fdiv -precision 
Execute         get_config_op fexp -impl 
Execute         get_config_op fexp -latency 
Execute         get_config_op fexp -precision 
Execute         get_config_op flog -impl 
Execute         get_config_op flog -latency 
Execute         get_config_op flog -precision 
Execute         get_config_op fmul -impl 
Execute         get_config_op fmul -latency 
Execute         get_config_op fmul -precision 
Execute         get_config_op frsqrt -impl 
Execute         get_config_op frsqrt -latency 
Execute         get_config_op frsqrt -precision 
Execute         get_config_op frecip -impl 
Execute         get_config_op frecip -latency 
Execute         get_config_op frecip -precision 
Execute         get_config_op fsqrt -impl 
Execute         get_config_op fsqrt -latency 
Execute         get_config_op fsqrt -precision 
Execute         get_config_op dadd -impl 
Execute         get_config_op dadd -latency 
Execute         get_config_op dadd -precision 
Execute         get_config_op dsub -impl 
Execute         get_config_op dsub -latency 
Execute         get_config_op dsub -precision 
Execute         get_config_op ddiv -impl 
Execute         get_config_op ddiv -latency 
Execute         get_config_op ddiv -precision 
Execute         get_config_op dexp -impl 
Execute         get_config_op dexp -latency 
Execute         get_config_op dexp -precision 
Execute         get_config_op dlog -impl 
Execute         get_config_op dlog -latency 
Execute         get_config_op dlog -precision 
Execute         get_config_op dmul -impl 
Execute         get_config_op dmul -latency 
Execute         get_config_op dmul -precision 
Execute         get_config_op drsqrt -impl 
Execute         get_config_op drsqrt -latency 
Execute         get_config_op drsqrt -precision 
Execute         get_config_op drecip -impl 
Execute         get_config_op drecip -latency 
Execute         get_config_op drecip -precision 
Execute         get_config_op dsqrt -impl 
Execute         get_config_op dsqrt -latency 
Execute         get_config_op dsqrt -precision 
Execute         get_config_op hadd -impl 
Execute         get_config_op hadd -latency 
Execute         get_config_op hadd -precision 
Execute         get_config_op hsub -impl 
Execute         get_config_op hsub -latency 
Execute         get_config_op hsub -precision 
Execute         get_config_op hdiv -impl 
Execute         get_config_op hdiv -latency 
Execute         get_config_op hdiv -precision 
Execute         get_config_op hmul -impl 
Execute         get_config_op hmul -latency 
Execute         get_config_op hmul -precision 
Execute         get_config_op hsqrt -impl 
Execute         get_config_op hsqrt -latency 
Execute         get_config_op hsqrt -precision 
Execute         get_config_op facc -impl 
Execute         get_config_op facc -latency 
Execute         get_config_op facc -precision 
Execute         get_config_op fmacc -impl 
Execute         get_config_op fmacc -latency 
Execute         get_config_op fmacc -precision 
Execute         get_config_op fmadd -impl 
Execute         get_config_op fmadd -latency 
Execute         get_config_op fmadd -precision 
Execute         get_config_storage fifo -auto_srl_max_bits 
Execute         get_config_storage fifo -auto_srl_max_depth 
Execute         get_config_storage fifo -impl 
Execute         get_solution -flow_target 
Execute         get_config_array_partition -complete_threshold 
Execute         get_config_array_partition -throughput_driven 
Execute         get_config_compile -enable_auto_rewind 
Execute         get_config_compile -name_max_length 
Execute         get_config_compile -no_signed_zeros 
Execute         get_config_compile -pipeline_loops 
Execute         get_config_compile -pipeline_style 
Execute         get_config_compile -pragma_strict_mode 
Execute         get_config_compile -pre_tcl 
Execute         get_config_compile -unsafe_math_optimizations 
Execute         get_config_dataflow -default_channel 
Execute         get_config_dataflow -disable_fifo_sizing_opt 
Execute         get_config_dataflow -fifo_depth 
Execute         get_config_dataflow -override_user_fifo_depth 
Execute         get_config_dataflow -scalar_fifo_depth 
Execute         get_config_dataflow -start_fifo_depth 
Execute         get_config_dataflow -strict_mode 
Execute         get_config_dataflow -strict_stable_sync 
Execute         get_config_dataflow -task_level_fifo_depth 
Execute         get_config_debug -directory 
Execute         get_config_debug -enable 
Execute         get_config_export -deadlock_detection 
Execute         get_config_export -description 
Execute         get_config_export -display_name 
Execute         get_config_export -format 
Execute         get_config_export -ip_xdc_file 
Execute         get_config_export -ip_xdc_ooc_file 
Execute         get_config_export -ipname 
Execute         get_config_export -library 
Execute         get_config_export -output 
Execute         get_config_export -rtl 
Execute         get_config_export -taxonomy 
Execute         get_config_export -vendor 
Execute         get_config_export -version 
Execute         get_config_export -vivado_clock 
Execute         get_config_export -vivado_impl_strategy 
Execute         get_config_export -vivado_max_timing_paths 
Execute         get_config_export -vivado_optimization_level 
Execute         get_config_export -vivado_pblock 
Execute         get_config_export -vivado_phys_opt 
Execute         get_config_export -vivado_report_level 
Execute         get_config_export -vivado_synth_design_args 
Execute         get_config_export -vivado_synth_strategy 
Execute         get_config_interface -clock_enable 
Execute         get_config_interface -default_slave_interface 
Execute         get_config_interface -m_axi_addr64 
Execute         get_config_interface -m_axi_alignment_byte_size 
Execute         get_config_interface -m_axi_auto_max_ports 
Execute         get_config_interface -m_axi_buffer_impl 
Execute         get_config_interface -m_axi_conservative_mode 
Execute         get_config_interface -m_axi_flush_mode 
Execute         get_config_interface -m_axi_latency 
Execute         get_config_interface -m_axi_max_bitwidth 
Execute         get_config_interface -m_axi_max_read_burst_length 
Execute         get_config_interface -m_axi_max_widen_bitwidth 
Execute         get_config_interface -m_axi_max_write_burst_length 
Execute         get_config_interface -m_axi_min_bitwidth 
Execute         get_config_interface -m_axi_num_read_outstanding 
Execute         get_config_interface -m_axi_num_write_outstanding 
Execute         get_config_interface -m_axi_offset 
Execute         get_config_interface -register_io 
Execute         get_config_interface -s_axilite_data64 
Execute         get_config_interface -s_axilite_mailbox 
Execute         get_config_interface -s_axilite_status_regs 
Execute         get_config_interface -s_axilite_sw_reset 
Execute         get_config_rtl -header 
Execute         get_config_rtl -kernel_profile 
Execute         get_config_rtl -module_auto_prefix 
Execute         get_config_rtl -module_prefix 
Execute         get_config_rtl -mult_keep_attribute 
Execute         get_config_rtl -register_all_io 
Execute         get_config_rtl -register_reset_num 
Execute         get_config_rtl -reset 
Execute         get_config_rtl -reset_async 
Execute         get_config_rtl -reset_level 
Execute         get_config_schedule -enable_dsp_full_reg 
Execute         get_config_unroll -tripcount_threshold 
INFO-FLOW: Done: create_csynth_xml config info time: 0.2 seconds per iteration
INFO-FLOW: Running: create_csynth_xml write xml
INFO-FLOW: Done: create_csynth_xml write xml time: 0 seconds per iteration
INFO-FLOW: DBG:PUTS:       create_csynth_xml wrote csynth_xml=C:/Users/brand/Documents/engs192/zybo-edge-ai/hls/edge_cnn_minimal_hls/myproject_prj/solution1/syn/report/csynth.xml
INFO-FLOW: DBG:PROC: ::AP::DESIGN_DATA::generate_json generate_bd_files='0' generate_xo_files='0' modelList='myproject_flow_control_loop_pipe_sequential_init
myproject_flow_control_loop_pipe_sequential_init
myproject_flow_control_loop_pipe_sequential_init
myproject_regslice_both
myproject_shift_line_buffer_array_ap_fixed_8_2_5_3_0_1u_config2_s_void_conv_2d_buffer_cbkb
myproject_mux_932_8_1_1
myproject_mul_8s_7s_14_1_1
myproject_mux_21_8_1_1
myproject_dense_resource_rf_gt_nin_rem0_ap_fixed_ap_fixed_8_2_5_3_0_config2_mult_s_outidEe
myproject_dense_resource_rf_gt_nin_rem0_ap_fixed_ap_fixed_8_2_5_3_0_config2_mult_s_w2_VeOg
myproject_flow_control_loop_pipe_no_ap_cont
myproject_flow_control_loop_pipe
myproject_flow_control_loop_pipe_sequential_init
myproject_flow_control_loop_pipe_sequential_init
myproject_flow_control_loop_pipe_sequential_init
myproject_mux_185_8_1_1
myproject_dense_resource_rf_leq_nin_ap_fixed_ap_fixed_8_2_5_3_0_config4_mult_s_w4_V_ROMjbC
myproject_flow_control_loop_pipe_no_ap_cont
myproject_regslice_both
myproject_fifo_w8_d20172_A
myproject_fifo_w16_d19602_A
myproject_fifo_w16_d19602_A
myproject_fifo_w16_d20172_A
myproject_start_for_conv_2d_cl_array_ap_fixed_1u_array_ap_fixed_8_2_5_3_0_2u_config2_U0
myproject_start_for_relu_array_ap_fixed_2u_array_ap_fixed_8_2_5_3_0_2u_relu_config3_U0
myproject_start_for_zeropad2d_cl_array_ap_fixed_2u_array_ap_fixed_8_2_5_3_0_2u_config6_U0
myproject_start_for_conv_2d_cl_array_ap_fixed_2u_array_ap_fixed_8_2_5_3_0_1u_config4_U0
zeropad2d_cl_array_array_ap_fixed_8_2_5_3_0_1u_config5_Pipeline_PadTopWidth
zeropad2d_cl_array_array_ap_fixed_8_2_5_3_0_1u_config5_Pipeline_CopyMain
zeropad2d_cl_array_array_ap_fixed_1u_config5_Pipeline_PadBottomWidth
zeropad2d_cl_array_ap_fixed_1u_array_ap_fixed_8_2_5_3_0_1u_config5_s
shift_line_buffer_array_ap_fixed_8_2_5_3_0_1u_config2_s
dense_resource_rf_gt_nin_rem0_ap_fixed_ap_fixed_8_2_5_3_0_config2_mult_s
compute_output_buffer_2d_array_array_ap_fixed_8_2_5_3_0_2u_config2_s
conv_2d_cl_array_ap_fixed_1u_array_ap_fixed_8_2_5_3_0_2u_config2_s
relu_array_ap_fixed_2u_array_ap_fixed_8_2_5_3_0_2u_relu_config3_s
zeropad2d_cl_array_array_ap_fixed_8_2_5_3_0_2u_config6_Pipeline_PadTopWidth
zeropad2d_cl_array_array_ap_fixed_8_2_5_3_0_2u_config6_Pipeline_CopyMain
zeropad2d_cl_array_array_ap_fixed_2u_config6_Pipeline_PadBottomWidth
zeropad2d_cl_array_ap_fixed_2u_array_ap_fixed_8_2_5_3_0_2u_config6_s
shift_line_buffer_array_ap_fixed_8_2_5_3_0_2u_config4_s
dense_resource_rf_leq_nin_ap_fixed_ap_fixed_8_2_5_3_0_config4_mult_s
compute_output_buffer_2d_array_array_ap_fixed_8_2_5_3_0_1u_config4_s
conv_2d_cl_array_ap_fixed_2u_array_ap_fixed_8_2_5_3_0_1u_config4_s
myproject
' rtl_lang='both' bootstrap_tcl='false' outdir='' outfilename=''
Execute         source C:/Users/brand/Documents/engs192/zybo-edge-ai/hls/edge_cnn_minimal_hls/myproject_prj/solution1/.autopilot/db/global.setting.tcl 
Execute         source C:/Users/brand/Documents/engs192/zybo-edge-ai/hls/edge_cnn_minimal_hls/myproject_prj/solution1/.autopilot/db/global.setting.tcl 
Execute         get_solution -flow_target 
Execute         get_config_export -xo 
Execute         get_config_export -format 
Execute         source C:/Users/brand/Documents/engs192/zybo-edge-ai/hls/edge_cnn_minimal_hls/myproject_prj/solution1/.autopilot/db/top-io-be.tcl 
Execute         source C:/Users/brand/Documents/engs192/zybo-edge-ai/hls/edge_cnn_minimal_hls/myproject_prj/solution1/.autopilot/db/myproject.tbgen.tcl 
Execute         source C:/Users/brand/Documents/engs192/zybo-edge-ai/hls/edge_cnn_minimal_hls/myproject_prj/solution1/.autopilot/db/myproject.rtl_wrap.cfg.tcl 
Execute         source C:/Users/brand/Documents/engs192/zybo-edge-ai/hls/edge_cnn_minimal_hls/myproject_prj/solution1/.autopilot/db/myproject.compgen.dataonly.tcl 
Execute         get_config_export -format 
Execute         ap_part_info -name xc7z020-clg400-1 -data names -quiet 
Execute         ap_part_info -name xc7z020-clg400-1 -data info -quiet 
Execute         source C:/Users/brand/Documents/engs192/zybo-edge-ai/hls/edge_cnn_minimal_hls/myproject_prj/solution1/.autopilot/db/zeropad2d_cl_array_array_ap_fixed_8_2_5_3_0_1u_config5_Pipeline_PadTopWidth.tbgen.tcl 
Execute         source C:/Users/brand/Documents/engs192/zybo-edge-ai/hls/edge_cnn_minimal_hls/myproject_prj/solution1/.autopilot/db/zeropad2d_cl_array_array_ap_fixed_8_2_5_3_0_1u_config5_Pipeline_CopyMain.tbgen.tcl 
Execute         source C:/Users/brand/Documents/engs192/zybo-edge-ai/hls/edge_cnn_minimal_hls/myproject_prj/solution1/.autopilot/db/zeropad2d_cl_array_array_ap_fixed_1u_config5_Pipeline_PadBottomWidth.tbgen.tcl 
Execute         source C:/Users/brand/Documents/engs192/zybo-edge-ai/hls/edge_cnn_minimal_hls/myproject_prj/solution1/.autopilot/db/zeropad2d_cl_array_ap_fixed_1u_array_ap_fixed_8_2_5_3_0_1u_config5_s.tbgen.tcl 
Execute         source C:/Users/brand/Documents/engs192/zybo-edge-ai/hls/edge_cnn_minimal_hls/myproject_prj/solution1/.autopilot/db/shift_line_buffer_array_ap_fixed_8_2_5_3_0_1u_config2_s.tbgen.tcl 
Execute         source C:/Users/brand/Documents/engs192/zybo-edge-ai/hls/edge_cnn_minimal_hls/myproject_prj/solution1/.autopilot/db/dense_resource_rf_gt_nin_rem0_ap_fixed_ap_fixed_8_2_5_3_0_config2_mult_s.tbgen.tcl 
Execute         source C:/Users/brand/Documents/engs192/zybo-edge-ai/hls/edge_cnn_minimal_hls/myproject_prj/solution1/.autopilot/db/compute_output_buffer_2d_array_array_ap_fixed_8_2_5_3_0_2u_config2_s.tbgen.tcl 
Execute         source C:/Users/brand/Documents/engs192/zybo-edge-ai/hls/edge_cnn_minimal_hls/myproject_prj/solution1/.autopilot/db/conv_2d_cl_array_ap_fixed_1u_array_ap_fixed_8_2_5_3_0_2u_config2_s.tbgen.tcl 
Execute         source C:/Users/brand/Documents/engs192/zybo-edge-ai/hls/edge_cnn_minimal_hls/myproject_prj/solution1/.autopilot/db/relu_array_ap_fixed_2u_array_ap_fixed_8_2_5_3_0_2u_relu_config3_s.tbgen.tcl 
Execute         source C:/Users/brand/Documents/engs192/zybo-edge-ai/hls/edge_cnn_minimal_hls/myproject_prj/solution1/.autopilot/db/zeropad2d_cl_array_array_ap_fixed_8_2_5_3_0_2u_config6_Pipeline_PadTopWidth.tbgen.tcl 
Execute         source C:/Users/brand/Documents/engs192/zybo-edge-ai/hls/edge_cnn_minimal_hls/myproject_prj/solution1/.autopilot/db/zeropad2d_cl_array_array_ap_fixed_8_2_5_3_0_2u_config6_Pipeline_CopyMain.tbgen.tcl 
Execute         source C:/Users/brand/Documents/engs192/zybo-edge-ai/hls/edge_cnn_minimal_hls/myproject_prj/solution1/.autopilot/db/zeropad2d_cl_array_array_ap_fixed_2u_config6_Pipeline_PadBottomWidth.tbgen.tcl 
Execute         source C:/Users/brand/Documents/engs192/zybo-edge-ai/hls/edge_cnn_minimal_hls/myproject_prj/solution1/.autopilot/db/zeropad2d_cl_array_ap_fixed_2u_array_ap_fixed_8_2_5_3_0_2u_config6_s.tbgen.tcl 
Execute         source C:/Users/brand/Documents/engs192/zybo-edge-ai/hls/edge_cnn_minimal_hls/myproject_prj/solution1/.autopilot/db/shift_line_buffer_array_ap_fixed_8_2_5_3_0_2u_config4_s.tbgen.tcl 
Execute         source C:/Users/brand/Documents/engs192/zybo-edge-ai/hls/edge_cnn_minimal_hls/myproject_prj/solution1/.autopilot/db/dense_resource_rf_leq_nin_ap_fixed_ap_fixed_8_2_5_3_0_config4_mult_s.tbgen.tcl 
Execute         source C:/Users/brand/Documents/engs192/zybo-edge-ai/hls/edge_cnn_minimal_hls/myproject_prj/solution1/.autopilot/db/compute_output_buffer_2d_array_array_ap_fixed_8_2_5_3_0_1u_config4_s.tbgen.tcl 
Execute         source C:/Users/brand/Documents/engs192/zybo-edge-ai/hls/edge_cnn_minimal_hls/myproject_prj/solution1/.autopilot/db/conv_2d_cl_array_ap_fixed_2u_array_ap_fixed_8_2_5_3_0_1u_config4_s.tbgen.tcl 
Execute         source C:/Users/brand/Documents/engs192/zybo-edge-ai/hls/edge_cnn_minimal_hls/myproject_prj/solution1/.autopilot/db/myproject.tbgen.tcl 
Execute         source C:/Users/brand/Documents/engs192/zybo-edge-ai/hls/edge_cnn_minimal_hls/myproject_prj/solution1/.autopilot/db/global.setting.tcl 
Execute         ap_part_info -name xc7z020-clg400-1 -data names -quiet 
Execute         ap_part_info -name xc7z020-clg400-1 -data info -quiet 
Execute         get_solution -flow_target 
Execute         get_config_rtl -kernel_profile 
Execute         get_config_rtl -kernel_profile 
Execute         get_config_rtl -stall_sig_gen 
Execute         get_config_rtl -profile 
Execute         source C:/Users/brand/Documents/engs192/zybo-edge-ai/hls/edge_cnn_minimal_hls/myproject_prj/solution1/.autopilot/db/myproject.constraint.tcl 
Execute         sc_get_clocks myproject 
Execute         source C:/Users/brand/Documents/engs192/zybo-edge-ai/hls/edge_cnn_minimal_hls/myproject_prj/solution1/.autopilot/db/global.setting.tcl 
Execute         get_config_export -ip_xdc_file 
Execute         get_config_export -ip_xdc_ooc_file 
Execute         get_config_debug -directory 
INFO-FLOW: DBG:PROC: ::AP::add_csynth_report_sections bind_adapter_nodes='' bind_report_dict='TOP myproject DATA {myproject {DEPTH 1 CHILDREN {zeropad2d_cl_array_ap_fixed_1u_array_ap_fixed_8_2_5_3_0_1u_config5_s conv_2d_cl_array_ap_fixed_1u_array_ap_fixed_8_2_5_3_0_2u_config2_s relu_array_ap_fixed_2u_array_ap_fixed_8_2_5_3_0_2u_relu_config3_s zeropad2d_cl_array_ap_fixed_2u_array_ap_fixed_8_2_5_3_0_2u_config6_s conv_2d_cl_array_ap_fixed_2u_array_ap_fixed_8_2_5_3_0_1u_config4_s} BINDINFO {{BINDTYPE storage ID {} IMPL memory LATENCY 0 OPTYPE fifo PRAGMA {} RTLNAME layer5_out_U SOURCE {} VARIABLE layer5_out LOOP {} BUNDLEDNAME {} DSP 0 BRAM 16 URAM 0 DISPNAME {bind_storage fifo}} {BINDTYPE storage ID {} IMPL memory LATENCY 0 OPTYPE fifo PRAGMA {} RTLNAME layer2_out_U SOURCE {} VARIABLE layer2_out LOOP {} BUNDLEDNAME {} DSP 0 BRAM 32 URAM 0 DISPNAME {bind_storage fifo}} {BINDTYPE storage ID {} IMPL memory LATENCY 0 OPTYPE fifo PRAGMA {} RTLNAME layer3_out_U SOURCE {} VARIABLE layer3_out LOOP {} BUNDLEDNAME {} DSP 0 BRAM 32 URAM 0 DISPNAME {bind_storage fifo}} {BINDTYPE storage ID {} IMPL memory LATENCY 0 OPTYPE fifo PRAGMA {} RTLNAME layer6_out_U SOURCE {} VARIABLE layer6_out LOOP {} BUNDLEDNAME {} DSP 0 BRAM 32 URAM 0 DISPNAME {bind_storage fifo}}} AREA {DSP 0 BRAM 114 URAM 0}} zeropad2d_cl_array_ap_fixed_1u_array_ap_fixed_8_2_5_3_0_1u_config5_s {DEPTH 2 CHILDREN {zeropad2d_cl_array_array_ap_fixed_8_2_5_3_0_1u_config5_Pipeline_PadTopWidth zeropad2d_cl_array_array_ap_fixed_1u_config5_Pipeline_PadBottomWidth zeropad2d_cl_array_array_ap_fixed_8_2_5_3_0_1u_config5_Pipeline_CopyMain} BINDINFO {{BINDTYPE op ID {} IMPL fabric LATENCY 0 OPTYPE add PRAGMA {} RTLNAME add_ln59_fu_90_p2 SOURCE firmware/nnet_utils/nnet_padding_stream.h:59 VARIABLE add_ln59 LOOP PadMain BUNDLEDNAME {} DSP 0 BRAM 0 URAM 0 DISPNAME {bind_op add}}} AREA {DSP 0 BRAM 0 URAM 0}} zeropad2d_cl_array_array_ap_fixed_8_2_5_3_0_1u_config5_Pipeline_PadTopWidth {DEPTH 3 CHILDREN {} BINDINFO {{BINDTYPE op ID {} IMPL fabric LATENCY 0 OPTYPE add PRAGMA {} RTLNAME j_6_fu_60_p2 SOURCE firmware/nnet_utils/nnet_padding_stream.h:53 VARIABLE j_6 LOOP PadTopWidth BUNDLEDNAME {} DSP 0 BRAM 0 URAM 0 DISPNAME {bind_op add}}} AREA {DSP 0 BRAM 0 URAM 0}} zeropad2d_cl_array_array_ap_fixed_1u_config5_Pipeline_PadBottomWidth {DEPTH 3 CHILDREN {} BINDINFO {{BINDTYPE op ID {} IMPL fabric LATENCY 0 OPTYPE add PRAGMA {} RTLNAME j_10_fu_60_p2 SOURCE firmware/nnet_utils/nnet_padding_stream.h:77 VARIABLE j_10 LOOP PadBottomWidth BUNDLEDNAME {} DSP 0 BRAM 0 URAM 0 DISPNAME {bind_op add}}} AREA {DSP 0 BRAM 0 URAM 0}} zeropad2d_cl_array_array_ap_fixed_8_2_5_3_0_1u_config5_Pipeline_CopyMain {DEPTH 3 CHILDREN {} BINDINFO {{BINDTYPE op ID {} IMPL fabric LATENCY 0 OPTYPE add PRAGMA {} RTLNAME j_8_fu_75_p2 SOURCE firmware/nnet_utils/nnet_padding_stream.h:65 VARIABLE j_8 LOOP CopyMain BUNDLEDNAME {} DSP 0 BRAM 0 URAM 0 DISPNAME {bind_op add}}} AREA {DSP 0 BRAM 0 URAM 0}} conv_2d_cl_array_ap_fixed_1u_array_ap_fixed_8_2_5_3_0_2u_config2_s {DEPTH 2 CHILDREN compute_output_buffer_2d_array_array_ap_fixed_8_2_5_3_0_2u_config2_s BINDINFO {{BINDTYPE op ID {} IMPL fabric LATENCY 0 OPTYPE add PRAGMA {} RTLNAME add_ln85_fu_134_p2 SOURCE firmware/nnet_utils/nnet_conv2d_stream.h:85 VARIABLE add_ln85 LOOP ReadInputHeight_ReadInputWidth BUNDLEDNAME {} DSP 0 BRAM 0 URAM 0 DISPNAME {bind_op add}}} AREA {DSP 0 BRAM 1 URAM 0}} compute_output_buffer_2d_array_array_ap_fixed_8_2_5_3_0_2u_config2_s {DEPTH 3 CHILDREN {shift_line_buffer_array_ap_fixed_8_2_5_3_0_1u_config2_s dense_resource_rf_gt_nin_rem0_ap_fixed_ap_fixed_8_2_5_3_0_config2_mult_s} BINDINFO {{BINDTYPE op ID {} IMPL fabric LATENCY 0 OPTYPE add PRAGMA {} RTLNAME add_ln303_fu_234_p2 SOURCE firmware/nnet_utils/nnet_conv_stream.h:303 VARIABLE add_ln303 LOOP {} BUNDLEDNAME {} DSP 0 BRAM 0 URAM 0 DISPNAME {bind_op add}} {BINDTYPE op ID {} IMPL fabric LATENCY 0 OPTYPE add PRAGMA {} RTLNAME add_ln318_fu_251_p2 SOURCE firmware/nnet_utils/nnet_conv_stream.h:318 VARIABLE add_ln318 LOOP {} BUNDLEDNAME {} DSP 0 BRAM 0 URAM 0 DISPNAME {bind_op add}} {BINDTYPE op ID {} IMPL fabric LATENCY 0 OPTYPE add PRAGMA {} RTLNAME add_ln307_fu_281_p2 SOURCE firmware/nnet_utils/nnet_conv_stream.h:307 VARIABLE add_ln307 LOOP {} BUNDLEDNAME {} DSP 0 BRAM 0 URAM 0 DISPNAME {bind_op add}} {BINDTYPE op ID {} IMPL fabric LATENCY 0 OPTYPE add PRAGMA {} RTLNAME add_ln313_fu_298_p2 SOURCE firmware/nnet_utils/nnet_conv_stream.h:313 VARIABLE add_ln313 LOOP {} BUNDLEDNAME {} DSP 0 BRAM 0 URAM 0 DISPNAME {bind_op add}}} AREA {DSP 0 BRAM 1 URAM 0}} shift_line_buffer_array_ap_fixed_8_2_5_3_0_1u_config2_s {DEPTH 4 CHILDREN {} BINDINFO {{BINDTYPE storage ID {} IMPL auto LATENCY 0 OPTYPE ram_1p PRAGMA {} RTLNAME void_conv_2d_buffer_cl_stream_stream_weight_t_bias_t_line_buffer_0_1_U SOURCE {} VARIABLE void_conv_2d_buffer_cl_stream_stream_weight_t_bias_t_line_buffer_0_1 LOOP {} BUNDLEDNAME {} DSP 0 BRAM 0 URAM 0 DISPNAME {bind_storage ram_1p}} {BINDTYPE storage ID {} IMPL auto LATENCY 0 OPTYPE ram_1p PRAGMA {} RTLNAME void_conv_2d_buffer_cl_stream_stream_weight_t_bias_t_line_buffer_2_U SOURCE {} VARIABLE void_conv_2d_buffer_cl_stream_stream_weight_t_bias_t_line_buffer_2 LOOP {} BUNDLEDNAME {} DSP 0 BRAM 0 URAM 0 DISPNAME {bind_storage ram_1p}}} AREA {DSP 0 BRAM 0 URAM 0}} dense_resource_rf_gt_nin_rem0_ap_fixed_ap_fixed_8_2_5_3_0_config2_mult_s {DEPTH 4 CHILDREN {} BINDINFO {{BINDTYPE op ID {} IMPL auto LATENCY 0 OPTYPE mul PRAGMA {} RTLNAME mul_8s_7s_14_1_1_U20 SOURCE {C:/Xilinx/Vitis_HLS/2021.2/common/technology/autopilot\ap_fixed_base.h:1168} VARIABLE mul_ln1168 LOOP ReuseLoop BUNDLEDNAME {} DSP 0 BRAM 0 URAM 0 DISPNAME {bind_op mul}} {BINDTYPE op ID {} IMPL fabric LATENCY 0 OPTYPE sub PRAGMA {} RTLNAME sub_ln707_fu_551_p2 SOURCE {C:/Xilinx/Vitis_HLS/2021.2/common/technology/autopilot\ap_fixed_base.h:707} VARIABLE sub_ln707 LOOP ReuseLoop BUNDLEDNAME {} DSP 0 BRAM 0 URAM 0 DISPNAME {bind_op sub}} {BINDTYPE op ID {} IMPL fabric LATENCY 0 OPTYPE add PRAGMA {} RTLNAME add_ln712_fu_593_p2 SOURCE {C:/Xilinx/Vitis_HLS/2021.2/common/technology/autopilot\ap_fixed_base.h:712} VARIABLE add_ln712 LOOP ReuseLoop BUNDLEDNAME {} DSP 0 BRAM 0 URAM 0 DISPNAME {bind_op add}} {BINDTYPE op ID {} IMPL fabric LATENCY 0 OPTYPE add PRAGMA {} RTLNAME in_index_1_fu_510_p2 SOURCE firmware/nnet_utils/nnet_dense_resource.h:153 VARIABLE in_index_1 LOOP ReuseLoop BUNDLEDNAME {} DSP 0 BRAM 0 URAM 0 DISPNAME {bind_op add}} {BINDTYPE op ID {} IMPL fabric LATENCY 0 OPTYPE add PRAGMA {} RTLNAME w_index_fu_450_p2 SOURCE firmware/nnet_utils/nnet_dense_resource.h:135 VARIABLE w_index LOOP ReuseLoop BUNDLEDNAME {} DSP 0 BRAM 0 URAM 0 DISPNAME {bind_op add}} {BINDTYPE storage ID {} IMPL auto LATENCY 1 OPTYPE rom_1p PRAGMA {} RTLNAME outidx_U SOURCE {} VARIABLE outidx LOOP {} BUNDLEDNAME {} DSP 0 BRAM 0 URAM 0 DISPNAME {bind_storage rom_1p}} {BINDTYPE storage ID {} IMPL bram LATENCY 1 OPTYPE rom_np PRAGMA pragma RTLNAME w2_V_U SOURCE :0 VARIABLE w2_V LOOP {} BUNDLEDNAME {} DSP 0 BRAM 1 URAM 0 DISPNAME {bind_storage rom_np}}} AREA {DSP 0 BRAM 1 URAM 0}} relu_array_ap_fixed_2u_array_ap_fixed_8_2_5_3_0_2u_relu_config3_s {DEPTH 2 CHILDREN {} BINDINFO {{BINDTYPE op ID {} IMPL fabric LATENCY 0 OPTYPE add PRAGMA {} RTLNAME i_4_fu_83_p2 SOURCE firmware/nnet_utils/nnet_activation_stream.h:41 VARIABLE i_4 LOOP ReLUActLoop BUNDLEDNAME {} DSP 0 BRAM 0 URAM 0 DISPNAME {bind_op add}}} AREA {DSP 0 BRAM 0 URAM 0}} zeropad2d_cl_array_ap_fixed_2u_array_ap_fixed_8_2_5_3_0_2u_config6_s {DEPTH 2 CHILDREN {zeropad2d_cl_array_array_ap_fixed_8_2_5_3_0_2u_config6_Pipeline_PadTopWidth zeropad2d_cl_array_array_ap_fixed_2u_config6_Pipeline_PadBottomWidth zeropad2d_cl_array_array_ap_fixed_8_2_5_3_0_2u_config6_Pipeline_CopyMain} BINDINFO {{BINDTYPE op ID {} IMPL fabric LATENCY 0 OPTYPE add PRAGMA {} RTLNAME add_ln59_fu_86_p2 SOURCE firmware/nnet_utils/nnet_padding_stream.h:59 VARIABLE add_ln59 LOOP PadMain BUNDLEDNAME {} DSP 0 BRAM 0 URAM 0 DISPNAME {bind_op add}}} AREA {DSP 0 BRAM 0 URAM 0}} zeropad2d_cl_array_array_ap_fixed_8_2_5_3_0_2u_config6_Pipeline_PadTopWidth {DEPTH 3 CHILDREN {} BINDINFO {{BINDTYPE op ID {} IMPL fabric LATENCY 0 OPTYPE add PRAGMA {} RTLNAME j_2_fu_62_p2 SOURCE firmware/nnet_utils/nnet_padding_stream.h:53 VARIABLE j_2 LOOP PadTopWidth BUNDLEDNAME {} DSP 0 BRAM 0 URAM 0 DISPNAME {bind_op add}}} AREA {DSP 0 BRAM 0 URAM 0}} zeropad2d_cl_array_array_ap_fixed_2u_config6_Pipeline_PadBottomWidth {DEPTH 3 CHILDREN {} BINDINFO {{BINDTYPE op ID {} IMPL fabric LATENCY 0 OPTYPE add PRAGMA {} RTLNAME j_9_fu_62_p2 SOURCE firmware/nnet_utils/nnet_padding_stream.h:77 VARIABLE j_9 LOOP PadBottomWidth BUNDLEDNAME {} DSP 0 BRAM 0 URAM 0 DISPNAME {bind_op add}}} AREA {DSP 0 BRAM 0 URAM 0}} zeropad2d_cl_array_array_ap_fixed_8_2_5_3_0_2u_config6_Pipeline_CopyMain {DEPTH 3 CHILDREN {} BINDINFO {{BINDTYPE op ID {} IMPL fabric LATENCY 0 OPTYPE add PRAGMA {} RTLNAME j_4_fu_73_p2 SOURCE firmware/nnet_utils/nnet_padding_stream.h:65 VARIABLE j_4 LOOP CopyMain BUNDLEDNAME {} DSP 0 BRAM 0 URAM 0 DISPNAME {bind_op add}}} AREA {DSP 0 BRAM 0 URAM 0}} conv_2d_cl_array_ap_fixed_2u_array_ap_fixed_8_2_5_3_0_1u_config4_s {DEPTH 2 CHILDREN compute_output_buffer_2d_array_array_ap_fixed_8_2_5_3_0_1u_config4_s BINDINFO {{BINDTYPE op ID {} IMPL fabric LATENCY 0 OPTYPE add PRAGMA {} RTLNAME add_ln85_fu_184_p2 SOURCE firmware/nnet_utils/nnet_conv2d_stream.h:85 VARIABLE add_ln85 LOOP ReadInputHeight_ReadInputWidth BUNDLEDNAME {} DSP 0 BRAM 0 URAM 0 DISPNAME {bind_op add}}} AREA {DSP 0 BRAM 1 URAM 0}} compute_output_buffer_2d_array_array_ap_fixed_8_2_5_3_0_1u_config4_s {DEPTH 3 CHILDREN {shift_line_buffer_array_ap_fixed_8_2_5_3_0_2u_config4_s dense_resource_rf_leq_nin_ap_fixed_ap_fixed_8_2_5_3_0_config4_mult_s} BINDINFO {{BINDTYPE op ID {} IMPL fabric LATENCY 0 OPTYPE add PRAGMA {} RTLNAME add_ln303_fu_289_p2 SOURCE firmware/nnet_utils/nnet_conv_stream.h:303 VARIABLE add_ln303 LOOP {} BUNDLEDNAME {} DSP 0 BRAM 0 URAM 0 DISPNAME {bind_op add}} {BINDTYPE op ID {} IMPL fabric LATENCY 0 OPTYPE add PRAGMA {} RTLNAME add_ln318_fu_306_p2 SOURCE firmware/nnet_utils/nnet_conv_stream.h:318 VARIABLE add_ln318 LOOP {} BUNDLEDNAME {} DSP 0 BRAM 0 URAM 0 DISPNAME {bind_op add}} {BINDTYPE op ID {} IMPL fabric LATENCY 0 OPTYPE add PRAGMA {} RTLNAME add_ln307_fu_336_p2 SOURCE firmware/nnet_utils/nnet_conv_stream.h:307 VARIABLE add_ln307 LOOP {} BUNDLEDNAME {} DSP 0 BRAM 0 URAM 0 DISPNAME {bind_op add}} {BINDTYPE op ID {} IMPL fabric LATENCY 0 OPTYPE add PRAGMA {} RTLNAME add_ln313_fu_353_p2 SOURCE firmware/nnet_utils/nnet_conv_stream.h:313 VARIABLE add_ln313 LOOP {} BUNDLEDNAME {} DSP 0 BRAM 0 URAM 0 DISPNAME {bind_op add}}} AREA {DSP 0 BRAM 1 URAM 0}} shift_line_buffer_array_ap_fixed_8_2_5_3_0_2u_config4_s {DEPTH 4 CHILDREN {} BINDINFO {{BINDTYPE storage ID {} IMPL auto LATENCY 0 OPTYPE ram_1p PRAGMA {} RTLNAME void_conv_2d_buffer_cl_stream_stream_weight_t_bias_t_line_buffer_0_U SOURCE {} VARIABLE void_conv_2d_buffer_cl_stream_stream_weight_t_bias_t_line_buffer_0 LOOP {} BUNDLEDNAME {} DSP 0 BRAM 0 URAM 0 DISPNAME {bind_storage ram_1p}} {BINDTYPE storage ID {} IMPL auto LATENCY 0 OPTYPE ram_1p PRAGMA {} RTLNAME void_conv_2d_buffer_cl_stream_stream_weight_t_bias_t_line_buffer_U SOURCE {} VARIABLE void_conv_2d_buffer_cl_stream_stream_weight_t_bias_t_line_buffer LOOP {} BUNDLEDNAME {} DSP 0 BRAM 0 URAM 0 DISPNAME {bind_storage ram_1p}} {BINDTYPE storage ID {} IMPL auto LATENCY 0 OPTYPE ram_1p PRAGMA {} RTLNAME void_conv_2d_buffer_cl_stream_stream_weight_t_bias_t_line_buffer_1_0_U SOURCE {} VARIABLE void_conv_2d_buffer_cl_stream_stream_weight_t_bias_t_line_buffer_1_0 LOOP {} BUNDLEDNAME {} DSP 0 BRAM 0 URAM 0 DISPNAME {bind_storage ram_1p}} {BINDTYPE storage ID {} IMPL auto LATENCY 0 OPTYPE ram_1p PRAGMA {} RTLNAME void_conv_2d_buffer_cl_stream_stream_weight_t_bias_t_line_buffer_1_U SOURCE {} VARIABLE void_conv_2d_buffer_cl_stream_stream_weight_t_bias_t_line_buffer_1 LOOP {} BUNDLEDNAME {} DSP 0 BRAM 0 URAM 0 DISPNAME {bind_storage ram_1p}}} AREA {DSP 0 BRAM 0 URAM 0}} dense_resource_rf_leq_nin_ap_fixed_ap_fixed_8_2_5_3_0_config4_mult_s {DEPTH 4 CHILDREN {} BINDINFO {{BINDTYPE op ID {} IMPL auto LATENCY 0 OPTYPE mul PRAGMA {} RTLNAME mul_8s_7s_14_1_1_U69 SOURCE {C:/Xilinx/Vitis_HLS/2021.2/common/technology/autopilot\ap_fixed_base.h:1168} VARIABLE mul_ln1168 LOOP ReuseLoop BUNDLEDNAME {} DSP 0 BRAM 0 URAM 0 DISPNAME {bind_op mul}} {BINDTYPE op ID {} IMPL fabric LATENCY 0 OPTYPE add PRAGMA {} RTLNAME add_ln712_fu_765_p2 SOURCE {C:/Xilinx/Vitis_HLS/2021.2/common/technology/autopilot\ap_fixed_base.h:712} VARIABLE add_ln712 LOOP ReuseLoop BUNDLEDNAME {} DSP 0 BRAM 0 URAM 0 DISPNAME {bind_op add}} {BINDTYPE op ID {} IMPL fabric LATENCY 0 OPTYPE add PRAGMA {} RTLNAME w_index_fu_687_p2 SOURCE firmware/nnet_utils/nnet_dense_resource.h:46 VARIABLE w_index LOOP ReuseLoop BUNDLEDNAME {} DSP 0 BRAM 0 URAM 0 DISPNAME {bind_op add}} {BINDTYPE storage ID {} IMPL bram LATENCY 1 OPTYPE rom_np PRAGMA pragma RTLNAME w4_V_U SOURCE :0 VARIABLE w4_V LOOP {} BUNDLEDNAME {} DSP 0 BRAM 1 URAM 0 DISPNAME {bind_storage rom_np}}} AREA {DSP 0 BRAM 1 URAM 0}}}'
INFO-FLOW: DBG:PUTS:       update_csynth_reports json2reportxml
INFO-FLOW: Running: gen_csynth_pragma_report_xml
INFO-FLOW: Done: gen_csynth_pragma_report_xml time: 0.2 seconds per iteration
INFO-FLOW: DBG:PUTS:       update_csynth_reports wrote xml
INFO-FLOW: DBG:PUTS:       update_csynth_reports appended to csynth rpt file
INFO: [HLS 200-111] Finished Updating report files: CPU user time: 1 seconds. CPU system time: 0 seconds. Elapsed time: 1.265 seconds; current allocated memory: 1.166 GB.
INFO: [VHDL 208-304] Generating VHDL RTL for myproject.
INFO: [VLOG 209-307] Generating Verilog RTL for myproject.
Execute         syn_report -model myproject -printsummary 
INFO: [HLS 200-790] **** Loop Constraint Status: All loop constraints were NOT satisfied.
INFO: [HLS 200-789] **** Estimated Fmax: 116.29 MHz
Command       autosyn done; 18.505 sec.
Command     csynth_design done; 39.254 sec.
INFO: [HLS 200-111] Finished Command csynth_design CPU user time: 13 seconds. CPU system time: 3 seconds. Elapsed time: 39.254 seconds; current allocated memory: 0.000 MB.
Execute     export_design -format ip_catalog -version 1.0.0 
INFO: [HLS 200-1510] Running: export_design -format ip_catalog -version 1.0.0 
Execute       get_config_export -clock_margin 
Execute       get_config_export -custom_script 
Execute       get_config_export -description 
Execute       get_config_export -display_name 
Execute       get_config_export -driver_input_dir 
Execute       get_config_export -ipname 
Execute       get_config_export -library 
Execute       get_config_export -output 
Execute       get_config_export -qor_test 
Execute       get_config_export -rtl 
Execute       get_config_export -sim 
Execute       get_config_export -taxonomy 
Execute       get_config_export -use_ip 
Execute       get_config_export -use_netlist 
Execute       get_config_export -vendor 
Execute       get_config_export -xo 
Execute       config_export -format=ip_catalog -version=1.0.0 
INFO-FLOW: DBG:PUTS: export_design_wrap: -format ip_catalog -rtl verilog -version 1.0.0
Execute       source C:/Users/brand/Documents/engs192/zybo-edge-ai/hls/edge_cnn_minimal_hls/myproject_prj/solution1/.autopilot/db/global.setting.tcl 
Execute       get_config_export -vivado_clock 
Execute       get_top 
Execute       get_config_export -ipname 
Execute       get_config_export -xo 
Execute       get_config_export -format 
Execute       get_config_rtl -module_auto_prefix 
Execute       get_solution -flow_target 
Execute       get_config_export -xo 
Execute       get_config_export -format 
INFO-FLOW: DBG:PUTS:   auto_impl: pack: -export -rtl verilog
INFO-FLOW: DBG:PROC: ::AESL_AUTOIMPL::auto_impl args='-export -rtl verilog'
Execute       source C:/Users/brand/Documents/engs192/zybo-edge-ai/hls/edge_cnn_minimal_hls/myproject_prj/solution1/.autopilot/db/global.setting.tcl 
INFO: [IMPL 213-8] Exporting RTL as a Vivado IP.
Execute       source C:/Users/brand/Documents/engs192/zybo-edge-ai/hls/edge_cnn_minimal_hls/myproject_prj/solution1/.autopilot/db/global.setting.tcl 
INFO-FLOW: DBG:PUTS: automg_wrap -export -pcore_version 1.00.a -rtl vlog -tool Vivado -impltomg_flag
INFO-FLOW: DBG:PROC: ::AESL_AUTOMG::auto_generate args='-export -pcore_version 1.00.a -rtl vlog -tool Vivado -impltomg_flag'
INFO-FLOW: DBG:PUTS:     auto_generate -export -pcore_version 1.00.a -rtl vlog -tool Vivado -impltomg_flag
Execute       get_config_export -xo 
Execute       get_config_export -format 
Execute       get_config_export -ip_xdc_file 
Execute       get_config_export -ip_xdc_ooc_file 
Execute       source C:/Users/brand/Documents/engs192/zybo-edge-ai/hls/edge_cnn_minimal_hls/myproject_prj/solution1/.autopilot/db/global.setting.tcl 
INFO-FLOW: DBG:PUTS: read_platform_lib C:/Users/brand/Documents/engs192/zybo-edge-ai/hls/edge_cnn_minimal_hls/myproject_prj/solution1/.autopilot/db/global.setting.tcl
Execute       source C:/Xilinx/Vitis_HLS/2021.2/common/technology/generic/autopilot/common.gen 
Execute         source C:/Xilinx/Vitis_HLS/2021.2/common/technology/generic/autopilot/APCoreGen.gen 
Execute       source C:/Xilinx/Vitis_HLS/2021.2/common/technology/generic/autopilot/op.gen 
Execute       source C:/Xilinx/Vitis_HLS/2021.2/common/technology/generic/autopilot/op_simcore.gen 
Execute       source C:/Xilinx/Vitis_HLS/2021.2/common/technology/generic/autopilot/interface.gen 
Execute       source C:/Users/brand/Documents/engs192/zybo-edge-ai/hls/edge_cnn_minimal_hls/myproject_prj/solution1/.autopilot/db/global.setting.tcl 
Execute       source C:/Xilinx/Vitis_HLS/2021.2/common/technology/xilinx/common/xilinx.gen 
Execute         source C:/Xilinx/Vitis_HLS/2021.2/common/technology/xilinx/interface/plb46.gen 
Execute         source C:/Xilinx/Vitis_HLS/2021.2/common/technology/xilinx/interface/axi4.gen 
Execute         source C:/Xilinx/Vitis_HLS/2021.2/common/technology/xilinx/interface/nativeAXI4.gen 
Execute           source C:/Xilinx/Vitis_HLS/2021.2/common/technology/xilinx/interface/saxilite.gen 
Execute           source C:/Xilinx/Vitis_HLS/2021.2/common/technology/xilinx/interface/maxi.gen 
Execute         source C:/Xilinx/Vitis_HLS/2021.2/common/technology/xilinx/scripts/xilinxcoregen.gen 
Execute         source C:/Xilinx/Vitis_HLS/2021.2/common/technology/xilinx/interface/XilEDKCoreGen.gen 
Execute         source C:/Xilinx/Vitis_HLS/2021.2/common/technology/xilinx/ip/dds_compiler.gen 
Execute         source C:/Xilinx/Vitis_HLS/2021.2/common/technology/xilinx/ip/util.gen 
Execute         source C:/Xilinx/Vitis_HLS/2021.2/common/technology/xilinx/ip/xfft.gen 
Execute         source C:/Xilinx/Vitis_HLS/2021.2/common/technology/xilinx/ip/xfir.gen 
Execute         source C:/Xilinx/Vitis_HLS/2021.2/common/technology/xilinx/DSP48/dsp48.gen 
Command       ap_source done; 0.122 sec.
INFO-FLOW: DBG:PUTS:       initCTypeInfo top_module=myproject xml_exists=0
Execute       source C:/Users/brand/Documents/engs192/zybo-edge-ai/hls/edge_cnn_minimal_hls/myproject_prj/solution1/.autopilot/db/myproject.rtl_wrap.cfg.tcl 
Execute       source C:/Users/brand/Documents/engs192/zybo-edge-ai/hls/edge_cnn_minimal_hls/myproject_prj/solution1/.autopilot/db/myproject.rtl_wrap.cfg.tcl 
Execute       source C:/Users/brand/Documents/engs192/zybo-edge-ai/hls/edge_cnn_minimal_hls/myproject_prj/solution1/.autopilot/db/myproject.rtl_wrap.cfg.tcl 
Execute       source C:/Users/brand/Documents/engs192/zybo-edge-ai/hls/edge_cnn_minimal_hls/myproject_prj/solution1/.autopilot/db/myproject.tbgen.tcl 
Execute       source C:/Users/brand/Documents/engs192/zybo-edge-ai/hls/edge_cnn_minimal_hls/myproject_prj/solution1/.autopilot/db/myproject.tbgen.tcl 
Execute       get_config_export -deadlock_detection 
Execute       source C:/Users/brand/Documents/engs192/zybo-edge-ai/hls/edge_cnn_minimal_hls/myproject_prj/solution1/.autopilot/db/global.setting.tcl 
Execute       source C:/Users/brand/Documents/engs192/zybo-edge-ai/hls/edge_cnn_minimal_hls/myproject_prj/solution1/.autopilot/db/myproject.tbgen.tcl 
Execute       get_config_export -deadlock_detection 
Execute       get_config_export -deadlock_detection 
Execute       get_config_rtl -module_prefix 
INFO-FLOW: DBG:PUTS:       cosim_export_main adding deadlock detection to myproject
Execute       get_config_export -deadlock_detection 
INFO-FLOW: DBG:PUTS: Skipping loadAnalyze_DB, #g_database=2
INFO-FLOW: DBG:PUTS:       generate_json generate_bd_files=0 generate_xo_files=false #modelList=45 #gSsdmPorts=0
INFO-FLOW: DBG:PROC: ::AP::DESIGN_DATA::generate_json generate_bd_files='0' generate_xo_files='false' modelList='myproject_flow_control_loop_pipe_sequential_init
myproject_flow_control_loop_pipe_sequential_init
myproject_flow_control_loop_pipe_sequential_init
myproject_regslice_both
myproject_shift_line_buffer_array_ap_fixed_8_2_5_3_0_1u_config2_s_void_conv_2d_buffer_cbkb
myproject_mux_932_8_1_1
myproject_mul_8s_7s_14_1_1
myproject_mux_21_8_1_1
myproject_dense_resource_rf_gt_nin_rem0_ap_fixed_ap_fixed_8_2_5_3_0_config2_mult_s_outidEe
myproject_dense_resource_rf_gt_nin_rem0_ap_fixed_ap_fixed_8_2_5_3_0_config2_mult_s_w2_VeOg
myproject_flow_control_loop_pipe_no_ap_cont
myproject_flow_control_loop_pipe
myproject_flow_control_loop_pipe_sequential_init
myproject_flow_control_loop_pipe_sequential_init
myproject_flow_control_loop_pipe_sequential_init
myproject_mux_185_8_1_1
myproject_dense_resource_rf_leq_nin_ap_fixed_ap_fixed_8_2_5_3_0_config4_mult_s_w4_V_ROMjbC
myproject_flow_control_loop_pipe_no_ap_cont
myproject_regslice_both
myproject_fifo_w8_d20172_A
myproject_fifo_w16_d19602_A
myproject_fifo_w16_d19602_A
myproject_fifo_w16_d20172_A
myproject_start_for_conv_2d_cl_array_ap_fixed_1u_array_ap_fixed_8_2_5_3_0_2u_config2_U0
myproject_start_for_relu_array_ap_fixed_2u_array_ap_fixed_8_2_5_3_0_2u_relu_config3_U0
myproject_start_for_zeropad2d_cl_array_ap_fixed_2u_array_ap_fixed_8_2_5_3_0_2u_config6_U0
myproject_start_for_conv_2d_cl_array_ap_fixed_2u_array_ap_fixed_8_2_5_3_0_1u_config4_U0
zeropad2d_cl_array_array_ap_fixed_8_2_5_3_0_1u_config5_Pipeline_PadTopWidth
zeropad2d_cl_array_array_ap_fixed_8_2_5_3_0_1u_config5_Pipeline_CopyMain
zeropad2d_cl_array_array_ap_fixed_1u_config5_Pipeline_PadBottomWidth
zeropad2d_cl_array_ap_fixed_1u_array_ap_fixed_8_2_5_3_0_1u_config5_s
shift_line_buffer_array_ap_fixed_8_2_5_3_0_1u_config2_s
dense_resource_rf_gt_nin_rem0_ap_fixed_ap_fixed_8_2_5_3_0_config2_mult_s
compute_output_buffer_2d_array_array_ap_fixed_8_2_5_3_0_2u_config2_s
conv_2d_cl_array_ap_fixed_1u_array_ap_fixed_8_2_5_3_0_2u_config2_s
relu_array_ap_fixed_2u_array_ap_fixed_8_2_5_3_0_2u_relu_config3_s
zeropad2d_cl_array_array_ap_fixed_8_2_5_3_0_2u_config6_Pipeline_PadTopWidth
zeropad2d_cl_array_array_ap_fixed_8_2_5_3_0_2u_config6_Pipeline_CopyMain
zeropad2d_cl_array_array_ap_fixed_2u_config6_Pipeline_PadBottomWidth
zeropad2d_cl_array_ap_fixed_2u_array_ap_fixed_8_2_5_3_0_2u_config6_s
shift_line_buffer_array_ap_fixed_8_2_5_3_0_2u_config4_s
dense_resource_rf_leq_nin_ap_fixed_ap_fixed_8_2_5_3_0_config4_mult_s
compute_output_buffer_2d_array_array_ap_fixed_8_2_5_3_0_1u_config4_s
conv_2d_cl_array_ap_fixed_2u_array_ap_fixed_8_2_5_3_0_1u_config4_s
myproject
' rtl_lang='vlog' bootstrap_tcl='false' outdir='' outfilename=''
Execute       source C:/Users/brand/Documents/engs192/zybo-edge-ai/hls/edge_cnn_minimal_hls/myproject_prj/solution1/.autopilot/db/global.setting.tcl 
Execute       source C:/Users/brand/Documents/engs192/zybo-edge-ai/hls/edge_cnn_minimal_hls/myproject_prj/solution1/.autopilot/db/global.setting.tcl 
Execute       get_solution -flow_target 
Execute       get_config_export -xo 
Execute       get_config_export -format 
Execute       source C:/Users/brand/Documents/engs192/zybo-edge-ai/hls/edge_cnn_minimal_hls/myproject_prj/solution1/.autopilot/db/top-io-be.tcl 
Execute       source C:/Users/brand/Documents/engs192/zybo-edge-ai/hls/edge_cnn_minimal_hls/myproject_prj/solution1/.autopilot/db/myproject.tbgen.tcl 
Execute       source C:/Users/brand/Documents/engs192/zybo-edge-ai/hls/edge_cnn_minimal_hls/myproject_prj/solution1/.autopilot/db/myproject.rtl_wrap.cfg.tcl 
Execute       source C:/Users/brand/Documents/engs192/zybo-edge-ai/hls/edge_cnn_minimal_hls/myproject_prj/solution1/.autopilot/db/myproject.compgen.dataonly.tcl 
Execute       get_config_export -format 
Execute       ap_part_info -name xc7z020-clg400-1 -data names -quiet 
Execute       ap_part_info -name xc7z020-clg400-1 -data info -quiet 
Execute       source C:/Users/brand/Documents/engs192/zybo-edge-ai/hls/edge_cnn_minimal_hls/myproject_prj/solution1/.autopilot/db/zeropad2d_cl_array_array_ap_fixed_8_2_5_3_0_1u_config5_Pipeline_PadTopWidth.tbgen.tcl 
Execute       source C:/Users/brand/Documents/engs192/zybo-edge-ai/hls/edge_cnn_minimal_hls/myproject_prj/solution1/.autopilot/db/zeropad2d_cl_array_array_ap_fixed_8_2_5_3_0_1u_config5_Pipeline_CopyMain.tbgen.tcl 
Execute       source C:/Users/brand/Documents/engs192/zybo-edge-ai/hls/edge_cnn_minimal_hls/myproject_prj/solution1/.autopilot/db/zeropad2d_cl_array_array_ap_fixed_1u_config5_Pipeline_PadBottomWidth.tbgen.tcl 
Execute       source C:/Users/brand/Documents/engs192/zybo-edge-ai/hls/edge_cnn_minimal_hls/myproject_prj/solution1/.autopilot/db/zeropad2d_cl_array_ap_fixed_1u_array_ap_fixed_8_2_5_3_0_1u_config5_s.tbgen.tcl 
Execute       source C:/Users/brand/Documents/engs192/zybo-edge-ai/hls/edge_cnn_minimal_hls/myproject_prj/solution1/.autopilot/db/shift_line_buffer_array_ap_fixed_8_2_5_3_0_1u_config2_s.tbgen.tcl 
Execute       source C:/Users/brand/Documents/engs192/zybo-edge-ai/hls/edge_cnn_minimal_hls/myproject_prj/solution1/.autopilot/db/dense_resource_rf_gt_nin_rem0_ap_fixed_ap_fixed_8_2_5_3_0_config2_mult_s.tbgen.tcl 
Execute       source C:/Users/brand/Documents/engs192/zybo-edge-ai/hls/edge_cnn_minimal_hls/myproject_prj/solution1/.autopilot/db/compute_output_buffer_2d_array_array_ap_fixed_8_2_5_3_0_2u_config2_s.tbgen.tcl 
Execute       source C:/Users/brand/Documents/engs192/zybo-edge-ai/hls/edge_cnn_minimal_hls/myproject_prj/solution1/.autopilot/db/conv_2d_cl_array_ap_fixed_1u_array_ap_fixed_8_2_5_3_0_2u_config2_s.tbgen.tcl 
Execute       source C:/Users/brand/Documents/engs192/zybo-edge-ai/hls/edge_cnn_minimal_hls/myproject_prj/solution1/.autopilot/db/relu_array_ap_fixed_2u_array_ap_fixed_8_2_5_3_0_2u_relu_config3_s.tbgen.tcl 
Execute       source C:/Users/brand/Documents/engs192/zybo-edge-ai/hls/edge_cnn_minimal_hls/myproject_prj/solution1/.autopilot/db/zeropad2d_cl_array_array_ap_fixed_8_2_5_3_0_2u_config6_Pipeline_PadTopWidth.tbgen.tcl 
Execute       source C:/Users/brand/Documents/engs192/zybo-edge-ai/hls/edge_cnn_minimal_hls/myproject_prj/solution1/.autopilot/db/zeropad2d_cl_array_array_ap_fixed_8_2_5_3_0_2u_config6_Pipeline_CopyMain.tbgen.tcl 
Execute       source C:/Users/brand/Documents/engs192/zybo-edge-ai/hls/edge_cnn_minimal_hls/myproject_prj/solution1/.autopilot/db/zeropad2d_cl_array_array_ap_fixed_2u_config6_Pipeline_PadBottomWidth.tbgen.tcl 
Execute       source C:/Users/brand/Documents/engs192/zybo-edge-ai/hls/edge_cnn_minimal_hls/myproject_prj/solution1/.autopilot/db/zeropad2d_cl_array_ap_fixed_2u_array_ap_fixed_8_2_5_3_0_2u_config6_s.tbgen.tcl 
Execute       source C:/Users/brand/Documents/engs192/zybo-edge-ai/hls/edge_cnn_minimal_hls/myproject_prj/solution1/.autopilot/db/shift_line_buffer_array_ap_fixed_8_2_5_3_0_2u_config4_s.tbgen.tcl 
Execute       source C:/Users/brand/Documents/engs192/zybo-edge-ai/hls/edge_cnn_minimal_hls/myproject_prj/solution1/.autopilot/db/dense_resource_rf_leq_nin_ap_fixed_ap_fixed_8_2_5_3_0_config4_mult_s.tbgen.tcl 
Execute       source C:/Users/brand/Documents/engs192/zybo-edge-ai/hls/edge_cnn_minimal_hls/myproject_prj/solution1/.autopilot/db/compute_output_buffer_2d_array_array_ap_fixed_8_2_5_3_0_1u_config4_s.tbgen.tcl 
Execute       source C:/Users/brand/Documents/engs192/zybo-edge-ai/hls/edge_cnn_minimal_hls/myproject_prj/solution1/.autopilot/db/conv_2d_cl_array_ap_fixed_2u_array_ap_fixed_8_2_5_3_0_1u_config4_s.tbgen.tcl 
Execute       source C:/Users/brand/Documents/engs192/zybo-edge-ai/hls/edge_cnn_minimal_hls/myproject_prj/solution1/.autopilot/db/myproject.tbgen.tcl 
Execute       source C:/Users/brand/Documents/engs192/zybo-edge-ai/hls/edge_cnn_minimal_hls/myproject_prj/solution1/.autopilot/db/global.setting.tcl 
Execute       ap_part_info -name xc7z020-clg400-1 -data names -quiet 
Execute       ap_part_info -name xc7z020-clg400-1 -data info -quiet 
Execute       get_solution -flow_target 
Execute       get_config_rtl -kernel_profile 
Execute       get_config_rtl -kernel_profile 
Execute       get_config_rtl -stall_sig_gen 
Execute       get_config_rtl -profile 
Execute       source C:/Users/brand/Documents/engs192/zybo-edge-ai/hls/edge_cnn_minimal_hls/myproject_prj/solution1/.autopilot/db/myproject.constraint.tcl 
Execute       sc_get_clocks myproject 
Execute       source C:/Users/brand/Documents/engs192/zybo-edge-ai/hls/edge_cnn_minimal_hls/myproject_prj/solution1/.autopilot/db/global.setting.tcl 
Execute       get_config_export -ip_xdc_file 
Execute       get_config_export -ip_xdc_ooc_file 
Execute       get_config_debug -directory 
Execute       get_config_export -deadlock_detection 
Execute       source C:/Users/brand/Documents/engs192/zybo-edge-ai/hls/edge_cnn_minimal_hls/myproject_prj/solution1/.autopilot/db/global.setting.tcl 
Execute       source C:/Users/brand/Documents/engs192/zybo-edge-ai/hls/edge_cnn_minimal_hls/myproject_prj/solution1/.autopilot/db/myproject.tbgen.tcl 
Execute       get_config_export -deadlock_detection 
Execute       get_config_export -deadlock_detection 
Execute       get_config_rtl -module_prefix 
INFO-FLOW: DBG:PUTS:       cosim_export_main adding deadlock detection to myproject
Execute       get_config_export -deadlock_detection 
Execute       get_config_export -format 
INFO-FLOW: DBG:PUTS:       generate_ip_script #gSsdmPorts=0 g_lang=vlog is_sdaccel=false is_sdsoc=true xo_file=
Execute       ap_part_info -name xc7z020-clg400-1 -data names -quiet 
Execute       ap_part_info -name xc7z020-clg400-1 -data info -quiet 
Execute       ap_part_info -name xc7z020-clg400-1 -data names -quiet 
Execute       ap_part_info -name xc7z020-clg400-1 -data info -quiet 
Execute       source C:/Users/brand/Documents/engs192/zybo-edge-ai/hls/edge_cnn_minimal_hls/myproject_prj/solution1/.autopilot/db/myproject.tbgen.tcl 
Execute       source C:/Users/brand/Documents/engs192/zybo-edge-ai/hls/edge_cnn_minimal_hls/myproject_prj/solution1/.autopilot/db/myproject.tbgen.tcl 
Execute       source C:/Users/brand/Documents/engs192/zybo-edge-ai/hls/edge_cnn_minimal_hls/myproject_prj/solution1/.autopilot/db/global.setting.tcl 
Execute       get_config_debug -directory 
INFO-FLOW: DBG:PUTS:       generate_top_info
INFO-FLOW: DBG:PUTS:       prepArgInfo -> loadAnalyze_DB top_module=myproject
Execute       source C:/Users/brand/Documents/engs192/zybo-edge-ai/hls/edge_cnn_minimal_hls/myproject_prj/solution1/.autopilot/db/myproject.rtl_wrap.cfg.tcl 
Execute       source C:/Users/brand/Documents/engs192/zybo-edge-ai/hls/edge_cnn_minimal_hls/myproject_prj/solution1/.autopilot/db/myproject.rtl_wrap.cfg.tcl 
Execute       source C:/Users/brand/Documents/engs192/zybo-edge-ai/hls/edge_cnn_minimal_hls/myproject_prj/solution1/.autopilot/db/myproject.rtl_wrap.cfg.tcl 
Execute       source C:/Users/brand/Documents/engs192/zybo-edge-ai/hls/edge_cnn_minimal_hls/myproject_prj/solution1/.autopilot/db/myproject.tbgen.tcl 
Execute       source C:/Users/brand/Documents/engs192/zybo-edge-ai/hls/edge_cnn_minimal_hls/myproject_prj/solution1/.autopilot/db/myproject.tbgen.tcl 
Execute       ap_part_info -name xc7z020-clg400-1 -data names -quiet 
Execute       ap_part_info -name xc7z020-clg400-1 -data info -quiet 
Execute       ap_part_info -name xc7z020-clg400-1 -data names -quiet 
Execute       ap_part_info -name xc7z020-clg400-1 -data info -quiet 
Execute       source C:/Users/brand/Documents/engs192/zybo-edge-ai/hls/edge_cnn_minimal_hls/myproject_prj/solution1/.autopilot/db/myproject.tbgen.tcl 
Execute       source C:/Users/brand/Documents/engs192/zybo-edge-ai/hls/edge_cnn_minimal_hls/myproject_prj/solution1/.autopilot/db/global.setting.tcl 
Execute       get_config_export -ip_xdc_ooc_file 
Execute       get_config_export -ip_xdc_file 
Execute       source C:/Users/brand/Documents/engs192/zybo-edge-ai/hls/edge_cnn_minimal_hls/myproject_prj/solution1/.autopilot/db/myproject.constraint.tcl 
INFO-FLOW: DBG:PUTS:       generate_ipi_example_script
Execute       ap_part_info -name xc7z020-clg400-1 -data names -quiet 
Execute       ap_part_info -name xc7z020-clg400-1 -data info -quiet 
Execute       ap_part_info -name xc7z020-clg400-1 -data names -quiet 
Execute       ap_part_info -name xc7z020-clg400-1 -data info -quiet 
INFO-FLOW: DBG:PUTS:       generate_syn_sh
Execute       ap_part_info -name xc7z020-clg400-1 -data names -quiet 
Execute       ap_part_info -name xc7z020-clg400-1 -data info -quiet 
Execute       source C:/Users/brand/Documents/engs192/zybo-edge-ai/hls/edge_cnn_minimal_hls/myproject_prj/solution1/.autopilot/db/global.setting.tcl 
INFO-FLOW: DBG:PUTS:       generate_imp_constraints
Execute       ap_part_info -name xc7z020-clg400-1 -data names -quiet 
Execute       ap_part_info -name xc7z020-clg400-1 -data info -quiet 
Execute       source C:/Users/brand/Documents/engs192/zybo-edge-ai/hls/edge_cnn_minimal_hls/myproject_prj/solution1/.autopilot/db/myproject.constraint.tcl 
Execute       source C:/Users/brand/Documents/engs192/zybo-edge-ai/hls/edge_cnn_minimal_hls/myproject_prj/solution1/.autopilot/db/myproject.tbgen.tcl 
INFO-FLOW: DBG:PUTS:       delete-temp-dirs (skipped for debug)
Execute       ap_part_info -name xc7z020-clg400-1 -data names -quiet 
Execute       ap_part_info -name xc7z020-clg400-1 -data info -quiet 
INFO-FLOW: DBG:PUTS: read_platform_lib C:/Users/brand/Documents/engs192/zybo-edge-ai/hls/edge_cnn_minimal_hls/myproject_prj/solution1/.autopilot/db/global.setting.tcl
Execute       source C:/Xilinx/Vitis_HLS/2021.2/common/technology/generic/autopilot/common.gen 
Execute         source C:/Xilinx/Vitis_HLS/2021.2/common/technology/generic/autopilot/APCoreGen.gen 
Execute       source C:/Xilinx/Vitis_HLS/2021.2/common/technology/generic/autopilot/op.gen 
Execute       source C:/Xilinx/Vitis_HLS/2021.2/common/technology/generic/autopilot/op_simcore.gen 
Execute       source C:/Xilinx/Vitis_HLS/2021.2/common/technology/generic/autopilot/interface.gen 
Execute       source C:/Users/brand/Documents/engs192/zybo-edge-ai/hls/edge_cnn_minimal_hls/myproject_prj/solution1/.autopilot/db/global.setting.tcl 
Execute       source C:/Xilinx/Vitis_HLS/2021.2/common/technology/xilinx/common/xilinx.gen 
Execute         source C:/Xilinx/Vitis_HLS/2021.2/common/technology/xilinx/interface/plb46.gen 
Execute         source C:/Xilinx/Vitis_HLS/2021.2/common/technology/xilinx/interface/axi4.gen 
Execute         source C:/Xilinx/Vitis_HLS/2021.2/common/technology/xilinx/interface/nativeAXI4.gen 
Execute           source C:/Xilinx/Vitis_HLS/2021.2/common/technology/xilinx/interface/saxilite.gen 
Execute           source C:/Xilinx/Vitis_HLS/2021.2/common/technology/xilinx/interface/maxi.gen 
Execute         source C:/Xilinx/Vitis_HLS/2021.2/common/technology/xilinx/scripts/xilinxcoregen.gen 
Execute         source C:/Xilinx/Vitis_HLS/2021.2/common/technology/xilinx/interface/XilEDKCoreGen.gen 
Execute         source C:/Xilinx/Vitis_HLS/2021.2/common/technology/xilinx/ip/dds_compiler.gen 
Execute         source C:/Xilinx/Vitis_HLS/2021.2/common/technology/xilinx/ip/util.gen 
Execute         source C:/Xilinx/Vitis_HLS/2021.2/common/technology/xilinx/ip/xfft.gen 
Execute         source C:/Xilinx/Vitis_HLS/2021.2/common/technology/xilinx/ip/xfir.gen 
Execute         source C:/Xilinx/Vitis_HLS/2021.2/common/technology/xilinx/DSP48/dsp48.gen 
Command       ap_source done; 0.144 sec.
INFO-FLOW: DBG:PUTS:     IP package: exec C:/Users/brand/Documents/engs192/zybo-edge-ai/hls/edge_cnn_minimal_hls/myproject_prj/solution1/impl/ip/pack.bat
INFO-FLOW: DBG:PUTS:     IP package: success C:/Users/brand/Documents/engs192/zybo-edge-ai/hls/edge_cnn_minimal_hls/myproject_prj/solution1/impl/ip/pack.bat
Execute       get_config_export -output 
Execute       send_msg_by_id INFO @200-802@%s myproject_prj/solution1/impl/export.zip 
INFO: [HLS 200-802] Generated output file myproject_prj/solution1/impl/export.zip
Command     export_design done; 19.285 sec.
INFO: [HLS 200-111] Finished Command export_design CPU user time: 2 seconds. CPU system time: 1 seconds. Elapsed time: 19.285 seconds; current allocated memory: 0.000 MB.
Execute     cleanup_all 
