

================================================================
== Vitis HLS Report for 'dense_resource_rf_gt_nin_rem0_ap_fixed_ap_fixed_8_2_5_3_0_config2_mult_s'
================================================================
* Date:           Tue May 26 23:24:13 2026

* Version:        2021.2 (Build 3367213 on Tue Oct 19 02:48:09 MDT 2021)
* Project:        myproject_prj
* Solution:       solution1 (Vivado IP Flow Target)
* Product family: zynq
* Target device:  xc7z020-clg400-1


================================================================
== Performance Estimates
================================================================
+ Timing: 
    * Summary: 
    +--------+----------+----------+------------+
    |  Clock |  Target  | Estimated| Uncertainty|
    +--------+----------+----------+------------+
    |ap_clk  |  10.00 ns|  8.181 ns|     1.25 ns|
    +--------+----------+----------+------------+

+ Latency: 
    * Summary: 
    +---------+---------+----------+----------+-----+-----+------------------------------------------+
    |  Latency (cycles) |  Latency (absolute) |  Interval |                 Pipeline                 |
    |   min   |   max   |    min   |    max   | min | max |                   Type                   |
    +---------+---------+----------+----------+-----+-----+------------------------------------------+
    |       19|       20|  0.190 us|  0.200 us|   18|   18|  loop rewind stp(delay=0 clock cycles(s))|
    +---------+---------+----------+----------+-----+-----+------------------------------------------+

    + Detail: 
        * Instance: 
        N/A

        * Loop: 
        +-------------+---------+---------+----------+-----------+-----------+------+----------+
        |             |  Latency (cycles) | Iteration|  Initiation Interval  | Trip |          |
        |  Loop Name  |   min   |   max   |  Latency |  achieved |   target  | Count| Pipelined|
        +-------------+---------+---------+----------+-----------+-----------+------+----------+
        |- ReuseLoop  |       19|       19|         3|          1|          1|    18|       yes|
        +-------------+---------+---------+----------+-----------+-----------+------+----------+

============================================================
+ Verbose Summary: Synthesis Manager
============================================================
InlineROM: 1
ExposeGlobal: 0
============================================================
+ Verbose Summary: CDFG Model
============================================================
IsTopModel: 0
ResetActiveHigh: 1
IsCombinational: 0
IsDatapathOnly: 0
HasWiredReturn: 1
HasMFsm: 2
HasVarLatency: 1
IsPipeline: 0
IsRtlPipelined: 0
IsInstanceOverlapped: 0
IsDontTouch: 0
HasImplIP: 0
IsGatedGlobalClock: 0

+ Individual pipeline summary: 
  * Pipeline-0: initiation interval (II) = 1, depth = 3


============================================================
+ Verbose Summary: Schedule
============================================================
* Number of FSM states : 3
* Pipeline : 1
  Pipeline-0 : II = 1, D = 3, States = { 1 2 3 }
* Dataflow Pipeline: 0

* FSM state transitions: 
1 --> 2 
2 --> 3 
3 --> 

* FSM state operations: 

State 1 <SV = 0> <Delay = 4.84>
ST_1 : Operation 5 [1/1] (1.58ns)   --->   "%br_ln135 = br void %rewind_header" [firmware/nnet_utils/nnet_dense_resource.h:135]   --->   Operation 5 'br' 'br_ln135' <Predicate = true> <Delay = 1.58>
ST_1 : Operation 6 [1/1] (0.00ns)   --->   "%do_init = phi i1 1, void %entry, i1 0, void %_ZN8ap_fixedILi8ELi2EL9ap_q_mode5EL9ap_o_mode3ELi0EEC2ILi16ELi4ELb1ELS0_5ELS1_3ELi0EEERK13ap_fixed_baseIXT_EXT0_EXT1_EXT2_EXT3_EXT4_EE.exit.split.i, i1 1, void %dense_resource_rf_gt_nin_rem0<ap_fixed<8, 2, 5, 3, 0>, ap_fixed<8, 2, 5, 3, 0>, config2_mult>.exit"   --->   Operation 6 'phi' 'do_init' <Predicate = true> <Delay = 0.00>
ST_1 : Operation 7 [1/1] (0.00ns)   --->   "%w_index13 = phi i5 0, void %entry, i5 %w_index, void %_ZN8ap_fixedILi8ELi2EL9ap_q_mode5EL9ap_o_mode3ELi0EEC2ILi16ELi4ELb1ELS0_5ELS1_3ELi0EEERK13ap_fixed_baseIXT_EXT0_EXT1_EXT2_EXT3_EXT4_EE.exit.split.i, i5 0, void %dense_resource_rf_gt_nin_rem0<ap_fixed<8, 2, 5, 3, 0>, ap_fixed<8, 2, 5, 3, 0>, config2_mult>.exit"   --->   Operation 7 'phi' 'w_index13' <Predicate = true> <Delay = 0.00>
ST_1 : Operation 8 [1/1] (0.00ns)   --->   "%specmemcore_ln0 = specmemcore void @_ssdm_op_SpecMemCore, i7 %w2_V, i64 666, i64 38, i64 18446744073709551615"   --->   Operation 8 'specmemcore' 'specmemcore_ln0' <Predicate = (do_init)> <Delay = 0.00>
ST_1 : Operation 9 [1/1] (0.00ns)   --->   "%void_compute_output_buffer_2d_array_const_ap_shift_reg_n_chan_stream_weig_70 = load i8 %void_compute_output_buffer_2d_array_const_ap_shift_reg_n_chan_stream_weig_18"   --->   Operation 9 'load' 'void_compute_output_buffer_2d_array_const_ap_shift_reg_n_chan_stream_weig_70' <Predicate = (do_init)> <Delay = 0.00>
ST_1 : Operation 10 [1/1] (0.00ns)   --->   "%void_compute_output_buffer_2d_array_const_ap_shift_reg_n_chan_stream_weig_71 = load i8 %void_compute_output_buffer_2d_array_const_ap_shift_reg_n_chan_stream_weig_17"   --->   Operation 10 'load' 'void_compute_output_buffer_2d_array_const_ap_shift_reg_n_chan_stream_weig_71' <Predicate = (do_init)> <Delay = 0.00>
ST_1 : Operation 11 [1/1] (0.00ns)   --->   "%void_compute_output_buffer_2d_array_const_ap_shift_reg_n_chan_stream_weig_72 = load i8 %void_compute_output_buffer_2d_array_const_ap_shift_reg_n_chan_stream_weig_16"   --->   Operation 11 'load' 'void_compute_output_buffer_2d_array_const_ap_shift_reg_n_chan_stream_weig_72' <Predicate = (do_init)> <Delay = 0.00>
ST_1 : Operation 12 [1/1] (0.00ns)   --->   "%void_compute_output_buffer_2d_array_const_ap_shift_reg_n_chan_stream_weig_73 = load i8 %void_compute_output_buffer_2d_array_const_ap_shift_reg_n_chan_stream_weig_15"   --->   Operation 12 'load' 'void_compute_output_buffer_2d_array_const_ap_shift_reg_n_chan_stream_weig_73' <Predicate = (do_init)> <Delay = 0.00>
ST_1 : Operation 13 [1/1] (0.00ns)   --->   "%void_compute_output_buffer_2d_array_const_ap_shift_reg_n_chan_stream_weig_74 = load i8 %void_compute_output_buffer_2d_array_const_ap_shift_reg_n_chan_stream_weig_14"   --->   Operation 13 'load' 'void_compute_output_buffer_2d_array_const_ap_shift_reg_n_chan_stream_weig_74' <Predicate = (do_init)> <Delay = 0.00>
ST_1 : Operation 14 [1/1] (0.00ns)   --->   "%void_compute_output_buffer_2d_array_const_ap_shift_reg_n_chan_stream_weig_75 = load i8 %void_compute_output_buffer_2d_array_const_ap_shift_reg_n_chan_stream_weig_13"   --->   Operation 14 'load' 'void_compute_output_buffer_2d_array_const_ap_shift_reg_n_chan_stream_weig_75' <Predicate = (do_init)> <Delay = 0.00>
ST_1 : Operation 15 [1/1] (0.00ns)   --->   "%void_compute_output_buffer_2d_array_const_ap_shift_reg_n_chan_stream_weig_76 = load i8 %void_compute_output_buffer_2d_array_const_ap_shift_reg_n_chan_stream_weig_12"   --->   Operation 15 'load' 'void_compute_output_buffer_2d_array_const_ap_shift_reg_n_chan_stream_weig_76' <Predicate = (do_init)> <Delay = 0.00>
ST_1 : Operation 16 [1/1] (0.00ns)   --->   "%void_compute_output_buffer_2d_array_const_ap_shift_reg_n_chan_stream_weig_77 = load i8 %void_compute_output_buffer_2d_array_const_ap_shift_reg_n_chan_stream_weig_11"   --->   Operation 16 'load' 'void_compute_output_buffer_2d_array_const_ap_shift_reg_n_chan_stream_weig_77' <Predicate = (do_init)> <Delay = 0.00>
ST_1 : Operation 17 [1/1] (0.00ns)   --->   "%void_compute_output_buffer_2d_array_const_ap_shift_reg_n_chan_stream_weig_78 = load i8 %void_compute_output_buffer_2d_array_const_ap_shift_reg_n_chan_stream_weig_10"   --->   Operation 17 'load' 'void_compute_output_buffer_2d_array_const_ap_shift_reg_n_chan_stream_weig_78' <Predicate = (do_init)> <Delay = 0.00>
ST_1 : Operation 18 [1/1] (1.58ns)   --->   "%br_ln135 = br void %_ZN8ap_fixedILi8ELi2EL9ap_q_mode5EL9ap_o_mode3ELi0EEC2ILi16ELi4ELb1ELS0_5ELS1_3ELi0EEERK13ap_fixed_baseIXT_EXT0_EXT1_EXT2_EXT3_EXT4_EE.exit.split.i" [firmware/nnet_utils/nnet_dense_resource.h:135]   --->   Operation 18 'br' 'br_ln135' <Predicate = (do_init)> <Delay = 1.58>
ST_1 : Operation 19 [1/1] (0.00ns)   --->   "%zext_ln135 = zext i5 %w_index13" [firmware/nnet_utils/nnet_dense_resource.h:135]   --->   Operation 19 'zext' 'zext_ln135' <Predicate = true> <Delay = 0.00>
ST_1 : Operation 20 [1/1] (0.00ns)   --->   "%outidx_addr = getelementptr i1 %outidx, i64 0, i64 %zext_ln135" [firmware/nnet_utils/nnet_dense_resource.h:139]   --->   Operation 20 'getelementptr' 'outidx_addr' <Predicate = true> <Delay = 0.00>
ST_1 : Operation 21 [2/2] (2.32ns)   --->   "%out_index = load i5 %outidx_addr"   --->   Operation 21 'load' 'out_index' <Predicate = true> <Delay = 2.32> <CoreInst = "ROM">   --->   Core 95 'ROM' <Latency = 1> <II = 1> <Delay = 2.32> <Storage> <Opcode : 'load'> <Ports = 0> <Width = 1> <Depth = 18> <ROM>
ST_1 : Operation 22 [1/1] (0.00ns)   --->   "%w2_V_addr = getelementptr i7 %w2_V, i64 0, i64 %zext_ln135" [firmware/nnet_utils/nnet_dense_resource.h:135]   --->   Operation 22 'getelementptr' 'w2_V_addr' <Predicate = true> <Delay = 0.00>
ST_1 : Operation 23 [2/2] (3.25ns)   --->   "%w_V = load i5 %w2_V_addr" [firmware/nnet_utils/nnet_dense_resource.h:135]   --->   Operation 23 'load' 'w_V' <Predicate = true> <Delay = 3.25> <CoreInst = "ROM_nP_BRAM">   --->   Core 103 'ROM_nP_BRAM' <Latency = 1> <II = 1> <Delay = 3.25> <Storage> <Opcode : 'load'> <Ports = 0> <Width = 7> <Depth = 18> <ROM>
ST_1 : Operation 24 [1/1] (1.78ns)   --->   "%w_index = add i5 %w_index13, i5 1" [firmware/nnet_utils/nnet_dense_resource.h:135]   --->   Operation 24 'add' 'w_index' <Predicate = true> <Delay = 1.78> <CoreInst = "Adder">   --->   Core 1 'Adder' <Latency = 0> <II = 1> <Delay = 1.91> <FuncUnit> <Opcode : 'add' 'sub'> <InPorts = 2> <OutPorts = 1>
ST_1 : Operation 25 [1/1] (1.36ns)   --->   "%icmp_ln135 = icmp_eq  i5 %w_index13, i5 17" [firmware/nnet_utils/nnet_dense_resource.h:135]   --->   Operation 25 'icmp' 'icmp_ln135' <Predicate = true> <Delay = 1.36> <CoreInst = "Cmp">   --->   Core 9 'Cmp' <Latency = 0> <II = 1> <Delay = 1.66> <FuncUnit> <Opcode : 'icmp'> <InPorts = 2> <OutPorts = 1>
ST_1 : Operation 26 [1/1] (0.00ns)   --->   "%br_ln135 = br i1 %icmp_ln135, void %rewind_header, void %dense_resource_rf_gt_nin_rem0<ap_fixed<8, 2, 5, 3, 0>, ap_fixed<8, 2, 5, 3, 0>, config2_mult>.exit" [firmware/nnet_utils/nnet_dense_resource.h:135]   --->   Operation 26 'br' 'br_ln135' <Predicate = true> <Delay = 0.00>
ST_1 : Operation 27 [1/1] (0.00ns)   --->   "%br_ln0 = br void %rewind_header"   --->   Operation 27 'br' 'br_ln0' <Predicate = (icmp_ln135)> <Delay = 0.00>

State 2 <SV = 1> <Delay = 8.18>
ST_2 : Operation 28 [1/1] (0.00ns)   --->   "%void_compute_output_buffer_2d_array_const_ap_shift_reg_n_chan_stream_weig_79 = phi i8 0, void %entry, i8 %void_compute_output_buffer_2d_array_const_ap_shift_reg_n_chan_stream_weig_61, void %_ZN8ap_fixedILi8ELi2EL9ap_q_mode5EL9ap_o_mode3ELi0EEC2ILi16ELi4ELb1ELS0_5ELS1_3ELi0EEERK13ap_fixed_baseIXT_EXT0_EXT1_EXT2_EXT3_EXT4_EE.exit.split.i, i8 0, void %dense_resource_rf_gt_nin_rem0<ap_fixed<8, 2, 5, 3, 0>, ap_fixed<8, 2, 5, 3, 0>, config2_mult>.exit"   --->   Operation 28 'phi' 'void_compute_output_buffer_2d_array_const_ap_shift_reg_n_chan_stream_weig_79' <Predicate = true> <Delay = 0.00>
ST_2 : Operation 29 [1/1] (0.00ns)   --->   "%void_compute_output_buffer_2d_array_const_ap_shift_reg_n_chan_stream_weig_80 = phi i8 0, void %entry, i8 %void_compute_output_buffer_2d_array_const_ap_shift_reg_n_chan_stream_weig_62, void %_ZN8ap_fixedILi8ELi2EL9ap_q_mode5EL9ap_o_mode3ELi0EEC2ILi16ELi4ELb1ELS0_5ELS1_3ELi0EEERK13ap_fixed_baseIXT_EXT0_EXT1_EXT2_EXT3_EXT4_EE.exit.split.i, i8 0, void %dense_resource_rf_gt_nin_rem0<ap_fixed<8, 2, 5, 3, 0>, ap_fixed<8, 2, 5, 3, 0>, config2_mult>.exit"   --->   Operation 29 'phi' 'void_compute_output_buffer_2d_array_const_ap_shift_reg_n_chan_stream_weig_80' <Predicate = true> <Delay = 0.00>
ST_2 : Operation 30 [1/1] (0.00ns)   --->   "%void_compute_output_buffer_2d_array_const_ap_shift_reg_n_chan_stream_weig_81 = phi i8 0, void %entry, i8 %void_compute_output_buffer_2d_array_const_ap_shift_reg_n_chan_stream_weig_63, void %_ZN8ap_fixedILi8ELi2EL9ap_q_mode5EL9ap_o_mode3ELi0EEC2ILi16ELi4ELb1ELS0_5ELS1_3ELi0EEERK13ap_fixed_baseIXT_EXT0_EXT1_EXT2_EXT3_EXT4_EE.exit.split.i, i8 0, void %dense_resource_rf_gt_nin_rem0<ap_fixed<8, 2, 5, 3, 0>, ap_fixed<8, 2, 5, 3, 0>, config2_mult>.exit"   --->   Operation 30 'phi' 'void_compute_output_buffer_2d_array_const_ap_shift_reg_n_chan_stream_weig_81' <Predicate = true> <Delay = 0.00>
ST_2 : Operation 31 [1/1] (0.00ns)   --->   "%void_compute_output_buffer_2d_array_const_ap_shift_reg_n_chan_stream_weig_82 = phi i8 0, void %entry, i8 %void_compute_output_buffer_2d_array_const_ap_shift_reg_n_chan_stream_weig_64, void %_ZN8ap_fixedILi8ELi2EL9ap_q_mode5EL9ap_o_mode3ELi0EEC2ILi16ELi4ELb1ELS0_5ELS1_3ELi0EEERK13ap_fixed_baseIXT_EXT0_EXT1_EXT2_EXT3_EXT4_EE.exit.split.i, i8 0, void %dense_resource_rf_gt_nin_rem0<ap_fixed<8, 2, 5, 3, 0>, ap_fixed<8, 2, 5, 3, 0>, config2_mult>.exit"   --->   Operation 31 'phi' 'void_compute_output_buffer_2d_array_const_ap_shift_reg_n_chan_stream_weig_82' <Predicate = true> <Delay = 0.00>
ST_2 : Operation 32 [1/1] (0.00ns)   --->   "%void_compute_output_buffer_2d_array_const_ap_shift_reg_n_chan_stream_weig_83 = phi i8 0, void %entry, i8 %void_compute_output_buffer_2d_array_const_ap_shift_reg_n_chan_stream_weig_65, void %_ZN8ap_fixedILi8ELi2EL9ap_q_mode5EL9ap_o_mode3ELi0EEC2ILi16ELi4ELb1ELS0_5ELS1_3ELi0EEERK13ap_fixed_baseIXT_EXT0_EXT1_EXT2_EXT3_EXT4_EE.exit.split.i, i8 0, void %dense_resource_rf_gt_nin_rem0<ap_fixed<8, 2, 5, 3, 0>, ap_fixed<8, 2, 5, 3, 0>, config2_mult>.exit"   --->   Operation 32 'phi' 'void_compute_output_buffer_2d_array_const_ap_shift_reg_n_chan_stream_weig_83' <Predicate = true> <Delay = 0.00>
ST_2 : Operation 33 [1/1] (0.00ns)   --->   "%void_compute_output_buffer_2d_array_const_ap_shift_reg_n_chan_stream_weig_84 = phi i8 0, void %entry, i8 %void_compute_output_buffer_2d_array_const_ap_shift_reg_n_chan_stream_weig_66, void %_ZN8ap_fixedILi8ELi2EL9ap_q_mode5EL9ap_o_mode3ELi0EEC2ILi16ELi4ELb1ELS0_5ELS1_3ELi0EEERK13ap_fixed_baseIXT_EXT0_EXT1_EXT2_EXT3_EXT4_EE.exit.split.i, i8 0, void %dense_resource_rf_gt_nin_rem0<ap_fixed<8, 2, 5, 3, 0>, ap_fixed<8, 2, 5, 3, 0>, config2_mult>.exit"   --->   Operation 33 'phi' 'void_compute_output_buffer_2d_array_const_ap_shift_reg_n_chan_stream_weig_84' <Predicate = true> <Delay = 0.00>
ST_2 : Operation 34 [1/1] (0.00ns)   --->   "%void_compute_output_buffer_2d_array_const_ap_shift_reg_n_chan_stream_weig_85 = phi i8 0, void %entry, i8 %void_compute_output_buffer_2d_array_const_ap_shift_reg_n_chan_stream_weig_67, void %_ZN8ap_fixedILi8ELi2EL9ap_q_mode5EL9ap_o_mode3ELi0EEC2ILi16ELi4ELb1ELS0_5ELS1_3ELi0EEERK13ap_fixed_baseIXT_EXT0_EXT1_EXT2_EXT3_EXT4_EE.exit.split.i, i8 0, void %dense_resource_rf_gt_nin_rem0<ap_fixed<8, 2, 5, 3, 0>, ap_fixed<8, 2, 5, 3, 0>, config2_mult>.exit"   --->   Operation 34 'phi' 'void_compute_output_buffer_2d_array_const_ap_shift_reg_n_chan_stream_weig_85' <Predicate = true> <Delay = 0.00>
ST_2 : Operation 35 [1/1] (0.00ns)   --->   "%void_compute_output_buffer_2d_array_const_ap_shift_reg_n_chan_stream_weig_86 = phi i8 0, void %entry, i8 %void_compute_output_buffer_2d_array_const_ap_shift_reg_n_chan_stream_weig_68, void %_ZN8ap_fixedILi8ELi2EL9ap_q_mode5EL9ap_o_mode3ELi0EEC2ILi16ELi4ELb1ELS0_5ELS1_3ELi0EEERK13ap_fixed_baseIXT_EXT0_EXT1_EXT2_EXT3_EXT4_EE.exit.split.i, i8 0, void %dense_resource_rf_gt_nin_rem0<ap_fixed<8, 2, 5, 3, 0>, ap_fixed<8, 2, 5, 3, 0>, config2_mult>.exit"   --->   Operation 35 'phi' 'void_compute_output_buffer_2d_array_const_ap_shift_reg_n_chan_stream_weig_86' <Predicate = true> <Delay = 0.00>
ST_2 : Operation 36 [1/1] (0.00ns)   --->   "%void_compute_output_buffer_2d_array_const_ap_shift_reg_n_chan_stream_weig_87 = phi i8 0, void %entry, i8 %void_compute_output_buffer_2d_array_const_ap_shift_reg_n_chan_stream_weig_69, void %_ZN8ap_fixedILi8ELi2EL9ap_q_mode5EL9ap_o_mode3ELi0EEC2ILi16ELi4ELb1ELS0_5ELS1_3ELi0EEERK13ap_fixed_baseIXT_EXT0_EXT1_EXT2_EXT3_EXT4_EE.exit.split.i, i8 0, void %dense_resource_rf_gt_nin_rem0<ap_fixed<8, 2, 5, 3, 0>, ap_fixed<8, 2, 5, 3, 0>, config2_mult>.exit"   --->   Operation 36 'phi' 'void_compute_output_buffer_2d_array_const_ap_shift_reg_n_chan_stream_weig_87' <Predicate = true> <Delay = 0.00>
ST_2 : Operation 37 [1/1] (0.00ns)   --->   "%in_index14 = phi i32 0, void %entry, i32 %in_index, void %_ZN8ap_fixedILi8ELi2EL9ap_q_mode5EL9ap_o_mode3ELi0EEC2ILi16ELi4ELb1ELS0_5ELS1_3ELi0EEERK13ap_fixed_baseIXT_EXT0_EXT1_EXT2_EXT3_EXT4_EE.exit.split.i, i32 0, void %dense_resource_rf_gt_nin_rem0<ap_fixed<8, 2, 5, 3, 0>, ap_fixed<8, 2, 5, 3, 0>, config2_mult>.exit"   --->   Operation 37 'phi' 'in_index14' <Predicate = true> <Delay = 0.00>
ST_2 : Operation 38 [1/1] (1.58ns)   --->   "%br_ln0 = br i1 %do_init, void %_ZN8ap_fixedILi8ELi2EL9ap_q_mode5EL9ap_o_mode3ELi0EEC2ILi16ELi4ELb1ELS0_5ELS1_3ELi0EEERK13ap_fixed_baseIXT_EXT0_EXT1_EXT2_EXT3_EXT4_EE.exit.split.i, void %rewind_init"   --->   Operation 38 'br' 'br_ln0' <Predicate = true> <Delay = 1.58>
ST_2 : Operation 39 [1/1] (0.00ns)   --->   "%void_compute_output_buffer_2d_array_const_ap_shift_reg_n_chan_stream_weig_61 = phi i8 %void_compute_output_buffer_2d_array_const_ap_shift_reg_n_chan_stream_weig_78, void %rewind_init, i8 %void_compute_output_buffer_2d_array_const_ap_shift_reg_n_chan_stream_weig_79, void %rewind_header"   --->   Operation 39 'phi' 'void_compute_output_buffer_2d_array_const_ap_shift_reg_n_chan_stream_weig_61' <Predicate = true> <Delay = 0.00>
ST_2 : Operation 40 [1/1] (0.00ns)   --->   "%void_compute_output_buffer_2d_array_const_ap_shift_reg_n_chan_stream_weig_62 = phi i8 %void_compute_output_buffer_2d_array_const_ap_shift_reg_n_chan_stream_weig_77, void %rewind_init, i8 %void_compute_output_buffer_2d_array_const_ap_shift_reg_n_chan_stream_weig_80, void %rewind_header"   --->   Operation 40 'phi' 'void_compute_output_buffer_2d_array_const_ap_shift_reg_n_chan_stream_weig_62' <Predicate = true> <Delay = 0.00>
ST_2 : Operation 41 [1/1] (0.00ns)   --->   "%void_compute_output_buffer_2d_array_const_ap_shift_reg_n_chan_stream_weig_63 = phi i8 %void_compute_output_buffer_2d_array_const_ap_shift_reg_n_chan_stream_weig_76, void %rewind_init, i8 %void_compute_output_buffer_2d_array_const_ap_shift_reg_n_chan_stream_weig_81, void %rewind_header"   --->   Operation 41 'phi' 'void_compute_output_buffer_2d_array_const_ap_shift_reg_n_chan_stream_weig_63' <Predicate = true> <Delay = 0.00>
ST_2 : Operation 42 [1/1] (0.00ns)   --->   "%void_compute_output_buffer_2d_array_const_ap_shift_reg_n_chan_stream_weig_64 = phi i8 %void_compute_output_buffer_2d_array_const_ap_shift_reg_n_chan_stream_weig_75, void %rewind_init, i8 %void_compute_output_buffer_2d_array_const_ap_shift_reg_n_chan_stream_weig_82, void %rewind_header"   --->   Operation 42 'phi' 'void_compute_output_buffer_2d_array_const_ap_shift_reg_n_chan_stream_weig_64' <Predicate = true> <Delay = 0.00>
ST_2 : Operation 43 [1/1] (0.00ns)   --->   "%void_compute_output_buffer_2d_array_const_ap_shift_reg_n_chan_stream_weig_65 = phi i8 %void_compute_output_buffer_2d_array_const_ap_shift_reg_n_chan_stream_weig_74, void %rewind_init, i8 %void_compute_output_buffer_2d_array_const_ap_shift_reg_n_chan_stream_weig_83, void %rewind_header"   --->   Operation 43 'phi' 'void_compute_output_buffer_2d_array_const_ap_shift_reg_n_chan_stream_weig_65' <Predicate = true> <Delay = 0.00>
ST_2 : Operation 44 [1/1] (0.00ns)   --->   "%void_compute_output_buffer_2d_array_const_ap_shift_reg_n_chan_stream_weig_66 = phi i8 %void_compute_output_buffer_2d_array_const_ap_shift_reg_n_chan_stream_weig_73, void %rewind_init, i8 %void_compute_output_buffer_2d_array_const_ap_shift_reg_n_chan_stream_weig_84, void %rewind_header"   --->   Operation 44 'phi' 'void_compute_output_buffer_2d_array_const_ap_shift_reg_n_chan_stream_weig_66' <Predicate = true> <Delay = 0.00>
ST_2 : Operation 45 [1/1] (0.00ns)   --->   "%void_compute_output_buffer_2d_array_const_ap_shift_reg_n_chan_stream_weig_67 = phi i8 %void_compute_output_buffer_2d_array_const_ap_shift_reg_n_chan_stream_weig_72, void %rewind_init, i8 %void_compute_output_buffer_2d_array_const_ap_shift_reg_n_chan_stream_weig_85, void %rewind_header"   --->   Operation 45 'phi' 'void_compute_output_buffer_2d_array_const_ap_shift_reg_n_chan_stream_weig_67' <Predicate = true> <Delay = 0.00>
ST_2 : Operation 46 [1/1] (0.00ns)   --->   "%void_compute_output_buffer_2d_array_const_ap_shift_reg_n_chan_stream_weig_68 = phi i8 %void_compute_output_buffer_2d_array_const_ap_shift_reg_n_chan_stream_weig_71, void %rewind_init, i8 %void_compute_output_buffer_2d_array_const_ap_shift_reg_n_chan_stream_weig_86, void %rewind_header"   --->   Operation 46 'phi' 'void_compute_output_buffer_2d_array_const_ap_shift_reg_n_chan_stream_weig_68' <Predicate = true> <Delay = 0.00>
ST_2 : Operation 47 [1/1] (0.00ns)   --->   "%void_compute_output_buffer_2d_array_const_ap_shift_reg_n_chan_stream_weig_69 = phi i8 %void_compute_output_buffer_2d_array_const_ap_shift_reg_n_chan_stream_weig_70, void %rewind_init, i8 %void_compute_output_buffer_2d_array_const_ap_shift_reg_n_chan_stream_weig_87, void %rewind_header"   --->   Operation 47 'phi' 'void_compute_output_buffer_2d_array_const_ap_shift_reg_n_chan_stream_weig_69' <Predicate = true> <Delay = 0.00>
ST_2 : Operation 48 [1/2] (2.32ns)   --->   "%out_index = load i5 %outidx_addr"   --->   Operation 48 'load' 'out_index' <Predicate = true> <Delay = 2.32> <CoreInst = "ROM">   --->   Core 95 'ROM' <Latency = 1> <II = 1> <Delay = 2.32> <Storage> <Opcode : 'load'> <Ports = 0> <Width = 1> <Depth = 18> <ROM>
ST_2 : Operation 49 [1/1] (2.42ns)   --->   "%a_V = mux i8 @_ssdm_op_Mux.ap_auto.9i8.i32, i8 %void_compute_output_buffer_2d_array_const_ap_shift_reg_n_chan_stream_weig_69, i8 %void_compute_output_buffer_2d_array_const_ap_shift_reg_n_chan_stream_weig_68, i8 %void_compute_output_buffer_2d_array_const_ap_shift_reg_n_chan_stream_weig_67, i8 %void_compute_output_buffer_2d_array_const_ap_shift_reg_n_chan_stream_weig_66, i8 %void_compute_output_buffer_2d_array_const_ap_shift_reg_n_chan_stream_weig_65, i8 %void_compute_output_buffer_2d_array_const_ap_shift_reg_n_chan_stream_weig_64, i8 %void_compute_output_buffer_2d_array_const_ap_shift_reg_n_chan_stream_weig_63, i8 %void_compute_output_buffer_2d_array_const_ap_shift_reg_n_chan_stream_weig_62, i8 %void_compute_output_buffer_2d_array_const_ap_shift_reg_n_chan_stream_weig_61, i32 %in_index14" [firmware/nnet_utils/nnet_dense_resource.h:154]   --->   Operation 49 'mux' 'a_V' <Predicate = true> <Delay = 2.42> <CoreInst = "Multiplexer">   --->   Core 76 'Multiplexer' <Latency = 0> <II = 1> <Delay = 2.42> <FuncUnit> <Opcode : 'mux'> <InPorts = 2> <OutPorts = 1>
ST_2 : Operation 50 [1/2] (3.25ns)   --->   "%w_V = load i5 %w2_V_addr" [firmware/nnet_utils/nnet_dense_resource.h:135]   --->   Operation 50 'load' 'w_V' <Predicate = true> <Delay = 3.25> <CoreInst = "ROM_nP_BRAM">   --->   Core 103 'ROM_nP_BRAM' <Latency = 1> <II = 1> <Delay = 3.25> <Storage> <Opcode : 'load'> <Ports = 0> <Width = 7> <Depth = 18> <ROM>
ST_2 : Operation 51 [1/1] (0.00ns)   --->   "%sext_ln1168 = sext i8 %a_V"   --->   Operation 51 'sext' 'sext_ln1168' <Predicate = true> <Delay = 0.00>
ST_2 : Operation 52 [1/1] (0.00ns)   --->   "%sext_ln1168_2 = sext i7 %w_V"   --->   Operation 52 'sext' 'sext_ln1168_2' <Predicate = true> <Delay = 0.00>
ST_2 : Operation 53 [1/1] (4.17ns)   --->   "%mul_ln1168 = mul i14 %sext_ln1168, i14 %sext_ln1168_2"   --->   Operation 53 'mul' 'mul_ln1168' <Predicate = true> <Delay = 4.17> <CoreInst = "Multiplier">   --->   Core 3 'Multiplier' <Latency = 0> <II = 1> <Delay = 4.17> <FuncUnit> <Opcode : 'mul'> <InPorts = 2> <OutPorts = 1>
ST_2 : Operation 54 [1/1] (0.00ns)   --->   "%rhs = partselect i8 @_ssdm_op_PartSelect.i8.i14.i32.i32, i14 %mul_ln1168, i32 6, i32 13"   --->   Operation 54 'partselect' 'rhs' <Predicate = true> <Delay = 0.00>
ST_2 : Operation 55 [1/1] (2.55ns)   --->   "%in_index_1 = add i32 %in_index14, i32 1" [firmware/nnet_utils/nnet_dense_resource.h:153]   --->   Operation 55 'add' 'in_index_1' <Predicate = true> <Delay = 2.55> <CoreInst = "Adder">   --->   Core 1 'Adder' <Latency = 0> <II = 1> <Delay = 1.91> <FuncUnit> <Opcode : 'add' 'sub'> <InPorts = 2> <OutPorts = 1>
ST_2 : Operation 56 [1/1] (2.47ns)   --->   "%icmp_ln154 = icmp_sgt  i32 %in_index_1, i32 8" [firmware/nnet_utils/nnet_dense_resource.h:154]   --->   Operation 56 'icmp' 'icmp_ln154' <Predicate = true> <Delay = 2.47> <CoreInst = "Cmp">   --->   Core 9 'Cmp' <Latency = 0> <II = 1> <Delay = 1.66> <FuncUnit> <Opcode : 'icmp'> <InPorts = 2> <OutPorts = 1>
ST_2 : Operation 57 [1/1] (0.69ns)   --->   "%in_index = select i1 %icmp_ln154, i32 0, i32 %in_index_1" [firmware/nnet_utils/nnet_dense_resource.h:154]   --->   Operation 57 'select' 'in_index' <Predicate = true> <Delay = 0.69> <CoreInst = "Sel">   --->   Core 73 'Sel' <Latency = 0> <II = 1> <Delay = 1.24> <FuncUnit> <Opcode : 'select'> <InPorts = 3> <OutPorts = 1>

State 3 <SV = 2> <Delay = 7.38>
ST_3 : Operation 58 [1/1] (0.00ns)   --->   "%res_0_0_i12 = phi i8 0, void %entry, i8 %acc_V, void %_ZN8ap_fixedILi8ELi2EL9ap_q_mode5EL9ap_o_mode3ELi0EEC2ILi16ELi4ELb1ELS0_5ELS1_3ELi0EEERK13ap_fixed_baseIXT_EXT0_EXT1_EXT2_EXT3_EXT4_EE.exit.split.i, i8 0, void %dense_resource_rf_gt_nin_rem0<ap_fixed<8, 2, 5, 3, 0>, ap_fixed<8, 2, 5, 3, 0>, config2_mult>.exit"   --->   Operation 58 'phi' 'res_0_0_i12' <Predicate = true> <Delay = 0.00>
ST_3 : Operation 59 [1/1] (0.00ns)   --->   "%res_1_0_i10 = phi i8 0, void %entry, i8 %acc_V_1, void %_ZN8ap_fixedILi8ELi2EL9ap_q_mode5EL9ap_o_mode3ELi0EEC2ILi16ELi4ELb1ELS0_5ELS1_3ELi0EEERK13ap_fixed_baseIXT_EXT0_EXT1_EXT2_EXT3_EXT4_EE.exit.split.i, i8 0, void %dense_resource_rf_gt_nin_rem0<ap_fixed<8, 2, 5, 3, 0>, ap_fixed<8, 2, 5, 3, 0>, config2_mult>.exit"   --->   Operation 59 'phi' 'res_1_0_i10' <Predicate = true> <Delay = 0.00>
ST_3 : Operation 60 [1/1] (0.00ns)   --->   "%empty = speclooptripcount i32 @_ssdm_op_SpecLoopTripCount, i64 18, i64 18, i64 18"   --->   Operation 60 'speclooptripcount' 'empty' <Predicate = true> <Delay = 0.00>
ST_3 : Operation 61 [1/1] (0.00ns)   --->   "%specpipeline_ln119 = specpipeline void @_ssdm_op_SpecPipeline, i32 1, i32 0, i32 0, i32 0, void @empty_6" [firmware/nnet_utils/nnet_dense_resource.h:119]   --->   Operation 61 'specpipeline' 'specpipeline_ln119' <Predicate = true> <Delay = 0.00>
ST_3 : Operation 62 [1/1] (0.00ns)   --->   "%specloopname_ln119 = specloopname void @_ssdm_op_SpecLoopName, void @empty_3" [firmware/nnet_utils/nnet_dense_resource.h:119]   --->   Operation 62 'specloopname' 'specloopname_ln119' <Predicate = true> <Delay = 0.00>
ST_3 : Operation 63 [1/1] (1.58ns)   --->   "%lhs = mux i8 @_ssdm_op_Mux.ap_auto.2i8.i1, i8 %res_0_0_i12, i8 %res_1_0_i10, i1 %out_index"   --->   Operation 63 'mux' 'lhs' <Predicate = true> <Delay = 1.58> <CoreInst = "Multiplexer">   --->   Core 76 'Multiplexer' <Latency = 0> <II = 1> <Delay = 1.58> <FuncUnit> <Opcode : 'mux'> <InPorts = 2> <OutPorts = 1>
ST_3 : Operation 64 [1/1] (0.00ns)   --->   "%sext_ln712 = sext i8 %lhs"   --->   Operation 64 'sext' 'sext_ln712' <Predicate = true> <Delay = 0.00>
ST_3 : Operation 65 [1/1] (0.00ns)   --->   "%sext_ln712_1 = sext i8 %rhs"   --->   Operation 65 'sext' 'sext_ln712_1' <Predicate = true> <Delay = 0.00>
ST_3 : Operation 66 [1/1] (0.00ns) (grouped into LUT with out node or_ln707)   --->   "%xor_ln712 = xor i1 %out_index, i1 1"   --->   Operation 66 'xor' 'xor_ln712' <Predicate = true> <Delay = 0.00> <CoreInst = "LogicGate">   --->   Core 74 'LogicGate' <Latency = 0> <II = 1> <Delay = 0.97> <FuncUnit> <Opcode : 'and' 'or' 'xor'> <InPorts = 2> <OutPorts = 1>
ST_3 : Operation 67 [1/1] (1.91ns)   --->   "%sub_ln707 = sub i9 0, i9 %sext_ln712"   --->   Operation 67 'sub' 'sub_ln707' <Predicate = true> <Delay = 1.91> <CoreInst = "Adder">   --->   Core 1 'Adder' <Latency = 0> <II = 1> <Delay = 1.91> <FuncUnit> <Opcode : 'add' 'sub'> <InPorts = 2> <OutPorts = 1>
ST_3 : Operation 68 [1/1] (1.66ns)   --->   "%icmp_ln707 = icmp_ne  i9 %sext_ln712_1, i9 %sub_ln707"   --->   Operation 68 'icmp' 'icmp_ln707' <Predicate = true> <Delay = 1.66> <CoreInst = "Cmp">   --->   Core 9 'Cmp' <Latency = 0> <II = 1> <Delay = 1.66> <FuncUnit> <Opcode : 'icmp'> <InPorts = 2> <OutPorts = 1>
ST_3 : Operation 69 [1/1] (0.97ns) (out node of the LUT)   --->   "%or_ln707 = or i1 %icmp_ln707, i1 %xor_ln712"   --->   Operation 69 'or' 'or_ln707' <Predicate = true> <Delay = 0.97> <CoreInst = "LogicGate">   --->   Core 74 'LogicGate' <Latency = 0> <II = 1> <Delay = 0.97> <FuncUnit> <Opcode : 'and' 'or' 'xor'> <InPorts = 2> <OutPorts = 1>
ST_3 : Operation 70 [1/1] (0.00ns) (grouped into LUT with out node acc_V)   --->   "%select_ln707 = select i1 %icmp_ln707, i8 %res_0_0_i12, i8 0"   --->   Operation 70 'select' 'select_ln707' <Predicate = (out_index)> <Delay = 0.00> <CoreInst = "Sel">   --->   Core 73 'Sel' <Latency = 0> <II = 1> <Delay = 1.24> <FuncUnit> <Opcode : 'select'> <InPorts = 3> <OutPorts = 1>
ST_3 : Operation 71 [1/1] (0.00ns) (grouped into LUT with out node acc_V_1)   --->   "%select_ln707_1 = select i1 %or_ln707, i8 %res_1_0_i10, i8 0"   --->   Operation 71 'select' 'select_ln707_1' <Predicate = (!out_index)> <Delay = 0.00> <CoreInst = "Sel">   --->   Core 73 'Sel' <Latency = 0> <II = 1> <Delay = 1.24> <FuncUnit> <Opcode : 'select'> <InPorts = 3> <OutPorts = 1>
ST_3 : Operation 72 [1/1] (0.00ns) (grouped into LUT with out node acc_V)   --->   "%select_ln707_2 = select i1 %or_ln707, i8 %select_ln707, i8 %res_0_0_i12"   --->   Operation 72 'select' 'select_ln707_2' <Predicate = (out_index)> <Delay = 0.00> <CoreInst = "Sel">   --->   Core 73 'Sel' <Latency = 0> <II = 1> <Delay = 1.24> <FuncUnit> <Opcode : 'select'> <InPorts = 3> <OutPorts = 1>
ST_3 : Operation 73 [1/1] (1.91ns)   --->   "%add_ln712 = add i8 %rhs, i8 %lhs"   --->   Operation 73 'add' 'add_ln712' <Predicate = true> <Delay = 1.91> <CoreInst = "Adder">   --->   Core 1 'Adder' <Latency = 0> <II = 1> <Delay = 1.91> <FuncUnit> <Opcode : 'add' 'sub'> <InPorts = 2> <OutPorts = 1>
ST_3 : Operation 74 [1/1] (1.24ns) (out node of the LUT)   --->   "%acc_V_1 = select i1 %out_index, i8 %add_ln712, i8 %select_ln707_1"   --->   Operation 74 'select' 'acc_V_1' <Predicate = true> <Delay = 1.24> <CoreInst = "Sel">   --->   Core 73 'Sel' <Latency = 0> <II = 1> <Delay = 1.24> <FuncUnit> <Opcode : 'select'> <InPorts = 3> <OutPorts = 1>
ST_3 : Operation 75 [1/1] (1.24ns) (out node of the LUT)   --->   "%acc_V = select i1 %out_index, i8 %select_ln707_2, i8 %add_ln712"   --->   Operation 75 'select' 'acc_V' <Predicate = true> <Delay = 1.24> <CoreInst = "Sel">   --->   Core 73 'Sel' <Latency = 0> <II = 1> <Delay = 1.24> <FuncUnit> <Opcode : 'select'> <InPorts = 3> <OutPorts = 1>
ST_3 : Operation 76 [1/1] (0.00ns)   --->   "%mrv_i = insertvalue i16 <undef>, i8 %acc_V" [firmware/nnet_utils/nnet_dense_resource.h:166]   --->   Operation 76 'insertvalue' 'mrv_i' <Predicate = (icmp_ln135)> <Delay = 0.00>
ST_3 : Operation 77 [1/1] (0.00ns)   --->   "%mrv_1_i = insertvalue i16 %mrv_i, i8 %acc_V_1" [firmware/nnet_utils/nnet_dense_resource.h:166]   --->   Operation 77 'insertvalue' 'mrv_1_i' <Predicate = (icmp_ln135)> <Delay = 0.00>
ST_3 : Operation 78 [1/1] (0.00ns)   --->   "%return_ln166 = return void @_ssdm_op_Return, i16 %mrv_1_i" [firmware/nnet_utils/nnet_dense_resource.h:166]   --->   Operation 78 'return' 'return_ln166' <Predicate = (icmp_ln135)> <Delay = 0.00>


============================================================
+ Verbose Summary: Binding
============================================================
STG Binding: 
---------------- STG Properties BEGIN ----------------
- Is combinational: 0
- Is one-state seq: 0
- Is datapath-only: 0
- Is pipelined: 0
- Is top level: 0
Port [ Return ] is wired: 1; IO mode=ap_ctrl_hs:ce=0
Port [ outidx]:  wired=0; compound=1; hidden=1; nouse=0; global=1; static=1; extern=0; dir=0; type=1; pingpong=0; private_global=1; MemPort=[1]; IO mode=ap_memory:ce=0
Port [ w2_V]:  wired=0; compound=1; hidden=1; nouse=0; global=1; static=1; extern=0; dir=0; type=1; pingpong=0; private_global=1; MemPort=[1]; IO mode=ap_memory:ce=0
Port [ void_compute_output_buffer_2d_array_const_ap_shift_reg_n_chan_stream_weig_18]:  wired=1; compound=0; hidden=0; nouse=0; global=1; static=1; extern=0; dir=0; type=0; pingpong=0; private_global=0; IO mode=ap_none:ce=0
Port [ void_compute_output_buffer_2d_array_const_ap_shift_reg_n_chan_stream_weig_17]:  wired=1; compound=0; hidden=0; nouse=0; global=1; static=1; extern=0; dir=0; type=0; pingpong=0; private_global=0; IO mode=ap_none:ce=0
Port [ void_compute_output_buffer_2d_array_const_ap_shift_reg_n_chan_stream_weig_16]:  wired=1; compound=0; hidden=0; nouse=0; global=1; static=1; extern=0; dir=0; type=0; pingpong=0; private_global=0; IO mode=ap_none:ce=0
Port [ void_compute_output_buffer_2d_array_const_ap_shift_reg_n_chan_stream_weig_15]:  wired=1; compound=0; hidden=0; nouse=0; global=1; static=1; extern=0; dir=0; type=0; pingpong=0; private_global=0; IO mode=ap_none:ce=0
Port [ void_compute_output_buffer_2d_array_const_ap_shift_reg_n_chan_stream_weig_14]:  wired=1; compound=0; hidden=0; nouse=0; global=1; static=1; extern=0; dir=0; type=0; pingpong=0; private_global=0; IO mode=ap_none:ce=0
Port [ void_compute_output_buffer_2d_array_const_ap_shift_reg_n_chan_stream_weig_13]:  wired=1; compound=0; hidden=0; nouse=0; global=1; static=1; extern=0; dir=0; type=0; pingpong=0; private_global=0; IO mode=ap_none:ce=0
Port [ void_compute_output_buffer_2d_array_const_ap_shift_reg_n_chan_stream_weig_12]:  wired=1; compound=0; hidden=0; nouse=0; global=1; static=1; extern=0; dir=0; type=0; pingpong=0; private_global=0; IO mode=ap_none:ce=0
Port [ void_compute_output_buffer_2d_array_const_ap_shift_reg_n_chan_stream_weig_11]:  wired=1; compound=0; hidden=0; nouse=0; global=1; static=1; extern=0; dir=0; type=0; pingpong=0; private_global=0; IO mode=ap_none:ce=0
Port [ void_compute_output_buffer_2d_array_const_ap_shift_reg_n_chan_stream_weig_10]:  wired=1; compound=0; hidden=0; nouse=0; global=1; static=1; extern=0; dir=0; type=0; pingpong=0; private_global=0; IO mode=ap_none:ce=0
---------------- STG Properties END ------------------

---------------- Datapath Model BEGIN ----------------

<LifeTime>
<method=bitvector/>
br_ln135                                                                     (br               ) [ 0111]
do_init                                                                      (phi              ) [ 0111]
w_index13                                                                    (phi              ) [ 0100]
specmemcore_ln0                                                              (specmemcore      ) [ 0000]
void_compute_output_buffer_2d_array_const_ap_shift_reg_n_chan_stream_weig_70 (load             ) [ 0110]
void_compute_output_buffer_2d_array_const_ap_shift_reg_n_chan_stream_weig_71 (load             ) [ 0110]
void_compute_output_buffer_2d_array_const_ap_shift_reg_n_chan_stream_weig_72 (load             ) [ 0110]
void_compute_output_buffer_2d_array_const_ap_shift_reg_n_chan_stream_weig_73 (load             ) [ 0110]
void_compute_output_buffer_2d_array_const_ap_shift_reg_n_chan_stream_weig_74 (load             ) [ 0110]
void_compute_output_buffer_2d_array_const_ap_shift_reg_n_chan_stream_weig_75 (load             ) [ 0110]
void_compute_output_buffer_2d_array_const_ap_shift_reg_n_chan_stream_weig_76 (load             ) [ 0110]
void_compute_output_buffer_2d_array_const_ap_shift_reg_n_chan_stream_weig_77 (load             ) [ 0110]
void_compute_output_buffer_2d_array_const_ap_shift_reg_n_chan_stream_weig_78 (load             ) [ 0110]
br_ln135                                                                     (br               ) [ 0110]
zext_ln135                                                                   (zext             ) [ 0000]
outidx_addr                                                                  (getelementptr    ) [ 0110]
w2_V_addr                                                                    (getelementptr    ) [ 0110]
w_index                                                                      (add              ) [ 0100]
icmp_ln135                                                                   (icmp             ) [ 0111]
br_ln135                                                                     (br               ) [ 0111]
br_ln0                                                                       (br               ) [ 0111]
void_compute_output_buffer_2d_array_const_ap_shift_reg_n_chan_stream_weig_79 (phi              ) [ 0110]
void_compute_output_buffer_2d_array_const_ap_shift_reg_n_chan_stream_weig_80 (phi              ) [ 0110]
void_compute_output_buffer_2d_array_const_ap_shift_reg_n_chan_stream_weig_81 (phi              ) [ 0110]
void_compute_output_buffer_2d_array_const_ap_shift_reg_n_chan_stream_weig_82 (phi              ) [ 0110]
void_compute_output_buffer_2d_array_const_ap_shift_reg_n_chan_stream_weig_83 (phi              ) [ 0110]
void_compute_output_buffer_2d_array_const_ap_shift_reg_n_chan_stream_weig_84 (phi              ) [ 0110]
void_compute_output_buffer_2d_array_const_ap_shift_reg_n_chan_stream_weig_85 (phi              ) [ 0110]
void_compute_output_buffer_2d_array_const_ap_shift_reg_n_chan_stream_weig_86 (phi              ) [ 0110]
void_compute_output_buffer_2d_array_const_ap_shift_reg_n_chan_stream_weig_87 (phi              ) [ 0110]
in_index14                                                                   (phi              ) [ 0110]
br_ln0                                                                       (br               ) [ 0000]
void_compute_output_buffer_2d_array_const_ap_shift_reg_n_chan_stream_weig_61 (phi              ) [ 0110]
void_compute_output_buffer_2d_array_const_ap_shift_reg_n_chan_stream_weig_62 (phi              ) [ 0110]
void_compute_output_buffer_2d_array_const_ap_shift_reg_n_chan_stream_weig_63 (phi              ) [ 0110]
void_compute_output_buffer_2d_array_const_ap_shift_reg_n_chan_stream_weig_64 (phi              ) [ 0110]
void_compute_output_buffer_2d_array_const_ap_shift_reg_n_chan_stream_weig_65 (phi              ) [ 0110]
void_compute_output_buffer_2d_array_const_ap_shift_reg_n_chan_stream_weig_66 (phi              ) [ 0110]
void_compute_output_buffer_2d_array_const_ap_shift_reg_n_chan_stream_weig_67 (phi              ) [ 0110]
void_compute_output_buffer_2d_array_const_ap_shift_reg_n_chan_stream_weig_68 (phi              ) [ 0110]
void_compute_output_buffer_2d_array_const_ap_shift_reg_n_chan_stream_weig_69 (phi              ) [ 0110]
out_index                                                                    (load             ) [ 0101]
a_V                                                                          (mux              ) [ 0000]
w_V                                                                          (load             ) [ 0000]
sext_ln1168                                                                  (sext             ) [ 0000]
sext_ln1168_2                                                                (sext             ) [ 0000]
mul_ln1168                                                                   (mul              ) [ 0000]
rhs                                                                          (partselect       ) [ 0101]
in_index_1                                                                   (add              ) [ 0000]
icmp_ln154                                                                   (icmp             ) [ 0000]
in_index                                                                     (select           ) [ 0110]
res_0_0_i12                                                                  (phi              ) [ 0111]
res_1_0_i10                                                                  (phi              ) [ 0111]
empty                                                                        (speclooptripcount) [ 0000]
specpipeline_ln119                                                           (specpipeline     ) [ 0000]
specloopname_ln119                                                           (specloopname     ) [ 0000]
lhs                                                                          (mux              ) [ 0000]
sext_ln712                                                                   (sext             ) [ 0000]
sext_ln712_1                                                                 (sext             ) [ 0000]
xor_ln712                                                                    (xor              ) [ 0000]
sub_ln707                                                                    (sub              ) [ 0000]
icmp_ln707                                                                   (icmp             ) [ 0000]
or_ln707                                                                     (or               ) [ 0000]
select_ln707                                                                 (select           ) [ 0000]
select_ln707_1                                                               (select           ) [ 0000]
select_ln707_2                                                               (select           ) [ 0000]
add_ln712                                                                    (add              ) [ 0000]
acc_V_1                                                                      (select           ) [ 0101]
acc_V                                                                        (select           ) [ 0101]
mrv_i                                                                        (insertvalue      ) [ 0000]
mrv_1_i                                                                      (insertvalue      ) [ 0000]
return_ln166                                                                 (return           ) [ 0000]
</LifeTime>

<model>

<comp_list>
<comp id="0" class="1000" name="outidx">
<pin_list>
<pin id="1" dir="1" index="0" bw="1" slack="0"/>
</pin_list>
<bind>
<StgValue><ssdm name="outidx"/><MemPortTyVec>1 </MemPortTyVec>
</StgValue>
</bind>
</comp>

<comp id="2" class="1000" name="w2_V">
<pin_list>
<pin id="3" dir="1" index="0" bw="1" slack="0"/>
</pin_list>
<bind>
<StgValue><ssdm name="w2_V"/><MemPortTyVec>1 </MemPortTyVec>
</StgValue>
</bind>
</comp>

<comp id="4" class="1000" name="void_compute_output_buffer_2d_array_const_ap_shift_reg_n_chan_stream_weig_18">
<pin_list>
<pin id="5" dir="1" index="0" bw="1" slack="0"/>
</pin_list>
<bind>
<StgValue><ssdm name="void_compute_output_buffer_2d_array_const_ap_shift_reg_n_chan_stream_weig_18"/></StgValue>
</bind>
</comp>

<comp id="6" class="1000" name="void_compute_output_buffer_2d_array_const_ap_shift_reg_n_chan_stream_weig_17">
<pin_list>
<pin id="7" dir="1" index="0" bw="1" slack="0"/>
</pin_list>
<bind>
<StgValue><ssdm name="void_compute_output_buffer_2d_array_const_ap_shift_reg_n_chan_stream_weig_17"/></StgValue>
</bind>
</comp>

<comp id="8" class="1000" name="void_compute_output_buffer_2d_array_const_ap_shift_reg_n_chan_stream_weig_16">
<pin_list>
<pin id="9" dir="1" index="0" bw="1" slack="0"/>
</pin_list>
<bind>
<StgValue><ssdm name="void_compute_output_buffer_2d_array_const_ap_shift_reg_n_chan_stream_weig_16"/></StgValue>
</bind>
</comp>

<comp id="10" class="1000" name="void_compute_output_buffer_2d_array_const_ap_shift_reg_n_chan_stream_weig_15">
<pin_list>
<pin id="11" dir="1" index="0" bw="1" slack="0"/>
</pin_list>
<bind>
<StgValue><ssdm name="void_compute_output_buffer_2d_array_const_ap_shift_reg_n_chan_stream_weig_15"/></StgValue>
</bind>
</comp>

<comp id="12" class="1000" name="void_compute_output_buffer_2d_array_const_ap_shift_reg_n_chan_stream_weig_14">
<pin_list>
<pin id="13" dir="1" index="0" bw="1" slack="0"/>
</pin_list>
<bind>
<StgValue><ssdm name="void_compute_output_buffer_2d_array_const_ap_shift_reg_n_chan_stream_weig_14"/></StgValue>
</bind>
</comp>

<comp id="14" class="1000" name="void_compute_output_buffer_2d_array_const_ap_shift_reg_n_chan_stream_weig_13">
<pin_list>
<pin id="15" dir="1" index="0" bw="1" slack="0"/>
</pin_list>
<bind>
<StgValue><ssdm name="void_compute_output_buffer_2d_array_const_ap_shift_reg_n_chan_stream_weig_13"/></StgValue>
</bind>
</comp>

<comp id="16" class="1000" name="void_compute_output_buffer_2d_array_const_ap_shift_reg_n_chan_stream_weig_12">
<pin_list>
<pin id="17" dir="1" index="0" bw="1" slack="0"/>
</pin_list>
<bind>
<StgValue><ssdm name="void_compute_output_buffer_2d_array_const_ap_shift_reg_n_chan_stream_weig_12"/></StgValue>
</bind>
</comp>

<comp id="18" class="1000" name="void_compute_output_buffer_2d_array_const_ap_shift_reg_n_chan_stream_weig_11">
<pin_list>
<pin id="19" dir="1" index="0" bw="1" slack="0"/>
</pin_list>
<bind>
<StgValue><ssdm name="void_compute_output_buffer_2d_array_const_ap_shift_reg_n_chan_stream_weig_11"/></StgValue>
</bind>
</comp>

<comp id="20" class="1000" name="void_compute_output_buffer_2d_array_const_ap_shift_reg_n_chan_stream_weig_10">
<pin_list>
<pin id="21" dir="1" index="0" bw="1" slack="0"/>
</pin_list>
<bind>
<StgValue><ssdm name="void_compute_output_buffer_2d_array_const_ap_shift_reg_n_chan_stream_weig_10"/></StgValue>
</bind>
</comp>

<comp id="22" class="1001" name="const_22">
<pin_list>
<pin id="23" dir="1" index="0" bw="1" slack="0"/>
</pin_list>
<bind>
<StgValue><ssdm name=""/></StgValue>
</bind>
</comp>

<comp id="24" class="1001" name="const_24">
<pin_list>
<pin id="25" dir="1" index="0" bw="1" slack="0"/>
</pin_list>
<bind>
<StgValue><ssdm name=""/></StgValue>
</bind>
</comp>

<comp id="26" class="1001" name="const_26">
<pin_list>
<pin id="27" dir="1" index="0" bw="1" slack="0"/>
</pin_list>
<bind>
<StgValue><ssdm name=""/></StgValue>
</bind>
</comp>

<comp id="28" class="1001" name="const_28">
<pin_list>
<pin id="29" dir="1" index="0" bw="1" slack="2147483647"/>
</pin_list>
<bind>
<StgValue><ssdm name="_ssdm_op_SpecMemCore"/></StgValue>
</bind>
</comp>

<comp id="30" class="1001" name="const_30">
<pin_list>
<pin id="31" dir="1" index="0" bw="1" slack="2147483647"/>
</pin_list>
<bind>
<StgValue><ssdm name=""/></StgValue>
</bind>
</comp>

<comp id="32" class="1001" name="const_32">
<pin_list>
<pin id="33" dir="1" index="0" bw="1" slack="2147483647"/>
</pin_list>
<bind>
<StgValue><ssdm name=""/></StgValue>
</bind>
</comp>

<comp id="34" class="1001" name="const_34">
<pin_list>
<pin id="35" dir="1" index="0" bw="1" slack="2147483647"/>
</pin_list>
<bind>
<StgValue><ssdm name=""/></StgValue>
</bind>
</comp>

<comp id="36" class="1001" name="const_36">
<pin_list>
<pin id="37" dir="1" index="0" bw="1" slack="0"/>
</pin_list>
<bind>
<StgValue><ssdm name=""/></StgValue>
</bind>
</comp>

<comp id="38" class="1001" name="const_38">
<pin_list>
<pin id="39" dir="1" index="0" bw="1" slack="0"/>
</pin_list>
<bind>
<StgValue><ssdm name=""/></StgValue>
</bind>
</comp>

<comp id="40" class="1001" name="const_40">
<pin_list>
<pin id="41" dir="1" index="0" bw="1" slack="0"/>
</pin_list>
<bind>
<StgValue><ssdm name=""/></StgValue>
</bind>
</comp>

<comp id="42" class="1001" name="const_42">
<pin_list>
<pin id="43" dir="1" index="0" bw="1" slack="1"/>
</pin_list>
<bind>
<StgValue><ssdm name=""/></StgValue>
</bind>
</comp>

<comp id="44" class="1001" name="const_44">
<pin_list>
<pin id="45" dir="1" index="0" bw="1" slack="0"/>
</pin_list>
<bind>
<StgValue><ssdm name=""/></StgValue>
</bind>
</comp>

<comp id="46" class="1001" name="const_46">
<pin_list>
<pin id="47" dir="1" index="0" bw="1" slack="0"/>
</pin_list>
<bind>
<StgValue><ssdm name="_ssdm_op_Mux.ap_auto.9i8.i32"/></StgValue>
</bind>
</comp>

<comp id="48" class="1001" name="const_48">
<pin_list>
<pin id="49" dir="1" index="0" bw="1" slack="0"/>
</pin_list>
<bind>
<StgValue><ssdm name="_ssdm_op_PartSelect.i8.i14.i32.i32"/></StgValue>
</bind>
</comp>

<comp id="50" class="1001" name="const_50">
<pin_list>
<pin id="51" dir="1" index="0" bw="1" slack="0"/>
</pin_list>
<bind>
<StgValue><ssdm name=""/></StgValue>
</bind>
</comp>

<comp id="52" class="1001" name="const_52">
<pin_list>
<pin id="53" dir="1" index="0" bw="1" slack="0"/>
</pin_list>
<bind>
<StgValue><ssdm name=""/></StgValue>
</bind>
</comp>

<comp id="54" class="1001" name="const_54">
<pin_list>
<pin id="55" dir="1" index="0" bw="1" slack="0"/>
</pin_list>
<bind>
<StgValue><ssdm name=""/></StgValue>
</bind>
</comp>

<comp id="56" class="1001" name="const_56">
<pin_list>
<pin id="57" dir="1" index="0" bw="1" slack="0"/>
</pin_list>
<bind>
<StgValue><ssdm name=""/></StgValue>
</bind>
</comp>

<comp id="58" class="1001" name="const_58">
<pin_list>
<pin id="59" dir="1" index="0" bw="1" slack="0"/>
</pin_list>
<bind>
<StgValue><ssdm name=""/></StgValue>
</bind>
</comp>

<comp id="60" class="1001" name="const_60">
<pin_list>
<pin id="61" dir="1" index="0" bw="1" slack="2147483647"/>
</pin_list>
<bind>
<StgValue><ssdm name="_ssdm_op_SpecLoopTripCount"/></StgValue>
</bind>
</comp>

<comp id="62" class="1001" name="const_62">
<pin_list>
<pin id="63" dir="1" index="0" bw="1" slack="2147483647"/>
</pin_list>
<bind>
<StgValue><ssdm name=""/></StgValue>
</bind>
</comp>

<comp id="64" class="1001" name="const_64">
<pin_list>
<pin id="65" dir="1" index="0" bw="1" slack="2147483647"/>
</pin_list>
<bind>
<StgValue><ssdm name="_ssdm_op_SpecPipeline"/></StgValue>
</bind>
</comp>

<comp id="66" class="1001" name="const_66">
<pin_list>
<pin id="67" dir="1" index="0" bw="1" slack="2147483647"/>
</pin_list>
<bind>
<StgValue><ssdm name="empty_6"/></StgValue>
</bind>
</comp>

<comp id="68" class="1001" name="const_68">
<pin_list>
<pin id="69" dir="1" index="0" bw="1" slack="2147483647"/>
</pin_list>
<bind>
<StgValue><ssdm name="_ssdm_op_SpecLoopName"/></StgValue>
</bind>
</comp>

<comp id="70" class="1001" name="const_70">
<pin_list>
<pin id="71" dir="1" index="0" bw="1" slack="2147483647"/>
</pin_list>
<bind>
<StgValue><ssdm name="empty_3"/></StgValue>
</bind>
</comp>

<comp id="72" class="1001" name="const_72">
<pin_list>
<pin id="73" dir="1" index="0" bw="1" slack="0"/>
</pin_list>
<bind>
<StgValue><ssdm name="_ssdm_op_Mux.ap_auto.2i8.i1"/></StgValue>
</bind>
</comp>

<comp id="74" class="1001" name="const_74">
<pin_list>
<pin id="75" dir="1" index="0" bw="1" slack="0"/>
</pin_list>
<bind>
<StgValue><ssdm name=""/></StgValue>
</bind>
</comp>

<comp id="76" class="1001" name="const_76">
<pin_list>
<pin id="77" dir="1" index="0" bw="1" slack="0"/>
</pin_list>
<bind>
<StgValue><ssdm name=""/></StgValue>
</bind>
</comp>

<comp id="78" class="1004" name="outidx_addr_gep_fu_78">
<pin_list>
<pin id="79" dir="0" index="0" bw="1" slack="0"/>
<pin id="80" dir="0" index="1" bw="1" slack="0"/>
<pin id="81" dir="0" index="2" bw="5" slack="0"/>
<pin id="82" dir="1" index="3" bw="5" slack="0"/>
</pin_list>
<bind>
<opcode="getelementptr(29) " fcode="getelementptr"/>
<opset="outidx_addr/1 "/>
</bind>
</comp>

<comp id="85" class="1004" name="grp_access_fu_85">
<pin_list>
<pin id="86" dir="0" index="0" bw="5" slack="0"/>
<pin id="87" dir="0" index="1" bw="1" slack="2147483647"/>
<pin id="88" dir="0" index="2" bw="0" slack="2147483647"/>
<pin id="89" dir="1" index="3" bw="1" slack="1"/>
</pin_list>
<bind>
<opcode="load(27) " fcode="load"/>
<opset="out_index/1 "/>
</bind>
</comp>

<comp id="91" class="1004" name="w2_V_addr_gep_fu_91">
<pin_list>
<pin id="92" dir="0" index="0" bw="7" slack="0"/>
<pin id="93" dir="0" index="1" bw="1" slack="0"/>
<pin id="94" dir="0" index="2" bw="5" slack="0"/>
<pin id="95" dir="1" index="3" bw="5" slack="0"/>
</pin_list>
<bind>
<opcode="getelementptr(29) " fcode="getelementptr"/>
<opset="w2_V_addr/1 "/>
</bind>
</comp>

<comp id="98" class="1004" name="grp_access_fu_98">
<pin_list>
<pin id="99" dir="0" index="0" bw="5" slack="0"/>
<pin id="100" dir="0" index="1" bw="7" slack="2147483647"/>
<pin id="101" dir="0" index="2" bw="0" slack="2147483647"/>
<pin id="102" dir="1" index="3" bw="7" slack="0"/>
</pin_list>
<bind>
<opcode="load(27) " fcode="load"/>
<opset="w_V/1 "/>
</bind>
</comp>

<comp id="104" class="1005" name="do_init_reg_104">
<pin_list>
<pin id="105" dir="0" index="0" bw="1" slack="1"/>
<pin id="106" dir="1" index="1" bw="1" slack="2147483647"/>
</pin_list>
<bind>
<opset="do_init (phireg) "/>
</bind>
</comp>

<comp id="107" class="1004" name="do_init_phi_fu_107">
<pin_list>
<pin id="108" dir="0" index="0" bw="1" slack="0"/>
<pin id="109" dir="0" index="1" bw="0" slack="2147483647"/>
<pin id="110" dir="0" index="2" bw="1" slack="0"/>
<pin id="111" dir="0" index="3" bw="0" slack="2147483647"/>
<pin id="112" dir="0" index="4" bw="1" slack="0"/>
<pin id="113" dir="0" index="5" bw="0" slack="2147483647"/>
<pin id="114" dir="1" index="6" bw="1" slack="1"/>
</pin_list>
<bind>
<opcode="phi(47) " fcode="phi"/>
<opset="do_init/1 "/>
</bind>
</comp>

<comp id="119" class="1005" name="w_index13_reg_119">
<pin_list>
<pin id="120" dir="0" index="0" bw="5" slack="2147483647"/>
<pin id="121" dir="1" index="1" bw="5" slack="2147483647"/>
</pin_list>
<bind>
<opset="w_index13 (phireg) "/>
</bind>
</comp>

<comp id="122" class="1004" name="w_index13_phi_fu_122">
<pin_list>
<pin id="123" dir="0" index="0" bw="1" slack="0"/>
<pin id="124" dir="0" index="1" bw="0" slack="2147483647"/>
<pin id="125" dir="0" index="2" bw="5" slack="0"/>
<pin id="126" dir="0" index="3" bw="0" slack="2147483647"/>
<pin id="127" dir="0" index="4" bw="1" slack="0"/>
<pin id="128" dir="0" index="5" bw="0" slack="2147483647"/>
<pin id="129" dir="1" index="6" bw="5" slack="0"/>
</pin_list>
<bind>
<opcode="phi(47) " fcode="phi"/>
<opset="w_index13/1 "/>
</bind>
</comp>

<comp id="132" class="1005" name="void_compute_output_buffer_2d_array_const_ap_shift_reg_n_chan_stream_weig_79_reg_132">
<pin_list>
<pin id="133" dir="0" index="0" bw="8" slack="1"/>
<pin id="134" dir="1" index="1" bw="8" slack="1"/>
</pin_list>
<bind>
<opset="void_compute_output_buffer_2d_array_const_ap_shift_reg_n_chan_stream_weig_79 (phireg) "/>
</bind>
</comp>

<comp id="136" class="1004" name="void_compute_output_buffer_2d_array_const_ap_shift_reg_n_chan_stream_weig_79_phi_fu_136">
<pin_list>
<pin id="137" dir="0" index="0" bw="1" slack="1"/>
<pin id="138" dir="0" index="1" bw="0" slack="2147483647"/>
<pin id="139" dir="0" index="2" bw="8" slack="0"/>
<pin id="140" dir="0" index="3" bw="0" slack="2147483647"/>
<pin id="141" dir="0" index="4" bw="1" slack="1"/>
<pin id="142" dir="0" index="5" bw="0" slack="2147483647"/>
<pin id="143" dir="1" index="6" bw="8" slack="0"/>
</pin_list>
<bind>
<opcode="phi(47) " fcode="phi"/>
<opset="void_compute_output_buffer_2d_array_const_ap_shift_reg_n_chan_stream_weig_79/2 "/>
</bind>
</comp>

<comp id="146" class="1005" name="void_compute_output_buffer_2d_array_const_ap_shift_reg_n_chan_stream_weig_80_reg_146">
<pin_list>
<pin id="147" dir="0" index="0" bw="8" slack="1"/>
<pin id="148" dir="1" index="1" bw="8" slack="1"/>
</pin_list>
<bind>
<opset="void_compute_output_buffer_2d_array_const_ap_shift_reg_n_chan_stream_weig_80 (phireg) "/>
</bind>
</comp>

<comp id="150" class="1004" name="void_compute_output_buffer_2d_array_const_ap_shift_reg_n_chan_stream_weig_80_phi_fu_150">
<pin_list>
<pin id="151" dir="0" index="0" bw="1" slack="1"/>
<pin id="152" dir="0" index="1" bw="0" slack="2147483647"/>
<pin id="153" dir="0" index="2" bw="8" slack="0"/>
<pin id="154" dir="0" index="3" bw="0" slack="2147483647"/>
<pin id="155" dir="0" index="4" bw="1" slack="1"/>
<pin id="156" dir="0" index="5" bw="0" slack="2147483647"/>
<pin id="157" dir="1" index="6" bw="8" slack="0"/>
</pin_list>
<bind>
<opcode="phi(47) " fcode="phi"/>
<opset="void_compute_output_buffer_2d_array_const_ap_shift_reg_n_chan_stream_weig_80/2 "/>
</bind>
</comp>

<comp id="160" class="1005" name="void_compute_output_buffer_2d_array_const_ap_shift_reg_n_chan_stream_weig_81_reg_160">
<pin_list>
<pin id="161" dir="0" index="0" bw="8" slack="1"/>
<pin id="162" dir="1" index="1" bw="8" slack="1"/>
</pin_list>
<bind>
<opset="void_compute_output_buffer_2d_array_const_ap_shift_reg_n_chan_stream_weig_81 (phireg) "/>
</bind>
</comp>

<comp id="164" class="1004" name="void_compute_output_buffer_2d_array_const_ap_shift_reg_n_chan_stream_weig_81_phi_fu_164">
<pin_list>
<pin id="165" dir="0" index="0" bw="1" slack="1"/>
<pin id="166" dir="0" index="1" bw="0" slack="2147483647"/>
<pin id="167" dir="0" index="2" bw="8" slack="0"/>
<pin id="168" dir="0" index="3" bw="0" slack="2147483647"/>
<pin id="169" dir="0" index="4" bw="1" slack="1"/>
<pin id="170" dir="0" index="5" bw="0" slack="2147483647"/>
<pin id="171" dir="1" index="6" bw="8" slack="0"/>
</pin_list>
<bind>
<opcode="phi(47) " fcode="phi"/>
<opset="void_compute_output_buffer_2d_array_const_ap_shift_reg_n_chan_stream_weig_81/2 "/>
</bind>
</comp>

<comp id="174" class="1005" name="void_compute_output_buffer_2d_array_const_ap_shift_reg_n_chan_stream_weig_82_reg_174">
<pin_list>
<pin id="175" dir="0" index="0" bw="8" slack="1"/>
<pin id="176" dir="1" index="1" bw="8" slack="1"/>
</pin_list>
<bind>
<opset="void_compute_output_buffer_2d_array_const_ap_shift_reg_n_chan_stream_weig_82 (phireg) "/>
</bind>
</comp>

<comp id="178" class="1004" name="void_compute_output_buffer_2d_array_const_ap_shift_reg_n_chan_stream_weig_82_phi_fu_178">
<pin_list>
<pin id="179" dir="0" index="0" bw="1" slack="1"/>
<pin id="180" dir="0" index="1" bw="0" slack="2147483647"/>
<pin id="181" dir="0" index="2" bw="8" slack="0"/>
<pin id="182" dir="0" index="3" bw="0" slack="2147483647"/>
<pin id="183" dir="0" index="4" bw="1" slack="1"/>
<pin id="184" dir="0" index="5" bw="0" slack="2147483647"/>
<pin id="185" dir="1" index="6" bw="8" slack="0"/>
</pin_list>
<bind>
<opcode="phi(47) " fcode="phi"/>
<opset="void_compute_output_buffer_2d_array_const_ap_shift_reg_n_chan_stream_weig_82/2 "/>
</bind>
</comp>

<comp id="188" class="1005" name="void_compute_output_buffer_2d_array_const_ap_shift_reg_n_chan_stream_weig_83_reg_188">
<pin_list>
<pin id="189" dir="0" index="0" bw="8" slack="1"/>
<pin id="190" dir="1" index="1" bw="8" slack="1"/>
</pin_list>
<bind>
<opset="void_compute_output_buffer_2d_array_const_ap_shift_reg_n_chan_stream_weig_83 (phireg) "/>
</bind>
</comp>

<comp id="192" class="1004" name="void_compute_output_buffer_2d_array_const_ap_shift_reg_n_chan_stream_weig_83_phi_fu_192">
<pin_list>
<pin id="193" dir="0" index="0" bw="1" slack="1"/>
<pin id="194" dir="0" index="1" bw="0" slack="2147483647"/>
<pin id="195" dir="0" index="2" bw="8" slack="0"/>
<pin id="196" dir="0" index="3" bw="0" slack="2147483647"/>
<pin id="197" dir="0" index="4" bw="1" slack="1"/>
<pin id="198" dir="0" index="5" bw="0" slack="2147483647"/>
<pin id="199" dir="1" index="6" bw="8" slack="0"/>
</pin_list>
<bind>
<opcode="phi(47) " fcode="phi"/>
<opset="void_compute_output_buffer_2d_array_const_ap_shift_reg_n_chan_stream_weig_83/2 "/>
</bind>
</comp>

<comp id="202" class="1005" name="void_compute_output_buffer_2d_array_const_ap_shift_reg_n_chan_stream_weig_84_reg_202">
<pin_list>
<pin id="203" dir="0" index="0" bw="8" slack="1"/>
<pin id="204" dir="1" index="1" bw="8" slack="1"/>
</pin_list>
<bind>
<opset="void_compute_output_buffer_2d_array_const_ap_shift_reg_n_chan_stream_weig_84 (phireg) "/>
</bind>
</comp>

<comp id="206" class="1004" name="void_compute_output_buffer_2d_array_const_ap_shift_reg_n_chan_stream_weig_84_phi_fu_206">
<pin_list>
<pin id="207" dir="0" index="0" bw="1" slack="1"/>
<pin id="208" dir="0" index="1" bw="0" slack="2147483647"/>
<pin id="209" dir="0" index="2" bw="8" slack="0"/>
<pin id="210" dir="0" index="3" bw="0" slack="2147483647"/>
<pin id="211" dir="0" index="4" bw="1" slack="1"/>
<pin id="212" dir="0" index="5" bw="0" slack="2147483647"/>
<pin id="213" dir="1" index="6" bw="8" slack="0"/>
</pin_list>
<bind>
<opcode="phi(47) " fcode="phi"/>
<opset="void_compute_output_buffer_2d_array_const_ap_shift_reg_n_chan_stream_weig_84/2 "/>
</bind>
</comp>

<comp id="216" class="1005" name="void_compute_output_buffer_2d_array_const_ap_shift_reg_n_chan_stream_weig_85_reg_216">
<pin_list>
<pin id="217" dir="0" index="0" bw="8" slack="1"/>
<pin id="218" dir="1" index="1" bw="8" slack="1"/>
</pin_list>
<bind>
<opset="void_compute_output_buffer_2d_array_const_ap_shift_reg_n_chan_stream_weig_85 (phireg) "/>
</bind>
</comp>

<comp id="220" class="1004" name="void_compute_output_buffer_2d_array_const_ap_shift_reg_n_chan_stream_weig_85_phi_fu_220">
<pin_list>
<pin id="221" dir="0" index="0" bw="1" slack="1"/>
<pin id="222" dir="0" index="1" bw="0" slack="2147483647"/>
<pin id="223" dir="0" index="2" bw="8" slack="0"/>
<pin id="224" dir="0" index="3" bw="0" slack="2147483647"/>
<pin id="225" dir="0" index="4" bw="1" slack="1"/>
<pin id="226" dir="0" index="5" bw="0" slack="2147483647"/>
<pin id="227" dir="1" index="6" bw="8" slack="0"/>
</pin_list>
<bind>
<opcode="phi(47) " fcode="phi"/>
<opset="void_compute_output_buffer_2d_array_const_ap_shift_reg_n_chan_stream_weig_85/2 "/>
</bind>
</comp>

<comp id="230" class="1005" name="void_compute_output_buffer_2d_array_const_ap_shift_reg_n_chan_stream_weig_86_reg_230">
<pin_list>
<pin id="231" dir="0" index="0" bw="8" slack="1"/>
<pin id="232" dir="1" index="1" bw="8" slack="1"/>
</pin_list>
<bind>
<opset="void_compute_output_buffer_2d_array_const_ap_shift_reg_n_chan_stream_weig_86 (phireg) "/>
</bind>
</comp>

<comp id="234" class="1004" name="void_compute_output_buffer_2d_array_const_ap_shift_reg_n_chan_stream_weig_86_phi_fu_234">
<pin_list>
<pin id="235" dir="0" index="0" bw="1" slack="1"/>
<pin id="236" dir="0" index="1" bw="0" slack="2147483647"/>
<pin id="237" dir="0" index="2" bw="8" slack="0"/>
<pin id="238" dir="0" index="3" bw="0" slack="2147483647"/>
<pin id="239" dir="0" index="4" bw="1" slack="1"/>
<pin id="240" dir="0" index="5" bw="0" slack="2147483647"/>
<pin id="241" dir="1" index="6" bw="8" slack="0"/>
</pin_list>
<bind>
<opcode="phi(47) " fcode="phi"/>
<opset="void_compute_output_buffer_2d_array_const_ap_shift_reg_n_chan_stream_weig_86/2 "/>
</bind>
</comp>

<comp id="244" class="1005" name="void_compute_output_buffer_2d_array_const_ap_shift_reg_n_chan_stream_weig_87_reg_244">
<pin_list>
<pin id="245" dir="0" index="0" bw="8" slack="1"/>
<pin id="246" dir="1" index="1" bw="8" slack="1"/>
</pin_list>
<bind>
<opset="void_compute_output_buffer_2d_array_const_ap_shift_reg_n_chan_stream_weig_87 (phireg) "/>
</bind>
</comp>

<comp id="248" class="1004" name="void_compute_output_buffer_2d_array_const_ap_shift_reg_n_chan_stream_weig_87_phi_fu_248">
<pin_list>
<pin id="249" dir="0" index="0" bw="1" slack="1"/>
<pin id="250" dir="0" index="1" bw="0" slack="2147483647"/>
<pin id="251" dir="0" index="2" bw="8" slack="0"/>
<pin id="252" dir="0" index="3" bw="0" slack="2147483647"/>
<pin id="253" dir="0" index="4" bw="1" slack="1"/>
<pin id="254" dir="0" index="5" bw="0" slack="2147483647"/>
<pin id="255" dir="1" index="6" bw="8" slack="0"/>
</pin_list>
<bind>
<opcode="phi(47) " fcode="phi"/>
<opset="void_compute_output_buffer_2d_array_const_ap_shift_reg_n_chan_stream_weig_87/2 "/>
</bind>
</comp>

<comp id="258" class="1005" name="in_index14_reg_258">
<pin_list>
<pin id="259" dir="0" index="0" bw="32" slack="1"/>
<pin id="260" dir="1" index="1" bw="32" slack="1"/>
</pin_list>
<bind>
<opset="in_index14 (phireg) "/>
</bind>
</comp>

<comp id="262" class="1004" name="in_index14_phi_fu_262">
<pin_list>
<pin id="263" dir="0" index="0" bw="1" slack="1"/>
<pin id="264" dir="0" index="1" bw="0" slack="2147483647"/>
<pin id="265" dir="0" index="2" bw="32" slack="0"/>
<pin id="266" dir="0" index="3" bw="0" slack="2147483647"/>
<pin id="267" dir="0" index="4" bw="1" slack="1"/>
<pin id="268" dir="0" index="5" bw="0" slack="2147483647"/>
<pin id="269" dir="1" index="6" bw="32" slack="0"/>
</pin_list>
<bind>
<opcode="phi(47) " fcode="phi"/>
<opset="in_index14/2 "/>
</bind>
</comp>

<comp id="272" class="1005" name="void_compute_output_buffer_2d_array_const_ap_shift_reg_n_chan_stream_weig_61_reg_272">
<pin_list>
<pin id="273" dir="0" index="0" bw="8" slack="0"/>
<pin id="274" dir="1" index="1" bw="8" slack="0"/>
</pin_list>
<bind>
<opset="void_compute_output_buffer_2d_array_const_ap_shift_reg_n_chan_stream_weig_61 (phireg) "/>
</bind>
</comp>

<comp id="276" class="1004" name="void_compute_output_buffer_2d_array_const_ap_shift_reg_n_chan_stream_weig_61_phi_fu_276">
<pin_list>
<pin id="277" dir="0" index="0" bw="8" slack="1"/>
<pin id="278" dir="0" index="1" bw="0" slack="2147483647"/>
<pin id="279" dir="0" index="2" bw="8" slack="0"/>
<pin id="280" dir="0" index="3" bw="0" slack="2147483647"/>
<pin id="281" dir="1" index="4" bw="8" slack="0"/>
</pin_list>
<bind>
<opcode="phi(47) " fcode="phi"/>
<opset="void_compute_output_buffer_2d_array_const_ap_shift_reg_n_chan_stream_weig_61/2 "/>
</bind>
</comp>

<comp id="284" class="1005" name="void_compute_output_buffer_2d_array_const_ap_shift_reg_n_chan_stream_weig_62_reg_284">
<pin_list>
<pin id="285" dir="0" index="0" bw="8" slack="0"/>
<pin id="286" dir="1" index="1" bw="8" slack="0"/>
</pin_list>
<bind>
<opset="void_compute_output_buffer_2d_array_const_ap_shift_reg_n_chan_stream_weig_62 (phireg) "/>
</bind>
</comp>

<comp id="288" class="1004" name="void_compute_output_buffer_2d_array_const_ap_shift_reg_n_chan_stream_weig_62_phi_fu_288">
<pin_list>
<pin id="289" dir="0" index="0" bw="8" slack="1"/>
<pin id="290" dir="0" index="1" bw="0" slack="2147483647"/>
<pin id="291" dir="0" index="2" bw="8" slack="0"/>
<pin id="292" dir="0" index="3" bw="0" slack="2147483647"/>
<pin id="293" dir="1" index="4" bw="8" slack="0"/>
</pin_list>
<bind>
<opcode="phi(47) " fcode="phi"/>
<opset="void_compute_output_buffer_2d_array_const_ap_shift_reg_n_chan_stream_weig_62/2 "/>
</bind>
</comp>

<comp id="296" class="1005" name="void_compute_output_buffer_2d_array_const_ap_shift_reg_n_chan_stream_weig_63_reg_296">
<pin_list>
<pin id="297" dir="0" index="0" bw="8" slack="0"/>
<pin id="298" dir="1" index="1" bw="8" slack="0"/>
</pin_list>
<bind>
<opset="void_compute_output_buffer_2d_array_const_ap_shift_reg_n_chan_stream_weig_63 (phireg) "/>
</bind>
</comp>

<comp id="300" class="1004" name="void_compute_output_buffer_2d_array_const_ap_shift_reg_n_chan_stream_weig_63_phi_fu_300">
<pin_list>
<pin id="301" dir="0" index="0" bw="8" slack="1"/>
<pin id="302" dir="0" index="1" bw="0" slack="2147483647"/>
<pin id="303" dir="0" index="2" bw="8" slack="0"/>
<pin id="304" dir="0" index="3" bw="0" slack="2147483647"/>
<pin id="305" dir="1" index="4" bw="8" slack="0"/>
</pin_list>
<bind>
<opcode="phi(47) " fcode="phi"/>
<opset="void_compute_output_buffer_2d_array_const_ap_shift_reg_n_chan_stream_weig_63/2 "/>
</bind>
</comp>

<comp id="308" class="1005" name="void_compute_output_buffer_2d_array_const_ap_shift_reg_n_chan_stream_weig_64_reg_308">
<pin_list>
<pin id="309" dir="0" index="0" bw="8" slack="0"/>
<pin id="310" dir="1" index="1" bw="8" slack="0"/>
</pin_list>
<bind>
<opset="void_compute_output_buffer_2d_array_const_ap_shift_reg_n_chan_stream_weig_64 (phireg) "/>
</bind>
</comp>

<comp id="312" class="1004" name="void_compute_output_buffer_2d_array_const_ap_shift_reg_n_chan_stream_weig_64_phi_fu_312">
<pin_list>
<pin id="313" dir="0" index="0" bw="8" slack="1"/>
<pin id="314" dir="0" index="1" bw="0" slack="2147483647"/>
<pin id="315" dir="0" index="2" bw="8" slack="0"/>
<pin id="316" dir="0" index="3" bw="0" slack="2147483647"/>
<pin id="317" dir="1" index="4" bw="8" slack="0"/>
</pin_list>
<bind>
<opcode="phi(47) " fcode="phi"/>
<opset="void_compute_output_buffer_2d_array_const_ap_shift_reg_n_chan_stream_weig_64/2 "/>
</bind>
</comp>

<comp id="320" class="1005" name="void_compute_output_buffer_2d_array_const_ap_shift_reg_n_chan_stream_weig_65_reg_320">
<pin_list>
<pin id="321" dir="0" index="0" bw="8" slack="0"/>
<pin id="322" dir="1" index="1" bw="8" slack="0"/>
</pin_list>
<bind>
<opset="void_compute_output_buffer_2d_array_const_ap_shift_reg_n_chan_stream_weig_65 (phireg) "/>
</bind>
</comp>

<comp id="324" class="1004" name="void_compute_output_buffer_2d_array_const_ap_shift_reg_n_chan_stream_weig_65_phi_fu_324">
<pin_list>
<pin id="325" dir="0" index="0" bw="8" slack="1"/>
<pin id="326" dir="0" index="1" bw="0" slack="2147483647"/>
<pin id="327" dir="0" index="2" bw="8" slack="0"/>
<pin id="328" dir="0" index="3" bw="0" slack="2147483647"/>
<pin id="329" dir="1" index="4" bw="8" slack="0"/>
</pin_list>
<bind>
<opcode="phi(47) " fcode="phi"/>
<opset="void_compute_output_buffer_2d_array_const_ap_shift_reg_n_chan_stream_weig_65/2 "/>
</bind>
</comp>

<comp id="332" class="1005" name="void_compute_output_buffer_2d_array_const_ap_shift_reg_n_chan_stream_weig_66_reg_332">
<pin_list>
<pin id="333" dir="0" index="0" bw="8" slack="0"/>
<pin id="334" dir="1" index="1" bw="8" slack="0"/>
</pin_list>
<bind>
<opset="void_compute_output_buffer_2d_array_const_ap_shift_reg_n_chan_stream_weig_66 (phireg) "/>
</bind>
</comp>

<comp id="336" class="1004" name="void_compute_output_buffer_2d_array_const_ap_shift_reg_n_chan_stream_weig_66_phi_fu_336">
<pin_list>
<pin id="337" dir="0" index="0" bw="8" slack="1"/>
<pin id="338" dir="0" index="1" bw="0" slack="2147483647"/>
<pin id="339" dir="0" index="2" bw="8" slack="0"/>
<pin id="340" dir="0" index="3" bw="0" slack="2147483647"/>
<pin id="341" dir="1" index="4" bw="8" slack="0"/>
</pin_list>
<bind>
<opcode="phi(47) " fcode="phi"/>
<opset="void_compute_output_buffer_2d_array_const_ap_shift_reg_n_chan_stream_weig_66/2 "/>
</bind>
</comp>

<comp id="344" class="1005" name="void_compute_output_buffer_2d_array_const_ap_shift_reg_n_chan_stream_weig_67_reg_344">
<pin_list>
<pin id="345" dir="0" index="0" bw="8" slack="0"/>
<pin id="346" dir="1" index="1" bw="8" slack="0"/>
</pin_list>
<bind>
<opset="void_compute_output_buffer_2d_array_const_ap_shift_reg_n_chan_stream_weig_67 (phireg) "/>
</bind>
</comp>

<comp id="348" class="1004" name="void_compute_output_buffer_2d_array_const_ap_shift_reg_n_chan_stream_weig_67_phi_fu_348">
<pin_list>
<pin id="349" dir="0" index="0" bw="8" slack="1"/>
<pin id="350" dir="0" index="1" bw="0" slack="2147483647"/>
<pin id="351" dir="0" index="2" bw="8" slack="0"/>
<pin id="352" dir="0" index="3" bw="0" slack="2147483647"/>
<pin id="353" dir="1" index="4" bw="8" slack="0"/>
</pin_list>
<bind>
<opcode="phi(47) " fcode="phi"/>
<opset="void_compute_output_buffer_2d_array_const_ap_shift_reg_n_chan_stream_weig_67/2 "/>
</bind>
</comp>

<comp id="356" class="1005" name="void_compute_output_buffer_2d_array_const_ap_shift_reg_n_chan_stream_weig_68_reg_356">
<pin_list>
<pin id="357" dir="0" index="0" bw="8" slack="0"/>
<pin id="358" dir="1" index="1" bw="8" slack="0"/>
</pin_list>
<bind>
<opset="void_compute_output_buffer_2d_array_const_ap_shift_reg_n_chan_stream_weig_68 (phireg) "/>
</bind>
</comp>

<comp id="360" class="1004" name="void_compute_output_buffer_2d_array_const_ap_shift_reg_n_chan_stream_weig_68_phi_fu_360">
<pin_list>
<pin id="361" dir="0" index="0" bw="8" slack="1"/>
<pin id="362" dir="0" index="1" bw="0" slack="2147483647"/>
<pin id="363" dir="0" index="2" bw="8" slack="0"/>
<pin id="364" dir="0" index="3" bw="0" slack="2147483647"/>
<pin id="365" dir="1" index="4" bw="8" slack="0"/>
</pin_list>
<bind>
<opcode="phi(47) " fcode="phi"/>
<opset="void_compute_output_buffer_2d_array_const_ap_shift_reg_n_chan_stream_weig_68/2 "/>
</bind>
</comp>

<comp id="368" class="1005" name="void_compute_output_buffer_2d_array_const_ap_shift_reg_n_chan_stream_weig_69_reg_368">
<pin_list>
<pin id="369" dir="0" index="0" bw="8" slack="0"/>
<pin id="370" dir="1" index="1" bw="8" slack="0"/>
</pin_list>
<bind>
<opset="void_compute_output_buffer_2d_array_const_ap_shift_reg_n_chan_stream_weig_69 (phireg) "/>
</bind>
</comp>

<comp id="372" class="1004" name="void_compute_output_buffer_2d_array_const_ap_shift_reg_n_chan_stream_weig_69_phi_fu_372">
<pin_list>
<pin id="373" dir="0" index="0" bw="8" slack="1"/>
<pin id="374" dir="0" index="1" bw="0" slack="2147483647"/>
<pin id="375" dir="0" index="2" bw="8" slack="0"/>
<pin id="376" dir="0" index="3" bw="0" slack="2147483647"/>
<pin id="377" dir="1" index="4" bw="8" slack="0"/>
</pin_list>
<bind>
<opcode="phi(47) " fcode="phi"/>
<opset="void_compute_output_buffer_2d_array_const_ap_shift_reg_n_chan_stream_weig_69/2 "/>
</bind>
</comp>

<comp id="380" class="1005" name="res_0_0_i12_reg_380">
<pin_list>
<pin id="381" dir="0" index="0" bw="8" slack="2"/>
<pin id="382" dir="1" index="1" bw="8" slack="2"/>
</pin_list>
<bind>
<opset="res_0_0_i12 (phireg) "/>
</bind>
</comp>

<comp id="384" class="1004" name="res_0_0_i12_phi_fu_384">
<pin_list>
<pin id="385" dir="0" index="0" bw="1" slack="2"/>
<pin id="386" dir="0" index="1" bw="0" slack="2147483647"/>
<pin id="387" dir="0" index="2" bw="8" slack="0"/>
<pin id="388" dir="0" index="3" bw="0" slack="2147483647"/>
<pin id="389" dir="0" index="4" bw="1" slack="2"/>
<pin id="390" dir="0" index="5" bw="0" slack="2147483647"/>
<pin id="391" dir="1" index="6" bw="8" slack="0"/>
</pin_list>
<bind>
<opcode="phi(47) " fcode="phi"/>
<opset="res_0_0_i12/3 "/>
</bind>
</comp>

<comp id="394" class="1005" name="res_1_0_i10_reg_394">
<pin_list>
<pin id="395" dir="0" index="0" bw="8" slack="2"/>
<pin id="396" dir="1" index="1" bw="8" slack="2"/>
</pin_list>
<bind>
<opset="res_1_0_i10 (phireg) "/>
</bind>
</comp>

<comp id="398" class="1004" name="res_1_0_i10_phi_fu_398">
<pin_list>
<pin id="399" dir="0" index="0" bw="1" slack="2"/>
<pin id="400" dir="0" index="1" bw="0" slack="2147483647"/>
<pin id="401" dir="0" index="2" bw="8" slack="0"/>
<pin id="402" dir="0" index="3" bw="0" slack="2147483647"/>
<pin id="403" dir="0" index="4" bw="1" slack="2"/>
<pin id="404" dir="0" index="5" bw="0" slack="2147483647"/>
<pin id="405" dir="1" index="6" bw="8" slack="0"/>
</pin_list>
<bind>
<opcode="phi(47) " fcode="phi"/>
<opset="res_1_0_i10/3 "/>
</bind>
</comp>

<comp id="408" class="1004" name="void_compute_output_buffer_2d_array_const_ap_shift_reg_n_chan_stream_weig_70_load_fu_408">
<pin_list>
<pin id="409" dir="0" index="0" bw="8" slack="0"/>
<pin id="410" dir="1" index="1" bw="8" slack="1"/>
</pin_list>
<bind>
<opcode="load(27) " fcode="load"/>
<opset="void_compute_output_buffer_2d_array_const_ap_shift_reg_n_chan_stream_weig_70/1 "/>
</bind>
</comp>

<comp id="412" class="1004" name="void_compute_output_buffer_2d_array_const_ap_shift_reg_n_chan_stream_weig_71_load_fu_412">
<pin_list>
<pin id="413" dir="0" index="0" bw="8" slack="0"/>
<pin id="414" dir="1" index="1" bw="8" slack="1"/>
</pin_list>
<bind>
<opcode="load(27) " fcode="load"/>
<opset="void_compute_output_buffer_2d_array_const_ap_shift_reg_n_chan_stream_weig_71/1 "/>
</bind>
</comp>

<comp id="416" class="1004" name="void_compute_output_buffer_2d_array_const_ap_shift_reg_n_chan_stream_weig_72_load_fu_416">
<pin_list>
<pin id="417" dir="0" index="0" bw="8" slack="0"/>
<pin id="418" dir="1" index="1" bw="8" slack="1"/>
</pin_list>
<bind>
<opcode="load(27) " fcode="load"/>
<opset="void_compute_output_buffer_2d_array_const_ap_shift_reg_n_chan_stream_weig_72/1 "/>
</bind>
</comp>

<comp id="420" class="1004" name="void_compute_output_buffer_2d_array_const_ap_shift_reg_n_chan_stream_weig_73_load_fu_420">
<pin_list>
<pin id="421" dir="0" index="0" bw="8" slack="0"/>
<pin id="422" dir="1" index="1" bw="8" slack="1"/>
</pin_list>
<bind>
<opcode="load(27) " fcode="load"/>
<opset="void_compute_output_buffer_2d_array_const_ap_shift_reg_n_chan_stream_weig_73/1 "/>
</bind>
</comp>

<comp id="424" class="1004" name="void_compute_output_buffer_2d_array_const_ap_shift_reg_n_chan_stream_weig_74_load_fu_424">
<pin_list>
<pin id="425" dir="0" index="0" bw="8" slack="0"/>
<pin id="426" dir="1" index="1" bw="8" slack="1"/>
</pin_list>
<bind>
<opcode="load(27) " fcode="load"/>
<opset="void_compute_output_buffer_2d_array_const_ap_shift_reg_n_chan_stream_weig_74/1 "/>
</bind>
</comp>

<comp id="428" class="1004" name="void_compute_output_buffer_2d_array_const_ap_shift_reg_n_chan_stream_weig_75_load_fu_428">
<pin_list>
<pin id="429" dir="0" index="0" bw="8" slack="0"/>
<pin id="430" dir="1" index="1" bw="8" slack="1"/>
</pin_list>
<bind>
<opcode="load(27) " fcode="load"/>
<opset="void_compute_output_buffer_2d_array_const_ap_shift_reg_n_chan_stream_weig_75/1 "/>
</bind>
</comp>

<comp id="432" class="1004" name="void_compute_output_buffer_2d_array_const_ap_shift_reg_n_chan_stream_weig_76_load_fu_432">
<pin_list>
<pin id="433" dir="0" index="0" bw="8" slack="0"/>
<pin id="434" dir="1" index="1" bw="8" slack="1"/>
</pin_list>
<bind>
<opcode="load(27) " fcode="load"/>
<opset="void_compute_output_buffer_2d_array_const_ap_shift_reg_n_chan_stream_weig_76/1 "/>
</bind>
</comp>

<comp id="436" class="1004" name="void_compute_output_buffer_2d_array_const_ap_shift_reg_n_chan_stream_weig_77_load_fu_436">
<pin_list>
<pin id="437" dir="0" index="0" bw="8" slack="0"/>
<pin id="438" dir="1" index="1" bw="8" slack="1"/>
</pin_list>
<bind>
<opcode="load(27) " fcode="load"/>
<opset="void_compute_output_buffer_2d_array_const_ap_shift_reg_n_chan_stream_weig_77/1 "/>
</bind>
</comp>

<comp id="440" class="1004" name="void_compute_output_buffer_2d_array_const_ap_shift_reg_n_chan_stream_weig_78_load_fu_440">
<pin_list>
<pin id="441" dir="0" index="0" bw="8" slack="0"/>
<pin id="442" dir="1" index="1" bw="8" slack="1"/>
</pin_list>
<bind>
<opcode="load(27) " fcode="load"/>
<opset="void_compute_output_buffer_2d_array_const_ap_shift_reg_n_chan_stream_weig_78/1 "/>
</bind>
</comp>

<comp id="444" class="1004" name="zext_ln135_fu_444">
<pin_list>
<pin id="445" dir="0" index="0" bw="5" slack="0"/>
<pin id="446" dir="1" index="1" bw="64" slack="0"/>
</pin_list>
<bind>
<opcode="zext(34) " fcode="zext"/>
<opset="zext_ln135/1 "/>
</bind>
</comp>

<comp id="450" class="1004" name="w_index_fu_450">
<pin_list>
<pin id="451" dir="0" index="0" bw="5" slack="0"/>
<pin id="452" dir="0" index="1" bw="1" slack="0"/>
<pin id="453" dir="1" index="2" bw="5" slack="0"/>
</pin_list>
<bind>
<opcode="add(8) " fcode="add"/>
<opset="w_index/1 "/>
</bind>
</comp>

<comp id="456" class="1004" name="icmp_ln135_fu_456">
<pin_list>
<pin id="457" dir="0" index="0" bw="5" slack="0"/>
<pin id="458" dir="0" index="1" bw="5" slack="0"/>
<pin id="459" dir="1" index="2" bw="1" slack="1"/>
</pin_list>
<bind>
<opcode="icmp(45) " fcode="icmp"/>
<opset="icmp_ln135/1 "/>
</bind>
</comp>

<comp id="462" class="1004" name="a_V_fu_462">
<pin_list>
<pin id="463" dir="0" index="0" bw="8" slack="0"/>
<pin id="464" dir="0" index="1" bw="8" slack="0"/>
<pin id="465" dir="0" index="2" bw="8" slack="0"/>
<pin id="466" dir="0" index="3" bw="8" slack="0"/>
<pin id="467" dir="0" index="4" bw="8" slack="0"/>
<pin id="468" dir="0" index="5" bw="8" slack="0"/>
<pin id="469" dir="0" index="6" bw="8" slack="0"/>
<pin id="470" dir="0" index="7" bw="8" slack="0"/>
<pin id="471" dir="0" index="8" bw="8" slack="0"/>
<pin id="472" dir="0" index="9" bw="8" slack="0"/>
<pin id="473" dir="0" index="10" bw="32" slack="0"/>
<pin id="474" dir="1" index="11" bw="8" slack="0"/>
</pin_list>
<bind>
<opcode="mux(1196) " fcode="mux"/>
<opset="a_V/2 "/>
</bind>
</comp>

<comp id="486" class="1004" name="sext_ln1168_fu_486">
<pin_list>
<pin id="487" dir="0" index="0" bw="8" slack="0"/>
<pin id="488" dir="1" index="1" bw="14" slack="0"/>
</pin_list>
<bind>
<opcode="sext(35) " fcode="sext"/>
<opset="sext_ln1168/2 "/>
</bind>
</comp>

<comp id="490" class="1004" name="sext_ln1168_2_fu_490">
<pin_list>
<pin id="491" dir="0" index="0" bw="7" slack="0"/>
<pin id="492" dir="1" index="1" bw="14" slack="0"/>
</pin_list>
<bind>
<opcode="sext(35) " fcode="sext"/>
<opset="sext_ln1168_2/2 "/>
</bind>
</comp>

<comp id="494" class="1004" name="mul_ln1168_fu_494">
<pin_list>
<pin id="495" dir="0" index="0" bw="8" slack="0"/>
<pin id="496" dir="0" index="1" bw="7" slack="0"/>
<pin id="497" dir="1" index="2" bw="14" slack="0"/>
</pin_list>
<bind>
<opcode="mul(12) " fcode="mul"/>
<opset="mul_ln1168/2 "/>
</bind>
</comp>

<comp id="500" class="1004" name="rhs_fu_500">
<pin_list>
<pin id="501" dir="0" index="0" bw="8" slack="0"/>
<pin id="502" dir="0" index="1" bw="14" slack="0"/>
<pin id="503" dir="0" index="2" bw="4" slack="0"/>
<pin id="504" dir="0" index="3" bw="5" slack="0"/>
<pin id="505" dir="1" index="4" bw="8" slack="1"/>
</pin_list>
<bind>
<opcode="partselect(1002) " fcode="partselect"/>
<opset="rhs/2 "/>
</bind>
</comp>

<comp id="510" class="1004" name="in_index_1_fu_510">
<pin_list>
<pin id="511" dir="0" index="0" bw="32" slack="0"/>
<pin id="512" dir="0" index="1" bw="1" slack="0"/>
<pin id="513" dir="1" index="2" bw="32" slack="0"/>
</pin_list>
<bind>
<opcode="add(8) " fcode="add"/>
<opset="in_index_1/2 "/>
</bind>
</comp>

<comp id="516" class="1004" name="icmp_ln154_fu_516">
<pin_list>
<pin id="517" dir="0" index="0" bw="32" slack="0"/>
<pin id="518" dir="0" index="1" bw="5" slack="0"/>
<pin id="519" dir="1" index="2" bw="1" slack="0"/>
</pin_list>
<bind>
<opcode="icmp(45) " fcode="icmp"/>
<opset="icmp_ln154/2 "/>
</bind>
</comp>

<comp id="522" class="1004" name="in_index_fu_522">
<pin_list>
<pin id="523" dir="0" index="0" bw="1" slack="0"/>
<pin id="524" dir="0" index="1" bw="1" slack="0"/>
<pin id="525" dir="0" index="2" bw="32" slack="0"/>
<pin id="526" dir="1" index="3" bw="32" slack="0"/>
</pin_list>
<bind>
<opcode="select(49) " fcode="select"/>
<opset="in_index/2 "/>
</bind>
</comp>

<comp id="530" class="1004" name="lhs_fu_530">
<pin_list>
<pin id="531" dir="0" index="0" bw="8" slack="0"/>
<pin id="532" dir="0" index="1" bw="8" slack="0"/>
<pin id="533" dir="0" index="2" bw="8" slack="0"/>
<pin id="534" dir="0" index="3" bw="1" slack="1"/>
<pin id="535" dir="1" index="4" bw="8" slack="0"/>
</pin_list>
<bind>
<opcode="mux(1196) " fcode="mux"/>
<opset="lhs/3 "/>
</bind>
</comp>

<comp id="539" class="1004" name="sext_ln712_fu_539">
<pin_list>
<pin id="540" dir="0" index="0" bw="8" slack="0"/>
<pin id="541" dir="1" index="1" bw="9" slack="0"/>
</pin_list>
<bind>
<opcode="sext(35) " fcode="sext"/>
<opset="sext_ln712/3 "/>
</bind>
</comp>

<comp id="543" class="1004" name="sext_ln712_1_fu_543">
<pin_list>
<pin id="544" dir="0" index="0" bw="8" slack="1"/>
<pin id="545" dir="1" index="1" bw="9" slack="0"/>
</pin_list>
<bind>
<opcode="sext(35) " fcode="sext"/>
<opset="sext_ln712_1/3 "/>
</bind>
</comp>

<comp id="546" class="1004" name="xor_ln712_fu_546">
<pin_list>
<pin id="547" dir="0" index="0" bw="1" slack="1"/>
<pin id="548" dir="0" index="1" bw="1" slack="0"/>
<pin id="549" dir="1" index="2" bw="1" slack="0"/>
</pin_list>
<bind>
<opcode="xor(25) " fcode="xor"/>
<opset="xor_ln712/3 "/>
</bind>
</comp>

<comp id="551" class="1004" name="sub_ln707_fu_551">
<pin_list>
<pin id="552" dir="0" index="0" bw="1" slack="0"/>
<pin id="553" dir="0" index="1" bw="8" slack="0"/>
<pin id="554" dir="1" index="2" bw="9" slack="0"/>
</pin_list>
<bind>
<opcode="sub(10) " fcode="sub"/>
<opset="sub_ln707/3 "/>
</bind>
</comp>

<comp id="557" class="1004" name="icmp_ln707_fu_557">
<pin_list>
<pin id="558" dir="0" index="0" bw="8" slack="0"/>
<pin id="559" dir="0" index="1" bw="9" slack="0"/>
<pin id="560" dir="1" index="2" bw="1" slack="0"/>
</pin_list>
<bind>
<opcode="icmp(45) " fcode="icmp"/>
<opset="icmp_ln707/3 "/>
</bind>
</comp>

<comp id="563" class="1004" name="or_ln707_fu_563">
<pin_list>
<pin id="564" dir="0" index="0" bw="1" slack="0"/>
<pin id="565" dir="0" index="1" bw="1" slack="0"/>
<pin id="566" dir="1" index="2" bw="1" slack="0"/>
</pin_list>
<bind>
<opcode="or(24) " fcode="or"/>
<opset="or_ln707/3 "/>
</bind>
</comp>

<comp id="569" class="1004" name="select_ln707_fu_569">
<pin_list>
<pin id="570" dir="0" index="0" bw="1" slack="0"/>
<pin id="571" dir="0" index="1" bw="8" slack="0"/>
<pin id="572" dir="0" index="2" bw="1" slack="0"/>
<pin id="573" dir="1" index="3" bw="8" slack="0"/>
</pin_list>
<bind>
<opcode="select(49) " fcode="select"/>
<opset="select_ln707/3 "/>
</bind>
</comp>

<comp id="577" class="1004" name="select_ln707_1_fu_577">
<pin_list>
<pin id="578" dir="0" index="0" bw="1" slack="0"/>
<pin id="579" dir="0" index="1" bw="8" slack="0"/>
<pin id="580" dir="0" index="2" bw="1" slack="0"/>
<pin id="581" dir="1" index="3" bw="8" slack="0"/>
</pin_list>
<bind>
<opcode="select(49) " fcode="select"/>
<opset="select_ln707_1/3 "/>
</bind>
</comp>

<comp id="585" class="1004" name="select_ln707_2_fu_585">
<pin_list>
<pin id="586" dir="0" index="0" bw="1" slack="0"/>
<pin id="587" dir="0" index="1" bw="8" slack="0"/>
<pin id="588" dir="0" index="2" bw="8" slack="0"/>
<pin id="589" dir="1" index="3" bw="8" slack="0"/>
</pin_list>
<bind>
<opcode="select(49) " fcode="select"/>
<opset="select_ln707_2/3 "/>
</bind>
</comp>

<comp id="593" class="1004" name="add_ln712_fu_593">
<pin_list>
<pin id="594" dir="0" index="0" bw="8" slack="1"/>
<pin id="595" dir="0" index="1" bw="8" slack="0"/>
<pin id="596" dir="1" index="2" bw="8" slack="0"/>
</pin_list>
<bind>
<opcode="add(8) " fcode="add"/>
<opset="add_ln712/3 "/>
</bind>
</comp>

<comp id="598" class="1004" name="acc_V_1_fu_598">
<pin_list>
<pin id="599" dir="0" index="0" bw="1" slack="1"/>
<pin id="600" dir="0" index="1" bw="8" slack="0"/>
<pin id="601" dir="0" index="2" bw="8" slack="0"/>
<pin id="602" dir="1" index="3" bw="8" slack="0"/>
</pin_list>
<bind>
<opcode="select(49) " fcode="select"/>
<opset="acc_V_1/3 "/>
</bind>
</comp>

<comp id="605" class="1004" name="acc_V_fu_605">
<pin_list>
<pin id="606" dir="0" index="0" bw="1" slack="1"/>
<pin id="607" dir="0" index="1" bw="8" slack="0"/>
<pin id="608" dir="0" index="2" bw="8" slack="0"/>
<pin id="609" dir="1" index="3" bw="8" slack="0"/>
</pin_list>
<bind>
<opcode="select(49) " fcode="select"/>
<opset="acc_V/3 "/>
</bind>
</comp>

<comp id="612" class="1004" name="mrv_i_fu_612">
<pin_list>
<pin id="613" dir="0" index="0" bw="16" slack="0"/>
<pin id="614" dir="0" index="1" bw="8" slack="0"/>
<pin id="615" dir="1" index="2" bw="16" slack="0"/>
</pin_list>
<bind>
<opcode="insertvalue(57) " fcode="insertvalue"/>
<opset="mrv_i/3 "/>
</bind>
</comp>

<comp id="618" class="1004" name="mrv_1_i_fu_618">
<pin_list>
<pin id="619" dir="0" index="0" bw="16" slack="0"/>
<pin id="620" dir="0" index="1" bw="8" slack="0"/>
<pin id="621" dir="1" index="2" bw="16" slack="0"/>
</pin_list>
<bind>
<opcode="insertvalue(57) " fcode="insertvalue"/>
<opset="mrv_1_i/3 "/>
</bind>
</comp>

<comp id="624" class="1004" name="return_ln166_fu_624">
<pin_list>
<pin id="625" dir="0" index="0" bw="16" slack="0"/>
<pin id="626" dir="1" index="1" bw="0" slack="2147483647"/>
</pin_list>
<bind>
<opcode="return(1203) " fcode="return"/>
<opset="return_ln166/3 "/>
</bind>
</comp>

<comp id="628" class="1005" name="void_compute_output_buffer_2d_array_const_ap_shift_reg_n_chan_stream_weig_70_reg_628">
<pin_list>
<pin id="629" dir="0" index="0" bw="8" slack="1"/>
<pin id="630" dir="1" index="1" bw="8" slack="1"/>
</pin_list>
<bind>
<opset="void_compute_output_buffer_2d_array_const_ap_shift_reg_n_chan_stream_weig_70 "/>
</bind>
</comp>

<comp id="633" class="1005" name="void_compute_output_buffer_2d_array_const_ap_shift_reg_n_chan_stream_weig_71_reg_633">
<pin_list>
<pin id="634" dir="0" index="0" bw="8" slack="1"/>
<pin id="635" dir="1" index="1" bw="8" slack="1"/>
</pin_list>
<bind>
<opset="void_compute_output_buffer_2d_array_const_ap_shift_reg_n_chan_stream_weig_71 "/>
</bind>
</comp>

<comp id="638" class="1005" name="void_compute_output_buffer_2d_array_const_ap_shift_reg_n_chan_stream_weig_72_reg_638">
<pin_list>
<pin id="639" dir="0" index="0" bw="8" slack="1"/>
<pin id="640" dir="1" index="1" bw="8" slack="1"/>
</pin_list>
<bind>
<opset="void_compute_output_buffer_2d_array_const_ap_shift_reg_n_chan_stream_weig_72 "/>
</bind>
</comp>

<comp id="643" class="1005" name="void_compute_output_buffer_2d_array_const_ap_shift_reg_n_chan_stream_weig_73_reg_643">
<pin_list>
<pin id="644" dir="0" index="0" bw="8" slack="1"/>
<pin id="645" dir="1" index="1" bw="8" slack="1"/>
</pin_list>
<bind>
<opset="void_compute_output_buffer_2d_array_const_ap_shift_reg_n_chan_stream_weig_73 "/>
</bind>
</comp>

<comp id="648" class="1005" name="void_compute_output_buffer_2d_array_const_ap_shift_reg_n_chan_stream_weig_74_reg_648">
<pin_list>
<pin id="649" dir="0" index="0" bw="8" slack="1"/>
<pin id="650" dir="1" index="1" bw="8" slack="1"/>
</pin_list>
<bind>
<opset="void_compute_output_buffer_2d_array_const_ap_shift_reg_n_chan_stream_weig_74 "/>
</bind>
</comp>

<comp id="653" class="1005" name="void_compute_output_buffer_2d_array_const_ap_shift_reg_n_chan_stream_weig_75_reg_653">
<pin_list>
<pin id="654" dir="0" index="0" bw="8" slack="1"/>
<pin id="655" dir="1" index="1" bw="8" slack="1"/>
</pin_list>
<bind>
<opset="void_compute_output_buffer_2d_array_const_ap_shift_reg_n_chan_stream_weig_75 "/>
</bind>
</comp>

<comp id="658" class="1005" name="void_compute_output_buffer_2d_array_const_ap_shift_reg_n_chan_stream_weig_76_reg_658">
<pin_list>
<pin id="659" dir="0" index="0" bw="8" slack="1"/>
<pin id="660" dir="1" index="1" bw="8" slack="1"/>
</pin_list>
<bind>
<opset="void_compute_output_buffer_2d_array_const_ap_shift_reg_n_chan_stream_weig_76 "/>
</bind>
</comp>

<comp id="663" class="1005" name="void_compute_output_buffer_2d_array_const_ap_shift_reg_n_chan_stream_weig_77_reg_663">
<pin_list>
<pin id="664" dir="0" index="0" bw="8" slack="1"/>
<pin id="665" dir="1" index="1" bw="8" slack="1"/>
</pin_list>
<bind>
<opset="void_compute_output_buffer_2d_array_const_ap_shift_reg_n_chan_stream_weig_77 "/>
</bind>
</comp>

<comp id="668" class="1005" name="void_compute_output_buffer_2d_array_const_ap_shift_reg_n_chan_stream_weig_78_reg_668">
<pin_list>
<pin id="669" dir="0" index="0" bw="8" slack="1"/>
<pin id="670" dir="1" index="1" bw="8" slack="1"/>
</pin_list>
<bind>
<opset="void_compute_output_buffer_2d_array_const_ap_shift_reg_n_chan_stream_weig_78 "/>
</bind>
</comp>

<comp id="673" class="1005" name="outidx_addr_reg_673">
<pin_list>
<pin id="674" dir="0" index="0" bw="5" slack="1"/>
<pin id="675" dir="1" index="1" bw="5" slack="1"/>
</pin_list>
<bind>
<opset="outidx_addr "/>
</bind>
</comp>

<comp id="678" class="1005" name="w2_V_addr_reg_678">
<pin_list>
<pin id="679" dir="0" index="0" bw="5" slack="1"/>
<pin id="680" dir="1" index="1" bw="5" slack="1"/>
</pin_list>
<bind>
<opset="w2_V_addr "/>
</bind>
</comp>

<comp id="683" class="1005" name="w_index_reg_683">
<pin_list>
<pin id="684" dir="0" index="0" bw="5" slack="0"/>
<pin id="685" dir="1" index="1" bw="5" slack="0"/>
</pin_list>
<bind>
<opset="w_index "/>
</bind>
</comp>

<comp id="688" class="1005" name="icmp_ln135_reg_688">
<pin_list>
<pin id="689" dir="0" index="0" bw="1" slack="1"/>
<pin id="690" dir="1" index="1" bw="1" slack="2147483647"/>
</pin_list>
<bind>
<opset="icmp_ln135 "/>
</bind>
</comp>

<comp id="692" class="1005" name="out_index_reg_692">
<pin_list>
<pin id="693" dir="0" index="0" bw="1" slack="1"/>
<pin id="694" dir="1" index="1" bw="1" slack="1"/>
</pin_list>
<bind>
<opset="out_index "/>
</bind>
</comp>

<comp id="700" class="1005" name="rhs_reg_700">
<pin_list>
<pin id="701" dir="0" index="0" bw="8" slack="1"/>
<pin id="702" dir="1" index="1" bw="8" slack="1"/>
</pin_list>
<bind>
<opset="rhs "/>
</bind>
</comp>

<comp id="706" class="1005" name="in_index_reg_706">
<pin_list>
<pin id="707" dir="0" index="0" bw="32" slack="0"/>
<pin id="708" dir="1" index="1" bw="32" slack="0"/>
</pin_list>
<bind>
<opset="in_index "/>
</bind>
</comp>

<comp id="711" class="1005" name="acc_V_1_reg_711">
<pin_list>
<pin id="712" dir="0" index="0" bw="8" slack="0"/>
<pin id="713" dir="1" index="1" bw="8" slack="0"/>
</pin_list>
<bind>
<opset="acc_V_1 "/>
</bind>
</comp>

<comp id="716" class="1005" name="acc_V_reg_716">
<pin_list>
<pin id="717" dir="0" index="0" bw="8" slack="0"/>
<pin id="718" dir="1" index="1" bw="8" slack="0"/>
</pin_list>
<bind>
<opset="acc_V "/>
</bind>
</comp>

</comp_list>

<net_list>
<net id="83"><net_src comp="0" pin="0"/><net_sink comp="78" pin=0"/></net>

<net id="84"><net_src comp="36" pin="0"/><net_sink comp="78" pin=1"/></net>

<net id="90"><net_src comp="78" pin="3"/><net_sink comp="85" pin=0"/></net>

<net id="96"><net_src comp="2" pin="0"/><net_sink comp="91" pin=0"/></net>

<net id="97"><net_src comp="36" pin="0"/><net_sink comp="91" pin=1"/></net>

<net id="103"><net_src comp="91" pin="3"/><net_sink comp="98" pin=0"/></net>

<net id="115"><net_src comp="22" pin="0"/><net_sink comp="107" pin=0"/></net>

<net id="116"><net_src comp="24" pin="0"/><net_sink comp="107" pin=2"/></net>

<net id="117"><net_src comp="22" pin="0"/><net_sink comp="107" pin=4"/></net>

<net id="118"><net_src comp="107" pin="6"/><net_sink comp="104" pin=0"/></net>

<net id="130"><net_src comp="26" pin="0"/><net_sink comp="122" pin=0"/></net>

<net id="131"><net_src comp="26" pin="0"/><net_sink comp="122" pin=4"/></net>

<net id="135"><net_src comp="42" pin="0"/><net_sink comp="132" pin=0"/></net>

<net id="144"><net_src comp="132" pin="1"/><net_sink comp="136" pin=0"/></net>

<net id="145"><net_src comp="132" pin="1"/><net_sink comp="136" pin=4"/></net>

<net id="149"><net_src comp="42" pin="0"/><net_sink comp="146" pin=0"/></net>

<net id="158"><net_src comp="146" pin="1"/><net_sink comp="150" pin=0"/></net>

<net id="159"><net_src comp="146" pin="1"/><net_sink comp="150" pin=4"/></net>

<net id="163"><net_src comp="42" pin="0"/><net_sink comp="160" pin=0"/></net>

<net id="172"><net_src comp="160" pin="1"/><net_sink comp="164" pin=0"/></net>

<net id="173"><net_src comp="160" pin="1"/><net_sink comp="164" pin=4"/></net>

<net id="177"><net_src comp="42" pin="0"/><net_sink comp="174" pin=0"/></net>

<net id="186"><net_src comp="174" pin="1"/><net_sink comp="178" pin=0"/></net>

<net id="187"><net_src comp="174" pin="1"/><net_sink comp="178" pin=4"/></net>

<net id="191"><net_src comp="42" pin="0"/><net_sink comp="188" pin=0"/></net>

<net id="200"><net_src comp="188" pin="1"/><net_sink comp="192" pin=0"/></net>

<net id="201"><net_src comp="188" pin="1"/><net_sink comp="192" pin=4"/></net>

<net id="205"><net_src comp="42" pin="0"/><net_sink comp="202" pin=0"/></net>

<net id="214"><net_src comp="202" pin="1"/><net_sink comp="206" pin=0"/></net>

<net id="215"><net_src comp="202" pin="1"/><net_sink comp="206" pin=4"/></net>

<net id="219"><net_src comp="42" pin="0"/><net_sink comp="216" pin=0"/></net>

<net id="228"><net_src comp="216" pin="1"/><net_sink comp="220" pin=0"/></net>

<net id="229"><net_src comp="216" pin="1"/><net_sink comp="220" pin=4"/></net>

<net id="233"><net_src comp="42" pin="0"/><net_sink comp="230" pin=0"/></net>

<net id="242"><net_src comp="230" pin="1"/><net_sink comp="234" pin=0"/></net>

<net id="243"><net_src comp="230" pin="1"/><net_sink comp="234" pin=4"/></net>

<net id="247"><net_src comp="42" pin="0"/><net_sink comp="244" pin=0"/></net>

<net id="256"><net_src comp="244" pin="1"/><net_sink comp="248" pin=0"/></net>

<net id="257"><net_src comp="244" pin="1"/><net_sink comp="248" pin=4"/></net>

<net id="261"><net_src comp="44" pin="0"/><net_sink comp="258" pin=0"/></net>

<net id="270"><net_src comp="258" pin="1"/><net_sink comp="262" pin=0"/></net>

<net id="271"><net_src comp="258" pin="1"/><net_sink comp="262" pin=4"/></net>

<net id="275"><net_src comp="272" pin="1"/><net_sink comp="136" pin=2"/></net>

<net id="282"><net_src comp="136" pin="6"/><net_sink comp="276" pin=2"/></net>

<net id="283"><net_src comp="276" pin="4"/><net_sink comp="272" pin=0"/></net>

<net id="287"><net_src comp="284" pin="1"/><net_sink comp="150" pin=2"/></net>

<net id="294"><net_src comp="150" pin="6"/><net_sink comp="288" pin=2"/></net>

<net id="295"><net_src comp="288" pin="4"/><net_sink comp="284" pin=0"/></net>

<net id="299"><net_src comp="296" pin="1"/><net_sink comp="164" pin=2"/></net>

<net id="306"><net_src comp="164" pin="6"/><net_sink comp="300" pin=2"/></net>

<net id="307"><net_src comp="300" pin="4"/><net_sink comp="296" pin=0"/></net>

<net id="311"><net_src comp="308" pin="1"/><net_sink comp="178" pin=2"/></net>

<net id="318"><net_src comp="178" pin="6"/><net_sink comp="312" pin=2"/></net>

<net id="319"><net_src comp="312" pin="4"/><net_sink comp="308" pin=0"/></net>

<net id="323"><net_src comp="320" pin="1"/><net_sink comp="192" pin=2"/></net>

<net id="330"><net_src comp="192" pin="6"/><net_sink comp="324" pin=2"/></net>

<net id="331"><net_src comp="324" pin="4"/><net_sink comp="320" pin=0"/></net>

<net id="335"><net_src comp="332" pin="1"/><net_sink comp="206" pin=2"/></net>

<net id="342"><net_src comp="206" pin="6"/><net_sink comp="336" pin=2"/></net>

<net id="343"><net_src comp="336" pin="4"/><net_sink comp="332" pin=0"/></net>

<net id="347"><net_src comp="344" pin="1"/><net_sink comp="220" pin=2"/></net>

<net id="354"><net_src comp="220" pin="6"/><net_sink comp="348" pin=2"/></net>

<net id="355"><net_src comp="348" pin="4"/><net_sink comp="344" pin=0"/></net>

<net id="359"><net_src comp="356" pin="1"/><net_sink comp="234" pin=2"/></net>

<net id="366"><net_src comp="234" pin="6"/><net_sink comp="360" pin=2"/></net>

<net id="367"><net_src comp="360" pin="4"/><net_sink comp="356" pin=0"/></net>

<net id="371"><net_src comp="368" pin="1"/><net_sink comp="248" pin=2"/></net>

<net id="378"><net_src comp="248" pin="6"/><net_sink comp="372" pin=2"/></net>

<net id="379"><net_src comp="372" pin="4"/><net_sink comp="368" pin=0"/></net>

<net id="383"><net_src comp="58" pin="0"/><net_sink comp="380" pin=0"/></net>

<net id="392"><net_src comp="380" pin="1"/><net_sink comp="384" pin=0"/></net>

<net id="393"><net_src comp="380" pin="1"/><net_sink comp="384" pin=4"/></net>

<net id="397"><net_src comp="58" pin="0"/><net_sink comp="394" pin=0"/></net>

<net id="406"><net_src comp="394" pin="1"/><net_sink comp="398" pin=0"/></net>

<net id="407"><net_src comp="394" pin="1"/><net_sink comp="398" pin=4"/></net>

<net id="411"><net_src comp="4" pin="0"/><net_sink comp="408" pin=0"/></net>

<net id="415"><net_src comp="6" pin="0"/><net_sink comp="412" pin=0"/></net>

<net id="419"><net_src comp="8" pin="0"/><net_sink comp="416" pin=0"/></net>

<net id="423"><net_src comp="10" pin="0"/><net_sink comp="420" pin=0"/></net>

<net id="427"><net_src comp="12" pin="0"/><net_sink comp="424" pin=0"/></net>

<net id="431"><net_src comp="14" pin="0"/><net_sink comp="428" pin=0"/></net>

<net id="435"><net_src comp="16" pin="0"/><net_sink comp="432" pin=0"/></net>

<net id="439"><net_src comp="18" pin="0"/><net_sink comp="436" pin=0"/></net>

<net id="443"><net_src comp="20" pin="0"/><net_sink comp="440" pin=0"/></net>

<net id="447"><net_src comp="122" pin="6"/><net_sink comp="444" pin=0"/></net>

<net id="448"><net_src comp="444" pin="1"/><net_sink comp="78" pin=2"/></net>

<net id="449"><net_src comp="444" pin="1"/><net_sink comp="91" pin=2"/></net>

<net id="454"><net_src comp="122" pin="6"/><net_sink comp="450" pin=0"/></net>

<net id="455"><net_src comp="38" pin="0"/><net_sink comp="450" pin=1"/></net>

<net id="460"><net_src comp="122" pin="6"/><net_sink comp="456" pin=0"/></net>

<net id="461"><net_src comp="40" pin="0"/><net_sink comp="456" pin=1"/></net>

<net id="475"><net_src comp="46" pin="0"/><net_sink comp="462" pin=0"/></net>

<net id="476"><net_src comp="372" pin="4"/><net_sink comp="462" pin=1"/></net>

<net id="477"><net_src comp="360" pin="4"/><net_sink comp="462" pin=2"/></net>

<net id="478"><net_src comp="348" pin="4"/><net_sink comp="462" pin=3"/></net>

<net id="479"><net_src comp="336" pin="4"/><net_sink comp="462" pin=4"/></net>

<net id="480"><net_src comp="324" pin="4"/><net_sink comp="462" pin=5"/></net>

<net id="481"><net_src comp="312" pin="4"/><net_sink comp="462" pin=6"/></net>

<net id="482"><net_src comp="300" pin="4"/><net_sink comp="462" pin=7"/></net>

<net id="483"><net_src comp="288" pin="4"/><net_sink comp="462" pin=8"/></net>

<net id="484"><net_src comp="276" pin="4"/><net_sink comp="462" pin=9"/></net>

<net id="485"><net_src comp="262" pin="6"/><net_sink comp="462" pin=10"/></net>

<net id="489"><net_src comp="462" pin="11"/><net_sink comp="486" pin=0"/></net>

<net id="493"><net_src comp="98" pin="3"/><net_sink comp="490" pin=0"/></net>

<net id="498"><net_src comp="486" pin="1"/><net_sink comp="494" pin=0"/></net>

<net id="499"><net_src comp="490" pin="1"/><net_sink comp="494" pin=1"/></net>

<net id="506"><net_src comp="48" pin="0"/><net_sink comp="500" pin=0"/></net>

<net id="507"><net_src comp="494" pin="2"/><net_sink comp="500" pin=1"/></net>

<net id="508"><net_src comp="50" pin="0"/><net_sink comp="500" pin=2"/></net>

<net id="509"><net_src comp="52" pin="0"/><net_sink comp="500" pin=3"/></net>

<net id="514"><net_src comp="262" pin="6"/><net_sink comp="510" pin=0"/></net>

<net id="515"><net_src comp="54" pin="0"/><net_sink comp="510" pin=1"/></net>

<net id="520"><net_src comp="510" pin="2"/><net_sink comp="516" pin=0"/></net>

<net id="521"><net_src comp="56" pin="0"/><net_sink comp="516" pin=1"/></net>

<net id="527"><net_src comp="516" pin="2"/><net_sink comp="522" pin=0"/></net>

<net id="528"><net_src comp="44" pin="0"/><net_sink comp="522" pin=1"/></net>

<net id="529"><net_src comp="510" pin="2"/><net_sink comp="522" pin=2"/></net>

<net id="536"><net_src comp="72" pin="0"/><net_sink comp="530" pin=0"/></net>

<net id="537"><net_src comp="384" pin="6"/><net_sink comp="530" pin=1"/></net>

<net id="538"><net_src comp="398" pin="6"/><net_sink comp="530" pin=2"/></net>

<net id="542"><net_src comp="530" pin="4"/><net_sink comp="539" pin=0"/></net>

<net id="550"><net_src comp="22" pin="0"/><net_sink comp="546" pin=1"/></net>

<net id="555"><net_src comp="74" pin="0"/><net_sink comp="551" pin=0"/></net>

<net id="556"><net_src comp="539" pin="1"/><net_sink comp="551" pin=1"/></net>

<net id="561"><net_src comp="543" pin="1"/><net_sink comp="557" pin=0"/></net>

<net id="562"><net_src comp="551" pin="2"/><net_sink comp="557" pin=1"/></net>

<net id="567"><net_src comp="557" pin="2"/><net_sink comp="563" pin=0"/></net>

<net id="568"><net_src comp="546" pin="2"/><net_sink comp="563" pin=1"/></net>

<net id="574"><net_src comp="557" pin="2"/><net_sink comp="569" pin=0"/></net>

<net id="575"><net_src comp="384" pin="6"/><net_sink comp="569" pin=1"/></net>

<net id="576"><net_src comp="58" pin="0"/><net_sink comp="569" pin=2"/></net>

<net id="582"><net_src comp="563" pin="2"/><net_sink comp="577" pin=0"/></net>

<net id="583"><net_src comp="398" pin="6"/><net_sink comp="577" pin=1"/></net>

<net id="584"><net_src comp="58" pin="0"/><net_sink comp="577" pin=2"/></net>

<net id="590"><net_src comp="563" pin="2"/><net_sink comp="585" pin=0"/></net>

<net id="591"><net_src comp="569" pin="3"/><net_sink comp="585" pin=1"/></net>

<net id="592"><net_src comp="384" pin="6"/><net_sink comp="585" pin=2"/></net>

<net id="597"><net_src comp="530" pin="4"/><net_sink comp="593" pin=1"/></net>

<net id="603"><net_src comp="593" pin="2"/><net_sink comp="598" pin=1"/></net>

<net id="604"><net_src comp="577" pin="3"/><net_sink comp="598" pin=2"/></net>

<net id="610"><net_src comp="585" pin="3"/><net_sink comp="605" pin=1"/></net>

<net id="611"><net_src comp="593" pin="2"/><net_sink comp="605" pin=2"/></net>

<net id="616"><net_src comp="76" pin="0"/><net_sink comp="612" pin=0"/></net>

<net id="617"><net_src comp="605" pin="3"/><net_sink comp="612" pin=1"/></net>

<net id="622"><net_src comp="612" pin="2"/><net_sink comp="618" pin=0"/></net>

<net id="623"><net_src comp="598" pin="3"/><net_sink comp="618" pin=1"/></net>

<net id="627"><net_src comp="618" pin="2"/><net_sink comp="624" pin=0"/></net>

<net id="631"><net_src comp="408" pin="1"/><net_sink comp="628" pin=0"/></net>

<net id="632"><net_src comp="628" pin="1"/><net_sink comp="372" pin=0"/></net>

<net id="636"><net_src comp="412" pin="1"/><net_sink comp="633" pin=0"/></net>

<net id="637"><net_src comp="633" pin="1"/><net_sink comp="360" pin=0"/></net>

<net id="641"><net_src comp="416" pin="1"/><net_sink comp="638" pin=0"/></net>

<net id="642"><net_src comp="638" pin="1"/><net_sink comp="348" pin=0"/></net>

<net id="646"><net_src comp="420" pin="1"/><net_sink comp="643" pin=0"/></net>

<net id="647"><net_src comp="643" pin="1"/><net_sink comp="336" pin=0"/></net>

<net id="651"><net_src comp="424" pin="1"/><net_sink comp="648" pin=0"/></net>

<net id="652"><net_src comp="648" pin="1"/><net_sink comp="324" pin=0"/></net>

<net id="656"><net_src comp="428" pin="1"/><net_sink comp="653" pin=0"/></net>

<net id="657"><net_src comp="653" pin="1"/><net_sink comp="312" pin=0"/></net>

<net id="661"><net_src comp="432" pin="1"/><net_sink comp="658" pin=0"/></net>

<net id="662"><net_src comp="658" pin="1"/><net_sink comp="300" pin=0"/></net>

<net id="666"><net_src comp="436" pin="1"/><net_sink comp="663" pin=0"/></net>

<net id="667"><net_src comp="663" pin="1"/><net_sink comp="288" pin=0"/></net>

<net id="671"><net_src comp="440" pin="1"/><net_sink comp="668" pin=0"/></net>

<net id="672"><net_src comp="668" pin="1"/><net_sink comp="276" pin=0"/></net>

<net id="676"><net_src comp="78" pin="3"/><net_sink comp="673" pin=0"/></net>

<net id="677"><net_src comp="673" pin="1"/><net_sink comp="85" pin=0"/></net>

<net id="681"><net_src comp="91" pin="3"/><net_sink comp="678" pin=0"/></net>

<net id="682"><net_src comp="678" pin="1"/><net_sink comp="98" pin=0"/></net>

<net id="686"><net_src comp="450" pin="2"/><net_sink comp="683" pin=0"/></net>

<net id="687"><net_src comp="683" pin="1"/><net_sink comp="122" pin=2"/></net>

<net id="691"><net_src comp="456" pin="2"/><net_sink comp="688" pin=0"/></net>

<net id="695"><net_src comp="85" pin="3"/><net_sink comp="692" pin=0"/></net>

<net id="696"><net_src comp="692" pin="1"/><net_sink comp="530" pin=3"/></net>

<net id="697"><net_src comp="692" pin="1"/><net_sink comp="546" pin=0"/></net>

<net id="698"><net_src comp="692" pin="1"/><net_sink comp="598" pin=0"/></net>

<net id="699"><net_src comp="692" pin="1"/><net_sink comp="605" pin=0"/></net>

<net id="703"><net_src comp="500" pin="4"/><net_sink comp="700" pin=0"/></net>

<net id="704"><net_src comp="700" pin="1"/><net_sink comp="543" pin=0"/></net>

<net id="705"><net_src comp="700" pin="1"/><net_sink comp="593" pin=0"/></net>

<net id="709"><net_src comp="522" pin="3"/><net_sink comp="706" pin=0"/></net>

<net id="710"><net_src comp="706" pin="1"/><net_sink comp="262" pin=2"/></net>

<net id="714"><net_src comp="598" pin="3"/><net_sink comp="711" pin=0"/></net>

<net id="715"><net_src comp="711" pin="1"/><net_sink comp="398" pin=2"/></net>

<net id="719"><net_src comp="605" pin="3"/><net_sink comp="716" pin=0"/></net>

<net id="720"><net_src comp="716" pin="1"/><net_sink comp="384" pin=2"/></net>

</net_list>

</model> 
---------------- Datapath Model END ------------------

* FSMD analyzer results:
  - Output states:
 - Input state : 
	Port: dense_resource_rf_gt_nin_rem0<ap_fixed,ap_fixed<8,2,5,3,0>,config2_mult> : outidx | {1 2 }
	Port: dense_resource_rf_gt_nin_rem0<ap_fixed,ap_fixed<8,2,5,3,0>,config2_mult> : w2_V | {1 2 }
	Port: dense_resource_rf_gt_nin_rem0<ap_fixed,ap_fixed<8,2,5,3,0>,config2_mult> : void_compute_output_buffer_2d_array_const_ap_shift_reg_n_chan_stream_weig_18 | {1 }
	Port: dense_resource_rf_gt_nin_rem0<ap_fixed,ap_fixed<8,2,5,3,0>,config2_mult> : void_compute_output_buffer_2d_array_const_ap_shift_reg_n_chan_stream_weig_17 | {1 }
	Port: dense_resource_rf_gt_nin_rem0<ap_fixed,ap_fixed<8,2,5,3,0>,config2_mult> : void_compute_output_buffer_2d_array_const_ap_shift_reg_n_chan_stream_weig_16 | {1 }
	Port: dense_resource_rf_gt_nin_rem0<ap_fixed,ap_fixed<8,2,5,3,0>,config2_mult> : void_compute_output_buffer_2d_array_const_ap_shift_reg_n_chan_stream_weig_15 | {1 }
	Port: dense_resource_rf_gt_nin_rem0<ap_fixed,ap_fixed<8,2,5,3,0>,config2_mult> : void_compute_output_buffer_2d_array_const_ap_shift_reg_n_chan_stream_weig_14 | {1 }
	Port: dense_resource_rf_gt_nin_rem0<ap_fixed,ap_fixed<8,2,5,3,0>,config2_mult> : void_compute_output_buffer_2d_array_const_ap_shift_reg_n_chan_stream_weig_13 | {1 }
	Port: dense_resource_rf_gt_nin_rem0<ap_fixed,ap_fixed<8,2,5,3,0>,config2_mult> : void_compute_output_buffer_2d_array_const_ap_shift_reg_n_chan_stream_weig_12 | {1 }
	Port: dense_resource_rf_gt_nin_rem0<ap_fixed,ap_fixed<8,2,5,3,0>,config2_mult> : void_compute_output_buffer_2d_array_const_ap_shift_reg_n_chan_stream_weig_11 | {1 }
	Port: dense_resource_rf_gt_nin_rem0<ap_fixed,ap_fixed<8,2,5,3,0>,config2_mult> : void_compute_output_buffer_2d_array_const_ap_shift_reg_n_chan_stream_weig_10 | {1 }
  - Chain level:
	State 1
		do_init : 1
		w_index13 : 1
		zext_ln135 : 2
		outidx_addr : 3
		out_index : 4
		w2_V_addr : 3
		w_V : 4
		w_index : 2
		icmp_ln135 : 2
		br_ln135 : 3
	State 2
		void_compute_output_buffer_2d_array_const_ap_shift_reg_n_chan_stream_weig_61 : 1
		void_compute_output_buffer_2d_array_const_ap_shift_reg_n_chan_stream_weig_62 : 1
		void_compute_output_buffer_2d_array_const_ap_shift_reg_n_chan_stream_weig_63 : 1
		void_compute_output_buffer_2d_array_const_ap_shift_reg_n_chan_stream_weig_64 : 1
		void_compute_output_buffer_2d_array_const_ap_shift_reg_n_chan_stream_weig_65 : 1
		void_compute_output_buffer_2d_array_const_ap_shift_reg_n_chan_stream_weig_66 : 1
		void_compute_output_buffer_2d_array_const_ap_shift_reg_n_chan_stream_weig_67 : 1
		void_compute_output_buffer_2d_array_const_ap_shift_reg_n_chan_stream_weig_68 : 1
		void_compute_output_buffer_2d_array_const_ap_shift_reg_n_chan_stream_weig_69 : 1
		a_V : 2
		sext_ln1168 : 3
		sext_ln1168_2 : 1
		mul_ln1168 : 4
		rhs : 5
		in_index_1 : 1
		icmp_ln154 : 2
		in_index : 3
	State 3
		lhs : 1
		sext_ln712 : 2
		sub_ln707 : 3
		icmp_ln707 : 4
		or_ln707 : 5
		select_ln707 : 5
		select_ln707_1 : 5
		select_ln707_2 : 6
		add_ln712 : 2
		acc_V_1 : 6
		acc_V : 7
		mrv_i : 8
		mrv_1_i : 9
		return_ln166 : 10


============================================================
+ Verbose Summary: Datapath Resource usage 
============================================================

* Functional unit list:
|----------|-----------------------|---------|---------|---------|
| Operation|    Functional Unit    |   DSP   |    FF   |   LUT   |
|----------|-----------------------|---------|---------|---------|
|          |    in_index_fu_522    |    0    |    0    |    32   |
|          |  select_ln707_fu_569  |    0    |    0    |    8    |
|  select  | select_ln707_1_fu_577 |    0    |    0    |    8    |
|          | select_ln707_2_fu_585 |    0    |    0    |    8    |
|          |     acc_V_1_fu_598    |    0    |    0    |    8    |
|          |      acc_V_fu_605     |    0    |    0    |    8    |
|----------|-----------------------|---------|---------|---------|
|          |     w_index_fu_450    |    0    |    0    |    13   |
|    add   |   in_index_1_fu_510   |    0    |    0    |    39   |
|          |    add_ln712_fu_593   |    0    |    0    |    15   |
|----------|-----------------------|---------|---------|---------|
|    mux   |       a_V_fu_462      |    0    |    0    |    48   |
|          |       lhs_fu_530      |    0    |    0    |    9    |
|----------|-----------------------|---------|---------|---------|
|    mul   |   mul_ln1168_fu_494   |    0    |    0    |    41   |
|----------|-----------------------|---------|---------|---------|
|          |   icmp_ln135_fu_456   |    0    |    0    |    9    |
|   icmp   |   icmp_ln154_fu_516   |    0    |    0    |    18   |
|          |   icmp_ln707_fu_557   |    0    |    0    |    11   |
|----------|-----------------------|---------|---------|---------|
|    sub   |    sub_ln707_fu_551   |    0    |    0    |    15   |
|----------|-----------------------|---------|---------|---------|
|    xor   |    xor_ln712_fu_546   |    0    |    0    |    2    |
|----------|-----------------------|---------|---------|---------|
|    or    |    or_ln707_fu_563    |    0    |    0    |    2    |
|----------|-----------------------|---------|---------|---------|
|   zext   |   zext_ln135_fu_444   |    0    |    0    |    0    |
|----------|-----------------------|---------|---------|---------|
|          |   sext_ln1168_fu_486  |    0    |    0    |    0    |
|   sext   |  sext_ln1168_2_fu_490 |    0    |    0    |    0    |
|          |   sext_ln712_fu_539   |    0    |    0    |    0    |
|          |  sext_ln712_1_fu_543  |    0    |    0    |    0    |
|----------|-----------------------|---------|---------|---------|
|partselect|       rhs_fu_500      |    0    |    0    |    0    |
|----------|-----------------------|---------|---------|---------|
|insertvalue|      mrv_i_fu_612     |    0    |    0    |    0    |
|          |     mrv_1_i_fu_618    |    0    |    0    |    0    |
|----------|-----------------------|---------|---------|---------|
|  return  |  return_ln166_fu_624  |    0    |    0    |    0    |
|----------|-----------------------|---------|---------|---------|
|   Total  |                       |    0    |    0    |   294   |
|----------|-----------------------|---------|---------|---------|

Memories:
N/A

* Register list:
+------------------------------------------------------------------------------------+--------+
|                                                                                    |   FF   |
+------------------------------------------------------------------------------------+--------+
|                                   acc_V_1_reg_711                                  |    8   |
|                                    acc_V_reg_716                                   |    8   |
|                                   do_init_reg_104                                  |    1   |
|                                 icmp_ln135_reg_688                                 |    1   |
|                                 in_index14_reg_258                                 |   32   |
|                                  in_index_reg_706                                  |   32   |
|                                  out_index_reg_692                                 |    1   |
|                                 outidx_addr_reg_673                                |    5   |
|                                 res_0_0_i12_reg_380                                |    8   |
|                                 res_1_0_i10_reg_394                                |    8   |
|                                     rhs_reg_700                                    |    8   |
|void_compute_output_buffer_2d_array_const_ap_shift_reg_n_chan_stream_weig_61_reg_272|    8   |
|void_compute_output_buffer_2d_array_const_ap_shift_reg_n_chan_stream_weig_62_reg_284|    8   |
|void_compute_output_buffer_2d_array_const_ap_shift_reg_n_chan_stream_weig_63_reg_296|    8   |
|void_compute_output_buffer_2d_array_const_ap_shift_reg_n_chan_stream_weig_64_reg_308|    8   |
|void_compute_output_buffer_2d_array_const_ap_shift_reg_n_chan_stream_weig_65_reg_320|    8   |
|void_compute_output_buffer_2d_array_const_ap_shift_reg_n_chan_stream_weig_66_reg_332|    8   |
|void_compute_output_buffer_2d_array_const_ap_shift_reg_n_chan_stream_weig_67_reg_344|    8   |
|void_compute_output_buffer_2d_array_const_ap_shift_reg_n_chan_stream_weig_68_reg_356|    8   |
|void_compute_output_buffer_2d_array_const_ap_shift_reg_n_chan_stream_weig_69_reg_368|    8   |
|void_compute_output_buffer_2d_array_const_ap_shift_reg_n_chan_stream_weig_70_reg_628|    8   |
|void_compute_output_buffer_2d_array_const_ap_shift_reg_n_chan_stream_weig_71_reg_633|    8   |
|void_compute_output_buffer_2d_array_const_ap_shift_reg_n_chan_stream_weig_72_reg_638|    8   |
|void_compute_output_buffer_2d_array_const_ap_shift_reg_n_chan_stream_weig_73_reg_643|    8   |
|void_compute_output_buffer_2d_array_const_ap_shift_reg_n_chan_stream_weig_74_reg_648|    8   |
|void_compute_output_buffer_2d_array_const_ap_shift_reg_n_chan_stream_weig_75_reg_653|    8   |
|void_compute_output_buffer_2d_array_const_ap_shift_reg_n_chan_stream_weig_76_reg_658|    8   |
|void_compute_output_buffer_2d_array_const_ap_shift_reg_n_chan_stream_weig_77_reg_663|    8   |
|void_compute_output_buffer_2d_array_const_ap_shift_reg_n_chan_stream_weig_78_reg_668|    8   |
|void_compute_output_buffer_2d_array_const_ap_shift_reg_n_chan_stream_weig_79_reg_132|    8   |
|void_compute_output_buffer_2d_array_const_ap_shift_reg_n_chan_stream_weig_80_reg_146|    8   |
|void_compute_output_buffer_2d_array_const_ap_shift_reg_n_chan_stream_weig_81_reg_160|    8   |
|void_compute_output_buffer_2d_array_const_ap_shift_reg_n_chan_stream_weig_82_reg_174|    8   |
|void_compute_output_buffer_2d_array_const_ap_shift_reg_n_chan_stream_weig_83_reg_188|    8   |
|void_compute_output_buffer_2d_array_const_ap_shift_reg_n_chan_stream_weig_84_reg_202|    8   |
|void_compute_output_buffer_2d_array_const_ap_shift_reg_n_chan_stream_weig_85_reg_216|    8   |
|void_compute_output_buffer_2d_array_const_ap_shift_reg_n_chan_stream_weig_86_reg_230|    8   |
|void_compute_output_buffer_2d_array_const_ap_shift_reg_n_chan_stream_weig_87_reg_244|    8   |
|                                  w2_V_addr_reg_678                                 |    5   |
|                                  w_index13_reg_119                                 |    5   |
|                                   w_index_reg_683                                  |    5   |
+------------------------------------------------------------------------------------+--------+
|                                        Total                                       |   343  |
+------------------------------------------------------------------------------------+--------+

* Multiplexer (MUX) list: 
|------------------|------|------|------|--------||---------||---------|
|       Comp       |  Pin | Size |  BW  | S x BW ||  Delay  ||   LUT   |
|------------------|------|------|------|--------||---------||---------|
| grp_access_fu_85 |  p0  |   2  |   5  |   10   ||    9    |
| grp_access_fu_98 |  p0  |   2  |   5  |   10   ||    9    |
|------------------|------|------|------|--------||---------||---------|
|       Total      |      |      |      |   20   ||  3.176  ||    18   |
|------------------|------|------|------|--------||---------||---------|



* Summary:
+-----------+--------+--------+--------+--------+
|           |   DSP  |  Delay |   FF   |   LUT  |
+-----------+--------+--------+--------+--------+
|  Function |    0   |    -   |    0   |   294  |
|   Memory  |    -   |    -   |    -   |    -   |
|Multiplexer|    -   |    3   |    -   |   18   |
|  Register |    -   |    -   |   343  |    -   |
+-----------+--------+--------+--------+--------+
|   Total   |    0   |    3   |   343  |   312  |
+-----------+--------+--------+--------+--------+
