
*** Running vivado
    with args -log system_wrapper.vdi -applog -m64 -product Vivado -messageDb vivado.pb -mode batch -source system_wrapper.tcl -notrace



****** Vivado v2021.1 (64-bit)
  **** SW Build 3247384 on Thu Jun 10 19:36:33 MDT 2021
  **** IP Build 3246043 on Fri Jun 11 00:30:35 MDT 2021
    ** Copyright 1986-2021 Xilinx, Inc. All Rights Reserved.

source system_wrapper.tcl -notrace
INFO: [IP_Flow 19-234] Refreshing IP repositories
INFO: [IP_Flow 19-1700] Loaded user IP repository 'd:/WorkRaduV/Projects/Zybo-Z7/hw/repo'.
INFO: [IP_Flow 19-2313] Loaded Vivado IP repository 'C:/Xilinx/Vivado/2021.1/data/ip'.
add_files: Time (s): cpu = 00:00:08 ; elapsed = 00:00:12 . Memory (MB): peak = 1280.324 ; gain = 0.000
Command: link_design -top system_wrapper -part xc7z020clg400-1
Design is defaulting to srcset: sources_1
Design is defaulting to constrset: constrs_1
INFO: [Device 21-403] Loading part xc7z020clg400-1
INFO: [Project 1-454] Reading design checkpoint 'd:/WorkRaduV/Projects/Zybo-Z7/hw/proj/hw.gen/sources_1/bd/system/ip/system_AXI_BayerToRGB_1_0/system_AXI_BayerToRGB_1_0.dcp' for cell 'system_i/AXI_BayerToRGB_1'
INFO: [Project 1-454] Reading design checkpoint 'd:/WorkRaduV/Projects/Zybo-Z7/hw/proj/hw.gen/sources_1/bd/system/ip/system_AXI_GammaCorrection_0_0/system_AXI_GammaCorrection_0_0.dcp' for cell 'system_i/AXI_GammaCorrection_0'
INFO: [Project 1-454] Reading design checkpoint 'd:/WorkRaduV/Projects/Zybo-Z7/hw/proj/hw.gen/sources_1/bd/system/ip/system_DVIClocking_0_0/system_DVIClocking_0_0.dcp' for cell 'system_i/DVIClocking_0'
INFO: [Project 1-454] Reading design checkpoint 'd:/WorkRaduV/Projects/Zybo-Z7/hw/proj/hw.gen/sources_1/bd/system/ip/system_MIPI_CSI_2_RX_0_0/system_MIPI_CSI_2_RX_0_0.dcp' for cell 'system_i/MIPI_CSI_2_RX_0'
INFO: [Project 1-454] Reading design checkpoint 'd:/WorkRaduV/Projects/Zybo-Z7/hw/proj/hw.gen/sources_1/bd/system/ip/system_MIPI_D_PHY_RX_0_0/system_MIPI_D_PHY_RX_0_0.dcp' for cell 'system_i/MIPI_D_PHY_RX_0'
INFO: [Project 1-454] Reading design checkpoint 'd:/WorkRaduV/Projects/Zybo-Z7/hw/proj/hw.gen/sources_1/bd/system/ip/system_axi_vdma_0_0/system_axi_vdma_0_0.dcp' for cell 'system_i/axi_vdma_0'
INFO: [Project 1-454] Reading design checkpoint 'd:/WorkRaduV/Projects/Zybo-Z7/hw/proj/hw.gen/sources_1/bd/system/ip/system_clk_wiz_0_0/system_clk_wiz_0_0.dcp' for cell 'system_i/clk_wiz_0'
INFO: [Project 1-454] Reading design checkpoint 'd:/WorkRaduV/Projects/Zybo-Z7/hw/proj/hw.gen/sources_1/bd/system/ip/system_processing_system7_0_0/system_processing_system7_0_0.dcp' for cell 'system_i/processing_system7_0'
INFO: [Project 1-454] Reading design checkpoint 'd:/WorkRaduV/Projects/Zybo-Z7/hw/proj/hw.gen/sources_1/bd/system/ip/system_rgb2dvi_0_0/system_rgb2dvi_0_0.dcp' for cell 'system_i/rgb2dvi_0'
INFO: [Project 1-454] Reading design checkpoint 'd:/WorkRaduV/Projects/Zybo-Z7/hw/proj/hw.gen/sources_1/bd/system/ip/system_rst_clk_wiz_0_50M_0/system_rst_clk_wiz_0_50M_0.dcp' for cell 'system_i/rst_clk_wiz_0_50M'
INFO: [Project 1-454] Reading design checkpoint 'd:/WorkRaduV/Projects/Zybo-Z7/hw/proj/hw.gen/sources_1/bd/system/ip/system_rst_vid_clk_dyn_0/system_rst_vid_clk_dyn_0.dcp' for cell 'system_i/rst_vid_clk_dyn'
INFO: [Project 1-454] Reading design checkpoint 'd:/WorkRaduV/Projects/Zybo-Z7/hw/proj/hw.gen/sources_1/bd/system/ip/system_v_axi4s_vid_out_0_0/system_v_axi4s_vid_out_0_0.dcp' for cell 'system_i/v_axi4s_vid_out_0'
INFO: [Project 1-454] Reading design checkpoint 'd:/WorkRaduV/Projects/Zybo-Z7/hw/proj/hw.gen/sources_1/bd/system/ip/system_video_dynclk_0/system_video_dynclk_0.dcp' for cell 'system_i/video_dynclk'
INFO: [Project 1-454] Reading design checkpoint 'd:/WorkRaduV/Projects/Zybo-Z7/hw/proj/hw.gen/sources_1/bd/system/ip/system_vtg_0/system_vtg_0.dcp' for cell 'system_i/vtg'
INFO: [Project 1-454] Reading design checkpoint 'd:/WorkRaduV/Projects/Zybo-Z7/hw/proj/hw.gen/sources_1/bd/system/ip/system_auto_pc_0/system_auto_pc_0.dcp' for cell 'system_i/axi_mem_intercon/s00_couplers/auto_pc'
INFO: [Project 1-454] Reading design checkpoint 'd:/WorkRaduV/Projects/Zybo-Z7/hw/proj/hw.gen/sources_1/bd/system/ip/system_auto_pc_1/system_auto_pc_1.dcp' for cell 'system_i/axi_mem_intercon_1/s00_couplers/auto_pc'
INFO: [Project 1-454] Reading design checkpoint 'd:/WorkRaduV/Projects/Zybo-Z7/hw/proj/hw.gen/sources_1/bd/system/ip/system_xbar_0/system_xbar_0.dcp' for cell 'system_i/ps7_0_axi_periph/xbar'
INFO: [Project 1-454] Reading design checkpoint 'd:/WorkRaduV/Projects/Zybo-Z7/hw/proj/hw.gen/sources_1/bd/system/ip/system_auto_pc_2/system_auto_pc_2.dcp' for cell 'system_i/ps7_0_axi_periph/s00_couplers/auto_pc'
Netlist sorting complete. Time (s): cpu = 00:00:00 ; elapsed = 00:00:00.648 . Memory (MB): peak = 1280.324 ; gain = 0.000
INFO: [Netlist 29-17] Analyzing 1180 Unisim elements for replacement
INFO: [Netlist 29-28] Unisim Transformation completed in 1 CPU seconds
INFO: [Project 1-479] Netlist was created with Vivado 2021.1
INFO: [Project 1-570] Preparing netlist for logic optimization
Parsing XDC File [d:/WorkRaduV/Projects/Zybo-Z7/hw/proj/hw.gen/sources_1/bd/system/ip/system_AXI_GammaCorrection_0_0/xdc/AXI_GammaCorrection.xdc] for cell 'system_i/AXI_GammaCorrection_0/U0'
Finished Parsing XDC File [d:/WorkRaduV/Projects/Zybo-Z7/hw/proj/hw.gen/sources_1/bd/system/ip/system_AXI_GammaCorrection_0_0/xdc/AXI_GammaCorrection.xdc] for cell 'system_i/AXI_GammaCorrection_0/U0'
CRITICAL WARNING: [Designutils 20-1280] Could not find module 'ila_vidclk'. The XDC file d:/WorkRaduV/Projects/Zybo-Z7/hw/proj/hw.gen/sources_1/bd/system/ip/system_MIPI_CSI_2_RX_0_0/hdl/ila_vidclk/ila_v6_2/constraints/ila.xdc will not be read for any cell of this module.
CRITICAL WARNING: [Designutils 20-1280] Could not find module 'ila_rxclk_lane'. The XDC file d:/WorkRaduV/Projects/Zybo-Z7/hw/proj/hw.gen/sources_1/bd/system/ip/system_MIPI_CSI_2_RX_0_0/hdl/ila_rxclk_lane/ila_v6_2/constraints/ila.xdc will not be read for any cell of this module.
CRITICAL WARNING: [Designutils 20-1280] Could not find module 'ila_rxclk'. The XDC file d:/WorkRaduV/Projects/Zybo-Z7/hw/proj/hw.gen/sources_1/bd/system/ip/system_MIPI_CSI_2_RX_0_0/hdl/ila_rxclk/ila_v6_2/constraints/ila.xdc will not be read for any cell of this module.
Parsing XDC File [d:/WorkRaduV/Projects/Zybo-Z7/hw/proj/hw.gen/sources_1/bd/system/ip/system_MIPI_CSI_2_RX_0_0/hdl/cdc_fifo/cdc_fifo.xdc] for cell 'system_i/MIPI_CSI_2_RX_0/U0/MIPI_CSI2_Rx_inst/LLP_inst/DataFIFO/U0'
Finished Parsing XDC File [d:/WorkRaduV/Projects/Zybo-Z7/hw/proj/hw.gen/sources_1/bd/system/ip/system_MIPI_CSI_2_RX_0_0/hdl/cdc_fifo/cdc_fifo.xdc] for cell 'system_i/MIPI_CSI_2_RX_0/U0/MIPI_CSI2_Rx_inst/LLP_inst/DataFIFO/U0'
Parsing XDC File [d:/WorkRaduV/Projects/Zybo-Z7/hw/proj/hw.gen/sources_1/bd/system/ip/system_MIPI_CSI_2_RX_0_0/hdl/mipi_csi2_rx.xdc] for cell 'system_i/MIPI_CSI_2_RX_0/U0'
Finished Parsing XDC File [d:/WorkRaduV/Projects/Zybo-Z7/hw/proj/hw.gen/sources_1/bd/system/ip/system_MIPI_CSI_2_RX_0_0/hdl/mipi_csi2_rx.xdc] for cell 'system_i/MIPI_CSI_2_RX_0/U0'
CRITICAL WARNING: [Designutils 20-1280] Could not find module 'ila_scnn_refclk'. The XDC file d:/WorkRaduV/Projects/Zybo-Z7/hw/proj/hw.gen/sources_1/bd/system/ip/system_MIPI_D_PHY_RX_0_0/hdl/ila_scnn_refclk/ila_v6_2/constraints/ila.xdc will not be read for any cell of this module.
CRITICAL WARNING: [Designutils 20-1280] Could not find module 'ila_sfen_refclk'. The XDC file d:/WorkRaduV/Projects/Zybo-Z7/hw/proj/hw.gen/sources_1/bd/system/ip/system_MIPI_D_PHY_RX_0_0/hdl/ila_sfen_refclk/ila_v6_2/constraints/ila.xdc will not be read for any cell of this module.
CRITICAL WARNING: [Designutils 20-1280] Could not find module 'ila_sfen_rxclk'. The XDC file d:/WorkRaduV/Projects/Zybo-Z7/hw/proj/hw.gen/sources_1/bd/system/ip/system_MIPI_D_PHY_RX_0_0/hdl/ila_sfen_rxclk/ila_v6_2/constraints/ila.xdc will not be read for any cell of this module.
Parsing XDC File [d:/WorkRaduV/Projects/Zybo-Z7/hw/proj/hw.gen/sources_1/bd/system/ip/system_MIPI_D_PHY_RX_0_0/hdl/MIPI_DPHY_Receiver.xdc] for cell 'system_i/MIPI_D_PHY_RX_0/U0'
Finished Parsing XDC File [d:/WorkRaduV/Projects/Zybo-Z7/hw/proj/hw.gen/sources_1/bd/system/ip/system_MIPI_D_PHY_RX_0_0/hdl/MIPI_DPHY_Receiver.xdc] for cell 'system_i/MIPI_D_PHY_RX_0/U0'
Parsing XDC File [d:/WorkRaduV/Projects/Zybo-Z7/hw/proj/hw.gen/sources_1/bd/system/ip/system_axi_vdma_0_0/system_axi_vdma_0_0.xdc] for cell 'system_i/axi_vdma_0/U0'
WARNING: [Vivado_Tcl 4-921] Waiver ID 'CDC-4' -to list should not be empty. [d:/WorkRaduV/Projects/Zybo-Z7/hw/proj/hw.gen/sources_1/bd/system/ip/system_axi_vdma_0_0/system_axi_vdma_0_0.xdc:68]
WARNING: [Vivado_Tcl 4-921] Waiver ID 'CDC-4' -to list should not be empty. [d:/WorkRaduV/Projects/Zybo-Z7/hw/proj/hw.gen/sources_1/bd/system/ip/system_axi_vdma_0_0/system_axi_vdma_0_0.xdc:72]
WARNING: [Vivado_Tcl 4-921] Waiver ID 'CDC-4' -to list should not be empty. [d:/WorkRaduV/Projects/Zybo-Z7/hw/proj/hw.gen/sources_1/bd/system/ip/system_axi_vdma_0_0/system_axi_vdma_0_0.xdc:76]
WARNING: [Vivado_Tcl 4-921] Waiver ID 'CDC-4' -to list should not be empty. [d:/WorkRaduV/Projects/Zybo-Z7/hw/proj/hw.gen/sources_1/bd/system/ip/system_axi_vdma_0_0/system_axi_vdma_0_0.xdc:80]
WARNING: [Vivado_Tcl 4-921] Waiver ID 'CDC-1' -to list should not be empty. [d:/WorkRaduV/Projects/Zybo-Z7/hw/proj/hw.gen/sources_1/bd/system/ip/system_axi_vdma_0_0/system_axi_vdma_0_0.xdc:84]
WARNING: [Vivado_Tcl 4-921] Waiver ID 'CDC-4' -to list should not be empty. [d:/WorkRaduV/Projects/Zybo-Z7/hw/proj/hw.gen/sources_1/bd/system/ip/system_axi_vdma_0_0/system_axi_vdma_0_0.xdc:88]
WARNING: [Vivado_Tcl 4-921] Waiver ID 'CDC-4' -to list should not be empty. [d:/WorkRaduV/Projects/Zybo-Z7/hw/proj/hw.gen/sources_1/bd/system/ip/system_axi_vdma_0_0/system_axi_vdma_0_0.xdc:92]
WARNING: [Vivado_Tcl 4-921] Waiver ID 'CDC-4' -to list should not be empty. [d:/WorkRaduV/Projects/Zybo-Z7/hw/proj/hw.gen/sources_1/bd/system/ip/system_axi_vdma_0_0/system_axi_vdma_0_0.xdc:96]
WARNING: [Vivado_Tcl 4-921] Waiver ID 'CDC-4' -to list should not be empty. [d:/WorkRaduV/Projects/Zybo-Z7/hw/proj/hw.gen/sources_1/bd/system/ip/system_axi_vdma_0_0/system_axi_vdma_0_0.xdc:100]
WARNING: [Vivado_Tcl 4-921] Waiver ID 'CDC-4' -to list should not be empty. [d:/WorkRaduV/Projects/Zybo-Z7/hw/proj/hw.gen/sources_1/bd/system/ip/system_axi_vdma_0_0/system_axi_vdma_0_0.xdc:104]
WARNING: [Vivado_Tcl 4-921] Waiver ID 'CDC-1' -to list should not be empty. [d:/WorkRaduV/Projects/Zybo-Z7/hw/proj/hw.gen/sources_1/bd/system/ip/system_axi_vdma_0_0/system_axi_vdma_0_0.xdc:108]
WARNING: [Vivado_Tcl 4-921] Waiver ID 'CDC-6' -to list should not be empty. [d:/WorkRaduV/Projects/Zybo-Z7/hw/proj/hw.gen/sources_1/bd/system/ip/system_axi_vdma_0_0/system_axi_vdma_0_0.xdc:192]
WARNING: [Vivado_Tcl 4-921] Waiver ID 'CDC-6' -to list should not be empty. [d:/WorkRaduV/Projects/Zybo-Z7/hw/proj/hw.gen/sources_1/bd/system/ip/system_axi_vdma_0_0/system_axi_vdma_0_0.xdc:196]
WARNING: [Vivado_Tcl 4-921] Waiver ID 'CDC-6' -to list should not be empty. [d:/WorkRaduV/Projects/Zybo-Z7/hw/proj/hw.gen/sources_1/bd/system/ip/system_axi_vdma_0_0/system_axi_vdma_0_0.xdc:200]
WARNING: [Vivado_Tcl 4-921] Waiver ID 'CDC-6' -to list should not be empty. [d:/WorkRaduV/Projects/Zybo-Z7/hw/proj/hw.gen/sources_1/bd/system/ip/system_axi_vdma_0_0/system_axi_vdma_0_0.xdc:204]
WARNING: [Vivado_Tcl 4-921] Waiver ID 'CDC-6' -to list should not be empty. [d:/WorkRaduV/Projects/Zybo-Z7/hw/proj/hw.gen/sources_1/bd/system/ip/system_axi_vdma_0_0/system_axi_vdma_0_0.xdc:208]
WARNING: [Vivado_Tcl 4-921] Waiver ID 'CDC-6' -to list should not be empty. [d:/WorkRaduV/Projects/Zybo-Z7/hw/proj/hw.gen/sources_1/bd/system/ip/system_axi_vdma_0_0/system_axi_vdma_0_0.xdc:212]
WARNING: [Vivado_Tcl 4-921] Waiver ID 'CDC-6' -to list should not be empty. [d:/WorkRaduV/Projects/Zybo-Z7/hw/proj/hw.gen/sources_1/bd/system/ip/system_axi_vdma_0_0/system_axi_vdma_0_0.xdc:216]
WARNING: [Vivado_Tcl 4-921] Waiver ID 'CDC-6' -to list should not be empty. [d:/WorkRaduV/Projects/Zybo-Z7/hw/proj/hw.gen/sources_1/bd/system/ip/system_axi_vdma_0_0/system_axi_vdma_0_0.xdc:220]
Finished Parsing XDC File [d:/WorkRaduV/Projects/Zybo-Z7/hw/proj/hw.gen/sources_1/bd/system/ip/system_axi_vdma_0_0/system_axi_vdma_0_0.xdc] for cell 'system_i/axi_vdma_0/U0'
Parsing XDC File [d:/WorkRaduV/Projects/Zybo-Z7/hw/proj/hw.gen/sources_1/bd/system/ip/system_clk_wiz_0_0/system_clk_wiz_0_0_board.xdc] for cell 'system_i/clk_wiz_0/inst'
Finished Parsing XDC File [d:/WorkRaduV/Projects/Zybo-Z7/hw/proj/hw.gen/sources_1/bd/system/ip/system_clk_wiz_0_0/system_clk_wiz_0_0_board.xdc] for cell 'system_i/clk_wiz_0/inst'
Parsing XDC File [d:/WorkRaduV/Projects/Zybo-Z7/hw/proj/hw.gen/sources_1/bd/system/ip/system_clk_wiz_0_0/system_clk_wiz_0_0.xdc] for cell 'system_i/clk_wiz_0/inst'
Finished Parsing XDC File [d:/WorkRaduV/Projects/Zybo-Z7/hw/proj/hw.gen/sources_1/bd/system/ip/system_clk_wiz_0_0/system_clk_wiz_0_0.xdc] for cell 'system_i/clk_wiz_0/inst'
Parsing XDC File [d:/WorkRaduV/Projects/Zybo-Z7/hw/proj/hw.gen/sources_1/bd/system/ip/system_processing_system7_0_0/system_processing_system7_0_0.xdc] for cell 'system_i/processing_system7_0/inst'
Finished Parsing XDC File [d:/WorkRaduV/Projects/Zybo-Z7/hw/proj/hw.gen/sources_1/bd/system/ip/system_processing_system7_0_0/system_processing_system7_0_0.xdc] for cell 'system_i/processing_system7_0/inst'
Parsing XDC File [d:/WorkRaduV/Projects/Zybo-Z7/hw/proj/hw.gen/sources_1/bd/system/ip/system_rgb2dvi_0_0/src/rgb2dvi.xdc] for cell 'system_i/rgb2dvi_0/U0'
Finished Parsing XDC File [d:/WorkRaduV/Projects/Zybo-Z7/hw/proj/hw.gen/sources_1/bd/system/ip/system_rgb2dvi_0_0/src/rgb2dvi.xdc] for cell 'system_i/rgb2dvi_0/U0'
Parsing XDC File [d:/WorkRaduV/Projects/Zybo-Z7/hw/proj/hw.gen/sources_1/bd/system/ip/system_rst_clk_wiz_0_50M_0/system_rst_clk_wiz_0_50M_0_board.xdc] for cell 'system_i/rst_clk_wiz_0_50M/U0'
Finished Parsing XDC File [d:/WorkRaduV/Projects/Zybo-Z7/hw/proj/hw.gen/sources_1/bd/system/ip/system_rst_clk_wiz_0_50M_0/system_rst_clk_wiz_0_50M_0_board.xdc] for cell 'system_i/rst_clk_wiz_0_50M/U0'
Parsing XDC File [d:/WorkRaduV/Projects/Zybo-Z7/hw/proj/hw.gen/sources_1/bd/system/ip/system_rst_clk_wiz_0_50M_0/system_rst_clk_wiz_0_50M_0.xdc] for cell 'system_i/rst_clk_wiz_0_50M/U0'
Finished Parsing XDC File [d:/WorkRaduV/Projects/Zybo-Z7/hw/proj/hw.gen/sources_1/bd/system/ip/system_rst_clk_wiz_0_50M_0/system_rst_clk_wiz_0_50M_0.xdc] for cell 'system_i/rst_clk_wiz_0_50M/U0'
Parsing XDC File [d:/WorkRaduV/Projects/Zybo-Z7/hw/proj/hw.gen/sources_1/bd/system/ip/system_rst_vid_clk_dyn_0/system_rst_vid_clk_dyn_0_board.xdc] for cell 'system_i/rst_vid_clk_dyn/U0'
Finished Parsing XDC File [d:/WorkRaduV/Projects/Zybo-Z7/hw/proj/hw.gen/sources_1/bd/system/ip/system_rst_vid_clk_dyn_0/system_rst_vid_clk_dyn_0_board.xdc] for cell 'system_i/rst_vid_clk_dyn/U0'
Parsing XDC File [d:/WorkRaduV/Projects/Zybo-Z7/hw/proj/hw.gen/sources_1/bd/system/ip/system_rst_vid_clk_dyn_0/system_rst_vid_clk_dyn_0.xdc] for cell 'system_i/rst_vid_clk_dyn/U0'
Finished Parsing XDC File [d:/WorkRaduV/Projects/Zybo-Z7/hw/proj/hw.gen/sources_1/bd/system/ip/system_rst_vid_clk_dyn_0/system_rst_vid_clk_dyn_0.xdc] for cell 'system_i/rst_vid_clk_dyn/U0'
Parsing XDC File [d:/WorkRaduV/Projects/Zybo-Z7/hw/proj/hw.gen/sources_1/bd/system/ip/system_video_dynclk_0/system_video_dynclk_0_board.xdc] for cell 'system_i/video_dynclk/inst'
Finished Parsing XDC File [d:/WorkRaduV/Projects/Zybo-Z7/hw/proj/hw.gen/sources_1/bd/system/ip/system_video_dynclk_0/system_video_dynclk_0_board.xdc] for cell 'system_i/video_dynclk/inst'
Parsing XDC File [d:/WorkRaduV/Projects/Zybo-Z7/hw/proj/hw.gen/sources_1/bd/system/ip/system_video_dynclk_0/system_video_dynclk_0.xdc] for cell 'system_i/video_dynclk/inst'
Finished Parsing XDC File [d:/WorkRaduV/Projects/Zybo-Z7/hw/proj/hw.gen/sources_1/bd/system/ip/system_video_dynclk_0/system_video_dynclk_0.xdc] for cell 'system_i/video_dynclk/inst'
Parsing XDC File [D:/WorkRaduV/Projects/Zybo-Z7/hw/src/constraints/ZyboZ7_A.xdc]
Finished Parsing XDC File [D:/WorkRaduV/Projects/Zybo-Z7/hw/src/constraints/ZyboZ7_A.xdc]
Parsing XDC File [D:/WorkRaduV/Projects/Zybo-Z7/hw/src/constraints/timing.xdc]
Finished Parsing XDC File [D:/WorkRaduV/Projects/Zybo-Z7/hw/src/constraints/timing.xdc]
Parsing XDC File [D:/WorkRaduV/Projects/Zybo-Z7/hw/src/constraints/auto.xdc]
WARNING: [Vivado 12-750] There are no ChipScope debug cores in this design. [D:/WorkRaduV/Projects/Zybo-Z7/hw/src/constraints/auto.xdc:9]
CRITICAL WARNING: [Common 17-55] 'set_property' expects at least one object. [D:/WorkRaduV/Projects/Zybo-Z7/hw/src/constraints/auto.xdc:9]
Resolution: If [get_<value>] was used to populate the object, check to make sure this command returns at least one valid object.
WARNING: [Vivado 12-750] There are no ChipScope debug cores in this design. [D:/WorkRaduV/Projects/Zybo-Z7/hw/src/constraints/auto.xdc:10]
CRITICAL WARNING: [Common 17-55] 'set_property' expects at least one object. [D:/WorkRaduV/Projects/Zybo-Z7/hw/src/constraints/auto.xdc:10]
Resolution: If [get_<value>] was used to populate the object, check to make sure this command returns at least one valid object.
WARNING: [Vivado 12-750] There are no ChipScope debug cores in this design. [D:/WorkRaduV/Projects/Zybo-Z7/hw/src/constraints/auto.xdc:11]
CRITICAL WARNING: [Common 17-55] 'set_property' expects at least one object. [D:/WorkRaduV/Projects/Zybo-Z7/hw/src/constraints/auto.xdc:11]
Resolution: If [get_<value>] was used to populate the object, check to make sure this command returns at least one valid object.
CRITICAL WARNING: [Vivado 12-1419] Debug core 'dbg_hub' was not found. [D:/WorkRaduV/Projects/Zybo-Z7/hw/src/constraints/auto.xdc:12]
Finished Parsing XDC File [D:/WorkRaduV/Projects/Zybo-Z7/hw/src/constraints/auto.xdc]
Parsing XDC File [d:/WorkRaduV/Projects/Zybo-Z7/hw/proj/hw.gen/sources_1/bd/system/ip/system_MIPI_CSI_2_RX_0_0/hdl/cdc_fifo/cdc_fifo_clocks.xdc] for cell 'system_i/MIPI_CSI_2_RX_0/U0/MIPI_CSI2_Rx_inst/LLP_inst/DataFIFO/U0'
INFO: [Timing 38-35] Done setting XDC timing constraints. [d:/WorkRaduV/Projects/Zybo-Z7/hw/proj/hw.gen/sources_1/bd/system/ip/system_MIPI_CSI_2_RX_0_0/hdl/cdc_fifo/cdc_fifo_clocks.xdc:59]
WARNING: [Timing 38-3] User defined clock exists on pin system_i/video_dynclk/inst/CLK_CORE_DRP_I/clk_inst/mmcm_adv_inst/CLKOUT0 [See D:/WorkRaduV/Projects/Zybo-Z7/hw/src/constraints/timing.xdc:9] and will prevent any subsequent automatic derivation of generated clocks on that pin. If the user defined clock specifies '-add', any existing auto-derived clocks on that pin are retained. [d:/WorkRaduV/Projects/Zybo-Z7/hw/proj/hw.gen/sources_1/bd/system/ip/system_MIPI_CSI_2_RX_0_0/hdl/cdc_fifo/cdc_fifo_clocks.xdc:59]
WARNING: [Timing 38-3] User defined clock exists on pin system_i/DVIClocking_0/U0/PixelClkBuffer/O [See D:/WorkRaduV/Projects/Zybo-Z7/hw/src/constraints/timing.xdc:17] and will prevent any subsequent automatic derivation of generated clocks on that pin. If the user defined clock specifies '-add', any existing auto-derived clocks on that pin are retained. [d:/WorkRaduV/Projects/Zybo-Z7/hw/proj/hw.gen/sources_1/bd/system/ip/system_MIPI_CSI_2_RX_0_0/hdl/cdc_fifo/cdc_fifo_clocks.xdc:59]
INFO: [Timing 38-2] Deriving generated clocks [d:/WorkRaduV/Projects/Zybo-Z7/hw/proj/hw.gen/sources_1/bd/system/ip/system_MIPI_CSI_2_RX_0_0/hdl/cdc_fifo/cdc_fifo_clocks.xdc:59]
all_fanout: Time (s): cpu = 00:00:10 ; elapsed = 00:00:10 . Memory (MB): peak = 1797.027 ; gain = 516.703
Finished Parsing XDC File [d:/WorkRaduV/Projects/Zybo-Z7/hw/proj/hw.gen/sources_1/bd/system/ip/system_MIPI_CSI_2_RX_0_0/hdl/cdc_fifo/cdc_fifo_clocks.xdc] for cell 'system_i/MIPI_CSI_2_RX_0/U0/MIPI_CSI2_Rx_inst/LLP_inst/DataFIFO/U0'
Parsing XDC File [d:/WorkRaduV/Projects/Zybo-Z7/hw/proj/hw.gen/sources_1/bd/system/ip/system_MIPI_CSI_2_RX_0_0/hdl/mipi_csi2_rx_clocks.xdc] for cell 'system_i/MIPI_CSI_2_RX_0/U0'
Finished Parsing XDC File [d:/WorkRaduV/Projects/Zybo-Z7/hw/proj/hw.gen/sources_1/bd/system/ip/system_MIPI_CSI_2_RX_0_0/hdl/mipi_csi2_rx_clocks.xdc] for cell 'system_i/MIPI_CSI_2_RX_0/U0'
Parsing XDC File [d:/WorkRaduV/Projects/Zybo-Z7/hw/proj/hw.gen/sources_1/bd/system/ip/system_MIPI_D_PHY_RX_0_0/hdl/MIPI_DPHY_Receiver_clocks.xdc] for cell 'system_i/MIPI_D_PHY_RX_0/U0'
Finished Parsing XDC File [d:/WorkRaduV/Projects/Zybo-Z7/hw/proj/hw.gen/sources_1/bd/system/ip/system_MIPI_D_PHY_RX_0_0/hdl/MIPI_DPHY_Receiver_clocks.xdc] for cell 'system_i/MIPI_D_PHY_RX_0/U0'
Parsing XDC File [d:/WorkRaduV/Projects/Zybo-Z7/hw/proj/hw.gen/sources_1/bd/system/ip/system_axi_vdma_0_0/system_axi_vdma_0_0_clocks.xdc] for cell 'system_i/axi_vdma_0/U0'
Finished Parsing XDC File [d:/WorkRaduV/Projects/Zybo-Z7/hw/proj/hw.gen/sources_1/bd/system/ip/system_axi_vdma_0_0/system_axi_vdma_0_0_clocks.xdc] for cell 'system_i/axi_vdma_0/U0'
Parsing XDC File [d:/WorkRaduV/Projects/Zybo-Z7/hw/proj/hw.gen/sources_1/bd/system/ip/system_rgb2dvi_0_0/src/rgb2dvi_clocks.xdc] for cell 'system_i/rgb2dvi_0/U0'
Finished Parsing XDC File [d:/WorkRaduV/Projects/Zybo-Z7/hw/proj/hw.gen/sources_1/bd/system/ip/system_rgb2dvi_0_0/src/rgb2dvi_clocks.xdc] for cell 'system_i/rgb2dvi_0/U0'
Parsing XDC File [d:/WorkRaduV/Projects/Zybo-Z7/hw/proj/hw.gen/sources_1/bd/system/ip/system_v_axi4s_vid_out_0_0/system_v_axi4s_vid_out_0_0_clocks.xdc] for cell 'system_i/v_axi4s_vid_out_0/inst'
Finished Parsing XDC File [d:/WorkRaduV/Projects/Zybo-Z7/hw/proj/hw.gen/sources_1/bd/system/ip/system_v_axi4s_vid_out_0_0/system_v_axi4s_vid_out_0_0_clocks.xdc] for cell 'system_i/v_axi4s_vid_out_0/inst'
Parsing XDC File [d:/WorkRaduV/Projects/Zybo-Z7/hw/proj/hw.gen/sources_1/bd/system/ip/system_video_dynclk_0/system_video_dynclk_0_late.xdc] for cell 'system_i/video_dynclk/inst'
Finished Parsing XDC File [d:/WorkRaduV/Projects/Zybo-Z7/hw/proj/hw.gen/sources_1/bd/system/ip/system_video_dynclk_0/system_video_dynclk_0_late.xdc] for cell 'system_i/video_dynclk/inst'
Parsing XDC File [d:/WorkRaduV/Projects/Zybo-Z7/hw/proj/hw.gen/sources_1/bd/system/ip/system_vtg_0/system_vtg_0_clocks.xdc] for cell 'system_i/vtg/U0'
Finished Parsing XDC File [d:/WorkRaduV/Projects/Zybo-Z7/hw/proj/hw.gen/sources_1/bd/system/ip/system_vtg_0/system_vtg_0_clocks.xdc] for cell 'system_i/vtg/U0'
INFO: [Project 1-1714] 26 XPM XDC files have been applied to the design.
INFO: [Opt 31-138] Pushed 0 inverter(s) to 0 load pin(s).
INFO: [Project 1-1687] 12 scoped IP constraints or related sub-commands were skipped due to synthesis logic optimizations usually triggered by constant connectivity or unconnected output pins. To review the skipped constraints and messages, run the command 'set_param netlist.IPMsgFiltering false' before opening the design.
Netlist sorting complete. Time (s): cpu = 00:00:00 ; elapsed = 00:00:00.013 . Memory (MB): peak = 1797.027 ; gain = 0.000
INFO: [Project 1-111] Unisim Transformation Summary:
  A total of 19 instances were transformed.
  IOBUF => IOBUF (IBUF, OBUFT): 3 instances
  RAM32M => RAM32M (RAMD32(x6), RAMS32(x2)): 14 instances
  RAM32X1D => RAM32X1D (RAMD32(x2)): 2 instances

32 Infos, 24 Warnings, 10 Critical Warnings and 0 Errors encountered.
link_design completed successfully
link_design: Time (s): cpu = 00:00:28 ; elapsed = 00:00:35 . Memory (MB): peak = 1797.027 ; gain = 516.703
Command: opt_design
Attempting to get a license for feature 'Implementation' and/or device 'xc7z020'
INFO: [Common 17-349] Got license for feature 'Implementation' and/or device 'xc7z020'
Running DRC as a precondition to command opt_design

Starting DRC Task
INFO: [DRC 23-27] Running DRC with 2 threads
INFO: [Project 1-461] DRC finished with 0 Errors
INFO: [Project 1-462] Please refer to the DRC report (report_drc) for more information.

Time (s): cpu = 00:00:02 ; elapsed = 00:00:01 . Memory (MB): peak = 1797.027 ; gain = 0.000

Starting Cache Timing Information Task
INFO: [Timing 38-35] Done setting XDC timing constraints.
WARNING: [Timing 38-3] User defined clock exists on pin system_i/video_dynclk/inst/CLK_CORE_DRP_I/clk_inst/mmcm_adv_inst/CLKOUT0 [See D:/WorkRaduV/Projects/Zybo-Z7/hw/src/constraints/timing.xdc:9] and will prevent any subsequent automatic derivation of generated clocks on that pin. If the user defined clock specifies '-add', any existing auto-derived clocks on that pin are retained.
WARNING: [Timing 38-3] User defined clock exists on pin system_i/DVIClocking_0/U0/PixelClkBuffer/O [See D:/WorkRaduV/Projects/Zybo-Z7/hw/src/constraints/timing.xdc:17] and will prevent any subsequent automatic derivation of generated clocks on that pin. If the user defined clock specifies '-add', any existing auto-derived clocks on that pin are retained.
Ending Cache Timing Information Task | Checksum: 21adbf995

Time (s): cpu = 00:00:02 ; elapsed = 00:00:00.978 . Memory (MB): peak = 1797.027 ; gain = 0.000

Starting Logic Optimization Task

Phase 1 Retarget
INFO: [Opt 31-138] Pushed 3 inverter(s) to 17 load pin(s).
INFO: [Opt 31-49] Retargeted 0 cell(s).
Phase 1 Retarget | Checksum: 17babe610

Time (s): cpu = 00:00:02 ; elapsed = 00:00:01 . Memory (MB): peak = 1995.832 ; gain = 1.070
INFO: [Opt 31-389] Phase Retarget created 303 cells and removed 582 cells
INFO: [Opt 31-1021] In phase Retarget, 87 netlist objects are constrained preventing optimization. Please run opt_design with -debug_log to get more detail. 

Phase 2 Constant propagation
INFO: [Opt 31-138] Pushed 0 inverter(s) to 0 load pin(s).
Phase 2 Constant propagation | Checksum: 18ab7bcff

Time (s): cpu = 00:00:03 ; elapsed = 00:00:02 . Memory (MB): peak = 1995.832 ; gain = 1.070
INFO: [Opt 31-389] Phase Constant propagation created 26 cells and removed 649 cells
INFO: [Opt 31-1021] In phase Constant propagation, 454 netlist objects are constrained preventing optimization. Please run opt_design with -debug_log to get more detail. 

Phase 3 Sweep
Phase 3 Sweep | Checksum: 1b3718d06

Time (s): cpu = 00:00:03 ; elapsed = 00:00:02 . Memory (MB): peak = 1995.832 ; gain = 1.070
INFO: [Opt 31-389] Phase Sweep created 0 cells and removed 1311 cells
INFO: [Opt 31-1021] In phase Sweep, 234 netlist objects are constrained preventing optimization. Please run opt_design with -debug_log to get more detail. 

Phase 4 BUFG optimization
INFO: [Opt 31-274] Optimized connectivity to 1 cascaded buffer cells
Phase 4 BUFG optimization | Checksum: 13a4dbce2

Time (s): cpu = 00:00:04 ; elapsed = 00:00:03 . Memory (MB): peak = 1995.832 ; gain = 1.070
INFO: [Opt 31-662] Phase BUFG optimization created 0 cells of which 0 are BUFGs and removed 1 cells.

Phase 5 Shift Register Optimization
INFO: [Opt 31-1064] SRL Remap converted 0 SRLs to 0 registers and converted 0 registers of register chains to 0 SRLs
Phase 5 Shift Register Optimization | Checksum: 13a4dbce2

Time (s): cpu = 00:00:04 ; elapsed = 00:00:03 . Memory (MB): peak = 1995.832 ; gain = 1.070
INFO: [Opt 31-389] Phase Shift Register Optimization created 0 cells and removed 0 cells

Phase 6 Post Processing Netlist
Phase 6 Post Processing Netlist | Checksum: f0837efb

Time (s): cpu = 00:00:04 ; elapsed = 00:00:03 . Memory (MB): peak = 1995.832 ; gain = 1.070
INFO: [Opt 31-389] Phase Post Processing Netlist created 0 cells and removed 0 cells
INFO: [Opt 31-1021] In phase Post Processing Netlist, 42 netlist objects are constrained preventing optimization. Please run opt_design with -debug_log to get more detail. 
Opt_design Change Summary
=========================


-------------------------------------------------------------------------------------------------------------------------
|  Phase                        |  #Cells created  |  #Cells Removed  |  #Constrained objects preventing optimizations  |
-------------------------------------------------------------------------------------------------------------------------
|  Retarget                     |             303  |             582  |                                             87  |
|  Constant propagation         |              26  |             649  |                                            454  |
|  Sweep                        |               0  |            1311  |                                            234  |
|  BUFG optimization            |               0  |               1  |                                              0  |
|  Shift Register Optimization  |               0  |               0  |                                              0  |
|  Post Processing Netlist      |               0  |               0  |                                             42  |
-------------------------------------------------------------------------------------------------------------------------



Starting Connectivity Check Task

Time (s): cpu = 00:00:00 ; elapsed = 00:00:00.035 . Memory (MB): peak = 1995.832 ; gain = 0.000
Ending Logic Optimization Task | Checksum: 22febee41

Time (s): cpu = 00:00:04 ; elapsed = 00:00:04 . Memory (MB): peak = 1995.832 ; gain = 1.070

Starting Power Optimization Task
INFO: [Pwropt 34-132] Skipping clock gating for clocks with a period < 2.00 ns.
INFO: [Pwropt 34-9] Applying IDT optimizations ...
INFO: [Pwropt 34-10] Applying ODC optimizations ...
INFO: [Timing 38-35] Done setting XDC timing constraints.
WARNING: [Timing 38-3] User defined clock exists on pin system_i/video_dynclk/inst/CLK_CORE_DRP_I/clk_inst/mmcm_adv_inst/CLKOUT0 [See D:/WorkRaduV/Projects/Zybo-Z7/hw/src/constraints/timing.xdc:9] and will prevent any subsequent automatic derivation of generated clocks on that pin. If the user defined clock specifies '-add', any existing auto-derived clocks on that pin are retained.
WARNING: [Timing 38-3] User defined clock exists on pin system_i/DVIClocking_0/U0/PixelClkBuffer/O [See D:/WorkRaduV/Projects/Zybo-Z7/hw/src/constraints/timing.xdc:17] and will prevent any subsequent automatic derivation of generated clocks on that pin. If the user defined clock specifies '-add', any existing auto-derived clocks on that pin are retained.
Running Vector-less Activity Propagation...

Finished Running Vector-less Activity Propagation


Starting PowerOpt Patch Enables Task
INFO: [Pwropt 34-162] WRITE_MODE attribute of 0 BRAM(s) out of a total of 13 has been updated to save power. Run report_power_opt to get a complete listing of the BRAMs updated.
INFO: [Pwropt 34-201] Structural ODC has moved 2 WE to EN ports
Number of BRAM Ports augmented: 13 newly gated: 2 Total Ports: 26
Ending PowerOpt Patch Enables Task | Checksum: 22c44d54f

Time (s): cpu = 00:00:00 ; elapsed = 00:00:00.178 . Memory (MB): peak = 2262.496 ; gain = 0.000
Ending Power Optimization Task | Checksum: 22c44d54f

Time (s): cpu = 00:00:10 ; elapsed = 00:00:07 . Memory (MB): peak = 2262.496 ; gain = 266.664

Starting Final Cleanup Task
Ending Final Cleanup Task | Checksum: 22c44d54f

Time (s): cpu = 00:00:00 ; elapsed = 00:00:00 . Memory (MB): peak = 2262.496 ; gain = 0.000

Starting Netlist Obfuscation Task
Netlist sorting complete. Time (s): cpu = 00:00:01 ; elapsed = 00:00:00.090 . Memory (MB): peak = 2262.496 ; gain = 0.000
Ending Netlist Obfuscation Task | Checksum: 18c9fe666

Time (s): cpu = 00:00:01 ; elapsed = 00:00:00.090 . Memory (MB): peak = 2262.496 ; gain = 0.000
INFO: [Common 17-83] Releasing license: Implementation
59 Infos, 28 Warnings, 10 Critical Warnings and 0 Errors encountered.
opt_design completed successfully
opt_design: Time (s): cpu = 00:00:22 ; elapsed = 00:00:15 . Memory (MB): peak = 2262.496 ; gain = 465.469
INFO: [Timing 38-35] Done setting XDC timing constraints.
WARNING: [Timing 38-3] User defined clock exists on pin system_i/video_dynclk/inst/CLK_CORE_DRP_I/clk_inst/mmcm_adv_inst/CLKOUT0 [See D:/WorkRaduV/Projects/Zybo-Z7/hw/src/constraints/timing.xdc:9] and will prevent any subsequent automatic derivation of generated clocks on that pin. If the user defined clock specifies '-add', any existing auto-derived clocks on that pin are retained.
WARNING: [Timing 38-3] User defined clock exists on pin system_i/DVIClocking_0/U0/PixelClkBuffer/O [See D:/WorkRaduV/Projects/Zybo-Z7/hw/src/constraints/timing.xdc:17] and will prevent any subsequent automatic derivation of generated clocks on that pin. If the user defined clock specifies '-add', any existing auto-derived clocks on that pin are retained.
INFO: [Timing 38-480] Writing timing data to binary archive.
Writing placer database...
Writing XDEF routing.
Writing XDEF routing logical nets.
Writing XDEF routing special nets.
Write XDEF Complete: Time (s): cpu = 00:00:00 ; elapsed = 00:00:00.115 . Memory (MB): peak = 2262.496 ; gain = 0.000
INFO: [Common 17-1381] The checkpoint 'D:/WorkRaduV/Projects/Zybo-Z7/hw/proj/hw.runs/impl_1/system_wrapper_opt.dcp' has been generated.
INFO: [runtcl-4] Executing : report_drc -file system_wrapper_drc_opted.rpt -pb system_wrapper_drc_opted.pb -rpx system_wrapper_drc_opted.rpx
Command: report_drc -file system_wrapper_drc_opted.rpt -pb system_wrapper_drc_opted.pb -rpx system_wrapper_drc_opted.rpx
INFO: [IP_Flow 19-1839] IP Catalog is up to date.
INFO: [DRC 23-27] Running DRC with 2 threads
INFO: [Vivado_Tcl 2-168] The results of DRC are in file D:/WorkRaduV/Projects/Zybo-Z7/hw/proj/hw.runs/impl_1/system_wrapper_drc_opted.rpt.
report_drc completed successfully
report_drc: Time (s): cpu = 00:00:09 ; elapsed = 00:00:05 . Memory (MB): peak = 2262.496 ; gain = 0.000
Command: place_design
Attempting to get a license for feature 'Implementation' and/or device 'xc7z020'
INFO: [Common 17-349] Got license for feature 'Implementation' and/or device 'xc7z020'
INFO: [DRC 23-27] Running DRC with 2 threads
INFO: [Vivado_Tcl 4-198] DRC finished with 0 Errors
INFO: [Vivado_Tcl 4-199] Please refer to the DRC report (report_drc) for more information.
Running DRC as a precondition to command place_design
INFO: [DRC 23-27] Running DRC with 2 threads
WARNING: [DRC REQP-1839] RAMB36 async control check: The RAMB36E1 system_i/axi_vdma_0/U0/I_PRMRY_DATAMOVER/GEN_MM2S_FULL.I_MM2S_FULL_WRAPPER/GEN_INCLUDE_MM2S_SF.I_RD_SF/I_DATA_FIFO/BLK_MEM.I_SYNC_FIFOGEN_FIFO/xpm_fifo_instance.xpm_fifo_sync_inst/xpm_fifo_base_inst/gen_sdpram.xpm_memory_base_inst/gen_wr_a.gen_word_narrow.mem_reg_0 has an input control pin system_i/axi_vdma_0/U0/I_PRMRY_DATAMOVER/GEN_MM2S_FULL.I_MM2S_FULL_WRAPPER/GEN_INCLUDE_MM2S_SF.I_RD_SF/I_DATA_FIFO/BLK_MEM.I_SYNC_FIFOGEN_FIFO/xpm_fifo_instance.xpm_fifo_sync_inst/xpm_fifo_base_inst/gen_sdpram.xpm_memory_base_inst/gen_wr_a.gen_word_narrow.mem_reg_0/WEBWE[0] (net: system_i/axi_vdma_0/U0/I_PRMRY_DATAMOVER/GEN_MM2S_FULL.I_MM2S_FULL_WRAPPER/GEN_INCLUDE_MM2S_SF.I_RD_SF/I_DATA_FIFO/BLK_MEM.I_SYNC_FIFOGEN_FIFO/xpm_fifo_instance.xpm_fifo_sync_inst/xpm_fifo_base_inst/gen_sdpram.xpm_memory_base_inst/wea[0]) which is driven by a register (system_i/axi_mem_intercon/s00_couplers/auto_pc/inst/gen_axi4_axi3.axi3_conv_inst/USE_READ.USE_SPLIT_R.read_addr_inst/USE_R_CHANNEL.cmd_queue/inst/fifo_gen_inst/inst_fifo_gen/gconvfifo.rf/grf.rf/gntv_or_sync_fifo.gl0.rd/gr1.gr1_int.rfwft/empty_fwft_i_reg) that has an active asychronous set or reset. This may cause corruption of the memory contents and/or read values when the set/reset is asserted and is not analyzed by the default static timing analysis. It is suggested to eliminate the use of a set/reset to registers driving this RAMB pin or else use a synchronous reset in which the assertion of the reset is timed by default.
WARNING: [DRC REQP-1839] RAMB36 async control check: The RAMB36E1 system_i/axi_vdma_0/U0/I_PRMRY_DATAMOVER/GEN_MM2S_FULL.I_MM2S_FULL_WRAPPER/GEN_INCLUDE_MM2S_SF.I_RD_SF/I_DATA_FIFO/BLK_MEM.I_SYNC_FIFOGEN_FIFO/xpm_fifo_instance.xpm_fifo_sync_inst/xpm_fifo_base_inst/gen_sdpram.xpm_memory_base_inst/gen_wr_a.gen_word_narrow.mem_reg_0 has an input control pin system_i/axi_vdma_0/U0/I_PRMRY_DATAMOVER/GEN_MM2S_FULL.I_MM2S_FULL_WRAPPER/GEN_INCLUDE_MM2S_SF.I_RD_SF/I_DATA_FIFO/BLK_MEM.I_SYNC_FIFOGEN_FIFO/xpm_fifo_instance.xpm_fifo_sync_inst/xpm_fifo_base_inst/gen_sdpram.xpm_memory_base_inst/gen_wr_a.gen_word_narrow.mem_reg_0/WEBWE[1] (net: system_i/axi_vdma_0/U0/I_PRMRY_DATAMOVER/GEN_MM2S_FULL.I_MM2S_FULL_WRAPPER/GEN_INCLUDE_MM2S_SF.I_RD_SF/I_DATA_FIFO/BLK_MEM.I_SYNC_FIFOGEN_FIFO/xpm_fifo_instance.xpm_fifo_sync_inst/xpm_fifo_base_inst/gen_sdpram.xpm_memory_base_inst/wea[0]) which is driven by a register (system_i/axi_mem_intercon/s00_couplers/auto_pc/inst/gen_axi4_axi3.axi3_conv_inst/USE_READ.USE_SPLIT_R.read_addr_inst/USE_R_CHANNEL.cmd_queue/inst/fifo_gen_inst/inst_fifo_gen/gconvfifo.rf/grf.rf/gntv_or_sync_fifo.gl0.rd/gr1.gr1_int.rfwft/empty_fwft_i_reg) that has an active asychronous set or reset. This may cause corruption of the memory contents and/or read values when the set/reset is asserted and is not analyzed by the default static timing analysis. It is suggested to eliminate the use of a set/reset to registers driving this RAMB pin or else use a synchronous reset in which the assertion of the reset is timed by default.
WARNING: [DRC REQP-1839] RAMB36 async control check: The RAMB36E1 system_i/axi_vdma_0/U0/I_PRMRY_DATAMOVER/GEN_MM2S_FULL.I_MM2S_FULL_WRAPPER/GEN_INCLUDE_MM2S_SF.I_RD_SF/I_DATA_FIFO/BLK_MEM.I_SYNC_FIFOGEN_FIFO/xpm_fifo_instance.xpm_fifo_sync_inst/xpm_fifo_base_inst/gen_sdpram.xpm_memory_base_inst/gen_wr_a.gen_word_narrow.mem_reg_0 has an input control pin system_i/axi_vdma_0/U0/I_PRMRY_DATAMOVER/GEN_MM2S_FULL.I_MM2S_FULL_WRAPPER/GEN_INCLUDE_MM2S_SF.I_RD_SF/I_DATA_FIFO/BLK_MEM.I_SYNC_FIFOGEN_FIFO/xpm_fifo_instance.xpm_fifo_sync_inst/xpm_fifo_base_inst/gen_sdpram.xpm_memory_base_inst/gen_wr_a.gen_word_narrow.mem_reg_0/WEBWE[2] (net: system_i/axi_vdma_0/U0/I_PRMRY_DATAMOVER/GEN_MM2S_FULL.I_MM2S_FULL_WRAPPER/GEN_INCLUDE_MM2S_SF.I_RD_SF/I_DATA_FIFO/BLK_MEM.I_SYNC_FIFOGEN_FIFO/xpm_fifo_instance.xpm_fifo_sync_inst/xpm_fifo_base_inst/gen_sdpram.xpm_memory_base_inst/wea[0]) which is driven by a register (system_i/axi_mem_intercon/s00_couplers/auto_pc/inst/gen_axi4_axi3.axi3_conv_inst/USE_READ.USE_SPLIT_R.read_addr_inst/USE_R_CHANNEL.cmd_queue/inst/fifo_gen_inst/inst_fifo_gen/gconvfifo.rf/grf.rf/gntv_or_sync_fifo.gl0.rd/gr1.gr1_int.rfwft/empty_fwft_i_reg) that has an active asychronous set or reset. This may cause corruption of the memory contents and/or read values when the set/reset is asserted and is not analyzed by the default static timing analysis. It is suggested to eliminate the use of a set/reset to registers driving this RAMB pin or else use a synchronous reset in which the assertion of the reset is timed by default.
WARNING: [DRC REQP-1839] RAMB36 async control check: The RAMB36E1 system_i/axi_vdma_0/U0/I_PRMRY_DATAMOVER/GEN_MM2S_FULL.I_MM2S_FULL_WRAPPER/GEN_INCLUDE_MM2S_SF.I_RD_SF/I_DATA_FIFO/BLK_MEM.I_SYNC_FIFOGEN_FIFO/xpm_fifo_instance.xpm_fifo_sync_inst/xpm_fifo_base_inst/gen_sdpram.xpm_memory_base_inst/gen_wr_a.gen_word_narrow.mem_reg_0 has an input control pin system_i/axi_vdma_0/U0/I_PRMRY_DATAMOVER/GEN_MM2S_FULL.I_MM2S_FULL_WRAPPER/GEN_INCLUDE_MM2S_SF.I_RD_SF/I_DATA_FIFO/BLK_MEM.I_SYNC_FIFOGEN_FIFO/xpm_fifo_instance.xpm_fifo_sync_inst/xpm_fifo_base_inst/gen_sdpram.xpm_memory_base_inst/gen_wr_a.gen_word_narrow.mem_reg_0/WEBWE[3] (net: system_i/axi_vdma_0/U0/I_PRMRY_DATAMOVER/GEN_MM2S_FULL.I_MM2S_FULL_WRAPPER/GEN_INCLUDE_MM2S_SF.I_RD_SF/I_DATA_FIFO/BLK_MEM.I_SYNC_FIFOGEN_FIFO/xpm_fifo_instance.xpm_fifo_sync_inst/xpm_fifo_base_inst/gen_sdpram.xpm_memory_base_inst/wea[0]) which is driven by a register (system_i/axi_mem_intercon/s00_couplers/auto_pc/inst/gen_axi4_axi3.axi3_conv_inst/USE_READ.USE_SPLIT_R.read_addr_inst/USE_R_CHANNEL.cmd_queue/inst/fifo_gen_inst/inst_fifo_gen/gconvfifo.rf/grf.rf/gntv_or_sync_fifo.gl0.rd/gr1.gr1_int.rfwft/empty_fwft_i_reg) that has an active asychronous set or reset. This may cause corruption of the memory contents and/or read values when the set/reset is asserted and is not analyzed by the default static timing analysis. It is suggested to eliminate the use of a set/reset to registers driving this RAMB pin or else use a synchronous reset in which the assertion of the reset is timed by default.
WARNING: [DRC REQP-1839] RAMB36 async control check: The RAMB36E1 system_i/axi_vdma_0/U0/I_PRMRY_DATAMOVER/GEN_MM2S_FULL.I_MM2S_FULL_WRAPPER/GEN_INCLUDE_MM2S_SF.I_RD_SF/I_DATA_FIFO/BLK_MEM.I_SYNC_FIFOGEN_FIFO/xpm_fifo_instance.xpm_fifo_sync_inst/xpm_fifo_base_inst/gen_sdpram.xpm_memory_base_inst/gen_wr_a.gen_word_narrow.mem_reg_0 has an input control pin system_i/axi_vdma_0/U0/I_PRMRY_DATAMOVER/GEN_MM2S_FULL.I_MM2S_FULL_WRAPPER/GEN_INCLUDE_MM2S_SF.I_RD_SF/I_DATA_FIFO/BLK_MEM.I_SYNC_FIFOGEN_FIFO/xpm_fifo_instance.xpm_fifo_sync_inst/xpm_fifo_base_inst/gen_sdpram.xpm_memory_base_inst/gen_wr_a.gen_word_narrow.mem_reg_0/WEBWE[4] (net: system_i/axi_vdma_0/U0/I_PRMRY_DATAMOVER/GEN_MM2S_FULL.I_MM2S_FULL_WRAPPER/GEN_INCLUDE_MM2S_SF.I_RD_SF/I_DATA_FIFO/BLK_MEM.I_SYNC_FIFOGEN_FIFO/xpm_fifo_instance.xpm_fifo_sync_inst/xpm_fifo_base_inst/gen_sdpram.xpm_memory_base_inst/wea[0]) which is driven by a register (system_i/axi_mem_intercon/s00_couplers/auto_pc/inst/gen_axi4_axi3.axi3_conv_inst/USE_READ.USE_SPLIT_R.read_addr_inst/USE_R_CHANNEL.cmd_queue/inst/fifo_gen_inst/inst_fifo_gen/gconvfifo.rf/grf.rf/gntv_or_sync_fifo.gl0.rd/gr1.gr1_int.rfwft/empty_fwft_i_reg) that has an active asychronous set or reset. This may cause corruption of the memory contents and/or read values when the set/reset is asserted and is not analyzed by the default static timing analysis. It is suggested to eliminate the use of a set/reset to registers driving this RAMB pin or else use a synchronous reset in which the assertion of the reset is timed by default.
WARNING: [DRC REQP-1839] RAMB36 async control check: The RAMB36E1 system_i/axi_vdma_0/U0/I_PRMRY_DATAMOVER/GEN_MM2S_FULL.I_MM2S_FULL_WRAPPER/GEN_INCLUDE_MM2S_SF.I_RD_SF/I_DATA_FIFO/BLK_MEM.I_SYNC_FIFOGEN_FIFO/xpm_fifo_instance.xpm_fifo_sync_inst/xpm_fifo_base_inst/gen_sdpram.xpm_memory_base_inst/gen_wr_a.gen_word_narrow.mem_reg_0 has an input control pin system_i/axi_vdma_0/U0/I_PRMRY_DATAMOVER/GEN_MM2S_FULL.I_MM2S_FULL_WRAPPER/GEN_INCLUDE_MM2S_SF.I_RD_SF/I_DATA_FIFO/BLK_MEM.I_SYNC_FIFOGEN_FIFO/xpm_fifo_instance.xpm_fifo_sync_inst/xpm_fifo_base_inst/gen_sdpram.xpm_memory_base_inst/gen_wr_a.gen_word_narrow.mem_reg_0/WEBWE[5] (net: system_i/axi_vdma_0/U0/I_PRMRY_DATAMOVER/GEN_MM2S_FULL.I_MM2S_FULL_WRAPPER/GEN_INCLUDE_MM2S_SF.I_RD_SF/I_DATA_FIFO/BLK_MEM.I_SYNC_FIFOGEN_FIFO/xpm_fifo_instance.xpm_fifo_sync_inst/xpm_fifo_base_inst/gen_sdpram.xpm_memory_base_inst/wea[0]) which is driven by a register (system_i/axi_mem_intercon/s00_couplers/auto_pc/inst/gen_axi4_axi3.axi3_conv_inst/USE_READ.USE_SPLIT_R.read_addr_inst/USE_R_CHANNEL.cmd_queue/inst/fifo_gen_inst/inst_fifo_gen/gconvfifo.rf/grf.rf/gntv_or_sync_fifo.gl0.rd/gr1.gr1_int.rfwft/empty_fwft_i_reg) that has an active asychronous set or reset. This may cause corruption of the memory contents and/or read values when the set/reset is asserted and is not analyzed by the default static timing analysis. It is suggested to eliminate the use of a set/reset to registers driving this RAMB pin or else use a synchronous reset in which the assertion of the reset is timed by default.
WARNING: [DRC REQP-1839] RAMB36 async control check: The RAMB36E1 system_i/axi_vdma_0/U0/I_PRMRY_DATAMOVER/GEN_MM2S_FULL.I_MM2S_FULL_WRAPPER/GEN_INCLUDE_MM2S_SF.I_RD_SF/I_DATA_FIFO/BLK_MEM.I_SYNC_FIFOGEN_FIFO/xpm_fifo_instance.xpm_fifo_sync_inst/xpm_fifo_base_inst/gen_sdpram.xpm_memory_base_inst/gen_wr_a.gen_word_narrow.mem_reg_0 has an input control pin system_i/axi_vdma_0/U0/I_PRMRY_DATAMOVER/GEN_MM2S_FULL.I_MM2S_FULL_WRAPPER/GEN_INCLUDE_MM2S_SF.I_RD_SF/I_DATA_FIFO/BLK_MEM.I_SYNC_FIFOGEN_FIFO/xpm_fifo_instance.xpm_fifo_sync_inst/xpm_fifo_base_inst/gen_sdpram.xpm_memory_base_inst/gen_wr_a.gen_word_narrow.mem_reg_0/WEBWE[6] (net: system_i/axi_vdma_0/U0/I_PRMRY_DATAMOVER/GEN_MM2S_FULL.I_MM2S_FULL_WRAPPER/GEN_INCLUDE_MM2S_SF.I_RD_SF/I_DATA_FIFO/BLK_MEM.I_SYNC_FIFOGEN_FIFO/xpm_fifo_instance.xpm_fifo_sync_inst/xpm_fifo_base_inst/gen_sdpram.xpm_memory_base_inst/wea[0]) which is driven by a register (system_i/axi_mem_intercon/s00_couplers/auto_pc/inst/gen_axi4_axi3.axi3_conv_inst/USE_READ.USE_SPLIT_R.read_addr_inst/USE_R_CHANNEL.cmd_queue/inst/fifo_gen_inst/inst_fifo_gen/gconvfifo.rf/grf.rf/gntv_or_sync_fifo.gl0.rd/gr1.gr1_int.rfwft/empty_fwft_i_reg) that has an active asychronous set or reset. This may cause corruption of the memory contents and/or read values when the set/reset is asserted and is not analyzed by the default static timing analysis. It is suggested to eliminate the use of a set/reset to registers driving this RAMB pin or else use a synchronous reset in which the assertion of the reset is timed by default.
WARNING: [DRC REQP-1839] RAMB36 async control check: The RAMB36E1 system_i/axi_vdma_0/U0/I_PRMRY_DATAMOVER/GEN_MM2S_FULL.I_MM2S_FULL_WRAPPER/GEN_INCLUDE_MM2S_SF.I_RD_SF/I_DATA_FIFO/BLK_MEM.I_SYNC_FIFOGEN_FIFO/xpm_fifo_instance.xpm_fifo_sync_inst/xpm_fifo_base_inst/gen_sdpram.xpm_memory_base_inst/gen_wr_a.gen_word_narrow.mem_reg_0 has an input control pin system_i/axi_vdma_0/U0/I_PRMRY_DATAMOVER/GEN_MM2S_FULL.I_MM2S_FULL_WRAPPER/GEN_INCLUDE_MM2S_SF.I_RD_SF/I_DATA_FIFO/BLK_MEM.I_SYNC_FIFOGEN_FIFO/xpm_fifo_instance.xpm_fifo_sync_inst/xpm_fifo_base_inst/gen_sdpram.xpm_memory_base_inst/gen_wr_a.gen_word_narrow.mem_reg_0/WEBWE[7] (net: system_i/axi_vdma_0/U0/I_PRMRY_DATAMOVER/GEN_MM2S_FULL.I_MM2S_FULL_WRAPPER/GEN_INCLUDE_MM2S_SF.I_RD_SF/I_DATA_FIFO/BLK_MEM.I_SYNC_FIFOGEN_FIFO/xpm_fifo_instance.xpm_fifo_sync_inst/xpm_fifo_base_inst/gen_sdpram.xpm_memory_base_inst/wea[0]) which is driven by a register (system_i/axi_mem_intercon/s00_couplers/auto_pc/inst/gen_axi4_axi3.axi3_conv_inst/USE_READ.USE_SPLIT_R.read_addr_inst/USE_R_CHANNEL.cmd_queue/inst/fifo_gen_inst/inst_fifo_gen/gconvfifo.rf/grf.rf/gntv_or_sync_fifo.gl0.rd/gr1.gr1_int.rfwft/empty_fwft_i_reg) that has an active asychronous set or reset. This may cause corruption of the memory contents and/or read values when the set/reset is asserted and is not analyzed by the default static timing analysis. It is suggested to eliminate the use of a set/reset to registers driving this RAMB pin or else use a synchronous reset in which the assertion of the reset is timed by default.
WARNING: [DRC REQP-1840] RAMB18 async control check: The RAMB18E1 system_i/axi_vdma_0/U0/I_PRMRY_DATAMOVER/GEN_MM2S_FULL.I_MM2S_FULL_WRAPPER/GEN_INCLUDE_MM2S_SF.I_RD_SF/I_DATA_FIFO/BLK_MEM.I_SYNC_FIFOGEN_FIFO/xpm_fifo_instance.xpm_fifo_sync_inst/xpm_fifo_base_inst/gen_sdpram.xpm_memory_base_inst/gen_wr_a.gen_word_narrow.mem_reg_1 has an input control pin system_i/axi_vdma_0/U0/I_PRMRY_DATAMOVER/GEN_MM2S_FULL.I_MM2S_FULL_WRAPPER/GEN_INCLUDE_MM2S_SF.I_RD_SF/I_DATA_FIFO/BLK_MEM.I_SYNC_FIFOGEN_FIFO/xpm_fifo_instance.xpm_fifo_sync_inst/xpm_fifo_base_inst/gen_sdpram.xpm_memory_base_inst/gen_wr_a.gen_word_narrow.mem_reg_1/ENBWREN (net: system_i/axi_vdma_0/U0/I_PRMRY_DATAMOVER/GEN_MM2S_FULL.I_MM2S_FULL_WRAPPER/GEN_INCLUDE_MM2S_SF.I_RD_SF/I_DATA_FIFO/BLK_MEM.I_SYNC_FIFOGEN_FIFO/xpm_fifo_instance.xpm_fifo_sync_inst/xpm_fifo_base_inst/gen_sdpram.xpm_memory_base_inst/wea[0]) which is driven by a register (system_i/axi_mem_intercon/s00_couplers/auto_pc/inst/gen_axi4_axi3.axi3_conv_inst/USE_READ.USE_SPLIT_R.read_addr_inst/USE_R_CHANNEL.cmd_queue/inst/fifo_gen_inst/inst_fifo_gen/gconvfifo.rf/grf.rf/gntv_or_sync_fifo.gl0.rd/gr1.gr1_int.rfwft/empty_fwft_i_reg) that has an active asychronous set or reset. This may cause corruption of the memory contents and/or read values when the set/reset is asserted and is not analyzed by the default static timing analysis. It is suggested to eliminate the use of a set/reset to registers driving this RAMB pin or else use a synchronous reset in which the assertion of the reset is timed by default.
WARNING: [DRC REQP-1840] RAMB18 async control check: The RAMB18E1 system_i/axi_vdma_0/U0/I_PRMRY_DATAMOVER/GEN_MM2S_FULL.I_MM2S_FULL_WRAPPER/GEN_INCLUDE_MM2S_SF.I_RD_SF/I_DATA_FIFO/BLK_MEM.I_SYNC_FIFOGEN_FIFO/xpm_fifo_instance.xpm_fifo_sync_inst/xpm_fifo_base_inst/gen_sdpram.xpm_memory_base_inst/gen_wr_a.gen_word_narrow.mem_reg_1 has an input control pin system_i/axi_vdma_0/U0/I_PRMRY_DATAMOVER/GEN_MM2S_FULL.I_MM2S_FULL_WRAPPER/GEN_INCLUDE_MM2S_SF.I_RD_SF/I_DATA_FIFO/BLK_MEM.I_SYNC_FIFOGEN_FIFO/xpm_fifo_instance.xpm_fifo_sync_inst/xpm_fifo_base_inst/gen_sdpram.xpm_memory_base_inst/gen_wr_a.gen_word_narrow.mem_reg_1/WEBWE[0] (net: system_i/axi_vdma_0/U0/I_PRMRY_DATAMOVER/GEN_MM2S_FULL.I_MM2S_FULL_WRAPPER/GEN_INCLUDE_MM2S_SF.I_RD_SF/I_DATA_FIFO/BLK_MEM.I_SYNC_FIFOGEN_FIFO/xpm_fifo_instance.xpm_fifo_sync_inst/xpm_fifo_base_inst/gen_sdpram.xpm_memory_base_inst/wea[0]) which is driven by a register (system_i/axi_mem_intercon/s00_couplers/auto_pc/inst/gen_axi4_axi3.axi3_conv_inst/USE_READ.USE_SPLIT_R.read_addr_inst/USE_R_CHANNEL.cmd_queue/inst/fifo_gen_inst/inst_fifo_gen/gconvfifo.rf/grf.rf/gntv_or_sync_fifo.gl0.rd/gr1.gr1_int.rfwft/empty_fwft_i_reg) that has an active asychronous set or reset. This may cause corruption of the memory contents and/or read values when the set/reset is asserted and is not analyzed by the default static timing analysis. It is suggested to eliminate the use of a set/reset to registers driving this RAMB pin or else use a synchronous reset in which the assertion of the reset is timed by default.
WARNING: [DRC REQP-1840] RAMB18 async control check: The RAMB18E1 system_i/axi_vdma_0/U0/I_PRMRY_DATAMOVER/GEN_MM2S_FULL.I_MM2S_FULL_WRAPPER/GEN_INCLUDE_MM2S_SF.I_RD_SF/I_DATA_FIFO/BLK_MEM.I_SYNC_FIFOGEN_FIFO/xpm_fifo_instance.xpm_fifo_sync_inst/xpm_fifo_base_inst/gen_sdpram.xpm_memory_base_inst/gen_wr_a.gen_word_narrow.mem_reg_1 has an input control pin system_i/axi_vdma_0/U0/I_PRMRY_DATAMOVER/GEN_MM2S_FULL.I_MM2S_FULL_WRAPPER/GEN_INCLUDE_MM2S_SF.I_RD_SF/I_DATA_FIFO/BLK_MEM.I_SYNC_FIFOGEN_FIFO/xpm_fifo_instance.xpm_fifo_sync_inst/xpm_fifo_base_inst/gen_sdpram.xpm_memory_base_inst/gen_wr_a.gen_word_narrow.mem_reg_1/WEBWE[1] (net: system_i/axi_vdma_0/U0/I_PRMRY_DATAMOVER/GEN_MM2S_FULL.I_MM2S_FULL_WRAPPER/GEN_INCLUDE_MM2S_SF.I_RD_SF/I_DATA_FIFO/BLK_MEM.I_SYNC_FIFOGEN_FIFO/xpm_fifo_instance.xpm_fifo_sync_inst/xpm_fifo_base_inst/gen_sdpram.xpm_memory_base_inst/wea[0]) which is driven by a register (system_i/axi_mem_intercon/s00_couplers/auto_pc/inst/gen_axi4_axi3.axi3_conv_inst/USE_READ.USE_SPLIT_R.read_addr_inst/USE_R_CHANNEL.cmd_queue/inst/fifo_gen_inst/inst_fifo_gen/gconvfifo.rf/grf.rf/gntv_or_sync_fifo.gl0.rd/gr1.gr1_int.rfwft/empty_fwft_i_reg) that has an active asychronous set or reset. This may cause corruption of the memory contents and/or read values when the set/reset is asserted and is not analyzed by the default static timing analysis. It is suggested to eliminate the use of a set/reset to registers driving this RAMB pin or else use a synchronous reset in which the assertion of the reset is timed by default.
WARNING: [DRC REQP-1840] RAMB18 async control check: The RAMB18E1 system_i/axi_vdma_0/U0/I_PRMRY_DATAMOVER/GEN_MM2S_FULL.I_MM2S_FULL_WRAPPER/GEN_INCLUDE_MM2S_SF.I_RD_SF/I_DATA_FIFO/BLK_MEM.I_SYNC_FIFOGEN_FIFO/xpm_fifo_instance.xpm_fifo_sync_inst/xpm_fifo_base_inst/gen_sdpram.xpm_memory_base_inst/gen_wr_a.gen_word_narrow.mem_reg_1 has an input control pin system_i/axi_vdma_0/U0/I_PRMRY_DATAMOVER/GEN_MM2S_FULL.I_MM2S_FULL_WRAPPER/GEN_INCLUDE_MM2S_SF.I_RD_SF/I_DATA_FIFO/BLK_MEM.I_SYNC_FIFOGEN_FIFO/xpm_fifo_instance.xpm_fifo_sync_inst/xpm_fifo_base_inst/gen_sdpram.xpm_memory_base_inst/gen_wr_a.gen_word_narrow.mem_reg_1/WEBWE[2] (net: system_i/axi_vdma_0/U0/I_PRMRY_DATAMOVER/GEN_MM2S_FULL.I_MM2S_FULL_WRAPPER/GEN_INCLUDE_MM2S_SF.I_RD_SF/I_DATA_FIFO/BLK_MEM.I_SYNC_FIFOGEN_FIFO/xpm_fifo_instance.xpm_fifo_sync_inst/xpm_fifo_base_inst/gen_sdpram.xpm_memory_base_inst/wea[0]) which is driven by a register (system_i/axi_mem_intercon/s00_couplers/auto_pc/inst/gen_axi4_axi3.axi3_conv_inst/USE_READ.USE_SPLIT_R.read_addr_inst/USE_R_CHANNEL.cmd_queue/inst/fifo_gen_inst/inst_fifo_gen/gconvfifo.rf/grf.rf/gntv_or_sync_fifo.gl0.rd/gr1.gr1_int.rfwft/empty_fwft_i_reg) that has an active asychronous set or reset. This may cause corruption of the memory contents and/or read values when the set/reset is asserted and is not analyzed by the default static timing analysis. It is suggested to eliminate the use of a set/reset to registers driving this RAMB pin or else use a synchronous reset in which the assertion of the reset is timed by default.
INFO: [Vivado_Tcl 4-198] DRC finished with 0 Errors, 12 Warnings
INFO: [Vivado_Tcl 4-199] Please refer to the DRC report (report_drc) for more information.

Starting Placer Task
INFO: [Place 30-611] Multithreading enabled for place_design using a maximum of 2 CPUs

Phase 1 Placer Initialization

Phase 1.1 Placer Initialization Netlist Sorting
Netlist sorting complete. Time (s): cpu = 00:00:00 ; elapsed = 00:00:00.017 . Memory (MB): peak = 2262.496 ; gain = 0.000
Phase 1.1 Placer Initialization Netlist Sorting | Checksum: 14e6c0163

Time (s): cpu = 00:00:00 ; elapsed = 00:00:00.040 . Memory (MB): peak = 2262.496 ; gain = 0.000
Netlist sorting complete. Time (s): cpu = 00:00:00 ; elapsed = 00:00:00.016 . Memory (MB): peak = 2262.496 ; gain = 0.000

Phase 1.2 IO Placement/ Clock Placement/ Build Placer Device
Phase 1.2 IO Placement/ Clock Placement/ Build Placer Device | Checksum: c78d83df

Time (s): cpu = 00:00:04 ; elapsed = 00:00:03 . Memory (MB): peak = 2262.496 ; gain = 0.000

Phase 1.3 Build Placer Netlist Model
Phase 1.3 Build Placer Netlist Model | Checksum: 188690af1

Time (s): cpu = 00:00:10 ; elapsed = 00:00:06 . Memory (MB): peak = 2262.496 ; gain = 0.000

Phase 1.4 Constrain Clocks/Macros
Phase 1.4 Constrain Clocks/Macros | Checksum: 188690af1

Time (s): cpu = 00:00:10 ; elapsed = 00:00:07 . Memory (MB): peak = 2262.496 ; gain = 0.000
Phase 1 Placer Initialization | Checksum: 188690af1

Time (s): cpu = 00:00:10 ; elapsed = 00:00:07 . Memory (MB): peak = 2262.496 ; gain = 0.000

Phase 2 Global Placement

Phase 2.1 Floorplanning
Phase 2.1 Floorplanning | Checksum: 15e1bcd19

Time (s): cpu = 00:00:12 ; elapsed = 00:00:08 . Memory (MB): peak = 2262.496 ; gain = 0.000

Phase 2.2 Update Timing before SLR Path Opt
Phase 2.2 Update Timing before SLR Path Opt | Checksum: 1210b0200

Time (s): cpu = 00:00:13 ; elapsed = 00:00:09 . Memory (MB): peak = 2262.496 ; gain = 0.000

Phase 2.3 Post-Processing in Floorplanning
Phase 2.3 Post-Processing in Floorplanning | Checksum: 1210b0200

Time (s): cpu = 00:00:13 ; elapsed = 00:00:09 . Memory (MB): peak = 2262.496 ; gain = 0.000

Phase 2.4 Global Placement Core

Phase 2.4.1 Physical Synthesis In Placer
INFO: [Physopt 32-1035] Found 0 LUTNM shape to break, 414 LUT instances to create LUTNM shape
INFO: [Physopt 32-1044] Break lutnm for timing: one critical 0, two critical 0, total 0, new lutff created 0
INFO: [Physopt 32-1138] End 1 Pass. Optimized 168 nets or LUTs. Breaked 0 LUT, combined 168 existing LUTs and moved 0 existing LUT
INFO: [Physopt 32-65] No nets found for high-fanout optimization.
INFO: [Physopt 32-232] Optimized 0 net. Created 0 new instance.
INFO: [Physopt 32-775] End 1 Pass. Optimized 0 net or cell. Created 0 new cell, deleted 0 existing cell and moved 0 existing cell
INFO: [Physopt 32-456] No candidate cells for DSP register optimization found in the design.
INFO: [Physopt 32-775] End 2 Pass. Optimized 0 net or cell. Created 0 new cell, deleted 0 existing cell and moved 0 existing cell
INFO: [Physopt 32-1123] No candidate cells found for Shift Register to Pipeline optimization
INFO: [Physopt 32-775] End 1 Pass. Optimized 0 net or cell. Created 0 new cell, deleted 0 existing cell and moved 0 existing cell
INFO: [Physopt 32-677] No candidate cells for Shift Register optimization found in the design
INFO: [Physopt 32-775] End 1 Pass. Optimized 0 net or cell. Created 0 new cell, deleted 0 existing cell and moved 0 existing cell
INFO: [Physopt 32-526] No candidate cells for BRAM register optimization found in the design
INFO: [Physopt 32-775] End 1 Pass. Optimized 0 net or cell. Created 0 new cell, deleted 0 existing cell and moved 0 existing cell
INFO: [Physopt 32-846] No candidate cells for URAM register optimization found in the design
INFO: [Physopt 32-775] End 2 Pass. Optimized 0 net or cell. Created 0 new cell, deleted 0 existing cell and moved 0 existing cell
INFO: [Physopt 32-949] No candidate nets found for dynamic/static region interface net replication
INFO: [Physopt 32-775] End 1 Pass. Optimized 0 net or cell. Created 0 new cell, deleted 0 existing cell and moved 0 existing cell
Netlist sorting complete. Time (s): cpu = 00:00:00 ; elapsed = 00:00:00.024 . Memory (MB): peak = 2262.496 ; gain = 0.000

Summary of Physical Synthesis Optimizations
============================================


-----------------------------------------------------------------------------------------------------------------------------------------------------------
|  Optimization                                     |  Added Cells  |  Removed Cells  |  Optimized Cells/Nets  |  Dont Touch  |  Iterations  |  Elapsed   |
-----------------------------------------------------------------------------------------------------------------------------------------------------------
|  LUT Combining                                    |            0  |            168  |                   168  |           0  |           1  |  00:00:00  |
|  Retime                                           |            0  |              0  |                     0  |           0  |           1  |  00:00:00  |
|  Very High Fanout                                 |            0  |              0  |                     0  |           0  |           1  |  00:00:00  |
|  DSP Register                                     |            0  |              0  |                     0  |           0  |           1  |  00:00:00  |
|  Shift Register to Pipeline                       |            0  |              0  |                     0  |           0  |           1  |  00:00:00  |
|  Shift Register                                   |            0  |              0  |                     0  |           0  |           1  |  00:00:00  |
|  BRAM Register                                    |            0  |              0  |                     0  |           0  |           1  |  00:00:00  |
|  URAM Register                                    |            0  |              0  |                     0  |           0  |           1  |  00:00:00  |
|  Dynamic/Static Region Interface Net Replication  |            0  |              0  |                     0  |           0  |           1  |  00:00:00  |
|  Total                                            |            0  |            168  |                   168  |           0  |           9  |  00:00:01  |
-----------------------------------------------------------------------------------------------------------------------------------------------------------


Phase 2.4.1 Physical Synthesis In Placer | Checksum: 14a77ba58

Time (s): cpu = 00:00:38 ; elapsed = 00:00:23 . Memory (MB): peak = 2262.496 ; gain = 0.000
Phase 2.4 Global Placement Core | Checksum: 2093651f8

Time (s): cpu = 00:00:39 ; elapsed = 00:00:23 . Memory (MB): peak = 2262.496 ; gain = 0.000
Phase 2 Global Placement | Checksum: 2093651f8

Time (s): cpu = 00:00:39 ; elapsed = 00:00:23 . Memory (MB): peak = 2262.496 ; gain = 0.000

Phase 3 Detail Placement

Phase 3.1 Commit Multi Column Macros
Phase 3.1 Commit Multi Column Macros | Checksum: 1d883626d

Time (s): cpu = 00:00:41 ; elapsed = 00:00:24 . Memory (MB): peak = 2262.496 ; gain = 0.000

Phase 3.2 Commit Most Macros & LUTRAMs
Phase 3.2 Commit Most Macros & LUTRAMs | Checksum: 199410def

Time (s): cpu = 00:00:44 ; elapsed = 00:00:26 . Memory (MB): peak = 2262.496 ; gain = 0.000

Phase 3.3 Area Swap Optimization
Phase 3.3 Area Swap Optimization | Checksum: 19f0ce757

Time (s): cpu = 00:00:44 ; elapsed = 00:00:26 . Memory (MB): peak = 2262.496 ; gain = 0.000

Phase 3.4 Pipeline Register Optimization
Phase 3.4 Pipeline Register Optimization | Checksum: 11d9ba6a2

Time (s): cpu = 00:00:44 ; elapsed = 00:00:26 . Memory (MB): peak = 2262.496 ; gain = 0.000

Phase 3.5 Fast Optimization
Phase 3.5 Fast Optimization | Checksum: 11c4e13c2

Time (s): cpu = 00:00:47 ; elapsed = 00:00:28 . Memory (MB): peak = 2262.496 ; gain = 0.000

Phase 3.6 Small Shape Detail Placement
Phase 3.6 Small Shape Detail Placement | Checksum: 238f34a23

Time (s): cpu = 00:00:55 ; elapsed = 00:00:35 . Memory (MB): peak = 2262.496 ; gain = 0.000

Phase 3.7 Re-assign LUT pins
Phase 3.7 Re-assign LUT pins | Checksum: 1bc6eb05d

Time (s): cpu = 00:00:56 ; elapsed = 00:00:37 . Memory (MB): peak = 2262.496 ; gain = 0.000

Phase 3.8 Pipeline Register Optimization
Phase 3.8 Pipeline Register Optimization | Checksum: 1cf91f57d

Time (s): cpu = 00:00:56 ; elapsed = 00:00:37 . Memory (MB): peak = 2262.496 ; gain = 0.000

Phase 3.9 Fast Optimization
Phase 3.9 Fast Optimization | Checksum: 11e64cb36

Time (s): cpu = 00:01:03 ; elapsed = 00:00:42 . Memory (MB): peak = 2262.496 ; gain = 0.000
Phase 3 Detail Placement | Checksum: 11e64cb36

Time (s): cpu = 00:01:03 ; elapsed = 00:00:42 . Memory (MB): peak = 2262.496 ; gain = 0.000

Phase 4 Post Placement Optimization and Clean-Up

Phase 4.1 Post Commit Optimization
INFO: [Timing 38-35] Done setting XDC timing constraints.
WARNING: [Timing 38-3] User defined clock exists on pin system_i/video_dynclk/inst/CLK_CORE_DRP_I/clk_inst/mmcm_adv_inst/CLKOUT0 [See D:/WorkRaduV/Projects/Zybo-Z7/hw/src/constraints/timing.xdc:9] and will prevent any subsequent automatic derivation of generated clocks on that pin. If the user defined clock specifies '-add', any existing auto-derived clocks on that pin are retained.
WARNING: [Timing 38-3] User defined clock exists on pin system_i/DVIClocking_0/U0/PixelClkBuffer/O [See D:/WorkRaduV/Projects/Zybo-Z7/hw/src/constraints/timing.xdc:17] and will prevent any subsequent automatic derivation of generated clocks on that pin. If the user defined clock specifies '-add', any existing auto-derived clocks on that pin are retained.

Phase 4.1.1 Post Placement Optimization
Post Placement Optimization Initialization | Checksum: 1290b55bf

Phase 4.1.1.1 BUFG Insertion

Starting Physical Synthesis Task

Phase 1 Physical Synthesis Initialization
INFO: [Physopt 32-721] Multithreading enabled for phys_opt_design using a maximum of 2 CPUs
INFO: [Physopt 32-619] Estimated Timing Summary | WNS=-1.214 | TNS=-2.384 |
Phase 1 Physical Synthesis Initialization | Checksum: 1186e1662

Time (s): cpu = 00:00:02 ; elapsed = 00:00:00.990 . Memory (MB): peak = 2262.496 ; gain = 0.000
INFO: [Place 46-33] Processed net system_i/video_dynclk/inst/AXI_LITE_IPIF_I/I_SLAVE_ATTACHMENT/rst_reg_0, BUFG insertion was skipped due to placement/routing conflicts.
INFO: [Place 46-33] Processed net system_i/vtg/U0/U_VIDEO_CTRL/GEN_HAS_IRQ.irq_i_1_n_0, BUFG insertion was skipped due to placement/routing conflicts.
INFO: [Place 46-56] BUFG insertion identified 2 candidate nets. Inserted BUFG: 0, Replicated BUFG Driver: 0, Skipped due to Placement/Routing Conflicts: 2, Skipped due to Timing Degradation: 0, Skipped due to Illegal Netlist: 0.
Ending Physical Synthesis Task | Checksum: bc5b857e

Time (s): cpu = 00:00:02 ; elapsed = 00:00:01 . Memory (MB): peak = 2262.496 ; gain = 0.000
Phase 4.1.1.1 BUFG Insertion | Checksum: 1290b55bf

Time (s): cpu = 00:01:11 ; elapsed = 00:00:47 . Memory (MB): peak = 2262.496 ; gain = 0.000

Phase 4.1.1.2 Post Placement Timing Optimization
INFO: [Place 30-746] Post Placement Timing Summary WNS=-1.214. For the most accurate timing information please run report_timing.
Phase 4.1.1.2 Post Placement Timing Optimization | Checksum: 169698487

Time (s): cpu = 00:01:19 ; elapsed = 00:00:52 . Memory (MB): peak = 2262.496 ; gain = 0.000

Time (s): cpu = 00:01:19 ; elapsed = 00:00:52 . Memory (MB): peak = 2262.496 ; gain = 0.000
Phase 4.1 Post Commit Optimization | Checksum: 169698487

Time (s): cpu = 00:01:19 ; elapsed = 00:00:52 . Memory (MB): peak = 2262.496 ; gain = 0.000

Phase 4.2 Post Placement Cleanup
Phase 4.2 Post Placement Cleanup | Checksum: 169698487

Time (s): cpu = 00:01:19 ; elapsed = 00:00:52 . Memory (MB): peak = 2262.496 ; gain = 0.000

Phase 4.3 Placer Reporting

Phase 4.3.1 Print Estimated Congestion
INFO: [Place 30-612] Post-Placement Estimated Congestion 
 ____________________________________________________
|           | Global Congestion | Short Congestion  |
| Direction | Region Size       | Region Size       |
|___________|___________________|___________________|
|      North|                1x1|                2x2|
|___________|___________________|___________________|
|      South|                1x1|                1x1|
|___________|___________________|___________________|
|       East|                1x1|                1x1|
|___________|___________________|___________________|
|       West|                1x1|                1x1|
|___________|___________________|___________________|

Phase 4.3.1 Print Estimated Congestion | Checksum: 169698487

Time (s): cpu = 00:01:19 ; elapsed = 00:00:53 . Memory (MB): peak = 2262.496 ; gain = 0.000
Phase 4.3 Placer Reporting | Checksum: 169698487

Time (s): cpu = 00:01:19 ; elapsed = 00:00:53 . Memory (MB): peak = 2262.496 ; gain = 0.000

Phase 4.4 Final Placement Cleanup
Netlist sorting complete. Time (s): cpu = 00:00:00 ; elapsed = 00:00:00.018 . Memory (MB): peak = 2262.496 ; gain = 0.000

Time (s): cpu = 00:01:19 ; elapsed = 00:00:53 . Memory (MB): peak = 2262.496 ; gain = 0.000
Phase 4 Post Placement Optimization and Clean-Up | Checksum: 1d5782adc

Time (s): cpu = 00:01:19 ; elapsed = 00:00:53 . Memory (MB): peak = 2262.496 ; gain = 0.000
Ending Placer Task | Checksum: ea3646d0

Time (s): cpu = 00:01:19 ; elapsed = 00:00:53 . Memory (MB): peak = 2262.496 ; gain = 0.000
INFO: [Common 17-83] Releasing license: Implementation
101 Infos, 44 Warnings, 10 Critical Warnings and 0 Errors encountered.
place_design completed successfully
place_design: Time (s): cpu = 00:01:22 ; elapsed = 00:00:55 . Memory (MB): peak = 2262.496 ; gain = 0.000
INFO: [Timing 38-480] Writing timing data to binary archive.
Writing placer database...
Writing XDEF routing.
Writing XDEF routing logical nets.
Writing XDEF routing special nets.
Write XDEF Complete: Time (s): cpu = 00:00:06 ; elapsed = 00:00:02 . Memory (MB): peak = 2262.496 ; gain = 0.000
INFO: [Common 17-1381] The checkpoint 'D:/WorkRaduV/Projects/Zybo-Z7/hw/proj/hw.runs/impl_1/system_wrapper_placed.dcp' has been generated.
write_checkpoint: Time (s): cpu = 00:00:10 ; elapsed = 00:00:06 . Memory (MB): peak = 2262.496 ; gain = 0.000
INFO: [runtcl-4] Executing : report_io -file system_wrapper_io_placed.rpt
report_io: Time (s): cpu = 00:00:00 ; elapsed = 00:00:00.070 . Memory (MB): peak = 2262.496 ; gain = 0.000
INFO: [runtcl-4] Executing : report_utilization -file system_wrapper_utilization_placed.rpt -pb system_wrapper_utilization_placed.pb
INFO: [runtcl-4] Executing : report_control_sets -verbose -file system_wrapper_control_sets_placed.rpt
report_control_sets: Time (s): cpu = 00:00:00 ; elapsed = 00:00:00.071 . Memory (MB): peak = 2262.496 ; gain = 0.000
Command: phys_opt_design
Attempting to get a license for feature 'Implementation' and/or device 'xc7z020'
INFO: [Common 17-349] Got license for feature 'Implementation' and/or device 'xc7z020'
INFO: [Vivado_Tcl 4-1435] PhysOpt_Tcl_Interface Runtime Before Starting Physical Synthesis Task | CPU: 6.00s |  WALL: 3.67s
Netlist sorting complete. Time (s): cpu = 00:00:00 ; elapsed = 00:00:00.010 . Memory (MB): peak = 2262.496 ; gain = 0.000

Starting Physical Synthesis Task

Phase 1 Physical Synthesis Initialization
INFO: [Physopt 32-721] Multithreading enabled for phys_opt_design using a maximum of 2 CPUs
INFO: [Physopt 32-619] Estimated Timing Summary | WNS=-1.214 | TNS=-2.384 |
Phase 1 Physical Synthesis Initialization | Checksum: 104b8fdaf

Time (s): cpu = 00:00:06 ; elapsed = 00:00:02 . Memory (MB): peak = 2262.496 ; gain = 0.000
INFO: [Physopt 32-619] Estimated Timing Summary | WNS=-1.214 | TNS=-2.384 |

Phase 2 DSP Register Optimization
INFO: [Physopt 32-456] No candidate cells for DSP register optimization found in the design.
INFO: [Physopt 32-775] End 2 Pass. Optimized 0 net or cell. Created 0 new cell, deleted 0 existing cell and moved 0 existing cell
Phase 2 DSP Register Optimization | Checksum: 104b8fdaf

Time (s): cpu = 00:00:06 ; elapsed = 00:00:03 . Memory (MB): peak = 2262.496 ; gain = 0.000

Phase 3 Critical Path Optimization
INFO: [Physopt 32-619] Estimated Timing Summary | WNS=-1.214 | TNS=-2.384 |
INFO: [Physopt 32-702] Processed net system_i/MIPI_D_PHY_RX_0/U0/DataLaneGen[1].DPHY_LaneSFEN_X/HSDeserializerX/dDataIn_int[7]. Optimizations did not improve timing on the net.
INFO: [Physopt 32-702] Processed net system_i/MIPI_D_PHY_RX_0/U0/DataLaneGen[1].DPHY_LaneSFEN_X/HSDeserializerX/DataInDly. Optimizations did not improve timing on the net.
INFO: [Physopt 32-702] Processed net system_i/MIPI_D_PHY_RX_0/U0/DataLaneGen[1].InputBufferDataX/aHS. Optimizations did not improve timing on the net.
INFO: [Physopt 32-702] Processed net dphy_data_hs_p[1]. Optimizations did not improve timing on the net.
INFO: [Physopt 32-702] Processed net system_i/MIPI_D_PHY_RX_0/U0/DataLaneGen[1].DPHY_LaneSFEN_X/HSDeserializerX/dDataIn_int[7]. Optimizations did not improve timing on the net.
INFO: [Physopt 32-702] Processed net dphy_data_hs_p[1]. Optimizations did not improve timing on the net.
INFO: [Physopt 32-619] Estimated Timing Summary | WNS=-1.214 | TNS=-2.384 |
Phase 3 Critical Path Optimization | Checksum: 104b8fdaf

Time (s): cpu = 00:00:07 ; elapsed = 00:00:03 . Memory (MB): peak = 2262.496 ; gain = 0.000
Netlist sorting complete. Time (s): cpu = 00:00:00 ; elapsed = 00:00:00.010 . Memory (MB): peak = 2262.496 ; gain = 0.000
INFO: [Physopt 32-603] Post Physical Optimization Timing Summary | WNS=-1.214 | TNS=-2.384 |

Summary of Physical Synthesis Optimizations
============================================


-------------------------------------------------------------------------------------------------------------------------------------------------------------
|  Optimization   |  WNS Gain (ns)  |  TNS Gain (ns)  |  Added Cells  |  Removed Cells  |  Optimized Cells/Nets  |  Dont Touch  |  Iterations  |  Elapsed   |
-------------------------------------------------------------------------------------------------------------------------------------------------------------
|  DSP Register   |          0.000  |          0.000  |            0  |              0  |                     0  |           0  |           1  |  00:00:00  |
|  Critical Path  |          0.000  |          0.000  |            0  |              0  |                     0  |           0  |           1  |  00:00:00  |
|  Total          |          0.000  |          0.000  |            0  |              0  |                     0  |           0  |           2  |  00:00:00  |
-------------------------------------------------------------------------------------------------------------------------------------------------------------


Netlist sorting complete. Time (s): cpu = 00:00:00 ; elapsed = 00:00:00.020 . Memory (MB): peak = 2262.496 ; gain = 0.000
Ending Physical Synthesis Task | Checksum: d5ed3acc

Time (s): cpu = 00:00:07 ; elapsed = 00:00:03 . Memory (MB): peak = 2262.496 ; gain = 0.000
INFO: [Common 17-83] Releasing license: Implementation
123 Infos, 44 Warnings, 10 Critical Warnings and 0 Errors encountered.
phys_opt_design completed successfully
phys_opt_design: Time (s): cpu = 00:00:13 ; elapsed = 00:00:07 . Memory (MB): peak = 2262.496 ; gain = 0.000
INFO: [Timing 38-480] Writing timing data to binary archive.
Writing placer database...
Writing XDEF routing.
Writing XDEF routing logical nets.
Writing XDEF routing special nets.
Write XDEF Complete: Time (s): cpu = 00:00:05 ; elapsed = 00:00:02 . Memory (MB): peak = 2262.496 ; gain = 0.000
INFO: [Common 17-1381] The checkpoint 'D:/WorkRaduV/Projects/Zybo-Z7/hw/proj/hw.runs/impl_1/system_wrapper_physopt.dcp' has been generated.
Command: route_design
Attempting to get a license for feature 'Implementation' and/or device 'xc7z020'
INFO: [Common 17-349] Got license for feature 'Implementation' and/or device 'xc7z020'
Running DRC as a precondition to command route_design
INFO: [DRC 23-27] Running DRC with 2 threads
INFO: [Vivado_Tcl 4-198] DRC finished with 0 Errors
INFO: [Vivado_Tcl 4-199] Please refer to the DRC report (report_drc) for more information.


Starting Routing Task
INFO: [Route 35-254] Multithreading enabled for route_design using a maximum of 2 CPUs
Checksum: PlaceDB: 4ed12460 ConstDB: 0 ShapeSum: 48e83169 RouteDB: 0

Phase 1 Build RT Design
Phase 1 Build RT Design | Checksum: 94af440e

Time (s): cpu = 00:00:27 ; elapsed = 00:00:23 . Memory (MB): peak = 2322.434 ; gain = 59.938
Post Restoration Checksum: NetGraph: 31290ede NumContArr: 63863530 Constraints: 0 Timing: 0

Phase 2 Router Initialization

Phase 2.1 Create Timer
Phase 2.1 Create Timer | Checksum: 94af440e

Time (s): cpu = 00:00:27 ; elapsed = 00:00:23 . Memory (MB): peak = 2322.434 ; gain = 59.938

Phase 2.2 Fix Topology Constraints
Phase 2.2 Fix Topology Constraints | Checksum: 94af440e

Time (s): cpu = 00:00:28 ; elapsed = 00:00:23 . Memory (MB): peak = 2329.805 ; gain = 67.309

Phase 2.3 Pre Route Cleanup
Phase 2.3 Pre Route Cleanup | Checksum: 94af440e

Time (s): cpu = 00:00:28 ; elapsed = 00:00:23 . Memory (MB): peak = 2329.805 ; gain = 67.309
 Number of Nodes with overlaps = 0

Phase 2.4 Update Timing
Phase 2.4 Update Timing | Checksum: 1063ef305

Time (s): cpu = 00:00:36 ; elapsed = 00:00:29 . Memory (MB): peak = 2350.805 ; gain = 88.309
INFO: [Route 35-416] Intermediate Timing Summary | WNS=-1.263 | TNS=-2.485 | WHS=-0.331 | THS=-186.383|


Phase 2.5 Update Timing for Bus Skew

Phase 2.5.1 Update Timing
Phase 2.5.1 Update Timing | Checksum: 11fcef795

Time (s): cpu = 00:00:44 ; elapsed = 00:00:33 . Memory (MB): peak = 2365.438 ; gain = 102.941
INFO: [Route 35-416] Intermediate Timing Summary | WNS=-1.263 | TNS=-4.912 | WHS=N/A    | THS=N/A    |

Phase 2.5 Update Timing for Bus Skew | Checksum: f80836b3

Time (s): cpu = 00:00:44 ; elapsed = 00:00:33 . Memory (MB): peak = 2377.902 ; gain = 115.406
Phase 2 Router Initialization | Checksum: e28e4d55

Time (s): cpu = 00:00:44 ; elapsed = 00:00:33 . Memory (MB): peak = 2377.902 ; gain = 115.406

Router Utilization Summary
  Global Vertical Routing Utilization    = 0.000621311 %
  Global Horizontal Routing Utilization  = 0.000676133 %
  Routable Net Status*
  *Does not include unroutable nets such as driverless and loadless.
  Run report_route_status for detailed report.
  Number of Failed Nets               = 15767
    (Failed Nets is the sum of unrouted and partially routed nets)
  Number of Unrouted Nets             = 15766
  Number of Partially Routed Nets     = 1
  Number of Node Overlaps             = 0


Phase 3 Initial Routing

Phase 3.1 Global Routing
Phase 3.1 Global Routing | Checksum: e28e4d55

Time (s): cpu = 00:00:44 ; elapsed = 00:00:33 . Memory (MB): peak = 2377.902 ; gain = 115.406
Phase 3 Initial Routing | Checksum: 1dda7d591

Time (s): cpu = 00:00:48 ; elapsed = 00:00:36 . Memory (MB): peak = 2377.902 ; gain = 115.406
INFO: [Route 35-580] Design has 2 pins with tight setup and hold constraints.

The top 5 pins with tight setup and hold constraints:

+--------------------------+--------------------------+----------------------------------------------------------------------------------------------------------+
|       Launch Clock       |      Capture Clock       |                                                 Pin                                                      |
+--------------------------+--------------------------+----------------------------------------------------------------------------------------------------------+
|          dphy_hs_clock_p |          dphy_hs_clock_p |              system_i/MIPI_D_PHY_RX_0/U0/DataLaneGen[0].DPHY_LaneSFEN_X/HSDeserializerX/Deserializer/DDLY|
|          dphy_hs_clock_p |          dphy_hs_clock_p |              system_i/MIPI_D_PHY_RX_0/U0/DataLaneGen[1].DPHY_LaneSFEN_X/HSDeserializerX/Deserializer/DDLY|
+--------------------------+--------------------------+----------------------------------------------------------------------------------------------------------+

File with complete list of pins: tight_setup_hold_pins.txt


Phase 4 Rip-up And Reroute

Phase 4.1 Global Iteration 0
 Number of Nodes with overlaps = 1498
 Number of Nodes with overlaps = 139
 Number of Nodes with overlaps = 28
 Number of Nodes with overlaps = 4
 Number of Nodes with overlaps = 0
INFO: [Route 35-416] Intermediate Timing Summary | WNS=-1.262 | TNS=-2.637 | WHS=N/A    | THS=N/A    |

Phase 4.1 Global Iteration 0 | Checksum: 1cd524367

Time (s): cpu = 00:01:01 ; elapsed = 00:00:46 . Memory (MB): peak = 2377.902 ; gain = 115.406

Phase 4.2 Global Iteration 1
 Number of Nodes with overlaps = 60
 Number of Nodes with overlaps = 28
 Number of Nodes with overlaps = 9
 Number of Nodes with overlaps = 3
 Number of Nodes with overlaps = 3
 Number of Nodes with overlaps = 0
INFO: [Route 35-416] Intermediate Timing Summary | WNS=-1.262 | TNS=-2.631 | WHS=N/A    | THS=N/A    |

Phase 4.2 Global Iteration 1 | Checksum: 165976d2f

Time (s): cpu = 00:01:04 ; elapsed = 00:00:49 . Memory (MB): peak = 2377.902 ; gain = 115.406
Phase 4 Rip-up And Reroute | Checksum: 165976d2f

Time (s): cpu = 00:01:04 ; elapsed = 00:00:49 . Memory (MB): peak = 2377.902 ; gain = 115.406

Phase 5 Delay and Skew Optimization

Phase 5.1 Delay CleanUp

Phase 5.1.1 Update Timing
Phase 5.1.1 Update Timing | Checksum: 18bf26e4d

Time (s): cpu = 00:01:06 ; elapsed = 00:00:50 . Memory (MB): peak = 2377.902 ; gain = 115.406
INFO: [Route 35-416] Intermediate Timing Summary | WNS=-1.262 | TNS=-2.483 | WHS=N/A    | THS=N/A    |

Phase 5.1 Delay CleanUp | Checksum: 1a3974648

Time (s): cpu = 00:01:07 ; elapsed = 00:00:50 . Memory (MB): peak = 2377.902 ; gain = 115.406

Phase 5.2 Clock Skew Optimization
Phase 5.2 Clock Skew Optimization | Checksum: 1a3974648

Time (s): cpu = 00:01:07 ; elapsed = 00:00:51 . Memory (MB): peak = 2377.902 ; gain = 115.406
Phase 5 Delay and Skew Optimization | Checksum: 1a3974648

Time (s): cpu = 00:01:07 ; elapsed = 00:00:51 . Memory (MB): peak = 2377.902 ; gain = 115.406

Phase 6 Post Hold Fix

Phase 6.1 Hold Fix Iter

Phase 6.1.1 Update Timing
Phase 6.1.1 Update Timing | Checksum: 165bfc990

Time (s): cpu = 00:01:09 ; elapsed = 00:00:52 . Memory (MB): peak = 2377.902 ; gain = 115.406
INFO: [Route 35-416] Intermediate Timing Summary | WNS=-2.450 | TNS=-4.862 | WHS=-1.038 | THS=-2.032 |

Phase 6.1 Hold Fix Iter | Checksum: 1209b54c1

Time (s): cpu = 00:01:10 ; elapsed = 00:00:52 . Memory (MB): peak = 2377.902 ; gain = 115.406
Phase 6 Post Hold Fix | Checksum: 1378a73cd

Time (s): cpu = 00:01:10 ; elapsed = 00:00:52 . Memory (MB): peak = 2377.902 ; gain = 115.406

Phase 7 Route finalize

Router Utilization Summary
  Global Vertical Routing Utilization    = 2.91752 %
  Global Horizontal Routing Utilization  = 3.42512 %
  Routable Net Status*
  *Does not include unroutable nets such as driverless and loadless.
  Run report_route_status for detailed report.
  Number of Failed Nets               = 0
    (Failed Nets is the sum of unrouted and partially routed nets)
  Number of Unrouted Nets             = 0
  Number of Partially Routed Nets     = 0
  Number of Node Overlaps             = 0

Congestion Report
North Dir 1x1 Area, Max Cong = 54.0541%, No Congested Regions.
South Dir 1x1 Area, Max Cong = 64.8649%, No Congested Regions.
East Dir 1x1 Area, Max Cong = 55.8824%, No Congested Regions.
West Dir 1x1 Area, Max Cong = 48.5294%, No Congested Regions.

------------------------------
Reporting congestion hotspots
------------------------------
Direction: North
----------------
Congested clusters found at Level 0
Effective congestion level: 0 Aspect Ratio: 1 Sparse Ratio: 0
Direction: South
----------------
Congested clusters found at Level 0
Effective congestion level: 0 Aspect Ratio: 1 Sparse Ratio: 0
Direction: East
----------------
Congested clusters found at Level 0
Effective congestion level: 0 Aspect Ratio: 1 Sparse Ratio: 0
Direction: West
----------------
Congested clusters found at Level 0
Effective congestion level: 0 Aspect Ratio: 1 Sparse Ratio: 0

Phase 7 Route finalize | Checksum: 1e33bf180

Time (s): cpu = 00:01:10 ; elapsed = 00:00:52 . Memory (MB): peak = 2377.902 ; gain = 115.406

Phase 8 Verifying routed nets

 Verification completed successfully
Phase 8 Verifying routed nets | Checksum: 1e33bf180

Time (s): cpu = 00:01:10 ; elapsed = 00:00:52 . Memory (MB): peak = 2377.902 ; gain = 115.406

Phase 9 Depositing Routes
Phase 9 Depositing Routes | Checksum: 25c3140bf

Time (s): cpu = 00:01:12 ; elapsed = 00:00:55 . Memory (MB): peak = 2377.902 ; gain = 115.406

Phase 10 Post Router Timing

Phase 10.1 Update Timing
Phase 10.1 Update Timing | Checksum: 1e36c032e

Time (s): cpu = 00:01:14 ; elapsed = 00:00:56 . Memory (MB): peak = 2377.902 ; gain = 115.406
INFO: [Route 35-57] Estimated Timing Summary | WNS=-2.450 | TNS=-4.862 | WHS=-1.038 | THS=-2.032 |

WARNING: [Route 35-328] Router estimated timing not met.
Resolution: For a complete and accurate timing signoff, report_timing_summary must be run after route_design. Alternatively, route_design can be run with the -timing_summary option to enable a complete timing signoff at the end of route_design.
Phase 10 Post Router Timing | Checksum: 1e36c032e

Time (s): cpu = 00:01:14 ; elapsed = 00:00:56 . Memory (MB): peak = 2377.902 ; gain = 115.406
INFO: [Route 35-16] Router Completed Successfully

Time (s): cpu = 00:01:14 ; elapsed = 00:00:56 . Memory (MB): peak = 2377.902 ; gain = 115.406

Routing Is Done.
INFO: [Common 17-83] Releasing license: Implementation
140 Infos, 45 Warnings, 10 Critical Warnings and 0 Errors encountered.
route_design completed successfully
route_design: Time (s): cpu = 00:01:25 ; elapsed = 00:01:02 . Memory (MB): peak = 2377.902 ; gain = 115.406
INFO: [Timing 38-480] Writing timing data to binary archive.
Writing placer database...
Writing XDEF routing.
Writing XDEF routing logical nets.
Writing XDEF routing special nets.
Write XDEF Complete: Time (s): cpu = 00:00:07 ; elapsed = 00:00:02 . Memory (MB): peak = 2385.539 ; gain = 7.637
INFO: [Common 17-1381] The checkpoint 'D:/WorkRaduV/Projects/Zybo-Z7/hw/proj/hw.runs/impl_1/system_wrapper_routed.dcp' has been generated.
write_checkpoint: Time (s): cpu = 00:00:11 ; elapsed = 00:00:07 . Memory (MB): peak = 2385.539 ; gain = 7.637
INFO: [runtcl-4] Executing : report_drc -file system_wrapper_drc_routed.rpt -pb system_wrapper_drc_routed.pb -rpx system_wrapper_drc_routed.rpx
Command: report_drc -file system_wrapper_drc_routed.rpt -pb system_wrapper_drc_routed.pb -rpx system_wrapper_drc_routed.rpx
INFO: [IP_Flow 19-1839] IP Catalog is up to date.
INFO: [DRC 23-27] Running DRC with 2 threads
INFO: [Vivado_Tcl 2-168] The results of DRC are in file D:/WorkRaduV/Projects/Zybo-Z7/hw/proj/hw.runs/impl_1/system_wrapper_drc_routed.rpt.
report_drc completed successfully
report_drc: Time (s): cpu = 00:00:13 ; elapsed = 00:00:07 . Memory (MB): peak = 2425.379 ; gain = 39.840
INFO: [runtcl-4] Executing : report_methodology -file system_wrapper_methodology_drc_routed.rpt -pb system_wrapper_methodology_drc_routed.pb -rpx system_wrapper_methodology_drc_routed.rpx
Command: report_methodology -file system_wrapper_methodology_drc_routed.rpt -pb system_wrapper_methodology_drc_routed.pb -rpx system_wrapper_methodology_drc_routed.rpx
INFO: [Timing 38-35] Done setting XDC timing constraints.
WARNING: [Timing 38-3] User defined clock exists on pin system_i/video_dynclk/inst/CLK_CORE_DRP_I/clk_inst/mmcm_adv_inst/CLKOUT0 [See D:/WorkRaduV/Projects/Zybo-Z7/hw/src/constraints/timing.xdc:9] and will prevent any subsequent automatic derivation of generated clocks on that pin. If the user defined clock specifies '-add', any existing auto-derived clocks on that pin are retained.
WARNING: [Timing 38-3] User defined clock exists on pin system_i/DVIClocking_0/U0/PixelClkBuffer/O [See D:/WorkRaduV/Projects/Zybo-Z7/hw/src/constraints/timing.xdc:17] and will prevent any subsequent automatic derivation of generated clocks on that pin. If the user defined clock specifies '-add', any existing auto-derived clocks on that pin are retained.
INFO: [DRC 23-133] Running Methodology with 2 threads
INFO: [Vivado_Tcl 2-1520] The results of Report Methodology are in file D:/WorkRaduV/Projects/Zybo-Z7/hw/proj/hw.runs/impl_1/system_wrapper_methodology_drc_routed.rpt.
report_methodology completed successfully
report_methodology: Time (s): cpu = 00:00:12 ; elapsed = 00:00:07 . Memory (MB): peak = 2426.383 ; gain = 1.004
INFO: [runtcl-4] Executing : report_power -file system_wrapper_power_routed.rpt -pb system_wrapper_power_summary_routed.pb -rpx system_wrapper_power_routed.rpx
Command: report_power -file system_wrapper_power_routed.rpt -pb system_wrapper_power_summary_routed.pb -rpx system_wrapper_power_routed.rpx
INFO: [Timing 38-35] Done setting XDC timing constraints.
WARNING: [Timing 38-3] User defined clock exists on pin system_i/video_dynclk/inst/CLK_CORE_DRP_I/clk_inst/mmcm_adv_inst/CLKOUT0 [See D:/WorkRaduV/Projects/Zybo-Z7/hw/src/constraints/timing.xdc:9] and will prevent any subsequent automatic derivation of generated clocks on that pin. If the user defined clock specifies '-add', any existing auto-derived clocks on that pin are retained.
WARNING: [Timing 38-3] User defined clock exists on pin system_i/DVIClocking_0/U0/PixelClkBuffer/O [See D:/WorkRaduV/Projects/Zybo-Z7/hw/src/constraints/timing.xdc:17] and will prevent any subsequent automatic derivation of generated clocks on that pin. If the user defined clock specifies '-add', any existing auto-derived clocks on that pin are retained.
Running Vector-less Activity Propagation...

Finished Running Vector-less Activity Propagation
WARNING: [Power 33-332] Found switching activity that implies high-fanout reset nets being asserted for excessive periods of time which may result in inaccurate power analysis.
Resolution: To review and fix problems, please run Power Constraints Advisor in the GUI from Tools > Power Constraints Advisor or run report_power with the -advisory option to generate a text report.
152 Infos, 50 Warnings, 10 Critical Warnings and 0 Errors encountered.
report_power completed successfully
report_power: Time (s): cpu = 00:00:13 ; elapsed = 00:00:07 . Memory (MB): peak = 2448.098 ; gain = 21.715
INFO: [runtcl-4] Executing : report_route_status -file system_wrapper_route_status.rpt -pb system_wrapper_route_status.pb
INFO: [runtcl-4] Executing : report_timing_summary -max_paths 10 -file system_wrapper_timing_summary_routed.rpt -pb system_wrapper_timing_summary_routed.pb -rpx system_wrapper_timing_summary_routed.rpx -warn_on_violation 
INFO: [Timing 38-91] UpdateTimingParams: Speed grade: -1, Delay Type: min_max.
INFO: [Timing 38-191] Multithreading enabled for timing update using a maximum of 2 CPUs
CRITICAL WARNING: [Timing 38-282] The design failed to meet the timing requirements. Please see the timing summary report for details on the timing violations.
WARNING: [Timing 38-436] There are set_bus_skew constraint(s) in this design. Please run report_bus_skew to ensure that bus skew requirements are met.
INFO: [runtcl-4] Executing : report_incremental_reuse -file system_wrapper_incremental_reuse_routed.rpt
INFO: [Vivado_Tcl 4-1062] Incremental flow is disabled. No incremental reuse Info to report.
INFO: [runtcl-4] Executing : report_clock_utilization -file system_wrapper_clock_utilization_routed.rpt
INFO: [runtcl-4] Executing : report_bus_skew -warn_on_violation -file system_wrapper_bus_skew_routed.rpt -pb system_wrapper_bus_skew_routed.pb -rpx system_wrapper_bus_skew_routed.rpx
INFO: [Timing 38-91] UpdateTimingParams: Speed grade: -1, Delay Type: min_max.
INFO: [Timing 38-191] Multithreading enabled for timing update using a maximum of 2 CPUs
0INFO: [Memdata 28-208] The XPM instance: <system_i/v_axi4s_vid_out_0/inst/COUPLER_INST/generate_async_fifo.FIFO_INST/XPM_FIFO_ASYNC_INST/gnuram_async_fifo.xpm_fifo_base_inst/gen_sdpram.xpm_memory_base_inst> is part of IP: <system_i/v_axi4s_vid_out_0>. This XPM instance will be excluded from the .mmi because updatemem is prohibited from making changes to an XPM that is part of an IP.
INFO: [Memdata 28-167] Found XPM memory block system_i/axi_vdma_0/U0/I_PRMRY_DATAMOVER/GEN_S2MM_FULL.I_S2MM_FULL_WRAPPER/GEN_ENABLE_INDET_BTT_SF.I_INDET_BTT/I_XD_FIFO/NON_BLK_MEM.I_SYNC_FIFOGEN_FIFO/xpm_fifo_instance.xpm_fifo_sync_inst/xpm_fifo_base_inst/gen_sdpram.xpm_memory_base_inst with a P_MEMORY_PRIMITIVE property set to auto. A value of block is required. You will not be able to use the updatemem program to update the bitstream with new data for the system_i/axi_vdma_0/U0/I_PRMRY_DATAMOVER/GEN_S2MM_FULL.I_S2MM_FULL_WRAPPER/GEN_ENABLE_INDET_BTT_SF.I_INDET_BTT/I_XD_FIFO/NON_BLK_MEM.I_SYNC_FIFOGEN_FIFO/xpm_fifo_instance.xpm_fifo_sync_inst/xpm_fifo_base_inst/gen_sdpram.xpm_memory_base_inst block.
0INFO: [Memdata 28-208] The XPM instance: <system_i/axi_vdma_0/U0/I_PRMRY_DATAMOVER/GEN_S2MM_FULL.I_S2MM_FULL_WRAPPER/GEN_ENABLE_INDET_BTT_SF.I_INDET_BTT/I_DATA_FIFO/BLK_MEM.I_SYNC_FIFOGEN_FIFO/xpm_fifo_instance.xpm_fifo_sync_inst/xpm_fifo_base_inst/gen_sdpram.xpm_memory_base_inst> is part of IP: <system_i/axi_vdma_0>. This XPM instance will be excluded from the .mmi because updatemem is prohibited from making changes to an XPM that is part of an IP.
0INFO: [Memdata 28-208] The XPM instance: <system_i/axi_vdma_0/U0/I_PRMRY_DATAMOVER/GEN_MM2S_FULL.I_MM2S_FULL_WRAPPER/GEN_INCLUDE_MM2S_SF.I_RD_SF/I_DATA_FIFO/BLK_MEM.I_SYNC_FIFOGEN_FIFO/xpm_fifo_instance.xpm_fifo_sync_inst/xpm_fifo_base_inst/gen_sdpram.xpm_memory_base_inst> is part of IP: <system_i/axi_vdma_0>. This XPM instance will be excluded from the .mmi because updatemem is prohibited from making changes to an XPM that is part of an IP.
0INFO: [Memdata 28-208] The XPM instance: <system_i/axi_vdma_0/U0/GEN_SPRT_FOR_S2MM.S2MM_LINEBUFFER_I/GEN_S2MM_FLUSH_SOF_LOGIC.GEN_LINEBUFFER_FLUSH_SOF.GEN_SYNC_FIFO_FLUSH_SOF.I_LINEBUFFER_FIFO/xpm_fifo_sync_inst/xpm_fifo_base_inst/gen_sdpram.xpm_memory_base_inst> is part of IP: <system_i/axi_vdma_0>. This XPM instance will be excluded from the .mmi because updatemem is prohibited from making changes to an XPM that is part of an IP.
0INFO: [Memdata 28-208] The XPM instance: <system_i/axi_vdma_0/U0/GEN_SPRT_FOR_MM2S.MM2S_LINEBUFFER_I/GEN_LINEBUF_NO_SOF.GEN_LINEBUFFER.GEN_SYNC_FIFO.I_LINEBUFFER_FIFO/xpm_fifo_sync_inst/xpm_fifo_base_inst/gen_sdpram.xpm_memory_base_inst> is part of IP: <system_i/axi_vdma_0>. This XPM instance will be excluded from the .mmi because updatemem is prohibited from making changes to an XPM that is part of an IP.
0INFO: [Memdata 28-208] The XPM instance: <system_i/MIPI_CSI_2_RX_0/U0/MIPI_CSI2_Rx_inst/LLP_inst/LineBufferFIFO/inst/gen_fifo.xpm_fifo_axis_inst/xpm_fifo_base_inst/gen_sdpram.xpm_memory_base_inst> is part of IP: <system_i/MIPI_CSI_2_RX_0/U0/MIPI_CSI2_Rx_inst/LLP_inst/LineBufferFIFO>. This XPM instance will be excluded from the .mmi because updatemem is prohibited from making changes to an XPM that is part of an IP.
Command: write_bitstream -force system_wrapper.bit
Attempting to get a license for feature 'Implementation' and/or device 'xc7z020'
INFO: [Common 17-349] Got license for feature 'Implementation' and/or device 'xc7z020'
Running DRC as a precondition to command write_bitstream
INFO: [IP_Flow 19-1839] IP Catalog is up to date.
INFO: [DRC 23-27] Running DRC with 2 threads
WARNING: [DRC PDCN-1569] LUT equation term check: Used physical LUT pin 'A3' of cell system_i/MIPI_CSI_2_RX_0/U0/MIPI_CSI2_Rx_inst/LLP_inst/DataFIFO/U0/inst_fifo_gen/gaxis_fifo.gaxisf.axisf/grf.rf/gntv_or_sync_fifo.gl0.rd/gr1.gr1_int.rfwft/gpregsm1.user_valid_i_1 (pin system_i/MIPI_CSI_2_RX_0/U0/MIPI_CSI2_Rx_inst/LLP_inst/DataFIFO/U0/inst_fifo_gen/gaxis_fifo.gaxisf.axisf/grf.rf/gntv_or_sync_fifo.gl0.rd/gr1.gr1_int.rfwft/gpregsm1.user_valid_i_1/I1) is not included in the LUT equation: 'O6=(A4)+((~A4)*(~A6)*A2)'. If this cell is a user instantiated LUT in the design, please remove connectivity to the pin or change the equation and/or INIT string of the LUT to prevent this issue. If the cell is inferred or IP created LUT, please regenerate the IP and/or resynthesize the design to attempt to correct the issue.
WARNING: [DRC PDCN-1569] LUT equation term check: Used physical LUT pin 'A3' of cell system_i/axi_mem_intercon_1/s00_couplers/auto_pc/inst/gen_axi4_axi3.axi3_conv_inst/USE_WRITE.write_addr_inst/USE_BURSTS.cmd_queue/inst/fifo_gen_inst/inst_fifo_gen/gconvfifo.rf/grf.rf/gntv_or_sync_fifo.gl0.rd/gr1.gr1_int.rfwft/gpregsm1.user_valid_i_1 (pin system_i/axi_mem_intercon_1/s00_couplers/auto_pc/inst/gen_axi4_axi3.axi3_conv_inst/USE_WRITE.write_addr_inst/USE_BURSTS.cmd_queue/inst/fifo_gen_inst/inst_fifo_gen/gconvfifo.rf/grf.rf/gntv_or_sync_fifo.gl0.rd/gr1.gr1_int.rfwft/gpregsm1.user_valid_i_1/I1) is not included in the LUT equation: 'O6=(A2)+((~A2)*(~A6)*A5)'. If this cell is a user instantiated LUT in the design, please remove connectivity to the pin or change the equation and/or INIT string of the LUT to prevent this issue. If the cell is inferred or IP created LUT, please regenerate the IP and/or resynthesize the design to attempt to correct the issue.
WARNING: [DRC PDCN-1569] LUT equation term check: Used physical LUT pin 'A3' of cell system_i/axi_mem_intercon_1/s00_couplers/auto_pc/inst/gen_axi4_axi3.axi3_conv_inst/USE_WRITE.write_addr_inst/USE_B_CHANNEL.cmd_b_queue/inst/fifo_gen_inst/inst_fifo_gen/gconvfifo.rf/grf.rf/gntv_or_sync_fifo.gl0.rd/gr1.gr1_int.rfwft/gpregsm1.user_valid_i_1 (pin system_i/axi_mem_intercon_1/s00_couplers/auto_pc/inst/gen_axi4_axi3.axi3_conv_inst/USE_WRITE.write_addr_inst/USE_B_CHANNEL.cmd_b_queue/inst/fifo_gen_inst/inst_fifo_gen/gconvfifo.rf/grf.rf/gntv_or_sync_fifo.gl0.rd/gr1.gr1_int.rfwft/gpregsm1.user_valid_i_1/I1) is not included in the LUT equation: 'O6=(A1)+((~A1)*(~A6)*A2)'. If this cell is a user instantiated LUT in the design, please remove connectivity to the pin or change the equation and/or INIT string of the LUT to prevent this issue. If the cell is inferred or IP created LUT, please regenerate the IP and/or resynthesize the design to attempt to correct the issue.
WARNING: [DRC PDCN-1569] LUT equation term check: Used physical LUT pin 'A4' of cell system_i/axi_mem_intercon/s00_couplers/auto_pc/inst/gen_axi4_axi3.axi3_conv_inst/USE_READ.USE_SPLIT_R.read_addr_inst/USE_R_CHANNEL.cmd_queue/inst/fifo_gen_inst/inst_fifo_gen/gconvfifo.rf/grf.rf/gntv_or_sync_fifo.gl0.rd/gr1.gr1_int.rfwft/gpregsm1.user_valid_i_1 (pin system_i/axi_mem_intercon/s00_couplers/auto_pc/inst/gen_axi4_axi3.axi3_conv_inst/USE_READ.USE_SPLIT_R.read_addr_inst/USE_R_CHANNEL.cmd_queue/inst/fifo_gen_inst/inst_fifo_gen/gconvfifo.rf/grf.rf/gntv_or_sync_fifo.gl0.rd/gr1.gr1_int.rfwft/gpregsm1.user_valid_i_1/I1) is not included in the LUT equation: 'O6=(A5)+((~A5)*(~A6)*A3)'. If this cell is a user instantiated LUT in the design, please remove connectivity to the pin or change the equation and/or INIT string of the LUT to prevent this issue. If the cell is inferred or IP created LUT, please regenerate the IP and/or resynthesize the design to attempt to correct the issue.
WARNING: [DRC REQP-1839] RAMB36 async control check: The RAMB36E1 system_i/axi_vdma_0/U0/I_PRMRY_DATAMOVER/GEN_MM2S_FULL.I_MM2S_FULL_WRAPPER/GEN_INCLUDE_MM2S_SF.I_RD_SF/I_DATA_FIFO/BLK_MEM.I_SYNC_FIFOGEN_FIFO/xpm_fifo_instance.xpm_fifo_sync_inst/xpm_fifo_base_inst/gen_sdpram.xpm_memory_base_inst/gen_wr_a.gen_word_narrow.mem_reg_0 has an input control pin system_i/axi_vdma_0/U0/I_PRMRY_DATAMOVER/GEN_MM2S_FULL.I_MM2S_FULL_WRAPPER/GEN_INCLUDE_MM2S_SF.I_RD_SF/I_DATA_FIFO/BLK_MEM.I_SYNC_FIFOGEN_FIFO/xpm_fifo_instance.xpm_fifo_sync_inst/xpm_fifo_base_inst/gen_sdpram.xpm_memory_base_inst/gen_wr_a.gen_word_narrow.mem_reg_0/WEBWE[0] (net: system_i/axi_vdma_0/U0/I_PRMRY_DATAMOVER/GEN_MM2S_FULL.I_MM2S_FULL_WRAPPER/GEN_INCLUDE_MM2S_SF.I_RD_SF/I_DATA_FIFO/BLK_MEM.I_SYNC_FIFOGEN_FIFO/xpm_fifo_instance.xpm_fifo_sync_inst/xpm_fifo_base_inst/gen_sdpram.xpm_memory_base_inst/wea[0]) which is driven by a register (system_i/axi_mem_intercon/s00_couplers/auto_pc/inst/gen_axi4_axi3.axi3_conv_inst/USE_READ.USE_SPLIT_R.read_addr_inst/USE_R_CHANNEL.cmd_queue/inst/fifo_gen_inst/inst_fifo_gen/gconvfifo.rf/grf.rf/gntv_or_sync_fifo.gl0.rd/gr1.gr1_int.rfwft/empty_fwft_i_reg) that has an active asychronous set or reset. This may cause corruption of the memory contents and/or read values when the set/reset is asserted and is not analyzed by the default static timing analysis. It is suggested to eliminate the use of a set/reset to registers driving this RAMB pin or else use a synchronous reset in which the assertion of the reset is timed by default.
WARNING: [DRC REQP-1839] RAMB36 async control check: The RAMB36E1 system_i/axi_vdma_0/U0/I_PRMRY_DATAMOVER/GEN_MM2S_FULL.I_MM2S_FULL_WRAPPER/GEN_INCLUDE_MM2S_SF.I_RD_SF/I_DATA_FIFO/BLK_MEM.I_SYNC_FIFOGEN_FIFO/xpm_fifo_instance.xpm_fifo_sync_inst/xpm_fifo_base_inst/gen_sdpram.xpm_memory_base_inst/gen_wr_a.gen_word_narrow.mem_reg_0 has an input control pin system_i/axi_vdma_0/U0/I_PRMRY_DATAMOVER/GEN_MM2S_FULL.I_MM2S_FULL_WRAPPER/GEN_INCLUDE_MM2S_SF.I_RD_SF/I_DATA_FIFO/BLK_MEM.I_SYNC_FIFOGEN_FIFO/xpm_fifo_instance.xpm_fifo_sync_inst/xpm_fifo_base_inst/gen_sdpram.xpm_memory_base_inst/gen_wr_a.gen_word_narrow.mem_reg_0/WEBWE[1] (net: system_i/axi_vdma_0/U0/I_PRMRY_DATAMOVER/GEN_MM2S_FULL.I_MM2S_FULL_WRAPPER/GEN_INCLUDE_MM2S_SF.I_RD_SF/I_DATA_FIFO/BLK_MEM.I_SYNC_FIFOGEN_FIFO/xpm_fifo_instance.xpm_fifo_sync_inst/xpm_fifo_base_inst/gen_sdpram.xpm_memory_base_inst/wea[0]) which is driven by a register (system_i/axi_mem_intercon/s00_couplers/auto_pc/inst/gen_axi4_axi3.axi3_conv_inst/USE_READ.USE_SPLIT_R.read_addr_inst/USE_R_CHANNEL.cmd_queue/inst/fifo_gen_inst/inst_fifo_gen/gconvfifo.rf/grf.rf/gntv_or_sync_fifo.gl0.rd/gr1.gr1_int.rfwft/empty_fwft_i_reg) that has an active asychronous set or reset. This may cause corruption of the memory contents and/or read values when the set/reset is asserted and is not analyzed by the default static timing analysis. It is suggested to eliminate the use of a set/reset to registers driving this RAMB pin or else use a synchronous reset in which the assertion of the reset is timed by default.
WARNING: [DRC REQP-1839] RAMB36 async control check: The RAMB36E1 system_i/axi_vdma_0/U0/I_PRMRY_DATAMOVER/GEN_MM2S_FULL.I_MM2S_FULL_WRAPPER/GEN_INCLUDE_MM2S_SF.I_RD_SF/I_DATA_FIFO/BLK_MEM.I_SYNC_FIFOGEN_FIFO/xpm_fifo_instance.xpm_fifo_sync_inst/xpm_fifo_base_inst/gen_sdpram.xpm_memory_base_inst/gen_wr_a.gen_word_narrow.mem_reg_0 has an input control pin system_i/axi_vdma_0/U0/I_PRMRY_DATAMOVER/GEN_MM2S_FULL.I_MM2S_FULL_WRAPPER/GEN_INCLUDE_MM2S_SF.I_RD_SF/I_DATA_FIFO/BLK_MEM.I_SYNC_FIFOGEN_FIFO/xpm_fifo_instance.xpm_fifo_sync_inst/xpm_fifo_base_inst/gen_sdpram.xpm_memory_base_inst/gen_wr_a.gen_word_narrow.mem_reg_0/WEBWE[2] (net: system_i/axi_vdma_0/U0/I_PRMRY_DATAMOVER/GEN_MM2S_FULL.I_MM2S_FULL_WRAPPER/GEN_INCLUDE_MM2S_SF.I_RD_SF/I_DATA_FIFO/BLK_MEM.I_SYNC_FIFOGEN_FIFO/xpm_fifo_instance.xpm_fifo_sync_inst/xpm_fifo_base_inst/gen_sdpram.xpm_memory_base_inst/wea[0]) which is driven by a register (system_i/axi_mem_intercon/s00_couplers/auto_pc/inst/gen_axi4_axi3.axi3_conv_inst/USE_READ.USE_SPLIT_R.read_addr_inst/USE_R_CHANNEL.cmd_queue/inst/fifo_gen_inst/inst_fifo_gen/gconvfifo.rf/grf.rf/gntv_or_sync_fifo.gl0.rd/gr1.gr1_int.rfwft/empty_fwft_i_reg) that has an active asychronous set or reset. This may cause corruption of the memory contents and/or read values when the set/reset is asserted and is not analyzed by the default static timing analysis. It is suggested to eliminate the use of a set/reset to registers driving this RAMB pin or else use a synchronous reset in which the assertion of the reset is timed by default.
WARNING: [DRC REQP-1839] RAMB36 async control check: The RAMB36E1 system_i/axi_vdma_0/U0/I_PRMRY_DATAMOVER/GEN_MM2S_FULL.I_MM2S_FULL_WRAPPER/GEN_INCLUDE_MM2S_SF.I_RD_SF/I_DATA_FIFO/BLK_MEM.I_SYNC_FIFOGEN_FIFO/xpm_fifo_instance.xpm_fifo_sync_inst/xpm_fifo_base_inst/gen_sdpram.xpm_memory_base_inst/gen_wr_a.gen_word_narrow.mem_reg_0 has an input control pin system_i/axi_vdma_0/U0/I_PRMRY_DATAMOVER/GEN_MM2S_FULL.I_MM2S_FULL_WRAPPER/GEN_INCLUDE_MM2S_SF.I_RD_SF/I_DATA_FIFO/BLK_MEM.I_SYNC_FIFOGEN_FIFO/xpm_fifo_instance.xpm_fifo_sync_inst/xpm_fifo_base_inst/gen_sdpram.xpm_memory_base_inst/gen_wr_a.gen_word_narrow.mem_reg_0/WEBWE[3] (net: system_i/axi_vdma_0/U0/I_PRMRY_DATAMOVER/GEN_MM2S_FULL.I_MM2S_FULL_WRAPPER/GEN_INCLUDE_MM2S_SF.I_RD_SF/I_DATA_FIFO/BLK_MEM.I_SYNC_FIFOGEN_FIFO/xpm_fifo_instance.xpm_fifo_sync_inst/xpm_fifo_base_inst/gen_sdpram.xpm_memory_base_inst/wea[0]) which is driven by a register (system_i/axi_mem_intercon/s00_couplers/auto_pc/inst/gen_axi4_axi3.axi3_conv_inst/USE_READ.USE_SPLIT_R.read_addr_inst/USE_R_CHANNEL.cmd_queue/inst/fifo_gen_inst/inst_fifo_gen/gconvfifo.rf/grf.rf/gntv_or_sync_fifo.gl0.rd/gr1.gr1_int.rfwft/empty_fwft_i_reg) that has an active asychronous set or reset. This may cause corruption of the memory contents and/or read values when the set/reset is asserted and is not analyzed by the default static timing analysis. It is suggested to eliminate the use of a set/reset to registers driving this RAMB pin or else use a synchronous reset in which the assertion of the reset is timed by default.
WARNING: [DRC REQP-1839] RAMB36 async control check: The RAMB36E1 system_i/axi_vdma_0/U0/I_PRMRY_DATAMOVER/GEN_MM2S_FULL.I_MM2S_FULL_WRAPPER/GEN_INCLUDE_MM2S_SF.I_RD_SF/I_DATA_FIFO/BLK_MEM.I_SYNC_FIFOGEN_FIFO/xpm_fifo_instance.xpm_fifo_sync_inst/xpm_fifo_base_inst/gen_sdpram.xpm_memory_base_inst/gen_wr_a.gen_word_narrow.mem_reg_0 has an input control pin system_i/axi_vdma_0/U0/I_PRMRY_DATAMOVER/GEN_MM2S_FULL.I_MM2S_FULL_WRAPPER/GEN_INCLUDE_MM2S_SF.I_RD_SF/I_DATA_FIFO/BLK_MEM.I_SYNC_FIFOGEN_FIFO/xpm_fifo_instance.xpm_fifo_sync_inst/xpm_fifo_base_inst/gen_sdpram.xpm_memory_base_inst/gen_wr_a.gen_word_narrow.mem_reg_0/WEBWE[4] (net: system_i/axi_vdma_0/U0/I_PRMRY_DATAMOVER/GEN_MM2S_FULL.I_MM2S_FULL_WRAPPER/GEN_INCLUDE_MM2S_SF.I_RD_SF/I_DATA_FIFO/BLK_MEM.I_SYNC_FIFOGEN_FIFO/xpm_fifo_instance.xpm_fifo_sync_inst/xpm_fifo_base_inst/gen_sdpram.xpm_memory_base_inst/wea[0]) which is driven by a register (system_i/axi_mem_intercon/s00_couplers/auto_pc/inst/gen_axi4_axi3.axi3_conv_inst/USE_READ.USE_SPLIT_R.read_addr_inst/USE_R_CHANNEL.cmd_queue/inst/fifo_gen_inst/inst_fifo_gen/gconvfifo.rf/grf.rf/gntv_or_sync_fifo.gl0.rd/gr1.gr1_int.rfwft/empty_fwft_i_reg) that has an active asychronous set or reset. This may cause corruption of the memory contents and/or read values when the set/reset is asserted and is not analyzed by the default static timing analysis. It is suggested to eliminate the use of a set/reset to registers driving this RAMB pin or else use a synchronous reset in which the assertion of the reset is timed by default.
WARNING: [DRC REQP-1839] RAMB36 async control check: The RAMB36E1 system_i/axi_vdma_0/U0/I_PRMRY_DATAMOVER/GEN_MM2S_FULL.I_MM2S_FULL_WRAPPER/GEN_INCLUDE_MM2S_SF.I_RD_SF/I_DATA_FIFO/BLK_MEM.I_SYNC_FIFOGEN_FIFO/xpm_fifo_instance.xpm_fifo_sync_inst/xpm_fifo_base_inst/gen_sdpram.xpm_memory_base_inst/gen_wr_a.gen_word_narrow.mem_reg_0 has an input control pin system_i/axi_vdma_0/U0/I_PRMRY_DATAMOVER/GEN_MM2S_FULL.I_MM2S_FULL_WRAPPER/GEN_INCLUDE_MM2S_SF.I_RD_SF/I_DATA_FIFO/BLK_MEM.I_SYNC_FIFOGEN_FIFO/xpm_fifo_instance.xpm_fifo_sync_inst/xpm_fifo_base_inst/gen_sdpram.xpm_memory_base_inst/gen_wr_a.gen_word_narrow.mem_reg_0/WEBWE[5] (net: system_i/axi_vdma_0/U0/I_PRMRY_DATAMOVER/GEN_MM2S_FULL.I_MM2S_FULL_WRAPPER/GEN_INCLUDE_MM2S_SF.I_RD_SF/I_DATA_FIFO/BLK_MEM.I_SYNC_FIFOGEN_FIFO/xpm_fifo_instance.xpm_fifo_sync_inst/xpm_fifo_base_inst/gen_sdpram.xpm_memory_base_inst/wea[0]) which is driven by a register (system_i/axi_mem_intercon/s00_couplers/auto_pc/inst/gen_axi4_axi3.axi3_conv_inst/USE_READ.USE_SPLIT_R.read_addr_inst/USE_R_CHANNEL.cmd_queue/inst/fifo_gen_inst/inst_fifo_gen/gconvfifo.rf/grf.rf/gntv_or_sync_fifo.gl0.rd/gr1.gr1_int.rfwft/empty_fwft_i_reg) that has an active asychronous set or reset. This may cause corruption of the memory contents and/or read values when the set/reset is asserted and is not analyzed by the default static timing analysis. It is suggested to eliminate the use of a set/reset to registers driving this RAMB pin or else use a synchronous reset in which the assertion of the reset is timed by default.
WARNING: [DRC REQP-1839] RAMB36 async control check: The RAMB36E1 system_i/axi_vdma_0/U0/I_PRMRY_DATAMOVER/GEN_MM2S_FULL.I_MM2S_FULL_WRAPPER/GEN_INCLUDE_MM2S_SF.I_RD_SF/I_DATA_FIFO/BLK_MEM.I_SYNC_FIFOGEN_FIFO/xpm_fifo_instance.xpm_fifo_sync_inst/xpm_fifo_base_inst/gen_sdpram.xpm_memory_base_inst/gen_wr_a.gen_word_narrow.mem_reg_0 has an input control pin system_i/axi_vdma_0/U0/I_PRMRY_DATAMOVER/GEN_MM2S_FULL.I_MM2S_FULL_WRAPPER/GEN_INCLUDE_MM2S_SF.I_RD_SF/I_DATA_FIFO/BLK_MEM.I_SYNC_FIFOGEN_FIFO/xpm_fifo_instance.xpm_fifo_sync_inst/xpm_fifo_base_inst/gen_sdpram.xpm_memory_base_inst/gen_wr_a.gen_word_narrow.mem_reg_0/WEBWE[6] (net: system_i/axi_vdma_0/U0/I_PRMRY_DATAMOVER/GEN_MM2S_FULL.I_MM2S_FULL_WRAPPER/GEN_INCLUDE_MM2S_SF.I_RD_SF/I_DATA_FIFO/BLK_MEM.I_SYNC_FIFOGEN_FIFO/xpm_fifo_instance.xpm_fifo_sync_inst/xpm_fifo_base_inst/gen_sdpram.xpm_memory_base_inst/wea[0]) which is driven by a register (system_i/axi_mem_intercon/s00_couplers/auto_pc/inst/gen_axi4_axi3.axi3_conv_inst/USE_READ.USE_SPLIT_R.read_addr_inst/USE_R_CHANNEL.cmd_queue/inst/fifo_gen_inst/inst_fifo_gen/gconvfifo.rf/grf.rf/gntv_or_sync_fifo.gl0.rd/gr1.gr1_int.rfwft/empty_fwft_i_reg) that has an active asychronous set or reset. This may cause corruption of the memory contents and/or read values when the set/reset is asserted and is not analyzed by the default static timing analysis. It is suggested to eliminate the use of a set/reset to registers driving this RAMB pin or else use a synchronous reset in which the assertion of the reset is timed by default.
WARNING: [DRC REQP-1839] RAMB36 async control check: The RAMB36E1 system_i/axi_vdma_0/U0/I_PRMRY_DATAMOVER/GEN_MM2S_FULL.I_MM2S_FULL_WRAPPER/GEN_INCLUDE_MM2S_SF.I_RD_SF/I_DATA_FIFO/BLK_MEM.I_SYNC_FIFOGEN_FIFO/xpm_fifo_instance.xpm_fifo_sync_inst/xpm_fifo_base_inst/gen_sdpram.xpm_memory_base_inst/gen_wr_a.gen_word_narrow.mem_reg_0 has an input control pin system_i/axi_vdma_0/U0/I_PRMRY_DATAMOVER/GEN_MM2S_FULL.I_MM2S_FULL_WRAPPER/GEN_INCLUDE_MM2S_SF.I_RD_SF/I_DATA_FIFO/BLK_MEM.I_SYNC_FIFOGEN_FIFO/xpm_fifo_instance.xpm_fifo_sync_inst/xpm_fifo_base_inst/gen_sdpram.xpm_memory_base_inst/gen_wr_a.gen_word_narrow.mem_reg_0/WEBWE[7] (net: system_i/axi_vdma_0/U0/I_PRMRY_DATAMOVER/GEN_MM2S_FULL.I_MM2S_FULL_WRAPPER/GEN_INCLUDE_MM2S_SF.I_RD_SF/I_DATA_FIFO/BLK_MEM.I_SYNC_FIFOGEN_FIFO/xpm_fifo_instance.xpm_fifo_sync_inst/xpm_fifo_base_inst/gen_sdpram.xpm_memory_base_inst/wea[0]) which is driven by a register (system_i/axi_mem_intercon/s00_couplers/auto_pc/inst/gen_axi4_axi3.axi3_conv_inst/USE_READ.USE_SPLIT_R.read_addr_inst/USE_R_CHANNEL.cmd_queue/inst/fifo_gen_inst/inst_fifo_gen/gconvfifo.rf/grf.rf/gntv_or_sync_fifo.gl0.rd/gr1.gr1_int.rfwft/empty_fwft_i_reg) that has an active asychronous set or reset. This may cause corruption of the memory contents and/or read values when the set/reset is asserted and is not analyzed by the default static timing analysis. It is suggested to eliminate the use of a set/reset to registers driving this RAMB pin or else use a synchronous reset in which the assertion of the reset is timed by default.
WARNING: [DRC REQP-1840] RAMB18 async control check: The RAMB18E1 system_i/axi_vdma_0/U0/I_PRMRY_DATAMOVER/GEN_MM2S_FULL.I_MM2S_FULL_WRAPPER/GEN_INCLUDE_MM2S_SF.I_RD_SF/I_DATA_FIFO/BLK_MEM.I_SYNC_FIFOGEN_FIFO/xpm_fifo_instance.xpm_fifo_sync_inst/xpm_fifo_base_inst/gen_sdpram.xpm_memory_base_inst/gen_wr_a.gen_word_narrow.mem_reg_1 has an input control pin system_i/axi_vdma_0/U0/I_PRMRY_DATAMOVER/GEN_MM2S_FULL.I_MM2S_FULL_WRAPPER/GEN_INCLUDE_MM2S_SF.I_RD_SF/I_DATA_FIFO/BLK_MEM.I_SYNC_FIFOGEN_FIFO/xpm_fifo_instance.xpm_fifo_sync_inst/xpm_fifo_base_inst/gen_sdpram.xpm_memory_base_inst/gen_wr_a.gen_word_narrow.mem_reg_1/ENBWREN (net: system_i/axi_vdma_0/U0/I_PRMRY_DATAMOVER/GEN_MM2S_FULL.I_MM2S_FULL_WRAPPER/GEN_INCLUDE_MM2S_SF.I_RD_SF/I_DATA_FIFO/BLK_MEM.I_SYNC_FIFOGEN_FIFO/xpm_fifo_instance.xpm_fifo_sync_inst/xpm_fifo_base_inst/gen_sdpram.xpm_memory_base_inst/wea[0]) which is driven by a register (system_i/axi_mem_intercon/s00_couplers/auto_pc/inst/gen_axi4_axi3.axi3_conv_inst/USE_READ.USE_SPLIT_R.read_addr_inst/USE_R_CHANNEL.cmd_queue/inst/fifo_gen_inst/inst_fifo_gen/gconvfifo.rf/grf.rf/gntv_or_sync_fifo.gl0.rd/gr1.gr1_int.rfwft/empty_fwft_i_reg) that has an active asychronous set or reset. This may cause corruption of the memory contents and/or read values when the set/reset is asserted and is not analyzed by the default static timing analysis. It is suggested to eliminate the use of a set/reset to registers driving this RAMB pin or else use a synchronous reset in which the assertion of the reset is timed by default.
WARNING: [DRC REQP-1840] RAMB18 async control check: The RAMB18E1 system_i/axi_vdma_0/U0/I_PRMRY_DATAMOVER/GEN_MM2S_FULL.I_MM2S_FULL_WRAPPER/GEN_INCLUDE_MM2S_SF.I_RD_SF/I_DATA_FIFO/BLK_MEM.I_SYNC_FIFOGEN_FIFO/xpm_fifo_instance.xpm_fifo_sync_inst/xpm_fifo_base_inst/gen_sdpram.xpm_memory_base_inst/gen_wr_a.gen_word_narrow.mem_reg_1 has an input control pin system_i/axi_vdma_0/U0/I_PRMRY_DATAMOVER/GEN_MM2S_FULL.I_MM2S_FULL_WRAPPER/GEN_INCLUDE_MM2S_SF.I_RD_SF/I_DATA_FIFO/BLK_MEM.I_SYNC_FIFOGEN_FIFO/xpm_fifo_instance.xpm_fifo_sync_inst/xpm_fifo_base_inst/gen_sdpram.xpm_memory_base_inst/gen_wr_a.gen_word_narrow.mem_reg_1/WEBWE[0] (net: system_i/axi_vdma_0/U0/I_PRMRY_DATAMOVER/GEN_MM2S_FULL.I_MM2S_FULL_WRAPPER/GEN_INCLUDE_MM2S_SF.I_RD_SF/I_DATA_FIFO/BLK_MEM.I_SYNC_FIFOGEN_FIFO/xpm_fifo_instance.xpm_fifo_sync_inst/xpm_fifo_base_inst/gen_sdpram.xpm_memory_base_inst/wea[0]) which is driven by a register (system_i/axi_mem_intercon/s00_couplers/auto_pc/inst/gen_axi4_axi3.axi3_conv_inst/USE_READ.USE_SPLIT_R.read_addr_inst/USE_R_CHANNEL.cmd_queue/inst/fifo_gen_inst/inst_fifo_gen/gconvfifo.rf/grf.rf/gntv_or_sync_fifo.gl0.rd/gr1.gr1_int.rfwft/empty_fwft_i_reg) that has an active asychronous set or reset. This may cause corruption of the memory contents and/or read values when the set/reset is asserted and is not analyzed by the default static timing analysis. It is suggested to eliminate the use of a set/reset to registers driving this RAMB pin or else use a synchronous reset in which the assertion of the reset is timed by default.
WARNING: [DRC REQP-1840] RAMB18 async control check: The RAMB18E1 system_i/axi_vdma_0/U0/I_PRMRY_DATAMOVER/GEN_MM2S_FULL.I_MM2S_FULL_WRAPPER/GEN_INCLUDE_MM2S_SF.I_RD_SF/I_DATA_FIFO/BLK_MEM.I_SYNC_FIFOGEN_FIFO/xpm_fifo_instance.xpm_fifo_sync_inst/xpm_fifo_base_inst/gen_sdpram.xpm_memory_base_inst/gen_wr_a.gen_word_narrow.mem_reg_1 has an input control pin system_i/axi_vdma_0/U0/I_PRMRY_DATAMOVER/GEN_MM2S_FULL.I_MM2S_FULL_WRAPPER/GEN_INCLUDE_MM2S_SF.I_RD_SF/I_DATA_FIFO/BLK_MEM.I_SYNC_FIFOGEN_FIFO/xpm_fifo_instance.xpm_fifo_sync_inst/xpm_fifo_base_inst/gen_sdpram.xpm_memory_base_inst/gen_wr_a.gen_word_narrow.mem_reg_1/WEBWE[1] (net: system_i/axi_vdma_0/U0/I_PRMRY_DATAMOVER/GEN_MM2S_FULL.I_MM2S_FULL_WRAPPER/GEN_INCLUDE_MM2S_SF.I_RD_SF/I_DATA_FIFO/BLK_MEM.I_SYNC_FIFOGEN_FIFO/xpm_fifo_instance.xpm_fifo_sync_inst/xpm_fifo_base_inst/gen_sdpram.xpm_memory_base_inst/wea[0]) which is driven by a register (system_i/axi_mem_intercon/s00_couplers/auto_pc/inst/gen_axi4_axi3.axi3_conv_inst/USE_READ.USE_SPLIT_R.read_addr_inst/USE_R_CHANNEL.cmd_queue/inst/fifo_gen_inst/inst_fifo_gen/gconvfifo.rf/grf.rf/gntv_or_sync_fifo.gl0.rd/gr1.gr1_int.rfwft/empty_fwft_i_reg) that has an active asychronous set or reset. This may cause corruption of the memory contents and/or read values when the set/reset is asserted and is not analyzed by the default static timing analysis. It is suggested to eliminate the use of a set/reset to registers driving this RAMB pin or else use a synchronous reset in which the assertion of the reset is timed by default.
WARNING: [DRC REQP-1840] RAMB18 async control check: The RAMB18E1 system_i/axi_vdma_0/U0/I_PRMRY_DATAMOVER/GEN_MM2S_FULL.I_MM2S_FULL_WRAPPER/GEN_INCLUDE_MM2S_SF.I_RD_SF/I_DATA_FIFO/BLK_MEM.I_SYNC_FIFOGEN_FIFO/xpm_fifo_instance.xpm_fifo_sync_inst/xpm_fifo_base_inst/gen_sdpram.xpm_memory_base_inst/gen_wr_a.gen_word_narrow.mem_reg_1 has an input control pin system_i/axi_vdma_0/U0/I_PRMRY_DATAMOVER/GEN_MM2S_FULL.I_MM2S_FULL_WRAPPER/GEN_INCLUDE_MM2S_SF.I_RD_SF/I_DATA_FIFO/BLK_MEM.I_SYNC_FIFOGEN_FIFO/xpm_fifo_instance.xpm_fifo_sync_inst/xpm_fifo_base_inst/gen_sdpram.xpm_memory_base_inst/gen_wr_a.gen_word_narrow.mem_reg_1/WEBWE[2] (net: system_i/axi_vdma_0/U0/I_PRMRY_DATAMOVER/GEN_MM2S_FULL.I_MM2S_FULL_WRAPPER/GEN_INCLUDE_MM2S_SF.I_RD_SF/I_DATA_FIFO/BLK_MEM.I_SYNC_FIFOGEN_FIFO/xpm_fifo_instance.xpm_fifo_sync_inst/xpm_fifo_base_inst/gen_sdpram.xpm_memory_base_inst/wea[0]) which is driven by a register (system_i/axi_mem_intercon/s00_couplers/auto_pc/inst/gen_axi4_axi3.axi3_conv_inst/USE_READ.USE_SPLIT_R.read_addr_inst/USE_R_CHANNEL.cmd_queue/inst/fifo_gen_inst/inst_fifo_gen/gconvfifo.rf/grf.rf/gntv_or_sync_fifo.gl0.rd/gr1.gr1_int.rfwft/empty_fwft_i_reg) that has an active asychronous set or reset. This may cause corruption of the memory contents and/or read values when the set/reset is asserted and is not analyzed by the default static timing analysis. It is suggested to eliminate the use of a set/reset to registers driving this RAMB pin or else use a synchronous reset in which the assertion of the reset is timed by default.
WARNING: [DRC RTSTAT-10] No routable loads: 66 net(s) have no routable loads. The problem bus(es) and/or net(s) are system_i/axi_mem_intercon_1/s00_couplers/auto_pc/inst/gen_axi4_axi3.axi3_conv_inst/USE_WRITE.write_addr_inst/USE_BURSTS.cmd_queue/inst/fifo_gen_inst/inst_fifo_gen/gconvfifo.rf/grf.rf/gntv_or_sync_fifo.gl0.rd/gr1.gr1_int.rfwft/aempty_fwft_i, system_i/axi_mem_intercon/s00_couplers/auto_pc/inst/gen_axi4_axi3.axi3_conv_inst/USE_READ.USE_SPLIT_R.read_addr_inst/USE_R_CHANNEL.cmd_queue/inst/fifo_gen_inst/inst_fifo_gen/gconvfifo.rf/grf.rf/gntv_or_sync_fifo.gl0.rd/gr1.gr1_int.rfwft/aempty_fwft_i, system_i/MIPI_CSI_2_RX_0/U0/MIPI_CSI2_Rx_inst/LLP_inst/DataFIFO/U0/inst_fifo_gen/gaxis_fifo.gaxisf.axisf/grf.rf/gntv_or_sync_fifo.gl0.rd/gr1.gr1_int.rfwft/aempty_fwft_i, system_i/axi_mem_intercon_1/s00_couplers/auto_pc/inst/gen_axi4_axi3.axi3_conv_inst/USE_WRITE.write_addr_inst/USE_B_CHANNEL.cmd_b_queue/inst/fifo_gen_inst/inst_fifo_gen/gconvfifo.rf/grf.rf/gntv_or_sync_fifo.gl0.rd/gr1.gr1_int.rfwft/aempty_fwft_i, system_i/MIPI_D_PHY_RX_0/U0/DataLaneGen[1].DPHY_LaneSFEN_X/HSDeserializerX/dLP[0]_0[2], system_i/MIPI_D_PHY_RX_0/U0/DataLaneGen[0].DPHY_LaneSFEN_X/HSDeserializerX/dLP[0]_0[2], system_i/MIPI_D_PHY_RX_0/U0/DataLaneGen[1].DPHY_LaneSFEN_X/HSDeserializerX/dLP[0]_0[3], system_i/MIPI_D_PHY_RX_0/U0/DataLaneGen[0].DPHY_LaneSFEN_X/HSDeserializerX/dLP[0]_0[3], system_i/MIPI_D_PHY_RX_0/U0/DataLaneGen[0].DPHY_LaneSFEN_X/HSDeserializerX/dLP[0]_0[4], system_i/MIPI_D_PHY_RX_0/U0/DataLaneGen[1].DPHY_LaneSFEN_X/HSDeserializerX/dLP[0]_0[4], system_i/MIPI_D_PHY_RX_0/U0/DataLaneGen[1].DPHY_LaneSFEN_X/HSDeserializerX/dLP[0]_0[5], system_i/MIPI_D_PHY_RX_0/U0/DataLaneGen[0].DPHY_LaneSFEN_X/HSDeserializerX/dLP[0]_0[5], system_i/MIPI_D_PHY_RX_0/U0/DataLaneGen[0].DPHY_LaneSFEN_X/HSDeserializerX/dLP[0]_0[6], system_i/MIPI_D_PHY_RX_0/U0/DataLaneGen[1].DPHY_LaneSFEN_X/HSDeserializerX/dLP[0]_0[6], system_i/MIPI_D_PHY_RX_0/U0/DataLaneGen[0].DPHY_LaneSFEN_X/HSDeserializerX/dLP[0]_0[7]... and (the first 15 of 50 listed).
INFO: [DRC REQP-165] writefirst: Synchronous clocking is detected for BRAM (system_i/axi_vdma_0/U0/I_PRMRY_DATAMOVER/GEN_MM2S_FULL.I_MM2S_FULL_WRAPPER/GEN_INCLUDE_MM2S_SF.I_RD_SF/I_DATA_FIFO/BLK_MEM.I_SYNC_FIFOGEN_FIFO/xpm_fifo_instance.xpm_fifo_sync_inst/xpm_fifo_base_inst/gen_sdpram.xpm_memory_base_inst/gen_wr_a.gen_word_narrow.mem_reg_1) in SDP mode with WRITE_FIRST write-mode. This is the preferred mode for best power characteristics, however it may exhibit address collisions if the same address appears on both read and write ports resulting in unknown or corrupted read data. It is suggested to confirm via simulation that an address collision never occurs and if so it is suggested to try and avoid this situation. If address collisions cannot be avoided, the write-mode may be set to READ_FIRST which guarantees that the read data is the prior contents of the memory at the cost of additional power in the design. See the FPGA Memory Resources User Guide for additional information.
INFO: [DRC REQP-165] writefirst: Synchronous clocking is detected for BRAM (system_i/axi_vdma_0/U0/I_PRMRY_DATAMOVER/GEN_S2MM_FULL.I_S2MM_FULL_WRAPPER/GEN_ENABLE_INDET_BTT_SF.I_INDET_BTT/I_DATA_FIFO/BLK_MEM.I_SYNC_FIFOGEN_FIFO/xpm_fifo_instance.xpm_fifo_sync_inst/xpm_fifo_base_inst/gen_sdpram.xpm_memory_base_inst/gen_wr_a.gen_word_narrow.mem_reg_1) in SDP mode with WRITE_FIRST write-mode. This is the preferred mode for best power characteristics, however it may exhibit address collisions if the same address appears on both read and write ports resulting in unknown or corrupted read data. It is suggested to confirm via simulation that an address collision never occurs and if so it is suggested to try and avoid this situation. If address collisions cannot be avoided, the write-mode may be set to READ_FIRST which guarantees that the read data is the prior contents of the memory at the cost of additional power in the design. See the FPGA Memory Resources User Guide for additional information.
INFO: [DRC REQP-181] writefirst: Synchronous clocking is detected for BRAM (system_i/axi_vdma_0/U0/I_PRMRY_DATAMOVER/GEN_MM2S_FULL.I_MM2S_FULL_WRAPPER/GEN_INCLUDE_MM2S_SF.I_RD_SF/I_DATA_FIFO/BLK_MEM.I_SYNC_FIFOGEN_FIFO/xpm_fifo_instance.xpm_fifo_sync_inst/xpm_fifo_base_inst/gen_sdpram.xpm_memory_base_inst/gen_wr_a.gen_word_narrow.mem_reg_0) in SDP mode with WRITE_FIRST write-mode. This is the preferred mode for best power characteristics, however it may exhibit address collisions if the same address appears on both read and write ports resulting in unknown or corrupted read data. It is suggested to confirm via simulation that an address collision never occurs and if so it is suggested to try and avoid this situation. If address collisions cannot be avoided, the write-mode may be set to READ_FIRST which guarantees that the read data is the prior contents of the memory at the cost of additional power in the design. See the FPGA Memory Resources User Guide for additional information.
INFO: [DRC REQP-181] writefirst: Synchronous clocking is detected for BRAM (system_i/axi_vdma_0/U0/I_PRMRY_DATAMOVER/GEN_S2MM_FULL.I_S2MM_FULL_WRAPPER/GEN_ENABLE_INDET_BTT_SF.I_INDET_BTT/I_DATA_FIFO/BLK_MEM.I_SYNC_FIFOGEN_FIFO/xpm_fifo_instance.xpm_fifo_sync_inst/xpm_fifo_base_inst/gen_sdpram.xpm_memory_base_inst/gen_wr_a.gen_word_narrow.mem_reg_0) in SDP mode with WRITE_FIRST write-mode. This is the preferred mode for best power characteristics, however it may exhibit address collisions if the same address appears on both read and write ports resulting in unknown or corrupted read data. It is suggested to confirm via simulation that an address collision never occurs and if so it is suggested to try and avoid this situation. If address collisions cannot be avoided, the write-mode may be set to READ_FIRST which guarantees that the read data is the prior contents of the memory at the cost of additional power in the design. See the FPGA Memory Resources User Guide for additional information.
INFO: [Vivado 12-3199] DRC finished with 0 Errors, 17 Warnings, 4 Advisories
INFO: [Vivado 12-3200] Please refer to the DRC report (report_drc) for more information.
INFO: [Designutils 20-2272] Running write_bitstream with 2 threads.
Loading data files...
Loading site data...
Loading route data...
Processing options...
Creating bitmap...
Creating bitstream...
Writing bitstream ./system_wrapper.bit...
INFO: [Vivado 12-1842] Bitgen Completed Successfully.
INFO: [#UNDEF] WebTalk data collection is mandatory when using a WebPACK part without a full Vivado license. To see the specific WebTalk data collected for your design, open the usage_statistics_webtalk.html or usage_statistics_webtalk.xml file in the implementation directory.
INFO: [Common 17-186] 'D:/WorkRaduV/Projects/Zybo-Z7/hw/proj/hw.runs/impl_1/usage_statistics_webtalk.xml' has been successfully sent to Xilinx on Tue Aug  2 12:46:24 2022. For additional details about this file, please refer to the WebTalk help file at C:/Xilinx/Vivado/2021.1/doc/webtalk_introduction.html.
INFO: [Common 17-83] Releasing license: Implementation
24 Infos, 17 Warnings, 0 Critical Warnings and 0 Errors encountered.
write_bitstream completed successfully
write_bitstream: Time (s): cpu = 00:00:30 ; elapsed = 00:00:27 . Memory (MB): peak = 2947.895 ; gain = 468.512
INFO: [Common 17-206] Exiting Vivado at Tue Aug  2 12:46:25 2022...
