
****** Vitis HLS - High-Level Synthesis from C, C++ and OpenCL v2021.2 (64-bit)
  **** SW Build 3367213 on Tue Oct 19 02:48:09 MDT 2021
  **** IP Build 3369179 on Thu Oct 21 08:25:16 MDT 2021
    ** Copyright 1986-2021 Xilinx, Inc. All Rights Reserved.

source C:/Xilinx/Vitis_HLS/2021.2/scripts/vitis_hls/hls.tcl -notrace
INFO: [HLS 200-10] Running 'C:/Xilinx/Vitis_HLS/2021.2/bin/unwrapped/win64.o/vitis_hls.exe'
INFO: [HLS 200-10] For user 'brand' on host 'brandon-x13' (Windows NT_amd64 version 6.2) on Tue May 26 01:12:13 -0400 2026
INFO: [HLS 200-10] In directory 'C:/Users/brand/Documents/engs192/zybo-edge-ai/hls/edge_cnn_linear_stream_hls'
Sourcing Tcl script 'run_hls_zybo_stream.tcl'
INFO: [HLS 200-1510] Running: open_project -reset edge_cnn_linear_stream_prj 
INFO: [HLS 200-10] Creating and opening project 'C:/Users/brand/Documents/engs192/zybo-edge-ai/hls/edge_cnn_linear_stream_hls/edge_cnn_linear_stream_prj'.
INFO: [HLS 200-1510] Running: set_top edge_cnn_linear 
INFO: [HLS 200-1510] Running: add_files firmware/edge_cnn_linear.cpp -cflags -std=c++11 -Ifirmware 
INFO: [HLS 200-10] Adding design file 'firmware/edge_cnn_linear.cpp' to the project
INFO: [HLS 200-1510] Running: open_solution -reset solution1 
INFO: [HLS 200-10] Creating and opening solution 'C:/Users/brand/Documents/engs192/zybo-edge-ai/hls/edge_cnn_linear_stream_hls/edge_cnn_linear_stream_prj/solution1'.
INFO: [HLS 200-10] Cleaning up the solution database.
WARNING: [HLS 200-40] No C:/Users/brand/Documents/engs192/zybo-edge-ai/hls/edge_cnn_linear_stream_hls/edge_cnn_linear_stream_prj/solution1/solution1.aps file found.
INFO: [HLS 200-1505] Using default flow_target 'vivado'
Resolution: For help on HLS 200-1505 see www.xilinx.com/cgi-bin/docs/rdoc?v=2021.2;t=hls+guidance;d=200-1505.html
INFO: [HLS 200-1510] Running: set_part xc7z020clg400-1 
INFO: [HLS 200-1611] Setting target device to 'xc7z020-clg400-1'
INFO: [HLS 200-1510] Running: create_clock -period 10 -name default 
INFO: [SYN 201-201] Setting up clock 'default' with a period of 10ns.
INFO: [HLS 200-1510] Running: csynth_design 
INFO: [HLS 200-111] Finished File checks and directory preparation: CPU user time: 0 seconds. CPU system time: 0 seconds. Elapsed time: 0.028 seconds; current allocated memory: 1.162 GB.
INFO: [HLS 200-10] Analyzing design file 'firmware/edge_cnn_linear.cpp' ... 
WARNING: [HLS 207-5551] unexpected pragma argument 'instances', expects function/operation (firmware/nnet_utils/nnet_activation.h:402:24)
WARNING: [HLS 207-5523] 'Resource pragma' is deprecated, use 'bind_op/bind_storage pragma' instead (firmware/nnet_utils/nnet_dense_resource.h:33:9)
WARNING: [HLS 207-5523] 'Resource pragma' is deprecated, use 'bind_op/bind_storage pragma' instead (firmware/nnet_utils/nnet_dense_resource.h:107:9)
WARNING: [HLS 207-5523] 'Resource pragma' is deprecated, use 'bind_op/bind_storage pragma' instead (firmware/nnet_utils/nnet_dense_resource.h:189:9)
WARNING: [HLS 207-5524] 'region' in '#pragma HLS Inline' is deprecated, use 'Inline Pragma' instead (firmware/nnet_utils/nnet_conv2d.h:48:26)
WARNING: [HLS 207-5524] 'region' in '#pragma HLS Inline' is deprecated, use 'Inline Pragma' instead (firmware/nnet_utils/nnet_conv2d.h:66:26)
WARNING: [HLS 207-5551] unexpected pragma argument 'instances', expects function/operation (firmware/nnet_utils/nnet_conv2d_stream.h:80:24)
WARNING: [HLS 207-5551] unexpected pragma argument 'instances', expects function/operation (firmware/nnet_utils/nnet_conv2d_stream.h:81:24)
WARNING: [HLS 207-5556] Only for/while/do support the pipeline  pragma (firmware/nnet_utils/nnet_conv2d_stream.h:90:9)
WARNING: [HLS 207-5556] Only for/while/do support the pipeline  pragma (firmware/nnet_utils/nnet_conv2d_stream.h:58:9)
WARNING: [HLS 214-113] Either use an argument of the function or declare the variable inside the dataflow loop body (firmware/edge_cnn_linear.cpp:57:81)
Resolution: For help on HLS 214-113 see www.xilinx.com/cgi-bin/docs/rdoc?v=2021.2;t=hls+guidance;d=214-113.html
WARNING: [HLS 214-113] Either use an argument of the function or declare the variable inside the dataflow loop body (firmware/edge_cnn_linear.cpp:57:85)
Resolution: For help on HLS 214-113 see www.xilinx.com/cgi-bin/docs/rdoc?v=2021.2;t=hls+guidance;d=214-113.html
WARNING: [HLS 214-113] Either use an argument of the function or declare the variable inside the dataflow loop body (firmware/edge_cnn_linear.cpp:63:81)
Resolution: For help on HLS 214-113 see www.xilinx.com/cgi-bin/docs/rdoc?v=2021.2;t=hls+guidance;d=214-113.html
WARNING: [HLS 214-113] Either use an argument of the function or declare the variable inside the dataflow loop body (firmware/edge_cnn_linear.cpp:63:85)
Resolution: For help on HLS 214-113 see www.xilinx.com/cgi-bin/docs/rdoc?v=2021.2;t=hls+guidance;d=214-113.html
WARNING: [HLS 214-113] Either use an argument of the function or declare the variable inside the dataflow loop body (firmware/edge_cnn_linear.cpp:69:75)
Resolution: For help on HLS 214-113 see www.xilinx.com/cgi-bin/docs/rdoc?v=2021.2;t=hls+guidance;d=214-113.html
WARNING: [HLS 214-113] Either use an argument of the function or declare the variable inside the dataflow loop body (firmware/edge_cnn_linear.cpp:69:79)
Resolution: For help on HLS 214-113 see www.xilinx.com/cgi-bin/docs/rdoc?v=2021.2;t=hls+guidance;d=214-113.html
WARNING: [HLS 200-471] Dataflow form checks found 6 issue(s) in file firmware/edge_cnn_linear.cpp
Resolution: For help on HLS 200-471 see www.xilinx.com/cgi-bin/docs/rdoc?v=2021.2;t=hls+guidance;d=200-471.html
WARNING: [HLS 207-5287] unused parameter 'keep' (firmware/nnet_utils/nnet_helpers.h:285:99)
WARNING: [HLS 207-5287] unused parameter 'data' (firmware/nnet_utils/nnet_function_stubs.h:14:36)
WARNING: [HLS 207-5287] unused parameter 'buffer' (firmware/nnet_utils/nnet_function_stubs.h:15:36)
WARNING: [HLS 207-5287] unused parameter 'partition' (firmware/nnet_utils/nnet_function_stubs.h:16:44)
WARNING: [HLS 207-5287] unused parameter 'data' (firmware/nnet_utils/nnet_function_stubs.h:24:24)
WARNING: [HLS 207-5287] unused parameter 'buffer' (firmware/nnet_utils/nnet_function_stubs.h:25:24)
WARNING: [HLS 207-5287] unused parameter 'partition' (firmware/nnet_utils/nnet_function_stubs.h:26:32)
WARNING: [HLS 207-5287] unused parameter 'data' (firmware/nnet_utils/nnet_function_stubs.h:33:30)
WARNING: [HLS 207-5287] unused parameter 'res' (firmware/nnet_utils/nnet_function_stubs.h:33:58)
WARNING: [HLS 207-5287] unused parameter 'weights' (firmware/nnet_utils/nnet_function_stubs.h:34:51)
WARNING: [HLS 207-5287] unused parameter 'biases' (firmware/nnet_utils/nnet_function_stubs.h:35:49)
WARNING: [HLS 207-5287] unused parameter 'data' (firmware/nnet_utils/nnet_function_stubs.h:42:30)
WARNING: [HLS 207-5287] unused parameter 'res' (firmware/nnet_utils/nnet_function_stubs.h:42:58)
WARNING: [HLS 207-5287] unused parameter 'weights' (firmware/nnet_utils/nnet_function_stubs.h:43:51)
WARNING: [HLS 207-5287] unused parameter 'biases' (firmware/nnet_utils/nnet_function_stubs.h:44:49)
WARNING: [HLS 207-5287] unused parameter 'data' (firmware/nnet_utils/nnet_function_stubs.h:51:29)
WARNING: [HLS 207-5287] unused parameter 'res' (firmware/nnet_utils/nnet_function_stubs.h:51:80)
WARNING: [HLS 207-5287] unused parameter 'weights' (firmware/nnet_utils/nnet_function_stubs.h:52:50)
WARNING: [HLS 207-5287] unused parameter 'biases' (firmware/nnet_utils/nnet_function_stubs.h:53:48)
WARNING: [HLS 207-5287] unused parameter 'data' (firmware/nnet_utils/nnet_code_gen.h:16:39)
WARNING: [HLS 207-5287] unused parameter 'res' (firmware/nnet_utils/nnet_code_gen.h:17:38)
WARNING: [HLS 207-5287] unused parameter 'weights' (firmware/nnet_utils/nnet_code_gen.h:18:60)
WARNING: [HLS 207-5287] unused parameter 'biases' (firmware/nnet_utils/nnet_code_gen.h:19:58)
INFO: [HLS 200-111] Finished Source Code Analysis and Preprocessing: CPU user time: 2 seconds. CPU system time: 0 seconds. Elapsed time: 10.218 seconds; current allocated memory: 1.162 GB.
INFO: [HLS 200-777] Using interface defaults for 'Vivado' flow target.
INFO: [HLS 214-284] Auto array partition mode is set into default.
INFO: [HLS 214-131] Inlining function 'ap_int_base<65, true>::ap_int_base<11, false>(ap_int_base<11, false> const&)' into 'ap_int_base<11, false>::RType<64, true>::minus operator-<11, false, 64, true>(ap_int_base<11, false> const&, ap_int_base<64, true> const&)' (C:/Xilinx/Vitis_HLS/2021.2/common/technology/autopilot\ap_int_base.h:1541:341)
INFO: [HLS 214-131] Inlining function 'ap_int<65>::ap_int<65, true>(ap_int_base<65, true> const&)' into 'ap_int_base<11, false>::RType<64, true>::minus operator-<11, false, 64, true>(ap_int_base<11, false> const&, ap_int_base<64, true> const&)' (C:/Xilinx/Vitis_HLS/2021.2/common/technology/autopilot\ap_int_base.h:1541:555)
INFO: [HLS 214-131] Inlining function 'ap_int_base<65, true>::ap_int_base<64, true>(ap_int_base<64, true> const&)' into 'ap_int_base<11, false>::RType<64, true>::minus operator-<11, false, 64, true>(ap_int_base<11, false> const&, ap_int_base<64, true> const&)' (C:/Xilinx/Vitis_HLS/2021.2/common/technology/autopilot\ap_int_base.h:1541:430)
INFO: [HLS 214-131] Inlining function 'ap_int_base<64, true>::ap_int_base(long)' into 'ap_int_base<11, false>::RType<($_0)64, true>::minus operator-<11, false>(ap_int_base<11, false> const&, long)' (C:/Xilinx/Vitis_HLS/2021.2/common/technology/autopilot\ap_int_base.h:1657:1548)
INFO: [HLS 214-131] Inlining function 'ap_int_base<11, false>::RType<64, true>::minus operator-<11, false, 64, true>(ap_int_base<11, false> const&, ap_int_base<64, true> const&)' into 'ap_int_base<11, false>::RType<($_0)64, true>::minus operator-<11, false>(ap_int_base<11, false> const&, long)' (C:/Xilinx/Vitis_HLS/2021.2/common/technology/autopilot\ap_int_base.h:1657:1546)
INFO: [HLS 214-131] Inlining function 'ap_int_base<55, true>::ap_int_base<1, false>(ap_int_base<1, false> const&)' into 'ap_int_base<1, false>::RType<54, true>::minus operator-<1, false, 54, true>(ap_int_base<1, false> const&, ap_int_base<54, true> const&)' (C:/Xilinx/Vitis_HLS/2021.2/common/technology/autopilot\ap_int_base.h:1541:341)
INFO: [HLS 214-131] Inlining function 'ap_int<55>::ap_int<55, true>(ap_int_base<55, true> const&)' into 'ap_int_base<1, false>::RType<54, true>::minus operator-<1, false, 54, true>(ap_int_base<1, false> const&, ap_int_base<54, true> const&)' (C:/Xilinx/Vitis_HLS/2021.2/common/technology/autopilot\ap_int_base.h:1541:555)
INFO: [HLS 214-131] Inlining function 'ap_int_base<55, true>::ap_int_base<54, true>(ap_int_base<54, true> const&)' into 'ap_int_base<1, false>::RType<54, true>::minus operator-<1, false, 54, true>(ap_int_base<1, false> const&, ap_int_base<54, true> const&)' (C:/Xilinx/Vitis_HLS/2021.2/common/technology/autopilot\ap_int_base.h:1541:430)
INFO: [HLS 214-131] Inlining function 'ap_int_base<1, false>::ap_int_base(int)' into 'ap_int_base<54, true>::operator-() const' (C:/Xilinx/Vitis_HLS/2021.2/common/technology/autopilot\ap_int_base.h:940:12)
INFO: [HLS 214-131] Inlining function 'ap_int_base<1, false>::RType<54, true>::minus operator-<1, false, 54, true>(ap_int_base<1, false> const&, ap_int_base<54, true> const&)' into 'ap_int_base<54, true>::operator-() const' (C:/Xilinx/Vitis_HLS/2021.2/common/technology/autopilot\ap_int_base.h:940:37)
INFO: [HLS 214-131] Inlining function 'doubleToRawBits(double)' into 'ap_fixed_base<16, 6, true, (ap_q_mode)5, (ap_o_mode)3, 0>::ap_fixed_base(double)' (C:/Xilinx/Vitis_HLS/2021.2/common/technology/autopilot\ap_fixed_base.h:565:14)
INFO: [HLS 214-131] Inlining function 'ap_int_base<54, true>& ap_int_base<54, true>::operator=<55, true>(ap_int_base<55, true> const&)' into 'ap_fixed_base<16, 6, true, (ap_q_mode)5, (ap_o_mode)3, 0>::ap_fixed_base(double)' (C:/Xilinx/Vitis_HLS/2021.2/common/technology/autopilot\ap_fixed_base.h:579:20)
INFO: [HLS 214-131] Inlining function 'ap_int_base<54, true>::operator-() const' into 'ap_fixed_base<16, 6, true, (ap_q_mode)5, (ap_o_mode)3, 0>::ap_fixed_base(double)' (C:/Xilinx/Vitis_HLS/2021.2/common/technology/autopilot\ap_fixed_base.h:579:22)
INFO: [HLS 214-131] Inlining function 'ap_int_base<12, true>& ap_int_base<12, true>::operator=<65, true>(ap_int_base<65, true> const&)' into 'ap_fixed_base<16, 6, true, (ap_q_mode)5, (ap_o_mode)3, 0>::ap_fixed_base(double)' (C:/Xilinx/Vitis_HLS/2021.2/common/technology/autopilot\ap_fixed_base.h:572:9)
INFO: [HLS 214-131] Inlining function 'ap_int_base<11, false>::RType<($_0)64, true>::minus operator-<11, false>(ap_int_base<11, false> const&, long)' into 'ap_fixed_base<16, 6, true, (ap_q_mode)5, (ap_o_mode)3, 0>::ap_fixed_base(double)' (C:/Xilinx/Vitis_HLS/2021.2/common/technology/autopilot\ap_fixed_base.h:572:19)
INFO: [HLS 214-131] Inlining function 'ap_fixed<16, 6, (ap_q_mode)5, (ap_o_mode)3, 0>::ap_fixed(double)' into '__cxx_global_var_init.1' (firmware/weights/w2.h:12:26)
INFO: [HLS 214-131] Inlining function 'ap_fixed<16, 6, (ap_q_mode)5, (ap_o_mode)3, 0>::ap_fixed(double)' into '__cxx_global_var_init.1' (firmware/weights/w2.h:12:41)
INFO: [HLS 214-131] Inlining function 'ap_fixed<16, 6, (ap_q_mode)5, (ap_o_mode)3, 0>::ap_fixed(double)' into '__cxx_global_var_init.1' (firmware/weights/w2.h:12:55)
INFO: [HLS 214-131] Inlining function 'ap_fixed<16, 6, (ap_q_mode)5, (ap_o_mode)3, 0>::ap_fixed(double)' into '__cxx_global_var_init.1' (firmware/weights/w2.h:12:69)
INFO: [HLS 214-131] Inlining function 'ap_fixed<16, 6, (ap_q_mode)5, (ap_o_mode)3, 0>::ap_fixed(double)' into '__cxx_global_var_init.1' (firmware/weights/w2.h:12:83)
INFO: [HLS 214-131] Inlining function 'ap_fixed<16, 6, (ap_q_mode)5, (ap_o_mode)3, 0>::ap_fixed(double)' into '__cxx_global_var_init.1' (firmware/weights/w2.h:12:98)
INFO: [HLS 214-131] Inlining function 'ap_fixed<16, 6, (ap_q_mode)5, (ap_o_mode)3, 0>::ap_fixed(double)' into '__cxx_global_var_init.1' (firmware/weights/w2.h:12:113)
INFO: [HLS 214-131] Inlining function 'ap_fixed<16, 6, (ap_q_mode)5, (ap_o_mode)3, 0>::ap_fixed(double)' into '__cxx_global_var_init.1' (firmware/weights/w2.h:12:127)
INFO: [HLS 214-131] Inlining function 'ap_fixed<16, 6, (ap_q_mode)5, (ap_o_mode)3, 0>::ap_fixed(double)' into '__cxx_global_var_init.1' (firmware/weights/w2.h:12:141)
INFO: [HLS 214-131] Inlining function 'ap_fixed<16, 6, (ap_q_mode)5, (ap_o_mode)3, 0>::ap_fixed(double)' into '__cxx_global_var_init.1' (firmware/weights/w2.h:12:156)
INFO: [HLS 214-131] Inlining function 'ap_fixed<16, 6, (ap_q_mode)5, (ap_o_mode)3, 0>::ap_fixed(double)' into '__cxx_global_var_init.1' (firmware/weights/w2.h:12:171)
INFO: [HLS 214-131] Inlining function 'ap_fixed<16, 6, (ap_q_mode)5, (ap_o_mode)3, 0>::ap_fixed(double)' into '__cxx_global_var_init.1' (firmware/weights/w2.h:12:186)
INFO: [HLS 214-131] Inlining function 'ap_fixed<16, 6, (ap_q_mode)5, (ap_o_mode)3, 0>::ap_fixed(double)' into '__cxx_global_var_init.1' (firmware/weights/w2.h:12:201)
INFO: [HLS 214-131] Inlining function 'ap_fixed<16, 6, (ap_q_mode)5, (ap_o_mode)3, 0>::ap_fixed(double)' into '__cxx_global_var_init.1' (firmware/weights/w2.h:12:216)
INFO: [HLS 214-131] Inlining function 'ap_fixed<16, 6, (ap_q_mode)5, (ap_o_mode)3, 0>::ap_fixed(double)' into '__cxx_global_var_init.1' (firmware/weights/w2.h:12:230)
INFO: [HLS 214-131] Inlining function 'ap_fixed<16, 6, (ap_q_mode)5, (ap_o_mode)3, 0>::ap_fixed(double)' into '__cxx_global_var_init.1' (firmware/weights/w2.h:12:244)
INFO: [HLS 214-131] Inlining function 'ap_fixed<16, 6, (ap_q_mode)5, (ap_o_mode)3, 0>::ap_fixed(double)' into '__cxx_global_var_init.1' (firmware/weights/w2.h:12:258)
INFO: [HLS 214-131] Inlining function 'ap_fixed<16, 6, (ap_q_mode)5, (ap_o_mode)3, 0>::ap_fixed(double)' into '__cxx_global_var_init.1' (firmware/weights/w2.h:12:272)
INFO: [HLS 214-131] Inlining function 'ap_fixed<16, 6, (ap_q_mode)5, (ap_o_mode)3, 0>::ap_fixed(double)' into '__cxx_global_var_init.1' (firmware/weights/w2.h:12:286)
INFO: [HLS 214-131] Inlining function 'ap_fixed<16, 6, (ap_q_mode)5, (ap_o_mode)3, 0>::ap_fixed(double)' into '__cxx_global_var_init.1' (firmware/weights/w2.h:12:301)
INFO: [HLS 214-131] Inlining function 'ap_fixed<16, 6, (ap_q_mode)5, (ap_o_mode)3, 0>::ap_fixed(double)' into '__cxx_global_var_init.1' (firmware/weights/w2.h:12:315)
INFO: [HLS 214-131] Inlining function 'ap_fixed<16, 6, (ap_q_mode)5, (ap_o_mode)3, 0>::ap_fixed(double)' into '__cxx_global_var_init.1' (firmware/weights/w2.h:12:329)
INFO: [HLS 214-131] Inlining function 'ap_fixed<16, 6, (ap_q_mode)5, (ap_o_mode)3, 0>::ap_fixed(double)' into '__cxx_global_var_init.1' (firmware/weights/w2.h:12:344)
INFO: [HLS 214-131] Inlining function 'ap_fixed<16, 6, (ap_q_mode)5, (ap_o_mode)3, 0>::ap_fixed(double)' into '__cxx_global_var_init.1' (firmware/weights/w2.h:12:359)
INFO: [HLS 214-131] Inlining function 'ap_fixed<16, 6, (ap_q_mode)5, (ap_o_mode)3, 0>::ap_fixed(double)' into '__cxx_global_var_init.1' (firmware/weights/w2.h:12:374)
INFO: [HLS 214-131] Inlining function 'ap_fixed<16, 6, (ap_q_mode)5, (ap_o_mode)3, 0>::ap_fixed(double)' into '__cxx_global_var_init.1' (firmware/weights/w2.h:12:388)
INFO: [HLS 214-131] Inlining function 'ap_fixed<16, 6, (ap_q_mode)5, (ap_o_mode)3, 0>::ap_fixed(double)' into '__cxx_global_var_init.1' (firmware/weights/w2.h:12:402)
INFO: [HLS 214-131] Inlining function 'ap_fixed<16, 6, (ap_q_mode)5, (ap_o_mode)3, 0>::ap_fixed(double)' into '__cxx_global_var_init.1' (firmware/weights/w2.h:12:416)
INFO: [HLS 214-131] Inlining function 'ap_fixed<16, 6, (ap_q_mode)5, (ap_o_mode)3, 0>::ap_fixed(double)' into '__cxx_global_var_init.1' (firmware/weights/w2.h:12:430)
INFO: [HLS 214-131] Inlining function 'ap_fixed<16, 6, (ap_q_mode)5, (ap_o_mode)3, 0>::ap_fixed(double)' into '__cxx_global_var_init.1' (firmware/weights/w2.h:12:445)
INFO: [HLS 214-131] Inlining function 'ap_fixed<16, 6, (ap_q_mode)5, (ap_o_mode)3, 0>::ap_fixed(double)' into '__cxx_global_var_init.1' (firmware/weights/w2.h:12:459)
INFO: [HLS 214-131] Inlining function 'ap_fixed<16, 6, (ap_q_mode)5, (ap_o_mode)3, 0>::ap_fixed(double)' into '__cxx_global_var_init.1' (firmware/weights/w2.h:12:474)
INFO: [HLS 214-131] Inlining function 'ap_fixed<16, 6, (ap_q_mode)5, (ap_o_mode)3, 0>::ap_fixed(double)' into '__cxx_global_var_init.1' (firmware/weights/w2.h:12:489)
INFO: [HLS 214-131] Inlining function 'ap_fixed<16, 6, (ap_q_mode)5, (ap_o_mode)3, 0>::ap_fixed(double)' into '__cxx_global_var_init.1' (firmware/weights/w2.h:12:503)
INFO: [HLS 214-131] Inlining function 'ap_fixed<16, 6, (ap_q_mode)5, (ap_o_mode)3, 0>::ap_fixed(double)' into '__cxx_global_var_init.1' (firmware/weights/w2.h:12:518)
INFO: [HLS 214-131] Inlining function 'ap_fixed<16, 6, (ap_q_mode)5, (ap_o_mode)3, 0>::ap_fixed(double)' into '__cxx_global_var_init.1' (firmware/weights/w2.h:12:533)
INFO: [HLS 214-131] Inlining function 'ap_fixed<16, 6, (ap_q_mode)5, (ap_o_mode)3, 0>::ap_fixed(double)' into '__cxx_global_var_init.2' (firmware/weights/b2.h:12:23)
INFO: [HLS 214-131] Inlining function 'ap_fixed<16, 6, (ap_q_mode)5, (ap_o_mode)3, 0>::ap_fixed(double)' into '__cxx_global_var_init.2' (firmware/weights/b2.h:12:37)
INFO: [HLS 214-131] Inlining function 'ap_fixed<16, 6, (ap_q_mode)5, (ap_o_mode)3, 0>::ap_fixed(double)' into '__cxx_global_var_init.2' (firmware/weights/b2.h:12:51)
INFO: [HLS 214-131] Inlining function 'ap_fixed<16, 6, (ap_q_mode)5, (ap_o_mode)3, 0>::ap_fixed(double)' into '__cxx_global_var_init.2' (firmware/weights/b2.h:12:66)
INFO: [HLS 214-131] Inlining function 'ap_fixed<16, 6, (ap_q_mode)5, (ap_o_mode)3, 0>::ap_fixed(double)' into '__cxx_global_var_init.3' (firmware/weights/w4.h:12:27)
INFO: [HLS 214-131] Inlining function 'ap_fixed<16, 6, (ap_q_mode)5, (ap_o_mode)3, 0>::ap_fixed(double)' into '__cxx_global_var_init.3' (firmware/weights/w4.h:12:42)
INFO: [HLS 214-131] Inlining function 'ap_fixed<16, 6, (ap_q_mode)5, (ap_o_mode)3, 0>::ap_fixed(double)' into '__cxx_global_var_init.3' (firmware/weights/w4.h:12:56)
INFO: [HLS 214-131] Inlining function 'ap_fixed<16, 6, (ap_q_mode)5, (ap_o_mode)3, 0>::ap_fixed(double)' into '__cxx_global_var_init.3' (firmware/weights/w4.h:12:70)
INFO: [HLS 214-131] Inlining function 'ap_fixed<16, 6, (ap_q_mode)5, (ap_o_mode)3, 0>::ap_fixed(double)' into '__cxx_global_var_init.3' (firmware/weights/w4.h:12:84)
INFO: [HLS 214-131] Inlining function 'ap_fixed<16, 6, (ap_q_mode)5, (ap_o_mode)3, 0>::ap_fixed(double)' into '__cxx_global_var_init.3' (firmware/weights/w4.h:12:98)
INFO: [HLS 214-131] Inlining function 'ap_fixed<16, 6, (ap_q_mode)5, (ap_o_mode)3, 0>::ap_fixed(double)' into '__cxx_global_var_init.3' (firmware/weights/w4.h:12:113)
INFO: [HLS 214-131] Inlining function 'ap_fixed<16, 6, (ap_q_mode)5, (ap_o_mode)3, 0>::ap_fixed(double)' into '__cxx_global_var_init.3' (firmware/weights/w4.h:12:127)
INFO: [HLS 214-131] Inlining function 'ap_fixed<16, 6, (ap_q_mode)5, (ap_o_mode)3, 0>::ap_fixed(double)' into '__cxx_global_var_init.3' (firmware/weights/w4.h:12:142)
INFO: [HLS 214-131] Inlining function 'ap_fixed<16, 6, (ap_q_mode)5, (ap_o_mode)3, 0>::ap_fixed(double)' into '__cxx_global_var_init.3' (firmware/weights/w4.h:12:156)
INFO: [HLS 214-131] Inlining function 'ap_fixed<16, 6, (ap_q_mode)5, (ap_o_mode)3, 0>::ap_fixed(double)' into '__cxx_global_var_init.3' (firmware/weights/w4.h:12:170)
INFO: [HLS 214-131] Inlining function 'ap_fixed<16, 6, (ap_q_mode)5, (ap_o_mode)3, 0>::ap_fixed(double)' into '__cxx_global_var_init.3' (firmware/weights/w4.h:12:184)
INFO: [HLS 214-131] Inlining function 'ap_fixed<16, 6, (ap_q_mode)5, (ap_o_mode)3, 0>::ap_fixed(double)' into '__cxx_global_var_init.3' (firmware/weights/w4.h:12:198)
INFO: [HLS 214-131] Inlining function 'ap_fixed<16, 6, (ap_q_mode)5, (ap_o_mode)3, 0>::ap_fixed(double)' into '__cxx_global_var_init.3' (firmware/weights/w4.h:12:212)
INFO: [HLS 214-131] Inlining function 'ap_fixed<16, 6, (ap_q_mode)5, (ap_o_mode)3, 0>::ap_fixed(double)' into '__cxx_global_var_init.3' (firmware/weights/w4.h:12:226)
INFO: [HLS 214-131] Inlining function 'ap_fixed<16, 6, (ap_q_mode)5, (ap_o_mode)3, 0>::ap_fixed(double)' into '__cxx_global_var_init.3' (firmware/weights/w4.h:12:241)
INFO: [HLS 214-131] Inlining function 'ap_fixed<16, 6, (ap_q_mode)5, (ap_o_mode)3, 0>::ap_fixed(double)' into '__cxx_global_var_init.3' (firmware/weights/w4.h:12:255)
INFO: [HLS 214-131] Inlining function 'ap_fixed<16, 6, (ap_q_mode)5, (ap_o_mode)3, 0>::ap_fixed(double)' into '__cxx_global_var_init.3' (firmware/weights/w4.h:12:270)
INFO: [HLS 214-131] Inlining function 'ap_fixed<16, 6, (ap_q_mode)5, (ap_o_mode)3, 0>::ap_fixed(double)' into '__cxx_global_var_init.3' (firmware/weights/w4.h:12:285)
INFO: [HLS 214-131] Inlining function 'ap_fixed<16, 6, (ap_q_mode)5, (ap_o_mode)3, 0>::ap_fixed(double)' into '__cxx_global_var_init.3' (firmware/weights/w4.h:12:299)
INFO: [HLS 214-131] Inlining function 'ap_fixed<16, 6, (ap_q_mode)5, (ap_o_mode)3, 0>::ap_fixed(double)' into '__cxx_global_var_init.3' (firmware/weights/w4.h:12:313)
INFO: [HLS 214-131] Inlining function 'ap_fixed<16, 6, (ap_q_mode)5, (ap_o_mode)3, 0>::ap_fixed(double)' into '__cxx_global_var_init.3' (firmware/weights/w4.h:12:328)
INFO: [HLS 214-131] Inlining function 'ap_fixed<16, 6, (ap_q_mode)5, (ap_o_mode)3, 0>::ap_fixed(double)' into '__cxx_global_var_init.3' (firmware/weights/w4.h:12:343)
INFO: [HLS 214-131] Inlining function 'ap_fixed<16, 6, (ap_q_mode)5, (ap_o_mode)3, 0>::ap_fixed(double)' into '__cxx_global_var_init.3' (firmware/weights/w4.h:12:357)
INFO: [HLS 214-131] Inlining function 'ap_fixed<16, 6, (ap_q_mode)5, (ap_o_mode)3, 0>::ap_fixed(double)' into '__cxx_global_var_init.3' (firmware/weights/w4.h:12:372)
INFO: [HLS 214-131] Inlining function 'ap_fixed<16, 6, (ap_q_mode)5, (ap_o_mode)3, 0>::ap_fixed(double)' into '__cxx_global_var_init.3' (firmware/weights/w4.h:12:386)
INFO: [HLS 214-131] Inlining function 'ap_fixed<16, 6, (ap_q_mode)5, (ap_o_mode)3, 0>::ap_fixed(double)' into '__cxx_global_var_init.3' (firmware/weights/w4.h:12:401)
INFO: [HLS 214-131] Inlining function 'ap_fixed<16, 6, (ap_q_mode)5, (ap_o_mode)3, 0>::ap_fixed(double)' into '__cxx_global_var_init.3' (firmware/weights/w4.h:12:415)
INFO: [HLS 214-131] Inlining function 'ap_fixed<16, 6, (ap_q_mode)5, (ap_o_mode)3, 0>::ap_fixed(double)' into '__cxx_global_var_init.3' (firmware/weights/w4.h:12:429)
INFO: [HLS 214-131] Inlining function 'ap_fixed<16, 6, (ap_q_mode)5, (ap_o_mode)3, 0>::ap_fixed(double)' into '__cxx_global_var_init.3' (firmware/weights/w4.h:12:443)
INFO: [HLS 214-131] Inlining function 'ap_fixed<16, 6, (ap_q_mode)5, (ap_o_mode)3, 0>::ap_fixed(double)' into '__cxx_global_var_init.3' (firmware/weights/w4.h:12:458)
INFO: [HLS 214-131] Inlining function 'ap_fixed<16, 6, (ap_q_mode)5, (ap_o_mode)3, 0>::ap_fixed(double)' into '__cxx_global_var_init.3' (firmware/weights/w4.h:12:473)
INFO: [HLS 214-131] Inlining function 'ap_fixed<16, 6, (ap_q_mode)5, (ap_o_mode)3, 0>::ap_fixed(double)' into '__cxx_global_var_init.3' (firmware/weights/w4.h:12:487)
INFO: [HLS 214-131] Inlining function 'ap_fixed<16, 6, (ap_q_mode)5, (ap_o_mode)3, 0>::ap_fixed(double)' into '__cxx_global_var_init.3' (firmware/weights/w4.h:12:502)
INFO: [HLS 214-131] Inlining function 'ap_fixed<16, 6, (ap_q_mode)5, (ap_o_mode)3, 0>::ap_fixed(double)' into '__cxx_global_var_init.3' (firmware/weights/w4.h:12:517)
INFO: [HLS 214-131] Inlining function 'ap_fixed<16, 6, (ap_q_mode)5, (ap_o_mode)3, 0>::ap_fixed(double)' into '__cxx_global_var_init.3' (firmware/weights/w4.h:12:532)
INFO: [HLS 214-131] Inlining function 'ap_fixed<16, 6, (ap_q_mode)5, (ap_o_mode)3, 0>::ap_fixed(double)' into '__cxx_global_var_init.3' (firmware/weights/w4.h:12:547)
INFO: [HLS 214-131] Inlining function 'ap_fixed<16, 6, (ap_q_mode)5, (ap_o_mode)3, 0>::ap_fixed(double)' into '__cxx_global_var_init.3' (firmware/weights/w4.h:12:562)
INFO: [HLS 214-131] Inlining function 'ap_fixed<16, 6, (ap_q_mode)5, (ap_o_mode)3, 0>::ap_fixed(double)' into '__cxx_global_var_init.3' (firmware/weights/w4.h:12:577)
INFO: [HLS 214-131] Inlining function 'ap_fixed<16, 6, (ap_q_mode)5, (ap_o_mode)3, 0>::ap_fixed(double)' into '__cxx_global_var_init.3' (firmware/weights/w4.h:12:592)
INFO: [HLS 214-131] Inlining function 'ap_fixed<16, 6, (ap_q_mode)5, (ap_o_mode)3, 0>::ap_fixed(double)' into '__cxx_global_var_init.3' (firmware/weights/w4.h:12:607)
INFO: [HLS 214-131] Inlining function 'ap_fixed<16, 6, (ap_q_mode)5, (ap_o_mode)3, 0>::ap_fixed(double)' into '__cxx_global_var_init.3' (firmware/weights/w4.h:12:622)
INFO: [HLS 214-131] Inlining function 'ap_fixed<16, 6, (ap_q_mode)5, (ap_o_mode)3, 0>::ap_fixed(double)' into '__cxx_global_var_init.3' (firmware/weights/w4.h:12:637)
INFO: [HLS 214-131] Inlining function 'ap_fixed<16, 6, (ap_q_mode)5, (ap_o_mode)3, 0>::ap_fixed(double)' into '__cxx_global_var_init.3' (firmware/weights/w4.h:12:652)
INFO: [HLS 214-131] Inlining function 'ap_fixed<16, 6, (ap_q_mode)5, (ap_o_mode)3, 0>::ap_fixed(double)' into '__cxx_global_var_init.3' (firmware/weights/w4.h:12:667)
INFO: [HLS 214-131] Inlining function 'ap_fixed<16, 6, (ap_q_mode)5, (ap_o_mode)3, 0>::ap_fixed(double)' into '__cxx_global_var_init.3' (firmware/weights/w4.h:12:681)
INFO: [HLS 214-131] Inlining function 'ap_fixed<16, 6, (ap_q_mode)5, (ap_o_mode)3, 0>::ap_fixed(double)' into '__cxx_global_var_init.3' (firmware/weights/w4.h:12:696)
INFO: [HLS 214-131] Inlining function 'ap_fixed<16, 6, (ap_q_mode)5, (ap_o_mode)3, 0>::ap_fixed(double)' into '__cxx_global_var_init.3' (firmware/weights/w4.h:12:711)
INFO: [HLS 214-131] Inlining function 'ap_fixed<16, 6, (ap_q_mode)5, (ap_o_mode)3, 0>::ap_fixed(double)' into '__cxx_global_var_init.3' (firmware/weights/w4.h:12:726)
INFO: [HLS 214-131] Inlining function 'ap_fixed<16, 6, (ap_q_mode)5, (ap_o_mode)3, 0>::ap_fixed(double)' into '__cxx_global_var_init.3' (firmware/weights/w4.h:12:740)
INFO: [HLS 214-131] Inlining function 'ap_fixed<16, 6, (ap_q_mode)5, (ap_o_mode)3, 0>::ap_fixed(double)' into '__cxx_global_var_init.3' (firmware/weights/w4.h:12:754)
INFO: [HLS 214-131] Inlining function 'ap_fixed<16, 6, (ap_q_mode)5, (ap_o_mode)3, 0>::ap_fixed(double)' into '__cxx_global_var_init.3' (firmware/weights/w4.h:12:769)
INFO: [HLS 214-131] Inlining function 'ap_fixed<16, 6, (ap_q_mode)5, (ap_o_mode)3, 0>::ap_fixed(double)' into '__cxx_global_var_init.3' (firmware/weights/w4.h:12:783)
INFO: [HLS 214-131] Inlining function 'ap_fixed<16, 6, (ap_q_mode)5, (ap_o_mode)3, 0>::ap_fixed(double)' into '__cxx_global_var_init.3' (firmware/weights/w4.h:12:797)
INFO: [HLS 214-131] Inlining function 'ap_fixed<16, 6, (ap_q_mode)5, (ap_o_mode)3, 0>::ap_fixed(double)' into '__cxx_global_var_init.3' (firmware/weights/w4.h:12:812)
INFO: [HLS 214-131] Inlining function 'ap_fixed<16, 6, (ap_q_mode)5, (ap_o_mode)3, 0>::ap_fixed(double)' into '__cxx_global_var_init.3' (firmware/weights/w4.h:12:827)
INFO: [HLS 214-131] Inlining function 'ap_fixed<16, 6, (ap_q_mode)5, (ap_o_mode)3, 0>::ap_fixed(double)' into '__cxx_global_var_init.3' (firmware/weights/w4.h:12:841)
INFO: [HLS 214-131] Inlining function 'ap_fixed<16, 6, (ap_q_mode)5, (ap_o_mode)3, 0>::ap_fixed(double)' into '__cxx_global_var_init.3' (firmware/weights/w4.h:12:855)
INFO: [HLS 214-131] Inlining function 'ap_fixed<16, 6, (ap_q_mode)5, (ap_o_mode)3, 0>::ap_fixed(double)' into '__cxx_global_var_init.3' (firmware/weights/w4.h:12:870)
INFO: [HLS 214-131] Inlining function 'ap_fixed<16, 6, (ap_q_mode)5, (ap_o_mode)3, 0>::ap_fixed(double)' into '__cxx_global_var_init.3' (firmware/weights/w4.h:12:885)
INFO: [HLS 214-131] Inlining function 'ap_fixed<16, 6, (ap_q_mode)5, (ap_o_mode)3, 0>::ap_fixed(double)' into '__cxx_global_var_init.3' (firmware/weights/w4.h:12:899)
INFO: [HLS 214-131] Inlining function 'ap_fixed<16, 6, (ap_q_mode)5, (ap_o_mode)3, 0>::ap_fixed(double)' into '__cxx_global_var_init.3' (firmware/weights/w4.h:12:914)
INFO: [HLS 214-131] Inlining function 'ap_fixed<16, 6, (ap_q_mode)5, (ap_o_mode)3, 0>::ap_fixed(double)' into '__cxx_global_var_init.3' (firmware/weights/w4.h:12:928)
INFO: [HLS 214-131] Inlining function 'ap_fixed<16, 6, (ap_q_mode)5, (ap_o_mode)3, 0>::ap_fixed(double)' into '__cxx_global_var_init.3' (firmware/weights/w4.h:12:943)
INFO: [HLS 214-131] Inlining function 'ap_fixed<16, 6, (ap_q_mode)5, (ap_o_mode)3, 0>::ap_fixed(double)' into '__cxx_global_var_init.3' (firmware/weights/w4.h:12:957)
INFO: [HLS 214-131] Inlining function 'ap_fixed<16, 6, (ap_q_mode)5, (ap_o_mode)3, 0>::ap_fixed(double)' into '__cxx_global_var_init.3' (firmware/weights/w4.h:12:971)
INFO: [HLS 214-131] Inlining function 'ap_fixed<16, 6, (ap_q_mode)5, (ap_o_mode)3, 0>::ap_fixed(double)' into '__cxx_global_var_init.3' (firmware/weights/w4.h:12:985)
INFO: [HLS 214-131] Inlining function 'ap_fixed<16, 6, (ap_q_mode)5, (ap_o_mode)3, 0>::ap_fixed(double)' into '__cxx_global_var_init.3' (firmware/weights/w4.h:12:1000)
INFO: [HLS 214-131] Inlining function 'ap_fixed<16, 6, (ap_q_mode)5, (ap_o_mode)3, 0>::ap_fixed(double)' into '__cxx_global_var_init.3' (firmware/weights/w4.h:12:1015)
INFO: [HLS 214-131] Inlining function 'ap_fixed<16, 6, (ap_q_mode)5, (ap_o_mode)3, 0>::ap_fixed(double)' into '__cxx_global_var_init.3' (firmware/weights/w4.h:12:1029)
INFO: [HLS 214-131] Inlining function 'ap_fixed<16, 6, (ap_q_mode)5, (ap_o_mode)3, 0>::ap_fixed(double)' into '__cxx_global_var_init.3' (firmware/weights/w4.h:12:1044)
INFO: [HLS 214-131] Inlining function 'ap_fixed<16, 6, (ap_q_mode)5, (ap_o_mode)3, 0>::ap_fixed(double)' into '__cxx_global_var_init.3' (firmware/weights/w4.h:12:1059)
INFO: [HLS 214-131] Inlining function 'ap_fixed<16, 6, (ap_q_mode)5, (ap_o_mode)3, 0>::ap_fixed(double)' into '__cxx_global_var_init.3' (firmware/weights/w4.h:12:1073)
INFO: [HLS 214-131] Inlining function 'ap_fixed<16, 6, (ap_q_mode)5, (ap_o_mode)3, 0>::ap_fixed(double)' into '__cxx_global_var_init.3' (firmware/weights/w4.h:12:1087)
INFO: [HLS 214-131] Inlining function 'ap_fixed<16, 6, (ap_q_mode)5, (ap_o_mode)3, 0>::ap_fixed(double)' into '__cxx_global_var_init.3' (firmware/weights/w4.h:12:1102)
INFO: [HLS 214-131] Inlining function 'ap_fixed<16, 6, (ap_q_mode)5, (ap_o_mode)3, 0>::ap_fixed(double)' into '__cxx_global_var_init.3' (firmware/weights/w4.h:12:1117)
INFO: [HLS 214-131] Inlining function 'ap_fixed<16, 6, (ap_q_mode)5, (ap_o_mode)3, 0>::ap_fixed(double)' into '__cxx_global_var_init.3' (firmware/weights/w4.h:12:1132)
INFO: [HLS 214-131] Inlining function 'ap_fixed<16, 6, (ap_q_mode)5, (ap_o_mode)3, 0>::ap_fixed(double)' into '__cxx_global_var_init.3' (firmware/weights/w4.h:12:1147)
INFO: [HLS 214-131] Inlining function 'ap_fixed<16, 6, (ap_q_mode)5, (ap_o_mode)3, 0>::ap_fixed(double)' into '__cxx_global_var_init.3' (firmware/weights/w4.h:12:1162)
INFO: [HLS 214-131] Inlining function 'ap_fixed<16, 6, (ap_q_mode)5, (ap_o_mode)3, 0>::ap_fixed(double)' into '__cxx_global_var_init.3' (firmware/weights/w4.h:12:1176)
INFO: [HLS 214-131] Inlining function 'ap_fixed<16, 6, (ap_q_mode)5, (ap_o_mode)3, 0>::ap_fixed(double)' into '__cxx_global_var_init.3' (firmware/weights/w4.h:12:1191)
INFO: [HLS 214-131] Inlining function 'ap_fixed<16, 6, (ap_q_mode)5, (ap_o_mode)3, 0>::ap_fixed(double)' into '__cxx_global_var_init.3' (firmware/weights/w4.h:12:1205)
INFO: [HLS 214-131] Inlining function 'ap_fixed<16, 6, (ap_q_mode)5, (ap_o_mode)3, 0>::ap_fixed(double)' into '__cxx_global_var_init.3' (firmware/weights/w4.h:12:1219)
INFO: [HLS 214-131] Inlining function 'ap_fixed<16, 6, (ap_q_mode)5, (ap_o_mode)3, 0>::ap_fixed(double)' into '__cxx_global_var_init.3' (firmware/weights/w4.h:12:1234)
INFO: [HLS 214-131] Inlining function 'ap_fixed<16, 6, (ap_q_mode)5, (ap_o_mode)3, 0>::ap_fixed(double)' into '__cxx_global_var_init.3' (firmware/weights/w4.h:12:1249)
INFO: [HLS 214-131] Inlining function 'ap_fixed<16, 6, (ap_q_mode)5, (ap_o_mode)3, 0>::ap_fixed(double)' into '__cxx_global_var_init.3' (firmware/weights/w4.h:12:1264)
INFO: [HLS 214-131] Inlining function 'ap_fixed<16, 6, (ap_q_mode)5, (ap_o_mode)3, 0>::ap_fixed(double)' into '__cxx_global_var_init.3' (firmware/weights/w4.h:12:1279)
INFO: [HLS 214-131] Inlining function 'ap_fixed<16, 6, (ap_q_mode)5, (ap_o_mode)3, 0>::ap_fixed(double)' into '__cxx_global_var_init.3' (firmware/weights/w4.h:12:1294)
INFO: [HLS 214-131] Inlining function 'ap_fixed<16, 6, (ap_q_mode)5, (ap_o_mode)3, 0>::ap_fixed(double)' into '__cxx_global_var_init.3' (firmware/weights/w4.h:12:1309)
INFO: [HLS 214-131] Inlining function 'ap_fixed<16, 6, (ap_q_mode)5, (ap_o_mode)3, 0>::ap_fixed(double)' into '__cxx_global_var_init.3' (firmware/weights/w4.h:12:1323)
INFO: [HLS 214-131] Inlining function 'ap_fixed<16, 6, (ap_q_mode)5, (ap_o_mode)3, 0>::ap_fixed(double)' into '__cxx_global_var_init.3' (firmware/weights/w4.h:12:1338)
INFO: [HLS 214-131] Inlining function 'ap_fixed<16, 6, (ap_q_mode)5, (ap_o_mode)3, 0>::ap_fixed(double)' into '__cxx_global_var_init.3' (firmware/weights/w4.h:12:1352)
INFO: [HLS 214-131] Inlining function 'ap_fixed<16, 6, (ap_q_mode)5, (ap_o_mode)3, 0>::ap_fixed(double)' into '__cxx_global_var_init.3' (firmware/weights/w4.h:12:1366)
INFO: [HLS 214-131] Inlining function 'ap_fixed<16, 6, (ap_q_mode)5, (ap_o_mode)3, 0>::ap_fixed(double)' into '__cxx_global_var_init.3' (firmware/weights/w4.h:12:1380)
INFO: [HLS 214-131] Inlining function 'ap_fixed<16, 6, (ap_q_mode)5, (ap_o_mode)3, 0>::ap_fixed(double)' into '__cxx_global_var_init.3' (firmware/weights/w4.h:12:1395)
INFO: [HLS 214-131] Inlining function 'ap_fixed<16, 6, (ap_q_mode)5, (ap_o_mode)3, 0>::ap_fixed(double)' into '__cxx_global_var_init.3' (firmware/weights/w4.h:12:1409)
INFO: [HLS 214-131] Inlining function 'ap_fixed<16, 6, (ap_q_mode)5, (ap_o_mode)3, 0>::ap_fixed(double)' into '__cxx_global_var_init.3' (firmware/weights/w4.h:12:1423)
INFO: [HLS 214-131] Inlining function 'ap_fixed<16, 6, (ap_q_mode)5, (ap_o_mode)3, 0>::ap_fixed(double)' into '__cxx_global_var_init.3' (firmware/weights/w4.h:12:1437)
INFO: [HLS 214-131] Inlining function 'ap_fixed<16, 6, (ap_q_mode)5, (ap_o_mode)3, 0>::ap_fixed(double)' into '__cxx_global_var_init.3' (firmware/weights/w4.h:12:1452)
INFO: [HLS 214-131] Inlining function 'ap_fixed<16, 6, (ap_q_mode)5, (ap_o_mode)3, 0>::ap_fixed(double)' into '__cxx_global_var_init.3' (firmware/weights/w4.h:12:1467)
INFO: [HLS 214-131] Inlining function 'ap_fixed<16, 6, (ap_q_mode)5, (ap_o_mode)3, 0>::ap_fixed(double)' into '__cxx_global_var_init.3' (firmware/weights/w4.h:12:1481)
INFO: [HLS 214-131] Inlining function 'ap_fixed<16, 6, (ap_q_mode)5, (ap_o_mode)3, 0>::ap_fixed(double)' into '__cxx_global_var_init.3' (firmware/weights/w4.h:12:1495)
INFO: [HLS 214-131] Inlining function 'ap_fixed<16, 6, (ap_q_mode)5, (ap_o_mode)3, 0>::ap_fixed(double)' into '__cxx_global_var_init.3' (firmware/weights/w4.h:12:1510)
INFO: [HLS 214-131] Inlining function 'ap_fixed<16, 6, (ap_q_mode)5, (ap_o_mode)3, 0>::ap_fixed(double)' into '__cxx_global_var_init.3' (firmware/weights/w4.h:12:1524)
INFO: [HLS 214-131] Inlining function 'ap_fixed<16, 6, (ap_q_mode)5, (ap_o_mode)3, 0>::ap_fixed(double)' into '__cxx_global_var_init.3' (firmware/weights/w4.h:12:1538)
INFO: [HLS 214-131] Inlining function 'ap_fixed<16, 6, (ap_q_mode)5, (ap_o_mode)3, 0>::ap_fixed(double)' into '__cxx_global_var_init.3' (firmware/weights/w4.h:12:1553)
INFO: [HLS 214-131] Inlining function 'ap_fixed<16, 6, (ap_q_mode)5, (ap_o_mode)3, 0>::ap_fixed(double)' into '__cxx_global_var_init.3' (firmware/weights/w4.h:12:1568)
INFO: [HLS 214-131] Inlining function 'ap_fixed<16, 6, (ap_q_mode)5, (ap_o_mode)3, 0>::ap_fixed(double)' into '__cxx_global_var_init.3' (firmware/weights/w4.h:12:1582)
INFO: [HLS 214-131] Inlining function 'ap_fixed<16, 6, (ap_q_mode)5, (ap_o_mode)3, 0>::ap_fixed(double)' into '__cxx_global_var_init.3' (firmware/weights/w4.h:12:1597)
INFO: [HLS 214-131] Inlining function 'ap_fixed<16, 6, (ap_q_mode)5, (ap_o_mode)3, 0>::ap_fixed(double)' into '__cxx_global_var_init.3' (firmware/weights/w4.h:12:1612)
INFO: [HLS 214-131] Inlining function 'ap_fixed<16, 6, (ap_q_mode)5, (ap_o_mode)3, 0>::ap_fixed(double)' into '__cxx_global_var_init.3' (firmware/weights/w4.h:12:1627)
INFO: [HLS 214-131] Inlining function 'ap_fixed<16, 6, (ap_q_mode)5, (ap_o_mode)3, 0>::ap_fixed(double)' into '__cxx_global_var_init.3' (firmware/weights/w4.h:12:1642)
INFO: [HLS 214-131] Inlining function 'ap_fixed<16, 6, (ap_q_mode)5, (ap_o_mode)3, 0>::ap_fixed(double)' into '__cxx_global_var_init.3' (firmware/weights/w4.h:12:1656)
INFO: [HLS 214-131] Inlining function 'ap_fixed<16, 6, (ap_q_mode)5, (ap_o_mode)3, 0>::ap_fixed(double)' into '__cxx_global_var_init.3' (firmware/weights/w4.h:12:1671)
INFO: [HLS 214-131] Inlining function 'ap_fixed<16, 6, (ap_q_mode)5, (ap_o_mode)3, 0>::ap_fixed(double)' into '__cxx_global_var_init.3' (firmware/weights/w4.h:12:1686)
INFO: [HLS 214-131] Inlining function 'ap_fixed<16, 6, (ap_q_mode)5, (ap_o_mode)3, 0>::ap_fixed(double)' into '__cxx_global_var_init.3' (firmware/weights/w4.h:12:1701)
INFO: [HLS 214-131] Inlining function 'ap_fixed<16, 6, (ap_q_mode)5, (ap_o_mode)3, 0>::ap_fixed(double)' into '__cxx_global_var_init.3' (firmware/weights/w4.h:12:1715)
INFO: [HLS 214-131] Inlining function 'ap_fixed<16, 6, (ap_q_mode)5, (ap_o_mode)3, 0>::ap_fixed(double)' into '__cxx_global_var_init.3' (firmware/weights/w4.h:12:1730)
INFO: [HLS 214-131] Inlining function 'ap_fixed<16, 6, (ap_q_mode)5, (ap_o_mode)3, 0>::ap_fixed(double)' into '__cxx_global_var_init.3' (firmware/weights/w4.h:12:1744)
INFO: [HLS 214-131] Inlining function 'ap_fixed<16, 6, (ap_q_mode)5, (ap_o_mode)3, 0>::ap_fixed(double)' into '__cxx_global_var_init.3' (firmware/weights/w4.h:12:1758)
INFO: [HLS 214-131] Inlining function 'ap_fixed<16, 6, (ap_q_mode)5, (ap_o_mode)3, 0>::ap_fixed(double)' into '__cxx_global_var_init.3' (firmware/weights/w4.h:12:1772)
INFO: [HLS 214-131] Inlining function 'ap_fixed<16, 6, (ap_q_mode)5, (ap_o_mode)3, 0>::ap_fixed(double)' into '__cxx_global_var_init.3' (firmware/weights/w4.h:12:1786)
INFO: [HLS 214-131] Inlining function 'ap_fixed<16, 6, (ap_q_mode)5, (ap_o_mode)3, 0>::ap_fixed(double)' into '__cxx_global_var_init.3' (firmware/weights/w4.h:12:1801)
INFO: [HLS 214-131] Inlining function 'ap_fixed<16, 6, (ap_q_mode)5, (ap_o_mode)3, 0>::ap_fixed(double)' into '__cxx_global_var_init.3' (firmware/weights/w4.h:12:1815)
INFO: [HLS 214-131] Inlining function 'ap_fixed<16, 6, (ap_q_mode)5, (ap_o_mode)3, 0>::ap_fixed(double)' into '__cxx_global_var_init.3' (firmware/weights/w4.h:12:1829)
INFO: [HLS 214-131] Inlining function 'ap_fixed<16, 6, (ap_q_mode)5, (ap_o_mode)3, 0>::ap_fixed(double)' into '__cxx_global_var_init.3' (firmware/weights/w4.h:12:1844)
INFO: [HLS 214-131] Inlining function 'ap_fixed<16, 6, (ap_q_mode)5, (ap_o_mode)3, 0>::ap_fixed(double)' into '__cxx_global_var_init.3' (firmware/weights/w4.h:12:1859)
INFO: [HLS 214-131] Inlining function 'ap_fixed<16, 6, (ap_q_mode)5, (ap_o_mode)3, 0>::ap_fixed(double)' into '__cxx_global_var_init.3' (firmware/weights/w4.h:12:1874)
INFO: [HLS 214-131] Inlining function 'ap_fixed<16, 6, (ap_q_mode)5, (ap_o_mode)3, 0>::ap_fixed(double)' into '__cxx_global_var_init.3' (firmware/weights/w4.h:12:1889)
INFO: [HLS 214-131] Inlining function 'ap_fixed<16, 6, (ap_q_mode)5, (ap_o_mode)3, 0>::ap_fixed(double)' into '__cxx_global_var_init.3' (firmware/weights/w4.h:12:1904)
INFO: [HLS 214-131] Inlining function 'ap_fixed<16, 6, (ap_q_mode)5, (ap_o_mode)3, 0>::ap_fixed(double)' into '__cxx_global_var_init.3' (firmware/weights/w4.h:12:1919)
INFO: [HLS 214-131] Inlining function 'ap_fixed<16, 6, (ap_q_mode)5, (ap_o_mode)3, 0>::ap_fixed(double)' into '__cxx_global_var_init.3' (firmware/weights/w4.h:12:1933)
INFO: [HLS 214-131] Inlining function 'ap_fixed<16, 6, (ap_q_mode)5, (ap_o_mode)3, 0>::ap_fixed(double)' into '__cxx_global_var_init.3' (firmware/weights/w4.h:12:1948)
INFO: [HLS 214-131] Inlining function 'ap_fixed<16, 6, (ap_q_mode)5, (ap_o_mode)3, 0>::ap_fixed(double)' into '__cxx_global_var_init.3' (firmware/weights/w4.h:12:1963)
INFO: [HLS 214-131] Inlining function 'ap_fixed<16, 6, (ap_q_mode)5, (ap_o_mode)3, 0>::ap_fixed(double)' into '__cxx_global_var_init.3' (firmware/weights/w4.h:12:1977)
INFO: [HLS 214-131] Inlining function 'ap_fixed<16, 6, (ap_q_mode)5, (ap_o_mode)3, 0>::ap_fixed(double)' into '__cxx_global_var_init.3' (firmware/weights/w4.h:12:1992)
INFO: [HLS 214-131] Inlining function 'ap_fixed<16, 6, (ap_q_mode)5, (ap_o_mode)3, 0>::ap_fixed(double)' into '__cxx_global_var_init.3' (firmware/weights/w4.h:12:2006)
INFO: [HLS 214-131] Inlining function 'ap_fixed<16, 6, (ap_q_mode)5, (ap_o_mode)3, 0>::ap_fixed(double)' into '__cxx_global_var_init.3' (firmware/weights/w4.h:12:2020)
INFO: [HLS 214-131] Inlining function 'ap_fixed<16, 6, (ap_q_mode)5, (ap_o_mode)3, 0>::ap_fixed(double)' into '__cxx_global_var_init.3' (firmware/weights/w4.h:12:2034)
INFO: [HLS 214-131] Inlining function 'ap_fixed<16, 6, (ap_q_mode)5, (ap_o_mode)3, 0>::ap_fixed(double)' into '__cxx_global_var_init.3' (firmware/weights/w4.h:12:2048)
INFO: [HLS 214-131] Inlining function 'ap_fixed<16, 6, (ap_q_mode)5, (ap_o_mode)3, 0>::ap_fixed(double)' into '__cxx_global_var_init.3' (firmware/weights/w4.h:12:2062)
INFO: [HLS 214-131] Inlining function 'ap_fixed<16, 6, (ap_q_mode)5, (ap_o_mode)3, 0>::ap_fixed(double)' into '__cxx_global_var_init.3' (firmware/weights/w4.h:12:2076)
INFO: [HLS 214-131] Inlining function 'ap_fixed<16, 6, (ap_q_mode)5, (ap_o_mode)3, 0>::ap_fixed(double)' into '__cxx_global_var_init.3' (firmware/weights/w4.h:12:2090)
INFO: [HLS 214-131] Inlining function 'ap_fixed<16, 6, (ap_q_mode)5, (ap_o_mode)3, 0>::ap_fixed(double)' into '__cxx_global_var_init.3' (firmware/weights/w4.h:12:2104)
INFO: [HLS 214-131] Inlining function 'ap_fixed<16, 6, (ap_q_mode)5, (ap_o_mode)3, 0>::ap_fixed(double)' into '__cxx_global_var_init.4' (firmware/weights/b4.h:12:23)
INFO: [HLS 214-131] Inlining function 'ap_fixed<16, 6, (ap_q_mode)5, (ap_o_mode)3, 0>::ap_fixed(double)' into '__cxx_global_var_init.4' (firmware/weights/b4.h:12:37)
INFO: [HLS 214-131] Inlining function 'ap_fixed<16, 6, (ap_q_mode)5, (ap_o_mode)3, 0>::ap_fixed(double)' into '__cxx_global_var_init.4' (firmware/weights/b4.h:12:51)
INFO: [HLS 214-131] Inlining function 'ap_fixed<16, 6, (ap_q_mode)5, (ap_o_mode)3, 0>::ap_fixed(double)' into '__cxx_global_var_init.4' (firmware/weights/b4.h:12:65)
INFO: [HLS 214-131] Inlining function 'ap_fixed<16, 6, (ap_q_mode)5, (ap_o_mode)3, 0>::ap_fixed(double)' into '__cxx_global_var_init.5' (firmware/weights/w6.h:12:32)
INFO: [HLS 214-131] Inlining function 'ap_fixed<16, 6, (ap_q_mode)5, (ap_o_mode)3, 0>::ap_fixed(double)' into '__cxx_global_var_init.5' (firmware/weights/w6.h:12:46)
INFO: [HLS 214-131] Inlining function 'ap_fixed<16, 6, (ap_q_mode)5, (ap_o_mode)3, 0>::ap_fixed(double)' into '__cxx_global_var_init.5' (firmware/weights/w6.h:12:61)
INFO: [HLS 214-131] Inlining function 'ap_fixed<16, 6, (ap_q_mode)5, (ap_o_mode)3, 0>::ap_fixed(double)' into '__cxx_global_var_init.5' (firmware/weights/w6.h:12:75)
INFO: [HLS 214-131] Inlining function 'ap_fixed<16, 6, (ap_q_mode)5, (ap_o_mode)3, 0>::ap_fixed(double)' into '__cxx_global_var_init.5' (firmware/weights/w6.h:12:90)
INFO: [HLS 214-131] Inlining function 'ap_fixed<16, 6, (ap_q_mode)5, (ap_o_mode)3, 0>::ap_fixed(double)' into '__cxx_global_var_init.5' (firmware/weights/w6.h:12:104)
INFO: [HLS 214-131] Inlining function 'ap_fixed<16, 6, (ap_q_mode)5, (ap_o_mode)3, 0>::ap_fixed(double)' into '__cxx_global_var_init.5' (firmware/weights/w6.h:12:119)
INFO: [HLS 214-131] Inlining function 'ap_fixed<16, 6, (ap_q_mode)5, (ap_o_mode)3, 0>::ap_fixed(double)' into '__cxx_global_var_init.5' (firmware/weights/w6.h:12:133)
INFO: [HLS 214-131] Inlining function 'ap_fixed<16, 6, (ap_q_mode)5, (ap_o_mode)3, 0>::ap_fixed(double)' into '__cxx_global_var_init.5' (firmware/weights/w6.h:12:147)
INFO: [HLS 214-131] Inlining function 'ap_fixed<16, 6, (ap_q_mode)5, (ap_o_mode)3, 0>::ap_fixed(double)' into '__cxx_global_var_init.5' (firmware/weights/w6.h:12:161)
INFO: [HLS 214-131] Inlining function 'ap_fixed<16, 6, (ap_q_mode)5, (ap_o_mode)3, 0>::ap_fixed(double)' into '__cxx_global_var_init.5' (firmware/weights/w6.h:12:176)
INFO: [HLS 214-131] Inlining function 'ap_fixed<16, 6, (ap_q_mode)5, (ap_o_mode)3, 0>::ap_fixed(double)' into '__cxx_global_var_init.5' (firmware/weights/w6.h:12:190)
INFO: [HLS 214-131] Inlining function 'ap_fixed<16, 6, (ap_q_mode)5, (ap_o_mode)3, 0>::ap_fixed(double)' into '__cxx_global_var_init.5' (firmware/weights/w6.h:12:204)
INFO: [HLS 214-131] Inlining function 'ap_fixed<16, 6, (ap_q_mode)5, (ap_o_mode)3, 0>::ap_fixed(double)' into '__cxx_global_var_init.5' (firmware/weights/w6.h:12:218)
INFO: [HLS 214-131] Inlining function 'ap_fixed<16, 6, (ap_q_mode)5, (ap_o_mode)3, 0>::ap_fixed(double)' into '__cxx_global_var_init.5' (firmware/weights/w6.h:12:232)
INFO: [HLS 214-131] Inlining function 'ap_fixed<16, 6, (ap_q_mode)5, (ap_o_mode)3, 0>::ap_fixed(double)' into '__cxx_global_var_init.5' (firmware/weights/w6.h:12:246)
INFO: [HLS 214-131] Inlining function 'ap_fixed<16, 6, (ap_q_mode)5, (ap_o_mode)3, 0>::ap_fixed(double)' into '__cxx_global_var_init.5' (firmware/weights/w6.h:12:261)
INFO: [HLS 214-131] Inlining function 'ap_fixed<16, 6, (ap_q_mode)5, (ap_o_mode)3, 0>::ap_fixed(double)' into '__cxx_global_var_init.5' (firmware/weights/w6.h:12:275)
INFO: [HLS 214-131] Inlining function 'ap_fixed<16, 6, (ap_q_mode)5, (ap_o_mode)3, 0>::ap_fixed(double)' into '__cxx_global_var_init.5' (firmware/weights/w6.h:12:290)
INFO: [HLS 214-131] Inlining function 'ap_fixed<16, 6, (ap_q_mode)5, (ap_o_mode)3, 0>::ap_fixed(double)' into '__cxx_global_var_init.5' (firmware/weights/w6.h:12:304)
INFO: [HLS 214-131] Inlining function 'ap_fixed<16, 6, (ap_q_mode)5, (ap_o_mode)3, 0>::ap_fixed(double)' into '__cxx_global_var_init.5' (firmware/weights/w6.h:12:318)
INFO: [HLS 214-131] Inlining function 'ap_fixed<16, 6, (ap_q_mode)5, (ap_o_mode)3, 0>::ap_fixed(double)' into '__cxx_global_var_init.5' (firmware/weights/w6.h:12:332)
INFO: [HLS 214-131] Inlining function 'ap_fixed<16, 6, (ap_q_mode)5, (ap_o_mode)3, 0>::ap_fixed(double)' into '__cxx_global_var_init.5' (firmware/weights/w6.h:12:347)
INFO: [HLS 214-131] Inlining function 'ap_fixed<16, 6, (ap_q_mode)5, (ap_o_mode)3, 0>::ap_fixed(double)' into '__cxx_global_var_init.5' (firmware/weights/w6.h:12:361)
INFO: [HLS 214-131] Inlining function 'ap_fixed<16, 6, (ap_q_mode)5, (ap_o_mode)3, 0>::ap_fixed(double)' into '__cxx_global_var_init.5' (firmware/weights/w6.h:12:376)
INFO: [HLS 214-131] Inlining function 'ap_fixed<16, 6, (ap_q_mode)5, (ap_o_mode)3, 0>::ap_fixed(double)' into '__cxx_global_var_init.5' (firmware/weights/w6.h:12:390)
INFO: [HLS 214-131] Inlining function 'ap_fixed<16, 6, (ap_q_mode)5, (ap_o_mode)3, 0>::ap_fixed(double)' into '__cxx_global_var_init.5' (firmware/weights/w6.h:12:405)
INFO: [HLS 214-131] Inlining function 'ap_fixed<16, 6, (ap_q_mode)5, (ap_o_mode)3, 0>::ap_fixed(double)' into '__cxx_global_var_init.5' (firmware/weights/w6.h:12:420)
INFO: [HLS 214-131] Inlining function 'ap_fixed<16, 6, (ap_q_mode)5, (ap_o_mode)3, 0>::ap_fixed(double)' into '__cxx_global_var_init.5' (firmware/weights/w6.h:12:435)
INFO: [HLS 214-131] Inlining function 'ap_fixed<16, 6, (ap_q_mode)5, (ap_o_mode)3, 0>::ap_fixed(double)' into '__cxx_global_var_init.5' (firmware/weights/w6.h:12:450)
INFO: [HLS 214-131] Inlining function 'ap_fixed<16, 6, (ap_q_mode)5, (ap_o_mode)3, 0>::ap_fixed(double)' into '__cxx_global_var_init.5' (firmware/weights/w6.h:12:465)
INFO: [HLS 214-131] Inlining function 'ap_fixed<16, 6, (ap_q_mode)5, (ap_o_mode)3, 0>::ap_fixed(double)' into '__cxx_global_var_init.5' (firmware/weights/w6.h:12:480)
INFO: [HLS 214-131] Inlining function 'ap_fixed<16, 6, (ap_q_mode)5, (ap_o_mode)3, 0>::ap_fixed(double)' into '__cxx_global_var_init.5' (firmware/weights/w6.h:12:494)
INFO: [HLS 214-131] Inlining function 'ap_fixed<16, 6, (ap_q_mode)5, (ap_o_mode)3, 0>::ap_fixed(double)' into '__cxx_global_var_init.5' (firmware/weights/w6.h:12:509)
INFO: [HLS 214-131] Inlining function 'ap_fixed<16, 6, (ap_q_mode)5, (ap_o_mode)3, 0>::ap_fixed(double)' into '__cxx_global_var_init.5' (firmware/weights/w6.h:12:524)
INFO: [HLS 214-131] Inlining function 'ap_fixed<16, 6, (ap_q_mode)5, (ap_o_mode)3, 0>::ap_fixed(double)' into '__cxx_global_var_init.5' (firmware/weights/w6.h:12:538)
INFO: [HLS 214-131] Inlining function 'ap_fixed<16, 6, (ap_q_mode)5, (ap_o_mode)3, 0>::ap_fixed(double)' into '__cxx_global_var_init.6' (firmware/weights/b6.h:12:29)
INFO: [HLS 214-131] Inlining function 'ap_fixed_base<32, 32, true, (ap_q_mode)5, (ap_o_mode)3, 0>::operator!() const' into 'ap_fixed_base<16, 6, true, (ap_q_mode)5, (ap_o_mode)3, 0>& ap_fixed_base<16, 6, true, (ap_q_mode)5, (ap_o_mode)3, 0>::operator=<32, 32, true, (ap_q_mode)5, (ap_o_mode)3, 0>(ap_fixed_base<32, 32, true, (ap_q_mode)5, (ap_o_mode)3, 0> const&)' (C:/Xilinx/Vitis_HLS/2021.2/common/technology/autopilot\ap_fixed_base.h:707:9)
INFO: [HLS 214-131] Inlining function 'ap_fixed_base<16, 6, true, (ap_q_mode)5, (ap_o_mode)3, 0>& ap_fixed_base<16, 6, true, (ap_q_mode)5, (ap_o_mode)3, 0>::operator=<32, 32, true, (ap_q_mode)5, (ap_o_mode)3, 0>(ap_fixed_base<32, 32, true, (ap_q_mode)5, (ap_o_mode)3, 0> const&)' into 'ap_fixed_base<16, 6, true, (ap_q_mode)5, (ap_o_mode)3, 0>::ap_fixed_base(int)' (C:/Xilinx/Vitis_HLS/2021.2/common/technology/autopilot\ap_fixed_base.h:550:146)
INFO: [HLS 214-131] Inlining function 'ap_fixed_base<16, 6, true, (ap_q_mode)5, (ap_o_mode)3, 0>::ap_fixed_base(int)' into 'ap_fixed<16, 6, (ap_q_mode)5, (ap_o_mode)3, 0>::ap_fixed(int)' (C:/Xilinx/Vitis_HLS/2021.2/common/technology/autopilot\ap_fixed.h:183:59)
INFO: [HLS 214-131] Inlining function 'ap_fixed<16, 6, (ap_q_mode)5, (ap_o_mode)3, 0>::ap_fixed(int)' into 'void nnet::fill_zero<nnet::array<ap_fixed<16, 6, (ap_q_mode)5, (ap_o_mode)3, 0>, 1u>, config7>(hls::stream<nnet::array<ap_fixed<16, 6, (ap_q_mode)5, (ap_o_mode)3, 0>, 1u>, 0>&)' (firmware/nnet_utils/nnet_padding_stream.h:13:16)
INFO: [HLS 214-131] Inlining function 'void nnet::fill_zero<nnet::array<ap_fixed<16, 6, (ap_q_mode)5, (ap_o_mode)3, 0>, 1u>, config7>(hls::stream<nnet::array<ap_fixed<16, 6, (ap_q_mode)5, (ap_o_mode)3, 0>, 1u>, 0>&)' into 'void nnet::zeropad2d_cl<nnet::array<ap_fixed<16, 6, (ap_q_mode)5, (ap_o_mode)3, 0>, 1u>, nnet::array<ap_fixed<16, 6, (ap_q_mode)5, (ap_o_mode)3, 0>, 1u>, config7>(hls::stream<nnet::array<ap_fixed<16, 6, (ap_q_mode)5, (ap_o_mode)3, 0>, 1u>, 0>&, hls::stream<nnet::array<ap_fixed<16, 6, (ap_q_mode)5, (ap_o_mode)3, 0>, 1u>, 0>&)' (firmware/nnet_utils/nnet_padding_stream.h:54:13)
INFO: [HLS 214-131] Inlining function 'void nnet::fill_zero<nnet::array<ap_fixed<16, 6, (ap_q_mode)5, (ap_o_mode)3, 0>, 1u>, config7>(hls::stream<nnet::array<ap_fixed<16, 6, (ap_q_mode)5, (ap_o_mode)3, 0>, 1u>, 0>&)' into 'void nnet::zeropad2d_cl<nnet::array<ap_fixed<16, 6, (ap_q_mode)5, (ap_o_mode)3, 0>, 1u>, nnet::array<ap_fixed<16, 6, (ap_q_mode)5, (ap_o_mode)3, 0>, 1u>, config7>(hls::stream<nnet::array<ap_fixed<16, 6, (ap_q_mode)5, (ap_o_mode)3, 0>, 1u>, 0>&, hls::stream<nnet::array<ap_fixed<16, 6, (ap_q_mode)5, (ap_o_mode)3, 0>, 1u>, 0>&)' (firmware/nnet_utils/nnet_padding_stream.h:62:13)
INFO: [HLS 214-131] Inlining function 'void nnet::fill_data<nnet::array<ap_fixed<16, 6, (ap_q_mode)5, (ap_o_mode)3, 0>, 1u>, nnet::array<ap_fixed<16, 6, (ap_q_mode)5, (ap_o_mode)3, 0>, 1u>, config7>(hls::stream<nnet::array<ap_fixed<16, 6, (ap_q_mode)5, (ap_o_mode)3, 0>, 1u>, 0>&, hls::stream<nnet::array<ap_fixed<16, 6, (ap_q_mode)5, (ap_o_mode)3, 0>, 1u>, 0>&)' into 'void nnet::zeropad2d_cl<nnet::array<ap_fixed<16, 6, (ap_q_mode)5, (ap_o_mode)3, 0>, 1u>, nnet::array<ap_fixed<16, 6, (ap_q_mode)5, (ap_o_mode)3, 0>, 1u>, config7>(hls::stream<nnet::array<ap_fixed<16, 6, (ap_q_mode)5, (ap_o_mode)3, 0>, 1u>, 0>&, hls::stream<nnet::array<ap_fixed<16, 6, (ap_q_mode)5, (ap_o_mode)3, 0>, 1u>, 0>&)' (firmware/nnet_utils/nnet_padding_stream.h:66:13)
INFO: [HLS 214-131] Inlining function 'void nnet::fill_zero<nnet::array<ap_fixed<16, 6, (ap_q_mode)5, (ap_o_mode)3, 0>, 1u>, config7>(hls::stream<nnet::array<ap_fixed<16, 6, (ap_q_mode)5, (ap_o_mode)3, 0>, 1u>, 0>&)' into 'void nnet::zeropad2d_cl<nnet::array<ap_fixed<16, 6, (ap_q_mode)5, (ap_o_mode)3, 0>, 1u>, nnet::array<ap_fixed<16, 6, (ap_q_mode)5, (ap_o_mode)3, 0>, 1u>, config7>(hls::stream<nnet::array<ap_fixed<16, 6, (ap_q_mode)5, (ap_o_mode)3, 0>, 1u>, 0>&, hls::stream<nnet::array<ap_fixed<16, 6, (ap_q_mode)5, (ap_o_mode)3, 0>, 1u>, 0>&)' (firmware/nnet_utils/nnet_padding_stream.h:70:13)
INFO: [HLS 214-131] Inlining function 'void nnet::fill_zero<nnet::array<ap_fixed<16, 6, (ap_q_mode)5, (ap_o_mode)3, 0>, 1u>, config7>(hls::stream<nnet::array<ap_fixed<16, 6, (ap_q_mode)5, (ap_o_mode)3, 0>, 1u>, 0>&)' into 'void nnet::zeropad2d_cl<nnet::array<ap_fixed<16, 6, (ap_q_mode)5, (ap_o_mode)3, 0>, 1u>, nnet::array<ap_fixed<16, 6, (ap_q_mode)5, (ap_o_mode)3, 0>, 1u>, config7>(hls::stream<nnet::array<ap_fixed<16, 6, (ap_q_mode)5, (ap_o_mode)3, 0>, 1u>, 0>&, hls::stream<nnet::array<ap_fixed<16, 6, (ap_q_mode)5, (ap_o_mode)3, 0>, 1u>, 0>&)' (firmware/nnet_utils/nnet_padding_stream.h:78:13)
INFO: [HLS 214-131] Inlining function 'ap_shift_reg<ap_fixed<16, 6, (ap_q_mode)5, (ap_o_mode)3, 0>, 164u>::shift(ap_fixed<16, 6, (ap_q_mode)5, (ap_o_mode)3, 0>, unsigned int, bool)' into 'void nnet::shift_line_buffer<nnet::array<ap_fixed<16, 6, (ap_q_mode)5, (ap_o_mode)3, 0>, 1u>, config2>(nnet::array<ap_fixed<16, 6, (ap_q_mode)5, (ap_o_mode)3, 0>, 1u> const&, ap_shift_reg<nnet::array<ap_fixed<16, 6, (ap_q_mode)5, (ap_o_mode)3, 0>, 1u>::value_type, config2::in_width> (*) [config2::n_chan], nnet::array<ap_fixed<16, 6, (ap_q_mode)5, (ap_o_mode)3, 0>, 1u>::value_type*)' (firmware/nnet_utils/nnet_conv_stream.h:241:69)
INFO: [HLS 214-131] Inlining function 'void nnet::kernel_shift_2d<nnet::array<ap_fixed<16, 6, (ap_q_mode)5, (ap_o_mode)3, 0>, 1u>, config2>(nnet::array<ap_fixed<16, 6, (ap_q_mode)5, (ap_o_mode)3, 0>, 1u>::value_type (*) [config2::n_chan], nnet::array<ap_fixed<16, 6, (ap_q_mode)5, (ap_o_mode)3, 0>, 1u>::value_type*)' into 'void nnet::shift_line_buffer<nnet::array<ap_fixed<16, 6, (ap_q_mode)5, (ap_o_mode)3, 0>, 1u>, config2>(nnet::array<ap_fixed<16, 6, (ap_q_mode)5, (ap_o_mode)3, 0>, 1u> const&, ap_shift_reg<nnet::array<ap_fixed<16, 6, (ap_q_mode)5, (ap_o_mode)3, 0>, 1u>::value_type, config2::in_width> (*) [config2::n_chan], nnet::array<ap_fixed<16, 6, (ap_q_mode)5, (ap_o_mode)3, 0>, 1u>::value_type*)' (firmware/nnet_utils/nnet_conv_stream.h:247:5)
INFO: [HLS 214-131] Inlining function 'ap_fixed<32, 12, (ap_q_mode)5, (ap_o_mode)3, 0>::ap_fixed<32, 12, true, (ap_q_mode)5, (ap_o_mode)3, 0>(ap_fixed_base<32, 12, true, (ap_q_mode)5, (ap_o_mode)3, 0> const&)' into 'ap_fixed_base<16, 6, true, (ap_q_mode)5, (ap_o_mode)3, 0>::RType<16, 6, true>::mult ap_fixed_base<16, 6, true, (ap_q_mode)5, (ap_o_mode)3, 0>::operator*<16, 6, true, (ap_q_mode)5, (ap_o_mode)3, 0>(ap_fixed_base<16, 6, true, (ap_q_mode)5, (ap_o_mode)3, 0> const&) const' (C:/Xilinx/Vitis_HLS/2021.2/common/technology/autopilot\ap_fixed_base.h:1172:12)
INFO: [HLS 214-131] Inlining function 'ap_fixed_base<16, 6, true, (ap_q_mode)5, (ap_o_mode)3, 0>::RType<16, 6, true>::mult ap_fixed_base<16, 6, true, (ap_q_mode)5, (ap_o_mode)3, 0>::operator*<16, 6, true, (ap_q_mode)5, (ap_o_mode)3, 0>(ap_fixed_base<16, 6, true, (ap_q_mode)5, (ap_o_mode)3, 0> const&) const' into 'nnet::product::mult<ap_fixed<16, 6, (ap_q_mode)5, (ap_o_mode)3, 0>, ap_fixed<16, 6, (ap_q_mode)5, (ap_o_mode)3, 0> >::product(ap_fixed<16, 6, (ap_q_mode)5, (ap_o_mode)3, 0>, ap_fixed<16, 6, (ap_q_mode)5, (ap_o_mode)3, 0>)' (firmware/nnet_utils/nnet_mult.h:73:11)
INFO: [HLS 214-131] Inlining function 'ap_fixed_base<32, 12, true, (ap_q_mode)5, (ap_o_mode)3, 0>::operator!() const' into 'ap_fixed_base<16, 6, true, (ap_q_mode)5, (ap_o_mode)3, 0>& ap_fixed_base<16, 6, true, (ap_q_mode)5, (ap_o_mode)3, 0>::operator=<32, 12, true, (ap_q_mode)5, (ap_o_mode)3, 0>(ap_fixed_base<32, 12, true, (ap_q_mode)5, (ap_o_mode)3, 0> const&)' (C:/Xilinx/Vitis_HLS/2021.2/common/technology/autopilot\ap_fixed_base.h:707:9)
INFO: [HLS 214-131] Inlining function 'ap_fixed_base<16, 6, true, (ap_q_mode)5, (ap_o_mode)3, 0>& ap_fixed_base<16, 6, true, (ap_q_mode)5, (ap_o_mode)3, 0>::operator=<32, 12, true, (ap_q_mode)5, (ap_o_mode)3, 0>(ap_fixed_base<32, 12, true, (ap_q_mode)5, (ap_o_mode)3, 0> const&)' into 'ap_fixed_base<16, 6, true, (ap_q_mode)5, (ap_o_mode)3, 0>::ap_fixed_base<32, 12, true, (ap_q_mode)5, (ap_o_mode)3, 0>(ap_fixed_base<32, 12, true, (ap_q_mode)5, (ap_o_mode)3, 0> const&)' (C:/Xilinx/Vitis_HLS/2021.2/common/technology/autopilot\ap_fixed_base.h:440:5)
INFO: [HLS 214-131] Inlining function 'ap_fixed_base<16, 6, true, (ap_q_mode)5, (ap_o_mode)3, 0>::ap_fixed_base<32, 12, true, (ap_q_mode)5, (ap_o_mode)3, 0>(ap_fixed_base<32, 12, true, (ap_q_mode)5, (ap_o_mode)3, 0> const&)' into 'ap_fixed<16, 6, (ap_q_mode)5, (ap_o_mode)3, 0>::ap_fixed<32, 12, true, (ap_q_mode)5, (ap_o_mode)3, 0>(ap_fixed_base<32, 12, true, (ap_q_mode)5, (ap_o_mode)3, 0> const&)' (C:/Xilinx/Vitis_HLS/2021.2/common/technology/autopilot\ap_fixed.h:75:9)
INFO: [HLS 214-131] Inlining function 'ap_fixed_base<16, 6, true, (ap_q_mode)5, (ap_o_mode)3, 0>::operator!() const' into 'ap_fixed_base<17, 7, true, (ap_q_mode)5, (ap_o_mode)3, 0>& ap_fixed_base<17, 7, true, (ap_q_mode)5, (ap_o_mode)3, 0>::operator=<16, 6, true, (ap_q_mode)5, (ap_o_mode)3, 0>(ap_fixed_base<16, 6, true, (ap_q_mode)5, (ap_o_mode)3, 0> const&)' (C:/Xilinx/Vitis_HLS/2021.2/common/technology/autopilot\ap_fixed_base.h:707:9)
INFO: [HLS 214-131] Inlining function 'ap_fixed_base<17, 7, true, (ap_q_mode)5, (ap_o_mode)3, 0>& ap_fixed_base<17, 7, true, (ap_q_mode)5, (ap_o_mode)3, 0>::operator=<16, 6, true, (ap_q_mode)5, (ap_o_mode)3, 0>(ap_fixed_base<16, 6, true, (ap_q_mode)5, (ap_o_mode)3, 0> const&)' into 'ap_fixed_base<17, 7, true, (ap_q_mode)5, (ap_o_mode)3, 0>::ap_fixed_base<16, 6, true, (ap_q_mode)5, (ap_o_mode)3, 0>(ap_fixed_base<16, 6, true, (ap_q_mode)5, (ap_o_mode)3, 0> const&)' (C:/Xilinx/Vitis_HLS/2021.2/common/technology/autopilot\ap_fixed_base.h:440:5)
INFO: [HLS 214-131] Inlining function 'ap_fixed_base<17, 7, true, (ap_q_mode)5, (ap_o_mode)3, 0>::ap_fixed_base<16, 6, true, (ap_q_mode)5, (ap_o_mode)3, 0>(ap_fixed_base<16, 6, true, (ap_q_mode)5, (ap_o_mode)3, 0> const&)' into 'ap_fixed_base<16, 6, true, (ap_q_mode)5, (ap_o_mode)3, 0>::RType<16, 6, true>::plus ap_fixed_base<16, 6, true, (ap_q_mode)5, (ap_o_mode)3, 0>::operator+<16, 6, true, (ap_q_mode)5, (ap_o_mode)3, 0>(ap_fixed_base<16, 6, true, (ap_q_mode)5, (ap_o_mode)3, 0> const&) const' (C:/Xilinx/Vitis_HLS/2021.2/common/technology/autopilot\ap_fixed_base.h:1245:330)
INFO: [HLS 214-131] Inlining function 'ap_fixed<17, 7, (ap_q_mode)5, (ap_o_mode)3, 0>::ap_fixed<17, 7, true, (ap_q_mode)5, (ap_o_mode)3, 0>(ap_fixed_base<17, 7, true, (ap_q_mode)5, (ap_o_mode)3, 0> const&)' into 'ap_fixed_base<16, 6, true, (ap_q_mode)5, (ap_o_mode)3, 0>::RType<16, 6, true>::plus ap_fixed_base<16, 6, true, (ap_q_mode)5, (ap_o_mode)3, 0>::operator+<16, 6, true, (ap_q_mode)5, (ap_o_mode)3, 0>(ap_fixed_base<16, 6, true, (ap_q_mode)5, (ap_o_mode)3, 0> const&) const' (C:/Xilinx/Vitis_HLS/2021.2/common/technology/autopilot\ap_fixed_base.h:1245:382)
INFO: [HLS 214-131] Inlining function 'ap_fixed_base<17, 7, true, (ap_q_mode)5, (ap_o_mode)3, 0>::ap_fixed_base<16, 6, true, (ap_q_mode)5, (ap_o_mode)3, 0>(ap_fixed_base<16, 6, true, (ap_q_mode)5, (ap_o_mode)3, 0> const&)' into 'ap_fixed_base<16, 6, true, (ap_q_mode)5, (ap_o_mode)3, 0>::RType<16, 6, true>::plus ap_fixed_base<16, 6, true, (ap_q_mode)5, (ap_o_mode)3, 0>::operator+<16, 6, true, (ap_q_mode)5, (ap_o_mode)3, 0>(ap_fixed_base<16, 6, true, (ap_q_mode)5, (ap_o_mode)3, 0> const&) const' (C:/Xilinx/Vitis_HLS/2021.2/common/technology/autopilot\ap_fixed_base.h:1245:342)
INFO: [HLS 214-131] Inlining function 'ap_fixed_base<17, 7, true, (ap_q_mode)5, (ap_o_mode)3, 0>::operator!() const' into 'ap_fixed_base<16, 6, true, (ap_q_mode)5, (ap_o_mode)3, 0>& ap_fixed_base<16, 6, true, (ap_q_mode)5, (ap_o_mode)3, 0>::operator=<17, 7, true, (ap_q_mode)5, (ap_o_mode)3, 0>(ap_fixed_base<17, 7, true, (ap_q_mode)5, (ap_o_mode)3, 0> const&)' (C:/Xilinx/Vitis_HLS/2021.2/common/technology/autopilot\ap_fixed_base.h:707:9)
INFO: [HLS 214-131] Inlining function 'ap_fixed_base<16, 6, true, (ap_q_mode)5, (ap_o_mode)3, 0>::RType<16, 6, true>::plus ap_fixed_base<16, 6, true, (ap_q_mode)5, (ap_o_mode)3, 0>::operator+<16, 6, true, (ap_q_mode)5, (ap_o_mode)3, 0>(ap_fixed_base<16, 6, true, (ap_q_mode)5, (ap_o_mode)3, 0> const&) const' into 'ap_fixed_base<16, 6, true, (ap_q_mode)5, (ap_o_mode)3, 0>& ap_fixed_base<16, 6, true, (ap_q_mode)5, (ap_o_mode)3, 0>::operator+=<16, 6, true, (ap_q_mode)5, (ap_o_mode)3, 0>(ap_fixed_base<16, 6, true, (ap_q_mode)5, (ap_o_mode)3, 0> const&)' (C:/Xilinx/Vitis_HLS/2021.2/common/technology/autopilot\ap_fixed_base.h:1265:248)
INFO: [HLS 214-131] Inlining function 'ap_fixed_base<16, 6, true, (ap_q_mode)5, (ap_o_mode)3, 0>& ap_fixed_base<16, 6, true, (ap_q_mode)5, (ap_o_mode)3, 0>::operator=<17, 7, true, (ap_q_mode)5, (ap_o_mode)3, 0>(ap_fixed_base<17, 7, true, (ap_q_mode)5, (ap_o_mode)3, 0> const&)' into 'ap_fixed_base<16, 6, true, (ap_q_mode)5, (ap_o_mode)3, 0>& ap_fixed_base<16, 6, true, (ap_q_mode)5, (ap_o_mode)3, 0>::operator+=<16, 6, true, (ap_q_mode)5, (ap_o_mode)3, 0>(ap_fixed_base<16, 6, true, (ap_q_mode)5, (ap_o_mode)3, 0> const&)' (C:/Xilinx/Vitis_HLS/2021.2/common/technology/autopilot\ap_fixed_base.h:1265:246)
INFO: [HLS 214-131] Inlining function 'ap_fixed_base<16, 6, true, (ap_q_mode)5, (ap_o_mode)3, 0>::operator!() const' into 'ap_fixed_base<37, 17, true, (ap_q_mode)5, (ap_o_mode)3, 0>& ap_fixed_base<37, 17, true, (ap_q_mode)5, (ap_o_mode)3, 0>::operator=<16, 6, true, (ap_q_mode)5, (ap_o_mode)3, 0>(ap_fixed_base<16, 6, true, (ap_q_mode)5, (ap_o_mode)3, 0> const&)' (C:/Xilinx/Vitis_HLS/2021.2/common/technology/autopilot\ap_fixed_base.h:707:9)
INFO: [HLS 214-131] Inlining function 'ap_fixed_base<37, 17, true, (ap_q_mode)5, (ap_o_mode)3, 0>& ap_fixed_base<37, 17, true, (ap_q_mode)5, (ap_o_mode)3, 0>::operator=<16, 6, true, (ap_q_mode)5, (ap_o_mode)3, 0>(ap_fixed_base<16, 6, true, (ap_q_mode)5, (ap_o_mode)3, 0> const&)' into 'ap_fixed_base<37, 17, true, (ap_q_mode)5, (ap_o_mode)3, 0>::ap_fixed_base<16, 6, true, (ap_q_mode)5, (ap_o_mode)3, 0>(ap_fixed_base<16, 6, true, (ap_q_mode)5, (ap_o_mode)3, 0> const&)' (C:/Xilinx/Vitis_HLS/2021.2/common/technology/autopilot\ap_fixed_base.h:440:5)
INFO: [HLS 214-131] Inlining function 'ap_fixed_base<37, 17, true, (ap_q_mode)5, (ap_o_mode)3, 0>::ap_fixed_base<16, 6, true, (ap_q_mode)5, (ap_o_mode)3, 0>(ap_fixed_base<16, 6, true, (ap_q_mode)5, (ap_o_mode)3, 0> const&)' into 'ap_fixed<37, 17, (ap_q_mode)5, (ap_o_mode)3, 0>::ap_fixed<16, 6, true, (ap_q_mode)5, (ap_o_mode)3, 0>(ap_fixed_base<16, 6, true, (ap_q_mode)5, (ap_o_mode)3, 0> const&)' (C:/Xilinx/Vitis_HLS/2021.2/common/technology/autopilot\ap_fixed.h:75:9)
INFO: [HLS 214-131] Inlining function 'ap_fixed<37, 17, (ap_q_mode)5, (ap_o_mode)3, 0>::ap_fixed<16, 6, true, (ap_q_mode)5, (ap_o_mode)3, 0>(ap_fixed_base<16, 6, true, (ap_q_mode)5, (ap_o_mode)3, 0> const&)' into 'std::enable_if<!(std::is_same<ap_fixed<16, 6, (ap_q_mode)5, (ap_o_mode)3, 0>, ap_uint<1> >::value), ap_fixed<37, 17, (ap_q_mode)5, (ap_o_mode)3, 0> >::type nnet::cast<ap_fixed<16, 6, (ap_q_mode)5, (ap_o_mode)3, 0>, ap_fixed<37, 17, (ap_q_mode)5, (ap_o_mode)3, 0>, config2_mult>(config2_mult::accum_t)' (firmware/nnet_utils/nnet_mult.h:111:12)
INFO: [HLS 214-131] Inlining function 'nnet::product::mult<ap_fixed<16, 6, (ap_q_mode)5, (ap_o_mode)3, 0>, ap_fixed<16, 6, (ap_q_mode)5, (ap_o_mode)3, 0> >::product(ap_fixed<16, 6, (ap_q_mode)5, (ap_o_mode)3, 0>, ap_fixed<16, 6, (ap_q_mode)5, (ap_o_mode)3, 0>)' into 'void nnet::dense_resource_rf_gt_nin_rem0<ap_fixed<16, 6, (ap_q_mode)5, (ap_o_mode)3, 0>, ap_fixed<37, 17, (ap_q_mode)5, (ap_o_mode)3, 0>, config2_mult>(ap_fixed<16, 6, (ap_q_mode)5, (ap_o_mode)3, 0>*, ap_fixed<37, 17, (ap_q_mode)5, (ap_o_mode)3, 0>*, config2_mult::weight_t*, config2_mult::bias_t*)' (firmware/nnet_utils/nnet_dense_resource.h:145:17)
INFO: [HLS 214-131] Inlining function 'ap_fixed<16, 6, (ap_q_mode)5, (ap_o_mode)3, 0>::ap_fixed<32, 12, true, (ap_q_mode)5, (ap_o_mode)3, 0>(ap_fixed_base<32, 12, true, (ap_q_mode)5, (ap_o_mode)3, 0> const&)' into 'void nnet::dense_resource_rf_gt_nin_rem0<ap_fixed<16, 6, (ap_q_mode)5, (ap_o_mode)3, 0>, ap_fixed<37, 17, (ap_q_mode)5, (ap_o_mode)3, 0>, config2_mult>(ap_fixed<16, 6, (ap_q_mode)5, (ap_o_mode)3, 0>*, ap_fixed<37, 17, (ap_q_mode)5, (ap_o_mode)3, 0>*, config2_mult::weight_t*, config2_mult::bias_t*)' (firmware/nnet_utils/nnet_dense_resource.h:144:20)
INFO: [HLS 214-131] Inlining function 'ap_fixed_base<16, 6, true, (ap_q_mode)5, (ap_o_mode)3, 0>& ap_fixed_base<16, 6, true, (ap_q_mode)5, (ap_o_mode)3, 0>::operator+=<16, 6, true, (ap_q_mode)5, (ap_o_mode)3, 0>(ap_fixed_base<16, 6, true, (ap_q_mode)5, (ap_o_mode)3, 0> const&)' into 'void nnet::dense_resource_rf_gt_nin_rem0<ap_fixed<16, 6, (ap_q_mode)5, (ap_o_mode)3, 0>, ap_fixed<37, 17, (ap_q_mode)5, (ap_o_mode)3, 0>, config2_mult>(ap_fixed<16, 6, (ap_q_mode)5, (ap_o_mode)3, 0>*, ap_fixed<37, 17, (ap_q_mode)5, (ap_o_mode)3, 0>*, config2_mult::weight_t*, config2_mult::bias_t*)' (firmware/nnet_utils/nnet_dense_resource.h:144:17)
INFO: [HLS 214-131] Inlining function 'nnet::DenseResource_rf_gt_nin_rem0<ap_fixed<16, 6, (ap_q_mode)5, (ap_o_mode)3, 0>, ap_fixed<37, 17, (ap_q_mode)5, (ap_o_mode)3, 0>, config2_mult>::dense(ap_fixed<16, 6, (ap_q_mode)5, (ap_o_mode)3, 0>*, ap_fixed<37, 17, (ap_q_mode)5, (ap_o_mode)3, 0>*, ap_fixed<16, 6, (ap_q_mode)5, (ap_o_mode)3, 0>*, ap_fixed<16, 6, (ap_q_mode)5, (ap_o_mode)3, 0>*)' into 'void nnet::compute_output_buffer_2d<nnet::array<ap_fixed<16, 6, (ap_q_mode)5, (ap_o_mode)3, 0>, 1u>, nnet::array<ap_fixed<37, 17, (ap_q_mode)5, (ap_o_mode)3, 0>, 4u>, config2>(nnet::array<ap_fixed<16, 6, (ap_q_mode)5, (ap_o_mode)3, 0>, 1u> const&, ap_shift_reg<nnet::array<ap_fixed<16, 6, (ap_q_mode)5, (ap_o_mode)3, 0>, 1u>::value_type, config2::in_width> (*) [config2::n_chan], hls::stream<nnet::array<ap_fixed<37, 17, (ap_q_mode)5, (ap_o_mode)3, 0>, 4u>, 0>&, config2::weight_t*, config2::bias_t*)' (firmware/nnet_utils/nnet_conv_stream.h:288:9)
INFO: [HLS 214-131] Inlining function 'ap_shift_reg<ap_fixed<16, 6, (ap_q_mode)5, (ap_o_mode)3, 0>, 164u>::ap_shift_reg()' into 'void nnet::conv_2d_buffer_cl<nnet::array<ap_fixed<16, 6, (ap_q_mode)5, (ap_o_mode)3, 0>, 1u>, nnet::array<ap_fixed<37, 17, (ap_q_mode)5, (ap_o_mode)3, 0>, 4u>, config2>(hls::stream<nnet::array<ap_fixed<16, 6, (ap_q_mode)5, (ap_o_mode)3, 0>, 1u>, 0>&, hls::stream<nnet::array<ap_fixed<37, 17, (ap_q_mode)5, (ap_o_mode)3, 0>, 4u>, 0>&, config2::weight_t*, config2::bias_t*)' (firmware/nnet_utils/nnet_conv2d_stream.h:75:74)
INFO: [HLS 214-131] Inlining function 'ap_fixed_base<32, 32, true, (ap_q_mode)5, (ap_o_mode)3, 0>::operator!() const' into 'ap_fixed_base<52, 32, true, (ap_q_mode)5, (ap_o_mode)3, 0>& ap_fixed_base<52, 32, true, (ap_q_mode)5, (ap_o_mode)3, 0>::operator=<32, 32, true, (ap_q_mode)5, (ap_o_mode)3, 0>(ap_fixed_base<32, 32, true, (ap_q_mode)5, (ap_o_mode)3, 0> const&)' (C:/Xilinx/Vitis_HLS/2021.2/common/technology/autopilot\ap_fixed_base.h:707:9)
INFO: [HLS 214-131] Inlining function 'ap_fixed_base<52, 32, true, (ap_q_mode)5, (ap_o_mode)3, 0>& ap_fixed_base<52, 32, true, (ap_q_mode)5, (ap_o_mode)3, 0>::operator=<32, 32, true, (ap_q_mode)5, (ap_o_mode)3, 0>(ap_fixed_base<32, 32, true, (ap_q_mode)5, (ap_o_mode)3, 0> const&)' into 'ap_fixed_base<52, 32, true, (ap_q_mode)5, (ap_o_mode)3, 0>::ap_fixed_base<32, 32, true, (ap_q_mode)5, (ap_o_mode)3, 0>(ap_fixed_base<32, 32, true, (ap_q_mode)5, (ap_o_mode)3, 0> const&)' (C:/Xilinx/Vitis_HLS/2021.2/common/technology/autopilot\ap_fixed_base.h:440:5)
INFO: [HLS 214-131] Inlining function 'ap_fixed_base<52, 32, true, (ap_q_mode)5, (ap_o_mode)3, 0>::ap_fixed_base<32, 32, true, (ap_q_mode)5, (ap_o_mode)3, 0>(ap_fixed_base<32, 32, true, (ap_q_mode)5, (ap_o_mode)3, 0> const&)' into 'bool ap_fixed_base<37, 17, true, (ap_q_mode)5, (ap_o_mode)3, 0>::operator><32, 32, true, (ap_q_mode)5, (ap_o_mode)3, 0>(ap_fixed_base<32, 32, true, (ap_q_mode)5, (ap_o_mode)3, 0> const&) const' (C:/Xilinx/Vitis_HLS/2021.2/common/technology/autopilot\ap_fixed_base.h:1547:367)
INFO: [HLS 214-131] Inlining function 'ap_fixed_base<32, 32, true, (ap_q_mode)5, (ap_o_mode)3, 0>::ap_fixed_base(int)' into 'bool operator><37, 17, true, (ap_q_mode)5, (ap_o_mode)3, 0>(ap_fixed_base<37, 17, true, (ap_q_mode)5, (ap_o_mode)3, 0> const&, int)' (C:/Xilinx/Vitis_HLS/2021.2/common/technology/autopilot\ap_fixed_base.h:2274:9949)
INFO: [HLS 214-131] Inlining function 'bool ap_fixed_base<37, 17, true, (ap_q_mode)5, (ap_o_mode)3, 0>::operator><32, 32, true, (ap_q_mode)5, (ap_o_mode)3, 0>(ap_fixed_base<32, 32, true, (ap_q_mode)5, (ap_o_mode)3, 0> const&) const' into 'bool operator><37, 17, true, (ap_q_mode)5, (ap_o_mode)3, 0>(ap_fixed_base<37, 17, true, (ap_q_mode)5, (ap_o_mode)3, 0> const&, int)' (C:/Xilinx/Vitis_HLS/2021.2/common/technology/autopilot\ap_fixed_base.h:2274:9938)
INFO: [HLS 214-131] Inlining function 'ap_fixed_base<37, 17, true, (ap_q_mode)5, (ap_o_mode)3, 0>::operator!() const' into 'ap_fixed_base<16, 6, true, (ap_q_mode)5, (ap_o_mode)3, 0>& ap_fixed_base<16, 6, true, (ap_q_mode)5, (ap_o_mode)3, 0>::operator=<37, 17, true, (ap_q_mode)5, (ap_o_mode)3, 0>(ap_fixed_base<37, 17, true, (ap_q_mode)5, (ap_o_mode)3, 0> const&)' (C:/Xilinx/Vitis_HLS/2021.2/common/technology/autopilot\ap_fixed_base.h:707:9)
INFO: [HLS 214-131] Inlining function 'ap_fixed_base<16, 6, true, (ap_q_mode)5, (ap_o_mode)3, 0>& ap_fixed_base<16, 6, true, (ap_q_mode)5, (ap_o_mode)3, 0>::operator=<37, 17, true, (ap_q_mode)5, (ap_o_mode)3, 0>(ap_fixed_base<37, 17, true, (ap_q_mode)5, (ap_o_mode)3, 0> const&)' into 'ap_fixed_base<16, 6, true, (ap_q_mode)5, (ap_o_mode)3, 0>::ap_fixed_base<37, 17, true, (ap_q_mode)5, (ap_o_mode)3, 0>(ap_fixed_base<37, 17, true, (ap_q_mode)5, (ap_o_mode)3, 0> const&)' (C:/Xilinx/Vitis_HLS/2021.2/common/technology/autopilot\ap_fixed_base.h:440:5)
INFO: [HLS 214-131] Inlining function 'ap_fixed_base<16, 6, true, (ap_q_mode)5, (ap_o_mode)3, 0>::ap_fixed_base<37, 17, true, (ap_q_mode)5, (ap_o_mode)3, 0>(ap_fixed_base<37, 17, true, (ap_q_mode)5, (ap_o_mode)3, 0> const&)' into 'ap_fixed<16, 6, (ap_q_mode)5, (ap_o_mode)3, 0>::ap_fixed<37, 17, true, (ap_q_mode)5, (ap_o_mode)3, 0>(ap_fixed_base<37, 17, true, (ap_q_mode)5, (ap_o_mode)3, 0> const&)' (C:/Xilinx/Vitis_HLS/2021.2/common/technology/autopilot\ap_fixed.h:75:9)
INFO: [HLS 214-131] Inlining function 'bool operator><37, 17, true, (ap_q_mode)5, (ap_o_mode)3, 0>(ap_fixed_base<37, 17, true, (ap_q_mode)5, (ap_o_mode)3, 0> const&, int)' into 'void nnet::relu<nnet::array<ap_fixed<37, 17, (ap_q_mode)5, (ap_o_mode)3, 0>, 4u>, nnet::array<ap_fixed<16, 6, (ap_q_mode)5, (ap_o_mode)3, 0>, 4u>, relu_config3>(hls::stream<nnet::array<ap_fixed<37, 17, (ap_q_mode)5, (ap_o_mode)3, 0>, 4u>, 0>&, hls::stream<nnet::array<ap_fixed<16, 6, (ap_q_mode)5, (ap_o_mode)3, 0>, 4u>, 0>&)' (firmware/nnet_utils/nnet_activation_stream.h:51:17)
INFO: [HLS 214-131] Inlining function 'ap_fixed<16, 6, (ap_q_mode)5, (ap_o_mode)3, 0>::ap_fixed(int)' into 'void nnet::relu<nnet::array<ap_fixed<37, 17, (ap_q_mode)5, (ap_o_mode)3, 0>, 4u>, nnet::array<ap_fixed<16, 6, (ap_q_mode)5, (ap_o_mode)3, 0>, 4u>, relu_config3>(hls::stream<nnet::array<ap_fixed<37, 17, (ap_q_mode)5, (ap_o_mode)3, 0>, 4u>, 0>&, hls::stream<nnet::array<ap_fixed<16, 6, (ap_q_mode)5, (ap_o_mode)3, 0>, 4u>, 0>&)' (firmware/nnet_utils/nnet_activation_stream.h:54:31)
INFO: [HLS 214-131] Inlining function 'ap_fixed<16, 6, (ap_q_mode)5, (ap_o_mode)3, 0>::ap_fixed<37, 17, true, (ap_q_mode)5, (ap_o_mode)3, 0>(ap_fixed_base<37, 17, true, (ap_q_mode)5, (ap_o_mode)3, 0> const&)' into 'void nnet::relu<nnet::array<ap_fixed<37, 17, (ap_q_mode)5, (ap_o_mode)3, 0>, 4u>, nnet::array<ap_fixed<16, 6, (ap_q_mode)5, (ap_o_mode)3, 0>, 4u>, relu_config3>(hls::stream<nnet::array<ap_fixed<37, 17, (ap_q_mode)5, (ap_o_mode)3, 0>, 4u>, 0>&, hls::stream<nnet::array<ap_fixed<16, 6, (ap_q_mode)5, (ap_o_mode)3, 0>, 4u>, 0>&)' (firmware/nnet_utils/nnet_activation_stream.h:52:31)
INFO: [HLS 214-131] Inlining function 'ap_fixed<16, 6, (ap_q_mode)5, (ap_o_mode)3, 0>::ap_fixed(int)' into 'void nnet::fill_zero<nnet::array<ap_fixed<16, 6, (ap_q_mode)5, (ap_o_mode)3, 0>, 4u>, config8>(hls::stream<nnet::array<ap_fixed<16, 6, (ap_q_mode)5, (ap_o_mode)3, 0>, 4u>, 0>&)' (firmware/nnet_utils/nnet_padding_stream.h:13:16)
INFO: [HLS 214-131] Inlining function 'void nnet::fill_zero<nnet::array<ap_fixed<16, 6, (ap_q_mode)5, (ap_o_mode)3, 0>, 4u>, config8>(hls::stream<nnet::array<ap_fixed<16, 6, (ap_q_mode)5, (ap_o_mode)3, 0>, 4u>, 0>&)' into 'void nnet::zeropad2d_cl<nnet::array<ap_fixed<16, 6, (ap_q_mode)5, (ap_o_mode)3, 0>, 4u>, nnet::array<ap_fixed<16, 6, (ap_q_mode)5, (ap_o_mode)3, 0>, 4u>, config8>(hls::stream<nnet::array<ap_fixed<16, 6, (ap_q_mode)5, (ap_o_mode)3, 0>, 4u>, 0>&, hls::stream<nnet::array<ap_fixed<16, 6, (ap_q_mode)5, (ap_o_mode)3, 0>, 4u>, 0>&)' (firmware/nnet_utils/nnet_padding_stream.h:54:13)
INFO: [HLS 214-131] Inlining function 'void nnet::fill_zero<nnet::array<ap_fixed<16, 6, (ap_q_mode)5, (ap_o_mode)3, 0>, 4u>, config8>(hls::stream<nnet::array<ap_fixed<16, 6, (ap_q_mode)5, (ap_o_mode)3, 0>, 4u>, 0>&)' into 'void nnet::zeropad2d_cl<nnet::array<ap_fixed<16, 6, (ap_q_mode)5, (ap_o_mode)3, 0>, 4u>, nnet::array<ap_fixed<16, 6, (ap_q_mode)5, (ap_o_mode)3, 0>, 4u>, config8>(hls::stream<nnet::array<ap_fixed<16, 6, (ap_q_mode)5, (ap_o_mode)3, 0>, 4u>, 0>&, hls::stream<nnet::array<ap_fixed<16, 6, (ap_q_mode)5, (ap_o_mode)3, 0>, 4u>, 0>&)' (firmware/nnet_utils/nnet_padding_stream.h:62:13)
INFO: [HLS 214-131] Inlining function 'void nnet::fill_data<nnet::array<ap_fixed<16, 6, (ap_q_mode)5, (ap_o_mode)3, 0>, 4u>, nnet::array<ap_fixed<16, 6, (ap_q_mode)5, (ap_o_mode)3, 0>, 4u>, config8>(hls::stream<nnet::array<ap_fixed<16, 6, (ap_q_mode)5, (ap_o_mode)3, 0>, 4u>, 0>&, hls::stream<nnet::array<ap_fixed<16, 6, (ap_q_mode)5, (ap_o_mode)3, 0>, 4u>, 0>&)' into 'void nnet::zeropad2d_cl<nnet::array<ap_fixed<16, 6, (ap_q_mode)5, (ap_o_mode)3, 0>, 4u>, nnet::array<ap_fixed<16, 6, (ap_q_mode)5, (ap_o_mode)3, 0>, 4u>, config8>(hls::stream<nnet::array<ap_fixed<16, 6, (ap_q_mode)5, (ap_o_mode)3, 0>, 4u>, 0>&, hls::stream<nnet::array<ap_fixed<16, 6, (ap_q_mode)5, (ap_o_mode)3, 0>, 4u>, 0>&)' (firmware/nnet_utils/nnet_padding_stream.h:66:13)
INFO: [HLS 214-131] Inlining function 'void nnet::fill_zero<nnet::array<ap_fixed<16, 6, (ap_q_mode)5, (ap_o_mode)3, 0>, 4u>, config8>(hls::stream<nnet::array<ap_fixed<16, 6, (ap_q_mode)5, (ap_o_mode)3, 0>, 4u>, 0>&)' into 'void nnet::zeropad2d_cl<nnet::array<ap_fixed<16, 6, (ap_q_mode)5, (ap_o_mode)3, 0>, 4u>, nnet::array<ap_fixed<16, 6, (ap_q_mode)5, (ap_o_mode)3, 0>, 4u>, config8>(hls::stream<nnet::array<ap_fixed<16, 6, (ap_q_mode)5, (ap_o_mode)3, 0>, 4u>, 0>&, hls::stream<nnet::array<ap_fixed<16, 6, (ap_q_mode)5, (ap_o_mode)3, 0>, 4u>, 0>&)' (firmware/nnet_utils/nnet_padding_stream.h:70:13)
INFO: [HLS 214-131] Inlining function 'void nnet::fill_zero<nnet::array<ap_fixed<16, 6, (ap_q_mode)5, (ap_o_mode)3, 0>, 4u>, config8>(hls::stream<nnet::array<ap_fixed<16, 6, (ap_q_mode)5, (ap_o_mode)3, 0>, 4u>, 0>&)' into 'void nnet::zeropad2d_cl<nnet::array<ap_fixed<16, 6, (ap_q_mode)5, (ap_o_mode)3, 0>, 4u>, nnet::array<ap_fixed<16, 6, (ap_q_mode)5, (ap_o_mode)3, 0>, 4u>, config8>(hls::stream<nnet::array<ap_fixed<16, 6, (ap_q_mode)5, (ap_o_mode)3, 0>, 4u>, 0>&, hls::stream<nnet::array<ap_fixed<16, 6, (ap_q_mode)5, (ap_o_mode)3, 0>, 4u>, 0>&)' (firmware/nnet_utils/nnet_padding_stream.h:78:13)
INFO: [HLS 214-131] Inlining function 'ap_shift_reg<ap_fixed<16, 6, (ap_q_mode)5, (ap_o_mode)3, 0>, 164u>::shift(ap_fixed<16, 6, (ap_q_mode)5, (ap_o_mode)3, 0>, unsigned int, bool)' into 'void nnet::shift_line_buffer<nnet::array<ap_fixed<16, 6, (ap_q_mode)5, (ap_o_mode)3, 0>, 4u>, config4>(nnet::array<ap_fixed<16, 6, (ap_q_mode)5, (ap_o_mode)3, 0>, 4u> const&, ap_shift_reg<nnet::array<ap_fixed<16, 6, (ap_q_mode)5, (ap_o_mode)3, 0>, 4u>::value_type, config4::in_width> (*) [config4::n_chan], nnet::array<ap_fixed<16, 6, (ap_q_mode)5, (ap_o_mode)3, 0>, 4u>::value_type*)' (firmware/nnet_utils/nnet_conv_stream.h:241:69)
INFO: [HLS 214-131] Inlining function 'void nnet::kernel_shift_2d<nnet::array<ap_fixed<16, 6, (ap_q_mode)5, (ap_o_mode)3, 0>, 4u>, config4>(nnet::array<ap_fixed<16, 6, (ap_q_mode)5, (ap_o_mode)3, 0>, 4u>::value_type (*) [config4::n_chan], nnet::array<ap_fixed<16, 6, (ap_q_mode)5, (ap_o_mode)3, 0>, 4u>::value_type*)' into 'void nnet::shift_line_buffer<nnet::array<ap_fixed<16, 6, (ap_q_mode)5, (ap_o_mode)3, 0>, 4u>, config4>(nnet::array<ap_fixed<16, 6, (ap_q_mode)5, (ap_o_mode)3, 0>, 4u> const&, ap_shift_reg<nnet::array<ap_fixed<16, 6, (ap_q_mode)5, (ap_o_mode)3, 0>, 4u>::value_type, config4::in_width> (*) [config4::n_chan], nnet::array<ap_fixed<16, 6, (ap_q_mode)5, (ap_o_mode)3, 0>, 4u>::value_type*)' (firmware/nnet_utils/nnet_conv_stream.h:247:5)
INFO: [HLS 214-131] Inlining function 'ap_fixed_base<16, 6, true, (ap_q_mode)5, (ap_o_mode)3, 0>::operator!() const' into 'ap_fixed_base<39, 19, true, (ap_q_mode)5, (ap_o_mode)3, 0>& ap_fixed_base<39, 19, true, (ap_q_mode)5, (ap_o_mode)3, 0>::operator=<16, 6, true, (ap_q_mode)5, (ap_o_mode)3, 0>(ap_fixed_base<16, 6, true, (ap_q_mode)5, (ap_o_mode)3, 0> const&)' (C:/Xilinx/Vitis_HLS/2021.2/common/technology/autopilot\ap_fixed_base.h:707:9)
INFO: [HLS 214-131] Inlining function 'ap_fixed_base<39, 19, true, (ap_q_mode)5, (ap_o_mode)3, 0>& ap_fixed_base<39, 19, true, (ap_q_mode)5, (ap_o_mode)3, 0>::operator=<16, 6, true, (ap_q_mode)5, (ap_o_mode)3, 0>(ap_fixed_base<16, 6, true, (ap_q_mode)5, (ap_o_mode)3, 0> const&)' into 'ap_fixed_base<39, 19, true, (ap_q_mode)5, (ap_o_mode)3, 0>::ap_fixed_base<16, 6, true, (ap_q_mode)5, (ap_o_mode)3, 0>(ap_fixed_base<16, 6, true, (ap_q_mode)5, (ap_o_mode)3, 0> const&)' (C:/Xilinx/Vitis_HLS/2021.2/common/technology/autopilot\ap_fixed_base.h:440:5)
INFO: [HLS 214-131] Inlining function 'ap_fixed_base<39, 19, true, (ap_q_mode)5, (ap_o_mode)3, 0>::ap_fixed_base<16, 6, true, (ap_q_mode)5, (ap_o_mode)3, 0>(ap_fixed_base<16, 6, true, (ap_q_mode)5, (ap_o_mode)3, 0> const&)' into 'ap_fixed<39, 19, (ap_q_mode)5, (ap_o_mode)3, 0>::ap_fixed<16, 6, true, (ap_q_mode)5, (ap_o_mode)3, 0>(ap_fixed_base<16, 6, true, (ap_q_mode)5, (ap_o_mode)3, 0> const&)' (C:/Xilinx/Vitis_HLS/2021.2/common/technology/autopilot\ap_fixed.h:75:9)
INFO: [HLS 214-131] Inlining function 'ap_fixed<39, 19, (ap_q_mode)5, (ap_o_mode)3, 0>::ap_fixed<16, 6, true, (ap_q_mode)5, (ap_o_mode)3, 0>(ap_fixed_base<16, 6, true, (ap_q_mode)5, (ap_o_mode)3, 0> const&)' into 'std::enable_if<!(std::is_same<ap_fixed<16, 6, (ap_q_mode)5, (ap_o_mode)3, 0>, ap_uint<1> >::value), ap_fixed<39, 19, (ap_q_mode)5, (ap_o_mode)3, 0> >::type nnet::cast<ap_fixed<16, 6, (ap_q_mode)5, (ap_o_mode)3, 0>, ap_fixed<39, 19, (ap_q_mode)5, (ap_o_mode)3, 0>, config4_mult>(config4_mult::accum_t)' (firmware/nnet_utils/nnet_mult.h:111:12)
INFO: [HLS 214-131] Inlining function 'nnet::product::mult<ap_fixed<16, 6, (ap_q_mode)5, (ap_o_mode)3, 0>, ap_fixed<16, 6, (ap_q_mode)5, (ap_o_mode)3, 0> >::product(ap_fixed<16, 6, (ap_q_mode)5, (ap_o_mode)3, 0>, ap_fixed<16, 6, (ap_q_mode)5, (ap_o_mode)3, 0>)' into 'void nnet::dense_resource_rf_gt_nin_rem0<ap_fixed<16, 6, (ap_q_mode)5, (ap_o_mode)3, 0>, ap_fixed<39, 19, (ap_q_mode)5, (ap_o_mode)3, 0>, config4_mult>(ap_fixed<16, 6, (ap_q_mode)5, (ap_o_mode)3, 0>*, ap_fixed<39, 19, (ap_q_mode)5, (ap_o_mode)3, 0>*, config4_mult::weight_t*, config4_mult::bias_t*)' (firmware/nnet_utils/nnet_dense_resource.h:145:17)
INFO: [HLS 214-131] Inlining function 'ap_fixed<16, 6, (ap_q_mode)5, (ap_o_mode)3, 0>::ap_fixed<32, 12, true, (ap_q_mode)5, (ap_o_mode)3, 0>(ap_fixed_base<32, 12, true, (ap_q_mode)5, (ap_o_mode)3, 0> const&)' into 'void nnet::dense_resource_rf_gt_nin_rem0<ap_fixed<16, 6, (ap_q_mode)5, (ap_o_mode)3, 0>, ap_fixed<39, 19, (ap_q_mode)5, (ap_o_mode)3, 0>, config4_mult>(ap_fixed<16, 6, (ap_q_mode)5, (ap_o_mode)3, 0>*, ap_fixed<39, 19, (ap_q_mode)5, (ap_o_mode)3, 0>*, config4_mult::weight_t*, config4_mult::bias_t*)' (firmware/nnet_utils/nnet_dense_resource.h:144:20)
INFO: [HLS 214-131] Inlining function 'ap_fixed_base<16, 6, true, (ap_q_mode)5, (ap_o_mode)3, 0>& ap_fixed_base<16, 6, true, (ap_q_mode)5, (ap_o_mode)3, 0>::operator+=<16, 6, true, (ap_q_mode)5, (ap_o_mode)3, 0>(ap_fixed_base<16, 6, true, (ap_q_mode)5, (ap_o_mode)3, 0> const&)' into 'void nnet::dense_resource_rf_gt_nin_rem0<ap_fixed<16, 6, (ap_q_mode)5, (ap_o_mode)3, 0>, ap_fixed<39, 19, (ap_q_mode)5, (ap_o_mode)3, 0>, config4_mult>(ap_fixed<16, 6, (ap_q_mode)5, (ap_o_mode)3, 0>*, ap_fixed<39, 19, (ap_q_mode)5, (ap_o_mode)3, 0>*, config4_mult::weight_t*, config4_mult::bias_t*)' (firmware/nnet_utils/nnet_dense_resource.h:144:17)
INFO: [HLS 214-131] Inlining function 'nnet::DenseResource_rf_gt_nin_rem0<ap_fixed<16, 6, (ap_q_mode)5, (ap_o_mode)3, 0>, ap_fixed<39, 19, (ap_q_mode)5, (ap_o_mode)3, 0>, config4_mult>::dense(ap_fixed<16, 6, (ap_q_mode)5, (ap_o_mode)3, 0>*, ap_fixed<39, 19, (ap_q_mode)5, (ap_o_mode)3, 0>*, ap_fixed<16, 6, (ap_q_mode)5, (ap_o_mode)3, 0>*, ap_fixed<16, 6, (ap_q_mode)5, (ap_o_mode)3, 0>*)' into 'void nnet::compute_output_buffer_2d<nnet::array<ap_fixed<16, 6, (ap_q_mode)5, (ap_o_mode)3, 0>, 4u>, nnet::array<ap_fixed<39, 19, (ap_q_mode)5, (ap_o_mode)3, 0>, 4u>, config4>(nnet::array<ap_fixed<16, 6, (ap_q_mode)5, (ap_o_mode)3, 0>, 4u> const&, ap_shift_reg<nnet::array<ap_fixed<16, 6, (ap_q_mode)5, (ap_o_mode)3, 0>, 4u>::value_type, config4::in_width> (*) [config4::n_chan], hls::stream<nnet::array<ap_fixed<39, 19, (ap_q_mode)5, (ap_o_mode)3, 0>, 4u>, 0>&, config4::weight_t*, config4::bias_t*)' (firmware/nnet_utils/nnet_conv_stream.h:288:9)
INFO: [HLS 214-131] Inlining function 'ap_shift_reg<ap_fixed<16, 6, (ap_q_mode)5, (ap_o_mode)3, 0>, 164u>::ap_shift_reg()' into 'void nnet::conv_2d_buffer_cl<nnet::array<ap_fixed<16, 6, (ap_q_mode)5, (ap_o_mode)3, 0>, 4u>, nnet::array<ap_fixed<39, 19, (ap_q_mode)5, (ap_o_mode)3, 0>, 4u>, config4>(hls::stream<nnet::array<ap_fixed<16, 6, (ap_q_mode)5, (ap_o_mode)3, 0>, 4u>, 0>&, hls::stream<nnet::array<ap_fixed<39, 19, (ap_q_mode)5, (ap_o_mode)3, 0>, 4u>, 0>&, config4::weight_t*, config4::bias_t*)' (firmware/nnet_utils/nnet_conv2d_stream.h:75:74)
INFO: [HLS 214-131] Inlining function 'ap_fixed_base<52, 32, true, (ap_q_mode)5, (ap_o_mode)3, 0>::ap_fixed_base<32, 32, true, (ap_q_mode)5, (ap_o_mode)3, 0>(ap_fixed_base<32, 32, true, (ap_q_mode)5, (ap_o_mode)3, 0> const&)' into 'bool ap_fixed_base<39, 19, true, (ap_q_mode)5, (ap_o_mode)3, 0>::operator><32, 32, true, (ap_q_mode)5, (ap_o_mode)3, 0>(ap_fixed_base<32, 32, true, (ap_q_mode)5, (ap_o_mode)3, 0> const&) const' (C:/Xilinx/Vitis_HLS/2021.2/common/technology/autopilot\ap_fixed_base.h:1547:367)
INFO: [HLS 214-131] Inlining function 'ap_fixed_base<32, 32, true, (ap_q_mode)5, (ap_o_mode)3, 0>::ap_fixed_base(int)' into 'bool operator><39, 19, true, (ap_q_mode)5, (ap_o_mode)3, 0>(ap_fixed_base<39, 19, true, (ap_q_mode)5, (ap_o_mode)3, 0> const&, int)' (C:/Xilinx/Vitis_HLS/2021.2/common/technology/autopilot\ap_fixed_base.h:2274:9949)
INFO: [HLS 214-131] Inlining function 'bool ap_fixed_base<39, 19, true, (ap_q_mode)5, (ap_o_mode)3, 0>::operator><32, 32, true, (ap_q_mode)5, (ap_o_mode)3, 0>(ap_fixed_base<32, 32, true, (ap_q_mode)5, (ap_o_mode)3, 0> const&) const' into 'bool operator><39, 19, true, (ap_q_mode)5, (ap_o_mode)3, 0>(ap_fixed_base<39, 19, true, (ap_q_mode)5, (ap_o_mode)3, 0> const&, int)' (C:/Xilinx/Vitis_HLS/2021.2/common/technology/autopilot\ap_fixed_base.h:2274:9938)
INFO: [HLS 214-131] Inlining function 'ap_fixed_base<39, 19, true, (ap_q_mode)5, (ap_o_mode)3, 0>::operator!() const' into 'ap_fixed_base<16, 6, true, (ap_q_mode)5, (ap_o_mode)3, 0>& ap_fixed_base<16, 6, true, (ap_q_mode)5, (ap_o_mode)3, 0>::operator=<39, 19, true, (ap_q_mode)5, (ap_o_mode)3, 0>(ap_fixed_base<39, 19, true, (ap_q_mode)5, (ap_o_mode)3, 0> const&)' (C:/Xilinx/Vitis_HLS/2021.2/common/technology/autopilot\ap_fixed_base.h:707:9)
INFO: [HLS 214-131] Inlining function 'ap_fixed_base<16, 6, true, (ap_q_mode)5, (ap_o_mode)3, 0>& ap_fixed_base<16, 6, true, (ap_q_mode)5, (ap_o_mode)3, 0>::operator=<39, 19, true, (ap_q_mode)5, (ap_o_mode)3, 0>(ap_fixed_base<39, 19, true, (ap_q_mode)5, (ap_o_mode)3, 0> const&)' into 'ap_fixed_base<16, 6, true, (ap_q_mode)5, (ap_o_mode)3, 0>::ap_fixed_base<39, 19, true, (ap_q_mode)5, (ap_o_mode)3, 0>(ap_fixed_base<39, 19, true, (ap_q_mode)5, (ap_o_mode)3, 0> const&)' (C:/Xilinx/Vitis_HLS/2021.2/common/technology/autopilot\ap_fixed_base.h:440:5)
INFO: [HLS 214-131] Inlining function 'ap_fixed_base<16, 6, true, (ap_q_mode)5, (ap_o_mode)3, 0>::ap_fixed_base<39, 19, true, (ap_q_mode)5, (ap_o_mode)3, 0>(ap_fixed_base<39, 19, true, (ap_q_mode)5, (ap_o_mode)3, 0> const&)' into 'ap_fixed<16, 6, (ap_q_mode)5, (ap_o_mode)3, 0>::ap_fixed<39, 19, true, (ap_q_mode)5, (ap_o_mode)3, 0>(ap_fixed_base<39, 19, true, (ap_q_mode)5, (ap_o_mode)3, 0> const&)' (C:/Xilinx/Vitis_HLS/2021.2/common/technology/autopilot\ap_fixed.h:75:9)
INFO: [HLS 214-131] Inlining function 'bool operator><39, 19, true, (ap_q_mode)5, (ap_o_mode)3, 0>(ap_fixed_base<39, 19, true, (ap_q_mode)5, (ap_o_mode)3, 0> const&, int)' into 'void nnet::relu<nnet::array<ap_fixed<39, 19, (ap_q_mode)5, (ap_o_mode)3, 0>, 4u>, nnet::array<ap_fixed<16, 6, (ap_q_mode)5, (ap_o_mode)3, 0>, 4u>, relu_config5>(hls::stream<nnet::array<ap_fixed<39, 19, (ap_q_mode)5, (ap_o_mode)3, 0>, 4u>, 0>&, hls::stream<nnet::array<ap_fixed<16, 6, (ap_q_mode)5, (ap_o_mode)3, 0>, 4u>, 0>&)' (firmware/nnet_utils/nnet_activation_stream.h:51:17)
INFO: [HLS 214-131] Inlining function 'ap_fixed<16, 6, (ap_q_mode)5, (ap_o_mode)3, 0>::ap_fixed(int)' into 'void nnet::relu<nnet::array<ap_fixed<39, 19, (ap_q_mode)5, (ap_o_mode)3, 0>, 4u>, nnet::array<ap_fixed<16, 6, (ap_q_mode)5, (ap_o_mode)3, 0>, 4u>, relu_config5>(hls::stream<nnet::array<ap_fixed<39, 19, (ap_q_mode)5, (ap_o_mode)3, 0>, 4u>, 0>&, hls::stream<nnet::array<ap_fixed<16, 6, (ap_q_mode)5, (ap_o_mode)3, 0>, 4u>, 0>&)' (firmware/nnet_utils/nnet_activation_stream.h:54:31)
INFO: [HLS 214-131] Inlining function 'ap_fixed<16, 6, (ap_q_mode)5, (ap_o_mode)3, 0>::ap_fixed<39, 19, true, (ap_q_mode)5, (ap_o_mode)3, 0>(ap_fixed_base<39, 19, true, (ap_q_mode)5, (ap_o_mode)3, 0> const&)' into 'void nnet::relu<nnet::array<ap_fixed<39, 19, (ap_q_mode)5, (ap_o_mode)3, 0>, 4u>, nnet::array<ap_fixed<16, 6, (ap_q_mode)5, (ap_o_mode)3, 0>, 4u>, relu_config5>(hls::stream<nnet::array<ap_fixed<39, 19, (ap_q_mode)5, (ap_o_mode)3, 0>, 4u>, 0>&, hls::stream<nnet::array<ap_fixed<16, 6, (ap_q_mode)5, (ap_o_mode)3, 0>, 4u>, 0>&)' (firmware/nnet_utils/nnet_activation_stream.h:52:31)
INFO: [HLS 214-131] Inlining function 'ap_fixed<16, 6, (ap_q_mode)5, (ap_o_mode)3, 0>::ap_fixed(int)' into 'void nnet::fill_zero<nnet::array<ap_fixed<16, 6, (ap_q_mode)5, (ap_o_mode)3, 0>, 4u>, config9>(hls::stream<nnet::array<ap_fixed<16, 6, (ap_q_mode)5, (ap_o_mode)3, 0>, 4u>, 0>&)' (firmware/nnet_utils/nnet_padding_stream.h:13:16)
INFO: [HLS 214-131] Inlining function 'void nnet::fill_zero<nnet::array<ap_fixed<16, 6, (ap_q_mode)5, (ap_o_mode)3, 0>, 4u>, config9>(hls::stream<nnet::array<ap_fixed<16, 6, (ap_q_mode)5, (ap_o_mode)3, 0>, 4u>, 0>&)' into 'void nnet::zeropad2d_cl<nnet::array<ap_fixed<16, 6, (ap_q_mode)5, (ap_o_mode)3, 0>, 4u>, nnet::array<ap_fixed<16, 6, (ap_q_mode)5, (ap_o_mode)3, 0>, 4u>, config9>(hls::stream<nnet::array<ap_fixed<16, 6, (ap_q_mode)5, (ap_o_mode)3, 0>, 4u>, 0>&, hls::stream<nnet::array<ap_fixed<16, 6, (ap_q_mode)5, (ap_o_mode)3, 0>, 4u>, 0>&)' (firmware/nnet_utils/nnet_padding_stream.h:54:13)
INFO: [HLS 214-131] Inlining function 'void nnet::fill_zero<nnet::array<ap_fixed<16, 6, (ap_q_mode)5, (ap_o_mode)3, 0>, 4u>, config9>(hls::stream<nnet::array<ap_fixed<16, 6, (ap_q_mode)5, (ap_o_mode)3, 0>, 4u>, 0>&)' into 'void nnet::zeropad2d_cl<nnet::array<ap_fixed<16, 6, (ap_q_mode)5, (ap_o_mode)3, 0>, 4u>, nnet::array<ap_fixed<16, 6, (ap_q_mode)5, (ap_o_mode)3, 0>, 4u>, config9>(hls::stream<nnet::array<ap_fixed<16, 6, (ap_q_mode)5, (ap_o_mode)3, 0>, 4u>, 0>&, hls::stream<nnet::array<ap_fixed<16, 6, (ap_q_mode)5, (ap_o_mode)3, 0>, 4u>, 0>&)' (firmware/nnet_utils/nnet_padding_stream.h:62:13)
INFO: [HLS 214-131] Inlining function 'void nnet::fill_data<nnet::array<ap_fixed<16, 6, (ap_q_mode)5, (ap_o_mode)3, 0>, 4u>, nnet::array<ap_fixed<16, 6, (ap_q_mode)5, (ap_o_mode)3, 0>, 4u>, config9>(hls::stream<nnet::array<ap_fixed<16, 6, (ap_q_mode)5, (ap_o_mode)3, 0>, 4u>, 0>&, hls::stream<nnet::array<ap_fixed<16, 6, (ap_q_mode)5, (ap_o_mode)3, 0>, 4u>, 0>&)' into 'void nnet::zeropad2d_cl<nnet::array<ap_fixed<16, 6, (ap_q_mode)5, (ap_o_mode)3, 0>, 4u>, nnet::array<ap_fixed<16, 6, (ap_q_mode)5, (ap_o_mode)3, 0>, 4u>, config9>(hls::stream<nnet::array<ap_fixed<16, 6, (ap_q_mode)5, (ap_o_mode)3, 0>, 4u>, 0>&, hls::stream<nnet::array<ap_fixed<16, 6, (ap_q_mode)5, (ap_o_mode)3, 0>, 4u>, 0>&)' (firmware/nnet_utils/nnet_padding_stream.h:66:13)
INFO: [HLS 214-131] Inlining function 'void nnet::fill_zero<nnet::array<ap_fixed<16, 6, (ap_q_mode)5, (ap_o_mode)3, 0>, 4u>, config9>(hls::stream<nnet::array<ap_fixed<16, 6, (ap_q_mode)5, (ap_o_mode)3, 0>, 4u>, 0>&)' into 'void nnet::zeropad2d_cl<nnet::array<ap_fixed<16, 6, (ap_q_mode)5, (ap_o_mode)3, 0>, 4u>, nnet::array<ap_fixed<16, 6, (ap_q_mode)5, (ap_o_mode)3, 0>, 4u>, config9>(hls::stream<nnet::array<ap_fixed<16, 6, (ap_q_mode)5, (ap_o_mode)3, 0>, 4u>, 0>&, hls::stream<nnet::array<ap_fixed<16, 6, (ap_q_mode)5, (ap_o_mode)3, 0>, 4u>, 0>&)' (firmware/nnet_utils/nnet_padding_stream.h:70:13)
INFO: [HLS 214-131] Inlining function 'void nnet::fill_zero<nnet::array<ap_fixed<16, 6, (ap_q_mode)5, (ap_o_mode)3, 0>, 4u>, config9>(hls::stream<nnet::array<ap_fixed<16, 6, (ap_q_mode)5, (ap_o_mode)3, 0>, 4u>, 0>&)' into 'void nnet::zeropad2d_cl<nnet::array<ap_fixed<16, 6, (ap_q_mode)5, (ap_o_mode)3, 0>, 4u>, nnet::array<ap_fixed<16, 6, (ap_q_mode)5, (ap_o_mode)3, 0>, 4u>, config9>(hls::stream<nnet::array<ap_fixed<16, 6, (ap_q_mode)5, (ap_o_mode)3, 0>, 4u>, 0>&, hls::stream<nnet::array<ap_fixed<16, 6, (ap_q_mode)5, (ap_o_mode)3, 0>, 4u>, 0>&)' (firmware/nnet_utils/nnet_padding_stream.h:78:13)
INFO: [HLS 214-131] Inlining function 'ap_shift_reg<ap_fixed<16, 6, (ap_q_mode)5, (ap_o_mode)3, 0>, 164u>::shift(ap_fixed<16, 6, (ap_q_mode)5, (ap_o_mode)3, 0>, unsigned int, bool)' into 'void nnet::shift_line_buffer<nnet::array<ap_fixed<16, 6, (ap_q_mode)5, (ap_o_mode)3, 0>, 4u>, config6>(nnet::array<ap_fixed<16, 6, (ap_q_mode)5, (ap_o_mode)3, 0>, 4u> const&, ap_shift_reg<nnet::array<ap_fixed<16, 6, (ap_q_mode)5, (ap_o_mode)3, 0>, 4u>::value_type, config6::in_width> (*) [config6::n_chan], nnet::array<ap_fixed<16, 6, (ap_q_mode)5, (ap_o_mode)3, 0>, 4u>::value_type*)' (firmware/nnet_utils/nnet_conv_stream.h:241:69)
INFO: [HLS 214-131] Inlining function 'void nnet::kernel_shift_2d<nnet::array<ap_fixed<16, 6, (ap_q_mode)5, (ap_o_mode)3, 0>, 4u>, config6>(nnet::array<ap_fixed<16, 6, (ap_q_mode)5, (ap_o_mode)3, 0>, 4u>::value_type (*) [config6::n_chan], nnet::array<ap_fixed<16, 6, (ap_q_mode)5, (ap_o_mode)3, 0>, 4u>::value_type*)' into 'void nnet::shift_line_buffer<nnet::array<ap_fixed<16, 6, (ap_q_mode)5, (ap_o_mode)3, 0>, 4u>, config6>(nnet::array<ap_fixed<16, 6, (ap_q_mode)5, (ap_o_mode)3, 0>, 4u> const&, ap_shift_reg<nnet::array<ap_fixed<16, 6, (ap_q_mode)5, (ap_o_mode)3, 0>, 4u>::value_type, config6::in_width> (*) [config6::n_chan], nnet::array<ap_fixed<16, 6, (ap_q_mode)5, (ap_o_mode)3, 0>, 4u>::value_type*)' (firmware/nnet_utils/nnet_conv_stream.h:247:5)
INFO: [HLS 214-131] Inlining function 'ap_fixed<39, 19, (ap_q_mode)5, (ap_o_mode)3, 0>::ap_fixed<16, 6, true, (ap_q_mode)5, (ap_o_mode)3, 0>(ap_fixed_base<16, 6, true, (ap_q_mode)5, (ap_o_mode)3, 0> const&)' into 'std::enable_if<!(std::is_same<ap_fixed<16, 6, (ap_q_mode)5, (ap_o_mode)3, 0>, ap_uint<1> >::value), ap_fixed<39, 19, (ap_q_mode)5, (ap_o_mode)3, 0> >::type nnet::cast<ap_fixed<16, 6, (ap_q_mode)5, (ap_o_mode)3, 0>, ap_fixed<39, 19, (ap_q_mode)5, (ap_o_mode)3, 0>, config6_mult>(config6_mult::accum_t)' (firmware/nnet_utils/nnet_mult.h:111:12)
INFO: [HLS 214-131] Inlining function 'nnet::product::mult<ap_fixed<16, 6, (ap_q_mode)5, (ap_o_mode)3, 0>, ap_fixed<16, 6, (ap_q_mode)5, (ap_o_mode)3, 0> >::product(ap_fixed<16, 6, (ap_q_mode)5, (ap_o_mode)3, 0>, ap_fixed<16, 6, (ap_q_mode)5, (ap_o_mode)3, 0>)' into 'void nnet::dense_resource_rf_leq_nin<ap_fixed<16, 6, (ap_q_mode)5, (ap_o_mode)3, 0>, ap_fixed<39, 19, (ap_q_mode)5, (ap_o_mode)3, 0>, config6_mult>(ap_fixed<16, 6, (ap_q_mode)5, (ap_o_mode)3, 0>*, ap_fixed<39, 19, (ap_q_mode)5, (ap_o_mode)3, 0>*, config6_mult::weight_t*, config6_mult::bias_t*)' (firmware/nnet_utils/nnet_dense_resource.h:59:17)
INFO: [HLS 214-131] Inlining function 'ap_fixed<16, 6, (ap_q_mode)5, (ap_o_mode)3, 0>::ap_fixed<32, 12, true, (ap_q_mode)5, (ap_o_mode)3, 0>(ap_fixed_base<32, 12, true, (ap_q_mode)5, (ap_o_mode)3, 0> const&)' into 'void nnet::dense_resource_rf_leq_nin<ap_fixed<16, 6, (ap_q_mode)5, (ap_o_mode)3, 0>, ap_fixed<39, 19, (ap_q_mode)5, (ap_o_mode)3, 0>, config6_mult>(ap_fixed<16, 6, (ap_q_mode)5, (ap_o_mode)3, 0>*, ap_fixed<39, 19, (ap_q_mode)5, (ap_o_mode)3, 0>*, config6_mult::weight_t*, config6_mult::bias_t*)' (firmware/nnet_utils/nnet_dense_resource.h:58:20)
INFO: [HLS 214-131] Inlining function 'ap_fixed_base<16, 6, true, (ap_q_mode)5, (ap_o_mode)3, 0>& ap_fixed_base<16, 6, true, (ap_q_mode)5, (ap_o_mode)3, 0>::operator+=<16, 6, true, (ap_q_mode)5, (ap_o_mode)3, 0>(ap_fixed_base<16, 6, true, (ap_q_mode)5, (ap_o_mode)3, 0> const&)' into 'void nnet::dense_resource_rf_leq_nin<ap_fixed<16, 6, (ap_q_mode)5, (ap_o_mode)3, 0>, ap_fixed<39, 19, (ap_q_mode)5, (ap_o_mode)3, 0>, config6_mult>(ap_fixed<16, 6, (ap_q_mode)5, (ap_o_mode)3, 0>*, ap_fixed<39, 19, (ap_q_mode)5, (ap_o_mode)3, 0>*, config6_mult::weight_t*, config6_mult::bias_t*)' (firmware/nnet_utils/nnet_dense_resource.h:58:17)
INFO: [HLS 214-131] Inlining function 'nnet::DenseResource_rf_leq_nin<ap_fixed<16, 6, (ap_q_mode)5, (ap_o_mode)3, 0>, ap_fixed<39, 19, (ap_q_mode)5, (ap_o_mode)3, 0>, config6_mult>::dense(ap_fixed<16, 6, (ap_q_mode)5, (ap_o_mode)3, 0>*, ap_fixed<39, 19, (ap_q_mode)5, (ap_o_mode)3, 0>*, ap_fixed<16, 6, (ap_q_mode)5, (ap_o_mode)3, 0>*, ap_fixed<16, 6, (ap_q_mode)5, (ap_o_mode)3, 0>*)' into 'void nnet::compute_output_buffer_2d<nnet::array<ap_fixed<16, 6, (ap_q_mode)5, (ap_o_mode)3, 0>, 4u>, nnet::array<ap_fixed<39, 19, (ap_q_mode)5, (ap_o_mode)3, 0>, 1u>, config6>(nnet::array<ap_fixed<16, 6, (ap_q_mode)5, (ap_o_mode)3, 0>, 4u> const&, ap_shift_reg<nnet::array<ap_fixed<16, 6, (ap_q_mode)5, (ap_o_mode)3, 0>, 4u>::value_type, config6::in_width> (*) [config6::n_chan], hls::stream<nnet::array<ap_fixed<39, 19, (ap_q_mode)5, (ap_o_mode)3, 0>, 1u>, 0>&, config6::weight_t*, config6::bias_t*)' (firmware/nnet_utils/nnet_conv_stream.h:288:9)
INFO: [HLS 214-131] Inlining function 'ap_shift_reg<ap_fixed<16, 6, (ap_q_mode)5, (ap_o_mode)3, 0>, 164u>::ap_shift_reg()' into 'void nnet::conv_2d_buffer_cl<nnet::array<ap_fixed<16, 6, (ap_q_mode)5, (ap_o_mode)3, 0>, 4u>, nnet::array<ap_fixed<39, 19, (ap_q_mode)5, (ap_o_mode)3, 0>, 1u>, config6>(hls::stream<nnet::array<ap_fixed<16, 6, (ap_q_mode)5, (ap_o_mode)3, 0>, 4u>, 0>&, hls::stream<nnet::array<ap_fixed<39, 19, (ap_q_mode)5, (ap_o_mode)3, 0>, 1u>, 0>&, config6::weight_t*, config6::bias_t*)' (firmware/nnet_utils/nnet_conv2d_stream.h:75:74)
INFO: [HLS 214-291] Loop 'MultLoop' is marked as complete unroll implied by the pipeline pragma (firmware/nnet_utils/nnet_dense_resource.h:55:9)
INFO: [HLS 214-291] Loop 'KernelPushHeight' is marked as complete unroll implied by the pipeline pragma (firmware/nnet_utils/nnet_conv_stream.h:205:5)
INFO: [HLS 214-291] Loop 'KernelPushChannel' is marked as complete unroll implied by the pipeline pragma (firmware/nnet_utils/nnet_conv_stream.h:208:9)
INFO: [HLS 214-291] Loop 'KernelShiftWidth' is marked as complete unroll implied by the pipeline pragma (firmware/nnet_utils/nnet_conv_stream.h:189:5)
INFO: [HLS 214-291] Loop 'KernelShiftHeight' is marked as complete unroll implied by the pipeline pragma (firmware/nnet_utils/nnet_conv_stream.h:192:9)
INFO: [HLS 214-291] Loop 'KernelShiftChannel' is marked as complete unroll implied by the pipeline pragma (firmware/nnet_utils/nnet_conv_stream.h:194:13)
INFO: [HLS 214-291] Loop 'LineBufferDataIn' is marked as complete unroll implied by the pipeline pragma (firmware/nnet_utils/nnet_conv_stream.h:236:5)
INFO: [HLS 214-291] Loop 'LineBufferShift' is marked as complete unroll implied by the pipeline pragma (firmware/nnet_utils/nnet_conv_stream.h:239:9)
INFO: [HLS 214-291] Loop 'UpdateBuffer' is marked as complete unroll implied by the pipeline pragma (firmware/nnet_utils/nnet_conv_stream.h:228:5)
INFO: [HLS 214-291] Loop 'anonymous' is marked as complete unroll implied by the pipeline pragma (firmware/nnet_utils/nnet_conv_stream.h:224:30)
INFO: [HLS 214-291] Loop 'ReLUPackLoop' is marked as complete unroll implied by the pipeline pragma (firmware/nnet_utils/nnet_activation_stream.h:49:9)
INFO: [HLS 214-291] Loop 'MultLoop' is marked as complete unroll implied by the pipeline pragma (firmware/nnet_utils/nnet_dense_resource.h:142:9)
INFO: [HLS 214-186] Unrolling loop 'CastLoop' (firmware/nnet_utils/nnet_conv_stream.h:293:9) in function 'nnet::compute_output_buffer_2d<nnet::array<ap_fixed<16, 6, (ap_q_mode)5, (ap_o_mode)3, 0>, 4u>, nnet::array<ap_fixed<39, 19, (ap_q_mode)5, (ap_o_mode)3, 0>, 1u>, config6>' completely with a factor of 1 (firmware/nnet_utils/nnet_conv_stream.h:257:0)
INFO: [HLS 214-186] Unrolling loop 'Result' (firmware/nnet_utils/nnet_dense_resource.h:80:5) in function 'nnet::dense_resource_rf_leq_nin<ap_fixed<16, 6, (ap_q_mode)5, (ap_o_mode)3, 0>, ap_fixed<39, 19, (ap_q_mode)5, (ap_o_mode)3, 0>, config6_mult>' completely with a factor of 1 (firmware/nnet_utils/nnet_dense_resource.h:15:0)
INFO: [HLS 214-186] Unrolling loop 'MultLoop' (firmware/nnet_utils/nnet_dense_resource.h:55:9) in function 'nnet::dense_resource_rf_leq_nin<ap_fixed<16, 6, (ap_q_mode)5, (ap_o_mode)3, 0>, ap_fixed<39, 19, (ap_q_mode)5, (ap_o_mode)3, 0>, config6_mult>' completely with a factor of 1 (firmware/nnet_utils/nnet_dense_resource.h:15:0)
INFO: [HLS 214-186] Unrolling loop 'InitAccum' (firmware/nnet_utils/nnet_dense_resource.h:40:5) in function 'nnet::dense_resource_rf_leq_nin<ap_fixed<16, 6, (ap_q_mode)5, (ap_o_mode)3, 0>, ap_fixed<39, 19, (ap_q_mode)5, (ap_o_mode)3, 0>, config6_mult>' completely with a factor of 1 (firmware/nnet_utils/nnet_dense_resource.h:15:0)
INFO: [HLS 214-186] Unrolling loop 'KernelPushHeight' (firmware/nnet_utils/nnet_conv_stream.h:205:5) in function 'nnet::shift_line_buffer<nnet::array<ap_fixed<16, 6, (ap_q_mode)5, (ap_o_mode)3, 0>, 4u>, config6>' completely with a factor of 3 (firmware/nnet_utils/nnet_conv_stream.h:219:0)
INFO: [HLS 214-186] Unrolling loop 'KernelPushChannel' (firmware/nnet_utils/nnet_conv_stream.h:208:9) in function 'nnet::shift_line_buffer<nnet::array<ap_fixed<16, 6, (ap_q_mode)5, (ap_o_mode)3, 0>, 4u>, config6>' completely with a factor of 4 (firmware/nnet_utils/nnet_conv_stream.h:219:0)
INFO: [HLS 214-186] Unrolling loop 'KernelShiftWidth' (firmware/nnet_utils/nnet_conv_stream.h:189:5) in function 'nnet::shift_line_buffer<nnet::array<ap_fixed<16, 6, (ap_q_mode)5, (ap_o_mode)3, 0>, 4u>, config6>' completely with a factor of 2 (firmware/nnet_utils/nnet_conv_stream.h:219:0)
WARNING: [HLS 214-189] Pipeline directive for loop 'KernelShiftWidth' (firmware/nnet_utils/nnet_conv_stream.h:189:5) in function 'nnet::shift_line_buffer<nnet::array<ap_fixed<16, 6, (ap_q_mode)5, (ap_o_mode)3, 0>, 4u>, config6>' has been removed because the loop is unrolled completely (firmware/nnet_utils/nnet_conv_stream.h:219:0)
INFO: [HLS 214-186] Unrolling loop 'KernelShiftHeight' (firmware/nnet_utils/nnet_conv_stream.h:192:9) in function 'nnet::shift_line_buffer<nnet::array<ap_fixed<16, 6, (ap_q_mode)5, (ap_o_mode)3, 0>, 4u>, config6>' completely with a factor of 3 (firmware/nnet_utils/nnet_conv_stream.h:219:0)
INFO: [HLS 214-186] Unrolling loop 'KernelShiftChannel' (firmware/nnet_utils/nnet_conv_stream.h:194:13) in function 'nnet::shift_line_buffer<nnet::array<ap_fixed<16, 6, (ap_q_mode)5, (ap_o_mode)3, 0>, 4u>, config6>' completely with a factor of 4 (firmware/nnet_utils/nnet_conv_stream.h:219:0)
INFO: [HLS 214-186] Unrolling loop 'LineBufferDataIn' (firmware/nnet_utils/nnet_conv_stream.h:236:5) in function 'nnet::shift_line_buffer<nnet::array<ap_fixed<16, 6, (ap_q_mode)5, (ap_o_mode)3, 0>, 4u>, config6>' completely with a factor of 4 (firmware/nnet_utils/nnet_conv_stream.h:219:0)
INFO: [HLS 214-186] Unrolling loop 'LineBufferShift' (firmware/nnet_utils/nnet_conv_stream.h:239:9) in function 'nnet::shift_line_buffer<nnet::array<ap_fixed<16, 6, (ap_q_mode)5, (ap_o_mode)3, 0>, 4u>, config6>' completely with a factor of 2 (firmware/nnet_utils/nnet_conv_stream.h:219:0)
INFO: [HLS 214-186] Unrolling loop 'UpdateBuffer' (firmware/nnet_utils/nnet_conv_stream.h:228:5) in function 'nnet::shift_line_buffer<nnet::array<ap_fixed<16, 6, (ap_q_mode)5, (ap_o_mode)3, 0>, 4u>, config6>' completely with a factor of 4 (firmware/nnet_utils/nnet_conv_stream.h:219:0)
INFO: [HLS 214-186] Unrolling loop 'anonymous' (firmware/nnet_utils/nnet_conv_stream.h:224:30) in function 'nnet::shift_line_buffer<nnet::array<ap_fixed<16, 6, (ap_q_mode)5, (ap_o_mode)3, 0>, 4u>, config6>' completely with a factor of 3 (firmware/nnet_utils/nnet_conv_stream.h:219:0)
INFO: [HLS 214-186] Unrolling loop 'anonymous' (firmware/nnet_utils/nnet_conv_stream.h:224:30) in function 'nnet::shift_line_buffer<nnet::array<ap_fixed<16, 6, (ap_q_mode)5, (ap_o_mode)3, 0>, 4u>, config6>' completely with a factor of 4 (firmware/nnet_utils/nnet_conv_stream.h:219:0)
INFO: [HLS 214-186] Unrolling loop 'VITIS_LOOP_11_1' (firmware/nnet_utils/nnet_padding_stream.h:11:22) in function 'nnet::zeropad2d_cl<nnet::array<ap_fixed<16, 6, (ap_q_mode)5, (ap_o_mode)3, 0>, 4u>, nnet::array<ap_fixed<16, 6, (ap_q_mode)5, (ap_o_mode)3, 0>, 4u>, config9>' completely with a factor of 4 (firmware/nnet_utils/nnet_padding_stream.h:48:0)
INFO: [HLS 214-186] Unrolling loop 'VITIS_LOOP_22_1' (firmware/nnet_utils/nnet_padding_stream.h:22:22) in function 'nnet::zeropad2d_cl<nnet::array<ap_fixed<16, 6, (ap_q_mode)5, (ap_o_mode)3, 0>, 4u>, nnet::array<ap_fixed<16, 6, (ap_q_mode)5, (ap_o_mode)3, 0>, 4u>, config9>' completely with a factor of 4 (firmware/nnet_utils/nnet_padding_stream.h:48:0)
INFO: [HLS 214-186] Unrolling loop 'ReLUPackLoop' (firmware/nnet_utils/nnet_activation_stream.h:49:9) in function 'nnet::relu<nnet::array<ap_fixed<39, 19, (ap_q_mode)5, (ap_o_mode)3, 0>, 4u>, nnet::array<ap_fixed<16, 6, (ap_q_mode)5, (ap_o_mode)3, 0>, 4u>, relu_config5>' completely with a factor of 4 (firmware/nnet_utils/nnet_activation_stream.h:39:0)
INFO: [HLS 214-186] Unrolling loop 'CastLoop' (firmware/nnet_utils/nnet_conv_stream.h:293:9) in function 'nnet::compute_output_buffer_2d<nnet::array<ap_fixed<16, 6, (ap_q_mode)5, (ap_o_mode)3, 0>, 4u>, nnet::array<ap_fixed<39, 19, (ap_q_mode)5, (ap_o_mode)3, 0>, 4u>, config4>' completely with a factor of 4 (firmware/nnet_utils/nnet_conv_stream.h:257:0)
INFO: [HLS 214-186] Unrolling loop 'Result' (firmware/nnet_utils/nnet_dense_resource.h:162:5) in function 'nnet::dense_resource_rf_gt_nin_rem0<ap_fixed<16, 6, (ap_q_mode)5, (ap_o_mode)3, 0>, ap_fixed<39, 19, (ap_q_mode)5, (ap_o_mode)3, 0>, config4_mult>' completely with a factor of 4 (firmware/nnet_utils/nnet_dense_resource.h:89:0)
INFO: [HLS 214-186] Unrolling loop 'MultLoop' (firmware/nnet_utils/nnet_dense_resource.h:142:9) in function 'nnet::dense_resource_rf_gt_nin_rem0<ap_fixed<16, 6, (ap_q_mode)5, (ap_o_mode)3, 0>, ap_fixed<39, 19, (ap_q_mode)5, (ap_o_mode)3, 0>, config4_mult>' completely with a factor of 1 (firmware/nnet_utils/nnet_dense_resource.h:89:0)
INFO: [HLS 214-186] Unrolling loop 'InitAccum' (firmware/nnet_utils/nnet_dense_resource.h:114:5) in function 'nnet::dense_resource_rf_gt_nin_rem0<ap_fixed<16, 6, (ap_q_mode)5, (ap_o_mode)3, 0>, ap_fixed<39, 19, (ap_q_mode)5, (ap_o_mode)3, 0>, config4_mult>' completely with a factor of 4 (firmware/nnet_utils/nnet_dense_resource.h:89:0)
INFO: [HLS 214-186] Unrolling loop 'KernelPushHeight' (firmware/nnet_utils/nnet_conv_stream.h:205:5) in function 'nnet::shift_line_buffer<nnet::array<ap_fixed<16, 6, (ap_q_mode)5, (ap_o_mode)3, 0>, 4u>, config4>' completely with a factor of 3 (firmware/nnet_utils/nnet_conv_stream.h:219:0)
INFO: [HLS 214-186] Unrolling loop 'KernelPushChannel' (firmware/nnet_utils/nnet_conv_stream.h:208:9) in function 'nnet::shift_line_buffer<nnet::array<ap_fixed<16, 6, (ap_q_mode)5, (ap_o_mode)3, 0>, 4u>, config4>' completely with a factor of 4 (firmware/nnet_utils/nnet_conv_stream.h:219:0)
INFO: [HLS 214-186] Unrolling loop 'KernelShiftWidth' (firmware/nnet_utils/nnet_conv_stream.h:189:5) in function 'nnet::shift_line_buffer<nnet::array<ap_fixed<16, 6, (ap_q_mode)5, (ap_o_mode)3, 0>, 4u>, config4>' completely with a factor of 2 (firmware/nnet_utils/nnet_conv_stream.h:219:0)
WARNING: [HLS 214-189] Pipeline directive for loop 'KernelShiftWidth' (firmware/nnet_utils/nnet_conv_stream.h:189:5) in function 'nnet::shift_line_buffer<nnet::array<ap_fixed<16, 6, (ap_q_mode)5, (ap_o_mode)3, 0>, 4u>, config4>' has been removed because the loop is unrolled completely (firmware/nnet_utils/nnet_conv_stream.h:219:0)
INFO: [HLS 214-186] Unrolling loop 'KernelShiftHeight' (firmware/nnet_utils/nnet_conv_stream.h:192:9) in function 'nnet::shift_line_buffer<nnet::array<ap_fixed<16, 6, (ap_q_mode)5, (ap_o_mode)3, 0>, 4u>, config4>' completely with a factor of 3 (firmware/nnet_utils/nnet_conv_stream.h:219:0)
INFO: [HLS 214-186] Unrolling loop 'KernelShiftChannel' (firmware/nnet_utils/nnet_conv_stream.h:194:13) in function 'nnet::shift_line_buffer<nnet::array<ap_fixed<16, 6, (ap_q_mode)5, (ap_o_mode)3, 0>, 4u>, config4>' completely with a factor of 4 (firmware/nnet_utils/nnet_conv_stream.h:219:0)
INFO: [HLS 214-186] Unrolling loop 'LineBufferDataIn' (firmware/nnet_utils/nnet_conv_stream.h:236:5) in function 'nnet::shift_line_buffer<nnet::array<ap_fixed<16, 6, (ap_q_mode)5, (ap_o_mode)3, 0>, 4u>, config4>' completely with a factor of 4 (firmware/nnet_utils/nnet_conv_stream.h:219:0)
INFO: [HLS 214-186] Unrolling loop 'LineBufferShift' (firmware/nnet_utils/nnet_conv_stream.h:239:9) in function 'nnet::shift_line_buffer<nnet::array<ap_fixed<16, 6, (ap_q_mode)5, (ap_o_mode)3, 0>, 4u>, config4>' completely with a factor of 2 (firmware/nnet_utils/nnet_conv_stream.h:219:0)
INFO: [HLS 214-186] Unrolling loop 'UpdateBuffer' (firmware/nnet_utils/nnet_conv_stream.h:228:5) in function 'nnet::shift_line_buffer<nnet::array<ap_fixed<16, 6, (ap_q_mode)5, (ap_o_mode)3, 0>, 4u>, config4>' completely with a factor of 4 (firmware/nnet_utils/nnet_conv_stream.h:219:0)
INFO: [HLS 214-186] Unrolling loop 'anonymous' (firmware/nnet_utils/nnet_conv_stream.h:224:30) in function 'nnet::shift_line_buffer<nnet::array<ap_fixed<16, 6, (ap_q_mode)5, (ap_o_mode)3, 0>, 4u>, config4>' completely with a factor of 3 (firmware/nnet_utils/nnet_conv_stream.h:219:0)
INFO: [HLS 214-186] Unrolling loop 'anonymous' (firmware/nnet_utils/nnet_conv_stream.h:224:30) in function 'nnet::shift_line_buffer<nnet::array<ap_fixed<16, 6, (ap_q_mode)5, (ap_o_mode)3, 0>, 4u>, config4>' completely with a factor of 4 (firmware/nnet_utils/nnet_conv_stream.h:219:0)
INFO: [HLS 214-186] Unrolling loop 'VITIS_LOOP_11_1' (firmware/nnet_utils/nnet_padding_stream.h:11:22) in function 'nnet::zeropad2d_cl<nnet::array<ap_fixed<16, 6, (ap_q_mode)5, (ap_o_mode)3, 0>, 4u>, nnet::array<ap_fixed<16, 6, (ap_q_mode)5, (ap_o_mode)3, 0>, 4u>, config8>' completely with a factor of 4 (firmware/nnet_utils/nnet_padding_stream.h:48:0)
INFO: [HLS 214-186] Unrolling loop 'VITIS_LOOP_22_1' (firmware/nnet_utils/nnet_padding_stream.h:22:22) in function 'nnet::zeropad2d_cl<nnet::array<ap_fixed<16, 6, (ap_q_mode)5, (ap_o_mode)3, 0>, 4u>, nnet::array<ap_fixed<16, 6, (ap_q_mode)5, (ap_o_mode)3, 0>, 4u>, config8>' completely with a factor of 4 (firmware/nnet_utils/nnet_padding_stream.h:48:0)
INFO: [HLS 214-186] Unrolling loop 'ReLUPackLoop' (firmware/nnet_utils/nnet_activation_stream.h:49:9) in function 'nnet::relu<nnet::array<ap_fixed<37, 17, (ap_q_mode)5, (ap_o_mode)3, 0>, 4u>, nnet::array<ap_fixed<16, 6, (ap_q_mode)5, (ap_o_mode)3, 0>, 4u>, relu_config3>' completely with a factor of 4 (firmware/nnet_utils/nnet_activation_stream.h:39:0)
INFO: [HLS 214-186] Unrolling loop 'CastLoop' (firmware/nnet_utils/nnet_conv_stream.h:293:9) in function 'nnet::compute_output_buffer_2d<nnet::array<ap_fixed<16, 6, (ap_q_mode)5, (ap_o_mode)3, 0>, 1u>, nnet::array<ap_fixed<37, 17, (ap_q_mode)5, (ap_o_mode)3, 0>, 4u>, config2>' completely with a factor of 4 (firmware/nnet_utils/nnet_conv_stream.h:257:0)
INFO: [HLS 214-186] Unrolling loop 'Result' (firmware/nnet_utils/nnet_dense_resource.h:162:5) in function 'nnet::dense_resource_rf_gt_nin_rem0<ap_fixed<16, 6, (ap_q_mode)5, (ap_o_mode)3, 0>, ap_fixed<37, 17, (ap_q_mode)5, (ap_o_mode)3, 0>, config2_mult>' completely with a factor of 4 (firmware/nnet_utils/nnet_dense_resource.h:89:0)
INFO: [HLS 214-186] Unrolling loop 'MultLoop' (firmware/nnet_utils/nnet_dense_resource.h:142:9) in function 'nnet::dense_resource_rf_gt_nin_rem0<ap_fixed<16, 6, (ap_q_mode)5, (ap_o_mode)3, 0>, ap_fixed<37, 17, (ap_q_mode)5, (ap_o_mode)3, 0>, config2_mult>' completely with a factor of 1 (firmware/nnet_utils/nnet_dense_resource.h:89:0)
INFO: [HLS 214-186] Unrolling loop 'InitAccum' (firmware/nnet_utils/nnet_dense_resource.h:114:5) in function 'nnet::dense_resource_rf_gt_nin_rem0<ap_fixed<16, 6, (ap_q_mode)5, (ap_o_mode)3, 0>, ap_fixed<37, 17, (ap_q_mode)5, (ap_o_mode)3, 0>, config2_mult>' completely with a factor of 4 (firmware/nnet_utils/nnet_dense_resource.h:89:0)
INFO: [HLS 214-186] Unrolling loop 'KernelPushHeight' (firmware/nnet_utils/nnet_conv_stream.h:205:5) in function 'nnet::shift_line_buffer<nnet::array<ap_fixed<16, 6, (ap_q_mode)5, (ap_o_mode)3, 0>, 1u>, config2>' completely with a factor of 3 (firmware/nnet_utils/nnet_conv_stream.h:219:0)
INFO: [HLS 214-186] Unrolling loop 'KernelPushChannel' (firmware/nnet_utils/nnet_conv_stream.h:208:9) in function 'nnet::shift_line_buffer<nnet::array<ap_fixed<16, 6, (ap_q_mode)5, (ap_o_mode)3, 0>, 1u>, config2>' completely with a factor of 1 (firmware/nnet_utils/nnet_conv_stream.h:219:0)
INFO: [HLS 214-186] Unrolling loop 'KernelShiftWidth' (firmware/nnet_utils/nnet_conv_stream.h:189:5) in function 'nnet::shift_line_buffer<nnet::array<ap_fixed<16, 6, (ap_q_mode)5, (ap_o_mode)3, 0>, 1u>, config2>' completely with a factor of 2 (firmware/nnet_utils/nnet_conv_stream.h:219:0)
WARNING: [HLS 214-189] Pipeline directive for loop 'KernelShiftWidth' (firmware/nnet_utils/nnet_conv_stream.h:189:5) in function 'nnet::shift_line_buffer<nnet::array<ap_fixed<16, 6, (ap_q_mode)5, (ap_o_mode)3, 0>, 1u>, config2>' has been removed because the loop is unrolled completely (firmware/nnet_utils/nnet_conv_stream.h:219:0)
INFO: [HLS 214-186] Unrolling loop 'KernelShiftHeight' (firmware/nnet_utils/nnet_conv_stream.h:192:9) in function 'nnet::shift_line_buffer<nnet::array<ap_fixed<16, 6, (ap_q_mode)5, (ap_o_mode)3, 0>, 1u>, config2>' completely with a factor of 3 (firmware/nnet_utils/nnet_conv_stream.h:219:0)
INFO: [HLS 214-186] Unrolling loop 'KernelShiftChannel' (firmware/nnet_utils/nnet_conv_stream.h:194:13) in function 'nnet::shift_line_buffer<nnet::array<ap_fixed<16, 6, (ap_q_mode)5, (ap_o_mode)3, 0>, 1u>, config2>' completely with a factor of 1 (firmware/nnet_utils/nnet_conv_stream.h:219:0)
INFO: [HLS 214-186] Unrolling loop 'LineBufferDataIn' (firmware/nnet_utils/nnet_conv_stream.h:236:5) in function 'nnet::shift_line_buffer<nnet::array<ap_fixed<16, 6, (ap_q_mode)5, (ap_o_mode)3, 0>, 1u>, config2>' completely with a factor of 1 (firmware/nnet_utils/nnet_conv_stream.h:219:0)
INFO: [HLS 214-186] Unrolling loop 'LineBufferShift' (firmware/nnet_utils/nnet_conv_stream.h:239:9) in function 'nnet::shift_line_buffer<nnet::array<ap_fixed<16, 6, (ap_q_mode)5, (ap_o_mode)3, 0>, 1u>, config2>' completely with a factor of 2 (firmware/nnet_utils/nnet_conv_stream.h:219:0)
INFO: [HLS 214-186] Unrolling loop 'UpdateBuffer' (firmware/nnet_utils/nnet_conv_stream.h:228:5) in function 'nnet::shift_line_buffer<nnet::array<ap_fixed<16, 6, (ap_q_mode)5, (ap_o_mode)3, 0>, 1u>, config2>' completely with a factor of 1 (firmware/nnet_utils/nnet_conv_stream.h:219:0)
INFO: [HLS 214-186] Unrolling loop 'anonymous' (firmware/nnet_utils/nnet_conv_stream.h:224:30) in function 'nnet::shift_line_buffer<nnet::array<ap_fixed<16, 6, (ap_q_mode)5, (ap_o_mode)3, 0>, 1u>, config2>' completely with a factor of 3 (firmware/nnet_utils/nnet_conv_stream.h:219:0)
INFO: [HLS 214-186] Unrolling loop 'anonymous' (firmware/nnet_utils/nnet_conv_stream.h:224:30) in function 'nnet::shift_line_buffer<nnet::array<ap_fixed<16, 6, (ap_q_mode)5, (ap_o_mode)3, 0>, 1u>, config2>' completely with a factor of 1 (firmware/nnet_utils/nnet_conv_stream.h:219:0)
INFO: [HLS 214-186] Unrolling loop 'VITIS_LOOP_11_1' (firmware/nnet_utils/nnet_padding_stream.h:11:22) in function 'nnet::zeropad2d_cl<nnet::array<ap_fixed<16, 6, (ap_q_mode)5, (ap_o_mode)3, 0>, 1u>, nnet::array<ap_fixed<16, 6, (ap_q_mode)5, (ap_o_mode)3, 0>, 1u>, config7>' completely with a factor of 1 (firmware/nnet_utils/nnet_padding_stream.h:48:0)
INFO: [HLS 214-186] Unrolling loop 'VITIS_LOOP_22_1' (firmware/nnet_utils/nnet_padding_stream.h:22:22) in function 'nnet::zeropad2d_cl<nnet::array<ap_fixed<16, 6, (ap_q_mode)5, (ap_o_mode)3, 0>, 1u>, nnet::array<ap_fixed<16, 6, (ap_q_mode)5, (ap_o_mode)3, 0>, 1u>, config7>' completely with a factor of 1 (firmware/nnet_utils/nnet_padding_stream.h:48:0)
INFO: [HLS 214-178] Inlining function 'nnet::array<ap_fixed<16, 6, (ap_q_mode)5, (ap_o_mode)3, 0>, 1u>::operator[](unsigned long)' into 'void nnet::zeropad2d_cl<nnet::array<ap_fixed<16, 6, (ap_q_mode)5, (ap_o_mode)3, 0>, 1u>, nnet::array<ap_fixed<16, 6, (ap_q_mode)5, (ap_o_mode)3, 0>, 1u>, config7>(hls::stream<nnet::array<ap_fixed<16, 6, (ap_q_mode)5, (ap_o_mode)3, 0>, 1u>, 0>&, hls::stream<nnet::array<ap_fixed<16, 6, (ap_q_mode)5, (ap_o_mode)3, 0>, 1u>, 0>&)' (firmware/nnet_utils/nnet_padding_stream.h:48:0)
INFO: [HLS 214-178] Inlining function 'nnet::array<ap_fixed<16, 6, (ap_q_mode)5, (ap_o_mode)3, 0>, 1u>::operator[](unsigned long) const' into 'void nnet::shift_line_buffer<nnet::array<ap_fixed<16, 6, (ap_q_mode)5, (ap_o_mode)3, 0>, 1u>, config2>(nnet::array<ap_fixed<16, 6, (ap_q_mode)5, (ap_o_mode)3, 0>, 1u> const&, ap_shift_reg<nnet::array<ap_fixed<16, 6, (ap_q_mode)5, (ap_o_mode)3, 0>, 1u>::value_type, config2::in_width> (*) [config2::n_chan], nnet::array<ap_fixed<16, 6, (ap_q_mode)5, (ap_o_mode)3, 0>, 1u>::value_type*)' (firmware/nnet_utils/nnet_conv_stream.h:219:0)
INFO: [HLS 214-178] Inlining function 'std::enable_if<!(std::is_same<ap_fixed<16, 6, (ap_q_mode)5, (ap_o_mode)3, 0>, ap_uint<1> >::value), ap_fixed<37, 17, (ap_q_mode)5, (ap_o_mode)3, 0> >::type nnet::cast<ap_fixed<16, 6, (ap_q_mode)5, (ap_o_mode)3, 0>, ap_fixed<37, 17, (ap_q_mode)5, (ap_o_mode)3, 0>, config2_mult>(config2_mult::accum_t)' into 'void nnet::dense_resource_rf_gt_nin_rem0<ap_fixed<16, 6, (ap_q_mode)5, (ap_o_mode)3, 0>, ap_fixed<37, 17, (ap_q_mode)5, (ap_o_mode)3, 0>, config2_mult>(ap_fixed<16, 6, (ap_q_mode)5, (ap_o_mode)3, 0>*, ap_fixed<37, 17, (ap_q_mode)5, (ap_o_mode)3, 0>*, config2_mult::weight_t*, config2_mult::bias_t*)' (firmware/nnet_utils/nnet_dense_resource.h:89:0)
INFO: [HLS 214-178] Inlining function 'nnet::array<ap_fixed<37, 17, (ap_q_mode)5, (ap_o_mode)3, 0>, 4u>::operator[](unsigned long)' into 'void nnet::compute_output_buffer_2d<nnet::array<ap_fixed<16, 6, (ap_q_mode)5, (ap_o_mode)3, 0>, 1u>, nnet::array<ap_fixed<37, 17, (ap_q_mode)5, (ap_o_mode)3, 0>, 4u>, config2>(nnet::array<ap_fixed<16, 6, (ap_q_mode)5, (ap_o_mode)3, 0>, 1u> const&, ap_shift_reg<nnet::array<ap_fixed<16, 6, (ap_q_mode)5, (ap_o_mode)3, 0>, 1u>::value_type, config2::in_width> (*) [config2::n_chan], hls::stream<nnet::array<ap_fixed<37, 17, (ap_q_mode)5, (ap_o_mode)3, 0>, 4u>, 0>&, config2::weight_t*, config2::bias_t*)' (firmware/nnet_utils/nnet_conv_stream.h:257:0)
INFO: [HLS 214-178] Inlining function 'void nnet::conv_2d_buffer_cl<nnet::array<ap_fixed<16, 6, (ap_q_mode)5, (ap_o_mode)3, 0>, 1u>, nnet::array<ap_fixed<37, 17, (ap_q_mode)5, (ap_o_mode)3, 0>, 4u>, config2>(hls::stream<nnet::array<ap_fixed<16, 6, (ap_q_mode)5, (ap_o_mode)3, 0>, 1u>, 0>&, hls::stream<nnet::array<ap_fixed<37, 17, (ap_q_mode)5, (ap_o_mode)3, 0>, 4u>, 0>&, config2::weight_t*, config2::bias_t*)' into 'void nnet::conv_2d_cl<nnet::array<ap_fixed<16, 6, (ap_q_mode)5, (ap_o_mode)3, 0>, 1u>, nnet::array<ap_fixed<37, 17, (ap_q_mode)5, (ap_o_mode)3, 0>, 4u>, config2>(hls::stream<nnet::array<ap_fixed<16, 6, (ap_q_mode)5, (ap_o_mode)3, 0>, 1u>, 0>&, hls::stream<nnet::array<ap_fixed<37, 17, (ap_q_mode)5, (ap_o_mode)3, 0>, 4u>, 0>&, config2::weight_t*, config2::bias_t*)' (firmware/nnet_utils/nnet_conv2d_stream.h:105:0)
INFO: [HLS 214-178] Inlining function 'nnet::array<ap_fixed<37, 17, (ap_q_mode)5, (ap_o_mode)3, 0>, 4u>::operator[](unsigned long)' into 'void nnet::relu<nnet::array<ap_fixed<37, 17, (ap_q_mode)5, (ap_o_mode)3, 0>, 4u>, nnet::array<ap_fixed<16, 6, (ap_q_mode)5, (ap_o_mode)3, 0>, 4u>, relu_config3>(hls::stream<nnet::array<ap_fixed<37, 17, (ap_q_mode)5, (ap_o_mode)3, 0>, 4u>, 0>&, hls::stream<nnet::array<ap_fixed<16, 6, (ap_q_mode)5, (ap_o_mode)3, 0>, 4u>, 0>&)' (firmware/nnet_utils/nnet_activation_stream.h:39:0)
INFO: [HLS 214-178] Inlining function 'nnet::array<ap_fixed<16, 6, (ap_q_mode)5, (ap_o_mode)3, 0>, 4u>::operator[](unsigned long)' into 'void nnet::relu<nnet::array<ap_fixed<37, 17, (ap_q_mode)5, (ap_o_mode)3, 0>, 4u>, nnet::array<ap_fixed<16, 6, (ap_q_mode)5, (ap_o_mode)3, 0>, 4u>, relu_config3>(hls::stream<nnet::array<ap_fixed<37, 17, (ap_q_mode)5, (ap_o_mode)3, 0>, 4u>, 0>&, hls::stream<nnet::array<ap_fixed<16, 6, (ap_q_mode)5, (ap_o_mode)3, 0>, 4u>, 0>&)' (firmware/nnet_utils/nnet_activation_stream.h:39:0)
INFO: [HLS 214-178] Inlining function 'nnet::array<ap_fixed<16, 6, (ap_q_mode)5, (ap_o_mode)3, 0>, 4u>::operator[](unsigned long)' into 'void nnet::zeropad2d_cl<nnet::array<ap_fixed<16, 6, (ap_q_mode)5, (ap_o_mode)3, 0>, 4u>, nnet::array<ap_fixed<16, 6, (ap_q_mode)5, (ap_o_mode)3, 0>, 4u>, config8>(hls::stream<nnet::array<ap_fixed<16, 6, (ap_q_mode)5, (ap_o_mode)3, 0>, 4u>, 0>&, hls::stream<nnet::array<ap_fixed<16, 6, (ap_q_mode)5, (ap_o_mode)3, 0>, 4u>, 0>&)' (firmware/nnet_utils/nnet_padding_stream.h:48:0)
INFO: [HLS 214-178] Inlining function 'nnet::array<ap_fixed<16, 6, (ap_q_mode)5, (ap_o_mode)3, 0>, 4u>::operator[](unsigned long) const' into 'void nnet::shift_line_buffer<nnet::array<ap_fixed<16, 6, (ap_q_mode)5, (ap_o_mode)3, 0>, 4u>, config4>(nnet::array<ap_fixed<16, 6, (ap_q_mode)5, (ap_o_mode)3, 0>, 4u> const&, ap_shift_reg<nnet::array<ap_fixed<16, 6, (ap_q_mode)5, (ap_o_mode)3, 0>, 4u>::value_type, config4::in_width> (*) [config4::n_chan], nnet::array<ap_fixed<16, 6, (ap_q_mode)5, (ap_o_mode)3, 0>, 4u>::value_type*)' (firmware/nnet_utils/nnet_conv_stream.h:219:0)
INFO: [HLS 214-178] Inlining function 'std::enable_if<!(std::is_same<ap_fixed<16, 6, (ap_q_mode)5, (ap_o_mode)3, 0>, ap_uint<1> >::value), ap_fixed<39, 19, (ap_q_mode)5, (ap_o_mode)3, 0> >::type nnet::cast<ap_fixed<16, 6, (ap_q_mode)5, (ap_o_mode)3, 0>, ap_fixed<39, 19, (ap_q_mode)5, (ap_o_mode)3, 0>, config4_mult>(config4_mult::accum_t)' into 'void nnet::dense_resource_rf_gt_nin_rem0<ap_fixed<16, 6, (ap_q_mode)5, (ap_o_mode)3, 0>, ap_fixed<39, 19, (ap_q_mode)5, (ap_o_mode)3, 0>, config4_mult>(ap_fixed<16, 6, (ap_q_mode)5, (ap_o_mode)3, 0>*, ap_fixed<39, 19, (ap_q_mode)5, (ap_o_mode)3, 0>*, config4_mult::weight_t*, config4_mult::bias_t*)' (firmware/nnet_utils/nnet_dense_resource.h:89:0)
INFO: [HLS 214-178] Inlining function 'nnet::array<ap_fixed<39, 19, (ap_q_mode)5, (ap_o_mode)3, 0>, 4u>::operator[](unsigned long)' into 'void nnet::compute_output_buffer_2d<nnet::array<ap_fixed<16, 6, (ap_q_mode)5, (ap_o_mode)3, 0>, 4u>, nnet::array<ap_fixed<39, 19, (ap_q_mode)5, (ap_o_mode)3, 0>, 4u>, config4>(nnet::array<ap_fixed<16, 6, (ap_q_mode)5, (ap_o_mode)3, 0>, 4u> const&, ap_shift_reg<nnet::array<ap_fixed<16, 6, (ap_q_mode)5, (ap_o_mode)3, 0>, 4u>::value_type, config4::in_width> (*) [config4::n_chan], hls::stream<nnet::array<ap_fixed<39, 19, (ap_q_mode)5, (ap_o_mode)3, 0>, 4u>, 0>&, config4::weight_t*, config4::bias_t*)' (firmware/nnet_utils/nnet_conv_stream.h:257:0)
INFO: [HLS 214-178] Inlining function 'void nnet::conv_2d_buffer_cl<nnet::array<ap_fixed<16, 6, (ap_q_mode)5, (ap_o_mode)3, 0>, 4u>, nnet::array<ap_fixed<39, 19, (ap_q_mode)5, (ap_o_mode)3, 0>, 4u>, config4>(hls::stream<nnet::array<ap_fixed<16, 6, (ap_q_mode)5, (ap_o_mode)3, 0>, 4u>, 0>&, hls::stream<nnet::array<ap_fixed<39, 19, (ap_q_mode)5, (ap_o_mode)3, 0>, 4u>, 0>&, config4::weight_t*, config4::bias_t*)' into 'void nnet::conv_2d_cl<nnet::array<ap_fixed<16, 6, (ap_q_mode)5, (ap_o_mode)3, 0>, 4u>, nnet::array<ap_fixed<39, 19, (ap_q_mode)5, (ap_o_mode)3, 0>, 4u>, config4>(hls::stream<nnet::array<ap_fixed<16, 6, (ap_q_mode)5, (ap_o_mode)3, 0>, 4u>, 0>&, hls::stream<nnet::array<ap_fixed<39, 19, (ap_q_mode)5, (ap_o_mode)3, 0>, 4u>, 0>&, config4::weight_t*, config4::bias_t*)' (firmware/nnet_utils/nnet_conv2d_stream.h:105:0)
INFO: [HLS 214-178] Inlining function 'nnet::array<ap_fixed<39, 19, (ap_q_mode)5, (ap_o_mode)3, 0>, 4u>::operator[](unsigned long)' into 'void nnet::relu<nnet::array<ap_fixed<39, 19, (ap_q_mode)5, (ap_o_mode)3, 0>, 4u>, nnet::array<ap_fixed<16, 6, (ap_q_mode)5, (ap_o_mode)3, 0>, 4u>, relu_config5>(hls::stream<nnet::array<ap_fixed<39, 19, (ap_q_mode)5, (ap_o_mode)3, 0>, 4u>, 0>&, hls::stream<nnet::array<ap_fixed<16, 6, (ap_q_mode)5, (ap_o_mode)3, 0>, 4u>, 0>&)' (firmware/nnet_utils/nnet_activation_stream.h:39:0)
INFO: [HLS 214-178] Inlining function 'nnet::array<ap_fixed<16, 6, (ap_q_mode)5, (ap_o_mode)3, 0>, 4u>::operator[](unsigned long)' into 'void nnet::relu<nnet::array<ap_fixed<39, 19, (ap_q_mode)5, (ap_o_mode)3, 0>, 4u>, nnet::array<ap_fixed<16, 6, (ap_q_mode)5, (ap_o_mode)3, 0>, 4u>, relu_config5>(hls::stream<nnet::array<ap_fixed<39, 19, (ap_q_mode)5, (ap_o_mode)3, 0>, 4u>, 0>&, hls::stream<nnet::array<ap_fixed<16, 6, (ap_q_mode)5, (ap_o_mode)3, 0>, 4u>, 0>&)' (firmware/nnet_utils/nnet_activation_stream.h:39:0)
INFO: [HLS 214-178] Inlining function 'nnet::array<ap_fixed<16, 6, (ap_q_mode)5, (ap_o_mode)3, 0>, 4u>::operator[](unsigned long)' into 'void nnet::zeropad2d_cl<nnet::array<ap_fixed<16, 6, (ap_q_mode)5, (ap_o_mode)3, 0>, 4u>, nnet::array<ap_fixed<16, 6, (ap_q_mode)5, (ap_o_mode)3, 0>, 4u>, config9>(hls::stream<nnet::array<ap_fixed<16, 6, (ap_q_mode)5, (ap_o_mode)3, 0>, 4u>, 0>&, hls::stream<nnet::array<ap_fixed<16, 6, (ap_q_mode)5, (ap_o_mode)3, 0>, 4u>, 0>&)' (firmware/nnet_utils/nnet_padding_stream.h:48:0)
INFO: [HLS 214-178] Inlining function 'nnet::array<ap_fixed<16, 6, (ap_q_mode)5, (ap_o_mode)3, 0>, 4u>::operator[](unsigned long) const' into 'void nnet::shift_line_buffer<nnet::array<ap_fixed<16, 6, (ap_q_mode)5, (ap_o_mode)3, 0>, 4u>, config6>(nnet::array<ap_fixed<16, 6, (ap_q_mode)5, (ap_o_mode)3, 0>, 4u> const&, ap_shift_reg<nnet::array<ap_fixed<16, 6, (ap_q_mode)5, (ap_o_mode)3, 0>, 4u>::value_type, config6::in_width> (*) [config6::n_chan], nnet::array<ap_fixed<16, 6, (ap_q_mode)5, (ap_o_mode)3, 0>, 4u>::value_type*)' (firmware/nnet_utils/nnet_conv_stream.h:219:0)
INFO: [HLS 214-178] Inlining function 'std::enable_if<!(std::is_same<ap_fixed<16, 6, (ap_q_mode)5, (ap_o_mode)3, 0>, ap_uint<1> >::value), ap_fixed<39, 19, (ap_q_mode)5, (ap_o_mode)3, 0> >::type nnet::cast<ap_fixed<16, 6, (ap_q_mode)5, (ap_o_mode)3, 0>, ap_fixed<39, 19, (ap_q_mode)5, (ap_o_mode)3, 0>, config6_mult>(config6_mult::accum_t)' into 'void nnet::dense_resource_rf_leq_nin<ap_fixed<16, 6, (ap_q_mode)5, (ap_o_mode)3, 0>, ap_fixed<39, 19, (ap_q_mode)5, (ap_o_mode)3, 0>, config6_mult>(ap_fixed<16, 6, (ap_q_mode)5, (ap_o_mode)3, 0>*, ap_fixed<39, 19, (ap_q_mode)5, (ap_o_mode)3, 0>*, config6_mult::weight_t*, config6_mult::bias_t*)' (firmware/nnet_utils/nnet_dense_resource.h:15:0)
INFO: [HLS 214-178] Inlining function 'nnet::array<ap_fixed<39, 19, (ap_q_mode)5, (ap_o_mode)3, 0>, 1u>::operator[](unsigned long)' into 'void nnet::compute_output_buffer_2d<nnet::array<ap_fixed<16, 6, (ap_q_mode)5, (ap_o_mode)3, 0>, 4u>, nnet::array<ap_fixed<39, 19, (ap_q_mode)5, (ap_o_mode)3, 0>, 1u>, config6>(nnet::array<ap_fixed<16, 6, (ap_q_mode)5, (ap_o_mode)3, 0>, 4u> const&, ap_shift_reg<nnet::array<ap_fixed<16, 6, (ap_q_mode)5, (ap_o_mode)3, 0>, 4u>::value_type, config6::in_width> (*) [config6::n_chan], hls::stream<nnet::array<ap_fixed<39, 19, (ap_q_mode)5, (ap_o_mode)3, 0>, 1u>, 0>&, config6::weight_t*, config6::bias_t*)' (firmware/nnet_utils/nnet_conv_stream.h:257:0)
INFO: [HLS 214-178] Inlining function 'void nnet::conv_2d_buffer_cl<nnet::array<ap_fixed<16, 6, (ap_q_mode)5, (ap_o_mode)3, 0>, 4u>, nnet::array<ap_fixed<39, 19, (ap_q_mode)5, (ap_o_mode)3, 0>, 1u>, config6>(hls::stream<nnet::array<ap_fixed<16, 6, (ap_q_mode)5, (ap_o_mode)3, 0>, 4u>, 0>&, hls::stream<nnet::array<ap_fixed<39, 19, (ap_q_mode)5, (ap_o_mode)3, 0>, 1u>, 0>&, config6::weight_t*, config6::bias_t*)' into 'void nnet::conv_2d_cl<nnet::array<ap_fixed<16, 6, (ap_q_mode)5, (ap_o_mode)3, 0>, 4u>, nnet::array<ap_fixed<39, 19, (ap_q_mode)5, (ap_o_mode)3, 0>, 1u>, config6>(hls::stream<nnet::array<ap_fixed<16, 6, (ap_q_mode)5, (ap_o_mode)3, 0>, 4u>, 0>&, hls::stream<nnet::array<ap_fixed<39, 19, (ap_q_mode)5, (ap_o_mode)3, 0>, 1u>, 0>&, config6::weight_t*, config6::bias_t*)' (firmware/nnet_utils/nnet_conv2d_stream.h:105:0)
INFO: [HLS 214-248] Applying array_partition to '_ZZN4nnet17conv_2d_buffer_clINS_5arrayI8ap_fixedILi16ELi6EL9ap_q_mode5EL9ap_o_mode3ELi0EELj4EEENS1_IS2_ILi39ELi19ELS3_5ELS4_3ELi0EELj1EEE7config6EEvRN3hls6streamIT_Li0EEERNSB_IT0_Li0EEEPNT1_8weight_tEPNSI_6bias_tEE11line_buffer': Complete partitioning on dimension 2. (firmware/nnet_utils/nnet_conv2d_stream.h:75:0)
INFO: [HLS 214-248] Applying array_partition to '_ZZN4nnet17conv_2d_buffer_clINS_5arrayI8ap_fixedILi16ELi6EL9ap_q_mode5EL9ap_o_mode3ELi0EELj4EEENS1_IS2_ILi39ELi19ELS3_5ELS4_3ELi0EELj4EEE7config4EEvRN3hls6streamIT_Li0EEERNSB_IT0_Li0EEEPNT1_8weight_tEPNSI_6bias_tEE11line_buffer': Complete partitioning on dimension 2. (firmware/nnet_utils/nnet_conv2d_stream.h:75:0)
INFO: [HLS 214-248] Applying array_partition to '_ZZN4nnet17conv_2d_buffer_clINS_5arrayI8ap_fixedILi16ELi6EL9ap_q_mode5EL9ap_o_mode3ELi0EELj1EEENS1_IS2_ILi37ELi17ELS3_5ELS4_3ELi0EELj4EEE7config2EEvRN3hls6streamIT_Li0EEERNSB_IT0_Li0EEEPNT1_8weight_tEPNSI_6bias_tEE11line_buffer': Complete partitioning on dimension 2. (firmware/nnet_utils/nnet_conv2d_stream.h:75:0)
INFO: [HLS 214-248] Applying array_partition to 'b2': Complete partitioning on dimension 1. (firmware/weights/b2.h:12:0)
INFO: [HLS 214-248] Applying array_partition to 'b4': Complete partitioning on dimension 1. (firmware/weights/b4.h:12:0)
INFO: [HLS 214-248] Applying array_partition to 'b6': Complete partitioning on dimension 1. (firmware/weights/b6.h:12:0)
INFO: [HLS 214-248] Applying array_partition to '_ZZN4nnet24compute_output_buffer_2dINS_5arrayI8ap_fixedILi16ELi6EL9ap_q_mode5EL9ap_o_mode3ELi0EELj4EEENS1_IS2_ILi39ELi19ELS3_5ELS4_3ELi0EELj1EEE7config6EEvRKT_PAsrT1_6n_chan_12ap_shift_regINSA_10value_typeEXsrSD_8in_widthEERN3hls6streamIT0_Li0EEEPNSD_8weight_tEPNSD_6bias_tEE11kernel_data': Complete partitioning on dimension 1. (firmware/nnet_utils/nnet_conv_stream.h:271:0)
INFO: [HLS 214-248] Applying array_partition to '_ZZN4nnet24compute_output_buffer_2dINS_5arrayI8ap_fixedILi16ELi6EL9ap_q_mode5EL9ap_o_mode3ELi0EELj4EEENS1_IS2_ILi39ELi19ELS3_5ELS4_3ELi0EELj4EEE7config4EEvRKT_PAsrT1_6n_chan_12ap_shift_regINSA_10value_typeEXsrSD_8in_widthEERN3hls6streamIT0_Li0EEEPNSD_8weight_tEPNSD_6bias_tEE11kernel_data': Complete partitioning on dimension 1. (firmware/nnet_utils/nnet_conv_stream.h:271:0)
INFO: [HLS 214-248] Applying array_partition to '_ZZN4nnet24compute_output_buffer_2dINS_5arrayI8ap_fixedILi16ELi6EL9ap_q_mode5EL9ap_o_mode3ELi0EELj1EEENS1_IS2_ILi37ELi17ELS3_5ELS4_3ELi0EELj4EEE7config2EEvRKT_PAsrT1_6n_chan_12ap_shift_regINSA_10value_typeEXsrSD_8in_widthEERN3hls6streamIT0_Li0EEEPNSD_8weight_tEPNSD_6bias_tEE11kernel_data': Complete partitioning on dimension 1. (firmware/nnet_utils/nnet_conv_stream.h:271:0)
INFO: [HLS 214-248] Applying array_partition to 'acc': Complete partitioning on dimension 1. (firmware/nnet_utils/nnet_dense_resource.h:110:32)
INFO: [HLS 214-248] Applying array_partition to 'res_out': Complete partitioning on dimension 1. (firmware/nnet_utils/nnet_conv_stream.h:274:29)
INFO: [HLS 214-248] Applying array_partition to 'shift_buffer': Complete partitioning on dimension 1. Complete partitioning on dimension 2. (firmware/nnet_utils/nnet_conv_stream.h:224:30)
INFO: [HLS 214-241] Aggregating fifo (hls::stream) variable 'layer9_out' with compact=bit mode in 64-bits (firmware/edge_cnn_linear.cpp:52:24)
INFO: [HLS 214-241] Aggregating fifo (hls::stream) variable 'layer5_out' with compact=bit mode in 64-bits (firmware/edge_cnn_linear.cpp:49:24)
INFO: [HLS 214-241] Aggregating fifo (hls::stream) variable 'layer8_out' with compact=bit mode in 64-bits (firmware/edge_cnn_linear.cpp:43:24)
INFO: [HLS 214-241] Aggregating fifo (hls::stream) variable 'layer3_out' with compact=bit mode in 64-bits (firmware/edge_cnn_linear.cpp:40:24)
INFO: [HLS 214-241] Aggregating fifo (hls::stream) variable 'layer4_out' with compact=bit mode in 156-bits (firmware/edge_cnn_linear.cpp:46:30)
INFO: [HLS 214-241] Aggregating fifo (hls::stream) variable 'layer2_out' with compact=bit mode in 148-bits (firmware/edge_cnn_linear.cpp:37:30)
INFO: [HLS 214-241] Aggregating fifo (hls::stream) variable 'layer7_out' with compact=bit mode in 16-bits (firmware/edge_cnn_linear.cpp:34:24)
INFO: [HLS 214-241] Aggregating bram variable 'void nnet::conv_2d_buffer_cl<nnet::array<ap_fixed<16, 6, (ap_q_mode)5, (ap_o_mode)3, 0>, 1u>, nnet::array<ap_fixed<37, 17, (ap_q_mode)5, (ap_o_mode)3, 0>, 4u>, config2>(hls::stream<nnet::array<ap_fixed<16, 6, (ap_q_mode)5, (ap_o_mode)3, 0>, 1u>, 0>&, hls::stream<nnet::array<ap_fixed<37, 17, (ap_q_mode)5, (ap_o_mode)3, 0>, 4u>, 0>&, config2::weight_t*, config2::bias_t*)::line_buffer (.186)' with compact=bit mode in 16-bits
INFO: [HLS 214-241] Aggregating bram variable 'void nnet::conv_2d_buffer_cl<nnet::array<ap_fixed<16, 6, (ap_q_mode)5, (ap_o_mode)3, 0>, 4u>, nnet::array<ap_fixed<39, 19, (ap_q_mode)5, (ap_o_mode)3, 0>, 4u>, config4>(hls::stream<nnet::array<ap_fixed<16, 6, (ap_q_mode)5, (ap_o_mode)3, 0>, 4u>, 0>&, hls::stream<nnet::array<ap_fixed<39, 19, (ap_q_mode)5, (ap_o_mode)3, 0>, 4u>, 0>&, config4::weight_t*, config4::bias_t*)::line_buffer' with compact=bit mode in 16-bits
INFO: [HLS 214-241] Aggregating bram variable 'void nnet::conv_2d_buffer_cl<nnet::array<ap_fixed<16, 6, (ap_q_mode)5, (ap_o_mode)3, 0>, 4u>, nnet::array<ap_fixed<39, 19, (ap_q_mode)5, (ap_o_mode)3, 0>, 1u>, config6>(hls::stream<nnet::array<ap_fixed<16, 6, (ap_q_mode)5, (ap_o_mode)3, 0>, 4u>, 0>&, hls::stream<nnet::array<ap_fixed<39, 19, (ap_q_mode)5, (ap_o_mode)3, 0>, 1u>, 0>&, config6::weight_t*, config6::bias_t*)::line_buffer' with compact=bit mode in 16-bits
INFO: [HLS 214-270] Starting automatic array partition analysis...
INFO: [HLS 214-270] Inferring complete partitioning for array 'ref.tmp.i' on dimension 1 (firmware/nnet_utils/nnet_conv2d_stream.h:93:72)
INFO: [HLS 214-131] Inlining function '_llvm.fpga.pack.none.i16.s_struct.ap_fixed<16, 6, AP_TRN, AP_WRAP, 0>s' into '_llvm.fpga.unpack.bits.s_struct.nnet::array<ap_fixed<16, 6, AP_TRN, AP_WRAP, 0>, 1>s.i16.1'
INFO: [HLS 214-131] Inlining function '_llvm.fpga.pack.none.i16.s_struct.ssdm_int<16, true>s' into '_llvm.fpga.unpack.bits.s_struct.ap_fixed<16, 6, AP_TRN, AP_WRAP, 0>s.i16.1'
INFO: [HLS 214-131] Inlining function '_llvm.fpga.unpack.bits.s_struct.ap_fixed<16, 6, AP_TRN, AP_WRAP, 0>s.i16.1' into 'void nnet::shift_line_buffer<nnet::array<ap_fixed<16, 6, (ap_q_mode)5, (ap_o_mode)3, 0>, 1u>, config2>(nnet::array<ap_fixed<16, 6, (ap_q_mode)5, (ap_o_mode)3, 0>, 1u> const&, ap_shift_reg<nnet::array<ap_fixed<16, 6, (ap_q_mode)5, (ap_o_mode)3, 0>, 1u>::value_type, config2::in_width> (*) [config2::n_chan], nnet::array<ap_fixed<16, 6, (ap_q_mode)5, (ap_o_mode)3, 0>, 1u>::value_type*)' (C:/Xilinx/Vitis_HLS/2021.2/common/technology/autopilot\ap_shift_reg.h:130:31)
INFO: [HLS 214-131] Inlining function '_llvm.fpga.pack.none.i16.s_struct.ap_fixed<16, 6, AP_TRN, AP_WRAP, 0>s' into 'void nnet::shift_line_buffer<nnet::array<ap_fixed<16, 6, (ap_q_mode)5, (ap_o_mode)3, 0>, 1u>, config2>(nnet::array<ap_fixed<16, 6, (ap_q_mode)5, (ap_o_mode)3, 0>, 1u> const&, ap_shift_reg<nnet::array<ap_fixed<16, 6, (ap_q_mode)5, (ap_o_mode)3, 0>, 1u>::value_type, config2::in_width> (*) [config2::n_chan], nnet::array<ap_fixed<16, 6, (ap_q_mode)5, (ap_o_mode)3, 0>, 1u>::value_type*)' (C:/Xilinx/Vitis_HLS/2021.2/common/technology/autopilot\ap_shift_reg.h:131:9)
INFO: [HLS 214-131] Inlining function '_llvm.fpga.pack.none.i256.s_struct.nnet::array<ap_fixed<37, 17, AP_TRN, AP_WRAP, 0>, 4>s' into 'void nnet::compute_output_buffer_2d<nnet::array<ap_fixed<16, 6, (ap_q_mode)5, (ap_o_mode)3, 0>, 1u>, nnet::array<ap_fixed<37, 17, (ap_q_mode)5, (ap_o_mode)3, 0>, 4u>, config2>(nnet::array<ap_fixed<16, 6, (ap_q_mode)5, (ap_o_mode)3, 0>, 1u> const&, ap_shift_reg<nnet::array<ap_fixed<16, 6, (ap_q_mode)5, (ap_o_mode)3, 0>, 1u>::value_type, config2::in_width> (*) [config2::n_chan], hls::stream<nnet::array<ap_fixed<37, 17, (ap_q_mode)5, (ap_o_mode)3, 0>, 4u>, 0>&, config2::weight_t*, config2::bias_t*) (.1)' (C:/Xilinx/Vitis_HLS/2021.2/common/technology/autopilot/hls_stream_39.h:173:9)
INFO: [HLS 214-131] Inlining function '_llvm.fpga.pack.bits.i148.s_struct.nnet::array<ap_fixed<37, 17, AP_TRN, AP_WRAP, 0>, 4>s.1' into 'void nnet::compute_output_buffer_2d<nnet::array<ap_fixed<16, 6, (ap_q_mode)5, (ap_o_mode)3, 0>, 1u>, nnet::array<ap_fixed<37, 17, (ap_q_mode)5, (ap_o_mode)3, 0>, 4u>, config2>(nnet::array<ap_fixed<16, 6, (ap_q_mode)5, (ap_o_mode)3, 0>, 1u> const&, ap_shift_reg<nnet::array<ap_fixed<16, 6, (ap_q_mode)5, (ap_o_mode)3, 0>, 1u>::value_type, config2::in_width> (*) [config2::n_chan], hls::stream<nnet::array<ap_fixed<37, 17, (ap_q_mode)5, (ap_o_mode)3, 0>, 4u>, 0>&, config2::weight_t*, config2::bias_t*) (.1)' (C:/Xilinx/Vitis_HLS/2021.2/common/technology/autopilot/hls_stream_39.h:173:9)
INFO: [HLS 214-131] Inlining function '_llvm.fpga.unpack.bits.s_struct.nnet::array<ap_fixed<16, 6, AP_TRN, AP_WRAP, 0>, 1>s.i16.1' into 'void nnet::conv_2d_cl<nnet::array<ap_fixed<16, 6, (ap_q_mode)5, (ap_o_mode)3, 0>, 1u>, nnet::array<ap_fixed<37, 17, (ap_q_mode)5, (ap_o_mode)3, 0>, 4u>, config2>(hls::stream<nnet::array<ap_fixed<16, 6, (ap_q_mode)5, (ap_o_mode)3, 0>, 1u>, 0>&, hls::stream<nnet::array<ap_fixed<37, 17, (ap_q_mode)5, (ap_o_mode)3, 0>, 4u>, 0>&, config2::weight_t*, config2::bias_t*) (.1)' (C:/Xilinx/Vitis_HLS/2021.2/common/technology/autopilot/hls_stream_39.h:144:9)
INFO: [HLS 214-131] Inlining function '_llvm.fpga.pack.none.i256.a4s_struct.ap_fixed<37, 17, AP_TRN, AP_WRAP, 0>s' into '_llvm.fpga.unpack.bits.s_struct.nnet::array<ap_fixed<37, 17, AP_TRN, AP_WRAP, 0>, 4>s.i148.1'
INFO: [HLS 214-131] Inlining function '_llvm.fpga.unpack.bits.s_struct.nnet::array<ap_fixed<37, 17, AP_TRN, AP_WRAP, 0>, 4>s.i148.1' into 'void nnet::relu<nnet::array<ap_fixed<37, 17, (ap_q_mode)5, (ap_o_mode)3, 0>, 4u>, nnet::array<ap_fixed<16, 6, (ap_q_mode)5, (ap_o_mode)3, 0>, 4u>, relu_config3>(hls::stream<nnet::array<ap_fixed<37, 17, (ap_q_mode)5, (ap_o_mode)3, 0>, 4u>, 0>&, hls::stream<nnet::array<ap_fixed<16, 6, (ap_q_mode)5, (ap_o_mode)3, 0>, 4u>, 0>&) (.1)' (C:/Xilinx/Vitis_HLS/2021.2/common/technology/autopilot/hls_stream_39.h:144:9)
INFO: [HLS 214-131] Inlining function '_llvm.fpga.pack.bits.i64.s_struct.nnet::array<ap_fixed<16, 6, AP_TRN, AP_WRAP, 0>, 4>s.1' into 'void nnet::relu<nnet::array<ap_fixed<37, 17, (ap_q_mode)5, (ap_o_mode)3, 0>, 4u>, nnet::array<ap_fixed<16, 6, (ap_q_mode)5, (ap_o_mode)3, 0>, 4u>, relu_config3>(hls::stream<nnet::array<ap_fixed<37, 17, (ap_q_mode)5, (ap_o_mode)3, 0>, 4u>, 0>&, hls::stream<nnet::array<ap_fixed<16, 6, (ap_q_mode)5, (ap_o_mode)3, 0>, 4u>, 0>&) (.1)' (C:/Xilinx/Vitis_HLS/2021.2/common/technology/autopilot/hls_stream_39.h:173:9)
INFO: [HLS 214-131] Inlining function '_llvm.fpga.pack.none.i64.s_struct.nnet::array<ap_fixed<16, 6, AP_TRN, AP_WRAP, 0>, 4>s' into 'void nnet::relu<nnet::array<ap_fixed<37, 17, (ap_q_mode)5, (ap_o_mode)3, 0>, 4u>, nnet::array<ap_fixed<16, 6, (ap_q_mode)5, (ap_o_mode)3, 0>, 4u>, relu_config3>(hls::stream<nnet::array<ap_fixed<37, 17, (ap_q_mode)5, (ap_o_mode)3, 0>, 4u>, 0>&, hls::stream<nnet::array<ap_fixed<16, 6, (ap_q_mode)5, (ap_o_mode)3, 0>, 4u>, 0>&) (.1)' (C:/Xilinx/Vitis_HLS/2021.2/common/technology/autopilot/hls_stream_39.h:173:9)
INFO: [HLS 214-131] Inlining function '_llvm.fpga.pack.none.i64.a4s_struct.ap_fixed<16, 6, AP_TRN, AP_WRAP, 0>s' into '_llvm.fpga.unpack.bits.s_struct.nnet::array<ap_fixed<16, 6, AP_TRN, AP_WRAP, 0>, 4>s.i64.1'
INFO: [HLS 214-131] Inlining function '_llvm.fpga.pack.bits.i64.s_struct.nnet::array<ap_fixed<16, 6, AP_TRN, AP_WRAP, 0>, 4>s.1' into 'void nnet::zeropad2d_cl<nnet::array<ap_fixed<16, 6, (ap_q_mode)5, (ap_o_mode)3, 0>, 4u>, nnet::array<ap_fixed<16, 6, (ap_q_mode)5, (ap_o_mode)3, 0>, 4u>, config8>(hls::stream<nnet::array<ap_fixed<16, 6, (ap_q_mode)5, (ap_o_mode)3, 0>, 4u>, 0>&, hls::stream<nnet::array<ap_fixed<16, 6, (ap_q_mode)5, (ap_o_mode)3, 0>, 4u>, 0>&) (.1)' (C:/Xilinx/Vitis_HLS/2021.2/common/technology/autopilot/hls_stream_39.h:173:9)
INFO: [HLS 214-131] Inlining function '_llvm.fpga.unpack.bits.s_struct.nnet::array<ap_fixed<16, 6, AP_TRN, AP_WRAP, 0>, 4>s.i64.1' into 'void nnet::zeropad2d_cl<nnet::array<ap_fixed<16, 6, (ap_q_mode)5, (ap_o_mode)3, 0>, 4u>, nnet::array<ap_fixed<16, 6, (ap_q_mode)5, (ap_o_mode)3, 0>, 4u>, config8>(hls::stream<nnet::array<ap_fixed<16, 6, (ap_q_mode)5, (ap_o_mode)3, 0>, 4u>, 0>&, hls::stream<nnet::array<ap_fixed<16, 6, (ap_q_mode)5, (ap_o_mode)3, 0>, 4u>, 0>&) (.1)' (C:/Xilinx/Vitis_HLS/2021.2/common/technology/autopilot/hls_stream_39.h:144:9)
INFO: [HLS 214-131] Inlining function '_llvm.fpga.unpack.bits.s_struct.ap_fixed<16, 6, AP_TRN, AP_WRAP, 0>s.i16.1' into 'void nnet::shift_line_buffer<nnet::array<ap_fixed<16, 6, (ap_q_mode)5, (ap_o_mode)3, 0>, 4u>, config4>(nnet::array<ap_fixed<16, 6, (ap_q_mode)5, (ap_o_mode)3, 0>, 4u> const&, ap_shift_reg<nnet::array<ap_fixed<16, 6, (ap_q_mode)5, (ap_o_mode)3, 0>, 4u>::value_type, config4::in_width> (*) [config4::n_chan], nnet::array<ap_fixed<16, 6, (ap_q_mode)5, (ap_o_mode)3, 0>, 4u>::value_type*)' (C:/Xilinx/Vitis_HLS/2021.2/common/technology/autopilot\ap_shift_reg.h:130:31)
INFO: [HLS 214-131] Inlining function '_llvm.fpga.pack.none.i16.s_struct.ap_fixed<16, 6, AP_TRN, AP_WRAP, 0>s' into 'void nnet::shift_line_buffer<nnet::array<ap_fixed<16, 6, (ap_q_mode)5, (ap_o_mode)3, 0>, 4u>, config4>(nnet::array<ap_fixed<16, 6, (ap_q_mode)5, (ap_o_mode)3, 0>, 4u> const&, ap_shift_reg<nnet::array<ap_fixed<16, 6, (ap_q_mode)5, (ap_o_mode)3, 0>, 4u>::value_type, config4::in_width> (*) [config4::n_chan], nnet::array<ap_fixed<16, 6, (ap_q_mode)5, (ap_o_mode)3, 0>, 4u>::value_type*)' (C:/Xilinx/Vitis_HLS/2021.2/common/technology/autopilot\ap_shift_reg.h:131:9)
INFO: [HLS 214-131] Inlining function '_llvm.fpga.pack.none.i256.s_struct.nnet::array<ap_fixed<39, 19, AP_TRN, AP_WRAP, 0>, 4>s' into 'void nnet::compute_output_buffer_2d<nnet::array<ap_fixed<16, 6, (ap_q_mode)5, (ap_o_mode)3, 0>, 4u>, nnet::array<ap_fixed<39, 19, (ap_q_mode)5, (ap_o_mode)3, 0>, 4u>, config4>(nnet::array<ap_fixed<16, 6, (ap_q_mode)5, (ap_o_mode)3, 0>, 4u> const&, ap_shift_reg<nnet::array<ap_fixed<16, 6, (ap_q_mode)5, (ap_o_mode)3, 0>, 4u>::value_type, config4::in_width> (*) [config4::n_chan], hls::stream<nnet::array<ap_fixed<39, 19, (ap_q_mode)5, (ap_o_mode)3, 0>, 4u>, 0>&, config4::weight_t*, config4::bias_t*) (.1)' (C:/Xilinx/Vitis_HLS/2021.2/common/technology/autopilot/hls_stream_39.h:173:9)
INFO: [HLS 214-131] Inlining function '_llvm.fpga.pack.bits.i156.s_struct.nnet::array<ap_fixed<39, 19, AP_TRN, AP_WRAP, 0>, 4>s.1' into 'void nnet::compute_output_buffer_2d<nnet::array<ap_fixed<16, 6, (ap_q_mode)5, (ap_o_mode)3, 0>, 4u>, nnet::array<ap_fixed<39, 19, (ap_q_mode)5, (ap_o_mode)3, 0>, 4u>, config4>(nnet::array<ap_fixed<16, 6, (ap_q_mode)5, (ap_o_mode)3, 0>, 4u> const&, ap_shift_reg<nnet::array<ap_fixed<16, 6, (ap_q_mode)5, (ap_o_mode)3, 0>, 4u>::value_type, config4::in_width> (*) [config4::n_chan], hls::stream<nnet::array<ap_fixed<39, 19, (ap_q_mode)5, (ap_o_mode)3, 0>, 4u>, 0>&, config4::weight_t*, config4::bias_t*) (.1)' (C:/Xilinx/Vitis_HLS/2021.2/common/technology/autopilot/hls_stream_39.h:173:9)
INFO: [HLS 214-131] Inlining function '_llvm.fpga.unpack.bits.s_struct.nnet::array<ap_fixed<16, 6, AP_TRN, AP_WRAP, 0>, 4>s.i64.1' into 'void nnet::conv_2d_cl<nnet::array<ap_fixed<16, 6, (ap_q_mode)5, (ap_o_mode)3, 0>, 4u>, nnet::array<ap_fixed<39, 19, (ap_q_mode)5, (ap_o_mode)3, 0>, 4u>, config4>(hls::stream<nnet::array<ap_fixed<16, 6, (ap_q_mode)5, (ap_o_mode)3, 0>, 4u>, 0>&, hls::stream<nnet::array<ap_fixed<39, 19, (ap_q_mode)5, (ap_o_mode)3, 0>, 4u>, 0>&, config4::weight_t*, config4::bias_t*) (.1)' (C:/Xilinx/Vitis_HLS/2021.2/common/technology/autopilot/hls_stream_39.h:144:9)
INFO: [HLS 214-131] Inlining function '_llvm.fpga.pack.none.i256.a4s_struct.ap_fixed<39, 19, AP_TRN, AP_WRAP, 0>s' into '_llvm.fpga.unpack.bits.s_struct.nnet::array<ap_fixed<39, 19, AP_TRN, AP_WRAP, 0>, 4>s.i156.1'
INFO: [HLS 214-131] Inlining function '_llvm.fpga.unpack.bits.s_struct.nnet::array<ap_fixed<39, 19, AP_TRN, AP_WRAP, 0>, 4>s.i156.1' into 'void nnet::relu<nnet::array<ap_fixed<39, 19, (ap_q_mode)5, (ap_o_mode)3, 0>, 4u>, nnet::array<ap_fixed<16, 6, (ap_q_mode)5, (ap_o_mode)3, 0>, 4u>, relu_config5>(hls::stream<nnet::array<ap_fixed<39, 19, (ap_q_mode)5, (ap_o_mode)3, 0>, 4u>, 0>&, hls::stream<nnet::array<ap_fixed<16, 6, (ap_q_mode)5, (ap_o_mode)3, 0>, 4u>, 0>&) (.1)' (C:/Xilinx/Vitis_HLS/2021.2/common/technology/autopilot/hls_stream_39.h:144:9)
INFO: [HLS 214-131] Inlining function '_llvm.fpga.pack.bits.i64.s_struct.nnet::array<ap_fixed<16, 6, AP_TRN, AP_WRAP, 0>, 4>s.1' into 'void nnet::relu<nnet::array<ap_fixed<39, 19, (ap_q_mode)5, (ap_o_mode)3, 0>, 4u>, nnet::array<ap_fixed<16, 6, (ap_q_mode)5, (ap_o_mode)3, 0>, 4u>, relu_config5>(hls::stream<nnet::array<ap_fixed<39, 19, (ap_q_mode)5, (ap_o_mode)3, 0>, 4u>, 0>&, hls::stream<nnet::array<ap_fixed<16, 6, (ap_q_mode)5, (ap_o_mode)3, 0>, 4u>, 0>&) (.1)' (C:/Xilinx/Vitis_HLS/2021.2/common/technology/autopilot/hls_stream_39.h:173:9)
INFO: [HLS 214-131] Inlining function '_llvm.fpga.pack.none.i64.s_struct.nnet::array<ap_fixed<16, 6, AP_TRN, AP_WRAP, 0>, 4>s' into 'void nnet::relu<nnet::array<ap_fixed<39, 19, (ap_q_mode)5, (ap_o_mode)3, 0>, 4u>, nnet::array<ap_fixed<16, 6, (ap_q_mode)5, (ap_o_mode)3, 0>, 4u>, relu_config5>(hls::stream<nnet::array<ap_fixed<39, 19, (ap_q_mode)5, (ap_o_mode)3, 0>, 4u>, 0>&, hls::stream<nnet::array<ap_fixed<16, 6, (ap_q_mode)5, (ap_o_mode)3, 0>, 4u>, 0>&) (.1)' (C:/Xilinx/Vitis_HLS/2021.2/common/technology/autopilot/hls_stream_39.h:173:9)
INFO: [HLS 214-131] Inlining function '_llvm.fpga.pack.bits.i64.s_struct.nnet::array<ap_fixed<16, 6, AP_TRN, AP_WRAP, 0>, 4>s.1' into 'void nnet::zeropad2d_cl<nnet::array<ap_fixed<16, 6, (ap_q_mode)5, (ap_o_mode)3, 0>, 4u>, nnet::array<ap_fixed<16, 6, (ap_q_mode)5, (ap_o_mode)3, 0>, 4u>, config9>(hls::stream<nnet::array<ap_fixed<16, 6, (ap_q_mode)5, (ap_o_mode)3, 0>, 4u>, 0>&, hls::stream<nnet::array<ap_fixed<16, 6, (ap_q_mode)5, (ap_o_mode)3, 0>, 4u>, 0>&) (.1)' (C:/Xilinx/Vitis_HLS/2021.2/common/technology/autopilot/hls_stream_39.h:173:9)
INFO: [HLS 214-131] Inlining function '_llvm.fpga.unpack.bits.s_struct.nnet::array<ap_fixed<16, 6, AP_TRN, AP_WRAP, 0>, 4>s.i64.1' into 'void nnet::zeropad2d_cl<nnet::array<ap_fixed<16, 6, (ap_q_mode)5, (ap_o_mode)3, 0>, 4u>, nnet::array<ap_fixed<16, 6, (ap_q_mode)5, (ap_o_mode)3, 0>, 4u>, config9>(hls::stream<nnet::array<ap_fixed<16, 6, (ap_q_mode)5, (ap_o_mode)3, 0>, 4u>, 0>&, hls::stream<nnet::array<ap_fixed<16, 6, (ap_q_mode)5, (ap_o_mode)3, 0>, 4u>, 0>&) (.1)' (C:/Xilinx/Vitis_HLS/2021.2/common/technology/autopilot/hls_stream_39.h:144:9)
INFO: [HLS 214-131] Inlining function '_llvm.fpga.unpack.bits.s_struct.ap_fixed<16, 6, AP_TRN, AP_WRAP, 0>s.i16.1' into 'void nnet::shift_line_buffer<nnet::array<ap_fixed<16, 6, (ap_q_mode)5, (ap_o_mode)3, 0>, 4u>, config6>(nnet::array<ap_fixed<16, 6, (ap_q_mode)5, (ap_o_mode)3, 0>, 4u> const&, ap_shift_reg<nnet::array<ap_fixed<16, 6, (ap_q_mode)5, (ap_o_mode)3, 0>, 4u>::value_type, config6::in_width> (*) [config6::n_chan], nnet::array<ap_fixed<16, 6, (ap_q_mode)5, (ap_o_mode)3, 0>, 4u>::value_type*)' (C:/Xilinx/Vitis_HLS/2021.2/common/technology/autopilot\ap_shift_reg.h:130:31)
INFO: [HLS 214-131] Inlining function '_llvm.fpga.pack.none.i16.s_struct.ap_fixed<16, 6, AP_TRN, AP_WRAP, 0>s' into 'void nnet::shift_line_buffer<nnet::array<ap_fixed<16, 6, (ap_q_mode)5, (ap_o_mode)3, 0>, 4u>, config6>(nnet::array<ap_fixed<16, 6, (ap_q_mode)5, (ap_o_mode)3, 0>, 4u> const&, ap_shift_reg<nnet::array<ap_fixed<16, 6, (ap_q_mode)5, (ap_o_mode)3, 0>, 4u>::value_type, config6::in_width> (*) [config6::n_chan], nnet::array<ap_fixed<16, 6, (ap_q_mode)5, (ap_o_mode)3, 0>, 4u>::value_type*)' (C:/Xilinx/Vitis_HLS/2021.2/common/technology/autopilot\ap_shift_reg.h:131:9)
INFO: [HLS 214-131] Inlining function '_llvm.fpga.pack.none.i64.s_struct.nnet::array<ap_fixed<39, 19, AP_TRN, AP_WRAP, 0>, 1>s' into 'void nnet::compute_output_buffer_2d<nnet::array<ap_fixed<16, 6, (ap_q_mode)5, (ap_o_mode)3, 0>, 4u>, nnet::array<ap_fixed<39, 19, (ap_q_mode)5, (ap_o_mode)3, 0>, 1u>, config6>(nnet::array<ap_fixed<16, 6, (ap_q_mode)5, (ap_o_mode)3, 0>, 4u> const&, ap_shift_reg<nnet::array<ap_fixed<16, 6, (ap_q_mode)5, (ap_o_mode)3, 0>, 4u>::value_type, config6::in_width> (*) [config6::n_chan], hls::stream<nnet::array<ap_fixed<39, 19, (ap_q_mode)5, (ap_o_mode)3, 0>, 1u>, 0>&, config6::weight_t*, config6::bias_t*) (.1)' (C:/Xilinx/Vitis_HLS/2021.2/common/technology/autopilot/hls_stream_39.h:173:9)
INFO: [HLS 214-131] Inlining function '_llvm.fpga.unpack.bits.s_struct.nnet::array<ap_fixed<16, 6, AP_TRN, AP_WRAP, 0>, 4>s.i64.1' into 'void nnet::conv_2d_cl<nnet::array<ap_fixed<16, 6, (ap_q_mode)5, (ap_o_mode)3, 0>, 4u>, nnet::array<ap_fixed<39, 19, (ap_q_mode)5, (ap_o_mode)3, 0>, 1u>, config6>(hls::stream<nnet::array<ap_fixed<16, 6, (ap_q_mode)5, (ap_o_mode)3, 0>, 4u>, 0>&, hls::stream<nnet::array<ap_fixed<39, 19, (ap_q_mode)5, (ap_o_mode)3, 0>, 1u>, 0>&, config6::weight_t*, config6::bias_t*) (.1)' (C:/Xilinx/Vitis_HLS/2021.2/common/technology/autopilot/hls_stream_39.h:144:9)
INFO: [HLS 200-111] Finished Compiling Optimization and Transform: CPU user time: 5 seconds. CPU system time: 1 seconds. Elapsed time: 17.688 seconds; current allocated memory: 1.162 GB.
INFO: [HLS 200-111] Finished Checking Pragmas: CPU user time: 0 seconds. CPU system time: 0 seconds. Elapsed time: 0.003 seconds; current allocated memory: 1.162 GB.
INFO: [HLS 200-10] Starting code transformations ...
INFO: [HLS 200-111] Finished Standard Transforms: CPU user time: 0 seconds. CPU system time: 0 seconds. Elapsed time: 0.39 seconds; current allocated memory: 1.162 GB.
INFO: [HLS 200-10] Checking synthesizability ...
INFO: [HLS 200-111] Finished Checking Synthesizability: CPU user time: 1 seconds. CPU system time: 0 seconds. Elapsed time: 0.444 seconds; current allocated memory: 1.162 GB.
INFO: [XFORM 203-510] Pipelining loop 'PadTopWidth' (firmware/nnet_utils/nnet_padding_stream.h:53) in function 'nnet::zeropad2d_cl<nnet::array<ap_fixed<16, 6, (ap_q_mode)5, (ap_o_mode)3, 0>, 4u>, nnet::array<ap_fixed<16, 6, (ap_q_mode)5, (ap_o_mode)3, 0>, 4u>, config9>' automatically.
INFO: [XFORM 203-510] Pipelining loop 'CopyMain' (C:/Xilinx/Vitis_HLS/2021.2/common/technology/autopilot/hls_stream_39.h:143) in function 'nnet::zeropad2d_cl<nnet::array<ap_fixed<16, 6, (ap_q_mode)5, (ap_o_mode)3, 0>, 4u>, nnet::array<ap_fixed<16, 6, (ap_q_mode)5, (ap_o_mode)3, 0>, 4u>, config9>' automatically.
INFO: [XFORM 203-510] Pipelining loop 'PadBottomWidth' (firmware/nnet_utils/nnet_padding_stream.h:77) in function 'nnet::zeropad2d_cl<nnet::array<ap_fixed<16, 6, (ap_q_mode)5, (ap_o_mode)3, 0>, 4u>, nnet::array<ap_fixed<16, 6, (ap_q_mode)5, (ap_o_mode)3, 0>, 4u>, config9>' automatically.
INFO: [XFORM 203-510] Pipelining loop 'PadTopWidth' (firmware/nnet_utils/nnet_padding_stream.h:53) in function 'nnet::zeropad2d_cl<nnet::array<ap_fixed<16, 6, (ap_q_mode)5, (ap_o_mode)3, 0>, 4u>, nnet::array<ap_fixed<16, 6, (ap_q_mode)5, (ap_o_mode)3, 0>, 4u>, config8>' automatically.
INFO: [XFORM 203-510] Pipelining loop 'CopyMain' (C:/Xilinx/Vitis_HLS/2021.2/common/technology/autopilot/hls_stream_39.h:143) in function 'nnet::zeropad2d_cl<nnet::array<ap_fixed<16, 6, (ap_q_mode)5, (ap_o_mode)3, 0>, 4u>, nnet::array<ap_fixed<16, 6, (ap_q_mode)5, (ap_o_mode)3, 0>, 4u>, config8>' automatically.
INFO: [XFORM 203-510] Pipelining loop 'PadBottomWidth' (firmware/nnet_utils/nnet_padding_stream.h:77) in function 'nnet::zeropad2d_cl<nnet::array<ap_fixed<16, 6, (ap_q_mode)5, (ap_o_mode)3, 0>, 4u>, nnet::array<ap_fixed<16, 6, (ap_q_mode)5, (ap_o_mode)3, 0>, 4u>, config8>' automatically.
INFO: [XFORM 203-510] Pipelining loop 'PadTopWidth' (firmware/nnet_utils/nnet_padding_stream.h:53) in function 'nnet::zeropad2d_cl<nnet::array<ap_fixed<16, 6, (ap_q_mode)5, (ap_o_mode)3, 0>, 1u>, nnet::array<ap_fixed<16, 6, (ap_q_mode)5, (ap_o_mode)3, 0>, 1u>, config7>' automatically.
INFO: [XFORM 203-510] Pipelining loop 'CopyMain' (firmware/nnet_utils/nnet_padding_stream.h:18) in function 'nnet::zeropad2d_cl<nnet::array<ap_fixed<16, 6, (ap_q_mode)5, (ap_o_mode)3, 0>, 1u>, nnet::array<ap_fixed<16, 6, (ap_q_mode)5, (ap_o_mode)3, 0>, 1u>, config7>' automatically.
INFO: [XFORM 203-510] Pipelining loop 'PadBottomWidth' (firmware/nnet_utils/nnet_padding_stream.h:77) in function 'nnet::zeropad2d_cl<nnet::array<ap_fixed<16, 6, (ap_q_mode)5, (ap_o_mode)3, 0>, 1u>, nnet::array<ap_fixed<16, 6, (ap_q_mode)5, (ap_o_mode)3, 0>, 1u>, config7>' automatically.
INFO: [XFORM 203-102] Partitioning array 'tmp.data.V' (C:/Xilinx/Vitis_HLS/2021.2/common/technology/autopilot/hls_stream_39.h:154) automatically.
INFO: [XFORM 203-102] Automatically partitioning shift register array 'void conv_2d_buffer_cl<array<ap_fixed<16, 6, 5, 3, 0>, 4u>, array<ap_fixed<39, 19, 5, 3, 0>, 4u>, config4>(stream<array<ap_fixed<16, 6, 5, 3, 0>, 4u>, 0>&, stream<array<ap_fixed<39, 19, 5, 3, 0>, 4u>, 0>&, weight_t*, bias_t*)line_buffer.3' .
INFO: [XFORM 203-102] Automatically partitioning shift register array 'void conv_2d_buffer_cl<array<ap_fixed<16, 6, 5, 3, 0>, 4u>, array<ap_fixed<39, 19, 5, 3, 0>, 4u>, config4>(stream<array<ap_fixed<16, 6, 5, 3, 0>, 4u>, 0>&, stream<array<ap_fixed<39, 19, 5, 3, 0>, 4u>, 0>&, weight_t*, bias_t*)line_buffer.2' .
INFO: [XFORM 203-102] Automatically partitioning shift register array 'void conv_2d_buffer_cl<array<ap_fixed<16, 6, 5, 3, 0>, 4u>, array<ap_fixed<39, 19, 5, 3, 0>, 4u>, config4>(stream<array<ap_fixed<16, 6, 5, 3, 0>, 4u>, 0>&, stream<array<ap_fixed<39, 19, 5, 3, 0>, 4u>, 0>&, weight_t*, bias_t*)line_buffer.1' .
INFO: [XFORM 203-102] Automatically partitioning shift register array 'void conv_2d_buffer_cl<array<ap_fixed<16, 6, 5, 3, 0>, 4u>, array<ap_fixed<39, 19, 5, 3, 0>, 4u>, config4>(stream<array<ap_fixed<16, 6, 5, 3, 0>, 4u>, 0>&, stream<array<ap_fixed<39, 19, 5, 3, 0>, 4u>, 0>&, weight_t*, bias_t*)line_buffer' .
INFO: [XFORM 203-102] Automatically partitioning shift register array 'void conv_2d_buffer_cl<array<ap_fixed<16, 6, 5, 3, 0>, 4u>, array<ap_fixed<39, 19, 5, 3, 0>, 1u>, config6>(stream<array<ap_fixed<16, 6, 5, 3, 0>, 4u>, 0>&, stream<array<ap_fixed<39, 19, 5, 3, 0>, 1u>, 0>&, weight_t*, bias_t*)line_buffer.3' .
INFO: [XFORM 203-102] Automatically partitioning shift register array 'void conv_2d_buffer_cl<array<ap_fixed<16, 6, 5, 3, 0>, 4u>, array<ap_fixed<39, 19, 5, 3, 0>, 1u>, config6>(stream<array<ap_fixed<16, 6, 5, 3, 0>, 4u>, 0>&, stream<array<ap_fixed<39, 19, 5, 3, 0>, 1u>, 0>&, weight_t*, bias_t*)line_buffer.2' .
INFO: [XFORM 203-102] Automatically partitioning shift register array 'void conv_2d_buffer_cl<array<ap_fixed<16, 6, 5, 3, 0>, 4u>, array<ap_fixed<39, 19, 5, 3, 0>, 1u>, config6>(stream<array<ap_fixed<16, 6, 5, 3, 0>, 4u>, 0>&, stream<array<ap_fixed<39, 19, 5, 3, 0>, 1u>, 0>&, weight_t*, bias_t*)line_buffer.1' .
INFO: [XFORM 203-102] Automatically partitioning shift register array 'void conv_2d_buffer_cl<array<ap_fixed<16, 6, 5, 3, 0>, 4u>, array<ap_fixed<39, 19, 5, 3, 0>, 1u>, config6>(stream<array<ap_fixed<16, 6, 5, 3, 0>, 4u>, 0>&, stream<array<ap_fixed<39, 19, 5, 3, 0>, 1u>, 0>&, weight_t*, bias_t*)line_buffer' .
INFO: [XFORM 203-102] Automatically partitioning shift register array 'void conv_2d_buffer_cl<array<ap_fixed<16, 6, 5, 3, 0>, 1u>, array<ap_fixed<37, 17, 5, 3, 0>, 4u>, config2>(stream<array<ap_fixed<16, 6, 5, 3, 0>, 1u>, 0>&, stream<array<ap_fixed<37, 17, 5, 3, 0>, 4u>, 0>&, weight_t*, bias_t*)line_buffer' .
INFO: [XFORM 203-101] Partitioning array 'tmp.data.V' (C:/Xilinx/Vitis_HLS/2021.2/common/technology/autopilot/hls_stream_39.h:154) in dimension 1 completely.
INFO: [XFORM 203-101] Partitioning array 'void conv_2d_buffer_cl<array<ap_fixed<16, 6, 5, 3, 0>, 4u>, array<ap_fixed<39, 19, 5, 3, 0>, 4u>, config4>(stream<array<ap_fixed<16, 6, 5, 3, 0>, 4u>, 0>&, stream<array<ap_fixed<39, 19, 5, 3, 0>, 4u>, 0>&, weight_t*, bias_t*)line_buffer' in dimension 1 completely.
INFO: [XFORM 203-101] Partitioning array 'void conv_2d_buffer_cl<array<ap_fixed<16, 6, 5, 3, 0>, 4u>, array<ap_fixed<39, 19, 5, 3, 0>, 4u>, config4>(stream<array<ap_fixed<16, 6, 5, 3, 0>, 4u>, 0>&, stream<array<ap_fixed<39, 19, 5, 3, 0>, 4u>, 0>&, weight_t*, bias_t*)line_buffer.1' in dimension 1 completely.
INFO: [XFORM 203-101] Partitioning array 'void conv_2d_buffer_cl<array<ap_fixed<16, 6, 5, 3, 0>, 4u>, array<ap_fixed<39, 19, 5, 3, 0>, 4u>, config4>(stream<array<ap_fixed<16, 6, 5, 3, 0>, 4u>, 0>&, stream<array<ap_fixed<39, 19, 5, 3, 0>, 4u>, 0>&, weight_t*, bias_t*)line_buffer.2' in dimension 1 completely.
INFO: [XFORM 203-101] Partitioning array 'void conv_2d_buffer_cl<array<ap_fixed<16, 6, 5, 3, 0>, 4u>, array<ap_fixed<39, 19, 5, 3, 0>, 4u>, config4>(stream<array<ap_fixed<16, 6, 5, 3, 0>, 4u>, 0>&, stream<array<ap_fixed<39, 19, 5, 3, 0>, 4u>, 0>&, weight_t*, bias_t*)line_buffer.3' in dimension 1 completely.
INFO: [XFORM 203-101] Partitioning array 'tmp.data.V' (C:/Xilinx/Vitis_HLS/2021.2/common/technology/autopilot/hls_stream_39.h:154) in dimension 1 completely.
INFO: [XFORM 203-101] Partitioning array 'void conv_2d_buffer_cl<array<ap_fixed<16, 6, 5, 3, 0>, 4u>, array<ap_fixed<39, 19, 5, 3, 0>, 1u>, config6>(stream<array<ap_fixed<16, 6, 5, 3, 0>, 4u>, 0>&, stream<array<ap_fixed<39, 19, 5, 3, 0>, 1u>, 0>&, weight_t*, bias_t*)line_buffer' in dimension 1 completely.
INFO: [XFORM 203-101] Partitioning array 'void conv_2d_buffer_cl<array<ap_fixed<16, 6, 5, 3, 0>, 4u>, array<ap_fixed<39, 19, 5, 3, 0>, 1u>, config6>(stream<array<ap_fixed<16, 6, 5, 3, 0>, 4u>, 0>&, stream<array<ap_fixed<39, 19, 5, 3, 0>, 1u>, 0>&, weight_t*, bias_t*)line_buffer.1' in dimension 1 completely.
INFO: [XFORM 203-101] Partitioning array 'void conv_2d_buffer_cl<array<ap_fixed<16, 6, 5, 3, 0>, 4u>, array<ap_fixed<39, 19, 5, 3, 0>, 1u>, config6>(stream<array<ap_fixed<16, 6, 5, 3, 0>, 4u>, 0>&, stream<array<ap_fixed<39, 19, 5, 3, 0>, 1u>, 0>&, weight_t*, bias_t*)line_buffer.2' in dimension 1 completely.
INFO: [XFORM 203-101] Partitioning array 'void conv_2d_buffer_cl<array<ap_fixed<16, 6, 5, 3, 0>, 4u>, array<ap_fixed<39, 19, 5, 3, 0>, 1u>, config6>(stream<array<ap_fixed<16, 6, 5, 3, 0>, 4u>, 0>&, stream<array<ap_fixed<39, 19, 5, 3, 0>, 1u>, 0>&, weight_t*, bias_t*)line_buffer.3' in dimension 1 completely.
INFO: [XFORM 203-101] Partitioning array 'void conv_2d_buffer_cl<array<ap_fixed<16, 6, 5, 3, 0>, 1u>, array<ap_fixed<37, 17, 5, 3, 0>, 4u>, config2>(stream<array<ap_fixed<16, 6, 5, 3, 0>, 1u>, 0>&, stream<array<ap_fixed<37, 17, 5, 3, 0>, 4u>, 0>&, weight_t*, bias_t*)line_buffer' in dimension 1 completely.
WARNING: [HLS 200-786] Detected dataflow-on-top in function  'edge_cnn_linear' (firmware/edge_cnn_linear.cpp:8)  with default interface mode 'ap_ctrl_hs'. Overlapped execution of successive kernel calls will not happen unless interface mode 'ap_ctrl_chain' is used (or 'ap_ctrl_none' for a purely data-driven design).
Resolution: For help on HLS 200-786 see www.xilinx.com/cgi-bin/docs/rdoc?v=2021.2;t=hls+guidance;d=200-786.html
INFO: [XFORM 203-712] Applying dataflow to function 'edge_cnn_linear' (firmware/edge_cnn_linear.cpp:8), detected/extracted 8 process function(s): 
	 'nnet::zeropad2d_cl<nnet::array<ap_fixed<16, 6, (ap_q_mode)5, (ap_o_mode)3, 0>, 1u>, nnet::array<ap_fixed<16, 6, (ap_q_mode)5, (ap_o_mode)3, 0>, 1u>, config7>'
	 'nnet::conv_2d_cl<nnet::array<ap_fixed<16, 6, (ap_q_mode)5, (ap_o_mode)3, 0>, 1u>, nnet::array<ap_fixed<37, 17, (ap_q_mode)5, (ap_o_mode)3, 0>, 4u>, config2>'
	 'nnet::relu<nnet::array<ap_fixed<37, 17, (ap_q_mode)5, (ap_o_mode)3, 0>, 4u>, nnet::array<ap_fixed<16, 6, (ap_q_mode)5, (ap_o_mode)3, 0>, 4u>, relu_config3>'
	 'nnet::zeropad2d_cl<nnet::array<ap_fixed<16, 6, (ap_q_mode)5, (ap_o_mode)3, 0>, 4u>, nnet::array<ap_fixed<16, 6, (ap_q_mode)5, (ap_o_mode)3, 0>, 4u>, config8>'
	 'nnet::conv_2d_cl<nnet::array<ap_fixed<16, 6, (ap_q_mode)5, (ap_o_mode)3, 0>, 4u>, nnet::array<ap_fixed<39, 19, (ap_q_mode)5, (ap_o_mode)3, 0>, 4u>, config4>'
	 'nnet::relu<nnet::array<ap_fixed<39, 19, (ap_q_mode)5, (ap_o_mode)3, 0>, 4u>, nnet::array<ap_fixed<16, 6, (ap_q_mode)5, (ap_o_mode)3, 0>, 4u>, relu_config5>'
	 'nnet::zeropad2d_cl<nnet::array<ap_fixed<16, 6, (ap_q_mode)5, (ap_o_mode)3, 0>, 4u>, nnet::array<ap_fixed<16, 6, (ap_q_mode)5, (ap_o_mode)3, 0>, 4u>, config9>'
	 'nnet::conv_2d_cl<nnet::array<ap_fixed<16, 6, (ap_q_mode)5, (ap_o_mode)3, 0>, 4u>, nnet::array<ap_fixed<39, 19, (ap_q_mode)5, (ap_o_mode)3, 0>, 1u>, config6>'.
INFO: [HLS 200-111] Finished Loop, function and other optimizations: CPU user time: 1 seconds. CPU system time: 0 seconds. Elapsed time: 1.618 seconds; current allocated memory: 1.162 GB.
WARNING: [HLS 200-960] Cannot flatten loop 'PadMain' (firmware/nnet_utils/nnet_padding_stream.h:59:14) in function 'nnet::zeropad2d_cl<nnet::array<ap_fixed<16, 6, (ap_q_mode)5, (ap_o_mode)3, 0>, 4u>, nnet::array<ap_fixed<16, 6, (ap_q_mode)5, (ap_o_mode)3, 0>, 4u>, config9>' the outer loop is not a perfect loop.
Resolution: For help on HLS 200-960 see www.xilinx.com/cgi-bin/docs/rdoc?v=2021.2;t=hls+guidance;d=200-960.html
WARNING: [HLS 200-960] Cannot flatten loop 'PadMain' (firmware/nnet_utils/nnet_padding_stream.h:59:14) in function 'nnet::zeropad2d_cl<nnet::array<ap_fixed<16, 6, (ap_q_mode)5, (ap_o_mode)3, 0>, 4u>, nnet::array<ap_fixed<16, 6, (ap_q_mode)5, (ap_o_mode)3, 0>, 4u>, config8>' the outer loop is not a perfect loop.
Resolution: For help on HLS 200-960 see www.xilinx.com/cgi-bin/docs/rdoc?v=2021.2;t=hls+guidance;d=200-960.html
WARNING: [HLS 200-960] Cannot flatten loop 'PadMain' (firmware/nnet_utils/nnet_padding_stream.h:59:14) in function 'nnet::zeropad2d_cl<nnet::array<ap_fixed<16, 6, (ap_q_mode)5, (ap_o_mode)3, 0>, 1u>, nnet::array<ap_fixed<16, 6, (ap_q_mode)5, (ap_o_mode)3, 0>, 1u>, config7>' the outer loop is not a perfect loop.
Resolution: For help on HLS 200-960 see www.xilinx.com/cgi-bin/docs/rdoc?v=2021.2;t=hls+guidance;d=200-960.html
INFO: [XFORM 203-541] Flattening a loop nest 'ReadInputHeight' (firmware/nnet_utils/nnet_conv2d_stream.h:85:19) in function 'nnet::conv_2d_cl<nnet::array<ap_fixed<16, 6, (ap_q_mode)5, (ap_o_mode)3, 0>, 4u>, nnet::array<ap_fixed<39, 19, (ap_q_mode)5, (ap_o_mode)3, 0>, 4u>, config4>'.
INFO: [XFORM 203-541] Flattening a loop nest 'ReadInputHeight' (firmware/nnet_utils/nnet_conv2d_stream.h:85:19) in function 'nnet::conv_2d_cl<nnet::array<ap_fixed<16, 6, (ap_q_mode)5, (ap_o_mode)3, 0>, 4u>, nnet::array<ap_fixed<39, 19, (ap_q_mode)5, (ap_o_mode)3, 0>, 1u>, config6>'.
INFO: [XFORM 203-541] Flattening a loop nest 'ReadInputHeight' (firmware/nnet_utils/nnet_conv2d_stream.h:85:19) in function 'nnet::conv_2d_cl<nnet::array<ap_fixed<16, 6, (ap_q_mode)5, (ap_o_mode)3, 0>, 1u>, nnet::array<ap_fixed<37, 17, (ap_q_mode)5, (ap_o_mode)3, 0>, 4u>, config2>'.
INFO: [XFORM 203-531] Rewinding loop 'ReuseLoop' (firmware/nnet_utils/nnet_dense_resource.h:49) in function 'dense_resource_rf_leq_nin<ap_fixed<16, 6, 5, 3, 0>, ap_fixed<39, 19, 5, 3, 0>, config6_mult>'.
INFO: [XFORM 203-531] Rewinding loop 'ReuseLoop' (firmware/nnet_utils/nnet_dense_resource.h:119) in function 'dense_resource_rf_gt_nin_rem0<ap_fixed<16, 6, 5, 3, 0>, ap_fixed<39, 19, 5, 3, 0>, config4_mult>'.
INFO: [XFORM 203-531] Rewinding loop 'ReuseLoop' (firmware/nnet_utils/nnet_dense_resource.h:119) in function 'dense_resource_rf_gt_nin_rem0<ap_fixed<16, 6, 5, 3, 0>, ap_fixed<37, 17, 5, 3, 0>, config2_mult>'.
INFO: [HLS 200-111] Finished Architecture Synthesis: CPU user time: 0 seconds. CPU system time: 0 seconds. Elapsed time: 0.78 seconds; current allocated memory: 1.162 GB.
INFO: [HLS 200-10] Starting hardware synthesis ...
INFO: [HLS 200-10] Synthesizing 'edge_cnn_linear' ...
WARNING: [SYN 201-103] Legalizing function name 'zeropad2d_cl<array<ap_fixed<16, 6, 5, 3, 0>, 1u>, array<ap_fixed<16, 6, 5, 3, 0>, 1u>, config7>_Pipeline_PadTopWidth' to 'zeropad2d_cl_array_ap_fixed_16_6_5_3_0_1u_array_ap_fixed_16_6_5_3_0_1u_config7_Pipeline_PadTopWidth'.
WARNING: [SYN 201-103] Legalizing function name 'zeropad2d_cl<array<ap_fixed<16, 6, 5, 3, 0>, 1u>, array<ap_fixed<16, 6, 5, 3, 0>, 1u>, config7>_Pipeline_CopyMain' to 'zeropad2d_cl_array_ap_fixed_16_6_5_3_0_1u_array_ap_fixed_16_6_5_3_0_1u_config7_Pipeline_CopyMain'.
WARNING: [SYN 201-103] Legalizing function name 'zeropad2d_cl<array<ap_fixed<16, 6, 5, 3, 0>, 1u>, array<ap_fixed<16, 6, 5, 3, 0>, 1u>, config7>_Pipeline_PadBottomWidth' to 'zeropad2d_cl_array_ap_fixed_16_6_5_3_0_1u_array_ap_fixed_16_6_5_3_0_1u_config7_Pipeline_PadBottomWidth'.
WARNING: [SYN 201-103] Legalizing function name 'zeropad2d_cl<array<ap_fixed<16, 6, 5, 3, 0>, 1u>, array<ap_fixed<16, 6, 5, 3, 0>, 1u>, config7>' to 'zeropad2d_cl_array_ap_fixed_16_6_5_3_0_1u_array_ap_fixed_16_6_5_3_0_1u_config7_s'.
WARNING: [SYN 201-103] Legalizing function name 'shift_line_buffer<array<ap_fixed<16, 6, 5, 3, 0>, 1u>, config2>' to 'shift_line_buffer_array_ap_fixed_16_6_5_3_0_1u_config2_s'.
WARNING: [SYN 201-103] Legalizing function name 'dense_resource_rf_gt_nin_rem0<ap_fixed<16, 6, 5, 3, 0>, ap_fixed<37, 17, 5, 3, 0>, config2_mult>' to 'dense_resource_rf_gt_nin_rem0_ap_fixed_16_6_5_3_0_ap_fixed_37_17_5_3_0_config2_mult_s'.
WARNING: [SYN 201-103] Legalizing function name 'compute_output_buffer_2d<array<ap_fixed<16, 6, 5, 3, 0>, 1u>, array<ap_fixed<37, 17, 5, 3, 0>, 4u>, config2>' to 'compute_output_buffer_2d_array_ap_fixed_16_6_5_3_0_1u_array_ap_fixed_37_17_5_3_0_4u_config2_s'.
WARNING: [SYN 201-103] Legalizing function name 'conv_2d_cl<array<ap_fixed<16, 6, 5, 3, 0>, 1u>, array<ap_fixed<37, 17, 5, 3, 0>, 4u>, config2>' to 'conv_2d_cl_array_ap_fixed_16_6_5_3_0_1u_array_ap_fixed_37_17_5_3_0_4u_config2_s'.
WARNING: [SYN 201-103] Legalizing function name 'relu<array<ap_fixed<37, 17, 5, 3, 0>, 4u>, array<ap_fixed<16, 6, 5, 3, 0>, 4u>, relu_config3>' to 'relu_array_ap_fixed_37_17_5_3_0_4u_array_ap_fixed_16_6_5_3_0_4u_relu_config3_s'.
WARNING: [SYN 201-103] Legalizing function name 'zeropad2d_cl<array<ap_fixed<16, 6, 5, 3, 0>, 4u>, array<ap_fixed<16, 6, 5, 3, 0>, 4u>, config8>_Pipeline_PadTopWidth' to 'zeropad2d_cl_array_ap_fixed_16_6_5_3_0_4u_array_ap_fixed_16_6_5_3_0_4u_config8_Pipeline_PadTopWidth'.
WARNING: [SYN 201-103] Legalizing function name 'zeropad2d_cl<array<ap_fixed<16, 6, 5, 3, 0>, 4u>, array<ap_fixed<16, 6, 5, 3, 0>, 4u>, config8>_Pipeline_CopyMain' to 'zeropad2d_cl_array_ap_fixed_16_6_5_3_0_4u_array_ap_fixed_16_6_5_3_0_4u_config8_Pipeline_CopyMain'.
WARNING: [SYN 201-103] Legalizing function name 'zeropad2d_cl<array<ap_fixed<16, 6, 5, 3, 0>, 4u>, array<ap_fixed<16, 6, 5, 3, 0>, 4u>, config8>_Pipeline_PadBottomWidth' to 'zeropad2d_cl_array_ap_fixed_16_6_5_3_0_4u_array_ap_fixed_16_6_5_3_0_4u_config8_Pipeline_PadBottomWidth'.
WARNING: [SYN 201-103] Legalizing function name 'zeropad2d_cl<array<ap_fixed<16, 6, 5, 3, 0>, 4u>, array<ap_fixed<16, 6, 5, 3, 0>, 4u>, config8>' to 'zeropad2d_cl_array_ap_fixed_16_6_5_3_0_4u_array_ap_fixed_16_6_5_3_0_4u_config8_s'.
WARNING: [SYN 201-103] Legalizing function name 'shift_line_buffer<array<ap_fixed<16, 6, 5, 3, 0>, 4u>, config4>' to 'shift_line_buffer_array_ap_fixed_16_6_5_3_0_4u_config4_s'.
WARNING: [SYN 201-103] Legalizing function name 'dense_resource_rf_gt_nin_rem0<ap_fixed<16, 6, 5, 3, 0>, ap_fixed<39, 19, 5, 3, 0>, config4_mult>' to 'dense_resource_rf_gt_nin_rem0_ap_fixed_16_6_5_3_0_ap_fixed_39_19_5_3_0_config4_mult_s'.
WARNING: [SYN 201-103] Legalizing function name 'compute_output_buffer_2d<array<ap_fixed<16, 6, 5, 3, 0>, 4u>, array<ap_fixed<39, 19, 5, 3, 0>, 4u>, config4>' to 'compute_output_buffer_2d_array_ap_fixed_16_6_5_3_0_4u_array_ap_fixed_39_19_5_3_0_4u_config4_s'.
WARNING: [SYN 201-103] Legalizing function name 'conv_2d_cl<array<ap_fixed<16, 6, 5, 3, 0>, 4u>, array<ap_fixed<39, 19, 5, 3, 0>, 4u>, config4>' to 'conv_2d_cl_array_ap_fixed_16_6_5_3_0_4u_array_ap_fixed_39_19_5_3_0_4u_config4_s'.
WARNING: [SYN 201-103] Legalizing function name 'relu<array<ap_fixed<39, 19, 5, 3, 0>, 4u>, array<ap_fixed<16, 6, 5, 3, 0>, 4u>, relu_config5>' to 'relu_array_ap_fixed_39_19_5_3_0_4u_array_ap_fixed_16_6_5_3_0_4u_relu_config5_s'.
WARNING: [SYN 201-103] Legalizing function name 'zeropad2d_cl<array<ap_fixed<16, 6, 5, 3, 0>, 4u>, array<ap_fixed<16, 6, 5, 3, 0>, 4u>, config9>_Pipeline_PadTopWidth' to 'zeropad2d_cl_array_ap_fixed_16_6_5_3_0_4u_array_ap_fixed_16_6_5_3_0_4u_config9_Pipeline_PadTopWidth'.
WARNING: [SYN 201-103] Legalizing function name 'zeropad2d_cl<array<ap_fixed<16, 6, 5, 3, 0>, 4u>, array<ap_fixed<16, 6, 5, 3, 0>, 4u>, config9>_Pipeline_CopyMain' to 'zeropad2d_cl_array_ap_fixed_16_6_5_3_0_4u_array_ap_fixed_16_6_5_3_0_4u_config9_Pipeline_CopyMain'.
WARNING: [SYN 201-103] Legalizing function name 'zeropad2d_cl<array<ap_fixed<16, 6, 5, 3, 0>, 4u>, array<ap_fixed<16, 6, 5, 3, 0>, 4u>, config9>_Pipeline_PadBottomWidth' to 'zeropad2d_cl_array_ap_fixed_16_6_5_3_0_4u_array_ap_fixed_16_6_5_3_0_4u_config9_Pipeline_PadBottomWidth'.
WARNING: [SYN 201-103] Legalizing function name 'zeropad2d_cl<array<ap_fixed<16, 6, 5, 3, 0>, 4u>, array<ap_fixed<16, 6, 5, 3, 0>, 4u>, config9>' to 'zeropad2d_cl_array_ap_fixed_16_6_5_3_0_4u_array_ap_fixed_16_6_5_3_0_4u_config9_s'.
WARNING: [SYN 201-103] Legalizing function name 'shift_line_buffer<array<ap_fixed<16, 6, 5, 3, 0>, 4u>, config6>' to 'shift_line_buffer_array_ap_fixed_16_6_5_3_0_4u_config6_s'.
WARNING: [SYN 201-103] Legalizing function name 'dense_resource_rf_leq_nin<ap_fixed<16, 6, 5, 3, 0>, ap_fixed<39, 19, 5, 3, 0>, config6_mult>' to 'dense_resource_rf_leq_nin_ap_fixed_16_6_5_3_0_ap_fixed_39_19_5_3_0_config6_mult_s'.
WARNING: [SYN 201-103] Legalizing function name 'compute_output_buffer_2d<array<ap_fixed<16, 6, 5, 3, 0>, 4u>, array<ap_fixed<39, 19, 5, 3, 0>, 1u>, config6>' to 'compute_output_buffer_2d_array_ap_fixed_16_6_5_3_0_4u_array_ap_fixed_39_19_5_3_0_1u_config6_s'.
WARNING: [SYN 201-103] Legalizing function name 'conv_2d_cl<array<ap_fixed<16, 6, 5, 3, 0>, 4u>, array<ap_fixed<39, 19, 5, 3, 0>, 1u>, config6>' to 'conv_2d_cl_array_ap_fixed_16_6_5_3_0_4u_array_ap_fixed_39_19_5_3_0_1u_config6_s'.
INFO: [HLS 200-10] ----------------------------------------------------------------
INFO: [HLS 200-42] -- Implementing module 'zeropad2d_cl_array_ap_fixed_16_6_5_3_0_1u_array_ap_fixed_16_6_5_3_0_1u_config7_Pipeline_PadTopWidth' 
INFO: [HLS 200-10] ----------------------------------------------------------------
INFO: [SCHED 204-11] Starting scheduling ...
INFO: [SCHED 204-61] Pipelining loop 'PadTopWidth'.
INFO: [HLS 200-1470] Pipelining result : Target II = NA, Final II = 1, Depth = 2, loop 'PadTopWidth'
INFO: [SCHED 204-11] Finished scheduling.
INFO: [HLS 200-111] Finished Scheduling: CPU user time: 1 seconds. CPU system time: 0 seconds. Elapsed time: 1.093 seconds; current allocated memory: 1.162 GB.
INFO: [BIND 205-100] Starting micro-architecture generation ...
INFO: [BIND 205-101] Performing variable lifetime analysis.
INFO: [BIND 205-101] Exploring resource sharing.
INFO: [BIND 205-101] Binding ...
INFO: [BIND 205-100] Finished micro-architecture generation.
INFO: [HLS 200-111] Finished Binding: CPU user time: 0 seconds. CPU system time: 0 seconds. Elapsed time: 0.131 seconds; current allocated memory: 1.162 GB.
INFO: [HLS 200-10] ----------------------------------------------------------------
INFO: [HLS 200-42] -- Implementing module 'zeropad2d_cl_array_ap_fixed_16_6_5_3_0_1u_array_ap_fixed_16_6_5_3_0_1u_config7_Pipeline_CopyMain' 
INFO: [HLS 200-10] ----------------------------------------------------------------
INFO: [SCHED 204-11] Starting scheduling ...
INFO: [SCHED 204-61] Pipelining loop 'CopyMain'.
WARNING: [HLS 200-880] The II Violation in module 'zeropad2d_cl_array_ap_fixed_16_6_5_3_0_1u_array_ap_fixed_16_6_5_3_0_1u_config7_Pipeline_CopyMain' (loop 'CopyMain'): Unable to enforce a carried dependence constraint (II = 1, distance = 1, offset = 1) between fifo write operation ('layer7_out_write_ln173', C:/Xilinx/Vitis_HLS/2021.2/common/technology/autopilot/hls_stream_39.h:173) on port 'layer7_out' (C:/Xilinx/Vitis_HLS/2021.2/common/technology/autopilot/hls_stream_39.h:173) and fifo write operation ('layer7_out_write_ln173', C:/Xilinx/Vitis_HLS/2021.2/common/technology/autopilot/hls_stream_39.h:173) on port 'layer7_out' (C:/Xilinx/Vitis_HLS/2021.2/common/technology/autopilot/hls_stream_39.h:173).
Resolution: For help on HLS 200-880 see www.xilinx.com/cgi-bin/docs/rdoc?v=2021.2;t=hls+guidance;d=200-880.html
INFO: [HLS 200-1470] Pipelining result : Target II = NA, Final II = 2, Depth = 3, loop 'CopyMain'
INFO: [SCHED 204-11] Finished scheduling.
INFO: [HLS 200-111] Finished Scheduling: CPU user time: 0 seconds. CPU system time: 0 seconds. Elapsed time: 0.214 seconds; current allocated memory: 1.162 GB.
INFO: [BIND 205-100] Starting micro-architecture generation ...
INFO: [BIND 205-101] Performing variable lifetime analysis.
INFO: [BIND 205-101] Exploring resource sharing.
INFO: [BIND 205-101] Binding ...
INFO: [BIND 205-100] Finished micro-architecture generation.
INFO: [HLS 200-111] Finished Binding: CPU user time: 0 seconds. CPU system time: 0 seconds. Elapsed time: 0.13 seconds; current allocated memory: 1.162 GB.
INFO: [HLS 200-10] ----------------------------------------------------------------
INFO: [HLS 200-42] -- Implementing module 'zeropad2d_cl_array_ap_fixed_16_6_5_3_0_1u_array_ap_fixed_16_6_5_3_0_1u_config7_Pipeline_PadBottomWidth' 
INFO: [HLS 200-10] ----------------------------------------------------------------
INFO: [SCHED 204-11] Starting scheduling ...
INFO: [SCHED 204-61] Pipelining loop 'PadBottomWidth'.
INFO: [HLS 200-1470] Pipelining result : Target II = NA, Final II = 1, Depth = 2, loop 'PadBottomWidth'
INFO: [SCHED 204-11] Finished scheduling.
INFO: [HLS 200-111] Finished Scheduling: CPU user time: 0 seconds. CPU system time: 0 seconds. Elapsed time: 0.195 seconds; current allocated memory: 1.162 GB.
INFO: [BIND 205-100] Starting micro-architecture generation ...
INFO: [BIND 205-101] Performing variable lifetime analysis.
INFO: [BIND 205-101] Exploring resource sharing.
INFO: [BIND 205-101] Binding ...
INFO: [BIND 205-100] Finished micro-architecture generation.
INFO: [HLS 200-111] Finished Binding: CPU user time: 0 seconds. CPU system time: 0 seconds. Elapsed time: 0.128 seconds; current allocated memory: 1.162 GB.
INFO: [HLS 200-10] ----------------------------------------------------------------
INFO: [HLS 200-42] -- Implementing module 'zeropad2d_cl_array_ap_fixed_16_6_5_3_0_1u_array_ap_fixed_16_6_5_3_0_1u_config7_s' 
INFO: [HLS 200-10] ----------------------------------------------------------------
INFO: [SCHED 204-11] Starting scheduling ...
INFO: [SCHED 204-11] Finished scheduling.
INFO: [HLS 200-111] Finished Scheduling: CPU user time: 0 seconds. CPU system time: 0 seconds. Elapsed time: 0.141 seconds; current allocated memory: 1.162 GB.
INFO: [BIND 205-100] Starting micro-architecture generation ...
INFO: [BIND 205-101] Performing variable lifetime analysis.
INFO: [BIND 205-101] Exploring resource sharing.
INFO: [BIND 205-101] Binding ...
INFO: [BIND 205-100] Finished micro-architecture generation.
INFO: [HLS 200-111] Finished Binding: CPU user time: 0 seconds. CPU system time: 0 seconds. Elapsed time: 0.151 seconds; current allocated memory: 1.162 GB.
INFO: [HLS 200-10] ----------------------------------------------------------------
INFO: [HLS 200-42] -- Implementing module 'shift_line_buffer_array_ap_fixed_16_6_5_3_0_1u_config2_s' 
INFO: [HLS 200-10] ----------------------------------------------------------------
INFO: [SCHED 204-11] Starting scheduling ...
INFO: [SCHED 204-61] Pipelining function 'shift_line_buffer<array<ap_fixed<16, 6, 5, 3, 0>, 1u>, config2>'.
INFO: [HLS 200-1470] Pipelining result : Target II = NA, Final II = 1, Depth = 1, function 'shift_line_buffer<array<ap_fixed<16, 6, 5, 3, 0>, 1u>, config2>'
INFO: [SCHED 204-11] Finished scheduling.
INFO: [HLS 200-111] Finished Scheduling: CPU user time: 0 seconds. CPU system time: 0 seconds. Elapsed time: 0.209 seconds; current allocated memory: 1.162 GB.
INFO: [BIND 205-100] Starting micro-architecture generation ...
INFO: [BIND 205-101] Performing variable lifetime analysis.
INFO: [BIND 205-101] Exploring resource sharing.
INFO: [BIND 205-101] Binding ...
INFO: [BIND 205-100] Finished micro-architecture generation.
INFO: [HLS 200-111] Finished Binding: CPU user time: 0 seconds. CPU system time: 0 seconds. Elapsed time: 0.159 seconds; current allocated memory: 1.162 GB.
INFO: [HLS 200-10] ----------------------------------------------------------------
INFO: [HLS 200-42] -- Implementing module 'dense_resource_rf_gt_nin_rem0_ap_fixed_16_6_5_3_0_ap_fixed_37_17_5_3_0_config2_mult_s' 
INFO: [HLS 200-10] ----------------------------------------------------------------
INFO: [SCHED 204-11] Starting scheduling ...
INFO: [HLS 200-486] Changing DSP latency (root=mul_ln1168) to 3 in order to utilize available DSP registers.
INFO: [SCHED 204-61] Pipelining loop 'ReuseLoop'.
INFO: [HLS 200-1470] Pipelining result : Target II = 1, Final II = 1, Depth = 5, loop 'ReuseLoop'
INFO: [SCHED 204-11] Finished scheduling.
INFO: [HLS 200-111] Finished Scheduling: CPU user time: 1 seconds. CPU system time: 0 seconds. Elapsed time: 0.266 seconds; current allocated memory: 1.162 GB.
INFO: [BIND 205-100] Starting micro-architecture generation ...
INFO: [BIND 205-101] Performing variable lifetime analysis.
INFO: [BIND 205-101] Exploring resource sharing.
INFO: [BIND 205-101] Binding ...
INFO: [BIND 205-100] Finished micro-architecture generation.
INFO: [HLS 200-111] Finished Binding: CPU user time: 0 seconds. CPU system time: 0 seconds. Elapsed time: 0.182 seconds; current allocated memory: 1.162 GB.
INFO: [HLS 200-10] ----------------------------------------------------------------
INFO: [HLS 200-42] -- Implementing module 'compute_output_buffer_2d_array_ap_fixed_16_6_5_3_0_1u_array_ap_fixed_37_17_5_3_0_4u_config2_s' 
INFO: [HLS 200-10] ----------------------------------------------------------------
INFO: [SCHED 204-11] Starting scheduling ...
WARNING: [HLS 200-871] Estimated clock period (7.591ns) exceeds the target (target clock period: 10ns, clock uncertainty: 2.7ns, effective delay budget: 7.3ns).
Resolution: For help on HLS 200-871 see www.xilinx.com/cgi-bin/docs/rdoc?v=2021.2;t=hls+guidance;d=200-871.html
WARNING: [HLS 200-1016] The critical path in module 'compute_output_buffer_2d_array_ap_fixed_16_6_5_3_0_1u_array_ap_fixed_37_17_5_3_0_4u_config2_s' consists of the following:	'add' operation ('add_ln303', firmware/nnet_utils/nnet_conv_stream.h:303) [48]  (2.55 ns)
	'icmp' operation ('icmp_ln303', firmware/nnet_utils/nnet_conv_stream.h:303) [49]  (2.47 ns)
	blocking operation 2.57 ns on control path)

Resolution: For help on HLS 200-1016 see www.xilinx.com/cgi-bin/docs/rdoc?v=2021.2;t=hls+guidance;d=200-1016.html
INFO: [SCHED 204-11] Finished scheduling.
INFO: [HLS 200-111] Finished Scheduling: CPU user time: 0 seconds. CPU system time: 0 seconds. Elapsed time: 0.244 seconds; current allocated memory: 1.162 GB.
INFO: [BIND 205-100] Starting micro-architecture generation ...
INFO: [BIND 205-101] Performing variable lifetime analysis.
INFO: [BIND 205-101] Exploring resource sharing.
INFO: [BIND 205-101] Binding ...
INFO: [BIND 205-100] Finished micro-architecture generation.
INFO: [HLS 200-111] Finished Binding: CPU user time: 0 seconds. CPU system time: 0 seconds. Elapsed time: 0.155 seconds; current allocated memory: 1.162 GB.
INFO: [HLS 200-10] ----------------------------------------------------------------
INFO: [HLS 200-42] -- Implementing module 'conv_2d_cl_array_ap_fixed_16_6_5_3_0_1u_array_ap_fixed_37_17_5_3_0_4u_config2_s' 
INFO: [HLS 200-10] ----------------------------------------------------------------
INFO: [SCHED 204-11] Starting scheduling ...
INFO: [SCHED 204-11] Finished scheduling.
INFO: [HLS 200-111] Finished Scheduling: CPU user time: 0 seconds. CPU system time: 0 seconds. Elapsed time: 0.181 seconds; current allocated memory: 1.162 GB.
INFO: [BIND 205-100] Starting micro-architecture generation ...
INFO: [BIND 205-101] Performing variable lifetime analysis.
INFO: [BIND 205-101] Exploring resource sharing.
INFO: [BIND 205-101] Binding ...
INFO: [BIND 205-100] Finished micro-architecture generation.
INFO: [HLS 200-111] Finished Binding: CPU user time: 0 seconds. CPU system time: 0 seconds. Elapsed time: 0.139 seconds; current allocated memory: 1.162 GB.
INFO: [HLS 200-10] ----------------------------------------------------------------
INFO: [HLS 200-42] -- Implementing module 'relu_array_ap_fixed_37_17_5_3_0_4u_array_ap_fixed_16_6_5_3_0_4u_relu_config3_s' 
INFO: [HLS 200-10] ----------------------------------------------------------------
INFO: [SCHED 204-11] Starting scheduling ...
INFO: [SCHED 204-61] Pipelining loop 'ReLUActLoop'.
INFO: [HLS 200-1470] Pipelining result : Target II = NA, Final II = 1, Depth = 3, loop 'ReLUActLoop'
INFO: [SCHED 204-11] Finished scheduling.
INFO: [HLS 200-111] Finished Scheduling: CPU user time: 0 seconds. CPU system time: 0 seconds. Elapsed time: 0.255 seconds; current allocated memory: 1.162 GB.
INFO: [BIND 205-100] Starting micro-architecture generation ...
INFO: [BIND 205-101] Performing variable lifetime analysis.
INFO: [BIND 205-101] Exploring resource sharing.
INFO: [BIND 205-101] Binding ...
INFO: [BIND 205-100] Finished micro-architecture generation.
INFO: [HLS 200-111] Finished Binding: CPU user time: 0 seconds. CPU system time: 0 seconds. Elapsed time: 0.163 seconds; current allocated memory: 1.162 GB.
INFO: [HLS 200-10] ----------------------------------------------------------------
INFO: [HLS 200-42] -- Implementing module 'zeropad2d_cl_array_ap_fixed_16_6_5_3_0_4u_array_ap_fixed_16_6_5_3_0_4u_config8_Pipeline_PadTopWidth' 
INFO: [HLS 200-10] ----------------------------------------------------------------
INFO: [SCHED 204-11] Starting scheduling ...
INFO: [SCHED 204-61] Pipelining loop 'PadTopWidth'.
INFO: [HLS 200-1470] Pipelining result : Target II = NA, Final II = 1, Depth = 2, loop 'PadTopWidth'
INFO: [SCHED 204-11] Finished scheduling.
INFO: [HLS 200-111] Finished Scheduling: CPU user time: 0 seconds. CPU system time: 0 seconds. Elapsed time: 0.217 seconds; current allocated memory: 1.162 GB.
INFO: [BIND 205-100] Starting micro-architecture generation ...
INFO: [BIND 205-101] Performing variable lifetime analysis.
INFO: [BIND 205-101] Exploring resource sharing.
INFO: [BIND 205-101] Binding ...
INFO: [BIND 205-100] Finished micro-architecture generation.
INFO: [HLS 200-111] Finished Binding: CPU user time: 0 seconds. CPU system time: 0 seconds. Elapsed time: 0.133 seconds; current allocated memory: 1.162 GB.
INFO: [HLS 200-10] ----------------------------------------------------------------
INFO: [HLS 200-42] -- Implementing module 'zeropad2d_cl_array_ap_fixed_16_6_5_3_0_4u_array_ap_fixed_16_6_5_3_0_4u_config8_Pipeline_CopyMain' 
INFO: [HLS 200-10] ----------------------------------------------------------------
INFO: [SCHED 204-11] Starting scheduling ...
INFO: [SCHED 204-61] Pipelining loop 'CopyMain'.
WARNING: [HLS 200-880] The II Violation in module 'zeropad2d_cl_array_ap_fixed_16_6_5_3_0_4u_array_ap_fixed_16_6_5_3_0_4u_config8_Pipeline_CopyMain' (loop 'CopyMain'): Unable to enforce a carried dependence constraint (II = 1, distance = 1, offset = 1) between fifo write operation ('layer8_out_write_ln173', C:/Xilinx/Vitis_HLS/2021.2/common/technology/autopilot/hls_stream_39.h:173) on port 'layer8_out' (C:/Xilinx/Vitis_HLS/2021.2/common/technology/autopilot/hls_stream_39.h:173) and fifo write operation ('layer8_out_write_ln173', C:/Xilinx/Vitis_HLS/2021.2/common/technology/autopilot/hls_stream_39.h:173) on port 'layer8_out' (C:/Xilinx/Vitis_HLS/2021.2/common/technology/autopilot/hls_stream_39.h:173).
Resolution: For help on HLS 200-880 see www.xilinx.com/cgi-bin/docs/rdoc?v=2021.2;t=hls+guidance;d=200-880.html
INFO: [HLS 200-1470] Pipelining result : Target II = NA, Final II = 2, Depth = 3, loop 'CopyMain'
INFO: [SCHED 204-11] Finished scheduling.
INFO: [HLS 200-111] Finished Scheduling: CPU user time: 0 seconds. CPU system time: 0 seconds. Elapsed time: 0.225 seconds; current allocated memory: 1.162 GB.
INFO: [BIND 205-100] Starting micro-architecture generation ...
INFO: [BIND 205-101] Performing variable lifetime analysis.
INFO: [BIND 205-101] Exploring resource sharing.
INFO: [BIND 205-101] Binding ...
INFO: [BIND 205-100] Finished micro-architecture generation.
INFO: [HLS 200-111] Finished Binding: CPU user time: 1 seconds. CPU system time: 0 seconds. Elapsed time: 0.151 seconds; current allocated memory: 1.162 GB.
INFO: [HLS 200-10] ----------------------------------------------------------------
INFO: [HLS 200-42] -- Implementing module 'zeropad2d_cl_array_ap_fixed_16_6_5_3_0_4u_array_ap_fixed_16_6_5_3_0_4u_config8_Pipeline_PadBottomWidth' 
INFO: [HLS 200-10] ----------------------------------------------------------------
INFO: [SCHED 204-11] Starting scheduling ...
INFO: [SCHED 204-61] Pipelining loop 'PadBottomWidth'.
INFO: [HLS 200-1470] Pipelining result : Target II = NA, Final II = 1, Depth = 2, loop 'PadBottomWidth'
INFO: [SCHED 204-11] Finished scheduling.
INFO: [HLS 200-111] Finished Scheduling: CPU user time: 0 seconds. CPU system time: 0 seconds. Elapsed time: 0.2 seconds; current allocated memory: 1.162 GB.
INFO: [BIND 205-100] Starting micro-architecture generation ...
INFO: [BIND 205-101] Performing variable lifetime analysis.
INFO: [BIND 205-101] Exploring resource sharing.
INFO: [BIND 205-101] Binding ...
INFO: [BIND 205-100] Finished micro-architecture generation.
INFO: [HLS 200-111] Finished Binding: CPU user time: 0 seconds. CPU system time: 0 seconds. Elapsed time: 0.131 seconds; current allocated memory: 1.162 GB.
INFO: [HLS 200-10] ----------------------------------------------------------------
INFO: [HLS 200-42] -- Implementing module 'zeropad2d_cl_array_ap_fixed_16_6_5_3_0_4u_array_ap_fixed_16_6_5_3_0_4u_config8_s' 
INFO: [HLS 200-10] ----------------------------------------------------------------
INFO: [SCHED 204-11] Starting scheduling ...
INFO: [SCHED 204-11] Finished scheduling.
INFO: [HLS 200-111] Finished Scheduling: CPU user time: 0 seconds. CPU system time: 0 seconds. Elapsed time: 0.147 seconds; current allocated memory: 1.162 GB.
INFO: [BIND 205-100] Starting micro-architecture generation ...
INFO: [BIND 205-101] Performing variable lifetime analysis.
INFO: [BIND 205-101] Exploring resource sharing.
INFO: [BIND 205-101] Binding ...
INFO: [BIND 205-100] Finished micro-architecture generation.
INFO: [HLS 200-111] Finished Binding: CPU user time: 0 seconds. CPU system time: 0 seconds. Elapsed time: 0.167 seconds; current allocated memory: 1.162 GB.
INFO: [HLS 200-10] ----------------------------------------------------------------
INFO: [HLS 200-42] -- Implementing module 'shift_line_buffer_array_ap_fixed_16_6_5_3_0_4u_config4_s' 
INFO: [HLS 200-10] ----------------------------------------------------------------
INFO: [SCHED 204-11] Starting scheduling ...
INFO: [SCHED 204-61] Pipelining function 'shift_line_buffer<array<ap_fixed<16, 6, 5, 3, 0>, 4u>, config4>'.
INFO: [HLS 200-1470] Pipelining result : Target II = NA, Final II = 1, Depth = 1, function 'shift_line_buffer<array<ap_fixed<16, 6, 5, 3, 0>, 4u>, config4>'
INFO: [SCHED 204-11] Finished scheduling.
INFO: [HLS 200-111] Finished Scheduling: CPU user time: 0 seconds. CPU system time: 0 seconds. Elapsed time: 0.276 seconds; current allocated memory: 1.162 GB.
INFO: [BIND 205-100] Starting micro-architecture generation ...
INFO: [BIND 205-101] Performing variable lifetime analysis.
INFO: [BIND 205-101] Exploring resource sharing.
INFO: [BIND 205-101] Binding ...
INFO: [BIND 205-100] Finished micro-architecture generation.
INFO: [HLS 200-111] Finished Binding: CPU user time: 0 seconds. CPU system time: 0 seconds. Elapsed time: 0.179 seconds; current allocated memory: 1.162 GB.
INFO: [HLS 200-10] ----------------------------------------------------------------
INFO: [HLS 200-42] -- Implementing module 'dense_resource_rf_gt_nin_rem0_ap_fixed_16_6_5_3_0_ap_fixed_39_19_5_3_0_config4_mult_s' 
INFO: [HLS 200-10] ----------------------------------------------------------------
INFO: [SCHED 204-11] Starting scheduling ...
INFO: [HLS 200-486] Changing DSP latency (root=mul_ln1168) to 3 in order to utilize available DSP registers.
INFO: [SCHED 204-61] Pipelining loop 'ReuseLoop'.
INFO: [HLS 200-1470] Pipelining result : Target II = 1, Final II = 1, Depth = 5, loop 'ReuseLoop'
INFO: [SCHED 204-11] Finished scheduling.
INFO: [HLS 200-111] Finished Scheduling: CPU user time: 0 seconds. CPU system time: 1 seconds. Elapsed time: 0.28 seconds; current allocated memory: 1.162 GB.
INFO: [BIND 205-100] Starting micro-architecture generation ...
INFO: [BIND 205-101] Performing variable lifetime analysis.
INFO: [BIND 205-101] Exploring resource sharing.
INFO: [BIND 205-101] Binding ...
INFO: [BIND 205-100] Finished micro-architecture generation.
INFO: [HLS 200-111] Finished Binding: CPU user time: 0 seconds. CPU system time: 0 seconds. Elapsed time: 0.176 seconds; current allocated memory: 1.162 GB.
INFO: [HLS 200-10] ----------------------------------------------------------------
INFO: [HLS 200-42] -- Implementing module 'compute_output_buffer_2d_array_ap_fixed_16_6_5_3_0_4u_array_ap_fixed_39_19_5_3_0_4u_config4_s' 
INFO: [HLS 200-10] ----------------------------------------------------------------
INFO: [SCHED 204-11] Starting scheduling ...
WARNING: [HLS 200-871] Estimated clock period (7.591ns) exceeds the target (target clock period: 10ns, clock uncertainty: 2.7ns, effective delay budget: 7.3ns).
Resolution: For help on HLS 200-871 see www.xilinx.com/cgi-bin/docs/rdoc?v=2021.2;t=hls+guidance;d=200-871.html
WARNING: [HLS 200-1016] The critical path in module 'compute_output_buffer_2d_array_ap_fixed_16_6_5_3_0_4u_array_ap_fixed_39_19_5_3_0_4u_config4_s' consists of the following:	'add' operation ('add_ln303', firmware/nnet_utils/nnet_conv_stream.h:303) [87]  (2.55 ns)
	'icmp' operation ('icmp_ln303', firmware/nnet_utils/nnet_conv_stream.h:303) [88]  (2.47 ns)
	blocking operation 2.57 ns on control path)

Resolution: For help on HLS 200-1016 see www.xilinx.com/cgi-bin/docs/rdoc?v=2021.2;t=hls+guidance;d=200-1016.html
INFO: [SCHED 204-11] Finished scheduling.
INFO: [HLS 200-111] Finished Scheduling: CPU user time: 0 seconds. CPU system time: 0 seconds. Elapsed time: 0.273 seconds; current allocated memory: 1.162 GB.
INFO: [BIND 205-100] Starting micro-architecture generation ...
INFO: [BIND 205-101] Performing variable lifetime analysis.
INFO: [BIND 205-101] Exploring resource sharing.
INFO: [BIND 205-101] Binding ...
INFO: [BIND 205-100] Finished micro-architecture generation.
INFO: [HLS 200-111] Finished Binding: CPU user time: 0 seconds. CPU system time: 0 seconds. Elapsed time: 0.156 seconds; current allocated memory: 1.162 GB.
INFO: [HLS 200-10] ----------------------------------------------------------------
INFO: [HLS 200-42] -- Implementing module 'conv_2d_cl_array_ap_fixed_16_6_5_3_0_4u_array_ap_fixed_39_19_5_3_0_4u_config4_s' 
INFO: [HLS 200-10] ----------------------------------------------------------------
INFO: [SCHED 204-11] Starting scheduling ...
INFO: [SCHED 204-11] Finished scheduling.
INFO: [HLS 200-111] Finished Scheduling: CPU user time: 1 seconds. CPU system time: 0 seconds. Elapsed time: 0.199 seconds; current allocated memory: 1.162 GB.
INFO: [BIND 205-100] Starting micro-architecture generation ...
INFO: [BIND 205-101] Performing variable lifetime analysis.
INFO: [BIND 205-101] Exploring resource sharing.
INFO: [BIND 205-101] Binding ...
INFO: [BIND 205-100] Finished micro-architecture generation.
INFO: [HLS 200-111] Finished Binding: CPU user time: 0 seconds. CPU system time: 0 seconds. Elapsed time: 0.141 seconds; current allocated memory: 1.162 GB.
INFO: [HLS 200-10] ----------------------------------------------------------------
INFO: [HLS 200-42] -- Implementing module 'relu_array_ap_fixed_39_19_5_3_0_4u_array_ap_fixed_16_6_5_3_0_4u_relu_config5_s' 
INFO: [HLS 200-10] ----------------------------------------------------------------
INFO: [SCHED 204-11] Starting scheduling ...
INFO: [SCHED 204-61] Pipelining loop 'ReLUActLoop'.
INFO: [HLS 200-1470] Pipelining result : Target II = NA, Final II = 1, Depth = 3, loop 'ReLUActLoop'
INFO: [SCHED 204-11] Finished scheduling.
INFO: [HLS 200-111] Finished Scheduling: CPU user time: 0 seconds. CPU system time: 0 seconds. Elapsed time: 0.278 seconds; current allocated memory: 1.162 GB.
INFO: [BIND 205-100] Starting micro-architecture generation ...
INFO: [BIND 205-101] Performing variable lifetime analysis.
INFO: [BIND 205-101] Exploring resource sharing.
INFO: [BIND 205-101] Binding ...
INFO: [BIND 205-100] Finished micro-architecture generation.
INFO: [HLS 200-111] Finished Binding: CPU user time: 0 seconds. CPU system time: 0 seconds. Elapsed time: 0.135 seconds; current allocated memory: 1.162 GB.
INFO: [HLS 200-10] ----------------------------------------------------------------
INFO: [HLS 200-42] -- Implementing module 'zeropad2d_cl_array_ap_fixed_16_6_5_3_0_4u_array_ap_fixed_16_6_5_3_0_4u_config9_Pipeline_PadTopWidth' 
INFO: [HLS 200-10] ----------------------------------------------------------------
INFO: [SCHED 204-11] Starting scheduling ...
INFO: [SCHED 204-61] Pipelining loop 'PadTopWidth'.
INFO: [HLS 200-1470] Pipelining result : Target II = NA, Final II = 1, Depth = 2, loop 'PadTopWidth'
INFO: [SCHED 204-11] Finished scheduling.
INFO: [HLS 200-111] Finished Scheduling: CPU user time: 0 seconds. CPU system time: 0 seconds. Elapsed time: 0.229 seconds; current allocated memory: 1.162 GB.
INFO: [BIND 205-100] Starting micro-architecture generation ...
INFO: [BIND 205-101] Performing variable lifetime analysis.
INFO: [BIND 205-101] Exploring resource sharing.
INFO: [BIND 205-101] Binding ...
INFO: [BIND 205-100] Finished micro-architecture generation.
INFO: [HLS 200-111] Finished Binding: CPU user time: 0 seconds. CPU system time: 0 seconds. Elapsed time: 0.153 seconds; current allocated memory: 1.162 GB.
INFO: [HLS 200-10] ----------------------------------------------------------------
INFO: [HLS 200-42] -- Implementing module 'zeropad2d_cl_array_ap_fixed_16_6_5_3_0_4u_array_ap_fixed_16_6_5_3_0_4u_config9_Pipeline_CopyMain' 
INFO: [HLS 200-10] ----------------------------------------------------------------
INFO: [SCHED 204-11] Starting scheduling ...
INFO: [SCHED 204-61] Pipelining loop 'CopyMain'.
WARNING: [HLS 200-880] The II Violation in module 'zeropad2d_cl_array_ap_fixed_16_6_5_3_0_4u_array_ap_fixed_16_6_5_3_0_4u_config9_Pipeline_CopyMain' (loop 'CopyMain'): Unable to enforce a carried dependence constraint (II = 1, distance = 1, offset = 1) between fifo write operation ('layer9_out_write_ln173', C:/Xilinx/Vitis_HLS/2021.2/common/technology/autopilot/hls_stream_39.h:173) on port 'layer9_out' (C:/Xilinx/Vitis_HLS/2021.2/common/technology/autopilot/hls_stream_39.h:173) and fifo write operation ('layer9_out_write_ln173', C:/Xilinx/Vitis_HLS/2021.2/common/technology/autopilot/hls_stream_39.h:173) on port 'layer9_out' (C:/Xilinx/Vitis_HLS/2021.2/common/technology/autopilot/hls_stream_39.h:173).
Resolution: For help on HLS 200-880 see www.xilinx.com/cgi-bin/docs/rdoc?v=2021.2;t=hls+guidance;d=200-880.html
INFO: [HLS 200-1470] Pipelining result : Target II = NA, Final II = 2, Depth = 3, loop 'CopyMain'
INFO: [SCHED 204-11] Finished scheduling.
INFO: [HLS 200-111] Finished Scheduling: CPU user time: 0 seconds. CPU system time: 0 seconds. Elapsed time: 0.281 seconds; current allocated memory: 1.162 GB.
INFO: [BIND 205-100] Starting micro-architecture generation ...
INFO: [BIND 205-101] Performing variable lifetime analysis.
INFO: [BIND 205-101] Exploring resource sharing.
INFO: [BIND 205-101] Binding ...
INFO: [BIND 205-100] Finished micro-architecture generation.
INFO: [HLS 200-111] Finished Binding: CPU user time: 0 seconds. CPU system time: 0 seconds. Elapsed time: 0.207 seconds; current allocated memory: 1.162 GB.
INFO: [HLS 200-10] ----------------------------------------------------------------
INFO: [HLS 200-42] -- Implementing module 'zeropad2d_cl_array_ap_fixed_16_6_5_3_0_4u_array_ap_fixed_16_6_5_3_0_4u_config9_Pipeline_PadBottomWidth' 
INFO: [HLS 200-10] ----------------------------------------------------------------
INFO: [SCHED 204-11] Starting scheduling ...
INFO: [SCHED 204-61] Pipelining loop 'PadBottomWidth'.
INFO: [HLS 200-1470] Pipelining result : Target II = NA, Final II = 1, Depth = 2, loop 'PadBottomWidth'
INFO: [SCHED 204-11] Finished scheduling.
INFO: [HLS 200-111] Finished Scheduling: CPU user time: 1 seconds. CPU system time: 0 seconds. Elapsed time: 0.254 seconds; current allocated memory: 1.162 GB.
INFO: [BIND 205-100] Starting micro-architecture generation ...
INFO: [BIND 205-101] Performing variable lifetime analysis.
INFO: [BIND 205-101] Exploring resource sharing.
INFO: [BIND 205-101] Binding ...
INFO: [BIND 205-100] Finished micro-architecture generation.
INFO: [HLS 200-111] Finished Binding: CPU user time: 0 seconds. CPU system time: 0 seconds. Elapsed time: 0.189 seconds; current allocated memory: 1.162 GB.
INFO: [HLS 200-10] ----------------------------------------------------------------
INFO: [HLS 200-42] -- Implementing module 'zeropad2d_cl_array_ap_fixed_16_6_5_3_0_4u_array_ap_fixed_16_6_5_3_0_4u_config9_s' 
INFO: [HLS 200-10] ----------------------------------------------------------------
INFO: [SCHED 204-11] Starting scheduling ...
INFO: [SCHED 204-11] Finished scheduling.
INFO: [HLS 200-111] Finished Scheduling: CPU user time: 0 seconds. CPU system time: 0 seconds. Elapsed time: 0.173 seconds; current allocated memory: 1.162 GB.
INFO: [BIND 205-100] Starting micro-architecture generation ...
INFO: [BIND 205-101] Performing variable lifetime analysis.
INFO: [BIND 205-101] Exploring resource sharing.
INFO: [BIND 205-101] Binding ...
INFO: [BIND 205-100] Finished micro-architecture generation.
INFO: [HLS 200-111] Finished Binding: CPU user time: 0 seconds. CPU system time: 0 seconds. Elapsed time: 0.164 seconds; current allocated memory: 1.162 GB.
INFO: [HLS 200-10] ----------------------------------------------------------------
INFO: [HLS 200-42] -- Implementing module 'shift_line_buffer_array_ap_fixed_16_6_5_3_0_4u_config6_s' 
INFO: [HLS 200-10] ----------------------------------------------------------------
INFO: [SCHED 204-11] Starting scheduling ...
INFO: [SCHED 204-61] Pipelining function 'shift_line_buffer<array<ap_fixed<16, 6, 5, 3, 0>, 4u>, config6>'.
INFO: [HLS 200-1470] Pipelining result : Target II = NA, Final II = 1, Depth = 1, function 'shift_line_buffer<array<ap_fixed<16, 6, 5, 3, 0>, 4u>, config6>'
INFO: [SCHED 204-11] Finished scheduling.
INFO: [HLS 200-111] Finished Scheduling: CPU user time: 0 seconds. CPU system time: 0 seconds. Elapsed time: 0.227 seconds; current allocated memory: 1.162 GB.
INFO: [BIND 205-100] Starting micro-architecture generation ...
INFO: [BIND 205-101] Performing variable lifetime analysis.
INFO: [BIND 205-101] Exploring resource sharing.
INFO: [BIND 205-101] Binding ...
INFO: [BIND 205-100] Finished micro-architecture generation.
INFO: [HLS 200-111] Finished Binding: CPU user time: 0 seconds. CPU system time: 0 seconds. Elapsed time: 0.156 seconds; current allocated memory: 1.162 GB.
INFO: [HLS 200-10] ----------------------------------------------------------------
INFO: [HLS 200-42] -- Implementing module 'dense_resource_rf_leq_nin_ap_fixed_16_6_5_3_0_ap_fixed_39_19_5_3_0_config6_mult_s' 
INFO: [HLS 200-10] ----------------------------------------------------------------
INFO: [SCHED 204-11] Starting scheduling ...
INFO: [HLS 200-486] Changing DSP latency (root=mul_ln1168) to 3 in order to utilize available DSP registers.
INFO: [SCHED 204-61] Pipelining loop 'ReuseLoop'.
INFO: [HLS 200-1470] Pipelining result : Target II = 1, Final II = 1, Depth = 5, loop 'ReuseLoop'
INFO: [SCHED 204-11] Finished scheduling.
INFO: [HLS 200-111] Finished Scheduling: CPU user time: 0 seconds. CPU system time: 0 seconds. Elapsed time: 0.27 seconds; current allocated memory: 1.162 GB.
INFO: [BIND 205-100] Starting micro-architecture generation ...
INFO: [BIND 205-101] Performing variable lifetime analysis.
INFO: [BIND 205-101] Exploring resource sharing.
INFO: [BIND 205-101] Binding ...
INFO: [BIND 205-100] Finished micro-architecture generation.
INFO: [HLS 200-111] Finished Binding: CPU user time: 0 seconds. CPU system time: 0 seconds. Elapsed time: 0.187 seconds; current allocated memory: 1.162 GB.
INFO: [HLS 200-10] ----------------------------------------------------------------
INFO: [HLS 200-42] -- Implementing module 'compute_output_buffer_2d_array_ap_fixed_16_6_5_3_0_4u_array_ap_fixed_39_19_5_3_0_1u_config6_s' 
INFO: [HLS 200-10] ----------------------------------------------------------------
INFO: [SCHED 204-11] Starting scheduling ...
WARNING: [HLS 200-871] Estimated clock period (7.591ns) exceeds the target (target clock period: 10ns, clock uncertainty: 2.7ns, effective delay budget: 7.3ns).
Resolution: For help on HLS 200-871 see www.xilinx.com/cgi-bin/docs/rdoc?v=2021.2;t=hls+guidance;d=200-871.html
WARNING: [HLS 200-1016] The critical path in module 'compute_output_buffer_2d_array_ap_fixed_16_6_5_3_0_4u_array_ap_fixed_39_19_5_3_0_1u_config6_s' consists of the following:	'add' operation ('add_ln303', firmware/nnet_utils/nnet_conv_stream.h:303) [83]  (2.55 ns)
	'icmp' operation ('icmp_ln303', firmware/nnet_utils/nnet_conv_stream.h:303) [84]  (2.47 ns)
	blocking operation 2.57 ns on control path)

Resolution: For help on HLS 200-1016 see www.xilinx.com/cgi-bin/docs/rdoc?v=2021.2;t=hls+guidance;d=200-1016.html
INFO: [SCHED 204-11] Finished scheduling.
INFO: [HLS 200-111] Finished Scheduling: CPU user time: 1 seconds. CPU system time: 0 seconds. Elapsed time: 0.275 seconds; current allocated memory: 1.162 GB.
INFO: [BIND 205-100] Starting micro-architecture generation ...
INFO: [BIND 205-101] Performing variable lifetime analysis.
INFO: [BIND 205-101] Exploring resource sharing.
INFO: [BIND 205-101] Binding ...
INFO: [BIND 205-100] Finished micro-architecture generation.
INFO: [HLS 200-111] Finished Binding: CPU user time: 0 seconds. CPU system time: 0 seconds. Elapsed time: 0.158 seconds; current allocated memory: 1.162 GB.
INFO: [HLS 200-10] ----------------------------------------------------------------
INFO: [HLS 200-42] -- Implementing module 'conv_2d_cl_array_ap_fixed_16_6_5_3_0_4u_array_ap_fixed_39_19_5_3_0_1u_config6_s' 
INFO: [HLS 200-10] ----------------------------------------------------------------
INFO: [SCHED 204-11] Starting scheduling ...
INFO: [SCHED 204-11] Finished scheduling.
INFO: [HLS 200-111] Finished Scheduling: CPU user time: 0 seconds. CPU system time: 0 seconds. Elapsed time: 0.212 seconds; current allocated memory: 1.162 GB.
INFO: [BIND 205-100] Starting micro-architecture generation ...
INFO: [BIND 205-101] Performing variable lifetime analysis.
INFO: [BIND 205-101] Exploring resource sharing.
INFO: [BIND 205-101] Binding ...
INFO: [BIND 205-100] Finished micro-architecture generation.
INFO: [HLS 200-111] Finished Binding: CPU user time: 0 seconds. CPU system time: 0 seconds. Elapsed time: 0.153 seconds; current allocated memory: 1.162 GB.
INFO: [HLS 200-10] ----------------------------------------------------------------
INFO: [HLS 200-42] -- Implementing module 'edge_cnn_linear' 
INFO: [HLS 200-10] ----------------------------------------------------------------
INFO: [SCHED 204-11] Starting scheduling ...
INFO: [SCHED 204-11] Finished scheduling.
INFO: [HLS 200-111] Finished Scheduling: CPU user time: 0 seconds. CPU system time: 0 seconds. Elapsed time: 0.214 seconds; current allocated memory: 1.162 GB.
INFO: [BIND 205-100] Starting micro-architecture generation ...
INFO: [BIND 205-101] Performing variable lifetime analysis.
INFO: [BIND 205-101] Exploring resource sharing.
INFO: [BIND 205-101] Binding ...
INFO: [BIND 205-100] Finished micro-architecture generation.
INFO: [HLS 200-111] Finished Binding: CPU user time: 0 seconds. CPU system time: 0 seconds. Elapsed time: 0.296 seconds; current allocated memory: 1.162 GB.
INFO: [HLS 200-10] ----------------------------------------------------------------
INFO: [HLS 200-10] -- Generating RTL for module 'zeropad2d_cl_array_ap_fixed_16_6_5_3_0_1u_array_ap_fixed_16_6_5_3_0_1u_config7_Pipeline_PadTopWidth' 
INFO: [HLS 200-10] ----------------------------------------------------------------
INFO: [HLS 200-1030] Apply Unified Pipeline Control on module 'zeropad2d_cl_array_ap_fixed_16_6_5_3_0_1u_array_ap_fixed_16_6_5_3_0_1u_config7_Pipeline_PadTopWidth' pipeline 'PadTopWidth' pipeline type 'loop pipeline'
INFO: [RTGEN 206-100] Finished creating RTL model for 'zeropad2d_cl_array_ap_fixed_16_6_5_3_0_1u_array_ap_fixed_16_6_5_3_0_1u_config7_Pipeline_PadTopWidth'.
INFO: [HLS 200-111] Finished Creating RTL model: CPU user time: 1 seconds. CPU system time: 0 seconds. Elapsed time: 0.47 seconds; current allocated memory: 1.162 GB.
INFO: [HLS 200-10] ----------------------------------------------------------------
INFO: [HLS 200-10] -- Generating RTL for module 'zeropad2d_cl_array_ap_fixed_16_6_5_3_0_1u_array_ap_fixed_16_6_5_3_0_1u_config7_Pipeline_CopyMain' 
INFO: [HLS 200-10] ----------------------------------------------------------------
INFO: [HLS 200-1030] Apply Unified Pipeline Control on module 'zeropad2d_cl_array_ap_fixed_16_6_5_3_0_1u_array_ap_fixed_16_6_5_3_0_1u_config7_Pipeline_CopyMain' pipeline 'CopyMain' pipeline type 'loop pipeline'
INFO: [RTGEN 206-100] Finished creating RTL model for 'zeropad2d_cl_array_ap_fixed_16_6_5_3_0_1u_array_ap_fixed_16_6_5_3_0_1u_config7_Pipeline_CopyMain'.
INFO: [HLS 200-111] Finished Creating RTL model: CPU user time: 0 seconds. CPU system time: 0 seconds. Elapsed time: 0.221 seconds; current allocated memory: 1.162 GB.
INFO: [HLS 200-10] ----------------------------------------------------------------
INFO: [HLS 200-10] -- Generating RTL for module 'zeropad2d_cl_array_ap_fixed_16_6_5_3_0_1u_array_ap_fixed_16_6_5_3_0_1u_config7_Pipeline_PadBottomWidth' 
INFO: [HLS 200-10] ----------------------------------------------------------------
INFO: [HLS 200-1030] Apply Unified Pipeline Control on module 'zeropad2d_cl_array_ap_fixed_16_6_5_3_0_1u_array_ap_fixed_16_6_5_3_0_1u_config7_Pipeline_PadBottomWidth' pipeline 'PadBottomWidth' pipeline type 'loop pipeline'
INFO: [RTGEN 206-100] Finished creating RTL model for 'zeropad2d_cl_array_ap_fixed_16_6_5_3_0_1u_array_ap_fixed_16_6_5_3_0_1u_config7_Pipeline_PadBottomWidth'.
INFO: [HLS 200-111] Finished Creating RTL model: CPU user time: 0 seconds. CPU system time: 0 seconds. Elapsed time: 0.243 seconds; current allocated memory: 1.162 GB.
INFO: [HLS 200-10] ----------------------------------------------------------------
INFO: [HLS 200-10] -- Generating RTL for module 'zeropad2d_cl_array_ap_fixed_16_6_5_3_0_1u_array_ap_fixed_16_6_5_3_0_1u_config7_s' 
INFO: [HLS 200-10] ----------------------------------------------------------------
INFO: [RTGEN 206-100] Finished creating RTL model for 'zeropad2d_cl_array_ap_fixed_16_6_5_3_0_1u_array_ap_fixed_16_6_5_3_0_1u_config7_s'.
INFO: [HLS 200-111] Finished Creating RTL model: CPU user time: 0 seconds. CPU system time: 0 seconds. Elapsed time: 0.196 seconds; current allocated memory: 1.162 GB.
INFO: [HLS 200-10] ----------------------------------------------------------------
INFO: [HLS 200-10] -- Generating RTL for module 'shift_line_buffer_array_ap_fixed_16_6_5_3_0_1u_config2_s' 
INFO: [HLS 200-10] ----------------------------------------------------------------
INFO: [SYN 201-210] Renamed object name 'shift_line_buffer_array_ap_fixed_16_6_5_3_0_1u_config2_s_void_conv_2d_buffer_cl_array_ap_fixed_16_6_5_3_0_1u_array_ap_fixed_37_17_5_3_0_4u_config2_stream_array_ap_fixed_16_6_5_3_0_1u_0_stream_array_ap_fixed_37_17_5_3_0_4u_0_weight_t_bias_t_line_buffer_0_SHIFTREG_AUTO_0R0W' to 'shift_line_buffer_array_ap_fixed_16_6_5_3_0_1u_config2_s_void_conv_2d_buffer_bkb' due to the length limit 80
INFO: [SYN 201-210] Renamed object name 'shift_line_buffer_array_ap_fixed_16_6_5_3_0_1u_config2_s_void_conv_2d_buffer_cl_array_ap_fixed_16_6_5_3_0_1u_array_ap_fixed_37_17_5_3_0_4u_config2_stream_array_ap_fixed_16_6_5_3_0_1u_0_stream_array_ap_fixed_37_17_5_3_0_4u_0_weight_t_bias_t_line_buffer_1_SHIFTREG_AUTO_0R0W' to 'shift_line_buffer_array_ap_fixed_16_6_5_3_0_1u_config2_s_void_conv_2d_buffer_cud' due to the length limit 80
INFO: [RTGEN 206-100] Finished creating RTL model for 'shift_line_buffer_array_ap_fixed_16_6_5_3_0_1u_config2_s'.
INFO: [HLS 200-111] Finished Creating RTL model: CPU user time: 0 seconds. CPU system time: 0 seconds. Elapsed time: 0.305 seconds; current allocated memory: 1.162 GB.
INFO: [HLS 200-10] ----------------------------------------------------------------
INFO: [HLS 200-10] -- Generating RTL for module 'dense_resource_rf_gt_nin_rem0_ap_fixed_16_6_5_3_0_ap_fixed_37_17_5_3_0_config2_mult_s' 
INFO: [HLS 200-10] ----------------------------------------------------------------
INFO: [SYN 201-210] Renamed object name 'dense_resource_rf_gt_nin_rem0_ap_fixed_16_6_5_3_0_ap_fixed_37_17_5_3_0_config2_mult_s_outidx_1_ROM_AUTO_1R' to 'dense_resource_rf_gt_nin_rem0_ap_fixed_16_6_5_3_0_ap_fixed_37_17_5_3_0_configdEe' due to the length limit 80
INFO: [SYN 201-210] Renamed object name 'dense_resource_rf_gt_nin_rem0_ap_fixed_16_6_5_3_0_ap_fixed_37_17_5_3_0_config2_mult_s_w2_V_ROM_NP_BRAM_1R' to 'dense_resource_rf_gt_nin_rem0_ap_fixed_16_6_5_3_0_ap_fixed_37_17_5_3_0_configeOg' due to the length limit 80
INFO: [HLS 200-1030] Apply Unified Pipeline Control on module 'dense_resource_rf_gt_nin_rem0_ap_fixed_16_6_5_3_0_ap_fixed_37_17_5_3_0_config2_mult_s' pipeline 'ReuseLoop' pipeline type 'rewind pipeline'
INFO: [RTGEN 206-100] Generating core module 'mul_mul_16s_11s_26_4_1': 1 instance(s).
INFO: [RTGEN 206-100] Generating core module 'mux_42_16_1_1': 1 instance(s).
INFO: [RTGEN 206-100] Generating core module 'mux_932_16_1_1': 1 instance(s).
INFO: [RTGEN 206-100] Finished creating RTL model for 'dense_resource_rf_gt_nin_rem0_ap_fixed_16_6_5_3_0_ap_fixed_37_17_5_3_0_config2_mult_s'.
INFO: [HLS 200-111] Finished Creating RTL model: CPU user time: 0 seconds. CPU system time: 0 seconds. Elapsed time: 0.389 seconds; current allocated memory: 1.162 GB.
INFO: [HLS 200-10] ----------------------------------------------------------------
INFO: [HLS 200-10] -- Generating RTL for module 'compute_output_buffer_2d_array_ap_fixed_16_6_5_3_0_1u_array_ap_fixed_37_17_5_3_0_4u_config2_s' 
INFO: [HLS 200-10] ----------------------------------------------------------------
WARNING: [RTGEN 206-101] Register 'void_compute_output_buffer_2d_array_array_ap_fixed_4u_config2_array_ap_fixed_16_6_5_3_0_1u_const_ap_shift_reg_value_type_in_width_n_chan_stream_array_ap_fixed_37_17_5_3_0_4u_0_weight_t_bias_t_kernel_data_7' is power-on initialization.
WARNING: [RTGEN 206-101] Register 'void_compute_output_buffer_2d_array_array_ap_fixed_4u_config2_array_ap_fixed_16_6_5_3_0_1u_const_ap_shift_reg_value_type_in_width_n_chan_stream_array_ap_fixed_37_17_5_3_0_4u_0_weight_t_bias_t_kernel_data_8' is power-on initialization.
WARNING: [RTGEN 206-101] Register 'void_compute_output_buffer_2d_array_array_ap_fixed_4u_config2_array_ap_fixed_16_6_5_3_0_1u_const_ap_shift_reg_value_type_in_width_n_chan_stream_array_ap_fixed_37_17_5_3_0_4u_0_weight_t_bias_t_kernel_data_4' is power-on initialization.
WARNING: [RTGEN 206-101] Register 'void_compute_output_buffer_2d_array_array_ap_fixed_4u_config2_array_ap_fixed_16_6_5_3_0_1u_const_ap_shift_reg_value_type_in_width_n_chan_stream_array_ap_fixed_37_17_5_3_0_4u_0_weight_t_bias_t_kernel_data_5' is power-on initialization.
WARNING: [RTGEN 206-101] Register 'void_compute_output_buffer_2d_array_array_ap_fixed_4u_config2_array_ap_fixed_16_6_5_3_0_1u_const_ap_shift_reg_value_type_in_width_n_chan_stream_array_ap_fixed_37_17_5_3_0_4u_0_weight_t_bias_t_kernel_data_1' is power-on initialization.
WARNING: [RTGEN 206-101] Register 'void_compute_output_buffer_2d_array_array_ap_fixed_4u_config2_array_ap_fixed_16_6_5_3_0_1u_const_ap_shift_reg_value_type_in_width_n_chan_stream_array_ap_fixed_37_17_5_3_0_4u_0_weight_t_bias_t_kernel_data_2' is power-on initialization.
WARNING: [RTGEN 206-101] Register 'void_compute_output_buffer_2d_array_array_ap_fixed_4u_config2_array_ap_fixed_16_6_5_3_0_1u_const_ap_shift_reg_value_type_in_width_n_chan_stream_array_ap_fixed_37_17_5_3_0_4u_0_weight_t_bias_t_kernel_data_6' is power-on initialization.
WARNING: [RTGEN 206-101] Register 'void_compute_output_buffer_2d_array_array_ap_fixed_4u_config2_array_ap_fixed_16_6_5_3_0_1u_const_ap_shift_reg_value_type_in_width_n_chan_stream_array_ap_fixed_37_17_5_3_0_4u_0_weight_t_bias_t_kernel_data_3' is power-on initialization.
WARNING: [RTGEN 206-101] Register 'void_compute_output_buffer_2d_array_array_ap_fixed_4u_config2_array_ap_fixed_16_6_5_3_0_1u_const_ap_shift_reg_value_type_in_width_n_chan_stream_array_ap_fixed_37_17_5_3_0_4u_0_weight_t_bias_t_kernel_data' is power-on initialization.
WARNING: [RTGEN 206-101] Register 'sX_2' is power-on initialization.
WARNING: [RTGEN 206-101] Register 'sY_2' is power-on initialization.
WARNING: [RTGEN 206-101] Register 'pY_2' is power-on initialization.
WARNING: [RTGEN 206-101] Register 'pX_2' is power-on initialization.
INFO: [RTGEN 206-100] Finished creating RTL model for 'compute_output_buffer_2d_array_ap_fixed_16_6_5_3_0_1u_array_ap_fixed_37_17_5_3_0_4u_config2_s'.
INFO: [HLS 200-111] Finished Creating RTL model: CPU user time: 1 seconds. CPU system time: 0 seconds. Elapsed time: 0.844 seconds; current allocated memory: 1.162 GB.
INFO: [HLS 200-10] ----------------------------------------------------------------
INFO: [HLS 200-10] -- Generating RTL for module 'conv_2d_cl_array_ap_fixed_16_6_5_3_0_1u_array_ap_fixed_37_17_5_3_0_4u_config2_s' 
INFO: [HLS 200-10] ----------------------------------------------------------------
INFO: [RTGEN 206-100] Finished creating RTL model for 'conv_2d_cl_array_ap_fixed_16_6_5_3_0_1u_array_ap_fixed_37_17_5_3_0_4u_config2_s'.
INFO: [HLS 200-111] Finished Creating RTL model: CPU user time: 0 seconds. CPU system time: 0 seconds. Elapsed time: 0.399 seconds; current allocated memory: 1.162 GB.
INFO: [HLS 200-10] ----------------------------------------------------------------
INFO: [HLS 200-10] -- Generating RTL for module 'relu_array_ap_fixed_37_17_5_3_0_4u_array_ap_fixed_16_6_5_3_0_4u_relu_config3_s' 
INFO: [HLS 200-10] ----------------------------------------------------------------
INFO: [HLS 200-1030] Apply Unified Pipeline Control on module 'relu_array_ap_fixed_37_17_5_3_0_4u_array_ap_fixed_16_6_5_3_0_4u_relu_config3_s' pipeline 'ReLUActLoop' pipeline type 'loop pipeline'
INFO: [RTGEN 206-100] Finished creating RTL model for 'relu_array_ap_fixed_37_17_5_3_0_4u_array_ap_fixed_16_6_5_3_0_4u_relu_config3_s'.
INFO: [HLS 200-111] Finished Creating RTL model: CPU user time: 0 seconds. CPU system time: 0 seconds. Elapsed time: 0.338 seconds; current allocated memory: 1.162 GB.
INFO: [HLS 200-10] ----------------------------------------------------------------
INFO: [HLS 200-10] -- Generating RTL for module 'zeropad2d_cl_array_ap_fixed_16_6_5_3_0_4u_array_ap_fixed_16_6_5_3_0_4u_config8_Pipeline_PadTopWidth' 
INFO: [HLS 200-10] ----------------------------------------------------------------
INFO: [HLS 200-1030] Apply Unified Pipeline Control on module 'zeropad2d_cl_array_ap_fixed_16_6_5_3_0_4u_array_ap_fixed_16_6_5_3_0_4u_config8_Pipeline_PadTopWidth' pipeline 'PadTopWidth' pipeline type 'loop pipeline'
INFO: [RTGEN 206-100] Finished creating RTL model for 'zeropad2d_cl_array_ap_fixed_16_6_5_3_0_4u_array_ap_fixed_16_6_5_3_0_4u_config8_Pipeline_PadTopWidth'.
INFO: [HLS 200-111] Finished Creating RTL model: CPU user time: 0 seconds. CPU system time: 0 seconds. Elapsed time: 0.344 seconds; current allocated memory: 1.162 GB.
INFO: [HLS 200-10] ----------------------------------------------------------------
INFO: [HLS 200-10] -- Generating RTL for module 'zeropad2d_cl_array_ap_fixed_16_6_5_3_0_4u_array_ap_fixed_16_6_5_3_0_4u_config8_Pipeline_CopyMain' 
INFO: [HLS 200-10] ----------------------------------------------------------------
INFO: [HLS 200-1030] Apply Unified Pipeline Control on module 'zeropad2d_cl_array_ap_fixed_16_6_5_3_0_4u_array_ap_fixed_16_6_5_3_0_4u_config8_Pipeline_CopyMain' pipeline 'CopyMain' pipeline type 'loop pipeline'
INFO: [RTGEN 206-100] Finished creating RTL model for 'zeropad2d_cl_array_ap_fixed_16_6_5_3_0_4u_array_ap_fixed_16_6_5_3_0_4u_config8_Pipeline_CopyMain'.
INFO: [HLS 200-111] Finished Creating RTL model: CPU user time: 0 seconds. CPU system time: 0 seconds. Elapsed time: 0.236 seconds; current allocated memory: 1.162 GB.
INFO: [HLS 200-10] ----------------------------------------------------------------
INFO: [HLS 200-10] -- Generating RTL for module 'zeropad2d_cl_array_ap_fixed_16_6_5_3_0_4u_array_ap_fixed_16_6_5_3_0_4u_config8_Pipeline_PadBottomWidth' 
INFO: [HLS 200-10] ----------------------------------------------------------------
INFO: [HLS 200-1030] Apply Unified Pipeline Control on module 'zeropad2d_cl_array_ap_fixed_16_6_5_3_0_4u_array_ap_fixed_16_6_5_3_0_4u_config8_Pipeline_PadBottomWidth' pipeline 'PadBottomWidth' pipeline type 'loop pipeline'
INFO: [RTGEN 206-100] Finished creating RTL model for 'zeropad2d_cl_array_ap_fixed_16_6_5_3_0_4u_array_ap_fixed_16_6_5_3_0_4u_config8_Pipeline_PadBottomWidth'.
INFO: [HLS 200-111] Finished Creating RTL model: CPU user time: 0 seconds. CPU system time: 1 seconds. Elapsed time: 0.34 seconds; current allocated memory: 1.162 GB.
INFO: [HLS 200-10] ----------------------------------------------------------------
INFO: [HLS 200-10] -- Generating RTL for module 'zeropad2d_cl_array_ap_fixed_16_6_5_3_0_4u_array_ap_fixed_16_6_5_3_0_4u_config8_s' 
INFO: [HLS 200-10] ----------------------------------------------------------------
INFO: [RTGEN 206-100] Finished creating RTL model for 'zeropad2d_cl_array_ap_fixed_16_6_5_3_0_4u_array_ap_fixed_16_6_5_3_0_4u_config8_s'.
INFO: [HLS 200-111] Finished Creating RTL model: CPU user time: 0 seconds. CPU system time: 0 seconds. Elapsed time: 0.259 seconds; current allocated memory: 1.162 GB.
INFO: [HLS 200-10] ----------------------------------------------------------------
INFO: [HLS 200-10] -- Generating RTL for module 'shift_line_buffer_array_ap_fixed_16_6_5_3_0_4u_config4_s' 
INFO: [HLS 200-10] ----------------------------------------------------------------
INFO: [SYN 201-210] Renamed object name 'shift_line_buffer_array_ap_fixed_16_6_5_3_0_4u_config4_s_void_conv_2d_buffer_cl_array_ap_fixed_16_6_5_3_0_4u_array_ap_fixed_39_19_5_3_0_4u_config4_stream_array_ap_fixed_16_6_5_3_0_4u_0_stream_array_ap_fixed_39_19_5_3_0_4u_0_weight_t_bias_t_line_buffer_0_SHIFTREG_AUTO_0R0W' to 'shift_line_buffer_array_ap_fixed_16_6_5_3_0_4u_config4_s_void_conv_2d_buffer_fYi' due to the length limit 80
INFO: [SYN 201-210] Renamed object name 'shift_line_buffer_array_ap_fixed_16_6_5_3_0_4u_config4_s_void_conv_2d_buffer_cl_array_ap_fixed_16_6_5_3_0_4u_array_ap_fixed_39_19_5_3_0_4u_config4_stream_array_ap_fixed_16_6_5_3_0_4u_0_stream_array_ap_fixed_39_19_5_3_0_4u_0_weight_t_bias_t_line_buffer_SHIFTREG_AUTO_0R0W' to 'shift_line_buffer_array_ap_fixed_16_6_5_3_0_4u_config4_s_void_conv_2d_buffer_g8j' due to the length limit 80
INFO: [SYN 201-210] Renamed object name 'shift_line_buffer_array_ap_fixed_16_6_5_3_0_4u_config4_s_void_conv_2d_buffer_cl_array_ap_fixed_16_6_5_3_0_4u_array_ap_fixed_39_19_5_3_0_4u_config4_stream_array_ap_fixed_16_6_5_3_0_4u_0_stream_array_ap_fixed_39_19_5_3_0_4u_0_weight_t_bias_t_line_buffer_1_0_SHIFTREG_AUTO_0R0W' to 'shift_line_buffer_array_ap_fixed_16_6_5_3_0_4u_config4_s_void_conv_2d_buffer_hbi' due to the length limit 80
INFO: [SYN 201-210] Renamed object name 'shift_line_buffer_array_ap_fixed_16_6_5_3_0_4u_config4_s_void_conv_2d_buffer_cl_array_ap_fixed_16_6_5_3_0_4u_array_ap_fixed_39_19_5_3_0_4u_config4_stream_array_ap_fixed_16_6_5_3_0_4u_0_stream_array_ap_fixed_39_19_5_3_0_4u_0_weight_t_bias_t_line_buffer_1_1_SHIFTREG_AUTO_0R0W' to 'shift_line_buffer_array_ap_fixed_16_6_5_3_0_4u_config4_s_void_conv_2d_buffer_ibs' due to the length limit 80
INFO: [SYN 201-210] Renamed object name 'shift_line_buffer_array_ap_fixed_16_6_5_3_0_4u_config4_s_void_conv_2d_buffer_cl_array_ap_fixed_16_6_5_3_0_4u_array_ap_fixed_39_19_5_3_0_4u_config4_stream_array_ap_fixed_16_6_5_3_0_4u_0_stream_array_ap_fixed_39_19_5_3_0_4u_0_weight_t_bias_t_line_buffer_2_0_SHIFTREG_AUTO_0R0W' to 'shift_line_buffer_array_ap_fixed_16_6_5_3_0_4u_config4_s_void_conv_2d_buffer_jbC' due to the length limit 80
INFO: [SYN 201-210] Renamed object name 'shift_line_buffer_array_ap_fixed_16_6_5_3_0_4u_config4_s_void_conv_2d_buffer_cl_array_ap_fixed_16_6_5_3_0_4u_array_ap_fixed_39_19_5_3_0_4u_config4_stream_array_ap_fixed_16_6_5_3_0_4u_0_stream_array_ap_fixed_39_19_5_3_0_4u_0_weight_t_bias_t_line_buffer_2_1_SHIFTREG_AUTO_0R0W' to 'shift_line_buffer_array_ap_fixed_16_6_5_3_0_4u_config4_s_void_conv_2d_buffer_kbM' due to the length limit 80
INFO: [SYN 201-210] Renamed object name 'shift_line_buffer_array_ap_fixed_16_6_5_3_0_4u_config4_s_void_conv_2d_buffer_cl_array_ap_fixed_16_6_5_3_0_4u_array_ap_fixed_39_19_5_3_0_4u_config4_stream_array_ap_fixed_16_6_5_3_0_4u_0_stream_array_ap_fixed_39_19_5_3_0_4u_0_weight_t_bias_t_line_buffer_3_0_SHIFTREG_AUTO_0R0W' to 'shift_line_buffer_array_ap_fixed_16_6_5_3_0_4u_config4_s_void_conv_2d_buffer_lbW' due to the length limit 80
INFO: [SYN 201-210] Renamed object name 'shift_line_buffer_array_ap_fixed_16_6_5_3_0_4u_config4_s_void_conv_2d_buffer_cl_array_ap_fixed_16_6_5_3_0_4u_array_ap_fixed_39_19_5_3_0_4u_config4_stream_array_ap_fixed_16_6_5_3_0_4u_0_stream_array_ap_fixed_39_19_5_3_0_4u_0_weight_t_bias_t_line_buffer_3_1_SHIFTREG_AUTO_0R0W' to 'shift_line_buffer_array_ap_fixed_16_6_5_3_0_4u_config4_s_void_conv_2d_buffer_mb6' due to the length limit 80
INFO: [RTGEN 206-100] Finished creating RTL model for 'shift_line_buffer_array_ap_fixed_16_6_5_3_0_4u_config4_s'.
INFO: [HLS 200-111] Finished Creating RTL model: CPU user time: 0 seconds. CPU system time: 0 seconds. Elapsed time: 0.717 seconds; current allocated memory: 1.162 GB.
INFO: [HLS 200-10] ----------------------------------------------------------------
INFO: [HLS 200-10] -- Generating RTL for module 'dense_resource_rf_gt_nin_rem0_ap_fixed_16_6_5_3_0_ap_fixed_39_19_5_3_0_config4_mult_s' 
INFO: [HLS 200-10] ----------------------------------------------------------------
INFO: [SYN 201-210] Renamed object name 'dense_resource_rf_gt_nin_rem0_ap_fixed_16_6_5_3_0_ap_fixed_39_19_5_3_0_config4_mult_s_outidx_ROM_AUTO_1R' to 'dense_resource_rf_gt_nin_rem0_ap_fixed_16_6_5_3_0_ap_fixed_39_19_5_3_0_configncg' due to the length limit 80
INFO: [SYN 201-210] Renamed object name 'dense_resource_rf_gt_nin_rem0_ap_fixed_16_6_5_3_0_ap_fixed_39_19_5_3_0_config4_mult_s_w4_V_ROM_NP_BRAM_1R' to 'dense_resource_rf_gt_nin_rem0_ap_fixed_16_6_5_3_0_ap_fixed_39_19_5_3_0_configocq' due to the length limit 80
INFO: [HLS 200-1030] Apply Unified Pipeline Control on module 'dense_resource_rf_gt_nin_rem0_ap_fixed_16_6_5_3_0_ap_fixed_39_19_5_3_0_config4_mult_s' pipeline 'ReuseLoop' pipeline type 'rewind pipeline'
INFO: [RTGEN 206-100] Generating core module 'mul_mul_16s_12s_26_4_1': 1 instance(s).
INFO: [RTGEN 206-100] Generating core module 'mux_3632_16_1_1': 1 instance(s).
INFO: [RTGEN 206-100] Generating core module 'mux_42_16_1_1': 1 instance(s).
INFO: [RTGEN 206-100] Finished creating RTL model for 'dense_resource_rf_gt_nin_rem0_ap_fixed_16_6_5_3_0_ap_fixed_39_19_5_3_0_config4_mult_s'.
INFO: [HLS 200-111] Finished Creating RTL model: CPU user time: 1 seconds. CPU system time: 0 seconds. Elapsed time: 0.718 seconds; current allocated memory: 1.162 GB.
INFO: [HLS 200-10] ----------------------------------------------------------------
INFO: [HLS 200-10] -- Generating RTL for module 'compute_output_buffer_2d_array_ap_fixed_16_6_5_3_0_4u_array_ap_fixed_39_19_5_3_0_4u_config4_s' 
INFO: [HLS 200-10] ----------------------------------------------------------------
WARNING: [RTGEN 206-101] Register 'void_compute_output_buffer_2d_array_array_ap_fixed_4u_config4_array_ap_fixed_16_6_5_3_0_4u_const_ap_shift_reg_value_type_in_width_n_chan_stream_array_ap_fixed_39_19_5_3_0_4u_0_weight_t_bias_t_kernel_data_5' is power-on initialization.
WARNING: [RTGEN 206-101] Register 'void_compute_output_buffer_2d_array_array_ap_fixed_4u_config4_array_ap_fixed_16_6_5_3_0_4u_const_ap_shift_reg_value_type_in_width_n_chan_stream_array_ap_fixed_39_19_5_3_0_4u_0_weight_t_bias_t_kernel_data_9' is power-on initialization.
WARNING: [RTGEN 206-101] Register 'void_compute_output_buffer_2d_array_array_ap_fixed_4u_config4_array_ap_fixed_16_6_5_3_0_4u_const_ap_shift_reg_value_type_in_width_n_chan_stream_array_ap_fixed_39_19_5_3_0_4u_0_weight_t_bias_t_kernel_data_4' is power-on initialization.
WARNING: [RTGEN 206-101] Register 'void_compute_output_buffer_2d_array_array_ap_fixed_4u_config4_array_ap_fixed_16_6_5_3_0_4u_const_ap_shift_reg_value_type_in_width_n_chan_stream_array_ap_fixed_39_19_5_3_0_4u_0_weight_t_bias_t_kernel_data_8' is power-on initialization.
WARNING: [RTGEN 206-101] Register 'void_compute_output_buffer_2d_array_array_ap_fixed_4u_config4_array_ap_fixed_16_6_5_3_0_4u_const_ap_shift_reg_value_type_in_width_n_chan_stream_array_ap_fixed_39_19_5_3_0_4u_0_weight_t_bias_t_kernel_data_3' is power-on initialization.
WARNING: [RTGEN 206-101] Register 'void_compute_output_buffer_2d_array_array_ap_fixed_4u_config4_array_ap_fixed_16_6_5_3_0_4u_const_ap_shift_reg_value_type_in_width_n_chan_stream_array_ap_fixed_39_19_5_3_0_4u_0_weight_t_bias_t_kernel_data_7' is power-on initialization.
WARNING: [RTGEN 206-101] Register 'void_compute_output_buffer_2d_array_array_ap_fixed_4u_config4_array_ap_fixed_16_6_5_3_0_4u_const_ap_shift_reg_value_type_in_width_n_chan_stream_array_ap_fixed_39_19_5_3_0_4u_0_weight_t_bias_t_kernel_data_2' is power-on initialization.
WARNING: [RTGEN 206-101] Register 'void_compute_output_buffer_2d_array_array_ap_fixed_4u_config4_array_ap_fixed_16_6_5_3_0_4u_const_ap_shift_reg_value_type_in_width_n_chan_stream_array_ap_fixed_39_19_5_3_0_4u_0_weight_t_bias_t_kernel_data_6' is power-on initialization.
WARNING: [RTGEN 206-101] Register 'p_ZZN4nnet24compute_output_buffer_2dINS_5arrayI8ap_fixedILi16ELi6EL9ap_q_mode5EL9ap_o_mode3ELi0EELj4EEENS1_IS2_ILi39ELi19ELS3_5ELS4_3ELi0EELj4EEE7config4EEvRKT_PAsrT1_6n_chan_12ap_shift_regINSA_10value_typeEXsrSD_8in_widthEERN3hls6streamIT0_19' is power-on initialization.
WARNING: [RTGEN 206-101] Register 'p_ZZN4nnet24compute_output_buffer_2dINS_5arrayI8ap_fixedILi16ELi6EL9ap_q_mode5EL9ap_o_mode3ELi0EELj4EEENS1_IS2_ILi39ELi19ELS3_5ELS4_3ELi0EELj4EEE7config4EEvRKT_PAsrT1_6n_chan_12ap_shift_regINSA_10value_typeEXsrSD_8in_widthEERN3hls6streamIT0_23' is power-on initialization.
WARNING: [RTGEN 206-101] Register 'p_ZZN4nnet24compute_output_buffer_2dINS_5arrayI8ap_fixedILi16ELi6EL9ap_q_mode5EL9ap_o_mode3ELi0EELj4EEENS1_IS2_ILi39ELi19ELS3_5ELS4_3ELi0EELj4EEE7config4EEvRKT_PAsrT1_6n_chan_12ap_shift_regINSA_10value_typeEXsrSD_8in_widthEERN3hls6streamIT0_18' is power-on initialization.
WARNING: [RTGEN 206-101] Register 'p_ZZN4nnet24compute_output_buffer_2dINS_5arrayI8ap_fixedILi16ELi6EL9ap_q_mode5EL9ap_o_mode3ELi0EELj4EEENS1_IS2_ILi39ELi19ELS3_5ELS4_3ELi0EELj4EEE7config4EEvRKT_PAsrT1_6n_chan_12ap_shift_regINSA_10value_typeEXsrSD_8in_widthEERN3hls6streamIT0_22' is power-on initialization.
WARNING: [RTGEN 206-101] Register 'p_ZZN4nnet24compute_output_buffer_2dINS_5arrayI8ap_fixedILi16ELi6EL9ap_q_mode5EL9ap_o_mode3ELi0EELj4EEENS1_IS2_ILi39ELi19ELS3_5ELS4_3ELi0EELj4EEE7config4EEvRKT_PAsrT1_6n_chan_12ap_shift_regINSA_10value_typeEXsrSD_8in_widthEERN3hls6streamIT0_17' is power-on initialization.
WARNING: [RTGEN 206-101] Register 'p_ZZN4nnet24compute_output_buffer_2dINS_5arrayI8ap_fixedILi16ELi6EL9ap_q_mode5EL9ap_o_mode3ELi0EELj4EEENS1_IS2_ILi39ELi19ELS3_5ELS4_3ELi0EELj4EEE7config4EEvRKT_PAsrT1_6n_chan_12ap_shift_regINSA_10value_typeEXsrSD_8in_widthEERN3hls6streamIT0_21' is power-on initialization.
WARNING: [RTGEN 206-101] Register 'p_ZZN4nnet24compute_output_buffer_2dINS_5arrayI8ap_fixedILi16ELi6EL9ap_q_mode5EL9ap_o_mode3ELi0EELj4EEENS1_IS2_ILi39ELi19ELS3_5ELS4_3ELi0EELj4EEE7config4EEvRKT_PAsrT1_6n_chan_12ap_shift_regINSA_10value_typeEXsrSD_8in_widthEERN3hls6streamIT0_16' is power-on initialization.
WARNING: [RTGEN 206-101] Register 'p_ZZN4nnet24compute_output_buffer_2dINS_5arrayI8ap_fixedILi16ELi6EL9ap_q_mode5EL9ap_o_mode3ELi0EELj4EEENS1_IS2_ILi39ELi19ELS3_5ELS4_3ELi0EELj4EEE7config4EEvRKT_PAsrT1_6n_chan_12ap_shift_regINSA_10value_typeEXsrSD_8in_widthEERN3hls6streamIT0_20' is power-on initialization.
WARNING: [RTGEN 206-101] Register 'p_ZZN4nnet24compute_output_buffer_2dINS_5arrayI8ap_fixedILi16ELi6EL9ap_q_mode5EL9ap_o_mode3ELi0EELj4EEENS1_IS2_ILi39ELi19ELS3_5ELS4_3ELi0EELj4EEE7config4EEvRKT_PAsrT1_6n_chan_12ap_shift_regINSA_10value_typeEXsrSD_8in_widthEERN3hls6streamIT0_7' is power-on initialization.
WARNING: [RTGEN 206-101] Register 'p_ZZN4nnet24compute_output_buffer_2dINS_5arrayI8ap_fixedILi16ELi6EL9ap_q_mode5EL9ap_o_mode3ELi0EELj4EEENS1_IS2_ILi39ELi19ELS3_5ELS4_3ELi0EELj4EEE7config4EEvRKT_PAsrT1_6n_chan_12ap_shift_regINSA_10value_typeEXsrSD_8in_widthEERN3hls6streamIT0_11' is power-on initialization.
WARNING: [RTGEN 206-101] Register 'p_ZZN4nnet24compute_output_buffer_2dINS_5arrayI8ap_fixedILi16ELi6EL9ap_q_mode5EL9ap_o_mode3ELi0EELj4EEENS1_IS2_ILi39ELi19ELS3_5ELS4_3ELi0EELj4EEE7config4EEvRKT_PAsrT1_6n_chan_12ap_shift_regINSA_10value_typeEXsrSD_8in_widthEERN3hls6streamIT0_6' is power-on initialization.
WARNING: [RTGEN 206-101] Register 'p_ZZN4nnet24compute_output_buffer_2dINS_5arrayI8ap_fixedILi16ELi6EL9ap_q_mode5EL9ap_o_mode3ELi0EELj4EEENS1_IS2_ILi39ELi19ELS3_5ELS4_3ELi0EELj4EEE7config4EEvRKT_PAsrT1_6n_chan_12ap_shift_regINSA_10value_typeEXsrSD_8in_widthEERN3hls6streamIT0_10' is power-on initialization.
WARNING: [RTGEN 206-101] Register 'p_ZZN4nnet24compute_output_buffer_2dINS_5arrayI8ap_fixedILi16ELi6EL9ap_q_mode5EL9ap_o_mode3ELi0EELj4EEENS1_IS2_ILi39ELi19ELS3_5ELS4_3ELi0EELj4EEE7config4EEvRKT_PAsrT1_6n_chan_12ap_shift_regINSA_10value_typeEXsrSD_8in_widthEERN3hls6streamIT0_5' is power-on initialization.
WARNING: [RTGEN 206-101] Register 'p_ZZN4nnet24compute_output_buffer_2dINS_5arrayI8ap_fixedILi16ELi6EL9ap_q_mode5EL9ap_o_mode3ELi0EELj4EEENS1_IS2_ILi39ELi19ELS3_5ELS4_3ELi0EELj4EEE7config4EEvRKT_PAsrT1_6n_chan_12ap_shift_regINSA_10value_typeEXsrSD_8in_widthEERN3hls6streamIT0_9' is power-on initialization.
WARNING: [RTGEN 206-101] Register 'p_ZZN4nnet24compute_output_buffer_2dINS_5arrayI8ap_fixedILi16ELi6EL9ap_q_mode5EL9ap_o_mode3ELi0EELj4EEENS1_IS2_ILi39ELi19ELS3_5ELS4_3ELi0EELj4EEE7config4EEvRKT_PAsrT1_6n_chan_12ap_shift_regINSA_10value_typeEXsrSD_8in_widthEERN3hls6streamIT0_4' is power-on initialization.
WARNING: [RTGEN 206-101] Register 'p_ZZN4nnet24compute_output_buffer_2dINS_5arrayI8ap_fixedILi16ELi6EL9ap_q_mode5EL9ap_o_mode3ELi0EELj4EEENS1_IS2_ILi39ELi19ELS3_5ELS4_3ELi0EELj4EEE7config4EEvRKT_PAsrT1_6n_chan_12ap_shift_regINSA_10value_typeEXsrSD_8in_widthEERN3hls6streamIT0_8' is power-on initialization.
WARNING: [RTGEN 206-101] Register 'void_compute_output_buffer_2d_array_array_ap_fixed_4u_config4_array_ap_fixed_16_6_5_3_0_4u_const_ap_shift_reg_value_type_in_width_n_chan_stream_array_ap_fixed_39_19_5_3_0_4u_0_weight_t_bias_t_kernel_data_1' is power-on initialization.
WARNING: [RTGEN 206-101] Register 'void_compute_output_buffer_2d_array_array_ap_fixed_4u_config4_array_ap_fixed_16_6_5_3_0_4u_const_ap_shift_reg_value_type_in_width_n_chan_stream_array_ap_fixed_39_19_5_3_0_4u_0_weight_t_bias_t_kernel_data' is power-on initialization.
WARNING: [RTGEN 206-101] Register 'p_ZZN4nnet24compute_output_buffer_2dINS_5arrayI8ap_fixedILi16ELi6EL9ap_q_mode5EL9ap_o_mode3ELi0EELj4EEENS1_IS2_ILi39ELi19ELS3_5ELS4_3ELi0EELj4EEE7config4EEvRKT_PAsrT1_6n_chan_12ap_shift_regINSA_10value_typeEXsrSD_8in_widthEERN3hls6streamIT0_25' is power-on initialization.
WARNING: [RTGEN 206-101] Register 'p_ZZN4nnet24compute_output_buffer_2dINS_5arrayI8ap_fixedILi16ELi6EL9ap_q_mode5EL9ap_o_mode3ELi0EELj4EEENS1_IS2_ILi39ELi19ELS3_5ELS4_3ELi0EELj4EEE7config4EEvRKT_PAsrT1_6n_chan_12ap_shift_regINSA_10value_typeEXsrSD_8in_widthEERN3hls6streamIT0_24' is power-on initialization.
WARNING: [RTGEN 206-101] Register 'p_ZZN4nnet24compute_output_buffer_2dINS_5arrayI8ap_fixedILi16ELi6EL9ap_q_mode5EL9ap_o_mode3ELi0EELj4EEENS1_IS2_ILi39ELi19ELS3_5ELS4_3ELi0EELj4EEE7config4EEvRKT_PAsrT1_6n_chan_12ap_shift_regINSA_10value_typeEXsrSD_8in_widthEERN3hls6streamIT0_15' is power-on initialization.
WARNING: [RTGEN 206-101] Register 'p_ZZN4nnet24compute_output_buffer_2dINS_5arrayI8ap_fixedILi16ELi6EL9ap_q_mode5EL9ap_o_mode3ELi0EELj4EEENS1_IS2_ILi39ELi19ELS3_5ELS4_3ELi0EELj4EEE7config4EEvRKT_PAsrT1_6n_chan_12ap_shift_regINSA_10value_typeEXsrSD_8in_widthEERN3hls6streamIT0_14' is power-on initialization.
WARNING: [RTGEN 206-101] Register 'p_ZZN4nnet24compute_output_buffer_2dINS_5arrayI8ap_fixedILi16ELi6EL9ap_q_mode5EL9ap_o_mode3ELi0EELj4EEENS1_IS2_ILi39ELi19ELS3_5ELS4_3ELi0EELj4EEE7config4EEvRKT_PAsrT1_6n_chan_12ap_shift_regINSA_10value_typeEXsrSD_8in_widthEERN3hls6streamIT0_13' is power-on initialization.
WARNING: [RTGEN 206-101] Register 'p_ZZN4nnet24compute_output_buffer_2dINS_5arrayI8ap_fixedILi16ELi6EL9ap_q_mode5EL9ap_o_mode3ELi0EELj4EEENS1_IS2_ILi39ELi19ELS3_5ELS4_3ELi0EELj4EEE7config4EEvRKT_PAsrT1_6n_chan_12ap_shift_regINSA_10value_typeEXsrSD_8in_widthEERN3hls6streamIT0_12' is power-on initialization.
WARNING: [RTGEN 206-101] Register 'p_ZZN4nnet24compute_output_buffer_2dINS_5arrayI8ap_fixedILi16ELi6EL9ap_q_mode5EL9ap_o_mode3ELi0EELj4EEENS1_IS2_ILi39ELi19ELS3_5ELS4_3ELi0EELj4EEE7config4EEvRKT_PAsrT1_6n_chan_12ap_shift_regINSA_10value_typeEXsrSD_8in_widthEERN3hls6streamIT0_3' is power-on initialization.
WARNING: [RTGEN 206-101] Register 'p_ZZN4nnet24compute_output_buffer_2dINS_5arrayI8ap_fixedILi16ELi6EL9ap_q_mode5EL9ap_o_mode3ELi0EELj4EEENS1_IS2_ILi39ELi19ELS3_5ELS4_3ELi0EELj4EEE7config4EEvRKT_PAsrT1_6n_chan_12ap_shift_regINSA_10value_typeEXsrSD_8in_widthEERN3hls6streamIT0_2' is power-on initialization.
WARNING: [RTGEN 206-101] Register 'p_ZZN4nnet24compute_output_buffer_2dINS_5arrayI8ap_fixedILi16ELi6EL9ap_q_mode5EL9ap_o_mode3ELi0EELj4EEENS1_IS2_ILi39ELi19ELS3_5ELS4_3ELi0EELj4EEE7config4EEvRKT_PAsrT1_6n_chan_12ap_shift_regINSA_10value_typeEXsrSD_8in_widthEERN3hls6streamIT0_1' is power-on initialization.
WARNING: [RTGEN 206-101] Register 'p_ZZN4nnet24compute_output_buffer_2dINS_5arrayI8ap_fixedILi16ELi6EL9ap_q_mode5EL9ap_o_mode3ELi0EELj4EEENS1_IS2_ILi39ELi19ELS3_5ELS4_3ELi0EELj4EEE7config4EEvRKT_PAsrT1_6n_chan_12ap_shift_regINSA_10value_typeEXsrSD_8in_widthEERN3hls6streamIT0_s' is power-on initialization.
WARNING: [RTGEN 206-101] Register 'sX' is power-on initialization.
WARNING: [RTGEN 206-101] Register 'sY' is power-on initialization.
WARNING: [RTGEN 206-101] Register 'pY' is power-on initialization.
WARNING: [RTGEN 206-101] Register 'pX' is power-on initialization.
INFO: [RTGEN 206-100] Finished creating RTL model for 'compute_output_buffer_2d_array_ap_fixed_16_6_5_3_0_4u_array_ap_fixed_39_19_5_3_0_4u_config4_s'.
INFO: [HLS 200-111] Finished Creating RTL model: CPU user time: 0 seconds. CPU system time: 0 seconds. Elapsed time: 2.159 seconds; current allocated memory: 1.162 GB.
INFO: [HLS 200-10] ----------------------------------------------------------------
INFO: [HLS 200-10] -- Generating RTL for module 'conv_2d_cl_array_ap_fixed_16_6_5_3_0_4u_array_ap_fixed_39_19_5_3_0_4u_config4_s' 
INFO: [HLS 200-10] ----------------------------------------------------------------
INFO: [RTGEN 206-100] Finished creating RTL model for 'conv_2d_cl_array_ap_fixed_16_6_5_3_0_4u_array_ap_fixed_39_19_5_3_0_4u_config4_s'.
INFO: [HLS 200-111] Finished Creating RTL model: CPU user time: 1 seconds. CPU system time: 0 seconds. Elapsed time: 0.351 seconds; current allocated memory: 1.162 GB.
INFO: [HLS 200-10] ----------------------------------------------------------------
INFO: [HLS 200-10] -- Generating RTL for module 'relu_array_ap_fixed_39_19_5_3_0_4u_array_ap_fixed_16_6_5_3_0_4u_relu_config5_s' 
INFO: [HLS 200-10] ----------------------------------------------------------------
INFO: [HLS 200-1030] Apply Unified Pipeline Control on module 'relu_array_ap_fixed_39_19_5_3_0_4u_array_ap_fixed_16_6_5_3_0_4u_relu_config5_s' pipeline 'ReLUActLoop' pipeline type 'loop pipeline'
INFO: [RTGEN 206-100] Finished creating RTL model for 'relu_array_ap_fixed_39_19_5_3_0_4u_array_ap_fixed_16_6_5_3_0_4u_relu_config5_s'.
INFO: [HLS 200-111] Finished Creating RTL model: CPU user time: 0 seconds. CPU system time: 0 seconds. Elapsed time: 0.311 seconds; current allocated memory: 1.162 GB.
INFO: [HLS 200-10] ----------------------------------------------------------------
INFO: [HLS 200-10] -- Generating RTL for module 'zeropad2d_cl_array_ap_fixed_16_6_5_3_0_4u_array_ap_fixed_16_6_5_3_0_4u_config9_Pipeline_PadTopWidth' 
INFO: [HLS 200-10] ----------------------------------------------------------------
INFO: [HLS 200-1030] Apply Unified Pipeline Control on module 'zeropad2d_cl_array_ap_fixed_16_6_5_3_0_4u_array_ap_fixed_16_6_5_3_0_4u_config9_Pipeline_PadTopWidth' pipeline 'PadTopWidth' pipeline type 'loop pipeline'
INFO: [RTGEN 206-100] Finished creating RTL model for 'zeropad2d_cl_array_ap_fixed_16_6_5_3_0_4u_array_ap_fixed_16_6_5_3_0_4u_config9_Pipeline_PadTopWidth'.
INFO: [HLS 200-111] Finished Creating RTL model: CPU user time: 0 seconds. CPU system time: 0 seconds. Elapsed time: 0.362 seconds; current allocated memory: 1.162 GB.
INFO: [HLS 200-10] ----------------------------------------------------------------
INFO: [HLS 200-10] -- Generating RTL for module 'zeropad2d_cl_array_ap_fixed_16_6_5_3_0_4u_array_ap_fixed_16_6_5_3_0_4u_config9_Pipeline_CopyMain' 
INFO: [HLS 200-10] ----------------------------------------------------------------
INFO: [HLS 200-1030] Apply Unified Pipeline Control on module 'zeropad2d_cl_array_ap_fixed_16_6_5_3_0_4u_array_ap_fixed_16_6_5_3_0_4u_config9_Pipeline_CopyMain' pipeline 'CopyMain' pipeline type 'loop pipeline'
INFO: [RTGEN 206-100] Finished creating RTL model for 'zeropad2d_cl_array_ap_fixed_16_6_5_3_0_4u_array_ap_fixed_16_6_5_3_0_4u_config9_Pipeline_CopyMain'.
INFO: [HLS 200-111] Finished Creating RTL model: CPU user time: 0 seconds. CPU system time: 0 seconds. Elapsed time: 0.299 seconds; current allocated memory: 1.162 GB.
INFO: [HLS 200-10] ----------------------------------------------------------------
INFO: [HLS 200-10] -- Generating RTL for module 'zeropad2d_cl_array_ap_fixed_16_6_5_3_0_4u_array_ap_fixed_16_6_5_3_0_4u_config9_Pipeline_PadBottomWidth' 
INFO: [HLS 200-10] ----------------------------------------------------------------
INFO: [HLS 200-1030] Apply Unified Pipeline Control on module 'zeropad2d_cl_array_ap_fixed_16_6_5_3_0_4u_array_ap_fixed_16_6_5_3_0_4u_config9_Pipeline_PadBottomWidth' pipeline 'PadBottomWidth' pipeline type 'loop pipeline'
INFO: [RTGEN 206-100] Finished creating RTL model for 'zeropad2d_cl_array_ap_fixed_16_6_5_3_0_4u_array_ap_fixed_16_6_5_3_0_4u_config9_Pipeline_PadBottomWidth'.
INFO: [HLS 200-111] Finished Creating RTL model: CPU user time: 0 seconds. CPU system time: 0 seconds. Elapsed time: 0.349 seconds; current allocated memory: 1.162 GB.
INFO: [HLS 200-10] ----------------------------------------------------------------
INFO: [HLS 200-10] -- Generating RTL for module 'zeropad2d_cl_array_ap_fixed_16_6_5_3_0_4u_array_ap_fixed_16_6_5_3_0_4u_config9_s' 
INFO: [HLS 200-10] ----------------------------------------------------------------
INFO: [RTGEN 206-100] Finished creating RTL model for 'zeropad2d_cl_array_ap_fixed_16_6_5_3_0_4u_array_ap_fixed_16_6_5_3_0_4u_config9_s'.
INFO: [HLS 200-111] Finished Creating RTL model: CPU user time: 0 seconds. CPU system time: 0 seconds. Elapsed time: 0.237 seconds; current allocated memory: 1.162 GB.
INFO: [HLS 200-10] ----------------------------------------------------------------
INFO: [HLS 200-10] -- Generating RTL for module 'shift_line_buffer_array_ap_fixed_16_6_5_3_0_4u_config6_s' 
INFO: [HLS 200-10] ----------------------------------------------------------------
INFO: [SYN 201-210] Renamed object name 'shift_line_buffer_array_ap_fixed_16_6_5_3_0_4u_config6_s_void_conv_2d_buffer_cl_array_ap_fixed_16_6_5_3_0_4u_array_ap_fixed_39_19_5_3_0_1u_config6_stream_array_ap_fixed_16_6_5_3_0_4u_0_stream_array_ap_fixed_39_19_5_3_0_1u_0_weight_t_bias_t_line_buffer_0_SHIFTREG_AUTO_0R0W' to 'shift_line_buffer_array_ap_fixed_16_6_5_3_0_4u_config6_s_void_conv_2d_buffer_pcA' due to the length limit 80
INFO: [SYN 201-210] Renamed object name 'shift_line_buffer_array_ap_fixed_16_6_5_3_0_4u_config6_s_void_conv_2d_buffer_cl_array_ap_fixed_16_6_5_3_0_4u_array_ap_fixed_39_19_5_3_0_1u_config6_stream_array_ap_fixed_16_6_5_3_0_4u_0_stream_array_ap_fixed_39_19_5_3_0_1u_0_weight_t_bias_t_line_buffer_SHIFTREG_AUTO_0R0W' to 'shift_line_buffer_array_ap_fixed_16_6_5_3_0_4u_config6_s_void_conv_2d_buffer_qcK' due to the length limit 80
INFO: [SYN 201-210] Renamed object name 'shift_line_buffer_array_ap_fixed_16_6_5_3_0_4u_config6_s_void_conv_2d_buffer_cl_array_ap_fixed_16_6_5_3_0_4u_array_ap_fixed_39_19_5_3_0_1u_config6_stream_array_ap_fixed_16_6_5_3_0_4u_0_stream_array_ap_fixed_39_19_5_3_0_1u_0_weight_t_bias_t_line_buffer_1_0_SHIFTREG_AUTO_0R0W' to 'shift_line_buffer_array_ap_fixed_16_6_5_3_0_4u_config6_s_void_conv_2d_buffer_rcU' due to the length limit 80
INFO: [SYN 201-210] Renamed object name 'shift_line_buffer_array_ap_fixed_16_6_5_3_0_4u_config6_s_void_conv_2d_buffer_cl_array_ap_fixed_16_6_5_3_0_4u_array_ap_fixed_39_19_5_3_0_1u_config6_stream_array_ap_fixed_16_6_5_3_0_4u_0_stream_array_ap_fixed_39_19_5_3_0_1u_0_weight_t_bias_t_line_buffer_1_1_SHIFTREG_AUTO_0R0W' to 'shift_line_buffer_array_ap_fixed_16_6_5_3_0_4u_config6_s_void_conv_2d_buffer_sc4' due to the length limit 80
INFO: [SYN 201-210] Renamed object name 'shift_line_buffer_array_ap_fixed_16_6_5_3_0_4u_config6_s_void_conv_2d_buffer_cl_array_ap_fixed_16_6_5_3_0_4u_array_ap_fixed_39_19_5_3_0_1u_config6_stream_array_ap_fixed_16_6_5_3_0_4u_0_stream_array_ap_fixed_39_19_5_3_0_1u_0_weight_t_bias_t_line_buffer_2_0_SHIFTREG_AUTO_0R0W' to 'shift_line_buffer_array_ap_fixed_16_6_5_3_0_4u_config6_s_void_conv_2d_buffer_tde' due to the length limit 80
INFO: [SYN 201-210] Renamed object name 'shift_line_buffer_array_ap_fixed_16_6_5_3_0_4u_config6_s_void_conv_2d_buffer_cl_array_ap_fixed_16_6_5_3_0_4u_array_ap_fixed_39_19_5_3_0_1u_config6_stream_array_ap_fixed_16_6_5_3_0_4u_0_stream_array_ap_fixed_39_19_5_3_0_1u_0_weight_t_bias_t_line_buffer_2_1_SHIFTREG_AUTO_0R0W' to 'shift_line_buffer_array_ap_fixed_16_6_5_3_0_4u_config6_s_void_conv_2d_buffer_udo' due to the length limit 80
INFO: [SYN 201-210] Renamed object name 'shift_line_buffer_array_ap_fixed_16_6_5_3_0_4u_config6_s_void_conv_2d_buffer_cl_array_ap_fixed_16_6_5_3_0_4u_array_ap_fixed_39_19_5_3_0_1u_config6_stream_array_ap_fixed_16_6_5_3_0_4u_0_stream_array_ap_fixed_39_19_5_3_0_1u_0_weight_t_bias_t_line_buffer_3_0_SHIFTREG_AUTO_0R0W' to 'shift_line_buffer_array_ap_fixed_16_6_5_3_0_4u_config6_s_void_conv_2d_buffer_vdy' due to the length limit 80
INFO: [SYN 201-210] Renamed object name 'shift_line_buffer_array_ap_fixed_16_6_5_3_0_4u_config6_s_void_conv_2d_buffer_cl_array_ap_fixed_16_6_5_3_0_4u_array_ap_fixed_39_19_5_3_0_1u_config6_stream_array_ap_fixed_16_6_5_3_0_4u_0_stream_array_ap_fixed_39_19_5_3_0_1u_0_weight_t_bias_t_line_buffer_3_1_SHIFTREG_AUTO_0R0W' to 'shift_line_buffer_array_ap_fixed_16_6_5_3_0_4u_config6_s_void_conv_2d_buffer_wdI' due to the length limit 80
INFO: [RTGEN 206-100] Finished creating RTL model for 'shift_line_buffer_array_ap_fixed_16_6_5_3_0_4u_config6_s'.
INFO: [HLS 200-111] Finished Creating RTL model: CPU user time: 1 seconds. CPU system time: 0 seconds. Elapsed time: 0.624 seconds; current allocated memory: 1.162 GB.
INFO: [HLS 200-10] ----------------------------------------------------------------
INFO: [HLS 200-10] -- Generating RTL for module 'dense_resource_rf_leq_nin_ap_fixed_16_6_5_3_0_ap_fixed_39_19_5_3_0_config6_mult_s' 
INFO: [HLS 200-10] ----------------------------------------------------------------
INFO: [SYN 201-210] Renamed object name 'dense_resource_rf_leq_nin_ap_fixed_16_6_5_3_0_ap_fixed_39_19_5_3_0_config6_mult_s_w6_V_ROM_NP_BRAM_1R' to 'dense_resource_rf_leq_nin_ap_fixed_16_6_5_3_0_ap_fixed_39_19_5_3_0_config6_muxdS' due to the length limit 80
INFO: [HLS 200-1030] Apply Unified Pipeline Control on module 'dense_resource_rf_leq_nin_ap_fixed_16_6_5_3_0_ap_fixed_39_19_5_3_0_config6_mult_s' pipeline 'ReuseLoop' pipeline type 'rewind pipeline'
INFO: [RTGEN 206-100] Generating core module 'mul_mul_16s_11s_26_4_1': 1 instance(s).
INFO: [RTGEN 206-100] Generating core module 'mux_366_16_1_1': 1 instance(s).
INFO: [RTGEN 206-100] Finished creating RTL model for 'dense_resource_rf_leq_nin_ap_fixed_16_6_5_3_0_ap_fixed_39_19_5_3_0_config6_mult_s'.
INFO: [HLS 200-111] Finished Creating RTL model: CPU user time: 0 seconds. CPU system time: 0 seconds. Elapsed time: 0.538 seconds; current allocated memory: 1.162 GB.
INFO: [HLS 200-10] ----------------------------------------------------------------
INFO: [HLS 200-10] -- Generating RTL for module 'compute_output_buffer_2d_array_ap_fixed_16_6_5_3_0_4u_array_ap_fixed_39_19_5_3_0_1u_config6_s' 
INFO: [HLS 200-10] ----------------------------------------------------------------
WARNING: [RTGEN 206-101] Register 'void_compute_output_buffer_2d_array_array_ap_fixed_1u_config6_array_ap_fixed_16_6_5_3_0_4u_const_ap_shift_reg_value_type_in_width_n_chan_stream_array_ap_fixed_39_19_5_3_0_1u_0_weight_t_bias_t_kernel_data_5' is power-on initialization.
WARNING: [RTGEN 206-101] Register 'void_compute_output_buffer_2d_array_array_ap_fixed_1u_config6_array_ap_fixed_16_6_5_3_0_4u_const_ap_shift_reg_value_type_in_width_n_chan_stream_array_ap_fixed_39_19_5_3_0_1u_0_weight_t_bias_t_kernel_data_9' is power-on initialization.
WARNING: [RTGEN 206-101] Register 'void_compute_output_buffer_2d_array_array_ap_fixed_1u_config6_array_ap_fixed_16_6_5_3_0_4u_const_ap_shift_reg_value_type_in_width_n_chan_stream_array_ap_fixed_39_19_5_3_0_1u_0_weight_t_bias_t_kernel_data_4' is power-on initialization.
WARNING: [RTGEN 206-101] Register 'void_compute_output_buffer_2d_array_array_ap_fixed_1u_config6_array_ap_fixed_16_6_5_3_0_4u_const_ap_shift_reg_value_type_in_width_n_chan_stream_array_ap_fixed_39_19_5_3_0_1u_0_weight_t_bias_t_kernel_data_8' is power-on initialization.
WARNING: [RTGEN 206-101] Register 'void_compute_output_buffer_2d_array_array_ap_fixed_1u_config6_array_ap_fixed_16_6_5_3_0_4u_const_ap_shift_reg_value_type_in_width_n_chan_stream_array_ap_fixed_39_19_5_3_0_1u_0_weight_t_bias_t_kernel_data_3' is power-on initialization.
WARNING: [RTGEN 206-101] Register 'void_compute_output_buffer_2d_array_array_ap_fixed_1u_config6_array_ap_fixed_16_6_5_3_0_4u_const_ap_shift_reg_value_type_in_width_n_chan_stream_array_ap_fixed_39_19_5_3_0_1u_0_weight_t_bias_t_kernel_data_7' is power-on initialization.
WARNING: [RTGEN 206-101] Register 'void_compute_output_buffer_2d_array_array_ap_fixed_1u_config6_array_ap_fixed_16_6_5_3_0_4u_const_ap_shift_reg_value_type_in_width_n_chan_stream_array_ap_fixed_39_19_5_3_0_1u_0_weight_t_bias_t_kernel_data_2' is power-on initialization.
WARNING: [RTGEN 206-101] Register 'void_compute_output_buffer_2d_array_array_ap_fixed_1u_config6_array_ap_fixed_16_6_5_3_0_4u_const_ap_shift_reg_value_type_in_width_n_chan_stream_array_ap_fixed_39_19_5_3_0_1u_0_weight_t_bias_t_kernel_data_6' is power-on initialization.
WARNING: [RTGEN 206-101] Register 'p_ZZN4nnet24compute_output_buffer_2dINS_5arrayI8ap_fixedILi16ELi6EL9ap_q_mode5EL9ap_o_mode3ELi0EELj4EEENS1_IS2_ILi39ELi19ELS3_5ELS4_3ELi0EELj1EEE7config6EEvRKT_PAsrT1_6n_chan_12ap_shift_regINSA_10value_typeEXsrSD_8in_widthEERN3hls6streamIT0_19' is power-on initialization.
WARNING: [RTGEN 206-101] Register 'p_ZZN4nnet24compute_output_buffer_2dINS_5arrayI8ap_fixedILi16ELi6EL9ap_q_mode5EL9ap_o_mode3ELi0EELj4EEENS1_IS2_ILi39ELi19ELS3_5ELS4_3ELi0EELj1EEE7config6EEvRKT_PAsrT1_6n_chan_12ap_shift_regINSA_10value_typeEXsrSD_8in_widthEERN3hls6streamIT0_23' is power-on initialization.
WARNING: [RTGEN 206-101] Register 'p_ZZN4nnet24compute_output_buffer_2dINS_5arrayI8ap_fixedILi16ELi6EL9ap_q_mode5EL9ap_o_mode3ELi0EELj4EEENS1_IS2_ILi39ELi19ELS3_5ELS4_3ELi0EELj1EEE7config6EEvRKT_PAsrT1_6n_chan_12ap_shift_regINSA_10value_typeEXsrSD_8in_widthEERN3hls6streamIT0_18' is power-on initialization.
WARNING: [RTGEN 206-101] Register 'p_ZZN4nnet24compute_output_buffer_2dINS_5arrayI8ap_fixedILi16ELi6EL9ap_q_mode5EL9ap_o_mode3ELi0EELj4EEENS1_IS2_ILi39ELi19ELS3_5ELS4_3ELi0EELj1EEE7config6EEvRKT_PAsrT1_6n_chan_12ap_shift_regINSA_10value_typeEXsrSD_8in_widthEERN3hls6streamIT0_22' is power-on initialization.
WARNING: [RTGEN 206-101] Register 'p_ZZN4nnet24compute_output_buffer_2dINS_5arrayI8ap_fixedILi16ELi6EL9ap_q_mode5EL9ap_o_mode3ELi0EELj4EEENS1_IS2_ILi39ELi19ELS3_5ELS4_3ELi0EELj1EEE7config6EEvRKT_PAsrT1_6n_chan_12ap_shift_regINSA_10value_typeEXsrSD_8in_widthEERN3hls6streamIT0_17' is power-on initialization.
WARNING: [RTGEN 206-101] Register 'p_ZZN4nnet24compute_output_buffer_2dINS_5arrayI8ap_fixedILi16ELi6EL9ap_q_mode5EL9ap_o_mode3ELi0EELj4EEENS1_IS2_ILi39ELi19ELS3_5ELS4_3ELi0EELj1EEE7config6EEvRKT_PAsrT1_6n_chan_12ap_shift_regINSA_10value_typeEXsrSD_8in_widthEERN3hls6streamIT0_21' is power-on initialization.
WARNING: [RTGEN 206-101] Register 'p_ZZN4nnet24compute_output_buffer_2dINS_5arrayI8ap_fixedILi16ELi6EL9ap_q_mode5EL9ap_o_mode3ELi0EELj4EEENS1_IS2_ILi39ELi19ELS3_5ELS4_3ELi0EELj1EEE7config6EEvRKT_PAsrT1_6n_chan_12ap_shift_regINSA_10value_typeEXsrSD_8in_widthEERN3hls6streamIT0_16' is power-on initialization.
WARNING: [RTGEN 206-101] Register 'p_ZZN4nnet24compute_output_buffer_2dINS_5arrayI8ap_fixedILi16ELi6EL9ap_q_mode5EL9ap_o_mode3ELi0EELj4EEENS1_IS2_ILi39ELi19ELS3_5ELS4_3ELi0EELj1EEE7config6EEvRKT_PAsrT1_6n_chan_12ap_shift_regINSA_10value_typeEXsrSD_8in_widthEERN3hls6streamIT0_20' is power-on initialization.
WARNING: [RTGEN 206-101] Register 'p_ZZN4nnet24compute_output_buffer_2dINS_5arrayI8ap_fixedILi16ELi6EL9ap_q_mode5EL9ap_o_mode3ELi0EELj4EEENS1_IS2_ILi39ELi19ELS3_5ELS4_3ELi0EELj1EEE7config6EEvRKT_PAsrT1_6n_chan_12ap_shift_regINSA_10value_typeEXsrSD_8in_widthEERN3hls6streamIT0_7' is power-on initialization.
WARNING: [RTGEN 206-101] Register 'p_ZZN4nnet24compute_output_buffer_2dINS_5arrayI8ap_fixedILi16ELi6EL9ap_q_mode5EL9ap_o_mode3ELi0EELj4EEENS1_IS2_ILi39ELi19ELS3_5ELS4_3ELi0EELj1EEE7config6EEvRKT_PAsrT1_6n_chan_12ap_shift_regINSA_10value_typeEXsrSD_8in_widthEERN3hls6streamIT0_11' is power-on initialization.
WARNING: [RTGEN 206-101] Register 'p_ZZN4nnet24compute_output_buffer_2dINS_5arrayI8ap_fixedILi16ELi6EL9ap_q_mode5EL9ap_o_mode3ELi0EELj4EEENS1_IS2_ILi39ELi19ELS3_5ELS4_3ELi0EELj1EEE7config6EEvRKT_PAsrT1_6n_chan_12ap_shift_regINSA_10value_typeEXsrSD_8in_widthEERN3hls6streamIT0_6' is power-on initialization.
WARNING: [RTGEN 206-101] Register 'p_ZZN4nnet24compute_output_buffer_2dINS_5arrayI8ap_fixedILi16ELi6EL9ap_q_mode5EL9ap_o_mode3ELi0EELj4EEENS1_IS2_ILi39ELi19ELS3_5ELS4_3ELi0EELj1EEE7config6EEvRKT_PAsrT1_6n_chan_12ap_shift_regINSA_10value_typeEXsrSD_8in_widthEERN3hls6streamIT0_10' is power-on initialization.
WARNING: [RTGEN 206-101] Register 'p_ZZN4nnet24compute_output_buffer_2dINS_5arrayI8ap_fixedILi16ELi6EL9ap_q_mode5EL9ap_o_mode3ELi0EELj4EEENS1_IS2_ILi39ELi19ELS3_5ELS4_3ELi0EELj1EEE7config6EEvRKT_PAsrT1_6n_chan_12ap_shift_regINSA_10value_typeEXsrSD_8in_widthEERN3hls6streamIT0_5' is power-on initialization.
WARNING: [RTGEN 206-101] Register 'p_ZZN4nnet24compute_output_buffer_2dINS_5arrayI8ap_fixedILi16ELi6EL9ap_q_mode5EL9ap_o_mode3ELi0EELj4EEENS1_IS2_ILi39ELi19ELS3_5ELS4_3ELi0EELj1EEE7config6EEvRKT_PAsrT1_6n_chan_12ap_shift_regINSA_10value_typeEXsrSD_8in_widthEERN3hls6streamIT0_9' is power-on initialization.
WARNING: [RTGEN 206-101] Register 'p_ZZN4nnet24compute_output_buffer_2dINS_5arrayI8ap_fixedILi16ELi6EL9ap_q_mode5EL9ap_o_mode3ELi0EELj4EEENS1_IS2_ILi39ELi19ELS3_5ELS4_3ELi0EELj1EEE7config6EEvRKT_PAsrT1_6n_chan_12ap_shift_regINSA_10value_typeEXsrSD_8in_widthEERN3hls6streamIT0_4' is power-on initialization.
WARNING: [RTGEN 206-101] Register 'p_ZZN4nnet24compute_output_buffer_2dINS_5arrayI8ap_fixedILi16ELi6EL9ap_q_mode5EL9ap_o_mode3ELi0EELj4EEENS1_IS2_ILi39ELi19ELS3_5ELS4_3ELi0EELj1EEE7config6EEvRKT_PAsrT1_6n_chan_12ap_shift_regINSA_10value_typeEXsrSD_8in_widthEERN3hls6streamIT0_8' is power-on initialization.
WARNING: [RTGEN 206-101] Register 'void_compute_output_buffer_2d_array_array_ap_fixed_1u_config6_array_ap_fixed_16_6_5_3_0_4u_const_ap_shift_reg_value_type_in_width_n_chan_stream_array_ap_fixed_39_19_5_3_0_1u_0_weight_t_bias_t_kernel_data_1' is power-on initialization.
WARNING: [RTGEN 206-101] Register 'void_compute_output_buffer_2d_array_array_ap_fixed_1u_config6_array_ap_fixed_16_6_5_3_0_4u_const_ap_shift_reg_value_type_in_width_n_chan_stream_array_ap_fixed_39_19_5_3_0_1u_0_weight_t_bias_t_kernel_data' is power-on initialization.
WARNING: [RTGEN 206-101] Register 'p_ZZN4nnet24compute_output_buffer_2dINS_5arrayI8ap_fixedILi16ELi6EL9ap_q_mode5EL9ap_o_mode3ELi0EELj4EEENS1_IS2_ILi39ELi19ELS3_5ELS4_3ELi0EELj1EEE7config6EEvRKT_PAsrT1_6n_chan_12ap_shift_regINSA_10value_typeEXsrSD_8in_widthEERN3hls6streamIT0_25' is power-on initialization.
WARNING: [RTGEN 206-101] Register 'p_ZZN4nnet24compute_output_buffer_2dINS_5arrayI8ap_fixedILi16ELi6EL9ap_q_mode5EL9ap_o_mode3ELi0EELj4EEENS1_IS2_ILi39ELi19ELS3_5ELS4_3ELi0EELj1EEE7config6EEvRKT_PAsrT1_6n_chan_12ap_shift_regINSA_10value_typeEXsrSD_8in_widthEERN3hls6streamIT0_24' is power-on initialization.
WARNING: [RTGEN 206-101] Register 'p_ZZN4nnet24compute_output_buffer_2dINS_5arrayI8ap_fixedILi16ELi6EL9ap_q_mode5EL9ap_o_mode3ELi0EELj4EEENS1_IS2_ILi39ELi19ELS3_5ELS4_3ELi0EELj1EEE7config6EEvRKT_PAsrT1_6n_chan_12ap_shift_regINSA_10value_typeEXsrSD_8in_widthEERN3hls6streamIT0_15' is power-on initialization.
WARNING: [RTGEN 206-101] Register 'p_ZZN4nnet24compute_output_buffer_2dINS_5arrayI8ap_fixedILi16ELi6EL9ap_q_mode5EL9ap_o_mode3ELi0EELj4EEENS1_IS2_ILi39ELi19ELS3_5ELS4_3ELi0EELj1EEE7config6EEvRKT_PAsrT1_6n_chan_12ap_shift_regINSA_10value_typeEXsrSD_8in_widthEERN3hls6streamIT0_14' is power-on initialization.
WARNING: [RTGEN 206-101] Register 'p_ZZN4nnet24compute_output_buffer_2dINS_5arrayI8ap_fixedILi16ELi6EL9ap_q_mode5EL9ap_o_mode3ELi0EELj4EEENS1_IS2_ILi39ELi19ELS3_5ELS4_3ELi0EELj1EEE7config6EEvRKT_PAsrT1_6n_chan_12ap_shift_regINSA_10value_typeEXsrSD_8in_widthEERN3hls6streamIT0_13' is power-on initialization.
WARNING: [RTGEN 206-101] Register 'p_ZZN4nnet24compute_output_buffer_2dINS_5arrayI8ap_fixedILi16ELi6EL9ap_q_mode5EL9ap_o_mode3ELi0EELj4EEENS1_IS2_ILi39ELi19ELS3_5ELS4_3ELi0EELj1EEE7config6EEvRKT_PAsrT1_6n_chan_12ap_shift_regINSA_10value_typeEXsrSD_8in_widthEERN3hls6streamIT0_12' is power-on initialization.
WARNING: [RTGEN 206-101] Register 'p_ZZN4nnet24compute_output_buffer_2dINS_5arrayI8ap_fixedILi16ELi6EL9ap_q_mode5EL9ap_o_mode3ELi0EELj4EEENS1_IS2_ILi39ELi19ELS3_5ELS4_3ELi0EELj1EEE7config6EEvRKT_PAsrT1_6n_chan_12ap_shift_regINSA_10value_typeEXsrSD_8in_widthEERN3hls6streamIT0_3' is power-on initialization.
WARNING: [RTGEN 206-101] Register 'p_ZZN4nnet24compute_output_buffer_2dINS_5arrayI8ap_fixedILi16ELi6EL9ap_q_mode5EL9ap_o_mode3ELi0EELj4EEENS1_IS2_ILi39ELi19ELS3_5ELS4_3ELi0EELj1EEE7config6EEvRKT_PAsrT1_6n_chan_12ap_shift_regINSA_10value_typeEXsrSD_8in_widthEERN3hls6streamIT0_2' is power-on initialization.
WARNING: [RTGEN 206-101] Register 'p_ZZN4nnet24compute_output_buffer_2dINS_5arrayI8ap_fixedILi16ELi6EL9ap_q_mode5EL9ap_o_mode3ELi0EELj4EEENS1_IS2_ILi39ELi19ELS3_5ELS4_3ELi0EELj1EEE7config6EEvRKT_PAsrT1_6n_chan_12ap_shift_regINSA_10value_typeEXsrSD_8in_widthEERN3hls6streamIT0_1' is power-on initialization.
WARNING: [RTGEN 206-101] Register 'p_ZZN4nnet24compute_output_buffer_2dINS_5arrayI8ap_fixedILi16ELi6EL9ap_q_mode5EL9ap_o_mode3ELi0EELj4EEENS1_IS2_ILi39ELi19ELS3_5ELS4_3ELi0EELj1EEE7config6EEvRKT_PAsrT1_6n_chan_12ap_shift_regINSA_10value_typeEXsrSD_8in_widthEERN3hls6streamIT0_s' is power-on initialization.
WARNING: [RTGEN 206-101] Register 'sX_1' is power-on initialization.
WARNING: [RTGEN 206-101] Register 'sY_1' is power-on initialization.
WARNING: [RTGEN 206-101] Register 'pY_1' is power-on initialization.
WARNING: [RTGEN 206-101] Register 'pX_1' is power-on initialization.
INFO: [RTGEN 206-100] Finished creating RTL model for 'compute_output_buffer_2d_array_ap_fixed_16_6_5_3_0_4u_array_ap_fixed_39_19_5_3_0_1u_config6_s'.
INFO: [HLS 200-111] Finished Creating RTL model: CPU user time: 1 seconds. CPU system time: 1 seconds. Elapsed time: 2.127 seconds; current allocated memory: 1.162 GB.
INFO: [HLS 200-10] ----------------------------------------------------------------
INFO: [HLS 200-10] -- Generating RTL for module 'conv_2d_cl_array_ap_fixed_16_6_5_3_0_4u_array_ap_fixed_39_19_5_3_0_1u_config6_s' 
INFO: [HLS 200-10] ----------------------------------------------------------------
INFO: [RTGEN 206-100] Finished creating RTL model for 'conv_2d_cl_array_ap_fixed_16_6_5_3_0_4u_array_ap_fixed_39_19_5_3_0_1u_config6_s'.
INFO: [HLS 200-111] Finished Creating RTL model: CPU user time: 0 seconds. CPU system time: 0 seconds. Elapsed time: 0.367 seconds; current allocated memory: 1.162 GB.
INFO: [HLS 200-10] ----------------------------------------------------------------
INFO: [HLS 200-10] -- Generating RTL for module 'edge_cnn_linear' 
INFO: [HLS 200-10] ----------------------------------------------------------------
WARNING: [RTGEN 206-101] Design contains AXI ports. Reset is fixed to synchronous and active low.
INFO: [RTGEN 206-500] Setting interface mode on port 'edge_cnn_linear/input_image' to 'axis' (register, both mode).
INFO: [RTGEN 206-500] Setting interface mode on port 'edge_cnn_linear/layer6_out' to 'axis' (register, both mode).
INFO: [RTGEN 206-500] Setting interface mode on function 'edge_cnn_linear' to 'ap_ctrl_hs'.
INFO: [SYN 201-210] Renamed object name 'start_for_conv_2d_cl_array_ap_fixed_16_6_5_3_0_1u_array_ap_fixed_37_17_5_3_0_4u_config2_U0' to 'start_for_conv_2d_cl_array_ap_fixed_16_6_5_3_0_1u_array_ap_fixed_37_17_5_3_0_yd2' due to the length limit 80
INFO: [SYN 201-210] Renamed object name 'start_for_relu_array_ap_fixed_37_17_5_3_0_4u_array_ap_fixed_16_6_5_3_0_4u_relu_config3_U0' to 'start_for_relu_array_ap_fixed_37_17_5_3_0_4u_array_ap_fixed_16_6_5_3_0_4u_relzec' due to the length limit 80
INFO: [SYN 201-210] Renamed object name 'start_for_zeropad2d_cl_array_ap_fixed_16_6_5_3_0_4u_array_ap_fixed_16_6_5_3_0_4u_config8_U0' to 'start_for_zeropad2d_cl_array_ap_fixed_16_6_5_3_0_4u_array_ap_fixed_16_6_5_3_0Aem' due to the length limit 80
INFO: [SYN 201-210] Renamed object name 'start_for_conv_2d_cl_array_ap_fixed_16_6_5_3_0_4u_array_ap_fixed_39_19_5_3_0_4u_config4_U0' to 'start_for_conv_2d_cl_array_ap_fixed_16_6_5_3_0_4u_array_ap_fixed_39_19_5_3_0_Bew' due to the length limit 80
INFO: [SYN 201-210] Renamed object name 'start_for_relu_array_ap_fixed_39_19_5_3_0_4u_array_ap_fixed_16_6_5_3_0_4u_relu_config5_U0' to 'start_for_relu_array_ap_fixed_39_19_5_3_0_4u_array_ap_fixed_16_6_5_3_0_4u_relCeG' due to the length limit 80
INFO: [SYN 201-210] Renamed object name 'start_for_zeropad2d_cl_array_ap_fixed_16_6_5_3_0_4u_array_ap_fixed_16_6_5_3_0_4u_config9_U0' to 'start_for_zeropad2d_cl_array_ap_fixed_16_6_5_3_0_4u_array_ap_fixed_16_6_5_3_0DeQ' due to the length limit 80
INFO: [SYN 201-210] Renamed object name 'start_for_conv_2d_cl_array_ap_fixed_16_6_5_3_0_4u_array_ap_fixed_39_19_5_3_0_1u_config6_U0' to 'start_for_conv_2d_cl_array_ap_fixed_16_6_5_3_0_4u_array_ap_fixed_39_19_5_3_0_Ee0' due to the length limit 80
INFO: [RTGEN 206-100] Finished creating RTL model for 'edge_cnn_linear'.
INFO: [HLS 200-111] Finished Creating RTL model: CPU user time: 0 seconds. CPU system time: 0 seconds. Elapsed time: 0.721 seconds; current allocated memory: 1.162 GB.
INFO: [RTMG 210-279] Implementing memory 'edge_cnn_linear_dense_resource_rf_gt_nin_rem0_ap_fixed_16_6_5_3_0_ap_fixed_37_17_5_3_0_configdEe' using auto ROMs.
INFO: [RTMG 210-279] Implementing memory 'edge_cnn_linear_dense_resource_rf_gt_nin_rem0_ap_fixed_16_6_5_3_0_ap_fixed_37_17_5_3_0_configeOg' using block ROMs.
INFO: [RTMG 210-279] Implementing memory 'edge_cnn_linear_dense_resource_rf_gt_nin_rem0_ap_fixed_16_6_5_3_0_ap_fixed_39_19_5_3_0_configncg' using auto ROMs.
INFO: [RTMG 210-279] Implementing memory 'edge_cnn_linear_dense_resource_rf_gt_nin_rem0_ap_fixed_16_6_5_3_0_ap_fixed_39_19_5_3_0_configocq' using block ROMs.
INFO: [RTMG 210-279] Implementing memory 'edge_cnn_linear_dense_resource_rf_leq_nin_ap_fixed_16_6_5_3_0_ap_fixed_39_19_5_3_0_config6_muxdS' using block ROMs.
INFO: [RTMG 210-285] Implementing FIFO 'layer7_out_U(edge_cnn_linear_fifo_w16_d20172_A)' using Vivado Default RAMs.
INFO: [RTMG 210-285] Implementing FIFO 'layer2_out_U(edge_cnn_linear_fifo_w148_d19602_A)' using Vivado Default RAMs.
INFO: [RTMG 210-285] Implementing FIFO 'layer3_out_U(edge_cnn_linear_fifo_w64_d19602_A)' using Vivado Default RAMs.
INFO: [RTMG 210-285] Implementing FIFO 'layer8_out_U(edge_cnn_linear_fifo_w64_d20172_A)' using Vivado Default RAMs.
INFO: [RTMG 210-285] Implementing FIFO 'layer4_out_U(edge_cnn_linear_fifo_w156_d19602_A)' using Vivado Default RAMs.
INFO: [RTMG 210-285] Implementing FIFO 'layer5_out_U(edge_cnn_linear_fifo_w64_d19602_A)' using Vivado Default RAMs.
INFO: [RTMG 210-285] Implementing FIFO 'layer9_out_U(edge_cnn_linear_fifo_w64_d20172_A)' using Vivado Default RAMs.
INFO: [RTMG 210-285] Implementing FIFO 'start_for_conv_2d_cl_array_ap_fixed_16_6_5_3_0_1u_array_ap_fixed_37_17_5_3_0_yd2_U(edge_cnn_linear_start_for_conv_2d_cl_array_ap_fixed_16_6_5_3_0_1u_array_ap_fixed_37_17_5_3_0_yd2)' using Shift Registers.
INFO: [RTMG 210-285] Implementing FIFO 'start_for_relu_array_ap_fixed_37_17_5_3_0_4u_array_ap_fixed_16_6_5_3_0_4u_relzec_U(edge_cnn_linear_start_for_relu_array_ap_fixed_37_17_5_3_0_4u_array_ap_fixed_16_6_5_3_0_4u_relzec)' using Shift Registers.
INFO: [RTMG 210-285] Implementing FIFO 'start_for_zeropad2d_cl_array_ap_fixed_16_6_5_3_0_4u_array_ap_fixed_16_6_5_3_0Aem_U(edge_cnn_linear_start_for_zeropad2d_cl_array_ap_fixed_16_6_5_3_0_4u_array_ap_fixed_16_6_5_3_0Aem)' using Shift Registers.
INFO: [RTMG 210-285] Implementing FIFO 'start_for_conv_2d_cl_array_ap_fixed_16_6_5_3_0_4u_array_ap_fixed_39_19_5_3_0_Bew_U(edge_cnn_linear_start_for_conv_2d_cl_array_ap_fixed_16_6_5_3_0_4u_array_ap_fixed_39_19_5_3_0_Bew)' using Shift Registers.
INFO: [RTMG 210-285] Implementing FIFO 'start_for_relu_array_ap_fixed_39_19_5_3_0_4u_array_ap_fixed_16_6_5_3_0_4u_relCeG_U(edge_cnn_linear_start_for_relu_array_ap_fixed_39_19_5_3_0_4u_array_ap_fixed_16_6_5_3_0_4u_relCeG)' using Shift Registers.
INFO: [RTMG 210-285] Implementing FIFO 'start_for_zeropad2d_cl_array_ap_fixed_16_6_5_3_0_4u_array_ap_fixed_16_6_5_3_0DeQ_U(edge_cnn_linear_start_for_zeropad2d_cl_array_ap_fixed_16_6_5_3_0_4u_array_ap_fixed_16_6_5_3_0DeQ)' using Shift Registers.
INFO: [RTMG 210-285] Implementing FIFO 'start_for_conv_2d_cl_array_ap_fixed_16_6_5_3_0_4u_array_ap_fixed_39_19_5_3_0_Ee0_U(edge_cnn_linear_start_for_conv_2d_cl_array_ap_fixed_16_6_5_3_0_4u_array_ap_fixed_39_19_5_3_0_Ee0)' using Shift Registers.
INFO: [HLS 200-111] Finished Generating all RTL models: CPU user time: 2 seconds. CPU system time: 1 seconds. Elapsed time: 4.095 seconds; current allocated memory: 1.162 GB.
INFO: [HLS 200-111] Finished Updating report files: CPU user time: 1 seconds. CPU system time: 0 seconds. Elapsed time: 3.309 seconds; current allocated memory: 1.162 GB.
INFO: [VHDL 208-304] Generating VHDL RTL for edge_cnn_linear.
INFO: [VLOG 209-307] Generating Verilog RTL for edge_cnn_linear.
INFO: [HLS 200-790] **** Loop Constraint Status: All loop constraints were NOT satisfied.
INFO: [HLS 200-789] **** Estimated Fmax: 131.73 MHz
INFO: [HLS 200-111] Finished Command csynth_design CPU user time: 26 seconds. CPU system time: 5 seconds. Elapsed time: 67.313 seconds; current allocated memory: 0.492 MB.
INFO: [HLS 200-1510] Running: export_design -format ip_catalog 
INFO: [IMPL 213-8] Exporting RTL as a Vivado IP.

****** Vivado v2021.2 (64-bit)
  **** SW Build 3367213 on Tue Oct 19 02:48:09 MDT 2021
  **** IP Build 3369179 on Thu Oct 21 08:25:16 MDT 2021
    ** Copyright 1986-2021 Xilinx, Inc. All Rights Reserved.

source run_ippack.tcl -notrace
ERROR: '2605260113' is an invalid argument. Please specify an integer value.
    while executing
"rdi::set_property core_revision 2605260113 {component component_1}"
    invoked from within
"set_property core_revision $Revision $core"
    (file "run_ippack.tcl" line 876)
INFO: [Common 17-206] Exiting Vivado at Tue May 26 01:13:40 2026...
ERROR: [IMPL 213-28] Failed to generate IP.
INFO: [HLS 200-111] Finished Command export_design CPU user time: 5 seconds. CPU system time: 1 seconds. Elapsed time: 17.926 seconds; current allocated memory: 0.000 MB.
command 'ap_source' returned error code
    while executing
"source run_hls_zybo_stream.tcl"
    ("uplevel" body line 1)
    invoked from within
"uplevel \#0 [list source $arg] "

INFO: [HLS 200-112] Total CPU user time: 32 seconds. Total CPU system time: 7 seconds. Total elapsed time: 87.106 seconds; peak allocated memory: 1.162 GB.
INFO: [Common 17-206] Exiting vitis_hls at Tue May 26 01:13:40 2026...
