

================================================================
== Vitis HLS Report for 'dense_resource_rf_leq_nin_ap_fixed_16_6_5_3_0_ap_fixed_39_19_5_3_0_config6_mult_s'
================================================================
* Date:           Tue May 26 01:13:11 2026

* Version:        2021.2 (Build 3367213 on Tue Oct 19 02:48:09 MDT 2021)
* Project:        edge_cnn_linear_stream_prj
* Solution:       solution1 (Vivado IP Flow Target)
* Product family: zynq
* Target device:  xc7z020-clg400-1


================================================================
== Performance Estimates
================================================================
+ Timing: 
    * Summary: 
    +--------+----------+----------+------------+
    |  Clock |  Target  | Estimated| Uncertainty|
    +--------+----------+----------+------------+
    |ap_clk  |  10.00 ns|  6.943 ns|     2.70 ns|
    +--------+----------+----------+------------+

+ Latency: 
    * Summary: 
    +---------+---------+----------+----------+-----+-----+------------------------------------------+
    |  Latency (cycles) |  Latency (absolute) |  Interval |                 Pipeline                 |
    |   min   |   max   |    min   |    max   | min | max |                   Type                   |
    +---------+---------+----------+----------+-----+-----+------------------------------------------+
    |       39|       40|  0.390 us|  0.400 us|   36|   36|  loop rewind stp(delay=0 clock cycles(s))|
    +---------+---------+----------+----------+-----+-----+------------------------------------------+

    + Detail: 
        * Instance: 
        N/A

        * Loop: 
        +-------------+---------+---------+----------+-----------+-----------+------+----------+
        |             |  Latency (cycles) | Iteration|  Initiation Interval  | Trip |          |
        |  Loop Name  |   min   |   max   |  Latency |  achieved |   target  | Count| Pipelined|
        +-------------+---------+---------+----------+-----------+-----------+------+----------+
        |- ReuseLoop  |       39|       39|         5|          1|          1|    36|       yes|
        +-------------+---------+---------+----------+-----------+-----------+------+----------+



================================================================
== Utilization Estimates
================================================================
* Summary: 
+-----------------+---------+-----+--------+-------+-----+
|       Name      | BRAM_18K| DSP |   FF   |  LUT  | URAM|
+-----------------+---------+-----+--------+-------+-----+
|DSP              |        -|    1|       -|      -|    -|
|Expression       |        -|    -|       0|     53|    -|
|FIFO             |        -|    -|       -|      -|    -|
|Instance         |        -|    -|       0|    159|    -|
|Memory           |        1|    -|       0|      0|    -|
|Multiplexer      |        -|    -|       -|   1054|    -|
|Register         |        -|    -|    1276|     32|    -|
+-----------------+---------+-----+--------+-------+-----+
|Total            |        1|    1|    1276|   1298|    0|
+-----------------+---------+-----+--------+-------+-----+
|Available        |      280|  220|  106400|  53200|    0|
+-----------------+---------+-----+--------+-------+-----+
|Utilization (%)  |       ~0|   ~0|       1|      2|    0|
+-----------------+---------+-----+--------+-------+-----+

+ Detail: 
    * Instance: 
    +---------------------+----------------+---------+----+---+-----+-----+
    |       Instance      |     Module     | BRAM_18K| DSP| FF| LUT | URAM|
    +---------------------+----------------+---------+----+---+-----+-----+
    |mux_366_16_1_1_U186  |mux_366_16_1_1  |        0|   0|  0|  159|    0|
    +---------------------+----------------+---------+----+---+-----+-----+
    |Total                |                |        0|   0|  0|  159|    0|
    +---------------------+----------------+---------+----+---+-----+-----+

    * DSP: 
    +-----------------------------+------------------------+-----------+
    |           Instance          |         Module         | Expression|
    +-----------------------------+------------------------+-----------+
    |mul_mul_16s_11s_26_4_1_U187  |mul_mul_16s_11s_26_4_1  |    i0 * i1|
    +-----------------------------+------------------------+-----------+

    * Memory: 
    +--------+----------------------------------------------------------------------------------+---------+---+----+-----+------+-----+------+-------------+
    | Memory |                                      Module                                      | BRAM_18K| FF| LUT| URAM| Words| Bits| Banks| W*Bits*Banks|
    +--------+----------------------------------------------------------------------------------+---------+---+----+-----+------+-----+------+-------------+
    |w6_V_U  |dense_resource_rf_leq_nin_ap_fixed_16_6_5_3_0_ap_fixed_39_19_5_3_0_config6_muxdS  |        1|  0|   0|    0|    36|   11|     1|          396|
    +--------+----------------------------------------------------------------------------------+---------+---+----+-----+------+-----+------+-------------+
    |Total   |                                                                                  |        1|  0|   0|    0|    36|   11|     1|          396|
    +--------+----------------------------------------------------------------------------------+---------+---+----+-----+------+-----+------+-------------+

    * FIFO: 
    N/A

    * Expression: 
    +----------------------+----------+----+---+----+------------+------------+
    |     Variable Name    | Operation| DSP| FF| LUT| Bitwidth P0| Bitwidth P1|
    +----------------------+----------+----+---+----+------------+------------+
    |w_index_fu_1267_p2    |         +|   0|  0|  14|           6|           1|
    |x_V_fu_1374_p2        |         +|   0|  0|  23|          16|          16|
    |ap_condition_338      |       and|   0|  0|   2|           1|           1|
    |ap_condition_359      |       and|   0|  0|   2|           1|           1|
    |icmp_ln46_fu_1273_p2  |      icmp|   0|  0|  10|           6|           6|
    |ap_enable_pp0         |       xor|   0|  0|   2|           1|           2|
    +----------------------+----------+----+---+----+------------+------------+
    |Total                 |          |   0|  0|  53|          31|          27|
    +----------------------+----------+----+---+----+------------+------------+

    * Multiplexer: 
    +----------------------------------------------------------------------------------------------------------------------------------------------------------------------------------------------------------------------------------------------------------------------------------+----+-----------+-----+-----------+
    |                                                                                                                                       Name                                                                                                                                       | LUT| Input Size| Bits| Total Bits|
    +----------------------------------------------------------------------------------------------------------------------------------------------------------------------------------------------------------------------------------------------------------------------------------+----+-----------+-----+-----------+
    |ap_done_int                                                                                                                                                                                                                                                                       |   9|          2|    1|          2|
    |ap_loop_exit_ready_pp0_iter4_reg                                                                                                                                                                                                                                                  |   9|          2|    1|          2|
    |ap_phi_mux_do_init_phi_fu_142_p6                                                                                                                                                                                                                                                  |  14|          3|    1|          3|
    |ap_phi_mux_empty_46_phi_fu_1108_p6                                                                                                                                                                                                                                                |   9|          2|   16|         32|
    |ap_phi_mux_p_ZZN4nnet24compute_output_buffer_2dINS_5arrayI8ap_fixedILi16ELi6EL9ap_q_mode5EL9ap_o_mode3ELi0EELj4EEENS1_IS2_ILi39ELi19ELS3_5ELS4_3ELi0EELj1EEE7config6EEvRKT_PAsrT1_6n_chan_12ap_shift_regINSA_10value_typeEXsrSD_8in_widthEERN3hls6streamIT0_44_phi_fu_676_p4      |   9|          2|   16|         32|
    |ap_phi_mux_p_ZZN4nnet24compute_output_buffer_2dINS_5arrayI8ap_fixedILi16ELi6EL9ap_q_mode5EL9ap_o_mode3ELi0EELj4EEENS1_IS2_ILi39ELi19ELS3_5ELS4_3ELi0EELj1EEE7config6EEvRKT_PAsrT1_6n_chan_12ap_shift_regINSA_10value_typeEXsrSD_8in_widthEERN3hls6streamIT0_45_phi_fu_688_p4      |   9|          2|   16|         32|
    |ap_phi_mux_p_ZZN4nnet24compute_output_buffer_2dINS_5arrayI8ap_fixedILi16ELi6EL9ap_q_mode5EL9ap_o_mode3ELi0EELj4EEENS1_IS2_ILi39ELi19ELS3_5ELS4_3ELi0EELj1EEE7config6EEvRKT_PAsrT1_6n_chan_12ap_shift_regINSA_10value_typeEXsrSD_8in_widthEERN3hls6streamIT0_46_phi_fu_700_p4      |   9|          2|   16|         32|
    |ap_phi_mux_p_ZZN4nnet24compute_output_buffer_2dINS_5arrayI8ap_fixedILi16ELi6EL9ap_q_mode5EL9ap_o_mode3ELi0EELj4EEENS1_IS2_ILi39ELi19ELS3_5ELS4_3ELi0EELj1EEE7config6EEvRKT_PAsrT1_6n_chan_12ap_shift_regINSA_10value_typeEXsrSD_8in_widthEERN3hls6streamIT0_47_phi_fu_712_p4      |   9|          2|   16|         32|
    |ap_phi_mux_p_ZZN4nnet24compute_output_buffer_2dINS_5arrayI8ap_fixedILi16ELi6EL9ap_q_mode5EL9ap_o_mode3ELi0EELj4EEENS1_IS2_ILi39ELi19ELS3_5ELS4_3ELi0EELj1EEE7config6EEvRKT_PAsrT1_6n_chan_12ap_shift_regINSA_10value_typeEXsrSD_8in_widthEERN3hls6streamIT0_48_phi_fu_724_p4      |   9|          2|   16|         32|
    |ap_phi_mux_p_ZZN4nnet24compute_output_buffer_2dINS_5arrayI8ap_fixedILi16ELi6EL9ap_q_mode5EL9ap_o_mode3ELi0EELj4EEENS1_IS2_ILi39ELi19ELS3_5ELS4_3ELi0EELj1EEE7config6EEvRKT_PAsrT1_6n_chan_12ap_shift_regINSA_10value_typeEXsrSD_8in_widthEERN3hls6streamIT0_49_phi_fu_736_p4      |   9|          2|   16|         32|
    |ap_phi_mux_p_ZZN4nnet24compute_output_buffer_2dINS_5arrayI8ap_fixedILi16ELi6EL9ap_q_mode5EL9ap_o_mode3ELi0EELj4EEENS1_IS2_ILi39ELi19ELS3_5ELS4_3ELi0EELj1EEE7config6EEvRKT_PAsrT1_6n_chan_12ap_shift_regINSA_10value_typeEXsrSD_8in_widthEERN3hls6streamIT0_50_phi_fu_748_p4      |   9|          2|   16|         32|
    |ap_phi_mux_p_ZZN4nnet24compute_output_buffer_2dINS_5arrayI8ap_fixedILi16ELi6EL9ap_q_mode5EL9ap_o_mode3ELi0EELj4EEENS1_IS2_ILi39ELi19ELS3_5ELS4_3ELi0EELj1EEE7config6EEvRKT_PAsrT1_6n_chan_12ap_shift_regINSA_10value_typeEXsrSD_8in_widthEERN3hls6streamIT0_51_phi_fu_760_p4      |   9|          2|   16|         32|
    |ap_phi_mux_p_ZZN4nnet24compute_output_buffer_2dINS_5arrayI8ap_fixedILi16ELi6EL9ap_q_mode5EL9ap_o_mode3ELi0EELj4EEENS1_IS2_ILi39ELi19ELS3_5ELS4_3ELi0EELj1EEE7config6EEvRKT_PAsrT1_6n_chan_12ap_shift_regINSA_10value_typeEXsrSD_8in_widthEERN3hls6streamIT0_52_phi_fu_772_p4      |   9|          2|   16|         32|
    |ap_phi_mux_p_ZZN4nnet24compute_output_buffer_2dINS_5arrayI8ap_fixedILi16ELi6EL9ap_q_mode5EL9ap_o_mode3ELi0EELj4EEENS1_IS2_ILi39ELi19ELS3_5ELS4_3ELi0EELj1EEE7config6EEvRKT_PAsrT1_6n_chan_12ap_shift_regINSA_10value_typeEXsrSD_8in_widthEERN3hls6streamIT0_53_phi_fu_784_p4      |   9|          2|   16|         32|
    |ap_phi_mux_p_ZZN4nnet24compute_output_buffer_2dINS_5arrayI8ap_fixedILi16ELi6EL9ap_q_mode5EL9ap_o_mode3ELi0EELj4EEENS1_IS2_ILi39ELi19ELS3_5ELS4_3ELi0EELj1EEE7config6EEvRKT_PAsrT1_6n_chan_12ap_shift_regINSA_10value_typeEXsrSD_8in_widthEERN3hls6streamIT0_54_phi_fu_796_p4      |   9|          2|   16|         32|
    |ap_phi_mux_p_ZZN4nnet24compute_output_buffer_2dINS_5arrayI8ap_fixedILi16ELi6EL9ap_q_mode5EL9ap_o_mode3ELi0EELj4EEENS1_IS2_ILi39ELi19ELS3_5ELS4_3ELi0EELj1EEE7config6EEvRKT_PAsrT1_6n_chan_12ap_shift_regINSA_10value_typeEXsrSD_8in_widthEERN3hls6streamIT0_55_phi_fu_808_p4      |   9|          2|   16|         32|
    |ap_phi_mux_p_ZZN4nnet24compute_output_buffer_2dINS_5arrayI8ap_fixedILi16ELi6EL9ap_q_mode5EL9ap_o_mode3ELi0EELj4EEENS1_IS2_ILi39ELi19ELS3_5ELS4_3ELi0EELj1EEE7config6EEvRKT_PAsrT1_6n_chan_12ap_shift_regINSA_10value_typeEXsrSD_8in_widthEERN3hls6streamIT0_56_phi_fu_820_p4      |   9|          2|   16|         32|
    |ap_phi_mux_p_ZZN4nnet24compute_output_buffer_2dINS_5arrayI8ap_fixedILi16ELi6EL9ap_q_mode5EL9ap_o_mode3ELi0EELj4EEENS1_IS2_ILi39ELi19ELS3_5ELS4_3ELi0EELj1EEE7config6EEvRKT_PAsrT1_6n_chan_12ap_shift_regINSA_10value_typeEXsrSD_8in_widthEERN3hls6streamIT0_57_phi_fu_832_p4      |   9|          2|   16|         32|
    |ap_phi_mux_p_ZZN4nnet24compute_output_buffer_2dINS_5arrayI8ap_fixedILi16ELi6EL9ap_q_mode5EL9ap_o_mode3ELi0EELj4EEENS1_IS2_ILi39ELi19ELS3_5ELS4_3ELi0EELj1EEE7config6EEvRKT_PAsrT1_6n_chan_12ap_shift_regINSA_10value_typeEXsrSD_8in_widthEERN3hls6streamIT0_58_phi_fu_844_p4      |   9|          2|   16|         32|
    |ap_phi_mux_p_ZZN4nnet24compute_output_buffer_2dINS_5arrayI8ap_fixedILi16ELi6EL9ap_q_mode5EL9ap_o_mode3ELi0EELj4EEENS1_IS2_ILi39ELi19ELS3_5ELS4_3ELi0EELj1EEE7config6EEvRKT_PAsrT1_6n_chan_12ap_shift_regINSA_10value_typeEXsrSD_8in_widthEERN3hls6streamIT0_59_phi_fu_856_p4      |   9|          2|   16|         32|
    |ap_phi_mux_p_ZZN4nnet24compute_output_buffer_2dINS_5arrayI8ap_fixedILi16ELi6EL9ap_q_mode5EL9ap_o_mode3ELi0EELj4EEENS1_IS2_ILi39ELi19ELS3_5ELS4_3ELi0EELj1EEE7config6EEvRKT_PAsrT1_6n_chan_12ap_shift_regINSA_10value_typeEXsrSD_8in_widthEERN3hls6streamIT0_60_phi_fu_868_p4      |   9|          2|   16|         32|
    |ap_phi_mux_p_ZZN4nnet24compute_output_buffer_2dINS_5arrayI8ap_fixedILi16ELi6EL9ap_q_mode5EL9ap_o_mode3ELi0EELj4EEENS1_IS2_ILi39ELi19ELS3_5ELS4_3ELi0EELj1EEE7config6EEvRKT_PAsrT1_6n_chan_12ap_shift_regINSA_10value_typeEXsrSD_8in_widthEERN3hls6streamIT0_61_phi_fu_880_p4      |   9|          2|   16|         32|
    |ap_phi_mux_p_ZZN4nnet24compute_output_buffer_2dINS_5arrayI8ap_fixedILi16ELi6EL9ap_q_mode5EL9ap_o_mode3ELi0EELj4EEENS1_IS2_ILi39ELi19ELS3_5ELS4_3ELi0EELj1EEE7config6EEvRKT_PAsrT1_6n_chan_12ap_shift_regINSA_10value_typeEXsrSD_8in_widthEERN3hls6streamIT0_62_phi_fu_892_p4      |   9|          2|   16|         32|
    |ap_phi_mux_p_ZZN4nnet24compute_output_buffer_2dINS_5arrayI8ap_fixedILi16ELi6EL9ap_q_mode5EL9ap_o_mode3ELi0EELj4EEENS1_IS2_ILi39ELi19ELS3_5ELS4_3ELi0EELj1EEE7config6EEvRKT_PAsrT1_6n_chan_12ap_shift_regINSA_10value_typeEXsrSD_8in_widthEERN3hls6streamIT0_63_phi_fu_904_p4      |   9|          2|   16|         32|
    |ap_phi_mux_p_ZZN4nnet24compute_output_buffer_2dINS_5arrayI8ap_fixedILi16ELi6EL9ap_q_mode5EL9ap_o_mode3ELi0EELj4EEENS1_IS2_ILi39ELi19ELS3_5ELS4_3ELi0EELj1EEE7config6EEvRKT_PAsrT1_6n_chan_12ap_shift_regINSA_10value_typeEXsrSD_8in_widthEERN3hls6streamIT0_64_phi_fu_916_p4      |   9|          2|   16|         32|
    |ap_phi_mux_p_ZZN4nnet24compute_output_buffer_2dINS_5arrayI8ap_fixedILi16ELi6EL9ap_q_mode5EL9ap_o_mode3ELi0EELj4EEENS1_IS2_ILi39ELi19ELS3_5ELS4_3ELi0EELj1EEE7config6EEvRKT_PAsrT1_6n_chan_12ap_shift_regINSA_10value_typeEXsrSD_8in_widthEERN3hls6streamIT0_65_phi_fu_928_p4      |   9|          2|   16|         32|
    |ap_phi_mux_p_ZZN4nnet24compute_output_buffer_2dINS_5arrayI8ap_fixedILi16ELi6EL9ap_q_mode5EL9ap_o_mode3ELi0EELj4EEENS1_IS2_ILi39ELi19ELS3_5ELS4_3ELi0EELj1EEE7config6EEvRKT_PAsrT1_6n_chan_12ap_shift_regINSA_10value_typeEXsrSD_8in_widthEERN3hls6streamIT0_66_phi_fu_940_p4      |   9|          2|   16|         32|
    |ap_phi_mux_p_ZZN4nnet24compute_output_buffer_2dINS_5arrayI8ap_fixedILi16ELi6EL9ap_q_mode5EL9ap_o_mode3ELi0EELj4EEENS1_IS2_ILi39ELi19ELS3_5ELS4_3ELi0EELj1EEE7config6EEvRKT_PAsrT1_6n_chan_12ap_shift_regINSA_10value_typeEXsrSD_8in_widthEERN3hls6streamIT0_67_phi_fu_952_p4      |   9|          2|   16|         32|
    |ap_phi_mux_p_ZZN4nnet24compute_output_buffer_2dINS_5arrayI8ap_fixedILi16ELi6EL9ap_q_mode5EL9ap_o_mode3ELi0EELj4EEENS1_IS2_ILi39ELi19ELS3_5ELS4_3ELi0EELj1EEE7config6EEvRKT_PAsrT1_6n_chan_12ap_shift_regINSA_10value_typeEXsrSD_8in_widthEERN3hls6streamIT0_68_phi_fu_964_p4      |   9|          2|   16|         32|
    |ap_phi_mux_p_ZZN4nnet24compute_output_buffer_2dINS_5arrayI8ap_fixedILi16ELi6EL9ap_q_mode5EL9ap_o_mode3ELi0EELj4EEENS1_IS2_ILi39ELi19ELS3_5ELS4_3ELi0EELj1EEE7config6EEvRKT_PAsrT1_6n_chan_12ap_shift_regINSA_10value_typeEXsrSD_8in_widthEERN3hls6streamIT0_69_phi_fu_976_p4      |   9|          2|   16|         32|
    |ap_phi_mux_void_compute_output_buffer_2d_array_array_ap_fixed_1u_config6_array_ap_fixed_16_6_5_3_0_4u_const_ap_shift_reg_value_type_in_width_n_chan_stream_array_ap_fixed_39_19_5_3_0_1u_0_weight_t_bias_t_kernel_data_1_load_phi_phi_fu_1000_p4                                  |   9|          2|   16|         32|
    |ap_phi_mux_void_compute_output_buffer_2d_array_array_ap_fixed_1u_config6_array_ap_fixed_16_6_5_3_0_4u_const_ap_shift_reg_value_type_in_width_n_chan_stream_array_ap_fixed_39_19_5_3_0_1u_0_weight_t_bias_t_kernel_data_2_load_phi_phi_fu_1012_p4                                  |   9|          2|   16|         32|
    |ap_phi_mux_void_compute_output_buffer_2d_array_array_ap_fixed_1u_config6_array_ap_fixed_16_6_5_3_0_4u_const_ap_shift_reg_value_type_in_width_n_chan_stream_array_ap_fixed_39_19_5_3_0_1u_0_weight_t_bias_t_kernel_data_3_load_phi_phi_fu_1024_p4                                  |   9|          2|   16|         32|
    |ap_phi_mux_void_compute_output_buffer_2d_array_array_ap_fixed_1u_config6_array_ap_fixed_16_6_5_3_0_4u_const_ap_shift_reg_value_type_in_width_n_chan_stream_array_ap_fixed_39_19_5_3_0_1u_0_weight_t_bias_t_kernel_data_4_load_phi_phi_fu_1036_p4                                  |   9|          2|   16|         32|
    |ap_phi_mux_void_compute_output_buffer_2d_array_array_ap_fixed_1u_config6_array_ap_fixed_16_6_5_3_0_4u_const_ap_shift_reg_value_type_in_width_n_chan_stream_array_ap_fixed_39_19_5_3_0_1u_0_weight_t_bias_t_kernel_data_5_load_phi_phi_fu_1048_p4                                  |   9|          2|   16|         32|
    |ap_phi_mux_void_compute_output_buffer_2d_array_array_ap_fixed_1u_config6_array_ap_fixed_16_6_5_3_0_4u_const_ap_shift_reg_value_type_in_width_n_chan_stream_array_ap_fixed_39_19_5_3_0_1u_0_weight_t_bias_t_kernel_data_6_load_phi_phi_fu_1060_p4                                  |   9|          2|   16|         32|
    |ap_phi_mux_void_compute_output_buffer_2d_array_array_ap_fixed_1u_config6_array_ap_fixed_16_6_5_3_0_4u_const_ap_shift_reg_value_type_in_width_n_chan_stream_array_ap_fixed_39_19_5_3_0_1u_0_weight_t_bias_t_kernel_data_7_load_phi_phi_fu_1072_p4                                  |   9|          2|   16|         32|
    |ap_phi_mux_void_compute_output_buffer_2d_array_array_ap_fixed_1u_config6_array_ap_fixed_16_6_5_3_0_4u_const_ap_shift_reg_value_type_in_width_n_chan_stream_array_ap_fixed_39_19_5_3_0_1u_0_weight_t_bias_t_kernel_data_8_load_phi_phi_fu_1084_p4                                  |   9|          2|   16|         32|
    |ap_phi_mux_void_compute_output_buffer_2d_array_array_ap_fixed_1u_config6_array_ap_fixed_16_6_5_3_0_4u_const_ap_shift_reg_value_type_in_width_n_chan_stream_array_ap_fixed_39_19_5_3_0_1u_0_weight_t_bias_t_kernel_data_9_load_phi_phi_fu_1096_p4                                  |   9|          2|   16|         32|
    |ap_phi_mux_void_compute_output_buffer_2d_array_array_ap_fixed_1u_config6_array_ap_fixed_16_6_5_3_0_4u_const_ap_shift_reg_value_type_in_width_n_chan_stream_array_ap_fixed_39_19_5_3_0_1u_0_weight_t_bias_t_kernel_data_load_phi_phi_fu_988_p4                                     |   9|          2|   16|         32|
    |ap_phi_mux_w_index3_phi_fu_157_p6                                                                                                                                                                                                                                                 |  14|          3|    6|         18|
    |ap_phi_reg_pp0_iter1_p_ZZN4nnet24compute_output_buffer_2dINS_5arrayI8ap_fixedILi16ELi6EL9ap_q_mode5EL9ap_o_mode3ELi0EELj4EEENS1_IS2_ILi39ELi19ELS3_5ELS4_3ELi0EELj1EEE7config6EEvRKT_PAsrT1_6n_chan_12ap_shift_regINSA_10value_typeEXsrSD_8in_widthEERN3hls6streamIT0_44_reg_672  |   9|          2|   16|         32|
    |ap_phi_reg_pp0_iter1_p_ZZN4nnet24compute_output_buffer_2dINS_5arrayI8ap_fixedILi16ELi6EL9ap_q_mode5EL9ap_o_mode3ELi0EELj4EEENS1_IS2_ILi39ELi19ELS3_5ELS4_3ELi0EELj1EEE7config6EEvRKT_PAsrT1_6n_chan_12ap_shift_regINSA_10value_typeEXsrSD_8in_widthEERN3hls6streamIT0_45_reg_684  |   9|          2|   16|         32|
    |ap_phi_reg_pp0_iter1_p_ZZN4nnet24compute_output_buffer_2dINS_5arrayI8ap_fixedILi16ELi6EL9ap_q_mode5EL9ap_o_mode3ELi0EELj4EEENS1_IS2_ILi39ELi19ELS3_5ELS4_3ELi0EELj1EEE7config6EEvRKT_PAsrT1_6n_chan_12ap_shift_regINSA_10value_typeEXsrSD_8in_widthEERN3hls6streamIT0_46_reg_696  |   9|          2|   16|         32|
    |ap_phi_reg_pp0_iter1_p_ZZN4nnet24compute_output_buffer_2dINS_5arrayI8ap_fixedILi16ELi6EL9ap_q_mode5EL9ap_o_mode3ELi0EELj4EEENS1_IS2_ILi39ELi19ELS3_5ELS4_3ELi0EELj1EEE7config6EEvRKT_PAsrT1_6n_chan_12ap_shift_regINSA_10value_typeEXsrSD_8in_widthEERN3hls6streamIT0_47_reg_708  |   9|          2|   16|         32|
    |ap_phi_reg_pp0_iter1_p_ZZN4nnet24compute_output_buffer_2dINS_5arrayI8ap_fixedILi16ELi6EL9ap_q_mode5EL9ap_o_mode3ELi0EELj4EEENS1_IS2_ILi39ELi19ELS3_5ELS4_3ELi0EELj1EEE7config6EEvRKT_PAsrT1_6n_chan_12ap_shift_regINSA_10value_typeEXsrSD_8in_widthEERN3hls6streamIT0_48_reg_720  |   9|          2|   16|         32|
    |ap_phi_reg_pp0_iter1_p_ZZN4nnet24compute_output_buffer_2dINS_5arrayI8ap_fixedILi16ELi6EL9ap_q_mode5EL9ap_o_mode3ELi0EELj4EEENS1_IS2_ILi39ELi19ELS3_5ELS4_3ELi0EELj1EEE7config6EEvRKT_PAsrT1_6n_chan_12ap_shift_regINSA_10value_typeEXsrSD_8in_widthEERN3hls6streamIT0_49_reg_732  |   9|          2|   16|         32|
    |ap_phi_reg_pp0_iter1_p_ZZN4nnet24compute_output_buffer_2dINS_5arrayI8ap_fixedILi16ELi6EL9ap_q_mode5EL9ap_o_mode3ELi0EELj4EEENS1_IS2_ILi39ELi19ELS3_5ELS4_3ELi0EELj1EEE7config6EEvRKT_PAsrT1_6n_chan_12ap_shift_regINSA_10value_typeEXsrSD_8in_widthEERN3hls6streamIT0_50_reg_744  |   9|          2|   16|         32|
    |ap_phi_reg_pp0_iter1_p_ZZN4nnet24compute_output_buffer_2dINS_5arrayI8ap_fixedILi16ELi6EL9ap_q_mode5EL9ap_o_mode3ELi0EELj4EEENS1_IS2_ILi39ELi19ELS3_5ELS4_3ELi0EELj1EEE7config6EEvRKT_PAsrT1_6n_chan_12ap_shift_regINSA_10value_typeEXsrSD_8in_widthEERN3hls6streamIT0_51_reg_756  |   9|          2|   16|         32|
    |ap_phi_reg_pp0_iter1_p_ZZN4nnet24compute_output_buffer_2dINS_5arrayI8ap_fixedILi16ELi6EL9ap_q_mode5EL9ap_o_mode3ELi0EELj4EEENS1_IS2_ILi39ELi19ELS3_5ELS4_3ELi0EELj1EEE7config6EEvRKT_PAsrT1_6n_chan_12ap_shift_regINSA_10value_typeEXsrSD_8in_widthEERN3hls6streamIT0_52_reg_768  |   9|          2|   16|         32|
    |ap_phi_reg_pp0_iter1_p_ZZN4nnet24compute_output_buffer_2dINS_5arrayI8ap_fixedILi16ELi6EL9ap_q_mode5EL9ap_o_mode3ELi0EELj4EEENS1_IS2_ILi39ELi19ELS3_5ELS4_3ELi0EELj1EEE7config6EEvRKT_PAsrT1_6n_chan_12ap_shift_regINSA_10value_typeEXsrSD_8in_widthEERN3hls6streamIT0_53_reg_780  |   9|          2|   16|         32|
    |ap_phi_reg_pp0_iter1_p_ZZN4nnet24compute_output_buffer_2dINS_5arrayI8ap_fixedILi16ELi6EL9ap_q_mode5EL9ap_o_mode3ELi0EELj4EEENS1_IS2_ILi39ELi19ELS3_5ELS4_3ELi0EELj1EEE7config6EEvRKT_PAsrT1_6n_chan_12ap_shift_regINSA_10value_typeEXsrSD_8in_widthEERN3hls6streamIT0_54_reg_792  |   9|          2|   16|         32|
    |ap_phi_reg_pp0_iter1_p_ZZN4nnet24compute_output_buffer_2dINS_5arrayI8ap_fixedILi16ELi6EL9ap_q_mode5EL9ap_o_mode3ELi0EELj4EEENS1_IS2_ILi39ELi19ELS3_5ELS4_3ELi0EELj1EEE7config6EEvRKT_PAsrT1_6n_chan_12ap_shift_regINSA_10value_typeEXsrSD_8in_widthEERN3hls6streamIT0_55_reg_804  |   9|          2|   16|         32|
    |ap_phi_reg_pp0_iter1_p_ZZN4nnet24compute_output_buffer_2dINS_5arrayI8ap_fixedILi16ELi6EL9ap_q_mode5EL9ap_o_mode3ELi0EELj4EEENS1_IS2_ILi39ELi19ELS3_5ELS4_3ELi0EELj1EEE7config6EEvRKT_PAsrT1_6n_chan_12ap_shift_regINSA_10value_typeEXsrSD_8in_widthEERN3hls6streamIT0_56_reg_816  |   9|          2|   16|         32|
    |ap_phi_reg_pp0_iter1_p_ZZN4nnet24compute_output_buffer_2dINS_5arrayI8ap_fixedILi16ELi6EL9ap_q_mode5EL9ap_o_mode3ELi0EELj4EEENS1_IS2_ILi39ELi19ELS3_5ELS4_3ELi0EELj1EEE7config6EEvRKT_PAsrT1_6n_chan_12ap_shift_regINSA_10value_typeEXsrSD_8in_widthEERN3hls6streamIT0_57_reg_828  |   9|          2|   16|         32|
    |ap_phi_reg_pp0_iter1_p_ZZN4nnet24compute_output_buffer_2dINS_5arrayI8ap_fixedILi16ELi6EL9ap_q_mode5EL9ap_o_mode3ELi0EELj4EEENS1_IS2_ILi39ELi19ELS3_5ELS4_3ELi0EELj1EEE7config6EEvRKT_PAsrT1_6n_chan_12ap_shift_regINSA_10value_typeEXsrSD_8in_widthEERN3hls6streamIT0_58_reg_840  |   9|          2|   16|         32|
    |ap_phi_reg_pp0_iter1_p_ZZN4nnet24compute_output_buffer_2dINS_5arrayI8ap_fixedILi16ELi6EL9ap_q_mode5EL9ap_o_mode3ELi0EELj4EEENS1_IS2_ILi39ELi19ELS3_5ELS4_3ELi0EELj1EEE7config6EEvRKT_PAsrT1_6n_chan_12ap_shift_regINSA_10value_typeEXsrSD_8in_widthEERN3hls6streamIT0_59_reg_852  |   9|          2|   16|         32|
    |ap_phi_reg_pp0_iter1_p_ZZN4nnet24compute_output_buffer_2dINS_5arrayI8ap_fixedILi16ELi6EL9ap_q_mode5EL9ap_o_mode3ELi0EELj4EEENS1_IS2_ILi39ELi19ELS3_5ELS4_3ELi0EELj1EEE7config6EEvRKT_PAsrT1_6n_chan_12ap_shift_regINSA_10value_typeEXsrSD_8in_widthEERN3hls6streamIT0_60_reg_864  |   9|          2|   16|         32|
    |ap_phi_reg_pp0_iter1_p_ZZN4nnet24compute_output_buffer_2dINS_5arrayI8ap_fixedILi16ELi6EL9ap_q_mode5EL9ap_o_mode3ELi0EELj4EEENS1_IS2_ILi39ELi19ELS3_5ELS4_3ELi0EELj1EEE7config6EEvRKT_PAsrT1_6n_chan_12ap_shift_regINSA_10value_typeEXsrSD_8in_widthEERN3hls6streamIT0_61_reg_876  |   9|          2|   16|         32|
    |ap_phi_reg_pp0_iter1_p_ZZN4nnet24compute_output_buffer_2dINS_5arrayI8ap_fixedILi16ELi6EL9ap_q_mode5EL9ap_o_mode3ELi0EELj4EEENS1_IS2_ILi39ELi19ELS3_5ELS4_3ELi0EELj1EEE7config6EEvRKT_PAsrT1_6n_chan_12ap_shift_regINSA_10value_typeEXsrSD_8in_widthEERN3hls6streamIT0_62_reg_888  |   9|          2|   16|         32|
    |ap_phi_reg_pp0_iter1_p_ZZN4nnet24compute_output_buffer_2dINS_5arrayI8ap_fixedILi16ELi6EL9ap_q_mode5EL9ap_o_mode3ELi0EELj4EEENS1_IS2_ILi39ELi19ELS3_5ELS4_3ELi0EELj1EEE7config6EEvRKT_PAsrT1_6n_chan_12ap_shift_regINSA_10value_typeEXsrSD_8in_widthEERN3hls6streamIT0_63_reg_900  |   9|          2|   16|         32|
    |ap_phi_reg_pp0_iter1_p_ZZN4nnet24compute_output_buffer_2dINS_5arrayI8ap_fixedILi16ELi6EL9ap_q_mode5EL9ap_o_mode3ELi0EELj4EEENS1_IS2_ILi39ELi19ELS3_5ELS4_3ELi0EELj1EEE7config6EEvRKT_PAsrT1_6n_chan_12ap_shift_regINSA_10value_typeEXsrSD_8in_widthEERN3hls6streamIT0_64_reg_912  |   9|          2|   16|         32|
    |ap_phi_reg_pp0_iter1_p_ZZN4nnet24compute_output_buffer_2dINS_5arrayI8ap_fixedILi16ELi6EL9ap_q_mode5EL9ap_o_mode3ELi0EELj4EEENS1_IS2_ILi39ELi19ELS3_5ELS4_3ELi0EELj1EEE7config6EEvRKT_PAsrT1_6n_chan_12ap_shift_regINSA_10value_typeEXsrSD_8in_widthEERN3hls6streamIT0_65_reg_924  |   9|          2|   16|         32|
    |ap_phi_reg_pp0_iter1_p_ZZN4nnet24compute_output_buffer_2dINS_5arrayI8ap_fixedILi16ELi6EL9ap_q_mode5EL9ap_o_mode3ELi0EELj4EEENS1_IS2_ILi39ELi19ELS3_5ELS4_3ELi0EELj1EEE7config6EEvRKT_PAsrT1_6n_chan_12ap_shift_regINSA_10value_typeEXsrSD_8in_widthEERN3hls6streamIT0_66_reg_936  |   9|          2|   16|         32|
    |ap_phi_reg_pp0_iter1_p_ZZN4nnet24compute_output_buffer_2dINS_5arrayI8ap_fixedILi16ELi6EL9ap_q_mode5EL9ap_o_mode3ELi0EELj4EEENS1_IS2_ILi39ELi19ELS3_5ELS4_3ELi0EELj1EEE7config6EEvRKT_PAsrT1_6n_chan_12ap_shift_regINSA_10value_typeEXsrSD_8in_widthEERN3hls6streamIT0_67_reg_948  |   9|          2|   16|         32|
    |ap_phi_reg_pp0_iter1_p_ZZN4nnet24compute_output_buffer_2dINS_5arrayI8ap_fixedILi16ELi6EL9ap_q_mode5EL9ap_o_mode3ELi0EELj4EEENS1_IS2_ILi39ELi19ELS3_5ELS4_3ELi0EELj1EEE7config6EEvRKT_PAsrT1_6n_chan_12ap_shift_regINSA_10value_typeEXsrSD_8in_widthEERN3hls6streamIT0_68_reg_960  |   9|          2|   16|         32|
    |ap_phi_reg_pp0_iter1_p_ZZN4nnet24compute_output_buffer_2dINS_5arrayI8ap_fixedILi16ELi6EL9ap_q_mode5EL9ap_o_mode3ELi0EELj4EEENS1_IS2_ILi39ELi19ELS3_5ELS4_3ELi0EELj1EEE7config6EEvRKT_PAsrT1_6n_chan_12ap_shift_regINSA_10value_typeEXsrSD_8in_widthEERN3hls6streamIT0_69_reg_972  |   9|          2|   16|         32|
    |ap_phi_reg_pp0_iter1_void_compute_output_buffer_2d_array_array_ap_fixed_1u_config6_array_ap_fixed_16_6_5_3_0_4u_const_ap_shift_reg_value_type_in_width_n_chan_stream_array_ap_fixed_39_19_5_3_0_1u_0_weight_t_bias_t_kernel_data_1_load_phi_reg_996                               |   9|          2|   16|         32|
    |ap_phi_reg_pp0_iter1_void_compute_output_buffer_2d_array_array_ap_fixed_1u_config6_array_ap_fixed_16_6_5_3_0_4u_const_ap_shift_reg_value_type_in_width_n_chan_stream_array_ap_fixed_39_19_5_3_0_1u_0_weight_t_bias_t_kernel_data_2_load_phi_reg_1008                              |   9|          2|   16|         32|
    |ap_phi_reg_pp0_iter1_void_compute_output_buffer_2d_array_array_ap_fixed_1u_config6_array_ap_fixed_16_6_5_3_0_4u_const_ap_shift_reg_value_type_in_width_n_chan_stream_array_ap_fixed_39_19_5_3_0_1u_0_weight_t_bias_t_kernel_data_3_load_phi_reg_1020                              |   9|          2|   16|         32|
    |ap_phi_reg_pp0_iter1_void_compute_output_buffer_2d_array_array_ap_fixed_1u_config6_array_ap_fixed_16_6_5_3_0_4u_const_ap_shift_reg_value_type_in_width_n_chan_stream_array_ap_fixed_39_19_5_3_0_1u_0_weight_t_bias_t_kernel_data_4_load_phi_reg_1032                              |   9|          2|   16|         32|
    |ap_phi_reg_pp0_iter1_void_compute_output_buffer_2d_array_array_ap_fixed_1u_config6_array_ap_fixed_16_6_5_3_0_4u_const_ap_shift_reg_value_type_in_width_n_chan_stream_array_ap_fixed_39_19_5_3_0_1u_0_weight_t_bias_t_kernel_data_5_load_phi_reg_1044                              |   9|          2|   16|         32|
    |ap_phi_reg_pp0_iter1_void_compute_output_buffer_2d_array_array_ap_fixed_1u_config6_array_ap_fixed_16_6_5_3_0_4u_const_ap_shift_reg_value_type_in_width_n_chan_stream_array_ap_fixed_39_19_5_3_0_1u_0_weight_t_bias_t_kernel_data_6_load_phi_reg_1056                              |   9|          2|   16|         32|
    |ap_phi_reg_pp0_iter1_void_compute_output_buffer_2d_array_array_ap_fixed_1u_config6_array_ap_fixed_16_6_5_3_0_4u_const_ap_shift_reg_value_type_in_width_n_chan_stream_array_ap_fixed_39_19_5_3_0_1u_0_weight_t_bias_t_kernel_data_7_load_phi_reg_1068                              |   9|          2|   16|         32|
    |ap_phi_reg_pp0_iter1_void_compute_output_buffer_2d_array_array_ap_fixed_1u_config6_array_ap_fixed_16_6_5_3_0_4u_const_ap_shift_reg_value_type_in_width_n_chan_stream_array_ap_fixed_39_19_5_3_0_1u_0_weight_t_bias_t_kernel_data_8_load_phi_reg_1080                              |   9|          2|   16|         32|
    |ap_phi_reg_pp0_iter1_void_compute_output_buffer_2d_array_array_ap_fixed_1u_config6_array_ap_fixed_16_6_5_3_0_4u_const_ap_shift_reg_value_type_in_width_n_chan_stream_array_ap_fixed_39_19_5_3_0_1u_0_weight_t_bias_t_kernel_data_9_load_phi_reg_1092                              |   9|          2|   16|         32|
    |ap_phi_reg_pp0_iter1_void_compute_output_buffer_2d_array_array_ap_fixed_1u_config6_array_ap_fixed_16_6_5_3_0_4u_const_ap_shift_reg_value_type_in_width_n_chan_stream_array_ap_fixed_39_19_5_3_0_1u_0_weight_t_bias_t_kernel_data_load_phi_reg_984                                 |   9|          2|   16|         32|
    |ap_return                                                                                                                                                                                                                                                                         |   9|          2|   16|         32|
    |empty_46_reg_1104                                                                                                                                                                                                                                                                 |   9|          2|   16|         32|
    |p_ZZN4nnet24compute_output_buffer_2dINS_5arrayI8ap_fixedILi16ELi6EL9ap_q_mode5EL9ap_o_mode3ELi0EELj4EEENS1_IS2_ILi39ELi19ELS3_5ELS4_3ELi0EELj1EEE7config6EEvRKT_PAsrT1_6n_chan_12ap_shift_regINSA_10value_typeEXsrSD_8in_widthEERN3hls6streamIT0_44_reg_672                       |   9|          2|   16|         32|
    |p_ZZN4nnet24compute_output_buffer_2dINS_5arrayI8ap_fixedILi16ELi6EL9ap_q_mode5EL9ap_o_mode3ELi0EELj4EEENS1_IS2_ILi39ELi19ELS3_5ELS4_3ELi0EELj1EEE7config6EEvRKT_PAsrT1_6n_chan_12ap_shift_regINSA_10value_typeEXsrSD_8in_widthEERN3hls6streamIT0_45_reg_684                       |   9|          2|   16|         32|
    |p_ZZN4nnet24compute_output_buffer_2dINS_5arrayI8ap_fixedILi16ELi6EL9ap_q_mode5EL9ap_o_mode3ELi0EELj4EEENS1_IS2_ILi39ELi19ELS3_5ELS4_3ELi0EELj1EEE7config6EEvRKT_PAsrT1_6n_chan_12ap_shift_regINSA_10value_typeEXsrSD_8in_widthEERN3hls6streamIT0_46_reg_696                       |   9|          2|   16|         32|
    |p_ZZN4nnet24compute_output_buffer_2dINS_5arrayI8ap_fixedILi16ELi6EL9ap_q_mode5EL9ap_o_mode3ELi0EELj4EEENS1_IS2_ILi39ELi19ELS3_5ELS4_3ELi0EELj1EEE7config6EEvRKT_PAsrT1_6n_chan_12ap_shift_regINSA_10value_typeEXsrSD_8in_widthEERN3hls6streamIT0_47_reg_708                       |   9|          2|   16|         32|
    |p_ZZN4nnet24compute_output_buffer_2dINS_5arrayI8ap_fixedILi16ELi6EL9ap_q_mode5EL9ap_o_mode3ELi0EELj4EEENS1_IS2_ILi39ELi19ELS3_5ELS4_3ELi0EELj1EEE7config6EEvRKT_PAsrT1_6n_chan_12ap_shift_regINSA_10value_typeEXsrSD_8in_widthEERN3hls6streamIT0_48_reg_720                       |   9|          2|   16|         32|
    |p_ZZN4nnet24compute_output_buffer_2dINS_5arrayI8ap_fixedILi16ELi6EL9ap_q_mode5EL9ap_o_mode3ELi0EELj4EEENS1_IS2_ILi39ELi19ELS3_5ELS4_3ELi0EELj1EEE7config6EEvRKT_PAsrT1_6n_chan_12ap_shift_regINSA_10value_typeEXsrSD_8in_widthEERN3hls6streamIT0_49_reg_732                       |   9|          2|   16|         32|
    |p_ZZN4nnet24compute_output_buffer_2dINS_5arrayI8ap_fixedILi16ELi6EL9ap_q_mode5EL9ap_o_mode3ELi0EELj4EEENS1_IS2_ILi39ELi19ELS3_5ELS4_3ELi0EELj1EEE7config6EEvRKT_PAsrT1_6n_chan_12ap_shift_regINSA_10value_typeEXsrSD_8in_widthEERN3hls6streamIT0_50_reg_744                       |   9|          2|   16|         32|
    |p_ZZN4nnet24compute_output_buffer_2dINS_5arrayI8ap_fixedILi16ELi6EL9ap_q_mode5EL9ap_o_mode3ELi0EELj4EEENS1_IS2_ILi39ELi19ELS3_5ELS4_3ELi0EELj1EEE7config6EEvRKT_PAsrT1_6n_chan_12ap_shift_regINSA_10value_typeEXsrSD_8in_widthEERN3hls6streamIT0_51_reg_756                       |   9|          2|   16|         32|
    |p_ZZN4nnet24compute_output_buffer_2dINS_5arrayI8ap_fixedILi16ELi6EL9ap_q_mode5EL9ap_o_mode3ELi0EELj4EEENS1_IS2_ILi39ELi19ELS3_5ELS4_3ELi0EELj1EEE7config6EEvRKT_PAsrT1_6n_chan_12ap_shift_regINSA_10value_typeEXsrSD_8in_widthEERN3hls6streamIT0_52_reg_768                       |   9|          2|   16|         32|
    |p_ZZN4nnet24compute_output_buffer_2dINS_5arrayI8ap_fixedILi16ELi6EL9ap_q_mode5EL9ap_o_mode3ELi0EELj4EEENS1_IS2_ILi39ELi19ELS3_5ELS4_3ELi0EELj1EEE7config6EEvRKT_PAsrT1_6n_chan_12ap_shift_regINSA_10value_typeEXsrSD_8in_widthEERN3hls6streamIT0_53_reg_780                       |   9|          2|   16|         32|
    |p_ZZN4nnet24compute_output_buffer_2dINS_5arrayI8ap_fixedILi16ELi6EL9ap_q_mode5EL9ap_o_mode3ELi0EELj4EEENS1_IS2_ILi39ELi19ELS3_5ELS4_3ELi0EELj1EEE7config6EEvRKT_PAsrT1_6n_chan_12ap_shift_regINSA_10value_typeEXsrSD_8in_widthEERN3hls6streamIT0_54_reg_792                       |   9|          2|   16|         32|
    |p_ZZN4nnet24compute_output_buffer_2dINS_5arrayI8ap_fixedILi16ELi6EL9ap_q_mode5EL9ap_o_mode3ELi0EELj4EEENS1_IS2_ILi39ELi19ELS3_5ELS4_3ELi0EELj1EEE7config6EEvRKT_PAsrT1_6n_chan_12ap_shift_regINSA_10value_typeEXsrSD_8in_widthEERN3hls6streamIT0_55_reg_804                       |   9|          2|   16|         32|
    |p_ZZN4nnet24compute_output_buffer_2dINS_5arrayI8ap_fixedILi16ELi6EL9ap_q_mode5EL9ap_o_mode3ELi0EELj4EEENS1_IS2_ILi39ELi19ELS3_5ELS4_3ELi0EELj1EEE7config6EEvRKT_PAsrT1_6n_chan_12ap_shift_regINSA_10value_typeEXsrSD_8in_widthEERN3hls6streamIT0_56_reg_816                       |   9|          2|   16|         32|
    |p_ZZN4nnet24compute_output_buffer_2dINS_5arrayI8ap_fixedILi16ELi6EL9ap_q_mode5EL9ap_o_mode3ELi0EELj4EEENS1_IS2_ILi39ELi19ELS3_5ELS4_3ELi0EELj1EEE7config6EEvRKT_PAsrT1_6n_chan_12ap_shift_regINSA_10value_typeEXsrSD_8in_widthEERN3hls6streamIT0_57_reg_828                       |   9|          2|   16|         32|
    |p_ZZN4nnet24compute_output_buffer_2dINS_5arrayI8ap_fixedILi16ELi6EL9ap_q_mode5EL9ap_o_mode3ELi0EELj4EEENS1_IS2_ILi39ELi19ELS3_5ELS4_3ELi0EELj1EEE7config6EEvRKT_PAsrT1_6n_chan_12ap_shift_regINSA_10value_typeEXsrSD_8in_widthEERN3hls6streamIT0_58_reg_840                       |   9|          2|   16|         32|
    |p_ZZN4nnet24compute_output_buffer_2dINS_5arrayI8ap_fixedILi16ELi6EL9ap_q_mode5EL9ap_o_mode3ELi0EELj4EEENS1_IS2_ILi39ELi19ELS3_5ELS4_3ELi0EELj1EEE7config6EEvRKT_PAsrT1_6n_chan_12ap_shift_regINSA_10value_typeEXsrSD_8in_widthEERN3hls6streamIT0_59_reg_852                       |   9|          2|   16|         32|
    |p_ZZN4nnet24compute_output_buffer_2dINS_5arrayI8ap_fixedILi16ELi6EL9ap_q_mode5EL9ap_o_mode3ELi0EELj4EEENS1_IS2_ILi39ELi19ELS3_5ELS4_3ELi0EELj1EEE7config6EEvRKT_PAsrT1_6n_chan_12ap_shift_regINSA_10value_typeEXsrSD_8in_widthEERN3hls6streamIT0_60_reg_864                       |   9|          2|   16|         32|
    |p_ZZN4nnet24compute_output_buffer_2dINS_5arrayI8ap_fixedILi16ELi6EL9ap_q_mode5EL9ap_o_mode3ELi0EELj4EEENS1_IS2_ILi39ELi19ELS3_5ELS4_3ELi0EELj1EEE7config6EEvRKT_PAsrT1_6n_chan_12ap_shift_regINSA_10value_typeEXsrSD_8in_widthEERN3hls6streamIT0_61_reg_876                       |   9|          2|   16|         32|
    |p_ZZN4nnet24compute_output_buffer_2dINS_5arrayI8ap_fixedILi16ELi6EL9ap_q_mode5EL9ap_o_mode3ELi0EELj4EEENS1_IS2_ILi39ELi19ELS3_5ELS4_3ELi0EELj1EEE7config6EEvRKT_PAsrT1_6n_chan_12ap_shift_regINSA_10value_typeEXsrSD_8in_widthEERN3hls6streamIT0_62_reg_888                       |   9|          2|   16|         32|
    |p_ZZN4nnet24compute_output_buffer_2dINS_5arrayI8ap_fixedILi16ELi6EL9ap_q_mode5EL9ap_o_mode3ELi0EELj4EEENS1_IS2_ILi39ELi19ELS3_5ELS4_3ELi0EELj1EEE7config6EEvRKT_PAsrT1_6n_chan_12ap_shift_regINSA_10value_typeEXsrSD_8in_widthEERN3hls6streamIT0_63_reg_900                       |   9|          2|   16|         32|
    |p_ZZN4nnet24compute_output_buffer_2dINS_5arrayI8ap_fixedILi16ELi6EL9ap_q_mode5EL9ap_o_mode3ELi0EELj4EEENS1_IS2_ILi39ELi19ELS3_5ELS4_3ELi0EELj1EEE7config6EEvRKT_PAsrT1_6n_chan_12ap_shift_regINSA_10value_typeEXsrSD_8in_widthEERN3hls6streamIT0_64_reg_912                       |   9|          2|   16|         32|
    |p_ZZN4nnet24compute_output_buffer_2dINS_5arrayI8ap_fixedILi16ELi6EL9ap_q_mode5EL9ap_o_mode3ELi0EELj4EEENS1_IS2_ILi39ELi19ELS3_5ELS4_3ELi0EELj1EEE7config6EEvRKT_PAsrT1_6n_chan_12ap_shift_regINSA_10value_typeEXsrSD_8in_widthEERN3hls6streamIT0_65_reg_924                       |   9|          2|   16|         32|
    |p_ZZN4nnet24compute_output_buffer_2dINS_5arrayI8ap_fixedILi16ELi6EL9ap_q_mode5EL9ap_o_mode3ELi0EELj4EEENS1_IS2_ILi39ELi19ELS3_5ELS4_3ELi0EELj1EEE7config6EEvRKT_PAsrT1_6n_chan_12ap_shift_regINSA_10value_typeEXsrSD_8in_widthEERN3hls6streamIT0_66_reg_936                       |   9|          2|   16|         32|
    |p_ZZN4nnet24compute_output_buffer_2dINS_5arrayI8ap_fixedILi16ELi6EL9ap_q_mode5EL9ap_o_mode3ELi0EELj4EEENS1_IS2_ILi39ELi19ELS3_5ELS4_3ELi0EELj1EEE7config6EEvRKT_PAsrT1_6n_chan_12ap_shift_regINSA_10value_typeEXsrSD_8in_widthEERN3hls6streamIT0_67_reg_948                       |   9|          2|   16|         32|
    |p_ZZN4nnet24compute_output_buffer_2dINS_5arrayI8ap_fixedILi16ELi6EL9ap_q_mode5EL9ap_o_mode3ELi0EELj4EEENS1_IS2_ILi39ELi19ELS3_5ELS4_3ELi0EELj1EEE7config6EEvRKT_PAsrT1_6n_chan_12ap_shift_regINSA_10value_typeEXsrSD_8in_widthEERN3hls6streamIT0_68_reg_960                       |   9|          2|   16|         32|
    |p_ZZN4nnet24compute_output_buffer_2dINS_5arrayI8ap_fixedILi16ELi6EL9ap_q_mode5EL9ap_o_mode3ELi0EELj4EEENS1_IS2_ILi39ELi19ELS3_5ELS4_3ELi0EELj1EEE7config6EEvRKT_PAsrT1_6n_chan_12ap_shift_regINSA_10value_typeEXsrSD_8in_widthEERN3hls6streamIT0_69_reg_972                       |   9|          2|   16|         32|
    |void_compute_output_buffer_2d_array_array_ap_fixed_1u_config6_array_ap_fixed_16_6_5_3_0_4u_const_ap_shift_reg_value_type_in_width_n_chan_stream_array_ap_fixed_39_19_5_3_0_1u_0_weight_t_bias_t_kernel_data_1_load_phi_reg_996                                                    |   9|          2|   16|         32|
    |void_compute_output_buffer_2d_array_array_ap_fixed_1u_config6_array_ap_fixed_16_6_5_3_0_4u_const_ap_shift_reg_value_type_in_width_n_chan_stream_array_ap_fixed_39_19_5_3_0_1u_0_weight_t_bias_t_kernel_data_2_load_phi_reg_1008                                                   |   9|          2|   16|         32|
    |void_compute_output_buffer_2d_array_array_ap_fixed_1u_config6_array_ap_fixed_16_6_5_3_0_4u_const_ap_shift_reg_value_type_in_width_n_chan_stream_array_ap_fixed_39_19_5_3_0_1u_0_weight_t_bias_t_kernel_data_3_load_phi_reg_1020                                                   |   9|          2|   16|         32|
    |void_compute_output_buffer_2d_array_array_ap_fixed_1u_config6_array_ap_fixed_16_6_5_3_0_4u_const_ap_shift_reg_value_type_in_width_n_chan_stream_array_ap_fixed_39_19_5_3_0_1u_0_weight_t_bias_t_kernel_data_4_load_phi_reg_1032                                                   |   9|          2|   16|         32|
    |void_compute_output_buffer_2d_array_array_ap_fixed_1u_config6_array_ap_fixed_16_6_5_3_0_4u_const_ap_shift_reg_value_type_in_width_n_chan_stream_array_ap_fixed_39_19_5_3_0_1u_0_weight_t_bias_t_kernel_data_5_load_phi_reg_1044                                                   |   9|          2|   16|         32|
    |void_compute_output_buffer_2d_array_array_ap_fixed_1u_config6_array_ap_fixed_16_6_5_3_0_4u_const_ap_shift_reg_value_type_in_width_n_chan_stream_array_ap_fixed_39_19_5_3_0_1u_0_weight_t_bias_t_kernel_data_6_load_phi_reg_1056                                                   |   9|          2|   16|         32|
    |void_compute_output_buffer_2d_array_array_ap_fixed_1u_config6_array_ap_fixed_16_6_5_3_0_4u_const_ap_shift_reg_value_type_in_width_n_chan_stream_array_ap_fixed_39_19_5_3_0_1u_0_weight_t_bias_t_kernel_data_7_load_phi_reg_1068                                                   |   9|          2|   16|         32|
    |void_compute_output_buffer_2d_array_array_ap_fixed_1u_config6_array_ap_fixed_16_6_5_3_0_4u_const_ap_shift_reg_value_type_in_width_n_chan_stream_array_ap_fixed_39_19_5_3_0_1u_0_weight_t_bias_t_kernel_data_8_load_phi_reg_1080                                                   |   9|          2|   16|         32|
    |void_compute_output_buffer_2d_array_array_ap_fixed_1u_config6_array_ap_fixed_16_6_5_3_0_4u_const_ap_shift_reg_value_type_in_width_n_chan_stream_array_ap_fixed_39_19_5_3_0_1u_0_weight_t_bias_t_kernel_data_9_load_phi_reg_1092                                                   |   9|          2|   16|         32|
    |void_compute_output_buffer_2d_array_array_ap_fixed_1u_config6_array_ap_fixed_16_6_5_3_0_4u_const_ap_shift_reg_value_type_in_width_n_chan_stream_array_ap_fixed_39_19_5_3_0_1u_0_weight_t_bias_t_kernel_data_load_phi_reg_984                                                      |   9|          2|   16|         32|
    |w_index3_reg_154                                                                                                                                                                                                                                                                  |   9|          2|    6|         12|
    +----------------------------------------------------------------------------------------------------------------------------------------------------------------------------------------------------------------------------------------------------------------------------------+----+-----------+-----+-----------+
    |Total                                                                                                                                                                                                                                                                             |1054|        234| 1791|       3589|
    +----------------------------------------------------------------------------------------------------------------------------------------------------------------------------------------------------------------------------------------------------------------------------------+----+-----------+-----+-----------+

    * Register: 
    +----------------------------------------------------------------------------------------------------------------------------------------------------------------------------------------------------------------------------------------------------------------------------------+----+----+-----+-----------+
    |                                                                                                                                       Name                                                                                                                                       | FF | LUT| Bits| Const Bits|
    +----------------------------------------------------------------------------------------------------------------------------------------------------------------------------------------------------------------------------------------------------------------------------------+----+----+-----+-----------+
    |ap_CS_fsm                                                                                                                                                                                                                                                                         |   1|   0|    1|          0|
    |ap_done_reg                                                                                                                                                                                                                                                                       |   1|   0|    1|          0|
    |ap_enable_reg_pp0_iter1                                                                                                                                                                                                                                                           |   1|   0|    1|          0|
    |ap_enable_reg_pp0_iter2                                                                                                                                                                                                                                                           |   1|   0|    1|          0|
    |ap_enable_reg_pp0_iter3                                                                                                                                                                                                                                                           |   1|   0|    1|          0|
    |ap_enable_reg_pp0_iter4                                                                                                                                                                                                                                                           |   1|   0|    1|          0|
    |ap_loop_exit_ready_pp0_iter1_reg                                                                                                                                                                                                                                                  |   1|   0|    1|          0|
    |ap_loop_exit_ready_pp0_iter2_reg                                                                                                                                                                                                                                                  |   1|   0|    1|          0|
    |ap_loop_exit_ready_pp0_iter3_reg                                                                                                                                                                                                                                                  |   1|   0|    1|          0|
    |ap_loop_exit_ready_pp0_iter4_reg                                                                                                                                                                                                                                                  |   1|   0|    1|          0|
    |ap_loop_init_pp0_iter1_reg                                                                                                                                                                                                                                                        |   1|   0|    1|          0|
    |ap_loop_init_pp0_iter2_reg                                                                                                                                                                                                                                                        |   1|   0|    1|          0|
    |ap_loop_init_pp0_iter3_reg                                                                                                                                                                                                                                                        |   1|   0|    1|          0|
    |ap_loop_init_pp0_iter4_reg                                                                                                                                                                                                                                                        |   1|   0|    1|          0|
    |ap_phi_reg_pp0_iter1_p_ZZN4nnet24compute_output_buffer_2dINS_5arrayI8ap_fixedILi16ELi6EL9ap_q_mode5EL9ap_o_mode3ELi0EELj4EEENS1_IS2_ILi39ELi19ELS3_5ELS4_3ELi0EELj1EEE7config6EEvRKT_PAsrT1_6n_chan_12ap_shift_regINSA_10value_typeEXsrSD_8in_widthEERN3hls6streamIT0_44_reg_672  |  16|   0|   16|          0|
    |ap_phi_reg_pp0_iter1_p_ZZN4nnet24compute_output_buffer_2dINS_5arrayI8ap_fixedILi16ELi6EL9ap_q_mode5EL9ap_o_mode3ELi0EELj4EEENS1_IS2_ILi39ELi19ELS3_5ELS4_3ELi0EELj1EEE7config6EEvRKT_PAsrT1_6n_chan_12ap_shift_regINSA_10value_typeEXsrSD_8in_widthEERN3hls6streamIT0_45_reg_684  |  16|   0|   16|          0|
    |ap_phi_reg_pp0_iter1_p_ZZN4nnet24compute_output_buffer_2dINS_5arrayI8ap_fixedILi16ELi6EL9ap_q_mode5EL9ap_o_mode3ELi0EELj4EEENS1_IS2_ILi39ELi19ELS3_5ELS4_3ELi0EELj1EEE7config6EEvRKT_PAsrT1_6n_chan_12ap_shift_regINSA_10value_typeEXsrSD_8in_widthEERN3hls6streamIT0_46_reg_696  |  16|   0|   16|          0|
    |ap_phi_reg_pp0_iter1_p_ZZN4nnet24compute_output_buffer_2dINS_5arrayI8ap_fixedILi16ELi6EL9ap_q_mode5EL9ap_o_mode3ELi0EELj4EEENS1_IS2_ILi39ELi19ELS3_5ELS4_3ELi0EELj1EEE7config6EEvRKT_PAsrT1_6n_chan_12ap_shift_regINSA_10value_typeEXsrSD_8in_widthEERN3hls6streamIT0_47_reg_708  |  16|   0|   16|          0|
    |ap_phi_reg_pp0_iter1_p_ZZN4nnet24compute_output_buffer_2dINS_5arrayI8ap_fixedILi16ELi6EL9ap_q_mode5EL9ap_o_mode3ELi0EELj4EEENS1_IS2_ILi39ELi19ELS3_5ELS4_3ELi0EELj1EEE7config6EEvRKT_PAsrT1_6n_chan_12ap_shift_regINSA_10value_typeEXsrSD_8in_widthEERN3hls6streamIT0_48_reg_720  |  16|   0|   16|          0|
    |ap_phi_reg_pp0_iter1_p_ZZN4nnet24compute_output_buffer_2dINS_5arrayI8ap_fixedILi16ELi6EL9ap_q_mode5EL9ap_o_mode3ELi0EELj4EEENS1_IS2_ILi39ELi19ELS3_5ELS4_3ELi0EELj1EEE7config6EEvRKT_PAsrT1_6n_chan_12ap_shift_regINSA_10value_typeEXsrSD_8in_widthEERN3hls6streamIT0_49_reg_732  |  16|   0|   16|          0|
    |ap_phi_reg_pp0_iter1_p_ZZN4nnet24compute_output_buffer_2dINS_5arrayI8ap_fixedILi16ELi6EL9ap_q_mode5EL9ap_o_mode3ELi0EELj4EEENS1_IS2_ILi39ELi19ELS3_5ELS4_3ELi0EELj1EEE7config6EEvRKT_PAsrT1_6n_chan_12ap_shift_regINSA_10value_typeEXsrSD_8in_widthEERN3hls6streamIT0_50_reg_744  |  16|   0|   16|          0|
    |ap_phi_reg_pp0_iter1_p_ZZN4nnet24compute_output_buffer_2dINS_5arrayI8ap_fixedILi16ELi6EL9ap_q_mode5EL9ap_o_mode3ELi0EELj4EEENS1_IS2_ILi39ELi19ELS3_5ELS4_3ELi0EELj1EEE7config6EEvRKT_PAsrT1_6n_chan_12ap_shift_regINSA_10value_typeEXsrSD_8in_widthEERN3hls6streamIT0_51_reg_756  |  16|   0|   16|          0|
    |ap_phi_reg_pp0_iter1_p_ZZN4nnet24compute_output_buffer_2dINS_5arrayI8ap_fixedILi16ELi6EL9ap_q_mode5EL9ap_o_mode3ELi0EELj4EEENS1_IS2_ILi39ELi19ELS3_5ELS4_3ELi0EELj1EEE7config6EEvRKT_PAsrT1_6n_chan_12ap_shift_regINSA_10value_typeEXsrSD_8in_widthEERN3hls6streamIT0_52_reg_768  |  16|   0|   16|          0|
    |ap_phi_reg_pp0_iter1_p_ZZN4nnet24compute_output_buffer_2dINS_5arrayI8ap_fixedILi16ELi6EL9ap_q_mode5EL9ap_o_mode3ELi0EELj4EEENS1_IS2_ILi39ELi19ELS3_5ELS4_3ELi0EELj1EEE7config6EEvRKT_PAsrT1_6n_chan_12ap_shift_regINSA_10value_typeEXsrSD_8in_widthEERN3hls6streamIT0_53_reg_780  |  16|   0|   16|          0|
    |ap_phi_reg_pp0_iter1_p_ZZN4nnet24compute_output_buffer_2dINS_5arrayI8ap_fixedILi16ELi6EL9ap_q_mode5EL9ap_o_mode3ELi0EELj4EEENS1_IS2_ILi39ELi19ELS3_5ELS4_3ELi0EELj1EEE7config6EEvRKT_PAsrT1_6n_chan_12ap_shift_regINSA_10value_typeEXsrSD_8in_widthEERN3hls6streamIT0_54_reg_792  |  16|   0|   16|          0|
    |ap_phi_reg_pp0_iter1_p_ZZN4nnet24compute_output_buffer_2dINS_5arrayI8ap_fixedILi16ELi6EL9ap_q_mode5EL9ap_o_mode3ELi0EELj4EEENS1_IS2_ILi39ELi19ELS3_5ELS4_3ELi0EELj1EEE7config6EEvRKT_PAsrT1_6n_chan_12ap_shift_regINSA_10value_typeEXsrSD_8in_widthEERN3hls6streamIT0_55_reg_804  |  16|   0|   16|          0|
    |ap_phi_reg_pp0_iter1_p_ZZN4nnet24compute_output_buffer_2dINS_5arrayI8ap_fixedILi16ELi6EL9ap_q_mode5EL9ap_o_mode3ELi0EELj4EEENS1_IS2_ILi39ELi19ELS3_5ELS4_3ELi0EELj1EEE7config6EEvRKT_PAsrT1_6n_chan_12ap_shift_regINSA_10value_typeEXsrSD_8in_widthEERN3hls6streamIT0_56_reg_816  |  16|   0|   16|          0|
    |ap_phi_reg_pp0_iter1_p_ZZN4nnet24compute_output_buffer_2dINS_5arrayI8ap_fixedILi16ELi6EL9ap_q_mode5EL9ap_o_mode3ELi0EELj4EEENS1_IS2_ILi39ELi19ELS3_5ELS4_3ELi0EELj1EEE7config6EEvRKT_PAsrT1_6n_chan_12ap_shift_regINSA_10value_typeEXsrSD_8in_widthEERN3hls6streamIT0_57_reg_828  |  16|   0|   16|          0|
    |ap_phi_reg_pp0_iter1_p_ZZN4nnet24compute_output_buffer_2dINS_5arrayI8ap_fixedILi16ELi6EL9ap_q_mode5EL9ap_o_mode3ELi0EELj4EEENS1_IS2_ILi39ELi19ELS3_5ELS4_3ELi0EELj1EEE7config6EEvRKT_PAsrT1_6n_chan_12ap_shift_regINSA_10value_typeEXsrSD_8in_widthEERN3hls6streamIT0_58_reg_840  |  16|   0|   16|          0|
    |ap_phi_reg_pp0_iter1_p_ZZN4nnet24compute_output_buffer_2dINS_5arrayI8ap_fixedILi16ELi6EL9ap_q_mode5EL9ap_o_mode3ELi0EELj4EEENS1_IS2_ILi39ELi19ELS3_5ELS4_3ELi0EELj1EEE7config6EEvRKT_PAsrT1_6n_chan_12ap_shift_regINSA_10value_typeEXsrSD_8in_widthEERN3hls6streamIT0_59_reg_852  |  16|   0|   16|          0|
    |ap_phi_reg_pp0_iter1_p_ZZN4nnet24compute_output_buffer_2dINS_5arrayI8ap_fixedILi16ELi6EL9ap_q_mode5EL9ap_o_mode3ELi0EELj4EEENS1_IS2_ILi39ELi19ELS3_5ELS4_3ELi0EELj1EEE7config6EEvRKT_PAsrT1_6n_chan_12ap_shift_regINSA_10value_typeEXsrSD_8in_widthEERN3hls6streamIT0_60_reg_864  |  16|   0|   16|          0|
    |ap_phi_reg_pp0_iter1_p_ZZN4nnet24compute_output_buffer_2dINS_5arrayI8ap_fixedILi16ELi6EL9ap_q_mode5EL9ap_o_mode3ELi0EELj4EEENS1_IS2_ILi39ELi19ELS3_5ELS4_3ELi0EELj1EEE7config6EEvRKT_PAsrT1_6n_chan_12ap_shift_regINSA_10value_typeEXsrSD_8in_widthEERN3hls6streamIT0_61_reg_876  |  16|   0|   16|          0|
    |ap_phi_reg_pp0_iter1_p_ZZN4nnet24compute_output_buffer_2dINS_5arrayI8ap_fixedILi16ELi6EL9ap_q_mode5EL9ap_o_mode3ELi0EELj4EEENS1_IS2_ILi39ELi19ELS3_5ELS4_3ELi0EELj1EEE7config6EEvRKT_PAsrT1_6n_chan_12ap_shift_regINSA_10value_typeEXsrSD_8in_widthEERN3hls6streamIT0_62_reg_888  |  16|   0|   16|          0|
    |ap_phi_reg_pp0_iter1_p_ZZN4nnet24compute_output_buffer_2dINS_5arrayI8ap_fixedILi16ELi6EL9ap_q_mode5EL9ap_o_mode3ELi0EELj4EEENS1_IS2_ILi39ELi19ELS3_5ELS4_3ELi0EELj1EEE7config6EEvRKT_PAsrT1_6n_chan_12ap_shift_regINSA_10value_typeEXsrSD_8in_widthEERN3hls6streamIT0_63_reg_900  |  16|   0|   16|          0|
    |ap_phi_reg_pp0_iter1_p_ZZN4nnet24compute_output_buffer_2dINS_5arrayI8ap_fixedILi16ELi6EL9ap_q_mode5EL9ap_o_mode3ELi0EELj4EEENS1_IS2_ILi39ELi19ELS3_5ELS4_3ELi0EELj1EEE7config6EEvRKT_PAsrT1_6n_chan_12ap_shift_regINSA_10value_typeEXsrSD_8in_widthEERN3hls6streamIT0_64_reg_912  |  16|   0|   16|          0|
    |ap_phi_reg_pp0_iter1_p_ZZN4nnet24compute_output_buffer_2dINS_5arrayI8ap_fixedILi16ELi6EL9ap_q_mode5EL9ap_o_mode3ELi0EELj4EEENS1_IS2_ILi39ELi19ELS3_5ELS4_3ELi0EELj1EEE7config6EEvRKT_PAsrT1_6n_chan_12ap_shift_regINSA_10value_typeEXsrSD_8in_widthEERN3hls6streamIT0_65_reg_924  |  16|   0|   16|          0|
    |ap_phi_reg_pp0_iter1_p_ZZN4nnet24compute_output_buffer_2dINS_5arrayI8ap_fixedILi16ELi6EL9ap_q_mode5EL9ap_o_mode3ELi0EELj4EEENS1_IS2_ILi39ELi19ELS3_5ELS4_3ELi0EELj1EEE7config6EEvRKT_PAsrT1_6n_chan_12ap_shift_regINSA_10value_typeEXsrSD_8in_widthEERN3hls6streamIT0_66_reg_936  |  16|   0|   16|          0|
    |ap_phi_reg_pp0_iter1_p_ZZN4nnet24compute_output_buffer_2dINS_5arrayI8ap_fixedILi16ELi6EL9ap_q_mode5EL9ap_o_mode3ELi0EELj4EEENS1_IS2_ILi39ELi19ELS3_5ELS4_3ELi0EELj1EEE7config6EEvRKT_PAsrT1_6n_chan_12ap_shift_regINSA_10value_typeEXsrSD_8in_widthEERN3hls6streamIT0_67_reg_948  |  16|   0|   16|          0|
    |ap_phi_reg_pp0_iter1_p_ZZN4nnet24compute_output_buffer_2dINS_5arrayI8ap_fixedILi16ELi6EL9ap_q_mode5EL9ap_o_mode3ELi0EELj4EEENS1_IS2_ILi39ELi19ELS3_5ELS4_3ELi0EELj1EEE7config6EEvRKT_PAsrT1_6n_chan_12ap_shift_regINSA_10value_typeEXsrSD_8in_widthEERN3hls6streamIT0_68_reg_960  |  16|   0|   16|          0|
    |ap_phi_reg_pp0_iter1_p_ZZN4nnet24compute_output_buffer_2dINS_5arrayI8ap_fixedILi16ELi6EL9ap_q_mode5EL9ap_o_mode3ELi0EELj4EEENS1_IS2_ILi39ELi19ELS3_5ELS4_3ELi0EELj1EEE7config6EEvRKT_PAsrT1_6n_chan_12ap_shift_regINSA_10value_typeEXsrSD_8in_widthEERN3hls6streamIT0_69_reg_972  |  16|   0|   16|          0|
    |ap_phi_reg_pp0_iter1_void_compute_output_buffer_2d_array_array_ap_fixed_1u_config6_array_ap_fixed_16_6_5_3_0_4u_const_ap_shift_reg_value_type_in_width_n_chan_stream_array_ap_fixed_39_19_5_3_0_1u_0_weight_t_bias_t_kernel_data_1_load_phi_reg_996                               |  16|   0|   16|          0|
    |ap_phi_reg_pp0_iter1_void_compute_output_buffer_2d_array_array_ap_fixed_1u_config6_array_ap_fixed_16_6_5_3_0_4u_const_ap_shift_reg_value_type_in_width_n_chan_stream_array_ap_fixed_39_19_5_3_0_1u_0_weight_t_bias_t_kernel_data_2_load_phi_reg_1008                              |  16|   0|   16|          0|
    |ap_phi_reg_pp0_iter1_void_compute_output_buffer_2d_array_array_ap_fixed_1u_config6_array_ap_fixed_16_6_5_3_0_4u_const_ap_shift_reg_value_type_in_width_n_chan_stream_array_ap_fixed_39_19_5_3_0_1u_0_weight_t_bias_t_kernel_data_3_load_phi_reg_1020                              |  16|   0|   16|          0|
    |ap_phi_reg_pp0_iter1_void_compute_output_buffer_2d_array_array_ap_fixed_1u_config6_array_ap_fixed_16_6_5_3_0_4u_const_ap_shift_reg_value_type_in_width_n_chan_stream_array_ap_fixed_39_19_5_3_0_1u_0_weight_t_bias_t_kernel_data_4_load_phi_reg_1032                              |  16|   0|   16|          0|
    |ap_phi_reg_pp0_iter1_void_compute_output_buffer_2d_array_array_ap_fixed_1u_config6_array_ap_fixed_16_6_5_3_0_4u_const_ap_shift_reg_value_type_in_width_n_chan_stream_array_ap_fixed_39_19_5_3_0_1u_0_weight_t_bias_t_kernel_data_5_load_phi_reg_1044                              |  16|   0|   16|          0|
    |ap_phi_reg_pp0_iter1_void_compute_output_buffer_2d_array_array_ap_fixed_1u_config6_array_ap_fixed_16_6_5_3_0_4u_const_ap_shift_reg_value_type_in_width_n_chan_stream_array_ap_fixed_39_19_5_3_0_1u_0_weight_t_bias_t_kernel_data_6_load_phi_reg_1056                              |  16|   0|   16|          0|
    |ap_phi_reg_pp0_iter1_void_compute_output_buffer_2d_array_array_ap_fixed_1u_config6_array_ap_fixed_16_6_5_3_0_4u_const_ap_shift_reg_value_type_in_width_n_chan_stream_array_ap_fixed_39_19_5_3_0_1u_0_weight_t_bias_t_kernel_data_7_load_phi_reg_1068                              |  16|   0|   16|          0|
    |ap_phi_reg_pp0_iter1_void_compute_output_buffer_2d_array_array_ap_fixed_1u_config6_array_ap_fixed_16_6_5_3_0_4u_const_ap_shift_reg_value_type_in_width_n_chan_stream_array_ap_fixed_39_19_5_3_0_1u_0_weight_t_bias_t_kernel_data_8_load_phi_reg_1080                              |  16|   0|   16|          0|
    |ap_phi_reg_pp0_iter1_void_compute_output_buffer_2d_array_array_ap_fixed_1u_config6_array_ap_fixed_16_6_5_3_0_4u_const_ap_shift_reg_value_type_in_width_n_chan_stream_array_ap_fixed_39_19_5_3_0_1u_0_weight_t_bias_t_kernel_data_9_load_phi_reg_1092                              |  16|   0|   16|          0|
    |ap_phi_reg_pp0_iter1_void_compute_output_buffer_2d_array_array_ap_fixed_1u_config6_array_ap_fixed_16_6_5_3_0_4u_const_ap_shift_reg_value_type_in_width_n_chan_stream_array_ap_fixed_39_19_5_3_0_1u_0_weight_t_bias_t_kernel_data_load_phi_reg_984                                 |  16|   0|   16|          0|
    |ap_return_preg                                                                                                                                                                                                                                                                    |  16|   0|   26|         10|
    |do_init_reg_139                                                                                                                                                                                                                                                                   |   1|   0|    1|          0|
    |empty_46_reg_1104                                                                                                                                                                                                                                                                 |  16|   0|   16|          0|
    |icmp_ln46_reg_1589                                                                                                                                                                                                                                                                |   1|   0|    1|          0|
    |p_ZZN4nnet24compute_output_buffer_2dINS_5arrayI8ap_fixedILi16ELi6EL9ap_q_mode5EL9ap_o_mode3ELi0EELj4EEENS1_IS2_ILi39ELi19ELS3_5ELS4_3ELi0EELj1EEE7config6EEvRKT_PAsrT1_6n_chan_12ap_shift_regINSA_10value_typeEXsrSD_8in_widthEERN3hls6streamIT0_44_reg_672                       |  16|   0|   16|          0|
    |p_ZZN4nnet24compute_output_buffer_2dINS_5arrayI8ap_fixedILi16ELi6EL9ap_q_mode5EL9ap_o_mode3ELi0EELj4EEENS1_IS2_ILi39ELi19ELS3_5ELS4_3ELi0EELj1EEE7config6EEvRKT_PAsrT1_6n_chan_12ap_shift_regINSA_10value_typeEXsrSD_8in_widthEERN3hls6streamIT0_45_reg_684                       |  16|   0|   16|          0|
    |p_ZZN4nnet24compute_output_buffer_2dINS_5arrayI8ap_fixedILi16ELi6EL9ap_q_mode5EL9ap_o_mode3ELi0EELj4EEENS1_IS2_ILi39ELi19ELS3_5ELS4_3ELi0EELj1EEE7config6EEvRKT_PAsrT1_6n_chan_12ap_shift_regINSA_10value_typeEXsrSD_8in_widthEERN3hls6streamIT0_46_reg_696                       |  16|   0|   16|          0|
    |p_ZZN4nnet24compute_output_buffer_2dINS_5arrayI8ap_fixedILi16ELi6EL9ap_q_mode5EL9ap_o_mode3ELi0EELj4EEENS1_IS2_ILi39ELi19ELS3_5ELS4_3ELi0EELj1EEE7config6EEvRKT_PAsrT1_6n_chan_12ap_shift_regINSA_10value_typeEXsrSD_8in_widthEERN3hls6streamIT0_47_reg_708                       |  16|   0|   16|          0|
    |p_ZZN4nnet24compute_output_buffer_2dINS_5arrayI8ap_fixedILi16ELi6EL9ap_q_mode5EL9ap_o_mode3ELi0EELj4EEENS1_IS2_ILi39ELi19ELS3_5ELS4_3ELi0EELj1EEE7config6EEvRKT_PAsrT1_6n_chan_12ap_shift_regINSA_10value_typeEXsrSD_8in_widthEERN3hls6streamIT0_48_reg_720                       |  16|   0|   16|          0|
    |p_ZZN4nnet24compute_output_buffer_2dINS_5arrayI8ap_fixedILi16ELi6EL9ap_q_mode5EL9ap_o_mode3ELi0EELj4EEENS1_IS2_ILi39ELi19ELS3_5ELS4_3ELi0EELj1EEE7config6EEvRKT_PAsrT1_6n_chan_12ap_shift_regINSA_10value_typeEXsrSD_8in_widthEERN3hls6streamIT0_49_reg_732                       |  16|   0|   16|          0|
    |p_ZZN4nnet24compute_output_buffer_2dINS_5arrayI8ap_fixedILi16ELi6EL9ap_q_mode5EL9ap_o_mode3ELi0EELj4EEENS1_IS2_ILi39ELi19ELS3_5ELS4_3ELi0EELj1EEE7config6EEvRKT_PAsrT1_6n_chan_12ap_shift_regINSA_10value_typeEXsrSD_8in_widthEERN3hls6streamIT0_50_reg_744                       |  16|   0|   16|          0|
    |p_ZZN4nnet24compute_output_buffer_2dINS_5arrayI8ap_fixedILi16ELi6EL9ap_q_mode5EL9ap_o_mode3ELi0EELj4EEENS1_IS2_ILi39ELi19ELS3_5ELS4_3ELi0EELj1EEE7config6EEvRKT_PAsrT1_6n_chan_12ap_shift_regINSA_10value_typeEXsrSD_8in_widthEERN3hls6streamIT0_51_reg_756                       |  16|   0|   16|          0|
    |p_ZZN4nnet24compute_output_buffer_2dINS_5arrayI8ap_fixedILi16ELi6EL9ap_q_mode5EL9ap_o_mode3ELi0EELj4EEENS1_IS2_ILi39ELi19ELS3_5ELS4_3ELi0EELj1EEE7config6EEvRKT_PAsrT1_6n_chan_12ap_shift_regINSA_10value_typeEXsrSD_8in_widthEERN3hls6streamIT0_52_reg_768                       |  16|   0|   16|          0|
    |p_ZZN4nnet24compute_output_buffer_2dINS_5arrayI8ap_fixedILi16ELi6EL9ap_q_mode5EL9ap_o_mode3ELi0EELj4EEENS1_IS2_ILi39ELi19ELS3_5ELS4_3ELi0EELj1EEE7config6EEvRKT_PAsrT1_6n_chan_12ap_shift_regINSA_10value_typeEXsrSD_8in_widthEERN3hls6streamIT0_53_reg_780                       |  16|   0|   16|          0|
    |p_ZZN4nnet24compute_output_buffer_2dINS_5arrayI8ap_fixedILi16ELi6EL9ap_q_mode5EL9ap_o_mode3ELi0EELj4EEENS1_IS2_ILi39ELi19ELS3_5ELS4_3ELi0EELj1EEE7config6EEvRKT_PAsrT1_6n_chan_12ap_shift_regINSA_10value_typeEXsrSD_8in_widthEERN3hls6streamIT0_54_reg_792                       |  16|   0|   16|          0|
    |p_ZZN4nnet24compute_output_buffer_2dINS_5arrayI8ap_fixedILi16ELi6EL9ap_q_mode5EL9ap_o_mode3ELi0EELj4EEENS1_IS2_ILi39ELi19ELS3_5ELS4_3ELi0EELj1EEE7config6EEvRKT_PAsrT1_6n_chan_12ap_shift_regINSA_10value_typeEXsrSD_8in_widthEERN3hls6streamIT0_55_reg_804                       |  16|   0|   16|          0|
    |p_ZZN4nnet24compute_output_buffer_2dINS_5arrayI8ap_fixedILi16ELi6EL9ap_q_mode5EL9ap_o_mode3ELi0EELj4EEENS1_IS2_ILi39ELi19ELS3_5ELS4_3ELi0EELj1EEE7config6EEvRKT_PAsrT1_6n_chan_12ap_shift_regINSA_10value_typeEXsrSD_8in_widthEERN3hls6streamIT0_56_reg_816                       |  16|   0|   16|          0|
    |p_ZZN4nnet24compute_output_buffer_2dINS_5arrayI8ap_fixedILi16ELi6EL9ap_q_mode5EL9ap_o_mode3ELi0EELj4EEENS1_IS2_ILi39ELi19ELS3_5ELS4_3ELi0EELj1EEE7config6EEvRKT_PAsrT1_6n_chan_12ap_shift_regINSA_10value_typeEXsrSD_8in_widthEERN3hls6streamIT0_57_reg_828                       |  16|   0|   16|          0|
    |p_ZZN4nnet24compute_output_buffer_2dINS_5arrayI8ap_fixedILi16ELi6EL9ap_q_mode5EL9ap_o_mode3ELi0EELj4EEENS1_IS2_ILi39ELi19ELS3_5ELS4_3ELi0EELj1EEE7config6EEvRKT_PAsrT1_6n_chan_12ap_shift_regINSA_10value_typeEXsrSD_8in_widthEERN3hls6streamIT0_58_reg_840                       |  16|   0|   16|          0|
    |p_ZZN4nnet24compute_output_buffer_2dINS_5arrayI8ap_fixedILi16ELi6EL9ap_q_mode5EL9ap_o_mode3ELi0EELj4EEENS1_IS2_ILi39ELi19ELS3_5ELS4_3ELi0EELj1EEE7config6EEvRKT_PAsrT1_6n_chan_12ap_shift_regINSA_10value_typeEXsrSD_8in_widthEERN3hls6streamIT0_59_reg_852                       |  16|   0|   16|          0|
    |p_ZZN4nnet24compute_output_buffer_2dINS_5arrayI8ap_fixedILi16ELi6EL9ap_q_mode5EL9ap_o_mode3ELi0EELj4EEENS1_IS2_ILi39ELi19ELS3_5ELS4_3ELi0EELj1EEE7config6EEvRKT_PAsrT1_6n_chan_12ap_shift_regINSA_10value_typeEXsrSD_8in_widthEERN3hls6streamIT0_60_reg_864                       |  16|   0|   16|          0|
    |p_ZZN4nnet24compute_output_buffer_2dINS_5arrayI8ap_fixedILi16ELi6EL9ap_q_mode5EL9ap_o_mode3ELi0EELj4EEENS1_IS2_ILi39ELi19ELS3_5ELS4_3ELi0EELj1EEE7config6EEvRKT_PAsrT1_6n_chan_12ap_shift_regINSA_10value_typeEXsrSD_8in_widthEERN3hls6streamIT0_61_reg_876                       |  16|   0|   16|          0|
    |p_ZZN4nnet24compute_output_buffer_2dINS_5arrayI8ap_fixedILi16ELi6EL9ap_q_mode5EL9ap_o_mode3ELi0EELj4EEENS1_IS2_ILi39ELi19ELS3_5ELS4_3ELi0EELj1EEE7config6EEvRKT_PAsrT1_6n_chan_12ap_shift_regINSA_10value_typeEXsrSD_8in_widthEERN3hls6streamIT0_62_reg_888                       |  16|   0|   16|          0|
    |p_ZZN4nnet24compute_output_buffer_2dINS_5arrayI8ap_fixedILi16ELi6EL9ap_q_mode5EL9ap_o_mode3ELi0EELj4EEENS1_IS2_ILi39ELi19ELS3_5ELS4_3ELi0EELj1EEE7config6EEvRKT_PAsrT1_6n_chan_12ap_shift_regINSA_10value_typeEXsrSD_8in_widthEERN3hls6streamIT0_63_reg_900                       |  16|   0|   16|          0|
    |p_ZZN4nnet24compute_output_buffer_2dINS_5arrayI8ap_fixedILi16ELi6EL9ap_q_mode5EL9ap_o_mode3ELi0EELj4EEENS1_IS2_ILi39ELi19ELS3_5ELS4_3ELi0EELj1EEE7config6EEvRKT_PAsrT1_6n_chan_12ap_shift_regINSA_10value_typeEXsrSD_8in_widthEERN3hls6streamIT0_64_reg_912                       |  16|   0|   16|          0|
    |p_ZZN4nnet24compute_output_buffer_2dINS_5arrayI8ap_fixedILi16ELi6EL9ap_q_mode5EL9ap_o_mode3ELi0EELj4EEENS1_IS2_ILi39ELi19ELS3_5ELS4_3ELi0EELj1EEE7config6EEvRKT_PAsrT1_6n_chan_12ap_shift_regINSA_10value_typeEXsrSD_8in_widthEERN3hls6streamIT0_65_reg_924                       |  16|   0|   16|          0|
    |p_ZZN4nnet24compute_output_buffer_2dINS_5arrayI8ap_fixedILi16ELi6EL9ap_q_mode5EL9ap_o_mode3ELi0EELj4EEENS1_IS2_ILi39ELi19ELS3_5ELS4_3ELi0EELj1EEE7config6EEvRKT_PAsrT1_6n_chan_12ap_shift_regINSA_10value_typeEXsrSD_8in_widthEERN3hls6streamIT0_66_reg_936                       |  16|   0|   16|          0|
    |p_ZZN4nnet24compute_output_buffer_2dINS_5arrayI8ap_fixedILi16ELi6EL9ap_q_mode5EL9ap_o_mode3ELi0EELj4EEENS1_IS2_ILi39ELi19ELS3_5ELS4_3ELi0EELj1EEE7config6EEvRKT_PAsrT1_6n_chan_12ap_shift_regINSA_10value_typeEXsrSD_8in_widthEERN3hls6streamIT0_67_reg_948                       |  16|   0|   16|          0|
    |p_ZZN4nnet24compute_output_buffer_2dINS_5arrayI8ap_fixedILi16ELi6EL9ap_q_mode5EL9ap_o_mode3ELi0EELj4EEENS1_IS2_ILi39ELi19ELS3_5ELS4_3ELi0EELj1EEE7config6EEvRKT_PAsrT1_6n_chan_12ap_shift_regINSA_10value_typeEXsrSD_8in_widthEERN3hls6streamIT0_68_reg_960                       |  16|   0|   16|          0|
    |p_ZZN4nnet24compute_output_buffer_2dINS_5arrayI8ap_fixedILi16ELi6EL9ap_q_mode5EL9ap_o_mode3ELi0EELj4EEENS1_IS2_ILi39ELi19ELS3_5ELS4_3ELi0EELj1EEE7config6EEvRKT_PAsrT1_6n_chan_12ap_shift_regINSA_10value_typeEXsrSD_8in_widthEERN3hls6streamIT0_69_reg_972                       |  16|   0|   16|          0|
    |void_compute_output_buffer_2d_array_array_ap_fixed_1u_config6_array_ap_fixed_16_6_5_3_0_4u_const_ap_shift_reg_value_type_in_width_n_chan_stream_array_ap_fixed_39_19_5_3_0_1u_0_weight_t_bias_t_kernel_data_1_load_phi_reg_996                                                    |  16|   0|   16|          0|
    |void_compute_output_buffer_2d_array_array_ap_fixed_1u_config6_array_ap_fixed_16_6_5_3_0_4u_const_ap_shift_reg_value_type_in_width_n_chan_stream_array_ap_fixed_39_19_5_3_0_1u_0_weight_t_bias_t_kernel_data_2_load_phi_reg_1008                                                   |  16|   0|   16|          0|
    |void_compute_output_buffer_2d_array_array_ap_fixed_1u_config6_array_ap_fixed_16_6_5_3_0_4u_const_ap_shift_reg_value_type_in_width_n_chan_stream_array_ap_fixed_39_19_5_3_0_1u_0_weight_t_bias_t_kernel_data_3_load_phi_reg_1020                                                   |  16|   0|   16|          0|
    |void_compute_output_buffer_2d_array_array_ap_fixed_1u_config6_array_ap_fixed_16_6_5_3_0_4u_const_ap_shift_reg_value_type_in_width_n_chan_stream_array_ap_fixed_39_19_5_3_0_1u_0_weight_t_bias_t_kernel_data_4_load_phi_reg_1032                                                   |  16|   0|   16|          0|
    |void_compute_output_buffer_2d_array_array_ap_fixed_1u_config6_array_ap_fixed_16_6_5_3_0_4u_const_ap_shift_reg_value_type_in_width_n_chan_stream_array_ap_fixed_39_19_5_3_0_1u_0_weight_t_bias_t_kernel_data_5_load_phi_reg_1044                                                   |  16|   0|   16|          0|
    |void_compute_output_buffer_2d_array_array_ap_fixed_1u_config6_array_ap_fixed_16_6_5_3_0_4u_const_ap_shift_reg_value_type_in_width_n_chan_stream_array_ap_fixed_39_19_5_3_0_1u_0_weight_t_bias_t_kernel_data_6_load_phi_reg_1056                                                   |  16|   0|   16|          0|
    |void_compute_output_buffer_2d_array_array_ap_fixed_1u_config6_array_ap_fixed_16_6_5_3_0_4u_const_ap_shift_reg_value_type_in_width_n_chan_stream_array_ap_fixed_39_19_5_3_0_1u_0_weight_t_bias_t_kernel_data_7_load_phi_reg_1068                                                   |  16|   0|   16|          0|
    |void_compute_output_buffer_2d_array_array_ap_fixed_1u_config6_array_ap_fixed_16_6_5_3_0_4u_const_ap_shift_reg_value_type_in_width_n_chan_stream_array_ap_fixed_39_19_5_3_0_1u_0_weight_t_bias_t_kernel_data_8_load_phi_reg_1080                                                   |  16|   0|   16|          0|
    |void_compute_output_buffer_2d_array_array_ap_fixed_1u_config6_array_ap_fixed_16_6_5_3_0_4u_const_ap_shift_reg_value_type_in_width_n_chan_stream_array_ap_fixed_39_19_5_3_0_1u_0_weight_t_bias_t_kernel_data_9_load_phi_reg_1092                                                   |  16|   0|   16|          0|
    |void_compute_output_buffer_2d_array_array_ap_fixed_1u_config6_array_ap_fixed_16_6_5_3_0_4u_const_ap_shift_reg_value_type_in_width_n_chan_stream_array_ap_fixed_39_19_5_3_0_1u_0_weight_t_bias_t_kernel_data_load_phi_reg_984                                                      |  16|   0|   16|          0|
    |w_index3_reg_154                                                                                                                                                                                                                                                                  |   6|   0|    6|          0|
    |w_index_reg_1584                                                                                                                                                                                                                                                                  |   6|   0|    6|          0|
    |icmp_ln46_reg_1589                                                                                                                                                                                                                                                                |  64|  32|    1|          0|
    +----------------------------------------------------------------------------------------------------------------------------------------------------------------------------------------------------------------------------------------------------------------------------------+----+----+-----+-----------+
    |Total                                                                                                                                                                                                                                                                             |1276|  32| 1223|         10|
    +----------------------------------------------------------------------------------------------------------------------------------------------------------------------------------------------------------------------------------------------------------------------------------+----+----+-----+-----------+



================================================================
== Interface
================================================================
* Summary: 
+-----------------------------------------------------------------------------------------------------------------------------------------------------------------------------------------------------------------------------------------------------+-----+-----+------------+-----------------------------------------------------------------------------------------------------------------------------------------------------------------------------------------------------------------------------------------------------+--------------+
|                                                                                                                      RTL Ports                                                                                                                      | Dir | Bits|  Protocol  |                                                                                                                    Source Object                                                                                                                    |    C Type    |
+-----------------------------------------------------------------------------------------------------------------------------------------------------------------------------------------------------------------------------------------------------+-----+-----+------------+-----------------------------------------------------------------------------------------------------------------------------------------------------------------------------------------------------------------------------------------------------+--------------+
|ap_clk                                                                                                                                                                                                                                               |   in|    1|  ap_ctrl_hs|                                                                                                                                                         dense_resource_rf_leq_nin<ap_fixed<16, 6, 5, 3, 0>, ap_fixed<39, 19, 5, 3, 0>, config6_mult>|  return value|
|ap_rst                                                                                                                                                                                                                                               |   in|    1|  ap_ctrl_hs|                                                                                                                                                         dense_resource_rf_leq_nin<ap_fixed<16, 6, 5, 3, 0>, ap_fixed<39, 19, 5, 3, 0>, config6_mult>|  return value|
|ap_start                                                                                                                                                                                                                                             |   in|    1|  ap_ctrl_hs|                                                                                                                                                         dense_resource_rf_leq_nin<ap_fixed<16, 6, 5, 3, 0>, ap_fixed<39, 19, 5, 3, 0>, config6_mult>|  return value|
|ap_done                                                                                                                                                                                                                                              |  out|    1|  ap_ctrl_hs|                                                                                                                                                         dense_resource_rf_leq_nin<ap_fixed<16, 6, 5, 3, 0>, ap_fixed<39, 19, 5, 3, 0>, config6_mult>|  return value|
|ap_idle                                                                                                                                                                                                                                              |  out|    1|  ap_ctrl_hs|                                                                                                                                                         dense_resource_rf_leq_nin<ap_fixed<16, 6, 5, 3, 0>, ap_fixed<39, 19, 5, 3, 0>, config6_mult>|  return value|
|ap_ready                                                                                                                                                                                                                                             |  out|    1|  ap_ctrl_hs|                                                                                                                                                         dense_resource_rf_leq_nin<ap_fixed<16, 6, 5, 3, 0>, ap_fixed<39, 19, 5, 3, 0>, config6_mult>|  return value|
|ap_return                                                                                                                                                                                                                                            |  out|   26|  ap_ctrl_hs|                                                                                                                                                         dense_resource_rf_leq_nin<ap_fixed<16, 6, 5, 3, 0>, ap_fixed<39, 19, 5, 3, 0>, config6_mult>|  return value|
|void_compute_output_buffer_2d_array_array_ap_fixed_1u_config6_array_ap_fixed_16_6_5_3_0_4u_const_ap_shift_reg_value_type_in_width_n_chan_stream_array_ap_fixed_39_19_5_3_0_1u_0_weight_t_bias_t_kernel_data_9                                        |   in|   16|     ap_none|                                        void_compute_output_buffer_2d_array_array_ap_fixed_1u_config6_array_ap_fixed_16_6_5_3_0_4u_const_ap_shift_reg_value_type_in_width_n_chan_stream_array_ap_fixed_39_19_5_3_0_1u_0_weight_t_bias_t_kernel_data_9|       pointer|
|void_compute_output_buffer_2d_array_array_ap_fixed_1u_config6_array_ap_fixed_16_6_5_3_0_4u_const_ap_shift_reg_value_type_in_width_n_chan_stream_array_ap_fixed_39_19_5_3_0_1u_0_weight_t_bias_t_kernel_data_8                                        |   in|   16|     ap_none|                                        void_compute_output_buffer_2d_array_array_ap_fixed_1u_config6_array_ap_fixed_16_6_5_3_0_4u_const_ap_shift_reg_value_type_in_width_n_chan_stream_array_ap_fixed_39_19_5_3_0_1u_0_weight_t_bias_t_kernel_data_8|       pointer|
|void_compute_output_buffer_2d_array_array_ap_fixed_1u_config6_array_ap_fixed_16_6_5_3_0_4u_const_ap_shift_reg_value_type_in_width_n_chan_stream_array_ap_fixed_39_19_5_3_0_1u_0_weight_t_bias_t_kernel_data_7                                        |   in|   16|     ap_none|                                        void_compute_output_buffer_2d_array_array_ap_fixed_1u_config6_array_ap_fixed_16_6_5_3_0_4u_const_ap_shift_reg_value_type_in_width_n_chan_stream_array_ap_fixed_39_19_5_3_0_1u_0_weight_t_bias_t_kernel_data_7|       pointer|
|void_compute_output_buffer_2d_array_array_ap_fixed_1u_config6_array_ap_fixed_16_6_5_3_0_4u_const_ap_shift_reg_value_type_in_width_n_chan_stream_array_ap_fixed_39_19_5_3_0_1u_0_weight_t_bias_t_kernel_data_6                                        |   in|   16|     ap_none|                                        void_compute_output_buffer_2d_array_array_ap_fixed_1u_config6_array_ap_fixed_16_6_5_3_0_4u_const_ap_shift_reg_value_type_in_width_n_chan_stream_array_ap_fixed_39_19_5_3_0_1u_0_weight_t_bias_t_kernel_data_6|       pointer|
|void_compute_output_buffer_2d_array_array_ap_fixed_1u_config6_array_ap_fixed_16_6_5_3_0_4u_const_ap_shift_reg_value_type_in_width_n_chan_stream_array_ap_fixed_39_19_5_3_0_1u_0_weight_t_bias_t_kernel_data_5                                        |   in|   16|     ap_none|                                        void_compute_output_buffer_2d_array_array_ap_fixed_1u_config6_array_ap_fixed_16_6_5_3_0_4u_const_ap_shift_reg_value_type_in_width_n_chan_stream_array_ap_fixed_39_19_5_3_0_1u_0_weight_t_bias_t_kernel_data_5|       pointer|
|void_compute_output_buffer_2d_array_array_ap_fixed_1u_config6_array_ap_fixed_16_6_5_3_0_4u_const_ap_shift_reg_value_type_in_width_n_chan_stream_array_ap_fixed_39_19_5_3_0_1u_0_weight_t_bias_t_kernel_data_4                                        |   in|   16|     ap_none|                                        void_compute_output_buffer_2d_array_array_ap_fixed_1u_config6_array_ap_fixed_16_6_5_3_0_4u_const_ap_shift_reg_value_type_in_width_n_chan_stream_array_ap_fixed_39_19_5_3_0_1u_0_weight_t_bias_t_kernel_data_4|       pointer|
|void_compute_output_buffer_2d_array_array_ap_fixed_1u_config6_array_ap_fixed_16_6_5_3_0_4u_const_ap_shift_reg_value_type_in_width_n_chan_stream_array_ap_fixed_39_19_5_3_0_1u_0_weight_t_bias_t_kernel_data_3                                        |   in|   16|     ap_none|                                        void_compute_output_buffer_2d_array_array_ap_fixed_1u_config6_array_ap_fixed_16_6_5_3_0_4u_const_ap_shift_reg_value_type_in_width_n_chan_stream_array_ap_fixed_39_19_5_3_0_1u_0_weight_t_bias_t_kernel_data_3|       pointer|
|void_compute_output_buffer_2d_array_array_ap_fixed_1u_config6_array_ap_fixed_16_6_5_3_0_4u_const_ap_shift_reg_value_type_in_width_n_chan_stream_array_ap_fixed_39_19_5_3_0_1u_0_weight_t_bias_t_kernel_data_2                                        |   in|   16|     ap_none|                                        void_compute_output_buffer_2d_array_array_ap_fixed_1u_config6_array_ap_fixed_16_6_5_3_0_4u_const_ap_shift_reg_value_type_in_width_n_chan_stream_array_ap_fixed_39_19_5_3_0_1u_0_weight_t_bias_t_kernel_data_2|       pointer|
|void_compute_output_buffer_2d_array_array_ap_fixed_1u_config6_array_ap_fixed_16_6_5_3_0_4u_const_ap_shift_reg_value_type_in_width_n_chan_stream_array_ap_fixed_39_19_5_3_0_1u_0_weight_t_bias_t_kernel_data_1                                        |   in|   16|     ap_none|                                        void_compute_output_buffer_2d_array_array_ap_fixed_1u_config6_array_ap_fixed_16_6_5_3_0_4u_const_ap_shift_reg_value_type_in_width_n_chan_stream_array_ap_fixed_39_19_5_3_0_1u_0_weight_t_bias_t_kernel_data_1|       pointer|
|void_compute_output_buffer_2d_array_array_ap_fixed_1u_config6_array_ap_fixed_16_6_5_3_0_4u_const_ap_shift_reg_value_type_in_width_n_chan_stream_array_ap_fixed_39_19_5_3_0_1u_0_weight_t_bias_t_kernel_data                                          |   in|   16|     ap_none|                                          void_compute_output_buffer_2d_array_array_ap_fixed_1u_config6_array_ap_fixed_16_6_5_3_0_4u_const_ap_shift_reg_value_type_in_width_n_chan_stream_array_ap_fixed_39_19_5_3_0_1u_0_weight_t_bias_t_kernel_data|       pointer|
|p_ZZN4nnet24compute_output_buffer_2dINS_5arrayI8ap_fixedILi16ELi6EL9ap_q_mode5EL9ap_o_mode3ELi0EELj4EEENS1_IS2_ILi39ELi19ELS3_5ELS4_3ELi0EELj1EEE7config6EEvRKT_PAsrT1_6n_chan_12ap_shift_regINSA_10value_typeEXsrSD_8in_widthEERN3hls6streamIT0_25  |   in|   16|     ap_none|  p_ZZN4nnet24compute_output_buffer_2dINS_5arrayI8ap_fixedILi16ELi6EL9ap_q_mode5EL9ap_o_mode3ELi0EELj4EEENS1_IS2_ILi39ELi19ELS3_5ELS4_3ELi0EELj1EEE7config6EEvRKT_PAsrT1_6n_chan_12ap_shift_regINSA_10value_typeEXsrSD_8in_widthEERN3hls6streamIT0_25|       pointer|
|p_ZZN4nnet24compute_output_buffer_2dINS_5arrayI8ap_fixedILi16ELi6EL9ap_q_mode5EL9ap_o_mode3ELi0EELj4EEENS1_IS2_ILi39ELi19ELS3_5ELS4_3ELi0EELj1EEE7config6EEvRKT_PAsrT1_6n_chan_12ap_shift_regINSA_10value_typeEXsrSD_8in_widthEERN3hls6streamIT0_24  |   in|   16|     ap_none|  p_ZZN4nnet24compute_output_buffer_2dINS_5arrayI8ap_fixedILi16ELi6EL9ap_q_mode5EL9ap_o_mode3ELi0EELj4EEENS1_IS2_ILi39ELi19ELS3_5ELS4_3ELi0EELj1EEE7config6EEvRKT_PAsrT1_6n_chan_12ap_shift_regINSA_10value_typeEXsrSD_8in_widthEERN3hls6streamIT0_24|       pointer|
|p_ZZN4nnet24compute_output_buffer_2dINS_5arrayI8ap_fixedILi16ELi6EL9ap_q_mode5EL9ap_o_mode3ELi0EELj4EEENS1_IS2_ILi39ELi19ELS3_5ELS4_3ELi0EELj1EEE7config6EEvRKT_PAsrT1_6n_chan_12ap_shift_regINSA_10value_typeEXsrSD_8in_widthEERN3hls6streamIT0_23  |   in|   16|     ap_none|  p_ZZN4nnet24compute_output_buffer_2dINS_5arrayI8ap_fixedILi16ELi6EL9ap_q_mode5EL9ap_o_mode3ELi0EELj4EEENS1_IS2_ILi39ELi19ELS3_5ELS4_3ELi0EELj1EEE7config6EEvRKT_PAsrT1_6n_chan_12ap_shift_regINSA_10value_typeEXsrSD_8in_widthEERN3hls6streamIT0_23|       pointer|
|p_ZZN4nnet24compute_output_buffer_2dINS_5arrayI8ap_fixedILi16ELi6EL9ap_q_mode5EL9ap_o_mode3ELi0EELj4EEENS1_IS2_ILi39ELi19ELS3_5ELS4_3ELi0EELj1EEE7config6EEvRKT_PAsrT1_6n_chan_12ap_shift_regINSA_10value_typeEXsrSD_8in_widthEERN3hls6streamIT0_22  |   in|   16|     ap_none|  p_ZZN4nnet24compute_output_buffer_2dINS_5arrayI8ap_fixedILi16ELi6EL9ap_q_mode5EL9ap_o_mode3ELi0EELj4EEENS1_IS2_ILi39ELi19ELS3_5ELS4_3ELi0EELj1EEE7config6EEvRKT_PAsrT1_6n_chan_12ap_shift_regINSA_10value_typeEXsrSD_8in_widthEERN3hls6streamIT0_22|       pointer|
|p_ZZN4nnet24compute_output_buffer_2dINS_5arrayI8ap_fixedILi16ELi6EL9ap_q_mode5EL9ap_o_mode3ELi0EELj4EEENS1_IS2_ILi39ELi19ELS3_5ELS4_3ELi0EELj1EEE7config6EEvRKT_PAsrT1_6n_chan_12ap_shift_regINSA_10value_typeEXsrSD_8in_widthEERN3hls6streamIT0_21  |   in|   16|     ap_none|  p_ZZN4nnet24compute_output_buffer_2dINS_5arrayI8ap_fixedILi16ELi6EL9ap_q_mode5EL9ap_o_mode3ELi0EELj4EEENS1_IS2_ILi39ELi19ELS3_5ELS4_3ELi0EELj1EEE7config6EEvRKT_PAsrT1_6n_chan_12ap_shift_regINSA_10value_typeEXsrSD_8in_widthEERN3hls6streamIT0_21|       pointer|
|p_ZZN4nnet24compute_output_buffer_2dINS_5arrayI8ap_fixedILi16ELi6EL9ap_q_mode5EL9ap_o_mode3ELi0EELj4EEENS1_IS2_ILi39ELi19ELS3_5ELS4_3ELi0EELj1EEE7config6EEvRKT_PAsrT1_6n_chan_12ap_shift_regINSA_10value_typeEXsrSD_8in_widthEERN3hls6streamIT0_20  |   in|   16|     ap_none|  p_ZZN4nnet24compute_output_buffer_2dINS_5arrayI8ap_fixedILi16ELi6EL9ap_q_mode5EL9ap_o_mode3ELi0EELj4EEENS1_IS2_ILi39ELi19ELS3_5ELS4_3ELi0EELj1EEE7config6EEvRKT_PAsrT1_6n_chan_12ap_shift_regINSA_10value_typeEXsrSD_8in_widthEERN3hls6streamIT0_20|       pointer|
|p_ZZN4nnet24compute_output_buffer_2dINS_5arrayI8ap_fixedILi16ELi6EL9ap_q_mode5EL9ap_o_mode3ELi0EELj4EEENS1_IS2_ILi39ELi19ELS3_5ELS4_3ELi0EELj1EEE7config6EEvRKT_PAsrT1_6n_chan_12ap_shift_regINSA_10value_typeEXsrSD_8in_widthEERN3hls6streamIT0_19  |   in|   16|     ap_none|  p_ZZN4nnet24compute_output_buffer_2dINS_5arrayI8ap_fixedILi16ELi6EL9ap_q_mode5EL9ap_o_mode3ELi0EELj4EEENS1_IS2_ILi39ELi19ELS3_5ELS4_3ELi0EELj1EEE7config6EEvRKT_PAsrT1_6n_chan_12ap_shift_regINSA_10value_typeEXsrSD_8in_widthEERN3hls6streamIT0_19|       pointer|
|p_ZZN4nnet24compute_output_buffer_2dINS_5arrayI8ap_fixedILi16ELi6EL9ap_q_mode5EL9ap_o_mode3ELi0EELj4EEENS1_IS2_ILi39ELi19ELS3_5ELS4_3ELi0EELj1EEE7config6EEvRKT_PAsrT1_6n_chan_12ap_shift_regINSA_10value_typeEXsrSD_8in_widthEERN3hls6streamIT0_18  |   in|   16|     ap_none|  p_ZZN4nnet24compute_output_buffer_2dINS_5arrayI8ap_fixedILi16ELi6EL9ap_q_mode5EL9ap_o_mode3ELi0EELj4EEENS1_IS2_ILi39ELi19ELS3_5ELS4_3ELi0EELj1EEE7config6EEvRKT_PAsrT1_6n_chan_12ap_shift_regINSA_10value_typeEXsrSD_8in_widthEERN3hls6streamIT0_18|       pointer|
|p_ZZN4nnet24compute_output_buffer_2dINS_5arrayI8ap_fixedILi16ELi6EL9ap_q_mode5EL9ap_o_mode3ELi0EELj4EEENS1_IS2_ILi39ELi19ELS3_5ELS4_3ELi0EELj1EEE7config6EEvRKT_PAsrT1_6n_chan_12ap_shift_regINSA_10value_typeEXsrSD_8in_widthEERN3hls6streamIT0_17  |   in|   16|     ap_none|  p_ZZN4nnet24compute_output_buffer_2dINS_5arrayI8ap_fixedILi16ELi6EL9ap_q_mode5EL9ap_o_mode3ELi0EELj4EEENS1_IS2_ILi39ELi19ELS3_5ELS4_3ELi0EELj1EEE7config6EEvRKT_PAsrT1_6n_chan_12ap_shift_regINSA_10value_typeEXsrSD_8in_widthEERN3hls6streamIT0_17|       pointer|
|p_ZZN4nnet24compute_output_buffer_2dINS_5arrayI8ap_fixedILi16ELi6EL9ap_q_mode5EL9ap_o_mode3ELi0EELj4EEENS1_IS2_ILi39ELi19ELS3_5ELS4_3ELi0EELj1EEE7config6EEvRKT_PAsrT1_6n_chan_12ap_shift_regINSA_10value_typeEXsrSD_8in_widthEERN3hls6streamIT0_16  |   in|   16|     ap_none|  p_ZZN4nnet24compute_output_buffer_2dINS_5arrayI8ap_fixedILi16ELi6EL9ap_q_mode5EL9ap_o_mode3ELi0EELj4EEENS1_IS2_ILi39ELi19ELS3_5ELS4_3ELi0EELj1EEE7config6EEvRKT_PAsrT1_6n_chan_12ap_shift_regINSA_10value_typeEXsrSD_8in_widthEERN3hls6streamIT0_16|       pointer|
|p_ZZN4nnet24compute_output_buffer_2dINS_5arrayI8ap_fixedILi16ELi6EL9ap_q_mode5EL9ap_o_mode3ELi0EELj4EEENS1_IS2_ILi39ELi19ELS3_5ELS4_3ELi0EELj1EEE7config6EEvRKT_PAsrT1_6n_chan_12ap_shift_regINSA_10value_typeEXsrSD_8in_widthEERN3hls6streamIT0_15  |   in|   16|     ap_none|  p_ZZN4nnet24compute_output_buffer_2dINS_5arrayI8ap_fixedILi16ELi6EL9ap_q_mode5EL9ap_o_mode3ELi0EELj4EEENS1_IS2_ILi39ELi19ELS3_5ELS4_3ELi0EELj1EEE7config6EEvRKT_PAsrT1_6n_chan_12ap_shift_regINSA_10value_typeEXsrSD_8in_widthEERN3hls6streamIT0_15|       pointer|
|p_ZZN4nnet24compute_output_buffer_2dINS_5arrayI8ap_fixedILi16ELi6EL9ap_q_mode5EL9ap_o_mode3ELi0EELj4EEENS1_IS2_ILi39ELi19ELS3_5ELS4_3ELi0EELj1EEE7config6EEvRKT_PAsrT1_6n_chan_12ap_shift_regINSA_10value_typeEXsrSD_8in_widthEERN3hls6streamIT0_14  |   in|   16|     ap_none|  p_ZZN4nnet24compute_output_buffer_2dINS_5arrayI8ap_fixedILi16ELi6EL9ap_q_mode5EL9ap_o_mode3ELi0EELj4EEENS1_IS2_ILi39ELi19ELS3_5ELS4_3ELi0EELj1EEE7config6EEvRKT_PAsrT1_6n_chan_12ap_shift_regINSA_10value_typeEXsrSD_8in_widthEERN3hls6streamIT0_14|       pointer|
|p_ZZN4nnet24compute_output_buffer_2dINS_5arrayI8ap_fixedILi16ELi6EL9ap_q_mode5EL9ap_o_mode3ELi0EELj4EEENS1_IS2_ILi39ELi19ELS3_5ELS4_3ELi0EELj1EEE7config6EEvRKT_PAsrT1_6n_chan_12ap_shift_regINSA_10value_typeEXsrSD_8in_widthEERN3hls6streamIT0_13  |   in|   16|     ap_none|  p_ZZN4nnet24compute_output_buffer_2dINS_5arrayI8ap_fixedILi16ELi6EL9ap_q_mode5EL9ap_o_mode3ELi0EELj4EEENS1_IS2_ILi39ELi19ELS3_5ELS4_3ELi0EELj1EEE7config6EEvRKT_PAsrT1_6n_chan_12ap_shift_regINSA_10value_typeEXsrSD_8in_widthEERN3hls6streamIT0_13|       pointer|
|p_ZZN4nnet24compute_output_buffer_2dINS_5arrayI8ap_fixedILi16ELi6EL9ap_q_mode5EL9ap_o_mode3ELi0EELj4EEENS1_IS2_ILi39ELi19ELS3_5ELS4_3ELi0EELj1EEE7config6EEvRKT_PAsrT1_6n_chan_12ap_shift_regINSA_10value_typeEXsrSD_8in_widthEERN3hls6streamIT0_12  |   in|   16|     ap_none|  p_ZZN4nnet24compute_output_buffer_2dINS_5arrayI8ap_fixedILi16ELi6EL9ap_q_mode5EL9ap_o_mode3ELi0EELj4EEENS1_IS2_ILi39ELi19ELS3_5ELS4_3ELi0EELj1EEE7config6EEvRKT_PAsrT1_6n_chan_12ap_shift_regINSA_10value_typeEXsrSD_8in_widthEERN3hls6streamIT0_12|       pointer|
|p_ZZN4nnet24compute_output_buffer_2dINS_5arrayI8ap_fixedILi16ELi6EL9ap_q_mode5EL9ap_o_mode3ELi0EELj4EEENS1_IS2_ILi39ELi19ELS3_5ELS4_3ELi0EELj1EEE7config6EEvRKT_PAsrT1_6n_chan_12ap_shift_regINSA_10value_typeEXsrSD_8in_widthEERN3hls6streamIT0_11  |   in|   16|     ap_none|  p_ZZN4nnet24compute_output_buffer_2dINS_5arrayI8ap_fixedILi16ELi6EL9ap_q_mode5EL9ap_o_mode3ELi0EELj4EEENS1_IS2_ILi39ELi19ELS3_5ELS4_3ELi0EELj1EEE7config6EEvRKT_PAsrT1_6n_chan_12ap_shift_regINSA_10value_typeEXsrSD_8in_widthEERN3hls6streamIT0_11|       pointer|
|p_ZZN4nnet24compute_output_buffer_2dINS_5arrayI8ap_fixedILi16ELi6EL9ap_q_mode5EL9ap_o_mode3ELi0EELj4EEENS1_IS2_ILi39ELi19ELS3_5ELS4_3ELi0EELj1EEE7config6EEvRKT_PAsrT1_6n_chan_12ap_shift_regINSA_10value_typeEXsrSD_8in_widthEERN3hls6streamIT0_10  |   in|   16|     ap_none|  p_ZZN4nnet24compute_output_buffer_2dINS_5arrayI8ap_fixedILi16ELi6EL9ap_q_mode5EL9ap_o_mode3ELi0EELj4EEENS1_IS2_ILi39ELi19ELS3_5ELS4_3ELi0EELj1EEE7config6EEvRKT_PAsrT1_6n_chan_12ap_shift_regINSA_10value_typeEXsrSD_8in_widthEERN3hls6streamIT0_10|       pointer|
|p_ZZN4nnet24compute_output_buffer_2dINS_5arrayI8ap_fixedILi16ELi6EL9ap_q_mode5EL9ap_o_mode3ELi0EELj4EEENS1_IS2_ILi39ELi19ELS3_5ELS4_3ELi0EELj1EEE7config6EEvRKT_PAsrT1_6n_chan_12ap_shift_regINSA_10value_typeEXsrSD_8in_widthEERN3hls6streamIT0_9   |   in|   16|     ap_none|   p_ZZN4nnet24compute_output_buffer_2dINS_5arrayI8ap_fixedILi16ELi6EL9ap_q_mode5EL9ap_o_mode3ELi0EELj4EEENS1_IS2_ILi39ELi19ELS3_5ELS4_3ELi0EELj1EEE7config6EEvRKT_PAsrT1_6n_chan_12ap_shift_regINSA_10value_typeEXsrSD_8in_widthEERN3hls6streamIT0_9|       pointer|
|p_ZZN4nnet24compute_output_buffer_2dINS_5arrayI8ap_fixedILi16ELi6EL9ap_q_mode5EL9ap_o_mode3ELi0EELj4EEENS1_IS2_ILi39ELi19ELS3_5ELS4_3ELi0EELj1EEE7config6EEvRKT_PAsrT1_6n_chan_12ap_shift_regINSA_10value_typeEXsrSD_8in_widthEERN3hls6streamIT0_8   |   in|   16|     ap_none|   p_ZZN4nnet24compute_output_buffer_2dINS_5arrayI8ap_fixedILi16ELi6EL9ap_q_mode5EL9ap_o_mode3ELi0EELj4EEENS1_IS2_ILi39ELi19ELS3_5ELS4_3ELi0EELj1EEE7config6EEvRKT_PAsrT1_6n_chan_12ap_shift_regINSA_10value_typeEXsrSD_8in_widthEERN3hls6streamIT0_8|       pointer|
|p_ZZN4nnet24compute_output_buffer_2dINS_5arrayI8ap_fixedILi16ELi6EL9ap_q_mode5EL9ap_o_mode3ELi0EELj4EEENS1_IS2_ILi39ELi19ELS3_5ELS4_3ELi0EELj1EEE7config6EEvRKT_PAsrT1_6n_chan_12ap_shift_regINSA_10value_typeEXsrSD_8in_widthEERN3hls6streamIT0_7   |   in|   16|     ap_none|   p_ZZN4nnet24compute_output_buffer_2dINS_5arrayI8ap_fixedILi16ELi6EL9ap_q_mode5EL9ap_o_mode3ELi0EELj4EEENS1_IS2_ILi39ELi19ELS3_5ELS4_3ELi0EELj1EEE7config6EEvRKT_PAsrT1_6n_chan_12ap_shift_regINSA_10value_typeEXsrSD_8in_widthEERN3hls6streamIT0_7|       pointer|
|p_ZZN4nnet24compute_output_buffer_2dINS_5arrayI8ap_fixedILi16ELi6EL9ap_q_mode5EL9ap_o_mode3ELi0EELj4EEENS1_IS2_ILi39ELi19ELS3_5ELS4_3ELi0EELj1EEE7config6EEvRKT_PAsrT1_6n_chan_12ap_shift_regINSA_10value_typeEXsrSD_8in_widthEERN3hls6streamIT0_6   |   in|   16|     ap_none|   p_ZZN4nnet24compute_output_buffer_2dINS_5arrayI8ap_fixedILi16ELi6EL9ap_q_mode5EL9ap_o_mode3ELi0EELj4EEENS1_IS2_ILi39ELi19ELS3_5ELS4_3ELi0EELj1EEE7config6EEvRKT_PAsrT1_6n_chan_12ap_shift_regINSA_10value_typeEXsrSD_8in_widthEERN3hls6streamIT0_6|       pointer|
|p_ZZN4nnet24compute_output_buffer_2dINS_5arrayI8ap_fixedILi16ELi6EL9ap_q_mode5EL9ap_o_mode3ELi0EELj4EEENS1_IS2_ILi39ELi19ELS3_5ELS4_3ELi0EELj1EEE7config6EEvRKT_PAsrT1_6n_chan_12ap_shift_regINSA_10value_typeEXsrSD_8in_widthEERN3hls6streamIT0_5   |   in|   16|     ap_none|   p_ZZN4nnet24compute_output_buffer_2dINS_5arrayI8ap_fixedILi16ELi6EL9ap_q_mode5EL9ap_o_mode3ELi0EELj4EEENS1_IS2_ILi39ELi19ELS3_5ELS4_3ELi0EELj1EEE7config6EEvRKT_PAsrT1_6n_chan_12ap_shift_regINSA_10value_typeEXsrSD_8in_widthEERN3hls6streamIT0_5|       pointer|
|p_ZZN4nnet24compute_output_buffer_2dINS_5arrayI8ap_fixedILi16ELi6EL9ap_q_mode5EL9ap_o_mode3ELi0EELj4EEENS1_IS2_ILi39ELi19ELS3_5ELS4_3ELi0EELj1EEE7config6EEvRKT_PAsrT1_6n_chan_12ap_shift_regINSA_10value_typeEXsrSD_8in_widthEERN3hls6streamIT0_4   |   in|   16|     ap_none|   p_ZZN4nnet24compute_output_buffer_2dINS_5arrayI8ap_fixedILi16ELi6EL9ap_q_mode5EL9ap_o_mode3ELi0EELj4EEENS1_IS2_ILi39ELi19ELS3_5ELS4_3ELi0EELj1EEE7config6EEvRKT_PAsrT1_6n_chan_12ap_shift_regINSA_10value_typeEXsrSD_8in_widthEERN3hls6streamIT0_4|       pointer|
|p_ZZN4nnet24compute_output_buffer_2dINS_5arrayI8ap_fixedILi16ELi6EL9ap_q_mode5EL9ap_o_mode3ELi0EELj4EEENS1_IS2_ILi39ELi19ELS3_5ELS4_3ELi0EELj1EEE7config6EEvRKT_PAsrT1_6n_chan_12ap_shift_regINSA_10value_typeEXsrSD_8in_widthEERN3hls6streamIT0_3   |   in|   16|     ap_none|   p_ZZN4nnet24compute_output_buffer_2dINS_5arrayI8ap_fixedILi16ELi6EL9ap_q_mode5EL9ap_o_mode3ELi0EELj4EEENS1_IS2_ILi39ELi19ELS3_5ELS4_3ELi0EELj1EEE7config6EEvRKT_PAsrT1_6n_chan_12ap_shift_regINSA_10value_typeEXsrSD_8in_widthEERN3hls6streamIT0_3|       pointer|
|p_ZZN4nnet24compute_output_buffer_2dINS_5arrayI8ap_fixedILi16ELi6EL9ap_q_mode5EL9ap_o_mode3ELi0EELj4EEENS1_IS2_ILi39ELi19ELS3_5ELS4_3ELi0EELj1EEE7config6EEvRKT_PAsrT1_6n_chan_12ap_shift_regINSA_10value_typeEXsrSD_8in_widthEERN3hls6streamIT0_2   |   in|   16|     ap_none|   p_ZZN4nnet24compute_output_buffer_2dINS_5arrayI8ap_fixedILi16ELi6EL9ap_q_mode5EL9ap_o_mode3ELi0EELj4EEENS1_IS2_ILi39ELi19ELS3_5ELS4_3ELi0EELj1EEE7config6EEvRKT_PAsrT1_6n_chan_12ap_shift_regINSA_10value_typeEXsrSD_8in_widthEERN3hls6streamIT0_2|       pointer|
|p_ZZN4nnet24compute_output_buffer_2dINS_5arrayI8ap_fixedILi16ELi6EL9ap_q_mode5EL9ap_o_mode3ELi0EELj4EEENS1_IS2_ILi39ELi19ELS3_5ELS4_3ELi0EELj1EEE7config6EEvRKT_PAsrT1_6n_chan_12ap_shift_regINSA_10value_typeEXsrSD_8in_widthEERN3hls6streamIT0_1   |   in|   16|     ap_none|   p_ZZN4nnet24compute_output_buffer_2dINS_5arrayI8ap_fixedILi16ELi6EL9ap_q_mode5EL9ap_o_mode3ELi0EELj4EEENS1_IS2_ILi39ELi19ELS3_5ELS4_3ELi0EELj1EEE7config6EEvRKT_PAsrT1_6n_chan_12ap_shift_regINSA_10value_typeEXsrSD_8in_widthEERN3hls6streamIT0_1|       pointer|
|p_ZZN4nnet24compute_output_buffer_2dINS_5arrayI8ap_fixedILi16ELi6EL9ap_q_mode5EL9ap_o_mode3ELi0EELj4EEENS1_IS2_ILi39ELi19ELS3_5ELS4_3ELi0EELj1EEE7config6EEvRKT_PAsrT1_6n_chan_12ap_shift_regINSA_10value_typeEXsrSD_8in_widthEERN3hls6streamIT0_s   |   in|   16|     ap_none|   p_ZZN4nnet24compute_output_buffer_2dINS_5arrayI8ap_fixedILi16ELi6EL9ap_q_mode5EL9ap_o_mode3ELi0EELj4EEENS1_IS2_ILi39ELi19ELS3_5ELS4_3ELi0EELj1EEE7config6EEvRKT_PAsrT1_6n_chan_12ap_shift_regINSA_10value_typeEXsrSD_8in_widthEERN3hls6streamIT0_s|       pointer|
+-----------------------------------------------------------------------------------------------------------------------------------------------------------------------------------------------------------------------------------------------------+-----+-----+------------+-----------------------------------------------------------------------------------------------------------------------------------------------------------------------------------------------------------------------------------------------------+--------------+

