INFO-FLOW: Workspace C:/Users/brand/Documents/engs192/zybo-edge-ai/hls/edge_cnn_linear_stream_hls/edge_cnn_linear_stream_prj/solution1 opened at Tue May 26 01:12:14 -0400 2026
Execute       send_msg_by_id INFO @200-1505@%s%s default  vivado 
INFO: [HLS 200-1505] Using default flow_target 'vivado'
Execute       get_config_interface -m_axi_latency 
Execute       get_config_interface -m_axi_alignment_byte_size 
Execute       get_config_interface -m_axi_max_widen_bitwidth 
Execute       get_config_interface -default_interface 
Execute       get_config_rtl -register_reset_num 
Execute     set_part xc7z020clg400-1 
INFO: [HLS 200-1510] Running: set_part xc7z020clg400-1 
Execute       create_platform xc7z020clg400-1 -board  
DBG:HLSDevice: Trying to load device library: C:/Xilinx/Vitis_HLS/2021.2\lib\win64.o\librdi_hlsvwrap.dll
DBG:HLSDevice: first parts/arch.xml in RDI_DATADIR: C:/Xilinx/Vivado/2021.2/data/parts/arch.xml
DBG:HLSDevice: init success
Execute         source C:/Xilinx/Vitis_HLS/2021.2/common/technology/xilinx/DSP48/dsp48.hlp 
Execute         source C:/Xilinx/Vitis_HLS/2021.2/common/technology/xilinx/DSP48/zynq_dsp48e1.hlp 
INFO: [HLS 200-1611] Setting target device to 'xc7z020-clg400-1'
Command       create_platform done; 1.056 sec.
Execute       source C:/Xilinx/Vitis_HLS/2021.2/common/technology/xilinx/common/xilinx.gen 
Execute         source C:/Xilinx/Vitis_HLS/2021.2/common/technology/xilinx/interface/plb46.gen 
Execute         source C:/Xilinx/Vitis_HLS/2021.2/common/technology/xilinx/interface/axi4.gen 
Execute         source C:/Xilinx/Vitis_HLS/2021.2/common/technology/xilinx/interface/nativeAXI4.gen 
Execute           source C:/Xilinx/Vitis_HLS/2021.2/common/technology/xilinx/interface/saxilite.gen 
Execute           source C:/Xilinx/Vitis_HLS/2021.2/common/technology/xilinx/interface/maxi.gen 
Execute         source C:/Xilinx/Vitis_HLS/2021.2/common/technology/xilinx/scripts/xilinxcoregen.gen 
Execute         source C:/Xilinx/Vitis_HLS/2021.2/common/technology/xilinx/interface/XilEDKCoreGen.gen 
Execute         source C:/Xilinx/Vitis_HLS/2021.2/common/technology/xilinx/ip/dds_compiler.gen 
Execute         source C:/Xilinx/Vitis_HLS/2021.2/common/technology/xilinx/ip/util.gen 
Execute         source C:/Xilinx/Vitis_HLS/2021.2/common/technology/xilinx/ip/xfft.gen 
Execute         source C:/Xilinx/Vitis_HLS/2021.2/common/technology/xilinx/ip/xfir.gen 
Execute         source C:/Xilinx/Vitis_HLS/2021.2/common/technology/xilinx/DSP48/dsp48.gen 
Command       ap_source done; 0.119 sec.
Execute       ap_part_info -name xc7z020-clg400-1 -data info 
Execute       config_compile -quiet -complex-mul-dsp=0 
Command     set_part done; 1.202 sec.
Execute     create_clock -period 10 -name default 
INFO: [HLS 200-1510] Running: create_clock -period 10 -name default 
Execute       ap_set_clock -name default -period 10 -default=false 
INFO: [SYN 201-201] Setting up clock 'default' with a period of 10ns.
Execute     csynth_design 
INFO: [HLS 200-1510] Running: csynth_design 
Execute       get_config_compile -effort 
Execute       get_config_compile -enable_clang39 
Execute       get_config_compile -g 
Execute       get_config_compile -hw_syn 
Execute       get_config_compile -ng 
Execute       get_config_compile -opt_fp 
Execute       get_config_compile -skip_cdt 
Execute       get_config_compile -skip_syncheck 
Execute       get_config_compile -skip_transform 
Execute       get_config_compile -pre_tcl 
Execute       get_config_compile -keep_printf 
Execute       elaborate -effort=medium -skip_syncheck=0 -keep_printf=0 -skip_cdt=0 -skip_transform=0 -ng=0 -g=0 -opt_fp=0 -from_csynth_design=1 
INFO: [HLS 200-111] Finished File checks and directory preparation: CPU user time: 0 seconds. CPU system time: 0 seconds. Elapsed time: 0.028 seconds; current allocated memory: 1.162 GB.
INFO: [HLS 200-10] Analyzing design file 'firmware/edge_cnn_linear.cpp' ... 
INFO-FLOW: Compiling one TU...
Execute         get_config_compile -pragma_strict_mode 
INFO-FLOW: Handling firmware/edge_cnn_linear.cpp as C++
Execute         ap_part_info -name xc7z020-clg400-1 -data info 
INFO-FLOW: Running: GCC PP 39
INFO-FLOW: Source preprocessing
Execute         ap_eval exec -ignorestderr C:/Xilinx/Vitis_HLS/2021.2/win64/tools/clang-3.9-csynth/bin/clang firmware/edge_cnn_linear.cpp -foptimization-record-file=C:/Users/brand/Documents/engs192/zybo-edge-ai/hls/edge_cnn_linear_stream_hls/edge_cnn_linear_stream_prj/solution1/.autopilot/db/edge_cnn_linear.cpp.clang.diag.yml -mllvm -pass-remarks-missed=reflow|pasta|unroll -mllvm -pass-remarks=reflow|pasta|unroll|inline -fno-limit-debug-info --sysroot C:/Xilinx/Vitis_HLS/2021.2/tps/mingw/6.2.0/win64.o/nt -fhls -fno-exceptions -E -std=c++11 -Ifirmware -fno-math-errno -c -emit-llvm -mllvm -disable-llvm-optzns -Werror=implicit-function-declaration -Werror=implicit-hls-streams -Werror=return-type -Wpragmas -Wunused-parameter -Wdump-hls-pragmas -fno-threadsafe-statics -fno-use-cxa-atexit -target fpga64-xilinx-mingw32 -fno-threadsafe-statics -fno-use-cxa-atexit -D__VITIS_HLS__ -DAESL_SYN -D__SYNTHESIS__ -D__HLS_SYN__ -I C:/Xilinx/Vitis_HLS/2021.2/common/technology/autopilot -I C:/Xilinx/Vitis_HLS/2021.2/common/technology/autopilot/ap_sysc -include etc/autopilot_ssdm_op.h -D__DSP48E1__ -I /usr/include/x86_64-linux-gnu -o C:/Users/brand/Documents/engs192/zybo-edge-ai/hls/edge_cnn_linear_stream_hls/edge_cnn_linear_stream_prj/solution1/.autopilot/db/edge_cnn_linear.pp.0.cpp -hls-platform-db-name=C:/Xilinx/Vitis_HLS/2021.2/common/technology/xilinx/common/platform.db -hls-platform-name=zynq_slow > C:/Users/brand/Documents/engs192/zybo-edge-ai/hls/edge_cnn_linear_stream_hls/edge_cnn_linear_stream_prj/solution1/.autopilot/db/edge_cnn_linear.cpp.clang.out.log 2> C:/Users/brand/Documents/engs192/zybo-edge-ai/hls/edge_cnn_linear_stream_hls/edge_cnn_linear_stream_prj/solution1/.autopilot/db/edge_cnn_linear.cpp.clang.err.log 
Command         ap_eval done; 0.289 sec.
INFO-FLOW: Done: GCC PP 39 time: 0.3 seconds per iteration
Execute         set_directive_top edge_cnn_linear -name=edge_cnn_linear 
Execute         source C:/Xilinx/Vitis_HLS/2021.2/tps/tcl/tcllib1.11.1/yaml/huddle.tcl 
Execute         source C:/Xilinx/Vitis_HLS/2021.2/tps/tcl/tcllib1.11.1/yaml/json2huddle.tcl 
Execute           source C:/Xilinx/Vitis_HLS/2021.2/tps/tcl/tcllib1.11.1/try/try.tcl 
Execute         list_core -type functional_unit 
INFO-FLOW: Source syntax check for synthesis
Execute         ap_eval exec -ignorestderr C:/Xilinx/Vitis_HLS/2021.2/win64/tools/clang-3.9-csynth/bin/clang -foptimization-record-file=C:/Users/brand/Documents/engs192/zybo-edge-ai/hls/edge_cnn_linear_stream_hls/edge_cnn_linear_stream_prj/solution1/.autopilot/db/clang.diag.yml -mllvm -pass-remarks-missed=reflow|pasta|unroll -mllvm -pass-remarks=reflow|pasta|unroll|inline -fsyntax-only -fhls -target fpga64-xilinx-linux-gnu C:/Users/brand/Documents/engs192/zybo-edge-ai/hls/edge_cnn_linear_stream_hls/edge_cnn_linear_stream_prj/solution1/.autopilot/db/edge_cnn_linear.pp.0.cpp -hls-platform-db-name=C:/Xilinx/Vitis_HLS/2021.2/common/technology/xilinx/common/platform.db -hls-platform-name=zynq_slow > C:/Users/brand/Documents/engs192/zybo-edge-ai/hls/edge_cnn_linear_stream_hls/edge_cnn_linear_stream_prj/solution1/.autopilot/db/clang.out.log 2> C:/Users/brand/Documents/engs192/zybo-edge-ai/hls/edge_cnn_linear_stream_hls/edge_cnn_linear_stream_prj/solution1/.autopilot/db/clang.err.log 
Command         ap_eval done; 0.991 sec.
WARNING: [HLS 207-5551] unexpected pragma argument 'instances', expects function/operation (firmware/nnet_utils/nnet_activation.h:402:24)
WARNING: [HLS 207-5523] 'Resource pragma' is deprecated, use 'bind_op/bind_storage pragma' instead (firmware/nnet_utils/nnet_dense_resource.h:33:9)
WARNING: [HLS 207-5523] 'Resource pragma' is deprecated, use 'bind_op/bind_storage pragma' instead (firmware/nnet_utils/nnet_dense_resource.h:107:9)
WARNING: [HLS 207-5523] 'Resource pragma' is deprecated, use 'bind_op/bind_storage pragma' instead (firmware/nnet_utils/nnet_dense_resource.h:189:9)
WARNING: [HLS 207-5524] 'region' in '#pragma HLS Inline' is deprecated, use 'Inline Pragma' instead (firmware/nnet_utils/nnet_conv2d.h:48:26)
WARNING: [HLS 207-5524] 'region' in '#pragma HLS Inline' is deprecated, use 'Inline Pragma' instead (firmware/nnet_utils/nnet_conv2d.h:66:26)
WARNING: [HLS 207-5551] unexpected pragma argument 'instances', expects function/operation (firmware/nnet_utils/nnet_conv2d_stream.h:80:24)
WARNING: [HLS 207-5551] unexpected pragma argument 'instances', expects function/operation (firmware/nnet_utils/nnet_conv2d_stream.h:81:24)
WARNING: [HLS 207-5556] Only for/while/do support the pipeline  pragma (firmware/nnet_utils/nnet_conv2d_stream.h:90:9)
WARNING: [HLS 207-5556] Only for/while/do support the pipeline  pragma (firmware/nnet_utils/nnet_conv2d_stream.h:58:9)
Execute         clang_tidy xilinx-systemc-detector -desc systemc-detector C:/Users/brand/Documents/engs192/zybo-edge-ai/hls/edge_cnn_linear_stream_hls/edge_cnn_linear_stream_prj/solution1/.autopilot/db/edge_cnn_linear.pp.0.cpp std=c++11 -target fpga  -directive=C:/Users/brand/Documents/engs192/zybo-edge-ai/hls/edge_cnn_linear_stream_hls/edge_cnn_linear_stream_prj/solution1/.autopilot/db/.systemc_flag 
INFO-FLOW: exec C:/Xilinx/Vitis_HLS/2021.2/win64/tools/clang-3.9-csynth/bin/clang-tidy -header-filter=.* --checks=-*,xilinx-systemc-detector -import-directive=C:/Users/brand/Documents/engs192/zybo-edge-ai/hls/edge_cnn_linear_stream_hls/edge_cnn_linear_stream_prj/solution1/.autopilot/db/.systemc_flag -fix-errors C:/Users/brand/Documents/engs192/zybo-edge-ai/hls/edge_cnn_linear_stream_hls/edge_cnn_linear_stream_prj/solution1/.autopilot/db/edge_cnn_linear.pp.0.cpp -- -std=c++11 -target fpga -fhls -ferror-limit=0
Command         clang_tidy done; 0.854 sec.
INFO-FLOW: Running: clang-tidy CDT preprocess 39
Execute         clang_tidy xilinx-directive2pragma -desc directive2pragma C:/Users/brand/Documents/engs192/zybo-edge-ai/hls/edge_cnn_linear_stream_hls/edge_cnn_linear_stream_prj/solution1/.autopilot/db/edge_cnn_linear.pp.0.cpp std=c++11 -target fpga  -directive=C:/Users/brand/Documents/engs192/zybo-edge-ai/hls/edge_cnn_linear_stream_hls/edge_cnn_linear_stream_prj/solution1/.autopilot/db/all.directive.json 
INFO-FLOW: exec C:/Xilinx/Vitis_HLS/2021.2/win64/tools/clang-3.9-csynth/bin/clang-tidy -header-filter=.* --checks=-*,xilinx-directive2pragma -import-directive=C:/Users/brand/Documents/engs192/zybo-edge-ai/hls/edge_cnn_linear_stream_hls/edge_cnn_linear_stream_prj/solution1/.autopilot/db/all.directive.json -fix-errors C:/Users/brand/Documents/engs192/zybo-edge-ai/hls/edge_cnn_linear_stream_hls/edge_cnn_linear_stream_prj/solution1/.autopilot/db/edge_cnn_linear.pp.0.cpp -- -std=c++11 -target fpga -fhls -ferror-limit=0
Command         clang_tidy done; 1.309 sec.
Execute         clang_tidy xilinx-constantarray-param,xilinx-remove-assert -desc constantarray_remove-assert C:/Users/brand/Documents/engs192/zybo-edge-ai/hls/edge_cnn_linear_stream_hls/edge_cnn_linear_stream_prj/solution1/.autopilot/db/edge_cnn_linear.pp.0.cpp std=c++11 -target fpga  
INFO-FLOW: exec C:/Xilinx/Vitis_HLS/2021.2/win64/tools/clang-3.9-csynth/bin/clang-tidy -header-filter=.* --checks=-*,xilinx-constantarray-param,xilinx-remove-assert -fix-errors C:/Users/brand/Documents/engs192/zybo-edge-ai/hls/edge_cnn_linear_stream_hls/edge_cnn_linear_stream_prj/solution1/.autopilot/db/edge_cnn_linear.pp.0.cpp -- -std=c++11 -target fpga -fhls -ferror-limit=0
Command         clang_tidy done; 1.009 sec.
INFO-FLOW: Done: clang-tidy CDT preprocess 39 time: 2.3 seconds per iteration
INFO-FLOW: Calling xilinx-label-all-loops ... 
INFO-FLOW: Calling xilinx-aggregate-on-hls-vector ... 
Execute         clang_tidy -errorcheck -desc loop-label xilinx-label-all-loops,xilinx-aggregate-on-hls-vector,,xilinx-warn-mayneed-no-ctor-attribute C:/Users/brand/Documents/engs192/zybo-edge-ai/hls/edge_cnn_linear_stream_hls/edge_cnn_linear_stream_prj/solution1/.autopilot/db/edge_cnn_linear.pp.0.cpp std=c++11 -target fpga  
Execute           ap_eval exec -ignorestderr C:/Xilinx/Vitis_HLS/2021.2/win64/tools/clang-3.9-csynth/bin/clang-tidy -export-fixes=C:/Users/brand/Documents/engs192/zybo-edge-ai/hls/edge_cnn_linear_stream_hls/edge_cnn_linear_stream_prj/solution1/.autopilot/db/edge_cnn_linear.pp.0.cpp.clang-tidy.loop-label.diag.yml -header-filter=.* --checks=-*,xilinx-label-all-loops,xilinx-aggregate-on-hls-vector,,xilinx-warn-mayneed-no-ctor-attribute -fix-errors C:/Users/brand/Documents/engs192/zybo-edge-ai/hls/edge_cnn_linear_stream_hls/edge_cnn_linear_stream_prj/solution1/.autopilot/db/edge_cnn_linear.pp.0.cpp -- -std=c++11 -target fpga -fhls -ferror-limit=0 > C:/Users/brand/Documents/engs192/zybo-edge-ai/hls/edge_cnn_linear_stream_hls/edge_cnn_linear_stream_prj/solution1/.autopilot/db/edge_cnn_linear.pp.0.cpp.clang-tidy.loop-label.out.log 2> C:/Users/brand/Documents/engs192/zybo-edge-ai/hls/edge_cnn_linear_stream_hls/edge_cnn_linear_stream_prj/solution1/.autopilot/db/edge_cnn_linear.pp.0.cpp.clang-tidy.loop-label.err.log 
Command           ap_eval done; 2.327 sec.
Execute           source C:/Xilinx/Vitis_HLS/2021.2/tps/tcl/tcllib1.11.1/yaml/yaml.tcl 
Command         clang_tidy done; 2.647 sec.
Execute         get_config_dataflow -strict_mode 
Execute         ap_eval exec -ignorestderr C:/Xilinx/Vitis_HLS/2021.2/win64/tools/clang-3.9-csynth/bin/xilinx-dataflow-lawyer -export-fixes=C:/Users/brand/Documents/engs192/zybo-edge-ai/hls/edge_cnn_linear_stream_hls/edge_cnn_linear_stream_prj/solution1/.autopilot/db/edge_cnn_linear.pp.0.cpp.xilinx-dataflow-lawyer.diag.yml C:/Users/brand/Documents/engs192/zybo-edge-ai/hls/edge_cnn_linear_stream_hls/edge_cnn_linear_stream_prj/solution1/.autopilot/db/edge_cnn_linear.pp.0.cpp -- -std=c++11 -target fpga -fhls -ferror-limit=0 -fstrict-dataflow > C:/Users/brand/Documents/engs192/zybo-edge-ai/hls/edge_cnn_linear_stream_hls/edge_cnn_linear_stream_prj/solution1/.autopilot/db/edge_cnn_linear.pp.0.cpp.xilinx-dataflow-lawyer.out.log 2> C:/Users/brand/Documents/engs192/zybo-edge-ai/hls/edge_cnn_linear_stream_hls/edge_cnn_linear_stream_prj/solution1/.autopilot/db/edge_cnn_linear.pp.0.cpp.xilinx-dataflow-lawyer.err.log 
Command         ap_eval done; 1.016 sec.
WARNING: [HLS 214-113] Either use an argument of the function or declare the variable inside the dataflow loop body (firmware/edge_cnn_linear.cpp:57:81)
WARNING: [HLS 214-113] Either use an argument of the function or declare the variable inside the dataflow loop body (firmware/edge_cnn_linear.cpp:57:85)
WARNING: [HLS 214-113] Either use an argument of the function or declare the variable inside the dataflow loop body (firmware/edge_cnn_linear.cpp:63:81)
WARNING: [HLS 214-113] Either use an argument of the function or declare the variable inside the dataflow loop body (firmware/edge_cnn_linear.cpp:63:85)
WARNING: [HLS 214-113] Either use an argument of the function or declare the variable inside the dataflow loop body (firmware/edge_cnn_linear.cpp:69:75)
WARNING: [HLS 214-113] Either use an argument of the function or declare the variable inside the dataflow loop body (firmware/edge_cnn_linear.cpp:69:79)
Execute         send_msg_by_id WARNING @200-471@%s%s 6 firmware/edge_cnn_linear.cpp 
WARNING: [HLS 200-471] Dataflow form checks found 6 issue(s) in file firmware/edge_cnn_linear.cpp
Execute         ap_part_info -name xc7z020-clg400-1 -data info 
INFO-FLOW: compiling source code to llvm bc
Execute         ap_eval exec -ignorestderr C:/Xilinx/Vitis_HLS/2021.2/win64/tools/clang-3.9-csynth/bin/clang -foptimization-record-file=C:/Users/brand/Documents/engs192/zybo-edge-ai/hls/edge_cnn_linear_stream_hls/edge_cnn_linear_stream_prj/solution1/.autopilot/db/edge_cnn_linear.pp.0.cpp.clang.diag.yml -mllvm -pass-remarks-missed=reflow|pasta|unroll -mllvm -pass-remarks=reflow|pasta|unroll|inline -fno-limit-debug-info -fhls -flto -fno-exceptions -Wno-error=c++11-narrowing C:/Users/brand/Documents/engs192/zybo-edge-ai/hls/edge_cnn_linear_stream_hls/edge_cnn_linear_stream_prj/solution1/.autopilot/db/edge_cnn_linear.pp.0.cpp -std=c++11 -Ifirmware -fno-math-errno -c -emit-llvm -mllvm -disable-llvm-optzns -Werror=implicit-function-declaration -Werror=implicit-hls-streams -Werror=return-type -Wpragmas -Wunused-parameter -Wdump-hls-pragmas -fno-threadsafe-statics -fno-use-cxa-atexit -target fpga64-xilinx-linux-gnu -D__VITIS_HLS__ -DAESL_SYN -D__SYNTHESIS__ -D__HLS_SYN__ -I C:/Xilinx/Vitis_HLS/2021.2/common/technology/autopilot -I C:/Xilinx/Vitis_HLS/2021.2/common/technology/autopilot/ap_sysc -include etc/autopilot_ssdm_op.h -D__DSP48E1__ -g -o C:/Users/brand/Documents/engs192/zybo-edge-ai/hls/edge_cnn_linear_stream_hls/edge_cnn_linear_stream_prj/solution1/.autopilot/db/edge_cnn_linear.bc -hls-platform-db-name=C:/Xilinx/Vitis_HLS/2021.2/common/technology/xilinx/common/platform.db -hls-platform-name=zynq_slow > C:/Users/brand/Documents/engs192/zybo-edge-ai/hls/edge_cnn_linear_stream_hls/edge_cnn_linear_stream_prj/solution1/.autopilot/db/edge_cnn_linear.pp.0.cpp.clang.out.log 2> C:/Users/brand/Documents/engs192/zybo-edge-ai/hls/edge_cnn_linear_stream_hls/edge_cnn_linear_stream_prj/solution1/.autopilot/db/edge_cnn_linear.pp.0.cpp.clang.err.log 
Command         ap_eval done; 1.021 sec.
WARNING: [HLS 207-5287] unused parameter 'keep' (firmware/nnet_utils/nnet_helpers.h:285:99)
WARNING: [HLS 207-5287] unused parameter 'data' (firmware/nnet_utils/nnet_function_stubs.h:14:36)
WARNING: [HLS 207-5287] unused parameter 'buffer' (firmware/nnet_utils/nnet_function_stubs.h:15:36)
WARNING: [HLS 207-5287] unused parameter 'partition' (firmware/nnet_utils/nnet_function_stubs.h:16:44)
WARNING: [HLS 207-5287] unused parameter 'data' (firmware/nnet_utils/nnet_function_stubs.h:24:24)
WARNING: [HLS 207-5287] unused parameter 'buffer' (firmware/nnet_utils/nnet_function_stubs.h:25:24)
WARNING: [HLS 207-5287] unused parameter 'partition' (firmware/nnet_utils/nnet_function_stubs.h:26:32)
WARNING: [HLS 207-5287] unused parameter 'data' (firmware/nnet_utils/nnet_function_stubs.h:33:30)
WARNING: [HLS 207-5287] unused parameter 'res' (firmware/nnet_utils/nnet_function_stubs.h:33:58)
WARNING: [HLS 207-5287] unused parameter 'weights' (firmware/nnet_utils/nnet_function_stubs.h:34:51)
WARNING: [HLS 207-5287] unused parameter 'biases' (firmware/nnet_utils/nnet_function_stubs.h:35:49)
WARNING: [HLS 207-5287] unused parameter 'data' (firmware/nnet_utils/nnet_function_stubs.h:42:30)
WARNING: [HLS 207-5287] unused parameter 'res' (firmware/nnet_utils/nnet_function_stubs.h:42:58)
WARNING: [HLS 207-5287] unused parameter 'weights' (firmware/nnet_utils/nnet_function_stubs.h:43:51)
WARNING: [HLS 207-5287] unused parameter 'biases' (firmware/nnet_utils/nnet_function_stubs.h:44:49)
WARNING: [HLS 207-5287] unused parameter 'data' (firmware/nnet_utils/nnet_function_stubs.h:51:29)
WARNING: [HLS 207-5287] unused parameter 'res' (firmware/nnet_utils/nnet_function_stubs.h:51:80)
WARNING: [HLS 207-5287] unused parameter 'weights' (firmware/nnet_utils/nnet_function_stubs.h:52:50)
WARNING: [HLS 207-5287] unused parameter 'biases' (firmware/nnet_utils/nnet_function_stubs.h:53:48)
WARNING: [HLS 207-5287] unused parameter 'data' (firmware/nnet_utils/nnet_code_gen.h:16:39)
WARNING: [HLS 207-5287] unused parameter 'res' (firmware/nnet_utils/nnet_code_gen.h:17:38)
WARNING: [HLS 207-5287] unused parameter 'weights' (firmware/nnet_utils/nnet_code_gen.h:18:60)
WARNING: [HLS 207-5287] unused parameter 'biases' (firmware/nnet_utils/nnet_code_gen.h:19:58)
INFO: [HLS 200-111] Finished Source Code Analysis and Preprocessing: CPU user time: 2 seconds. CPU system time: 0 seconds. Elapsed time: 10.218 seconds; current allocated memory: 1.162 GB.
INFO-FLOW: Linking Debug ...
INFO-FLOW: Linking dut bc code.
Execute         run_link_or_opt -out C:/Users/brand/Documents/engs192/zybo-edge-ai/hls/edge_cnn_linear_stream_hls/edge_cnn_linear_stream_prj/solution1/.autopilot/db/a.g.ld.0.bc -args  "C:/Users/brand/Documents/engs192/zybo-edge-ai/hls/edge_cnn_linear_stream_hls/edge_cnn_linear_stream_prj/solution1/.autopilot/db/edge_cnn_linear.g.bc"  
Execute           ap_eval exec -ignorestderr C:/Xilinx/Vitis_HLS/2021.2/win64/tools/clang-3.9-csynth/bin/llvm-link C:/Users/brand/Documents/engs192/zybo-edge-ai/hls/edge_cnn_linear_stream_hls/edge_cnn_linear_stream_prj/solution1/.autopilot/db/edge_cnn_linear.g.bc -o C:/Users/brand/Documents/engs192/zybo-edge-ai/hls/edge_cnn_linear_stream_hls/edge_cnn_linear_stream_prj/solution1/.autopilot/db/a.g.ld.0.bc > C:/Users/brand/Documents/engs192/zybo-edge-ai/hls/edge_cnn_linear_stream_hls/edge_cnn_linear_stream_prj/solution1/.autopilot/db/a.g.ld.0.bc.llvm-link.out.log 2> C:/Users/brand/Documents/engs192/zybo-edge-ai/hls/edge_cnn_linear_stream_hls/edge_cnn_linear_stream_prj/solution1/.autopilot/db/a.g.ld.0.bc.llvm-link.err.log 
INFO-FLOW: 
Execute         run_link_or_opt -opt -out C:/Users/brand/Documents/engs192/zybo-edge-ai/hls/edge_cnn_linear_stream_hls/edge_cnn_linear_stream_prj/solution1/.autopilot/db/a.g.ld.1.lower.bc -args C:/Users/brand/Documents/engs192/zybo-edge-ai/hls/edge_cnn_linear_stream_hls/edge_cnn_linear_stream_prj/solution1/.autopilot/db/a.g.ld.0.bc -reflow-lower-math-intrinsics 
Execute           ap_eval exec -ignorestderr C:/Xilinx/Vitis_HLS/2021.2/win64/tools/clang-3.9-csynth/bin/opt -pass-remarks-missed=reflow|pasta|unroll -pass-remarks=reflow|pasta|unroll|inline -pass-remarks-output=C:/Users/brand/Documents/engs192/zybo-edge-ai/hls/edge_cnn_linear_stream_hls/edge_cnn_linear_stream_prj/solution1/.autopilot/db/a.g.ld.1.lower.bc.opt.diag.yml C:/Users/brand/Documents/engs192/zybo-edge-ai/hls/edge_cnn_linear_stream_hls/edge_cnn_linear_stream_prj/solution1/.autopilot/db/a.g.ld.0.bc -reflow-lower-math-intrinsics -o C:/Users/brand/Documents/engs192/zybo-edge-ai/hls/edge_cnn_linear_stream_hls/edge_cnn_linear_stream_prj/solution1/.autopilot/db/a.g.ld.1.lower.bc > C:/Users/brand/Documents/engs192/zybo-edge-ai/hls/edge_cnn_linear_stream_hls/edge_cnn_linear_stream_prj/solution1/.autopilot/db/a.g.ld.1.lower.bc.opt.out.log 2> C:/Users/brand/Documents/engs192/zybo-edge-ai/hls/edge_cnn_linear_stream_hls/edge_cnn_linear_stream_prj/solution1/.autopilot/db/a.g.ld.1.lower.bc.opt.err.log 
Command           ap_eval done; 0.154 sec.
INFO-FLOW: 
Command         run_link_or_opt done; 0.157 sec.
INFO-FLOW: Linking math bc lib
Execute         run_link_or_opt -out C:/Users/brand/Documents/engs192/zybo-edge-ai/hls/edge_cnn_linear_stream_hls/edge_cnn_linear_stream_prj/solution1/.autopilot/db/a.g.ld.2.m1.bc -args C:/Users/brand/Documents/engs192/zybo-edge-ai/hls/edge_cnn_linear_stream_hls/edge_cnn_linear_stream_prj/solution1/.autopilot/db/a.g.ld.1.lower.bc -only-needed C:/Xilinx/Vitis_HLS/2021.2/win64/lib/libhlsm_39.bc C:/Xilinx/Vitis_HLS/2021.2/win64/lib/libhlsmc++_39.bc 
Execute           ap_eval exec -ignorestderr C:/Xilinx/Vitis_HLS/2021.2/win64/tools/clang-3.9-csynth/bin/llvm-link C:/Users/brand/Documents/engs192/zybo-edge-ai/hls/edge_cnn_linear_stream_hls/edge_cnn_linear_stream_prj/solution1/.autopilot/db/a.g.ld.1.lower.bc -only-needed C:/Xilinx/Vitis_HLS/2021.2/win64/lib/libhlsm_39.bc C:/Xilinx/Vitis_HLS/2021.2/win64/lib/libhlsmc++_39.bc -o C:/Users/brand/Documents/engs192/zybo-edge-ai/hls/edge_cnn_linear_stream_hls/edge_cnn_linear_stream_prj/solution1/.autopilot/db/a.g.ld.2.m1.bc > C:/Users/brand/Documents/engs192/zybo-edge-ai/hls/edge_cnn_linear_stream_hls/edge_cnn_linear_stream_prj/solution1/.autopilot/db/a.g.ld.2.m1.bc.llvm-link.out.log 2> C:/Users/brand/Documents/engs192/zybo-edge-ai/hls/edge_cnn_linear_stream_hls/edge_cnn_linear_stream_prj/solution1/.autopilot/db/a.g.ld.2.m1.bc.llvm-link.err.log 
Command           ap_eval done; 2.655 sec.
INFO-FLOW: 
Command         run_link_or_opt done; 2.656 sec.
Execute         run_link_or_opt -opt -out C:/Users/brand/Documents/engs192/zybo-edge-ai/hls/edge_cnn_linear_stream_hls/edge_cnn_linear_stream_prj/solution1/.autopilot/db/a.g.ld.3.fpc.bc -args C:/Users/brand/Documents/engs192/zybo-edge-ai/hls/edge_cnn_linear_stream_hls/edge_cnn_linear_stream_prj/solution1/.autopilot/db/a.g.ld.2.m1.bc -reflow-globaldce -hls-top-function-name=edge_cnn_linear -reflow-float-conversion 
Execute           ap_eval exec -ignorestderr C:/Xilinx/Vitis_HLS/2021.2/win64/tools/clang-3.9-csynth/bin/opt -pass-remarks-missed=reflow|pasta|unroll -pass-remarks=reflow|pasta|unroll|inline -pass-remarks-output=C:/Users/brand/Documents/engs192/zybo-edge-ai/hls/edge_cnn_linear_stream_hls/edge_cnn_linear_stream_prj/solution1/.autopilot/db/a.g.ld.3.fpc.bc.opt.diag.yml C:/Users/brand/Documents/engs192/zybo-edge-ai/hls/edge_cnn_linear_stream_hls/edge_cnn_linear_stream_prj/solution1/.autopilot/db/a.g.ld.2.m1.bc -reflow-globaldce -hls-top-function-name=edge_cnn_linear -reflow-float-conversion -o C:/Users/brand/Documents/engs192/zybo-edge-ai/hls/edge_cnn_linear_stream_hls/edge_cnn_linear_stream_prj/solution1/.autopilot/db/a.g.ld.3.fpc.bc > C:/Users/brand/Documents/engs192/zybo-edge-ai/hls/edge_cnn_linear_stream_hls/edge_cnn_linear_stream_prj/solution1/.autopilot/db/a.g.ld.3.fpc.bc.opt.out.log 2> C:/Users/brand/Documents/engs192/zybo-edge-ai/hls/edge_cnn_linear_stream_hls/edge_cnn_linear_stream_prj/solution1/.autopilot/db/a.g.ld.3.fpc.bc.opt.err.log 
Command           ap_eval done; 0.936 sec.
INFO-FLOW: 
Command         run_link_or_opt done; 0.939 sec.
Execute         run_link_or_opt -out C:/Users/brand/Documents/engs192/zybo-edge-ai/hls/edge_cnn_linear_stream_hls/edge_cnn_linear_stream_prj/solution1/.autopilot/db/a.g.ld.4.m2.bc -args C:/Users/brand/Documents/engs192/zybo-edge-ai/hls/edge_cnn_linear_stream_hls/edge_cnn_linear_stream_prj/solution1/.autopilot/db/a.g.ld.3.fpc.bc -only-needed C:/Xilinx/Vitis_HLS/2021.2/win64/lib/libfloatconversion_39.bc 
Execute           ap_eval exec -ignorestderr C:/Xilinx/Vitis_HLS/2021.2/win64/tools/clang-3.9-csynth/bin/llvm-link C:/Users/brand/Documents/engs192/zybo-edge-ai/hls/edge_cnn_linear_stream_hls/edge_cnn_linear_stream_prj/solution1/.autopilot/db/a.g.ld.3.fpc.bc -only-needed C:/Xilinx/Vitis_HLS/2021.2/win64/lib/libfloatconversion_39.bc -o C:/Users/brand/Documents/engs192/zybo-edge-ai/hls/edge_cnn_linear_stream_hls/edge_cnn_linear_stream_prj/solution1/.autopilot/db/a.g.ld.4.m2.bc > C:/Users/brand/Documents/engs192/zybo-edge-ai/hls/edge_cnn_linear_stream_hls/edge_cnn_linear_stream_prj/solution1/.autopilot/db/a.g.ld.4.m2.bc.llvm-link.out.log 2> C:/Users/brand/Documents/engs192/zybo-edge-ai/hls/edge_cnn_linear_stream_hls/edge_cnn_linear_stream_prj/solution1/.autopilot/db/a.g.ld.4.m2.bc.llvm-link.err.log 
Command           ap_eval done; 0.127 sec.
INFO-FLOW: 
Command         run_link_or_opt done; 0.13 sec.
Execute         run_link_or_opt -opt -out C:/Users/brand/Documents/engs192/zybo-edge-ai/hls/edge_cnn_linear_stream_hls/edge_cnn_linear_stream_prj/solution1/.autopilot/db/a.g.ld.5.gdce.bc -args C:/Users/brand/Documents/engs192/zybo-edge-ai/hls/edge_cnn_linear_stream_hls/edge_cnn_linear_stream_prj/solution1/.autopilot/db/a.g.ld.4.m2.bc -reflow-globaldce -hls-top-function-name=edge_cnn_linear 
Execute           ap_eval exec -ignorestderr C:/Xilinx/Vitis_HLS/2021.2/win64/tools/clang-3.9-csynth/bin/opt -pass-remarks-missed=reflow|pasta|unroll -pass-remarks=reflow|pasta|unroll|inline -pass-remarks-output=C:/Users/brand/Documents/engs192/zybo-edge-ai/hls/edge_cnn_linear_stream_hls/edge_cnn_linear_stream_prj/solution1/.autopilot/db/a.g.ld.5.gdce.bc.opt.diag.yml C:/Users/brand/Documents/engs192/zybo-edge-ai/hls/edge_cnn_linear_stream_hls/edge_cnn_linear_stream_prj/solution1/.autopilot/db/a.g.ld.4.m2.bc -reflow-globaldce -hls-top-function-name=edge_cnn_linear -o C:/Users/brand/Documents/engs192/zybo-edge-ai/hls/edge_cnn_linear_stream_hls/edge_cnn_linear_stream_prj/solution1/.autopilot/db/a.g.ld.5.gdce.bc > C:/Users/brand/Documents/engs192/zybo-edge-ai/hls/edge_cnn_linear_stream_hls/edge_cnn_linear_stream_prj/solution1/.autopilot/db/a.g.ld.5.gdce.bc.opt.out.log 2> C:/Users/brand/Documents/engs192/zybo-edge-ai/hls/edge_cnn_linear_stream_hls/edge_cnn_linear_stream_prj/solution1/.autopilot/db/a.g.ld.5.gdce.bc.opt.err.log 
INFO-FLOW: 
Execute         get_solution -flow_target 
Execute         get_config_export -xo 
Execute         get_config_export -format 
Execute         get_config_rtl -module_prefix 
Execute         get_config_interface -default_slave_interface 
Execute         get_solution -flow_target 
Execute         get_config_export -xo 
Execute         get_config_export -format 
Execute         get_config_interface -m_axi_offset 
Execute         get_config_interface -m_axi_latency 
Execute         get_config_interface -m_axi_alignment_byte_size 
Execute         get_config_interface -m_axi_min_bitwidth 
Execute         get_config_interface -m_axi_max_bitwidth 
Execute         get_config_interface -m_axi_max_widen_bitwidth 
Execute         get_config_interface -m_axi_num_read_outstanding 
Execute         get_config_interface -m_axi_num_write_outstanding 
Execute         get_config_interface -m_axi_max_read_burst_length 
Execute         get_config_interface -m_axi_max_write_burst_length 
Execute         get_config_interface -m_axi_min_bitwidth 
Execute         get_config_interface -m_axi_max_bitwidth 
Execute         get_config_interface -m_axi_latency 
Execute         get_config_interface -m_axi_min_bitwidth 
Execute         get_config_interface -m_axi_max_bitwidth 
Execute         get_config_interface -m_axi_max_widen_bitwidth 
Execute         get_config_interface -m_axi_auto_max_ports 
Execute         get_config_interface -m_axi_num_read_outstanding 
Execute         get_config_interface -m_axi_num_write_outstanding 
Execute         get_config_interface -m_axi_max_read_burst_length 
Execute         get_config_interface -m_axi_max_write_burst_length 
Execute         get_config_interface -s_axilite_data64 
Execute         get_config_compile -instruction_warning_threshold 
Execute         get_config_interface -m_axi_alignment_byte_size 
Execute         get_config_compile -pragma_strict_mode 
Execute         get_config_compile -pipeline_style 
Execute         get_config_array_partition -throughput_driven 
Execute         send_msg_by_id INFO @200-777@%s Vivado 
INFO: [HLS 200-777] Using interface defaults for 'Vivado' flow target.
Execute         is_m_axi_addr64 
INFO-FLOW: Doing LTO.
Execute         ap_eval exec -ignorestderr C:/Xilinx/Vitis_HLS/2021.2/win64/tools/clang-3.9-csynth/bin/clang -foptimization-record-file=C:/Users/brand/Documents/engs192/zybo-edge-ai/hls/edge_cnn_linear_stream_hls/edge_cnn_linear_stream_prj/solution1/.autopilot/db/a.g.ld.0.bc.clang.diag.yml -mllvm -pass-remarks-missed=reflow|pasta|unroll -mllvm -pass-remarks=reflow|pasta|unroll|inline -fhls -mllvm -hls-top-function-name=edge_cnn_linear -mllvm -hls-db-dir -mllvm C:/Users/brand/Documents/engs192/zybo-edge-ai/hls/edge_cnn_linear_stream_hls/edge_cnn_linear_stream_prj/solution1/.autopilot/db -emit-llvm -c -target fpga64-xilinx-none -mllvm -xcl-xmlinfo=C:/Users/brand/Documents/engs192/zybo-edge-ai/hls/edge_cnn_linear_stream_hls/edge_cnn_linear_stream_prj/solution1/.autopilot/db/kernel.internal.xml -mllvm -top-io-mapping-info=C:/Users/brand/Documents/engs192/zybo-edge-ai/hls/edge_cnn_linear_stream_hls/edge_cnn_linear_stream_prj/solution1/.autopilot/db/top-io-fe.xml -mllvm -hls-bitcode-version=3.1 -mllvm -reflow-enable-slave-interface-default-setting=true -mllvm -gen-kernel-xml=false -mllvm -default-maxi-offset=slave -mllvm -maxi-latency=0 -mllvm -hls-maxi-data-size-in-bits=8 -mllvm -hls-maxi-max-data-size-in-bits=1024 -mllvm -hls-max-widen-size-in-bits=0 -mllvm -xcl-kernel-max-mem-ports=0 -mllvm -maxi-read-trans=16 -mllvm -maxi-write-trans=16 -mllvm -maxi-read-burst-len=16 -mllvm -maxi-write-burst-len=16 -mllvm -reflow-enable-saxi-64bits=0 -mllvm -reflow-basic-block-instr-threshhold=200000 -mllvm -assume-maxi-align=0 -mllvm -no-unaligned-maxi-accesses -mllvm -reflow-pipeline-style-llvm-setting=0 -mllvm -reflow-auto-array-partition-mode=default -mllvm -reflow-enable-auto-array-partition=true -mllvm -reflow-aggregate-bitwidth-threshold=4096 -mllvm -reflow-disaggregate-bitwidth-threshold=4096 -mllvm -hls -mllvm -disable-inlined-alloca-merging=true -x ir C:/Users/brand/Documents/engs192/zybo-edge-ai/hls/edge_cnn_linear_stream_hls/edge_cnn_linear_stream_prj/solution1/.autopilot/db/a.g.ld.5.gdce.bc -o C:/Users/brand/Documents/engs192/zybo-edge-ai/hls/edge_cnn_linear_stream_hls/edge_cnn_linear_stream_prj/solution1/.autopilot/db/a.g.lto.bc -hls-platform-db-name=C:/Xilinx/Vitis_HLS/2021.2/common/technology/xilinx/common/platform.db -hls-platform-name=zynq_slow > C:/Users/brand/Documents/engs192/zybo-edge-ai/hls/edge_cnn_linear_stream_hls/edge_cnn_linear_stream_prj/solution1/.autopilot/db/a.g.ld.0.bc.clang.out.log 2> C:/Users/brand/Documents/engs192/zybo-edge-ai/hls/edge_cnn_linear_stream_hls/edge_cnn_linear_stream_prj/solution1/.autopilot/db/a.g.ld.0.bc.clang.err.log 
Command         ap_eval done; 1.323 sec.
INFO: [HLS 214-284] Auto array partition mode is set into default.
INFO: [HLS 214-131] Inlining function 'ap_int_base<65, true>::ap_int_base<11, false>(ap_int_base<11, false> const&)' into 'ap_int_base<11, false>::RType<64, true>::minus operator-<11, false, 64, true>(ap_int_base<11, false> const&, ap_int_base<64, true> const&)' (C:/Xilinx/Vitis_HLS/2021.2/common/technology/autopilot\ap_int_base.h:1541:341)
INFO: [HLS 214-131] Inlining function 'ap_int<65>::ap_int<65, true>(ap_int_base<65, true> const&)' into 'ap_int_base<11, false>::RType<64, true>::minus operator-<11, false, 64, true>(ap_int_base<11, false> const&, ap_int_base<64, true> const&)' (C:/Xilinx/Vitis_HLS/2021.2/common/technology/autopilot\ap_int_base.h:1541:555)
INFO: [HLS 214-131] Inlining function 'ap_int_base<65, true>::ap_int_base<64, true>(ap_int_base<64, true> const&)' into 'ap_int_base<11, false>::RType<64, true>::minus operator-<11, false, 64, true>(ap_int_base<11, false> const&, ap_int_base<64, true> const&)' (C:/Xilinx/Vitis_HLS/2021.2/common/technology/autopilot\ap_int_base.h:1541:430)
INFO: [HLS 214-131] Inlining function 'ap_int_base<64, true>::ap_int_base(long)' into 'ap_int_base<11, false>::RType<($_0)64, true>::minus operator-<11, false>(ap_int_base<11, false> const&, long)' (C:/Xilinx/Vitis_HLS/2021.2/common/technology/autopilot\ap_int_base.h:1657:1548)
INFO: [HLS 214-131] Inlining function 'ap_int_base<11, false>::RType<64, true>::minus operator-<11, false, 64, true>(ap_int_base<11, false> const&, ap_int_base<64, true> const&)' into 'ap_int_base<11, false>::RType<($_0)64, true>::minus operator-<11, false>(ap_int_base<11, false> const&, long)' (C:/Xilinx/Vitis_HLS/2021.2/common/technology/autopilot\ap_int_base.h:1657:1546)
INFO: [HLS 214-131] Inlining function 'ap_int_base<55, true>::ap_int_base<1, false>(ap_int_base<1, false> const&)' into 'ap_int_base<1, false>::RType<54, true>::minus operator-<1, false, 54, true>(ap_int_base<1, false> const&, ap_int_base<54, true> const&)' (C:/Xilinx/Vitis_HLS/2021.2/common/technology/autopilot\ap_int_base.h:1541:341)
INFO: [HLS 214-131] Inlining function 'ap_int<55>::ap_int<55, true>(ap_int_base<55, true> const&)' into 'ap_int_base<1, false>::RType<54, true>::minus operator-<1, false, 54, true>(ap_int_base<1, false> const&, ap_int_base<54, true> const&)' (C:/Xilinx/Vitis_HLS/2021.2/common/technology/autopilot\ap_int_base.h:1541:555)
INFO: [HLS 214-131] Inlining function 'ap_int_base<55, true>::ap_int_base<54, true>(ap_int_base<54, true> const&)' into 'ap_int_base<1, false>::RType<54, true>::minus operator-<1, false, 54, true>(ap_int_base<1, false> const&, ap_int_base<54, true> const&)' (C:/Xilinx/Vitis_HLS/2021.2/common/technology/autopilot\ap_int_base.h:1541:430)
INFO: [HLS 214-131] Inlining function 'ap_int_base<1, false>::ap_int_base(int)' into 'ap_int_base<54, true>::operator-() const' (C:/Xilinx/Vitis_HLS/2021.2/common/technology/autopilot\ap_int_base.h:940:12)
INFO: [HLS 214-131] Inlining function 'ap_int_base<1, false>::RType<54, true>::minus operator-<1, false, 54, true>(ap_int_base<1, false> const&, ap_int_base<54, true> const&)' into 'ap_int_base<54, true>::operator-() const' (C:/Xilinx/Vitis_HLS/2021.2/common/technology/autopilot\ap_int_base.h:940:37)
INFO: [HLS 214-131] Inlining function 'doubleToRawBits(double)' into 'ap_fixed_base<16, 6, true, (ap_q_mode)5, (ap_o_mode)3, 0>::ap_fixed_base(double)' (C:/Xilinx/Vitis_HLS/2021.2/common/technology/autopilot\ap_fixed_base.h:565:14)
INFO: [HLS 214-131] Inlining function 'ap_int_base<54, true>& ap_int_base<54, true>::operator=<55, true>(ap_int_base<55, true> const&)' into 'ap_fixed_base<16, 6, true, (ap_q_mode)5, (ap_o_mode)3, 0>::ap_fixed_base(double)' (C:/Xilinx/Vitis_HLS/2021.2/common/technology/autopilot\ap_fixed_base.h:579:20)
INFO: [HLS 214-131] Inlining function 'ap_int_base<54, true>::operator-() const' into 'ap_fixed_base<16, 6, true, (ap_q_mode)5, (ap_o_mode)3, 0>::ap_fixed_base(double)' (C:/Xilinx/Vitis_HLS/2021.2/common/technology/autopilot\ap_fixed_base.h:579:22)
INFO: [HLS 214-131] Inlining function 'ap_int_base<12, true>& ap_int_base<12, true>::operator=<65, true>(ap_int_base<65, true> const&)' into 'ap_fixed_base<16, 6, true, (ap_q_mode)5, (ap_o_mode)3, 0>::ap_fixed_base(double)' (C:/Xilinx/Vitis_HLS/2021.2/common/technology/autopilot\ap_fixed_base.h:572:9)
INFO: [HLS 214-131] Inlining function 'ap_int_base<11, false>::RType<($_0)64, true>::minus operator-<11, false>(ap_int_base<11, false> const&, long)' into 'ap_fixed_base<16, 6, true, (ap_q_mode)5, (ap_o_mode)3, 0>::ap_fixed_base(double)' (C:/Xilinx/Vitis_HLS/2021.2/common/technology/autopilot\ap_fixed_base.h:572:19)
INFO: [HLS 214-131] Inlining function 'ap_fixed<16, 6, (ap_q_mode)5, (ap_o_mode)3, 0>::ap_fixed(double)' into '__cxx_global_var_init.1' (firmware/weights/w2.h:12:26)
INFO: [HLS 214-131] Inlining function 'ap_fixed<16, 6, (ap_q_mode)5, (ap_o_mode)3, 0>::ap_fixed(double)' into '__cxx_global_var_init.1' (firmware/weights/w2.h:12:41)
INFO: [HLS 214-131] Inlining function 'ap_fixed<16, 6, (ap_q_mode)5, (ap_o_mode)3, 0>::ap_fixed(double)' into '__cxx_global_var_init.1' (firmware/weights/w2.h:12:55)
INFO: [HLS 214-131] Inlining function 'ap_fixed<16, 6, (ap_q_mode)5, (ap_o_mode)3, 0>::ap_fixed(double)' into '__cxx_global_var_init.1' (firmware/weights/w2.h:12:69)
INFO: [HLS 214-131] Inlining function 'ap_fixed<16, 6, (ap_q_mode)5, (ap_o_mode)3, 0>::ap_fixed(double)' into '__cxx_global_var_init.1' (firmware/weights/w2.h:12:83)
INFO: [HLS 214-131] Inlining function 'ap_fixed<16, 6, (ap_q_mode)5, (ap_o_mode)3, 0>::ap_fixed(double)' into '__cxx_global_var_init.1' (firmware/weights/w2.h:12:98)
INFO: [HLS 214-131] Inlining function 'ap_fixed<16, 6, (ap_q_mode)5, (ap_o_mode)3, 0>::ap_fixed(double)' into '__cxx_global_var_init.1' (firmware/weights/w2.h:12:113)
INFO: [HLS 214-131] Inlining function 'ap_fixed<16, 6, (ap_q_mode)5, (ap_o_mode)3, 0>::ap_fixed(double)' into '__cxx_global_var_init.1' (firmware/weights/w2.h:12:127)
INFO: [HLS 214-131] Inlining function 'ap_fixed<16, 6, (ap_q_mode)5, (ap_o_mode)3, 0>::ap_fixed(double)' into '__cxx_global_var_init.1' (firmware/weights/w2.h:12:141)
INFO: [HLS 214-131] Inlining function 'ap_fixed<16, 6, (ap_q_mode)5, (ap_o_mode)3, 0>::ap_fixed(double)' into '__cxx_global_var_init.1' (firmware/weights/w2.h:12:156)
INFO: [HLS 214-131] Inlining function 'ap_fixed<16, 6, (ap_q_mode)5, (ap_o_mode)3, 0>::ap_fixed(double)' into '__cxx_global_var_init.1' (firmware/weights/w2.h:12:171)
INFO: [HLS 214-131] Inlining function 'ap_fixed<16, 6, (ap_q_mode)5, (ap_o_mode)3, 0>::ap_fixed(double)' into '__cxx_global_var_init.1' (firmware/weights/w2.h:12:186)
INFO: [HLS 214-131] Inlining function 'ap_fixed<16, 6, (ap_q_mode)5, (ap_o_mode)3, 0>::ap_fixed(double)' into '__cxx_global_var_init.1' (firmware/weights/w2.h:12:201)
INFO: [HLS 214-131] Inlining function 'ap_fixed<16, 6, (ap_q_mode)5, (ap_o_mode)3, 0>::ap_fixed(double)' into '__cxx_global_var_init.1' (firmware/weights/w2.h:12:216)
INFO: [HLS 214-131] Inlining function 'ap_fixed<16, 6, (ap_q_mode)5, (ap_o_mode)3, 0>::ap_fixed(double)' into '__cxx_global_var_init.1' (firmware/weights/w2.h:12:230)
INFO: [HLS 214-131] Inlining function 'ap_fixed<16, 6, (ap_q_mode)5, (ap_o_mode)3, 0>::ap_fixed(double)' into '__cxx_global_var_init.1' (firmware/weights/w2.h:12:244)
INFO: [HLS 214-131] Inlining function 'ap_fixed<16, 6, (ap_q_mode)5, (ap_o_mode)3, 0>::ap_fixed(double)' into '__cxx_global_var_init.1' (firmware/weights/w2.h:12:258)
INFO: [HLS 214-131] Inlining function 'ap_fixed<16, 6, (ap_q_mode)5, (ap_o_mode)3, 0>::ap_fixed(double)' into '__cxx_global_var_init.1' (firmware/weights/w2.h:12:272)
INFO: [HLS 214-131] Inlining function 'ap_fixed<16, 6, (ap_q_mode)5, (ap_o_mode)3, 0>::ap_fixed(double)' into '__cxx_global_var_init.1' (firmware/weights/w2.h:12:286)
INFO: [HLS 214-131] Inlining function 'ap_fixed<16, 6, (ap_q_mode)5, (ap_o_mode)3, 0>::ap_fixed(double)' into '__cxx_global_var_init.1' (firmware/weights/w2.h:12:301)
INFO: [HLS 214-131] Inlining function 'ap_fixed<16, 6, (ap_q_mode)5, (ap_o_mode)3, 0>::ap_fixed(double)' into '__cxx_global_var_init.1' (firmware/weights/w2.h:12:315)
INFO: [HLS 214-131] Inlining function 'ap_fixed<16, 6, (ap_q_mode)5, (ap_o_mode)3, 0>::ap_fixed(double)' into '__cxx_global_var_init.1' (firmware/weights/w2.h:12:329)
INFO: [HLS 214-131] Inlining function 'ap_fixed<16, 6, (ap_q_mode)5, (ap_o_mode)3, 0>::ap_fixed(double)' into '__cxx_global_var_init.1' (firmware/weights/w2.h:12:344)
INFO: [HLS 214-131] Inlining function 'ap_fixed<16, 6, (ap_q_mode)5, (ap_o_mode)3, 0>::ap_fixed(double)' into '__cxx_global_var_init.1' (firmware/weights/w2.h:12:359)
INFO: [HLS 214-131] Inlining function 'ap_fixed<16, 6, (ap_q_mode)5, (ap_o_mode)3, 0>::ap_fixed(double)' into '__cxx_global_var_init.1' (firmware/weights/w2.h:12:374)
INFO: [HLS 214-131] Inlining function 'ap_fixed<16, 6, (ap_q_mode)5, (ap_o_mode)3, 0>::ap_fixed(double)' into '__cxx_global_var_init.1' (firmware/weights/w2.h:12:388)
INFO: [HLS 214-131] Inlining function 'ap_fixed<16, 6, (ap_q_mode)5, (ap_o_mode)3, 0>::ap_fixed(double)' into '__cxx_global_var_init.1' (firmware/weights/w2.h:12:402)
INFO: [HLS 214-131] Inlining function 'ap_fixed<16, 6, (ap_q_mode)5, (ap_o_mode)3, 0>::ap_fixed(double)' into '__cxx_global_var_init.1' (firmware/weights/w2.h:12:416)
INFO: [HLS 214-131] Inlining function 'ap_fixed<16, 6, (ap_q_mode)5, (ap_o_mode)3, 0>::ap_fixed(double)' into '__cxx_global_var_init.1' (firmware/weights/w2.h:12:430)
INFO: [HLS 214-131] Inlining function 'ap_fixed<16, 6, (ap_q_mode)5, (ap_o_mode)3, 0>::ap_fixed(double)' into '__cxx_global_var_init.1' (firmware/weights/w2.h:12:445)
INFO: [HLS 214-131] Inlining function 'ap_fixed<16, 6, (ap_q_mode)5, (ap_o_mode)3, 0>::ap_fixed(double)' into '__cxx_global_var_init.1' (firmware/weights/w2.h:12:459)
INFO: [HLS 214-131] Inlining function 'ap_fixed<16, 6, (ap_q_mode)5, (ap_o_mode)3, 0>::ap_fixed(double)' into '__cxx_global_var_init.1' (firmware/weights/w2.h:12:474)
INFO: [HLS 214-131] Inlining function 'ap_fixed<16, 6, (ap_q_mode)5, (ap_o_mode)3, 0>::ap_fixed(double)' into '__cxx_global_var_init.1' (firmware/weights/w2.h:12:489)
INFO: [HLS 214-131] Inlining function 'ap_fixed<16, 6, (ap_q_mode)5, (ap_o_mode)3, 0>::ap_fixed(double)' into '__cxx_global_var_init.1' (firmware/weights/w2.h:12:503)
INFO: [HLS 214-131] Inlining function 'ap_fixed<16, 6, (ap_q_mode)5, (ap_o_mode)3, 0>::ap_fixed(double)' into '__cxx_global_var_init.1' (firmware/weights/w2.h:12:518)
INFO: [HLS 214-131] Inlining function 'ap_fixed<16, 6, (ap_q_mode)5, (ap_o_mode)3, 0>::ap_fixed(double)' into '__cxx_global_var_init.1' (firmware/weights/w2.h:12:533)
INFO: [HLS 214-131] Inlining function 'ap_fixed<16, 6, (ap_q_mode)5, (ap_o_mode)3, 0>::ap_fixed(double)' into '__cxx_global_var_init.2' (firmware/weights/b2.h:12:23)
INFO: [HLS 214-131] Inlining function 'ap_fixed<16, 6, (ap_q_mode)5, (ap_o_mode)3, 0>::ap_fixed(double)' into '__cxx_global_var_init.2' (firmware/weights/b2.h:12:37)
INFO: [HLS 214-131] Inlining function 'ap_fixed<16, 6, (ap_q_mode)5, (ap_o_mode)3, 0>::ap_fixed(double)' into '__cxx_global_var_init.2' (firmware/weights/b2.h:12:51)
INFO: [HLS 214-131] Inlining function 'ap_fixed<16, 6, (ap_q_mode)5, (ap_o_mode)3, 0>::ap_fixed(double)' into '__cxx_global_var_init.2' (firmware/weights/b2.h:12:66)
INFO: [HLS 214-131] Inlining function 'ap_fixed<16, 6, (ap_q_mode)5, (ap_o_mode)3, 0>::ap_fixed(double)' into '__cxx_global_var_init.3' (firmware/weights/w4.h:12:27)
INFO: [HLS 214-131] Inlining function 'ap_fixed<16, 6, (ap_q_mode)5, (ap_o_mode)3, 0>::ap_fixed(double)' into '__cxx_global_var_init.3' (firmware/weights/w4.h:12:42)
INFO: [HLS 214-131] Inlining function 'ap_fixed<16, 6, (ap_q_mode)5, (ap_o_mode)3, 0>::ap_fixed(double)' into '__cxx_global_var_init.3' (firmware/weights/w4.h:12:56)
INFO: [HLS 214-131] Inlining function 'ap_fixed<16, 6, (ap_q_mode)5, (ap_o_mode)3, 0>::ap_fixed(double)' into '__cxx_global_var_init.3' (firmware/weights/w4.h:12:70)
INFO: [HLS 214-131] Inlining function 'ap_fixed<16, 6, (ap_q_mode)5, (ap_o_mode)3, 0>::ap_fixed(double)' into '__cxx_global_var_init.3' (firmware/weights/w4.h:12:84)
INFO: [HLS 214-131] Inlining function 'ap_fixed<16, 6, (ap_q_mode)5, (ap_o_mode)3, 0>::ap_fixed(double)' into '__cxx_global_var_init.3' (firmware/weights/w4.h:12:98)
INFO: [HLS 214-131] Inlining function 'ap_fixed<16, 6, (ap_q_mode)5, (ap_o_mode)3, 0>::ap_fixed(double)' into '__cxx_global_var_init.3' (firmware/weights/w4.h:12:113)
INFO: [HLS 214-131] Inlining function 'ap_fixed<16, 6, (ap_q_mode)5, (ap_o_mode)3, 0>::ap_fixed(double)' into '__cxx_global_var_init.3' (firmware/weights/w4.h:12:127)
INFO: [HLS 214-131] Inlining function 'ap_fixed<16, 6, (ap_q_mode)5, (ap_o_mode)3, 0>::ap_fixed(double)' into '__cxx_global_var_init.3' (firmware/weights/w4.h:12:142)
INFO: [HLS 214-131] Inlining function 'ap_fixed<16, 6, (ap_q_mode)5, (ap_o_mode)3, 0>::ap_fixed(double)' into '__cxx_global_var_init.3' (firmware/weights/w4.h:12:156)
INFO: [HLS 214-131] Inlining function 'ap_fixed<16, 6, (ap_q_mode)5, (ap_o_mode)3, 0>::ap_fixed(double)' into '__cxx_global_var_init.3' (firmware/weights/w4.h:12:170)
INFO: [HLS 214-131] Inlining function 'ap_fixed<16, 6, (ap_q_mode)5, (ap_o_mode)3, 0>::ap_fixed(double)' into '__cxx_global_var_init.3' (firmware/weights/w4.h:12:184)
INFO: [HLS 214-131] Inlining function 'ap_fixed<16, 6, (ap_q_mode)5, (ap_o_mode)3, 0>::ap_fixed(double)' into '__cxx_global_var_init.3' (firmware/weights/w4.h:12:198)
INFO: [HLS 214-131] Inlining function 'ap_fixed<16, 6, (ap_q_mode)5, (ap_o_mode)3, 0>::ap_fixed(double)' into '__cxx_global_var_init.3' (firmware/weights/w4.h:12:212)
INFO: [HLS 214-131] Inlining function 'ap_fixed<16, 6, (ap_q_mode)5, (ap_o_mode)3, 0>::ap_fixed(double)' into '__cxx_global_var_init.3' (firmware/weights/w4.h:12:226)
INFO: [HLS 214-131] Inlining function 'ap_fixed<16, 6, (ap_q_mode)5, (ap_o_mode)3, 0>::ap_fixed(double)' into '__cxx_global_var_init.3' (firmware/weights/w4.h:12:241)
INFO: [HLS 214-131] Inlining function 'ap_fixed<16, 6, (ap_q_mode)5, (ap_o_mode)3, 0>::ap_fixed(double)' into '__cxx_global_var_init.3' (firmware/weights/w4.h:12:255)
INFO: [HLS 214-131] Inlining function 'ap_fixed<16, 6, (ap_q_mode)5, (ap_o_mode)3, 0>::ap_fixed(double)' into '__cxx_global_var_init.3' (firmware/weights/w4.h:12:270)
INFO: [HLS 214-131] Inlining function 'ap_fixed<16, 6, (ap_q_mode)5, (ap_o_mode)3, 0>::ap_fixed(double)' into '__cxx_global_var_init.3' (firmware/weights/w4.h:12:285)
INFO: [HLS 214-131] Inlining function 'ap_fixed<16, 6, (ap_q_mode)5, (ap_o_mode)3, 0>::ap_fixed(double)' into '__cxx_global_var_init.3' (firmware/weights/w4.h:12:299)
INFO: [HLS 214-131] Inlining function 'ap_fixed<16, 6, (ap_q_mode)5, (ap_o_mode)3, 0>::ap_fixed(double)' into '__cxx_global_var_init.3' (firmware/weights/w4.h:12:313)
INFO: [HLS 214-131] Inlining function 'ap_fixed<16, 6, (ap_q_mode)5, (ap_o_mode)3, 0>::ap_fixed(double)' into '__cxx_global_var_init.3' (firmware/weights/w4.h:12:328)
INFO: [HLS 214-131] Inlining function 'ap_fixed<16, 6, (ap_q_mode)5, (ap_o_mode)3, 0>::ap_fixed(double)' into '__cxx_global_var_init.3' (firmware/weights/w4.h:12:343)
INFO: [HLS 214-131] Inlining function 'ap_fixed<16, 6, (ap_q_mode)5, (ap_o_mode)3, 0>::ap_fixed(double)' into '__cxx_global_var_init.3' (firmware/weights/w4.h:12:357)
INFO: [HLS 214-131] Inlining function 'ap_fixed<16, 6, (ap_q_mode)5, (ap_o_mode)3, 0>::ap_fixed(double)' into '__cxx_global_var_init.3' (firmware/weights/w4.h:12:372)
INFO: [HLS 214-131] Inlining function 'ap_fixed<16, 6, (ap_q_mode)5, (ap_o_mode)3, 0>::ap_fixed(double)' into '__cxx_global_var_init.3' (firmware/weights/w4.h:12:386)
INFO: [HLS 214-131] Inlining function 'ap_fixed<16, 6, (ap_q_mode)5, (ap_o_mode)3, 0>::ap_fixed(double)' into '__cxx_global_var_init.3' (firmware/weights/w4.h:12:401)
INFO: [HLS 214-131] Inlining function 'ap_fixed<16, 6, (ap_q_mode)5, (ap_o_mode)3, 0>::ap_fixed(double)' into '__cxx_global_var_init.3' (firmware/weights/w4.h:12:415)
INFO: [HLS 214-131] Inlining function 'ap_fixed<16, 6, (ap_q_mode)5, (ap_o_mode)3, 0>::ap_fixed(double)' into '__cxx_global_var_init.3' (firmware/weights/w4.h:12:429)
INFO: [HLS 214-131] Inlining function 'ap_fixed<16, 6, (ap_q_mode)5, (ap_o_mode)3, 0>::ap_fixed(double)' into '__cxx_global_var_init.3' (firmware/weights/w4.h:12:443)
INFO: [HLS 214-131] Inlining function 'ap_fixed<16, 6, (ap_q_mode)5, (ap_o_mode)3, 0>::ap_fixed(double)' into '__cxx_global_var_init.3' (firmware/weights/w4.h:12:458)
INFO: [HLS 214-131] Inlining function 'ap_fixed<16, 6, (ap_q_mode)5, (ap_o_mode)3, 0>::ap_fixed(double)' into '__cxx_global_var_init.3' (firmware/weights/w4.h:12:473)
INFO: [HLS 214-131] Inlining function 'ap_fixed<16, 6, (ap_q_mode)5, (ap_o_mode)3, 0>::ap_fixed(double)' into '__cxx_global_var_init.3' (firmware/weights/w4.h:12:487)
INFO: [HLS 214-131] Inlining function 'ap_fixed<16, 6, (ap_q_mode)5, (ap_o_mode)3, 0>::ap_fixed(double)' into '__cxx_global_var_init.3' (firmware/weights/w4.h:12:502)
INFO: [HLS 214-131] Inlining function 'ap_fixed<16, 6, (ap_q_mode)5, (ap_o_mode)3, 0>::ap_fixed(double)' into '__cxx_global_var_init.3' (firmware/weights/w4.h:12:517)
INFO: [HLS 214-131] Inlining function 'ap_fixed<16, 6, (ap_q_mode)5, (ap_o_mode)3, 0>::ap_fixed(double)' into '__cxx_global_var_init.3' (firmware/weights/w4.h:12:532)
INFO: [HLS 214-131] Inlining function 'ap_fixed<16, 6, (ap_q_mode)5, (ap_o_mode)3, 0>::ap_fixed(double)' into '__cxx_global_var_init.3' (firmware/weights/w4.h:12:547)
INFO: [HLS 214-131] Inlining function 'ap_fixed<16, 6, (ap_q_mode)5, (ap_o_mode)3, 0>::ap_fixed(double)' into '__cxx_global_var_init.3' (firmware/weights/w4.h:12:562)
INFO: [HLS 214-131] Inlining function 'ap_fixed<16, 6, (ap_q_mode)5, (ap_o_mode)3, 0>::ap_fixed(double)' into '__cxx_global_var_init.3' (firmware/weights/w4.h:12:577)
INFO: [HLS 214-131] Inlining function 'ap_fixed<16, 6, (ap_q_mode)5, (ap_o_mode)3, 0>::ap_fixed(double)' into '__cxx_global_var_init.3' (firmware/weights/w4.h:12:592)
INFO: [HLS 214-131] Inlining function 'ap_fixed<16, 6, (ap_q_mode)5, (ap_o_mode)3, 0>::ap_fixed(double)' into '__cxx_global_var_init.3' (firmware/weights/w4.h:12:607)
INFO: [HLS 214-131] Inlining function 'ap_fixed<16, 6, (ap_q_mode)5, (ap_o_mode)3, 0>::ap_fixed(double)' into '__cxx_global_var_init.3' (firmware/weights/w4.h:12:622)
INFO: [HLS 214-131] Inlining function 'ap_fixed<16, 6, (ap_q_mode)5, (ap_o_mode)3, 0>::ap_fixed(double)' into '__cxx_global_var_init.3' (firmware/weights/w4.h:12:637)
INFO: [HLS 214-131] Inlining function 'ap_fixed<16, 6, (ap_q_mode)5, (ap_o_mode)3, 0>::ap_fixed(double)' into '__cxx_global_var_init.3' (firmware/weights/w4.h:12:652)
INFO: [HLS 214-131] Inlining function 'ap_fixed<16, 6, (ap_q_mode)5, (ap_o_mode)3, 0>::ap_fixed(double)' into '__cxx_global_var_init.3' (firmware/weights/w4.h:12:667)
INFO: [HLS 214-131] Inlining function 'ap_fixed<16, 6, (ap_q_mode)5, (ap_o_mode)3, 0>::ap_fixed(double)' into '__cxx_global_var_init.3' (firmware/weights/w4.h:12:681)
INFO: [HLS 214-131] Inlining function 'ap_fixed<16, 6, (ap_q_mode)5, (ap_o_mode)3, 0>::ap_fixed(double)' into '__cxx_global_var_init.3' (firmware/weights/w4.h:12:696)
INFO: [HLS 214-131] Inlining function 'ap_fixed<16, 6, (ap_q_mode)5, (ap_o_mode)3, 0>::ap_fixed(double)' into '__cxx_global_var_init.3' (firmware/weights/w4.h:12:711)
INFO: [HLS 214-131] Inlining function 'ap_fixed<16, 6, (ap_q_mode)5, (ap_o_mode)3, 0>::ap_fixed(double)' into '__cxx_global_var_init.3' (firmware/weights/w4.h:12:726)
INFO: [HLS 214-131] Inlining function 'ap_fixed<16, 6, (ap_q_mode)5, (ap_o_mode)3, 0>::ap_fixed(double)' into '__cxx_global_var_init.3' (firmware/weights/w4.h:12:740)
INFO: [HLS 214-131] Inlining function 'ap_fixed<16, 6, (ap_q_mode)5, (ap_o_mode)3, 0>::ap_fixed(double)' into '__cxx_global_var_init.3' (firmware/weights/w4.h:12:754)
INFO: [HLS 214-131] Inlining function 'ap_fixed<16, 6, (ap_q_mode)5, (ap_o_mode)3, 0>::ap_fixed(double)' into '__cxx_global_var_init.3' (firmware/weights/w4.h:12:769)
INFO: [HLS 214-131] Inlining function 'ap_fixed<16, 6, (ap_q_mode)5, (ap_o_mode)3, 0>::ap_fixed(double)' into '__cxx_global_var_init.3' (firmware/weights/w4.h:12:783)
INFO: [HLS 214-131] Inlining function 'ap_fixed<16, 6, (ap_q_mode)5, (ap_o_mode)3, 0>::ap_fixed(double)' into '__cxx_global_var_init.3' (firmware/weights/w4.h:12:797)
INFO: [HLS 214-131] Inlining function 'ap_fixed<16, 6, (ap_q_mode)5, (ap_o_mode)3, 0>::ap_fixed(double)' into '__cxx_global_var_init.3' (firmware/weights/w4.h:12:812)
INFO: [HLS 214-131] Inlining function 'ap_fixed<16, 6, (ap_q_mode)5, (ap_o_mode)3, 0>::ap_fixed(double)' into '__cxx_global_var_init.3' (firmware/weights/w4.h:12:827)
INFO: [HLS 214-131] Inlining function 'ap_fixed<16, 6, (ap_q_mode)5, (ap_o_mode)3, 0>::ap_fixed(double)' into '__cxx_global_var_init.3' (firmware/weights/w4.h:12:841)
INFO: [HLS 214-131] Inlining function 'ap_fixed<16, 6, (ap_q_mode)5, (ap_o_mode)3, 0>::ap_fixed(double)' into '__cxx_global_var_init.3' (firmware/weights/w4.h:12:855)
INFO: [HLS 214-131] Inlining function 'ap_fixed<16, 6, (ap_q_mode)5, (ap_o_mode)3, 0>::ap_fixed(double)' into '__cxx_global_var_init.3' (firmware/weights/w4.h:12:870)
INFO: [HLS 214-131] Inlining function 'ap_fixed<16, 6, (ap_q_mode)5, (ap_o_mode)3, 0>::ap_fixed(double)' into '__cxx_global_var_init.3' (firmware/weights/w4.h:12:885)
INFO: [HLS 214-131] Inlining function 'ap_fixed<16, 6, (ap_q_mode)5, (ap_o_mode)3, 0>::ap_fixed(double)' into '__cxx_global_var_init.3' (firmware/weights/w4.h:12:899)
INFO: [HLS 214-131] Inlining function 'ap_fixed<16, 6, (ap_q_mode)5, (ap_o_mode)3, 0>::ap_fixed(double)' into '__cxx_global_var_init.3' (firmware/weights/w4.h:12:914)
INFO: [HLS 214-131] Inlining function 'ap_fixed<16, 6, (ap_q_mode)5, (ap_o_mode)3, 0>::ap_fixed(double)' into '__cxx_global_var_init.3' (firmware/weights/w4.h:12:928)
INFO: [HLS 214-131] Inlining function 'ap_fixed<16, 6, (ap_q_mode)5, (ap_o_mode)3, 0>::ap_fixed(double)' into '__cxx_global_var_init.3' (firmware/weights/w4.h:12:943)
INFO: [HLS 214-131] Inlining function 'ap_fixed<16, 6, (ap_q_mode)5, (ap_o_mode)3, 0>::ap_fixed(double)' into '__cxx_global_var_init.3' (firmware/weights/w4.h:12:957)
INFO: [HLS 214-131] Inlining function 'ap_fixed<16, 6, (ap_q_mode)5, (ap_o_mode)3, 0>::ap_fixed(double)' into '__cxx_global_var_init.3' (firmware/weights/w4.h:12:971)
INFO: [HLS 214-131] Inlining function 'ap_fixed<16, 6, (ap_q_mode)5, (ap_o_mode)3, 0>::ap_fixed(double)' into '__cxx_global_var_init.3' (firmware/weights/w4.h:12:985)
INFO: [HLS 214-131] Inlining function 'ap_fixed<16, 6, (ap_q_mode)5, (ap_o_mode)3, 0>::ap_fixed(double)' into '__cxx_global_var_init.3' (firmware/weights/w4.h:12:1000)
INFO: [HLS 214-131] Inlining function 'ap_fixed<16, 6, (ap_q_mode)5, (ap_o_mode)3, 0>::ap_fixed(double)' into '__cxx_global_var_init.3' (firmware/weights/w4.h:12:1015)
INFO: [HLS 214-131] Inlining function 'ap_fixed<16, 6, (ap_q_mode)5, (ap_o_mode)3, 0>::ap_fixed(double)' into '__cxx_global_var_init.3' (firmware/weights/w4.h:12:1029)
INFO: [HLS 214-131] Inlining function 'ap_fixed<16, 6, (ap_q_mode)5, (ap_o_mode)3, 0>::ap_fixed(double)' into '__cxx_global_var_init.3' (firmware/weights/w4.h:12:1044)
INFO: [HLS 214-131] Inlining function 'ap_fixed<16, 6, (ap_q_mode)5, (ap_o_mode)3, 0>::ap_fixed(double)' into '__cxx_global_var_init.3' (firmware/weights/w4.h:12:1059)
INFO: [HLS 214-131] Inlining function 'ap_fixed<16, 6, (ap_q_mode)5, (ap_o_mode)3, 0>::ap_fixed(double)' into '__cxx_global_var_init.3' (firmware/weights/w4.h:12:1073)
INFO: [HLS 214-131] Inlining function 'ap_fixed<16, 6, (ap_q_mode)5, (ap_o_mode)3, 0>::ap_fixed(double)' into '__cxx_global_var_init.3' (firmware/weights/w4.h:12:1087)
INFO: [HLS 214-131] Inlining function 'ap_fixed<16, 6, (ap_q_mode)5, (ap_o_mode)3, 0>::ap_fixed(double)' into '__cxx_global_var_init.3' (firmware/weights/w4.h:12:1102)
INFO: [HLS 214-131] Inlining function 'ap_fixed<16, 6, (ap_q_mode)5, (ap_o_mode)3, 0>::ap_fixed(double)' into '__cxx_global_var_init.3' (firmware/weights/w4.h:12:1117)
INFO: [HLS 214-131] Inlining function 'ap_fixed<16, 6, (ap_q_mode)5, (ap_o_mode)3, 0>::ap_fixed(double)' into '__cxx_global_var_init.3' (firmware/weights/w4.h:12:1132)
INFO: [HLS 214-131] Inlining function 'ap_fixed<16, 6, (ap_q_mode)5, (ap_o_mode)3, 0>::ap_fixed(double)' into '__cxx_global_var_init.3' (firmware/weights/w4.h:12:1147)
INFO: [HLS 214-131] Inlining function 'ap_fixed<16, 6, (ap_q_mode)5, (ap_o_mode)3, 0>::ap_fixed(double)' into '__cxx_global_var_init.3' (firmware/weights/w4.h:12:1162)
INFO: [HLS 214-131] Inlining function 'ap_fixed<16, 6, (ap_q_mode)5, (ap_o_mode)3, 0>::ap_fixed(double)' into '__cxx_global_var_init.3' (firmware/weights/w4.h:12:1176)
INFO: [HLS 214-131] Inlining function 'ap_fixed<16, 6, (ap_q_mode)5, (ap_o_mode)3, 0>::ap_fixed(double)' into '__cxx_global_var_init.3' (firmware/weights/w4.h:12:1191)
INFO: [HLS 214-131] Inlining function 'ap_fixed<16, 6, (ap_q_mode)5, (ap_o_mode)3, 0>::ap_fixed(double)' into '__cxx_global_var_init.3' (firmware/weights/w4.h:12:1205)
INFO: [HLS 214-131] Inlining function 'ap_fixed<16, 6, (ap_q_mode)5, (ap_o_mode)3, 0>::ap_fixed(double)' into '__cxx_global_var_init.3' (firmware/weights/w4.h:12:1219)
INFO: [HLS 214-131] Inlining function 'ap_fixed<16, 6, (ap_q_mode)5, (ap_o_mode)3, 0>::ap_fixed(double)' into '__cxx_global_var_init.3' (firmware/weights/w4.h:12:1234)
INFO: [HLS 214-131] Inlining function 'ap_fixed<16, 6, (ap_q_mode)5, (ap_o_mode)3, 0>::ap_fixed(double)' into '__cxx_global_var_init.3' (firmware/weights/w4.h:12:1249)
INFO: [HLS 214-131] Inlining function 'ap_fixed<16, 6, (ap_q_mode)5, (ap_o_mode)3, 0>::ap_fixed(double)' into '__cxx_global_var_init.3' (firmware/weights/w4.h:12:1264)
INFO: [HLS 214-131] Inlining function 'ap_fixed<16, 6, (ap_q_mode)5, (ap_o_mode)3, 0>::ap_fixed(double)' into '__cxx_global_var_init.3' (firmware/weights/w4.h:12:1279)
INFO: [HLS 214-131] Inlining function 'ap_fixed<16, 6, (ap_q_mode)5, (ap_o_mode)3, 0>::ap_fixed(double)' into '__cxx_global_var_init.3' (firmware/weights/w4.h:12:1294)
INFO: [HLS 214-131] Inlining function 'ap_fixed<16, 6, (ap_q_mode)5, (ap_o_mode)3, 0>::ap_fixed(double)' into '__cxx_global_var_init.3' (firmware/weights/w4.h:12:1309)
INFO: [HLS 214-131] Inlining function 'ap_fixed<16, 6, (ap_q_mode)5, (ap_o_mode)3, 0>::ap_fixed(double)' into '__cxx_global_var_init.3' (firmware/weights/w4.h:12:1323)
INFO: [HLS 214-131] Inlining function 'ap_fixed<16, 6, (ap_q_mode)5, (ap_o_mode)3, 0>::ap_fixed(double)' into '__cxx_global_var_init.3' (firmware/weights/w4.h:12:1338)
INFO: [HLS 214-131] Inlining function 'ap_fixed<16, 6, (ap_q_mode)5, (ap_o_mode)3, 0>::ap_fixed(double)' into '__cxx_global_var_init.3' (firmware/weights/w4.h:12:1352)
INFO: [HLS 214-131] Inlining function 'ap_fixed<16, 6, (ap_q_mode)5, (ap_o_mode)3, 0>::ap_fixed(double)' into '__cxx_global_var_init.3' (firmware/weights/w4.h:12:1366)
INFO: [HLS 214-131] Inlining function 'ap_fixed<16, 6, (ap_q_mode)5, (ap_o_mode)3, 0>::ap_fixed(double)' into '__cxx_global_var_init.3' (firmware/weights/w4.h:12:1380)
INFO: [HLS 214-131] Inlining function 'ap_fixed<16, 6, (ap_q_mode)5, (ap_o_mode)3, 0>::ap_fixed(double)' into '__cxx_global_var_init.3' (firmware/weights/w4.h:12:1395)
INFO: [HLS 214-131] Inlining function 'ap_fixed<16, 6, (ap_q_mode)5, (ap_o_mode)3, 0>::ap_fixed(double)' into '__cxx_global_var_init.3' (firmware/weights/w4.h:12:1409)
INFO: [HLS 214-131] Inlining function 'ap_fixed<16, 6, (ap_q_mode)5, (ap_o_mode)3, 0>::ap_fixed(double)' into '__cxx_global_var_init.3' (firmware/weights/w4.h:12:1423)
INFO: [HLS 214-131] Inlining function 'ap_fixed<16, 6, (ap_q_mode)5, (ap_o_mode)3, 0>::ap_fixed(double)' into '__cxx_global_var_init.3' (firmware/weights/w4.h:12:1437)
INFO: [HLS 214-131] Inlining function 'ap_fixed<16, 6, (ap_q_mode)5, (ap_o_mode)3, 0>::ap_fixed(double)' into '__cxx_global_var_init.3' (firmware/weights/w4.h:12:1452)
INFO: [HLS 214-131] Inlining function 'ap_fixed<16, 6, (ap_q_mode)5, (ap_o_mode)3, 0>::ap_fixed(double)' into '__cxx_global_var_init.3' (firmware/weights/w4.h:12:1467)
INFO: [HLS 214-131] Inlining function 'ap_fixed<16, 6, (ap_q_mode)5, (ap_o_mode)3, 0>::ap_fixed(double)' into '__cxx_global_var_init.3' (firmware/weights/w4.h:12:1481)
INFO: [HLS 214-131] Inlining function 'ap_fixed<16, 6, (ap_q_mode)5, (ap_o_mode)3, 0>::ap_fixed(double)' into '__cxx_global_var_init.3' (firmware/weights/w4.h:12:1495)
INFO: [HLS 214-131] Inlining function 'ap_fixed<16, 6, (ap_q_mode)5, (ap_o_mode)3, 0>::ap_fixed(double)' into '__cxx_global_var_init.3' (firmware/weights/w4.h:12:1510)
INFO: [HLS 214-131] Inlining function 'ap_fixed<16, 6, (ap_q_mode)5, (ap_o_mode)3, 0>::ap_fixed(double)' into '__cxx_global_var_init.3' (firmware/weights/w4.h:12:1524)
INFO: [HLS 214-131] Inlining function 'ap_fixed<16, 6, (ap_q_mode)5, (ap_o_mode)3, 0>::ap_fixed(double)' into '__cxx_global_var_init.3' (firmware/weights/w4.h:12:1538)
INFO: [HLS 214-131] Inlining function 'ap_fixed<16, 6, (ap_q_mode)5, (ap_o_mode)3, 0>::ap_fixed(double)' into '__cxx_global_var_init.3' (firmware/weights/w4.h:12:1553)
INFO: [HLS 214-131] Inlining function 'ap_fixed<16, 6, (ap_q_mode)5, (ap_o_mode)3, 0>::ap_fixed(double)' into '__cxx_global_var_init.3' (firmware/weights/w4.h:12:1568)
INFO: [HLS 214-131] Inlining function 'ap_fixed<16, 6, (ap_q_mode)5, (ap_o_mode)3, 0>::ap_fixed(double)' into '__cxx_global_var_init.3' (firmware/weights/w4.h:12:1582)
INFO: [HLS 214-131] Inlining function 'ap_fixed<16, 6, (ap_q_mode)5, (ap_o_mode)3, 0>::ap_fixed(double)' into '__cxx_global_var_init.3' (firmware/weights/w4.h:12:1597)
INFO: [HLS 214-131] Inlining function 'ap_fixed<16, 6, (ap_q_mode)5, (ap_o_mode)3, 0>::ap_fixed(double)' into '__cxx_global_var_init.3' (firmware/weights/w4.h:12:1612)
INFO: [HLS 214-131] Inlining function 'ap_fixed<16, 6, (ap_q_mode)5, (ap_o_mode)3, 0>::ap_fixed(double)' into '__cxx_global_var_init.3' (firmware/weights/w4.h:12:1627)
INFO: [HLS 214-131] Inlining function 'ap_fixed<16, 6, (ap_q_mode)5, (ap_o_mode)3, 0>::ap_fixed(double)' into '__cxx_global_var_init.3' (firmware/weights/w4.h:12:1642)
INFO: [HLS 214-131] Inlining function 'ap_fixed<16, 6, (ap_q_mode)5, (ap_o_mode)3, 0>::ap_fixed(double)' into '__cxx_global_var_init.3' (firmware/weights/w4.h:12:1656)
INFO: [HLS 214-131] Inlining function 'ap_fixed<16, 6, (ap_q_mode)5, (ap_o_mode)3, 0>::ap_fixed(double)' into '__cxx_global_var_init.3' (firmware/weights/w4.h:12:1671)
INFO: [HLS 214-131] Inlining function 'ap_fixed<16, 6, (ap_q_mode)5, (ap_o_mode)3, 0>::ap_fixed(double)' into '__cxx_global_var_init.3' (firmware/weights/w4.h:12:1686)
INFO: [HLS 214-131] Inlining function 'ap_fixed<16, 6, (ap_q_mode)5, (ap_o_mode)3, 0>::ap_fixed(double)' into '__cxx_global_var_init.3' (firmware/weights/w4.h:12:1701)
INFO: [HLS 214-131] Inlining function 'ap_fixed<16, 6, (ap_q_mode)5, (ap_o_mode)3, 0>::ap_fixed(double)' into '__cxx_global_var_init.3' (firmware/weights/w4.h:12:1715)
INFO: [HLS 214-131] Inlining function 'ap_fixed<16, 6, (ap_q_mode)5, (ap_o_mode)3, 0>::ap_fixed(double)' into '__cxx_global_var_init.3' (firmware/weights/w4.h:12:1730)
INFO: [HLS 214-131] Inlining function 'ap_fixed<16, 6, (ap_q_mode)5, (ap_o_mode)3, 0>::ap_fixed(double)' into '__cxx_global_var_init.3' (firmware/weights/w4.h:12:1744)
INFO: [HLS 214-131] Inlining function 'ap_fixed<16, 6, (ap_q_mode)5, (ap_o_mode)3, 0>::ap_fixed(double)' into '__cxx_global_var_init.3' (firmware/weights/w4.h:12:1758)
INFO: [HLS 214-131] Inlining function 'ap_fixed<16, 6, (ap_q_mode)5, (ap_o_mode)3, 0>::ap_fixed(double)' into '__cxx_global_var_init.3' (firmware/weights/w4.h:12:1772)
INFO: [HLS 214-131] Inlining function 'ap_fixed<16, 6, (ap_q_mode)5, (ap_o_mode)3, 0>::ap_fixed(double)' into '__cxx_global_var_init.3' (firmware/weights/w4.h:12:1786)
INFO: [HLS 214-131] Inlining function 'ap_fixed<16, 6, (ap_q_mode)5, (ap_o_mode)3, 0>::ap_fixed(double)' into '__cxx_global_var_init.3' (firmware/weights/w4.h:12:1801)
INFO: [HLS 214-131] Inlining function 'ap_fixed<16, 6, (ap_q_mode)5, (ap_o_mode)3, 0>::ap_fixed(double)' into '__cxx_global_var_init.3' (firmware/weights/w4.h:12:1815)
INFO: [HLS 214-131] Inlining function 'ap_fixed<16, 6, (ap_q_mode)5, (ap_o_mode)3, 0>::ap_fixed(double)' into '__cxx_global_var_init.3' (firmware/weights/w4.h:12:1829)
INFO: [HLS 214-131] Inlining function 'ap_fixed<16, 6, (ap_q_mode)5, (ap_o_mode)3, 0>::ap_fixed(double)' into '__cxx_global_var_init.3' (firmware/weights/w4.h:12:1844)
INFO: [HLS 214-131] Inlining function 'ap_fixed<16, 6, (ap_q_mode)5, (ap_o_mode)3, 0>::ap_fixed(double)' into '__cxx_global_var_init.3' (firmware/weights/w4.h:12:1859)
INFO: [HLS 214-131] Inlining function 'ap_fixed<16, 6, (ap_q_mode)5, (ap_o_mode)3, 0>::ap_fixed(double)' into '__cxx_global_var_init.3' (firmware/weights/w4.h:12:1874)
INFO: [HLS 214-131] Inlining function 'ap_fixed<16, 6, (ap_q_mode)5, (ap_o_mode)3, 0>::ap_fixed(double)' into '__cxx_global_var_init.3' (firmware/weights/w4.h:12:1889)
INFO: [HLS 214-131] Inlining function 'ap_fixed<16, 6, (ap_q_mode)5, (ap_o_mode)3, 0>::ap_fixed(double)' into '__cxx_global_var_init.3' (firmware/weights/w4.h:12:1904)
INFO: [HLS 214-131] Inlining function 'ap_fixed<16, 6, (ap_q_mode)5, (ap_o_mode)3, 0>::ap_fixed(double)' into '__cxx_global_var_init.3' (firmware/weights/w4.h:12:1919)
INFO: [HLS 214-131] Inlining function 'ap_fixed<16, 6, (ap_q_mode)5, (ap_o_mode)3, 0>::ap_fixed(double)' into '__cxx_global_var_init.3' (firmware/weights/w4.h:12:1933)
INFO: [HLS 214-131] Inlining function 'ap_fixed<16, 6, (ap_q_mode)5, (ap_o_mode)3, 0>::ap_fixed(double)' into '__cxx_global_var_init.3' (firmware/weights/w4.h:12:1948)
INFO: [HLS 214-131] Inlining function 'ap_fixed<16, 6, (ap_q_mode)5, (ap_o_mode)3, 0>::ap_fixed(double)' into '__cxx_global_var_init.3' (firmware/weights/w4.h:12:1963)
INFO: [HLS 214-131] Inlining function 'ap_fixed<16, 6, (ap_q_mode)5, (ap_o_mode)3, 0>::ap_fixed(double)' into '__cxx_global_var_init.3' (firmware/weights/w4.h:12:1977)
INFO: [HLS 214-131] Inlining function 'ap_fixed<16, 6, (ap_q_mode)5, (ap_o_mode)3, 0>::ap_fixed(double)' into '__cxx_global_var_init.3' (firmware/weights/w4.h:12:1992)
INFO: [HLS 214-131] Inlining function 'ap_fixed<16, 6, (ap_q_mode)5, (ap_o_mode)3, 0>::ap_fixed(double)' into '__cxx_global_var_init.3' (firmware/weights/w4.h:12:2006)
INFO: [HLS 214-131] Inlining function 'ap_fixed<16, 6, (ap_q_mode)5, (ap_o_mode)3, 0>::ap_fixed(double)' into '__cxx_global_var_init.3' (firmware/weights/w4.h:12:2020)
INFO: [HLS 214-131] Inlining function 'ap_fixed<16, 6, (ap_q_mode)5, (ap_o_mode)3, 0>::ap_fixed(double)' into '__cxx_global_var_init.3' (firmware/weights/w4.h:12:2034)
INFO: [HLS 214-131] Inlining function 'ap_fixed<16, 6, (ap_q_mode)5, (ap_o_mode)3, 0>::ap_fixed(double)' into '__cxx_global_var_init.3' (firmware/weights/w4.h:12:2048)
INFO: [HLS 214-131] Inlining function 'ap_fixed<16, 6, (ap_q_mode)5, (ap_o_mode)3, 0>::ap_fixed(double)' into '__cxx_global_var_init.3' (firmware/weights/w4.h:12:2062)
INFO: [HLS 214-131] Inlining function 'ap_fixed<16, 6, (ap_q_mode)5, (ap_o_mode)3, 0>::ap_fixed(double)' into '__cxx_global_var_init.3' (firmware/weights/w4.h:12:2076)
INFO: [HLS 214-131] Inlining function 'ap_fixed<16, 6, (ap_q_mode)5, (ap_o_mode)3, 0>::ap_fixed(double)' into '__cxx_global_var_init.3' (firmware/weights/w4.h:12:2090)
INFO: [HLS 214-131] Inlining function 'ap_fixed<16, 6, (ap_q_mode)5, (ap_o_mode)3, 0>::ap_fixed(double)' into '__cxx_global_var_init.3' (firmware/weights/w4.h:12:2104)
INFO: [HLS 214-131] Inlining function 'ap_fixed<16, 6, (ap_q_mode)5, (ap_o_mode)3, 0>::ap_fixed(double)' into '__cxx_global_var_init.4' (firmware/weights/b4.h:12:23)
INFO: [HLS 214-131] Inlining function 'ap_fixed<16, 6, (ap_q_mode)5, (ap_o_mode)3, 0>::ap_fixed(double)' into '__cxx_global_var_init.4' (firmware/weights/b4.h:12:37)
INFO: [HLS 214-131] Inlining function 'ap_fixed<16, 6, (ap_q_mode)5, (ap_o_mode)3, 0>::ap_fixed(double)' into '__cxx_global_var_init.4' (firmware/weights/b4.h:12:51)
INFO: [HLS 214-131] Inlining function 'ap_fixed<16, 6, (ap_q_mode)5, (ap_o_mode)3, 0>::ap_fixed(double)' into '__cxx_global_var_init.4' (firmware/weights/b4.h:12:65)
INFO: [HLS 214-131] Inlining function 'ap_fixed<16, 6, (ap_q_mode)5, (ap_o_mode)3, 0>::ap_fixed(double)' into '__cxx_global_var_init.5' (firmware/weights/w6.h:12:32)
INFO: [HLS 214-131] Inlining function 'ap_fixed<16, 6, (ap_q_mode)5, (ap_o_mode)3, 0>::ap_fixed(double)' into '__cxx_global_var_init.5' (firmware/weights/w6.h:12:46)
INFO: [HLS 214-131] Inlining function 'ap_fixed<16, 6, (ap_q_mode)5, (ap_o_mode)3, 0>::ap_fixed(double)' into '__cxx_global_var_init.5' (firmware/weights/w6.h:12:61)
INFO: [HLS 214-131] Inlining function 'ap_fixed<16, 6, (ap_q_mode)5, (ap_o_mode)3, 0>::ap_fixed(double)' into '__cxx_global_var_init.5' (firmware/weights/w6.h:12:75)
INFO: [HLS 214-131] Inlining function 'ap_fixed<16, 6, (ap_q_mode)5, (ap_o_mode)3, 0>::ap_fixed(double)' into '__cxx_global_var_init.5' (firmware/weights/w6.h:12:90)
INFO: [HLS 214-131] Inlining function 'ap_fixed<16, 6, (ap_q_mode)5, (ap_o_mode)3, 0>::ap_fixed(double)' into '__cxx_global_var_init.5' (firmware/weights/w6.h:12:104)
INFO: [HLS 214-131] Inlining function 'ap_fixed<16, 6, (ap_q_mode)5, (ap_o_mode)3, 0>::ap_fixed(double)' into '__cxx_global_var_init.5' (firmware/weights/w6.h:12:119)
INFO: [HLS 214-131] Inlining function 'ap_fixed<16, 6, (ap_q_mode)5, (ap_o_mode)3, 0>::ap_fixed(double)' into '__cxx_global_var_init.5' (firmware/weights/w6.h:12:133)
INFO: [HLS 214-131] Inlining function 'ap_fixed<16, 6, (ap_q_mode)5, (ap_o_mode)3, 0>::ap_fixed(double)' into '__cxx_global_var_init.5' (firmware/weights/w6.h:12:147)
INFO: [HLS 214-131] Inlining function 'ap_fixed<16, 6, (ap_q_mode)5, (ap_o_mode)3, 0>::ap_fixed(double)' into '__cxx_global_var_init.5' (firmware/weights/w6.h:12:161)
INFO: [HLS 214-131] Inlining function 'ap_fixed<16, 6, (ap_q_mode)5, (ap_o_mode)3, 0>::ap_fixed(double)' into '__cxx_global_var_init.5' (firmware/weights/w6.h:12:176)
INFO: [HLS 214-131] Inlining function 'ap_fixed<16, 6, (ap_q_mode)5, (ap_o_mode)3, 0>::ap_fixed(double)' into '__cxx_global_var_init.5' (firmware/weights/w6.h:12:190)
INFO: [HLS 214-131] Inlining function 'ap_fixed<16, 6, (ap_q_mode)5, (ap_o_mode)3, 0>::ap_fixed(double)' into '__cxx_global_var_init.5' (firmware/weights/w6.h:12:204)
INFO: [HLS 214-131] Inlining function 'ap_fixed<16, 6, (ap_q_mode)5, (ap_o_mode)3, 0>::ap_fixed(double)' into '__cxx_global_var_init.5' (firmware/weights/w6.h:12:218)
INFO: [HLS 214-131] Inlining function 'ap_fixed<16, 6, (ap_q_mode)5, (ap_o_mode)3, 0>::ap_fixed(double)' into '__cxx_global_var_init.5' (firmware/weights/w6.h:12:232)
INFO: [HLS 214-131] Inlining function 'ap_fixed<16, 6, (ap_q_mode)5, (ap_o_mode)3, 0>::ap_fixed(double)' into '__cxx_global_var_init.5' (firmware/weights/w6.h:12:246)
INFO: [HLS 214-131] Inlining function 'ap_fixed<16, 6, (ap_q_mode)5, (ap_o_mode)3, 0>::ap_fixed(double)' into '__cxx_global_var_init.5' (firmware/weights/w6.h:12:261)
INFO: [HLS 214-131] Inlining function 'ap_fixed<16, 6, (ap_q_mode)5, (ap_o_mode)3, 0>::ap_fixed(double)' into '__cxx_global_var_init.5' (firmware/weights/w6.h:12:275)
INFO: [HLS 214-131] Inlining function 'ap_fixed<16, 6, (ap_q_mode)5, (ap_o_mode)3, 0>::ap_fixed(double)' into '__cxx_global_var_init.5' (firmware/weights/w6.h:12:290)
INFO: [HLS 214-131] Inlining function 'ap_fixed<16, 6, (ap_q_mode)5, (ap_o_mode)3, 0>::ap_fixed(double)' into '__cxx_global_var_init.5' (firmware/weights/w6.h:12:304)
INFO: [HLS 214-131] Inlining function 'ap_fixed<16, 6, (ap_q_mode)5, (ap_o_mode)3, 0>::ap_fixed(double)' into '__cxx_global_var_init.5' (firmware/weights/w6.h:12:318)
INFO: [HLS 214-131] Inlining function 'ap_fixed<16, 6, (ap_q_mode)5, (ap_o_mode)3, 0>::ap_fixed(double)' into '__cxx_global_var_init.5' (firmware/weights/w6.h:12:332)
INFO: [HLS 214-131] Inlining function 'ap_fixed<16, 6, (ap_q_mode)5, (ap_o_mode)3, 0>::ap_fixed(double)' into '__cxx_global_var_init.5' (firmware/weights/w6.h:12:347)
INFO: [HLS 214-131] Inlining function 'ap_fixed<16, 6, (ap_q_mode)5, (ap_o_mode)3, 0>::ap_fixed(double)' into '__cxx_global_var_init.5' (firmware/weights/w6.h:12:361)
INFO: [HLS 214-131] Inlining function 'ap_fixed<16, 6, (ap_q_mode)5, (ap_o_mode)3, 0>::ap_fixed(double)' into '__cxx_global_var_init.5' (firmware/weights/w6.h:12:376)
INFO: [HLS 214-131] Inlining function 'ap_fixed<16, 6, (ap_q_mode)5, (ap_o_mode)3, 0>::ap_fixed(double)' into '__cxx_global_var_init.5' (firmware/weights/w6.h:12:390)
INFO: [HLS 214-131] Inlining function 'ap_fixed<16, 6, (ap_q_mode)5, (ap_o_mode)3, 0>::ap_fixed(double)' into '__cxx_global_var_init.5' (firmware/weights/w6.h:12:405)
INFO: [HLS 214-131] Inlining function 'ap_fixed<16, 6, (ap_q_mode)5, (ap_o_mode)3, 0>::ap_fixed(double)' into '__cxx_global_var_init.5' (firmware/weights/w6.h:12:420)
INFO: [HLS 214-131] Inlining function 'ap_fixed<16, 6, (ap_q_mode)5, (ap_o_mode)3, 0>::ap_fixed(double)' into '__cxx_global_var_init.5' (firmware/weights/w6.h:12:435)
INFO: [HLS 214-131] Inlining function 'ap_fixed<16, 6, (ap_q_mode)5, (ap_o_mode)3, 0>::ap_fixed(double)' into '__cxx_global_var_init.5' (firmware/weights/w6.h:12:450)
INFO: [HLS 214-131] Inlining function 'ap_fixed<16, 6, (ap_q_mode)5, (ap_o_mode)3, 0>::ap_fixed(double)' into '__cxx_global_var_init.5' (firmware/weights/w6.h:12:465)
INFO: [HLS 214-131] Inlining function 'ap_fixed<16, 6, (ap_q_mode)5, (ap_o_mode)3, 0>::ap_fixed(double)' into '__cxx_global_var_init.5' (firmware/weights/w6.h:12:480)
INFO: [HLS 214-131] Inlining function 'ap_fixed<16, 6, (ap_q_mode)5, (ap_o_mode)3, 0>::ap_fixed(double)' into '__cxx_global_var_init.5' (firmware/weights/w6.h:12:494)
INFO: [HLS 214-131] Inlining function 'ap_fixed<16, 6, (ap_q_mode)5, (ap_o_mode)3, 0>::ap_fixed(double)' into '__cxx_global_var_init.5' (firmware/weights/w6.h:12:509)
INFO: [HLS 214-131] Inlining function 'ap_fixed<16, 6, (ap_q_mode)5, (ap_o_mode)3, 0>::ap_fixed(double)' into '__cxx_global_var_init.5' (firmware/weights/w6.h:12:524)
INFO: [HLS 214-131] Inlining function 'ap_fixed<16, 6, (ap_q_mode)5, (ap_o_mode)3, 0>::ap_fixed(double)' into '__cxx_global_var_init.5' (firmware/weights/w6.h:12:538)
INFO: [HLS 214-131] Inlining function 'ap_fixed<16, 6, (ap_q_mode)5, (ap_o_mode)3, 0>::ap_fixed(double)' into '__cxx_global_var_init.6' (firmware/weights/b6.h:12:29)
INFO: [HLS 214-131] Inlining function 'ap_fixed_base<32, 32, true, (ap_q_mode)5, (ap_o_mode)3, 0>::operator!() const' into 'ap_fixed_base<16, 6, true, (ap_q_mode)5, (ap_o_mode)3, 0>& ap_fixed_base<16, 6, true, (ap_q_mode)5, (ap_o_mode)3, 0>::operator=<32, 32, true, (ap_q_mode)5, (ap_o_mode)3, 0>(ap_fixed_base<32, 32, true, (ap_q_mode)5, (ap_o_mode)3, 0> const&)' (C:/Xilinx/Vitis_HLS/2021.2/common/technology/autopilot\ap_fixed_base.h:707:9)
INFO: [HLS 214-131] Inlining function 'ap_fixed_base<16, 6, true, (ap_q_mode)5, (ap_o_mode)3, 0>& ap_fixed_base<16, 6, true, (ap_q_mode)5, (ap_o_mode)3, 0>::operator=<32, 32, true, (ap_q_mode)5, (ap_o_mode)3, 0>(ap_fixed_base<32, 32, true, (ap_q_mode)5, (ap_o_mode)3, 0> const&)' into 'ap_fixed_base<16, 6, true, (ap_q_mode)5, (ap_o_mode)3, 0>::ap_fixed_base(int)' (C:/Xilinx/Vitis_HLS/2021.2/common/technology/autopilot\ap_fixed_base.h:550:146)
INFO: [HLS 214-131] Inlining function 'ap_fixed_base<16, 6, true, (ap_q_mode)5, (ap_o_mode)3, 0>::ap_fixed_base(int)' into 'ap_fixed<16, 6, (ap_q_mode)5, (ap_o_mode)3, 0>::ap_fixed(int)' (C:/Xilinx/Vitis_HLS/2021.2/common/technology/autopilot\ap_fixed.h:183:59)
INFO: [HLS 214-131] Inlining function 'ap_fixed<16, 6, (ap_q_mode)5, (ap_o_mode)3, 0>::ap_fixed(int)' into 'void nnet::fill_zero<nnet::array<ap_fixed<16, 6, (ap_q_mode)5, (ap_o_mode)3, 0>, 1u>, config7>(hls::stream<nnet::array<ap_fixed<16, 6, (ap_q_mode)5, (ap_o_mode)3, 0>, 1u>, 0>&)' (firmware/nnet_utils/nnet_padding_stream.h:13:16)
INFO: [HLS 214-131] Inlining function 'void nnet::fill_zero<nnet::array<ap_fixed<16, 6, (ap_q_mode)5, (ap_o_mode)3, 0>, 1u>, config7>(hls::stream<nnet::array<ap_fixed<16, 6, (ap_q_mode)5, (ap_o_mode)3, 0>, 1u>, 0>&)' into 'void nnet::zeropad2d_cl<nnet::array<ap_fixed<16, 6, (ap_q_mode)5, (ap_o_mode)3, 0>, 1u>, nnet::array<ap_fixed<16, 6, (ap_q_mode)5, (ap_o_mode)3, 0>, 1u>, config7>(hls::stream<nnet::array<ap_fixed<16, 6, (ap_q_mode)5, (ap_o_mode)3, 0>, 1u>, 0>&, hls::stream<nnet::array<ap_fixed<16, 6, (ap_q_mode)5, (ap_o_mode)3, 0>, 1u>, 0>&)' (firmware/nnet_utils/nnet_padding_stream.h:54:13)
INFO: [HLS 214-131] Inlining function 'void nnet::fill_zero<nnet::array<ap_fixed<16, 6, (ap_q_mode)5, (ap_o_mode)3, 0>, 1u>, config7>(hls::stream<nnet::array<ap_fixed<16, 6, (ap_q_mode)5, (ap_o_mode)3, 0>, 1u>, 0>&)' into 'void nnet::zeropad2d_cl<nnet::array<ap_fixed<16, 6, (ap_q_mode)5, (ap_o_mode)3, 0>, 1u>, nnet::array<ap_fixed<16, 6, (ap_q_mode)5, (ap_o_mode)3, 0>, 1u>, config7>(hls::stream<nnet::array<ap_fixed<16, 6, (ap_q_mode)5, (ap_o_mode)3, 0>, 1u>, 0>&, hls::stream<nnet::array<ap_fixed<16, 6, (ap_q_mode)5, (ap_o_mode)3, 0>, 1u>, 0>&)' (firmware/nnet_utils/nnet_padding_stream.h:62:13)
INFO: [HLS 214-131] Inlining function 'void nnet::fill_data<nnet::array<ap_fixed<16, 6, (ap_q_mode)5, (ap_o_mode)3, 0>, 1u>, nnet::array<ap_fixed<16, 6, (ap_q_mode)5, (ap_o_mode)3, 0>, 1u>, config7>(hls::stream<nnet::array<ap_fixed<16, 6, (ap_q_mode)5, (ap_o_mode)3, 0>, 1u>, 0>&, hls::stream<nnet::array<ap_fixed<16, 6, (ap_q_mode)5, (ap_o_mode)3, 0>, 1u>, 0>&)' into 'void nnet::zeropad2d_cl<nnet::array<ap_fixed<16, 6, (ap_q_mode)5, (ap_o_mode)3, 0>, 1u>, nnet::array<ap_fixed<16, 6, (ap_q_mode)5, (ap_o_mode)3, 0>, 1u>, config7>(hls::stream<nnet::array<ap_fixed<16, 6, (ap_q_mode)5, (ap_o_mode)3, 0>, 1u>, 0>&, hls::stream<nnet::array<ap_fixed<16, 6, (ap_q_mode)5, (ap_o_mode)3, 0>, 1u>, 0>&)' (firmware/nnet_utils/nnet_padding_stream.h:66:13)
INFO: [HLS 214-131] Inlining function 'void nnet::fill_zero<nnet::array<ap_fixed<16, 6, (ap_q_mode)5, (ap_o_mode)3, 0>, 1u>, config7>(hls::stream<nnet::array<ap_fixed<16, 6, (ap_q_mode)5, (ap_o_mode)3, 0>, 1u>, 0>&)' into 'void nnet::zeropad2d_cl<nnet::array<ap_fixed<16, 6, (ap_q_mode)5, (ap_o_mode)3, 0>, 1u>, nnet::array<ap_fixed<16, 6, (ap_q_mode)5, (ap_o_mode)3, 0>, 1u>, config7>(hls::stream<nnet::array<ap_fixed<16, 6, (ap_q_mode)5, (ap_o_mode)3, 0>, 1u>, 0>&, hls::stream<nnet::array<ap_fixed<16, 6, (ap_q_mode)5, (ap_o_mode)3, 0>, 1u>, 0>&)' (firmware/nnet_utils/nnet_padding_stream.h:70:13)
INFO: [HLS 214-131] Inlining function 'void nnet::fill_zero<nnet::array<ap_fixed<16, 6, (ap_q_mode)5, (ap_o_mode)3, 0>, 1u>, config7>(hls::stream<nnet::array<ap_fixed<16, 6, (ap_q_mode)5, (ap_o_mode)3, 0>, 1u>, 0>&)' into 'void nnet::zeropad2d_cl<nnet::array<ap_fixed<16, 6, (ap_q_mode)5, (ap_o_mode)3, 0>, 1u>, nnet::array<ap_fixed<16, 6, (ap_q_mode)5, (ap_o_mode)3, 0>, 1u>, config7>(hls::stream<nnet::array<ap_fixed<16, 6, (ap_q_mode)5, (ap_o_mode)3, 0>, 1u>, 0>&, hls::stream<nnet::array<ap_fixed<16, 6, (ap_q_mode)5, (ap_o_mode)3, 0>, 1u>, 0>&)' (firmware/nnet_utils/nnet_padding_stream.h:78:13)
INFO: [HLS 214-131] Inlining function 'ap_shift_reg<ap_fixed<16, 6, (ap_q_mode)5, (ap_o_mode)3, 0>, 164u>::shift(ap_fixed<16, 6, (ap_q_mode)5, (ap_o_mode)3, 0>, unsigned int, bool)' into 'void nnet::shift_line_buffer<nnet::array<ap_fixed<16, 6, (ap_q_mode)5, (ap_o_mode)3, 0>, 1u>, config2>(nnet::array<ap_fixed<16, 6, (ap_q_mode)5, (ap_o_mode)3, 0>, 1u> const&, ap_shift_reg<nnet::array<ap_fixed<16, 6, (ap_q_mode)5, (ap_o_mode)3, 0>, 1u>::value_type, config2::in_width> (*) [config2::n_chan], nnet::array<ap_fixed<16, 6, (ap_q_mode)5, (ap_o_mode)3, 0>, 1u>::value_type*)' (firmware/nnet_utils/nnet_conv_stream.h:241:69)
INFO: [HLS 214-131] Inlining function 'void nnet::kernel_shift_2d<nnet::array<ap_fixed<16, 6, (ap_q_mode)5, (ap_o_mode)3, 0>, 1u>, config2>(nnet::array<ap_fixed<16, 6, (ap_q_mode)5, (ap_o_mode)3, 0>, 1u>::value_type (*) [config2::n_chan], nnet::array<ap_fixed<16, 6, (ap_q_mode)5, (ap_o_mode)3, 0>, 1u>::value_type*)' into 'void nnet::shift_line_buffer<nnet::array<ap_fixed<16, 6, (ap_q_mode)5, (ap_o_mode)3, 0>, 1u>, config2>(nnet::array<ap_fixed<16, 6, (ap_q_mode)5, (ap_o_mode)3, 0>, 1u> const&, ap_shift_reg<nnet::array<ap_fixed<16, 6, (ap_q_mode)5, (ap_o_mode)3, 0>, 1u>::value_type, config2::in_width> (*) [config2::n_chan], nnet::array<ap_fixed<16, 6, (ap_q_mode)5, (ap_o_mode)3, 0>, 1u>::value_type*)' (firmware/nnet_utils/nnet_conv_stream.h:247:5)
INFO: [HLS 214-131] Inlining function 'ap_fixed<32, 12, (ap_q_mode)5, (ap_o_mode)3, 0>::ap_fixed<32, 12, true, (ap_q_mode)5, (ap_o_mode)3, 0>(ap_fixed_base<32, 12, true, (ap_q_mode)5, (ap_o_mode)3, 0> const&)' into 'ap_fixed_base<16, 6, true, (ap_q_mode)5, (ap_o_mode)3, 0>::RType<16, 6, true>::mult ap_fixed_base<16, 6, true, (ap_q_mode)5, (ap_o_mode)3, 0>::operator*<16, 6, true, (ap_q_mode)5, (ap_o_mode)3, 0>(ap_fixed_base<16, 6, true, (ap_q_mode)5, (ap_o_mode)3, 0> const&) const' (C:/Xilinx/Vitis_HLS/2021.2/common/technology/autopilot\ap_fixed_base.h:1172:12)
INFO: [HLS 214-131] Inlining function 'ap_fixed_base<16, 6, true, (ap_q_mode)5, (ap_o_mode)3, 0>::RType<16, 6, true>::mult ap_fixed_base<16, 6, true, (ap_q_mode)5, (ap_o_mode)3, 0>::operator*<16, 6, true, (ap_q_mode)5, (ap_o_mode)3, 0>(ap_fixed_base<16, 6, true, (ap_q_mode)5, (ap_o_mode)3, 0> const&) const' into 'nnet::product::mult<ap_fixed<16, 6, (ap_q_mode)5, (ap_o_mode)3, 0>, ap_fixed<16, 6, (ap_q_mode)5, (ap_o_mode)3, 0> >::product(ap_fixed<16, 6, (ap_q_mode)5, (ap_o_mode)3, 0>, ap_fixed<16, 6, (ap_q_mode)5, (ap_o_mode)3, 0>)' (firmware/nnet_utils/nnet_mult.h:73:11)
INFO: [HLS 214-131] Inlining function 'ap_fixed_base<32, 12, true, (ap_q_mode)5, (ap_o_mode)3, 0>::operator!() const' into 'ap_fixed_base<16, 6, true, (ap_q_mode)5, (ap_o_mode)3, 0>& ap_fixed_base<16, 6, true, (ap_q_mode)5, (ap_o_mode)3, 0>::operator=<32, 12, true, (ap_q_mode)5, (ap_o_mode)3, 0>(ap_fixed_base<32, 12, true, (ap_q_mode)5, (ap_o_mode)3, 0> const&)' (C:/Xilinx/Vitis_HLS/2021.2/common/technology/autopilot\ap_fixed_base.h:707:9)
INFO: [HLS 214-131] Inlining function 'ap_fixed_base<16, 6, true, (ap_q_mode)5, (ap_o_mode)3, 0>& ap_fixed_base<16, 6, true, (ap_q_mode)5, (ap_o_mode)3, 0>::operator=<32, 12, true, (ap_q_mode)5, (ap_o_mode)3, 0>(ap_fixed_base<32, 12, true, (ap_q_mode)5, (ap_o_mode)3, 0> const&)' into 'ap_fixed_base<16, 6, true, (ap_q_mode)5, (ap_o_mode)3, 0>::ap_fixed_base<32, 12, true, (ap_q_mode)5, (ap_o_mode)3, 0>(ap_fixed_base<32, 12, true, (ap_q_mode)5, (ap_o_mode)3, 0> const&)' (C:/Xilinx/Vitis_HLS/2021.2/common/technology/autopilot\ap_fixed_base.h:440:5)
INFO: [HLS 214-131] Inlining function 'ap_fixed_base<16, 6, true, (ap_q_mode)5, (ap_o_mode)3, 0>::ap_fixed_base<32, 12, true, (ap_q_mode)5, (ap_o_mode)3, 0>(ap_fixed_base<32, 12, true, (ap_q_mode)5, (ap_o_mode)3, 0> const&)' into 'ap_fixed<16, 6, (ap_q_mode)5, (ap_o_mode)3, 0>::ap_fixed<32, 12, true, (ap_q_mode)5, (ap_o_mode)3, 0>(ap_fixed_base<32, 12, true, (ap_q_mode)5, (ap_o_mode)3, 0> const&)' (C:/Xilinx/Vitis_HLS/2021.2/common/technology/autopilot\ap_fixed.h:75:9)
INFO: [HLS 214-131] Inlining function 'ap_fixed_base<16, 6, true, (ap_q_mode)5, (ap_o_mode)3, 0>::operator!() const' into 'ap_fixed_base<17, 7, true, (ap_q_mode)5, (ap_o_mode)3, 0>& ap_fixed_base<17, 7, true, (ap_q_mode)5, (ap_o_mode)3, 0>::operator=<16, 6, true, (ap_q_mode)5, (ap_o_mode)3, 0>(ap_fixed_base<16, 6, true, (ap_q_mode)5, (ap_o_mode)3, 0> const&)' (C:/Xilinx/Vitis_HLS/2021.2/common/technology/autopilot\ap_fixed_base.h:707:9)
INFO: [HLS 214-131] Inlining function 'ap_fixed_base<17, 7, true, (ap_q_mode)5, (ap_o_mode)3, 0>& ap_fixed_base<17, 7, true, (ap_q_mode)5, (ap_o_mode)3, 0>::operator=<16, 6, true, (ap_q_mode)5, (ap_o_mode)3, 0>(ap_fixed_base<16, 6, true, (ap_q_mode)5, (ap_o_mode)3, 0> const&)' into 'ap_fixed_base<17, 7, true, (ap_q_mode)5, (ap_o_mode)3, 0>::ap_fixed_base<16, 6, true, (ap_q_mode)5, (ap_o_mode)3, 0>(ap_fixed_base<16, 6, true, (ap_q_mode)5, (ap_o_mode)3, 0> const&)' (C:/Xilinx/Vitis_HLS/2021.2/common/technology/autopilot\ap_fixed_base.h:440:5)
INFO: [HLS 214-131] Inlining function 'ap_fixed_base<17, 7, true, (ap_q_mode)5, (ap_o_mode)3, 0>::ap_fixed_base<16, 6, true, (ap_q_mode)5, (ap_o_mode)3, 0>(ap_fixed_base<16, 6, true, (ap_q_mode)5, (ap_o_mode)3, 0> const&)' into 'ap_fixed_base<16, 6, true, (ap_q_mode)5, (ap_o_mode)3, 0>::RType<16, 6, true>::plus ap_fixed_base<16, 6, true, (ap_q_mode)5, (ap_o_mode)3, 0>::operator+<16, 6, true, (ap_q_mode)5, (ap_o_mode)3, 0>(ap_fixed_base<16, 6, true, (ap_q_mode)5, (ap_o_mode)3, 0> const&) const' (C:/Xilinx/Vitis_HLS/2021.2/common/technology/autopilot\ap_fixed_base.h:1245:330)
INFO: [HLS 214-131] Inlining function 'ap_fixed<17, 7, (ap_q_mode)5, (ap_o_mode)3, 0>::ap_fixed<17, 7, true, (ap_q_mode)5, (ap_o_mode)3, 0>(ap_fixed_base<17, 7, true, (ap_q_mode)5, (ap_o_mode)3, 0> const&)' into 'ap_fixed_base<16, 6, true, (ap_q_mode)5, (ap_o_mode)3, 0>::RType<16, 6, true>::plus ap_fixed_base<16, 6, true, (ap_q_mode)5, (ap_o_mode)3, 0>::operator+<16, 6, true, (ap_q_mode)5, (ap_o_mode)3, 0>(ap_fixed_base<16, 6, true, (ap_q_mode)5, (ap_o_mode)3, 0> const&) const' (C:/Xilinx/Vitis_HLS/2021.2/common/technology/autopilot\ap_fixed_base.h:1245:382)
INFO: [HLS 214-131] Inlining function 'ap_fixed_base<17, 7, true, (ap_q_mode)5, (ap_o_mode)3, 0>::ap_fixed_base<16, 6, true, (ap_q_mode)5, (ap_o_mode)3, 0>(ap_fixed_base<16, 6, true, (ap_q_mode)5, (ap_o_mode)3, 0> const&)' into 'ap_fixed_base<16, 6, true, (ap_q_mode)5, (ap_o_mode)3, 0>::RType<16, 6, true>::plus ap_fixed_base<16, 6, true, (ap_q_mode)5, (ap_o_mode)3, 0>::operator+<16, 6, true, (ap_q_mode)5, (ap_o_mode)3, 0>(ap_fixed_base<16, 6, true, (ap_q_mode)5, (ap_o_mode)3, 0> const&) const' (C:/Xilinx/Vitis_HLS/2021.2/common/technology/autopilot\ap_fixed_base.h:1245:342)
INFO: [HLS 214-131] Inlining function 'ap_fixed_base<17, 7, true, (ap_q_mode)5, (ap_o_mode)3, 0>::operator!() const' into 'ap_fixed_base<16, 6, true, (ap_q_mode)5, (ap_o_mode)3, 0>& ap_fixed_base<16, 6, true, (ap_q_mode)5, (ap_o_mode)3, 0>::operator=<17, 7, true, (ap_q_mode)5, (ap_o_mode)3, 0>(ap_fixed_base<17, 7, true, (ap_q_mode)5, (ap_o_mode)3, 0> const&)' (C:/Xilinx/Vitis_HLS/2021.2/common/technology/autopilot\ap_fixed_base.h:707:9)
INFO: [HLS 214-131] Inlining function 'ap_fixed_base<16, 6, true, (ap_q_mode)5, (ap_o_mode)3, 0>::RType<16, 6, true>::plus ap_fixed_base<16, 6, true, (ap_q_mode)5, (ap_o_mode)3, 0>::operator+<16, 6, true, (ap_q_mode)5, (ap_o_mode)3, 0>(ap_fixed_base<16, 6, true, (ap_q_mode)5, (ap_o_mode)3, 0> const&) const' into 'ap_fixed_base<16, 6, true, (ap_q_mode)5, (ap_o_mode)3, 0>& ap_fixed_base<16, 6, true, (ap_q_mode)5, (ap_o_mode)3, 0>::operator+=<16, 6, true, (ap_q_mode)5, (ap_o_mode)3, 0>(ap_fixed_base<16, 6, true, (ap_q_mode)5, (ap_o_mode)3, 0> const&)' (C:/Xilinx/Vitis_HLS/2021.2/common/technology/autopilot\ap_fixed_base.h:1265:248)
INFO: [HLS 214-131] Inlining function 'ap_fixed_base<16, 6, true, (ap_q_mode)5, (ap_o_mode)3, 0>& ap_fixed_base<16, 6, true, (ap_q_mode)5, (ap_o_mode)3, 0>::operator=<17, 7, true, (ap_q_mode)5, (ap_o_mode)3, 0>(ap_fixed_base<17, 7, true, (ap_q_mode)5, (ap_o_mode)3, 0> const&)' into 'ap_fixed_base<16, 6, true, (ap_q_mode)5, (ap_o_mode)3, 0>& ap_fixed_base<16, 6, true, (ap_q_mode)5, (ap_o_mode)3, 0>::operator+=<16, 6, true, (ap_q_mode)5, (ap_o_mode)3, 0>(ap_fixed_base<16, 6, true, (ap_q_mode)5, (ap_o_mode)3, 0> const&)' (C:/Xilinx/Vitis_HLS/2021.2/common/technology/autopilot\ap_fixed_base.h:1265:246)
INFO: [HLS 214-131] Inlining function 'ap_fixed_base<16, 6, true, (ap_q_mode)5, (ap_o_mode)3, 0>::operator!() const' into 'ap_fixed_base<37, 17, true, (ap_q_mode)5, (ap_o_mode)3, 0>& ap_fixed_base<37, 17, true, (ap_q_mode)5, (ap_o_mode)3, 0>::operator=<16, 6, true, (ap_q_mode)5, (ap_o_mode)3, 0>(ap_fixed_base<16, 6, true, (ap_q_mode)5, (ap_o_mode)3, 0> const&)' (C:/Xilinx/Vitis_HLS/2021.2/common/technology/autopilot\ap_fixed_base.h:707:9)
INFO: [HLS 214-131] Inlining function 'ap_fixed_base<37, 17, true, (ap_q_mode)5, (ap_o_mode)3, 0>& ap_fixed_base<37, 17, true, (ap_q_mode)5, (ap_o_mode)3, 0>::operator=<16, 6, true, (ap_q_mode)5, (ap_o_mode)3, 0>(ap_fixed_base<16, 6, true, (ap_q_mode)5, (ap_o_mode)3, 0> const&)' into 'ap_fixed_base<37, 17, true, (ap_q_mode)5, (ap_o_mode)3, 0>::ap_fixed_base<16, 6, true, (ap_q_mode)5, (ap_o_mode)3, 0>(ap_fixed_base<16, 6, true, (ap_q_mode)5, (ap_o_mode)3, 0> const&)' (C:/Xilinx/Vitis_HLS/2021.2/common/technology/autopilot\ap_fixed_base.h:440:5)
INFO: [HLS 214-131] Inlining function 'ap_fixed_base<37, 17, true, (ap_q_mode)5, (ap_o_mode)3, 0>::ap_fixed_base<16, 6, true, (ap_q_mode)5, (ap_o_mode)3, 0>(ap_fixed_base<16, 6, true, (ap_q_mode)5, (ap_o_mode)3, 0> const&)' into 'ap_fixed<37, 17, (ap_q_mode)5, (ap_o_mode)3, 0>::ap_fixed<16, 6, true, (ap_q_mode)5, (ap_o_mode)3, 0>(ap_fixed_base<16, 6, true, (ap_q_mode)5, (ap_o_mode)3, 0> const&)' (C:/Xilinx/Vitis_HLS/2021.2/common/technology/autopilot\ap_fixed.h:75:9)
INFO: [HLS 214-131] Inlining function 'ap_fixed<37, 17, (ap_q_mode)5, (ap_o_mode)3, 0>::ap_fixed<16, 6, true, (ap_q_mode)5, (ap_o_mode)3, 0>(ap_fixed_base<16, 6, true, (ap_q_mode)5, (ap_o_mode)3, 0> const&)' into 'std::enable_if<!(std::is_same<ap_fixed<16, 6, (ap_q_mode)5, (ap_o_mode)3, 0>, ap_uint<1> >::value), ap_fixed<37, 17, (ap_q_mode)5, (ap_o_mode)3, 0> >::type nnet::cast<ap_fixed<16, 6, (ap_q_mode)5, (ap_o_mode)3, 0>, ap_fixed<37, 17, (ap_q_mode)5, (ap_o_mode)3, 0>, config2_mult>(config2_mult::accum_t)' (firmware/nnet_utils/nnet_mult.h:111:12)
INFO: [HLS 214-131] Inlining function 'nnet::product::mult<ap_fixed<16, 6, (ap_q_mode)5, (ap_o_mode)3, 0>, ap_fixed<16, 6, (ap_q_mode)5, (ap_o_mode)3, 0> >::product(ap_fixed<16, 6, (ap_q_mode)5, (ap_o_mode)3, 0>, ap_fixed<16, 6, (ap_q_mode)5, (ap_o_mode)3, 0>)' into 'void nnet::dense_resource_rf_gt_nin_rem0<ap_fixed<16, 6, (ap_q_mode)5, (ap_o_mode)3, 0>, ap_fixed<37, 17, (ap_q_mode)5, (ap_o_mode)3, 0>, config2_mult>(ap_fixed<16, 6, (ap_q_mode)5, (ap_o_mode)3, 0>*, ap_fixed<37, 17, (ap_q_mode)5, (ap_o_mode)3, 0>*, config2_mult::weight_t*, config2_mult::bias_t*)' (firmware/nnet_utils/nnet_dense_resource.h:145:17)
INFO: [HLS 214-131] Inlining function 'ap_fixed<16, 6, (ap_q_mode)5, (ap_o_mode)3, 0>::ap_fixed<32, 12, true, (ap_q_mode)5, (ap_o_mode)3, 0>(ap_fixed_base<32, 12, true, (ap_q_mode)5, (ap_o_mode)3, 0> const&)' into 'void nnet::dense_resource_rf_gt_nin_rem0<ap_fixed<16, 6, (ap_q_mode)5, (ap_o_mode)3, 0>, ap_fixed<37, 17, (ap_q_mode)5, (ap_o_mode)3, 0>, config2_mult>(ap_fixed<16, 6, (ap_q_mode)5, (ap_o_mode)3, 0>*, ap_fixed<37, 17, (ap_q_mode)5, (ap_o_mode)3, 0>*, config2_mult::weight_t*, config2_mult::bias_t*)' (firmware/nnet_utils/nnet_dense_resource.h:144:20)
INFO: [HLS 214-131] Inlining function 'ap_fixed_base<16, 6, true, (ap_q_mode)5, (ap_o_mode)3, 0>& ap_fixed_base<16, 6, true, (ap_q_mode)5, (ap_o_mode)3, 0>::operator+=<16, 6, true, (ap_q_mode)5, (ap_o_mode)3, 0>(ap_fixed_base<16, 6, true, (ap_q_mode)5, (ap_o_mode)3, 0> const&)' into 'void nnet::dense_resource_rf_gt_nin_rem0<ap_fixed<16, 6, (ap_q_mode)5, (ap_o_mode)3, 0>, ap_fixed<37, 17, (ap_q_mode)5, (ap_o_mode)3, 0>, config2_mult>(ap_fixed<16, 6, (ap_q_mode)5, (ap_o_mode)3, 0>*, ap_fixed<37, 17, (ap_q_mode)5, (ap_o_mode)3, 0>*, config2_mult::weight_t*, config2_mult::bias_t*)' (firmware/nnet_utils/nnet_dense_resource.h:144:17)
INFO: [HLS 214-131] Inlining function 'nnet::DenseResource_rf_gt_nin_rem0<ap_fixed<16, 6, (ap_q_mode)5, (ap_o_mode)3, 0>, ap_fixed<37, 17, (ap_q_mode)5, (ap_o_mode)3, 0>, config2_mult>::dense(ap_fixed<16, 6, (ap_q_mode)5, (ap_o_mode)3, 0>*, ap_fixed<37, 17, (ap_q_mode)5, (ap_o_mode)3, 0>*, ap_fixed<16, 6, (ap_q_mode)5, (ap_o_mode)3, 0>*, ap_fixed<16, 6, (ap_q_mode)5, (ap_o_mode)3, 0>*)' into 'void nnet::compute_output_buffer_2d<nnet::array<ap_fixed<16, 6, (ap_q_mode)5, (ap_o_mode)3, 0>, 1u>, nnet::array<ap_fixed<37, 17, (ap_q_mode)5, (ap_o_mode)3, 0>, 4u>, config2>(nnet::array<ap_fixed<16, 6, (ap_q_mode)5, (ap_o_mode)3, 0>, 1u> const&, ap_shift_reg<nnet::array<ap_fixed<16, 6, (ap_q_mode)5, (ap_o_mode)3, 0>, 1u>::value_type, config2::in_width> (*) [config2::n_chan], hls::stream<nnet::array<ap_fixed<37, 17, (ap_q_mode)5, (ap_o_mode)3, 0>, 4u>, 0>&, config2::weight_t*, config2::bias_t*)' (firmware/nnet_utils/nnet_conv_stream.h:288:9)
INFO: [HLS 214-131] Inlining function 'ap_shift_reg<ap_fixed<16, 6, (ap_q_mode)5, (ap_o_mode)3, 0>, 164u>::ap_shift_reg()' into 'void nnet::conv_2d_buffer_cl<nnet::array<ap_fixed<16, 6, (ap_q_mode)5, (ap_o_mode)3, 0>, 1u>, nnet::array<ap_fixed<37, 17, (ap_q_mode)5, (ap_o_mode)3, 0>, 4u>, config2>(hls::stream<nnet::array<ap_fixed<16, 6, (ap_q_mode)5, (ap_o_mode)3, 0>, 1u>, 0>&, hls::stream<nnet::array<ap_fixed<37, 17, (ap_q_mode)5, (ap_o_mode)3, 0>, 4u>, 0>&, config2::weight_t*, config2::bias_t*)' (firmware/nnet_utils/nnet_conv2d_stream.h:75:74)
INFO: [HLS 214-131] Inlining function 'ap_fixed_base<32, 32, true, (ap_q_mode)5, (ap_o_mode)3, 0>::operator!() const' into 'ap_fixed_base<52, 32, true, (ap_q_mode)5, (ap_o_mode)3, 0>& ap_fixed_base<52, 32, true, (ap_q_mode)5, (ap_o_mode)3, 0>::operator=<32, 32, true, (ap_q_mode)5, (ap_o_mode)3, 0>(ap_fixed_base<32, 32, true, (ap_q_mode)5, (ap_o_mode)3, 0> const&)' (C:/Xilinx/Vitis_HLS/2021.2/common/technology/autopilot\ap_fixed_base.h:707:9)
INFO: [HLS 214-131] Inlining function 'ap_fixed_base<52, 32, true, (ap_q_mode)5, (ap_o_mode)3, 0>& ap_fixed_base<52, 32, true, (ap_q_mode)5, (ap_o_mode)3, 0>::operator=<32, 32, true, (ap_q_mode)5, (ap_o_mode)3, 0>(ap_fixed_base<32, 32, true, (ap_q_mode)5, (ap_o_mode)3, 0> const&)' into 'ap_fixed_base<52, 32, true, (ap_q_mode)5, (ap_o_mode)3, 0>::ap_fixed_base<32, 32, true, (ap_q_mode)5, (ap_o_mode)3, 0>(ap_fixed_base<32, 32, true, (ap_q_mode)5, (ap_o_mode)3, 0> const&)' (C:/Xilinx/Vitis_HLS/2021.2/common/technology/autopilot\ap_fixed_base.h:440:5)
INFO: [HLS 214-131] Inlining function 'ap_fixed_base<52, 32, true, (ap_q_mode)5, (ap_o_mode)3, 0>::ap_fixed_base<32, 32, true, (ap_q_mode)5, (ap_o_mode)3, 0>(ap_fixed_base<32, 32, true, (ap_q_mode)5, (ap_o_mode)3, 0> const&)' into 'bool ap_fixed_base<37, 17, true, (ap_q_mode)5, (ap_o_mode)3, 0>::operator><32, 32, true, (ap_q_mode)5, (ap_o_mode)3, 0>(ap_fixed_base<32, 32, true, (ap_q_mode)5, (ap_o_mode)3, 0> const&) const' (C:/Xilinx/Vitis_HLS/2021.2/common/technology/autopilot\ap_fixed_base.h:1547:367)
INFO: [HLS 214-131] Inlining function 'ap_fixed_base<32, 32, true, (ap_q_mode)5, (ap_o_mode)3, 0>::ap_fixed_base(int)' into 'bool operator><37, 17, true, (ap_q_mode)5, (ap_o_mode)3, 0>(ap_fixed_base<37, 17, true, (ap_q_mode)5, (ap_o_mode)3, 0> const&, int)' (C:/Xilinx/Vitis_HLS/2021.2/common/technology/autopilot\ap_fixed_base.h:2274:9949)
INFO: [HLS 214-131] Inlining function 'bool ap_fixed_base<37, 17, true, (ap_q_mode)5, (ap_o_mode)3, 0>::operator><32, 32, true, (ap_q_mode)5, (ap_o_mode)3, 0>(ap_fixed_base<32, 32, true, (ap_q_mode)5, (ap_o_mode)3, 0> const&) const' into 'bool operator><37, 17, true, (ap_q_mode)5, (ap_o_mode)3, 0>(ap_fixed_base<37, 17, true, (ap_q_mode)5, (ap_o_mode)3, 0> const&, int)' (C:/Xilinx/Vitis_HLS/2021.2/common/technology/autopilot\ap_fixed_base.h:2274:9938)
INFO: [HLS 214-131] Inlining function 'ap_fixed_base<37, 17, true, (ap_q_mode)5, (ap_o_mode)3, 0>::operator!() const' into 'ap_fixed_base<16, 6, true, (ap_q_mode)5, (ap_o_mode)3, 0>& ap_fixed_base<16, 6, true, (ap_q_mode)5, (ap_o_mode)3, 0>::operator=<37, 17, true, (ap_q_mode)5, (ap_o_mode)3, 0>(ap_fixed_base<37, 17, true, (ap_q_mode)5, (ap_o_mode)3, 0> const&)' (C:/Xilinx/Vitis_HLS/2021.2/common/technology/autopilot\ap_fixed_base.h:707:9)
INFO: [HLS 214-131] Inlining function 'ap_fixed_base<16, 6, true, (ap_q_mode)5, (ap_o_mode)3, 0>& ap_fixed_base<16, 6, true, (ap_q_mode)5, (ap_o_mode)3, 0>::operator=<37, 17, true, (ap_q_mode)5, (ap_o_mode)3, 0>(ap_fixed_base<37, 17, true, (ap_q_mode)5, (ap_o_mode)3, 0> const&)' into 'ap_fixed_base<16, 6, true, (ap_q_mode)5, (ap_o_mode)3, 0>::ap_fixed_base<37, 17, true, (ap_q_mode)5, (ap_o_mode)3, 0>(ap_fixed_base<37, 17, true, (ap_q_mode)5, (ap_o_mode)3, 0> const&)' (C:/Xilinx/Vitis_HLS/2021.2/common/technology/autopilot\ap_fixed_base.h:440:5)
INFO: [HLS 214-131] Inlining function 'ap_fixed_base<16, 6, true, (ap_q_mode)5, (ap_o_mode)3, 0>::ap_fixed_base<37, 17, true, (ap_q_mode)5, (ap_o_mode)3, 0>(ap_fixed_base<37, 17, true, (ap_q_mode)5, (ap_o_mode)3, 0> const&)' into 'ap_fixed<16, 6, (ap_q_mode)5, (ap_o_mode)3, 0>::ap_fixed<37, 17, true, (ap_q_mode)5, (ap_o_mode)3, 0>(ap_fixed_base<37, 17, true, (ap_q_mode)5, (ap_o_mode)3, 0> const&)' (C:/Xilinx/Vitis_HLS/2021.2/common/technology/autopilot\ap_fixed.h:75:9)
INFO: [HLS 214-131] Inlining function 'bool operator><37, 17, true, (ap_q_mode)5, (ap_o_mode)3, 0>(ap_fixed_base<37, 17, true, (ap_q_mode)5, (ap_o_mode)3, 0> const&, int)' into 'void nnet::relu<nnet::array<ap_fixed<37, 17, (ap_q_mode)5, (ap_o_mode)3, 0>, 4u>, nnet::array<ap_fixed<16, 6, (ap_q_mode)5, (ap_o_mode)3, 0>, 4u>, relu_config3>(hls::stream<nnet::array<ap_fixed<37, 17, (ap_q_mode)5, (ap_o_mode)3, 0>, 4u>, 0>&, hls::stream<nnet::array<ap_fixed<16, 6, (ap_q_mode)5, (ap_o_mode)3, 0>, 4u>, 0>&)' (firmware/nnet_utils/nnet_activation_stream.h:51:17)
INFO: [HLS 214-131] Inlining function 'ap_fixed<16, 6, (ap_q_mode)5, (ap_o_mode)3, 0>::ap_fixed(int)' into 'void nnet::relu<nnet::array<ap_fixed<37, 17, (ap_q_mode)5, (ap_o_mode)3, 0>, 4u>, nnet::array<ap_fixed<16, 6, (ap_q_mode)5, (ap_o_mode)3, 0>, 4u>, relu_config3>(hls::stream<nnet::array<ap_fixed<37, 17, (ap_q_mode)5, (ap_o_mode)3, 0>, 4u>, 0>&, hls::stream<nnet::array<ap_fixed<16, 6, (ap_q_mode)5, (ap_o_mode)3, 0>, 4u>, 0>&)' (firmware/nnet_utils/nnet_activation_stream.h:54:31)
INFO: [HLS 214-131] Inlining function 'ap_fixed<16, 6, (ap_q_mode)5, (ap_o_mode)3, 0>::ap_fixed<37, 17, true, (ap_q_mode)5, (ap_o_mode)3, 0>(ap_fixed_base<37, 17, true, (ap_q_mode)5, (ap_o_mode)3, 0> const&)' into 'void nnet::relu<nnet::array<ap_fixed<37, 17, (ap_q_mode)5, (ap_o_mode)3, 0>, 4u>, nnet::array<ap_fixed<16, 6, (ap_q_mode)5, (ap_o_mode)3, 0>, 4u>, relu_config3>(hls::stream<nnet::array<ap_fixed<37, 17, (ap_q_mode)5, (ap_o_mode)3, 0>, 4u>, 0>&, hls::stream<nnet::array<ap_fixed<16, 6, (ap_q_mode)5, (ap_o_mode)3, 0>, 4u>, 0>&)' (firmware/nnet_utils/nnet_activation_stream.h:52:31)
INFO: [HLS 214-131] Inlining function 'ap_fixed<16, 6, (ap_q_mode)5, (ap_o_mode)3, 0>::ap_fixed(int)' into 'void nnet::fill_zero<nnet::array<ap_fixed<16, 6, (ap_q_mode)5, (ap_o_mode)3, 0>, 4u>, config8>(hls::stream<nnet::array<ap_fixed<16, 6, (ap_q_mode)5, (ap_o_mode)3, 0>, 4u>, 0>&)' (firmware/nnet_utils/nnet_padding_stream.h:13:16)
INFO: [HLS 214-131] Inlining function 'void nnet::fill_zero<nnet::array<ap_fixed<16, 6, (ap_q_mode)5, (ap_o_mode)3, 0>, 4u>, config8>(hls::stream<nnet::array<ap_fixed<16, 6, (ap_q_mode)5, (ap_o_mode)3, 0>, 4u>, 0>&)' into 'void nnet::zeropad2d_cl<nnet::array<ap_fixed<16, 6, (ap_q_mode)5, (ap_o_mode)3, 0>, 4u>, nnet::array<ap_fixed<16, 6, (ap_q_mode)5, (ap_o_mode)3, 0>, 4u>, config8>(hls::stream<nnet::array<ap_fixed<16, 6, (ap_q_mode)5, (ap_o_mode)3, 0>, 4u>, 0>&, hls::stream<nnet::array<ap_fixed<16, 6, (ap_q_mode)5, (ap_o_mode)3, 0>, 4u>, 0>&)' (firmware/nnet_utils/nnet_padding_stream.h:54:13)
INFO: [HLS 214-131] Inlining function 'void nnet::fill_zero<nnet::array<ap_fixed<16, 6, (ap_q_mode)5, (ap_o_mode)3, 0>, 4u>, config8>(hls::stream<nnet::array<ap_fixed<16, 6, (ap_q_mode)5, (ap_o_mode)3, 0>, 4u>, 0>&)' into 'void nnet::zeropad2d_cl<nnet::array<ap_fixed<16, 6, (ap_q_mode)5, (ap_o_mode)3, 0>, 4u>, nnet::array<ap_fixed<16, 6, (ap_q_mode)5, (ap_o_mode)3, 0>, 4u>, config8>(hls::stream<nnet::array<ap_fixed<16, 6, (ap_q_mode)5, (ap_o_mode)3, 0>, 4u>, 0>&, hls::stream<nnet::array<ap_fixed<16, 6, (ap_q_mode)5, (ap_o_mode)3, 0>, 4u>, 0>&)' (firmware/nnet_utils/nnet_padding_stream.h:62:13)
INFO: [HLS 214-131] Inlining function 'void nnet::fill_data<nnet::array<ap_fixed<16, 6, (ap_q_mode)5, (ap_o_mode)3, 0>, 4u>, nnet::array<ap_fixed<16, 6, (ap_q_mode)5, (ap_o_mode)3, 0>, 4u>, config8>(hls::stream<nnet::array<ap_fixed<16, 6, (ap_q_mode)5, (ap_o_mode)3, 0>, 4u>, 0>&, hls::stream<nnet::array<ap_fixed<16, 6, (ap_q_mode)5, (ap_o_mode)3, 0>, 4u>, 0>&)' into 'void nnet::zeropad2d_cl<nnet::array<ap_fixed<16, 6, (ap_q_mode)5, (ap_o_mode)3, 0>, 4u>, nnet::array<ap_fixed<16, 6, (ap_q_mode)5, (ap_o_mode)3, 0>, 4u>, config8>(hls::stream<nnet::array<ap_fixed<16, 6, (ap_q_mode)5, (ap_o_mode)3, 0>, 4u>, 0>&, hls::stream<nnet::array<ap_fixed<16, 6, (ap_q_mode)5, (ap_o_mode)3, 0>, 4u>, 0>&)' (firmware/nnet_utils/nnet_padding_stream.h:66:13)
INFO: [HLS 214-131] Inlining function 'void nnet::fill_zero<nnet::array<ap_fixed<16, 6, (ap_q_mode)5, (ap_o_mode)3, 0>, 4u>, config8>(hls::stream<nnet::array<ap_fixed<16, 6, (ap_q_mode)5, (ap_o_mode)3, 0>, 4u>, 0>&)' into 'void nnet::zeropad2d_cl<nnet::array<ap_fixed<16, 6, (ap_q_mode)5, (ap_o_mode)3, 0>, 4u>, nnet::array<ap_fixed<16, 6, (ap_q_mode)5, (ap_o_mode)3, 0>, 4u>, config8>(hls::stream<nnet::array<ap_fixed<16, 6, (ap_q_mode)5, (ap_o_mode)3, 0>, 4u>, 0>&, hls::stream<nnet::array<ap_fixed<16, 6, (ap_q_mode)5, (ap_o_mode)3, 0>, 4u>, 0>&)' (firmware/nnet_utils/nnet_padding_stream.h:70:13)
INFO: [HLS 214-131] Inlining function 'void nnet::fill_zero<nnet::array<ap_fixed<16, 6, (ap_q_mode)5, (ap_o_mode)3, 0>, 4u>, config8>(hls::stream<nnet::array<ap_fixed<16, 6, (ap_q_mode)5, (ap_o_mode)3, 0>, 4u>, 0>&)' into 'void nnet::zeropad2d_cl<nnet::array<ap_fixed<16, 6, (ap_q_mode)5, (ap_o_mode)3, 0>, 4u>, nnet::array<ap_fixed<16, 6, (ap_q_mode)5, (ap_o_mode)3, 0>, 4u>, config8>(hls::stream<nnet::array<ap_fixed<16, 6, (ap_q_mode)5, (ap_o_mode)3, 0>, 4u>, 0>&, hls::stream<nnet::array<ap_fixed<16, 6, (ap_q_mode)5, (ap_o_mode)3, 0>, 4u>, 0>&)' (firmware/nnet_utils/nnet_padding_stream.h:78:13)
INFO: [HLS 214-131] Inlining function 'ap_shift_reg<ap_fixed<16, 6, (ap_q_mode)5, (ap_o_mode)3, 0>, 164u>::shift(ap_fixed<16, 6, (ap_q_mode)5, (ap_o_mode)3, 0>, unsigned int, bool)' into 'void nnet::shift_line_buffer<nnet::array<ap_fixed<16, 6, (ap_q_mode)5, (ap_o_mode)3, 0>, 4u>, config4>(nnet::array<ap_fixed<16, 6, (ap_q_mode)5, (ap_o_mode)3, 0>, 4u> const&, ap_shift_reg<nnet::array<ap_fixed<16, 6, (ap_q_mode)5, (ap_o_mode)3, 0>, 4u>::value_type, config4::in_width> (*) [config4::n_chan], nnet::array<ap_fixed<16, 6, (ap_q_mode)5, (ap_o_mode)3, 0>, 4u>::value_type*)' (firmware/nnet_utils/nnet_conv_stream.h:241:69)
INFO: [HLS 214-131] Inlining function 'void nnet::kernel_shift_2d<nnet::array<ap_fixed<16, 6, (ap_q_mode)5, (ap_o_mode)3, 0>, 4u>, config4>(nnet::array<ap_fixed<16, 6, (ap_q_mode)5, (ap_o_mode)3, 0>, 4u>::value_type (*) [config4::n_chan], nnet::array<ap_fixed<16, 6, (ap_q_mode)5, (ap_o_mode)3, 0>, 4u>::value_type*)' into 'void nnet::shift_line_buffer<nnet::array<ap_fixed<16, 6, (ap_q_mode)5, (ap_o_mode)3, 0>, 4u>, config4>(nnet::array<ap_fixed<16, 6, (ap_q_mode)5, (ap_o_mode)3, 0>, 4u> const&, ap_shift_reg<nnet::array<ap_fixed<16, 6, (ap_q_mode)5, (ap_o_mode)3, 0>, 4u>::value_type, config4::in_width> (*) [config4::n_chan], nnet::array<ap_fixed<16, 6, (ap_q_mode)5, (ap_o_mode)3, 0>, 4u>::value_type*)' (firmware/nnet_utils/nnet_conv_stream.h:247:5)
INFO: [HLS 214-131] Inlining function 'ap_fixed_base<16, 6, true, (ap_q_mode)5, (ap_o_mode)3, 0>::operator!() const' into 'ap_fixed_base<39, 19, true, (ap_q_mode)5, (ap_o_mode)3, 0>& ap_fixed_base<39, 19, true, (ap_q_mode)5, (ap_o_mode)3, 0>::operator=<16, 6, true, (ap_q_mode)5, (ap_o_mode)3, 0>(ap_fixed_base<16, 6, true, (ap_q_mode)5, (ap_o_mode)3, 0> const&)' (C:/Xilinx/Vitis_HLS/2021.2/common/technology/autopilot\ap_fixed_base.h:707:9)
INFO: [HLS 214-131] Inlining function 'ap_fixed_base<39, 19, true, (ap_q_mode)5, (ap_o_mode)3, 0>& ap_fixed_base<39, 19, true, (ap_q_mode)5, (ap_o_mode)3, 0>::operator=<16, 6, true, (ap_q_mode)5, (ap_o_mode)3, 0>(ap_fixed_base<16, 6, true, (ap_q_mode)5, (ap_o_mode)3, 0> const&)' into 'ap_fixed_base<39, 19, true, (ap_q_mode)5, (ap_o_mode)3, 0>::ap_fixed_base<16, 6, true, (ap_q_mode)5, (ap_o_mode)3, 0>(ap_fixed_base<16, 6, true, (ap_q_mode)5, (ap_o_mode)3, 0> const&)' (C:/Xilinx/Vitis_HLS/2021.2/common/technology/autopilot\ap_fixed_base.h:440:5)
INFO: [HLS 214-131] Inlining function 'ap_fixed_base<39, 19, true, (ap_q_mode)5, (ap_o_mode)3, 0>::ap_fixed_base<16, 6, true, (ap_q_mode)5, (ap_o_mode)3, 0>(ap_fixed_base<16, 6, true, (ap_q_mode)5, (ap_o_mode)3, 0> const&)' into 'ap_fixed<39, 19, (ap_q_mode)5, (ap_o_mode)3, 0>::ap_fixed<16, 6, true, (ap_q_mode)5, (ap_o_mode)3, 0>(ap_fixed_base<16, 6, true, (ap_q_mode)5, (ap_o_mode)3, 0> const&)' (C:/Xilinx/Vitis_HLS/2021.2/common/technology/autopilot\ap_fixed.h:75:9)
INFO: [HLS 214-131] Inlining function 'ap_fixed<39, 19, (ap_q_mode)5, (ap_o_mode)3, 0>::ap_fixed<16, 6, true, (ap_q_mode)5, (ap_o_mode)3, 0>(ap_fixed_base<16, 6, true, (ap_q_mode)5, (ap_o_mode)3, 0> const&)' into 'std::enable_if<!(std::is_same<ap_fixed<16, 6, (ap_q_mode)5, (ap_o_mode)3, 0>, ap_uint<1> >::value), ap_fixed<39, 19, (ap_q_mode)5, (ap_o_mode)3, 0> >::type nnet::cast<ap_fixed<16, 6, (ap_q_mode)5, (ap_o_mode)3, 0>, ap_fixed<39, 19, (ap_q_mode)5, (ap_o_mode)3, 0>, config4_mult>(config4_mult::accum_t)' (firmware/nnet_utils/nnet_mult.h:111:12)
INFO: [HLS 214-131] Inlining function 'nnet::product::mult<ap_fixed<16, 6, (ap_q_mode)5, (ap_o_mode)3, 0>, ap_fixed<16, 6, (ap_q_mode)5, (ap_o_mode)3, 0> >::product(ap_fixed<16, 6, (ap_q_mode)5, (ap_o_mode)3, 0>, ap_fixed<16, 6, (ap_q_mode)5, (ap_o_mode)3, 0>)' into 'void nnet::dense_resource_rf_gt_nin_rem0<ap_fixed<16, 6, (ap_q_mode)5, (ap_o_mode)3, 0>, ap_fixed<39, 19, (ap_q_mode)5, (ap_o_mode)3, 0>, config4_mult>(ap_fixed<16, 6, (ap_q_mode)5, (ap_o_mode)3, 0>*, ap_fixed<39, 19, (ap_q_mode)5, (ap_o_mode)3, 0>*, config4_mult::weight_t*, config4_mult::bias_t*)' (firmware/nnet_utils/nnet_dense_resource.h:145:17)
INFO: [HLS 214-131] Inlining function 'ap_fixed<16, 6, (ap_q_mode)5, (ap_o_mode)3, 0>::ap_fixed<32, 12, true, (ap_q_mode)5, (ap_o_mode)3, 0>(ap_fixed_base<32, 12, true, (ap_q_mode)5, (ap_o_mode)3, 0> const&)' into 'void nnet::dense_resource_rf_gt_nin_rem0<ap_fixed<16, 6, (ap_q_mode)5, (ap_o_mode)3, 0>, ap_fixed<39, 19, (ap_q_mode)5, (ap_o_mode)3, 0>, config4_mult>(ap_fixed<16, 6, (ap_q_mode)5, (ap_o_mode)3, 0>*, ap_fixed<39, 19, (ap_q_mode)5, (ap_o_mode)3, 0>*, config4_mult::weight_t*, config4_mult::bias_t*)' (firmware/nnet_utils/nnet_dense_resource.h:144:20)
INFO: [HLS 214-131] Inlining function 'ap_fixed_base<16, 6, true, (ap_q_mode)5, (ap_o_mode)3, 0>& ap_fixed_base<16, 6, true, (ap_q_mode)5, (ap_o_mode)3, 0>::operator+=<16, 6, true, (ap_q_mode)5, (ap_o_mode)3, 0>(ap_fixed_base<16, 6, true, (ap_q_mode)5, (ap_o_mode)3, 0> const&)' into 'void nnet::dense_resource_rf_gt_nin_rem0<ap_fixed<16, 6, (ap_q_mode)5, (ap_o_mode)3, 0>, ap_fixed<39, 19, (ap_q_mode)5, (ap_o_mode)3, 0>, config4_mult>(ap_fixed<16, 6, (ap_q_mode)5, (ap_o_mode)3, 0>*, ap_fixed<39, 19, (ap_q_mode)5, (ap_o_mode)3, 0>*, config4_mult::weight_t*, config4_mult::bias_t*)' (firmware/nnet_utils/nnet_dense_resource.h:144:17)
INFO: [HLS 214-131] Inlining function 'nnet::DenseResource_rf_gt_nin_rem0<ap_fixed<16, 6, (ap_q_mode)5, (ap_o_mode)3, 0>, ap_fixed<39, 19, (ap_q_mode)5, (ap_o_mode)3, 0>, config4_mult>::dense(ap_fixed<16, 6, (ap_q_mode)5, (ap_o_mode)3, 0>*, ap_fixed<39, 19, (ap_q_mode)5, (ap_o_mode)3, 0>*, ap_fixed<16, 6, (ap_q_mode)5, (ap_o_mode)3, 0>*, ap_fixed<16, 6, (ap_q_mode)5, (ap_o_mode)3, 0>*)' into 'void nnet::compute_output_buffer_2d<nnet::array<ap_fixed<16, 6, (ap_q_mode)5, (ap_o_mode)3, 0>, 4u>, nnet::array<ap_fixed<39, 19, (ap_q_mode)5, (ap_o_mode)3, 0>, 4u>, config4>(nnet::array<ap_fixed<16, 6, (ap_q_mode)5, (ap_o_mode)3, 0>, 4u> const&, ap_shift_reg<nnet::array<ap_fixed<16, 6, (ap_q_mode)5, (ap_o_mode)3, 0>, 4u>::value_type, config4::in_width> (*) [config4::n_chan], hls::stream<nnet::array<ap_fixed<39, 19, (ap_q_mode)5, (ap_o_mode)3, 0>, 4u>, 0>&, config4::weight_t*, config4::bias_t*)' (firmware/nnet_utils/nnet_conv_stream.h:288:9)
INFO: [HLS 214-131] Inlining function 'ap_shift_reg<ap_fixed<16, 6, (ap_q_mode)5, (ap_o_mode)3, 0>, 164u>::ap_shift_reg()' into 'void nnet::conv_2d_buffer_cl<nnet::array<ap_fixed<16, 6, (ap_q_mode)5, (ap_o_mode)3, 0>, 4u>, nnet::array<ap_fixed<39, 19, (ap_q_mode)5, (ap_o_mode)3, 0>, 4u>, config4>(hls::stream<nnet::array<ap_fixed<16, 6, (ap_q_mode)5, (ap_o_mode)3, 0>, 4u>, 0>&, hls::stream<nnet::array<ap_fixed<39, 19, (ap_q_mode)5, (ap_o_mode)3, 0>, 4u>, 0>&, config4::weight_t*, config4::bias_t*)' (firmware/nnet_utils/nnet_conv2d_stream.h:75:74)
INFO: [HLS 214-131] Inlining function 'ap_fixed_base<52, 32, true, (ap_q_mode)5, (ap_o_mode)3, 0>::ap_fixed_base<32, 32, true, (ap_q_mode)5, (ap_o_mode)3, 0>(ap_fixed_base<32, 32, true, (ap_q_mode)5, (ap_o_mode)3, 0> const&)' into 'bool ap_fixed_base<39, 19, true, (ap_q_mode)5, (ap_o_mode)3, 0>::operator><32, 32, true, (ap_q_mode)5, (ap_o_mode)3, 0>(ap_fixed_base<32, 32, true, (ap_q_mode)5, (ap_o_mode)3, 0> const&) const' (C:/Xilinx/Vitis_HLS/2021.2/common/technology/autopilot\ap_fixed_base.h:1547:367)
INFO: [HLS 214-131] Inlining function 'ap_fixed_base<32, 32, true, (ap_q_mode)5, (ap_o_mode)3, 0>::ap_fixed_base(int)' into 'bool operator><39, 19, true, (ap_q_mode)5, (ap_o_mode)3, 0>(ap_fixed_base<39, 19, true, (ap_q_mode)5, (ap_o_mode)3, 0> const&, int)' (C:/Xilinx/Vitis_HLS/2021.2/common/technology/autopilot\ap_fixed_base.h:2274:9949)
INFO: [HLS 214-131] Inlining function 'bool ap_fixed_base<39, 19, true, (ap_q_mode)5, (ap_o_mode)3, 0>::operator><32, 32, true, (ap_q_mode)5, (ap_o_mode)3, 0>(ap_fixed_base<32, 32, true, (ap_q_mode)5, (ap_o_mode)3, 0> const&) const' into 'bool operator><39, 19, true, (ap_q_mode)5, (ap_o_mode)3, 0>(ap_fixed_base<39, 19, true, (ap_q_mode)5, (ap_o_mode)3, 0> const&, int)' (C:/Xilinx/Vitis_HLS/2021.2/common/technology/autopilot\ap_fixed_base.h:2274:9938)
INFO: [HLS 214-131] Inlining function 'ap_fixed_base<39, 19, true, (ap_q_mode)5, (ap_o_mode)3, 0>::operator!() const' into 'ap_fixed_base<16, 6, true, (ap_q_mode)5, (ap_o_mode)3, 0>& ap_fixed_base<16, 6, true, (ap_q_mode)5, (ap_o_mode)3, 0>::operator=<39, 19, true, (ap_q_mode)5, (ap_o_mode)3, 0>(ap_fixed_base<39, 19, true, (ap_q_mode)5, (ap_o_mode)3, 0> const&)' (C:/Xilinx/Vitis_HLS/2021.2/common/technology/autopilot\ap_fixed_base.h:707:9)
INFO: [HLS 214-131] Inlining function 'ap_fixed_base<16, 6, true, (ap_q_mode)5, (ap_o_mode)3, 0>& ap_fixed_base<16, 6, true, (ap_q_mode)5, (ap_o_mode)3, 0>::operator=<39, 19, true, (ap_q_mode)5, (ap_o_mode)3, 0>(ap_fixed_base<39, 19, true, (ap_q_mode)5, (ap_o_mode)3, 0> const&)' into 'ap_fixed_base<16, 6, true, (ap_q_mode)5, (ap_o_mode)3, 0>::ap_fixed_base<39, 19, true, (ap_q_mode)5, (ap_o_mode)3, 0>(ap_fixed_base<39, 19, true, (ap_q_mode)5, (ap_o_mode)3, 0> const&)' (C:/Xilinx/Vitis_HLS/2021.2/common/technology/autopilot\ap_fixed_base.h:440:5)
INFO: [HLS 214-131] Inlining function 'ap_fixed_base<16, 6, true, (ap_q_mode)5, (ap_o_mode)3, 0>::ap_fixed_base<39, 19, true, (ap_q_mode)5, (ap_o_mode)3, 0>(ap_fixed_base<39, 19, true, (ap_q_mode)5, (ap_o_mode)3, 0> const&)' into 'ap_fixed<16, 6, (ap_q_mode)5, (ap_o_mode)3, 0>::ap_fixed<39, 19, true, (ap_q_mode)5, (ap_o_mode)3, 0>(ap_fixed_base<39, 19, true, (ap_q_mode)5, (ap_o_mode)3, 0> const&)' (C:/Xilinx/Vitis_HLS/2021.2/common/technology/autopilot\ap_fixed.h:75:9)
INFO: [HLS 214-131] Inlining function 'bool operator><39, 19, true, (ap_q_mode)5, (ap_o_mode)3, 0>(ap_fixed_base<39, 19, true, (ap_q_mode)5, (ap_o_mode)3, 0> const&, int)' into 'void nnet::relu<nnet::array<ap_fixed<39, 19, (ap_q_mode)5, (ap_o_mode)3, 0>, 4u>, nnet::array<ap_fixed<16, 6, (ap_q_mode)5, (ap_o_mode)3, 0>, 4u>, relu_config5>(hls::stream<nnet::array<ap_fixed<39, 19, (ap_q_mode)5, (ap_o_mode)3, 0>, 4u>, 0>&, hls::stream<nnet::array<ap_fixed<16, 6, (ap_q_mode)5, (ap_o_mode)3, 0>, 4u>, 0>&)' (firmware/nnet_utils/nnet_activation_stream.h:51:17)
INFO: [HLS 214-131] Inlining function 'ap_fixed<16, 6, (ap_q_mode)5, (ap_o_mode)3, 0>::ap_fixed(int)' into 'void nnet::relu<nnet::array<ap_fixed<39, 19, (ap_q_mode)5, (ap_o_mode)3, 0>, 4u>, nnet::array<ap_fixed<16, 6, (ap_q_mode)5, (ap_o_mode)3, 0>, 4u>, relu_config5>(hls::stream<nnet::array<ap_fixed<39, 19, (ap_q_mode)5, (ap_o_mode)3, 0>, 4u>, 0>&, hls::stream<nnet::array<ap_fixed<16, 6, (ap_q_mode)5, (ap_o_mode)3, 0>, 4u>, 0>&)' (firmware/nnet_utils/nnet_activation_stream.h:54:31)
INFO: [HLS 214-131] Inlining function 'ap_fixed<16, 6, (ap_q_mode)5, (ap_o_mode)3, 0>::ap_fixed<39, 19, true, (ap_q_mode)5, (ap_o_mode)3, 0>(ap_fixed_base<39, 19, true, (ap_q_mode)5, (ap_o_mode)3, 0> const&)' into 'void nnet::relu<nnet::array<ap_fixed<39, 19, (ap_q_mode)5, (ap_o_mode)3, 0>, 4u>, nnet::array<ap_fixed<16, 6, (ap_q_mode)5, (ap_o_mode)3, 0>, 4u>, relu_config5>(hls::stream<nnet::array<ap_fixed<39, 19, (ap_q_mode)5, (ap_o_mode)3, 0>, 4u>, 0>&, hls::stream<nnet::array<ap_fixed<16, 6, (ap_q_mode)5, (ap_o_mode)3, 0>, 4u>, 0>&)' (firmware/nnet_utils/nnet_activation_stream.h:52:31)
INFO: [HLS 214-131] Inlining function 'ap_fixed<16, 6, (ap_q_mode)5, (ap_o_mode)3, 0>::ap_fixed(int)' into 'void nnet::fill_zero<nnet::array<ap_fixed<16, 6, (ap_q_mode)5, (ap_o_mode)3, 0>, 4u>, config9>(hls::stream<nnet::array<ap_fixed<16, 6, (ap_q_mode)5, (ap_o_mode)3, 0>, 4u>, 0>&)' (firmware/nnet_utils/nnet_padding_stream.h:13:16)
INFO: [HLS 214-131] Inlining function 'void nnet::fill_zero<nnet::array<ap_fixed<16, 6, (ap_q_mode)5, (ap_o_mode)3, 0>, 4u>, config9>(hls::stream<nnet::array<ap_fixed<16, 6, (ap_q_mode)5, (ap_o_mode)3, 0>, 4u>, 0>&)' into 'void nnet::zeropad2d_cl<nnet::array<ap_fixed<16, 6, (ap_q_mode)5, (ap_o_mode)3, 0>, 4u>, nnet::array<ap_fixed<16, 6, (ap_q_mode)5, (ap_o_mode)3, 0>, 4u>, config9>(hls::stream<nnet::array<ap_fixed<16, 6, (ap_q_mode)5, (ap_o_mode)3, 0>, 4u>, 0>&, hls::stream<nnet::array<ap_fixed<16, 6, (ap_q_mode)5, (ap_o_mode)3, 0>, 4u>, 0>&)' (firmware/nnet_utils/nnet_padding_stream.h:54:13)
INFO: [HLS 214-131] Inlining function 'void nnet::fill_zero<nnet::array<ap_fixed<16, 6, (ap_q_mode)5, (ap_o_mode)3, 0>, 4u>, config9>(hls::stream<nnet::array<ap_fixed<16, 6, (ap_q_mode)5, (ap_o_mode)3, 0>, 4u>, 0>&)' into 'void nnet::zeropad2d_cl<nnet::array<ap_fixed<16, 6, (ap_q_mode)5, (ap_o_mode)3, 0>, 4u>, nnet::array<ap_fixed<16, 6, (ap_q_mode)5, (ap_o_mode)3, 0>, 4u>, config9>(hls::stream<nnet::array<ap_fixed<16, 6, (ap_q_mode)5, (ap_o_mode)3, 0>, 4u>, 0>&, hls::stream<nnet::array<ap_fixed<16, 6, (ap_q_mode)5, (ap_o_mode)3, 0>, 4u>, 0>&)' (firmware/nnet_utils/nnet_padding_stream.h:62:13)
INFO: [HLS 214-131] Inlining function 'void nnet::fill_data<nnet::array<ap_fixed<16, 6, (ap_q_mode)5, (ap_o_mode)3, 0>, 4u>, nnet::array<ap_fixed<16, 6, (ap_q_mode)5, (ap_o_mode)3, 0>, 4u>, config9>(hls::stream<nnet::array<ap_fixed<16, 6, (ap_q_mode)5, (ap_o_mode)3, 0>, 4u>, 0>&, hls::stream<nnet::array<ap_fixed<16, 6, (ap_q_mode)5, (ap_o_mode)3, 0>, 4u>, 0>&)' into 'void nnet::zeropad2d_cl<nnet::array<ap_fixed<16, 6, (ap_q_mode)5, (ap_o_mode)3, 0>, 4u>, nnet::array<ap_fixed<16, 6, (ap_q_mode)5, (ap_o_mode)3, 0>, 4u>, config9>(hls::stream<nnet::array<ap_fixed<16, 6, (ap_q_mode)5, (ap_o_mode)3, 0>, 4u>, 0>&, hls::stream<nnet::array<ap_fixed<16, 6, (ap_q_mode)5, (ap_o_mode)3, 0>, 4u>, 0>&)' (firmware/nnet_utils/nnet_padding_stream.h:66:13)
INFO: [HLS 214-131] Inlining function 'void nnet::fill_zero<nnet::array<ap_fixed<16, 6, (ap_q_mode)5, (ap_o_mode)3, 0>, 4u>, config9>(hls::stream<nnet::array<ap_fixed<16, 6, (ap_q_mode)5, (ap_o_mode)3, 0>, 4u>, 0>&)' into 'void nnet::zeropad2d_cl<nnet::array<ap_fixed<16, 6, (ap_q_mode)5, (ap_o_mode)3, 0>, 4u>, nnet::array<ap_fixed<16, 6, (ap_q_mode)5, (ap_o_mode)3, 0>, 4u>, config9>(hls::stream<nnet::array<ap_fixed<16, 6, (ap_q_mode)5, (ap_o_mode)3, 0>, 4u>, 0>&, hls::stream<nnet::array<ap_fixed<16, 6, (ap_q_mode)5, (ap_o_mode)3, 0>, 4u>, 0>&)' (firmware/nnet_utils/nnet_padding_stream.h:70:13)
INFO: [HLS 214-131] Inlining function 'void nnet::fill_zero<nnet::array<ap_fixed<16, 6, (ap_q_mode)5, (ap_o_mode)3, 0>, 4u>, config9>(hls::stream<nnet::array<ap_fixed<16, 6, (ap_q_mode)5, (ap_o_mode)3, 0>, 4u>, 0>&)' into 'void nnet::zeropad2d_cl<nnet::array<ap_fixed<16, 6, (ap_q_mode)5, (ap_o_mode)3, 0>, 4u>, nnet::array<ap_fixed<16, 6, (ap_q_mode)5, (ap_o_mode)3, 0>, 4u>, config9>(hls::stream<nnet::array<ap_fixed<16, 6, (ap_q_mode)5, (ap_o_mode)3, 0>, 4u>, 0>&, hls::stream<nnet::array<ap_fixed<16, 6, (ap_q_mode)5, (ap_o_mode)3, 0>, 4u>, 0>&)' (firmware/nnet_utils/nnet_padding_stream.h:78:13)
INFO: [HLS 214-131] Inlining function 'ap_shift_reg<ap_fixed<16, 6, (ap_q_mode)5, (ap_o_mode)3, 0>, 164u>::shift(ap_fixed<16, 6, (ap_q_mode)5, (ap_o_mode)3, 0>, unsigned int, bool)' into 'void nnet::shift_line_buffer<nnet::array<ap_fixed<16, 6, (ap_q_mode)5, (ap_o_mode)3, 0>, 4u>, config6>(nnet::array<ap_fixed<16, 6, (ap_q_mode)5, (ap_o_mode)3, 0>, 4u> const&, ap_shift_reg<nnet::array<ap_fixed<16, 6, (ap_q_mode)5, (ap_o_mode)3, 0>, 4u>::value_type, config6::in_width> (*) [config6::n_chan], nnet::array<ap_fixed<16, 6, (ap_q_mode)5, (ap_o_mode)3, 0>, 4u>::value_type*)' (firmware/nnet_utils/nnet_conv_stream.h:241:69)
INFO: [HLS 214-131] Inlining function 'void nnet::kernel_shift_2d<nnet::array<ap_fixed<16, 6, (ap_q_mode)5, (ap_o_mode)3, 0>, 4u>, config6>(nnet::array<ap_fixed<16, 6, (ap_q_mode)5, (ap_o_mode)3, 0>, 4u>::value_type (*) [config6::n_chan], nnet::array<ap_fixed<16, 6, (ap_q_mode)5, (ap_o_mode)3, 0>, 4u>::value_type*)' into 'void nnet::shift_line_buffer<nnet::array<ap_fixed<16, 6, (ap_q_mode)5, (ap_o_mode)3, 0>, 4u>, config6>(nnet::array<ap_fixed<16, 6, (ap_q_mode)5, (ap_o_mode)3, 0>, 4u> const&, ap_shift_reg<nnet::array<ap_fixed<16, 6, (ap_q_mode)5, (ap_o_mode)3, 0>, 4u>::value_type, config6::in_width> (*) [config6::n_chan], nnet::array<ap_fixed<16, 6, (ap_q_mode)5, (ap_o_mode)3, 0>, 4u>::value_type*)' (firmware/nnet_utils/nnet_conv_stream.h:247:5)
INFO: [HLS 214-131] Inlining function 'ap_fixed<39, 19, (ap_q_mode)5, (ap_o_mode)3, 0>::ap_fixed<16, 6, true, (ap_q_mode)5, (ap_o_mode)3, 0>(ap_fixed_base<16, 6, true, (ap_q_mode)5, (ap_o_mode)3, 0> const&)' into 'std::enable_if<!(std::is_same<ap_fixed<16, 6, (ap_q_mode)5, (ap_o_mode)3, 0>, ap_uint<1> >::value), ap_fixed<39, 19, (ap_q_mode)5, (ap_o_mode)3, 0> >::type nnet::cast<ap_fixed<16, 6, (ap_q_mode)5, (ap_o_mode)3, 0>, ap_fixed<39, 19, (ap_q_mode)5, (ap_o_mode)3, 0>, config6_mult>(config6_mult::accum_t)' (firmware/nnet_utils/nnet_mult.h:111:12)
INFO: [HLS 214-131] Inlining function 'nnet::product::mult<ap_fixed<16, 6, (ap_q_mode)5, (ap_o_mode)3, 0>, ap_fixed<16, 6, (ap_q_mode)5, (ap_o_mode)3, 0> >::product(ap_fixed<16, 6, (ap_q_mode)5, (ap_o_mode)3, 0>, ap_fixed<16, 6, (ap_q_mode)5, (ap_o_mode)3, 0>)' into 'void nnet::dense_resource_rf_leq_nin<ap_fixed<16, 6, (ap_q_mode)5, (ap_o_mode)3, 0>, ap_fixed<39, 19, (ap_q_mode)5, (ap_o_mode)3, 0>, config6_mult>(ap_fixed<16, 6, (ap_q_mode)5, (ap_o_mode)3, 0>*, ap_fixed<39, 19, (ap_q_mode)5, (ap_o_mode)3, 0>*, config6_mult::weight_t*, config6_mult::bias_t*)' (firmware/nnet_utils/nnet_dense_resource.h:59:17)
INFO: [HLS 214-131] Inlining function 'ap_fixed<16, 6, (ap_q_mode)5, (ap_o_mode)3, 0>::ap_fixed<32, 12, true, (ap_q_mode)5, (ap_o_mode)3, 0>(ap_fixed_base<32, 12, true, (ap_q_mode)5, (ap_o_mode)3, 0> const&)' into 'void nnet::dense_resource_rf_leq_nin<ap_fixed<16, 6, (ap_q_mode)5, (ap_o_mode)3, 0>, ap_fixed<39, 19, (ap_q_mode)5, (ap_o_mode)3, 0>, config6_mult>(ap_fixed<16, 6, (ap_q_mode)5, (ap_o_mode)3, 0>*, ap_fixed<39, 19, (ap_q_mode)5, (ap_o_mode)3, 0>*, config6_mult::weight_t*, config6_mult::bias_t*)' (firmware/nnet_utils/nnet_dense_resource.h:58:20)
INFO: [HLS 214-131] Inlining function 'ap_fixed_base<16, 6, true, (ap_q_mode)5, (ap_o_mode)3, 0>& ap_fixed_base<16, 6, true, (ap_q_mode)5, (ap_o_mode)3, 0>::operator+=<16, 6, true, (ap_q_mode)5, (ap_o_mode)3, 0>(ap_fixed_base<16, 6, true, (ap_q_mode)5, (ap_o_mode)3, 0> const&)' into 'void nnet::dense_resource_rf_leq_nin<ap_fixed<16, 6, (ap_q_mode)5, (ap_o_mode)3, 0>, ap_fixed<39, 19, (ap_q_mode)5, (ap_o_mode)3, 0>, config6_mult>(ap_fixed<16, 6, (ap_q_mode)5, (ap_o_mode)3, 0>*, ap_fixed<39, 19, (ap_q_mode)5, (ap_o_mode)3, 0>*, config6_mult::weight_t*, config6_mult::bias_t*)' (firmware/nnet_utils/nnet_dense_resource.h:58:17)
INFO: [HLS 214-131] Inlining function 'nnet::DenseResource_rf_leq_nin<ap_fixed<16, 6, (ap_q_mode)5, (ap_o_mode)3, 0>, ap_fixed<39, 19, (ap_q_mode)5, (ap_o_mode)3, 0>, config6_mult>::dense(ap_fixed<16, 6, (ap_q_mode)5, (ap_o_mode)3, 0>*, ap_fixed<39, 19, (ap_q_mode)5, (ap_o_mode)3, 0>*, ap_fixed<16, 6, (ap_q_mode)5, (ap_o_mode)3, 0>*, ap_fixed<16, 6, (ap_q_mode)5, (ap_o_mode)3, 0>*)' into 'void nnet::compute_output_buffer_2d<nnet::array<ap_fixed<16, 6, (ap_q_mode)5, (ap_o_mode)3, 0>, 4u>, nnet::array<ap_fixed<39, 19, (ap_q_mode)5, (ap_o_mode)3, 0>, 1u>, config6>(nnet::array<ap_fixed<16, 6, (ap_q_mode)5, (ap_o_mode)3, 0>, 4u> const&, ap_shift_reg<nnet::array<ap_fixed<16, 6, (ap_q_mode)5, (ap_o_mode)3, 0>, 4u>::value_type, config6::in_width> (*) [config6::n_chan], hls::stream<nnet::array<ap_fixed<39, 19, (ap_q_mode)5, (ap_o_mode)3, 0>, 1u>, 0>&, config6::weight_t*, config6::bias_t*)' (firmware/nnet_utils/nnet_conv_stream.h:288:9)
INFO: [HLS 214-131] Inlining function 'ap_shift_reg<ap_fixed<16, 6, (ap_q_mode)5, (ap_o_mode)3, 0>, 164u>::ap_shift_reg()' into 'void nnet::conv_2d_buffer_cl<nnet::array<ap_fixed<16, 6, (ap_q_mode)5, (ap_o_mode)3, 0>, 4u>, nnet::array<ap_fixed<39, 19, (ap_q_mode)5, (ap_o_mode)3, 0>, 1u>, config6>(hls::stream<nnet::array<ap_fixed<16, 6, (ap_q_mode)5, (ap_o_mode)3, 0>, 4u>, 0>&, hls::stream<nnet::array<ap_fixed<39, 19, (ap_q_mode)5, (ap_o_mode)3, 0>, 1u>, 0>&, config6::weight_t*, config6::bias_t*)' (firmware/nnet_utils/nnet_conv2d_stream.h:75:74)
INFO: [HLS 214-291] Loop 'MultLoop' is marked as complete unroll implied by the pipeline pragma (firmware/nnet_utils/nnet_dense_resource.h:55:9)
INFO: [HLS 214-291] Loop 'KernelPushHeight' is marked as complete unroll implied by the pipeline pragma (firmware/nnet_utils/nnet_conv_stream.h:205:5)
INFO: [HLS 214-291] Loop 'KernelPushChannel' is marked as complete unroll implied by the pipeline pragma (firmware/nnet_utils/nnet_conv_stream.h:208:9)
INFO: [HLS 214-291] Loop 'KernelShiftWidth' is marked as complete unroll implied by the pipeline pragma (firmware/nnet_utils/nnet_conv_stream.h:189:5)
INFO: [HLS 214-291] Loop 'KernelShiftHeight' is marked as complete unroll implied by the pipeline pragma (firmware/nnet_utils/nnet_conv_stream.h:192:9)
INFO: [HLS 214-291] Loop 'KernelShiftChannel' is marked as complete unroll implied by the pipeline pragma (firmware/nnet_utils/nnet_conv_stream.h:194:13)
INFO: [HLS 214-291] Loop 'LineBufferDataIn' is marked as complete unroll implied by the pipeline pragma (firmware/nnet_utils/nnet_conv_stream.h:236:5)
INFO: [HLS 214-291] Loop 'LineBufferShift' is marked as complete unroll implied by the pipeline pragma (firmware/nnet_utils/nnet_conv_stream.h:239:9)
INFO: [HLS 214-291] Loop 'UpdateBuffer' is marked as complete unroll implied by the pipeline pragma (firmware/nnet_utils/nnet_conv_stream.h:228:5)
INFO: [HLS 214-291] Loop 'anonymous' is marked as complete unroll implied by the pipeline pragma (firmware/nnet_utils/nnet_conv_stream.h:224:30)
INFO: [HLS 214-291] Loop 'ReLUPackLoop' is marked as complete unroll implied by the pipeline pragma (firmware/nnet_utils/nnet_activation_stream.h:49:9)
INFO: [HLS 214-291] Loop 'MultLoop' is marked as complete unroll implied by the pipeline pragma (firmware/nnet_utils/nnet_dense_resource.h:142:9)
INFO: [HLS 214-186] Unrolling loop 'CastLoop' (firmware/nnet_utils/nnet_conv_stream.h:293:9) in function 'nnet::compute_output_buffer_2d<nnet::array<ap_fixed<16, 6, (ap_q_mode)5, (ap_o_mode)3, 0>, 4u>, nnet::array<ap_fixed<39, 19, (ap_q_mode)5, (ap_o_mode)3, 0>, 1u>, config6>' completely with a factor of 1 (firmware/nnet_utils/nnet_conv_stream.h:257:0)
INFO: [HLS 214-186] Unrolling loop 'Result' (firmware/nnet_utils/nnet_dense_resource.h:80:5) in function 'nnet::dense_resource_rf_leq_nin<ap_fixed<16, 6, (ap_q_mode)5, (ap_o_mode)3, 0>, ap_fixed<39, 19, (ap_q_mode)5, (ap_o_mode)3, 0>, config6_mult>' completely with a factor of 1 (firmware/nnet_utils/nnet_dense_resource.h:15:0)
INFO: [HLS 214-186] Unrolling loop 'MultLoop' (firmware/nnet_utils/nnet_dense_resource.h:55:9) in function 'nnet::dense_resource_rf_leq_nin<ap_fixed<16, 6, (ap_q_mode)5, (ap_o_mode)3, 0>, ap_fixed<39, 19, (ap_q_mode)5, (ap_o_mode)3, 0>, config6_mult>' completely with a factor of 1 (firmware/nnet_utils/nnet_dense_resource.h:15:0)
INFO: [HLS 214-186] Unrolling loop 'InitAccum' (firmware/nnet_utils/nnet_dense_resource.h:40:5) in function 'nnet::dense_resource_rf_leq_nin<ap_fixed<16, 6, (ap_q_mode)5, (ap_o_mode)3, 0>, ap_fixed<39, 19, (ap_q_mode)5, (ap_o_mode)3, 0>, config6_mult>' completely with a factor of 1 (firmware/nnet_utils/nnet_dense_resource.h:15:0)
INFO: [HLS 214-186] Unrolling loop 'KernelPushHeight' (firmware/nnet_utils/nnet_conv_stream.h:205:5) in function 'nnet::shift_line_buffer<nnet::array<ap_fixed<16, 6, (ap_q_mode)5, (ap_o_mode)3, 0>, 4u>, config6>' completely with a factor of 3 (firmware/nnet_utils/nnet_conv_stream.h:219:0)
INFO: [HLS 214-186] Unrolling loop 'KernelPushChannel' (firmware/nnet_utils/nnet_conv_stream.h:208:9) in function 'nnet::shift_line_buffer<nnet::array<ap_fixed<16, 6, (ap_q_mode)5, (ap_o_mode)3, 0>, 4u>, config6>' completely with a factor of 4 (firmware/nnet_utils/nnet_conv_stream.h:219:0)
INFO: [HLS 214-186] Unrolling loop 'KernelShiftWidth' (firmware/nnet_utils/nnet_conv_stream.h:189:5) in function 'nnet::shift_line_buffer<nnet::array<ap_fixed<16, 6, (ap_q_mode)5, (ap_o_mode)3, 0>, 4u>, config6>' completely with a factor of 2 (firmware/nnet_utils/nnet_conv_stream.h:219:0)
WARNING: [HLS 214-189] Pipeline directive for loop 'KernelShiftWidth' (firmware/nnet_utils/nnet_conv_stream.h:189:5) in function 'nnet::shift_line_buffer<nnet::array<ap_fixed<16, 6, (ap_q_mode)5, (ap_o_mode)3, 0>, 4u>, config6>' has been removed because the loop is unrolled completely (firmware/nnet_utils/nnet_conv_stream.h:219:0)
INFO: [HLS 214-186] Unrolling loop 'KernelShiftHeight' (firmware/nnet_utils/nnet_conv_stream.h:192:9) in function 'nnet::shift_line_buffer<nnet::array<ap_fixed<16, 6, (ap_q_mode)5, (ap_o_mode)3, 0>, 4u>, config6>' completely with a factor of 3 (firmware/nnet_utils/nnet_conv_stream.h:219:0)
INFO: [HLS 214-186] Unrolling loop 'KernelShiftChannel' (firmware/nnet_utils/nnet_conv_stream.h:194:13) in function 'nnet::shift_line_buffer<nnet::array<ap_fixed<16, 6, (ap_q_mode)5, (ap_o_mode)3, 0>, 4u>, config6>' completely with a factor of 4 (firmware/nnet_utils/nnet_conv_stream.h:219:0)
INFO: [HLS 214-186] Unrolling loop 'LineBufferDataIn' (firmware/nnet_utils/nnet_conv_stream.h:236:5) in function 'nnet::shift_line_buffer<nnet::array<ap_fixed<16, 6, (ap_q_mode)5, (ap_o_mode)3, 0>, 4u>, config6>' completely with a factor of 4 (firmware/nnet_utils/nnet_conv_stream.h:219:0)
INFO: [HLS 214-186] Unrolling loop 'LineBufferShift' (firmware/nnet_utils/nnet_conv_stream.h:239:9) in function 'nnet::shift_line_buffer<nnet::array<ap_fixed<16, 6, (ap_q_mode)5, (ap_o_mode)3, 0>, 4u>, config6>' completely with a factor of 2 (firmware/nnet_utils/nnet_conv_stream.h:219:0)
INFO: [HLS 214-186] Unrolling loop 'UpdateBuffer' (firmware/nnet_utils/nnet_conv_stream.h:228:5) in function 'nnet::shift_line_buffer<nnet::array<ap_fixed<16, 6, (ap_q_mode)5, (ap_o_mode)3, 0>, 4u>, config6>' completely with a factor of 4 (firmware/nnet_utils/nnet_conv_stream.h:219:0)
INFO: [HLS 214-186] Unrolling loop 'anonymous' (firmware/nnet_utils/nnet_conv_stream.h:224:30) in function 'nnet::shift_line_buffer<nnet::array<ap_fixed<16, 6, (ap_q_mode)5, (ap_o_mode)3, 0>, 4u>, config6>' completely with a factor of 3 (firmware/nnet_utils/nnet_conv_stream.h:219:0)
INFO: [HLS 214-186] Unrolling loop 'anonymous' (firmware/nnet_utils/nnet_conv_stream.h:224:30) in function 'nnet::shift_line_buffer<nnet::array<ap_fixed<16, 6, (ap_q_mode)5, (ap_o_mode)3, 0>, 4u>, config6>' completely with a factor of 4 (firmware/nnet_utils/nnet_conv_stream.h:219:0)
INFO: [HLS 214-186] Unrolling loop 'VITIS_LOOP_11_1' (firmware/nnet_utils/nnet_padding_stream.h:11:22) in function 'nnet::zeropad2d_cl<nnet::array<ap_fixed<16, 6, (ap_q_mode)5, (ap_o_mode)3, 0>, 4u>, nnet::array<ap_fixed<16, 6, (ap_q_mode)5, (ap_o_mode)3, 0>, 4u>, config9>' completely with a factor of 4 (firmware/nnet_utils/nnet_padding_stream.h:48:0)
INFO: [HLS 214-186] Unrolling loop 'VITIS_LOOP_22_1' (firmware/nnet_utils/nnet_padding_stream.h:22:22) in function 'nnet::zeropad2d_cl<nnet::array<ap_fixed<16, 6, (ap_q_mode)5, (ap_o_mode)3, 0>, 4u>, nnet::array<ap_fixed<16, 6, (ap_q_mode)5, (ap_o_mode)3, 0>, 4u>, config9>' completely with a factor of 4 (firmware/nnet_utils/nnet_padding_stream.h:48:0)
INFO: [HLS 214-186] Unrolling loop 'ReLUPackLoop' (firmware/nnet_utils/nnet_activation_stream.h:49:9) in function 'nnet::relu<nnet::array<ap_fixed<39, 19, (ap_q_mode)5, (ap_o_mode)3, 0>, 4u>, nnet::array<ap_fixed<16, 6, (ap_q_mode)5, (ap_o_mode)3, 0>, 4u>, relu_config5>' completely with a factor of 4 (firmware/nnet_utils/nnet_activation_stream.h:39:0)
INFO: [HLS 214-186] Unrolling loop 'CastLoop' (firmware/nnet_utils/nnet_conv_stream.h:293:9) in function 'nnet::compute_output_buffer_2d<nnet::array<ap_fixed<16, 6, (ap_q_mode)5, (ap_o_mode)3, 0>, 4u>, nnet::array<ap_fixed<39, 19, (ap_q_mode)5, (ap_o_mode)3, 0>, 4u>, config4>' completely with a factor of 4 (firmware/nnet_utils/nnet_conv_stream.h:257:0)
INFO: [HLS 214-186] Unrolling loop 'Result' (firmware/nnet_utils/nnet_dense_resource.h:162:5) in function 'nnet::dense_resource_rf_gt_nin_rem0<ap_fixed<16, 6, (ap_q_mode)5, (ap_o_mode)3, 0>, ap_fixed<39, 19, (ap_q_mode)5, (ap_o_mode)3, 0>, config4_mult>' completely with a factor of 4 (firmware/nnet_utils/nnet_dense_resource.h:89:0)
INFO: [HLS 214-186] Unrolling loop 'MultLoop' (firmware/nnet_utils/nnet_dense_resource.h:142:9) in function 'nnet::dense_resource_rf_gt_nin_rem0<ap_fixed<16, 6, (ap_q_mode)5, (ap_o_mode)3, 0>, ap_fixed<39, 19, (ap_q_mode)5, (ap_o_mode)3, 0>, config4_mult>' completely with a factor of 1 (firmware/nnet_utils/nnet_dense_resource.h:89:0)
INFO: [HLS 214-186] Unrolling loop 'InitAccum' (firmware/nnet_utils/nnet_dense_resource.h:114:5) in function 'nnet::dense_resource_rf_gt_nin_rem0<ap_fixed<16, 6, (ap_q_mode)5, (ap_o_mode)3, 0>, ap_fixed<39, 19, (ap_q_mode)5, (ap_o_mode)3, 0>, config4_mult>' completely with a factor of 4 (firmware/nnet_utils/nnet_dense_resource.h:89:0)
INFO: [HLS 214-186] Unrolling loop 'KernelPushHeight' (firmware/nnet_utils/nnet_conv_stream.h:205:5) in function 'nnet::shift_line_buffer<nnet::array<ap_fixed<16, 6, (ap_q_mode)5, (ap_o_mode)3, 0>, 4u>, config4>' completely with a factor of 3 (firmware/nnet_utils/nnet_conv_stream.h:219:0)
INFO: [HLS 214-186] Unrolling loop 'KernelPushChannel' (firmware/nnet_utils/nnet_conv_stream.h:208:9) in function 'nnet::shift_line_buffer<nnet::array<ap_fixed<16, 6, (ap_q_mode)5, (ap_o_mode)3, 0>, 4u>, config4>' completely with a factor of 4 (firmware/nnet_utils/nnet_conv_stream.h:219:0)
INFO: [HLS 214-186] Unrolling loop 'KernelShiftWidth' (firmware/nnet_utils/nnet_conv_stream.h:189:5) in function 'nnet::shift_line_buffer<nnet::array<ap_fixed<16, 6, (ap_q_mode)5, (ap_o_mode)3, 0>, 4u>, config4>' completely with a factor of 2 (firmware/nnet_utils/nnet_conv_stream.h:219:0)
WARNING: [HLS 214-189] Pipeline directive for loop 'KernelShiftWidth' (firmware/nnet_utils/nnet_conv_stream.h:189:5) in function 'nnet::shift_line_buffer<nnet::array<ap_fixed<16, 6, (ap_q_mode)5, (ap_o_mode)3, 0>, 4u>, config4>' has been removed because the loop is unrolled completely (firmware/nnet_utils/nnet_conv_stream.h:219:0)
INFO: [HLS 214-186] Unrolling loop 'KernelShiftHeight' (firmware/nnet_utils/nnet_conv_stream.h:192:9) in function 'nnet::shift_line_buffer<nnet::array<ap_fixed<16, 6, (ap_q_mode)5, (ap_o_mode)3, 0>, 4u>, config4>' completely with a factor of 3 (firmware/nnet_utils/nnet_conv_stream.h:219:0)
INFO: [HLS 214-186] Unrolling loop 'KernelShiftChannel' (firmware/nnet_utils/nnet_conv_stream.h:194:13) in function 'nnet::shift_line_buffer<nnet::array<ap_fixed<16, 6, (ap_q_mode)5, (ap_o_mode)3, 0>, 4u>, config4>' completely with a factor of 4 (firmware/nnet_utils/nnet_conv_stream.h:219:0)
INFO: [HLS 214-186] Unrolling loop 'LineBufferDataIn' (firmware/nnet_utils/nnet_conv_stream.h:236:5) in function 'nnet::shift_line_buffer<nnet::array<ap_fixed<16, 6, (ap_q_mode)5, (ap_o_mode)3, 0>, 4u>, config4>' completely with a factor of 4 (firmware/nnet_utils/nnet_conv_stream.h:219:0)
INFO: [HLS 214-186] Unrolling loop 'LineBufferShift' (firmware/nnet_utils/nnet_conv_stream.h:239:9) in function 'nnet::shift_line_buffer<nnet::array<ap_fixed<16, 6, (ap_q_mode)5, (ap_o_mode)3, 0>, 4u>, config4>' completely with a factor of 2 (firmware/nnet_utils/nnet_conv_stream.h:219:0)
INFO: [HLS 214-186] Unrolling loop 'UpdateBuffer' (firmware/nnet_utils/nnet_conv_stream.h:228:5) in function 'nnet::shift_line_buffer<nnet::array<ap_fixed<16, 6, (ap_q_mode)5, (ap_o_mode)3, 0>, 4u>, config4>' completely with a factor of 4 (firmware/nnet_utils/nnet_conv_stream.h:219:0)
INFO: [HLS 214-186] Unrolling loop 'anonymous' (firmware/nnet_utils/nnet_conv_stream.h:224:30) in function 'nnet::shift_line_buffer<nnet::array<ap_fixed<16, 6, (ap_q_mode)5, (ap_o_mode)3, 0>, 4u>, config4>' completely with a factor of 3 (firmware/nnet_utils/nnet_conv_stream.h:219:0)
INFO: [HLS 214-186] Unrolling loop 'anonymous' (firmware/nnet_utils/nnet_conv_stream.h:224:30) in function 'nnet::shift_line_buffer<nnet::array<ap_fixed<16, 6, (ap_q_mode)5, (ap_o_mode)3, 0>, 4u>, config4>' completely with a factor of 4 (firmware/nnet_utils/nnet_conv_stream.h:219:0)
INFO: [HLS 214-186] Unrolling loop 'VITIS_LOOP_11_1' (firmware/nnet_utils/nnet_padding_stream.h:11:22) in function 'nnet::zeropad2d_cl<nnet::array<ap_fixed<16, 6, (ap_q_mode)5, (ap_o_mode)3, 0>, 4u>, nnet::array<ap_fixed<16, 6, (ap_q_mode)5, (ap_o_mode)3, 0>, 4u>, config8>' completely with a factor of 4 (firmware/nnet_utils/nnet_padding_stream.h:48:0)
INFO: [HLS 214-186] Unrolling loop 'VITIS_LOOP_22_1' (firmware/nnet_utils/nnet_padding_stream.h:22:22) in function 'nnet::zeropad2d_cl<nnet::array<ap_fixed<16, 6, (ap_q_mode)5, (ap_o_mode)3, 0>, 4u>, nnet::array<ap_fixed<16, 6, (ap_q_mode)5, (ap_o_mode)3, 0>, 4u>, config8>' completely with a factor of 4 (firmware/nnet_utils/nnet_padding_stream.h:48:0)
INFO: [HLS 214-186] Unrolling loop 'ReLUPackLoop' (firmware/nnet_utils/nnet_activation_stream.h:49:9) in function 'nnet::relu<nnet::array<ap_fixed<37, 17, (ap_q_mode)5, (ap_o_mode)3, 0>, 4u>, nnet::array<ap_fixed<16, 6, (ap_q_mode)5, (ap_o_mode)3, 0>, 4u>, relu_config3>' completely with a factor of 4 (firmware/nnet_utils/nnet_activation_stream.h:39:0)
INFO: [HLS 214-186] Unrolling loop 'CastLoop' (firmware/nnet_utils/nnet_conv_stream.h:293:9) in function 'nnet::compute_output_buffer_2d<nnet::array<ap_fixed<16, 6, (ap_q_mode)5, (ap_o_mode)3, 0>, 1u>, nnet::array<ap_fixed<37, 17, (ap_q_mode)5, (ap_o_mode)3, 0>, 4u>, config2>' completely with a factor of 4 (firmware/nnet_utils/nnet_conv_stream.h:257:0)
INFO: [HLS 214-186] Unrolling loop 'Result' (firmware/nnet_utils/nnet_dense_resource.h:162:5) in function 'nnet::dense_resource_rf_gt_nin_rem0<ap_fixed<16, 6, (ap_q_mode)5, (ap_o_mode)3, 0>, ap_fixed<37, 17, (ap_q_mode)5, (ap_o_mode)3, 0>, config2_mult>' completely with a factor of 4 (firmware/nnet_utils/nnet_dense_resource.h:89:0)
INFO: [HLS 214-186] Unrolling loop 'MultLoop' (firmware/nnet_utils/nnet_dense_resource.h:142:9) in function 'nnet::dense_resource_rf_gt_nin_rem0<ap_fixed<16, 6, (ap_q_mode)5, (ap_o_mode)3, 0>, ap_fixed<37, 17, (ap_q_mode)5, (ap_o_mode)3, 0>, config2_mult>' completely with a factor of 1 (firmware/nnet_utils/nnet_dense_resource.h:89:0)
INFO: [HLS 214-186] Unrolling loop 'InitAccum' (firmware/nnet_utils/nnet_dense_resource.h:114:5) in function 'nnet::dense_resource_rf_gt_nin_rem0<ap_fixed<16, 6, (ap_q_mode)5, (ap_o_mode)3, 0>, ap_fixed<37, 17, (ap_q_mode)5, (ap_o_mode)3, 0>, config2_mult>' completely with a factor of 4 (firmware/nnet_utils/nnet_dense_resource.h:89:0)
INFO: [HLS 214-186] Unrolling loop 'KernelPushHeight' (firmware/nnet_utils/nnet_conv_stream.h:205:5) in function 'nnet::shift_line_buffer<nnet::array<ap_fixed<16, 6, (ap_q_mode)5, (ap_o_mode)3, 0>, 1u>, config2>' completely with a factor of 3 (firmware/nnet_utils/nnet_conv_stream.h:219:0)
INFO: [HLS 214-186] Unrolling loop 'KernelPushChannel' (firmware/nnet_utils/nnet_conv_stream.h:208:9) in function 'nnet::shift_line_buffer<nnet::array<ap_fixed<16, 6, (ap_q_mode)5, (ap_o_mode)3, 0>, 1u>, config2>' completely with a factor of 1 (firmware/nnet_utils/nnet_conv_stream.h:219:0)
INFO: [HLS 214-186] Unrolling loop 'KernelShiftWidth' (firmware/nnet_utils/nnet_conv_stream.h:189:5) in function 'nnet::shift_line_buffer<nnet::array<ap_fixed<16, 6, (ap_q_mode)5, (ap_o_mode)3, 0>, 1u>, config2>' completely with a factor of 2 (firmware/nnet_utils/nnet_conv_stream.h:219:0)
WARNING: [HLS 214-189] Pipeline directive for loop 'KernelShiftWidth' (firmware/nnet_utils/nnet_conv_stream.h:189:5) in function 'nnet::shift_line_buffer<nnet::array<ap_fixed<16, 6, (ap_q_mode)5, (ap_o_mode)3, 0>, 1u>, config2>' has been removed because the loop is unrolled completely (firmware/nnet_utils/nnet_conv_stream.h:219:0)
INFO: [HLS 214-186] Unrolling loop 'KernelShiftHeight' (firmware/nnet_utils/nnet_conv_stream.h:192:9) in function 'nnet::shift_line_buffer<nnet::array<ap_fixed<16, 6, (ap_q_mode)5, (ap_o_mode)3, 0>, 1u>, config2>' completely with a factor of 3 (firmware/nnet_utils/nnet_conv_stream.h:219:0)
INFO: [HLS 214-186] Unrolling loop 'KernelShiftChannel' (firmware/nnet_utils/nnet_conv_stream.h:194:13) in function 'nnet::shift_line_buffer<nnet::array<ap_fixed<16, 6, (ap_q_mode)5, (ap_o_mode)3, 0>, 1u>, config2>' completely with a factor of 1 (firmware/nnet_utils/nnet_conv_stream.h:219:0)
INFO: [HLS 214-186] Unrolling loop 'LineBufferDataIn' (firmware/nnet_utils/nnet_conv_stream.h:236:5) in function 'nnet::shift_line_buffer<nnet::array<ap_fixed<16, 6, (ap_q_mode)5, (ap_o_mode)3, 0>, 1u>, config2>' completely with a factor of 1 (firmware/nnet_utils/nnet_conv_stream.h:219:0)
INFO: [HLS 214-186] Unrolling loop 'LineBufferShift' (firmware/nnet_utils/nnet_conv_stream.h:239:9) in function 'nnet::shift_line_buffer<nnet::array<ap_fixed<16, 6, (ap_q_mode)5, (ap_o_mode)3, 0>, 1u>, config2>' completely with a factor of 2 (firmware/nnet_utils/nnet_conv_stream.h:219:0)
INFO: [HLS 214-186] Unrolling loop 'UpdateBuffer' (firmware/nnet_utils/nnet_conv_stream.h:228:5) in function 'nnet::shift_line_buffer<nnet::array<ap_fixed<16, 6, (ap_q_mode)5, (ap_o_mode)3, 0>, 1u>, config2>' completely with a factor of 1 (firmware/nnet_utils/nnet_conv_stream.h:219:0)
INFO: [HLS 214-186] Unrolling loop 'anonymous' (firmware/nnet_utils/nnet_conv_stream.h:224:30) in function 'nnet::shift_line_buffer<nnet::array<ap_fixed<16, 6, (ap_q_mode)5, (ap_o_mode)3, 0>, 1u>, config2>' completely with a factor of 3 (firmware/nnet_utils/nnet_conv_stream.h:219:0)
INFO: [HLS 214-186] Unrolling loop 'anonymous' (firmware/nnet_utils/nnet_conv_stream.h:224:30) in function 'nnet::shift_line_buffer<nnet::array<ap_fixed<16, 6, (ap_q_mode)5, (ap_o_mode)3, 0>, 1u>, config2>' completely with a factor of 1 (firmware/nnet_utils/nnet_conv_stream.h:219:0)
INFO: [HLS 214-186] Unrolling loop 'VITIS_LOOP_11_1' (firmware/nnet_utils/nnet_padding_stream.h:11:22) in function 'nnet::zeropad2d_cl<nnet::array<ap_fixed<16, 6, (ap_q_mode)5, (ap_o_mode)3, 0>, 1u>, nnet::array<ap_fixed<16, 6, (ap_q_mode)5, (ap_o_mode)3, 0>, 1u>, config7>' completely with a factor of 1 (firmware/nnet_utils/nnet_padding_stream.h:48:0)
INFO: [HLS 214-186] Unrolling loop 'VITIS_LOOP_22_1' (firmware/nnet_utils/nnet_padding_stream.h:22:22) in function 'nnet::zeropad2d_cl<nnet::array<ap_fixed<16, 6, (ap_q_mode)5, (ap_o_mode)3, 0>, 1u>, nnet::array<ap_fixed<16, 6, (ap_q_mode)5, (ap_o_mode)3, 0>, 1u>, config7>' completely with a factor of 1 (firmware/nnet_utils/nnet_padding_stream.h:48:0)
INFO: [HLS 214-178] Inlining function 'nnet::array<ap_fixed<16, 6, (ap_q_mode)5, (ap_o_mode)3, 0>, 1u>::operator[](unsigned long)' into 'void nnet::zeropad2d_cl<nnet::array<ap_fixed<16, 6, (ap_q_mode)5, (ap_o_mode)3, 0>, 1u>, nnet::array<ap_fixed<16, 6, (ap_q_mode)5, (ap_o_mode)3, 0>, 1u>, config7>(hls::stream<nnet::array<ap_fixed<16, 6, (ap_q_mode)5, (ap_o_mode)3, 0>, 1u>, 0>&, hls::stream<nnet::array<ap_fixed<16, 6, (ap_q_mode)5, (ap_o_mode)3, 0>, 1u>, 0>&)' (firmware/nnet_utils/nnet_padding_stream.h:48:0)
INFO: [HLS 214-178] Inlining function 'nnet::array<ap_fixed<16, 6, (ap_q_mode)5, (ap_o_mode)3, 0>, 1u>::operator[](unsigned long) const' into 'void nnet::shift_line_buffer<nnet::array<ap_fixed<16, 6, (ap_q_mode)5, (ap_o_mode)3, 0>, 1u>, config2>(nnet::array<ap_fixed<16, 6, (ap_q_mode)5, (ap_o_mode)3, 0>, 1u> const&, ap_shift_reg<nnet::array<ap_fixed<16, 6, (ap_q_mode)5, (ap_o_mode)3, 0>, 1u>::value_type, config2::in_width> (*) [config2::n_chan], nnet::array<ap_fixed<16, 6, (ap_q_mode)5, (ap_o_mode)3, 0>, 1u>::value_type*)' (firmware/nnet_utils/nnet_conv_stream.h:219:0)
INFO: [HLS 214-178] Inlining function 'std::enable_if<!(std::is_same<ap_fixed<16, 6, (ap_q_mode)5, (ap_o_mode)3, 0>, ap_uint<1> >::value), ap_fixed<37, 17, (ap_q_mode)5, (ap_o_mode)3, 0> >::type nnet::cast<ap_fixed<16, 6, (ap_q_mode)5, (ap_o_mode)3, 0>, ap_fixed<37, 17, (ap_q_mode)5, (ap_o_mode)3, 0>, config2_mult>(config2_mult::accum_t)' into 'void nnet::dense_resource_rf_gt_nin_rem0<ap_fixed<16, 6, (ap_q_mode)5, (ap_o_mode)3, 0>, ap_fixed<37, 17, (ap_q_mode)5, (ap_o_mode)3, 0>, config2_mult>(ap_fixed<16, 6, (ap_q_mode)5, (ap_o_mode)3, 0>*, ap_fixed<37, 17, (ap_q_mode)5, (ap_o_mode)3, 0>*, config2_mult::weight_t*, config2_mult::bias_t*)' (firmware/nnet_utils/nnet_dense_resource.h:89:0)
INFO: [HLS 214-178] Inlining function 'nnet::array<ap_fixed<37, 17, (ap_q_mode)5, (ap_o_mode)3, 0>, 4u>::operator[](unsigned long)' into 'void nnet::compute_output_buffer_2d<nnet::array<ap_fixed<16, 6, (ap_q_mode)5, (ap_o_mode)3, 0>, 1u>, nnet::array<ap_fixed<37, 17, (ap_q_mode)5, (ap_o_mode)3, 0>, 4u>, config2>(nnet::array<ap_fixed<16, 6, (ap_q_mode)5, (ap_o_mode)3, 0>, 1u> const&, ap_shift_reg<nnet::array<ap_fixed<16, 6, (ap_q_mode)5, (ap_o_mode)3, 0>, 1u>::value_type, config2::in_width> (*) [config2::n_chan], hls::stream<nnet::array<ap_fixed<37, 17, (ap_q_mode)5, (ap_o_mode)3, 0>, 4u>, 0>&, config2::weight_t*, config2::bias_t*)' (firmware/nnet_utils/nnet_conv_stream.h:257:0)
INFO: [HLS 214-178] Inlining function 'void nnet::conv_2d_buffer_cl<nnet::array<ap_fixed<16, 6, (ap_q_mode)5, (ap_o_mode)3, 0>, 1u>, nnet::array<ap_fixed<37, 17, (ap_q_mode)5, (ap_o_mode)3, 0>, 4u>, config2>(hls::stream<nnet::array<ap_fixed<16, 6, (ap_q_mode)5, (ap_o_mode)3, 0>, 1u>, 0>&, hls::stream<nnet::array<ap_fixed<37, 17, (ap_q_mode)5, (ap_o_mode)3, 0>, 4u>, 0>&, config2::weight_t*, config2::bias_t*)' into 'void nnet::conv_2d_cl<nnet::array<ap_fixed<16, 6, (ap_q_mode)5, (ap_o_mode)3, 0>, 1u>, nnet::array<ap_fixed<37, 17, (ap_q_mode)5, (ap_o_mode)3, 0>, 4u>, config2>(hls::stream<nnet::array<ap_fixed<16, 6, (ap_q_mode)5, (ap_o_mode)3, 0>, 1u>, 0>&, hls::stream<nnet::array<ap_fixed<37, 17, (ap_q_mode)5, (ap_o_mode)3, 0>, 4u>, 0>&, config2::weight_t*, config2::bias_t*)' (firmware/nnet_utils/nnet_conv2d_stream.h:105:0)
INFO: [HLS 214-178] Inlining function 'nnet::array<ap_fixed<37, 17, (ap_q_mode)5, (ap_o_mode)3, 0>, 4u>::operator[](unsigned long)' into 'void nnet::relu<nnet::array<ap_fixed<37, 17, (ap_q_mode)5, (ap_o_mode)3, 0>, 4u>, nnet::array<ap_fixed<16, 6, (ap_q_mode)5, (ap_o_mode)3, 0>, 4u>, relu_config3>(hls::stream<nnet::array<ap_fixed<37, 17, (ap_q_mode)5, (ap_o_mode)3, 0>, 4u>, 0>&, hls::stream<nnet::array<ap_fixed<16, 6, (ap_q_mode)5, (ap_o_mode)3, 0>, 4u>, 0>&)' (firmware/nnet_utils/nnet_activation_stream.h:39:0)
INFO: [HLS 214-178] Inlining function 'nnet::array<ap_fixed<16, 6, (ap_q_mode)5, (ap_o_mode)3, 0>, 4u>::operator[](unsigned long)' into 'void nnet::relu<nnet::array<ap_fixed<37, 17, (ap_q_mode)5, (ap_o_mode)3, 0>, 4u>, nnet::array<ap_fixed<16, 6, (ap_q_mode)5, (ap_o_mode)3, 0>, 4u>, relu_config3>(hls::stream<nnet::array<ap_fixed<37, 17, (ap_q_mode)5, (ap_o_mode)3, 0>, 4u>, 0>&, hls::stream<nnet::array<ap_fixed<16, 6, (ap_q_mode)5, (ap_o_mode)3, 0>, 4u>, 0>&)' (firmware/nnet_utils/nnet_activation_stream.h:39:0)
INFO: [HLS 214-178] Inlining function 'nnet::array<ap_fixed<16, 6, (ap_q_mode)5, (ap_o_mode)3, 0>, 4u>::operator[](unsigned long)' into 'void nnet::zeropad2d_cl<nnet::array<ap_fixed<16, 6, (ap_q_mode)5, (ap_o_mode)3, 0>, 4u>, nnet::array<ap_fixed<16, 6, (ap_q_mode)5, (ap_o_mode)3, 0>, 4u>, config8>(hls::stream<nnet::array<ap_fixed<16, 6, (ap_q_mode)5, (ap_o_mode)3, 0>, 4u>, 0>&, hls::stream<nnet::array<ap_fixed<16, 6, (ap_q_mode)5, (ap_o_mode)3, 0>, 4u>, 0>&)' (firmware/nnet_utils/nnet_padding_stream.h:48:0)
INFO: [HLS 214-178] Inlining function 'nnet::array<ap_fixed<16, 6, (ap_q_mode)5, (ap_o_mode)3, 0>, 4u>::operator[](unsigned long) const' into 'void nnet::shift_line_buffer<nnet::array<ap_fixed<16, 6, (ap_q_mode)5, (ap_o_mode)3, 0>, 4u>, config4>(nnet::array<ap_fixed<16, 6, (ap_q_mode)5, (ap_o_mode)3, 0>, 4u> const&, ap_shift_reg<nnet::array<ap_fixed<16, 6, (ap_q_mode)5, (ap_o_mode)3, 0>, 4u>::value_type, config4::in_width> (*) [config4::n_chan], nnet::array<ap_fixed<16, 6, (ap_q_mode)5, (ap_o_mode)3, 0>, 4u>::value_type*)' (firmware/nnet_utils/nnet_conv_stream.h:219:0)
INFO: [HLS 214-178] Inlining function 'std::enable_if<!(std::is_same<ap_fixed<16, 6, (ap_q_mode)5, (ap_o_mode)3, 0>, ap_uint<1> >::value), ap_fixed<39, 19, (ap_q_mode)5, (ap_o_mode)3, 0> >::type nnet::cast<ap_fixed<16, 6, (ap_q_mode)5, (ap_o_mode)3, 0>, ap_fixed<39, 19, (ap_q_mode)5, (ap_o_mode)3, 0>, config4_mult>(config4_mult::accum_t)' into 'void nnet::dense_resource_rf_gt_nin_rem0<ap_fixed<16, 6, (ap_q_mode)5, (ap_o_mode)3, 0>, ap_fixed<39, 19, (ap_q_mode)5, (ap_o_mode)3, 0>, config4_mult>(ap_fixed<16, 6, (ap_q_mode)5, (ap_o_mode)3, 0>*, ap_fixed<39, 19, (ap_q_mode)5, (ap_o_mode)3, 0>*, config4_mult::weight_t*, config4_mult::bias_t*)' (firmware/nnet_utils/nnet_dense_resource.h:89:0)
INFO: [HLS 214-178] Inlining function 'nnet::array<ap_fixed<39, 19, (ap_q_mode)5, (ap_o_mode)3, 0>, 4u>::operator[](unsigned long)' into 'void nnet::compute_output_buffer_2d<nnet::array<ap_fixed<16, 6, (ap_q_mode)5, (ap_o_mode)3, 0>, 4u>, nnet::array<ap_fixed<39, 19, (ap_q_mode)5, (ap_o_mode)3, 0>, 4u>, config4>(nnet::array<ap_fixed<16, 6, (ap_q_mode)5, (ap_o_mode)3, 0>, 4u> const&, ap_shift_reg<nnet::array<ap_fixed<16, 6, (ap_q_mode)5, (ap_o_mode)3, 0>, 4u>::value_type, config4::in_width> (*) [config4::n_chan], hls::stream<nnet::array<ap_fixed<39, 19, (ap_q_mode)5, (ap_o_mode)3, 0>, 4u>, 0>&, config4::weight_t*, config4::bias_t*)' (firmware/nnet_utils/nnet_conv_stream.h:257:0)
INFO: [HLS 214-178] Inlining function 'void nnet::conv_2d_buffer_cl<nnet::array<ap_fixed<16, 6, (ap_q_mode)5, (ap_o_mode)3, 0>, 4u>, nnet::array<ap_fixed<39, 19, (ap_q_mode)5, (ap_o_mode)3, 0>, 4u>, config4>(hls::stream<nnet::array<ap_fixed<16, 6, (ap_q_mode)5, (ap_o_mode)3, 0>, 4u>, 0>&, hls::stream<nnet::array<ap_fixed<39, 19, (ap_q_mode)5, (ap_o_mode)3, 0>, 4u>, 0>&, config4::weight_t*, config4::bias_t*)' into 'void nnet::conv_2d_cl<nnet::array<ap_fixed<16, 6, (ap_q_mode)5, (ap_o_mode)3, 0>, 4u>, nnet::array<ap_fixed<39, 19, (ap_q_mode)5, (ap_o_mode)3, 0>, 4u>, config4>(hls::stream<nnet::array<ap_fixed<16, 6, (ap_q_mode)5, (ap_o_mode)3, 0>, 4u>, 0>&, hls::stream<nnet::array<ap_fixed<39, 19, (ap_q_mode)5, (ap_o_mode)3, 0>, 4u>, 0>&, config4::weight_t*, config4::bias_t*)' (firmware/nnet_utils/nnet_conv2d_stream.h:105:0)
INFO: [HLS 214-178] Inlining function 'nnet::array<ap_fixed<39, 19, (ap_q_mode)5, (ap_o_mode)3, 0>, 4u>::operator[](unsigned long)' into 'void nnet::relu<nnet::array<ap_fixed<39, 19, (ap_q_mode)5, (ap_o_mode)3, 0>, 4u>, nnet::array<ap_fixed<16, 6, (ap_q_mode)5, (ap_o_mode)3, 0>, 4u>, relu_config5>(hls::stream<nnet::array<ap_fixed<39, 19, (ap_q_mode)5, (ap_o_mode)3, 0>, 4u>, 0>&, hls::stream<nnet::array<ap_fixed<16, 6, (ap_q_mode)5, (ap_o_mode)3, 0>, 4u>, 0>&)' (firmware/nnet_utils/nnet_activation_stream.h:39:0)
INFO: [HLS 214-178] Inlining function 'nnet::array<ap_fixed<16, 6, (ap_q_mode)5, (ap_o_mode)3, 0>, 4u>::operator[](unsigned long)' into 'void nnet::relu<nnet::array<ap_fixed<39, 19, (ap_q_mode)5, (ap_o_mode)3, 0>, 4u>, nnet::array<ap_fixed<16, 6, (ap_q_mode)5, (ap_o_mode)3, 0>, 4u>, relu_config5>(hls::stream<nnet::array<ap_fixed<39, 19, (ap_q_mode)5, (ap_o_mode)3, 0>, 4u>, 0>&, hls::stream<nnet::array<ap_fixed<16, 6, (ap_q_mode)5, (ap_o_mode)3, 0>, 4u>, 0>&)' (firmware/nnet_utils/nnet_activation_stream.h:39:0)
INFO: [HLS 214-178] Inlining function 'nnet::array<ap_fixed<16, 6, (ap_q_mode)5, (ap_o_mode)3, 0>, 4u>::operator[](unsigned long)' into 'void nnet::zeropad2d_cl<nnet::array<ap_fixed<16, 6, (ap_q_mode)5, (ap_o_mode)3, 0>, 4u>, nnet::array<ap_fixed<16, 6, (ap_q_mode)5, (ap_o_mode)3, 0>, 4u>, config9>(hls::stream<nnet::array<ap_fixed<16, 6, (ap_q_mode)5, (ap_o_mode)3, 0>, 4u>, 0>&, hls::stream<nnet::array<ap_fixed<16, 6, (ap_q_mode)5, (ap_o_mode)3, 0>, 4u>, 0>&)' (firmware/nnet_utils/nnet_padding_stream.h:48:0)
INFO: [HLS 214-178] Inlining function 'nnet::array<ap_fixed<16, 6, (ap_q_mode)5, (ap_o_mode)3, 0>, 4u>::operator[](unsigned long) const' into 'void nnet::shift_line_buffer<nnet::array<ap_fixed<16, 6, (ap_q_mode)5, (ap_o_mode)3, 0>, 4u>, config6>(nnet::array<ap_fixed<16, 6, (ap_q_mode)5, (ap_o_mode)3, 0>, 4u> const&, ap_shift_reg<nnet::array<ap_fixed<16, 6, (ap_q_mode)5, (ap_o_mode)3, 0>, 4u>::value_type, config6::in_width> (*) [config6::n_chan], nnet::array<ap_fixed<16, 6, (ap_q_mode)5, (ap_o_mode)3, 0>, 4u>::value_type*)' (firmware/nnet_utils/nnet_conv_stream.h:219:0)
INFO: [HLS 214-178] Inlining function 'std::enable_if<!(std::is_same<ap_fixed<16, 6, (ap_q_mode)5, (ap_o_mode)3, 0>, ap_uint<1> >::value), ap_fixed<39, 19, (ap_q_mode)5, (ap_o_mode)3, 0> >::type nnet::cast<ap_fixed<16, 6, (ap_q_mode)5, (ap_o_mode)3, 0>, ap_fixed<39, 19, (ap_q_mode)5, (ap_o_mode)3, 0>, config6_mult>(config6_mult::accum_t)' into 'void nnet::dense_resource_rf_leq_nin<ap_fixed<16, 6, (ap_q_mode)5, (ap_o_mode)3, 0>, ap_fixed<39, 19, (ap_q_mode)5, (ap_o_mode)3, 0>, config6_mult>(ap_fixed<16, 6, (ap_q_mode)5, (ap_o_mode)3, 0>*, ap_fixed<39, 19, (ap_q_mode)5, (ap_o_mode)3, 0>*, config6_mult::weight_t*, config6_mult::bias_t*)' (firmware/nnet_utils/nnet_dense_resource.h:15:0)
INFO: [HLS 214-178] Inlining function 'nnet::array<ap_fixed<39, 19, (ap_q_mode)5, (ap_o_mode)3, 0>, 1u>::operator[](unsigned long)' into 'void nnet::compute_output_buffer_2d<nnet::array<ap_fixed<16, 6, (ap_q_mode)5, (ap_o_mode)3, 0>, 4u>, nnet::array<ap_fixed<39, 19, (ap_q_mode)5, (ap_o_mode)3, 0>, 1u>, config6>(nnet::array<ap_fixed<16, 6, (ap_q_mode)5, (ap_o_mode)3, 0>, 4u> const&, ap_shift_reg<nnet::array<ap_fixed<16, 6, (ap_q_mode)5, (ap_o_mode)3, 0>, 4u>::value_type, config6::in_width> (*) [config6::n_chan], hls::stream<nnet::array<ap_fixed<39, 19, (ap_q_mode)5, (ap_o_mode)3, 0>, 1u>, 0>&, config6::weight_t*, config6::bias_t*)' (firmware/nnet_utils/nnet_conv_stream.h:257:0)
INFO: [HLS 214-178] Inlining function 'void nnet::conv_2d_buffer_cl<nnet::array<ap_fixed<16, 6, (ap_q_mode)5, (ap_o_mode)3, 0>, 4u>, nnet::array<ap_fixed<39, 19, (ap_q_mode)5, (ap_o_mode)3, 0>, 1u>, config6>(hls::stream<nnet::array<ap_fixed<16, 6, (ap_q_mode)5, (ap_o_mode)3, 0>, 4u>, 0>&, hls::stream<nnet::array<ap_fixed<39, 19, (ap_q_mode)5, (ap_o_mode)3, 0>, 1u>, 0>&, config6::weight_t*, config6::bias_t*)' into 'void nnet::conv_2d_cl<nnet::array<ap_fixed<16, 6, (ap_q_mode)5, (ap_o_mode)3, 0>, 4u>, nnet::array<ap_fixed<39, 19, (ap_q_mode)5, (ap_o_mode)3, 0>, 1u>, config6>(hls::stream<nnet::array<ap_fixed<16, 6, (ap_q_mode)5, (ap_o_mode)3, 0>, 4u>, 0>&, hls::stream<nnet::array<ap_fixed<39, 19, (ap_q_mode)5, (ap_o_mode)3, 0>, 1u>, 0>&, config6::weight_t*, config6::bias_t*)' (firmware/nnet_utils/nnet_conv2d_stream.h:105:0)
INFO: [HLS 214-248] Applying array_partition to '_ZZN4nnet17conv_2d_buffer_clINS_5arrayI8ap_fixedILi16ELi6EL9ap_q_mode5EL9ap_o_mode3ELi0EELj4EEENS1_IS2_ILi39ELi19ELS3_5ELS4_3ELi0EELj1EEE7config6EEvRN3hls6streamIT_Li0EEERNSB_IT0_Li0EEEPNT1_8weight_tEPNSI_6bias_tEE11line_buffer': Complete partitioning on dimension 2. (firmware/nnet_utils/nnet_conv2d_stream.h:75:0)
INFO: [HLS 214-248] Applying array_partition to '_ZZN4nnet17conv_2d_buffer_clINS_5arrayI8ap_fixedILi16ELi6EL9ap_q_mode5EL9ap_o_mode3ELi0EELj4EEENS1_IS2_ILi39ELi19ELS3_5ELS4_3ELi0EELj4EEE7config4EEvRN3hls6streamIT_Li0EEERNSB_IT0_Li0EEEPNT1_8weight_tEPNSI_6bias_tEE11line_buffer': Complete partitioning on dimension 2. (firmware/nnet_utils/nnet_conv2d_stream.h:75:0)
INFO: [HLS 214-248] Applying array_partition to '_ZZN4nnet17conv_2d_buffer_clINS_5arrayI8ap_fixedILi16ELi6EL9ap_q_mode5EL9ap_o_mode3ELi0EELj1EEENS1_IS2_ILi37ELi17ELS3_5ELS4_3ELi0EELj4EEE7config2EEvRN3hls6streamIT_Li0EEERNSB_IT0_Li0EEEPNT1_8weight_tEPNSI_6bias_tEE11line_buffer': Complete partitioning on dimension 2. (firmware/nnet_utils/nnet_conv2d_stream.h:75:0)
INFO: [HLS 214-248] Applying array_partition to 'b2': Complete partitioning on dimension 1. (firmware/weights/b2.h:12:0)
INFO: [HLS 214-248] Applying array_partition to 'b4': Complete partitioning on dimension 1. (firmware/weights/b4.h:12:0)
INFO: [HLS 214-248] Applying array_partition to 'b6': Complete partitioning on dimension 1. (firmware/weights/b6.h:12:0)
INFO: [HLS 214-248] Applying array_partition to '_ZZN4nnet24compute_output_buffer_2dINS_5arrayI8ap_fixedILi16ELi6EL9ap_q_mode5EL9ap_o_mode3ELi0EELj4EEENS1_IS2_ILi39ELi19ELS3_5ELS4_3ELi0EELj1EEE7config6EEvRKT_PAsrT1_6n_chan_12ap_shift_regINSA_10value_typeEXsrSD_8in_widthEERN3hls6streamIT0_Li0EEEPNSD_8weight_tEPNSD_6bias_tEE11kernel_data': Complete partitioning on dimension 1. (firmware/nnet_utils/nnet_conv_stream.h:271:0)
INFO: [HLS 214-248] Applying array_partition to '_ZZN4nnet24compute_output_buffer_2dINS_5arrayI8ap_fixedILi16ELi6EL9ap_q_mode5EL9ap_o_mode3ELi0EELj4EEENS1_IS2_ILi39ELi19ELS3_5ELS4_3ELi0EELj4EEE7config4EEvRKT_PAsrT1_6n_chan_12ap_shift_regINSA_10value_typeEXsrSD_8in_widthEERN3hls6streamIT0_Li0EEEPNSD_8weight_tEPNSD_6bias_tEE11kernel_data': Complete partitioning on dimension 1. (firmware/nnet_utils/nnet_conv_stream.h:271:0)
INFO: [HLS 214-248] Applying array_partition to '_ZZN4nnet24compute_output_buffer_2dINS_5arrayI8ap_fixedILi16ELi6EL9ap_q_mode5EL9ap_o_mode3ELi0EELj1EEENS1_IS2_ILi37ELi17ELS3_5ELS4_3ELi0EELj4EEE7config2EEvRKT_PAsrT1_6n_chan_12ap_shift_regINSA_10value_typeEXsrSD_8in_widthEERN3hls6streamIT0_Li0EEEPNSD_8weight_tEPNSD_6bias_tEE11kernel_data': Complete partitioning on dimension 1. (firmware/nnet_utils/nnet_conv_stream.h:271:0)
INFO: [HLS 214-248] Applying array_partition to 'acc': Complete partitioning on dimension 1. (firmware/nnet_utils/nnet_dense_resource.h:110:32)
INFO: [HLS 214-248] Applying array_partition to 'res_out': Complete partitioning on dimension 1. (firmware/nnet_utils/nnet_conv_stream.h:274:29)
INFO: [HLS 214-248] Applying array_partition to 'shift_buffer': Complete partitioning on dimension 1. Complete partitioning on dimension 2. (firmware/nnet_utils/nnet_conv_stream.h:224:30)
INFO: [HLS 214-241] Aggregating fifo (hls::stream) variable 'layer9_out' with compact=bit mode in 64-bits (firmware/edge_cnn_linear.cpp:52:24)
INFO: [HLS 214-241] Aggregating fifo (hls::stream) variable 'layer5_out' with compact=bit mode in 64-bits (firmware/edge_cnn_linear.cpp:49:24)
INFO: [HLS 214-241] Aggregating fifo (hls::stream) variable 'layer8_out' with compact=bit mode in 64-bits (firmware/edge_cnn_linear.cpp:43:24)
INFO: [HLS 214-241] Aggregating fifo (hls::stream) variable 'layer3_out' with compact=bit mode in 64-bits (firmware/edge_cnn_linear.cpp:40:24)
INFO: [HLS 214-241] Aggregating fifo (hls::stream) variable 'layer4_out' with compact=bit mode in 156-bits (firmware/edge_cnn_linear.cpp:46:30)
INFO: [HLS 214-241] Aggregating fifo (hls::stream) variable 'layer2_out' with compact=bit mode in 148-bits (firmware/edge_cnn_linear.cpp:37:30)
INFO: [HLS 214-241] Aggregating fifo (hls::stream) variable 'layer7_out' with compact=bit mode in 16-bits (firmware/edge_cnn_linear.cpp:34:24)
INFO: [HLS 214-241] Aggregating bram variable 'void nnet::conv_2d_buffer_cl<nnet::array<ap_fixed<16, 6, (ap_q_mode)5, (ap_o_mode)3, 0>, 1u>, nnet::array<ap_fixed<37, 17, (ap_q_mode)5, (ap_o_mode)3, 0>, 4u>, config2>(hls::stream<nnet::array<ap_fixed<16, 6, (ap_q_mode)5, (ap_o_mode)3, 0>, 1u>, 0>&, hls::stream<nnet::array<ap_fixed<37, 17, (ap_q_mode)5, (ap_o_mode)3, 0>, 4u>, 0>&, config2::weight_t*, config2::bias_t*)::line_buffer (.186)' with compact=bit mode in 16-bits
INFO: [HLS 214-241] Aggregating bram variable 'void nnet::conv_2d_buffer_cl<nnet::array<ap_fixed<16, 6, (ap_q_mode)5, (ap_o_mode)3, 0>, 4u>, nnet::array<ap_fixed<39, 19, (ap_q_mode)5, (ap_o_mode)3, 0>, 4u>, config4>(hls::stream<nnet::array<ap_fixed<16, 6, (ap_q_mode)5, (ap_o_mode)3, 0>, 4u>, 0>&, hls::stream<nnet::array<ap_fixed<39, 19, (ap_q_mode)5, (ap_o_mode)3, 0>, 4u>, 0>&, config4::weight_t*, config4::bias_t*)::line_buffer' with compact=bit mode in 16-bits
INFO: [HLS 214-241] Aggregating bram variable 'void nnet::conv_2d_buffer_cl<nnet::array<ap_fixed<16, 6, (ap_q_mode)5, (ap_o_mode)3, 0>, 4u>, nnet::array<ap_fixed<39, 19, (ap_q_mode)5, (ap_o_mode)3, 0>, 1u>, config6>(hls::stream<nnet::array<ap_fixed<16, 6, (ap_q_mode)5, (ap_o_mode)3, 0>, 4u>, 0>&, hls::stream<nnet::array<ap_fixed<39, 19, (ap_q_mode)5, (ap_o_mode)3, 0>, 1u>, 0>&, config6::weight_t*, config6::bias_t*)::line_buffer' with compact=bit mode in 16-bits
INFO: [HLS 214-270] Starting automatic array partition analysis...
INFO: [HLS 214-270] Inferring complete partitioning for array 'ref.tmp.i' on dimension 1 (firmware/nnet_utils/nnet_conv2d_stream.h:93:72)
INFO: [HLS 214-131] Inlining function '_llvm.fpga.pack.none.i16.s_struct.ap_fixed<16, 6, AP_TRN, AP_WRAP, 0>s' into '_llvm.fpga.unpack.bits.s_struct.nnet::array<ap_fixed<16, 6, AP_TRN, AP_WRAP, 0>, 1>s.i16.1'
INFO: [HLS 214-131] Inlining function '_llvm.fpga.pack.none.i16.s_struct.ssdm_int<16, true>s' into '_llvm.fpga.unpack.bits.s_struct.ap_fixed<16, 6, AP_TRN, AP_WRAP, 0>s.i16.1'
INFO: [HLS 214-131] Inlining function '_llvm.fpga.unpack.bits.s_struct.ap_fixed<16, 6, AP_TRN, AP_WRAP, 0>s.i16.1' into 'void nnet::shift_line_buffer<nnet::array<ap_fixed<16, 6, (ap_q_mode)5, (ap_o_mode)3, 0>, 1u>, config2>(nnet::array<ap_fixed<16, 6, (ap_q_mode)5, (ap_o_mode)3, 0>, 1u> const&, ap_shift_reg<nnet::array<ap_fixed<16, 6, (ap_q_mode)5, (ap_o_mode)3, 0>, 1u>::value_type, config2::in_width> (*) [config2::n_chan], nnet::array<ap_fixed<16, 6, (ap_q_mode)5, (ap_o_mode)3, 0>, 1u>::value_type*)' (C:/Xilinx/Vitis_HLS/2021.2/common/technology/autopilot\ap_shift_reg.h:130:31)
INFO: [HLS 214-131] Inlining function '_llvm.fpga.pack.none.i16.s_struct.ap_fixed<16, 6, AP_TRN, AP_WRAP, 0>s' into 'void nnet::shift_line_buffer<nnet::array<ap_fixed<16, 6, (ap_q_mode)5, (ap_o_mode)3, 0>, 1u>, config2>(nnet::array<ap_fixed<16, 6, (ap_q_mode)5, (ap_o_mode)3, 0>, 1u> const&, ap_shift_reg<nnet::array<ap_fixed<16, 6, (ap_q_mode)5, (ap_o_mode)3, 0>, 1u>::value_type, config2::in_width> (*) [config2::n_chan], nnet::array<ap_fixed<16, 6, (ap_q_mode)5, (ap_o_mode)3, 0>, 1u>::value_type*)' (C:/Xilinx/Vitis_HLS/2021.2/common/technology/autopilot\ap_shift_reg.h:131:9)
INFO: [HLS 214-131] Inlining function '_llvm.fpga.pack.none.i256.s_struct.nnet::array<ap_fixed<37, 17, AP_TRN, AP_WRAP, 0>, 4>s' into 'void nnet::compute_output_buffer_2d<nnet::array<ap_fixed<16, 6, (ap_q_mode)5, (ap_o_mode)3, 0>, 1u>, nnet::array<ap_fixed<37, 17, (ap_q_mode)5, (ap_o_mode)3, 0>, 4u>, config2>(nnet::array<ap_fixed<16, 6, (ap_q_mode)5, (ap_o_mode)3, 0>, 1u> const&, ap_shift_reg<nnet::array<ap_fixed<16, 6, (ap_q_mode)5, (ap_o_mode)3, 0>, 1u>::value_type, config2::in_width> (*) [config2::n_chan], hls::stream<nnet::array<ap_fixed<37, 17, (ap_q_mode)5, (ap_o_mode)3, 0>, 4u>, 0>&, config2::weight_t*, config2::bias_t*) (.1)' (C:/Xilinx/Vitis_HLS/2021.2/common/technology/autopilot/hls_stream_39.h:173:9)
INFO: [HLS 214-131] Inlining function '_llvm.fpga.pack.bits.i148.s_struct.nnet::array<ap_fixed<37, 17, AP_TRN, AP_WRAP, 0>, 4>s.1' into 'void nnet::compute_output_buffer_2d<nnet::array<ap_fixed<16, 6, (ap_q_mode)5, (ap_o_mode)3, 0>, 1u>, nnet::array<ap_fixed<37, 17, (ap_q_mode)5, (ap_o_mode)3, 0>, 4u>, config2>(nnet::array<ap_fixed<16, 6, (ap_q_mode)5, (ap_o_mode)3, 0>, 1u> const&, ap_shift_reg<nnet::array<ap_fixed<16, 6, (ap_q_mode)5, (ap_o_mode)3, 0>, 1u>::value_type, config2::in_width> (*) [config2::n_chan], hls::stream<nnet::array<ap_fixed<37, 17, (ap_q_mode)5, (ap_o_mode)3, 0>, 4u>, 0>&, config2::weight_t*, config2::bias_t*) (.1)' (C:/Xilinx/Vitis_HLS/2021.2/common/technology/autopilot/hls_stream_39.h:173:9)
INFO: [HLS 214-131] Inlining function '_llvm.fpga.unpack.bits.s_struct.nnet::array<ap_fixed<16, 6, AP_TRN, AP_WRAP, 0>, 1>s.i16.1' into 'void nnet::conv_2d_cl<nnet::array<ap_fixed<16, 6, (ap_q_mode)5, (ap_o_mode)3, 0>, 1u>, nnet::array<ap_fixed<37, 17, (ap_q_mode)5, (ap_o_mode)3, 0>, 4u>, config2>(hls::stream<nnet::array<ap_fixed<16, 6, (ap_q_mode)5, (ap_o_mode)3, 0>, 1u>, 0>&, hls::stream<nnet::array<ap_fixed<37, 17, (ap_q_mode)5, (ap_o_mode)3, 0>, 4u>, 0>&, config2::weight_t*, config2::bias_t*) (.1)' (C:/Xilinx/Vitis_HLS/2021.2/common/technology/autopilot/hls_stream_39.h:144:9)
INFO: [HLS 214-131] Inlining function '_llvm.fpga.pack.none.i256.a4s_struct.ap_fixed<37, 17, AP_TRN, AP_WRAP, 0>s' into '_llvm.fpga.unpack.bits.s_struct.nnet::array<ap_fixed<37, 17, AP_TRN, AP_WRAP, 0>, 4>s.i148.1'
INFO: [HLS 214-131] Inlining function '_llvm.fpga.unpack.bits.s_struct.nnet::array<ap_fixed<37, 17, AP_TRN, AP_WRAP, 0>, 4>s.i148.1' into 'void nnet::relu<nnet::array<ap_fixed<37, 17, (ap_q_mode)5, (ap_o_mode)3, 0>, 4u>, nnet::array<ap_fixed<16, 6, (ap_q_mode)5, (ap_o_mode)3, 0>, 4u>, relu_config3>(hls::stream<nnet::array<ap_fixed<37, 17, (ap_q_mode)5, (ap_o_mode)3, 0>, 4u>, 0>&, hls::stream<nnet::array<ap_fixed<16, 6, (ap_q_mode)5, (ap_o_mode)3, 0>, 4u>, 0>&) (.1)' (C:/Xilinx/Vitis_HLS/2021.2/common/technology/autopilot/hls_stream_39.h:144:9)
INFO: [HLS 214-131] Inlining function '_llvm.fpga.pack.bits.i64.s_struct.nnet::array<ap_fixed<16, 6, AP_TRN, AP_WRAP, 0>, 4>s.1' into 'void nnet::relu<nnet::array<ap_fixed<37, 17, (ap_q_mode)5, (ap_o_mode)3, 0>, 4u>, nnet::array<ap_fixed<16, 6, (ap_q_mode)5, (ap_o_mode)3, 0>, 4u>, relu_config3>(hls::stream<nnet::array<ap_fixed<37, 17, (ap_q_mode)5, (ap_o_mode)3, 0>, 4u>, 0>&, hls::stream<nnet::array<ap_fixed<16, 6, (ap_q_mode)5, (ap_o_mode)3, 0>, 4u>, 0>&) (.1)' (C:/Xilinx/Vitis_HLS/2021.2/common/technology/autopilot/hls_stream_39.h:173:9)
INFO: [HLS 214-131] Inlining function '_llvm.fpga.pack.none.i64.s_struct.nnet::array<ap_fixed<16, 6, AP_TRN, AP_WRAP, 0>, 4>s' into 'void nnet::relu<nnet::array<ap_fixed<37, 17, (ap_q_mode)5, (ap_o_mode)3, 0>, 4u>, nnet::array<ap_fixed<16, 6, (ap_q_mode)5, (ap_o_mode)3, 0>, 4u>, relu_config3>(hls::stream<nnet::array<ap_fixed<37, 17, (ap_q_mode)5, (ap_o_mode)3, 0>, 4u>, 0>&, hls::stream<nnet::array<ap_fixed<16, 6, (ap_q_mode)5, (ap_o_mode)3, 0>, 4u>, 0>&) (.1)' (C:/Xilinx/Vitis_HLS/2021.2/common/technology/autopilot/hls_stream_39.h:173:9)
INFO: [HLS 214-131] Inlining function '_llvm.fpga.pack.none.i64.a4s_struct.ap_fixed<16, 6, AP_TRN, AP_WRAP, 0>s' into '_llvm.fpga.unpack.bits.s_struct.nnet::array<ap_fixed<16, 6, AP_TRN, AP_WRAP, 0>, 4>s.i64.1'
INFO: [HLS 214-131] Inlining function '_llvm.fpga.pack.bits.i64.s_struct.nnet::array<ap_fixed<16, 6, AP_TRN, AP_WRAP, 0>, 4>s.1' into 'void nnet::zeropad2d_cl<nnet::array<ap_fixed<16, 6, (ap_q_mode)5, (ap_o_mode)3, 0>, 4u>, nnet::array<ap_fixed<16, 6, (ap_q_mode)5, (ap_o_mode)3, 0>, 4u>, config8>(hls::stream<nnet::array<ap_fixed<16, 6, (ap_q_mode)5, (ap_o_mode)3, 0>, 4u>, 0>&, hls::stream<nnet::array<ap_fixed<16, 6, (ap_q_mode)5, (ap_o_mode)3, 0>, 4u>, 0>&) (.1)' (C:/Xilinx/Vitis_HLS/2021.2/common/technology/autopilot/hls_stream_39.h:173:9)
INFO: [HLS 214-131] Inlining function '_llvm.fpga.unpack.bits.s_struct.nnet::array<ap_fixed<16, 6, AP_TRN, AP_WRAP, 0>, 4>s.i64.1' into 'void nnet::zeropad2d_cl<nnet::array<ap_fixed<16, 6, (ap_q_mode)5, (ap_o_mode)3, 0>, 4u>, nnet::array<ap_fixed<16, 6, (ap_q_mode)5, (ap_o_mode)3, 0>, 4u>, config8>(hls::stream<nnet::array<ap_fixed<16, 6, (ap_q_mode)5, (ap_o_mode)3, 0>, 4u>, 0>&, hls::stream<nnet::array<ap_fixed<16, 6, (ap_q_mode)5, (ap_o_mode)3, 0>, 4u>, 0>&) (.1)' (C:/Xilinx/Vitis_HLS/2021.2/common/technology/autopilot/hls_stream_39.h:144:9)
INFO: [HLS 214-131] Inlining function '_llvm.fpga.unpack.bits.s_struct.ap_fixed<16, 6, AP_TRN, AP_WRAP, 0>s.i16.1' into 'void nnet::shift_line_buffer<nnet::array<ap_fixed<16, 6, (ap_q_mode)5, (ap_o_mode)3, 0>, 4u>, config4>(nnet::array<ap_fixed<16, 6, (ap_q_mode)5, (ap_o_mode)3, 0>, 4u> const&, ap_shift_reg<nnet::array<ap_fixed<16, 6, (ap_q_mode)5, (ap_o_mode)3, 0>, 4u>::value_type, config4::in_width> (*) [config4::n_chan], nnet::array<ap_fixed<16, 6, (ap_q_mode)5, (ap_o_mode)3, 0>, 4u>::value_type*)' (C:/Xilinx/Vitis_HLS/2021.2/common/technology/autopilot\ap_shift_reg.h:130:31)
INFO: [HLS 214-131] Inlining function '_llvm.fpga.pack.none.i16.s_struct.ap_fixed<16, 6, AP_TRN, AP_WRAP, 0>s' into 'void nnet::shift_line_buffer<nnet::array<ap_fixed<16, 6, (ap_q_mode)5, (ap_o_mode)3, 0>, 4u>, config4>(nnet::array<ap_fixed<16, 6, (ap_q_mode)5, (ap_o_mode)3, 0>, 4u> const&, ap_shift_reg<nnet::array<ap_fixed<16, 6, (ap_q_mode)5, (ap_o_mode)3, 0>, 4u>::value_type, config4::in_width> (*) [config4::n_chan], nnet::array<ap_fixed<16, 6, (ap_q_mode)5, (ap_o_mode)3, 0>, 4u>::value_type*)' (C:/Xilinx/Vitis_HLS/2021.2/common/technology/autopilot\ap_shift_reg.h:131:9)
INFO: [HLS 214-131] Inlining function '_llvm.fpga.pack.none.i256.s_struct.nnet::array<ap_fixed<39, 19, AP_TRN, AP_WRAP, 0>, 4>s' into 'void nnet::compute_output_buffer_2d<nnet::array<ap_fixed<16, 6, (ap_q_mode)5, (ap_o_mode)3, 0>, 4u>, nnet::array<ap_fixed<39, 19, (ap_q_mode)5, (ap_o_mode)3, 0>, 4u>, config4>(nnet::array<ap_fixed<16, 6, (ap_q_mode)5, (ap_o_mode)3, 0>, 4u> const&, ap_shift_reg<nnet::array<ap_fixed<16, 6, (ap_q_mode)5, (ap_o_mode)3, 0>, 4u>::value_type, config4::in_width> (*) [config4::n_chan], hls::stream<nnet::array<ap_fixed<39, 19, (ap_q_mode)5, (ap_o_mode)3, 0>, 4u>, 0>&, config4::weight_t*, config4::bias_t*) (.1)' (C:/Xilinx/Vitis_HLS/2021.2/common/technology/autopilot/hls_stream_39.h:173:9)
INFO: [HLS 214-131] Inlining function '_llvm.fpga.pack.bits.i156.s_struct.nnet::array<ap_fixed<39, 19, AP_TRN, AP_WRAP, 0>, 4>s.1' into 'void nnet::compute_output_buffer_2d<nnet::array<ap_fixed<16, 6, (ap_q_mode)5, (ap_o_mode)3, 0>, 4u>, nnet::array<ap_fixed<39, 19, (ap_q_mode)5, (ap_o_mode)3, 0>, 4u>, config4>(nnet::array<ap_fixed<16, 6, (ap_q_mode)5, (ap_o_mode)3, 0>, 4u> const&, ap_shift_reg<nnet::array<ap_fixed<16, 6, (ap_q_mode)5, (ap_o_mode)3, 0>, 4u>::value_type, config4::in_width> (*) [config4::n_chan], hls::stream<nnet::array<ap_fixed<39, 19, (ap_q_mode)5, (ap_o_mode)3, 0>, 4u>, 0>&, config4::weight_t*, config4::bias_t*) (.1)' (C:/Xilinx/Vitis_HLS/2021.2/common/technology/autopilot/hls_stream_39.h:173:9)
INFO: [HLS 214-131] Inlining function '_llvm.fpga.unpack.bits.s_struct.nnet::array<ap_fixed<16, 6, AP_TRN, AP_WRAP, 0>, 4>s.i64.1' into 'void nnet::conv_2d_cl<nnet::array<ap_fixed<16, 6, (ap_q_mode)5, (ap_o_mode)3, 0>, 4u>, nnet::array<ap_fixed<39, 19, (ap_q_mode)5, (ap_o_mode)3, 0>, 4u>, config4>(hls::stream<nnet::array<ap_fixed<16, 6, (ap_q_mode)5, (ap_o_mode)3, 0>, 4u>, 0>&, hls::stream<nnet::array<ap_fixed<39, 19, (ap_q_mode)5, (ap_o_mode)3, 0>, 4u>, 0>&, config4::weight_t*, config4::bias_t*) (.1)' (C:/Xilinx/Vitis_HLS/2021.2/common/technology/autopilot/hls_stream_39.h:144:9)
INFO: [HLS 214-131] Inlining function '_llvm.fpga.pack.none.i256.a4s_struct.ap_fixed<39, 19, AP_TRN, AP_WRAP, 0>s' into '_llvm.fpga.unpack.bits.s_struct.nnet::array<ap_fixed<39, 19, AP_TRN, AP_WRAP, 0>, 4>s.i156.1'
INFO: [HLS 214-131] Inlining function '_llvm.fpga.unpack.bits.s_struct.nnet::array<ap_fixed<39, 19, AP_TRN, AP_WRAP, 0>, 4>s.i156.1' into 'void nnet::relu<nnet::array<ap_fixed<39, 19, (ap_q_mode)5, (ap_o_mode)3, 0>, 4u>, nnet::array<ap_fixed<16, 6, (ap_q_mode)5, (ap_o_mode)3, 0>, 4u>, relu_config5>(hls::stream<nnet::array<ap_fixed<39, 19, (ap_q_mode)5, (ap_o_mode)3, 0>, 4u>, 0>&, hls::stream<nnet::array<ap_fixed<16, 6, (ap_q_mode)5, (ap_o_mode)3, 0>, 4u>, 0>&) (.1)' (C:/Xilinx/Vitis_HLS/2021.2/common/technology/autopilot/hls_stream_39.h:144:9)
INFO: [HLS 214-131] Inlining function '_llvm.fpga.pack.bits.i64.s_struct.nnet::array<ap_fixed<16, 6, AP_TRN, AP_WRAP, 0>, 4>s.1' into 'void nnet::relu<nnet::array<ap_fixed<39, 19, (ap_q_mode)5, (ap_o_mode)3, 0>, 4u>, nnet::array<ap_fixed<16, 6, (ap_q_mode)5, (ap_o_mode)3, 0>, 4u>, relu_config5>(hls::stream<nnet::array<ap_fixed<39, 19, (ap_q_mode)5, (ap_o_mode)3, 0>, 4u>, 0>&, hls::stream<nnet::array<ap_fixed<16, 6, (ap_q_mode)5, (ap_o_mode)3, 0>, 4u>, 0>&) (.1)' (C:/Xilinx/Vitis_HLS/2021.2/common/technology/autopilot/hls_stream_39.h:173:9)
INFO: [HLS 214-131] Inlining function '_llvm.fpga.pack.none.i64.s_struct.nnet::array<ap_fixed<16, 6, AP_TRN, AP_WRAP, 0>, 4>s' into 'void nnet::relu<nnet::array<ap_fixed<39, 19, (ap_q_mode)5, (ap_o_mode)3, 0>, 4u>, nnet::array<ap_fixed<16, 6, (ap_q_mode)5, (ap_o_mode)3, 0>, 4u>, relu_config5>(hls::stream<nnet::array<ap_fixed<39, 19, (ap_q_mode)5, (ap_o_mode)3, 0>, 4u>, 0>&, hls::stream<nnet::array<ap_fixed<16, 6, (ap_q_mode)5, (ap_o_mode)3, 0>, 4u>, 0>&) (.1)' (C:/Xilinx/Vitis_HLS/2021.2/common/technology/autopilot/hls_stream_39.h:173:9)
INFO: [HLS 214-131] Inlining function '_llvm.fpga.pack.bits.i64.s_struct.nnet::array<ap_fixed<16, 6, AP_TRN, AP_WRAP, 0>, 4>s.1' into 'void nnet::zeropad2d_cl<nnet::array<ap_fixed<16, 6, (ap_q_mode)5, (ap_o_mode)3, 0>, 4u>, nnet::array<ap_fixed<16, 6, (ap_q_mode)5, (ap_o_mode)3, 0>, 4u>, config9>(hls::stream<nnet::array<ap_fixed<16, 6, (ap_q_mode)5, (ap_o_mode)3, 0>, 4u>, 0>&, hls::stream<nnet::array<ap_fixed<16, 6, (ap_q_mode)5, (ap_o_mode)3, 0>, 4u>, 0>&) (.1)' (C:/Xilinx/Vitis_HLS/2021.2/common/technology/autopilot/hls_stream_39.h:173:9)
INFO: [HLS 214-131] Inlining function '_llvm.fpga.unpack.bits.s_struct.nnet::array<ap_fixed<16, 6, AP_TRN, AP_WRAP, 0>, 4>s.i64.1' into 'void nnet::zeropad2d_cl<nnet::array<ap_fixed<16, 6, (ap_q_mode)5, (ap_o_mode)3, 0>, 4u>, nnet::array<ap_fixed<16, 6, (ap_q_mode)5, (ap_o_mode)3, 0>, 4u>, config9>(hls::stream<nnet::array<ap_fixed<16, 6, (ap_q_mode)5, (ap_o_mode)3, 0>, 4u>, 0>&, hls::stream<nnet::array<ap_fixed<16, 6, (ap_q_mode)5, (ap_o_mode)3, 0>, 4u>, 0>&) (.1)' (C:/Xilinx/Vitis_HLS/2021.2/common/technology/autopilot/hls_stream_39.h:144:9)
INFO: [HLS 214-131] Inlining function '_llvm.fpga.unpack.bits.s_struct.ap_fixed<16, 6, AP_TRN, AP_WRAP, 0>s.i16.1' into 'void nnet::shift_line_buffer<nnet::array<ap_fixed<16, 6, (ap_q_mode)5, (ap_o_mode)3, 0>, 4u>, config6>(nnet::array<ap_fixed<16, 6, (ap_q_mode)5, (ap_o_mode)3, 0>, 4u> const&, ap_shift_reg<nnet::array<ap_fixed<16, 6, (ap_q_mode)5, (ap_o_mode)3, 0>, 4u>::value_type, config6::in_width> (*) [config6::n_chan], nnet::array<ap_fixed<16, 6, (ap_q_mode)5, (ap_o_mode)3, 0>, 4u>::value_type*)' (C:/Xilinx/Vitis_HLS/2021.2/common/technology/autopilot\ap_shift_reg.h:130:31)
INFO: [HLS 214-131] Inlining function '_llvm.fpga.pack.none.i16.s_struct.ap_fixed<16, 6, AP_TRN, AP_WRAP, 0>s' into 'void nnet::shift_line_buffer<nnet::array<ap_fixed<16, 6, (ap_q_mode)5, (ap_o_mode)3, 0>, 4u>, config6>(nnet::array<ap_fixed<16, 6, (ap_q_mode)5, (ap_o_mode)3, 0>, 4u> const&, ap_shift_reg<nnet::array<ap_fixed<16, 6, (ap_q_mode)5, (ap_o_mode)3, 0>, 4u>::value_type, config6::in_width> (*) [config6::n_chan], nnet::array<ap_fixed<16, 6, (ap_q_mode)5, (ap_o_mode)3, 0>, 4u>::value_type*)' (C:/Xilinx/Vitis_HLS/2021.2/common/technology/autopilot\ap_shift_reg.h:131:9)
INFO: [HLS 214-131] Inlining function '_llvm.fpga.pack.none.i64.s_struct.nnet::array<ap_fixed<39, 19, AP_TRN, AP_WRAP, 0>, 1>s' into 'void nnet::compute_output_buffer_2d<nnet::array<ap_fixed<16, 6, (ap_q_mode)5, (ap_o_mode)3, 0>, 4u>, nnet::array<ap_fixed<39, 19, (ap_q_mode)5, (ap_o_mode)3, 0>, 1u>, config6>(nnet::array<ap_fixed<16, 6, (ap_q_mode)5, (ap_o_mode)3, 0>, 4u> const&, ap_shift_reg<nnet::array<ap_fixed<16, 6, (ap_q_mode)5, (ap_o_mode)3, 0>, 4u>::value_type, config6::in_width> (*) [config6::n_chan], hls::stream<nnet::array<ap_fixed<39, 19, (ap_q_mode)5, (ap_o_mode)3, 0>, 1u>, 0>&, config6::weight_t*, config6::bias_t*) (.1)' (C:/Xilinx/Vitis_HLS/2021.2/common/technology/autopilot/hls_stream_39.h:173:9)
INFO: [HLS 214-131] Inlining function '_llvm.fpga.unpack.bits.s_struct.nnet::array<ap_fixed<16, 6, AP_TRN, AP_WRAP, 0>, 4>s.i64.1' into 'void nnet::conv_2d_cl<nnet::array<ap_fixed<16, 6, (ap_q_mode)5, (ap_o_mode)3, 0>, 4u>, nnet::array<ap_fixed<39, 19, (ap_q_mode)5, (ap_o_mode)3, 0>, 1u>, config6>(hls::stream<nnet::array<ap_fixed<16, 6, (ap_q_mode)5, (ap_o_mode)3, 0>, 4u>, 0>&, hls::stream<nnet::array<ap_fixed<39, 19, (ap_q_mode)5, (ap_o_mode)3, 0>, 1u>, 0>&, config6::weight_t*, config6::bias_t*) (.1)' (C:/Xilinx/Vitis_HLS/2021.2/common/technology/autopilot/hls_stream_39.h:144:9)
INFO-FLOW: DBG:PUTS: copy_raw_kernel_xml ap_link_39: kernel.xml not generated: C:/Users/brand/Documents/engs192/zybo-edge-ai/hls/edge_cnn_linear_stream_hls/edge_cnn_linear_stream_prj/solution1/.autopilot/db/kernel.internal.xml
INFO: [HLS 200-111] Finished Compiling Optimization and Transform: CPU user time: 5 seconds. CPU system time: 1 seconds. Elapsed time: 17.688 seconds; current allocated memory: 1.162 GB.
INFO: [HLS 200-111] Finished Checking Pragmas: CPU user time: 0 seconds. CPU system time: 0 seconds. Elapsed time: 0.003 seconds; current allocated memory: 1.162 GB.
Execute         opt_and_import_c a -opt_level=2 -skip_syncheck=0 -ng=0 -keep_printf=0 
Execute           cleanup_all_models 
INFO: [HLS 200-10] Starting code transformations ...
INFO-FLOW: Running Standard Transforms...
Execute           transform -hls -share-std-xform -demangle-name -inline-byval-memcpy -always-inline -promote-dbg-pointer -interface-preproc -mem2reg -scalarrepl -mem2reg -keep-read-access -instcombine -dce -promote-dbg-pointer -bitop-raise -loop-simplify -indvarspre -indvars -loop-simplify -xunroll -constprop -instcombine -simplifycfg -indvars -simplifycfg -dce -globaldce -basicaa -simplifycfg -mem2reg -globalopt -global-constprop -deadargelim -instcombine -simplifycfg -scalarrepl -instcombine -reassociate -licm -simplifycfg -loop-simplify -indvars -instcombine -simplifycfg -mem2reg -loop-simplify -indvars -instcombine -gvn -gvn -instcombine -adce -break-crit-edges -simplifycfg -loop-delete -global-array-opt -dce -dse -adce -find-syn-modules -top edge_cnn_linear -deadargelim -mem2reg -instcombine -dce -presyn-prepare -auto-rom-infer -interface-preproc -syn-check -check-rec-only -find-region -simplifycfg -func-extr -function-inline -globaldce -mem2reg -instcombine -dce -gvn -globaldce -adce -adse -constprop -instcombine -bit-constprop -instcombine -dce -simplifycfg -bitop-raise -simplifycfg -dce -loop-delete -reassociate -globalopt -global-privatize -mem2reg -dce -global-constprop -pointer-simplify -constprop -dce -func-inst -deadargelim -auto-shift-reg-idiom -promote-dbg-pointer -norm-name C:/Users/brand/Documents/engs192/zybo-edge-ai/hls/edge_cnn_linear_stream_hls/edge_cnn_linear_stream_prj/solution1/.autopilot/db/a.g.0.bc -o C:/Users/brand/Documents/engs192/zybo-edge-ai/hls/edge_cnn_linear_stream_hls/edge_cnn_linear_stream_prj/solution1/.autopilot/db/a.g.1.bc -f -phase std-opt 
Command           transform done; 0.34 sec.
INFO: [HLS 200-111] Finished Standard Transforms: CPU user time: 0 seconds. CPU system time: 0 seconds. Elapsed time: 0.39 seconds; current allocated memory: 1.162 GB.
INFO: [HLS 200-10] Checking synthesizability ...
INFO-FLOW: Checking Synthesizability 1/2..
Execute           transform -hls -syn-check -check-rec-only -scalarrepl -norm-name -dce -mem2reg -instcombine -function-uniquify -directive-preproc -mem2reg -dse -dce -auto-rom-infer -dce -pag -array-normalize -instcombine -dce -array-seg-normalize -instcombine -dce -data-pack -instcombine -dce -inst-simplify -array-flatten -instcombine -dce -array-burst -dce -deadargelim -promote-global-argument -simplifycfg -mem2reg -globaldce -dce -deadargelim -dce -instcombine -function-inline -globaldce -dce -doublePtrSimplify -doublePtrElim -dce -doublePtrSimplify -promote-dbg-pointer -dce -scalarrepl -dse -adse -instcombine -ptrLegalization -simplifycfg -dce -instcombine -pointer-simplify -ptrArgReplace -dce -instcombine -resolve-double-ptr -scalarrepl -norm-name -dce -mem2reg -instcombine -ptrLegalization -simplifycfg -deadargelim -instcombine -dce -inst-simplify -function-uniquify -directive-preproc -mem2reg -dse -dce -globaldce -check-dspbuiltin C:/Users/brand/Documents/engs192/zybo-edge-ai/hls/edge_cnn_linear_stream_hls/edge_cnn_linear_stream_prj/solution1/.autopilot/db/a.g.1.bc -o C:/Users/brand/Documents/engs192/zybo-edge-ai/hls/edge_cnn_linear_stream_hls/edge_cnn_linear_stream_prj/solution1/.autopilot/db/a.g.2.prechk.bc -f 
Command           transform done; 0.287 sec.
INFO-FLOW: Checking Synthesizability 2/2..
Execute           transform -syn-check C:/Users/brand/Documents/engs192/zybo-edge-ai/hls/edge_cnn_linear_stream_hls/edge_cnn_linear_stream_prj/solution1/.autopilot/db/a.g.2.prechk.bc -o C:/Users/brand/Documents/engs192/zybo-edge-ai/hls/edge_cnn_linear_stream_hls/edge_cnn_linear_stream_prj/solution1/.autopilot/db/a.g.2.bc -f -phase syn-check 
Command           transform done; 0.135 sec.
INFO: [HLS 200-111] Finished Checking Synthesizability: CPU user time: 1 seconds. CPU system time: 0 seconds. Elapsed time: 0.444 seconds; current allocated memory: 1.162 GB.
INFO-FLOW: Compiler optimizing ...
INFO-FLOW: Share syncheck's 1.bc for syn flow: copy C:/Users/brand/Documents/engs192/zybo-edge-ai/hls/edge_cnn_linear_stream_hls/edge_cnn_linear_stream_prj/solution1/.autopilot/db/a.g.1.bc to C:/Users/brand/Documents/engs192/zybo-edge-ai/hls/edge_cnn_linear_stream_hls/edge_cnn_linear_stream_prj/solution1/.autopilot/db/a.o.1.bc
INFO-FLOW: Presyn 1...
Execute           transform -hls -tmp C:/Users/brand/Documents/engs192/zybo-edge-ai/hls/edge_cnn_linear_stream_hls/edge_cnn_linear_stream_prj/solution1/.autopilot/db -interface-port-rename -function-uniquify -directive-preproc -mem2reg -dse -dce -scalarrepl -norm-name -deadargelim -mem2reg -instcombine -dce -simplifycfg -auto-rom-infer -dce -function-uniquify -resource-proc -clib-intrinsic-prepare -dce -func-buffer -dce -pag -array-normalize -func-legal -instcombine -gvn -constprop -dce -simplifycfg -mem2reg -globaldce -resolve-double-ptr -dce -deadargelim -dce -instcombine -ptrArgReplace -mem2reg -dce -array-seg-normalize -deadargelim -instcombine -dce -function-uniquify -directive-preproc -mem2reg -dse -dce -pointer-simplify -dce -port-alignment -dce -interface-preproc -data-pack -instcombine -dce -basicaa -aggr-aa -aggrmodref-aa -aggr-aa -gvn -gvn -basicaa -aggr-aa -aggrmodref-aa -aggr-aa -dse -adse -adce -loop-simplify -indvars -instcombine -gvn -loop-simplify -mem2reg -dce -find-region -instcombine -auto-loop-pipeline -inst-simplify -interface-preproc -cfgopt -instcombine -indvars -auto-loop-unroll -loop-simplify -loop-bound -xunroll -constprop -instcombine -simplifycfg -indvars -simplifycfg -dce -globaldce -clean-region -attach-range -gvn -inst-simplify -constprop -simplifycfg -dce -pointer-simplify -dce -globalopt -constprop -dce -array-promote -constprop -dce -ptrArgReplace -mem2reg -simplifycfg -dce -instcombine -dce -array-transform-check -array-reshape -instcombine -simplifycfg -dce -ptrArgReplace -deadargelim -mem2reg -instcombine -simplifycfg -dce -indvars -loop-simplify -loop-bound -xunroll -constprop -instcombine -simplifycfg -indvars -simplifycfg -dce -globaldce -basicaa -aggr-aa -aggrmodref-aa -aggr-aa -dse -duplicate-dataflow-processes -globaldce -instcombine -array-partition -instcombine -simplifycfg -dce -ptrArgReplace -global-constprop -deadargelim -mem2reg -func-legal -dce -global-constprop -deadargelim -mem2reg -simplifycfg -dce -merge-param -deadargelim -globalopt -constprop -dce -array-promote -constprop -dce -ptrArgReplace -mem2reg -simplifycfg -dce -mem-intrinsic-preproc -dce -global-internalize -global-privatize -mem2reg -globaldce -promote-global-argument -ptrArgReplace -mem2reg -dce -globalopt -mergereturn -simplify-global-access -mem2reg -dce -pointer-simplify -dce -functionattrs -basicaa -aggr-aa -aggrmodref-aa -aggr-aa -gvn -gvn -basicaa -aggr-aa -aggrmodref-aa -aggr-aa -dse -adse -adce -dce -norm-name -basicaa -aggr-aa -aggrmodref-aa -aggr-aa -accesses-merge -function-inline -complex-op-raise -inst-simplify -globaldce -func-inst -constprop -instcombine -simplifycfg -dce -func-legal -dce -loop-bound -arraycheck -bitwidthmin2 -bitwidthmin2 -on-by-dataflow -loop-delete -instcombine -simplifycfg -globaldce -dce -gvn -deadargelim -dce -loop-simplify -clean-region -simplifycfg -propagate-stable-arguments -loop-stream -instcombine -simplifycfg -dce -globaldce -duplicate-dataflow-processes -stream-intrinsic-preproc -dce -check-ap-stream -loop-simplify -eliminate-keepreads -extract-dataflow-in-loop -loop-simplify -dce -gvn -deadargelim -dse -duplicate-dataflow-processes -check-dataflow-syntax -legalize-stream-variable -legalize-global -extract-subproc -dce -dead-channel-elimination -canonicalize-gep -globaldce -dce -gvn -hls-dead-arg-elim -deadargelim -directive-preproc -annotate-dataflow-channels -scalar-preprocessing -scalar-propagation2 -deadargelim -globaldce -mem2reg -check-dataflow-channels -function-stream -dce -globaldce -prop-fifo-spec -internal-stream-gen -canonicalize-gep -globaldce -dce -gvn -deadargelim -mergereturn -indvars -loop-simplify -instcombine -array-stream -array-seg-normalize -array-partition -func-legal -instcombine -simplifycfg -dce -bundle-memfifo-ops -deadargelim -function-uniquify -directive-preproc -mem2reg -dse -dce -group-axi-access -licm -simplifycfg -dce -loop-delete -hls-display -norm-name C:/Users/brand/Documents/engs192/zybo-edge-ai/hls/edge_cnn_linear_stream_hls/edge_cnn_linear_stream_prj/solution1/.autopilot/db/a.o.1.bc -o C:/Users/brand/Documents/engs192/zybo-edge-ai/hls/edge_cnn_linear_stream_hls/edge_cnn_linear_stream_prj/solution1/.autopilot/db/a.o.1.tmp.bc -f 
INFO: [XFORM 203-510] Pipelining loop 'PadTopWidth' (firmware/nnet_utils/nnet_padding_stream.h:53) in function 'nnet::zeropad2d_cl<nnet::array<ap_fixed<16, 6, (ap_q_mode)5, (ap_o_mode)3, 0>, 4u>, nnet::array<ap_fixed<16, 6, (ap_q_mode)5, (ap_o_mode)3, 0>, 4u>, config9>' automatically.
INFO: [XFORM 203-510] Pipelining loop 'CopyMain' (C:/Xilinx/Vitis_HLS/2021.2/common/technology/autopilot/hls_stream_39.h:143) in function 'nnet::zeropad2d_cl<nnet::array<ap_fixed<16, 6, (ap_q_mode)5, (ap_o_mode)3, 0>, 4u>, nnet::array<ap_fixed<16, 6, (ap_q_mode)5, (ap_o_mode)3, 0>, 4u>, config9>' automatically.
INFO: [XFORM 203-510] Pipelining loop 'PadBottomWidth' (firmware/nnet_utils/nnet_padding_stream.h:77) in function 'nnet::zeropad2d_cl<nnet::array<ap_fixed<16, 6, (ap_q_mode)5, (ap_o_mode)3, 0>, 4u>, nnet::array<ap_fixed<16, 6, (ap_q_mode)5, (ap_o_mode)3, 0>, 4u>, config9>' automatically.
INFO: [XFORM 203-510] Pipelining loop 'PadTopWidth' (firmware/nnet_utils/nnet_padding_stream.h:53) in function 'nnet::zeropad2d_cl<nnet::array<ap_fixed<16, 6, (ap_q_mode)5, (ap_o_mode)3, 0>, 4u>, nnet::array<ap_fixed<16, 6, (ap_q_mode)5, (ap_o_mode)3, 0>, 4u>, config8>' automatically.
INFO: [XFORM 203-510] Pipelining loop 'CopyMain' (C:/Xilinx/Vitis_HLS/2021.2/common/technology/autopilot/hls_stream_39.h:143) in function 'nnet::zeropad2d_cl<nnet::array<ap_fixed<16, 6, (ap_q_mode)5, (ap_o_mode)3, 0>, 4u>, nnet::array<ap_fixed<16, 6, (ap_q_mode)5, (ap_o_mode)3, 0>, 4u>, config8>' automatically.
INFO: [XFORM 203-510] Pipelining loop 'PadBottomWidth' (firmware/nnet_utils/nnet_padding_stream.h:77) in function 'nnet::zeropad2d_cl<nnet::array<ap_fixed<16, 6, (ap_q_mode)5, (ap_o_mode)3, 0>, 4u>, nnet::array<ap_fixed<16, 6, (ap_q_mode)5, (ap_o_mode)3, 0>, 4u>, config8>' automatically.
INFO: [XFORM 203-510] Pipelining loop 'PadTopWidth' (firmware/nnet_utils/nnet_padding_stream.h:53) in function 'nnet::zeropad2d_cl<nnet::array<ap_fixed<16, 6, (ap_q_mode)5, (ap_o_mode)3, 0>, 1u>, nnet::array<ap_fixed<16, 6, (ap_q_mode)5, (ap_o_mode)3, 0>, 1u>, config7>' automatically.
INFO: [XFORM 203-510] Pipelining loop 'CopyMain' (firmware/nnet_utils/nnet_padding_stream.h:18) in function 'nnet::zeropad2d_cl<nnet::array<ap_fixed<16, 6, (ap_q_mode)5, (ap_o_mode)3, 0>, 1u>, nnet::array<ap_fixed<16, 6, (ap_q_mode)5, (ap_o_mode)3, 0>, 1u>, config7>' automatically.
INFO: [XFORM 203-510] Pipelining loop 'PadBottomWidth' (firmware/nnet_utils/nnet_padding_stream.h:77) in function 'nnet::zeropad2d_cl<nnet::array<ap_fixed<16, 6, (ap_q_mode)5, (ap_o_mode)3, 0>, 1u>, nnet::array<ap_fixed<16, 6, (ap_q_mode)5, (ap_o_mode)3, 0>, 1u>, config7>' automatically.
INFO: [XFORM 203-102] Partitioning array 'tmp.data.V' (C:/Xilinx/Vitis_HLS/2021.2/common/technology/autopilot/hls_stream_39.h:154) automatically.
INFO: [XFORM 203-102] Automatically partitioning shift register array 'void conv_2d_buffer_cl<array<ap_fixed<16, 6, 5, 3, 0>, 4u>, array<ap_fixed<39, 19, 5, 3, 0>, 4u>, config4>(stream<array<ap_fixed<16, 6, 5, 3, 0>, 4u>, 0>&, stream<array<ap_fixed<39, 19, 5, 3, 0>, 4u>, 0>&, weight_t*, bias_t*)line_buffer.3' .
INFO: [XFORM 203-102] Automatically partitioning shift register array 'void conv_2d_buffer_cl<array<ap_fixed<16, 6, 5, 3, 0>, 4u>, array<ap_fixed<39, 19, 5, 3, 0>, 4u>, config4>(stream<array<ap_fixed<16, 6, 5, 3, 0>, 4u>, 0>&, stream<array<ap_fixed<39, 19, 5, 3, 0>, 4u>, 0>&, weight_t*, bias_t*)line_buffer.2' .
INFO: [XFORM 203-102] Automatically partitioning shift register array 'void conv_2d_buffer_cl<array<ap_fixed<16, 6, 5, 3, 0>, 4u>, array<ap_fixed<39, 19, 5, 3, 0>, 4u>, config4>(stream<array<ap_fixed<16, 6, 5, 3, 0>, 4u>, 0>&, stream<array<ap_fixed<39, 19, 5, 3, 0>, 4u>, 0>&, weight_t*, bias_t*)line_buffer.1' .
INFO: [XFORM 203-102] Automatically partitioning shift register array 'void conv_2d_buffer_cl<array<ap_fixed<16, 6, 5, 3, 0>, 4u>, array<ap_fixed<39, 19, 5, 3, 0>, 4u>, config4>(stream<array<ap_fixed<16, 6, 5, 3, 0>, 4u>, 0>&, stream<array<ap_fixed<39, 19, 5, 3, 0>, 4u>, 0>&, weight_t*, bias_t*)line_buffer' .
INFO: [XFORM 203-102] Automatically partitioning shift register array 'void conv_2d_buffer_cl<array<ap_fixed<16, 6, 5, 3, 0>, 4u>, array<ap_fixed<39, 19, 5, 3, 0>, 1u>, config6>(stream<array<ap_fixed<16, 6, 5, 3, 0>, 4u>, 0>&, stream<array<ap_fixed<39, 19, 5, 3, 0>, 1u>, 0>&, weight_t*, bias_t*)line_buffer.3' .
INFO: [XFORM 203-102] Automatically partitioning shift register array 'void conv_2d_buffer_cl<array<ap_fixed<16, 6, 5, 3, 0>, 4u>, array<ap_fixed<39, 19, 5, 3, 0>, 1u>, config6>(stream<array<ap_fixed<16, 6, 5, 3, 0>, 4u>, 0>&, stream<array<ap_fixed<39, 19, 5, 3, 0>, 1u>, 0>&, weight_t*, bias_t*)line_buffer.2' .
INFO: [XFORM 203-102] Automatically partitioning shift register array 'void conv_2d_buffer_cl<array<ap_fixed<16, 6, 5, 3, 0>, 4u>, array<ap_fixed<39, 19, 5, 3, 0>, 1u>, config6>(stream<array<ap_fixed<16, 6, 5, 3, 0>, 4u>, 0>&, stream<array<ap_fixed<39, 19, 5, 3, 0>, 1u>, 0>&, weight_t*, bias_t*)line_buffer.1' .
INFO: [XFORM 203-102] Automatically partitioning shift register array 'void conv_2d_buffer_cl<array<ap_fixed<16, 6, 5, 3, 0>, 4u>, array<ap_fixed<39, 19, 5, 3, 0>, 1u>, config6>(stream<array<ap_fixed<16, 6, 5, 3, 0>, 4u>, 0>&, stream<array<ap_fixed<39, 19, 5, 3, 0>, 1u>, 0>&, weight_t*, bias_t*)line_buffer' .
INFO: [XFORM 203-102] Automatically partitioning shift register array 'void conv_2d_buffer_cl<array<ap_fixed<16, 6, 5, 3, 0>, 1u>, array<ap_fixed<37, 17, 5, 3, 0>, 4u>, config2>(stream<array<ap_fixed<16, 6, 5, 3, 0>, 1u>, 0>&, stream<array<ap_fixed<37, 17, 5, 3, 0>, 4u>, 0>&, weight_t*, bias_t*)line_buffer' .
INFO: [XFORM 203-101] Partitioning array 'tmp.data.V' (C:/Xilinx/Vitis_HLS/2021.2/common/technology/autopilot/hls_stream_39.h:154) in dimension 1 completely.
INFO: [XFORM 203-101] Partitioning array 'void conv_2d_buffer_cl<array<ap_fixed<16, 6, 5, 3, 0>, 4u>, array<ap_fixed<39, 19, 5, 3, 0>, 4u>, config4>(stream<array<ap_fixed<16, 6, 5, 3, 0>, 4u>, 0>&, stream<array<ap_fixed<39, 19, 5, 3, 0>, 4u>, 0>&, weight_t*, bias_t*)line_buffer' in dimension 1 completely.
INFO: [XFORM 203-101] Partitioning array 'void conv_2d_buffer_cl<array<ap_fixed<16, 6, 5, 3, 0>, 4u>, array<ap_fixed<39, 19, 5, 3, 0>, 4u>, config4>(stream<array<ap_fixed<16, 6, 5, 3, 0>, 4u>, 0>&, stream<array<ap_fixed<39, 19, 5, 3, 0>, 4u>, 0>&, weight_t*, bias_t*)line_buffer.1' in dimension 1 completely.
INFO: [XFORM 203-101] Partitioning array 'void conv_2d_buffer_cl<array<ap_fixed<16, 6, 5, 3, 0>, 4u>, array<ap_fixed<39, 19, 5, 3, 0>, 4u>, config4>(stream<array<ap_fixed<16, 6, 5, 3, 0>, 4u>, 0>&, stream<array<ap_fixed<39, 19, 5, 3, 0>, 4u>, 0>&, weight_t*, bias_t*)line_buffer.2' in dimension 1 completely.
INFO: [XFORM 203-101] Partitioning array 'void conv_2d_buffer_cl<array<ap_fixed<16, 6, 5, 3, 0>, 4u>, array<ap_fixed<39, 19, 5, 3, 0>, 4u>, config4>(stream<array<ap_fixed<16, 6, 5, 3, 0>, 4u>, 0>&, stream<array<ap_fixed<39, 19, 5, 3, 0>, 4u>, 0>&, weight_t*, bias_t*)line_buffer.3' in dimension 1 completely.
INFO: [XFORM 203-101] Partitioning array 'tmp.data.V' (C:/Xilinx/Vitis_HLS/2021.2/common/technology/autopilot/hls_stream_39.h:154) in dimension 1 completely.
INFO: [XFORM 203-101] Partitioning array 'void conv_2d_buffer_cl<array<ap_fixed<16, 6, 5, 3, 0>, 4u>, array<ap_fixed<39, 19, 5, 3, 0>, 1u>, config6>(stream<array<ap_fixed<16, 6, 5, 3, 0>, 4u>, 0>&, stream<array<ap_fixed<39, 19, 5, 3, 0>, 1u>, 0>&, weight_t*, bias_t*)line_buffer' in dimension 1 completely.
INFO: [XFORM 203-101] Partitioning array 'void conv_2d_buffer_cl<array<ap_fixed<16, 6, 5, 3, 0>, 4u>, array<ap_fixed<39, 19, 5, 3, 0>, 1u>, config6>(stream<array<ap_fixed<16, 6, 5, 3, 0>, 4u>, 0>&, stream<array<ap_fixed<39, 19, 5, 3, 0>, 1u>, 0>&, weight_t*, bias_t*)line_buffer.1' in dimension 1 completely.
INFO: [XFORM 203-101] Partitioning array 'void conv_2d_buffer_cl<array<ap_fixed<16, 6, 5, 3, 0>, 4u>, array<ap_fixed<39, 19, 5, 3, 0>, 1u>, config6>(stream<array<ap_fixed<16, 6, 5, 3, 0>, 4u>, 0>&, stream<array<ap_fixed<39, 19, 5, 3, 0>, 1u>, 0>&, weight_t*, bias_t*)line_buffer.2' in dimension 1 completely.
INFO: [XFORM 203-101] Partitioning array 'void conv_2d_buffer_cl<array<ap_fixed<16, 6, 5, 3, 0>, 4u>, array<ap_fixed<39, 19, 5, 3, 0>, 1u>, config6>(stream<array<ap_fixed<16, 6, 5, 3, 0>, 4u>, 0>&, stream<array<ap_fixed<39, 19, 5, 3, 0>, 1u>, 0>&, weight_t*, bias_t*)line_buffer.3' in dimension 1 completely.
INFO: [XFORM 203-101] Partitioning array 'void conv_2d_buffer_cl<array<ap_fixed<16, 6, 5, 3, 0>, 1u>, array<ap_fixed<37, 17, 5, 3, 0>, 4u>, config2>(stream<array<ap_fixed<16, 6, 5, 3, 0>, 1u>, 0>&, stream<array<ap_fixed<37, 17, 5, 3, 0>, 4u>, 0>&, weight_t*, bias_t*)line_buffer' in dimension 1 completely.
WARNING: [HLS 200-786] Detected dataflow-on-top in function  'edge_cnn_linear' (firmware/edge_cnn_linear.cpp:8)  with default interface mode 'ap_ctrl_hs'. Overlapped execution of successive kernel calls will not happen unless interface mode 'ap_ctrl_chain' is used (or 'ap_ctrl_none' for a purely data-driven design).
INFO: [XFORM 203-712] Applying dataflow to function 'edge_cnn_linear' (firmware/edge_cnn_linear.cpp:8), detected/extracted 8 process function(s): 
	 'nnet::zeropad2d_cl<nnet::array<ap_fixed<16, 6, (ap_q_mode)5, (ap_o_mode)3, 0>, 1u>, nnet::array<ap_fixed<16, 6, (ap_q_mode)5, (ap_o_mode)3, 0>, 1u>, config7>'
	 'nnet::conv_2d_cl<nnet::array<ap_fixed<16, 6, (ap_q_mode)5, (ap_o_mode)3, 0>, 1u>, nnet::array<ap_fixed<37, 17, (ap_q_mode)5, (ap_o_mode)3, 0>, 4u>, config2>'
	 'nnet::relu<nnet::array<ap_fixed<37, 17, (ap_q_mode)5, (ap_o_mode)3, 0>, 4u>, nnet::array<ap_fixed<16, 6, (ap_q_mode)5, (ap_o_mode)3, 0>, 4u>, relu_config3>'
	 'nnet::zeropad2d_cl<nnet::array<ap_fixed<16, 6, (ap_q_mode)5, (ap_o_mode)3, 0>, 4u>, nnet::array<ap_fixed<16, 6, (ap_q_mode)5, (ap_o_mode)3, 0>, 4u>, config8>'
	 'nnet::conv_2d_cl<nnet::array<ap_fixed<16, 6, (ap_q_mode)5, (ap_o_mode)3, 0>, 4u>, nnet::array<ap_fixed<39, 19, (ap_q_mode)5, (ap_o_mode)3, 0>, 4u>, config4>'
	 'nnet::relu<nnet::array<ap_fixed<39, 19, (ap_q_mode)5, (ap_o_mode)3, 0>, 4u>, nnet::array<ap_fixed<16, 6, (ap_q_mode)5, (ap_o_mode)3, 0>, 4u>, relu_config5>'
	 'nnet::zeropad2d_cl<nnet::array<ap_fixed<16, 6, (ap_q_mode)5, (ap_o_mode)3, 0>, 4u>, nnet::array<ap_fixed<16, 6, (ap_q_mode)5, (ap_o_mode)3, 0>, 4u>, config9>'
	 'nnet::conv_2d_cl<nnet::array<ap_fixed<16, 6, (ap_q_mode)5, (ap_o_mode)3, 0>, 4u>, nnet::array<ap_fixed<39, 19, (ap_q_mode)5, (ap_o_mode)3, 0>, 1u>, config6>'.
Command           transform done; 1.308 sec.
INFO-FLOW: Presyn 2...
Execute           transform -hls -keep-callgraph -scalarrepl -mem2reg -port-alignment -attach-range -dce -pipe-mux-gen -indvars -loop-bound -inst-simplify -instcombine -dce -merge-array-access -mem2reg -dce -clean-region -mergereturn -if-conv -instcombine -dce -constprop -basicaa -aggr-aa -aggrmodref-aa -aggr-aa -gvn -gvn -basicaa -aggr-aa -aggrmodref-aa -aggr-aa -dse -adse -adce -scalarrepl -mem2reg -global-constprop -deadargelim -deadargelim -instcombine -dce -simplifycfg -ptrArgReplace -mem2reg -function-inline -globaldce -mem2reg -instcombine -dce -expr-balance -instcombine -dce -bitwidthmin2 -bitwidthmin2 -interface-preproc -directive-preproc -inst-rectify -instcombine -dce -functionattrs -constprop -instcombine -bit-constprop -simplify-global-access -globalopt -globaldce -inst-simplify -instcombine -elimdeaddata -dce -loop-delete -simplifycfg -loop-simplify -auto-burst -barrier -norm-name C:/Users/brand/Documents/engs192/zybo-edge-ai/hls/edge_cnn_linear_stream_hls/edge_cnn_linear_stream_prj/solution1/.autopilot/db/a.o.1.tmp.bc -o C:/Users/brand/Documents/engs192/zybo-edge-ai/hls/edge_cnn_linear_stream_hls/edge_cnn_linear_stream_prj/solution1/.autopilot/db/a.o.2.bc -f -phase presyn 
Command           transform done; 0.304 sec.
INFO: [HLS 200-111] Finished Loop, function and other optimizations: CPU user time: 1 seconds. CPU system time: 0 seconds. Elapsed time: 1.618 seconds; current allocated memory: 1.162 GB.
Execute           get_config_compile -enable_auto_rewind 
Execute           get_config_compile -enable_loop_extract 
INFO-FLOW: Building ssdm...
Execute           transform -hls -function-uniquify -auto-function-inline -globaldce -ptrArgReplace -mem2reg -dce -reset-lda -loop-simplify -indvars -aggr-aa -licm -loop-dep -loop-bound -licm -loop-simplify -loop-sink-hoist -flattenloopnest -array-flatten -gvn -instcombine -dce -array-map -dce -func-legal -gvn -adce -instcombine -cfgopt -simplifycfg -loop-simplify -array-burst -promote-global-argument -dce -array-seg-normalize -basicaa -aggrmodref-aa -globalsmodref-aa -aggr-aa -gvn -gvn -basicaa -aggrmodref-aa -globalsmodref-aa -aggr-aa -dse -adse -adce -licm -inst-simplify -dce -globaldce -instcombine -array-stream -eliminate-keepreads -instcombine -dce -deadargelim -doublePtrSimplify -doublePtrElim -dce -doublePtrSimplify -promote-dbg-pointer -dce -scalarrepl -mem2reg -norm-name -mem2reg -instcombine -dse -adse -adce -ptrLegalization -dce -auto-rom-infer -array-flatten -dce -instcombine -check-doubleptr -loop-rot -constprop -cfgopt -simplifycfg -loop-simplify -indvars -pointer-simplify -dce -loop-bound -loop-simplify -loop-preproc -constprop -global-constprop -gvn -mem2reg -instcombine -dce -loop-bound -loop-merge -dce -deadargelim -dce -canonicalize-dataflow -dce -scalar-propagation2 -deadargelim -globaldce -mem2reg -load-elim -read-loop-dep -loop-simplify -loop-extract-inner -directive-preproc -bitwidthmin2 -bitwidthmin2 -read-loop-dep -interface-preproc -directive-preproc -interface-gen -bram-byte-enable -deadargelim -inst-simplify -dce -gvn -mem2reg -instcombine -dce -adse -loop-bound -instcombine -cfgopt -simplifycfg -loop-simplify -clean-region -io-protocol -find-region -mem2reg -bitop-raise -complex-op-raise -inst-simplify -inst-rectify -instcombine -adce -deadargelim -float-op-raise -loop-simplify -phi-opt -bitop-raise -cfgopt -simplifycfg -strip-dead-prototypes -interface-lower -bitop-lower -intrinsic-lower -auto-function-inline -basicaa -aggrmodref-aa -globalsmodref-aa -aggr-aa -inst-simplify -simplifycfg -loop-simplify -mergereturn -inst-simplify -inst-rectify -dce -load-elim -bitop-lower -float-op-raise -fma-raise -loop-rewind -pointer-simplify -dce -cfgopt -dce -loop-bound -loop-dep -read-loop-dep -dce -dyn-mem-reuse -dce -recurrence-min -dce -share-scalar-alloca -deadargelim -dce -check-stream -norm-name -legalize -validate-dataflow -inst-clarity -bitwidth -dump-loop-dep-to-ir -check-all-ssdm -cdfg-build C:/Users/brand/Documents/engs192/zybo-edge-ai/hls/edge_cnn_linear_stream_hls/edge_cnn_linear_stream_prj/solution1/.autopilot/db/a.o.2.bc -o C:/Users/brand/Documents/engs192/zybo-edge-ai/hls/edge_cnn_linear_stream_hls/edge_cnn_linear_stream_prj/solution1/.autopilot/db/a.o.3.bc -f -phase build-ssdm 
WARNING: [HLS 200-960] Cannot flatten loop 'PadMain' (firmware/nnet_utils/nnet_padding_stream.h:59:14) in function 'nnet::zeropad2d_cl<nnet::array<ap_fixed<16, 6, (ap_q_mode)5, (ap_o_mode)3, 0>, 4u>, nnet::array<ap_fixed<16, 6, (ap_q_mode)5, (ap_o_mode)3, 0>, 4u>, config9>' the outer loop is not a perfect loop.
WARNING: [HLS 200-960] Cannot flatten loop 'PadMain' (firmware/nnet_utils/nnet_padding_stream.h:59:14) in function 'nnet::zeropad2d_cl<nnet::array<ap_fixed<16, 6, (ap_q_mode)5, (ap_o_mode)3, 0>, 4u>, nnet::array<ap_fixed<16, 6, (ap_q_mode)5, (ap_o_mode)3, 0>, 4u>, config8>' the outer loop is not a perfect loop.
WARNING: [HLS 200-960] Cannot flatten loop 'PadMain' (firmware/nnet_utils/nnet_padding_stream.h:59:14) in function 'nnet::zeropad2d_cl<nnet::array<ap_fixed<16, 6, (ap_q_mode)5, (ap_o_mode)3, 0>, 1u>, nnet::array<ap_fixed<16, 6, (ap_q_mode)5, (ap_o_mode)3, 0>, 1u>, config7>' the outer loop is not a perfect loop.
INFO: [XFORM 203-541] Flattening a loop nest 'ReadInputHeight' (firmware/nnet_utils/nnet_conv2d_stream.h:85:19) in function 'nnet::conv_2d_cl<nnet::array<ap_fixed<16, 6, (ap_q_mode)5, (ap_o_mode)3, 0>, 4u>, nnet::array<ap_fixed<39, 19, (ap_q_mode)5, (ap_o_mode)3, 0>, 4u>, config4>'.
INFO: [XFORM 203-541] Flattening a loop nest 'ReadInputHeight' (firmware/nnet_utils/nnet_conv2d_stream.h:85:19) in function 'nnet::conv_2d_cl<nnet::array<ap_fixed<16, 6, (ap_q_mode)5, (ap_o_mode)3, 0>, 4u>, nnet::array<ap_fixed<39, 19, (ap_q_mode)5, (ap_o_mode)3, 0>, 1u>, config6>'.
INFO: [XFORM 203-541] Flattening a loop nest 'ReadInputHeight' (firmware/nnet_utils/nnet_conv2d_stream.h:85:19) in function 'nnet::conv_2d_cl<nnet::array<ap_fixed<16, 6, (ap_q_mode)5, (ap_o_mode)3, 0>, 1u>, nnet::array<ap_fixed<37, 17, (ap_q_mode)5, (ap_o_mode)3, 0>, 4u>, config2>'.
INFO: [XFORM 203-531] Rewinding loop 'ReuseLoop' (firmware/nnet_utils/nnet_dense_resource.h:49) in function 'dense_resource_rf_leq_nin<ap_fixed<16, 6, 5, 3, 0>, ap_fixed<39, 19, 5, 3, 0>, config6_mult>'.
INFO: [XFORM 203-531] Rewinding loop 'ReuseLoop' (firmware/nnet_utils/nnet_dense_resource.h:119) in function 'dense_resource_rf_gt_nin_rem0<ap_fixed<16, 6, 5, 3, 0>, ap_fixed<39, 19, 5, 3, 0>, config4_mult>'.
INFO: [XFORM 203-531] Rewinding loop 'ReuseLoop' (firmware/nnet_utils/nnet_dense_resource.h:119) in function 'dense_resource_rf_gt_nin_rem0<ap_fixed<16, 6, 5, 3, 0>, ap_fixed<37, 17, 5, 3, 0>, config2_mult>'.
Command           transform done; 0.777 sec.
INFO: [HLS 200-111] Finished Architecture Synthesis: CPU user time: 0 seconds. CPU system time: 0 seconds. Elapsed time: 0.78 seconds; current allocated memory: 1.162 GB.
INFO-FLOW: Finish building internal data model.
Command         opt_and_import_c done; 3.269 sec.
Command       elaborate done; 31.208 sec.
Execute       ap_eval exec zip -j C:/Users/brand/Documents/engs192/zybo-edge-ai/hls/edge_cnn_linear_stream_hls/edge_cnn_linear_stream_prj/solution1/.autopilot/db/dut.hcp $dbDir/a.o.3.bc $dbDir/${topname}.rtl_wrap.cfg.tcl $dbDir/apatb_${topname}.cpp $dbDir/apatb_${topname}_util.cpp $dbDir/apatb_${topname}_ir.ll $dbDir/mapper_${topname}.cpp $dbDir/top-io-fe.xml $dbDir/kernel.internal.xml $workdir/../hls.app 
Command       ap_eval done; 0.124 sec.
Execute       autosyn -from_csynth_design=1 
INFO: [HLS 200-10] Starting hardware synthesis ...
INFO-FLOW: Synthesizing C/C++ design ...
INFO: [HLS 200-10] Synthesizing 'edge_cnn_linear' ...
Execute         ap_set_top_model edge_cnn_linear 
WARNING: [SYN 201-103] Legalizing function name 'zeropad2d_cl<array<ap_fixed<16, 6, 5, 3, 0>, 1u>, array<ap_fixed<16, 6, 5, 3, 0>, 1u>, config7>_Pipeline_PadTopWidth' to 'zeropad2d_cl_array_ap_fixed_16_6_5_3_0_1u_array_ap_fixed_16_6_5_3_0_1u_config7_Pipeline_PadTopWidth'.
WARNING: [SYN 201-103] Legalizing function name 'zeropad2d_cl<array<ap_fixed<16, 6, 5, 3, 0>, 1u>, array<ap_fixed<16, 6, 5, 3, 0>, 1u>, config7>_Pipeline_CopyMain' to 'zeropad2d_cl_array_ap_fixed_16_6_5_3_0_1u_array_ap_fixed_16_6_5_3_0_1u_config7_Pipeline_CopyMain'.
WARNING: [SYN 201-103] Legalizing function name 'zeropad2d_cl<array<ap_fixed<16, 6, 5, 3, 0>, 1u>, array<ap_fixed<16, 6, 5, 3, 0>, 1u>, config7>_Pipeline_PadBottomWidth' to 'zeropad2d_cl_array_ap_fixed_16_6_5_3_0_1u_array_ap_fixed_16_6_5_3_0_1u_config7_Pipeline_PadBottomWidth'.
WARNING: [SYN 201-103] Legalizing function name 'zeropad2d_cl<array<ap_fixed<16, 6, 5, 3, 0>, 1u>, array<ap_fixed<16, 6, 5, 3, 0>, 1u>, config7>' to 'zeropad2d_cl_array_ap_fixed_16_6_5_3_0_1u_array_ap_fixed_16_6_5_3_0_1u_config7_s'.
WARNING: [SYN 201-103] Legalizing function name 'shift_line_buffer<array<ap_fixed<16, 6, 5, 3, 0>, 1u>, config2>' to 'shift_line_buffer_array_ap_fixed_16_6_5_3_0_1u_config2_s'.
WARNING: [SYN 201-103] Legalizing function name 'dense_resource_rf_gt_nin_rem0<ap_fixed<16, 6, 5, 3, 0>, ap_fixed<37, 17, 5, 3, 0>, config2_mult>' to 'dense_resource_rf_gt_nin_rem0_ap_fixed_16_6_5_3_0_ap_fixed_37_17_5_3_0_config2_mult_s'.
WARNING: [SYN 201-103] Legalizing function name 'compute_output_buffer_2d<array<ap_fixed<16, 6, 5, 3, 0>, 1u>, array<ap_fixed<37, 17, 5, 3, 0>, 4u>, config2>' to 'compute_output_buffer_2d_array_ap_fixed_16_6_5_3_0_1u_array_ap_fixed_37_17_5_3_0_4u_config2_s'.
WARNING: [SYN 201-103] Legalizing function name 'conv_2d_cl<array<ap_fixed<16, 6, 5, 3, 0>, 1u>, array<ap_fixed<37, 17, 5, 3, 0>, 4u>, config2>' to 'conv_2d_cl_array_ap_fixed_16_6_5_3_0_1u_array_ap_fixed_37_17_5_3_0_4u_config2_s'.
WARNING: [SYN 201-103] Legalizing function name 'relu<array<ap_fixed<37, 17, 5, 3, 0>, 4u>, array<ap_fixed<16, 6, 5, 3, 0>, 4u>, relu_config3>' to 'relu_array_ap_fixed_37_17_5_3_0_4u_array_ap_fixed_16_6_5_3_0_4u_relu_config3_s'.
WARNING: [SYN 201-103] Legalizing function name 'zeropad2d_cl<array<ap_fixed<16, 6, 5, 3, 0>, 4u>, array<ap_fixed<16, 6, 5, 3, 0>, 4u>, config8>_Pipeline_PadTopWidth' to 'zeropad2d_cl_array_ap_fixed_16_6_5_3_0_4u_array_ap_fixed_16_6_5_3_0_4u_config8_Pipeline_PadTopWidth'.
WARNING: [SYN 201-103] Legalizing function name 'zeropad2d_cl<array<ap_fixed<16, 6, 5, 3, 0>, 4u>, array<ap_fixed<16, 6, 5, 3, 0>, 4u>, config8>_Pipeline_CopyMain' to 'zeropad2d_cl_array_ap_fixed_16_6_5_3_0_4u_array_ap_fixed_16_6_5_3_0_4u_config8_Pipeline_CopyMain'.
WARNING: [SYN 201-103] Legalizing function name 'zeropad2d_cl<array<ap_fixed<16, 6, 5, 3, 0>, 4u>, array<ap_fixed<16, 6, 5, 3, 0>, 4u>, config8>_Pipeline_PadBottomWidth' to 'zeropad2d_cl_array_ap_fixed_16_6_5_3_0_4u_array_ap_fixed_16_6_5_3_0_4u_config8_Pipeline_PadBottomWidth'.
WARNING: [SYN 201-103] Legalizing function name 'zeropad2d_cl<array<ap_fixed<16, 6, 5, 3, 0>, 4u>, array<ap_fixed<16, 6, 5, 3, 0>, 4u>, config8>' to 'zeropad2d_cl_array_ap_fixed_16_6_5_3_0_4u_array_ap_fixed_16_6_5_3_0_4u_config8_s'.
WARNING: [SYN 201-103] Legalizing function name 'shift_line_buffer<array<ap_fixed<16, 6, 5, 3, 0>, 4u>, config4>' to 'shift_line_buffer_array_ap_fixed_16_6_5_3_0_4u_config4_s'.
WARNING: [SYN 201-103] Legalizing function name 'dense_resource_rf_gt_nin_rem0<ap_fixed<16, 6, 5, 3, 0>, ap_fixed<39, 19, 5, 3, 0>, config4_mult>' to 'dense_resource_rf_gt_nin_rem0_ap_fixed_16_6_5_3_0_ap_fixed_39_19_5_3_0_config4_mult_s'.
WARNING: [SYN 201-103] Legalizing function name 'compute_output_buffer_2d<array<ap_fixed<16, 6, 5, 3, 0>, 4u>, array<ap_fixed<39, 19, 5, 3, 0>, 4u>, config4>' to 'compute_output_buffer_2d_array_ap_fixed_16_6_5_3_0_4u_array_ap_fixed_39_19_5_3_0_4u_config4_s'.
WARNING: [SYN 201-103] Legalizing function name 'conv_2d_cl<array<ap_fixed<16, 6, 5, 3, 0>, 4u>, array<ap_fixed<39, 19, 5, 3, 0>, 4u>, config4>' to 'conv_2d_cl_array_ap_fixed_16_6_5_3_0_4u_array_ap_fixed_39_19_5_3_0_4u_config4_s'.
WARNING: [SYN 201-103] Legalizing function name 'relu<array<ap_fixed<39, 19, 5, 3, 0>, 4u>, array<ap_fixed<16, 6, 5, 3, 0>, 4u>, relu_config5>' to 'relu_array_ap_fixed_39_19_5_3_0_4u_array_ap_fixed_16_6_5_3_0_4u_relu_config5_s'.
WARNING: [SYN 201-103] Legalizing function name 'zeropad2d_cl<array<ap_fixed<16, 6, 5, 3, 0>, 4u>, array<ap_fixed<16, 6, 5, 3, 0>, 4u>, config9>_Pipeline_PadTopWidth' to 'zeropad2d_cl_array_ap_fixed_16_6_5_3_0_4u_array_ap_fixed_16_6_5_3_0_4u_config9_Pipeline_PadTopWidth'.
WARNING: [SYN 201-103] Legalizing function name 'zeropad2d_cl<array<ap_fixed<16, 6, 5, 3, 0>, 4u>, array<ap_fixed<16, 6, 5, 3, 0>, 4u>, config9>_Pipeline_CopyMain' to 'zeropad2d_cl_array_ap_fixed_16_6_5_3_0_4u_array_ap_fixed_16_6_5_3_0_4u_config9_Pipeline_CopyMain'.
WARNING: [SYN 201-103] Legalizing function name 'zeropad2d_cl<array<ap_fixed<16, 6, 5, 3, 0>, 4u>, array<ap_fixed<16, 6, 5, 3, 0>, 4u>, config9>_Pipeline_PadBottomWidth' to 'zeropad2d_cl_array_ap_fixed_16_6_5_3_0_4u_array_ap_fixed_16_6_5_3_0_4u_config9_Pipeline_PadBottomWidth'.
WARNING: [SYN 201-103] Legalizing function name 'zeropad2d_cl<array<ap_fixed<16, 6, 5, 3, 0>, 4u>, array<ap_fixed<16, 6, 5, 3, 0>, 4u>, config9>' to 'zeropad2d_cl_array_ap_fixed_16_6_5_3_0_4u_array_ap_fixed_16_6_5_3_0_4u_config9_s'.
WARNING: [SYN 201-103] Legalizing function name 'shift_line_buffer<array<ap_fixed<16, 6, 5, 3, 0>, 4u>, config6>' to 'shift_line_buffer_array_ap_fixed_16_6_5_3_0_4u_config6_s'.
WARNING: [SYN 201-103] Legalizing function name 'dense_resource_rf_leq_nin<ap_fixed<16, 6, 5, 3, 0>, ap_fixed<39, 19, 5, 3, 0>, config6_mult>' to 'dense_resource_rf_leq_nin_ap_fixed_16_6_5_3_0_ap_fixed_39_19_5_3_0_config6_mult_s'.
WARNING: [SYN 201-103] Legalizing function name 'compute_output_buffer_2d<array<ap_fixed<16, 6, 5, 3, 0>, 4u>, array<ap_fixed<39, 19, 5, 3, 0>, 1u>, config6>' to 'compute_output_buffer_2d_array_ap_fixed_16_6_5_3_0_4u_array_ap_fixed_39_19_5_3_0_1u_config6_s'.
WARNING: [SYN 201-103] Legalizing function name 'conv_2d_cl<array<ap_fixed<16, 6, 5, 3, 0>, 4u>, array<ap_fixed<39, 19, 5, 3, 0>, 1u>, config6>' to 'conv_2d_cl_array_ap_fixed_16_6_5_3_0_4u_array_ap_fixed_39_19_5_3_0_1u_config6_s'.
Command         ap_set_top_model done; 0.704 sec.
Execute         get_model_list edge_cnn_linear -filter all-wo-channel -topdown 
Execute         preproc_iomode -model edge_cnn_linear 
Execute         preproc_iomode -model conv_2d_cl<array<ap_fixed<16, 6, 5, 3, 0>, 4u>, array<ap_fixed<39, 19, 5, 3, 0>, 1u>, config6> 
Execute         preproc_iomode -model compute_output_buffer_2d<array<ap_fixed<16, 6, 5, 3, 0>, 4u>, array<ap_fixed<39, 19, 5, 3, 0>, 1u>, config6> 
Execute         preproc_iomode -model dense_resource_rf_leq_nin<ap_fixed<16, 6, 5, 3, 0>, ap_fixed<39, 19, 5, 3, 0>, config6_mult> 
Execute         preproc_iomode -model shift_line_buffer<array<ap_fixed<16, 6, 5, 3, 0>, 4u>, config6> 
Execute         preproc_iomode -model zeropad2d_cl<array<ap_fixed<16, 6, 5, 3, 0>, 4u>, array<ap_fixed<16, 6, 5, 3, 0>, 4u>, config9> 
Execute         preproc_iomode -model zeropad2d_cl<array<ap_fixed<16, 6, 5, 3, 0>, 4u>, array<ap_fixed<16, 6, 5, 3, 0>, 4u>, config9>_Pipeline_PadBottomWidth 
Execute         preproc_iomode -model zeropad2d_cl<array<ap_fixed<16, 6, 5, 3, 0>, 4u>, array<ap_fixed<16, 6, 5, 3, 0>, 4u>, config9>_Pipeline_CopyMain 
Execute         preproc_iomode -model zeropad2d_cl<array<ap_fixed<16, 6, 5, 3, 0>, 4u>, array<ap_fixed<16, 6, 5, 3, 0>, 4u>, config9>_Pipeline_PadTopWidth 
Execute         preproc_iomode -model relu<array<ap_fixed<39, 19, 5, 3, 0>, 4u>, array<ap_fixed<16, 6, 5, 3, 0>, 4u>, relu_config5> 
Execute         preproc_iomode -model conv_2d_cl<array<ap_fixed<16, 6, 5, 3, 0>, 4u>, array<ap_fixed<39, 19, 5, 3, 0>, 4u>, config4> 
Execute         preproc_iomode -model compute_output_buffer_2d<array<ap_fixed<16, 6, 5, 3, 0>, 4u>, array<ap_fixed<39, 19, 5, 3, 0>, 4u>, config4> 
Execute         preproc_iomode -model dense_resource_rf_gt_nin_rem0<ap_fixed<16, 6, 5, 3, 0>, ap_fixed<39, 19, 5, 3, 0>, config4_mult> 
Execute         preproc_iomode -model shift_line_buffer<array<ap_fixed<16, 6, 5, 3, 0>, 4u>, config4> 
Execute         preproc_iomode -model zeropad2d_cl<array<ap_fixed<16, 6, 5, 3, 0>, 4u>, array<ap_fixed<16, 6, 5, 3, 0>, 4u>, config8> 
Execute         preproc_iomode -model zeropad2d_cl<array<ap_fixed<16, 6, 5, 3, 0>, 4u>, array<ap_fixed<16, 6, 5, 3, 0>, 4u>, config8>_Pipeline_PadBottomWidth 
Execute         preproc_iomode -model zeropad2d_cl<array<ap_fixed<16, 6, 5, 3, 0>, 4u>, array<ap_fixed<16, 6, 5, 3, 0>, 4u>, config8>_Pipeline_CopyMain 
Execute         preproc_iomode -model zeropad2d_cl<array<ap_fixed<16, 6, 5, 3, 0>, 4u>, array<ap_fixed<16, 6, 5, 3, 0>, 4u>, config8>_Pipeline_PadTopWidth 
Execute         preproc_iomode -model relu<array<ap_fixed<37, 17, 5, 3, 0>, 4u>, array<ap_fixed<16, 6, 5, 3, 0>, 4u>, relu_config3> 
Execute         preproc_iomode -model conv_2d_cl<array<ap_fixed<16, 6, 5, 3, 0>, 1u>, array<ap_fixed<37, 17, 5, 3, 0>, 4u>, config2> 
Execute         preproc_iomode -model compute_output_buffer_2d<array<ap_fixed<16, 6, 5, 3, 0>, 1u>, array<ap_fixed<37, 17, 5, 3, 0>, 4u>, config2> 
Execute         preproc_iomode -model dense_resource_rf_gt_nin_rem0<ap_fixed<16, 6, 5, 3, 0>, ap_fixed<37, 17, 5, 3, 0>, config2_mult> 
Execute         preproc_iomode -model shift_line_buffer<array<ap_fixed<16, 6, 5, 3, 0>, 1u>, config2> 
Execute         preproc_iomode -model zeropad2d_cl<array<ap_fixed<16, 6, 5, 3, 0>, 1u>, array<ap_fixed<16, 6, 5, 3, 0>, 1u>, config7> 
Execute         preproc_iomode -model zeropad2d_cl<array<ap_fixed<16, 6, 5, 3, 0>, 1u>, array<ap_fixed<16, 6, 5, 3, 0>, 1u>, config7>_Pipeline_PadBottomWidth 
Execute         preproc_iomode -model zeropad2d_cl<array<ap_fixed<16, 6, 5, 3, 0>, 1u>, array<ap_fixed<16, 6, 5, 3, 0>, 1u>, config7>_Pipeline_CopyMain 
Execute         preproc_iomode -model zeropad2d_cl<array<ap_fixed<16, 6, 5, 3, 0>, 1u>, array<ap_fixed<16, 6, 5, 3, 0>, 1u>, config7>_Pipeline_PadTopWidth 
Execute         get_model_list edge_cnn_linear -filter all-wo-channel 
INFO-FLOW: Model list for configure: {zeropad2d_cl<array<ap_fixed<16, 6, 5, 3, 0>, 1u>, array<ap_fixed<16, 6, 5, 3, 0>, 1u>, config7>_Pipeline_PadTopWidth} {zeropad2d_cl<array<ap_fixed<16, 6, 5, 3, 0>, 1u>, array<ap_fixed<16, 6, 5, 3, 0>, 1u>, config7>_Pipeline_CopyMain} {zeropad2d_cl<array<ap_fixed<16, 6, 5, 3, 0>, 1u>, array<ap_fixed<16, 6, 5, 3, 0>, 1u>, config7>_Pipeline_PadBottomWidth} {zeropad2d_cl<array<ap_fixed<16, 6, 5, 3, 0>, 1u>, array<ap_fixed<16, 6, 5, 3, 0>, 1u>, config7>} {shift_line_buffer<array<ap_fixed<16, 6, 5, 3, 0>, 1u>, config2>} {dense_resource_rf_gt_nin_rem0<ap_fixed<16, 6, 5, 3, 0>, ap_fixed<37, 17, 5, 3, 0>, config2_mult>} {compute_output_buffer_2d<array<ap_fixed<16, 6, 5, 3, 0>, 1u>, array<ap_fixed<37, 17, 5, 3, 0>, 4u>, config2>} {conv_2d_cl<array<ap_fixed<16, 6, 5, 3, 0>, 1u>, array<ap_fixed<37, 17, 5, 3, 0>, 4u>, config2>} {relu<array<ap_fixed<37, 17, 5, 3, 0>, 4u>, array<ap_fixed<16, 6, 5, 3, 0>, 4u>, relu_config3>} {zeropad2d_cl<array<ap_fixed<16, 6, 5, 3, 0>, 4u>, array<ap_fixed<16, 6, 5, 3, 0>, 4u>, config8>_Pipeline_PadTopWidth} {zeropad2d_cl<array<ap_fixed<16, 6, 5, 3, 0>, 4u>, array<ap_fixed<16, 6, 5, 3, 0>, 4u>, config8>_Pipeline_CopyMain} {zeropad2d_cl<array<ap_fixed<16, 6, 5, 3, 0>, 4u>, array<ap_fixed<16, 6, 5, 3, 0>, 4u>, config8>_Pipeline_PadBottomWidth} {zeropad2d_cl<array<ap_fixed<16, 6, 5, 3, 0>, 4u>, array<ap_fixed<16, 6, 5, 3, 0>, 4u>, config8>} {shift_line_buffer<array<ap_fixed<16, 6, 5, 3, 0>, 4u>, config4>} {dense_resource_rf_gt_nin_rem0<ap_fixed<16, 6, 5, 3, 0>, ap_fixed<39, 19, 5, 3, 0>, config4_mult>} {compute_output_buffer_2d<array<ap_fixed<16, 6, 5, 3, 0>, 4u>, array<ap_fixed<39, 19, 5, 3, 0>, 4u>, config4>} {conv_2d_cl<array<ap_fixed<16, 6, 5, 3, 0>, 4u>, array<ap_fixed<39, 19, 5, 3, 0>, 4u>, config4>} {relu<array<ap_fixed<39, 19, 5, 3, 0>, 4u>, array<ap_fixed<16, 6, 5, 3, 0>, 4u>, relu_config5>} {zeropad2d_cl<array<ap_fixed<16, 6, 5, 3, 0>, 4u>, array<ap_fixed<16, 6, 5, 3, 0>, 4u>, config9>_Pipeline_PadTopWidth} {zeropad2d_cl<array<ap_fixed<16, 6, 5, 3, 0>, 4u>, array<ap_fixed<16, 6, 5, 3, 0>, 4u>, config9>_Pipeline_CopyMain} {zeropad2d_cl<array<ap_fixed<16, 6, 5, 3, 0>, 4u>, array<ap_fixed<16, 6, 5, 3, 0>, 4u>, config9>_Pipeline_PadBottomWidth} {zeropad2d_cl<array<ap_fixed<16, 6, 5, 3, 0>, 4u>, array<ap_fixed<16, 6, 5, 3, 0>, 4u>, config9>} {shift_line_buffer<array<ap_fixed<16, 6, 5, 3, 0>, 4u>, config6>} {dense_resource_rf_leq_nin<ap_fixed<16, 6, 5, 3, 0>, ap_fixed<39, 19, 5, 3, 0>, config6_mult>} {compute_output_buffer_2d<array<ap_fixed<16, 6, 5, 3, 0>, 4u>, array<ap_fixed<39, 19, 5, 3, 0>, 1u>, config6>} {conv_2d_cl<array<ap_fixed<16, 6, 5, 3, 0>, 4u>, array<ap_fixed<39, 19, 5, 3, 0>, 1u>, config6>} edge_cnn_linear
INFO-FLOW: Configuring Module : zeropad2d_cl<array<ap_fixed<16, 6, 5, 3, 0>, 1u>, array<ap_fixed<16, 6, 5, 3, 0>, 1u>, config7>_Pipeline_PadTopWidth ...
Execute         set_default_model zeropad2d_cl<array<ap_fixed<16, 6, 5, 3, 0>, 1u>, array<ap_fixed<16, 6, 5, 3, 0>, 1u>, config7>_Pipeline_PadTopWidth 
Execute         apply_spec_resource_limit zeropad2d_cl<array<ap_fixed<16, 6, 5, 3, 0>, 1u>, array<ap_fixed<16, 6, 5, 3, 0>, 1u>, config7>_Pipeline_PadTopWidth 
INFO-FLOW: Configuring Module : zeropad2d_cl<array<ap_fixed<16, 6, 5, 3, 0>, 1u>, array<ap_fixed<16, 6, 5, 3, 0>, 1u>, config7>_Pipeline_CopyMain ...
Execute         set_default_model zeropad2d_cl<array<ap_fixed<16, 6, 5, 3, 0>, 1u>, array<ap_fixed<16, 6, 5, 3, 0>, 1u>, config7>_Pipeline_CopyMain 
Execute         apply_spec_resource_limit zeropad2d_cl<array<ap_fixed<16, 6, 5, 3, 0>, 1u>, array<ap_fixed<16, 6, 5, 3, 0>, 1u>, config7>_Pipeline_CopyMain 
INFO-FLOW: Configuring Module : zeropad2d_cl<array<ap_fixed<16, 6, 5, 3, 0>, 1u>, array<ap_fixed<16, 6, 5, 3, 0>, 1u>, config7>_Pipeline_PadBottomWidth ...
Execute         set_default_model zeropad2d_cl<array<ap_fixed<16, 6, 5, 3, 0>, 1u>, array<ap_fixed<16, 6, 5, 3, 0>, 1u>, config7>_Pipeline_PadBottomWidth 
Execute         apply_spec_resource_limit zeropad2d_cl<array<ap_fixed<16, 6, 5, 3, 0>, 1u>, array<ap_fixed<16, 6, 5, 3, 0>, 1u>, config7>_Pipeline_PadBottomWidth 
INFO-FLOW: Configuring Module : zeropad2d_cl<array<ap_fixed<16, 6, 5, 3, 0>, 1u>, array<ap_fixed<16, 6, 5, 3, 0>, 1u>, config7> ...
Execute         set_default_model zeropad2d_cl<array<ap_fixed<16, 6, 5, 3, 0>, 1u>, array<ap_fixed<16, 6, 5, 3, 0>, 1u>, config7> 
Execute         apply_spec_resource_limit zeropad2d_cl<array<ap_fixed<16, 6, 5, 3, 0>, 1u>, array<ap_fixed<16, 6, 5, 3, 0>, 1u>, config7> 
INFO-FLOW: Configuring Module : shift_line_buffer<array<ap_fixed<16, 6, 5, 3, 0>, 1u>, config2> ...
Execute         set_default_model shift_line_buffer<array<ap_fixed<16, 6, 5, 3, 0>, 1u>, config2> 
Execute         apply_spec_resource_limit shift_line_buffer<array<ap_fixed<16, 6, 5, 3, 0>, 1u>, config2> 
INFO-FLOW: Configuring Module : dense_resource_rf_gt_nin_rem0<ap_fixed<16, 6, 5, 3, 0>, ap_fixed<37, 17, 5, 3, 0>, config2_mult> ...
Execute         set_default_model dense_resource_rf_gt_nin_rem0<ap_fixed<16, 6, 5, 3, 0>, ap_fixed<37, 17, 5, 3, 0>, config2_mult> 
Execute         apply_spec_resource_limit dense_resource_rf_gt_nin_rem0<ap_fixed<16, 6, 5, 3, 0>, ap_fixed<37, 17, 5, 3, 0>, config2_mult> 
INFO-FLOW: Configuring Module : compute_output_buffer_2d<array<ap_fixed<16, 6, 5, 3, 0>, 1u>, array<ap_fixed<37, 17, 5, 3, 0>, 4u>, config2> ...
Execute         set_default_model compute_output_buffer_2d<array<ap_fixed<16, 6, 5, 3, 0>, 1u>, array<ap_fixed<37, 17, 5, 3, 0>, 4u>, config2> 
Execute         apply_spec_resource_limit compute_output_buffer_2d<array<ap_fixed<16, 6, 5, 3, 0>, 1u>, array<ap_fixed<37, 17, 5, 3, 0>, 4u>, config2> 
INFO-FLOW: Configuring Module : conv_2d_cl<array<ap_fixed<16, 6, 5, 3, 0>, 1u>, array<ap_fixed<37, 17, 5, 3, 0>, 4u>, config2> ...
Execute         set_default_model conv_2d_cl<array<ap_fixed<16, 6, 5, 3, 0>, 1u>, array<ap_fixed<37, 17, 5, 3, 0>, 4u>, config2> 
Execute         apply_spec_resource_limit conv_2d_cl<array<ap_fixed<16, 6, 5, 3, 0>, 1u>, array<ap_fixed<37, 17, 5, 3, 0>, 4u>, config2> 
INFO-FLOW: Configuring Module : relu<array<ap_fixed<37, 17, 5, 3, 0>, 4u>, array<ap_fixed<16, 6, 5, 3, 0>, 4u>, relu_config3> ...
Execute         set_default_model relu<array<ap_fixed<37, 17, 5, 3, 0>, 4u>, array<ap_fixed<16, 6, 5, 3, 0>, 4u>, relu_config3> 
Execute         apply_spec_resource_limit relu<array<ap_fixed<37, 17, 5, 3, 0>, 4u>, array<ap_fixed<16, 6, 5, 3, 0>, 4u>, relu_config3> 
INFO-FLOW: Configuring Module : zeropad2d_cl<array<ap_fixed<16, 6, 5, 3, 0>, 4u>, array<ap_fixed<16, 6, 5, 3, 0>, 4u>, config8>_Pipeline_PadTopWidth ...
Execute         set_default_model zeropad2d_cl<array<ap_fixed<16, 6, 5, 3, 0>, 4u>, array<ap_fixed<16, 6, 5, 3, 0>, 4u>, config8>_Pipeline_PadTopWidth 
Execute         apply_spec_resource_limit zeropad2d_cl<array<ap_fixed<16, 6, 5, 3, 0>, 4u>, array<ap_fixed<16, 6, 5, 3, 0>, 4u>, config8>_Pipeline_PadTopWidth 
INFO-FLOW: Configuring Module : zeropad2d_cl<array<ap_fixed<16, 6, 5, 3, 0>, 4u>, array<ap_fixed<16, 6, 5, 3, 0>, 4u>, config8>_Pipeline_CopyMain ...
Execute         set_default_model zeropad2d_cl<array<ap_fixed<16, 6, 5, 3, 0>, 4u>, array<ap_fixed<16, 6, 5, 3, 0>, 4u>, config8>_Pipeline_CopyMain 
Execute         apply_spec_resource_limit zeropad2d_cl<array<ap_fixed<16, 6, 5, 3, 0>, 4u>, array<ap_fixed<16, 6, 5, 3, 0>, 4u>, config8>_Pipeline_CopyMain 
INFO-FLOW: Configuring Module : zeropad2d_cl<array<ap_fixed<16, 6, 5, 3, 0>, 4u>, array<ap_fixed<16, 6, 5, 3, 0>, 4u>, config8>_Pipeline_PadBottomWidth ...
Execute         set_default_model zeropad2d_cl<array<ap_fixed<16, 6, 5, 3, 0>, 4u>, array<ap_fixed<16, 6, 5, 3, 0>, 4u>, config8>_Pipeline_PadBottomWidth 
Execute         apply_spec_resource_limit zeropad2d_cl<array<ap_fixed<16, 6, 5, 3, 0>, 4u>, array<ap_fixed<16, 6, 5, 3, 0>, 4u>, config8>_Pipeline_PadBottomWidth 
INFO-FLOW: Configuring Module : zeropad2d_cl<array<ap_fixed<16, 6, 5, 3, 0>, 4u>, array<ap_fixed<16, 6, 5, 3, 0>, 4u>, config8> ...
Execute         set_default_model zeropad2d_cl<array<ap_fixed<16, 6, 5, 3, 0>, 4u>, array<ap_fixed<16, 6, 5, 3, 0>, 4u>, config8> 
Execute         apply_spec_resource_limit zeropad2d_cl<array<ap_fixed<16, 6, 5, 3, 0>, 4u>, array<ap_fixed<16, 6, 5, 3, 0>, 4u>, config8> 
INFO-FLOW: Configuring Module : shift_line_buffer<array<ap_fixed<16, 6, 5, 3, 0>, 4u>, config4> ...
Execute         set_default_model shift_line_buffer<array<ap_fixed<16, 6, 5, 3, 0>, 4u>, config4> 
Execute         apply_spec_resource_limit shift_line_buffer<array<ap_fixed<16, 6, 5, 3, 0>, 4u>, config4> 
INFO-FLOW: Configuring Module : dense_resource_rf_gt_nin_rem0<ap_fixed<16, 6, 5, 3, 0>, ap_fixed<39, 19, 5, 3, 0>, config4_mult> ...
Execute         set_default_model dense_resource_rf_gt_nin_rem0<ap_fixed<16, 6, 5, 3, 0>, ap_fixed<39, 19, 5, 3, 0>, config4_mult> 
Execute         apply_spec_resource_limit dense_resource_rf_gt_nin_rem0<ap_fixed<16, 6, 5, 3, 0>, ap_fixed<39, 19, 5, 3, 0>, config4_mult> 
INFO-FLOW: Configuring Module : compute_output_buffer_2d<array<ap_fixed<16, 6, 5, 3, 0>, 4u>, array<ap_fixed<39, 19, 5, 3, 0>, 4u>, config4> ...
Execute         set_default_model compute_output_buffer_2d<array<ap_fixed<16, 6, 5, 3, 0>, 4u>, array<ap_fixed<39, 19, 5, 3, 0>, 4u>, config4> 
Execute         apply_spec_resource_limit compute_output_buffer_2d<array<ap_fixed<16, 6, 5, 3, 0>, 4u>, array<ap_fixed<39, 19, 5, 3, 0>, 4u>, config4> 
INFO-FLOW: Configuring Module : conv_2d_cl<array<ap_fixed<16, 6, 5, 3, 0>, 4u>, array<ap_fixed<39, 19, 5, 3, 0>, 4u>, config4> ...
Execute         set_default_model conv_2d_cl<array<ap_fixed<16, 6, 5, 3, 0>, 4u>, array<ap_fixed<39, 19, 5, 3, 0>, 4u>, config4> 
Execute         apply_spec_resource_limit conv_2d_cl<array<ap_fixed<16, 6, 5, 3, 0>, 4u>, array<ap_fixed<39, 19, 5, 3, 0>, 4u>, config4> 
INFO-FLOW: Configuring Module : relu<array<ap_fixed<39, 19, 5, 3, 0>, 4u>, array<ap_fixed<16, 6, 5, 3, 0>, 4u>, relu_config5> ...
Execute         set_default_model relu<array<ap_fixed<39, 19, 5, 3, 0>, 4u>, array<ap_fixed<16, 6, 5, 3, 0>, 4u>, relu_config5> 
Execute         apply_spec_resource_limit relu<array<ap_fixed<39, 19, 5, 3, 0>, 4u>, array<ap_fixed<16, 6, 5, 3, 0>, 4u>, relu_config5> 
INFO-FLOW: Configuring Module : zeropad2d_cl<array<ap_fixed<16, 6, 5, 3, 0>, 4u>, array<ap_fixed<16, 6, 5, 3, 0>, 4u>, config9>_Pipeline_PadTopWidth ...
Execute         set_default_model zeropad2d_cl<array<ap_fixed<16, 6, 5, 3, 0>, 4u>, array<ap_fixed<16, 6, 5, 3, 0>, 4u>, config9>_Pipeline_PadTopWidth 
Execute         apply_spec_resource_limit zeropad2d_cl<array<ap_fixed<16, 6, 5, 3, 0>, 4u>, array<ap_fixed<16, 6, 5, 3, 0>, 4u>, config9>_Pipeline_PadTopWidth 
INFO-FLOW: Configuring Module : zeropad2d_cl<array<ap_fixed<16, 6, 5, 3, 0>, 4u>, array<ap_fixed<16, 6, 5, 3, 0>, 4u>, config9>_Pipeline_CopyMain ...
Execute         set_default_model zeropad2d_cl<array<ap_fixed<16, 6, 5, 3, 0>, 4u>, array<ap_fixed<16, 6, 5, 3, 0>, 4u>, config9>_Pipeline_CopyMain 
Execute         apply_spec_resource_limit zeropad2d_cl<array<ap_fixed<16, 6, 5, 3, 0>, 4u>, array<ap_fixed<16, 6, 5, 3, 0>, 4u>, config9>_Pipeline_CopyMain 
INFO-FLOW: Configuring Module : zeropad2d_cl<array<ap_fixed<16, 6, 5, 3, 0>, 4u>, array<ap_fixed<16, 6, 5, 3, 0>, 4u>, config9>_Pipeline_PadBottomWidth ...
Execute         set_default_model zeropad2d_cl<array<ap_fixed<16, 6, 5, 3, 0>, 4u>, array<ap_fixed<16, 6, 5, 3, 0>, 4u>, config9>_Pipeline_PadBottomWidth 
Execute         apply_spec_resource_limit zeropad2d_cl<array<ap_fixed<16, 6, 5, 3, 0>, 4u>, array<ap_fixed<16, 6, 5, 3, 0>, 4u>, config9>_Pipeline_PadBottomWidth 
INFO-FLOW: Configuring Module : zeropad2d_cl<array<ap_fixed<16, 6, 5, 3, 0>, 4u>, array<ap_fixed<16, 6, 5, 3, 0>, 4u>, config9> ...
Execute         set_default_model zeropad2d_cl<array<ap_fixed<16, 6, 5, 3, 0>, 4u>, array<ap_fixed<16, 6, 5, 3, 0>, 4u>, config9> 
Execute         apply_spec_resource_limit zeropad2d_cl<array<ap_fixed<16, 6, 5, 3, 0>, 4u>, array<ap_fixed<16, 6, 5, 3, 0>, 4u>, config9> 
INFO-FLOW: Configuring Module : shift_line_buffer<array<ap_fixed<16, 6, 5, 3, 0>, 4u>, config6> ...
Execute         set_default_model shift_line_buffer<array<ap_fixed<16, 6, 5, 3, 0>, 4u>, config6> 
Execute         apply_spec_resource_limit shift_line_buffer<array<ap_fixed<16, 6, 5, 3, 0>, 4u>, config6> 
INFO-FLOW: Configuring Module : dense_resource_rf_leq_nin<ap_fixed<16, 6, 5, 3, 0>, ap_fixed<39, 19, 5, 3, 0>, config6_mult> ...
Execute         set_default_model dense_resource_rf_leq_nin<ap_fixed<16, 6, 5, 3, 0>, ap_fixed<39, 19, 5, 3, 0>, config6_mult> 
Execute         apply_spec_resource_limit dense_resource_rf_leq_nin<ap_fixed<16, 6, 5, 3, 0>, ap_fixed<39, 19, 5, 3, 0>, config6_mult> 
INFO-FLOW: Configuring Module : compute_output_buffer_2d<array<ap_fixed<16, 6, 5, 3, 0>, 4u>, array<ap_fixed<39, 19, 5, 3, 0>, 1u>, config6> ...
Execute         set_default_model compute_output_buffer_2d<array<ap_fixed<16, 6, 5, 3, 0>, 4u>, array<ap_fixed<39, 19, 5, 3, 0>, 1u>, config6> 
Execute         apply_spec_resource_limit compute_output_buffer_2d<array<ap_fixed<16, 6, 5, 3, 0>, 4u>, array<ap_fixed<39, 19, 5, 3, 0>, 1u>, config6> 
INFO-FLOW: Configuring Module : conv_2d_cl<array<ap_fixed<16, 6, 5, 3, 0>, 4u>, array<ap_fixed<39, 19, 5, 3, 0>, 1u>, config6> ...
Execute         set_default_model conv_2d_cl<array<ap_fixed<16, 6, 5, 3, 0>, 4u>, array<ap_fixed<39, 19, 5, 3, 0>, 1u>, config6> 
Execute         apply_spec_resource_limit conv_2d_cl<array<ap_fixed<16, 6, 5, 3, 0>, 4u>, array<ap_fixed<39, 19, 5, 3, 0>, 1u>, config6> 
INFO-FLOW: Configuring Module : edge_cnn_linear ...
Execute         set_default_model edge_cnn_linear 
Execute         apply_spec_resource_limit edge_cnn_linear 
INFO-FLOW: Model list for preprocess: {zeropad2d_cl<array<ap_fixed<16, 6, 5, 3, 0>, 1u>, array<ap_fixed<16, 6, 5, 3, 0>, 1u>, config7>_Pipeline_PadTopWidth} {zeropad2d_cl<array<ap_fixed<16, 6, 5, 3, 0>, 1u>, array<ap_fixed<16, 6, 5, 3, 0>, 1u>, config7>_Pipeline_CopyMain} {zeropad2d_cl<array<ap_fixed<16, 6, 5, 3, 0>, 1u>, array<ap_fixed<16, 6, 5, 3, 0>, 1u>, config7>_Pipeline_PadBottomWidth} {zeropad2d_cl<array<ap_fixed<16, 6, 5, 3, 0>, 1u>, array<ap_fixed<16, 6, 5, 3, 0>, 1u>, config7>} {shift_line_buffer<array<ap_fixed<16, 6, 5, 3, 0>, 1u>, config2>} {dense_resource_rf_gt_nin_rem0<ap_fixed<16, 6, 5, 3, 0>, ap_fixed<37, 17, 5, 3, 0>, config2_mult>} {compute_output_buffer_2d<array<ap_fixed<16, 6, 5, 3, 0>, 1u>, array<ap_fixed<37, 17, 5, 3, 0>, 4u>, config2>} {conv_2d_cl<array<ap_fixed<16, 6, 5, 3, 0>, 1u>, array<ap_fixed<37, 17, 5, 3, 0>, 4u>, config2>} {relu<array<ap_fixed<37, 17, 5, 3, 0>, 4u>, array<ap_fixed<16, 6, 5, 3, 0>, 4u>, relu_config3>} {zeropad2d_cl<array<ap_fixed<16, 6, 5, 3, 0>, 4u>, array<ap_fixed<16, 6, 5, 3, 0>, 4u>, config8>_Pipeline_PadTopWidth} {zeropad2d_cl<array<ap_fixed<16, 6, 5, 3, 0>, 4u>, array<ap_fixed<16, 6, 5, 3, 0>, 4u>, config8>_Pipeline_CopyMain} {zeropad2d_cl<array<ap_fixed<16, 6, 5, 3, 0>, 4u>, array<ap_fixed<16, 6, 5, 3, 0>, 4u>, config8>_Pipeline_PadBottomWidth} {zeropad2d_cl<array<ap_fixed<16, 6, 5, 3, 0>, 4u>, array<ap_fixed<16, 6, 5, 3, 0>, 4u>, config8>} {shift_line_buffer<array<ap_fixed<16, 6, 5, 3, 0>, 4u>, config4>} {dense_resource_rf_gt_nin_rem0<ap_fixed<16, 6, 5, 3, 0>, ap_fixed<39, 19, 5, 3, 0>, config4_mult>} {compute_output_buffer_2d<array<ap_fixed<16, 6, 5, 3, 0>, 4u>, array<ap_fixed<39, 19, 5, 3, 0>, 4u>, config4>} {conv_2d_cl<array<ap_fixed<16, 6, 5, 3, 0>, 4u>, array<ap_fixed<39, 19, 5, 3, 0>, 4u>, config4>} {relu<array<ap_fixed<39, 19, 5, 3, 0>, 4u>, array<ap_fixed<16, 6, 5, 3, 0>, 4u>, relu_config5>} {zeropad2d_cl<array<ap_fixed<16, 6, 5, 3, 0>, 4u>, array<ap_fixed<16, 6, 5, 3, 0>, 4u>, config9>_Pipeline_PadTopWidth} {zeropad2d_cl<array<ap_fixed<16, 6, 5, 3, 0>, 4u>, array<ap_fixed<16, 6, 5, 3, 0>, 4u>, config9>_Pipeline_CopyMain} {zeropad2d_cl<array<ap_fixed<16, 6, 5, 3, 0>, 4u>, array<ap_fixed<16, 6, 5, 3, 0>, 4u>, config9>_Pipeline_PadBottomWidth} {zeropad2d_cl<array<ap_fixed<16, 6, 5, 3, 0>, 4u>, array<ap_fixed<16, 6, 5, 3, 0>, 4u>, config9>} {shift_line_buffer<array<ap_fixed<16, 6, 5, 3, 0>, 4u>, config6>} {dense_resource_rf_leq_nin<ap_fixed<16, 6, 5, 3, 0>, ap_fixed<39, 19, 5, 3, 0>, config6_mult>} {compute_output_buffer_2d<array<ap_fixed<16, 6, 5, 3, 0>, 4u>, array<ap_fixed<39, 19, 5, 3, 0>, 1u>, config6>} {conv_2d_cl<array<ap_fixed<16, 6, 5, 3, 0>, 4u>, array<ap_fixed<39, 19, 5, 3, 0>, 1u>, config6>} edge_cnn_linear
INFO-FLOW: Preprocessing Module: zeropad2d_cl<array<ap_fixed<16, 6, 5, 3, 0>, 1u>, array<ap_fixed<16, 6, 5, 3, 0>, 1u>, config7>_Pipeline_PadTopWidth ...
Execute         set_default_model zeropad2d_cl<array<ap_fixed<16, 6, 5, 3, 0>, 1u>, array<ap_fixed<16, 6, 5, 3, 0>, 1u>, config7>_Pipeline_PadTopWidth 
Execute         cdfg_preprocess -model zeropad2d_cl<array<ap_fixed<16, 6, 5, 3, 0>, 1u>, array<ap_fixed<16, 6, 5, 3, 0>, 1u>, config7>_Pipeline_PadTopWidth 
Execute         rtl_gen_preprocess zeropad2d_cl<array<ap_fixed<16, 6, 5, 3, 0>, 1u>, array<ap_fixed<16, 6, 5, 3, 0>, 1u>, config7>_Pipeline_PadTopWidth 
INFO-FLOW: Preprocessing Module: zeropad2d_cl<array<ap_fixed<16, 6, 5, 3, 0>, 1u>, array<ap_fixed<16, 6, 5, 3, 0>, 1u>, config7>_Pipeline_CopyMain ...
Execute         set_default_model zeropad2d_cl<array<ap_fixed<16, 6, 5, 3, 0>, 1u>, array<ap_fixed<16, 6, 5, 3, 0>, 1u>, config7>_Pipeline_CopyMain 
Execute         cdfg_preprocess -model zeropad2d_cl<array<ap_fixed<16, 6, 5, 3, 0>, 1u>, array<ap_fixed<16, 6, 5, 3, 0>, 1u>, config7>_Pipeline_CopyMain 
Execute         rtl_gen_preprocess zeropad2d_cl<array<ap_fixed<16, 6, 5, 3, 0>, 1u>, array<ap_fixed<16, 6, 5, 3, 0>, 1u>, config7>_Pipeline_CopyMain 
INFO-FLOW: Preprocessing Module: zeropad2d_cl<array<ap_fixed<16, 6, 5, 3, 0>, 1u>, array<ap_fixed<16, 6, 5, 3, 0>, 1u>, config7>_Pipeline_PadBottomWidth ...
Execute         set_default_model zeropad2d_cl<array<ap_fixed<16, 6, 5, 3, 0>, 1u>, array<ap_fixed<16, 6, 5, 3, 0>, 1u>, config7>_Pipeline_PadBottomWidth 
Execute         cdfg_preprocess -model zeropad2d_cl<array<ap_fixed<16, 6, 5, 3, 0>, 1u>, array<ap_fixed<16, 6, 5, 3, 0>, 1u>, config7>_Pipeline_PadBottomWidth 
Execute         rtl_gen_preprocess zeropad2d_cl<array<ap_fixed<16, 6, 5, 3, 0>, 1u>, array<ap_fixed<16, 6, 5, 3, 0>, 1u>, config7>_Pipeline_PadBottomWidth 
INFO-FLOW: Preprocessing Module: zeropad2d_cl<array<ap_fixed<16, 6, 5, 3, 0>, 1u>, array<ap_fixed<16, 6, 5, 3, 0>, 1u>, config7> ...
Execute         set_default_model zeropad2d_cl<array<ap_fixed<16, 6, 5, 3, 0>, 1u>, array<ap_fixed<16, 6, 5, 3, 0>, 1u>, config7> 
Execute         cdfg_preprocess -model zeropad2d_cl<array<ap_fixed<16, 6, 5, 3, 0>, 1u>, array<ap_fixed<16, 6, 5, 3, 0>, 1u>, config7> 
Execute         rtl_gen_preprocess zeropad2d_cl<array<ap_fixed<16, 6, 5, 3, 0>, 1u>, array<ap_fixed<16, 6, 5, 3, 0>, 1u>, config7> 
INFO-FLOW: Preprocessing Module: shift_line_buffer<array<ap_fixed<16, 6, 5, 3, 0>, 1u>, config2> ...
Execute         set_default_model shift_line_buffer<array<ap_fixed<16, 6, 5, 3, 0>, 1u>, config2> 
Execute         cdfg_preprocess -model shift_line_buffer<array<ap_fixed<16, 6, 5, 3, 0>, 1u>, config2> 
Execute         rtl_gen_preprocess shift_line_buffer<array<ap_fixed<16, 6, 5, 3, 0>, 1u>, config2> 
INFO-FLOW: Preprocessing Module: dense_resource_rf_gt_nin_rem0<ap_fixed<16, 6, 5, 3, 0>, ap_fixed<37, 17, 5, 3, 0>, config2_mult> ...
Execute         set_default_model dense_resource_rf_gt_nin_rem0<ap_fixed<16, 6, 5, 3, 0>, ap_fixed<37, 17, 5, 3, 0>, config2_mult> 
Execute         cdfg_preprocess -model dense_resource_rf_gt_nin_rem0<ap_fixed<16, 6, 5, 3, 0>, ap_fixed<37, 17, 5, 3, 0>, config2_mult> 
Execute         rtl_gen_preprocess dense_resource_rf_gt_nin_rem0<ap_fixed<16, 6, 5, 3, 0>, ap_fixed<37, 17, 5, 3, 0>, config2_mult> 
INFO-FLOW: Preprocessing Module: compute_output_buffer_2d<array<ap_fixed<16, 6, 5, 3, 0>, 1u>, array<ap_fixed<37, 17, 5, 3, 0>, 4u>, config2> ...
Execute         set_default_model compute_output_buffer_2d<array<ap_fixed<16, 6, 5, 3, 0>, 1u>, array<ap_fixed<37, 17, 5, 3, 0>, 4u>, config2> 
Execute         cdfg_preprocess -model compute_output_buffer_2d<array<ap_fixed<16, 6, 5, 3, 0>, 1u>, array<ap_fixed<37, 17, 5, 3, 0>, 4u>, config2> 
Execute         rtl_gen_preprocess compute_output_buffer_2d<array<ap_fixed<16, 6, 5, 3, 0>, 1u>, array<ap_fixed<37, 17, 5, 3, 0>, 4u>, config2> 
INFO-FLOW: Preprocessing Module: conv_2d_cl<array<ap_fixed<16, 6, 5, 3, 0>, 1u>, array<ap_fixed<37, 17, 5, 3, 0>, 4u>, config2> ...
Execute         set_default_model conv_2d_cl<array<ap_fixed<16, 6, 5, 3, 0>, 1u>, array<ap_fixed<37, 17, 5, 3, 0>, 4u>, config2> 
Execute         cdfg_preprocess -model conv_2d_cl<array<ap_fixed<16, 6, 5, 3, 0>, 1u>, array<ap_fixed<37, 17, 5, 3, 0>, 4u>, config2> 
Execute         rtl_gen_preprocess conv_2d_cl<array<ap_fixed<16, 6, 5, 3, 0>, 1u>, array<ap_fixed<37, 17, 5, 3, 0>, 4u>, config2> 
INFO-FLOW: Preprocessing Module: relu<array<ap_fixed<37, 17, 5, 3, 0>, 4u>, array<ap_fixed<16, 6, 5, 3, 0>, 4u>, relu_config3> ...
Execute         set_default_model relu<array<ap_fixed<37, 17, 5, 3, 0>, 4u>, array<ap_fixed<16, 6, 5, 3, 0>, 4u>, relu_config3> 
Execute         cdfg_preprocess -model relu<array<ap_fixed<37, 17, 5, 3, 0>, 4u>, array<ap_fixed<16, 6, 5, 3, 0>, 4u>, relu_config3> 
Execute         rtl_gen_preprocess relu<array<ap_fixed<37, 17, 5, 3, 0>, 4u>, array<ap_fixed<16, 6, 5, 3, 0>, 4u>, relu_config3> 
INFO-FLOW: Preprocessing Module: zeropad2d_cl<array<ap_fixed<16, 6, 5, 3, 0>, 4u>, array<ap_fixed<16, 6, 5, 3, 0>, 4u>, config8>_Pipeline_PadTopWidth ...
Execute         set_default_model zeropad2d_cl<array<ap_fixed<16, 6, 5, 3, 0>, 4u>, array<ap_fixed<16, 6, 5, 3, 0>, 4u>, config8>_Pipeline_PadTopWidth 
Execute         cdfg_preprocess -model zeropad2d_cl<array<ap_fixed<16, 6, 5, 3, 0>, 4u>, array<ap_fixed<16, 6, 5, 3, 0>, 4u>, config8>_Pipeline_PadTopWidth 
Execute         rtl_gen_preprocess zeropad2d_cl<array<ap_fixed<16, 6, 5, 3, 0>, 4u>, array<ap_fixed<16, 6, 5, 3, 0>, 4u>, config8>_Pipeline_PadTopWidth 
INFO-FLOW: Preprocessing Module: zeropad2d_cl<array<ap_fixed<16, 6, 5, 3, 0>, 4u>, array<ap_fixed<16, 6, 5, 3, 0>, 4u>, config8>_Pipeline_CopyMain ...
Execute         set_default_model zeropad2d_cl<array<ap_fixed<16, 6, 5, 3, 0>, 4u>, array<ap_fixed<16, 6, 5, 3, 0>, 4u>, config8>_Pipeline_CopyMain 
Execute         cdfg_preprocess -model zeropad2d_cl<array<ap_fixed<16, 6, 5, 3, 0>, 4u>, array<ap_fixed<16, 6, 5, 3, 0>, 4u>, config8>_Pipeline_CopyMain 
Execute         rtl_gen_preprocess zeropad2d_cl<array<ap_fixed<16, 6, 5, 3, 0>, 4u>, array<ap_fixed<16, 6, 5, 3, 0>, 4u>, config8>_Pipeline_CopyMain 
INFO-FLOW: Preprocessing Module: zeropad2d_cl<array<ap_fixed<16, 6, 5, 3, 0>, 4u>, array<ap_fixed<16, 6, 5, 3, 0>, 4u>, config8>_Pipeline_PadBottomWidth ...
Execute         set_default_model zeropad2d_cl<array<ap_fixed<16, 6, 5, 3, 0>, 4u>, array<ap_fixed<16, 6, 5, 3, 0>, 4u>, config8>_Pipeline_PadBottomWidth 
Execute         cdfg_preprocess -model zeropad2d_cl<array<ap_fixed<16, 6, 5, 3, 0>, 4u>, array<ap_fixed<16, 6, 5, 3, 0>, 4u>, config8>_Pipeline_PadBottomWidth 
Execute         rtl_gen_preprocess zeropad2d_cl<array<ap_fixed<16, 6, 5, 3, 0>, 4u>, array<ap_fixed<16, 6, 5, 3, 0>, 4u>, config8>_Pipeline_PadBottomWidth 
INFO-FLOW: Preprocessing Module: zeropad2d_cl<array<ap_fixed<16, 6, 5, 3, 0>, 4u>, array<ap_fixed<16, 6, 5, 3, 0>, 4u>, config8> ...
Execute         set_default_model zeropad2d_cl<array<ap_fixed<16, 6, 5, 3, 0>, 4u>, array<ap_fixed<16, 6, 5, 3, 0>, 4u>, config8> 
Execute         cdfg_preprocess -model zeropad2d_cl<array<ap_fixed<16, 6, 5, 3, 0>, 4u>, array<ap_fixed<16, 6, 5, 3, 0>, 4u>, config8> 
Execute         rtl_gen_preprocess zeropad2d_cl<array<ap_fixed<16, 6, 5, 3, 0>, 4u>, array<ap_fixed<16, 6, 5, 3, 0>, 4u>, config8> 
INFO-FLOW: Preprocessing Module: shift_line_buffer<array<ap_fixed<16, 6, 5, 3, 0>, 4u>, config4> ...
Execute         set_default_model shift_line_buffer<array<ap_fixed<16, 6, 5, 3, 0>, 4u>, config4> 
Execute         cdfg_preprocess -model shift_line_buffer<array<ap_fixed<16, 6, 5, 3, 0>, 4u>, config4> 
Execute         rtl_gen_preprocess shift_line_buffer<array<ap_fixed<16, 6, 5, 3, 0>, 4u>, config4> 
INFO-FLOW: Preprocessing Module: dense_resource_rf_gt_nin_rem0<ap_fixed<16, 6, 5, 3, 0>, ap_fixed<39, 19, 5, 3, 0>, config4_mult> ...
Execute         set_default_model dense_resource_rf_gt_nin_rem0<ap_fixed<16, 6, 5, 3, 0>, ap_fixed<39, 19, 5, 3, 0>, config4_mult> 
Execute         cdfg_preprocess -model dense_resource_rf_gt_nin_rem0<ap_fixed<16, 6, 5, 3, 0>, ap_fixed<39, 19, 5, 3, 0>, config4_mult> 
Execute         rtl_gen_preprocess dense_resource_rf_gt_nin_rem0<ap_fixed<16, 6, 5, 3, 0>, ap_fixed<39, 19, 5, 3, 0>, config4_mult> 
INFO-FLOW: Preprocessing Module: compute_output_buffer_2d<array<ap_fixed<16, 6, 5, 3, 0>, 4u>, array<ap_fixed<39, 19, 5, 3, 0>, 4u>, config4> ...
Execute         set_default_model compute_output_buffer_2d<array<ap_fixed<16, 6, 5, 3, 0>, 4u>, array<ap_fixed<39, 19, 5, 3, 0>, 4u>, config4> 
Execute         cdfg_preprocess -model compute_output_buffer_2d<array<ap_fixed<16, 6, 5, 3, 0>, 4u>, array<ap_fixed<39, 19, 5, 3, 0>, 4u>, config4> 
Execute         rtl_gen_preprocess compute_output_buffer_2d<array<ap_fixed<16, 6, 5, 3, 0>, 4u>, array<ap_fixed<39, 19, 5, 3, 0>, 4u>, config4> 
INFO-FLOW: Preprocessing Module: conv_2d_cl<array<ap_fixed<16, 6, 5, 3, 0>, 4u>, array<ap_fixed<39, 19, 5, 3, 0>, 4u>, config4> ...
Execute         set_default_model conv_2d_cl<array<ap_fixed<16, 6, 5, 3, 0>, 4u>, array<ap_fixed<39, 19, 5, 3, 0>, 4u>, config4> 
Execute         cdfg_preprocess -model conv_2d_cl<array<ap_fixed<16, 6, 5, 3, 0>, 4u>, array<ap_fixed<39, 19, 5, 3, 0>, 4u>, config4> 
Execute         rtl_gen_preprocess conv_2d_cl<array<ap_fixed<16, 6, 5, 3, 0>, 4u>, array<ap_fixed<39, 19, 5, 3, 0>, 4u>, config4> 
INFO-FLOW: Preprocessing Module: relu<array<ap_fixed<39, 19, 5, 3, 0>, 4u>, array<ap_fixed<16, 6, 5, 3, 0>, 4u>, relu_config5> ...
Execute         set_default_model relu<array<ap_fixed<39, 19, 5, 3, 0>, 4u>, array<ap_fixed<16, 6, 5, 3, 0>, 4u>, relu_config5> 
Execute         cdfg_preprocess -model relu<array<ap_fixed<39, 19, 5, 3, 0>, 4u>, array<ap_fixed<16, 6, 5, 3, 0>, 4u>, relu_config5> 
Execute         rtl_gen_preprocess relu<array<ap_fixed<39, 19, 5, 3, 0>, 4u>, array<ap_fixed<16, 6, 5, 3, 0>, 4u>, relu_config5> 
INFO-FLOW: Preprocessing Module: zeropad2d_cl<array<ap_fixed<16, 6, 5, 3, 0>, 4u>, array<ap_fixed<16, 6, 5, 3, 0>, 4u>, config9>_Pipeline_PadTopWidth ...
Execute         set_default_model zeropad2d_cl<array<ap_fixed<16, 6, 5, 3, 0>, 4u>, array<ap_fixed<16, 6, 5, 3, 0>, 4u>, config9>_Pipeline_PadTopWidth 
Execute         cdfg_preprocess -model zeropad2d_cl<array<ap_fixed<16, 6, 5, 3, 0>, 4u>, array<ap_fixed<16, 6, 5, 3, 0>, 4u>, config9>_Pipeline_PadTopWidth 
Execute         rtl_gen_preprocess zeropad2d_cl<array<ap_fixed<16, 6, 5, 3, 0>, 4u>, array<ap_fixed<16, 6, 5, 3, 0>, 4u>, config9>_Pipeline_PadTopWidth 
INFO-FLOW: Preprocessing Module: zeropad2d_cl<array<ap_fixed<16, 6, 5, 3, 0>, 4u>, array<ap_fixed<16, 6, 5, 3, 0>, 4u>, config9>_Pipeline_CopyMain ...
Execute         set_default_model zeropad2d_cl<array<ap_fixed<16, 6, 5, 3, 0>, 4u>, array<ap_fixed<16, 6, 5, 3, 0>, 4u>, config9>_Pipeline_CopyMain 
Execute         cdfg_preprocess -model zeropad2d_cl<array<ap_fixed<16, 6, 5, 3, 0>, 4u>, array<ap_fixed<16, 6, 5, 3, 0>, 4u>, config9>_Pipeline_CopyMain 
Execute         rtl_gen_preprocess zeropad2d_cl<array<ap_fixed<16, 6, 5, 3, 0>, 4u>, array<ap_fixed<16, 6, 5, 3, 0>, 4u>, config9>_Pipeline_CopyMain 
INFO-FLOW: Preprocessing Module: zeropad2d_cl<array<ap_fixed<16, 6, 5, 3, 0>, 4u>, array<ap_fixed<16, 6, 5, 3, 0>, 4u>, config9>_Pipeline_PadBottomWidth ...
Execute         set_default_model zeropad2d_cl<array<ap_fixed<16, 6, 5, 3, 0>, 4u>, array<ap_fixed<16, 6, 5, 3, 0>, 4u>, config9>_Pipeline_PadBottomWidth 
Execute         cdfg_preprocess -model zeropad2d_cl<array<ap_fixed<16, 6, 5, 3, 0>, 4u>, array<ap_fixed<16, 6, 5, 3, 0>, 4u>, config9>_Pipeline_PadBottomWidth 
Execute         rtl_gen_preprocess zeropad2d_cl<array<ap_fixed<16, 6, 5, 3, 0>, 4u>, array<ap_fixed<16, 6, 5, 3, 0>, 4u>, config9>_Pipeline_PadBottomWidth 
INFO-FLOW: Preprocessing Module: zeropad2d_cl<array<ap_fixed<16, 6, 5, 3, 0>, 4u>, array<ap_fixed<16, 6, 5, 3, 0>, 4u>, config9> ...
Execute         set_default_model zeropad2d_cl<array<ap_fixed<16, 6, 5, 3, 0>, 4u>, array<ap_fixed<16, 6, 5, 3, 0>, 4u>, config9> 
Execute         cdfg_preprocess -model zeropad2d_cl<array<ap_fixed<16, 6, 5, 3, 0>, 4u>, array<ap_fixed<16, 6, 5, 3, 0>, 4u>, config9> 
Execute         rtl_gen_preprocess zeropad2d_cl<array<ap_fixed<16, 6, 5, 3, 0>, 4u>, array<ap_fixed<16, 6, 5, 3, 0>, 4u>, config9> 
INFO-FLOW: Preprocessing Module: shift_line_buffer<array<ap_fixed<16, 6, 5, 3, 0>, 4u>, config6> ...
Execute         set_default_model shift_line_buffer<array<ap_fixed<16, 6, 5, 3, 0>, 4u>, config6> 
Execute         cdfg_preprocess -model shift_line_buffer<array<ap_fixed<16, 6, 5, 3, 0>, 4u>, config6> 
Execute         rtl_gen_preprocess shift_line_buffer<array<ap_fixed<16, 6, 5, 3, 0>, 4u>, config6> 
INFO-FLOW: Preprocessing Module: dense_resource_rf_leq_nin<ap_fixed<16, 6, 5, 3, 0>, ap_fixed<39, 19, 5, 3, 0>, config6_mult> ...
Execute         set_default_model dense_resource_rf_leq_nin<ap_fixed<16, 6, 5, 3, 0>, ap_fixed<39, 19, 5, 3, 0>, config6_mult> 
Execute         cdfg_preprocess -model dense_resource_rf_leq_nin<ap_fixed<16, 6, 5, 3, 0>, ap_fixed<39, 19, 5, 3, 0>, config6_mult> 
Execute         rtl_gen_preprocess dense_resource_rf_leq_nin<ap_fixed<16, 6, 5, 3, 0>, ap_fixed<39, 19, 5, 3, 0>, config6_mult> 
INFO-FLOW: Preprocessing Module: compute_output_buffer_2d<array<ap_fixed<16, 6, 5, 3, 0>, 4u>, array<ap_fixed<39, 19, 5, 3, 0>, 1u>, config6> ...
Execute         set_default_model compute_output_buffer_2d<array<ap_fixed<16, 6, 5, 3, 0>, 4u>, array<ap_fixed<39, 19, 5, 3, 0>, 1u>, config6> 
Execute         cdfg_preprocess -model compute_output_buffer_2d<array<ap_fixed<16, 6, 5, 3, 0>, 4u>, array<ap_fixed<39, 19, 5, 3, 0>, 1u>, config6> 
Execute         rtl_gen_preprocess compute_output_buffer_2d<array<ap_fixed<16, 6, 5, 3, 0>, 4u>, array<ap_fixed<39, 19, 5, 3, 0>, 1u>, config6> 
INFO-FLOW: Preprocessing Module: conv_2d_cl<array<ap_fixed<16, 6, 5, 3, 0>, 4u>, array<ap_fixed<39, 19, 5, 3, 0>, 1u>, config6> ...
Execute         set_default_model conv_2d_cl<array<ap_fixed<16, 6, 5, 3, 0>, 4u>, array<ap_fixed<39, 19, 5, 3, 0>, 1u>, config6> 
Execute         cdfg_preprocess -model conv_2d_cl<array<ap_fixed<16, 6, 5, 3, 0>, 4u>, array<ap_fixed<39, 19, 5, 3, 0>, 1u>, config6> 
Execute         rtl_gen_preprocess conv_2d_cl<array<ap_fixed<16, 6, 5, 3, 0>, 4u>, array<ap_fixed<39, 19, 5, 3, 0>, 1u>, config6> 
INFO-FLOW: Preprocessing Module: edge_cnn_linear ...
Execute         set_default_model edge_cnn_linear 
Execute         cdfg_preprocess -model edge_cnn_linear 
Execute         rtl_gen_preprocess edge_cnn_linear 
INFO-FLOW: Model list for synthesis: {zeropad2d_cl<array<ap_fixed<16, 6, 5, 3, 0>, 1u>, array<ap_fixed<16, 6, 5, 3, 0>, 1u>, config7>_Pipeline_PadTopWidth} {zeropad2d_cl<array<ap_fixed<16, 6, 5, 3, 0>, 1u>, array<ap_fixed<16, 6, 5, 3, 0>, 1u>, config7>_Pipeline_CopyMain} {zeropad2d_cl<array<ap_fixed<16, 6, 5, 3, 0>, 1u>, array<ap_fixed<16, 6, 5, 3, 0>, 1u>, config7>_Pipeline_PadBottomWidth} {zeropad2d_cl<array<ap_fixed<16, 6, 5, 3, 0>, 1u>, array<ap_fixed<16, 6, 5, 3, 0>, 1u>, config7>} {shift_line_buffer<array<ap_fixed<16, 6, 5, 3, 0>, 1u>, config2>} {dense_resource_rf_gt_nin_rem0<ap_fixed<16, 6, 5, 3, 0>, ap_fixed<37, 17, 5, 3, 0>, config2_mult>} {compute_output_buffer_2d<array<ap_fixed<16, 6, 5, 3, 0>, 1u>, array<ap_fixed<37, 17, 5, 3, 0>, 4u>, config2>} {conv_2d_cl<array<ap_fixed<16, 6, 5, 3, 0>, 1u>, array<ap_fixed<37, 17, 5, 3, 0>, 4u>, config2>} {relu<array<ap_fixed<37, 17, 5, 3, 0>, 4u>, array<ap_fixed<16, 6, 5, 3, 0>, 4u>, relu_config3>} {zeropad2d_cl<array<ap_fixed<16, 6, 5, 3, 0>, 4u>, array<ap_fixed<16, 6, 5, 3, 0>, 4u>, config8>_Pipeline_PadTopWidth} {zeropad2d_cl<array<ap_fixed<16, 6, 5, 3, 0>, 4u>, array<ap_fixed<16, 6, 5, 3, 0>, 4u>, config8>_Pipeline_CopyMain} {zeropad2d_cl<array<ap_fixed<16, 6, 5, 3, 0>, 4u>, array<ap_fixed<16, 6, 5, 3, 0>, 4u>, config8>_Pipeline_PadBottomWidth} {zeropad2d_cl<array<ap_fixed<16, 6, 5, 3, 0>, 4u>, array<ap_fixed<16, 6, 5, 3, 0>, 4u>, config8>} {shift_line_buffer<array<ap_fixed<16, 6, 5, 3, 0>, 4u>, config4>} {dense_resource_rf_gt_nin_rem0<ap_fixed<16, 6, 5, 3, 0>, ap_fixed<39, 19, 5, 3, 0>, config4_mult>} {compute_output_buffer_2d<array<ap_fixed<16, 6, 5, 3, 0>, 4u>, array<ap_fixed<39, 19, 5, 3, 0>, 4u>, config4>} {conv_2d_cl<array<ap_fixed<16, 6, 5, 3, 0>, 4u>, array<ap_fixed<39, 19, 5, 3, 0>, 4u>, config4>} {relu<array<ap_fixed<39, 19, 5, 3, 0>, 4u>, array<ap_fixed<16, 6, 5, 3, 0>, 4u>, relu_config5>} {zeropad2d_cl<array<ap_fixed<16, 6, 5, 3, 0>, 4u>, array<ap_fixed<16, 6, 5, 3, 0>, 4u>, config9>_Pipeline_PadTopWidth} {zeropad2d_cl<array<ap_fixed<16, 6, 5, 3, 0>, 4u>, array<ap_fixed<16, 6, 5, 3, 0>, 4u>, config9>_Pipeline_CopyMain} {zeropad2d_cl<array<ap_fixed<16, 6, 5, 3, 0>, 4u>, array<ap_fixed<16, 6, 5, 3, 0>, 4u>, config9>_Pipeline_PadBottomWidth} {zeropad2d_cl<array<ap_fixed<16, 6, 5, 3, 0>, 4u>, array<ap_fixed<16, 6, 5, 3, 0>, 4u>, config9>} {shift_line_buffer<array<ap_fixed<16, 6, 5, 3, 0>, 4u>, config6>} {dense_resource_rf_leq_nin<ap_fixed<16, 6, 5, 3, 0>, ap_fixed<39, 19, 5, 3, 0>, config6_mult>} {compute_output_buffer_2d<array<ap_fixed<16, 6, 5, 3, 0>, 4u>, array<ap_fixed<39, 19, 5, 3, 0>, 1u>, config6>} {conv_2d_cl<array<ap_fixed<16, 6, 5, 3, 0>, 4u>, array<ap_fixed<39, 19, 5, 3, 0>, 1u>, config6>} edge_cnn_linear
INFO: [HLS 200-10] ----------------------------------------------------------------
INFO: [HLS 200-42] -- Implementing module 'zeropad2d_cl_array_ap_fixed_16_6_5_3_0_1u_array_ap_fixed_16_6_5_3_0_1u_config7_Pipeline_PadTopWidth' 
INFO: [HLS 200-10] ----------------------------------------------------------------
Execute         set_default_model zeropad2d_cl<array<ap_fixed<16, 6, 5, 3, 0>, 1u>, array<ap_fixed<16, 6, 5, 3, 0>, 1u>, config7>_Pipeline_PadTopWidth 
Execute         schedule -model zeropad2d_cl<array<ap_fixed<16, 6, 5, 3, 0>, 1u>, array<ap_fixed<16, 6, 5, 3, 0>, 1u>, config7>_Pipeline_PadTopWidth 
INFO: [SCHED 204-11] Starting scheduling ...
INFO: [SCHED 204-61] Pipelining loop 'PadTopWidth'.
INFO: [HLS 200-1470] Pipelining result : Target II = NA, Final II = 1, Depth = 2, loop 'PadTopWidth'
INFO: [SCHED 204-11] Finished scheduling.
Command         schedule done; 0.107 sec.
INFO: [HLS 200-111] Finished Scheduling: CPU user time: 1 seconds. CPU system time: 0 seconds. Elapsed time: 1.093 seconds; current allocated memory: 1.162 GB.
Execute         syn_report -verbosereport -o C:/Users/brand/Documents/engs192/zybo-edge-ai/hls/edge_cnn_linear_stream_hls/edge_cnn_linear_stream_prj/solution1/.autopilot/db/zeropad2d_cl_array_ap_fixed_16_6_5_3_0_1u_array_ap_fixed_16_6_5_3_0_1u_config7_Pipeline_PadTopWidth.verbose.sched.rpt 
Execute           AP::get_flow_target_display_name
Execute             get_solution -flow_target 
Execute         db_write -o C:/Users/brand/Documents/engs192/zybo-edge-ai/hls/edge_cnn_linear_stream_hls/edge_cnn_linear_stream_prj/solution1/.autopilot/db/zeropad2d_cl_array_ap_fixed_16_6_5_3_0_1u_array_ap_fixed_16_6_5_3_0_1u_config7_Pipeline_PadTopWidth.sched.adb -f 
INFO-FLOW: Finish scheduling zeropad2d_cl<array<ap_fixed<16, 6, 5, 3, 0>, 1u>, array<ap_fixed<16, 6, 5, 3, 0>, 1u>, config7>_Pipeline_PadTopWidth.
Execute         set_default_model zeropad2d_cl<array<ap_fixed<16, 6, 5, 3, 0>, 1u>, array<ap_fixed<16, 6, 5, 3, 0>, 1u>, config7>_Pipeline_PadTopWidth 
Execute         bind -model zeropad2d_cl<array<ap_fixed<16, 6, 5, 3, 0>, 1u>, array<ap_fixed<16, 6, 5, 3, 0>, 1u>, config7>_Pipeline_PadTopWidth 
INFO: [BIND 205-100] Starting micro-architecture generation ...
INFO: [BIND 205-101] Performing variable lifetime analysis.
INFO: [BIND 205-101] Exploring resource sharing.
INFO: [BIND 205-101] Binding ...
INFO: [BIND 205-100] Finished micro-architecture generation.
Command         bind done; 0.111 sec.
INFO: [HLS 200-111] Finished Binding: CPU user time: 0 seconds. CPU system time: 0 seconds. Elapsed time: 0.131 seconds; current allocated memory: 1.162 GB.
Execute         syn_report -verbosereport -o C:/Users/brand/Documents/engs192/zybo-edge-ai/hls/edge_cnn_linear_stream_hls/edge_cnn_linear_stream_prj/solution1/.autopilot/db/zeropad2d_cl_array_ap_fixed_16_6_5_3_0_1u_array_ap_fixed_16_6_5_3_0_1u_config7_Pipeline_PadTopWidth.verbose.bind.rpt 
Execute           AP::get_flow_target_display_name
Execute             get_solution -flow_target 
Execute         db_write -o C:/Users/brand/Documents/engs192/zybo-edge-ai/hls/edge_cnn_linear_stream_hls/edge_cnn_linear_stream_prj/solution1/.autopilot/db/zeropad2d_cl_array_ap_fixed_16_6_5_3_0_1u_array_ap_fixed_16_6_5_3_0_1u_config7_Pipeline_PadTopWidth.bind.adb -f 
INFO-FLOW: Finish binding zeropad2d_cl<array<ap_fixed<16, 6, 5, 3, 0>, 1u>, array<ap_fixed<16, 6, 5, 3, 0>, 1u>, config7>_Pipeline_PadTopWidth.
INFO: [HLS 200-10] ----------------------------------------------------------------
INFO: [HLS 200-42] -- Implementing module 'zeropad2d_cl_array_ap_fixed_16_6_5_3_0_1u_array_ap_fixed_16_6_5_3_0_1u_config7_Pipeline_CopyMain' 
INFO: [HLS 200-10] ----------------------------------------------------------------
Execute         set_default_model zeropad2d_cl<array<ap_fixed<16, 6, 5, 3, 0>, 1u>, array<ap_fixed<16, 6, 5, 3, 0>, 1u>, config7>_Pipeline_CopyMain 
Execute         schedule -model zeropad2d_cl<array<ap_fixed<16, 6, 5, 3, 0>, 1u>, array<ap_fixed<16, 6, 5, 3, 0>, 1u>, config7>_Pipeline_CopyMain 
INFO: [SCHED 204-11] Starting scheduling ...
INFO: [SCHED 204-61] Pipelining loop 'CopyMain'.
WARNING: [HLS 200-880] The II Violation in module 'zeropad2d_cl_array_ap_fixed_16_6_5_3_0_1u_array_ap_fixed_16_6_5_3_0_1u_config7_Pipeline_CopyMain' (loop 'CopyMain'): Unable to enforce a carried dependence constraint (II = 1, distance = 1, offset = 1) between fifo write operation ('layer7_out_write_ln173', C:/Xilinx/Vitis_HLS/2021.2/common/technology/autopilot/hls_stream_39.h:173) on port 'layer7_out' (C:/Xilinx/Vitis_HLS/2021.2/common/technology/autopilot/hls_stream_39.h:173) and fifo write operation ('layer7_out_write_ln173', C:/Xilinx/Vitis_HLS/2021.2/common/technology/autopilot/hls_stream_39.h:173) on port 'layer7_out' (C:/Xilinx/Vitis_HLS/2021.2/common/technology/autopilot/hls_stream_39.h:173).
INFO: [HLS 200-1470] Pipelining result : Target II = NA, Final II = 2, Depth = 3, loop 'CopyMain'
INFO: [SCHED 204-11] Finished scheduling.
Command         schedule done; 0.138 sec.
INFO: [HLS 200-111] Finished Scheduling: CPU user time: 0 seconds. CPU system time: 0 seconds. Elapsed time: 0.214 seconds; current allocated memory: 1.162 GB.
Execute         syn_report -verbosereport -o C:/Users/brand/Documents/engs192/zybo-edge-ai/hls/edge_cnn_linear_stream_hls/edge_cnn_linear_stream_prj/solution1/.autopilot/db/zeropad2d_cl_array_ap_fixed_16_6_5_3_0_1u_array_ap_fixed_16_6_5_3_0_1u_config7_Pipeline_CopyMain.verbose.sched.rpt 
Execute           AP::get_flow_target_display_name
Execute             get_solution -flow_target 
Execute         db_write -o C:/Users/brand/Documents/engs192/zybo-edge-ai/hls/edge_cnn_linear_stream_hls/edge_cnn_linear_stream_prj/solution1/.autopilot/db/zeropad2d_cl_array_ap_fixed_16_6_5_3_0_1u_array_ap_fixed_16_6_5_3_0_1u_config7_Pipeline_CopyMain.sched.adb -f 
INFO-FLOW: Finish scheduling zeropad2d_cl<array<ap_fixed<16, 6, 5, 3, 0>, 1u>, array<ap_fixed<16, 6, 5, 3, 0>, 1u>, config7>_Pipeline_CopyMain.
Execute         set_default_model zeropad2d_cl<array<ap_fixed<16, 6, 5, 3, 0>, 1u>, array<ap_fixed<16, 6, 5, 3, 0>, 1u>, config7>_Pipeline_CopyMain 
Execute         bind -model zeropad2d_cl<array<ap_fixed<16, 6, 5, 3, 0>, 1u>, array<ap_fixed<16, 6, 5, 3, 0>, 1u>, config7>_Pipeline_CopyMain 
INFO: [BIND 205-100] Starting micro-architecture generation ...
INFO: [BIND 205-101] Performing variable lifetime analysis.
INFO: [BIND 205-101] Exploring resource sharing.
INFO: [BIND 205-101] Binding ...
INFO: [BIND 205-100] Finished micro-architecture generation.
Command         bind done; 0.112 sec.
INFO: [HLS 200-111] Finished Binding: CPU user time: 0 seconds. CPU system time: 0 seconds. Elapsed time: 0.13 seconds; current allocated memory: 1.162 GB.
Execute         syn_report -verbosereport -o C:/Users/brand/Documents/engs192/zybo-edge-ai/hls/edge_cnn_linear_stream_hls/edge_cnn_linear_stream_prj/solution1/.autopilot/db/zeropad2d_cl_array_ap_fixed_16_6_5_3_0_1u_array_ap_fixed_16_6_5_3_0_1u_config7_Pipeline_CopyMain.verbose.bind.rpt 
Execute           AP::get_flow_target_display_name
Execute             get_solution -flow_target 
Execute         db_write -o C:/Users/brand/Documents/engs192/zybo-edge-ai/hls/edge_cnn_linear_stream_hls/edge_cnn_linear_stream_prj/solution1/.autopilot/db/zeropad2d_cl_array_ap_fixed_16_6_5_3_0_1u_array_ap_fixed_16_6_5_3_0_1u_config7_Pipeline_CopyMain.bind.adb -f 
INFO-FLOW: Finish binding zeropad2d_cl<array<ap_fixed<16, 6, 5, 3, 0>, 1u>, array<ap_fixed<16, 6, 5, 3, 0>, 1u>, config7>_Pipeline_CopyMain.
INFO: [HLS 200-10] ----------------------------------------------------------------
INFO: [HLS 200-42] -- Implementing module 'zeropad2d_cl_array_ap_fixed_16_6_5_3_0_1u_array_ap_fixed_16_6_5_3_0_1u_config7_Pipeline_PadBottomWidth' 
INFO: [HLS 200-10] ----------------------------------------------------------------
Execute         set_default_model zeropad2d_cl<array<ap_fixed<16, 6, 5, 3, 0>, 1u>, array<ap_fixed<16, 6, 5, 3, 0>, 1u>, config7>_Pipeline_PadBottomWidth 
Execute         schedule -model zeropad2d_cl<array<ap_fixed<16, 6, 5, 3, 0>, 1u>, array<ap_fixed<16, 6, 5, 3, 0>, 1u>, config7>_Pipeline_PadBottomWidth 
INFO: [SCHED 204-11] Starting scheduling ...
INFO: [SCHED 204-61] Pipelining loop 'PadBottomWidth'.
INFO: [HLS 200-1470] Pipelining result : Target II = NA, Final II = 1, Depth = 2, loop 'PadBottomWidth'
INFO: [SCHED 204-11] Finished scheduling.
Command         schedule done; 0.108 sec.
INFO: [HLS 200-111] Finished Scheduling: CPU user time: 0 seconds. CPU system time: 0 seconds. Elapsed time: 0.195 seconds; current allocated memory: 1.162 GB.
Execute         syn_report -verbosereport -o C:/Users/brand/Documents/engs192/zybo-edge-ai/hls/edge_cnn_linear_stream_hls/edge_cnn_linear_stream_prj/solution1/.autopilot/db/zeropad2d_cl_array_ap_fixed_16_6_5_3_0_1u_array_ap_fixed_16_6_5_3_0_1u_config7_Pipeline_PadBottomWidth.verbose.sched.rpt 
Execute           AP::get_flow_target_display_name
Execute             get_solution -flow_target 
Execute         db_write -o C:/Users/brand/Documents/engs192/zybo-edge-ai/hls/edge_cnn_linear_stream_hls/edge_cnn_linear_stream_prj/solution1/.autopilot/db/zeropad2d_cl_array_ap_fixed_16_6_5_3_0_1u_array_ap_fixed_16_6_5_3_0_1u_config7_Pipeline_PadBottomWidth.sched.adb -f 
INFO-FLOW: Finish scheduling zeropad2d_cl<array<ap_fixed<16, 6, 5, 3, 0>, 1u>, array<ap_fixed<16, 6, 5, 3, 0>, 1u>, config7>_Pipeline_PadBottomWidth.
Execute         set_default_model zeropad2d_cl<array<ap_fixed<16, 6, 5, 3, 0>, 1u>, array<ap_fixed<16, 6, 5, 3, 0>, 1u>, config7>_Pipeline_PadBottomWidth 
Execute         bind -model zeropad2d_cl<array<ap_fixed<16, 6, 5, 3, 0>, 1u>, array<ap_fixed<16, 6, 5, 3, 0>, 1u>, config7>_Pipeline_PadBottomWidth 
INFO: [BIND 205-100] Starting micro-architecture generation ...
INFO: [BIND 205-101] Performing variable lifetime analysis.
INFO: [BIND 205-101] Exploring resource sharing.
INFO: [BIND 205-101] Binding ...
INFO: [BIND 205-100] Finished micro-architecture generation.
Command         bind done; 0.115 sec.
INFO: [HLS 200-111] Finished Binding: CPU user time: 0 seconds. CPU system time: 0 seconds. Elapsed time: 0.128 seconds; current allocated memory: 1.162 GB.
Execute         syn_report -verbosereport -o C:/Users/brand/Documents/engs192/zybo-edge-ai/hls/edge_cnn_linear_stream_hls/edge_cnn_linear_stream_prj/solution1/.autopilot/db/zeropad2d_cl_array_ap_fixed_16_6_5_3_0_1u_array_ap_fixed_16_6_5_3_0_1u_config7_Pipeline_PadBottomWidth.verbose.bind.rpt 
Execute           AP::get_flow_target_display_name
Execute             get_solution -flow_target 
Execute         db_write -o C:/Users/brand/Documents/engs192/zybo-edge-ai/hls/edge_cnn_linear_stream_hls/edge_cnn_linear_stream_prj/solution1/.autopilot/db/zeropad2d_cl_array_ap_fixed_16_6_5_3_0_1u_array_ap_fixed_16_6_5_3_0_1u_config7_Pipeline_PadBottomWidth.bind.adb -f 
INFO-FLOW: Finish binding zeropad2d_cl<array<ap_fixed<16, 6, 5, 3, 0>, 1u>, array<ap_fixed<16, 6, 5, 3, 0>, 1u>, config7>_Pipeline_PadBottomWidth.
INFO: [HLS 200-10] ----------------------------------------------------------------
INFO: [HLS 200-42] -- Implementing module 'zeropad2d_cl_array_ap_fixed_16_6_5_3_0_1u_array_ap_fixed_16_6_5_3_0_1u_config7_s' 
INFO: [HLS 200-10] ----------------------------------------------------------------
Execute         set_default_model zeropad2d_cl<array<ap_fixed<16, 6, 5, 3, 0>, 1u>, array<ap_fixed<16, 6, 5, 3, 0>, 1u>, config7> 
Execute         schedule -model zeropad2d_cl<array<ap_fixed<16, 6, 5, 3, 0>, 1u>, array<ap_fixed<16, 6, 5, 3, 0>, 1u>, config7> 
INFO: [SCHED 204-11] Starting scheduling ...
INFO: [SCHED 204-11] Finished scheduling.
INFO: [HLS 200-111] Finished Scheduling: CPU user time: 0 seconds. CPU system time: 0 seconds. Elapsed time: 0.141 seconds; current allocated memory: 1.162 GB.
Execute         syn_report -verbosereport -o C:/Users/brand/Documents/engs192/zybo-edge-ai/hls/edge_cnn_linear_stream_hls/edge_cnn_linear_stream_prj/solution1/.autopilot/db/zeropad2d_cl_array_ap_fixed_16_6_5_3_0_1u_array_ap_fixed_16_6_5_3_0_1u_config7_s.verbose.sched.rpt 
Execute           AP::get_flow_target_display_name
Execute             get_solution -flow_target 
Execute         db_write -o C:/Users/brand/Documents/engs192/zybo-edge-ai/hls/edge_cnn_linear_stream_hls/edge_cnn_linear_stream_prj/solution1/.autopilot/db/zeropad2d_cl_array_ap_fixed_16_6_5_3_0_1u_array_ap_fixed_16_6_5_3_0_1u_config7_s.sched.adb -f 
INFO-FLOW: Finish scheduling zeropad2d_cl<array<ap_fixed<16, 6, 5, 3, 0>, 1u>, array<ap_fixed<16, 6, 5, 3, 0>, 1u>, config7>.
Execute         set_default_model zeropad2d_cl<array<ap_fixed<16, 6, 5, 3, 0>, 1u>, array<ap_fixed<16, 6, 5, 3, 0>, 1u>, config7> 
Execute         bind -model zeropad2d_cl<array<ap_fixed<16, 6, 5, 3, 0>, 1u>, array<ap_fixed<16, 6, 5, 3, 0>, 1u>, config7> 
INFO: [BIND 205-100] Starting micro-architecture generation ...
INFO: [BIND 205-101] Performing variable lifetime analysis.
INFO: [BIND 205-101] Exploring resource sharing.
INFO: [BIND 205-101] Binding ...
INFO: [BIND 205-100] Finished micro-architecture generation.
Command         bind done; 0.125 sec.
INFO: [HLS 200-111] Finished Binding: CPU user time: 0 seconds. CPU system time: 0 seconds. Elapsed time: 0.151 seconds; current allocated memory: 1.162 GB.
Execute         syn_report -verbosereport -o C:/Users/brand/Documents/engs192/zybo-edge-ai/hls/edge_cnn_linear_stream_hls/edge_cnn_linear_stream_prj/solution1/.autopilot/db/zeropad2d_cl_array_ap_fixed_16_6_5_3_0_1u_array_ap_fixed_16_6_5_3_0_1u_config7_s.verbose.bind.rpt 
Execute           AP::get_flow_target_display_name
Execute             get_solution -flow_target 
Execute         db_write -o C:/Users/brand/Documents/engs192/zybo-edge-ai/hls/edge_cnn_linear_stream_hls/edge_cnn_linear_stream_prj/solution1/.autopilot/db/zeropad2d_cl_array_ap_fixed_16_6_5_3_0_1u_array_ap_fixed_16_6_5_3_0_1u_config7_s.bind.adb -f 
INFO-FLOW: Finish binding zeropad2d_cl<array<ap_fixed<16, 6, 5, 3, 0>, 1u>, array<ap_fixed<16, 6, 5, 3, 0>, 1u>, config7>.
INFO: [HLS 200-10] ----------------------------------------------------------------
INFO: [HLS 200-42] -- Implementing module 'shift_line_buffer_array_ap_fixed_16_6_5_3_0_1u_config2_s' 
INFO: [HLS 200-10] ----------------------------------------------------------------
Execute         set_default_model shift_line_buffer<array<ap_fixed<16, 6, 5, 3, 0>, 1u>, config2> 
Execute         schedule -model shift_line_buffer<array<ap_fixed<16, 6, 5, 3, 0>, 1u>, config2> 
INFO: [SCHED 204-11] Starting scheduling ...
INFO: [SCHED 204-61] Pipelining function 'shift_line_buffer<array<ap_fixed<16, 6, 5, 3, 0>, 1u>, config2>'.
INFO: [HLS 200-1470] Pipelining result : Target II = NA, Final II = 1, Depth = 1, function 'shift_line_buffer<array<ap_fixed<16, 6, 5, 3, 0>, 1u>, config2>'
INFO: [SCHED 204-11] Finished scheduling.
Command         schedule done; 0.12 sec.
INFO: [HLS 200-111] Finished Scheduling: CPU user time: 0 seconds. CPU system time: 0 seconds. Elapsed time: 0.209 seconds; current allocated memory: 1.162 GB.
Execute         syn_report -verbosereport -o C:/Users/brand/Documents/engs192/zybo-edge-ai/hls/edge_cnn_linear_stream_hls/edge_cnn_linear_stream_prj/solution1/.autopilot/db/shift_line_buffer_array_ap_fixed_16_6_5_3_0_1u_config2_s.verbose.sched.rpt 
Execute           AP::get_flow_target_display_name
Execute             get_solution -flow_target 
Execute         db_write -o C:/Users/brand/Documents/engs192/zybo-edge-ai/hls/edge_cnn_linear_stream_hls/edge_cnn_linear_stream_prj/solution1/.autopilot/db/shift_line_buffer_array_ap_fixed_16_6_5_3_0_1u_config2_s.sched.adb -f 
INFO-FLOW: Finish scheduling shift_line_buffer<array<ap_fixed<16, 6, 5, 3, 0>, 1u>, config2>.
Execute         set_default_model shift_line_buffer<array<ap_fixed<16, 6, 5, 3, 0>, 1u>, config2> 
Execute         bind -model shift_line_buffer<array<ap_fixed<16, 6, 5, 3, 0>, 1u>, config2> 
INFO: [BIND 205-100] Starting micro-architecture generation ...
INFO: [BIND 205-101] Performing variable lifetime analysis.
INFO: [BIND 205-101] Exploring resource sharing.
INFO: [BIND 205-101] Binding ...
INFO: [BIND 205-100] Finished micro-architecture generation.
Command         bind done; 0.143 sec.
INFO: [HLS 200-111] Finished Binding: CPU user time: 0 seconds. CPU system time: 0 seconds. Elapsed time: 0.159 seconds; current allocated memory: 1.162 GB.
Execute         syn_report -verbosereport -o C:/Users/brand/Documents/engs192/zybo-edge-ai/hls/edge_cnn_linear_stream_hls/edge_cnn_linear_stream_prj/solution1/.autopilot/db/shift_line_buffer_array_ap_fixed_16_6_5_3_0_1u_config2_s.verbose.bind.rpt 
Execute           AP::get_flow_target_display_name
Execute             get_solution -flow_target 
Execute         db_write -o C:/Users/brand/Documents/engs192/zybo-edge-ai/hls/edge_cnn_linear_stream_hls/edge_cnn_linear_stream_prj/solution1/.autopilot/db/shift_line_buffer_array_ap_fixed_16_6_5_3_0_1u_config2_s.bind.adb -f 
INFO-FLOW: Finish binding shift_line_buffer<array<ap_fixed<16, 6, 5, 3, 0>, 1u>, config2>.
INFO: [HLS 200-10] ----------------------------------------------------------------
INFO: [HLS 200-42] -- Implementing module 'dense_resource_rf_gt_nin_rem0_ap_fixed_16_6_5_3_0_ap_fixed_37_17_5_3_0_config2_mult_s' 
INFO: [HLS 200-10] ----------------------------------------------------------------
Execute         set_default_model dense_resource_rf_gt_nin_rem0<ap_fixed<16, 6, 5, 3, 0>, ap_fixed<37, 17, 5, 3, 0>, config2_mult> 
Execute         schedule -model dense_resource_rf_gt_nin_rem0<ap_fixed<16, 6, 5, 3, 0>, ap_fixed<37, 17, 5, 3, 0>, config2_mult> 
INFO: [SCHED 204-11] Starting scheduling ...
INFO: [HLS 200-486] Changing DSP latency (root=mul_ln1168) to 3 in order to utilize available DSP registers.
INFO: [SCHED 204-61] Pipelining loop 'ReuseLoop'.
INFO: [HLS 200-1470] Pipelining result : Target II = 1, Final II = 1, Depth = 5, loop 'ReuseLoop'
INFO: [SCHED 204-11] Finished scheduling.
Command         schedule done; 0.18 sec.
INFO: [HLS 200-111] Finished Scheduling: CPU user time: 1 seconds. CPU system time: 0 seconds. Elapsed time: 0.266 seconds; current allocated memory: 1.162 GB.
Execute         syn_report -verbosereport -o C:/Users/brand/Documents/engs192/zybo-edge-ai/hls/edge_cnn_linear_stream_hls/edge_cnn_linear_stream_prj/solution1/.autopilot/db/dense_resource_rf_gt_nin_rem0_ap_fixed_16_6_5_3_0_ap_fixed_37_17_5_3_0_config2_mult_s.verbose.sched.rpt 
Execute           AP::get_flow_target_display_name
Execute             get_solution -flow_target 
Execute         db_write -o C:/Users/brand/Documents/engs192/zybo-edge-ai/hls/edge_cnn_linear_stream_hls/edge_cnn_linear_stream_prj/solution1/.autopilot/db/dense_resource_rf_gt_nin_rem0_ap_fixed_16_6_5_3_0_ap_fixed_37_17_5_3_0_config2_mult_s.sched.adb -f 
INFO-FLOW: Finish scheduling dense_resource_rf_gt_nin_rem0<ap_fixed<16, 6, 5, 3, 0>, ap_fixed<37, 17, 5, 3, 0>, config2_mult>.
Execute         set_default_model dense_resource_rf_gt_nin_rem0<ap_fixed<16, 6, 5, 3, 0>, ap_fixed<37, 17, 5, 3, 0>, config2_mult> 
Execute         bind -model dense_resource_rf_gt_nin_rem0<ap_fixed<16, 6, 5, 3, 0>, ap_fixed<37, 17, 5, 3, 0>, config2_mult> 
INFO: [BIND 205-100] Starting micro-architecture generation ...
INFO: [BIND 205-101] Performing variable lifetime analysis.
INFO: [BIND 205-101] Exploring resource sharing.
INFO: [BIND 205-101] Binding ...
INFO: [BIND 205-100] Finished micro-architecture generation.
Command         bind done; 0.137 sec.
INFO: [HLS 200-111] Finished Binding: CPU user time: 0 seconds. CPU system time: 0 seconds. Elapsed time: 0.182 seconds; current allocated memory: 1.162 GB.
Execute         syn_report -verbosereport -o C:/Users/brand/Documents/engs192/zybo-edge-ai/hls/edge_cnn_linear_stream_hls/edge_cnn_linear_stream_prj/solution1/.autopilot/db/dense_resource_rf_gt_nin_rem0_ap_fixed_16_6_5_3_0_ap_fixed_37_17_5_3_0_config2_mult_s.verbose.bind.rpt 
Execute           AP::get_flow_target_display_name
Execute             get_solution -flow_target 
Execute         db_write -o C:/Users/brand/Documents/engs192/zybo-edge-ai/hls/edge_cnn_linear_stream_hls/edge_cnn_linear_stream_prj/solution1/.autopilot/db/dense_resource_rf_gt_nin_rem0_ap_fixed_16_6_5_3_0_ap_fixed_37_17_5_3_0_config2_mult_s.bind.adb -f 
INFO-FLOW: Finish binding dense_resource_rf_gt_nin_rem0<ap_fixed<16, 6, 5, 3, 0>, ap_fixed<37, 17, 5, 3, 0>, config2_mult>.
INFO: [HLS 200-10] ----------------------------------------------------------------
INFO: [HLS 200-42] -- Implementing module 'compute_output_buffer_2d_array_ap_fixed_16_6_5_3_0_1u_array_ap_fixed_37_17_5_3_0_4u_config2_s' 
INFO: [HLS 200-10] ----------------------------------------------------------------
Execute         set_default_model compute_output_buffer_2d<array<ap_fixed<16, 6, 5, 3, 0>, 1u>, array<ap_fixed<37, 17, 5, 3, 0>, 4u>, config2> 
Execute         schedule -model compute_output_buffer_2d<array<ap_fixed<16, 6, 5, 3, 0>, 1u>, array<ap_fixed<37, 17, 5, 3, 0>, 4u>, config2> 
INFO: [SCHED 204-11] Starting scheduling ...
WARNING: [HLS 200-871] Estimated clock period (7.591ns) exceeds the target (target clock period: 10ns, clock uncertainty: 2.7ns, effective delay budget: 7.3ns).
WARNING: [HLS 200-1016] The critical path in module 'compute_output_buffer_2d_array_ap_fixed_16_6_5_3_0_1u_array_ap_fixed_37_17_5_3_0_4u_config2_s' consists of the following:	'add' operation ('add_ln303', firmware/nnet_utils/nnet_conv_stream.h:303) [48]  (2.55 ns)
	'icmp' operation ('icmp_ln303', firmware/nnet_utils/nnet_conv_stream.h:303) [49]  (2.47 ns)
	blocking operation 2.57 ns on control path)

INFO: [SCHED 204-11] Finished scheduling.
Command         schedule done; 0.122 sec.
INFO: [HLS 200-111] Finished Scheduling: CPU user time: 0 seconds. CPU system time: 0 seconds. Elapsed time: 0.244 seconds; current allocated memory: 1.162 GB.
Execute         syn_report -verbosereport -o C:/Users/brand/Documents/engs192/zybo-edge-ai/hls/edge_cnn_linear_stream_hls/edge_cnn_linear_stream_prj/solution1/.autopilot/db/compute_output_buffer_2d_array_ap_fixed_16_6_5_3_0_1u_array_ap_fixed_37_17_5_3_0_4u_config2_s.verbose.sched.rpt 
Execute           AP::get_flow_target_display_name
Execute             get_solution -flow_target 
Execute         db_write -o C:/Users/brand/Documents/engs192/zybo-edge-ai/hls/edge_cnn_linear_stream_hls/edge_cnn_linear_stream_prj/solution1/.autopilot/db/compute_output_buffer_2d_array_ap_fixed_16_6_5_3_0_1u_array_ap_fixed_37_17_5_3_0_4u_config2_s.sched.adb -f 
INFO-FLOW: Finish scheduling compute_output_buffer_2d<array<ap_fixed<16, 6, 5, 3, 0>, 1u>, array<ap_fixed<37, 17, 5, 3, 0>, 4u>, config2>.
Execute         set_default_model compute_output_buffer_2d<array<ap_fixed<16, 6, 5, 3, 0>, 1u>, array<ap_fixed<37, 17, 5, 3, 0>, 4u>, config2> 
Execute         bind -model compute_output_buffer_2d<array<ap_fixed<16, 6, 5, 3, 0>, 1u>, array<ap_fixed<37, 17, 5, 3, 0>, 4u>, config2> 
INFO: [BIND 205-100] Starting micro-architecture generation ...
INFO: [BIND 205-101] Performing variable lifetime analysis.
INFO: [BIND 205-101] Exploring resource sharing.
INFO: [BIND 205-101] Binding ...
INFO: [BIND 205-100] Finished micro-architecture generation.
Command         bind done; 0.125 sec.
INFO: [HLS 200-111] Finished Binding: CPU user time: 0 seconds. CPU system time: 0 seconds. Elapsed time: 0.155 seconds; current allocated memory: 1.162 GB.
Execute         syn_report -verbosereport -o C:/Users/brand/Documents/engs192/zybo-edge-ai/hls/edge_cnn_linear_stream_hls/edge_cnn_linear_stream_prj/solution1/.autopilot/db/compute_output_buffer_2d_array_ap_fixed_16_6_5_3_0_1u_array_ap_fixed_37_17_5_3_0_4u_config2_s.verbose.bind.rpt 
Execute           AP::get_flow_target_display_name
Execute             get_solution -flow_target 
Execute         db_write -o C:/Users/brand/Documents/engs192/zybo-edge-ai/hls/edge_cnn_linear_stream_hls/edge_cnn_linear_stream_prj/solution1/.autopilot/db/compute_output_buffer_2d_array_ap_fixed_16_6_5_3_0_1u_array_ap_fixed_37_17_5_3_0_4u_config2_s.bind.adb -f 
INFO-FLOW: Finish binding compute_output_buffer_2d<array<ap_fixed<16, 6, 5, 3, 0>, 1u>, array<ap_fixed<37, 17, 5, 3, 0>, 4u>, config2>.
INFO: [HLS 200-10] ----------------------------------------------------------------
INFO: [HLS 200-42] -- Implementing module 'conv_2d_cl_array_ap_fixed_16_6_5_3_0_1u_array_ap_fixed_37_17_5_3_0_4u_config2_s' 
INFO: [HLS 200-10] ----------------------------------------------------------------
Execute         set_default_model conv_2d_cl<array<ap_fixed<16, 6, 5, 3, 0>, 1u>, array<ap_fixed<37, 17, 5, 3, 0>, 4u>, config2> 
Execute         schedule -model conv_2d_cl<array<ap_fixed<16, 6, 5, 3, 0>, 1u>, array<ap_fixed<37, 17, 5, 3, 0>, 4u>, config2> 
INFO: [SCHED 204-11] Starting scheduling ...
INFO: [SCHED 204-11] Finished scheduling.
INFO: [HLS 200-111] Finished Scheduling: CPU user time: 0 seconds. CPU system time: 0 seconds. Elapsed time: 0.181 seconds; current allocated memory: 1.162 GB.
Execute         syn_report -verbosereport -o C:/Users/brand/Documents/engs192/zybo-edge-ai/hls/edge_cnn_linear_stream_hls/edge_cnn_linear_stream_prj/solution1/.autopilot/db/conv_2d_cl_array_ap_fixed_16_6_5_3_0_1u_array_ap_fixed_37_17_5_3_0_4u_config2_s.verbose.sched.rpt 
Execute           AP::get_flow_target_display_name
Execute             get_solution -flow_target 
Execute         db_write -o C:/Users/brand/Documents/engs192/zybo-edge-ai/hls/edge_cnn_linear_stream_hls/edge_cnn_linear_stream_prj/solution1/.autopilot/db/conv_2d_cl_array_ap_fixed_16_6_5_3_0_1u_array_ap_fixed_37_17_5_3_0_4u_config2_s.sched.adb -f 
INFO-FLOW: Finish scheduling conv_2d_cl<array<ap_fixed<16, 6, 5, 3, 0>, 1u>, array<ap_fixed<37, 17, 5, 3, 0>, 4u>, config2>.
Execute         set_default_model conv_2d_cl<array<ap_fixed<16, 6, 5, 3, 0>, 1u>, array<ap_fixed<37, 17, 5, 3, 0>, 4u>, config2> 
Execute         bind -model conv_2d_cl<array<ap_fixed<16, 6, 5, 3, 0>, 1u>, array<ap_fixed<37, 17, 5, 3, 0>, 4u>, config2> 
INFO: [BIND 205-100] Starting micro-architecture generation ...
INFO: [BIND 205-101] Performing variable lifetime analysis.
INFO: [BIND 205-101] Exploring resource sharing.
INFO: [BIND 205-101] Binding ...
INFO: [BIND 205-100] Finished micro-architecture generation.
Command         bind done; 0.123 sec.
INFO: [HLS 200-111] Finished Binding: CPU user time: 0 seconds. CPU system time: 0 seconds. Elapsed time: 0.139 seconds; current allocated memory: 1.162 GB.
Execute         syn_report -verbosereport -o C:/Users/brand/Documents/engs192/zybo-edge-ai/hls/edge_cnn_linear_stream_hls/edge_cnn_linear_stream_prj/solution1/.autopilot/db/conv_2d_cl_array_ap_fixed_16_6_5_3_0_1u_array_ap_fixed_37_17_5_3_0_4u_config2_s.verbose.bind.rpt 
Execute           AP::get_flow_target_display_name
Execute             get_solution -flow_target 
Execute         db_write -o C:/Users/brand/Documents/engs192/zybo-edge-ai/hls/edge_cnn_linear_stream_hls/edge_cnn_linear_stream_prj/solution1/.autopilot/db/conv_2d_cl_array_ap_fixed_16_6_5_3_0_1u_array_ap_fixed_37_17_5_3_0_4u_config2_s.bind.adb -f 
INFO-FLOW: Finish binding conv_2d_cl<array<ap_fixed<16, 6, 5, 3, 0>, 1u>, array<ap_fixed<37, 17, 5, 3, 0>, 4u>, config2>.
INFO: [HLS 200-10] ----------------------------------------------------------------
INFO: [HLS 200-42] -- Implementing module 'relu_array_ap_fixed_37_17_5_3_0_4u_array_ap_fixed_16_6_5_3_0_4u_relu_config3_s' 
INFO: [HLS 200-10] ----------------------------------------------------------------
Execute         set_default_model relu<array<ap_fixed<37, 17, 5, 3, 0>, 4u>, array<ap_fixed<16, 6, 5, 3, 0>, 4u>, relu_config3> 
Execute         schedule -model relu<array<ap_fixed<37, 17, 5, 3, 0>, 4u>, array<ap_fixed<16, 6, 5, 3, 0>, 4u>, relu_config3> 
INFO: [SCHED 204-11] Starting scheduling ...
INFO: [SCHED 204-61] Pipelining loop 'ReLUActLoop'.
INFO: [HLS 200-1470] Pipelining result : Target II = NA, Final II = 1, Depth = 3, loop 'ReLUActLoop'
INFO: [SCHED 204-11] Finished scheduling.
Command         schedule done; 0.125 sec.
INFO: [HLS 200-111] Finished Scheduling: CPU user time: 0 seconds. CPU system time: 0 seconds. Elapsed time: 0.255 seconds; current allocated memory: 1.162 GB.
Execute         syn_report -verbosereport -o C:/Users/brand/Documents/engs192/zybo-edge-ai/hls/edge_cnn_linear_stream_hls/edge_cnn_linear_stream_prj/solution1/.autopilot/db/relu_array_ap_fixed_37_17_5_3_0_4u_array_ap_fixed_16_6_5_3_0_4u_relu_config3_s.verbose.sched.rpt 
Execute           AP::get_flow_target_display_name
Execute             get_solution -flow_target 
Execute         db_write -o C:/Users/brand/Documents/engs192/zybo-edge-ai/hls/edge_cnn_linear_stream_hls/edge_cnn_linear_stream_prj/solution1/.autopilot/db/relu_array_ap_fixed_37_17_5_3_0_4u_array_ap_fixed_16_6_5_3_0_4u_relu_config3_s.sched.adb -f 
INFO-FLOW: Finish scheduling relu<array<ap_fixed<37, 17, 5, 3, 0>, 4u>, array<ap_fixed<16, 6, 5, 3, 0>, 4u>, relu_config3>.
Execute         set_default_model relu<array<ap_fixed<37, 17, 5, 3, 0>, 4u>, array<ap_fixed<16, 6, 5, 3, 0>, 4u>, relu_config3> 
Execute         bind -model relu<array<ap_fixed<37, 17, 5, 3, 0>, 4u>, array<ap_fixed<16, 6, 5, 3, 0>, 4u>, relu_config3> 
INFO: [BIND 205-100] Starting micro-architecture generation ...
INFO: [BIND 205-101] Performing variable lifetime analysis.
INFO: [BIND 205-101] Exploring resource sharing.
INFO: [BIND 205-101] Binding ...
INFO: [BIND 205-100] Finished micro-architecture generation.
Command         bind done; 0.137 sec.
INFO: [HLS 200-111] Finished Binding: CPU user time: 0 seconds. CPU system time: 0 seconds. Elapsed time: 0.163 seconds; current allocated memory: 1.162 GB.
Execute         syn_report -verbosereport -o C:/Users/brand/Documents/engs192/zybo-edge-ai/hls/edge_cnn_linear_stream_hls/edge_cnn_linear_stream_prj/solution1/.autopilot/db/relu_array_ap_fixed_37_17_5_3_0_4u_array_ap_fixed_16_6_5_3_0_4u_relu_config3_s.verbose.bind.rpt 
Execute           AP::get_flow_target_display_name
Execute             get_solution -flow_target 
Execute         db_write -o C:/Users/brand/Documents/engs192/zybo-edge-ai/hls/edge_cnn_linear_stream_hls/edge_cnn_linear_stream_prj/solution1/.autopilot/db/relu_array_ap_fixed_37_17_5_3_0_4u_array_ap_fixed_16_6_5_3_0_4u_relu_config3_s.bind.adb -f 
INFO-FLOW: Finish binding relu<array<ap_fixed<37, 17, 5, 3, 0>, 4u>, array<ap_fixed<16, 6, 5, 3, 0>, 4u>, relu_config3>.
INFO: [HLS 200-10] ----------------------------------------------------------------
INFO: [HLS 200-42] -- Implementing module 'zeropad2d_cl_array_ap_fixed_16_6_5_3_0_4u_array_ap_fixed_16_6_5_3_0_4u_config8_Pipeline_PadTopWidth' 
INFO: [HLS 200-10] ----------------------------------------------------------------
Execute         set_default_model zeropad2d_cl<array<ap_fixed<16, 6, 5, 3, 0>, 4u>, array<ap_fixed<16, 6, 5, 3, 0>, 4u>, config8>_Pipeline_PadTopWidth 
Execute         schedule -model zeropad2d_cl<array<ap_fixed<16, 6, 5, 3, 0>, 4u>, array<ap_fixed<16, 6, 5, 3, 0>, 4u>, config8>_Pipeline_PadTopWidth 
INFO: [SCHED 204-11] Starting scheduling ...
INFO: [SCHED 204-61] Pipelining loop 'PadTopWidth'.
INFO: [HLS 200-1470] Pipelining result : Target II = NA, Final II = 1, Depth = 2, loop 'PadTopWidth'
INFO: [SCHED 204-11] Finished scheduling.
Command         schedule done; 0.113 sec.
INFO: [HLS 200-111] Finished Scheduling: CPU user time: 0 seconds. CPU system time: 0 seconds. Elapsed time: 0.217 seconds; current allocated memory: 1.162 GB.
Execute         syn_report -verbosereport -o C:/Users/brand/Documents/engs192/zybo-edge-ai/hls/edge_cnn_linear_stream_hls/edge_cnn_linear_stream_prj/solution1/.autopilot/db/zeropad2d_cl_array_ap_fixed_16_6_5_3_0_4u_array_ap_fixed_16_6_5_3_0_4u_config8_Pipeline_PadTopWidth.verbose.sched.rpt 
Execute           AP::get_flow_target_display_name
Execute             get_solution -flow_target 
Execute         db_write -o C:/Users/brand/Documents/engs192/zybo-edge-ai/hls/edge_cnn_linear_stream_hls/edge_cnn_linear_stream_prj/solution1/.autopilot/db/zeropad2d_cl_array_ap_fixed_16_6_5_3_0_4u_array_ap_fixed_16_6_5_3_0_4u_config8_Pipeline_PadTopWidth.sched.adb -f 
INFO-FLOW: Finish scheduling zeropad2d_cl<array<ap_fixed<16, 6, 5, 3, 0>, 4u>, array<ap_fixed<16, 6, 5, 3, 0>, 4u>, config8>_Pipeline_PadTopWidth.
Execute         set_default_model zeropad2d_cl<array<ap_fixed<16, 6, 5, 3, 0>, 4u>, array<ap_fixed<16, 6, 5, 3, 0>, 4u>, config8>_Pipeline_PadTopWidth 
Execute         bind -model zeropad2d_cl<array<ap_fixed<16, 6, 5, 3, 0>, 4u>, array<ap_fixed<16, 6, 5, 3, 0>, 4u>, config8>_Pipeline_PadTopWidth 
INFO: [BIND 205-100] Starting micro-architecture generation ...
INFO: [BIND 205-101] Performing variable lifetime analysis.
INFO: [BIND 205-101] Exploring resource sharing.
INFO: [BIND 205-101] Binding ...
INFO: [BIND 205-100] Finished micro-architecture generation.
Command         bind done; 0.117 sec.
INFO: [HLS 200-111] Finished Binding: CPU user time: 0 seconds. CPU system time: 0 seconds. Elapsed time: 0.133 seconds; current allocated memory: 1.162 GB.
Execute         syn_report -verbosereport -o C:/Users/brand/Documents/engs192/zybo-edge-ai/hls/edge_cnn_linear_stream_hls/edge_cnn_linear_stream_prj/solution1/.autopilot/db/zeropad2d_cl_array_ap_fixed_16_6_5_3_0_4u_array_ap_fixed_16_6_5_3_0_4u_config8_Pipeline_PadTopWidth.verbose.bind.rpt 
Execute           AP::get_flow_target_display_name
Execute             get_solution -flow_target 
Execute         db_write -o C:/Users/brand/Documents/engs192/zybo-edge-ai/hls/edge_cnn_linear_stream_hls/edge_cnn_linear_stream_prj/solution1/.autopilot/db/zeropad2d_cl_array_ap_fixed_16_6_5_3_0_4u_array_ap_fixed_16_6_5_3_0_4u_config8_Pipeline_PadTopWidth.bind.adb -f 
INFO-FLOW: Finish binding zeropad2d_cl<array<ap_fixed<16, 6, 5, 3, 0>, 4u>, array<ap_fixed<16, 6, 5, 3, 0>, 4u>, config8>_Pipeline_PadTopWidth.
INFO: [HLS 200-10] ----------------------------------------------------------------
INFO: [HLS 200-42] -- Implementing module 'zeropad2d_cl_array_ap_fixed_16_6_5_3_0_4u_array_ap_fixed_16_6_5_3_0_4u_config8_Pipeline_CopyMain' 
INFO: [HLS 200-10] ----------------------------------------------------------------
Execute         set_default_model zeropad2d_cl<array<ap_fixed<16, 6, 5, 3, 0>, 4u>, array<ap_fixed<16, 6, 5, 3, 0>, 4u>, config8>_Pipeline_CopyMain 
Execute         schedule -model zeropad2d_cl<array<ap_fixed<16, 6, 5, 3, 0>, 4u>, array<ap_fixed<16, 6, 5, 3, 0>, 4u>, config8>_Pipeline_CopyMain 
INFO: [SCHED 204-11] Starting scheduling ...
INFO: [SCHED 204-61] Pipelining loop 'CopyMain'.
WARNING: [HLS 200-880] The II Violation in module 'zeropad2d_cl_array_ap_fixed_16_6_5_3_0_4u_array_ap_fixed_16_6_5_3_0_4u_config8_Pipeline_CopyMain' (loop 'CopyMain'): Unable to enforce a carried dependence constraint (II = 1, distance = 1, offset = 1) between fifo write operation ('layer8_out_write_ln173', C:/Xilinx/Vitis_HLS/2021.2/common/technology/autopilot/hls_stream_39.h:173) on port 'layer8_out' (C:/Xilinx/Vitis_HLS/2021.2/common/technology/autopilot/hls_stream_39.h:173) and fifo write operation ('layer8_out_write_ln173', C:/Xilinx/Vitis_HLS/2021.2/common/technology/autopilot/hls_stream_39.h:173) on port 'layer8_out' (C:/Xilinx/Vitis_HLS/2021.2/common/technology/autopilot/hls_stream_39.h:173).
INFO: [HLS 200-1470] Pipelining result : Target II = NA, Final II = 2, Depth = 3, loop 'CopyMain'
INFO: [SCHED 204-11] Finished scheduling.
Command         schedule done; 0.146 sec.
INFO: [HLS 200-111] Finished Scheduling: CPU user time: 0 seconds. CPU system time: 0 seconds. Elapsed time: 0.225 seconds; current allocated memory: 1.162 GB.
Execute         syn_report -verbosereport -o C:/Users/brand/Documents/engs192/zybo-edge-ai/hls/edge_cnn_linear_stream_hls/edge_cnn_linear_stream_prj/solution1/.autopilot/db/zeropad2d_cl_array_ap_fixed_16_6_5_3_0_4u_array_ap_fixed_16_6_5_3_0_4u_config8_Pipeline_CopyMain.verbose.sched.rpt 
Execute           AP::get_flow_target_display_name
Execute             get_solution -flow_target 
Execute         db_write -o C:/Users/brand/Documents/engs192/zybo-edge-ai/hls/edge_cnn_linear_stream_hls/edge_cnn_linear_stream_prj/solution1/.autopilot/db/zeropad2d_cl_array_ap_fixed_16_6_5_3_0_4u_array_ap_fixed_16_6_5_3_0_4u_config8_Pipeline_CopyMain.sched.adb -f 
INFO-FLOW: Finish scheduling zeropad2d_cl<array<ap_fixed<16, 6, 5, 3, 0>, 4u>, array<ap_fixed<16, 6, 5, 3, 0>, 4u>, config8>_Pipeline_CopyMain.
Execute         set_default_model zeropad2d_cl<array<ap_fixed<16, 6, 5, 3, 0>, 4u>, array<ap_fixed<16, 6, 5, 3, 0>, 4u>, config8>_Pipeline_CopyMain 
Execute         bind -model zeropad2d_cl<array<ap_fixed<16, 6, 5, 3, 0>, 4u>, array<ap_fixed<16, 6, 5, 3, 0>, 4u>, config8>_Pipeline_CopyMain 
INFO: [BIND 205-100] Starting micro-architecture generation ...
INFO: [BIND 205-101] Performing variable lifetime analysis.
INFO: [BIND 205-101] Exploring resource sharing.
INFO: [BIND 205-101] Binding ...
INFO: [BIND 205-100] Finished micro-architecture generation.
Command         bind done; 0.134 sec.
INFO: [HLS 200-111] Finished Binding: CPU user time: 1 seconds. CPU system time: 0 seconds. Elapsed time: 0.151 seconds; current allocated memory: 1.162 GB.
Execute         syn_report -verbosereport -o C:/Users/brand/Documents/engs192/zybo-edge-ai/hls/edge_cnn_linear_stream_hls/edge_cnn_linear_stream_prj/solution1/.autopilot/db/zeropad2d_cl_array_ap_fixed_16_6_5_3_0_4u_array_ap_fixed_16_6_5_3_0_4u_config8_Pipeline_CopyMain.verbose.bind.rpt 
Execute           AP::get_flow_target_display_name
Execute             get_solution -flow_target 
Execute         db_write -o C:/Users/brand/Documents/engs192/zybo-edge-ai/hls/edge_cnn_linear_stream_hls/edge_cnn_linear_stream_prj/solution1/.autopilot/db/zeropad2d_cl_array_ap_fixed_16_6_5_3_0_4u_array_ap_fixed_16_6_5_3_0_4u_config8_Pipeline_CopyMain.bind.adb -f 
INFO-FLOW: Finish binding zeropad2d_cl<array<ap_fixed<16, 6, 5, 3, 0>, 4u>, array<ap_fixed<16, 6, 5, 3, 0>, 4u>, config8>_Pipeline_CopyMain.
INFO: [HLS 200-10] ----------------------------------------------------------------
INFO: [HLS 200-42] -- Implementing module 'zeropad2d_cl_array_ap_fixed_16_6_5_3_0_4u_array_ap_fixed_16_6_5_3_0_4u_config8_Pipeline_PadBottomWidth' 
INFO: [HLS 200-10] ----------------------------------------------------------------
Execute         set_default_model zeropad2d_cl<array<ap_fixed<16, 6, 5, 3, 0>, 4u>, array<ap_fixed<16, 6, 5, 3, 0>, 4u>, config8>_Pipeline_PadBottomWidth 
Execute         schedule -model zeropad2d_cl<array<ap_fixed<16, 6, 5, 3, 0>, 4u>, array<ap_fixed<16, 6, 5, 3, 0>, 4u>, config8>_Pipeline_PadBottomWidth 
INFO: [SCHED 204-11] Starting scheduling ...
INFO: [SCHED 204-61] Pipelining loop 'PadBottomWidth'.
INFO: [HLS 200-1470] Pipelining result : Target II = NA, Final II = 1, Depth = 2, loop 'PadBottomWidth'
INFO: [SCHED 204-11] Finished scheduling.
Command         schedule done; 0.117 sec.
INFO: [HLS 200-111] Finished Scheduling: CPU user time: 0 seconds. CPU system time: 0 seconds. Elapsed time: 0.2 seconds; current allocated memory: 1.162 GB.
Execute         syn_report -verbosereport -o C:/Users/brand/Documents/engs192/zybo-edge-ai/hls/edge_cnn_linear_stream_hls/edge_cnn_linear_stream_prj/solution1/.autopilot/db/zeropad2d_cl_array_ap_fixed_16_6_5_3_0_4u_array_ap_fixed_16_6_5_3_0_4u_config8_Pipeline_PadBottomWidth.verbose.sched.rpt 
Execute           AP::get_flow_target_display_name
Execute             get_solution -flow_target 
Execute         db_write -o C:/Users/brand/Documents/engs192/zybo-edge-ai/hls/edge_cnn_linear_stream_hls/edge_cnn_linear_stream_prj/solution1/.autopilot/db/zeropad2d_cl_array_ap_fixed_16_6_5_3_0_4u_array_ap_fixed_16_6_5_3_0_4u_config8_Pipeline_PadBottomWidth.sched.adb -f 
INFO-FLOW: Finish scheduling zeropad2d_cl<array<ap_fixed<16, 6, 5, 3, 0>, 4u>, array<ap_fixed<16, 6, 5, 3, 0>, 4u>, config8>_Pipeline_PadBottomWidth.
Execute         set_default_model zeropad2d_cl<array<ap_fixed<16, 6, 5, 3, 0>, 4u>, array<ap_fixed<16, 6, 5, 3, 0>, 4u>, config8>_Pipeline_PadBottomWidth 
Execute         bind -model zeropad2d_cl<array<ap_fixed<16, 6, 5, 3, 0>, 4u>, array<ap_fixed<16, 6, 5, 3, 0>, 4u>, config8>_Pipeline_PadBottomWidth 
INFO: [BIND 205-100] Starting micro-architecture generation ...
INFO: [BIND 205-101] Performing variable lifetime analysis.
INFO: [BIND 205-101] Exploring resource sharing.
INFO: [BIND 205-101] Binding ...
INFO: [BIND 205-100] Finished micro-architecture generation.
Command         bind done; 0.117 sec.
INFO: [HLS 200-111] Finished Binding: CPU user time: 0 seconds. CPU system time: 0 seconds. Elapsed time: 0.131 seconds; current allocated memory: 1.162 GB.
Execute         syn_report -verbosereport -o C:/Users/brand/Documents/engs192/zybo-edge-ai/hls/edge_cnn_linear_stream_hls/edge_cnn_linear_stream_prj/solution1/.autopilot/db/zeropad2d_cl_array_ap_fixed_16_6_5_3_0_4u_array_ap_fixed_16_6_5_3_0_4u_config8_Pipeline_PadBottomWidth.verbose.bind.rpt 
Execute           AP::get_flow_target_display_name
Execute             get_solution -flow_target 
Execute         db_write -o C:/Users/brand/Documents/engs192/zybo-edge-ai/hls/edge_cnn_linear_stream_hls/edge_cnn_linear_stream_prj/solution1/.autopilot/db/zeropad2d_cl_array_ap_fixed_16_6_5_3_0_4u_array_ap_fixed_16_6_5_3_0_4u_config8_Pipeline_PadBottomWidth.bind.adb -f 
INFO-FLOW: Finish binding zeropad2d_cl<array<ap_fixed<16, 6, 5, 3, 0>, 4u>, array<ap_fixed<16, 6, 5, 3, 0>, 4u>, config8>_Pipeline_PadBottomWidth.
INFO: [HLS 200-10] ----------------------------------------------------------------
INFO: [HLS 200-42] -- Implementing module 'zeropad2d_cl_array_ap_fixed_16_6_5_3_0_4u_array_ap_fixed_16_6_5_3_0_4u_config8_s' 
INFO: [HLS 200-10] ----------------------------------------------------------------
Execute         set_default_model zeropad2d_cl<array<ap_fixed<16, 6, 5, 3, 0>, 4u>, array<ap_fixed<16, 6, 5, 3, 0>, 4u>, config8> 
Execute         schedule -model zeropad2d_cl<array<ap_fixed<16, 6, 5, 3, 0>, 4u>, array<ap_fixed<16, 6, 5, 3, 0>, 4u>, config8> 
INFO: [SCHED 204-11] Starting scheduling ...
INFO: [SCHED 204-11] Finished scheduling.
INFO: [HLS 200-111] Finished Scheduling: CPU user time: 0 seconds. CPU system time: 0 seconds. Elapsed time: 0.147 seconds; current allocated memory: 1.162 GB.
Execute         syn_report -verbosereport -o C:/Users/brand/Documents/engs192/zybo-edge-ai/hls/edge_cnn_linear_stream_hls/edge_cnn_linear_stream_prj/solution1/.autopilot/db/zeropad2d_cl_array_ap_fixed_16_6_5_3_0_4u_array_ap_fixed_16_6_5_3_0_4u_config8_s.verbose.sched.rpt 
Execute           AP::get_flow_target_display_name
Execute             get_solution -flow_target 
Execute         db_write -o C:/Users/brand/Documents/engs192/zybo-edge-ai/hls/edge_cnn_linear_stream_hls/edge_cnn_linear_stream_prj/solution1/.autopilot/db/zeropad2d_cl_array_ap_fixed_16_6_5_3_0_4u_array_ap_fixed_16_6_5_3_0_4u_config8_s.sched.adb -f 
INFO-FLOW: Finish scheduling zeropad2d_cl<array<ap_fixed<16, 6, 5, 3, 0>, 4u>, array<ap_fixed<16, 6, 5, 3, 0>, 4u>, config8>.
Execute         set_default_model zeropad2d_cl<array<ap_fixed<16, 6, 5, 3, 0>, 4u>, array<ap_fixed<16, 6, 5, 3, 0>, 4u>, config8> 
Execute         bind -model zeropad2d_cl<array<ap_fixed<16, 6, 5, 3, 0>, 4u>, array<ap_fixed<16, 6, 5, 3, 0>, 4u>, config8> 
INFO: [BIND 205-100] Starting micro-architecture generation ...
INFO: [BIND 205-101] Performing variable lifetime analysis.
INFO: [BIND 205-101] Exploring resource sharing.
INFO: [BIND 205-101] Binding ...
INFO: [BIND 205-100] Finished micro-architecture generation.
Command         bind done; 0.139 sec.
INFO: [HLS 200-111] Finished Binding: CPU user time: 0 seconds. CPU system time: 0 seconds. Elapsed time: 0.167 seconds; current allocated memory: 1.162 GB.
Execute         syn_report -verbosereport -o C:/Users/brand/Documents/engs192/zybo-edge-ai/hls/edge_cnn_linear_stream_hls/edge_cnn_linear_stream_prj/solution1/.autopilot/db/zeropad2d_cl_array_ap_fixed_16_6_5_3_0_4u_array_ap_fixed_16_6_5_3_0_4u_config8_s.verbose.bind.rpt 
Execute           AP::get_flow_target_display_name
Execute             get_solution -flow_target 
Execute         db_write -o C:/Users/brand/Documents/engs192/zybo-edge-ai/hls/edge_cnn_linear_stream_hls/edge_cnn_linear_stream_prj/solution1/.autopilot/db/zeropad2d_cl_array_ap_fixed_16_6_5_3_0_4u_array_ap_fixed_16_6_5_3_0_4u_config8_s.bind.adb -f 
INFO-FLOW: Finish binding zeropad2d_cl<array<ap_fixed<16, 6, 5, 3, 0>, 4u>, array<ap_fixed<16, 6, 5, 3, 0>, 4u>, config8>.
INFO: [HLS 200-10] ----------------------------------------------------------------
INFO: [HLS 200-42] -- Implementing module 'shift_line_buffer_array_ap_fixed_16_6_5_3_0_4u_config4_s' 
INFO: [HLS 200-10] ----------------------------------------------------------------
Execute         set_default_model shift_line_buffer<array<ap_fixed<16, 6, 5, 3, 0>, 4u>, config4> 
Execute         schedule -model shift_line_buffer<array<ap_fixed<16, 6, 5, 3, 0>, 4u>, config4> 
INFO: [SCHED 204-11] Starting scheduling ...
INFO: [SCHED 204-61] Pipelining function 'shift_line_buffer<array<ap_fixed<16, 6, 5, 3, 0>, 4u>, config4>'.
INFO: [HLS 200-1470] Pipelining result : Target II = NA, Final II = 1, Depth = 1, function 'shift_line_buffer<array<ap_fixed<16, 6, 5, 3, 0>, 4u>, config4>'
INFO: [SCHED 204-11] Finished scheduling.
Command         schedule done; 0.162 sec.
INFO: [HLS 200-111] Finished Scheduling: CPU user time: 0 seconds. CPU system time: 0 seconds. Elapsed time: 0.276 seconds; current allocated memory: 1.162 GB.
Execute         syn_report -verbosereport -o C:/Users/brand/Documents/engs192/zybo-edge-ai/hls/edge_cnn_linear_stream_hls/edge_cnn_linear_stream_prj/solution1/.autopilot/db/shift_line_buffer_array_ap_fixed_16_6_5_3_0_4u_config4_s.verbose.sched.rpt 
Execute           AP::get_flow_target_display_name
Execute             get_solution -flow_target 
Execute         db_write -o C:/Users/brand/Documents/engs192/zybo-edge-ai/hls/edge_cnn_linear_stream_hls/edge_cnn_linear_stream_prj/solution1/.autopilot/db/shift_line_buffer_array_ap_fixed_16_6_5_3_0_4u_config4_s.sched.adb -f 
INFO-FLOW: Finish scheduling shift_line_buffer<array<ap_fixed<16, 6, 5, 3, 0>, 4u>, config4>.
Execute         set_default_model shift_line_buffer<array<ap_fixed<16, 6, 5, 3, 0>, 4u>, config4> 
Execute         bind -model shift_line_buffer<array<ap_fixed<16, 6, 5, 3, 0>, 4u>, config4> 
INFO: [BIND 205-100] Starting micro-architecture generation ...
INFO: [BIND 205-101] Performing variable lifetime analysis.
INFO: [BIND 205-101] Exploring resource sharing.
INFO: [BIND 205-101] Binding ...
INFO: [BIND 205-100] Finished micro-architecture generation.
Command         bind done; 0.151 sec.
INFO: [HLS 200-111] Finished Binding: CPU user time: 0 seconds. CPU system time: 0 seconds. Elapsed time: 0.179 seconds; current allocated memory: 1.162 GB.
Execute         syn_report -verbosereport -o C:/Users/brand/Documents/engs192/zybo-edge-ai/hls/edge_cnn_linear_stream_hls/edge_cnn_linear_stream_prj/solution1/.autopilot/db/shift_line_buffer_array_ap_fixed_16_6_5_3_0_4u_config4_s.verbose.bind.rpt 
Execute           AP::get_flow_target_display_name
Execute             get_solution -flow_target 
Execute         db_write -o C:/Users/brand/Documents/engs192/zybo-edge-ai/hls/edge_cnn_linear_stream_hls/edge_cnn_linear_stream_prj/solution1/.autopilot/db/shift_line_buffer_array_ap_fixed_16_6_5_3_0_4u_config4_s.bind.adb -f 
INFO-FLOW: Finish binding shift_line_buffer<array<ap_fixed<16, 6, 5, 3, 0>, 4u>, config4>.
INFO: [HLS 200-10] ----------------------------------------------------------------
INFO: [HLS 200-42] -- Implementing module 'dense_resource_rf_gt_nin_rem0_ap_fixed_16_6_5_3_0_ap_fixed_39_19_5_3_0_config4_mult_s' 
INFO: [HLS 200-10] ----------------------------------------------------------------
Execute         set_default_model dense_resource_rf_gt_nin_rem0<ap_fixed<16, 6, 5, 3, 0>, ap_fixed<39, 19, 5, 3, 0>, config4_mult> 
Execute         schedule -model dense_resource_rf_gt_nin_rem0<ap_fixed<16, 6, 5, 3, 0>, ap_fixed<39, 19, 5, 3, 0>, config4_mult> 
INFO: [SCHED 204-11] Starting scheduling ...
INFO: [HLS 200-486] Changing DSP latency (root=mul_ln1168) to 3 in order to utilize available DSP registers.
INFO: [SCHED 204-61] Pipelining loop 'ReuseLoop'.
INFO: [HLS 200-1470] Pipelining result : Target II = 1, Final II = 1, Depth = 5, loop 'ReuseLoop'
INFO: [SCHED 204-11] Finished scheduling.
Command         schedule done; 0.169 sec.
INFO: [HLS 200-111] Finished Scheduling: CPU user time: 0 seconds. CPU system time: 1 seconds. Elapsed time: 0.28 seconds; current allocated memory: 1.162 GB.
Execute         syn_report -verbosereport -o C:/Users/brand/Documents/engs192/zybo-edge-ai/hls/edge_cnn_linear_stream_hls/edge_cnn_linear_stream_prj/solution1/.autopilot/db/dense_resource_rf_gt_nin_rem0_ap_fixed_16_6_5_3_0_ap_fixed_39_19_5_3_0_config4_mult_s.verbose.sched.rpt 
Execute           AP::get_flow_target_display_name
Execute             get_solution -flow_target 
Execute         db_write -o C:/Users/brand/Documents/engs192/zybo-edge-ai/hls/edge_cnn_linear_stream_hls/edge_cnn_linear_stream_prj/solution1/.autopilot/db/dense_resource_rf_gt_nin_rem0_ap_fixed_16_6_5_3_0_ap_fixed_39_19_5_3_0_config4_mult_s.sched.adb -f 
INFO-FLOW: Finish scheduling dense_resource_rf_gt_nin_rem0<ap_fixed<16, 6, 5, 3, 0>, ap_fixed<39, 19, 5, 3, 0>, config4_mult>.
Execute         set_default_model dense_resource_rf_gt_nin_rem0<ap_fixed<16, 6, 5, 3, 0>, ap_fixed<39, 19, 5, 3, 0>, config4_mult> 
Execute         bind -model dense_resource_rf_gt_nin_rem0<ap_fixed<16, 6, 5, 3, 0>, ap_fixed<39, 19, 5, 3, 0>, config4_mult> 
INFO: [BIND 205-100] Starting micro-architecture generation ...
INFO: [BIND 205-101] Performing variable lifetime analysis.
INFO: [BIND 205-101] Exploring resource sharing.
INFO: [BIND 205-101] Binding ...
INFO: [BIND 205-100] Finished micro-architecture generation.
Command         bind done; 0.125 sec.
INFO: [HLS 200-111] Finished Binding: CPU user time: 0 seconds. CPU system time: 0 seconds. Elapsed time: 0.176 seconds; current allocated memory: 1.162 GB.
Execute         syn_report -verbosereport -o C:/Users/brand/Documents/engs192/zybo-edge-ai/hls/edge_cnn_linear_stream_hls/edge_cnn_linear_stream_prj/solution1/.autopilot/db/dense_resource_rf_gt_nin_rem0_ap_fixed_16_6_5_3_0_ap_fixed_39_19_5_3_0_config4_mult_s.verbose.bind.rpt 
Execute           AP::get_flow_target_display_name
Execute             get_solution -flow_target 
Execute         db_write -o C:/Users/brand/Documents/engs192/zybo-edge-ai/hls/edge_cnn_linear_stream_hls/edge_cnn_linear_stream_prj/solution1/.autopilot/db/dense_resource_rf_gt_nin_rem0_ap_fixed_16_6_5_3_0_ap_fixed_39_19_5_3_0_config4_mult_s.bind.adb -f 
INFO-FLOW: Finish binding dense_resource_rf_gt_nin_rem0<ap_fixed<16, 6, 5, 3, 0>, ap_fixed<39, 19, 5, 3, 0>, config4_mult>.
INFO: [HLS 200-10] ----------------------------------------------------------------
INFO: [HLS 200-42] -- Implementing module 'compute_output_buffer_2d_array_ap_fixed_16_6_5_3_0_4u_array_ap_fixed_39_19_5_3_0_4u_config4_s' 
INFO: [HLS 200-10] ----------------------------------------------------------------
Execute         set_default_model compute_output_buffer_2d<array<ap_fixed<16, 6, 5, 3, 0>, 4u>, array<ap_fixed<39, 19, 5, 3, 0>, 4u>, config4> 
Execute         schedule -model compute_output_buffer_2d<array<ap_fixed<16, 6, 5, 3, 0>, 4u>, array<ap_fixed<39, 19, 5, 3, 0>, 4u>, config4> 
INFO: [SCHED 204-11] Starting scheduling ...
WARNING: [HLS 200-871] Estimated clock period (7.591ns) exceeds the target (target clock period: 10ns, clock uncertainty: 2.7ns, effective delay budget: 7.3ns).
WARNING: [HLS 200-1016] The critical path in module 'compute_output_buffer_2d_array_ap_fixed_16_6_5_3_0_4u_array_ap_fixed_39_19_5_3_0_4u_config4_s' consists of the following:	'add' operation ('add_ln303', firmware/nnet_utils/nnet_conv_stream.h:303) [87]  (2.55 ns)
	'icmp' operation ('icmp_ln303', firmware/nnet_utils/nnet_conv_stream.h:303) [88]  (2.47 ns)
	blocking operation 2.57 ns on control path)

INFO: [SCHED 204-11] Finished scheduling.
Command         schedule done; 0.119 sec.
INFO: [HLS 200-111] Finished Scheduling: CPU user time: 0 seconds. CPU system time: 0 seconds. Elapsed time: 0.273 seconds; current allocated memory: 1.162 GB.
Execute         syn_report -verbosereport -o C:/Users/brand/Documents/engs192/zybo-edge-ai/hls/edge_cnn_linear_stream_hls/edge_cnn_linear_stream_prj/solution1/.autopilot/db/compute_output_buffer_2d_array_ap_fixed_16_6_5_3_0_4u_array_ap_fixed_39_19_5_3_0_4u_config4_s.verbose.sched.rpt 
Execute           AP::get_flow_target_display_name
Execute             get_solution -flow_target 
Execute         db_write -o C:/Users/brand/Documents/engs192/zybo-edge-ai/hls/edge_cnn_linear_stream_hls/edge_cnn_linear_stream_prj/solution1/.autopilot/db/compute_output_buffer_2d_array_ap_fixed_16_6_5_3_0_4u_array_ap_fixed_39_19_5_3_0_4u_config4_s.sched.adb -f 
INFO-FLOW: Finish scheduling compute_output_buffer_2d<array<ap_fixed<16, 6, 5, 3, 0>, 4u>, array<ap_fixed<39, 19, 5, 3, 0>, 4u>, config4>.
Execute         set_default_model compute_output_buffer_2d<array<ap_fixed<16, 6, 5, 3, 0>, 4u>, array<ap_fixed<39, 19, 5, 3, 0>, 4u>, config4> 
Execute         bind -model compute_output_buffer_2d<array<ap_fixed<16, 6, 5, 3, 0>, 4u>, array<ap_fixed<39, 19, 5, 3, 0>, 4u>, config4> 
INFO: [BIND 205-100] Starting micro-architecture generation ...
INFO: [BIND 205-101] Performing variable lifetime analysis.
INFO: [BIND 205-101] Exploring resource sharing.
INFO: [BIND 205-101] Binding ...
INFO: [BIND 205-100] Finished micro-architecture generation.
Command         bind done; 0.127 sec.
INFO: [HLS 200-111] Finished Binding: CPU user time: 0 seconds. CPU system time: 0 seconds. Elapsed time: 0.156 seconds; current allocated memory: 1.162 GB.
Execute         syn_report -verbosereport -o C:/Users/brand/Documents/engs192/zybo-edge-ai/hls/edge_cnn_linear_stream_hls/edge_cnn_linear_stream_prj/solution1/.autopilot/db/compute_output_buffer_2d_array_ap_fixed_16_6_5_3_0_4u_array_ap_fixed_39_19_5_3_0_4u_config4_s.verbose.bind.rpt 
Execute           AP::get_flow_target_display_name
Execute             get_solution -flow_target 
Execute         db_write -o C:/Users/brand/Documents/engs192/zybo-edge-ai/hls/edge_cnn_linear_stream_hls/edge_cnn_linear_stream_prj/solution1/.autopilot/db/compute_output_buffer_2d_array_ap_fixed_16_6_5_3_0_4u_array_ap_fixed_39_19_5_3_0_4u_config4_s.bind.adb -f 
INFO-FLOW: Finish binding compute_output_buffer_2d<array<ap_fixed<16, 6, 5, 3, 0>, 4u>, array<ap_fixed<39, 19, 5, 3, 0>, 4u>, config4>.
INFO: [HLS 200-10] ----------------------------------------------------------------
INFO: [HLS 200-42] -- Implementing module 'conv_2d_cl_array_ap_fixed_16_6_5_3_0_4u_array_ap_fixed_39_19_5_3_0_4u_config4_s' 
INFO: [HLS 200-10] ----------------------------------------------------------------
Execute         set_default_model conv_2d_cl<array<ap_fixed<16, 6, 5, 3, 0>, 4u>, array<ap_fixed<39, 19, 5, 3, 0>, 4u>, config4> 
Execute         schedule -model conv_2d_cl<array<ap_fixed<16, 6, 5, 3, 0>, 4u>, array<ap_fixed<39, 19, 5, 3, 0>, 4u>, config4> 
INFO: [SCHED 204-11] Starting scheduling ...
INFO: [SCHED 204-11] Finished scheduling.
INFO: [HLS 200-111] Finished Scheduling: CPU user time: 1 seconds. CPU system time: 0 seconds. Elapsed time: 0.199 seconds; current allocated memory: 1.162 GB.
Execute         syn_report -verbosereport -o C:/Users/brand/Documents/engs192/zybo-edge-ai/hls/edge_cnn_linear_stream_hls/edge_cnn_linear_stream_prj/solution1/.autopilot/db/conv_2d_cl_array_ap_fixed_16_6_5_3_0_4u_array_ap_fixed_39_19_5_3_0_4u_config4_s.verbose.sched.rpt 
Execute           AP::get_flow_target_display_name
Execute             get_solution -flow_target 
Execute         db_write -o C:/Users/brand/Documents/engs192/zybo-edge-ai/hls/edge_cnn_linear_stream_hls/edge_cnn_linear_stream_prj/solution1/.autopilot/db/conv_2d_cl_array_ap_fixed_16_6_5_3_0_4u_array_ap_fixed_39_19_5_3_0_4u_config4_s.sched.adb -f 
INFO-FLOW: Finish scheduling conv_2d_cl<array<ap_fixed<16, 6, 5, 3, 0>, 4u>, array<ap_fixed<39, 19, 5, 3, 0>, 4u>, config4>.
Execute         set_default_model conv_2d_cl<array<ap_fixed<16, 6, 5, 3, 0>, 4u>, array<ap_fixed<39, 19, 5, 3, 0>, 4u>, config4> 
Execute         bind -model conv_2d_cl<array<ap_fixed<16, 6, 5, 3, 0>, 4u>, array<ap_fixed<39, 19, 5, 3, 0>, 4u>, config4> 
INFO: [BIND 205-100] Starting micro-architecture generation ...
INFO: [BIND 205-101] Performing variable lifetime analysis.
INFO: [BIND 205-101] Exploring resource sharing.
INFO: [BIND 205-101] Binding ...
INFO: [BIND 205-100] Finished micro-architecture generation.
Command         bind done; 0.123 sec.
INFO: [HLS 200-111] Finished Binding: CPU user time: 0 seconds. CPU system time: 0 seconds. Elapsed time: 0.141 seconds; current allocated memory: 1.162 GB.
Execute         syn_report -verbosereport -o C:/Users/brand/Documents/engs192/zybo-edge-ai/hls/edge_cnn_linear_stream_hls/edge_cnn_linear_stream_prj/solution1/.autopilot/db/conv_2d_cl_array_ap_fixed_16_6_5_3_0_4u_array_ap_fixed_39_19_5_3_0_4u_config4_s.verbose.bind.rpt 
Execute           AP::get_flow_target_display_name
Execute             get_solution -flow_target 
Execute         db_write -o C:/Users/brand/Documents/engs192/zybo-edge-ai/hls/edge_cnn_linear_stream_hls/edge_cnn_linear_stream_prj/solution1/.autopilot/db/conv_2d_cl_array_ap_fixed_16_6_5_3_0_4u_array_ap_fixed_39_19_5_3_0_4u_config4_s.bind.adb -f 
INFO-FLOW: Finish binding conv_2d_cl<array<ap_fixed<16, 6, 5, 3, 0>, 4u>, array<ap_fixed<39, 19, 5, 3, 0>, 4u>, config4>.
INFO: [HLS 200-10] ----------------------------------------------------------------
INFO: [HLS 200-42] -- Implementing module 'relu_array_ap_fixed_39_19_5_3_0_4u_array_ap_fixed_16_6_5_3_0_4u_relu_config5_s' 
INFO: [HLS 200-10] ----------------------------------------------------------------
Execute         set_default_model relu<array<ap_fixed<39, 19, 5, 3, 0>, 4u>, array<ap_fixed<16, 6, 5, 3, 0>, 4u>, relu_config5> 
Execute         schedule -model relu<array<ap_fixed<39, 19, 5, 3, 0>, 4u>, array<ap_fixed<16, 6, 5, 3, 0>, 4u>, relu_config5> 
INFO: [SCHED 204-11] Starting scheduling ...
INFO: [SCHED 204-61] Pipelining loop 'ReLUActLoop'.
INFO: [HLS 200-1470] Pipelining result : Target II = NA, Final II = 1, Depth = 3, loop 'ReLUActLoop'
INFO: [SCHED 204-11] Finished scheduling.
Command         schedule done; 0.124 sec.
INFO: [HLS 200-111] Finished Scheduling: CPU user time: 0 seconds. CPU system time: 0 seconds. Elapsed time: 0.278 seconds; current allocated memory: 1.162 GB.
Execute         syn_report -verbosereport -o C:/Users/brand/Documents/engs192/zybo-edge-ai/hls/edge_cnn_linear_stream_hls/edge_cnn_linear_stream_prj/solution1/.autopilot/db/relu_array_ap_fixed_39_19_5_3_0_4u_array_ap_fixed_16_6_5_3_0_4u_relu_config5_s.verbose.sched.rpt 
Execute           AP::get_flow_target_display_name
Execute             get_solution -flow_target 
Execute         db_write -o C:/Users/brand/Documents/engs192/zybo-edge-ai/hls/edge_cnn_linear_stream_hls/edge_cnn_linear_stream_prj/solution1/.autopilot/db/relu_array_ap_fixed_39_19_5_3_0_4u_array_ap_fixed_16_6_5_3_0_4u_relu_config5_s.sched.adb -f 
INFO-FLOW: Finish scheduling relu<array<ap_fixed<39, 19, 5, 3, 0>, 4u>, array<ap_fixed<16, 6, 5, 3, 0>, 4u>, relu_config5>.
Execute         set_default_model relu<array<ap_fixed<39, 19, 5, 3, 0>, 4u>, array<ap_fixed<16, 6, 5, 3, 0>, 4u>, relu_config5> 
Execute         bind -model relu<array<ap_fixed<39, 19, 5, 3, 0>, 4u>, array<ap_fixed<16, 6, 5, 3, 0>, 4u>, relu_config5> 
INFO: [BIND 205-100] Starting micro-architecture generation ...
INFO: [BIND 205-101] Performing variable lifetime analysis.
INFO: [BIND 205-101] Exploring resource sharing.
INFO: [BIND 205-101] Binding ...
INFO: [BIND 205-100] Finished micro-architecture generation.
Command         bind done; 0.115 sec.
INFO: [HLS 200-111] Finished Binding: CPU user time: 0 seconds. CPU system time: 0 seconds. Elapsed time: 0.135 seconds; current allocated memory: 1.162 GB.
Execute         syn_report -verbosereport -o C:/Users/brand/Documents/engs192/zybo-edge-ai/hls/edge_cnn_linear_stream_hls/edge_cnn_linear_stream_prj/solution1/.autopilot/db/relu_array_ap_fixed_39_19_5_3_0_4u_array_ap_fixed_16_6_5_3_0_4u_relu_config5_s.verbose.bind.rpt 
Execute           AP::get_flow_target_display_name
Execute             get_solution -flow_target 
Execute         db_write -o C:/Users/brand/Documents/engs192/zybo-edge-ai/hls/edge_cnn_linear_stream_hls/edge_cnn_linear_stream_prj/solution1/.autopilot/db/relu_array_ap_fixed_39_19_5_3_0_4u_array_ap_fixed_16_6_5_3_0_4u_relu_config5_s.bind.adb -f 
INFO-FLOW: Finish binding relu<array<ap_fixed<39, 19, 5, 3, 0>, 4u>, array<ap_fixed<16, 6, 5, 3, 0>, 4u>, relu_config5>.
INFO: [HLS 200-10] ----------------------------------------------------------------
INFO: [HLS 200-42] -- Implementing module 'zeropad2d_cl_array_ap_fixed_16_6_5_3_0_4u_array_ap_fixed_16_6_5_3_0_4u_config9_Pipeline_PadTopWidth' 
INFO: [HLS 200-10] ----------------------------------------------------------------
Execute         set_default_model zeropad2d_cl<array<ap_fixed<16, 6, 5, 3, 0>, 4u>, array<ap_fixed<16, 6, 5, 3, 0>, 4u>, config9>_Pipeline_PadTopWidth 
Execute         schedule -model zeropad2d_cl<array<ap_fixed<16, 6, 5, 3, 0>, 4u>, array<ap_fixed<16, 6, 5, 3, 0>, 4u>, config9>_Pipeline_PadTopWidth 
INFO: [SCHED 204-11] Starting scheduling ...
INFO: [SCHED 204-61] Pipelining loop 'PadTopWidth'.
INFO: [HLS 200-1470] Pipelining result : Target II = NA, Final II = 1, Depth = 2, loop 'PadTopWidth'
INFO: [SCHED 204-11] Finished scheduling.
Command         schedule done; 0.124 sec.
INFO: [HLS 200-111] Finished Scheduling: CPU user time: 0 seconds. CPU system time: 0 seconds. Elapsed time: 0.229 seconds; current allocated memory: 1.162 GB.
Execute         syn_report -verbosereport -o C:/Users/brand/Documents/engs192/zybo-edge-ai/hls/edge_cnn_linear_stream_hls/edge_cnn_linear_stream_prj/solution1/.autopilot/db/zeropad2d_cl_array_ap_fixed_16_6_5_3_0_4u_array_ap_fixed_16_6_5_3_0_4u_config9_Pipeline_PadTopWidth.verbose.sched.rpt 
Execute           AP::get_flow_target_display_name
Execute             get_solution -flow_target 
Execute         db_write -o C:/Users/brand/Documents/engs192/zybo-edge-ai/hls/edge_cnn_linear_stream_hls/edge_cnn_linear_stream_prj/solution1/.autopilot/db/zeropad2d_cl_array_ap_fixed_16_6_5_3_0_4u_array_ap_fixed_16_6_5_3_0_4u_config9_Pipeline_PadTopWidth.sched.adb -f 
INFO-FLOW: Finish scheduling zeropad2d_cl<array<ap_fixed<16, 6, 5, 3, 0>, 4u>, array<ap_fixed<16, 6, 5, 3, 0>, 4u>, config9>_Pipeline_PadTopWidth.
Execute         set_default_model zeropad2d_cl<array<ap_fixed<16, 6, 5, 3, 0>, 4u>, array<ap_fixed<16, 6, 5, 3, 0>, 4u>, config9>_Pipeline_PadTopWidth 
Execute         bind -model zeropad2d_cl<array<ap_fixed<16, 6, 5, 3, 0>, 4u>, array<ap_fixed<16, 6, 5, 3, 0>, 4u>, config9>_Pipeline_PadTopWidth 
INFO: [BIND 205-100] Starting micro-architecture generation ...
INFO: [BIND 205-101] Performing variable lifetime analysis.
INFO: [BIND 205-101] Exploring resource sharing.
INFO: [BIND 205-101] Binding ...
INFO: [BIND 205-100] Finished micro-architecture generation.
Command         bind done; 0.138 sec.
INFO: [HLS 200-111] Finished Binding: CPU user time: 0 seconds. CPU system time: 0 seconds. Elapsed time: 0.153 seconds; current allocated memory: 1.162 GB.
Execute         syn_report -verbosereport -o C:/Users/brand/Documents/engs192/zybo-edge-ai/hls/edge_cnn_linear_stream_hls/edge_cnn_linear_stream_prj/solution1/.autopilot/db/zeropad2d_cl_array_ap_fixed_16_6_5_3_0_4u_array_ap_fixed_16_6_5_3_0_4u_config9_Pipeline_PadTopWidth.verbose.bind.rpt 
Execute           AP::get_flow_target_display_name
Execute             get_solution -flow_target 
Execute         db_write -o C:/Users/brand/Documents/engs192/zybo-edge-ai/hls/edge_cnn_linear_stream_hls/edge_cnn_linear_stream_prj/solution1/.autopilot/db/zeropad2d_cl_array_ap_fixed_16_6_5_3_0_4u_array_ap_fixed_16_6_5_3_0_4u_config9_Pipeline_PadTopWidth.bind.adb -f 
INFO-FLOW: Finish binding zeropad2d_cl<array<ap_fixed<16, 6, 5, 3, 0>, 4u>, array<ap_fixed<16, 6, 5, 3, 0>, 4u>, config9>_Pipeline_PadTopWidth.
INFO: [HLS 200-10] ----------------------------------------------------------------
INFO: [HLS 200-42] -- Implementing module 'zeropad2d_cl_array_ap_fixed_16_6_5_3_0_4u_array_ap_fixed_16_6_5_3_0_4u_config9_Pipeline_CopyMain' 
INFO: [HLS 200-10] ----------------------------------------------------------------
Execute         set_default_model zeropad2d_cl<array<ap_fixed<16, 6, 5, 3, 0>, 4u>, array<ap_fixed<16, 6, 5, 3, 0>, 4u>, config9>_Pipeline_CopyMain 
Execute         schedule -model zeropad2d_cl<array<ap_fixed<16, 6, 5, 3, 0>, 4u>, array<ap_fixed<16, 6, 5, 3, 0>, 4u>, config9>_Pipeline_CopyMain 
INFO: [SCHED 204-11] Starting scheduling ...
INFO: [SCHED 204-61] Pipelining loop 'CopyMain'.
WARNING: [HLS 200-880] The II Violation in module 'zeropad2d_cl_array_ap_fixed_16_6_5_3_0_4u_array_ap_fixed_16_6_5_3_0_4u_config9_Pipeline_CopyMain' (loop 'CopyMain'): Unable to enforce a carried dependence constraint (II = 1, distance = 1, offset = 1) between fifo write operation ('layer9_out_write_ln173', C:/Xilinx/Vitis_HLS/2021.2/common/technology/autopilot/hls_stream_39.h:173) on port 'layer9_out' (C:/Xilinx/Vitis_HLS/2021.2/common/technology/autopilot/hls_stream_39.h:173) and fifo write operation ('layer9_out_write_ln173', C:/Xilinx/Vitis_HLS/2021.2/common/technology/autopilot/hls_stream_39.h:173) on port 'layer9_out' (C:/Xilinx/Vitis_HLS/2021.2/common/technology/autopilot/hls_stream_39.h:173).
INFO: [HLS 200-1470] Pipelining result : Target II = NA, Final II = 2, Depth = 3, loop 'CopyMain'
INFO: [SCHED 204-11] Finished scheduling.
Command         schedule done; 0.173 sec.
INFO: [HLS 200-111] Finished Scheduling: CPU user time: 0 seconds. CPU system time: 0 seconds. Elapsed time: 0.281 seconds; current allocated memory: 1.162 GB.
Execute         syn_report -verbosereport -o C:/Users/brand/Documents/engs192/zybo-edge-ai/hls/edge_cnn_linear_stream_hls/edge_cnn_linear_stream_prj/solution1/.autopilot/db/zeropad2d_cl_array_ap_fixed_16_6_5_3_0_4u_array_ap_fixed_16_6_5_3_0_4u_config9_Pipeline_CopyMain.verbose.sched.rpt 
Execute           AP::get_flow_target_display_name
Execute             get_solution -flow_target 
Execute         db_write -o C:/Users/brand/Documents/engs192/zybo-edge-ai/hls/edge_cnn_linear_stream_hls/edge_cnn_linear_stream_prj/solution1/.autopilot/db/zeropad2d_cl_array_ap_fixed_16_6_5_3_0_4u_array_ap_fixed_16_6_5_3_0_4u_config9_Pipeline_CopyMain.sched.adb -f 
INFO-FLOW: Finish scheduling zeropad2d_cl<array<ap_fixed<16, 6, 5, 3, 0>, 4u>, array<ap_fixed<16, 6, 5, 3, 0>, 4u>, config9>_Pipeline_CopyMain.
Execute         set_default_model zeropad2d_cl<array<ap_fixed<16, 6, 5, 3, 0>, 4u>, array<ap_fixed<16, 6, 5, 3, 0>, 4u>, config9>_Pipeline_CopyMain 
Execute         bind -model zeropad2d_cl<array<ap_fixed<16, 6, 5, 3, 0>, 4u>, array<ap_fixed<16, 6, 5, 3, 0>, 4u>, config9>_Pipeline_CopyMain 
INFO: [BIND 205-100] Starting micro-architecture generation ...
INFO: [BIND 205-101] Performing variable lifetime analysis.
INFO: [BIND 205-101] Exploring resource sharing.
INFO: [BIND 205-101] Binding ...
INFO: [BIND 205-100] Finished micro-architecture generation.
Command         bind done; 0.187 sec.
INFO: [HLS 200-111] Finished Binding: CPU user time: 0 seconds. CPU system time: 0 seconds. Elapsed time: 0.207 seconds; current allocated memory: 1.162 GB.
Execute         syn_report -verbosereport -o C:/Users/brand/Documents/engs192/zybo-edge-ai/hls/edge_cnn_linear_stream_hls/edge_cnn_linear_stream_prj/solution1/.autopilot/db/zeropad2d_cl_array_ap_fixed_16_6_5_3_0_4u_array_ap_fixed_16_6_5_3_0_4u_config9_Pipeline_CopyMain.verbose.bind.rpt 
Execute           AP::get_flow_target_display_name
Execute             get_solution -flow_target 
Execute         db_write -o C:/Users/brand/Documents/engs192/zybo-edge-ai/hls/edge_cnn_linear_stream_hls/edge_cnn_linear_stream_prj/solution1/.autopilot/db/zeropad2d_cl_array_ap_fixed_16_6_5_3_0_4u_array_ap_fixed_16_6_5_3_0_4u_config9_Pipeline_CopyMain.bind.adb -f 
INFO-FLOW: Finish binding zeropad2d_cl<array<ap_fixed<16, 6, 5, 3, 0>, 4u>, array<ap_fixed<16, 6, 5, 3, 0>, 4u>, config9>_Pipeline_CopyMain.
INFO: [HLS 200-10] ----------------------------------------------------------------
INFO: [HLS 200-42] -- Implementing module 'zeropad2d_cl_array_ap_fixed_16_6_5_3_0_4u_array_ap_fixed_16_6_5_3_0_4u_config9_Pipeline_PadBottomWidth' 
INFO: [HLS 200-10] ----------------------------------------------------------------
Execute         set_default_model zeropad2d_cl<array<ap_fixed<16, 6, 5, 3, 0>, 4u>, array<ap_fixed<16, 6, 5, 3, 0>, 4u>, config9>_Pipeline_PadBottomWidth 
Execute         schedule -model zeropad2d_cl<array<ap_fixed<16, 6, 5, 3, 0>, 4u>, array<ap_fixed<16, 6, 5, 3, 0>, 4u>, config9>_Pipeline_PadBottomWidth 
INFO: [SCHED 204-11] Starting scheduling ...
INFO: [SCHED 204-61] Pipelining loop 'PadBottomWidth'.
INFO: [HLS 200-1470] Pipelining result : Target II = NA, Final II = 1, Depth = 2, loop 'PadBottomWidth'
INFO: [SCHED 204-11] Finished scheduling.
Command         schedule done; 0.149 sec.
INFO: [HLS 200-111] Finished Scheduling: CPU user time: 1 seconds. CPU system time: 0 seconds. Elapsed time: 0.254 seconds; current allocated memory: 1.162 GB.
Execute         syn_report -verbosereport -o C:/Users/brand/Documents/engs192/zybo-edge-ai/hls/edge_cnn_linear_stream_hls/edge_cnn_linear_stream_prj/solution1/.autopilot/db/zeropad2d_cl_array_ap_fixed_16_6_5_3_0_4u_array_ap_fixed_16_6_5_3_0_4u_config9_Pipeline_PadBottomWidth.verbose.sched.rpt 
Execute           AP::get_flow_target_display_name
Execute             get_solution -flow_target 
Execute         db_write -o C:/Users/brand/Documents/engs192/zybo-edge-ai/hls/edge_cnn_linear_stream_hls/edge_cnn_linear_stream_prj/solution1/.autopilot/db/zeropad2d_cl_array_ap_fixed_16_6_5_3_0_4u_array_ap_fixed_16_6_5_3_0_4u_config9_Pipeline_PadBottomWidth.sched.adb -f 
INFO-FLOW: Finish scheduling zeropad2d_cl<array<ap_fixed<16, 6, 5, 3, 0>, 4u>, array<ap_fixed<16, 6, 5, 3, 0>, 4u>, config9>_Pipeline_PadBottomWidth.
Execute         set_default_model zeropad2d_cl<array<ap_fixed<16, 6, 5, 3, 0>, 4u>, array<ap_fixed<16, 6, 5, 3, 0>, 4u>, config9>_Pipeline_PadBottomWidth 
Execute         bind -model zeropad2d_cl<array<ap_fixed<16, 6, 5, 3, 0>, 4u>, array<ap_fixed<16, 6, 5, 3, 0>, 4u>, config9>_Pipeline_PadBottomWidth 
INFO: [BIND 205-100] Starting micro-architecture generation ...
INFO: [BIND 205-101] Performing variable lifetime analysis.
INFO: [BIND 205-101] Exploring resource sharing.
INFO: [BIND 205-101] Binding ...
INFO: [BIND 205-100] Finished micro-architecture generation.
Command         bind done; 0.171 sec.
INFO: [HLS 200-111] Finished Binding: CPU user time: 0 seconds. CPU system time: 0 seconds. Elapsed time: 0.189 seconds; current allocated memory: 1.162 GB.
Execute         syn_report -verbosereport -o C:/Users/brand/Documents/engs192/zybo-edge-ai/hls/edge_cnn_linear_stream_hls/edge_cnn_linear_stream_prj/solution1/.autopilot/db/zeropad2d_cl_array_ap_fixed_16_6_5_3_0_4u_array_ap_fixed_16_6_5_3_0_4u_config9_Pipeline_PadBottomWidth.verbose.bind.rpt 
Execute           AP::get_flow_target_display_name
Execute             get_solution -flow_target 
Execute         db_write -o C:/Users/brand/Documents/engs192/zybo-edge-ai/hls/edge_cnn_linear_stream_hls/edge_cnn_linear_stream_prj/solution1/.autopilot/db/zeropad2d_cl_array_ap_fixed_16_6_5_3_0_4u_array_ap_fixed_16_6_5_3_0_4u_config9_Pipeline_PadBottomWidth.bind.adb -f 
INFO-FLOW: Finish binding zeropad2d_cl<array<ap_fixed<16, 6, 5, 3, 0>, 4u>, array<ap_fixed<16, 6, 5, 3, 0>, 4u>, config9>_Pipeline_PadBottomWidth.
INFO: [HLS 200-10] ----------------------------------------------------------------
INFO: [HLS 200-42] -- Implementing module 'zeropad2d_cl_array_ap_fixed_16_6_5_3_0_4u_array_ap_fixed_16_6_5_3_0_4u_config9_s' 
INFO: [HLS 200-10] ----------------------------------------------------------------
Execute         set_default_model zeropad2d_cl<array<ap_fixed<16, 6, 5, 3, 0>, 4u>, array<ap_fixed<16, 6, 5, 3, 0>, 4u>, config9> 
Execute         schedule -model zeropad2d_cl<array<ap_fixed<16, 6, 5, 3, 0>, 4u>, array<ap_fixed<16, 6, 5, 3, 0>, 4u>, config9> 
INFO: [SCHED 204-11] Starting scheduling ...
INFO: [SCHED 204-11] Finished scheduling.
INFO: [HLS 200-111] Finished Scheduling: CPU user time: 0 seconds. CPU system time: 0 seconds. Elapsed time: 0.173 seconds; current allocated memory: 1.162 GB.
Execute         syn_report -verbosereport -o C:/Users/brand/Documents/engs192/zybo-edge-ai/hls/edge_cnn_linear_stream_hls/edge_cnn_linear_stream_prj/solution1/.autopilot/db/zeropad2d_cl_array_ap_fixed_16_6_5_3_0_4u_array_ap_fixed_16_6_5_3_0_4u_config9_s.verbose.sched.rpt 
Execute           AP::get_flow_target_display_name
Execute             get_solution -flow_target 
Execute         db_write -o C:/Users/brand/Documents/engs192/zybo-edge-ai/hls/edge_cnn_linear_stream_hls/edge_cnn_linear_stream_prj/solution1/.autopilot/db/zeropad2d_cl_array_ap_fixed_16_6_5_3_0_4u_array_ap_fixed_16_6_5_3_0_4u_config9_s.sched.adb -f 
INFO-FLOW: Finish scheduling zeropad2d_cl<array<ap_fixed<16, 6, 5, 3, 0>, 4u>, array<ap_fixed<16, 6, 5, 3, 0>, 4u>, config9>.
Execute         set_default_model zeropad2d_cl<array<ap_fixed<16, 6, 5, 3, 0>, 4u>, array<ap_fixed<16, 6, 5, 3, 0>, 4u>, config9> 
Execute         bind -model zeropad2d_cl<array<ap_fixed<16, 6, 5, 3, 0>, 4u>, array<ap_fixed<16, 6, 5, 3, 0>, 4u>, config9> 
INFO: [BIND 205-100] Starting micro-architecture generation ...
INFO: [BIND 205-101] Performing variable lifetime analysis.
INFO: [BIND 205-101] Exploring resource sharing.
INFO: [BIND 205-101] Binding ...
INFO: [BIND 205-100] Finished micro-architecture generation.
Command         bind done; 0.138 sec.
INFO: [HLS 200-111] Finished Binding: CPU user time: 0 seconds. CPU system time: 0 seconds. Elapsed time: 0.164 seconds; current allocated memory: 1.162 GB.
Execute         syn_report -verbosereport -o C:/Users/brand/Documents/engs192/zybo-edge-ai/hls/edge_cnn_linear_stream_hls/edge_cnn_linear_stream_prj/solution1/.autopilot/db/zeropad2d_cl_array_ap_fixed_16_6_5_3_0_4u_array_ap_fixed_16_6_5_3_0_4u_config9_s.verbose.bind.rpt 
Execute           AP::get_flow_target_display_name
Execute             get_solution -flow_target 
Execute         db_write -o C:/Users/brand/Documents/engs192/zybo-edge-ai/hls/edge_cnn_linear_stream_hls/edge_cnn_linear_stream_prj/solution1/.autopilot/db/zeropad2d_cl_array_ap_fixed_16_6_5_3_0_4u_array_ap_fixed_16_6_5_3_0_4u_config9_s.bind.adb -f 
INFO-FLOW: Finish binding zeropad2d_cl<array<ap_fixed<16, 6, 5, 3, 0>, 4u>, array<ap_fixed<16, 6, 5, 3, 0>, 4u>, config9>.
INFO: [HLS 200-10] ----------------------------------------------------------------
INFO: [HLS 200-42] -- Implementing module 'shift_line_buffer_array_ap_fixed_16_6_5_3_0_4u_config6_s' 
INFO: [HLS 200-10] ----------------------------------------------------------------
Execute         set_default_model shift_line_buffer<array<ap_fixed<16, 6, 5, 3, 0>, 4u>, config6> 
Execute         schedule -model shift_line_buffer<array<ap_fixed<16, 6, 5, 3, 0>, 4u>, config6> 
INFO: [SCHED 204-11] Starting scheduling ...
INFO: [SCHED 204-61] Pipelining function 'shift_line_buffer<array<ap_fixed<16, 6, 5, 3, 0>, 4u>, config6>'.
INFO: [HLS 200-1470] Pipelining result : Target II = NA, Final II = 1, Depth = 1, function 'shift_line_buffer<array<ap_fixed<16, 6, 5, 3, 0>, 4u>, config6>'
INFO: [SCHED 204-11] Finished scheduling.
Command         schedule done; 0.129 sec.
INFO: [HLS 200-111] Finished Scheduling: CPU user time: 0 seconds. CPU system time: 0 seconds. Elapsed time: 0.227 seconds; current allocated memory: 1.162 GB.
Execute         syn_report -verbosereport -o C:/Users/brand/Documents/engs192/zybo-edge-ai/hls/edge_cnn_linear_stream_hls/edge_cnn_linear_stream_prj/solution1/.autopilot/db/shift_line_buffer_array_ap_fixed_16_6_5_3_0_4u_config6_s.verbose.sched.rpt 
Execute           AP::get_flow_target_display_name
Execute             get_solution -flow_target 
Execute         db_write -o C:/Users/brand/Documents/engs192/zybo-edge-ai/hls/edge_cnn_linear_stream_hls/edge_cnn_linear_stream_prj/solution1/.autopilot/db/shift_line_buffer_array_ap_fixed_16_6_5_3_0_4u_config6_s.sched.adb -f 
INFO-FLOW: Finish scheduling shift_line_buffer<array<ap_fixed<16, 6, 5, 3, 0>, 4u>, config6>.
Execute         set_default_model shift_line_buffer<array<ap_fixed<16, 6, 5, 3, 0>, 4u>, config6> 
Execute         bind -model shift_line_buffer<array<ap_fixed<16, 6, 5, 3, 0>, 4u>, config6> 
INFO: [BIND 205-100] Starting micro-architecture generation ...
INFO: [BIND 205-101] Performing variable lifetime analysis.
INFO: [BIND 205-101] Exploring resource sharing.
INFO: [BIND 205-101] Binding ...
INFO: [BIND 205-100] Finished micro-architecture generation.
Command         bind done; 0.128 sec.
INFO: [HLS 200-111] Finished Binding: CPU user time: 0 seconds. CPU system time: 0 seconds. Elapsed time: 0.156 seconds; current allocated memory: 1.162 GB.
Execute         syn_report -verbosereport -o C:/Users/brand/Documents/engs192/zybo-edge-ai/hls/edge_cnn_linear_stream_hls/edge_cnn_linear_stream_prj/solution1/.autopilot/db/shift_line_buffer_array_ap_fixed_16_6_5_3_0_4u_config6_s.verbose.bind.rpt 
Execute           AP::get_flow_target_display_name
Execute             get_solution -flow_target 
Execute         db_write -o C:/Users/brand/Documents/engs192/zybo-edge-ai/hls/edge_cnn_linear_stream_hls/edge_cnn_linear_stream_prj/solution1/.autopilot/db/shift_line_buffer_array_ap_fixed_16_6_5_3_0_4u_config6_s.bind.adb -f 
INFO-FLOW: Finish binding shift_line_buffer<array<ap_fixed<16, 6, 5, 3, 0>, 4u>, config6>.
INFO: [HLS 200-10] ----------------------------------------------------------------
INFO: [HLS 200-42] -- Implementing module 'dense_resource_rf_leq_nin_ap_fixed_16_6_5_3_0_ap_fixed_39_19_5_3_0_config6_mult_s' 
INFO: [HLS 200-10] ----------------------------------------------------------------
Execute         set_default_model dense_resource_rf_leq_nin<ap_fixed<16, 6, 5, 3, 0>, ap_fixed<39, 19, 5, 3, 0>, config6_mult> 
Execute         schedule -model dense_resource_rf_leq_nin<ap_fixed<16, 6, 5, 3, 0>, ap_fixed<39, 19, 5, 3, 0>, config6_mult> 
INFO: [SCHED 204-11] Starting scheduling ...
INFO: [HLS 200-486] Changing DSP latency (root=mul_ln1168) to 3 in order to utilize available DSP registers.
INFO: [SCHED 204-61] Pipelining loop 'ReuseLoop'.
INFO: [HLS 200-1470] Pipelining result : Target II = 1, Final II = 1, Depth = 5, loop 'ReuseLoop'
INFO: [SCHED 204-11] Finished scheduling.
Command         schedule done; 0.164 sec.
INFO: [HLS 200-111] Finished Scheduling: CPU user time: 0 seconds. CPU system time: 0 seconds. Elapsed time: 0.27 seconds; current allocated memory: 1.162 GB.
Execute         syn_report -verbosereport -o C:/Users/brand/Documents/engs192/zybo-edge-ai/hls/edge_cnn_linear_stream_hls/edge_cnn_linear_stream_prj/solution1/.autopilot/db/dense_resource_rf_leq_nin_ap_fixed_16_6_5_3_0_ap_fixed_39_19_5_3_0_config6_mult_s.verbose.sched.rpt 
Execute           AP::get_flow_target_display_name
Execute             get_solution -flow_target 
Execute         db_write -o C:/Users/brand/Documents/engs192/zybo-edge-ai/hls/edge_cnn_linear_stream_hls/edge_cnn_linear_stream_prj/solution1/.autopilot/db/dense_resource_rf_leq_nin_ap_fixed_16_6_5_3_0_ap_fixed_39_19_5_3_0_config6_mult_s.sched.adb -f 
INFO-FLOW: Finish scheduling dense_resource_rf_leq_nin<ap_fixed<16, 6, 5, 3, 0>, ap_fixed<39, 19, 5, 3, 0>, config6_mult>.
Execute         set_default_model dense_resource_rf_leq_nin<ap_fixed<16, 6, 5, 3, 0>, ap_fixed<39, 19, 5, 3, 0>, config6_mult> 
Execute         bind -model dense_resource_rf_leq_nin<ap_fixed<16, 6, 5, 3, 0>, ap_fixed<39, 19, 5, 3, 0>, config6_mult> 
INFO: [BIND 205-100] Starting micro-architecture generation ...
INFO: [BIND 205-101] Performing variable lifetime analysis.
INFO: [BIND 205-101] Exploring resource sharing.
INFO: [BIND 205-101] Binding ...
INFO: [BIND 205-100] Finished micro-architecture generation.
Command         bind done; 0.138 sec.
INFO: [HLS 200-111] Finished Binding: CPU user time: 0 seconds. CPU system time: 0 seconds. Elapsed time: 0.187 seconds; current allocated memory: 1.162 GB.
Execute         syn_report -verbosereport -o C:/Users/brand/Documents/engs192/zybo-edge-ai/hls/edge_cnn_linear_stream_hls/edge_cnn_linear_stream_prj/solution1/.autopilot/db/dense_resource_rf_leq_nin_ap_fixed_16_6_5_3_0_ap_fixed_39_19_5_3_0_config6_mult_s.verbose.bind.rpt 
Execute           AP::get_flow_target_display_name
Execute             get_solution -flow_target 
Execute         db_write -o C:/Users/brand/Documents/engs192/zybo-edge-ai/hls/edge_cnn_linear_stream_hls/edge_cnn_linear_stream_prj/solution1/.autopilot/db/dense_resource_rf_leq_nin_ap_fixed_16_6_5_3_0_ap_fixed_39_19_5_3_0_config6_mult_s.bind.adb -f 
INFO-FLOW: Finish binding dense_resource_rf_leq_nin<ap_fixed<16, 6, 5, 3, 0>, ap_fixed<39, 19, 5, 3, 0>, config6_mult>.
INFO: [HLS 200-10] ----------------------------------------------------------------
INFO: [HLS 200-42] -- Implementing module 'compute_output_buffer_2d_array_ap_fixed_16_6_5_3_0_4u_array_ap_fixed_39_19_5_3_0_1u_config6_s' 
INFO: [HLS 200-10] ----------------------------------------------------------------
Execute         set_default_model compute_output_buffer_2d<array<ap_fixed<16, 6, 5, 3, 0>, 4u>, array<ap_fixed<39, 19, 5, 3, 0>, 1u>, config6> 
Execute         schedule -model compute_output_buffer_2d<array<ap_fixed<16, 6, 5, 3, 0>, 4u>, array<ap_fixed<39, 19, 5, 3, 0>, 1u>, config6> 
INFO: [SCHED 204-11] Starting scheduling ...
WARNING: [HLS 200-871] Estimated clock period (7.591ns) exceeds the target (target clock period: 10ns, clock uncertainty: 2.7ns, effective delay budget: 7.3ns).
WARNING: [HLS 200-1016] The critical path in module 'compute_output_buffer_2d_array_ap_fixed_16_6_5_3_0_4u_array_ap_fixed_39_19_5_3_0_1u_config6_s' consists of the following:	'add' operation ('add_ln303', firmware/nnet_utils/nnet_conv_stream.h:303) [83]  (2.55 ns)
	'icmp' operation ('icmp_ln303', firmware/nnet_utils/nnet_conv_stream.h:303) [84]  (2.47 ns)
	blocking operation 2.57 ns on control path)

INFO: [SCHED 204-11] Finished scheduling.
Command         schedule done; 0.142 sec.
INFO: [HLS 200-111] Finished Scheduling: CPU user time: 1 seconds. CPU system time: 0 seconds. Elapsed time: 0.275 seconds; current allocated memory: 1.162 GB.
Execute         syn_report -verbosereport -o C:/Users/brand/Documents/engs192/zybo-edge-ai/hls/edge_cnn_linear_stream_hls/edge_cnn_linear_stream_prj/solution1/.autopilot/db/compute_output_buffer_2d_array_ap_fixed_16_6_5_3_0_4u_array_ap_fixed_39_19_5_3_0_1u_config6_s.verbose.sched.rpt 
Execute           AP::get_flow_target_display_name
Execute             get_solution -flow_target 
Execute         db_write -o C:/Users/brand/Documents/engs192/zybo-edge-ai/hls/edge_cnn_linear_stream_hls/edge_cnn_linear_stream_prj/solution1/.autopilot/db/compute_output_buffer_2d_array_ap_fixed_16_6_5_3_0_4u_array_ap_fixed_39_19_5_3_0_1u_config6_s.sched.adb -f 
INFO-FLOW: Finish scheduling compute_output_buffer_2d<array<ap_fixed<16, 6, 5, 3, 0>, 4u>, array<ap_fixed<39, 19, 5, 3, 0>, 1u>, config6>.
Execute         set_default_model compute_output_buffer_2d<array<ap_fixed<16, 6, 5, 3, 0>, 4u>, array<ap_fixed<39, 19, 5, 3, 0>, 1u>, config6> 
Execute         bind -model compute_output_buffer_2d<array<ap_fixed<16, 6, 5, 3, 0>, 4u>, array<ap_fixed<39, 19, 5, 3, 0>, 1u>, config6> 
INFO: [BIND 205-100] Starting micro-architecture generation ...
INFO: [BIND 205-101] Performing variable lifetime analysis.
INFO: [BIND 205-101] Exploring resource sharing.
INFO: [BIND 205-101] Binding ...
INFO: [BIND 205-100] Finished micro-architecture generation.
Command         bind done; 0.13 sec.
INFO: [HLS 200-111] Finished Binding: CPU user time: 0 seconds. CPU system time: 0 seconds. Elapsed time: 0.158 seconds; current allocated memory: 1.162 GB.
Execute         syn_report -verbosereport -o C:/Users/brand/Documents/engs192/zybo-edge-ai/hls/edge_cnn_linear_stream_hls/edge_cnn_linear_stream_prj/solution1/.autopilot/db/compute_output_buffer_2d_array_ap_fixed_16_6_5_3_0_4u_array_ap_fixed_39_19_5_3_0_1u_config6_s.verbose.bind.rpt 
Execute           AP::get_flow_target_display_name
Execute             get_solution -flow_target 
Execute         db_write -o C:/Users/brand/Documents/engs192/zybo-edge-ai/hls/edge_cnn_linear_stream_hls/edge_cnn_linear_stream_prj/solution1/.autopilot/db/compute_output_buffer_2d_array_ap_fixed_16_6_5_3_0_4u_array_ap_fixed_39_19_5_3_0_1u_config6_s.bind.adb -f 
INFO-FLOW: Finish binding compute_output_buffer_2d<array<ap_fixed<16, 6, 5, 3, 0>, 4u>, array<ap_fixed<39, 19, 5, 3, 0>, 1u>, config6>.
INFO: [HLS 200-10] ----------------------------------------------------------------
INFO: [HLS 200-42] -- Implementing module 'conv_2d_cl_array_ap_fixed_16_6_5_3_0_4u_array_ap_fixed_39_19_5_3_0_1u_config6_s' 
INFO: [HLS 200-10] ----------------------------------------------------------------
Execute         set_default_model conv_2d_cl<array<ap_fixed<16, 6, 5, 3, 0>, 4u>, array<ap_fixed<39, 19, 5, 3, 0>, 1u>, config6> 
Execute         schedule -model conv_2d_cl<array<ap_fixed<16, 6, 5, 3, 0>, 4u>, array<ap_fixed<39, 19, 5, 3, 0>, 1u>, config6> 
INFO: [SCHED 204-11] Starting scheduling ...
INFO: [SCHED 204-11] Finished scheduling.
INFO: [HLS 200-111] Finished Scheduling: CPU user time: 0 seconds. CPU system time: 0 seconds. Elapsed time: 0.212 seconds; current allocated memory: 1.162 GB.
Execute         syn_report -verbosereport -o C:/Users/brand/Documents/engs192/zybo-edge-ai/hls/edge_cnn_linear_stream_hls/edge_cnn_linear_stream_prj/solution1/.autopilot/db/conv_2d_cl_array_ap_fixed_16_6_5_3_0_4u_array_ap_fixed_39_19_5_3_0_1u_config6_s.verbose.sched.rpt 
Execute           AP::get_flow_target_display_name
Execute             get_solution -flow_target 
Execute         db_write -o C:/Users/brand/Documents/engs192/zybo-edge-ai/hls/edge_cnn_linear_stream_hls/edge_cnn_linear_stream_prj/solution1/.autopilot/db/conv_2d_cl_array_ap_fixed_16_6_5_3_0_4u_array_ap_fixed_39_19_5_3_0_1u_config6_s.sched.adb -f 
INFO-FLOW: Finish scheduling conv_2d_cl<array<ap_fixed<16, 6, 5, 3, 0>, 4u>, array<ap_fixed<39, 19, 5, 3, 0>, 1u>, config6>.
Execute         set_default_model conv_2d_cl<array<ap_fixed<16, 6, 5, 3, 0>, 4u>, array<ap_fixed<39, 19, 5, 3, 0>, 1u>, config6> 
Execute         bind -model conv_2d_cl<array<ap_fixed<16, 6, 5, 3, 0>, 4u>, array<ap_fixed<39, 19, 5, 3, 0>, 1u>, config6> 
INFO: [BIND 205-100] Starting micro-architecture generation ...
INFO: [BIND 205-101] Performing variable lifetime analysis.
INFO: [BIND 205-101] Exploring resource sharing.
INFO: [BIND 205-101] Binding ...
INFO: [BIND 205-100] Finished micro-architecture generation.
Command         bind done; 0.133 sec.
INFO: [HLS 200-111] Finished Binding: CPU user time: 0 seconds. CPU system time: 0 seconds. Elapsed time: 0.153 seconds; current allocated memory: 1.162 GB.
Execute         syn_report -verbosereport -o C:/Users/brand/Documents/engs192/zybo-edge-ai/hls/edge_cnn_linear_stream_hls/edge_cnn_linear_stream_prj/solution1/.autopilot/db/conv_2d_cl_array_ap_fixed_16_6_5_3_0_4u_array_ap_fixed_39_19_5_3_0_1u_config6_s.verbose.bind.rpt 
Execute           AP::get_flow_target_display_name
Execute             get_solution -flow_target 
Execute         db_write -o C:/Users/brand/Documents/engs192/zybo-edge-ai/hls/edge_cnn_linear_stream_hls/edge_cnn_linear_stream_prj/solution1/.autopilot/db/conv_2d_cl_array_ap_fixed_16_6_5_3_0_4u_array_ap_fixed_39_19_5_3_0_1u_config6_s.bind.adb -f 
INFO-FLOW: Finish binding conv_2d_cl<array<ap_fixed<16, 6, 5, 3, 0>, 4u>, array<ap_fixed<39, 19, 5, 3, 0>, 1u>, config6>.
INFO: [HLS 200-10] ----------------------------------------------------------------
INFO: [HLS 200-42] -- Implementing module 'edge_cnn_linear' 
INFO: [HLS 200-10] ----------------------------------------------------------------
Execute         set_default_model edge_cnn_linear 
Execute         schedule -model edge_cnn_linear 
INFO: [SCHED 204-11] Starting scheduling ...
INFO: [SCHED 204-11] Finished scheduling.
INFO: [HLS 200-111] Finished Scheduling: CPU user time: 0 seconds. CPU system time: 0 seconds. Elapsed time: 0.214 seconds; current allocated memory: 1.162 GB.
Execute         syn_report -verbosereport -o C:/Users/brand/Documents/engs192/zybo-edge-ai/hls/edge_cnn_linear_stream_hls/edge_cnn_linear_stream_prj/solution1/.autopilot/db/edge_cnn_linear.verbose.sched.rpt 
Execute           AP::get_flow_target_display_name
Execute             get_solution -flow_target 
Execute         db_write -o C:/Users/brand/Documents/engs192/zybo-edge-ai/hls/edge_cnn_linear_stream_hls/edge_cnn_linear_stream_prj/solution1/.autopilot/db/edge_cnn_linear.sched.adb -f 
INFO-FLOW: Finish scheduling edge_cnn_linear.
Execute         set_default_model edge_cnn_linear 
Execute         bind -model edge_cnn_linear 
INFO: [BIND 205-100] Starting micro-architecture generation ...
INFO: [BIND 205-101] Performing variable lifetime analysis.
INFO: [BIND 205-101] Exploring resource sharing.
INFO: [BIND 205-101] Binding ...
INFO: [BIND 205-100] Finished micro-architecture generation.
Command         bind done; 0.241 sec.
INFO: [HLS 200-111] Finished Binding: CPU user time: 0 seconds. CPU system time: 0 seconds. Elapsed time: 0.296 seconds; current allocated memory: 1.162 GB.
Execute         syn_report -verbosereport -o C:/Users/brand/Documents/engs192/zybo-edge-ai/hls/edge_cnn_linear_stream_hls/edge_cnn_linear_stream_prj/solution1/.autopilot/db/edge_cnn_linear.verbose.bind.rpt 
Execute           AP::get_flow_target_display_name
Execute             get_solution -flow_target 
Command         syn_report done; 0.271 sec.
Execute         db_write -o C:/Users/brand/Documents/engs192/zybo-edge-ai/hls/edge_cnn_linear_stream_hls/edge_cnn_linear_stream_prj/solution1/.autopilot/db/edge_cnn_linear.bind.adb -f 
INFO-FLOW: Finish binding edge_cnn_linear.
Execute         get_model_list edge_cnn_linear -filter all-wo-channel 
INFO-FLOW: Preprocessing for RTLGen ...
Execute         rtl_gen_preprocess zeropad2d_cl<array<ap_fixed<16, 6, 5, 3, 0>, 1u>, array<ap_fixed<16, 6, 5, 3, 0>, 1u>, config7>_Pipeline_PadTopWidth 
Execute         rtl_gen_preprocess zeropad2d_cl<array<ap_fixed<16, 6, 5, 3, 0>, 1u>, array<ap_fixed<16, 6, 5, 3, 0>, 1u>, config7>_Pipeline_CopyMain 
Execute         rtl_gen_preprocess zeropad2d_cl<array<ap_fixed<16, 6, 5, 3, 0>, 1u>, array<ap_fixed<16, 6, 5, 3, 0>, 1u>, config7>_Pipeline_PadBottomWidth 
Execute         rtl_gen_preprocess zeropad2d_cl<array<ap_fixed<16, 6, 5, 3, 0>, 1u>, array<ap_fixed<16, 6, 5, 3, 0>, 1u>, config7> 
Execute         rtl_gen_preprocess shift_line_buffer<array<ap_fixed<16, 6, 5, 3, 0>, 1u>, config2> 
Execute         rtl_gen_preprocess dense_resource_rf_gt_nin_rem0<ap_fixed<16, 6, 5, 3, 0>, ap_fixed<37, 17, 5, 3, 0>, config2_mult> 
Execute         rtl_gen_preprocess compute_output_buffer_2d<array<ap_fixed<16, 6, 5, 3, 0>, 1u>, array<ap_fixed<37, 17, 5, 3, 0>, 4u>, config2> 
Execute         rtl_gen_preprocess conv_2d_cl<array<ap_fixed<16, 6, 5, 3, 0>, 1u>, array<ap_fixed<37, 17, 5, 3, 0>, 4u>, config2> 
Execute         rtl_gen_preprocess relu<array<ap_fixed<37, 17, 5, 3, 0>, 4u>, array<ap_fixed<16, 6, 5, 3, 0>, 4u>, relu_config3> 
Execute         rtl_gen_preprocess zeropad2d_cl<array<ap_fixed<16, 6, 5, 3, 0>, 4u>, array<ap_fixed<16, 6, 5, 3, 0>, 4u>, config8>_Pipeline_PadTopWidth 
Execute         rtl_gen_preprocess zeropad2d_cl<array<ap_fixed<16, 6, 5, 3, 0>, 4u>, array<ap_fixed<16, 6, 5, 3, 0>, 4u>, config8>_Pipeline_CopyMain 
Execute         rtl_gen_preprocess zeropad2d_cl<array<ap_fixed<16, 6, 5, 3, 0>, 4u>, array<ap_fixed<16, 6, 5, 3, 0>, 4u>, config8>_Pipeline_PadBottomWidth 
Execute         rtl_gen_preprocess zeropad2d_cl<array<ap_fixed<16, 6, 5, 3, 0>, 4u>, array<ap_fixed<16, 6, 5, 3, 0>, 4u>, config8> 
Execute         rtl_gen_preprocess shift_line_buffer<array<ap_fixed<16, 6, 5, 3, 0>, 4u>, config4> 
Execute         rtl_gen_preprocess dense_resource_rf_gt_nin_rem0<ap_fixed<16, 6, 5, 3, 0>, ap_fixed<39, 19, 5, 3, 0>, config4_mult> 
Execute         rtl_gen_preprocess compute_output_buffer_2d<array<ap_fixed<16, 6, 5, 3, 0>, 4u>, array<ap_fixed<39, 19, 5, 3, 0>, 4u>, config4> 
Execute         rtl_gen_preprocess conv_2d_cl<array<ap_fixed<16, 6, 5, 3, 0>, 4u>, array<ap_fixed<39, 19, 5, 3, 0>, 4u>, config4> 
Execute         rtl_gen_preprocess relu<array<ap_fixed<39, 19, 5, 3, 0>, 4u>, array<ap_fixed<16, 6, 5, 3, 0>, 4u>, relu_config5> 
Execute         rtl_gen_preprocess zeropad2d_cl<array<ap_fixed<16, 6, 5, 3, 0>, 4u>, array<ap_fixed<16, 6, 5, 3, 0>, 4u>, config9>_Pipeline_PadTopWidth 
Execute         rtl_gen_preprocess zeropad2d_cl<array<ap_fixed<16, 6, 5, 3, 0>, 4u>, array<ap_fixed<16, 6, 5, 3, 0>, 4u>, config9>_Pipeline_CopyMain 
Execute         rtl_gen_preprocess zeropad2d_cl<array<ap_fixed<16, 6, 5, 3, 0>, 4u>, array<ap_fixed<16, 6, 5, 3, 0>, 4u>, config9>_Pipeline_PadBottomWidth 
Execute         rtl_gen_preprocess zeropad2d_cl<array<ap_fixed<16, 6, 5, 3, 0>, 4u>, array<ap_fixed<16, 6, 5, 3, 0>, 4u>, config9> 
Execute         rtl_gen_preprocess shift_line_buffer<array<ap_fixed<16, 6, 5, 3, 0>, 4u>, config6> 
Execute         rtl_gen_preprocess dense_resource_rf_leq_nin<ap_fixed<16, 6, 5, 3, 0>, ap_fixed<39, 19, 5, 3, 0>, config6_mult> 
Execute         rtl_gen_preprocess compute_output_buffer_2d<array<ap_fixed<16, 6, 5, 3, 0>, 4u>, array<ap_fixed<39, 19, 5, 3, 0>, 1u>, config6> 
Execute         rtl_gen_preprocess conv_2d_cl<array<ap_fixed<16, 6, 5, 3, 0>, 4u>, array<ap_fixed<39, 19, 5, 3, 0>, 1u>, config6> 
Execute         rtl_gen_preprocess edge_cnn_linear 
INFO-FLOW: Model list for RTL generation: {zeropad2d_cl<array<ap_fixed<16, 6, 5, 3, 0>, 1u>, array<ap_fixed<16, 6, 5, 3, 0>, 1u>, config7>_Pipeline_PadTopWidth} {zeropad2d_cl<array<ap_fixed<16, 6, 5, 3, 0>, 1u>, array<ap_fixed<16, 6, 5, 3, 0>, 1u>, config7>_Pipeline_CopyMain} {zeropad2d_cl<array<ap_fixed<16, 6, 5, 3, 0>, 1u>, array<ap_fixed<16, 6, 5, 3, 0>, 1u>, config7>_Pipeline_PadBottomWidth} {zeropad2d_cl<array<ap_fixed<16, 6, 5, 3, 0>, 1u>, array<ap_fixed<16, 6, 5, 3, 0>, 1u>, config7>} {shift_line_buffer<array<ap_fixed<16, 6, 5, 3, 0>, 1u>, config2>} {dense_resource_rf_gt_nin_rem0<ap_fixed<16, 6, 5, 3, 0>, ap_fixed<37, 17, 5, 3, 0>, config2_mult>} {compute_output_buffer_2d<array<ap_fixed<16, 6, 5, 3, 0>, 1u>, array<ap_fixed<37, 17, 5, 3, 0>, 4u>, config2>} {conv_2d_cl<array<ap_fixed<16, 6, 5, 3, 0>, 1u>, array<ap_fixed<37, 17, 5, 3, 0>, 4u>, config2>} {relu<array<ap_fixed<37, 17, 5, 3, 0>, 4u>, array<ap_fixed<16, 6, 5, 3, 0>, 4u>, relu_config3>} {zeropad2d_cl<array<ap_fixed<16, 6, 5, 3, 0>, 4u>, array<ap_fixed<16, 6, 5, 3, 0>, 4u>, config8>_Pipeline_PadTopWidth} {zeropad2d_cl<array<ap_fixed<16, 6, 5, 3, 0>, 4u>, array<ap_fixed<16, 6, 5, 3, 0>, 4u>, config8>_Pipeline_CopyMain} {zeropad2d_cl<array<ap_fixed<16, 6, 5, 3, 0>, 4u>, array<ap_fixed<16, 6, 5, 3, 0>, 4u>, config8>_Pipeline_PadBottomWidth} {zeropad2d_cl<array<ap_fixed<16, 6, 5, 3, 0>, 4u>, array<ap_fixed<16, 6, 5, 3, 0>, 4u>, config8>} {shift_line_buffer<array<ap_fixed<16, 6, 5, 3, 0>, 4u>, config4>} {dense_resource_rf_gt_nin_rem0<ap_fixed<16, 6, 5, 3, 0>, ap_fixed<39, 19, 5, 3, 0>, config4_mult>} {compute_output_buffer_2d<array<ap_fixed<16, 6, 5, 3, 0>, 4u>, array<ap_fixed<39, 19, 5, 3, 0>, 4u>, config4>} {conv_2d_cl<array<ap_fixed<16, 6, 5, 3, 0>, 4u>, array<ap_fixed<39, 19, 5, 3, 0>, 4u>, config4>} {relu<array<ap_fixed<39, 19, 5, 3, 0>, 4u>, array<ap_fixed<16, 6, 5, 3, 0>, 4u>, relu_config5>} {zeropad2d_cl<array<ap_fixed<16, 6, 5, 3, 0>, 4u>, array<ap_fixed<16, 6, 5, 3, 0>, 4u>, config9>_Pipeline_PadTopWidth} {zeropad2d_cl<array<ap_fixed<16, 6, 5, 3, 0>, 4u>, array<ap_fixed<16, 6, 5, 3, 0>, 4u>, config9>_Pipeline_CopyMain} {zeropad2d_cl<array<ap_fixed<16, 6, 5, 3, 0>, 4u>, array<ap_fixed<16, 6, 5, 3, 0>, 4u>, config9>_Pipeline_PadBottomWidth} {zeropad2d_cl<array<ap_fixed<16, 6, 5, 3, 0>, 4u>, array<ap_fixed<16, 6, 5, 3, 0>, 4u>, config9>} {shift_line_buffer<array<ap_fixed<16, 6, 5, 3, 0>, 4u>, config6>} {dense_resource_rf_leq_nin<ap_fixed<16, 6, 5, 3, 0>, ap_fixed<39, 19, 5, 3, 0>, config6_mult>} {compute_output_buffer_2d<array<ap_fixed<16, 6, 5, 3, 0>, 4u>, array<ap_fixed<39, 19, 5, 3, 0>, 1u>, config6>} {conv_2d_cl<array<ap_fixed<16, 6, 5, 3, 0>, 4u>, array<ap_fixed<39, 19, 5, 3, 0>, 1u>, config6>} edge_cnn_linear
INFO: [HLS 200-10] ----------------------------------------------------------------
INFO: [HLS 200-10] -- Generating RTL for module 'zeropad2d_cl_array_ap_fixed_16_6_5_3_0_1u_array_ap_fixed_16_6_5_3_0_1u_config7_Pipeline_PadTopWidth' 
INFO: [HLS 200-10] ----------------------------------------------------------------
Execute         get_config_rtl -module_prefix 
Execute         get_config_rtl -module_auto_prefix 
Execute         get_config_rtl -module_prefix 
Execute         get_config_rtl -module_auto_prefix 
Execute         create_rtl_model zeropad2d_cl<array<ap_fixed<16, 6, 5, 3, 0>, 1u>, array<ap_fixed<16, 6, 5, 3, 0>, 1u>, config7>_Pipeline_PadTopWidth -top_prefix edge_cnn_linear_ -sub_prefix edge_cnn_linear_ -mg_file C:/Users/brand/Documents/engs192/zybo-edge-ai/hls/edge_cnn_linear_stream_hls/edge_cnn_linear_stream_prj/solution1/.autopilot/db/zeropad2d_cl_array_ap_fixed_16_6_5_3_0_1u_array_ap_fixed_16_6_5_3_0_1u_config7_Pipeline_PadTopWidth.compgen.tcl 
INFO: [HLS 200-1030] Apply Unified Pipeline Control on module 'zeropad2d_cl_array_ap_fixed_16_6_5_3_0_1u_array_ap_fixed_16_6_5_3_0_1u_config7_Pipeline_PadTopWidth' pipeline 'PadTopWidth' pipeline type 'loop pipeline'
INFO: [RTGEN 206-100] Finished creating RTL model for 'zeropad2d_cl_array_ap_fixed_16_6_5_3_0_1u_array_ap_fixed_16_6_5_3_0_1u_config7_Pipeline_PadTopWidth'.
INFO: [HLS 200-111] Finished Creating RTL model: CPU user time: 1 seconds. CPU system time: 0 seconds. Elapsed time: 0.47 seconds; current allocated memory: 1.162 GB.
Execute         source C:/Users/brand/Documents/engs192/zybo-edge-ai/hls/edge_cnn_linear_stream_hls/edge_cnn_linear_stream_prj/solution1/.autopilot/db/edge_cnn_linear.rtl_wrap.cfg.tcl 
Execute         gen_rtl zeropad2d_cl<array<ap_fixed<16, 6, 5, 3, 0>, 1u>, array<ap_fixed<16, 6, 5, 3, 0>, 1u>, config7>_Pipeline_PadTopWidth -style xilinx -f -lang vhdl -o C:/Users/brand/Documents/engs192/zybo-edge-ai/hls/edge_cnn_linear_stream_hls/edge_cnn_linear_stream_prj/solution1/syn/vhdl/edge_cnn_linear_zeropad2d_cl_array_ap_fixed_16_6_5_3_0_1u_array_ap_fixed_16_6_5_3_0_1u_config7_Pipeline_PadTopWidth 
Execute         gen_rtl zeropad2d_cl<array<ap_fixed<16, 6, 5, 3, 0>, 1u>, array<ap_fixed<16, 6, 5, 3, 0>, 1u>, config7>_Pipeline_PadTopWidth -style xilinx -f -lang vlog -o C:/Users/brand/Documents/engs192/zybo-edge-ai/hls/edge_cnn_linear_stream_hls/edge_cnn_linear_stream_prj/solution1/syn/verilog/edge_cnn_linear_zeropad2d_cl_array_ap_fixed_16_6_5_3_0_1u_array_ap_fixed_16_6_5_3_0_1u_config7_Pipeline_PadTopWidth 
Execute         syn_report -csynth -model zeropad2d_cl<array<ap_fixed<16, 6, 5, 3, 0>, 1u>, array<ap_fixed<16, 6, 5, 3, 0>, 1u>, config7>_Pipeline_PadTopWidth -o C:/Users/brand/Documents/engs192/zybo-edge-ai/hls/edge_cnn_linear_stream_hls/edge_cnn_linear_stream_prj/solution1/syn/report/zeropad2d_cl_array_ap_fixed_16_6_5_3_0_1u_array_ap_fixed_16_6_5_3_0_1u_config7_Pipeline_PadTopWidth_csynth.rpt 
Execute           AP::get_flow_target_display_name
Execute             get_solution -flow_target 
Execute         syn_report -rtlxml -model zeropad2d_cl<array<ap_fixed<16, 6, 5, 3, 0>, 1u>, array<ap_fixed<16, 6, 5, 3, 0>, 1u>, config7>_Pipeline_PadTopWidth -o C:/Users/brand/Documents/engs192/zybo-edge-ai/hls/edge_cnn_linear_stream_hls/edge_cnn_linear_stream_prj/solution1/syn/report/zeropad2d_cl_array_ap_fixed_16_6_5_3_0_1u_array_ap_fixed_16_6_5_3_0_1u_config7_Pipeline_PadTopWidth_csynth.xml 
Execute           get_solution -flow_target
Execute             get_solution -flow_target 
Execute         syn_report -verbosereport -model zeropad2d_cl<array<ap_fixed<16, 6, 5, 3, 0>, 1u>, array<ap_fixed<16, 6, 5, 3, 0>, 1u>, config7>_Pipeline_PadTopWidth -o C:/Users/brand/Documents/engs192/zybo-edge-ai/hls/edge_cnn_linear_stream_hls/edge_cnn_linear_stream_prj/solution1/.autopilot/db/zeropad2d_cl_array_ap_fixed_16_6_5_3_0_1u_array_ap_fixed_16_6_5_3_0_1u_config7_Pipeline_PadTopWidth.verbose.rpt 
Execute           AP::get_flow_target_display_name
Execute             get_solution -flow_target 
Execute         db_write -model zeropad2d_cl<array<ap_fixed<16, 6, 5, 3, 0>, 1u>, array<ap_fixed<16, 6, 5, 3, 0>, 1u>, config7>_Pipeline_PadTopWidth -f -o C:/Users/brand/Documents/engs192/zybo-edge-ai/hls/edge_cnn_linear_stream_hls/edge_cnn_linear_stream_prj/solution1/.autopilot/db/zeropad2d_cl_array_ap_fixed_16_6_5_3_0_1u_array_ap_fixed_16_6_5_3_0_1u_config7_Pipeline_PadTopWidth.adb 
Execute         db_write -model zeropad2d_cl<array<ap_fixed<16, 6, 5, 3, 0>, 1u>, array<ap_fixed<16, 6, 5, 3, 0>, 1u>, config7>_Pipeline_PadTopWidth -bindview -o C:/Users/brand/Documents/engs192/zybo-edge-ai/hls/edge_cnn_linear_stream_hls/edge_cnn_linear_stream_prj/solution1/.autopilot/db/design.bindinfo.xml 
Execute         gen_tb_info zeropad2d_cl<array<ap_fixed<16, 6, 5, 3, 0>, 1u>, array<ap_fixed<16, 6, 5, 3, 0>, 1u>, config7>_Pipeline_PadTopWidth -p C:/Users/brand/Documents/engs192/zybo-edge-ai/hls/edge_cnn_linear_stream_hls/edge_cnn_linear_stream_prj/solution1/.autopilot/db -o C:/Users/brand/Documents/engs192/zybo-edge-ai/hls/edge_cnn_linear_stream_hls/edge_cnn_linear_stream_prj/solution1/.autopilot/db/zeropad2d_cl_array_ap_fixed_16_6_5_3_0_1u_array_ap_fixed_16_6_5_3_0_1u_config7_Pipeline_PadTopWidth 
INFO: [HLS 200-10] ----------------------------------------------------------------
INFO: [HLS 200-10] -- Generating RTL for module 'zeropad2d_cl_array_ap_fixed_16_6_5_3_0_1u_array_ap_fixed_16_6_5_3_0_1u_config7_Pipeline_CopyMain' 
INFO: [HLS 200-10] ----------------------------------------------------------------
Execute         get_config_rtl -module_prefix 
Execute         get_config_rtl -module_auto_prefix 
Execute         get_config_rtl -module_prefix 
Execute         get_config_rtl -module_auto_prefix 
Execute         create_rtl_model zeropad2d_cl<array<ap_fixed<16, 6, 5, 3, 0>, 1u>, array<ap_fixed<16, 6, 5, 3, 0>, 1u>, config7>_Pipeline_CopyMain -top_prefix edge_cnn_linear_ -sub_prefix edge_cnn_linear_ -mg_file C:/Users/brand/Documents/engs192/zybo-edge-ai/hls/edge_cnn_linear_stream_hls/edge_cnn_linear_stream_prj/solution1/.autopilot/db/zeropad2d_cl_array_ap_fixed_16_6_5_3_0_1u_array_ap_fixed_16_6_5_3_0_1u_config7_Pipeline_CopyMain.compgen.tcl 
INFO: [HLS 200-1030] Apply Unified Pipeline Control on module 'zeropad2d_cl_array_ap_fixed_16_6_5_3_0_1u_array_ap_fixed_16_6_5_3_0_1u_config7_Pipeline_CopyMain' pipeline 'CopyMain' pipeline type 'loop pipeline'
INFO: [RTGEN 206-100] Finished creating RTL model for 'zeropad2d_cl_array_ap_fixed_16_6_5_3_0_1u_array_ap_fixed_16_6_5_3_0_1u_config7_Pipeline_CopyMain'.
INFO: [HLS 200-111] Finished Creating RTL model: CPU user time: 0 seconds. CPU system time: 0 seconds. Elapsed time: 0.221 seconds; current allocated memory: 1.162 GB.
Execute         source C:/Users/brand/Documents/engs192/zybo-edge-ai/hls/edge_cnn_linear_stream_hls/edge_cnn_linear_stream_prj/solution1/.autopilot/db/edge_cnn_linear.rtl_wrap.cfg.tcl 
Execute         gen_rtl zeropad2d_cl<array<ap_fixed<16, 6, 5, 3, 0>, 1u>, array<ap_fixed<16, 6, 5, 3, 0>, 1u>, config7>_Pipeline_CopyMain -style xilinx -f -lang vhdl -o C:/Users/brand/Documents/engs192/zybo-edge-ai/hls/edge_cnn_linear_stream_hls/edge_cnn_linear_stream_prj/solution1/syn/vhdl/edge_cnn_linear_zeropad2d_cl_array_ap_fixed_16_6_5_3_0_1u_array_ap_fixed_16_6_5_3_0_1u_config7_Pipeline_CopyMain 
Execute         gen_rtl zeropad2d_cl<array<ap_fixed<16, 6, 5, 3, 0>, 1u>, array<ap_fixed<16, 6, 5, 3, 0>, 1u>, config7>_Pipeline_CopyMain -style xilinx -f -lang vlog -o C:/Users/brand/Documents/engs192/zybo-edge-ai/hls/edge_cnn_linear_stream_hls/edge_cnn_linear_stream_prj/solution1/syn/verilog/edge_cnn_linear_zeropad2d_cl_array_ap_fixed_16_6_5_3_0_1u_array_ap_fixed_16_6_5_3_0_1u_config7_Pipeline_CopyMain 
Execute         syn_report -csynth -model zeropad2d_cl<array<ap_fixed<16, 6, 5, 3, 0>, 1u>, array<ap_fixed<16, 6, 5, 3, 0>, 1u>, config7>_Pipeline_CopyMain -o C:/Users/brand/Documents/engs192/zybo-edge-ai/hls/edge_cnn_linear_stream_hls/edge_cnn_linear_stream_prj/solution1/syn/report/zeropad2d_cl_array_ap_fixed_16_6_5_3_0_1u_array_ap_fixed_16_6_5_3_0_1u_config7_Pipeline_CopyMain_csynth.rpt 
Execute           AP::get_flow_target_display_name
Execute             get_solution -flow_target 
Execute         syn_report -rtlxml -model zeropad2d_cl<array<ap_fixed<16, 6, 5, 3, 0>, 1u>, array<ap_fixed<16, 6, 5, 3, 0>, 1u>, config7>_Pipeline_CopyMain -o C:/Users/brand/Documents/engs192/zybo-edge-ai/hls/edge_cnn_linear_stream_hls/edge_cnn_linear_stream_prj/solution1/syn/report/zeropad2d_cl_array_ap_fixed_16_6_5_3_0_1u_array_ap_fixed_16_6_5_3_0_1u_config7_Pipeline_CopyMain_csynth.xml 
Execute           get_solution -flow_target
Execute             get_solution -flow_target 
Execute         syn_report -verbosereport -model zeropad2d_cl<array<ap_fixed<16, 6, 5, 3, 0>, 1u>, array<ap_fixed<16, 6, 5, 3, 0>, 1u>, config7>_Pipeline_CopyMain -o C:/Users/brand/Documents/engs192/zybo-edge-ai/hls/edge_cnn_linear_stream_hls/edge_cnn_linear_stream_prj/solution1/.autopilot/db/zeropad2d_cl_array_ap_fixed_16_6_5_3_0_1u_array_ap_fixed_16_6_5_3_0_1u_config7_Pipeline_CopyMain.verbose.rpt 
Execute           AP::get_flow_target_display_name
Execute             get_solution -flow_target 
Execute         db_write -model zeropad2d_cl<array<ap_fixed<16, 6, 5, 3, 0>, 1u>, array<ap_fixed<16, 6, 5, 3, 0>, 1u>, config7>_Pipeline_CopyMain -f -o C:/Users/brand/Documents/engs192/zybo-edge-ai/hls/edge_cnn_linear_stream_hls/edge_cnn_linear_stream_prj/solution1/.autopilot/db/zeropad2d_cl_array_ap_fixed_16_6_5_3_0_1u_array_ap_fixed_16_6_5_3_0_1u_config7_Pipeline_CopyMain.adb 
Execute         db_write -model zeropad2d_cl<array<ap_fixed<16, 6, 5, 3, 0>, 1u>, array<ap_fixed<16, 6, 5, 3, 0>, 1u>, config7>_Pipeline_CopyMain -bindview -o C:/Users/brand/Documents/engs192/zybo-edge-ai/hls/edge_cnn_linear_stream_hls/edge_cnn_linear_stream_prj/solution1/.autopilot/db/design.bindinfo.xml 
Execute         gen_tb_info zeropad2d_cl<array<ap_fixed<16, 6, 5, 3, 0>, 1u>, array<ap_fixed<16, 6, 5, 3, 0>, 1u>, config7>_Pipeline_CopyMain -p C:/Users/brand/Documents/engs192/zybo-edge-ai/hls/edge_cnn_linear_stream_hls/edge_cnn_linear_stream_prj/solution1/.autopilot/db -o C:/Users/brand/Documents/engs192/zybo-edge-ai/hls/edge_cnn_linear_stream_hls/edge_cnn_linear_stream_prj/solution1/.autopilot/db/zeropad2d_cl_array_ap_fixed_16_6_5_3_0_1u_array_ap_fixed_16_6_5_3_0_1u_config7_Pipeline_CopyMain 
INFO: [HLS 200-10] ----------------------------------------------------------------
INFO: [HLS 200-10] -- Generating RTL for module 'zeropad2d_cl_array_ap_fixed_16_6_5_3_0_1u_array_ap_fixed_16_6_5_3_0_1u_config7_Pipeline_PadBottomWidth' 
INFO: [HLS 200-10] ----------------------------------------------------------------
Execute         get_config_rtl -module_prefix 
Execute         get_config_rtl -module_auto_prefix 
Execute         get_config_rtl -module_prefix 
Execute         get_config_rtl -module_auto_prefix 
Execute         create_rtl_model zeropad2d_cl<array<ap_fixed<16, 6, 5, 3, 0>, 1u>, array<ap_fixed<16, 6, 5, 3, 0>, 1u>, config7>_Pipeline_PadBottomWidth -top_prefix edge_cnn_linear_ -sub_prefix edge_cnn_linear_ -mg_file C:/Users/brand/Documents/engs192/zybo-edge-ai/hls/edge_cnn_linear_stream_hls/edge_cnn_linear_stream_prj/solution1/.autopilot/db/zeropad2d_cl_array_ap_fixed_16_6_5_3_0_1u_array_ap_fixed_16_6_5_3_0_1u_config7_Pipeline_PadBottomWidth.compgen.tcl 
INFO: [HLS 200-1030] Apply Unified Pipeline Control on module 'zeropad2d_cl_array_ap_fixed_16_6_5_3_0_1u_array_ap_fixed_16_6_5_3_0_1u_config7_Pipeline_PadBottomWidth' pipeline 'PadBottomWidth' pipeline type 'loop pipeline'
INFO: [RTGEN 206-100] Finished creating RTL model for 'zeropad2d_cl_array_ap_fixed_16_6_5_3_0_1u_array_ap_fixed_16_6_5_3_0_1u_config7_Pipeline_PadBottomWidth'.
INFO: [HLS 200-111] Finished Creating RTL model: CPU user time: 0 seconds. CPU system time: 0 seconds. Elapsed time: 0.243 seconds; current allocated memory: 1.162 GB.
Execute         source C:/Users/brand/Documents/engs192/zybo-edge-ai/hls/edge_cnn_linear_stream_hls/edge_cnn_linear_stream_prj/solution1/.autopilot/db/edge_cnn_linear.rtl_wrap.cfg.tcl 
Execute         gen_rtl zeropad2d_cl<array<ap_fixed<16, 6, 5, 3, 0>, 1u>, array<ap_fixed<16, 6, 5, 3, 0>, 1u>, config7>_Pipeline_PadBottomWidth -style xilinx -f -lang vhdl -o C:/Users/brand/Documents/engs192/zybo-edge-ai/hls/edge_cnn_linear_stream_hls/edge_cnn_linear_stream_prj/solution1/syn/vhdl/edge_cnn_linear_zeropad2d_cl_array_ap_fixed_16_6_5_3_0_1u_array_ap_fixed_16_6_5_3_0_1u_config7_Pipeline_PadBottomWidth 
Execute         gen_rtl zeropad2d_cl<array<ap_fixed<16, 6, 5, 3, 0>, 1u>, array<ap_fixed<16, 6, 5, 3, 0>, 1u>, config7>_Pipeline_PadBottomWidth -style xilinx -f -lang vlog -o C:/Users/brand/Documents/engs192/zybo-edge-ai/hls/edge_cnn_linear_stream_hls/edge_cnn_linear_stream_prj/solution1/syn/verilog/edge_cnn_linear_zeropad2d_cl_array_ap_fixed_16_6_5_3_0_1u_array_ap_fixed_16_6_5_3_0_1u_config7_Pipeline_PadBottomWidth 
Execute         syn_report -csynth -model zeropad2d_cl<array<ap_fixed<16, 6, 5, 3, 0>, 1u>, array<ap_fixed<16, 6, 5, 3, 0>, 1u>, config7>_Pipeline_PadBottomWidth -o C:/Users/brand/Documents/engs192/zybo-edge-ai/hls/edge_cnn_linear_stream_hls/edge_cnn_linear_stream_prj/solution1/syn/report/zeropad2d_cl_array_ap_fixed_16_6_5_3_0_1u_array_ap_fixed_16_6_5_3_0_1u_config7_Pipeline_PadBottomWidth_csynth.rpt 
Execute           AP::get_flow_target_display_name
Execute             get_solution -flow_target 
Execute         syn_report -rtlxml -model zeropad2d_cl<array<ap_fixed<16, 6, 5, 3, 0>, 1u>, array<ap_fixed<16, 6, 5, 3, 0>, 1u>, config7>_Pipeline_PadBottomWidth -o C:/Users/brand/Documents/engs192/zybo-edge-ai/hls/edge_cnn_linear_stream_hls/edge_cnn_linear_stream_prj/solution1/syn/report/zeropad2d_cl_array_ap_fixed_16_6_5_3_0_1u_array_ap_fixed_16_6_5_3_0_1u_config7_Pipeline_PadBottomWidth_csynth.xml 
Execute           get_solution -flow_target
Execute             get_solution -flow_target 
Execute         syn_report -verbosereport -model zeropad2d_cl<array<ap_fixed<16, 6, 5, 3, 0>, 1u>, array<ap_fixed<16, 6, 5, 3, 0>, 1u>, config7>_Pipeline_PadBottomWidth -o C:/Users/brand/Documents/engs192/zybo-edge-ai/hls/edge_cnn_linear_stream_hls/edge_cnn_linear_stream_prj/solution1/.autopilot/db/zeropad2d_cl_array_ap_fixed_16_6_5_3_0_1u_array_ap_fixed_16_6_5_3_0_1u_config7_Pipeline_PadBottomWidth.verbose.rpt 
Execute           AP::get_flow_target_display_name
Execute             get_solution -flow_target 
Execute         db_write -model zeropad2d_cl<array<ap_fixed<16, 6, 5, 3, 0>, 1u>, array<ap_fixed<16, 6, 5, 3, 0>, 1u>, config7>_Pipeline_PadBottomWidth -f -o C:/Users/brand/Documents/engs192/zybo-edge-ai/hls/edge_cnn_linear_stream_hls/edge_cnn_linear_stream_prj/solution1/.autopilot/db/zeropad2d_cl_array_ap_fixed_16_6_5_3_0_1u_array_ap_fixed_16_6_5_3_0_1u_config7_Pipeline_PadBottomWidth.adb 
Execute         db_write -model zeropad2d_cl<array<ap_fixed<16, 6, 5, 3, 0>, 1u>, array<ap_fixed<16, 6, 5, 3, 0>, 1u>, config7>_Pipeline_PadBottomWidth -bindview -o C:/Users/brand/Documents/engs192/zybo-edge-ai/hls/edge_cnn_linear_stream_hls/edge_cnn_linear_stream_prj/solution1/.autopilot/db/design.bindinfo.xml 
Execute         gen_tb_info zeropad2d_cl<array<ap_fixed<16, 6, 5, 3, 0>, 1u>, array<ap_fixed<16, 6, 5, 3, 0>, 1u>, config7>_Pipeline_PadBottomWidth -p C:/Users/brand/Documents/engs192/zybo-edge-ai/hls/edge_cnn_linear_stream_hls/edge_cnn_linear_stream_prj/solution1/.autopilot/db -o C:/Users/brand/Documents/engs192/zybo-edge-ai/hls/edge_cnn_linear_stream_hls/edge_cnn_linear_stream_prj/solution1/.autopilot/db/zeropad2d_cl_array_ap_fixed_16_6_5_3_0_1u_array_ap_fixed_16_6_5_3_0_1u_config7_Pipeline_PadBottomWidth 
INFO: [HLS 200-10] ----------------------------------------------------------------
INFO: [HLS 200-10] -- Generating RTL for module 'zeropad2d_cl_array_ap_fixed_16_6_5_3_0_1u_array_ap_fixed_16_6_5_3_0_1u_config7_s' 
INFO: [HLS 200-10] ----------------------------------------------------------------
Execute         get_config_rtl -module_prefix 
Execute         get_config_rtl -module_auto_prefix 
Execute         get_config_rtl -module_prefix 
Execute         get_config_rtl -module_auto_prefix 
Execute         create_rtl_model zeropad2d_cl<array<ap_fixed<16, 6, 5, 3, 0>, 1u>, array<ap_fixed<16, 6, 5, 3, 0>, 1u>, config7> -top_prefix edge_cnn_linear_ -sub_prefix edge_cnn_linear_ -mg_file C:/Users/brand/Documents/engs192/zybo-edge-ai/hls/edge_cnn_linear_stream_hls/edge_cnn_linear_stream_prj/solution1/.autopilot/db/zeropad2d_cl_array_ap_fixed_16_6_5_3_0_1u_array_ap_fixed_16_6_5_3_0_1u_config7_s.compgen.tcl 
INFO: [RTGEN 206-100] Finished creating RTL model for 'zeropad2d_cl_array_ap_fixed_16_6_5_3_0_1u_array_ap_fixed_16_6_5_3_0_1u_config7_s'.
INFO: [HLS 200-111] Finished Creating RTL model: CPU user time: 0 seconds. CPU system time: 0 seconds. Elapsed time: 0.196 seconds; current allocated memory: 1.162 GB.
Execute         source C:/Users/brand/Documents/engs192/zybo-edge-ai/hls/edge_cnn_linear_stream_hls/edge_cnn_linear_stream_prj/solution1/.autopilot/db/edge_cnn_linear.rtl_wrap.cfg.tcl 
Execute         gen_rtl zeropad2d_cl<array<ap_fixed<16, 6, 5, 3, 0>, 1u>, array<ap_fixed<16, 6, 5, 3, 0>, 1u>, config7> -style xilinx -f -lang vhdl -o C:/Users/brand/Documents/engs192/zybo-edge-ai/hls/edge_cnn_linear_stream_hls/edge_cnn_linear_stream_prj/solution1/syn/vhdl/edge_cnn_linear_zeropad2d_cl_array_ap_fixed_16_6_5_3_0_1u_array_ap_fixed_16_6_5_3_0_1u_config7_s 
Execute         gen_rtl zeropad2d_cl<array<ap_fixed<16, 6, 5, 3, 0>, 1u>, array<ap_fixed<16, 6, 5, 3, 0>, 1u>, config7> -style xilinx -f -lang vlog -o C:/Users/brand/Documents/engs192/zybo-edge-ai/hls/edge_cnn_linear_stream_hls/edge_cnn_linear_stream_prj/solution1/syn/verilog/edge_cnn_linear_zeropad2d_cl_array_ap_fixed_16_6_5_3_0_1u_array_ap_fixed_16_6_5_3_0_1u_config7_s 
Execute         syn_report -csynth -model zeropad2d_cl<array<ap_fixed<16, 6, 5, 3, 0>, 1u>, array<ap_fixed<16, 6, 5, 3, 0>, 1u>, config7> -o C:/Users/brand/Documents/engs192/zybo-edge-ai/hls/edge_cnn_linear_stream_hls/edge_cnn_linear_stream_prj/solution1/syn/report/zeropad2d_cl_array_ap_fixed_16_6_5_3_0_1u_array_ap_fixed_16_6_5_3_0_1u_config7_s_csynth.rpt 
Execute           AP::get_flow_target_display_name
Execute             get_solution -flow_target 
Execute         syn_report -rtlxml -model zeropad2d_cl<array<ap_fixed<16, 6, 5, 3, 0>, 1u>, array<ap_fixed<16, 6, 5, 3, 0>, 1u>, config7> -o C:/Users/brand/Documents/engs192/zybo-edge-ai/hls/edge_cnn_linear_stream_hls/edge_cnn_linear_stream_prj/solution1/syn/report/zeropad2d_cl_array_ap_fixed_16_6_5_3_0_1u_array_ap_fixed_16_6_5_3_0_1u_config7_s_csynth.xml 
Execute           get_solution -flow_target
Execute             get_solution -flow_target 
Execute         syn_report -verbosereport -model zeropad2d_cl<array<ap_fixed<16, 6, 5, 3, 0>, 1u>, array<ap_fixed<16, 6, 5, 3, 0>, 1u>, config7> -o C:/Users/brand/Documents/engs192/zybo-edge-ai/hls/edge_cnn_linear_stream_hls/edge_cnn_linear_stream_prj/solution1/.autopilot/db/zeropad2d_cl_array_ap_fixed_16_6_5_3_0_1u_array_ap_fixed_16_6_5_3_0_1u_config7_s.verbose.rpt 
Execute           AP::get_flow_target_display_name
Execute             get_solution -flow_target 
Execute         db_write -model zeropad2d_cl<array<ap_fixed<16, 6, 5, 3, 0>, 1u>, array<ap_fixed<16, 6, 5, 3, 0>, 1u>, config7> -f -o C:/Users/brand/Documents/engs192/zybo-edge-ai/hls/edge_cnn_linear_stream_hls/edge_cnn_linear_stream_prj/solution1/.autopilot/db/zeropad2d_cl_array_ap_fixed_16_6_5_3_0_1u_array_ap_fixed_16_6_5_3_0_1u_config7_s.adb 
Execute         db_write -model zeropad2d_cl<array<ap_fixed<16, 6, 5, 3, 0>, 1u>, array<ap_fixed<16, 6, 5, 3, 0>, 1u>, config7> -bindview -o C:/Users/brand/Documents/engs192/zybo-edge-ai/hls/edge_cnn_linear_stream_hls/edge_cnn_linear_stream_prj/solution1/.autopilot/db/design.bindinfo.xml 
Execute         gen_tb_info zeropad2d_cl<array<ap_fixed<16, 6, 5, 3, 0>, 1u>, array<ap_fixed<16, 6, 5, 3, 0>, 1u>, config7> -p C:/Users/brand/Documents/engs192/zybo-edge-ai/hls/edge_cnn_linear_stream_hls/edge_cnn_linear_stream_prj/solution1/.autopilot/db -o C:/Users/brand/Documents/engs192/zybo-edge-ai/hls/edge_cnn_linear_stream_hls/edge_cnn_linear_stream_prj/solution1/.autopilot/db/zeropad2d_cl_array_ap_fixed_16_6_5_3_0_1u_array_ap_fixed_16_6_5_3_0_1u_config7_s 
INFO: [HLS 200-10] ----------------------------------------------------------------
INFO: [HLS 200-10] -- Generating RTL for module 'shift_line_buffer_array_ap_fixed_16_6_5_3_0_1u_config2_s' 
INFO: [HLS 200-10] ----------------------------------------------------------------
Execute         get_config_rtl -module_prefix 
Execute         get_config_rtl -module_auto_prefix 
Execute         get_config_rtl -module_prefix 
Execute         get_config_rtl -module_auto_prefix 
Execute         create_rtl_model shift_line_buffer<array<ap_fixed<16, 6, 5, 3, 0>, 1u>, config2> -top_prefix edge_cnn_linear_ -sub_prefix edge_cnn_linear_ -mg_file C:/Users/brand/Documents/engs192/zybo-edge-ai/hls/edge_cnn_linear_stream_hls/edge_cnn_linear_stream_prj/solution1/.autopilot/db/shift_line_buffer_array_ap_fixed_16_6_5_3_0_1u_config2_s.compgen.tcl 
INFO: [SYN 201-210] Renamed object name 'shift_line_buffer_array_ap_fixed_16_6_5_3_0_1u_config2_s_void_conv_2d_buffer_cl_array_ap_fixed_16_6_5_3_0_1u_array_ap_fixed_37_17_5_3_0_4u_config2_stream_array_ap_fixed_16_6_5_3_0_1u_0_stream_array_ap_fixed_37_17_5_3_0_4u_0_weight_t_bias_t_line_buffer_0_SHIFTREG_AUTO_0R0W' to 'shift_line_buffer_array_ap_fixed_16_6_5_3_0_1u_config2_s_void_conv_2d_buffer_bkb' due to the length limit 80
INFO: [SYN 201-210] Renamed object name 'shift_line_buffer_array_ap_fixed_16_6_5_3_0_1u_config2_s_void_conv_2d_buffer_cl_array_ap_fixed_16_6_5_3_0_1u_array_ap_fixed_37_17_5_3_0_4u_config2_stream_array_ap_fixed_16_6_5_3_0_1u_0_stream_array_ap_fixed_37_17_5_3_0_4u_0_weight_t_bias_t_line_buffer_1_SHIFTREG_AUTO_0R0W' to 'shift_line_buffer_array_ap_fixed_16_6_5_3_0_1u_config2_s_void_conv_2d_buffer_cud' due to the length limit 80
INFO: [RTGEN 206-100] Finished creating RTL model for 'shift_line_buffer_array_ap_fixed_16_6_5_3_0_1u_config2_s'.
INFO: [HLS 200-111] Finished Creating RTL model: CPU user time: 0 seconds. CPU system time: 0 seconds. Elapsed time: 0.305 seconds; current allocated memory: 1.162 GB.
Execute         source C:/Users/brand/Documents/engs192/zybo-edge-ai/hls/edge_cnn_linear_stream_hls/edge_cnn_linear_stream_prj/solution1/.autopilot/db/edge_cnn_linear.rtl_wrap.cfg.tcl 
Execute         gen_rtl shift_line_buffer<array<ap_fixed<16, 6, 5, 3, 0>, 1u>, config2> -style xilinx -f -lang vhdl -o C:/Users/brand/Documents/engs192/zybo-edge-ai/hls/edge_cnn_linear_stream_hls/edge_cnn_linear_stream_prj/solution1/syn/vhdl/edge_cnn_linear_shift_line_buffer_array_ap_fixed_16_6_5_3_0_1u_config2_s 
Execute         gen_rtl shift_line_buffer<array<ap_fixed<16, 6, 5, 3, 0>, 1u>, config2> -style xilinx -f -lang vlog -o C:/Users/brand/Documents/engs192/zybo-edge-ai/hls/edge_cnn_linear_stream_hls/edge_cnn_linear_stream_prj/solution1/syn/verilog/edge_cnn_linear_shift_line_buffer_array_ap_fixed_16_6_5_3_0_1u_config2_s 
Execute         syn_report -csynth -model shift_line_buffer<array<ap_fixed<16, 6, 5, 3, 0>, 1u>, config2> -o C:/Users/brand/Documents/engs192/zybo-edge-ai/hls/edge_cnn_linear_stream_hls/edge_cnn_linear_stream_prj/solution1/syn/report/shift_line_buffer_array_ap_fixed_16_6_5_3_0_1u_config2_s_csynth.rpt 
Execute           AP::get_flow_target_display_name
Execute             get_solution -flow_target 
Execute         syn_report -rtlxml -model shift_line_buffer<array<ap_fixed<16, 6, 5, 3, 0>, 1u>, config2> -o C:/Users/brand/Documents/engs192/zybo-edge-ai/hls/edge_cnn_linear_stream_hls/edge_cnn_linear_stream_prj/solution1/syn/report/shift_line_buffer_array_ap_fixed_16_6_5_3_0_1u_config2_s_csynth.xml 
Execute           get_solution -flow_target
Execute             get_solution -flow_target 
Execute         syn_report -verbosereport -model shift_line_buffer<array<ap_fixed<16, 6, 5, 3, 0>, 1u>, config2> -o C:/Users/brand/Documents/engs192/zybo-edge-ai/hls/edge_cnn_linear_stream_hls/edge_cnn_linear_stream_prj/solution1/.autopilot/db/shift_line_buffer_array_ap_fixed_16_6_5_3_0_1u_config2_s.verbose.rpt 
Execute           AP::get_flow_target_display_name
Execute             get_solution -flow_target 
Execute         db_write -model shift_line_buffer<array<ap_fixed<16, 6, 5, 3, 0>, 1u>, config2> -f -o C:/Users/brand/Documents/engs192/zybo-edge-ai/hls/edge_cnn_linear_stream_hls/edge_cnn_linear_stream_prj/solution1/.autopilot/db/shift_line_buffer_array_ap_fixed_16_6_5_3_0_1u_config2_s.adb 
Execute         db_write -model shift_line_buffer<array<ap_fixed<16, 6, 5, 3, 0>, 1u>, config2> -bindview -o C:/Users/brand/Documents/engs192/zybo-edge-ai/hls/edge_cnn_linear_stream_hls/edge_cnn_linear_stream_prj/solution1/.autopilot/db/design.bindinfo.xml 
Execute         gen_tb_info shift_line_buffer<array<ap_fixed<16, 6, 5, 3, 0>, 1u>, config2> -p C:/Users/brand/Documents/engs192/zybo-edge-ai/hls/edge_cnn_linear_stream_hls/edge_cnn_linear_stream_prj/solution1/.autopilot/db -o C:/Users/brand/Documents/engs192/zybo-edge-ai/hls/edge_cnn_linear_stream_hls/edge_cnn_linear_stream_prj/solution1/.autopilot/db/shift_line_buffer_array_ap_fixed_16_6_5_3_0_1u_config2_s 
INFO: [HLS 200-10] ----------------------------------------------------------------
INFO: [HLS 200-10] -- Generating RTL for module 'dense_resource_rf_gt_nin_rem0_ap_fixed_16_6_5_3_0_ap_fixed_37_17_5_3_0_config2_mult_s' 
INFO: [HLS 200-10] ----------------------------------------------------------------
Execute         get_config_rtl -module_prefix 
Execute         get_config_rtl -module_auto_prefix 
Execute         get_config_rtl -module_prefix 
Execute         get_config_rtl -module_auto_prefix 
Execute         create_rtl_model dense_resource_rf_gt_nin_rem0<ap_fixed<16, 6, 5, 3, 0>, ap_fixed<37, 17, 5, 3, 0>, config2_mult> -top_prefix edge_cnn_linear_ -sub_prefix edge_cnn_linear_ -mg_file C:/Users/brand/Documents/engs192/zybo-edge-ai/hls/edge_cnn_linear_stream_hls/edge_cnn_linear_stream_prj/solution1/.autopilot/db/dense_resource_rf_gt_nin_rem0_ap_fixed_16_6_5_3_0_ap_fixed_37_17_5_3_0_config2_mult_s.compgen.tcl 
INFO: [SYN 201-210] Renamed object name 'dense_resource_rf_gt_nin_rem0_ap_fixed_16_6_5_3_0_ap_fixed_37_17_5_3_0_config2_mult_s_outidx_1_ROM_AUTO_1R' to 'dense_resource_rf_gt_nin_rem0_ap_fixed_16_6_5_3_0_ap_fixed_37_17_5_3_0_configdEe' due to the length limit 80
INFO: [SYN 201-210] Renamed object name 'dense_resource_rf_gt_nin_rem0_ap_fixed_16_6_5_3_0_ap_fixed_37_17_5_3_0_config2_mult_s_w2_V_ROM_NP_BRAM_1R' to 'dense_resource_rf_gt_nin_rem0_ap_fixed_16_6_5_3_0_ap_fixed_37_17_5_3_0_configeOg' due to the length limit 80
INFO: [HLS 200-1030] Apply Unified Pipeline Control on module 'dense_resource_rf_gt_nin_rem0_ap_fixed_16_6_5_3_0_ap_fixed_37_17_5_3_0_config2_mult_s' pipeline 'ReuseLoop' pipeline type 'rewind pipeline'
INFO: [RTGEN 206-100] Generating core module 'mul_mul_16s_11s_26_4_1': 1 instance(s).
INFO: [RTGEN 206-100] Generating core module 'mux_42_16_1_1': 1 instance(s).
INFO: [RTGEN 206-100] Generating core module 'mux_932_16_1_1': 1 instance(s).
INFO: [RTGEN 206-100] Finished creating RTL model for 'dense_resource_rf_gt_nin_rem0_ap_fixed_16_6_5_3_0_ap_fixed_37_17_5_3_0_config2_mult_s'.
Command         create_rtl_model done; 0.233 sec.
INFO: [HLS 200-111] Finished Creating RTL model: CPU user time: 0 seconds. CPU system time: 0 seconds. Elapsed time: 0.389 seconds; current allocated memory: 1.162 GB.
Execute         source C:/Users/brand/Documents/engs192/zybo-edge-ai/hls/edge_cnn_linear_stream_hls/edge_cnn_linear_stream_prj/solution1/.autopilot/db/edge_cnn_linear.rtl_wrap.cfg.tcl 
Execute         gen_rtl dense_resource_rf_gt_nin_rem0<ap_fixed<16, 6, 5, 3, 0>, ap_fixed<37, 17, 5, 3, 0>, config2_mult> -style xilinx -f -lang vhdl -o C:/Users/brand/Documents/engs192/zybo-edge-ai/hls/edge_cnn_linear_stream_hls/edge_cnn_linear_stream_prj/solution1/syn/vhdl/edge_cnn_linear_dense_resource_rf_gt_nin_rem0_ap_fixed_16_6_5_3_0_ap_fixed_37_17_5_3_0_config2_mult_s 
Execute         gen_rtl dense_resource_rf_gt_nin_rem0<ap_fixed<16, 6, 5, 3, 0>, ap_fixed<37, 17, 5, 3, 0>, config2_mult> -style xilinx -f -lang vlog -o C:/Users/brand/Documents/engs192/zybo-edge-ai/hls/edge_cnn_linear_stream_hls/edge_cnn_linear_stream_prj/solution1/syn/verilog/edge_cnn_linear_dense_resource_rf_gt_nin_rem0_ap_fixed_16_6_5_3_0_ap_fixed_37_17_5_3_0_config2_mult_s 
Execute         syn_report -csynth -model dense_resource_rf_gt_nin_rem0<ap_fixed<16, 6, 5, 3, 0>, ap_fixed<37, 17, 5, 3, 0>, config2_mult> -o C:/Users/brand/Documents/engs192/zybo-edge-ai/hls/edge_cnn_linear_stream_hls/edge_cnn_linear_stream_prj/solution1/syn/report/dense_resource_rf_gt_nin_rem0_ap_fixed_16_6_5_3_0_ap_fixed_37_17_5_3_0_config2_mult_s_csynth.rpt 
Execute           AP::get_flow_target_display_name
Execute             get_solution -flow_target 
Execute         syn_report -rtlxml -model dense_resource_rf_gt_nin_rem0<ap_fixed<16, 6, 5, 3, 0>, ap_fixed<37, 17, 5, 3, 0>, config2_mult> -o C:/Users/brand/Documents/engs192/zybo-edge-ai/hls/edge_cnn_linear_stream_hls/edge_cnn_linear_stream_prj/solution1/syn/report/dense_resource_rf_gt_nin_rem0_ap_fixed_16_6_5_3_0_ap_fixed_37_17_5_3_0_config2_mult_s_csynth.xml 
Execute           get_solution -flow_target
Execute             get_solution -flow_target 
Execute         syn_report -verbosereport -model dense_resource_rf_gt_nin_rem0<ap_fixed<16, 6, 5, 3, 0>, ap_fixed<37, 17, 5, 3, 0>, config2_mult> -o C:/Users/brand/Documents/engs192/zybo-edge-ai/hls/edge_cnn_linear_stream_hls/edge_cnn_linear_stream_prj/solution1/.autopilot/db/dense_resource_rf_gt_nin_rem0_ap_fixed_16_6_5_3_0_ap_fixed_37_17_5_3_0_config2_mult_s.verbose.rpt 
Execute           AP::get_flow_target_display_name
Execute             get_solution -flow_target 
Execute         db_write -model dense_resource_rf_gt_nin_rem0<ap_fixed<16, 6, 5, 3, 0>, ap_fixed<37, 17, 5, 3, 0>, config2_mult> -f -o C:/Users/brand/Documents/engs192/zybo-edge-ai/hls/edge_cnn_linear_stream_hls/edge_cnn_linear_stream_prj/solution1/.autopilot/db/dense_resource_rf_gt_nin_rem0_ap_fixed_16_6_5_3_0_ap_fixed_37_17_5_3_0_config2_mult_s.adb 
Execute         db_write -model dense_resource_rf_gt_nin_rem0<ap_fixed<16, 6, 5, 3, 0>, ap_fixed<37, 17, 5, 3, 0>, config2_mult> -bindview -o C:/Users/brand/Documents/engs192/zybo-edge-ai/hls/edge_cnn_linear_stream_hls/edge_cnn_linear_stream_prj/solution1/.autopilot/db/design.bindinfo.xml 
Execute         gen_tb_info dense_resource_rf_gt_nin_rem0<ap_fixed<16, 6, 5, 3, 0>, ap_fixed<37, 17, 5, 3, 0>, config2_mult> -p C:/Users/brand/Documents/engs192/zybo-edge-ai/hls/edge_cnn_linear_stream_hls/edge_cnn_linear_stream_prj/solution1/.autopilot/db -o C:/Users/brand/Documents/engs192/zybo-edge-ai/hls/edge_cnn_linear_stream_hls/edge_cnn_linear_stream_prj/solution1/.autopilot/db/dense_resource_rf_gt_nin_rem0_ap_fixed_16_6_5_3_0_ap_fixed_37_17_5_3_0_config2_mult_s 
INFO: [HLS 200-10] ----------------------------------------------------------------
INFO: [HLS 200-10] -- Generating RTL for module 'compute_output_buffer_2d_array_ap_fixed_16_6_5_3_0_1u_array_ap_fixed_37_17_5_3_0_4u_config2_s' 
INFO: [HLS 200-10] ----------------------------------------------------------------
Execute         get_config_rtl -module_prefix 
Execute         get_config_rtl -module_auto_prefix 
Execute         get_config_rtl -module_prefix 
Execute         get_config_rtl -module_auto_prefix 
Execute         create_rtl_model compute_output_buffer_2d<array<ap_fixed<16, 6, 5, 3, 0>, 1u>, array<ap_fixed<37, 17, 5, 3, 0>, 4u>, config2> -top_prefix edge_cnn_linear_ -sub_prefix edge_cnn_linear_ -mg_file C:/Users/brand/Documents/engs192/zybo-edge-ai/hls/edge_cnn_linear_stream_hls/edge_cnn_linear_stream_prj/solution1/.autopilot/db/compute_output_buffer_2d_array_ap_fixed_16_6_5_3_0_1u_array_ap_fixed_37_17_5_3_0_4u_config2_s.compgen.tcl 
WARNING: [RTGEN 206-101] Register 'void_compute_output_buffer_2d_array_array_ap_fixed_4u_config2_array_ap_fixed_16_6_5_3_0_1u_const_ap_shift_reg_value_type_in_width_n_chan_stream_array_ap_fixed_37_17_5_3_0_4u_0_weight_t_bias_t_kernel_data_7' is power-on initialization.
WARNING: [RTGEN 206-101] Register 'void_compute_output_buffer_2d_array_array_ap_fixed_4u_config2_array_ap_fixed_16_6_5_3_0_1u_const_ap_shift_reg_value_type_in_width_n_chan_stream_array_ap_fixed_37_17_5_3_0_4u_0_weight_t_bias_t_kernel_data_8' is power-on initialization.
WARNING: [RTGEN 206-101] Register 'void_compute_output_buffer_2d_array_array_ap_fixed_4u_config2_array_ap_fixed_16_6_5_3_0_1u_const_ap_shift_reg_value_type_in_width_n_chan_stream_array_ap_fixed_37_17_5_3_0_4u_0_weight_t_bias_t_kernel_data_4' is power-on initialization.
WARNING: [RTGEN 206-101] Register 'void_compute_output_buffer_2d_array_array_ap_fixed_4u_config2_array_ap_fixed_16_6_5_3_0_1u_const_ap_shift_reg_value_type_in_width_n_chan_stream_array_ap_fixed_37_17_5_3_0_4u_0_weight_t_bias_t_kernel_data_5' is power-on initialization.
WARNING: [RTGEN 206-101] Register 'void_compute_output_buffer_2d_array_array_ap_fixed_4u_config2_array_ap_fixed_16_6_5_3_0_1u_const_ap_shift_reg_value_type_in_width_n_chan_stream_array_ap_fixed_37_17_5_3_0_4u_0_weight_t_bias_t_kernel_data_1' is power-on initialization.
WARNING: [RTGEN 206-101] Register 'void_compute_output_buffer_2d_array_array_ap_fixed_4u_config2_array_ap_fixed_16_6_5_3_0_1u_const_ap_shift_reg_value_type_in_width_n_chan_stream_array_ap_fixed_37_17_5_3_0_4u_0_weight_t_bias_t_kernel_data_2' is power-on initialization.
WARNING: [RTGEN 206-101] Register 'void_compute_output_buffer_2d_array_array_ap_fixed_4u_config2_array_ap_fixed_16_6_5_3_0_1u_const_ap_shift_reg_value_type_in_width_n_chan_stream_array_ap_fixed_37_17_5_3_0_4u_0_weight_t_bias_t_kernel_data_6' is power-on initialization.
WARNING: [RTGEN 206-101] Register 'void_compute_output_buffer_2d_array_array_ap_fixed_4u_config2_array_ap_fixed_16_6_5_3_0_1u_const_ap_shift_reg_value_type_in_width_n_chan_stream_array_ap_fixed_37_17_5_3_0_4u_0_weight_t_bias_t_kernel_data_3' is power-on initialization.
WARNING: [RTGEN 206-101] Register 'void_compute_output_buffer_2d_array_array_ap_fixed_4u_config2_array_ap_fixed_16_6_5_3_0_1u_const_ap_shift_reg_value_type_in_width_n_chan_stream_array_ap_fixed_37_17_5_3_0_4u_0_weight_t_bias_t_kernel_data' is power-on initialization.
WARNING: [RTGEN 206-101] Register 'sX_2' is power-on initialization.
WARNING: [RTGEN 206-101] Register 'sY_2' is power-on initialization.
WARNING: [RTGEN 206-101] Register 'pY_2' is power-on initialization.
WARNING: [RTGEN 206-101] Register 'pX_2' is power-on initialization.
INFO: [RTGEN 206-100] Finished creating RTL model for 'compute_output_buffer_2d_array_ap_fixed_16_6_5_3_0_1u_array_ap_fixed_37_17_5_3_0_4u_config2_s'.
Command         create_rtl_model done; 0.533 sec.
INFO: [HLS 200-111] Finished Creating RTL model: CPU user time: 1 seconds. CPU system time: 0 seconds. Elapsed time: 0.844 seconds; current allocated memory: 1.162 GB.
Execute         source C:/Users/brand/Documents/engs192/zybo-edge-ai/hls/edge_cnn_linear_stream_hls/edge_cnn_linear_stream_prj/solution1/.autopilot/db/edge_cnn_linear.rtl_wrap.cfg.tcl 
Execute         gen_rtl compute_output_buffer_2d<array<ap_fixed<16, 6, 5, 3, 0>, 1u>, array<ap_fixed<37, 17, 5, 3, 0>, 4u>, config2> -style xilinx -f -lang vhdl -o C:/Users/brand/Documents/engs192/zybo-edge-ai/hls/edge_cnn_linear_stream_hls/edge_cnn_linear_stream_prj/solution1/syn/vhdl/edge_cnn_linear_compute_output_buffer_2d_array_ap_fixed_16_6_5_3_0_1u_array_ap_fixed_37_17_5_3_0_4u_config2_s 
Execute         gen_rtl compute_output_buffer_2d<array<ap_fixed<16, 6, 5, 3, 0>, 1u>, array<ap_fixed<37, 17, 5, 3, 0>, 4u>, config2> -style xilinx -f -lang vlog -o C:/Users/brand/Documents/engs192/zybo-edge-ai/hls/edge_cnn_linear_stream_hls/edge_cnn_linear_stream_prj/solution1/syn/verilog/edge_cnn_linear_compute_output_buffer_2d_array_ap_fixed_16_6_5_3_0_1u_array_ap_fixed_37_17_5_3_0_4u_config2_s 
Execute         syn_report -csynth -model compute_output_buffer_2d<array<ap_fixed<16, 6, 5, 3, 0>, 1u>, array<ap_fixed<37, 17, 5, 3, 0>, 4u>, config2> -o C:/Users/brand/Documents/engs192/zybo-edge-ai/hls/edge_cnn_linear_stream_hls/edge_cnn_linear_stream_prj/solution1/syn/report/compute_output_buffer_2d_array_ap_fixed_16_6_5_3_0_1u_array_ap_fixed_37_17_5_3_0_4u_config2_s_csynth.rpt 
Execute           AP::get_flow_target_display_name
Execute             get_solution -flow_target 
Execute         syn_report -rtlxml -model compute_output_buffer_2d<array<ap_fixed<16, 6, 5, 3, 0>, 1u>, array<ap_fixed<37, 17, 5, 3, 0>, 4u>, config2> -o C:/Users/brand/Documents/engs192/zybo-edge-ai/hls/edge_cnn_linear_stream_hls/edge_cnn_linear_stream_prj/solution1/syn/report/compute_output_buffer_2d_array_ap_fixed_16_6_5_3_0_1u_array_ap_fixed_37_17_5_3_0_4u_config2_s_csynth.xml 
Execute           get_solution -flow_target
Execute             get_solution -flow_target 
Execute         syn_report -verbosereport -model compute_output_buffer_2d<array<ap_fixed<16, 6, 5, 3, 0>, 1u>, array<ap_fixed<37, 17, 5, 3, 0>, 4u>, config2> -o C:/Users/brand/Documents/engs192/zybo-edge-ai/hls/edge_cnn_linear_stream_hls/edge_cnn_linear_stream_prj/solution1/.autopilot/db/compute_output_buffer_2d_array_ap_fixed_16_6_5_3_0_1u_array_ap_fixed_37_17_5_3_0_4u_config2_s.verbose.rpt 
Execute           AP::get_flow_target_display_name
Execute             get_solution -flow_target 
Execute         db_write -model compute_output_buffer_2d<array<ap_fixed<16, 6, 5, 3, 0>, 1u>, array<ap_fixed<37, 17, 5, 3, 0>, 4u>, config2> -f -o C:/Users/brand/Documents/engs192/zybo-edge-ai/hls/edge_cnn_linear_stream_hls/edge_cnn_linear_stream_prj/solution1/.autopilot/db/compute_output_buffer_2d_array_ap_fixed_16_6_5_3_0_1u_array_ap_fixed_37_17_5_3_0_4u_config2_s.adb 
Execute         db_write -model compute_output_buffer_2d<array<ap_fixed<16, 6, 5, 3, 0>, 1u>, array<ap_fixed<37, 17, 5, 3, 0>, 4u>, config2> -bindview -o C:/Users/brand/Documents/engs192/zybo-edge-ai/hls/edge_cnn_linear_stream_hls/edge_cnn_linear_stream_prj/solution1/.autopilot/db/design.bindinfo.xml 
Execute         gen_tb_info compute_output_buffer_2d<array<ap_fixed<16, 6, 5, 3, 0>, 1u>, array<ap_fixed<37, 17, 5, 3, 0>, 4u>, config2> -p C:/Users/brand/Documents/engs192/zybo-edge-ai/hls/edge_cnn_linear_stream_hls/edge_cnn_linear_stream_prj/solution1/.autopilot/db -o C:/Users/brand/Documents/engs192/zybo-edge-ai/hls/edge_cnn_linear_stream_hls/edge_cnn_linear_stream_prj/solution1/.autopilot/db/compute_output_buffer_2d_array_ap_fixed_16_6_5_3_0_1u_array_ap_fixed_37_17_5_3_0_4u_config2_s 
INFO: [HLS 200-10] ----------------------------------------------------------------
INFO: [HLS 200-10] -- Generating RTL for module 'conv_2d_cl_array_ap_fixed_16_6_5_3_0_1u_array_ap_fixed_37_17_5_3_0_4u_config2_s' 
INFO: [HLS 200-10] ----------------------------------------------------------------
Execute         get_config_rtl -module_prefix 
Execute         get_config_rtl -module_auto_prefix 
Execute         get_config_rtl -module_prefix 
Execute         get_config_rtl -module_auto_prefix 
Execute         create_rtl_model conv_2d_cl<array<ap_fixed<16, 6, 5, 3, 0>, 1u>, array<ap_fixed<37, 17, 5, 3, 0>, 4u>, config2> -top_prefix edge_cnn_linear_ -sub_prefix edge_cnn_linear_ -mg_file C:/Users/brand/Documents/engs192/zybo-edge-ai/hls/edge_cnn_linear_stream_hls/edge_cnn_linear_stream_prj/solution1/.autopilot/db/conv_2d_cl_array_ap_fixed_16_6_5_3_0_1u_array_ap_fixed_37_17_5_3_0_4u_config2_s.compgen.tcl 
INFO: [RTGEN 206-100] Finished creating RTL model for 'conv_2d_cl_array_ap_fixed_16_6_5_3_0_1u_array_ap_fixed_37_17_5_3_0_4u_config2_s'.
INFO: [HLS 200-111] Finished Creating RTL model: CPU user time: 0 seconds. CPU system time: 0 seconds. Elapsed time: 0.399 seconds; current allocated memory: 1.162 GB.
Execute         source C:/Users/brand/Documents/engs192/zybo-edge-ai/hls/edge_cnn_linear_stream_hls/edge_cnn_linear_stream_prj/solution1/.autopilot/db/edge_cnn_linear.rtl_wrap.cfg.tcl 
Execute         gen_rtl conv_2d_cl<array<ap_fixed<16, 6, 5, 3, 0>, 1u>, array<ap_fixed<37, 17, 5, 3, 0>, 4u>, config2> -style xilinx -f -lang vhdl -o C:/Users/brand/Documents/engs192/zybo-edge-ai/hls/edge_cnn_linear_stream_hls/edge_cnn_linear_stream_prj/solution1/syn/vhdl/edge_cnn_linear_conv_2d_cl_array_ap_fixed_16_6_5_3_0_1u_array_ap_fixed_37_17_5_3_0_4u_config2_s 
Execute         gen_rtl conv_2d_cl<array<ap_fixed<16, 6, 5, 3, 0>, 1u>, array<ap_fixed<37, 17, 5, 3, 0>, 4u>, config2> -style xilinx -f -lang vlog -o C:/Users/brand/Documents/engs192/zybo-edge-ai/hls/edge_cnn_linear_stream_hls/edge_cnn_linear_stream_prj/solution1/syn/verilog/edge_cnn_linear_conv_2d_cl_array_ap_fixed_16_6_5_3_0_1u_array_ap_fixed_37_17_5_3_0_4u_config2_s 
Execute         syn_report -csynth -model conv_2d_cl<array<ap_fixed<16, 6, 5, 3, 0>, 1u>, array<ap_fixed<37, 17, 5, 3, 0>, 4u>, config2> -o C:/Users/brand/Documents/engs192/zybo-edge-ai/hls/edge_cnn_linear_stream_hls/edge_cnn_linear_stream_prj/solution1/syn/report/conv_2d_cl_array_ap_fixed_16_6_5_3_0_1u_array_ap_fixed_37_17_5_3_0_4u_config2_s_csynth.rpt 
Execute           AP::get_flow_target_display_name
Execute             get_solution -flow_target 
Execute         syn_report -rtlxml -model conv_2d_cl<array<ap_fixed<16, 6, 5, 3, 0>, 1u>, array<ap_fixed<37, 17, 5, 3, 0>, 4u>, config2> -o C:/Users/brand/Documents/engs192/zybo-edge-ai/hls/edge_cnn_linear_stream_hls/edge_cnn_linear_stream_prj/solution1/syn/report/conv_2d_cl_array_ap_fixed_16_6_5_3_0_1u_array_ap_fixed_37_17_5_3_0_4u_config2_s_csynth.xml 
Execute           get_solution -flow_target
Execute             get_solution -flow_target 
Execute         syn_report -verbosereport -model conv_2d_cl<array<ap_fixed<16, 6, 5, 3, 0>, 1u>, array<ap_fixed<37, 17, 5, 3, 0>, 4u>, config2> -o C:/Users/brand/Documents/engs192/zybo-edge-ai/hls/edge_cnn_linear_stream_hls/edge_cnn_linear_stream_prj/solution1/.autopilot/db/conv_2d_cl_array_ap_fixed_16_6_5_3_0_1u_array_ap_fixed_37_17_5_3_0_4u_config2_s.verbose.rpt 
Execute           AP::get_flow_target_display_name
Execute             get_solution -flow_target 
Execute         db_write -model conv_2d_cl<array<ap_fixed<16, 6, 5, 3, 0>, 1u>, array<ap_fixed<37, 17, 5, 3, 0>, 4u>, config2> -f -o C:/Users/brand/Documents/engs192/zybo-edge-ai/hls/edge_cnn_linear_stream_hls/edge_cnn_linear_stream_prj/solution1/.autopilot/db/conv_2d_cl_array_ap_fixed_16_6_5_3_0_1u_array_ap_fixed_37_17_5_3_0_4u_config2_s.adb 
Execute         db_write -model conv_2d_cl<array<ap_fixed<16, 6, 5, 3, 0>, 1u>, array<ap_fixed<37, 17, 5, 3, 0>, 4u>, config2> -bindview -o C:/Users/brand/Documents/engs192/zybo-edge-ai/hls/edge_cnn_linear_stream_hls/edge_cnn_linear_stream_prj/solution1/.autopilot/db/design.bindinfo.xml 
Execute         gen_tb_info conv_2d_cl<array<ap_fixed<16, 6, 5, 3, 0>, 1u>, array<ap_fixed<37, 17, 5, 3, 0>, 4u>, config2> -p C:/Users/brand/Documents/engs192/zybo-edge-ai/hls/edge_cnn_linear_stream_hls/edge_cnn_linear_stream_prj/solution1/.autopilot/db -o C:/Users/brand/Documents/engs192/zybo-edge-ai/hls/edge_cnn_linear_stream_hls/edge_cnn_linear_stream_prj/solution1/.autopilot/db/conv_2d_cl_array_ap_fixed_16_6_5_3_0_1u_array_ap_fixed_37_17_5_3_0_4u_config2_s 
INFO: [HLS 200-10] ----------------------------------------------------------------
INFO: [HLS 200-10] -- Generating RTL for module 'relu_array_ap_fixed_37_17_5_3_0_4u_array_ap_fixed_16_6_5_3_0_4u_relu_config3_s' 
INFO: [HLS 200-10] ----------------------------------------------------------------
Execute         get_config_rtl -module_prefix 
Execute         get_config_rtl -module_auto_prefix 
Execute         get_config_rtl -module_prefix 
Execute         get_config_rtl -module_auto_prefix 
Execute         create_rtl_model relu<array<ap_fixed<37, 17, 5, 3, 0>, 4u>, array<ap_fixed<16, 6, 5, 3, 0>, 4u>, relu_config3> -top_prefix edge_cnn_linear_ -sub_prefix edge_cnn_linear_ -mg_file C:/Users/brand/Documents/engs192/zybo-edge-ai/hls/edge_cnn_linear_stream_hls/edge_cnn_linear_stream_prj/solution1/.autopilot/db/relu_array_ap_fixed_37_17_5_3_0_4u_array_ap_fixed_16_6_5_3_0_4u_relu_config3_s.compgen.tcl 
INFO: [HLS 200-1030] Apply Unified Pipeline Control on module 'relu_array_ap_fixed_37_17_5_3_0_4u_array_ap_fixed_16_6_5_3_0_4u_relu_config3_s' pipeline 'ReLUActLoop' pipeline type 'loop pipeline'
INFO: [RTGEN 206-100] Finished creating RTL model for 'relu_array_ap_fixed_37_17_5_3_0_4u_array_ap_fixed_16_6_5_3_0_4u_relu_config3_s'.
INFO: [HLS 200-111] Finished Creating RTL model: CPU user time: 0 seconds. CPU system time: 0 seconds. Elapsed time: 0.338 seconds; current allocated memory: 1.162 GB.
Execute         source C:/Users/brand/Documents/engs192/zybo-edge-ai/hls/edge_cnn_linear_stream_hls/edge_cnn_linear_stream_prj/solution1/.autopilot/db/edge_cnn_linear.rtl_wrap.cfg.tcl 
Execute         gen_rtl relu<array<ap_fixed<37, 17, 5, 3, 0>, 4u>, array<ap_fixed<16, 6, 5, 3, 0>, 4u>, relu_config3> -style xilinx -f -lang vhdl -o C:/Users/brand/Documents/engs192/zybo-edge-ai/hls/edge_cnn_linear_stream_hls/edge_cnn_linear_stream_prj/solution1/syn/vhdl/edge_cnn_linear_relu_array_ap_fixed_37_17_5_3_0_4u_array_ap_fixed_16_6_5_3_0_4u_relu_config3_s 
Execute         gen_rtl relu<array<ap_fixed<37, 17, 5, 3, 0>, 4u>, array<ap_fixed<16, 6, 5, 3, 0>, 4u>, relu_config3> -style xilinx -f -lang vlog -o C:/Users/brand/Documents/engs192/zybo-edge-ai/hls/edge_cnn_linear_stream_hls/edge_cnn_linear_stream_prj/solution1/syn/verilog/edge_cnn_linear_relu_array_ap_fixed_37_17_5_3_0_4u_array_ap_fixed_16_6_5_3_0_4u_relu_config3_s 
Execute         syn_report -csynth -model relu<array<ap_fixed<37, 17, 5, 3, 0>, 4u>, array<ap_fixed<16, 6, 5, 3, 0>, 4u>, relu_config3> -o C:/Users/brand/Documents/engs192/zybo-edge-ai/hls/edge_cnn_linear_stream_hls/edge_cnn_linear_stream_prj/solution1/syn/report/relu_array_ap_fixed_37_17_5_3_0_4u_array_ap_fixed_16_6_5_3_0_4u_relu_config3_s_csynth.rpt 
Execute           AP::get_flow_target_display_name
Execute             get_solution -flow_target 
Execute         syn_report -rtlxml -model relu<array<ap_fixed<37, 17, 5, 3, 0>, 4u>, array<ap_fixed<16, 6, 5, 3, 0>, 4u>, relu_config3> -o C:/Users/brand/Documents/engs192/zybo-edge-ai/hls/edge_cnn_linear_stream_hls/edge_cnn_linear_stream_prj/solution1/syn/report/relu_array_ap_fixed_37_17_5_3_0_4u_array_ap_fixed_16_6_5_3_0_4u_relu_config3_s_csynth.xml 
Execute           get_solution -flow_target
Execute             get_solution -flow_target 
Execute         syn_report -verbosereport -model relu<array<ap_fixed<37, 17, 5, 3, 0>, 4u>, array<ap_fixed<16, 6, 5, 3, 0>, 4u>, relu_config3> -o C:/Users/brand/Documents/engs192/zybo-edge-ai/hls/edge_cnn_linear_stream_hls/edge_cnn_linear_stream_prj/solution1/.autopilot/db/relu_array_ap_fixed_37_17_5_3_0_4u_array_ap_fixed_16_6_5_3_0_4u_relu_config3_s.verbose.rpt 
Execute           AP::get_flow_target_display_name
Execute             get_solution -flow_target 
Execute         db_write -model relu<array<ap_fixed<37, 17, 5, 3, 0>, 4u>, array<ap_fixed<16, 6, 5, 3, 0>, 4u>, relu_config3> -f -o C:/Users/brand/Documents/engs192/zybo-edge-ai/hls/edge_cnn_linear_stream_hls/edge_cnn_linear_stream_prj/solution1/.autopilot/db/relu_array_ap_fixed_37_17_5_3_0_4u_array_ap_fixed_16_6_5_3_0_4u_relu_config3_s.adb 
Execute         db_write -model relu<array<ap_fixed<37, 17, 5, 3, 0>, 4u>, array<ap_fixed<16, 6, 5, 3, 0>, 4u>, relu_config3> -bindview -o C:/Users/brand/Documents/engs192/zybo-edge-ai/hls/edge_cnn_linear_stream_hls/edge_cnn_linear_stream_prj/solution1/.autopilot/db/design.bindinfo.xml 
Execute         gen_tb_info relu<array<ap_fixed<37, 17, 5, 3, 0>, 4u>, array<ap_fixed<16, 6, 5, 3, 0>, 4u>, relu_config3> -p C:/Users/brand/Documents/engs192/zybo-edge-ai/hls/edge_cnn_linear_stream_hls/edge_cnn_linear_stream_prj/solution1/.autopilot/db -o C:/Users/brand/Documents/engs192/zybo-edge-ai/hls/edge_cnn_linear_stream_hls/edge_cnn_linear_stream_prj/solution1/.autopilot/db/relu_array_ap_fixed_37_17_5_3_0_4u_array_ap_fixed_16_6_5_3_0_4u_relu_config3_s 
INFO: [HLS 200-10] ----------------------------------------------------------------
INFO: [HLS 200-10] -- Generating RTL for module 'zeropad2d_cl_array_ap_fixed_16_6_5_3_0_4u_array_ap_fixed_16_6_5_3_0_4u_config8_Pipeline_PadTopWidth' 
INFO: [HLS 200-10] ----------------------------------------------------------------
Execute         get_config_rtl -module_prefix 
Execute         get_config_rtl -module_auto_prefix 
Execute         get_config_rtl -module_prefix 
Execute         get_config_rtl -module_auto_prefix 
Execute         create_rtl_model zeropad2d_cl<array<ap_fixed<16, 6, 5, 3, 0>, 4u>, array<ap_fixed<16, 6, 5, 3, 0>, 4u>, config8>_Pipeline_PadTopWidth -top_prefix edge_cnn_linear_ -sub_prefix edge_cnn_linear_ -mg_file C:/Users/brand/Documents/engs192/zybo-edge-ai/hls/edge_cnn_linear_stream_hls/edge_cnn_linear_stream_prj/solution1/.autopilot/db/zeropad2d_cl_array_ap_fixed_16_6_5_3_0_4u_array_ap_fixed_16_6_5_3_0_4u_config8_Pipeline_PadTopWidth.compgen.tcl 
INFO: [HLS 200-1030] Apply Unified Pipeline Control on module 'zeropad2d_cl_array_ap_fixed_16_6_5_3_0_4u_array_ap_fixed_16_6_5_3_0_4u_config8_Pipeline_PadTopWidth' pipeline 'PadTopWidth' pipeline type 'loop pipeline'
INFO: [RTGEN 206-100] Finished creating RTL model for 'zeropad2d_cl_array_ap_fixed_16_6_5_3_0_4u_array_ap_fixed_16_6_5_3_0_4u_config8_Pipeline_PadTopWidth'.
INFO: [HLS 200-111] Finished Creating RTL model: CPU user time: 0 seconds. CPU system time: 0 seconds. Elapsed time: 0.344 seconds; current allocated memory: 1.162 GB.
Execute         source C:/Users/brand/Documents/engs192/zybo-edge-ai/hls/edge_cnn_linear_stream_hls/edge_cnn_linear_stream_prj/solution1/.autopilot/db/edge_cnn_linear.rtl_wrap.cfg.tcl 
Execute         gen_rtl zeropad2d_cl<array<ap_fixed<16, 6, 5, 3, 0>, 4u>, array<ap_fixed<16, 6, 5, 3, 0>, 4u>, config8>_Pipeline_PadTopWidth -style xilinx -f -lang vhdl -o C:/Users/brand/Documents/engs192/zybo-edge-ai/hls/edge_cnn_linear_stream_hls/edge_cnn_linear_stream_prj/solution1/syn/vhdl/edge_cnn_linear_zeropad2d_cl_array_ap_fixed_16_6_5_3_0_4u_array_ap_fixed_16_6_5_3_0_4u_config8_Pipeline_PadTopWidth 
Execute         gen_rtl zeropad2d_cl<array<ap_fixed<16, 6, 5, 3, 0>, 4u>, array<ap_fixed<16, 6, 5, 3, 0>, 4u>, config8>_Pipeline_PadTopWidth -style xilinx -f -lang vlog -o C:/Users/brand/Documents/engs192/zybo-edge-ai/hls/edge_cnn_linear_stream_hls/edge_cnn_linear_stream_prj/solution1/syn/verilog/edge_cnn_linear_zeropad2d_cl_array_ap_fixed_16_6_5_3_0_4u_array_ap_fixed_16_6_5_3_0_4u_config8_Pipeline_PadTopWidth 
Execute         syn_report -csynth -model zeropad2d_cl<array<ap_fixed<16, 6, 5, 3, 0>, 4u>, array<ap_fixed<16, 6, 5, 3, 0>, 4u>, config8>_Pipeline_PadTopWidth -o C:/Users/brand/Documents/engs192/zybo-edge-ai/hls/edge_cnn_linear_stream_hls/edge_cnn_linear_stream_prj/solution1/syn/report/zeropad2d_cl_array_ap_fixed_16_6_5_3_0_4u_array_ap_fixed_16_6_5_3_0_4u_config8_Pipeline_PadTopWidth_csynth.rpt 
Execute           AP::get_flow_target_display_name
Execute             get_solution -flow_target 
Execute         syn_report -rtlxml -model zeropad2d_cl<array<ap_fixed<16, 6, 5, 3, 0>, 4u>, array<ap_fixed<16, 6, 5, 3, 0>, 4u>, config8>_Pipeline_PadTopWidth -o C:/Users/brand/Documents/engs192/zybo-edge-ai/hls/edge_cnn_linear_stream_hls/edge_cnn_linear_stream_prj/solution1/syn/report/zeropad2d_cl_array_ap_fixed_16_6_5_3_0_4u_array_ap_fixed_16_6_5_3_0_4u_config8_Pipeline_PadTopWidth_csynth.xml 
Execute           get_solution -flow_target
Execute             get_solution -flow_target 
Execute         syn_report -verbosereport -model zeropad2d_cl<array<ap_fixed<16, 6, 5, 3, 0>, 4u>, array<ap_fixed<16, 6, 5, 3, 0>, 4u>, config8>_Pipeline_PadTopWidth -o C:/Users/brand/Documents/engs192/zybo-edge-ai/hls/edge_cnn_linear_stream_hls/edge_cnn_linear_stream_prj/solution1/.autopilot/db/zeropad2d_cl_array_ap_fixed_16_6_5_3_0_4u_array_ap_fixed_16_6_5_3_0_4u_config8_Pipeline_PadTopWidth.verbose.rpt 
Execute           AP::get_flow_target_display_name
Execute             get_solution -flow_target 
Execute         db_write -model zeropad2d_cl<array<ap_fixed<16, 6, 5, 3, 0>, 4u>, array<ap_fixed<16, 6, 5, 3, 0>, 4u>, config8>_Pipeline_PadTopWidth -f -o C:/Users/brand/Documents/engs192/zybo-edge-ai/hls/edge_cnn_linear_stream_hls/edge_cnn_linear_stream_prj/solution1/.autopilot/db/zeropad2d_cl_array_ap_fixed_16_6_5_3_0_4u_array_ap_fixed_16_6_5_3_0_4u_config8_Pipeline_PadTopWidth.adb 
Execute         db_write -model zeropad2d_cl<array<ap_fixed<16, 6, 5, 3, 0>, 4u>, array<ap_fixed<16, 6, 5, 3, 0>, 4u>, config8>_Pipeline_PadTopWidth -bindview -o C:/Users/brand/Documents/engs192/zybo-edge-ai/hls/edge_cnn_linear_stream_hls/edge_cnn_linear_stream_prj/solution1/.autopilot/db/design.bindinfo.xml 
Execute         gen_tb_info zeropad2d_cl<array<ap_fixed<16, 6, 5, 3, 0>, 4u>, array<ap_fixed<16, 6, 5, 3, 0>, 4u>, config8>_Pipeline_PadTopWidth -p C:/Users/brand/Documents/engs192/zybo-edge-ai/hls/edge_cnn_linear_stream_hls/edge_cnn_linear_stream_prj/solution1/.autopilot/db -o C:/Users/brand/Documents/engs192/zybo-edge-ai/hls/edge_cnn_linear_stream_hls/edge_cnn_linear_stream_prj/solution1/.autopilot/db/zeropad2d_cl_array_ap_fixed_16_6_5_3_0_4u_array_ap_fixed_16_6_5_3_0_4u_config8_Pipeline_PadTopWidth 
INFO: [HLS 200-10] ----------------------------------------------------------------
INFO: [HLS 200-10] -- Generating RTL for module 'zeropad2d_cl_array_ap_fixed_16_6_5_3_0_4u_array_ap_fixed_16_6_5_3_0_4u_config8_Pipeline_CopyMain' 
INFO: [HLS 200-10] ----------------------------------------------------------------
Execute         get_config_rtl -module_prefix 
Execute         get_config_rtl -module_auto_prefix 
Execute         get_config_rtl -module_prefix 
Execute         get_config_rtl -module_auto_prefix 
Execute         create_rtl_model zeropad2d_cl<array<ap_fixed<16, 6, 5, 3, 0>, 4u>, array<ap_fixed<16, 6, 5, 3, 0>, 4u>, config8>_Pipeline_CopyMain -top_prefix edge_cnn_linear_ -sub_prefix edge_cnn_linear_ -mg_file C:/Users/brand/Documents/engs192/zybo-edge-ai/hls/edge_cnn_linear_stream_hls/edge_cnn_linear_stream_prj/solution1/.autopilot/db/zeropad2d_cl_array_ap_fixed_16_6_5_3_0_4u_array_ap_fixed_16_6_5_3_0_4u_config8_Pipeline_CopyMain.compgen.tcl 
INFO: [HLS 200-1030] Apply Unified Pipeline Control on module 'zeropad2d_cl_array_ap_fixed_16_6_5_3_0_4u_array_ap_fixed_16_6_5_3_0_4u_config8_Pipeline_CopyMain' pipeline 'CopyMain' pipeline type 'loop pipeline'
INFO: [RTGEN 206-100] Finished creating RTL model for 'zeropad2d_cl_array_ap_fixed_16_6_5_3_0_4u_array_ap_fixed_16_6_5_3_0_4u_config8_Pipeline_CopyMain'.
INFO: [HLS 200-111] Finished Creating RTL model: CPU user time: 0 seconds. CPU system time: 0 seconds. Elapsed time: 0.236 seconds; current allocated memory: 1.162 GB.
Execute         source C:/Users/brand/Documents/engs192/zybo-edge-ai/hls/edge_cnn_linear_stream_hls/edge_cnn_linear_stream_prj/solution1/.autopilot/db/edge_cnn_linear.rtl_wrap.cfg.tcl 
Execute         gen_rtl zeropad2d_cl<array<ap_fixed<16, 6, 5, 3, 0>, 4u>, array<ap_fixed<16, 6, 5, 3, 0>, 4u>, config8>_Pipeline_CopyMain -style xilinx -f -lang vhdl -o C:/Users/brand/Documents/engs192/zybo-edge-ai/hls/edge_cnn_linear_stream_hls/edge_cnn_linear_stream_prj/solution1/syn/vhdl/edge_cnn_linear_zeropad2d_cl_array_ap_fixed_16_6_5_3_0_4u_array_ap_fixed_16_6_5_3_0_4u_config8_Pipeline_CopyMain 
Execute         gen_rtl zeropad2d_cl<array<ap_fixed<16, 6, 5, 3, 0>, 4u>, array<ap_fixed<16, 6, 5, 3, 0>, 4u>, config8>_Pipeline_CopyMain -style xilinx -f -lang vlog -o C:/Users/brand/Documents/engs192/zybo-edge-ai/hls/edge_cnn_linear_stream_hls/edge_cnn_linear_stream_prj/solution1/syn/verilog/edge_cnn_linear_zeropad2d_cl_array_ap_fixed_16_6_5_3_0_4u_array_ap_fixed_16_6_5_3_0_4u_config8_Pipeline_CopyMain 
Execute         syn_report -csynth -model zeropad2d_cl<array<ap_fixed<16, 6, 5, 3, 0>, 4u>, array<ap_fixed<16, 6, 5, 3, 0>, 4u>, config8>_Pipeline_CopyMain -o C:/Users/brand/Documents/engs192/zybo-edge-ai/hls/edge_cnn_linear_stream_hls/edge_cnn_linear_stream_prj/solution1/syn/report/zeropad2d_cl_array_ap_fixed_16_6_5_3_0_4u_array_ap_fixed_16_6_5_3_0_4u_config8_Pipeline_CopyMain_csynth.rpt 
Execute           AP::get_flow_target_display_name
Execute             get_solution -flow_target 
Execute         syn_report -rtlxml -model zeropad2d_cl<array<ap_fixed<16, 6, 5, 3, 0>, 4u>, array<ap_fixed<16, 6, 5, 3, 0>, 4u>, config8>_Pipeline_CopyMain -o C:/Users/brand/Documents/engs192/zybo-edge-ai/hls/edge_cnn_linear_stream_hls/edge_cnn_linear_stream_prj/solution1/syn/report/zeropad2d_cl_array_ap_fixed_16_6_5_3_0_4u_array_ap_fixed_16_6_5_3_0_4u_config8_Pipeline_CopyMain_csynth.xml 
Execute           get_solution -flow_target
Execute             get_solution -flow_target 
Execute         syn_report -verbosereport -model zeropad2d_cl<array<ap_fixed<16, 6, 5, 3, 0>, 4u>, array<ap_fixed<16, 6, 5, 3, 0>, 4u>, config8>_Pipeline_CopyMain -o C:/Users/brand/Documents/engs192/zybo-edge-ai/hls/edge_cnn_linear_stream_hls/edge_cnn_linear_stream_prj/solution1/.autopilot/db/zeropad2d_cl_array_ap_fixed_16_6_5_3_0_4u_array_ap_fixed_16_6_5_3_0_4u_config8_Pipeline_CopyMain.verbose.rpt 
Execute           AP::get_flow_target_display_name
Execute             get_solution -flow_target 
Execute         db_write -model zeropad2d_cl<array<ap_fixed<16, 6, 5, 3, 0>, 4u>, array<ap_fixed<16, 6, 5, 3, 0>, 4u>, config8>_Pipeline_CopyMain -f -o C:/Users/brand/Documents/engs192/zybo-edge-ai/hls/edge_cnn_linear_stream_hls/edge_cnn_linear_stream_prj/solution1/.autopilot/db/zeropad2d_cl_array_ap_fixed_16_6_5_3_0_4u_array_ap_fixed_16_6_5_3_0_4u_config8_Pipeline_CopyMain.adb 
Execute         db_write -model zeropad2d_cl<array<ap_fixed<16, 6, 5, 3, 0>, 4u>, array<ap_fixed<16, 6, 5, 3, 0>, 4u>, config8>_Pipeline_CopyMain -bindview -o C:/Users/brand/Documents/engs192/zybo-edge-ai/hls/edge_cnn_linear_stream_hls/edge_cnn_linear_stream_prj/solution1/.autopilot/db/design.bindinfo.xml 
Execute         gen_tb_info zeropad2d_cl<array<ap_fixed<16, 6, 5, 3, 0>, 4u>, array<ap_fixed<16, 6, 5, 3, 0>, 4u>, config8>_Pipeline_CopyMain -p C:/Users/brand/Documents/engs192/zybo-edge-ai/hls/edge_cnn_linear_stream_hls/edge_cnn_linear_stream_prj/solution1/.autopilot/db -o C:/Users/brand/Documents/engs192/zybo-edge-ai/hls/edge_cnn_linear_stream_hls/edge_cnn_linear_stream_prj/solution1/.autopilot/db/zeropad2d_cl_array_ap_fixed_16_6_5_3_0_4u_array_ap_fixed_16_6_5_3_0_4u_config8_Pipeline_CopyMain 
INFO: [HLS 200-10] ----------------------------------------------------------------
INFO: [HLS 200-10] -- Generating RTL for module 'zeropad2d_cl_array_ap_fixed_16_6_5_3_0_4u_array_ap_fixed_16_6_5_3_0_4u_config8_Pipeline_PadBottomWidth' 
INFO: [HLS 200-10] ----------------------------------------------------------------
Execute         get_config_rtl -module_prefix 
Execute         get_config_rtl -module_auto_prefix 
Execute         get_config_rtl -module_prefix 
Execute         get_config_rtl -module_auto_prefix 
Execute         create_rtl_model zeropad2d_cl<array<ap_fixed<16, 6, 5, 3, 0>, 4u>, array<ap_fixed<16, 6, 5, 3, 0>, 4u>, config8>_Pipeline_PadBottomWidth -top_prefix edge_cnn_linear_ -sub_prefix edge_cnn_linear_ -mg_file C:/Users/brand/Documents/engs192/zybo-edge-ai/hls/edge_cnn_linear_stream_hls/edge_cnn_linear_stream_prj/solution1/.autopilot/db/zeropad2d_cl_array_ap_fixed_16_6_5_3_0_4u_array_ap_fixed_16_6_5_3_0_4u_config8_Pipeline_PadBottomWidth.compgen.tcl 
INFO: [HLS 200-1030] Apply Unified Pipeline Control on module 'zeropad2d_cl_array_ap_fixed_16_6_5_3_0_4u_array_ap_fixed_16_6_5_3_0_4u_config8_Pipeline_PadBottomWidth' pipeline 'PadBottomWidth' pipeline type 'loop pipeline'
INFO: [RTGEN 206-100] Finished creating RTL model for 'zeropad2d_cl_array_ap_fixed_16_6_5_3_0_4u_array_ap_fixed_16_6_5_3_0_4u_config8_Pipeline_PadBottomWidth'.
INFO: [HLS 200-111] Finished Creating RTL model: CPU user time: 0 seconds. CPU system time: 1 seconds. Elapsed time: 0.34 seconds; current allocated memory: 1.162 GB.
Execute         source C:/Users/brand/Documents/engs192/zybo-edge-ai/hls/edge_cnn_linear_stream_hls/edge_cnn_linear_stream_prj/solution1/.autopilot/db/edge_cnn_linear.rtl_wrap.cfg.tcl 
Execute         gen_rtl zeropad2d_cl<array<ap_fixed<16, 6, 5, 3, 0>, 4u>, array<ap_fixed<16, 6, 5, 3, 0>, 4u>, config8>_Pipeline_PadBottomWidth -style xilinx -f -lang vhdl -o C:/Users/brand/Documents/engs192/zybo-edge-ai/hls/edge_cnn_linear_stream_hls/edge_cnn_linear_stream_prj/solution1/syn/vhdl/edge_cnn_linear_zeropad2d_cl_array_ap_fixed_16_6_5_3_0_4u_array_ap_fixed_16_6_5_3_0_4u_config8_Pipeline_PadBottomWidth 
Execute         gen_rtl zeropad2d_cl<array<ap_fixed<16, 6, 5, 3, 0>, 4u>, array<ap_fixed<16, 6, 5, 3, 0>, 4u>, config8>_Pipeline_PadBottomWidth -style xilinx -f -lang vlog -o C:/Users/brand/Documents/engs192/zybo-edge-ai/hls/edge_cnn_linear_stream_hls/edge_cnn_linear_stream_prj/solution1/syn/verilog/edge_cnn_linear_zeropad2d_cl_array_ap_fixed_16_6_5_3_0_4u_array_ap_fixed_16_6_5_3_0_4u_config8_Pipeline_PadBottomWidth 
Execute         syn_report -csynth -model zeropad2d_cl<array<ap_fixed<16, 6, 5, 3, 0>, 4u>, array<ap_fixed<16, 6, 5, 3, 0>, 4u>, config8>_Pipeline_PadBottomWidth -o C:/Users/brand/Documents/engs192/zybo-edge-ai/hls/edge_cnn_linear_stream_hls/edge_cnn_linear_stream_prj/solution1/syn/report/zeropad2d_cl_array_ap_fixed_16_6_5_3_0_4u_array_ap_fixed_16_6_5_3_0_4u_config8_Pipeline_PadBottomWidth_csynth.rpt 
Execute           AP::get_flow_target_display_name
Execute             get_solution -flow_target 
Execute         syn_report -rtlxml -model zeropad2d_cl<array<ap_fixed<16, 6, 5, 3, 0>, 4u>, array<ap_fixed<16, 6, 5, 3, 0>, 4u>, config8>_Pipeline_PadBottomWidth -o C:/Users/brand/Documents/engs192/zybo-edge-ai/hls/edge_cnn_linear_stream_hls/edge_cnn_linear_stream_prj/solution1/syn/report/zeropad2d_cl_array_ap_fixed_16_6_5_3_0_4u_array_ap_fixed_16_6_5_3_0_4u_config8_Pipeline_PadBottomWidth_csynth.xml 
Execute           get_solution -flow_target
Execute             get_solution -flow_target 
Execute         syn_report -verbosereport -model zeropad2d_cl<array<ap_fixed<16, 6, 5, 3, 0>, 4u>, array<ap_fixed<16, 6, 5, 3, 0>, 4u>, config8>_Pipeline_PadBottomWidth -o C:/Users/brand/Documents/engs192/zybo-edge-ai/hls/edge_cnn_linear_stream_hls/edge_cnn_linear_stream_prj/solution1/.autopilot/db/zeropad2d_cl_array_ap_fixed_16_6_5_3_0_4u_array_ap_fixed_16_6_5_3_0_4u_config8_Pipeline_PadBottomWidth.verbose.rpt 
Execute           AP::get_flow_target_display_name
Execute             get_solution -flow_target 
Execute         db_write -model zeropad2d_cl<array<ap_fixed<16, 6, 5, 3, 0>, 4u>, array<ap_fixed<16, 6, 5, 3, 0>, 4u>, config8>_Pipeline_PadBottomWidth -f -o C:/Users/brand/Documents/engs192/zybo-edge-ai/hls/edge_cnn_linear_stream_hls/edge_cnn_linear_stream_prj/solution1/.autopilot/db/zeropad2d_cl_array_ap_fixed_16_6_5_3_0_4u_array_ap_fixed_16_6_5_3_0_4u_config8_Pipeline_PadBottomWidth.adb 
Execute         db_write -model zeropad2d_cl<array<ap_fixed<16, 6, 5, 3, 0>, 4u>, array<ap_fixed<16, 6, 5, 3, 0>, 4u>, config8>_Pipeline_PadBottomWidth -bindview -o C:/Users/brand/Documents/engs192/zybo-edge-ai/hls/edge_cnn_linear_stream_hls/edge_cnn_linear_stream_prj/solution1/.autopilot/db/design.bindinfo.xml 
Execute         gen_tb_info zeropad2d_cl<array<ap_fixed<16, 6, 5, 3, 0>, 4u>, array<ap_fixed<16, 6, 5, 3, 0>, 4u>, config8>_Pipeline_PadBottomWidth -p C:/Users/brand/Documents/engs192/zybo-edge-ai/hls/edge_cnn_linear_stream_hls/edge_cnn_linear_stream_prj/solution1/.autopilot/db -o C:/Users/brand/Documents/engs192/zybo-edge-ai/hls/edge_cnn_linear_stream_hls/edge_cnn_linear_stream_prj/solution1/.autopilot/db/zeropad2d_cl_array_ap_fixed_16_6_5_3_0_4u_array_ap_fixed_16_6_5_3_0_4u_config8_Pipeline_PadBottomWidth 
INFO: [HLS 200-10] ----------------------------------------------------------------
INFO: [HLS 200-10] -- Generating RTL for module 'zeropad2d_cl_array_ap_fixed_16_6_5_3_0_4u_array_ap_fixed_16_6_5_3_0_4u_config8_s' 
INFO: [HLS 200-10] ----------------------------------------------------------------
Execute         get_config_rtl -module_prefix 
Execute         get_config_rtl -module_auto_prefix 
Execute         get_config_rtl -module_prefix 
Execute         get_config_rtl -module_auto_prefix 
Execute         create_rtl_model zeropad2d_cl<array<ap_fixed<16, 6, 5, 3, 0>, 4u>, array<ap_fixed<16, 6, 5, 3, 0>, 4u>, config8> -top_prefix edge_cnn_linear_ -sub_prefix edge_cnn_linear_ -mg_file C:/Users/brand/Documents/engs192/zybo-edge-ai/hls/edge_cnn_linear_stream_hls/edge_cnn_linear_stream_prj/solution1/.autopilot/db/zeropad2d_cl_array_ap_fixed_16_6_5_3_0_4u_array_ap_fixed_16_6_5_3_0_4u_config8_s.compgen.tcl 
INFO: [RTGEN 206-100] Finished creating RTL model for 'zeropad2d_cl_array_ap_fixed_16_6_5_3_0_4u_array_ap_fixed_16_6_5_3_0_4u_config8_s'.
INFO: [HLS 200-111] Finished Creating RTL model: CPU user time: 0 seconds. CPU system time: 0 seconds. Elapsed time: 0.259 seconds; current allocated memory: 1.162 GB.
Execute         source C:/Users/brand/Documents/engs192/zybo-edge-ai/hls/edge_cnn_linear_stream_hls/edge_cnn_linear_stream_prj/solution1/.autopilot/db/edge_cnn_linear.rtl_wrap.cfg.tcl 
Execute         gen_rtl zeropad2d_cl<array<ap_fixed<16, 6, 5, 3, 0>, 4u>, array<ap_fixed<16, 6, 5, 3, 0>, 4u>, config8> -style xilinx -f -lang vhdl -o C:/Users/brand/Documents/engs192/zybo-edge-ai/hls/edge_cnn_linear_stream_hls/edge_cnn_linear_stream_prj/solution1/syn/vhdl/edge_cnn_linear_zeropad2d_cl_array_ap_fixed_16_6_5_3_0_4u_array_ap_fixed_16_6_5_3_0_4u_config8_s 
Execute         gen_rtl zeropad2d_cl<array<ap_fixed<16, 6, 5, 3, 0>, 4u>, array<ap_fixed<16, 6, 5, 3, 0>, 4u>, config8> -style xilinx -f -lang vlog -o C:/Users/brand/Documents/engs192/zybo-edge-ai/hls/edge_cnn_linear_stream_hls/edge_cnn_linear_stream_prj/solution1/syn/verilog/edge_cnn_linear_zeropad2d_cl_array_ap_fixed_16_6_5_3_0_4u_array_ap_fixed_16_6_5_3_0_4u_config8_s 
Execute         syn_report -csynth -model zeropad2d_cl<array<ap_fixed<16, 6, 5, 3, 0>, 4u>, array<ap_fixed<16, 6, 5, 3, 0>, 4u>, config8> -o C:/Users/brand/Documents/engs192/zybo-edge-ai/hls/edge_cnn_linear_stream_hls/edge_cnn_linear_stream_prj/solution1/syn/report/zeropad2d_cl_array_ap_fixed_16_6_5_3_0_4u_array_ap_fixed_16_6_5_3_0_4u_config8_s_csynth.rpt 
Execute           AP::get_flow_target_display_name
Execute             get_solution -flow_target 
Execute         syn_report -rtlxml -model zeropad2d_cl<array<ap_fixed<16, 6, 5, 3, 0>, 4u>, array<ap_fixed<16, 6, 5, 3, 0>, 4u>, config8> -o C:/Users/brand/Documents/engs192/zybo-edge-ai/hls/edge_cnn_linear_stream_hls/edge_cnn_linear_stream_prj/solution1/syn/report/zeropad2d_cl_array_ap_fixed_16_6_5_3_0_4u_array_ap_fixed_16_6_5_3_0_4u_config8_s_csynth.xml 
Execute           get_solution -flow_target
Execute             get_solution -flow_target 
Execute         syn_report -verbosereport -model zeropad2d_cl<array<ap_fixed<16, 6, 5, 3, 0>, 4u>, array<ap_fixed<16, 6, 5, 3, 0>, 4u>, config8> -o C:/Users/brand/Documents/engs192/zybo-edge-ai/hls/edge_cnn_linear_stream_hls/edge_cnn_linear_stream_prj/solution1/.autopilot/db/zeropad2d_cl_array_ap_fixed_16_6_5_3_0_4u_array_ap_fixed_16_6_5_3_0_4u_config8_s.verbose.rpt 
Execute           AP::get_flow_target_display_name
Execute             get_solution -flow_target 
Execute         db_write -model zeropad2d_cl<array<ap_fixed<16, 6, 5, 3, 0>, 4u>, array<ap_fixed<16, 6, 5, 3, 0>, 4u>, config8> -f -o C:/Users/brand/Documents/engs192/zybo-edge-ai/hls/edge_cnn_linear_stream_hls/edge_cnn_linear_stream_prj/solution1/.autopilot/db/zeropad2d_cl_array_ap_fixed_16_6_5_3_0_4u_array_ap_fixed_16_6_5_3_0_4u_config8_s.adb 
Execute         db_write -model zeropad2d_cl<array<ap_fixed<16, 6, 5, 3, 0>, 4u>, array<ap_fixed<16, 6, 5, 3, 0>, 4u>, config8> -bindview -o C:/Users/brand/Documents/engs192/zybo-edge-ai/hls/edge_cnn_linear_stream_hls/edge_cnn_linear_stream_prj/solution1/.autopilot/db/design.bindinfo.xml 
Execute         gen_tb_info zeropad2d_cl<array<ap_fixed<16, 6, 5, 3, 0>, 4u>, array<ap_fixed<16, 6, 5, 3, 0>, 4u>, config8> -p C:/Users/brand/Documents/engs192/zybo-edge-ai/hls/edge_cnn_linear_stream_hls/edge_cnn_linear_stream_prj/solution1/.autopilot/db -o C:/Users/brand/Documents/engs192/zybo-edge-ai/hls/edge_cnn_linear_stream_hls/edge_cnn_linear_stream_prj/solution1/.autopilot/db/zeropad2d_cl_array_ap_fixed_16_6_5_3_0_4u_array_ap_fixed_16_6_5_3_0_4u_config8_s 
INFO: [HLS 200-10] ----------------------------------------------------------------
INFO: [HLS 200-10] -- Generating RTL for module 'shift_line_buffer_array_ap_fixed_16_6_5_3_0_4u_config4_s' 
INFO: [HLS 200-10] ----------------------------------------------------------------
Execute         get_config_rtl -module_prefix 
Execute         get_config_rtl -module_auto_prefix 
Execute         get_config_rtl -module_prefix 
Execute         get_config_rtl -module_auto_prefix 
Execute         create_rtl_model shift_line_buffer<array<ap_fixed<16, 6, 5, 3, 0>, 4u>, config4> -top_prefix edge_cnn_linear_ -sub_prefix edge_cnn_linear_ -mg_file C:/Users/brand/Documents/engs192/zybo-edge-ai/hls/edge_cnn_linear_stream_hls/edge_cnn_linear_stream_prj/solution1/.autopilot/db/shift_line_buffer_array_ap_fixed_16_6_5_3_0_4u_config4_s.compgen.tcl 
INFO: [SYN 201-210] Renamed object name 'shift_line_buffer_array_ap_fixed_16_6_5_3_0_4u_config4_s_void_conv_2d_buffer_cl_array_ap_fixed_16_6_5_3_0_4u_array_ap_fixed_39_19_5_3_0_4u_config4_stream_array_ap_fixed_16_6_5_3_0_4u_0_stream_array_ap_fixed_39_19_5_3_0_4u_0_weight_t_bias_t_line_buffer_0_SHIFTREG_AUTO_0R0W' to 'shift_line_buffer_array_ap_fixed_16_6_5_3_0_4u_config4_s_void_conv_2d_buffer_fYi' due to the length limit 80
INFO: [SYN 201-210] Renamed object name 'shift_line_buffer_array_ap_fixed_16_6_5_3_0_4u_config4_s_void_conv_2d_buffer_cl_array_ap_fixed_16_6_5_3_0_4u_array_ap_fixed_39_19_5_3_0_4u_config4_stream_array_ap_fixed_16_6_5_3_0_4u_0_stream_array_ap_fixed_39_19_5_3_0_4u_0_weight_t_bias_t_line_buffer_SHIFTREG_AUTO_0R0W' to 'shift_line_buffer_array_ap_fixed_16_6_5_3_0_4u_config4_s_void_conv_2d_buffer_g8j' due to the length limit 80
INFO: [SYN 201-210] Renamed object name 'shift_line_buffer_array_ap_fixed_16_6_5_3_0_4u_config4_s_void_conv_2d_buffer_cl_array_ap_fixed_16_6_5_3_0_4u_array_ap_fixed_39_19_5_3_0_4u_config4_stream_array_ap_fixed_16_6_5_3_0_4u_0_stream_array_ap_fixed_39_19_5_3_0_4u_0_weight_t_bias_t_line_buffer_1_0_SHIFTREG_AUTO_0R0W' to 'shift_line_buffer_array_ap_fixed_16_6_5_3_0_4u_config4_s_void_conv_2d_buffer_hbi' due to the length limit 80
INFO: [SYN 201-210] Renamed object name 'shift_line_buffer_array_ap_fixed_16_6_5_3_0_4u_config4_s_void_conv_2d_buffer_cl_array_ap_fixed_16_6_5_3_0_4u_array_ap_fixed_39_19_5_3_0_4u_config4_stream_array_ap_fixed_16_6_5_3_0_4u_0_stream_array_ap_fixed_39_19_5_3_0_4u_0_weight_t_bias_t_line_buffer_1_1_SHIFTREG_AUTO_0R0W' to 'shift_line_buffer_array_ap_fixed_16_6_5_3_0_4u_config4_s_void_conv_2d_buffer_ibs' due to the length limit 80
INFO: [SYN 201-210] Renamed object name 'shift_line_buffer_array_ap_fixed_16_6_5_3_0_4u_config4_s_void_conv_2d_buffer_cl_array_ap_fixed_16_6_5_3_0_4u_array_ap_fixed_39_19_5_3_0_4u_config4_stream_array_ap_fixed_16_6_5_3_0_4u_0_stream_array_ap_fixed_39_19_5_3_0_4u_0_weight_t_bias_t_line_buffer_2_0_SHIFTREG_AUTO_0R0W' to 'shift_line_buffer_array_ap_fixed_16_6_5_3_0_4u_config4_s_void_conv_2d_buffer_jbC' due to the length limit 80
INFO: [SYN 201-210] Renamed object name 'shift_line_buffer_array_ap_fixed_16_6_5_3_0_4u_config4_s_void_conv_2d_buffer_cl_array_ap_fixed_16_6_5_3_0_4u_array_ap_fixed_39_19_5_3_0_4u_config4_stream_array_ap_fixed_16_6_5_3_0_4u_0_stream_array_ap_fixed_39_19_5_3_0_4u_0_weight_t_bias_t_line_buffer_2_1_SHIFTREG_AUTO_0R0W' to 'shift_line_buffer_array_ap_fixed_16_6_5_3_0_4u_config4_s_void_conv_2d_buffer_kbM' due to the length limit 80
INFO: [SYN 201-210] Renamed object name 'shift_line_buffer_array_ap_fixed_16_6_5_3_0_4u_config4_s_void_conv_2d_buffer_cl_array_ap_fixed_16_6_5_3_0_4u_array_ap_fixed_39_19_5_3_0_4u_config4_stream_array_ap_fixed_16_6_5_3_0_4u_0_stream_array_ap_fixed_39_19_5_3_0_4u_0_weight_t_bias_t_line_buffer_3_0_SHIFTREG_AUTO_0R0W' to 'shift_line_buffer_array_ap_fixed_16_6_5_3_0_4u_config4_s_void_conv_2d_buffer_lbW' due to the length limit 80
INFO: [SYN 201-210] Renamed object name 'shift_line_buffer_array_ap_fixed_16_6_5_3_0_4u_config4_s_void_conv_2d_buffer_cl_array_ap_fixed_16_6_5_3_0_4u_array_ap_fixed_39_19_5_3_0_4u_config4_stream_array_ap_fixed_16_6_5_3_0_4u_0_stream_array_ap_fixed_39_19_5_3_0_4u_0_weight_t_bias_t_line_buffer_3_1_SHIFTREG_AUTO_0R0W' to 'shift_line_buffer_array_ap_fixed_16_6_5_3_0_4u_config4_s_void_conv_2d_buffer_mb6' due to the length limit 80
INFO: [RTGEN 206-100] Finished creating RTL model for 'shift_line_buffer_array_ap_fixed_16_6_5_3_0_4u_config4_s'.
Command         create_rtl_model done; 0.486 sec.
INFO: [HLS 200-111] Finished Creating RTL model: CPU user time: 0 seconds. CPU system time: 0 seconds. Elapsed time: 0.717 seconds; current allocated memory: 1.162 GB.
Execute         source C:/Users/brand/Documents/engs192/zybo-edge-ai/hls/edge_cnn_linear_stream_hls/edge_cnn_linear_stream_prj/solution1/.autopilot/db/edge_cnn_linear.rtl_wrap.cfg.tcl 
Execute         gen_rtl shift_line_buffer<array<ap_fixed<16, 6, 5, 3, 0>, 4u>, config4> -style xilinx -f -lang vhdl -o C:/Users/brand/Documents/engs192/zybo-edge-ai/hls/edge_cnn_linear_stream_hls/edge_cnn_linear_stream_prj/solution1/syn/vhdl/edge_cnn_linear_shift_line_buffer_array_ap_fixed_16_6_5_3_0_4u_config4_s 
Execute         gen_rtl shift_line_buffer<array<ap_fixed<16, 6, 5, 3, 0>, 4u>, config4> -style xilinx -f -lang vlog -o C:/Users/brand/Documents/engs192/zybo-edge-ai/hls/edge_cnn_linear_stream_hls/edge_cnn_linear_stream_prj/solution1/syn/verilog/edge_cnn_linear_shift_line_buffer_array_ap_fixed_16_6_5_3_0_4u_config4_s 
Execute         syn_report -csynth -model shift_line_buffer<array<ap_fixed<16, 6, 5, 3, 0>, 4u>, config4> -o C:/Users/brand/Documents/engs192/zybo-edge-ai/hls/edge_cnn_linear_stream_hls/edge_cnn_linear_stream_prj/solution1/syn/report/shift_line_buffer_array_ap_fixed_16_6_5_3_0_4u_config4_s_csynth.rpt 
Execute           AP::get_flow_target_display_name
Execute             get_solution -flow_target 
Execute         syn_report -rtlxml -model shift_line_buffer<array<ap_fixed<16, 6, 5, 3, 0>, 4u>, config4> -o C:/Users/brand/Documents/engs192/zybo-edge-ai/hls/edge_cnn_linear_stream_hls/edge_cnn_linear_stream_prj/solution1/syn/report/shift_line_buffer_array_ap_fixed_16_6_5_3_0_4u_config4_s_csynth.xml 
Execute           get_solution -flow_target
Execute             get_solution -flow_target 
Execute         syn_report -verbosereport -model shift_line_buffer<array<ap_fixed<16, 6, 5, 3, 0>, 4u>, config4> -o C:/Users/brand/Documents/engs192/zybo-edge-ai/hls/edge_cnn_linear_stream_hls/edge_cnn_linear_stream_prj/solution1/.autopilot/db/shift_line_buffer_array_ap_fixed_16_6_5_3_0_4u_config4_s.verbose.rpt 
Execute           AP::get_flow_target_display_name
Execute             get_solution -flow_target 
Execute         db_write -model shift_line_buffer<array<ap_fixed<16, 6, 5, 3, 0>, 4u>, config4> -f -o C:/Users/brand/Documents/engs192/zybo-edge-ai/hls/edge_cnn_linear_stream_hls/edge_cnn_linear_stream_prj/solution1/.autopilot/db/shift_line_buffer_array_ap_fixed_16_6_5_3_0_4u_config4_s.adb 
Execute         db_write -model shift_line_buffer<array<ap_fixed<16, 6, 5, 3, 0>, 4u>, config4> -bindview -o C:/Users/brand/Documents/engs192/zybo-edge-ai/hls/edge_cnn_linear_stream_hls/edge_cnn_linear_stream_prj/solution1/.autopilot/db/design.bindinfo.xml 
Execute         gen_tb_info shift_line_buffer<array<ap_fixed<16, 6, 5, 3, 0>, 4u>, config4> -p C:/Users/brand/Documents/engs192/zybo-edge-ai/hls/edge_cnn_linear_stream_hls/edge_cnn_linear_stream_prj/solution1/.autopilot/db -o C:/Users/brand/Documents/engs192/zybo-edge-ai/hls/edge_cnn_linear_stream_hls/edge_cnn_linear_stream_prj/solution1/.autopilot/db/shift_line_buffer_array_ap_fixed_16_6_5_3_0_4u_config4_s 
INFO: [HLS 200-10] ----------------------------------------------------------------
INFO: [HLS 200-10] -- Generating RTL for module 'dense_resource_rf_gt_nin_rem0_ap_fixed_16_6_5_3_0_ap_fixed_39_19_5_3_0_config4_mult_s' 
INFO: [HLS 200-10] ----------------------------------------------------------------
Execute         get_config_rtl -module_prefix 
Execute         get_config_rtl -module_auto_prefix 
Execute         get_config_rtl -module_prefix 
Execute         get_config_rtl -module_auto_prefix 
Execute         create_rtl_model dense_resource_rf_gt_nin_rem0<ap_fixed<16, 6, 5, 3, 0>, ap_fixed<39, 19, 5, 3, 0>, config4_mult> -top_prefix edge_cnn_linear_ -sub_prefix edge_cnn_linear_ -mg_file C:/Users/brand/Documents/engs192/zybo-edge-ai/hls/edge_cnn_linear_stream_hls/edge_cnn_linear_stream_prj/solution1/.autopilot/db/dense_resource_rf_gt_nin_rem0_ap_fixed_16_6_5_3_0_ap_fixed_39_19_5_3_0_config4_mult_s.compgen.tcl 
INFO: [SYN 201-210] Renamed object name 'dense_resource_rf_gt_nin_rem0_ap_fixed_16_6_5_3_0_ap_fixed_39_19_5_3_0_config4_mult_s_outidx_ROM_AUTO_1R' to 'dense_resource_rf_gt_nin_rem0_ap_fixed_16_6_5_3_0_ap_fixed_39_19_5_3_0_configncg' due to the length limit 80
INFO: [SYN 201-210] Renamed object name 'dense_resource_rf_gt_nin_rem0_ap_fixed_16_6_5_3_0_ap_fixed_39_19_5_3_0_config4_mult_s_w4_V_ROM_NP_BRAM_1R' to 'dense_resource_rf_gt_nin_rem0_ap_fixed_16_6_5_3_0_ap_fixed_39_19_5_3_0_configocq' due to the length limit 80
INFO: [HLS 200-1030] Apply Unified Pipeline Control on module 'dense_resource_rf_gt_nin_rem0_ap_fixed_16_6_5_3_0_ap_fixed_39_19_5_3_0_config4_mult_s' pipeline 'ReuseLoop' pipeline type 'rewind pipeline'
INFO: [RTGEN 206-100] Generating core module 'mul_mul_16s_12s_26_4_1': 1 instance(s).
INFO: [RTGEN 206-100] Generating core module 'mux_3632_16_1_1': 1 instance(s).
INFO: [RTGEN 206-100] Generating core module 'mux_42_16_1_1': 1 instance(s).
INFO: [RTGEN 206-100] Finished creating RTL model for 'dense_resource_rf_gt_nin_rem0_ap_fixed_16_6_5_3_0_ap_fixed_39_19_5_3_0_config4_mult_s'.
Command         create_rtl_model done; 0.371 sec.
INFO: [HLS 200-111] Finished Creating RTL model: CPU user time: 1 seconds. CPU system time: 0 seconds. Elapsed time: 0.718 seconds; current allocated memory: 1.162 GB.
Execute         source C:/Users/brand/Documents/engs192/zybo-edge-ai/hls/edge_cnn_linear_stream_hls/edge_cnn_linear_stream_prj/solution1/.autopilot/db/edge_cnn_linear.rtl_wrap.cfg.tcl 
Execute         gen_rtl dense_resource_rf_gt_nin_rem0<ap_fixed<16, 6, 5, 3, 0>, ap_fixed<39, 19, 5, 3, 0>, config4_mult> -style xilinx -f -lang vhdl -o C:/Users/brand/Documents/engs192/zybo-edge-ai/hls/edge_cnn_linear_stream_hls/edge_cnn_linear_stream_prj/solution1/syn/vhdl/edge_cnn_linear_dense_resource_rf_gt_nin_rem0_ap_fixed_16_6_5_3_0_ap_fixed_39_19_5_3_0_config4_mult_s 
Execute         gen_rtl dense_resource_rf_gt_nin_rem0<ap_fixed<16, 6, 5, 3, 0>, ap_fixed<39, 19, 5, 3, 0>, config4_mult> -style xilinx -f -lang vlog -o C:/Users/brand/Documents/engs192/zybo-edge-ai/hls/edge_cnn_linear_stream_hls/edge_cnn_linear_stream_prj/solution1/syn/verilog/edge_cnn_linear_dense_resource_rf_gt_nin_rem0_ap_fixed_16_6_5_3_0_ap_fixed_39_19_5_3_0_config4_mult_s 
Execute         syn_report -csynth -model dense_resource_rf_gt_nin_rem0<ap_fixed<16, 6, 5, 3, 0>, ap_fixed<39, 19, 5, 3, 0>, config4_mult> -o C:/Users/brand/Documents/engs192/zybo-edge-ai/hls/edge_cnn_linear_stream_hls/edge_cnn_linear_stream_prj/solution1/syn/report/dense_resource_rf_gt_nin_rem0_ap_fixed_16_6_5_3_0_ap_fixed_39_19_5_3_0_config4_mult_s_csynth.rpt 
Execute           AP::get_flow_target_display_name
Execute             get_solution -flow_target 
Execute         syn_report -rtlxml -model dense_resource_rf_gt_nin_rem0<ap_fixed<16, 6, 5, 3, 0>, ap_fixed<39, 19, 5, 3, 0>, config4_mult> -o C:/Users/brand/Documents/engs192/zybo-edge-ai/hls/edge_cnn_linear_stream_hls/edge_cnn_linear_stream_prj/solution1/syn/report/dense_resource_rf_gt_nin_rem0_ap_fixed_16_6_5_3_0_ap_fixed_39_19_5_3_0_config4_mult_s_csynth.xml 
Execute           get_solution -flow_target
Execute             get_solution -flow_target 
Execute         syn_report -verbosereport -model dense_resource_rf_gt_nin_rem0<ap_fixed<16, 6, 5, 3, 0>, ap_fixed<39, 19, 5, 3, 0>, config4_mult> -o C:/Users/brand/Documents/engs192/zybo-edge-ai/hls/edge_cnn_linear_stream_hls/edge_cnn_linear_stream_prj/solution1/.autopilot/db/dense_resource_rf_gt_nin_rem0_ap_fixed_16_6_5_3_0_ap_fixed_39_19_5_3_0_config4_mult_s.verbose.rpt 
Execute           AP::get_flow_target_display_name
Execute             get_solution -flow_target 
Execute         db_write -model dense_resource_rf_gt_nin_rem0<ap_fixed<16, 6, 5, 3, 0>, ap_fixed<39, 19, 5, 3, 0>, config4_mult> -f -o C:/Users/brand/Documents/engs192/zybo-edge-ai/hls/edge_cnn_linear_stream_hls/edge_cnn_linear_stream_prj/solution1/.autopilot/db/dense_resource_rf_gt_nin_rem0_ap_fixed_16_6_5_3_0_ap_fixed_39_19_5_3_0_config4_mult_s.adb 
Execute         db_write -model dense_resource_rf_gt_nin_rem0<ap_fixed<16, 6, 5, 3, 0>, ap_fixed<39, 19, 5, 3, 0>, config4_mult> -bindview -o C:/Users/brand/Documents/engs192/zybo-edge-ai/hls/edge_cnn_linear_stream_hls/edge_cnn_linear_stream_prj/solution1/.autopilot/db/design.bindinfo.xml 
Execute         gen_tb_info dense_resource_rf_gt_nin_rem0<ap_fixed<16, 6, 5, 3, 0>, ap_fixed<39, 19, 5, 3, 0>, config4_mult> -p C:/Users/brand/Documents/engs192/zybo-edge-ai/hls/edge_cnn_linear_stream_hls/edge_cnn_linear_stream_prj/solution1/.autopilot/db -o C:/Users/brand/Documents/engs192/zybo-edge-ai/hls/edge_cnn_linear_stream_hls/edge_cnn_linear_stream_prj/solution1/.autopilot/db/dense_resource_rf_gt_nin_rem0_ap_fixed_16_6_5_3_0_ap_fixed_39_19_5_3_0_config4_mult_s 
INFO: [HLS 200-10] ----------------------------------------------------------------
INFO: [HLS 200-10] -- Generating RTL for module 'compute_output_buffer_2d_array_ap_fixed_16_6_5_3_0_4u_array_ap_fixed_39_19_5_3_0_4u_config4_s' 
INFO: [HLS 200-10] ----------------------------------------------------------------
Execute         get_config_rtl -module_prefix 
Execute         get_config_rtl -module_auto_prefix 
Execute         get_config_rtl -module_prefix 
Execute         get_config_rtl -module_auto_prefix 
Execute         create_rtl_model compute_output_buffer_2d<array<ap_fixed<16, 6, 5, 3, 0>, 4u>, array<ap_fixed<39, 19, 5, 3, 0>, 4u>, config4> -top_prefix edge_cnn_linear_ -sub_prefix edge_cnn_linear_ -mg_file C:/Users/brand/Documents/engs192/zybo-edge-ai/hls/edge_cnn_linear_stream_hls/edge_cnn_linear_stream_prj/solution1/.autopilot/db/compute_output_buffer_2d_array_ap_fixed_16_6_5_3_0_4u_array_ap_fixed_39_19_5_3_0_4u_config4_s.compgen.tcl 
WARNING: [RTGEN 206-101] Register 'void_compute_output_buffer_2d_array_array_ap_fixed_4u_config4_array_ap_fixed_16_6_5_3_0_4u_const_ap_shift_reg_value_type_in_width_n_chan_stream_array_ap_fixed_39_19_5_3_0_4u_0_weight_t_bias_t_kernel_data_5' is power-on initialization.
WARNING: [RTGEN 206-101] Register 'void_compute_output_buffer_2d_array_array_ap_fixed_4u_config4_array_ap_fixed_16_6_5_3_0_4u_const_ap_shift_reg_value_type_in_width_n_chan_stream_array_ap_fixed_39_19_5_3_0_4u_0_weight_t_bias_t_kernel_data_9' is power-on initialization.
WARNING: [RTGEN 206-101] Register 'void_compute_output_buffer_2d_array_array_ap_fixed_4u_config4_array_ap_fixed_16_6_5_3_0_4u_const_ap_shift_reg_value_type_in_width_n_chan_stream_array_ap_fixed_39_19_5_3_0_4u_0_weight_t_bias_t_kernel_data_4' is power-on initialization.
WARNING: [RTGEN 206-101] Register 'void_compute_output_buffer_2d_array_array_ap_fixed_4u_config4_array_ap_fixed_16_6_5_3_0_4u_const_ap_shift_reg_value_type_in_width_n_chan_stream_array_ap_fixed_39_19_5_3_0_4u_0_weight_t_bias_t_kernel_data_8' is power-on initialization.
WARNING: [RTGEN 206-101] Register 'void_compute_output_buffer_2d_array_array_ap_fixed_4u_config4_array_ap_fixed_16_6_5_3_0_4u_const_ap_shift_reg_value_type_in_width_n_chan_stream_array_ap_fixed_39_19_5_3_0_4u_0_weight_t_bias_t_kernel_data_3' is power-on initialization.
WARNING: [RTGEN 206-101] Register 'void_compute_output_buffer_2d_array_array_ap_fixed_4u_config4_array_ap_fixed_16_6_5_3_0_4u_const_ap_shift_reg_value_type_in_width_n_chan_stream_array_ap_fixed_39_19_5_3_0_4u_0_weight_t_bias_t_kernel_data_7' is power-on initialization.
WARNING: [RTGEN 206-101] Register 'void_compute_output_buffer_2d_array_array_ap_fixed_4u_config4_array_ap_fixed_16_6_5_3_0_4u_const_ap_shift_reg_value_type_in_width_n_chan_stream_array_ap_fixed_39_19_5_3_0_4u_0_weight_t_bias_t_kernel_data_2' is power-on initialization.
WARNING: [RTGEN 206-101] Register 'void_compute_output_buffer_2d_array_array_ap_fixed_4u_config4_array_ap_fixed_16_6_5_3_0_4u_const_ap_shift_reg_value_type_in_width_n_chan_stream_array_ap_fixed_39_19_5_3_0_4u_0_weight_t_bias_t_kernel_data_6' is power-on initialization.
WARNING: [RTGEN 206-101] Register 'p_ZZN4nnet24compute_output_buffer_2dINS_5arrayI8ap_fixedILi16ELi6EL9ap_q_mode5EL9ap_o_mode3ELi0EELj4EEENS1_IS2_ILi39ELi19ELS3_5ELS4_3ELi0EELj4EEE7config4EEvRKT_PAsrT1_6n_chan_12ap_shift_regINSA_10value_typeEXsrSD_8in_widthEERN3hls6streamIT0_19' is power-on initialization.
WARNING: [RTGEN 206-101] Register 'p_ZZN4nnet24compute_output_buffer_2dINS_5arrayI8ap_fixedILi16ELi6EL9ap_q_mode5EL9ap_o_mode3ELi0EELj4EEENS1_IS2_ILi39ELi19ELS3_5ELS4_3ELi0EELj4EEE7config4EEvRKT_PAsrT1_6n_chan_12ap_shift_regINSA_10value_typeEXsrSD_8in_widthEERN3hls6streamIT0_23' is power-on initialization.
WARNING: [RTGEN 206-101] Register 'p_ZZN4nnet24compute_output_buffer_2dINS_5arrayI8ap_fixedILi16ELi6EL9ap_q_mode5EL9ap_o_mode3ELi0EELj4EEENS1_IS2_ILi39ELi19ELS3_5ELS4_3ELi0EELj4EEE7config4EEvRKT_PAsrT1_6n_chan_12ap_shift_regINSA_10value_typeEXsrSD_8in_widthEERN3hls6streamIT0_18' is power-on initialization.
WARNING: [RTGEN 206-101] Register 'p_ZZN4nnet24compute_output_buffer_2dINS_5arrayI8ap_fixedILi16ELi6EL9ap_q_mode5EL9ap_o_mode3ELi0EELj4EEENS1_IS2_ILi39ELi19ELS3_5ELS4_3ELi0EELj4EEE7config4EEvRKT_PAsrT1_6n_chan_12ap_shift_regINSA_10value_typeEXsrSD_8in_widthEERN3hls6streamIT0_22' is power-on initialization.
WARNING: [RTGEN 206-101] Register 'p_ZZN4nnet24compute_output_buffer_2dINS_5arrayI8ap_fixedILi16ELi6EL9ap_q_mode5EL9ap_o_mode3ELi0EELj4EEENS1_IS2_ILi39ELi19ELS3_5ELS4_3ELi0EELj4EEE7config4EEvRKT_PAsrT1_6n_chan_12ap_shift_regINSA_10value_typeEXsrSD_8in_widthEERN3hls6streamIT0_17' is power-on initialization.
WARNING: [RTGEN 206-101] Register 'p_ZZN4nnet24compute_output_buffer_2dINS_5arrayI8ap_fixedILi16ELi6EL9ap_q_mode5EL9ap_o_mode3ELi0EELj4EEENS1_IS2_ILi39ELi19ELS3_5ELS4_3ELi0EELj4EEE7config4EEvRKT_PAsrT1_6n_chan_12ap_shift_regINSA_10value_typeEXsrSD_8in_widthEERN3hls6streamIT0_21' is power-on initialization.
WARNING: [RTGEN 206-101] Register 'p_ZZN4nnet24compute_output_buffer_2dINS_5arrayI8ap_fixedILi16ELi6EL9ap_q_mode5EL9ap_o_mode3ELi0EELj4EEENS1_IS2_ILi39ELi19ELS3_5ELS4_3ELi0EELj4EEE7config4EEvRKT_PAsrT1_6n_chan_12ap_shift_regINSA_10value_typeEXsrSD_8in_widthEERN3hls6streamIT0_16' is power-on initialization.
WARNING: [RTGEN 206-101] Register 'p_ZZN4nnet24compute_output_buffer_2dINS_5arrayI8ap_fixedILi16ELi6EL9ap_q_mode5EL9ap_o_mode3ELi0EELj4EEENS1_IS2_ILi39ELi19ELS3_5ELS4_3ELi0EELj4EEE7config4EEvRKT_PAsrT1_6n_chan_12ap_shift_regINSA_10value_typeEXsrSD_8in_widthEERN3hls6streamIT0_20' is power-on initialization.
WARNING: [RTGEN 206-101] Register 'p_ZZN4nnet24compute_output_buffer_2dINS_5arrayI8ap_fixedILi16ELi6EL9ap_q_mode5EL9ap_o_mode3ELi0EELj4EEENS1_IS2_ILi39ELi19ELS3_5ELS4_3ELi0EELj4EEE7config4EEvRKT_PAsrT1_6n_chan_12ap_shift_regINSA_10value_typeEXsrSD_8in_widthEERN3hls6streamIT0_7' is power-on initialization.
WARNING: [RTGEN 206-101] Register 'p_ZZN4nnet24compute_output_buffer_2dINS_5arrayI8ap_fixedILi16ELi6EL9ap_q_mode5EL9ap_o_mode3ELi0EELj4EEENS1_IS2_ILi39ELi19ELS3_5ELS4_3ELi0EELj4EEE7config4EEvRKT_PAsrT1_6n_chan_12ap_shift_regINSA_10value_typeEXsrSD_8in_widthEERN3hls6streamIT0_11' is power-on initialization.
WARNING: [RTGEN 206-101] Register 'p_ZZN4nnet24compute_output_buffer_2dINS_5arrayI8ap_fixedILi16ELi6EL9ap_q_mode5EL9ap_o_mode3ELi0EELj4EEENS1_IS2_ILi39ELi19ELS3_5ELS4_3ELi0EELj4EEE7config4EEvRKT_PAsrT1_6n_chan_12ap_shift_regINSA_10value_typeEXsrSD_8in_widthEERN3hls6streamIT0_6' is power-on initialization.
WARNING: [RTGEN 206-101] Register 'p_ZZN4nnet24compute_output_buffer_2dINS_5arrayI8ap_fixedILi16ELi6EL9ap_q_mode5EL9ap_o_mode3ELi0EELj4EEENS1_IS2_ILi39ELi19ELS3_5ELS4_3ELi0EELj4EEE7config4EEvRKT_PAsrT1_6n_chan_12ap_shift_regINSA_10value_typeEXsrSD_8in_widthEERN3hls6streamIT0_10' is power-on initialization.
WARNING: [RTGEN 206-101] Register 'p_ZZN4nnet24compute_output_buffer_2dINS_5arrayI8ap_fixedILi16ELi6EL9ap_q_mode5EL9ap_o_mode3ELi0EELj4EEENS1_IS2_ILi39ELi19ELS3_5ELS4_3ELi0EELj4EEE7config4EEvRKT_PAsrT1_6n_chan_12ap_shift_regINSA_10value_typeEXsrSD_8in_widthEERN3hls6streamIT0_5' is power-on initialization.
WARNING: [RTGEN 206-101] Register 'p_ZZN4nnet24compute_output_buffer_2dINS_5arrayI8ap_fixedILi16ELi6EL9ap_q_mode5EL9ap_o_mode3ELi0EELj4EEENS1_IS2_ILi39ELi19ELS3_5ELS4_3ELi0EELj4EEE7config4EEvRKT_PAsrT1_6n_chan_12ap_shift_regINSA_10value_typeEXsrSD_8in_widthEERN3hls6streamIT0_9' is power-on initialization.
WARNING: [RTGEN 206-101] Register 'p_ZZN4nnet24compute_output_buffer_2dINS_5arrayI8ap_fixedILi16ELi6EL9ap_q_mode5EL9ap_o_mode3ELi0EELj4EEENS1_IS2_ILi39ELi19ELS3_5ELS4_3ELi0EELj4EEE7config4EEvRKT_PAsrT1_6n_chan_12ap_shift_regINSA_10value_typeEXsrSD_8in_widthEERN3hls6streamIT0_4' is power-on initialization.
WARNING: [RTGEN 206-101] Register 'p_ZZN4nnet24compute_output_buffer_2dINS_5arrayI8ap_fixedILi16ELi6EL9ap_q_mode5EL9ap_o_mode3ELi0EELj4EEENS1_IS2_ILi39ELi19ELS3_5ELS4_3ELi0EELj4EEE7config4EEvRKT_PAsrT1_6n_chan_12ap_shift_regINSA_10value_typeEXsrSD_8in_widthEERN3hls6streamIT0_8' is power-on initialization.
WARNING: [RTGEN 206-101] Register 'void_compute_output_buffer_2d_array_array_ap_fixed_4u_config4_array_ap_fixed_16_6_5_3_0_4u_const_ap_shift_reg_value_type_in_width_n_chan_stream_array_ap_fixed_39_19_5_3_0_4u_0_weight_t_bias_t_kernel_data_1' is power-on initialization.
WARNING: [RTGEN 206-101] Register 'void_compute_output_buffer_2d_array_array_ap_fixed_4u_config4_array_ap_fixed_16_6_5_3_0_4u_const_ap_shift_reg_value_type_in_width_n_chan_stream_array_ap_fixed_39_19_5_3_0_4u_0_weight_t_bias_t_kernel_data' is power-on initialization.
WARNING: [RTGEN 206-101] Register 'p_ZZN4nnet24compute_output_buffer_2dINS_5arrayI8ap_fixedILi16ELi6EL9ap_q_mode5EL9ap_o_mode3ELi0EELj4EEENS1_IS2_ILi39ELi19ELS3_5ELS4_3ELi0EELj4EEE7config4EEvRKT_PAsrT1_6n_chan_12ap_shift_regINSA_10value_typeEXsrSD_8in_widthEERN3hls6streamIT0_25' is power-on initialization.
WARNING: [RTGEN 206-101] Register 'p_ZZN4nnet24compute_output_buffer_2dINS_5arrayI8ap_fixedILi16ELi6EL9ap_q_mode5EL9ap_o_mode3ELi0EELj4EEENS1_IS2_ILi39ELi19ELS3_5ELS4_3ELi0EELj4EEE7config4EEvRKT_PAsrT1_6n_chan_12ap_shift_regINSA_10value_typeEXsrSD_8in_widthEERN3hls6streamIT0_24' is power-on initialization.
WARNING: [RTGEN 206-101] Register 'p_ZZN4nnet24compute_output_buffer_2dINS_5arrayI8ap_fixedILi16ELi6EL9ap_q_mode5EL9ap_o_mode3ELi0EELj4EEENS1_IS2_ILi39ELi19ELS3_5ELS4_3ELi0EELj4EEE7config4EEvRKT_PAsrT1_6n_chan_12ap_shift_regINSA_10value_typeEXsrSD_8in_widthEERN3hls6streamIT0_15' is power-on initialization.
WARNING: [RTGEN 206-101] Register 'p_ZZN4nnet24compute_output_buffer_2dINS_5arrayI8ap_fixedILi16ELi6EL9ap_q_mode5EL9ap_o_mode3ELi0EELj4EEENS1_IS2_ILi39ELi19ELS3_5ELS4_3ELi0EELj4EEE7config4EEvRKT_PAsrT1_6n_chan_12ap_shift_regINSA_10value_typeEXsrSD_8in_widthEERN3hls6streamIT0_14' is power-on initialization.
WARNING: [RTGEN 206-101] Register 'p_ZZN4nnet24compute_output_buffer_2dINS_5arrayI8ap_fixedILi16ELi6EL9ap_q_mode5EL9ap_o_mode3ELi0EELj4EEENS1_IS2_ILi39ELi19ELS3_5ELS4_3ELi0EELj4EEE7config4EEvRKT_PAsrT1_6n_chan_12ap_shift_regINSA_10value_typeEXsrSD_8in_widthEERN3hls6streamIT0_13' is power-on initialization.
WARNING: [RTGEN 206-101] Register 'p_ZZN4nnet24compute_output_buffer_2dINS_5arrayI8ap_fixedILi16ELi6EL9ap_q_mode5EL9ap_o_mode3ELi0EELj4EEENS1_IS2_ILi39ELi19ELS3_5ELS4_3ELi0EELj4EEE7config4EEvRKT_PAsrT1_6n_chan_12ap_shift_regINSA_10value_typeEXsrSD_8in_widthEERN3hls6streamIT0_12' is power-on initialization.
WARNING: [RTGEN 206-101] Register 'p_ZZN4nnet24compute_output_buffer_2dINS_5arrayI8ap_fixedILi16ELi6EL9ap_q_mode5EL9ap_o_mode3ELi0EELj4EEENS1_IS2_ILi39ELi19ELS3_5ELS4_3ELi0EELj4EEE7config4EEvRKT_PAsrT1_6n_chan_12ap_shift_regINSA_10value_typeEXsrSD_8in_widthEERN3hls6streamIT0_3' is power-on initialization.
WARNING: [RTGEN 206-101] Register 'p_ZZN4nnet24compute_output_buffer_2dINS_5arrayI8ap_fixedILi16ELi6EL9ap_q_mode5EL9ap_o_mode3ELi0EELj4EEENS1_IS2_ILi39ELi19ELS3_5ELS4_3ELi0EELj4EEE7config4EEvRKT_PAsrT1_6n_chan_12ap_shift_regINSA_10value_typeEXsrSD_8in_widthEERN3hls6streamIT0_2' is power-on initialization.
WARNING: [RTGEN 206-101] Register 'p_ZZN4nnet24compute_output_buffer_2dINS_5arrayI8ap_fixedILi16ELi6EL9ap_q_mode5EL9ap_o_mode3ELi0EELj4EEENS1_IS2_ILi39ELi19ELS3_5ELS4_3ELi0EELj4EEE7config4EEvRKT_PAsrT1_6n_chan_12ap_shift_regINSA_10value_typeEXsrSD_8in_widthEERN3hls6streamIT0_1' is power-on initialization.
WARNING: [RTGEN 206-101] Register 'p_ZZN4nnet24compute_output_buffer_2dINS_5arrayI8ap_fixedILi16ELi6EL9ap_q_mode5EL9ap_o_mode3ELi0EELj4EEENS1_IS2_ILi39ELi19ELS3_5ELS4_3ELi0EELj4EEE7config4EEvRKT_PAsrT1_6n_chan_12ap_shift_regINSA_10value_typeEXsrSD_8in_widthEERN3hls6streamIT0_s' is power-on initialization.
WARNING: [RTGEN 206-101] Register 'sX' is power-on initialization.
WARNING: [RTGEN 206-101] Register 'sY' is power-on initialization.
WARNING: [RTGEN 206-101] Register 'pY' is power-on initialization.
WARNING: [RTGEN 206-101] Register 'pX' is power-on initialization.
INFO: [RTGEN 206-100] Finished creating RTL model for 'compute_output_buffer_2d_array_ap_fixed_16_6_5_3_0_4u_array_ap_fixed_39_19_5_3_0_4u_config4_s'.
Command         create_rtl_model done; 1.656 sec.
INFO: [HLS 200-111] Finished Creating RTL model: CPU user time: 0 seconds. CPU system time: 0 seconds. Elapsed time: 2.159 seconds; current allocated memory: 1.162 GB.
Execute         source C:/Users/brand/Documents/engs192/zybo-edge-ai/hls/edge_cnn_linear_stream_hls/edge_cnn_linear_stream_prj/solution1/.autopilot/db/edge_cnn_linear.rtl_wrap.cfg.tcl 
Execute         gen_rtl compute_output_buffer_2d<array<ap_fixed<16, 6, 5, 3, 0>, 4u>, array<ap_fixed<39, 19, 5, 3, 0>, 4u>, config4> -style xilinx -f -lang vhdl -o C:/Users/brand/Documents/engs192/zybo-edge-ai/hls/edge_cnn_linear_stream_hls/edge_cnn_linear_stream_prj/solution1/syn/vhdl/edge_cnn_linear_compute_output_buffer_2d_array_ap_fixed_16_6_5_3_0_4u_array_ap_fixed_39_19_5_3_0_4u_config4_s 
Execute         gen_rtl compute_output_buffer_2d<array<ap_fixed<16, 6, 5, 3, 0>, 4u>, array<ap_fixed<39, 19, 5, 3, 0>, 4u>, config4> -style xilinx -f -lang vlog -o C:/Users/brand/Documents/engs192/zybo-edge-ai/hls/edge_cnn_linear_stream_hls/edge_cnn_linear_stream_prj/solution1/syn/verilog/edge_cnn_linear_compute_output_buffer_2d_array_ap_fixed_16_6_5_3_0_4u_array_ap_fixed_39_19_5_3_0_4u_config4_s 
Execute         syn_report -csynth -model compute_output_buffer_2d<array<ap_fixed<16, 6, 5, 3, 0>, 4u>, array<ap_fixed<39, 19, 5, 3, 0>, 4u>, config4> -o C:/Users/brand/Documents/engs192/zybo-edge-ai/hls/edge_cnn_linear_stream_hls/edge_cnn_linear_stream_prj/solution1/syn/report/compute_output_buffer_2d_array_ap_fixed_16_6_5_3_0_4u_array_ap_fixed_39_19_5_3_0_4u_config4_s_csynth.rpt 
Execute           AP::get_flow_target_display_name
Execute             get_solution -flow_target 
Execute         syn_report -rtlxml -model compute_output_buffer_2d<array<ap_fixed<16, 6, 5, 3, 0>, 4u>, array<ap_fixed<39, 19, 5, 3, 0>, 4u>, config4> -o C:/Users/brand/Documents/engs192/zybo-edge-ai/hls/edge_cnn_linear_stream_hls/edge_cnn_linear_stream_prj/solution1/syn/report/compute_output_buffer_2d_array_ap_fixed_16_6_5_3_0_4u_array_ap_fixed_39_19_5_3_0_4u_config4_s_csynth.xml 
Execute           get_solution -flow_target
Execute             get_solution -flow_target 
Execute         syn_report -verbosereport -model compute_output_buffer_2d<array<ap_fixed<16, 6, 5, 3, 0>, 4u>, array<ap_fixed<39, 19, 5, 3, 0>, 4u>, config4> -o C:/Users/brand/Documents/engs192/zybo-edge-ai/hls/edge_cnn_linear_stream_hls/edge_cnn_linear_stream_prj/solution1/.autopilot/db/compute_output_buffer_2d_array_ap_fixed_16_6_5_3_0_4u_array_ap_fixed_39_19_5_3_0_4u_config4_s.verbose.rpt 
Execute           AP::get_flow_target_display_name
Execute             get_solution -flow_target 
Execute         db_write -model compute_output_buffer_2d<array<ap_fixed<16, 6, 5, 3, 0>, 4u>, array<ap_fixed<39, 19, 5, 3, 0>, 4u>, config4> -f -o C:/Users/brand/Documents/engs192/zybo-edge-ai/hls/edge_cnn_linear_stream_hls/edge_cnn_linear_stream_prj/solution1/.autopilot/db/compute_output_buffer_2d_array_ap_fixed_16_6_5_3_0_4u_array_ap_fixed_39_19_5_3_0_4u_config4_s.adb 
Execute         db_write -model compute_output_buffer_2d<array<ap_fixed<16, 6, 5, 3, 0>, 4u>, array<ap_fixed<39, 19, 5, 3, 0>, 4u>, config4> -bindview -o C:/Users/brand/Documents/engs192/zybo-edge-ai/hls/edge_cnn_linear_stream_hls/edge_cnn_linear_stream_prj/solution1/.autopilot/db/design.bindinfo.xml 
Execute         gen_tb_info compute_output_buffer_2d<array<ap_fixed<16, 6, 5, 3, 0>, 4u>, array<ap_fixed<39, 19, 5, 3, 0>, 4u>, config4> -p C:/Users/brand/Documents/engs192/zybo-edge-ai/hls/edge_cnn_linear_stream_hls/edge_cnn_linear_stream_prj/solution1/.autopilot/db -o C:/Users/brand/Documents/engs192/zybo-edge-ai/hls/edge_cnn_linear_stream_hls/edge_cnn_linear_stream_prj/solution1/.autopilot/db/compute_output_buffer_2d_array_ap_fixed_16_6_5_3_0_4u_array_ap_fixed_39_19_5_3_0_4u_config4_s 
INFO: [HLS 200-10] ----------------------------------------------------------------
INFO: [HLS 200-10] -- Generating RTL for module 'conv_2d_cl_array_ap_fixed_16_6_5_3_0_4u_array_ap_fixed_39_19_5_3_0_4u_config4_s' 
INFO: [HLS 200-10] ----------------------------------------------------------------
Execute         get_config_rtl -module_prefix 
Execute         get_config_rtl -module_auto_prefix 
Execute         get_config_rtl -module_prefix 
Execute         get_config_rtl -module_auto_prefix 
Execute         create_rtl_model conv_2d_cl<array<ap_fixed<16, 6, 5, 3, 0>, 4u>, array<ap_fixed<39, 19, 5, 3, 0>, 4u>, config4> -top_prefix edge_cnn_linear_ -sub_prefix edge_cnn_linear_ -mg_file C:/Users/brand/Documents/engs192/zybo-edge-ai/hls/edge_cnn_linear_stream_hls/edge_cnn_linear_stream_prj/solution1/.autopilot/db/conv_2d_cl_array_ap_fixed_16_6_5_3_0_4u_array_ap_fixed_39_19_5_3_0_4u_config4_s.compgen.tcl 
INFO: [RTGEN 206-100] Finished creating RTL model for 'conv_2d_cl_array_ap_fixed_16_6_5_3_0_4u_array_ap_fixed_39_19_5_3_0_4u_config4_s'.
INFO: [HLS 200-111] Finished Creating RTL model: CPU user time: 1 seconds. CPU system time: 0 seconds. Elapsed time: 0.351 seconds; current allocated memory: 1.162 GB.
Execute         source C:/Users/brand/Documents/engs192/zybo-edge-ai/hls/edge_cnn_linear_stream_hls/edge_cnn_linear_stream_prj/solution1/.autopilot/db/edge_cnn_linear.rtl_wrap.cfg.tcl 
Execute         gen_rtl conv_2d_cl<array<ap_fixed<16, 6, 5, 3, 0>, 4u>, array<ap_fixed<39, 19, 5, 3, 0>, 4u>, config4> -style xilinx -f -lang vhdl -o C:/Users/brand/Documents/engs192/zybo-edge-ai/hls/edge_cnn_linear_stream_hls/edge_cnn_linear_stream_prj/solution1/syn/vhdl/edge_cnn_linear_conv_2d_cl_array_ap_fixed_16_6_5_3_0_4u_array_ap_fixed_39_19_5_3_0_4u_config4_s 
Execute         gen_rtl conv_2d_cl<array<ap_fixed<16, 6, 5, 3, 0>, 4u>, array<ap_fixed<39, 19, 5, 3, 0>, 4u>, config4> -style xilinx -f -lang vlog -o C:/Users/brand/Documents/engs192/zybo-edge-ai/hls/edge_cnn_linear_stream_hls/edge_cnn_linear_stream_prj/solution1/syn/verilog/edge_cnn_linear_conv_2d_cl_array_ap_fixed_16_6_5_3_0_4u_array_ap_fixed_39_19_5_3_0_4u_config4_s 
Execute         syn_report -csynth -model conv_2d_cl<array<ap_fixed<16, 6, 5, 3, 0>, 4u>, array<ap_fixed<39, 19, 5, 3, 0>, 4u>, config4> -o C:/Users/brand/Documents/engs192/zybo-edge-ai/hls/edge_cnn_linear_stream_hls/edge_cnn_linear_stream_prj/solution1/syn/report/conv_2d_cl_array_ap_fixed_16_6_5_3_0_4u_array_ap_fixed_39_19_5_3_0_4u_config4_s_csynth.rpt 
Execute           AP::get_flow_target_display_name
Execute             get_solution -flow_target 
Execute         syn_report -rtlxml -model conv_2d_cl<array<ap_fixed<16, 6, 5, 3, 0>, 4u>, array<ap_fixed<39, 19, 5, 3, 0>, 4u>, config4> -o C:/Users/brand/Documents/engs192/zybo-edge-ai/hls/edge_cnn_linear_stream_hls/edge_cnn_linear_stream_prj/solution1/syn/report/conv_2d_cl_array_ap_fixed_16_6_5_3_0_4u_array_ap_fixed_39_19_5_3_0_4u_config4_s_csynth.xml 
Execute           get_solution -flow_target
Execute             get_solution -flow_target 
Execute         syn_report -verbosereport -model conv_2d_cl<array<ap_fixed<16, 6, 5, 3, 0>, 4u>, array<ap_fixed<39, 19, 5, 3, 0>, 4u>, config4> -o C:/Users/brand/Documents/engs192/zybo-edge-ai/hls/edge_cnn_linear_stream_hls/edge_cnn_linear_stream_prj/solution1/.autopilot/db/conv_2d_cl_array_ap_fixed_16_6_5_3_0_4u_array_ap_fixed_39_19_5_3_0_4u_config4_s.verbose.rpt 
Execute           AP::get_flow_target_display_name
Execute             get_solution -flow_target 
Execute         db_write -model conv_2d_cl<array<ap_fixed<16, 6, 5, 3, 0>, 4u>, array<ap_fixed<39, 19, 5, 3, 0>, 4u>, config4> -f -o C:/Users/brand/Documents/engs192/zybo-edge-ai/hls/edge_cnn_linear_stream_hls/edge_cnn_linear_stream_prj/solution1/.autopilot/db/conv_2d_cl_array_ap_fixed_16_6_5_3_0_4u_array_ap_fixed_39_19_5_3_0_4u_config4_s.adb 
Execute         db_write -model conv_2d_cl<array<ap_fixed<16, 6, 5, 3, 0>, 4u>, array<ap_fixed<39, 19, 5, 3, 0>, 4u>, config4> -bindview -o C:/Users/brand/Documents/engs192/zybo-edge-ai/hls/edge_cnn_linear_stream_hls/edge_cnn_linear_stream_prj/solution1/.autopilot/db/design.bindinfo.xml 
Execute         gen_tb_info conv_2d_cl<array<ap_fixed<16, 6, 5, 3, 0>, 4u>, array<ap_fixed<39, 19, 5, 3, 0>, 4u>, config4> -p C:/Users/brand/Documents/engs192/zybo-edge-ai/hls/edge_cnn_linear_stream_hls/edge_cnn_linear_stream_prj/solution1/.autopilot/db -o C:/Users/brand/Documents/engs192/zybo-edge-ai/hls/edge_cnn_linear_stream_hls/edge_cnn_linear_stream_prj/solution1/.autopilot/db/conv_2d_cl_array_ap_fixed_16_6_5_3_0_4u_array_ap_fixed_39_19_5_3_0_4u_config4_s 
INFO: [HLS 200-10] ----------------------------------------------------------------
INFO: [HLS 200-10] -- Generating RTL for module 'relu_array_ap_fixed_39_19_5_3_0_4u_array_ap_fixed_16_6_5_3_0_4u_relu_config5_s' 
INFO: [HLS 200-10] ----------------------------------------------------------------
Execute         get_config_rtl -module_prefix 
Execute         get_config_rtl -module_auto_prefix 
Execute         get_config_rtl -module_prefix 
Execute         get_config_rtl -module_auto_prefix 
Execute         create_rtl_model relu<array<ap_fixed<39, 19, 5, 3, 0>, 4u>, array<ap_fixed<16, 6, 5, 3, 0>, 4u>, relu_config5> -top_prefix edge_cnn_linear_ -sub_prefix edge_cnn_linear_ -mg_file C:/Users/brand/Documents/engs192/zybo-edge-ai/hls/edge_cnn_linear_stream_hls/edge_cnn_linear_stream_prj/solution1/.autopilot/db/relu_array_ap_fixed_39_19_5_3_0_4u_array_ap_fixed_16_6_5_3_0_4u_relu_config5_s.compgen.tcl 
INFO: [HLS 200-1030] Apply Unified Pipeline Control on module 'relu_array_ap_fixed_39_19_5_3_0_4u_array_ap_fixed_16_6_5_3_0_4u_relu_config5_s' pipeline 'ReLUActLoop' pipeline type 'loop pipeline'
INFO: [RTGEN 206-100] Finished creating RTL model for 'relu_array_ap_fixed_39_19_5_3_0_4u_array_ap_fixed_16_6_5_3_0_4u_relu_config5_s'.
INFO: [HLS 200-111] Finished Creating RTL model: CPU user time: 0 seconds. CPU system time: 0 seconds. Elapsed time: 0.311 seconds; current allocated memory: 1.162 GB.
Execute         source C:/Users/brand/Documents/engs192/zybo-edge-ai/hls/edge_cnn_linear_stream_hls/edge_cnn_linear_stream_prj/solution1/.autopilot/db/edge_cnn_linear.rtl_wrap.cfg.tcl 
Execute         gen_rtl relu<array<ap_fixed<39, 19, 5, 3, 0>, 4u>, array<ap_fixed<16, 6, 5, 3, 0>, 4u>, relu_config5> -style xilinx -f -lang vhdl -o C:/Users/brand/Documents/engs192/zybo-edge-ai/hls/edge_cnn_linear_stream_hls/edge_cnn_linear_stream_prj/solution1/syn/vhdl/edge_cnn_linear_relu_array_ap_fixed_39_19_5_3_0_4u_array_ap_fixed_16_6_5_3_0_4u_relu_config5_s 
Execute         gen_rtl relu<array<ap_fixed<39, 19, 5, 3, 0>, 4u>, array<ap_fixed<16, 6, 5, 3, 0>, 4u>, relu_config5> -style xilinx -f -lang vlog -o C:/Users/brand/Documents/engs192/zybo-edge-ai/hls/edge_cnn_linear_stream_hls/edge_cnn_linear_stream_prj/solution1/syn/verilog/edge_cnn_linear_relu_array_ap_fixed_39_19_5_3_0_4u_array_ap_fixed_16_6_5_3_0_4u_relu_config5_s 
Execute         syn_report -csynth -model relu<array<ap_fixed<39, 19, 5, 3, 0>, 4u>, array<ap_fixed<16, 6, 5, 3, 0>, 4u>, relu_config5> -o C:/Users/brand/Documents/engs192/zybo-edge-ai/hls/edge_cnn_linear_stream_hls/edge_cnn_linear_stream_prj/solution1/syn/report/relu_array_ap_fixed_39_19_5_3_0_4u_array_ap_fixed_16_6_5_3_0_4u_relu_config5_s_csynth.rpt 
Execute           AP::get_flow_target_display_name
Execute             get_solution -flow_target 
Execute         syn_report -rtlxml -model relu<array<ap_fixed<39, 19, 5, 3, 0>, 4u>, array<ap_fixed<16, 6, 5, 3, 0>, 4u>, relu_config5> -o C:/Users/brand/Documents/engs192/zybo-edge-ai/hls/edge_cnn_linear_stream_hls/edge_cnn_linear_stream_prj/solution1/syn/report/relu_array_ap_fixed_39_19_5_3_0_4u_array_ap_fixed_16_6_5_3_0_4u_relu_config5_s_csynth.xml 
Execute           get_solution -flow_target
Execute             get_solution -flow_target 
Execute         syn_report -verbosereport -model relu<array<ap_fixed<39, 19, 5, 3, 0>, 4u>, array<ap_fixed<16, 6, 5, 3, 0>, 4u>, relu_config5> -o C:/Users/brand/Documents/engs192/zybo-edge-ai/hls/edge_cnn_linear_stream_hls/edge_cnn_linear_stream_prj/solution1/.autopilot/db/relu_array_ap_fixed_39_19_5_3_0_4u_array_ap_fixed_16_6_5_3_0_4u_relu_config5_s.verbose.rpt 
Execute           AP::get_flow_target_display_name
Execute             get_solution -flow_target 
Execute         db_write -model relu<array<ap_fixed<39, 19, 5, 3, 0>, 4u>, array<ap_fixed<16, 6, 5, 3, 0>, 4u>, relu_config5> -f -o C:/Users/brand/Documents/engs192/zybo-edge-ai/hls/edge_cnn_linear_stream_hls/edge_cnn_linear_stream_prj/solution1/.autopilot/db/relu_array_ap_fixed_39_19_5_3_0_4u_array_ap_fixed_16_6_5_3_0_4u_relu_config5_s.adb 
Execute         db_write -model relu<array<ap_fixed<39, 19, 5, 3, 0>, 4u>, array<ap_fixed<16, 6, 5, 3, 0>, 4u>, relu_config5> -bindview -o C:/Users/brand/Documents/engs192/zybo-edge-ai/hls/edge_cnn_linear_stream_hls/edge_cnn_linear_stream_prj/solution1/.autopilot/db/design.bindinfo.xml 
Execute         gen_tb_info relu<array<ap_fixed<39, 19, 5, 3, 0>, 4u>, array<ap_fixed<16, 6, 5, 3, 0>, 4u>, relu_config5> -p C:/Users/brand/Documents/engs192/zybo-edge-ai/hls/edge_cnn_linear_stream_hls/edge_cnn_linear_stream_prj/solution1/.autopilot/db -o C:/Users/brand/Documents/engs192/zybo-edge-ai/hls/edge_cnn_linear_stream_hls/edge_cnn_linear_stream_prj/solution1/.autopilot/db/relu_array_ap_fixed_39_19_5_3_0_4u_array_ap_fixed_16_6_5_3_0_4u_relu_config5_s 
INFO: [HLS 200-10] ----------------------------------------------------------------
INFO: [HLS 200-10] -- Generating RTL for module 'zeropad2d_cl_array_ap_fixed_16_6_5_3_0_4u_array_ap_fixed_16_6_5_3_0_4u_config9_Pipeline_PadTopWidth' 
INFO: [HLS 200-10] ----------------------------------------------------------------
Execute         get_config_rtl -module_prefix 
Execute         get_config_rtl -module_auto_prefix 
Execute         get_config_rtl -module_prefix 
Execute         get_config_rtl -module_auto_prefix 
Execute         create_rtl_model zeropad2d_cl<array<ap_fixed<16, 6, 5, 3, 0>, 4u>, array<ap_fixed<16, 6, 5, 3, 0>, 4u>, config9>_Pipeline_PadTopWidth -top_prefix edge_cnn_linear_ -sub_prefix edge_cnn_linear_ -mg_file C:/Users/brand/Documents/engs192/zybo-edge-ai/hls/edge_cnn_linear_stream_hls/edge_cnn_linear_stream_prj/solution1/.autopilot/db/zeropad2d_cl_array_ap_fixed_16_6_5_3_0_4u_array_ap_fixed_16_6_5_3_0_4u_config9_Pipeline_PadTopWidth.compgen.tcl 
INFO: [HLS 200-1030] Apply Unified Pipeline Control on module 'zeropad2d_cl_array_ap_fixed_16_6_5_3_0_4u_array_ap_fixed_16_6_5_3_0_4u_config9_Pipeline_PadTopWidth' pipeline 'PadTopWidth' pipeline type 'loop pipeline'
INFO: [RTGEN 206-100] Finished creating RTL model for 'zeropad2d_cl_array_ap_fixed_16_6_5_3_0_4u_array_ap_fixed_16_6_5_3_0_4u_config9_Pipeline_PadTopWidth'.
INFO: [HLS 200-111] Finished Creating RTL model: CPU user time: 0 seconds. CPU system time: 0 seconds. Elapsed time: 0.362 seconds; current allocated memory: 1.162 GB.
Execute         source C:/Users/brand/Documents/engs192/zybo-edge-ai/hls/edge_cnn_linear_stream_hls/edge_cnn_linear_stream_prj/solution1/.autopilot/db/edge_cnn_linear.rtl_wrap.cfg.tcl 
Execute         gen_rtl zeropad2d_cl<array<ap_fixed<16, 6, 5, 3, 0>, 4u>, array<ap_fixed<16, 6, 5, 3, 0>, 4u>, config9>_Pipeline_PadTopWidth -style xilinx -f -lang vhdl -o C:/Users/brand/Documents/engs192/zybo-edge-ai/hls/edge_cnn_linear_stream_hls/edge_cnn_linear_stream_prj/solution1/syn/vhdl/edge_cnn_linear_zeropad2d_cl_array_ap_fixed_16_6_5_3_0_4u_array_ap_fixed_16_6_5_3_0_4u_config9_Pipeline_PadTopWidth 
Execute         gen_rtl zeropad2d_cl<array<ap_fixed<16, 6, 5, 3, 0>, 4u>, array<ap_fixed<16, 6, 5, 3, 0>, 4u>, config9>_Pipeline_PadTopWidth -style xilinx -f -lang vlog -o C:/Users/brand/Documents/engs192/zybo-edge-ai/hls/edge_cnn_linear_stream_hls/edge_cnn_linear_stream_prj/solution1/syn/verilog/edge_cnn_linear_zeropad2d_cl_array_ap_fixed_16_6_5_3_0_4u_array_ap_fixed_16_6_5_3_0_4u_config9_Pipeline_PadTopWidth 
Execute         syn_report -csynth -model zeropad2d_cl<array<ap_fixed<16, 6, 5, 3, 0>, 4u>, array<ap_fixed<16, 6, 5, 3, 0>, 4u>, config9>_Pipeline_PadTopWidth -o C:/Users/brand/Documents/engs192/zybo-edge-ai/hls/edge_cnn_linear_stream_hls/edge_cnn_linear_stream_prj/solution1/syn/report/zeropad2d_cl_array_ap_fixed_16_6_5_3_0_4u_array_ap_fixed_16_6_5_3_0_4u_config9_Pipeline_PadTopWidth_csynth.rpt 
Execute           AP::get_flow_target_display_name
Execute             get_solution -flow_target 
Execute         syn_report -rtlxml -model zeropad2d_cl<array<ap_fixed<16, 6, 5, 3, 0>, 4u>, array<ap_fixed<16, 6, 5, 3, 0>, 4u>, config9>_Pipeline_PadTopWidth -o C:/Users/brand/Documents/engs192/zybo-edge-ai/hls/edge_cnn_linear_stream_hls/edge_cnn_linear_stream_prj/solution1/syn/report/zeropad2d_cl_array_ap_fixed_16_6_5_3_0_4u_array_ap_fixed_16_6_5_3_0_4u_config9_Pipeline_PadTopWidth_csynth.xml 
Execute           get_solution -flow_target
Execute             get_solution -flow_target 
Execute         syn_report -verbosereport -model zeropad2d_cl<array<ap_fixed<16, 6, 5, 3, 0>, 4u>, array<ap_fixed<16, 6, 5, 3, 0>, 4u>, config9>_Pipeline_PadTopWidth -o C:/Users/brand/Documents/engs192/zybo-edge-ai/hls/edge_cnn_linear_stream_hls/edge_cnn_linear_stream_prj/solution1/.autopilot/db/zeropad2d_cl_array_ap_fixed_16_6_5_3_0_4u_array_ap_fixed_16_6_5_3_0_4u_config9_Pipeline_PadTopWidth.verbose.rpt 
Execute           AP::get_flow_target_display_name
Execute             get_solution -flow_target 
Execute         db_write -model zeropad2d_cl<array<ap_fixed<16, 6, 5, 3, 0>, 4u>, array<ap_fixed<16, 6, 5, 3, 0>, 4u>, config9>_Pipeline_PadTopWidth -f -o C:/Users/brand/Documents/engs192/zybo-edge-ai/hls/edge_cnn_linear_stream_hls/edge_cnn_linear_stream_prj/solution1/.autopilot/db/zeropad2d_cl_array_ap_fixed_16_6_5_3_0_4u_array_ap_fixed_16_6_5_3_0_4u_config9_Pipeline_PadTopWidth.adb 
Execute         db_write -model zeropad2d_cl<array<ap_fixed<16, 6, 5, 3, 0>, 4u>, array<ap_fixed<16, 6, 5, 3, 0>, 4u>, config9>_Pipeline_PadTopWidth -bindview -o C:/Users/brand/Documents/engs192/zybo-edge-ai/hls/edge_cnn_linear_stream_hls/edge_cnn_linear_stream_prj/solution1/.autopilot/db/design.bindinfo.xml 
Execute         gen_tb_info zeropad2d_cl<array<ap_fixed<16, 6, 5, 3, 0>, 4u>, array<ap_fixed<16, 6, 5, 3, 0>, 4u>, config9>_Pipeline_PadTopWidth -p C:/Users/brand/Documents/engs192/zybo-edge-ai/hls/edge_cnn_linear_stream_hls/edge_cnn_linear_stream_prj/solution1/.autopilot/db -o C:/Users/brand/Documents/engs192/zybo-edge-ai/hls/edge_cnn_linear_stream_hls/edge_cnn_linear_stream_prj/solution1/.autopilot/db/zeropad2d_cl_array_ap_fixed_16_6_5_3_0_4u_array_ap_fixed_16_6_5_3_0_4u_config9_Pipeline_PadTopWidth 
INFO: [HLS 200-10] ----------------------------------------------------------------
INFO: [HLS 200-10] -- Generating RTL for module 'zeropad2d_cl_array_ap_fixed_16_6_5_3_0_4u_array_ap_fixed_16_6_5_3_0_4u_config9_Pipeline_CopyMain' 
INFO: [HLS 200-10] ----------------------------------------------------------------
Execute         get_config_rtl -module_prefix 
Execute         get_config_rtl -module_auto_prefix 
Execute         get_config_rtl -module_prefix 
Execute         get_config_rtl -module_auto_prefix 
Execute         create_rtl_model zeropad2d_cl<array<ap_fixed<16, 6, 5, 3, 0>, 4u>, array<ap_fixed<16, 6, 5, 3, 0>, 4u>, config9>_Pipeline_CopyMain -top_prefix edge_cnn_linear_ -sub_prefix edge_cnn_linear_ -mg_file C:/Users/brand/Documents/engs192/zybo-edge-ai/hls/edge_cnn_linear_stream_hls/edge_cnn_linear_stream_prj/solution1/.autopilot/db/zeropad2d_cl_array_ap_fixed_16_6_5_3_0_4u_array_ap_fixed_16_6_5_3_0_4u_config9_Pipeline_CopyMain.compgen.tcl 
INFO: [HLS 200-1030] Apply Unified Pipeline Control on module 'zeropad2d_cl_array_ap_fixed_16_6_5_3_0_4u_array_ap_fixed_16_6_5_3_0_4u_config9_Pipeline_CopyMain' pipeline 'CopyMain' pipeline type 'loop pipeline'
INFO: [RTGEN 206-100] Finished creating RTL model for 'zeropad2d_cl_array_ap_fixed_16_6_5_3_0_4u_array_ap_fixed_16_6_5_3_0_4u_config9_Pipeline_CopyMain'.
INFO: [HLS 200-111] Finished Creating RTL model: CPU user time: 0 seconds. CPU system time: 0 seconds. Elapsed time: 0.299 seconds; current allocated memory: 1.162 GB.
Execute         source C:/Users/brand/Documents/engs192/zybo-edge-ai/hls/edge_cnn_linear_stream_hls/edge_cnn_linear_stream_prj/solution1/.autopilot/db/edge_cnn_linear.rtl_wrap.cfg.tcl 
Execute         gen_rtl zeropad2d_cl<array<ap_fixed<16, 6, 5, 3, 0>, 4u>, array<ap_fixed<16, 6, 5, 3, 0>, 4u>, config9>_Pipeline_CopyMain -style xilinx -f -lang vhdl -o C:/Users/brand/Documents/engs192/zybo-edge-ai/hls/edge_cnn_linear_stream_hls/edge_cnn_linear_stream_prj/solution1/syn/vhdl/edge_cnn_linear_zeropad2d_cl_array_ap_fixed_16_6_5_3_0_4u_array_ap_fixed_16_6_5_3_0_4u_config9_Pipeline_CopyMain 
Execute         gen_rtl zeropad2d_cl<array<ap_fixed<16, 6, 5, 3, 0>, 4u>, array<ap_fixed<16, 6, 5, 3, 0>, 4u>, config9>_Pipeline_CopyMain -style xilinx -f -lang vlog -o C:/Users/brand/Documents/engs192/zybo-edge-ai/hls/edge_cnn_linear_stream_hls/edge_cnn_linear_stream_prj/solution1/syn/verilog/edge_cnn_linear_zeropad2d_cl_array_ap_fixed_16_6_5_3_0_4u_array_ap_fixed_16_6_5_3_0_4u_config9_Pipeline_CopyMain 
Execute         syn_report -csynth -model zeropad2d_cl<array<ap_fixed<16, 6, 5, 3, 0>, 4u>, array<ap_fixed<16, 6, 5, 3, 0>, 4u>, config9>_Pipeline_CopyMain -o C:/Users/brand/Documents/engs192/zybo-edge-ai/hls/edge_cnn_linear_stream_hls/edge_cnn_linear_stream_prj/solution1/syn/report/zeropad2d_cl_array_ap_fixed_16_6_5_3_0_4u_array_ap_fixed_16_6_5_3_0_4u_config9_Pipeline_CopyMain_csynth.rpt 
Execute           AP::get_flow_target_display_name
Execute             get_solution -flow_target 
Execute         syn_report -rtlxml -model zeropad2d_cl<array<ap_fixed<16, 6, 5, 3, 0>, 4u>, array<ap_fixed<16, 6, 5, 3, 0>, 4u>, config9>_Pipeline_CopyMain -o C:/Users/brand/Documents/engs192/zybo-edge-ai/hls/edge_cnn_linear_stream_hls/edge_cnn_linear_stream_prj/solution1/syn/report/zeropad2d_cl_array_ap_fixed_16_6_5_3_0_4u_array_ap_fixed_16_6_5_3_0_4u_config9_Pipeline_CopyMain_csynth.xml 
Execute           get_solution -flow_target
Execute             get_solution -flow_target 
Execute         syn_report -verbosereport -model zeropad2d_cl<array<ap_fixed<16, 6, 5, 3, 0>, 4u>, array<ap_fixed<16, 6, 5, 3, 0>, 4u>, config9>_Pipeline_CopyMain -o C:/Users/brand/Documents/engs192/zybo-edge-ai/hls/edge_cnn_linear_stream_hls/edge_cnn_linear_stream_prj/solution1/.autopilot/db/zeropad2d_cl_array_ap_fixed_16_6_5_3_0_4u_array_ap_fixed_16_6_5_3_0_4u_config9_Pipeline_CopyMain.verbose.rpt 
Execute           AP::get_flow_target_display_name
Execute             get_solution -flow_target 
Execute         db_write -model zeropad2d_cl<array<ap_fixed<16, 6, 5, 3, 0>, 4u>, array<ap_fixed<16, 6, 5, 3, 0>, 4u>, config9>_Pipeline_CopyMain -f -o C:/Users/brand/Documents/engs192/zybo-edge-ai/hls/edge_cnn_linear_stream_hls/edge_cnn_linear_stream_prj/solution1/.autopilot/db/zeropad2d_cl_array_ap_fixed_16_6_5_3_0_4u_array_ap_fixed_16_6_5_3_0_4u_config9_Pipeline_CopyMain.adb 
Execute         db_write -model zeropad2d_cl<array<ap_fixed<16, 6, 5, 3, 0>, 4u>, array<ap_fixed<16, 6, 5, 3, 0>, 4u>, config9>_Pipeline_CopyMain -bindview -o C:/Users/brand/Documents/engs192/zybo-edge-ai/hls/edge_cnn_linear_stream_hls/edge_cnn_linear_stream_prj/solution1/.autopilot/db/design.bindinfo.xml 
Execute         gen_tb_info zeropad2d_cl<array<ap_fixed<16, 6, 5, 3, 0>, 4u>, array<ap_fixed<16, 6, 5, 3, 0>, 4u>, config9>_Pipeline_CopyMain -p C:/Users/brand/Documents/engs192/zybo-edge-ai/hls/edge_cnn_linear_stream_hls/edge_cnn_linear_stream_prj/solution1/.autopilot/db -o C:/Users/brand/Documents/engs192/zybo-edge-ai/hls/edge_cnn_linear_stream_hls/edge_cnn_linear_stream_prj/solution1/.autopilot/db/zeropad2d_cl_array_ap_fixed_16_6_5_3_0_4u_array_ap_fixed_16_6_5_3_0_4u_config9_Pipeline_CopyMain 
INFO: [HLS 200-10] ----------------------------------------------------------------
INFO: [HLS 200-10] -- Generating RTL for module 'zeropad2d_cl_array_ap_fixed_16_6_5_3_0_4u_array_ap_fixed_16_6_5_3_0_4u_config9_Pipeline_PadBottomWidth' 
INFO: [HLS 200-10] ----------------------------------------------------------------
Execute         get_config_rtl -module_prefix 
Execute         get_config_rtl -module_auto_prefix 
Execute         get_config_rtl -module_prefix 
Execute         get_config_rtl -module_auto_prefix 
Execute         create_rtl_model zeropad2d_cl<array<ap_fixed<16, 6, 5, 3, 0>, 4u>, array<ap_fixed<16, 6, 5, 3, 0>, 4u>, config9>_Pipeline_PadBottomWidth -top_prefix edge_cnn_linear_ -sub_prefix edge_cnn_linear_ -mg_file C:/Users/brand/Documents/engs192/zybo-edge-ai/hls/edge_cnn_linear_stream_hls/edge_cnn_linear_stream_prj/solution1/.autopilot/db/zeropad2d_cl_array_ap_fixed_16_6_5_3_0_4u_array_ap_fixed_16_6_5_3_0_4u_config9_Pipeline_PadBottomWidth.compgen.tcl 
INFO: [HLS 200-1030] Apply Unified Pipeline Control on module 'zeropad2d_cl_array_ap_fixed_16_6_5_3_0_4u_array_ap_fixed_16_6_5_3_0_4u_config9_Pipeline_PadBottomWidth' pipeline 'PadBottomWidth' pipeline type 'loop pipeline'
INFO: [RTGEN 206-100] Finished creating RTL model for 'zeropad2d_cl_array_ap_fixed_16_6_5_3_0_4u_array_ap_fixed_16_6_5_3_0_4u_config9_Pipeline_PadBottomWidth'.
Command         create_rtl_model done; 0.128 sec.
INFO: [HLS 200-111] Finished Creating RTL model: CPU user time: 0 seconds. CPU system time: 0 seconds. Elapsed time: 0.349 seconds; current allocated memory: 1.162 GB.
Execute         source C:/Users/brand/Documents/engs192/zybo-edge-ai/hls/edge_cnn_linear_stream_hls/edge_cnn_linear_stream_prj/solution1/.autopilot/db/edge_cnn_linear.rtl_wrap.cfg.tcl 
Execute         gen_rtl zeropad2d_cl<array<ap_fixed<16, 6, 5, 3, 0>, 4u>, array<ap_fixed<16, 6, 5, 3, 0>, 4u>, config9>_Pipeline_PadBottomWidth -style xilinx -f -lang vhdl -o C:/Users/brand/Documents/engs192/zybo-edge-ai/hls/edge_cnn_linear_stream_hls/edge_cnn_linear_stream_prj/solution1/syn/vhdl/edge_cnn_linear_zeropad2d_cl_array_ap_fixed_16_6_5_3_0_4u_array_ap_fixed_16_6_5_3_0_4u_config9_Pipeline_PadBottomWidth 
Execute         gen_rtl zeropad2d_cl<array<ap_fixed<16, 6, 5, 3, 0>, 4u>, array<ap_fixed<16, 6, 5, 3, 0>, 4u>, config9>_Pipeline_PadBottomWidth -style xilinx -f -lang vlog -o C:/Users/brand/Documents/engs192/zybo-edge-ai/hls/edge_cnn_linear_stream_hls/edge_cnn_linear_stream_prj/solution1/syn/verilog/edge_cnn_linear_zeropad2d_cl_array_ap_fixed_16_6_5_3_0_4u_array_ap_fixed_16_6_5_3_0_4u_config9_Pipeline_PadBottomWidth 
Execute         syn_report -csynth -model zeropad2d_cl<array<ap_fixed<16, 6, 5, 3, 0>, 4u>, array<ap_fixed<16, 6, 5, 3, 0>, 4u>, config9>_Pipeline_PadBottomWidth -o C:/Users/brand/Documents/engs192/zybo-edge-ai/hls/edge_cnn_linear_stream_hls/edge_cnn_linear_stream_prj/solution1/syn/report/zeropad2d_cl_array_ap_fixed_16_6_5_3_0_4u_array_ap_fixed_16_6_5_3_0_4u_config9_Pipeline_PadBottomWidth_csynth.rpt 
Execute           AP::get_flow_target_display_name
Execute             get_solution -flow_target 
Execute         syn_report -rtlxml -model zeropad2d_cl<array<ap_fixed<16, 6, 5, 3, 0>, 4u>, array<ap_fixed<16, 6, 5, 3, 0>, 4u>, config9>_Pipeline_PadBottomWidth -o C:/Users/brand/Documents/engs192/zybo-edge-ai/hls/edge_cnn_linear_stream_hls/edge_cnn_linear_stream_prj/solution1/syn/report/zeropad2d_cl_array_ap_fixed_16_6_5_3_0_4u_array_ap_fixed_16_6_5_3_0_4u_config9_Pipeline_PadBottomWidth_csynth.xml 
Execute           get_solution -flow_target
Execute             get_solution -flow_target 
Execute         syn_report -verbosereport -model zeropad2d_cl<array<ap_fixed<16, 6, 5, 3, 0>, 4u>, array<ap_fixed<16, 6, 5, 3, 0>, 4u>, config9>_Pipeline_PadBottomWidth -o C:/Users/brand/Documents/engs192/zybo-edge-ai/hls/edge_cnn_linear_stream_hls/edge_cnn_linear_stream_prj/solution1/.autopilot/db/zeropad2d_cl_array_ap_fixed_16_6_5_3_0_4u_array_ap_fixed_16_6_5_3_0_4u_config9_Pipeline_PadBottomWidth.verbose.rpt 
Execute           AP::get_flow_target_display_name
Execute             get_solution -flow_target 
Execute         db_write -model zeropad2d_cl<array<ap_fixed<16, 6, 5, 3, 0>, 4u>, array<ap_fixed<16, 6, 5, 3, 0>, 4u>, config9>_Pipeline_PadBottomWidth -f -o C:/Users/brand/Documents/engs192/zybo-edge-ai/hls/edge_cnn_linear_stream_hls/edge_cnn_linear_stream_prj/solution1/.autopilot/db/zeropad2d_cl_array_ap_fixed_16_6_5_3_0_4u_array_ap_fixed_16_6_5_3_0_4u_config9_Pipeline_PadBottomWidth.adb 
Execute         db_write -model zeropad2d_cl<array<ap_fixed<16, 6, 5, 3, 0>, 4u>, array<ap_fixed<16, 6, 5, 3, 0>, 4u>, config9>_Pipeline_PadBottomWidth -bindview -o C:/Users/brand/Documents/engs192/zybo-edge-ai/hls/edge_cnn_linear_stream_hls/edge_cnn_linear_stream_prj/solution1/.autopilot/db/design.bindinfo.xml 
Execute         gen_tb_info zeropad2d_cl<array<ap_fixed<16, 6, 5, 3, 0>, 4u>, array<ap_fixed<16, 6, 5, 3, 0>, 4u>, config9>_Pipeline_PadBottomWidth -p C:/Users/brand/Documents/engs192/zybo-edge-ai/hls/edge_cnn_linear_stream_hls/edge_cnn_linear_stream_prj/solution1/.autopilot/db -o C:/Users/brand/Documents/engs192/zybo-edge-ai/hls/edge_cnn_linear_stream_hls/edge_cnn_linear_stream_prj/solution1/.autopilot/db/zeropad2d_cl_array_ap_fixed_16_6_5_3_0_4u_array_ap_fixed_16_6_5_3_0_4u_config9_Pipeline_PadBottomWidth 
INFO: [HLS 200-10] ----------------------------------------------------------------
INFO: [HLS 200-10] -- Generating RTL for module 'zeropad2d_cl_array_ap_fixed_16_6_5_3_0_4u_array_ap_fixed_16_6_5_3_0_4u_config9_s' 
INFO: [HLS 200-10] ----------------------------------------------------------------
Execute         get_config_rtl -module_prefix 
Execute         get_config_rtl -module_auto_prefix 
Execute         get_config_rtl -module_prefix 
Execute         get_config_rtl -module_auto_prefix 
Execute         create_rtl_model zeropad2d_cl<array<ap_fixed<16, 6, 5, 3, 0>, 4u>, array<ap_fixed<16, 6, 5, 3, 0>, 4u>, config9> -top_prefix edge_cnn_linear_ -sub_prefix edge_cnn_linear_ -mg_file C:/Users/brand/Documents/engs192/zybo-edge-ai/hls/edge_cnn_linear_stream_hls/edge_cnn_linear_stream_prj/solution1/.autopilot/db/zeropad2d_cl_array_ap_fixed_16_6_5_3_0_4u_array_ap_fixed_16_6_5_3_0_4u_config9_s.compgen.tcl 
INFO: [RTGEN 206-100] Finished creating RTL model for 'zeropad2d_cl_array_ap_fixed_16_6_5_3_0_4u_array_ap_fixed_16_6_5_3_0_4u_config9_s'.
INFO: [HLS 200-111] Finished Creating RTL model: CPU user time: 0 seconds. CPU system time: 0 seconds. Elapsed time: 0.237 seconds; current allocated memory: 1.162 GB.
Execute         source C:/Users/brand/Documents/engs192/zybo-edge-ai/hls/edge_cnn_linear_stream_hls/edge_cnn_linear_stream_prj/solution1/.autopilot/db/edge_cnn_linear.rtl_wrap.cfg.tcl 
Execute         gen_rtl zeropad2d_cl<array<ap_fixed<16, 6, 5, 3, 0>, 4u>, array<ap_fixed<16, 6, 5, 3, 0>, 4u>, config9> -style xilinx -f -lang vhdl -o C:/Users/brand/Documents/engs192/zybo-edge-ai/hls/edge_cnn_linear_stream_hls/edge_cnn_linear_stream_prj/solution1/syn/vhdl/edge_cnn_linear_zeropad2d_cl_array_ap_fixed_16_6_5_3_0_4u_array_ap_fixed_16_6_5_3_0_4u_config9_s 
Execute         gen_rtl zeropad2d_cl<array<ap_fixed<16, 6, 5, 3, 0>, 4u>, array<ap_fixed<16, 6, 5, 3, 0>, 4u>, config9> -style xilinx -f -lang vlog -o C:/Users/brand/Documents/engs192/zybo-edge-ai/hls/edge_cnn_linear_stream_hls/edge_cnn_linear_stream_prj/solution1/syn/verilog/edge_cnn_linear_zeropad2d_cl_array_ap_fixed_16_6_5_3_0_4u_array_ap_fixed_16_6_5_3_0_4u_config9_s 
Execute         syn_report -csynth -model zeropad2d_cl<array<ap_fixed<16, 6, 5, 3, 0>, 4u>, array<ap_fixed<16, 6, 5, 3, 0>, 4u>, config9> -o C:/Users/brand/Documents/engs192/zybo-edge-ai/hls/edge_cnn_linear_stream_hls/edge_cnn_linear_stream_prj/solution1/syn/report/zeropad2d_cl_array_ap_fixed_16_6_5_3_0_4u_array_ap_fixed_16_6_5_3_0_4u_config9_s_csynth.rpt 
Execute           AP::get_flow_target_display_name
Execute             get_solution -flow_target 
Execute         syn_report -rtlxml -model zeropad2d_cl<array<ap_fixed<16, 6, 5, 3, 0>, 4u>, array<ap_fixed<16, 6, 5, 3, 0>, 4u>, config9> -o C:/Users/brand/Documents/engs192/zybo-edge-ai/hls/edge_cnn_linear_stream_hls/edge_cnn_linear_stream_prj/solution1/syn/report/zeropad2d_cl_array_ap_fixed_16_6_5_3_0_4u_array_ap_fixed_16_6_5_3_0_4u_config9_s_csynth.xml 
Execute           get_solution -flow_target
Execute             get_solution -flow_target 
Execute         syn_report -verbosereport -model zeropad2d_cl<array<ap_fixed<16, 6, 5, 3, 0>, 4u>, array<ap_fixed<16, 6, 5, 3, 0>, 4u>, config9> -o C:/Users/brand/Documents/engs192/zybo-edge-ai/hls/edge_cnn_linear_stream_hls/edge_cnn_linear_stream_prj/solution1/.autopilot/db/zeropad2d_cl_array_ap_fixed_16_6_5_3_0_4u_array_ap_fixed_16_6_5_3_0_4u_config9_s.verbose.rpt 
Execute           AP::get_flow_target_display_name
Execute             get_solution -flow_target 
Execute         db_write -model zeropad2d_cl<array<ap_fixed<16, 6, 5, 3, 0>, 4u>, array<ap_fixed<16, 6, 5, 3, 0>, 4u>, config9> -f -o C:/Users/brand/Documents/engs192/zybo-edge-ai/hls/edge_cnn_linear_stream_hls/edge_cnn_linear_stream_prj/solution1/.autopilot/db/zeropad2d_cl_array_ap_fixed_16_6_5_3_0_4u_array_ap_fixed_16_6_5_3_0_4u_config9_s.adb 
Execute         db_write -model zeropad2d_cl<array<ap_fixed<16, 6, 5, 3, 0>, 4u>, array<ap_fixed<16, 6, 5, 3, 0>, 4u>, config9> -bindview -o C:/Users/brand/Documents/engs192/zybo-edge-ai/hls/edge_cnn_linear_stream_hls/edge_cnn_linear_stream_prj/solution1/.autopilot/db/design.bindinfo.xml 
Execute         gen_tb_info zeropad2d_cl<array<ap_fixed<16, 6, 5, 3, 0>, 4u>, array<ap_fixed<16, 6, 5, 3, 0>, 4u>, config9> -p C:/Users/brand/Documents/engs192/zybo-edge-ai/hls/edge_cnn_linear_stream_hls/edge_cnn_linear_stream_prj/solution1/.autopilot/db -o C:/Users/brand/Documents/engs192/zybo-edge-ai/hls/edge_cnn_linear_stream_hls/edge_cnn_linear_stream_prj/solution1/.autopilot/db/zeropad2d_cl_array_ap_fixed_16_6_5_3_0_4u_array_ap_fixed_16_6_5_3_0_4u_config9_s 
INFO: [HLS 200-10] ----------------------------------------------------------------
INFO: [HLS 200-10] -- Generating RTL for module 'shift_line_buffer_array_ap_fixed_16_6_5_3_0_4u_config6_s' 
INFO: [HLS 200-10] ----------------------------------------------------------------
Execute         get_config_rtl -module_prefix 
Execute         get_config_rtl -module_auto_prefix 
Execute         get_config_rtl -module_prefix 
Execute         get_config_rtl -module_auto_prefix 
Execute         create_rtl_model shift_line_buffer<array<ap_fixed<16, 6, 5, 3, 0>, 4u>, config6> -top_prefix edge_cnn_linear_ -sub_prefix edge_cnn_linear_ -mg_file C:/Users/brand/Documents/engs192/zybo-edge-ai/hls/edge_cnn_linear_stream_hls/edge_cnn_linear_stream_prj/solution1/.autopilot/db/shift_line_buffer_array_ap_fixed_16_6_5_3_0_4u_config6_s.compgen.tcl 
INFO: [SYN 201-210] Renamed object name 'shift_line_buffer_array_ap_fixed_16_6_5_3_0_4u_config6_s_void_conv_2d_buffer_cl_array_ap_fixed_16_6_5_3_0_4u_array_ap_fixed_39_19_5_3_0_1u_config6_stream_array_ap_fixed_16_6_5_3_0_4u_0_stream_array_ap_fixed_39_19_5_3_0_1u_0_weight_t_bias_t_line_buffer_0_SHIFTREG_AUTO_0R0W' to 'shift_line_buffer_array_ap_fixed_16_6_5_3_0_4u_config6_s_void_conv_2d_buffer_pcA' due to the length limit 80
INFO: [SYN 201-210] Renamed object name 'shift_line_buffer_array_ap_fixed_16_6_5_3_0_4u_config6_s_void_conv_2d_buffer_cl_array_ap_fixed_16_6_5_3_0_4u_array_ap_fixed_39_19_5_3_0_1u_config6_stream_array_ap_fixed_16_6_5_3_0_4u_0_stream_array_ap_fixed_39_19_5_3_0_1u_0_weight_t_bias_t_line_buffer_SHIFTREG_AUTO_0R0W' to 'shift_line_buffer_array_ap_fixed_16_6_5_3_0_4u_config6_s_void_conv_2d_buffer_qcK' due to the length limit 80
INFO: [SYN 201-210] Renamed object name 'shift_line_buffer_array_ap_fixed_16_6_5_3_0_4u_config6_s_void_conv_2d_buffer_cl_array_ap_fixed_16_6_5_3_0_4u_array_ap_fixed_39_19_5_3_0_1u_config6_stream_array_ap_fixed_16_6_5_3_0_4u_0_stream_array_ap_fixed_39_19_5_3_0_1u_0_weight_t_bias_t_line_buffer_1_0_SHIFTREG_AUTO_0R0W' to 'shift_line_buffer_array_ap_fixed_16_6_5_3_0_4u_config6_s_void_conv_2d_buffer_rcU' due to the length limit 80
INFO: [SYN 201-210] Renamed object name 'shift_line_buffer_array_ap_fixed_16_6_5_3_0_4u_config6_s_void_conv_2d_buffer_cl_array_ap_fixed_16_6_5_3_0_4u_array_ap_fixed_39_19_5_3_0_1u_config6_stream_array_ap_fixed_16_6_5_3_0_4u_0_stream_array_ap_fixed_39_19_5_3_0_1u_0_weight_t_bias_t_line_buffer_1_1_SHIFTREG_AUTO_0R0W' to 'shift_line_buffer_array_ap_fixed_16_6_5_3_0_4u_config6_s_void_conv_2d_buffer_sc4' due to the length limit 80
INFO: [SYN 201-210] Renamed object name 'shift_line_buffer_array_ap_fixed_16_6_5_3_0_4u_config6_s_void_conv_2d_buffer_cl_array_ap_fixed_16_6_5_3_0_4u_array_ap_fixed_39_19_5_3_0_1u_config6_stream_array_ap_fixed_16_6_5_3_0_4u_0_stream_array_ap_fixed_39_19_5_3_0_1u_0_weight_t_bias_t_line_buffer_2_0_SHIFTREG_AUTO_0R0W' to 'shift_line_buffer_array_ap_fixed_16_6_5_3_0_4u_config6_s_void_conv_2d_buffer_tde' due to the length limit 80
INFO: [SYN 201-210] Renamed object name 'shift_line_buffer_array_ap_fixed_16_6_5_3_0_4u_config6_s_void_conv_2d_buffer_cl_array_ap_fixed_16_6_5_3_0_4u_array_ap_fixed_39_19_5_3_0_1u_config6_stream_array_ap_fixed_16_6_5_3_0_4u_0_stream_array_ap_fixed_39_19_5_3_0_1u_0_weight_t_bias_t_line_buffer_2_1_SHIFTREG_AUTO_0R0W' to 'shift_line_buffer_array_ap_fixed_16_6_5_3_0_4u_config6_s_void_conv_2d_buffer_udo' due to the length limit 80
INFO: [SYN 201-210] Renamed object name 'shift_line_buffer_array_ap_fixed_16_6_5_3_0_4u_config6_s_void_conv_2d_buffer_cl_array_ap_fixed_16_6_5_3_0_4u_array_ap_fixed_39_19_5_3_0_1u_config6_stream_array_ap_fixed_16_6_5_3_0_4u_0_stream_array_ap_fixed_39_19_5_3_0_1u_0_weight_t_bias_t_line_buffer_3_0_SHIFTREG_AUTO_0R0W' to 'shift_line_buffer_array_ap_fixed_16_6_5_3_0_4u_config6_s_void_conv_2d_buffer_vdy' due to the length limit 80
INFO: [SYN 201-210] Renamed object name 'shift_line_buffer_array_ap_fixed_16_6_5_3_0_4u_config6_s_void_conv_2d_buffer_cl_array_ap_fixed_16_6_5_3_0_4u_array_ap_fixed_39_19_5_3_0_1u_config6_stream_array_ap_fixed_16_6_5_3_0_4u_0_stream_array_ap_fixed_39_19_5_3_0_1u_0_weight_t_bias_t_line_buffer_3_1_SHIFTREG_AUTO_0R0W' to 'shift_line_buffer_array_ap_fixed_16_6_5_3_0_4u_config6_s_void_conv_2d_buffer_wdI' due to the length limit 80
INFO: [RTGEN 206-100] Finished creating RTL model for 'shift_line_buffer_array_ap_fixed_16_6_5_3_0_4u_config6_s'.
Command         create_rtl_model done; 0.4 sec.
INFO: [HLS 200-111] Finished Creating RTL model: CPU user time: 1 seconds. CPU system time: 0 seconds. Elapsed time: 0.624 seconds; current allocated memory: 1.162 GB.
Execute         source C:/Users/brand/Documents/engs192/zybo-edge-ai/hls/edge_cnn_linear_stream_hls/edge_cnn_linear_stream_prj/solution1/.autopilot/db/edge_cnn_linear.rtl_wrap.cfg.tcl 
Execute         gen_rtl shift_line_buffer<array<ap_fixed<16, 6, 5, 3, 0>, 4u>, config6> -style xilinx -f -lang vhdl -o C:/Users/brand/Documents/engs192/zybo-edge-ai/hls/edge_cnn_linear_stream_hls/edge_cnn_linear_stream_prj/solution1/syn/vhdl/edge_cnn_linear_shift_line_buffer_array_ap_fixed_16_6_5_3_0_4u_config6_s 
Execute         gen_rtl shift_line_buffer<array<ap_fixed<16, 6, 5, 3, 0>, 4u>, config6> -style xilinx -f -lang vlog -o C:/Users/brand/Documents/engs192/zybo-edge-ai/hls/edge_cnn_linear_stream_hls/edge_cnn_linear_stream_prj/solution1/syn/verilog/edge_cnn_linear_shift_line_buffer_array_ap_fixed_16_6_5_3_0_4u_config6_s 
Execute         syn_report -csynth -model shift_line_buffer<array<ap_fixed<16, 6, 5, 3, 0>, 4u>, config6> -o C:/Users/brand/Documents/engs192/zybo-edge-ai/hls/edge_cnn_linear_stream_hls/edge_cnn_linear_stream_prj/solution1/syn/report/shift_line_buffer_array_ap_fixed_16_6_5_3_0_4u_config6_s_csynth.rpt 
Execute           AP::get_flow_target_display_name
Execute             get_solution -flow_target 
Execute         syn_report -rtlxml -model shift_line_buffer<array<ap_fixed<16, 6, 5, 3, 0>, 4u>, config6> -o C:/Users/brand/Documents/engs192/zybo-edge-ai/hls/edge_cnn_linear_stream_hls/edge_cnn_linear_stream_prj/solution1/syn/report/shift_line_buffer_array_ap_fixed_16_6_5_3_0_4u_config6_s_csynth.xml 
Execute           get_solution -flow_target
Execute             get_solution -flow_target 
Execute         syn_report -verbosereport -model shift_line_buffer<array<ap_fixed<16, 6, 5, 3, 0>, 4u>, config6> -o C:/Users/brand/Documents/engs192/zybo-edge-ai/hls/edge_cnn_linear_stream_hls/edge_cnn_linear_stream_prj/solution1/.autopilot/db/shift_line_buffer_array_ap_fixed_16_6_5_3_0_4u_config6_s.verbose.rpt 
Execute           AP::get_flow_target_display_name
Execute             get_solution -flow_target 
Execute         db_write -model shift_line_buffer<array<ap_fixed<16, 6, 5, 3, 0>, 4u>, config6> -f -o C:/Users/brand/Documents/engs192/zybo-edge-ai/hls/edge_cnn_linear_stream_hls/edge_cnn_linear_stream_prj/solution1/.autopilot/db/shift_line_buffer_array_ap_fixed_16_6_5_3_0_4u_config6_s.adb 
Execute         db_write -model shift_line_buffer<array<ap_fixed<16, 6, 5, 3, 0>, 4u>, config6> -bindview -o C:/Users/brand/Documents/engs192/zybo-edge-ai/hls/edge_cnn_linear_stream_hls/edge_cnn_linear_stream_prj/solution1/.autopilot/db/design.bindinfo.xml 
Execute         gen_tb_info shift_line_buffer<array<ap_fixed<16, 6, 5, 3, 0>, 4u>, config6> -p C:/Users/brand/Documents/engs192/zybo-edge-ai/hls/edge_cnn_linear_stream_hls/edge_cnn_linear_stream_prj/solution1/.autopilot/db -o C:/Users/brand/Documents/engs192/zybo-edge-ai/hls/edge_cnn_linear_stream_hls/edge_cnn_linear_stream_prj/solution1/.autopilot/db/shift_line_buffer_array_ap_fixed_16_6_5_3_0_4u_config6_s 
INFO: [HLS 200-10] ----------------------------------------------------------------
INFO: [HLS 200-10] -- Generating RTL for module 'dense_resource_rf_leq_nin_ap_fixed_16_6_5_3_0_ap_fixed_39_19_5_3_0_config6_mult_s' 
INFO: [HLS 200-10] ----------------------------------------------------------------
Execute         get_config_rtl -module_prefix 
Execute         get_config_rtl -module_auto_prefix 
Execute         get_config_rtl -module_prefix 
Execute         get_config_rtl -module_auto_prefix 
Execute         create_rtl_model dense_resource_rf_leq_nin<ap_fixed<16, 6, 5, 3, 0>, ap_fixed<39, 19, 5, 3, 0>, config6_mult> -top_prefix edge_cnn_linear_ -sub_prefix edge_cnn_linear_ -mg_file C:/Users/brand/Documents/engs192/zybo-edge-ai/hls/edge_cnn_linear_stream_hls/edge_cnn_linear_stream_prj/solution1/.autopilot/db/dense_resource_rf_leq_nin_ap_fixed_16_6_5_3_0_ap_fixed_39_19_5_3_0_config6_mult_s.compgen.tcl 
INFO: [SYN 201-210] Renamed object name 'dense_resource_rf_leq_nin_ap_fixed_16_6_5_3_0_ap_fixed_39_19_5_3_0_config6_mult_s_w6_V_ROM_NP_BRAM_1R' to 'dense_resource_rf_leq_nin_ap_fixed_16_6_5_3_0_ap_fixed_39_19_5_3_0_config6_muxdS' due to the length limit 80
INFO: [HLS 200-1030] Apply Unified Pipeline Control on module 'dense_resource_rf_leq_nin_ap_fixed_16_6_5_3_0_ap_fixed_39_19_5_3_0_config6_mult_s' pipeline 'ReuseLoop' pipeline type 'rewind pipeline'
INFO: [RTGEN 206-100] Generating core module 'mul_mul_16s_11s_26_4_1': 1 instance(s).
INFO: [RTGEN 206-100] Generating core module 'mux_366_16_1_1': 1 instance(s).
INFO: [RTGEN 206-100] Finished creating RTL model for 'dense_resource_rf_leq_nin_ap_fixed_16_6_5_3_0_ap_fixed_39_19_5_3_0_config6_mult_s'.
Command         create_rtl_model done; 0.227 sec.
INFO: [HLS 200-111] Finished Creating RTL model: CPU user time: 0 seconds. CPU system time: 0 seconds. Elapsed time: 0.538 seconds; current allocated memory: 1.162 GB.
Execute         source C:/Users/brand/Documents/engs192/zybo-edge-ai/hls/edge_cnn_linear_stream_hls/edge_cnn_linear_stream_prj/solution1/.autopilot/db/edge_cnn_linear.rtl_wrap.cfg.tcl 
Execute         gen_rtl dense_resource_rf_leq_nin<ap_fixed<16, 6, 5, 3, 0>, ap_fixed<39, 19, 5, 3, 0>, config6_mult> -style xilinx -f -lang vhdl -o C:/Users/brand/Documents/engs192/zybo-edge-ai/hls/edge_cnn_linear_stream_hls/edge_cnn_linear_stream_prj/solution1/syn/vhdl/edge_cnn_linear_dense_resource_rf_leq_nin_ap_fixed_16_6_5_3_0_ap_fixed_39_19_5_3_0_config6_mult_s 
Execute         gen_rtl dense_resource_rf_leq_nin<ap_fixed<16, 6, 5, 3, 0>, ap_fixed<39, 19, 5, 3, 0>, config6_mult> -style xilinx -f -lang vlog -o C:/Users/brand/Documents/engs192/zybo-edge-ai/hls/edge_cnn_linear_stream_hls/edge_cnn_linear_stream_prj/solution1/syn/verilog/edge_cnn_linear_dense_resource_rf_leq_nin_ap_fixed_16_6_5_3_0_ap_fixed_39_19_5_3_0_config6_mult_s 
Execute         syn_report -csynth -model dense_resource_rf_leq_nin<ap_fixed<16, 6, 5, 3, 0>, ap_fixed<39, 19, 5, 3, 0>, config6_mult> -o C:/Users/brand/Documents/engs192/zybo-edge-ai/hls/edge_cnn_linear_stream_hls/edge_cnn_linear_stream_prj/solution1/syn/report/dense_resource_rf_leq_nin_ap_fixed_16_6_5_3_0_ap_fixed_39_19_5_3_0_config6_mult_s_csynth.rpt 
Execute           AP::get_flow_target_display_name
Execute             get_solution -flow_target 
Execute         syn_report -rtlxml -model dense_resource_rf_leq_nin<ap_fixed<16, 6, 5, 3, 0>, ap_fixed<39, 19, 5, 3, 0>, config6_mult> -o C:/Users/brand/Documents/engs192/zybo-edge-ai/hls/edge_cnn_linear_stream_hls/edge_cnn_linear_stream_prj/solution1/syn/report/dense_resource_rf_leq_nin_ap_fixed_16_6_5_3_0_ap_fixed_39_19_5_3_0_config6_mult_s_csynth.xml 
Execute           get_solution -flow_target
Execute             get_solution -flow_target 
Execute         syn_report -verbosereport -model dense_resource_rf_leq_nin<ap_fixed<16, 6, 5, 3, 0>, ap_fixed<39, 19, 5, 3, 0>, config6_mult> -o C:/Users/brand/Documents/engs192/zybo-edge-ai/hls/edge_cnn_linear_stream_hls/edge_cnn_linear_stream_prj/solution1/.autopilot/db/dense_resource_rf_leq_nin_ap_fixed_16_6_5_3_0_ap_fixed_39_19_5_3_0_config6_mult_s.verbose.rpt 
Execute           AP::get_flow_target_display_name
Execute             get_solution -flow_target 
Execute         db_write -model dense_resource_rf_leq_nin<ap_fixed<16, 6, 5, 3, 0>, ap_fixed<39, 19, 5, 3, 0>, config6_mult> -f -o C:/Users/brand/Documents/engs192/zybo-edge-ai/hls/edge_cnn_linear_stream_hls/edge_cnn_linear_stream_prj/solution1/.autopilot/db/dense_resource_rf_leq_nin_ap_fixed_16_6_5_3_0_ap_fixed_39_19_5_3_0_config6_mult_s.adb 
Execute         db_write -model dense_resource_rf_leq_nin<ap_fixed<16, 6, 5, 3, 0>, ap_fixed<39, 19, 5, 3, 0>, config6_mult> -bindview -o C:/Users/brand/Documents/engs192/zybo-edge-ai/hls/edge_cnn_linear_stream_hls/edge_cnn_linear_stream_prj/solution1/.autopilot/db/design.bindinfo.xml 
Execute         gen_tb_info dense_resource_rf_leq_nin<ap_fixed<16, 6, 5, 3, 0>, ap_fixed<39, 19, 5, 3, 0>, config6_mult> -p C:/Users/brand/Documents/engs192/zybo-edge-ai/hls/edge_cnn_linear_stream_hls/edge_cnn_linear_stream_prj/solution1/.autopilot/db -o C:/Users/brand/Documents/engs192/zybo-edge-ai/hls/edge_cnn_linear_stream_hls/edge_cnn_linear_stream_prj/solution1/.autopilot/db/dense_resource_rf_leq_nin_ap_fixed_16_6_5_3_0_ap_fixed_39_19_5_3_0_config6_mult_s 
INFO: [HLS 200-10] ----------------------------------------------------------------
INFO: [HLS 200-10] -- Generating RTL for module 'compute_output_buffer_2d_array_ap_fixed_16_6_5_3_0_4u_array_ap_fixed_39_19_5_3_0_1u_config6_s' 
INFO: [HLS 200-10] ----------------------------------------------------------------
Execute         get_config_rtl -module_prefix 
Execute         get_config_rtl -module_auto_prefix 
Execute         get_config_rtl -module_prefix 
Execute         get_config_rtl -module_auto_prefix 
Execute         create_rtl_model compute_output_buffer_2d<array<ap_fixed<16, 6, 5, 3, 0>, 4u>, array<ap_fixed<39, 19, 5, 3, 0>, 1u>, config6> -top_prefix edge_cnn_linear_ -sub_prefix edge_cnn_linear_ -mg_file C:/Users/brand/Documents/engs192/zybo-edge-ai/hls/edge_cnn_linear_stream_hls/edge_cnn_linear_stream_prj/solution1/.autopilot/db/compute_output_buffer_2d_array_ap_fixed_16_6_5_3_0_4u_array_ap_fixed_39_19_5_3_0_1u_config6_s.compgen.tcl 
WARNING: [RTGEN 206-101] Register 'void_compute_output_buffer_2d_array_array_ap_fixed_1u_config6_array_ap_fixed_16_6_5_3_0_4u_const_ap_shift_reg_value_type_in_width_n_chan_stream_array_ap_fixed_39_19_5_3_0_1u_0_weight_t_bias_t_kernel_data_5' is power-on initialization.
WARNING: [RTGEN 206-101] Register 'void_compute_output_buffer_2d_array_array_ap_fixed_1u_config6_array_ap_fixed_16_6_5_3_0_4u_const_ap_shift_reg_value_type_in_width_n_chan_stream_array_ap_fixed_39_19_5_3_0_1u_0_weight_t_bias_t_kernel_data_9' is power-on initialization.
WARNING: [RTGEN 206-101] Register 'void_compute_output_buffer_2d_array_array_ap_fixed_1u_config6_array_ap_fixed_16_6_5_3_0_4u_const_ap_shift_reg_value_type_in_width_n_chan_stream_array_ap_fixed_39_19_5_3_0_1u_0_weight_t_bias_t_kernel_data_4' is power-on initialization.
WARNING: [RTGEN 206-101] Register 'void_compute_output_buffer_2d_array_array_ap_fixed_1u_config6_array_ap_fixed_16_6_5_3_0_4u_const_ap_shift_reg_value_type_in_width_n_chan_stream_array_ap_fixed_39_19_5_3_0_1u_0_weight_t_bias_t_kernel_data_8' is power-on initialization.
WARNING: [RTGEN 206-101] Register 'void_compute_output_buffer_2d_array_array_ap_fixed_1u_config6_array_ap_fixed_16_6_5_3_0_4u_const_ap_shift_reg_value_type_in_width_n_chan_stream_array_ap_fixed_39_19_5_3_0_1u_0_weight_t_bias_t_kernel_data_3' is power-on initialization.
WARNING: [RTGEN 206-101] Register 'void_compute_output_buffer_2d_array_array_ap_fixed_1u_config6_array_ap_fixed_16_6_5_3_0_4u_const_ap_shift_reg_value_type_in_width_n_chan_stream_array_ap_fixed_39_19_5_3_0_1u_0_weight_t_bias_t_kernel_data_7' is power-on initialization.
WARNING: [RTGEN 206-101] Register 'void_compute_output_buffer_2d_array_array_ap_fixed_1u_config6_array_ap_fixed_16_6_5_3_0_4u_const_ap_shift_reg_value_type_in_width_n_chan_stream_array_ap_fixed_39_19_5_3_0_1u_0_weight_t_bias_t_kernel_data_2' is power-on initialization.
WARNING: [RTGEN 206-101] Register 'void_compute_output_buffer_2d_array_array_ap_fixed_1u_config6_array_ap_fixed_16_6_5_3_0_4u_const_ap_shift_reg_value_type_in_width_n_chan_stream_array_ap_fixed_39_19_5_3_0_1u_0_weight_t_bias_t_kernel_data_6' is power-on initialization.
WARNING: [RTGEN 206-101] Register 'p_ZZN4nnet24compute_output_buffer_2dINS_5arrayI8ap_fixedILi16ELi6EL9ap_q_mode5EL9ap_o_mode3ELi0EELj4EEENS1_IS2_ILi39ELi19ELS3_5ELS4_3ELi0EELj1EEE7config6EEvRKT_PAsrT1_6n_chan_12ap_shift_regINSA_10value_typeEXsrSD_8in_widthEERN3hls6streamIT0_19' is power-on initialization.
WARNING: [RTGEN 206-101] Register 'p_ZZN4nnet24compute_output_buffer_2dINS_5arrayI8ap_fixedILi16ELi6EL9ap_q_mode5EL9ap_o_mode3ELi0EELj4EEENS1_IS2_ILi39ELi19ELS3_5ELS4_3ELi0EELj1EEE7config6EEvRKT_PAsrT1_6n_chan_12ap_shift_regINSA_10value_typeEXsrSD_8in_widthEERN3hls6streamIT0_23' is power-on initialization.
WARNING: [RTGEN 206-101] Register 'p_ZZN4nnet24compute_output_buffer_2dINS_5arrayI8ap_fixedILi16ELi6EL9ap_q_mode5EL9ap_o_mode3ELi0EELj4EEENS1_IS2_ILi39ELi19ELS3_5ELS4_3ELi0EELj1EEE7config6EEvRKT_PAsrT1_6n_chan_12ap_shift_regINSA_10value_typeEXsrSD_8in_widthEERN3hls6streamIT0_18' is power-on initialization.
WARNING: [RTGEN 206-101] Register 'p_ZZN4nnet24compute_output_buffer_2dINS_5arrayI8ap_fixedILi16ELi6EL9ap_q_mode5EL9ap_o_mode3ELi0EELj4EEENS1_IS2_ILi39ELi19ELS3_5ELS4_3ELi0EELj1EEE7config6EEvRKT_PAsrT1_6n_chan_12ap_shift_regINSA_10value_typeEXsrSD_8in_widthEERN3hls6streamIT0_22' is power-on initialization.
WARNING: [RTGEN 206-101] Register 'p_ZZN4nnet24compute_output_buffer_2dINS_5arrayI8ap_fixedILi16ELi6EL9ap_q_mode5EL9ap_o_mode3ELi0EELj4EEENS1_IS2_ILi39ELi19ELS3_5ELS4_3ELi0EELj1EEE7config6EEvRKT_PAsrT1_6n_chan_12ap_shift_regINSA_10value_typeEXsrSD_8in_widthEERN3hls6streamIT0_17' is power-on initialization.
WARNING: [RTGEN 206-101] Register 'p_ZZN4nnet24compute_output_buffer_2dINS_5arrayI8ap_fixedILi16ELi6EL9ap_q_mode5EL9ap_o_mode3ELi0EELj4EEENS1_IS2_ILi39ELi19ELS3_5ELS4_3ELi0EELj1EEE7config6EEvRKT_PAsrT1_6n_chan_12ap_shift_regINSA_10value_typeEXsrSD_8in_widthEERN3hls6streamIT0_21' is power-on initialization.
WARNING: [RTGEN 206-101] Register 'p_ZZN4nnet24compute_output_buffer_2dINS_5arrayI8ap_fixedILi16ELi6EL9ap_q_mode5EL9ap_o_mode3ELi0EELj4EEENS1_IS2_ILi39ELi19ELS3_5ELS4_3ELi0EELj1EEE7config6EEvRKT_PAsrT1_6n_chan_12ap_shift_regINSA_10value_typeEXsrSD_8in_widthEERN3hls6streamIT0_16' is power-on initialization.
WARNING: [RTGEN 206-101] Register 'p_ZZN4nnet24compute_output_buffer_2dINS_5arrayI8ap_fixedILi16ELi6EL9ap_q_mode5EL9ap_o_mode3ELi0EELj4EEENS1_IS2_ILi39ELi19ELS3_5ELS4_3ELi0EELj1EEE7config6EEvRKT_PAsrT1_6n_chan_12ap_shift_regINSA_10value_typeEXsrSD_8in_widthEERN3hls6streamIT0_20' is power-on initialization.
WARNING: [RTGEN 206-101] Register 'p_ZZN4nnet24compute_output_buffer_2dINS_5arrayI8ap_fixedILi16ELi6EL9ap_q_mode5EL9ap_o_mode3ELi0EELj4EEENS1_IS2_ILi39ELi19ELS3_5ELS4_3ELi0EELj1EEE7config6EEvRKT_PAsrT1_6n_chan_12ap_shift_regINSA_10value_typeEXsrSD_8in_widthEERN3hls6streamIT0_7' is power-on initialization.
WARNING: [RTGEN 206-101] Register 'p_ZZN4nnet24compute_output_buffer_2dINS_5arrayI8ap_fixedILi16ELi6EL9ap_q_mode5EL9ap_o_mode3ELi0EELj4EEENS1_IS2_ILi39ELi19ELS3_5ELS4_3ELi0EELj1EEE7config6EEvRKT_PAsrT1_6n_chan_12ap_shift_regINSA_10value_typeEXsrSD_8in_widthEERN3hls6streamIT0_11' is power-on initialization.
WARNING: [RTGEN 206-101] Register 'p_ZZN4nnet24compute_output_buffer_2dINS_5arrayI8ap_fixedILi16ELi6EL9ap_q_mode5EL9ap_o_mode3ELi0EELj4EEENS1_IS2_ILi39ELi19ELS3_5ELS4_3ELi0EELj1EEE7config6EEvRKT_PAsrT1_6n_chan_12ap_shift_regINSA_10value_typeEXsrSD_8in_widthEERN3hls6streamIT0_6' is power-on initialization.
WARNING: [RTGEN 206-101] Register 'p_ZZN4nnet24compute_output_buffer_2dINS_5arrayI8ap_fixedILi16ELi6EL9ap_q_mode5EL9ap_o_mode3ELi0EELj4EEENS1_IS2_ILi39ELi19ELS3_5ELS4_3ELi0EELj1EEE7config6EEvRKT_PAsrT1_6n_chan_12ap_shift_regINSA_10value_typeEXsrSD_8in_widthEERN3hls6streamIT0_10' is power-on initialization.
WARNING: [RTGEN 206-101] Register 'p_ZZN4nnet24compute_output_buffer_2dINS_5arrayI8ap_fixedILi16ELi6EL9ap_q_mode5EL9ap_o_mode3ELi0EELj4EEENS1_IS2_ILi39ELi19ELS3_5ELS4_3ELi0EELj1EEE7config6EEvRKT_PAsrT1_6n_chan_12ap_shift_regINSA_10value_typeEXsrSD_8in_widthEERN3hls6streamIT0_5' is power-on initialization.
WARNING: [RTGEN 206-101] Register 'p_ZZN4nnet24compute_output_buffer_2dINS_5arrayI8ap_fixedILi16ELi6EL9ap_q_mode5EL9ap_o_mode3ELi0EELj4EEENS1_IS2_ILi39ELi19ELS3_5ELS4_3ELi0EELj1EEE7config6EEvRKT_PAsrT1_6n_chan_12ap_shift_regINSA_10value_typeEXsrSD_8in_widthEERN3hls6streamIT0_9' is power-on initialization.
WARNING: [RTGEN 206-101] Register 'p_ZZN4nnet24compute_output_buffer_2dINS_5arrayI8ap_fixedILi16ELi6EL9ap_q_mode5EL9ap_o_mode3ELi0EELj4EEENS1_IS2_ILi39ELi19ELS3_5ELS4_3ELi0EELj1EEE7config6EEvRKT_PAsrT1_6n_chan_12ap_shift_regINSA_10value_typeEXsrSD_8in_widthEERN3hls6streamIT0_4' is power-on initialization.
WARNING: [RTGEN 206-101] Register 'p_ZZN4nnet24compute_output_buffer_2dINS_5arrayI8ap_fixedILi16ELi6EL9ap_q_mode5EL9ap_o_mode3ELi0EELj4EEENS1_IS2_ILi39ELi19ELS3_5ELS4_3ELi0EELj1EEE7config6EEvRKT_PAsrT1_6n_chan_12ap_shift_regINSA_10value_typeEXsrSD_8in_widthEERN3hls6streamIT0_8' is power-on initialization.
WARNING: [RTGEN 206-101] Register 'void_compute_output_buffer_2d_array_array_ap_fixed_1u_config6_array_ap_fixed_16_6_5_3_0_4u_const_ap_shift_reg_value_type_in_width_n_chan_stream_array_ap_fixed_39_19_5_3_0_1u_0_weight_t_bias_t_kernel_data_1' is power-on initialization.
WARNING: [RTGEN 206-101] Register 'void_compute_output_buffer_2d_array_array_ap_fixed_1u_config6_array_ap_fixed_16_6_5_3_0_4u_const_ap_shift_reg_value_type_in_width_n_chan_stream_array_ap_fixed_39_19_5_3_0_1u_0_weight_t_bias_t_kernel_data' is power-on initialization.
WARNING: [RTGEN 206-101] Register 'p_ZZN4nnet24compute_output_buffer_2dINS_5arrayI8ap_fixedILi16ELi6EL9ap_q_mode5EL9ap_o_mode3ELi0EELj4EEENS1_IS2_ILi39ELi19ELS3_5ELS4_3ELi0EELj1EEE7config6EEvRKT_PAsrT1_6n_chan_12ap_shift_regINSA_10value_typeEXsrSD_8in_widthEERN3hls6streamIT0_25' is power-on initialization.
WARNING: [RTGEN 206-101] Register 'p_ZZN4nnet24compute_output_buffer_2dINS_5arrayI8ap_fixedILi16ELi6EL9ap_q_mode5EL9ap_o_mode3ELi0EELj4EEENS1_IS2_ILi39ELi19ELS3_5ELS4_3ELi0EELj1EEE7config6EEvRKT_PAsrT1_6n_chan_12ap_shift_regINSA_10value_typeEXsrSD_8in_widthEERN3hls6streamIT0_24' is power-on initialization.
WARNING: [RTGEN 206-101] Register 'p_ZZN4nnet24compute_output_buffer_2dINS_5arrayI8ap_fixedILi16ELi6EL9ap_q_mode5EL9ap_o_mode3ELi0EELj4EEENS1_IS2_ILi39ELi19ELS3_5ELS4_3ELi0EELj1EEE7config6EEvRKT_PAsrT1_6n_chan_12ap_shift_regINSA_10value_typeEXsrSD_8in_widthEERN3hls6streamIT0_15' is power-on initialization.
WARNING: [RTGEN 206-101] Register 'p_ZZN4nnet24compute_output_buffer_2dINS_5arrayI8ap_fixedILi16ELi6EL9ap_q_mode5EL9ap_o_mode3ELi0EELj4EEENS1_IS2_ILi39ELi19ELS3_5ELS4_3ELi0EELj1EEE7config6EEvRKT_PAsrT1_6n_chan_12ap_shift_regINSA_10value_typeEXsrSD_8in_widthEERN3hls6streamIT0_14' is power-on initialization.
WARNING: [RTGEN 206-101] Register 'p_ZZN4nnet24compute_output_buffer_2dINS_5arrayI8ap_fixedILi16ELi6EL9ap_q_mode5EL9ap_o_mode3ELi0EELj4EEENS1_IS2_ILi39ELi19ELS3_5ELS4_3ELi0EELj1EEE7config6EEvRKT_PAsrT1_6n_chan_12ap_shift_regINSA_10value_typeEXsrSD_8in_widthEERN3hls6streamIT0_13' is power-on initialization.
WARNING: [RTGEN 206-101] Register 'p_ZZN4nnet24compute_output_buffer_2dINS_5arrayI8ap_fixedILi16ELi6EL9ap_q_mode5EL9ap_o_mode3ELi0EELj4EEENS1_IS2_ILi39ELi19ELS3_5ELS4_3ELi0EELj1EEE7config6EEvRKT_PAsrT1_6n_chan_12ap_shift_regINSA_10value_typeEXsrSD_8in_widthEERN3hls6streamIT0_12' is power-on initialization.
WARNING: [RTGEN 206-101] Register 'p_ZZN4nnet24compute_output_buffer_2dINS_5arrayI8ap_fixedILi16ELi6EL9ap_q_mode5EL9ap_o_mode3ELi0EELj4EEENS1_IS2_ILi39ELi19ELS3_5ELS4_3ELi0EELj1EEE7config6EEvRKT_PAsrT1_6n_chan_12ap_shift_regINSA_10value_typeEXsrSD_8in_widthEERN3hls6streamIT0_3' is power-on initialization.
WARNING: [RTGEN 206-101] Register 'p_ZZN4nnet24compute_output_buffer_2dINS_5arrayI8ap_fixedILi16ELi6EL9ap_q_mode5EL9ap_o_mode3ELi0EELj4EEENS1_IS2_ILi39ELi19ELS3_5ELS4_3ELi0EELj1EEE7config6EEvRKT_PAsrT1_6n_chan_12ap_shift_regINSA_10value_typeEXsrSD_8in_widthEERN3hls6streamIT0_2' is power-on initialization.
WARNING: [RTGEN 206-101] Register 'p_ZZN4nnet24compute_output_buffer_2dINS_5arrayI8ap_fixedILi16ELi6EL9ap_q_mode5EL9ap_o_mode3ELi0EELj4EEENS1_IS2_ILi39ELi19ELS3_5ELS4_3ELi0EELj1EEE7config6EEvRKT_PAsrT1_6n_chan_12ap_shift_regINSA_10value_typeEXsrSD_8in_widthEERN3hls6streamIT0_1' is power-on initialization.
WARNING: [RTGEN 206-101] Register 'p_ZZN4nnet24compute_output_buffer_2dINS_5arrayI8ap_fixedILi16ELi6EL9ap_q_mode5EL9ap_o_mode3ELi0EELj4EEENS1_IS2_ILi39ELi19ELS3_5ELS4_3ELi0EELj1EEE7config6EEvRKT_PAsrT1_6n_chan_12ap_shift_regINSA_10value_typeEXsrSD_8in_widthEERN3hls6streamIT0_s' is power-on initialization.
WARNING: [RTGEN 206-101] Register 'sX_1' is power-on initialization.
WARNING: [RTGEN 206-101] Register 'sY_1' is power-on initialization.
WARNING: [RTGEN 206-101] Register 'pY_1' is power-on initialization.
WARNING: [RTGEN 206-101] Register 'pX_1' is power-on initialization.
INFO: [RTGEN 206-100] Finished creating RTL model for 'compute_output_buffer_2d_array_ap_fixed_16_6_5_3_0_4u_array_ap_fixed_39_19_5_3_0_1u_config6_s'.
Command         create_rtl_model done; 1.746 sec.
INFO: [HLS 200-111] Finished Creating RTL model: CPU user time: 1 seconds. CPU system time: 1 seconds. Elapsed time: 2.127 seconds; current allocated memory: 1.162 GB.
Execute         source C:/Users/brand/Documents/engs192/zybo-edge-ai/hls/edge_cnn_linear_stream_hls/edge_cnn_linear_stream_prj/solution1/.autopilot/db/edge_cnn_linear.rtl_wrap.cfg.tcl 
Execute         gen_rtl compute_output_buffer_2d<array<ap_fixed<16, 6, 5, 3, 0>, 4u>, array<ap_fixed<39, 19, 5, 3, 0>, 1u>, config6> -style xilinx -f -lang vhdl -o C:/Users/brand/Documents/engs192/zybo-edge-ai/hls/edge_cnn_linear_stream_hls/edge_cnn_linear_stream_prj/solution1/syn/vhdl/edge_cnn_linear_compute_output_buffer_2d_array_ap_fixed_16_6_5_3_0_4u_array_ap_fixed_39_19_5_3_0_1u_config6_s 
Execute         gen_rtl compute_output_buffer_2d<array<ap_fixed<16, 6, 5, 3, 0>, 4u>, array<ap_fixed<39, 19, 5, 3, 0>, 1u>, config6> -style xilinx -f -lang vlog -o C:/Users/brand/Documents/engs192/zybo-edge-ai/hls/edge_cnn_linear_stream_hls/edge_cnn_linear_stream_prj/solution1/syn/verilog/edge_cnn_linear_compute_output_buffer_2d_array_ap_fixed_16_6_5_3_0_4u_array_ap_fixed_39_19_5_3_0_1u_config6_s 
Execute         syn_report -csynth -model compute_output_buffer_2d<array<ap_fixed<16, 6, 5, 3, 0>, 4u>, array<ap_fixed<39, 19, 5, 3, 0>, 1u>, config6> -o C:/Users/brand/Documents/engs192/zybo-edge-ai/hls/edge_cnn_linear_stream_hls/edge_cnn_linear_stream_prj/solution1/syn/report/compute_output_buffer_2d_array_ap_fixed_16_6_5_3_0_4u_array_ap_fixed_39_19_5_3_0_1u_config6_s_csynth.rpt 
Execute           AP::get_flow_target_display_name
Execute             get_solution -flow_target 
Execute         syn_report -rtlxml -model compute_output_buffer_2d<array<ap_fixed<16, 6, 5, 3, 0>, 4u>, array<ap_fixed<39, 19, 5, 3, 0>, 1u>, config6> -o C:/Users/brand/Documents/engs192/zybo-edge-ai/hls/edge_cnn_linear_stream_hls/edge_cnn_linear_stream_prj/solution1/syn/report/compute_output_buffer_2d_array_ap_fixed_16_6_5_3_0_4u_array_ap_fixed_39_19_5_3_0_1u_config6_s_csynth.xml 
Execute           get_solution -flow_target
Execute             get_solution -flow_target 
Execute         syn_report -verbosereport -model compute_output_buffer_2d<array<ap_fixed<16, 6, 5, 3, 0>, 4u>, array<ap_fixed<39, 19, 5, 3, 0>, 1u>, config6> -o C:/Users/brand/Documents/engs192/zybo-edge-ai/hls/edge_cnn_linear_stream_hls/edge_cnn_linear_stream_prj/solution1/.autopilot/db/compute_output_buffer_2d_array_ap_fixed_16_6_5_3_0_4u_array_ap_fixed_39_19_5_3_0_1u_config6_s.verbose.rpt 
Execute           AP::get_flow_target_display_name
Execute             get_solution -flow_target 
Execute         db_write -model compute_output_buffer_2d<array<ap_fixed<16, 6, 5, 3, 0>, 4u>, array<ap_fixed<39, 19, 5, 3, 0>, 1u>, config6> -f -o C:/Users/brand/Documents/engs192/zybo-edge-ai/hls/edge_cnn_linear_stream_hls/edge_cnn_linear_stream_prj/solution1/.autopilot/db/compute_output_buffer_2d_array_ap_fixed_16_6_5_3_0_4u_array_ap_fixed_39_19_5_3_0_1u_config6_s.adb 
Execute         db_write -model compute_output_buffer_2d<array<ap_fixed<16, 6, 5, 3, 0>, 4u>, array<ap_fixed<39, 19, 5, 3, 0>, 1u>, config6> -bindview -o C:/Users/brand/Documents/engs192/zybo-edge-ai/hls/edge_cnn_linear_stream_hls/edge_cnn_linear_stream_prj/solution1/.autopilot/db/design.bindinfo.xml 
Execute         gen_tb_info compute_output_buffer_2d<array<ap_fixed<16, 6, 5, 3, 0>, 4u>, array<ap_fixed<39, 19, 5, 3, 0>, 1u>, config6> -p C:/Users/brand/Documents/engs192/zybo-edge-ai/hls/edge_cnn_linear_stream_hls/edge_cnn_linear_stream_prj/solution1/.autopilot/db -o C:/Users/brand/Documents/engs192/zybo-edge-ai/hls/edge_cnn_linear_stream_hls/edge_cnn_linear_stream_prj/solution1/.autopilot/db/compute_output_buffer_2d_array_ap_fixed_16_6_5_3_0_4u_array_ap_fixed_39_19_5_3_0_1u_config6_s 
INFO: [HLS 200-10] ----------------------------------------------------------------
INFO: [HLS 200-10] -- Generating RTL for module 'conv_2d_cl_array_ap_fixed_16_6_5_3_0_4u_array_ap_fixed_39_19_5_3_0_1u_config6_s' 
INFO: [HLS 200-10] ----------------------------------------------------------------
Execute         get_config_rtl -module_prefix 
Execute         get_config_rtl -module_auto_prefix 
Execute         get_config_rtl -module_prefix 
Execute         get_config_rtl -module_auto_prefix 
Execute         create_rtl_model conv_2d_cl<array<ap_fixed<16, 6, 5, 3, 0>, 4u>, array<ap_fixed<39, 19, 5, 3, 0>, 1u>, config6> -top_prefix edge_cnn_linear_ -sub_prefix edge_cnn_linear_ -mg_file C:/Users/brand/Documents/engs192/zybo-edge-ai/hls/edge_cnn_linear_stream_hls/edge_cnn_linear_stream_prj/solution1/.autopilot/db/conv_2d_cl_array_ap_fixed_16_6_5_3_0_4u_array_ap_fixed_39_19_5_3_0_1u_config6_s.compgen.tcl 
INFO: [RTGEN 206-100] Finished creating RTL model for 'conv_2d_cl_array_ap_fixed_16_6_5_3_0_4u_array_ap_fixed_39_19_5_3_0_1u_config6_s'.
INFO: [HLS 200-111] Finished Creating RTL model: CPU user time: 0 seconds. CPU system time: 0 seconds. Elapsed time: 0.367 seconds; current allocated memory: 1.162 GB.
Execute         source C:/Users/brand/Documents/engs192/zybo-edge-ai/hls/edge_cnn_linear_stream_hls/edge_cnn_linear_stream_prj/solution1/.autopilot/db/edge_cnn_linear.rtl_wrap.cfg.tcl 
Execute         gen_rtl conv_2d_cl<array<ap_fixed<16, 6, 5, 3, 0>, 4u>, array<ap_fixed<39, 19, 5, 3, 0>, 1u>, config6> -style xilinx -f -lang vhdl -o C:/Users/brand/Documents/engs192/zybo-edge-ai/hls/edge_cnn_linear_stream_hls/edge_cnn_linear_stream_prj/solution1/syn/vhdl/edge_cnn_linear_conv_2d_cl_array_ap_fixed_16_6_5_3_0_4u_array_ap_fixed_39_19_5_3_0_1u_config6_s 
Execute         gen_rtl conv_2d_cl<array<ap_fixed<16, 6, 5, 3, 0>, 4u>, array<ap_fixed<39, 19, 5, 3, 0>, 1u>, config6> -style xilinx -f -lang vlog -o C:/Users/brand/Documents/engs192/zybo-edge-ai/hls/edge_cnn_linear_stream_hls/edge_cnn_linear_stream_prj/solution1/syn/verilog/edge_cnn_linear_conv_2d_cl_array_ap_fixed_16_6_5_3_0_4u_array_ap_fixed_39_19_5_3_0_1u_config6_s 
Execute         syn_report -csynth -model conv_2d_cl<array<ap_fixed<16, 6, 5, 3, 0>, 4u>, array<ap_fixed<39, 19, 5, 3, 0>, 1u>, config6> -o C:/Users/brand/Documents/engs192/zybo-edge-ai/hls/edge_cnn_linear_stream_hls/edge_cnn_linear_stream_prj/solution1/syn/report/conv_2d_cl_array_ap_fixed_16_6_5_3_0_4u_array_ap_fixed_39_19_5_3_0_1u_config6_s_csynth.rpt 
Execute           AP::get_flow_target_display_name
Execute             get_solution -flow_target 
Execute         syn_report -rtlxml -model conv_2d_cl<array<ap_fixed<16, 6, 5, 3, 0>, 4u>, array<ap_fixed<39, 19, 5, 3, 0>, 1u>, config6> -o C:/Users/brand/Documents/engs192/zybo-edge-ai/hls/edge_cnn_linear_stream_hls/edge_cnn_linear_stream_prj/solution1/syn/report/conv_2d_cl_array_ap_fixed_16_6_5_3_0_4u_array_ap_fixed_39_19_5_3_0_1u_config6_s_csynth.xml 
Execute           get_solution -flow_target
Execute             get_solution -flow_target 
Execute         syn_report -verbosereport -model conv_2d_cl<array<ap_fixed<16, 6, 5, 3, 0>, 4u>, array<ap_fixed<39, 19, 5, 3, 0>, 1u>, config6> -o C:/Users/brand/Documents/engs192/zybo-edge-ai/hls/edge_cnn_linear_stream_hls/edge_cnn_linear_stream_prj/solution1/.autopilot/db/conv_2d_cl_array_ap_fixed_16_6_5_3_0_4u_array_ap_fixed_39_19_5_3_0_1u_config6_s.verbose.rpt 
Execute           AP::get_flow_target_display_name
Execute             get_solution -flow_target 
Execute         db_write -model conv_2d_cl<array<ap_fixed<16, 6, 5, 3, 0>, 4u>, array<ap_fixed<39, 19, 5, 3, 0>, 1u>, config6> -f -o C:/Users/brand/Documents/engs192/zybo-edge-ai/hls/edge_cnn_linear_stream_hls/edge_cnn_linear_stream_prj/solution1/.autopilot/db/conv_2d_cl_array_ap_fixed_16_6_5_3_0_4u_array_ap_fixed_39_19_5_3_0_1u_config6_s.adb 
Execute         db_write -model conv_2d_cl<array<ap_fixed<16, 6, 5, 3, 0>, 4u>, array<ap_fixed<39, 19, 5, 3, 0>, 1u>, config6> -bindview -o C:/Users/brand/Documents/engs192/zybo-edge-ai/hls/edge_cnn_linear_stream_hls/edge_cnn_linear_stream_prj/solution1/.autopilot/db/design.bindinfo.xml 
Execute         gen_tb_info conv_2d_cl<array<ap_fixed<16, 6, 5, 3, 0>, 4u>, array<ap_fixed<39, 19, 5, 3, 0>, 1u>, config6> -p C:/Users/brand/Documents/engs192/zybo-edge-ai/hls/edge_cnn_linear_stream_hls/edge_cnn_linear_stream_prj/solution1/.autopilot/db -o C:/Users/brand/Documents/engs192/zybo-edge-ai/hls/edge_cnn_linear_stream_hls/edge_cnn_linear_stream_prj/solution1/.autopilot/db/conv_2d_cl_array_ap_fixed_16_6_5_3_0_4u_array_ap_fixed_39_19_5_3_0_1u_config6_s 
INFO: [HLS 200-10] ----------------------------------------------------------------
INFO: [HLS 200-10] -- Generating RTL for module 'edge_cnn_linear' 
INFO: [HLS 200-10] ----------------------------------------------------------------
Execute         get_config_rtl -module_prefix 
Execute         get_config_rtl -module_prefix 
Execute         get_config_rtl -module_auto_prefix 
Execute         create_rtl_model edge_cnn_linear -top_prefix  -sub_prefix edge_cnn_linear_ -mg_file C:/Users/brand/Documents/engs192/zybo-edge-ai/hls/edge_cnn_linear_stream_hls/edge_cnn_linear_stream_prj/solution1/.autopilot/db/edge_cnn_linear.compgen.tcl 
WARNING: [RTGEN 206-101] Design contains AXI ports. Reset is fixed to synchronous and active low.
INFO: [RTGEN 206-500] Setting interface mode on port 'edge_cnn_linear/input_image' to 'axis' (register, both mode).
INFO: [RTGEN 206-500] Setting interface mode on port 'edge_cnn_linear/layer6_out' to 'axis' (register, both mode).
INFO: [RTGEN 206-500] Setting interface mode on function 'edge_cnn_linear' to 'ap_ctrl_hs'.
INFO: [SYN 201-210] Renamed object name 'start_for_conv_2d_cl_array_ap_fixed_16_6_5_3_0_1u_array_ap_fixed_37_17_5_3_0_4u_config2_U0' to 'start_for_conv_2d_cl_array_ap_fixed_16_6_5_3_0_1u_array_ap_fixed_37_17_5_3_0_yd2' due to the length limit 80
INFO: [SYN 201-210] Renamed object name 'start_for_relu_array_ap_fixed_37_17_5_3_0_4u_array_ap_fixed_16_6_5_3_0_4u_relu_config3_U0' to 'start_for_relu_array_ap_fixed_37_17_5_3_0_4u_array_ap_fixed_16_6_5_3_0_4u_relzec' due to the length limit 80
INFO: [SYN 201-210] Renamed object name 'start_for_zeropad2d_cl_array_ap_fixed_16_6_5_3_0_4u_array_ap_fixed_16_6_5_3_0_4u_config8_U0' to 'start_for_zeropad2d_cl_array_ap_fixed_16_6_5_3_0_4u_array_ap_fixed_16_6_5_3_0Aem' due to the length limit 80
INFO: [SYN 201-210] Renamed object name 'start_for_conv_2d_cl_array_ap_fixed_16_6_5_3_0_4u_array_ap_fixed_39_19_5_3_0_4u_config4_U0' to 'start_for_conv_2d_cl_array_ap_fixed_16_6_5_3_0_4u_array_ap_fixed_39_19_5_3_0_Bew' due to the length limit 80
INFO: [SYN 201-210] Renamed object name 'start_for_relu_array_ap_fixed_39_19_5_3_0_4u_array_ap_fixed_16_6_5_3_0_4u_relu_config5_U0' to 'start_for_relu_array_ap_fixed_39_19_5_3_0_4u_array_ap_fixed_16_6_5_3_0_4u_relCeG' due to the length limit 80
INFO: [SYN 201-210] Renamed object name 'start_for_zeropad2d_cl_array_ap_fixed_16_6_5_3_0_4u_array_ap_fixed_16_6_5_3_0_4u_config9_U0' to 'start_for_zeropad2d_cl_array_ap_fixed_16_6_5_3_0_4u_array_ap_fixed_16_6_5_3_0DeQ' due to the length limit 80
INFO: [SYN 201-210] Renamed object name 'start_for_conv_2d_cl_array_ap_fixed_16_6_5_3_0_4u_array_ap_fixed_39_19_5_3_0_1u_config6_U0' to 'start_for_conv_2d_cl_array_ap_fixed_16_6_5_3_0_4u_array_ap_fixed_39_19_5_3_0_Ee0' due to the length limit 80
INFO: [RTGEN 206-100] Finished creating RTL model for 'edge_cnn_linear'.
Command         create_rtl_model done; 0.486 sec.
INFO: [HLS 200-111] Finished Creating RTL model: CPU user time: 0 seconds. CPU system time: 0 seconds. Elapsed time: 0.721 seconds; current allocated memory: 1.162 GB.
Execute         source C:/Users/brand/Documents/engs192/zybo-edge-ai/hls/edge_cnn_linear_stream_hls/edge_cnn_linear_stream_prj/solution1/.autopilot/db/edge_cnn_linear.rtl_wrap.cfg.tcl 
Execute         gen_rtl edge_cnn_linear -istop -style xilinx -f -lang vhdl -o C:/Users/brand/Documents/engs192/zybo-edge-ai/hls/edge_cnn_linear_stream_hls/edge_cnn_linear_stream_prj/solution1/syn/vhdl/edge_cnn_linear 
Execute         gen_rtl edge_cnn_linear -istop -style xilinx -f -lang vlog -o C:/Users/brand/Documents/engs192/zybo-edge-ai/hls/edge_cnn_linear_stream_hls/edge_cnn_linear_stream_prj/solution1/syn/verilog/edge_cnn_linear 
Execute         syn_report -csynth -model edge_cnn_linear -o C:/Users/brand/Documents/engs192/zybo-edge-ai/hls/edge_cnn_linear_stream_hls/edge_cnn_linear_stream_prj/solution1/syn/report/edge_cnn_linear_csynth.rpt 
Execute           AP::get_flow_target_display_name
Execute             get_solution -flow_target 
Execute         syn_report -rtlxml -model edge_cnn_linear -o C:/Users/brand/Documents/engs192/zybo-edge-ai/hls/edge_cnn_linear_stream_hls/edge_cnn_linear_stream_prj/solution1/syn/report/edge_cnn_linear_csynth.xml 
Execute           get_solution -flow_target
Execute             get_solution -flow_target 
Execute         syn_report -verbosereport -model edge_cnn_linear -o C:/Users/brand/Documents/engs192/zybo-edge-ai/hls/edge_cnn_linear_stream_hls/edge_cnn_linear_stream_prj/solution1/.autopilot/db/edge_cnn_linear.verbose.rpt 
Execute           AP::get_flow_target_display_name
Execute             get_solution -flow_target 
Command         syn_report done; 0.233 sec.
Execute         db_write -model edge_cnn_linear -f -o C:/Users/brand/Documents/engs192/zybo-edge-ai/hls/edge_cnn_linear_stream_hls/edge_cnn_linear_stream_prj/solution1/.autopilot/db/edge_cnn_linear.adb 
Execute         db_write -model edge_cnn_linear -bindview -o C:/Users/brand/Documents/engs192/zybo-edge-ai/hls/edge_cnn_linear_stream_hls/edge_cnn_linear_stream_prj/solution1/.autopilot/db/design.bindinfo.xml 
Execute         gen_tb_info edge_cnn_linear -p C:/Users/brand/Documents/engs192/zybo-edge-ai/hls/edge_cnn_linear_stream_hls/edge_cnn_linear_stream_prj/solution1/.autopilot/db -o C:/Users/brand/Documents/engs192/zybo-edge-ai/hls/edge_cnn_linear_stream_hls/edge_cnn_linear_stream_prj/solution1/.autopilot/db/edge_cnn_linear 
Execute         export_constraint_db -f -tool general -o C:/Users/brand/Documents/engs192/zybo-edge-ai/hls/edge_cnn_linear_stream_hls/edge_cnn_linear_stream_prj/solution1/.autopilot/db/edge_cnn_linear.constraint.tcl 
Execute         syn_report -designview -model edge_cnn_linear -o C:/Users/brand/Documents/engs192/zybo-edge-ai/hls/edge_cnn_linear_stream_hls/edge_cnn_linear_stream_prj/solution1/.autopilot/db/edge_cnn_linear.design.xml 
Command         syn_report done; 0.397 sec.
Execute         syn_report -csynthDesign -model edge_cnn_linear -o C:/Users/brand/Documents/engs192/zybo-edge-ai/hls/edge_cnn_linear_stream_hls/edge_cnn_linear_stream_prj/solution1/syn/report/csynth.rpt 
Execute           AP::get_flow_target_display_name
Execute             get_solution -flow_target 
Execute         get_config_rtl -disable_wave_debug 
Execute         syn_report -wcfg -model edge_cnn_linear -o C:/Users/brand/Documents/engs192/zybo-edge-ai/hls/edge_cnn_linear_stream_hls/edge_cnn_linear_stream_prj/solution1/.autopilot/db/edge_cnn_linear_dataflow_ana.wcfg 
Execute         syn_report -protoinst -model edge_cnn_linear -o C:/Users/brand/Documents/engs192/zybo-edge-ai/hls/edge_cnn_linear_stream_hls/edge_cnn_linear_stream_prj/solution1/.autopilot/db/edge_cnn_linear.protoinst 
Execute         get_config_debug -directory 
Execute         sc_get_clocks edge_cnn_linear 
Execute         get_config_export -vivado_clock 
Execute         get_config_rtl -module_prefix 
Execute         get_config_rtl -module_prefix 
Execute         get_config_rtl -module_auto_prefix 
Execute         sc_get_portdomain edge_cnn_linear 
INFO-FLOW: Model list for RTL component generation: {zeropad2d_cl<array<ap_fixed<16, 6, 5, 3, 0>, 1u>, array<ap_fixed<16, 6, 5, 3, 0>, 1u>, config7>_Pipeline_PadTopWidth} {zeropad2d_cl<array<ap_fixed<16, 6, 5, 3, 0>, 1u>, array<ap_fixed<16, 6, 5, 3, 0>, 1u>, config7>_Pipeline_CopyMain} {zeropad2d_cl<array<ap_fixed<16, 6, 5, 3, 0>, 1u>, array<ap_fixed<16, 6, 5, 3, 0>, 1u>, config7>_Pipeline_PadBottomWidth} {zeropad2d_cl<array<ap_fixed<16, 6, 5, 3, 0>, 1u>, array<ap_fixed<16, 6, 5, 3, 0>, 1u>, config7>} {shift_line_buffer<array<ap_fixed<16, 6, 5, 3, 0>, 1u>, config2>} {dense_resource_rf_gt_nin_rem0<ap_fixed<16, 6, 5, 3, 0>, ap_fixed<37, 17, 5, 3, 0>, config2_mult>} {compute_output_buffer_2d<array<ap_fixed<16, 6, 5, 3, 0>, 1u>, array<ap_fixed<37, 17, 5, 3, 0>, 4u>, config2>} {conv_2d_cl<array<ap_fixed<16, 6, 5, 3, 0>, 1u>, array<ap_fixed<37, 17, 5, 3, 0>, 4u>, config2>} {relu<array<ap_fixed<37, 17, 5, 3, 0>, 4u>, array<ap_fixed<16, 6, 5, 3, 0>, 4u>, relu_config3>} {zeropad2d_cl<array<ap_fixed<16, 6, 5, 3, 0>, 4u>, array<ap_fixed<16, 6, 5, 3, 0>, 4u>, config8>_Pipeline_PadTopWidth} {zeropad2d_cl<array<ap_fixed<16, 6, 5, 3, 0>, 4u>, array<ap_fixed<16, 6, 5, 3, 0>, 4u>, config8>_Pipeline_CopyMain} {zeropad2d_cl<array<ap_fixed<16, 6, 5, 3, 0>, 4u>, array<ap_fixed<16, 6, 5, 3, 0>, 4u>, config8>_Pipeline_PadBottomWidth} {zeropad2d_cl<array<ap_fixed<16, 6, 5, 3, 0>, 4u>, array<ap_fixed<16, 6, 5, 3, 0>, 4u>, config8>} {shift_line_buffer<array<ap_fixed<16, 6, 5, 3, 0>, 4u>, config4>} {dense_resource_rf_gt_nin_rem0<ap_fixed<16, 6, 5, 3, 0>, ap_fixed<39, 19, 5, 3, 0>, config4_mult>} {compute_output_buffer_2d<array<ap_fixed<16, 6, 5, 3, 0>, 4u>, array<ap_fixed<39, 19, 5, 3, 0>, 4u>, config4>} {conv_2d_cl<array<ap_fixed<16, 6, 5, 3, 0>, 4u>, array<ap_fixed<39, 19, 5, 3, 0>, 4u>, config4>} {relu<array<ap_fixed<39, 19, 5, 3, 0>, 4u>, array<ap_fixed<16, 6, 5, 3, 0>, 4u>, relu_config5>} {zeropad2d_cl<array<ap_fixed<16, 6, 5, 3, 0>, 4u>, array<ap_fixed<16, 6, 5, 3, 0>, 4u>, config9>_Pipeline_PadTopWidth} {zeropad2d_cl<array<ap_fixed<16, 6, 5, 3, 0>, 4u>, array<ap_fixed<16, 6, 5, 3, 0>, 4u>, config9>_Pipeline_CopyMain} {zeropad2d_cl<array<ap_fixed<16, 6, 5, 3, 0>, 4u>, array<ap_fixed<16, 6, 5, 3, 0>, 4u>, config9>_Pipeline_PadBottomWidth} {zeropad2d_cl<array<ap_fixed<16, 6, 5, 3, 0>, 4u>, array<ap_fixed<16, 6, 5, 3, 0>, 4u>, config9>} {shift_line_buffer<array<ap_fixed<16, 6, 5, 3, 0>, 4u>, config6>} {dense_resource_rf_leq_nin<ap_fixed<16, 6, 5, 3, 0>, ap_fixed<39, 19, 5, 3, 0>, config6_mult>} {compute_output_buffer_2d<array<ap_fixed<16, 6, 5, 3, 0>, 4u>, array<ap_fixed<39, 19, 5, 3, 0>, 1u>, config6>} {conv_2d_cl<array<ap_fixed<16, 6, 5, 3, 0>, 4u>, array<ap_fixed<39, 19, 5, 3, 0>, 1u>, config6>} edge_cnn_linear
INFO-FLOW: Handling components in module [zeropad2d_cl_array_ap_fixed_16_6_5_3_0_1u_array_ap_fixed_16_6_5_3_0_1u_config7_Pipeline_PadTopWidth] ... 
Execute         source C:/Users/brand/Documents/engs192/zybo-edge-ai/hls/edge_cnn_linear_stream_hls/edge_cnn_linear_stream_prj/solution1/.autopilot/db/zeropad2d_cl_array_ap_fixed_16_6_5_3_0_1u_array_ap_fixed_16_6_5_3_0_1u_config7_Pipeline_PadTopWidth.compgen.tcl 
INFO-FLOW: Found component edge_cnn_linear_flow_control_loop_pipe_sequential_init.
INFO-FLOW: Append model edge_cnn_linear_flow_control_loop_pipe_sequential_init
INFO-FLOW: Handling components in module [zeropad2d_cl_array_ap_fixed_16_6_5_3_0_1u_array_ap_fixed_16_6_5_3_0_1u_config7_Pipeline_CopyMain] ... 
Execute         source C:/Users/brand/Documents/engs192/zybo-edge-ai/hls/edge_cnn_linear_stream_hls/edge_cnn_linear_stream_prj/solution1/.autopilot/db/zeropad2d_cl_array_ap_fixed_16_6_5_3_0_1u_array_ap_fixed_16_6_5_3_0_1u_config7_Pipeline_CopyMain.compgen.tcl 
INFO-FLOW: Found component edge_cnn_linear_flow_control_loop_pipe_sequential_init.
INFO-FLOW: Append model edge_cnn_linear_flow_control_loop_pipe_sequential_init
INFO-FLOW: Handling components in module [zeropad2d_cl_array_ap_fixed_16_6_5_3_0_1u_array_ap_fixed_16_6_5_3_0_1u_config7_Pipeline_PadBottomWidth] ... 
Execute         source C:/Users/brand/Documents/engs192/zybo-edge-ai/hls/edge_cnn_linear_stream_hls/edge_cnn_linear_stream_prj/solution1/.autopilot/db/zeropad2d_cl_array_ap_fixed_16_6_5_3_0_1u_array_ap_fixed_16_6_5_3_0_1u_config7_Pipeline_PadBottomWidth.compgen.tcl 
INFO-FLOW: Found component edge_cnn_linear_flow_control_loop_pipe_sequential_init.
INFO-FLOW: Append model edge_cnn_linear_flow_control_loop_pipe_sequential_init
INFO-FLOW: Handling components in module [zeropad2d_cl_array_ap_fixed_16_6_5_3_0_1u_array_ap_fixed_16_6_5_3_0_1u_config7_s] ... 
Execute         source C:/Users/brand/Documents/engs192/zybo-edge-ai/hls/edge_cnn_linear_stream_hls/edge_cnn_linear_stream_prj/solution1/.autopilot/db/zeropad2d_cl_array_ap_fixed_16_6_5_3_0_1u_array_ap_fixed_16_6_5_3_0_1u_config7_s.compgen.tcl 
INFO-FLOW: Found component edge_cnn_linear_regslice_both.
INFO-FLOW: Append model edge_cnn_linear_regslice_both
INFO-FLOW: Handling components in module [shift_line_buffer_array_ap_fixed_16_6_5_3_0_1u_config2_s] ... 
Execute         source C:/Users/brand/Documents/engs192/zybo-edge-ai/hls/edge_cnn_linear_stream_hls/edge_cnn_linear_stream_prj/solution1/.autopilot/db/shift_line_buffer_array_ap_fixed_16_6_5_3_0_1u_config2_s.compgen.tcl 
INFO-FLOW: Found component edge_cnn_linear_shift_line_buffer_array_ap_fixed_16_6_5_3_0_1u_config2_s_void_conv_2d_buffer_bkb.
INFO-FLOW: Append model edge_cnn_linear_shift_line_buffer_array_ap_fixed_16_6_5_3_0_1u_config2_s_void_conv_2d_buffer_bkb
INFO-FLOW: Handling components in module [dense_resource_rf_gt_nin_rem0_ap_fixed_16_6_5_3_0_ap_fixed_37_17_5_3_0_config2_mult_s] ... 
Execute         source C:/Users/brand/Documents/engs192/zybo-edge-ai/hls/edge_cnn_linear_stream_hls/edge_cnn_linear_stream_prj/solution1/.autopilot/db/dense_resource_rf_gt_nin_rem0_ap_fixed_16_6_5_3_0_ap_fixed_37_17_5_3_0_config2_mult_s.compgen.tcl 
INFO-FLOW: Found component edge_cnn_linear_mux_932_16_1_1.
INFO-FLOW: Append model edge_cnn_linear_mux_932_16_1_1
INFO-FLOW: Found component edge_cnn_linear_mux_42_16_1_1.
INFO-FLOW: Append model edge_cnn_linear_mux_42_16_1_1
INFO-FLOW: Found component edge_cnn_linear_mul_mul_16s_11s_26_4_1.
INFO-FLOW: Append model edge_cnn_linear_mul_mul_16s_11s_26_4_1
INFO-FLOW: Found component edge_cnn_linear_dense_resource_rf_gt_nin_rem0_ap_fixed_16_6_5_3_0_ap_fixed_37_17_5_3_0_configdEe.
INFO-FLOW: Append model edge_cnn_linear_dense_resource_rf_gt_nin_rem0_ap_fixed_16_6_5_3_0_ap_fixed_37_17_5_3_0_configdEe
INFO-FLOW: Found component edge_cnn_linear_dense_resource_rf_gt_nin_rem0_ap_fixed_16_6_5_3_0_ap_fixed_37_17_5_3_0_configeOg.
INFO-FLOW: Append model edge_cnn_linear_dense_resource_rf_gt_nin_rem0_ap_fixed_16_6_5_3_0_ap_fixed_37_17_5_3_0_configeOg
INFO-FLOW: Found component edge_cnn_linear_flow_control_loop_pipe_no_ap_cont.
INFO-FLOW: Append model edge_cnn_linear_flow_control_loop_pipe_no_ap_cont
INFO-FLOW: Handling components in module [compute_output_buffer_2d_array_ap_fixed_16_6_5_3_0_1u_array_ap_fixed_37_17_5_3_0_4u_config2_s] ... 
Execute         source C:/Users/brand/Documents/engs192/zybo-edge-ai/hls/edge_cnn_linear_stream_hls/edge_cnn_linear_stream_prj/solution1/.autopilot/db/compute_output_buffer_2d_array_ap_fixed_16_6_5_3_0_1u_array_ap_fixed_37_17_5_3_0_4u_config2_s.compgen.tcl 
INFO-FLOW: Handling components in module [conv_2d_cl_array_ap_fixed_16_6_5_3_0_1u_array_ap_fixed_37_17_5_3_0_4u_config2_s] ... 
Execute         source C:/Users/brand/Documents/engs192/zybo-edge-ai/hls/edge_cnn_linear_stream_hls/edge_cnn_linear_stream_prj/solution1/.autopilot/db/conv_2d_cl_array_ap_fixed_16_6_5_3_0_1u_array_ap_fixed_37_17_5_3_0_4u_config2_s.compgen.tcl 
INFO-FLOW: Handling components in module [relu_array_ap_fixed_37_17_5_3_0_4u_array_ap_fixed_16_6_5_3_0_4u_relu_config3_s] ... 
Execute         source C:/Users/brand/Documents/engs192/zybo-edge-ai/hls/edge_cnn_linear_stream_hls/edge_cnn_linear_stream_prj/solution1/.autopilot/db/relu_array_ap_fixed_37_17_5_3_0_4u_array_ap_fixed_16_6_5_3_0_4u_relu_config3_s.compgen.tcl 
INFO-FLOW: Found component edge_cnn_linear_flow_control_loop_pipe.
INFO-FLOW: Append model edge_cnn_linear_flow_control_loop_pipe
INFO-FLOW: Handling components in module [zeropad2d_cl_array_ap_fixed_16_6_5_3_0_4u_array_ap_fixed_16_6_5_3_0_4u_config8_Pipeline_PadTopWidth] ... 
Execute         source C:/Users/brand/Documents/engs192/zybo-edge-ai/hls/edge_cnn_linear_stream_hls/edge_cnn_linear_stream_prj/solution1/.autopilot/db/zeropad2d_cl_array_ap_fixed_16_6_5_3_0_4u_array_ap_fixed_16_6_5_3_0_4u_config8_Pipeline_PadTopWidth.compgen.tcl 
INFO-FLOW: Found component edge_cnn_linear_flow_control_loop_pipe_sequential_init.
INFO-FLOW: Append model edge_cnn_linear_flow_control_loop_pipe_sequential_init
INFO-FLOW: Handling components in module [zeropad2d_cl_array_ap_fixed_16_6_5_3_0_4u_array_ap_fixed_16_6_5_3_0_4u_config8_Pipeline_CopyMain] ... 
Execute         source C:/Users/brand/Documents/engs192/zybo-edge-ai/hls/edge_cnn_linear_stream_hls/edge_cnn_linear_stream_prj/solution1/.autopilot/db/zeropad2d_cl_array_ap_fixed_16_6_5_3_0_4u_array_ap_fixed_16_6_5_3_0_4u_config8_Pipeline_CopyMain.compgen.tcl 
INFO-FLOW: Found component edge_cnn_linear_flow_control_loop_pipe_sequential_init.
INFO-FLOW: Append model edge_cnn_linear_flow_control_loop_pipe_sequential_init
INFO-FLOW: Handling components in module [zeropad2d_cl_array_ap_fixed_16_6_5_3_0_4u_array_ap_fixed_16_6_5_3_0_4u_config8_Pipeline_PadBottomWidth] ... 
Execute         source C:/Users/brand/Documents/engs192/zybo-edge-ai/hls/edge_cnn_linear_stream_hls/edge_cnn_linear_stream_prj/solution1/.autopilot/db/zeropad2d_cl_array_ap_fixed_16_6_5_3_0_4u_array_ap_fixed_16_6_5_3_0_4u_config8_Pipeline_PadBottomWidth.compgen.tcl 
INFO-FLOW: Found component edge_cnn_linear_flow_control_loop_pipe_sequential_init.
INFO-FLOW: Append model edge_cnn_linear_flow_control_loop_pipe_sequential_init
INFO-FLOW: Handling components in module [zeropad2d_cl_array_ap_fixed_16_6_5_3_0_4u_array_ap_fixed_16_6_5_3_0_4u_config8_s] ... 
Execute         source C:/Users/brand/Documents/engs192/zybo-edge-ai/hls/edge_cnn_linear_stream_hls/edge_cnn_linear_stream_prj/solution1/.autopilot/db/zeropad2d_cl_array_ap_fixed_16_6_5_3_0_4u_array_ap_fixed_16_6_5_3_0_4u_config8_s.compgen.tcl 
INFO-FLOW: Handling components in module [shift_line_buffer_array_ap_fixed_16_6_5_3_0_4u_config4_s] ... 
Execute         source C:/Users/brand/Documents/engs192/zybo-edge-ai/hls/edge_cnn_linear_stream_hls/edge_cnn_linear_stream_prj/solution1/.autopilot/db/shift_line_buffer_array_ap_fixed_16_6_5_3_0_4u_config4_s.compgen.tcl 
INFO-FLOW: Handling components in module [dense_resource_rf_gt_nin_rem0_ap_fixed_16_6_5_3_0_ap_fixed_39_19_5_3_0_config4_mult_s] ... 
Execute         source C:/Users/brand/Documents/engs192/zybo-edge-ai/hls/edge_cnn_linear_stream_hls/edge_cnn_linear_stream_prj/solution1/.autopilot/db/dense_resource_rf_gt_nin_rem0_ap_fixed_16_6_5_3_0_ap_fixed_39_19_5_3_0_config4_mult_s.compgen.tcl 
INFO-FLOW: Found component edge_cnn_linear_mux_3632_16_1_1.
INFO-FLOW: Append model edge_cnn_linear_mux_3632_16_1_1
INFO-FLOW: Found component edge_cnn_linear_mul_mul_16s_12s_26_4_1.
INFO-FLOW: Append model edge_cnn_linear_mul_mul_16s_12s_26_4_1
INFO-FLOW: Found component edge_cnn_linear_dense_resource_rf_gt_nin_rem0_ap_fixed_16_6_5_3_0_ap_fixed_39_19_5_3_0_configncg.
INFO-FLOW: Append model edge_cnn_linear_dense_resource_rf_gt_nin_rem0_ap_fixed_16_6_5_3_0_ap_fixed_39_19_5_3_0_configncg
INFO-FLOW: Found component edge_cnn_linear_dense_resource_rf_gt_nin_rem0_ap_fixed_16_6_5_3_0_ap_fixed_39_19_5_3_0_configocq.
INFO-FLOW: Append model edge_cnn_linear_dense_resource_rf_gt_nin_rem0_ap_fixed_16_6_5_3_0_ap_fixed_39_19_5_3_0_configocq
INFO-FLOW: Found component edge_cnn_linear_flow_control_loop_pipe_no_ap_cont.
INFO-FLOW: Append model edge_cnn_linear_flow_control_loop_pipe_no_ap_cont
INFO-FLOW: Handling components in module [compute_output_buffer_2d_array_ap_fixed_16_6_5_3_0_4u_array_ap_fixed_39_19_5_3_0_4u_config4_s] ... 
Execute         source C:/Users/brand/Documents/engs192/zybo-edge-ai/hls/edge_cnn_linear_stream_hls/edge_cnn_linear_stream_prj/solution1/.autopilot/db/compute_output_buffer_2d_array_ap_fixed_16_6_5_3_0_4u_array_ap_fixed_39_19_5_3_0_4u_config4_s.compgen.tcl 
INFO-FLOW: Handling components in module [conv_2d_cl_array_ap_fixed_16_6_5_3_0_4u_array_ap_fixed_39_19_5_3_0_4u_config4_s] ... 
Execute         source C:/Users/brand/Documents/engs192/zybo-edge-ai/hls/edge_cnn_linear_stream_hls/edge_cnn_linear_stream_prj/solution1/.autopilot/db/conv_2d_cl_array_ap_fixed_16_6_5_3_0_4u_array_ap_fixed_39_19_5_3_0_4u_config4_s.compgen.tcl 
INFO-FLOW: Handling components in module [relu_array_ap_fixed_39_19_5_3_0_4u_array_ap_fixed_16_6_5_3_0_4u_relu_config5_s] ... 
Execute         source C:/Users/brand/Documents/engs192/zybo-edge-ai/hls/edge_cnn_linear_stream_hls/edge_cnn_linear_stream_prj/solution1/.autopilot/db/relu_array_ap_fixed_39_19_5_3_0_4u_array_ap_fixed_16_6_5_3_0_4u_relu_config5_s.compgen.tcl 
INFO-FLOW: Found component edge_cnn_linear_flow_control_loop_pipe.
INFO-FLOW: Append model edge_cnn_linear_flow_control_loop_pipe
INFO-FLOW: Handling components in module [zeropad2d_cl_array_ap_fixed_16_6_5_3_0_4u_array_ap_fixed_16_6_5_3_0_4u_config9_Pipeline_PadTopWidth] ... 
Execute         source C:/Users/brand/Documents/engs192/zybo-edge-ai/hls/edge_cnn_linear_stream_hls/edge_cnn_linear_stream_prj/solution1/.autopilot/db/zeropad2d_cl_array_ap_fixed_16_6_5_3_0_4u_array_ap_fixed_16_6_5_3_0_4u_config9_Pipeline_PadTopWidth.compgen.tcl 
INFO-FLOW: Found component edge_cnn_linear_flow_control_loop_pipe_sequential_init.
INFO-FLOW: Append model edge_cnn_linear_flow_control_loop_pipe_sequential_init
INFO-FLOW: Handling components in module [zeropad2d_cl_array_ap_fixed_16_6_5_3_0_4u_array_ap_fixed_16_6_5_3_0_4u_config9_Pipeline_CopyMain] ... 
Execute         source C:/Users/brand/Documents/engs192/zybo-edge-ai/hls/edge_cnn_linear_stream_hls/edge_cnn_linear_stream_prj/solution1/.autopilot/db/zeropad2d_cl_array_ap_fixed_16_6_5_3_0_4u_array_ap_fixed_16_6_5_3_0_4u_config9_Pipeline_CopyMain.compgen.tcl 
INFO-FLOW: Found component edge_cnn_linear_flow_control_loop_pipe_sequential_init.
INFO-FLOW: Append model edge_cnn_linear_flow_control_loop_pipe_sequential_init
INFO-FLOW: Handling components in module [zeropad2d_cl_array_ap_fixed_16_6_5_3_0_4u_array_ap_fixed_16_6_5_3_0_4u_config9_Pipeline_PadBottomWidth] ... 
Execute         source C:/Users/brand/Documents/engs192/zybo-edge-ai/hls/edge_cnn_linear_stream_hls/edge_cnn_linear_stream_prj/solution1/.autopilot/db/zeropad2d_cl_array_ap_fixed_16_6_5_3_0_4u_array_ap_fixed_16_6_5_3_0_4u_config9_Pipeline_PadBottomWidth.compgen.tcl 
INFO-FLOW: Found component edge_cnn_linear_flow_control_loop_pipe_sequential_init.
INFO-FLOW: Append model edge_cnn_linear_flow_control_loop_pipe_sequential_init
INFO-FLOW: Handling components in module [zeropad2d_cl_array_ap_fixed_16_6_5_3_0_4u_array_ap_fixed_16_6_5_3_0_4u_config9_s] ... 
Execute         source C:/Users/brand/Documents/engs192/zybo-edge-ai/hls/edge_cnn_linear_stream_hls/edge_cnn_linear_stream_prj/solution1/.autopilot/db/zeropad2d_cl_array_ap_fixed_16_6_5_3_0_4u_array_ap_fixed_16_6_5_3_0_4u_config9_s.compgen.tcl 
INFO-FLOW: Handling components in module [shift_line_buffer_array_ap_fixed_16_6_5_3_0_4u_config6_s] ... 
Execute         source C:/Users/brand/Documents/engs192/zybo-edge-ai/hls/edge_cnn_linear_stream_hls/edge_cnn_linear_stream_prj/solution1/.autopilot/db/shift_line_buffer_array_ap_fixed_16_6_5_3_0_4u_config6_s.compgen.tcl 
INFO-FLOW: Handling components in module [dense_resource_rf_leq_nin_ap_fixed_16_6_5_3_0_ap_fixed_39_19_5_3_0_config6_mult_s] ... 
Execute         source C:/Users/brand/Documents/engs192/zybo-edge-ai/hls/edge_cnn_linear_stream_hls/edge_cnn_linear_stream_prj/solution1/.autopilot/db/dense_resource_rf_leq_nin_ap_fixed_16_6_5_3_0_ap_fixed_39_19_5_3_0_config6_mult_s.compgen.tcl 
INFO-FLOW: Found component edge_cnn_linear_mux_366_16_1_1.
INFO-FLOW: Append model edge_cnn_linear_mux_366_16_1_1
INFO-FLOW: Found component edge_cnn_linear_dense_resource_rf_leq_nin_ap_fixed_16_6_5_3_0_ap_fixed_39_19_5_3_0_config6_muxdS.
INFO-FLOW: Append model edge_cnn_linear_dense_resource_rf_leq_nin_ap_fixed_16_6_5_3_0_ap_fixed_39_19_5_3_0_config6_muxdS
INFO-FLOW: Found component edge_cnn_linear_flow_control_loop_pipe_no_ap_cont.
INFO-FLOW: Append model edge_cnn_linear_flow_control_loop_pipe_no_ap_cont
INFO-FLOW: Handling components in module [compute_output_buffer_2d_array_ap_fixed_16_6_5_3_0_4u_array_ap_fixed_39_19_5_3_0_1u_config6_s] ... 
Execute         source C:/Users/brand/Documents/engs192/zybo-edge-ai/hls/edge_cnn_linear_stream_hls/edge_cnn_linear_stream_prj/solution1/.autopilot/db/compute_output_buffer_2d_array_ap_fixed_16_6_5_3_0_4u_array_ap_fixed_39_19_5_3_0_1u_config6_s.compgen.tcl 
INFO-FLOW: Handling components in module [conv_2d_cl_array_ap_fixed_16_6_5_3_0_4u_array_ap_fixed_39_19_5_3_0_1u_config6_s] ... 
Execute         source C:/Users/brand/Documents/engs192/zybo-edge-ai/hls/edge_cnn_linear_stream_hls/edge_cnn_linear_stream_prj/solution1/.autopilot/db/conv_2d_cl_array_ap_fixed_16_6_5_3_0_4u_array_ap_fixed_39_19_5_3_0_1u_config6_s.compgen.tcl 
INFO-FLOW: Found component edge_cnn_linear_regslice_both.
INFO-FLOW: Append model edge_cnn_linear_regslice_both
INFO-FLOW: Handling components in module [edge_cnn_linear] ... 
Execute         source C:/Users/brand/Documents/engs192/zybo-edge-ai/hls/edge_cnn_linear_stream_hls/edge_cnn_linear_stream_prj/solution1/.autopilot/db/edge_cnn_linear.compgen.tcl 
INFO-FLOW: Found component edge_cnn_linear_fifo_w16_d20172_A.
INFO-FLOW: Append model edge_cnn_linear_fifo_w16_d20172_A
INFO-FLOW: Found component edge_cnn_linear_fifo_w148_d19602_A.
INFO-FLOW: Append model edge_cnn_linear_fifo_w148_d19602_A
INFO-FLOW: Found component edge_cnn_linear_fifo_w64_d19602_A.
INFO-FLOW: Append model edge_cnn_linear_fifo_w64_d19602_A
INFO-FLOW: Found component edge_cnn_linear_fifo_w64_d20172_A.
INFO-FLOW: Append model edge_cnn_linear_fifo_w64_d20172_A
INFO-FLOW: Found component edge_cnn_linear_fifo_w156_d19602_A.
INFO-FLOW: Append model edge_cnn_linear_fifo_w156_d19602_A
INFO-FLOW: Found component edge_cnn_linear_fifo_w64_d19602_A.
INFO-FLOW: Append model edge_cnn_linear_fifo_w64_d19602_A
INFO-FLOW: Found component edge_cnn_linear_fifo_w64_d20172_A.
INFO-FLOW: Append model edge_cnn_linear_fifo_w64_d20172_A
INFO-FLOW: Found component edge_cnn_linear_start_for_conv_2d_cl_array_ap_fixed_16_6_5_3_0_1u_array_ap_fixed_37_17_5_3_0_yd2.
INFO-FLOW: Append model edge_cnn_linear_start_for_conv_2d_cl_array_ap_fixed_16_6_5_3_0_1u_array_ap_fixed_37_17_5_3_0_yd2
INFO-FLOW: Found component edge_cnn_linear_start_for_relu_array_ap_fixed_37_17_5_3_0_4u_array_ap_fixed_16_6_5_3_0_4u_relzec.
INFO-FLOW: Append model edge_cnn_linear_start_for_relu_array_ap_fixed_37_17_5_3_0_4u_array_ap_fixed_16_6_5_3_0_4u_relzec
INFO-FLOW: Found component edge_cnn_linear_start_for_zeropad2d_cl_array_ap_fixed_16_6_5_3_0_4u_array_ap_fixed_16_6_5_3_0Aem.
INFO-FLOW: Append model edge_cnn_linear_start_for_zeropad2d_cl_array_ap_fixed_16_6_5_3_0_4u_array_ap_fixed_16_6_5_3_0Aem
INFO-FLOW: Found component edge_cnn_linear_start_for_conv_2d_cl_array_ap_fixed_16_6_5_3_0_4u_array_ap_fixed_39_19_5_3_0_Bew.
INFO-FLOW: Append model edge_cnn_linear_start_for_conv_2d_cl_array_ap_fixed_16_6_5_3_0_4u_array_ap_fixed_39_19_5_3_0_Bew
INFO-FLOW: Found component edge_cnn_linear_start_for_relu_array_ap_fixed_39_19_5_3_0_4u_array_ap_fixed_16_6_5_3_0_4u_relCeG.
INFO-FLOW: Append model edge_cnn_linear_start_for_relu_array_ap_fixed_39_19_5_3_0_4u_array_ap_fixed_16_6_5_3_0_4u_relCeG
INFO-FLOW: Found component edge_cnn_linear_start_for_zeropad2d_cl_array_ap_fixed_16_6_5_3_0_4u_array_ap_fixed_16_6_5_3_0DeQ.
INFO-FLOW: Append model edge_cnn_linear_start_for_zeropad2d_cl_array_ap_fixed_16_6_5_3_0_4u_array_ap_fixed_16_6_5_3_0DeQ
INFO-FLOW: Found component edge_cnn_linear_start_for_conv_2d_cl_array_ap_fixed_16_6_5_3_0_4u_array_ap_fixed_39_19_5_3_0_Ee0.
INFO-FLOW: Append model edge_cnn_linear_start_for_conv_2d_cl_array_ap_fixed_16_6_5_3_0_4u_array_ap_fixed_39_19_5_3_0_Ee0
INFO-FLOW: Append model zeropad2d_cl_array_ap_fixed_16_6_5_3_0_1u_array_ap_fixed_16_6_5_3_0_1u_config7_Pipeline_PadTopWidth
INFO-FLOW: Append model zeropad2d_cl_array_ap_fixed_16_6_5_3_0_1u_array_ap_fixed_16_6_5_3_0_1u_config7_Pipeline_CopyMain
INFO-FLOW: Append model zeropad2d_cl_array_ap_fixed_16_6_5_3_0_1u_array_ap_fixed_16_6_5_3_0_1u_config7_Pipeline_PadBottomWidth
INFO-FLOW: Append model zeropad2d_cl_array_ap_fixed_16_6_5_3_0_1u_array_ap_fixed_16_6_5_3_0_1u_config7_s
INFO-FLOW: Append model shift_line_buffer_array_ap_fixed_16_6_5_3_0_1u_config2_s
INFO-FLOW: Append model dense_resource_rf_gt_nin_rem0_ap_fixed_16_6_5_3_0_ap_fixed_37_17_5_3_0_config2_mult_s
INFO-FLOW: Append model compute_output_buffer_2d_array_ap_fixed_16_6_5_3_0_1u_array_ap_fixed_37_17_5_3_0_4u_config2_s
INFO-FLOW: Append model conv_2d_cl_array_ap_fixed_16_6_5_3_0_1u_array_ap_fixed_37_17_5_3_0_4u_config2_s
INFO-FLOW: Append model relu_array_ap_fixed_37_17_5_3_0_4u_array_ap_fixed_16_6_5_3_0_4u_relu_config3_s
INFO-FLOW: Append model zeropad2d_cl_array_ap_fixed_16_6_5_3_0_4u_array_ap_fixed_16_6_5_3_0_4u_config8_Pipeline_PadTopWidth
INFO-FLOW: Append model zeropad2d_cl_array_ap_fixed_16_6_5_3_0_4u_array_ap_fixed_16_6_5_3_0_4u_config8_Pipeline_CopyMain
INFO-FLOW: Append model zeropad2d_cl_array_ap_fixed_16_6_5_3_0_4u_array_ap_fixed_16_6_5_3_0_4u_config8_Pipeline_PadBottomWidth
INFO-FLOW: Append model zeropad2d_cl_array_ap_fixed_16_6_5_3_0_4u_array_ap_fixed_16_6_5_3_0_4u_config8_s
INFO-FLOW: Append model shift_line_buffer_array_ap_fixed_16_6_5_3_0_4u_config4_s
INFO-FLOW: Append model dense_resource_rf_gt_nin_rem0_ap_fixed_16_6_5_3_0_ap_fixed_39_19_5_3_0_config4_mult_s
INFO-FLOW: Append model compute_output_buffer_2d_array_ap_fixed_16_6_5_3_0_4u_array_ap_fixed_39_19_5_3_0_4u_config4_s
INFO-FLOW: Append model conv_2d_cl_array_ap_fixed_16_6_5_3_0_4u_array_ap_fixed_39_19_5_3_0_4u_config4_s
INFO-FLOW: Append model relu_array_ap_fixed_39_19_5_3_0_4u_array_ap_fixed_16_6_5_3_0_4u_relu_config5_s
INFO-FLOW: Append model zeropad2d_cl_array_ap_fixed_16_6_5_3_0_4u_array_ap_fixed_16_6_5_3_0_4u_config9_Pipeline_PadTopWidth
INFO-FLOW: Append model zeropad2d_cl_array_ap_fixed_16_6_5_3_0_4u_array_ap_fixed_16_6_5_3_0_4u_config9_Pipeline_CopyMain
INFO-FLOW: Append model zeropad2d_cl_array_ap_fixed_16_6_5_3_0_4u_array_ap_fixed_16_6_5_3_0_4u_config9_Pipeline_PadBottomWidth
INFO-FLOW: Append model zeropad2d_cl_array_ap_fixed_16_6_5_3_0_4u_array_ap_fixed_16_6_5_3_0_4u_config9_s
INFO-FLOW: Append model shift_line_buffer_array_ap_fixed_16_6_5_3_0_4u_config6_s
INFO-FLOW: Append model dense_resource_rf_leq_nin_ap_fixed_16_6_5_3_0_ap_fixed_39_19_5_3_0_config6_mult_s
INFO-FLOW: Append model compute_output_buffer_2d_array_ap_fixed_16_6_5_3_0_4u_array_ap_fixed_39_19_5_3_0_1u_config6_s
INFO-FLOW: Append model conv_2d_cl_array_ap_fixed_16_6_5_3_0_4u_array_ap_fixed_39_19_5_3_0_1u_config6_s
INFO-FLOW: Append model edge_cnn_linear
INFO-FLOW: Generating RTL model list ...
INFO-FLOW: All models in this session: edge_cnn_linear_flow_control_loop_pipe_sequential_init edge_cnn_linear_flow_control_loop_pipe_sequential_init edge_cnn_linear_flow_control_loop_pipe_sequential_init edge_cnn_linear_regslice_both edge_cnn_linear_shift_line_buffer_array_ap_fixed_16_6_5_3_0_1u_config2_s_void_conv_2d_buffer_bkb edge_cnn_linear_mux_932_16_1_1 edge_cnn_linear_mux_42_16_1_1 edge_cnn_linear_mul_mul_16s_11s_26_4_1 edge_cnn_linear_dense_resource_rf_gt_nin_rem0_ap_fixed_16_6_5_3_0_ap_fixed_37_17_5_3_0_configdEe edge_cnn_linear_dense_resource_rf_gt_nin_rem0_ap_fixed_16_6_5_3_0_ap_fixed_37_17_5_3_0_configeOg edge_cnn_linear_flow_control_loop_pipe_no_ap_cont edge_cnn_linear_flow_control_loop_pipe edge_cnn_linear_flow_control_loop_pipe_sequential_init edge_cnn_linear_flow_control_loop_pipe_sequential_init edge_cnn_linear_flow_control_loop_pipe_sequential_init edge_cnn_linear_mux_3632_16_1_1 edge_cnn_linear_mul_mul_16s_12s_26_4_1 edge_cnn_linear_dense_resource_rf_gt_nin_rem0_ap_fixed_16_6_5_3_0_ap_fixed_39_19_5_3_0_configncg edge_cnn_linear_dense_resource_rf_gt_nin_rem0_ap_fixed_16_6_5_3_0_ap_fixed_39_19_5_3_0_configocq edge_cnn_linear_flow_control_loop_pipe_no_ap_cont edge_cnn_linear_flow_control_loop_pipe edge_cnn_linear_flow_control_loop_pipe_sequential_init edge_cnn_linear_flow_control_loop_pipe_sequential_init edge_cnn_linear_flow_control_loop_pipe_sequential_init edge_cnn_linear_mux_366_16_1_1 edge_cnn_linear_dense_resource_rf_leq_nin_ap_fixed_16_6_5_3_0_ap_fixed_39_19_5_3_0_config6_muxdS edge_cnn_linear_flow_control_loop_pipe_no_ap_cont edge_cnn_linear_regslice_both edge_cnn_linear_fifo_w16_d20172_A edge_cnn_linear_fifo_w148_d19602_A edge_cnn_linear_fifo_w64_d19602_A edge_cnn_linear_fifo_w64_d20172_A edge_cnn_linear_fifo_w156_d19602_A edge_cnn_linear_fifo_w64_d19602_A edge_cnn_linear_fifo_w64_d20172_A edge_cnn_linear_start_for_conv_2d_cl_array_ap_fixed_16_6_5_3_0_1u_array_ap_fixed_37_17_5_3_0_yd2 edge_cnn_linear_start_for_relu_array_ap_fixed_37_17_5_3_0_4u_array_ap_fixed_16_6_5_3_0_4u_relzec edge_cnn_linear_start_for_zeropad2d_cl_array_ap_fixed_16_6_5_3_0_4u_array_ap_fixed_16_6_5_3_0Aem edge_cnn_linear_start_for_conv_2d_cl_array_ap_fixed_16_6_5_3_0_4u_array_ap_fixed_39_19_5_3_0_Bew edge_cnn_linear_start_for_relu_array_ap_fixed_39_19_5_3_0_4u_array_ap_fixed_16_6_5_3_0_4u_relCeG edge_cnn_linear_start_for_zeropad2d_cl_array_ap_fixed_16_6_5_3_0_4u_array_ap_fixed_16_6_5_3_0DeQ edge_cnn_linear_start_for_conv_2d_cl_array_ap_fixed_16_6_5_3_0_4u_array_ap_fixed_39_19_5_3_0_Ee0 zeropad2d_cl_array_ap_fixed_16_6_5_3_0_1u_array_ap_fixed_16_6_5_3_0_1u_config7_Pipeline_PadTopWidth zeropad2d_cl_array_ap_fixed_16_6_5_3_0_1u_array_ap_fixed_16_6_5_3_0_1u_config7_Pipeline_CopyMain zeropad2d_cl_array_ap_fixed_16_6_5_3_0_1u_array_ap_fixed_16_6_5_3_0_1u_config7_Pipeline_PadBottomWidth zeropad2d_cl_array_ap_fixed_16_6_5_3_0_1u_array_ap_fixed_16_6_5_3_0_1u_config7_s shift_line_buffer_array_ap_fixed_16_6_5_3_0_1u_config2_s dense_resource_rf_gt_nin_rem0_ap_fixed_16_6_5_3_0_ap_fixed_37_17_5_3_0_config2_mult_s compute_output_buffer_2d_array_ap_fixed_16_6_5_3_0_1u_array_ap_fixed_37_17_5_3_0_4u_config2_s conv_2d_cl_array_ap_fixed_16_6_5_3_0_1u_array_ap_fixed_37_17_5_3_0_4u_config2_s relu_array_ap_fixed_37_17_5_3_0_4u_array_ap_fixed_16_6_5_3_0_4u_relu_config3_s zeropad2d_cl_array_ap_fixed_16_6_5_3_0_4u_array_ap_fixed_16_6_5_3_0_4u_config8_Pipeline_PadTopWidth zeropad2d_cl_array_ap_fixed_16_6_5_3_0_4u_array_ap_fixed_16_6_5_3_0_4u_config8_Pipeline_CopyMain zeropad2d_cl_array_ap_fixed_16_6_5_3_0_4u_array_ap_fixed_16_6_5_3_0_4u_config8_Pipeline_PadBottomWidth zeropad2d_cl_array_ap_fixed_16_6_5_3_0_4u_array_ap_fixed_16_6_5_3_0_4u_config8_s shift_line_buffer_array_ap_fixed_16_6_5_3_0_4u_config4_s dense_resource_rf_gt_nin_rem0_ap_fixed_16_6_5_3_0_ap_fixed_39_19_5_3_0_config4_mult_s compute_output_buffer_2d_array_ap_fixed_16_6_5_3_0_4u_array_ap_fixed_39_19_5_3_0_4u_config4_s conv_2d_cl_array_ap_fixed_16_6_5_3_0_4u_array_ap_fixed_39_19_5_3_0_4u_config4_s relu_array_ap_fixed_39_19_5_3_0_4u_array_ap_fixed_16_6_5_3_0_4u_relu_config5_s zeropad2d_cl_array_ap_fixed_16_6_5_3_0_4u_array_ap_fixed_16_6_5_3_0_4u_config9_Pipeline_PadTopWidth zeropad2d_cl_array_ap_fixed_16_6_5_3_0_4u_array_ap_fixed_16_6_5_3_0_4u_config9_Pipeline_CopyMain zeropad2d_cl_array_ap_fixed_16_6_5_3_0_4u_array_ap_fixed_16_6_5_3_0_4u_config9_Pipeline_PadBottomWidth zeropad2d_cl_array_ap_fixed_16_6_5_3_0_4u_array_ap_fixed_16_6_5_3_0_4u_config9_s shift_line_buffer_array_ap_fixed_16_6_5_3_0_4u_config6_s dense_resource_rf_leq_nin_ap_fixed_16_6_5_3_0_ap_fixed_39_19_5_3_0_config6_mult_s compute_output_buffer_2d_array_ap_fixed_16_6_5_3_0_4u_array_ap_fixed_39_19_5_3_0_1u_config6_s conv_2d_cl_array_ap_fixed_16_6_5_3_0_4u_array_ap_fixed_39_19_5_3_0_1u_config6_s edge_cnn_linear
INFO-FLOW: Generating C:/Users/brand/Documents/engs192/zybo-edge-ai/hls/edge_cnn_linear_stream_hls/edge_cnn_linear_stream_prj/solution1/.autopilot/db/autopilot.rtl.models.txt file...
INFO-FLOW: To file: write model edge_cnn_linear_flow_control_loop_pipe_sequential_init
INFO-FLOW: To file: write model edge_cnn_linear_flow_control_loop_pipe_sequential_init
INFO-FLOW: To file: write model edge_cnn_linear_flow_control_loop_pipe_sequential_init
INFO-FLOW: To file: write model edge_cnn_linear_regslice_both
INFO-FLOW: To file: write model edge_cnn_linear_shift_line_buffer_array_ap_fixed_16_6_5_3_0_1u_config2_s_void_conv_2d_buffer_bkb
INFO-FLOW: To file: write model edge_cnn_linear_mux_932_16_1_1
INFO-FLOW: To file: write model edge_cnn_linear_mux_42_16_1_1
INFO-FLOW: To file: write model edge_cnn_linear_mul_mul_16s_11s_26_4_1
INFO-FLOW: To file: write model edge_cnn_linear_dense_resource_rf_gt_nin_rem0_ap_fixed_16_6_5_3_0_ap_fixed_37_17_5_3_0_configdEe
INFO-FLOW: To file: write model edge_cnn_linear_dense_resource_rf_gt_nin_rem0_ap_fixed_16_6_5_3_0_ap_fixed_37_17_5_3_0_configeOg
INFO-FLOW: To file: write model edge_cnn_linear_flow_control_loop_pipe_no_ap_cont
INFO-FLOW: To file: write model edge_cnn_linear_flow_control_loop_pipe
INFO-FLOW: To file: write model edge_cnn_linear_flow_control_loop_pipe_sequential_init
INFO-FLOW: To file: write model edge_cnn_linear_flow_control_loop_pipe_sequential_init
INFO-FLOW: To file: write model edge_cnn_linear_flow_control_loop_pipe_sequential_init
INFO-FLOW: To file: write model edge_cnn_linear_mux_3632_16_1_1
INFO-FLOW: To file: write model edge_cnn_linear_mul_mul_16s_12s_26_4_1
INFO-FLOW: To file: write model edge_cnn_linear_dense_resource_rf_gt_nin_rem0_ap_fixed_16_6_5_3_0_ap_fixed_39_19_5_3_0_configncg
INFO-FLOW: To file: write model edge_cnn_linear_dense_resource_rf_gt_nin_rem0_ap_fixed_16_6_5_3_0_ap_fixed_39_19_5_3_0_configocq
INFO-FLOW: To file: write model edge_cnn_linear_flow_control_loop_pipe_no_ap_cont
INFO-FLOW: To file: write model edge_cnn_linear_flow_control_loop_pipe
INFO-FLOW: To file: write model edge_cnn_linear_flow_control_loop_pipe_sequential_init
INFO-FLOW: To file: write model edge_cnn_linear_flow_control_loop_pipe_sequential_init
INFO-FLOW: To file: write model edge_cnn_linear_flow_control_loop_pipe_sequential_init
INFO-FLOW: To file: write model edge_cnn_linear_mux_366_16_1_1
INFO-FLOW: To file: write model edge_cnn_linear_dense_resource_rf_leq_nin_ap_fixed_16_6_5_3_0_ap_fixed_39_19_5_3_0_config6_muxdS
INFO-FLOW: To file: write model edge_cnn_linear_flow_control_loop_pipe_no_ap_cont
INFO-FLOW: To file: write model edge_cnn_linear_regslice_both
INFO-FLOW: To file: write model edge_cnn_linear_fifo_w16_d20172_A
INFO-FLOW: To file: write model edge_cnn_linear_fifo_w148_d19602_A
INFO-FLOW: To file: write model edge_cnn_linear_fifo_w64_d19602_A
INFO-FLOW: To file: write model edge_cnn_linear_fifo_w64_d20172_A
INFO-FLOW: To file: write model edge_cnn_linear_fifo_w156_d19602_A
INFO-FLOW: To file: write model edge_cnn_linear_fifo_w64_d19602_A
INFO-FLOW: To file: write model edge_cnn_linear_fifo_w64_d20172_A
INFO-FLOW: To file: write model edge_cnn_linear_start_for_conv_2d_cl_array_ap_fixed_16_6_5_3_0_1u_array_ap_fixed_37_17_5_3_0_yd2
INFO-FLOW: To file: write model edge_cnn_linear_start_for_relu_array_ap_fixed_37_17_5_3_0_4u_array_ap_fixed_16_6_5_3_0_4u_relzec
INFO-FLOW: To file: write model edge_cnn_linear_start_for_zeropad2d_cl_array_ap_fixed_16_6_5_3_0_4u_array_ap_fixed_16_6_5_3_0Aem
INFO-FLOW: To file: write model edge_cnn_linear_start_for_conv_2d_cl_array_ap_fixed_16_6_5_3_0_4u_array_ap_fixed_39_19_5_3_0_Bew
INFO-FLOW: To file: write model edge_cnn_linear_start_for_relu_array_ap_fixed_39_19_5_3_0_4u_array_ap_fixed_16_6_5_3_0_4u_relCeG
INFO-FLOW: To file: write model edge_cnn_linear_start_for_zeropad2d_cl_array_ap_fixed_16_6_5_3_0_4u_array_ap_fixed_16_6_5_3_0DeQ
INFO-FLOW: To file: write model edge_cnn_linear_start_for_conv_2d_cl_array_ap_fixed_16_6_5_3_0_4u_array_ap_fixed_39_19_5_3_0_Ee0
INFO-FLOW: To file: write model zeropad2d_cl_array_ap_fixed_16_6_5_3_0_1u_array_ap_fixed_16_6_5_3_0_1u_config7_Pipeline_PadTopWidth
INFO-FLOW: To file: write model zeropad2d_cl_array_ap_fixed_16_6_5_3_0_1u_array_ap_fixed_16_6_5_3_0_1u_config7_Pipeline_CopyMain
INFO-FLOW: To file: write model zeropad2d_cl_array_ap_fixed_16_6_5_3_0_1u_array_ap_fixed_16_6_5_3_0_1u_config7_Pipeline_PadBottomWidth
INFO-FLOW: To file: write model zeropad2d_cl_array_ap_fixed_16_6_5_3_0_1u_array_ap_fixed_16_6_5_3_0_1u_config7_s
INFO-FLOW: To file: write model shift_line_buffer_array_ap_fixed_16_6_5_3_0_1u_config2_s
INFO-FLOW: To file: write model dense_resource_rf_gt_nin_rem0_ap_fixed_16_6_5_3_0_ap_fixed_37_17_5_3_0_config2_mult_s
INFO-FLOW: To file: write model compute_output_buffer_2d_array_ap_fixed_16_6_5_3_0_1u_array_ap_fixed_37_17_5_3_0_4u_config2_s
INFO-FLOW: To file: write model conv_2d_cl_array_ap_fixed_16_6_5_3_0_1u_array_ap_fixed_37_17_5_3_0_4u_config2_s
INFO-FLOW: To file: write model relu_array_ap_fixed_37_17_5_3_0_4u_array_ap_fixed_16_6_5_3_0_4u_relu_config3_s
INFO-FLOW: To file: write model zeropad2d_cl_array_ap_fixed_16_6_5_3_0_4u_array_ap_fixed_16_6_5_3_0_4u_config8_Pipeline_PadTopWidth
INFO-FLOW: To file: write model zeropad2d_cl_array_ap_fixed_16_6_5_3_0_4u_array_ap_fixed_16_6_5_3_0_4u_config8_Pipeline_CopyMain
INFO-FLOW: To file: write model zeropad2d_cl_array_ap_fixed_16_6_5_3_0_4u_array_ap_fixed_16_6_5_3_0_4u_config8_Pipeline_PadBottomWidth
INFO-FLOW: To file: write model zeropad2d_cl_array_ap_fixed_16_6_5_3_0_4u_array_ap_fixed_16_6_5_3_0_4u_config8_s
INFO-FLOW: To file: write model shift_line_buffer_array_ap_fixed_16_6_5_3_0_4u_config4_s
INFO-FLOW: To file: write model dense_resource_rf_gt_nin_rem0_ap_fixed_16_6_5_3_0_ap_fixed_39_19_5_3_0_config4_mult_s
INFO-FLOW: To file: write model compute_output_buffer_2d_array_ap_fixed_16_6_5_3_0_4u_array_ap_fixed_39_19_5_3_0_4u_config4_s
INFO-FLOW: To file: write model conv_2d_cl_array_ap_fixed_16_6_5_3_0_4u_array_ap_fixed_39_19_5_3_0_4u_config4_s
INFO-FLOW: To file: write model relu_array_ap_fixed_39_19_5_3_0_4u_array_ap_fixed_16_6_5_3_0_4u_relu_config5_s
INFO-FLOW: To file: write model zeropad2d_cl_array_ap_fixed_16_6_5_3_0_4u_array_ap_fixed_16_6_5_3_0_4u_config9_Pipeline_PadTopWidth
INFO-FLOW: To file: write model zeropad2d_cl_array_ap_fixed_16_6_5_3_0_4u_array_ap_fixed_16_6_5_3_0_4u_config9_Pipeline_CopyMain
INFO-FLOW: To file: write model zeropad2d_cl_array_ap_fixed_16_6_5_3_0_4u_array_ap_fixed_16_6_5_3_0_4u_config9_Pipeline_PadBottomWidth
INFO-FLOW: To file: write model zeropad2d_cl_array_ap_fixed_16_6_5_3_0_4u_array_ap_fixed_16_6_5_3_0_4u_config9_s
INFO-FLOW: To file: write model shift_line_buffer_array_ap_fixed_16_6_5_3_0_4u_config6_s
INFO-FLOW: To file: write model dense_resource_rf_leq_nin_ap_fixed_16_6_5_3_0_ap_fixed_39_19_5_3_0_config6_mult_s
INFO-FLOW: To file: write model compute_output_buffer_2d_array_ap_fixed_16_6_5_3_0_4u_array_ap_fixed_39_19_5_3_0_1u_config6_s
INFO-FLOW: To file: write model conv_2d_cl_array_ap_fixed_16_6_5_3_0_4u_array_ap_fixed_39_19_5_3_0_1u_config6_s
INFO-FLOW: To file: write model edge_cnn_linear
INFO-FLOW: Generating C:/Users/brand/Documents/engs192/zybo-edge-ai/hls/edge_cnn_linear_stream_hls/edge_cnn_linear_stream_prj/solution1/.autopilot/db/autopilot.rtl.models.tcl file...
INFO-FLOW: Finished generating RTL model list.


INFO-FLOW: RTL Generation done.
INFO-FLOW: CAS Generation done.
INFO-FLOW: CBC Generation done.
INFO-FLOW: DBG:PROC: ::AESL_AUTOMG::auto_generate_csynth_design
Execute         get_top 
Execute         get_config_export -ipname 
Execute         get_config_export -xo 
Execute         get_config_export -format 
Execute         get_config_rtl -module_auto_prefix 
INFO-FLOW: DBG:PUTS: read_platform_lib C:/Users/brand/Documents/engs192/zybo-edge-ai/hls/edge_cnn_linear_stream_hls/edge_cnn_linear_stream_prj/solution1/.autopilot/db/global.setting.tcl
Execute         source C:/Xilinx/Vitis_HLS/2021.2/common/technology/generic/autopilot/common.gen 
Execute           source C:/Xilinx/Vitis_HLS/2021.2/common/technology/generic/autopilot/APCoreGen.gen 
Execute         source C:/Xilinx/Vitis_HLS/2021.2/common/technology/generic/autopilot/op.gen 
Execute         source C:/Xilinx/Vitis_HLS/2021.2/common/technology/generic/autopilot/op_simcore.gen 
Execute         source C:/Xilinx/Vitis_HLS/2021.2/common/technology/generic/autopilot/interface.gen 
Execute         source C:/Users/brand/Documents/engs192/zybo-edge-ai/hls/edge_cnn_linear_stream_hls/edge_cnn_linear_stream_prj/solution1/.autopilot/db/global.setting.tcl 
Execute         source C:/Xilinx/Vitis_HLS/2021.2/common/technology/xilinx/common/xilinx.gen 
Execute           source C:/Xilinx/Vitis_HLS/2021.2/common/technology/xilinx/interface/plb46.gen 
Execute           source C:/Xilinx/Vitis_HLS/2021.2/common/technology/xilinx/interface/axi4.gen 
Execute           source C:/Xilinx/Vitis_HLS/2021.2/common/technology/xilinx/interface/nativeAXI4.gen 
Execute             source C:/Xilinx/Vitis_HLS/2021.2/common/technology/xilinx/interface/saxilite.gen 
Execute             source C:/Xilinx/Vitis_HLS/2021.2/common/technology/xilinx/interface/maxi.gen 
Execute           source C:/Xilinx/Vitis_HLS/2021.2/common/technology/xilinx/scripts/xilinxcoregen.gen 
Execute           source C:/Xilinx/Vitis_HLS/2021.2/common/technology/xilinx/interface/XilEDKCoreGen.gen 
Execute           source C:/Xilinx/Vitis_HLS/2021.2/common/technology/xilinx/ip/dds_compiler.gen 
Execute           source C:/Xilinx/Vitis_HLS/2021.2/common/technology/xilinx/ip/util.gen 
Execute           source C:/Xilinx/Vitis_HLS/2021.2/common/technology/xilinx/ip/xfft.gen 
Execute           source C:/Xilinx/Vitis_HLS/2021.2/common/technology/xilinx/ip/xfir.gen 
Execute           source C:/Xilinx/Vitis_HLS/2021.2/common/technology/xilinx/DSP48/dsp48.gen 
INFO-FLOW: DBG:PUTS:   using AESL_AUTOCG::g_clock_period=10.000 (was NA)
INFO-FLOW: DBG:PROC: ::AESL_AUTOMG::generate_ip_cores gen_sim_model='1' gen_fp_models='0' gen_for_export='0' dstSCDir='' dstVhdlDir='C:/Users/brand/Documents/engs192/zybo-edge-ai/hls/edge_cnn_linear_stream_hls/edge_cnn_linear_stream_prj/solution1/.autopilot/db/vhdl' dstVlogDir='C:/Users/brand/Documents/engs192/zybo-edge-ai/hls/edge_cnn_linear_stream_hls/edge_cnn_linear_stream_prj/solution1/.autopilot/db/vlog' tclDir='C:/Users/brand/Documents/engs192/zybo-edge-ai/hls/edge_cnn_linear_stream_hls/edge_cnn_linear_stream_prj/solution1/.autopilot/db' modelList='edge_cnn_linear_flow_control_loop_pipe_sequential_init
edge_cnn_linear_flow_control_loop_pipe_sequential_init
edge_cnn_linear_flow_control_loop_pipe_sequential_init
edge_cnn_linear_regslice_both
edge_cnn_linear_shift_line_buffer_array_ap_fixed_16_6_5_3_0_1u_config2_s_void_conv_2d_buffer_bkb
edge_cnn_linear_mux_932_16_1_1
edge_cnn_linear_mux_42_16_1_1
edge_cnn_linear_mul_mul_16s_11s_26_4_1
edge_cnn_linear_dense_resource_rf_gt_nin_rem0_ap_fixed_16_6_5_3_0_ap_fixed_37_17_5_3_0_configdEe
edge_cnn_linear_dense_resource_rf_gt_nin_rem0_ap_fixed_16_6_5_3_0_ap_fixed_37_17_5_3_0_configeOg
edge_cnn_linear_flow_control_loop_pipe_no_ap_cont
edge_cnn_linear_flow_control_loop_pipe
edge_cnn_linear_flow_control_loop_pipe_sequential_init
edge_cnn_linear_flow_control_loop_pipe_sequential_init
edge_cnn_linear_flow_control_loop_pipe_sequential_init
edge_cnn_linear_mux_3632_16_1_1
edge_cnn_linear_mul_mul_16s_12s_26_4_1
edge_cnn_linear_dense_resource_rf_gt_nin_rem0_ap_fixed_16_6_5_3_0_ap_fixed_39_19_5_3_0_configncg
edge_cnn_linear_dense_resource_rf_gt_nin_rem0_ap_fixed_16_6_5_3_0_ap_fixed_39_19_5_3_0_configocq
edge_cnn_linear_flow_control_loop_pipe_no_ap_cont
edge_cnn_linear_flow_control_loop_pipe
edge_cnn_linear_flow_control_loop_pipe_sequential_init
edge_cnn_linear_flow_control_loop_pipe_sequential_init
edge_cnn_linear_flow_control_loop_pipe_sequential_init
edge_cnn_linear_mux_366_16_1_1
edge_cnn_linear_dense_resource_rf_leq_nin_ap_fixed_16_6_5_3_0_ap_fixed_39_19_5_3_0_config6_muxdS
edge_cnn_linear_flow_control_loop_pipe_no_ap_cont
edge_cnn_linear_regslice_both
edge_cnn_linear_fifo_w16_d20172_A
edge_cnn_linear_fifo_w148_d19602_A
edge_cnn_linear_fifo_w64_d19602_A
edge_cnn_linear_fifo_w64_d20172_A
edge_cnn_linear_fifo_w156_d19602_A
edge_cnn_linear_fifo_w64_d19602_A
edge_cnn_linear_fifo_w64_d20172_A
edge_cnn_linear_start_for_conv_2d_cl_array_ap_fixed_16_6_5_3_0_1u_array_ap_fixed_37_17_5_3_0_yd2
edge_cnn_linear_start_for_relu_array_ap_fixed_37_17_5_3_0_4u_array_ap_fixed_16_6_5_3_0_4u_relzec
edge_cnn_linear_start_for_zeropad2d_cl_array_ap_fixed_16_6_5_3_0_4u_array_ap_fixed_16_6_5_3_0Aem
edge_cnn_linear_start_for_conv_2d_cl_array_ap_fixed_16_6_5_3_0_4u_array_ap_fixed_39_19_5_3_0_Bew
edge_cnn_linear_start_for_relu_array_ap_fixed_39_19_5_3_0_4u_array_ap_fixed_16_6_5_3_0_4u_relCeG
edge_cnn_linear_start_for_zeropad2d_cl_array_ap_fixed_16_6_5_3_0_4u_array_ap_fixed_16_6_5_3_0DeQ
edge_cnn_linear_start_for_conv_2d_cl_array_ap_fixed_16_6_5_3_0_4u_array_ap_fixed_39_19_5_3_0_Ee0
zeropad2d_cl_array_ap_fixed_16_6_5_3_0_1u_array_ap_fixed_16_6_5_3_0_1u_config7_Pipeline_PadTopWidth
zeropad2d_cl_array_ap_fixed_16_6_5_3_0_1u_array_ap_fixed_16_6_5_3_0_1u_config7_Pipeline_CopyMain
zeropad2d_cl_array_ap_fixed_16_6_5_3_0_1u_array_ap_fixed_16_6_5_3_0_1u_config7_Pipeline_PadBottomWidth
zeropad2d_cl_array_ap_fixed_16_6_5_3_0_1u_array_ap_fixed_16_6_5_3_0_1u_config7_s
shift_line_buffer_array_ap_fixed_16_6_5_3_0_1u_config2_s
dense_resource_rf_gt_nin_rem0_ap_fixed_16_6_5_3_0_ap_fixed_37_17_5_3_0_config2_mult_s
compute_output_buffer_2d_array_ap_fixed_16_6_5_3_0_1u_array_ap_fixed_37_17_5_3_0_4u_config2_s
conv_2d_cl_array_ap_fixed_16_6_5_3_0_1u_array_ap_fixed_37_17_5_3_0_4u_config2_s
relu_array_ap_fixed_37_17_5_3_0_4u_array_ap_fixed_16_6_5_3_0_4u_relu_config3_s
zeropad2d_cl_array_ap_fixed_16_6_5_3_0_4u_array_ap_fixed_16_6_5_3_0_4u_config8_Pipeline_PadTopWidth
zeropad2d_cl_array_ap_fixed_16_6_5_3_0_4u_array_ap_fixed_16_6_5_3_0_4u_config8_Pipeline_CopyMain
zeropad2d_cl_array_ap_fixed_16_6_5_3_0_4u_array_ap_fixed_16_6_5_3_0_4u_config8_Pipeline_PadBottomWidth
zeropad2d_cl_array_ap_fixed_16_6_5_3_0_4u_array_ap_fixed_16_6_5_3_0_4u_config8_s
shift_line_buffer_array_ap_fixed_16_6_5_3_0_4u_config4_s
dense_resource_rf_gt_nin_rem0_ap_fixed_16_6_5_3_0_ap_fixed_39_19_5_3_0_config4_mult_s
compute_output_buffer_2d_array_ap_fixed_16_6_5_3_0_4u_array_ap_fixed_39_19_5_3_0_4u_config4_s
conv_2d_cl_array_ap_fixed_16_6_5_3_0_4u_array_ap_fixed_39_19_5_3_0_4u_config4_s
relu_array_ap_fixed_39_19_5_3_0_4u_array_ap_fixed_16_6_5_3_0_4u_relu_config5_s
zeropad2d_cl_array_ap_fixed_16_6_5_3_0_4u_array_ap_fixed_16_6_5_3_0_4u_config9_Pipeline_PadTopWidth
zeropad2d_cl_array_ap_fixed_16_6_5_3_0_4u_array_ap_fixed_16_6_5_3_0_4u_config9_Pipeline_CopyMain
zeropad2d_cl_array_ap_fixed_16_6_5_3_0_4u_array_ap_fixed_16_6_5_3_0_4u_config9_Pipeline_PadBottomWidth
zeropad2d_cl_array_ap_fixed_16_6_5_3_0_4u_array_ap_fixed_16_6_5_3_0_4u_config9_s
shift_line_buffer_array_ap_fixed_16_6_5_3_0_4u_config6_s
dense_resource_rf_leq_nin_ap_fixed_16_6_5_3_0_ap_fixed_39_19_5_3_0_config6_mult_s
compute_output_buffer_2d_array_ap_fixed_16_6_5_3_0_4u_array_ap_fixed_39_19_5_3_0_1u_config6_s
conv_2d_cl_array_ap_fixed_16_6_5_3_0_4u_array_ap_fixed_39_19_5_3_0_1u_config6_s
edge_cnn_linear
' expOnly='0'
Execute         source C:/Users/brand/Documents/engs192/zybo-edge-ai/hls/edge_cnn_linear_stream_hls/edge_cnn_linear_stream_prj/solution1/.autopilot/db/global.setting.tcl 
Execute         ap_part_info -name xc7z020-clg400-1 -data names -quiet 
Execute         ap_part_info -name xc7z020-clg400-1 -data info -quiet 
Execute         source C:/Users/brand/Documents/engs192/zybo-edge-ai/hls/edge_cnn_linear_stream_hls/edge_cnn_linear_stream_prj/solution1/.autopilot/db/global.setting.tcl 
Execute         source C:/Users/brand/Documents/engs192/zybo-edge-ai/hls/edge_cnn_linear_stream_hls/edge_cnn_linear_stream_prj/solution1/.autopilot/db/global.setting.tcl 
Execute         source C:/Users/brand/Documents/engs192/zybo-edge-ai/hls/edge_cnn_linear_stream_hls/edge_cnn_linear_stream_prj/solution1/.autopilot/db/zeropad2d_cl_array_ap_fixed_16_6_5_3_0_1u_array_ap_fixed_16_6_5_3_0_1u_config7_Pipeline_PadTopWidth.compgen.tcl 
Execute         source C:/Users/brand/Documents/engs192/zybo-edge-ai/hls/edge_cnn_linear_stream_hls/edge_cnn_linear_stream_prj/solution1/.autopilot/db/zeropad2d_cl_array_ap_fixed_16_6_5_3_0_1u_array_ap_fixed_16_6_5_3_0_1u_config7_Pipeline_CopyMain.compgen.tcl 
Execute         source C:/Users/brand/Documents/engs192/zybo-edge-ai/hls/edge_cnn_linear_stream_hls/edge_cnn_linear_stream_prj/solution1/.autopilot/db/zeropad2d_cl_array_ap_fixed_16_6_5_3_0_1u_array_ap_fixed_16_6_5_3_0_1u_config7_Pipeline_PadBottomWidth.compgen.tcl 
Execute         source C:/Users/brand/Documents/engs192/zybo-edge-ai/hls/edge_cnn_linear_stream_hls/edge_cnn_linear_stream_prj/solution1/.autopilot/db/zeropad2d_cl_array_ap_fixed_16_6_5_3_0_1u_array_ap_fixed_16_6_5_3_0_1u_config7_s.compgen.tcl 
Execute         source C:/Users/brand/Documents/engs192/zybo-edge-ai/hls/edge_cnn_linear_stream_hls/edge_cnn_linear_stream_prj/solution1/.autopilot/db/shift_line_buffer_array_ap_fixed_16_6_5_3_0_1u_config2_s.compgen.tcl 
Execute         source C:/Users/brand/Documents/engs192/zybo-edge-ai/hls/edge_cnn_linear_stream_hls/edge_cnn_linear_stream_prj/solution1/.autopilot/db/dense_resource_rf_gt_nin_rem0_ap_fixed_16_6_5_3_0_ap_fixed_37_17_5_3_0_config2_mult_s.compgen.tcl 
Execute           ap_part_info -name xc7z020-clg400-1 -data names -quiet 
Execute           ap_part_info -name xc7z020-clg400-1 -data info -quiet 
Execute           ap_part_info -name xc7z020-clg400-1 -data names -quiet 
Execute           ap_part_info -name xc7z020-clg400-1 -data info -quiet 
Execute           ap_part_info -name xc7z020-clg400-1 -data names -quiet 
Execute           ap_part_info -name xc7z020-clg400-1 -data info -quiet 
Execute           ap_part_info -name xc7z020-clg400-1 -data names -quiet 
Execute           ap_part_info -name xc7z020-clg400-1 -data info -quiet 
INFO: [RTMG 210-279] Implementing memory 'edge_cnn_linear_dense_resource_rf_gt_nin_rem0_ap_fixed_16_6_5_3_0_ap_fixed_37_17_5_3_0_configdEe' using auto ROMs.
Execute           ap_part_info -name xc7z020-clg400-1 -data names -quiet 
Execute           ap_part_info -name xc7z020-clg400-1 -data info -quiet 
Execute           ap_part_info -name xc7z020-clg400-1 -data names -quiet 
Execute           ap_part_info -name xc7z020-clg400-1 -data info -quiet 
Execute           ap_part_info -name xc7z020-clg400-1 -data names -quiet 
Execute           ap_part_info -name xc7z020-clg400-1 -data info -quiet 
INFO: [RTMG 210-279] Implementing memory 'edge_cnn_linear_dense_resource_rf_gt_nin_rem0_ap_fixed_16_6_5_3_0_ap_fixed_37_17_5_3_0_configeOg' using block ROMs.
Execute           ap_part_info -name xc7z020-clg400-1 -data names -quiet 
Execute           ap_part_info -name xc7z020-clg400-1 -data info -quiet 
Execute           ap_part_info -name xc7z020-clg400-1 -data names -quiet 
Execute           ap_part_info -name xc7z020-clg400-1 -data info -quiet 
Command         ap_source done; 0.244 sec.
Execute         source C:/Users/brand/Documents/engs192/zybo-edge-ai/hls/edge_cnn_linear_stream_hls/edge_cnn_linear_stream_prj/solution1/.autopilot/db/compute_output_buffer_2d_array_ap_fixed_16_6_5_3_0_1u_array_ap_fixed_37_17_5_3_0_4u_config2_s.compgen.tcl 
Execute         source C:/Users/brand/Documents/engs192/zybo-edge-ai/hls/edge_cnn_linear_stream_hls/edge_cnn_linear_stream_prj/solution1/.autopilot/db/conv_2d_cl_array_ap_fixed_16_6_5_3_0_1u_array_ap_fixed_37_17_5_3_0_4u_config2_s.compgen.tcl 
Execute         source C:/Users/brand/Documents/engs192/zybo-edge-ai/hls/edge_cnn_linear_stream_hls/edge_cnn_linear_stream_prj/solution1/.autopilot/db/relu_array_ap_fixed_37_17_5_3_0_4u_array_ap_fixed_16_6_5_3_0_4u_relu_config3_s.compgen.tcl 
Execute         source C:/Users/brand/Documents/engs192/zybo-edge-ai/hls/edge_cnn_linear_stream_hls/edge_cnn_linear_stream_prj/solution1/.autopilot/db/zeropad2d_cl_array_ap_fixed_16_6_5_3_0_4u_array_ap_fixed_16_6_5_3_0_4u_config8_Pipeline_PadTopWidth.compgen.tcl 
Execute         source C:/Users/brand/Documents/engs192/zybo-edge-ai/hls/edge_cnn_linear_stream_hls/edge_cnn_linear_stream_prj/solution1/.autopilot/db/zeropad2d_cl_array_ap_fixed_16_6_5_3_0_4u_array_ap_fixed_16_6_5_3_0_4u_config8_Pipeline_CopyMain.compgen.tcl 
Execute         source C:/Users/brand/Documents/engs192/zybo-edge-ai/hls/edge_cnn_linear_stream_hls/edge_cnn_linear_stream_prj/solution1/.autopilot/db/zeropad2d_cl_array_ap_fixed_16_6_5_3_0_4u_array_ap_fixed_16_6_5_3_0_4u_config8_Pipeline_PadBottomWidth.compgen.tcl 
Execute         source C:/Users/brand/Documents/engs192/zybo-edge-ai/hls/edge_cnn_linear_stream_hls/edge_cnn_linear_stream_prj/solution1/.autopilot/db/zeropad2d_cl_array_ap_fixed_16_6_5_3_0_4u_array_ap_fixed_16_6_5_3_0_4u_config8_s.compgen.tcl 
Execute         source C:/Users/brand/Documents/engs192/zybo-edge-ai/hls/edge_cnn_linear_stream_hls/edge_cnn_linear_stream_prj/solution1/.autopilot/db/shift_line_buffer_array_ap_fixed_16_6_5_3_0_4u_config4_s.compgen.tcl 
Execute         source C:/Users/brand/Documents/engs192/zybo-edge-ai/hls/edge_cnn_linear_stream_hls/edge_cnn_linear_stream_prj/solution1/.autopilot/db/dense_resource_rf_gt_nin_rem0_ap_fixed_16_6_5_3_0_ap_fixed_39_19_5_3_0_config4_mult_s.compgen.tcl 
Execute           ap_part_info -name xc7z020-clg400-1 -data names -quiet 
Execute           ap_part_info -name xc7z020-clg400-1 -data info -quiet 
Execute           ap_part_info -name xc7z020-clg400-1 -data names -quiet 
Execute           ap_part_info -name xc7z020-clg400-1 -data info -quiet 
Execute           ap_part_info -name xc7z020-clg400-1 -data names -quiet 
Execute           ap_part_info -name xc7z020-clg400-1 -data info -quiet 
INFO: [RTMG 210-279] Implementing memory 'edge_cnn_linear_dense_resource_rf_gt_nin_rem0_ap_fixed_16_6_5_3_0_ap_fixed_39_19_5_3_0_configncg' using auto ROMs.
Execute           ap_part_info -name xc7z020-clg400-1 -data names -quiet 
Execute           ap_part_info -name xc7z020-clg400-1 -data info -quiet 
Execute           ap_part_info -name xc7z020-clg400-1 -data names -quiet 
Execute           ap_part_info -name xc7z020-clg400-1 -data info -quiet 
Execute           ap_part_info -name xc7z020-clg400-1 -data names -quiet 
Execute           ap_part_info -name xc7z020-clg400-1 -data info -quiet 
INFO: [RTMG 210-279] Implementing memory 'edge_cnn_linear_dense_resource_rf_gt_nin_rem0_ap_fixed_16_6_5_3_0_ap_fixed_39_19_5_3_0_configocq' using block ROMs.
Execute           ap_part_info -name xc7z020-clg400-1 -data names -quiet 
Execute           ap_part_info -name xc7z020-clg400-1 -data info -quiet 
Execute           ap_part_info -name xc7z020-clg400-1 -data names -quiet 
Execute           ap_part_info -name xc7z020-clg400-1 -data info -quiet 
Command         ap_source done; 0.232 sec.
Execute         source C:/Users/brand/Documents/engs192/zybo-edge-ai/hls/edge_cnn_linear_stream_hls/edge_cnn_linear_stream_prj/solution1/.autopilot/db/compute_output_buffer_2d_array_ap_fixed_16_6_5_3_0_4u_array_ap_fixed_39_19_5_3_0_4u_config4_s.compgen.tcl 
Execute         source C:/Users/brand/Documents/engs192/zybo-edge-ai/hls/edge_cnn_linear_stream_hls/edge_cnn_linear_stream_prj/solution1/.autopilot/db/conv_2d_cl_array_ap_fixed_16_6_5_3_0_4u_array_ap_fixed_39_19_5_3_0_4u_config4_s.compgen.tcl 
Execute         source C:/Users/brand/Documents/engs192/zybo-edge-ai/hls/edge_cnn_linear_stream_hls/edge_cnn_linear_stream_prj/solution1/.autopilot/db/relu_array_ap_fixed_39_19_5_3_0_4u_array_ap_fixed_16_6_5_3_0_4u_relu_config5_s.compgen.tcl 
Execute         source C:/Users/brand/Documents/engs192/zybo-edge-ai/hls/edge_cnn_linear_stream_hls/edge_cnn_linear_stream_prj/solution1/.autopilot/db/zeropad2d_cl_array_ap_fixed_16_6_5_3_0_4u_array_ap_fixed_16_6_5_3_0_4u_config9_Pipeline_PadTopWidth.compgen.tcl 
Execute         source C:/Users/brand/Documents/engs192/zybo-edge-ai/hls/edge_cnn_linear_stream_hls/edge_cnn_linear_stream_prj/solution1/.autopilot/db/zeropad2d_cl_array_ap_fixed_16_6_5_3_0_4u_array_ap_fixed_16_6_5_3_0_4u_config9_Pipeline_CopyMain.compgen.tcl 
Execute         source C:/Users/brand/Documents/engs192/zybo-edge-ai/hls/edge_cnn_linear_stream_hls/edge_cnn_linear_stream_prj/solution1/.autopilot/db/zeropad2d_cl_array_ap_fixed_16_6_5_3_0_4u_array_ap_fixed_16_6_5_3_0_4u_config9_Pipeline_PadBottomWidth.compgen.tcl 
Execute         source C:/Users/brand/Documents/engs192/zybo-edge-ai/hls/edge_cnn_linear_stream_hls/edge_cnn_linear_stream_prj/solution1/.autopilot/db/zeropad2d_cl_array_ap_fixed_16_6_5_3_0_4u_array_ap_fixed_16_6_5_3_0_4u_config9_s.compgen.tcl 
Execute         source C:/Users/brand/Documents/engs192/zybo-edge-ai/hls/edge_cnn_linear_stream_hls/edge_cnn_linear_stream_prj/solution1/.autopilot/db/shift_line_buffer_array_ap_fixed_16_6_5_3_0_4u_config6_s.compgen.tcl 
Execute         source C:/Users/brand/Documents/engs192/zybo-edge-ai/hls/edge_cnn_linear_stream_hls/edge_cnn_linear_stream_prj/solution1/.autopilot/db/dense_resource_rf_leq_nin_ap_fixed_16_6_5_3_0_ap_fixed_39_19_5_3_0_config6_mult_s.compgen.tcl 
Execute           ap_part_info -name xc7z020-clg400-1 -data names -quiet 
Execute           ap_part_info -name xc7z020-clg400-1 -data info -quiet 
Execute           ap_part_info -name xc7z020-clg400-1 -data names -quiet 
Execute           ap_part_info -name xc7z020-clg400-1 -data info -quiet 
INFO: [RTMG 210-279] Implementing memory 'edge_cnn_linear_dense_resource_rf_leq_nin_ap_fixed_16_6_5_3_0_ap_fixed_39_19_5_3_0_config6_muxdS' using block ROMs.
Execute           ap_part_info -name xc7z020-clg400-1 -data names -quiet 
Execute           ap_part_info -name xc7z020-clg400-1 -data info -quiet 
Execute           ap_part_info -name xc7z020-clg400-1 -data names -quiet 
Execute           ap_part_info -name xc7z020-clg400-1 -data info -quiet 
Command         ap_source done; 0.131 sec.
Execute         source C:/Users/brand/Documents/engs192/zybo-edge-ai/hls/edge_cnn_linear_stream_hls/edge_cnn_linear_stream_prj/solution1/.autopilot/db/compute_output_buffer_2d_array_ap_fixed_16_6_5_3_0_4u_array_ap_fixed_39_19_5_3_0_1u_config6_s.compgen.tcl 
Execute         source C:/Users/brand/Documents/engs192/zybo-edge-ai/hls/edge_cnn_linear_stream_hls/edge_cnn_linear_stream_prj/solution1/.autopilot/db/conv_2d_cl_array_ap_fixed_16_6_5_3_0_4u_array_ap_fixed_39_19_5_3_0_1u_config6_s.compgen.tcl 
Execute         source C:/Users/brand/Documents/engs192/zybo-edge-ai/hls/edge_cnn_linear_stream_hls/edge_cnn_linear_stream_prj/solution1/.autopilot/db/edge_cnn_linear.compgen.tcl 
Execute           ap_part_info -name xc7z020-clg400-1 -data names -quiet 
Execute           ap_part_info -name xc7z020-clg400-1 -data info -quiet 
INFO: [RTMG 210-285] Implementing FIFO 'layer7_out_U(edge_cnn_linear_fifo_w16_d20172_A)' using Vivado Default RAMs.
Execute           ap_part_info -name xc7z020-clg400-1 -data names -quiet 
Execute           ap_part_info -name xc7z020-clg400-1 -data info -quiet 
INFO: [RTMG 210-285] Implementing FIFO 'layer2_out_U(edge_cnn_linear_fifo_w148_d19602_A)' using Vivado Default RAMs.
Execute           ap_part_info -name xc7z020-clg400-1 -data names -quiet 
Execute           ap_part_info -name xc7z020-clg400-1 -data info -quiet 
INFO: [RTMG 210-285] Implementing FIFO 'layer3_out_U(edge_cnn_linear_fifo_w64_d19602_A)' using Vivado Default RAMs.
Execute           ap_part_info -name xc7z020-clg400-1 -data names -quiet 
Execute           ap_part_info -name xc7z020-clg400-1 -data info -quiet 
INFO: [RTMG 210-285] Implementing FIFO 'layer8_out_U(edge_cnn_linear_fifo_w64_d20172_A)' using Vivado Default RAMs.
Execute           ap_part_info -name xc7z020-clg400-1 -data names -quiet 
Execute           ap_part_info -name xc7z020-clg400-1 -data info -quiet 
INFO: [RTMG 210-285] Implementing FIFO 'layer4_out_U(edge_cnn_linear_fifo_w156_d19602_A)' using Vivado Default RAMs.
Execute           ap_part_info -name xc7z020-clg400-1 -data names -quiet 
Execute           ap_part_info -name xc7z020-clg400-1 -data info -quiet 
INFO: [RTMG 210-285] Implementing FIFO 'layer5_out_U(edge_cnn_linear_fifo_w64_d19602_A)' using Vivado Default RAMs.
Execute           ap_part_info -name xc7z020-clg400-1 -data names -quiet 
Execute           ap_part_info -name xc7z020-clg400-1 -data info -quiet 
INFO: [RTMG 210-285] Implementing FIFO 'layer9_out_U(edge_cnn_linear_fifo_w64_d20172_A)' using Vivado Default RAMs.
Execute           ap_part_info -name xc7z020-clg400-1 -data names -quiet 
Execute           ap_part_info -name xc7z020-clg400-1 -data info -quiet 
INFO: [RTMG 210-285] Implementing FIFO 'start_for_conv_2d_cl_array_ap_fixed_16_6_5_3_0_1u_array_ap_fixed_37_17_5_3_0_yd2_U(edge_cnn_linear_start_for_conv_2d_cl_array_ap_fixed_16_6_5_3_0_1u_array_ap_fixed_37_17_5_3_0_yd2)' using Shift Registers.
Execute           ap_part_info -name xc7z020-clg400-1 -data names -quiet 
Execute           ap_part_info -name xc7z020-clg400-1 -data info -quiet 
INFO: [RTMG 210-285] Implementing FIFO 'start_for_relu_array_ap_fixed_37_17_5_3_0_4u_array_ap_fixed_16_6_5_3_0_4u_relzec_U(edge_cnn_linear_start_for_relu_array_ap_fixed_37_17_5_3_0_4u_array_ap_fixed_16_6_5_3_0_4u_relzec)' using Shift Registers.
Execute           ap_part_info -name xc7z020-clg400-1 -data names -quiet 
Execute           ap_part_info -name xc7z020-clg400-1 -data info -quiet 
INFO: [RTMG 210-285] Implementing FIFO 'start_for_zeropad2d_cl_array_ap_fixed_16_6_5_3_0_4u_array_ap_fixed_16_6_5_3_0Aem_U(edge_cnn_linear_start_for_zeropad2d_cl_array_ap_fixed_16_6_5_3_0_4u_array_ap_fixed_16_6_5_3_0Aem)' using Shift Registers.
Execute           ap_part_info -name xc7z020-clg400-1 -data names -quiet 
Execute           ap_part_info -name xc7z020-clg400-1 -data info -quiet 
INFO: [RTMG 210-285] Implementing FIFO 'start_for_conv_2d_cl_array_ap_fixed_16_6_5_3_0_4u_array_ap_fixed_39_19_5_3_0_Bew_U(edge_cnn_linear_start_for_conv_2d_cl_array_ap_fixed_16_6_5_3_0_4u_array_ap_fixed_39_19_5_3_0_Bew)' using Shift Registers.
Execute           ap_part_info -name xc7z020-clg400-1 -data names -quiet 
Execute           ap_part_info -name xc7z020-clg400-1 -data info -quiet 
INFO: [RTMG 210-285] Implementing FIFO 'start_for_relu_array_ap_fixed_39_19_5_3_0_4u_array_ap_fixed_16_6_5_3_0_4u_relCeG_U(edge_cnn_linear_start_for_relu_array_ap_fixed_39_19_5_3_0_4u_array_ap_fixed_16_6_5_3_0_4u_relCeG)' using Shift Registers.
Execute           ap_part_info -name xc7z020-clg400-1 -data names -quiet 
Execute           ap_part_info -name xc7z020-clg400-1 -data info -quiet 
INFO: [RTMG 210-285] Implementing FIFO 'start_for_zeropad2d_cl_array_ap_fixed_16_6_5_3_0_4u_array_ap_fixed_16_6_5_3_0DeQ_U(edge_cnn_linear_start_for_zeropad2d_cl_array_ap_fixed_16_6_5_3_0_4u_array_ap_fixed_16_6_5_3_0DeQ)' using Shift Registers.
Execute           ap_part_info -name xc7z020-clg400-1 -data names -quiet 
Execute           ap_part_info -name xc7z020-clg400-1 -data info -quiet 
INFO: [RTMG 210-285] Implementing FIFO 'start_for_conv_2d_cl_array_ap_fixed_16_6_5_3_0_4u_array_ap_fixed_39_19_5_3_0_Ee0_U(edge_cnn_linear_start_for_conv_2d_cl_array_ap_fixed_16_6_5_3_0_4u_array_ap_fixed_39_19_5_3_0_Ee0)' using Shift Registers.
Command         ap_source done; 0.808 sec.
INFO: [HLS 200-111] Finished Generating all RTL models: CPU user time: 2 seconds. CPU system time: 1 seconds. Elapsed time: 4.095 seconds; current allocated memory: 1.162 GB.
INFO-FLOW: DBG:PROC: ::AP::create_csynth_xml bind_adapter_nodes_var='bind_adapter_nodes' bind_report_dict_var='bind_report_dict' outfile=''
INFO-FLOW: Running: create_csynth_xml read xml data
INFO-FLOW: Done: create_csynth_xml read xml data time: 0 seconds per iteration
INFO-FLOW: Running: create_csynth_xml bind info
INFO-FLOW: Done: create_csynth_xml bind info time: 0 seconds per iteration
INFO-FLOW: Running: create_csynth_xml config info
Execute         get_config_op mul -impl 
Execute         get_config_op mul -latency 
Execute         get_config_op mul -precision 
Execute         get_config_op add -impl 
Execute         get_config_op add -latency 
Execute         get_config_op add -precision 
Execute         get_config_op sub -impl 
Execute         get_config_op sub -latency 
Execute         get_config_op sub -precision 
Execute         get_config_op fadd -impl 
Execute         get_config_op fadd -latency 
Execute         get_config_op fadd -precision 
Execute         get_config_op fsub -impl 
Execute         get_config_op fsub -latency 
Execute         get_config_op fsub -precision 
Execute         get_config_op fdiv -impl 
Execute         get_config_op fdiv -latency 
Execute         get_config_op fdiv -precision 
Execute         get_config_op fexp -impl 
Execute         get_config_op fexp -latency 
Execute         get_config_op fexp -precision 
Execute         get_config_op flog -impl 
Execute         get_config_op flog -latency 
Execute         get_config_op flog -precision 
Execute         get_config_op fmul -impl 
Execute         get_config_op fmul -latency 
Execute         get_config_op fmul -precision 
Execute         get_config_op frsqrt -impl 
Execute         get_config_op frsqrt -latency 
Execute         get_config_op frsqrt -precision 
Execute         get_config_op frecip -impl 
Execute         get_config_op frecip -latency 
Execute         get_config_op frecip -precision 
Execute         get_config_op fsqrt -impl 
Execute         get_config_op fsqrt -latency 
Execute         get_config_op fsqrt -precision 
Execute         get_config_op dadd -impl 
Execute         get_config_op dadd -latency 
Execute         get_config_op dadd -precision 
Execute         get_config_op dsub -impl 
Execute         get_config_op dsub -latency 
Execute         get_config_op dsub -precision 
Execute         get_config_op ddiv -impl 
Execute         get_config_op ddiv -latency 
Execute         get_config_op ddiv -precision 
Execute         get_config_op dexp -impl 
Execute         get_config_op dexp -latency 
Execute         get_config_op dexp -precision 
Execute         get_config_op dlog -impl 
Execute         get_config_op dlog -latency 
Execute         get_config_op dlog -precision 
Execute         get_config_op dmul -impl 
Execute         get_config_op dmul -latency 
Execute         get_config_op dmul -precision 
Execute         get_config_op drsqrt -impl 
Execute         get_config_op drsqrt -latency 
Execute         get_config_op drsqrt -precision 
Execute         get_config_op drecip -impl 
Execute         get_config_op drecip -latency 
Execute         get_config_op drecip -precision 
Execute         get_config_op dsqrt -impl 
Execute         get_config_op dsqrt -latency 
Execute         get_config_op dsqrt -precision 
Execute         get_config_op hadd -impl 
Execute         get_config_op hadd -latency 
Execute         get_config_op hadd -precision 
Execute         get_config_op hsub -impl 
Execute         get_config_op hsub -latency 
Execute         get_config_op hsub -precision 
Execute         get_config_op hdiv -impl 
Execute         get_config_op hdiv -latency 
Execute         get_config_op hdiv -precision 
Execute         get_config_op hmul -impl 
Execute         get_config_op hmul -latency 
Execute         get_config_op hmul -precision 
Execute         get_config_op hsqrt -impl 
Execute         get_config_op hsqrt -latency 
Execute         get_config_op hsqrt -precision 
Execute         get_config_op facc -impl 
Execute         get_config_op facc -latency 
Execute         get_config_op facc -precision 
Execute         get_config_op fmacc -impl 
Execute         get_config_op fmacc -latency 
Execute         get_config_op fmacc -precision 
Execute         get_config_op fmadd -impl 
Execute         get_config_op fmadd -latency 
Execute         get_config_op fmadd -precision 
Execute         get_config_storage fifo -auto_srl_max_bits 
Execute         get_config_storage fifo -auto_srl_max_depth 
Execute         get_config_storage fifo -impl 
Execute         get_solution -flow_target 
Execute         get_config_array_partition -complete_threshold 
Execute         get_config_array_partition -throughput_driven 
Execute         get_config_compile -enable_auto_rewind 
Execute         get_config_compile -name_max_length 
Execute         get_config_compile -no_signed_zeros 
Execute         get_config_compile -pipeline_loops 
Execute         get_config_compile -pipeline_style 
Execute         get_config_compile -pragma_strict_mode 
Execute         get_config_compile -pre_tcl 
Execute         get_config_compile -unsafe_math_optimizations 
Execute         get_config_dataflow -default_channel 
Execute         get_config_dataflow -disable_fifo_sizing_opt 
Execute         get_config_dataflow -fifo_depth 
Execute         get_config_dataflow -override_user_fifo_depth 
Execute         get_config_dataflow -scalar_fifo_depth 
Execute         get_config_dataflow -start_fifo_depth 
Execute         get_config_dataflow -strict_mode 
Execute         get_config_dataflow -strict_stable_sync 
Execute         get_config_dataflow -task_level_fifo_depth 
Execute         get_config_debug -directory 
Execute         get_config_debug -enable 
Execute         get_config_export -deadlock_detection 
Execute         get_config_export -description 
Execute         get_config_export -display_name 
Execute         get_config_export -format 
Execute         get_config_export -ip_xdc_file 
Execute         get_config_export -ip_xdc_ooc_file 
Execute         get_config_export -ipname 
Execute         get_config_export -library 
Execute         get_config_export -output 
Execute         get_config_export -rtl 
Execute         get_config_export -taxonomy 
Execute         get_config_export -vendor 
Execute         get_config_export -version 
Execute         get_config_export -vivado_clock 
Execute         get_config_export -vivado_impl_strategy 
Execute         get_config_export -vivado_max_timing_paths 
Execute         get_config_export -vivado_optimization_level 
Execute         get_config_export -vivado_pblock 
Execute         get_config_export -vivado_phys_opt 
Execute         get_config_export -vivado_report_level 
Execute         get_config_export -vivado_synth_design_args 
Execute         get_config_export -vivado_synth_strategy 
Execute         get_config_interface -clock_enable 
Execute         get_config_interface -default_slave_interface 
Execute         get_config_interface -m_axi_addr64 
Execute         get_config_interface -m_axi_alignment_byte_size 
Execute         get_config_interface -m_axi_auto_max_ports 
Execute         get_config_interface -m_axi_buffer_impl 
Execute         get_config_interface -m_axi_conservative_mode 
Execute         get_config_interface -m_axi_flush_mode 
Execute         get_config_interface -m_axi_latency 
Execute         get_config_interface -m_axi_max_bitwidth 
Execute         get_config_interface -m_axi_max_read_burst_length 
Execute         get_config_interface -m_axi_max_widen_bitwidth 
Execute         get_config_interface -m_axi_max_write_burst_length 
Execute         get_config_interface -m_axi_min_bitwidth 
Execute         get_config_interface -m_axi_num_read_outstanding 
Execute         get_config_interface -m_axi_num_write_outstanding 
Execute         get_config_interface -m_axi_offset 
Execute         get_config_interface -register_io 
Execute         get_config_interface -s_axilite_data64 
Execute         get_config_interface -s_axilite_mailbox 
Execute         get_config_interface -s_axilite_status_regs 
Execute         get_config_interface -s_axilite_sw_reset 
Execute         get_config_rtl -header 
Execute         get_config_rtl -kernel_profile 
Execute         get_config_rtl -module_auto_prefix 
Execute         get_config_rtl -module_prefix 
Execute         get_config_rtl -mult_keep_attribute 
Execute         get_config_rtl -register_all_io 
Execute         get_config_rtl -register_reset_num 
Execute         get_config_rtl -reset 
Execute         get_config_rtl -reset_async 
Execute         get_config_rtl -reset_level 
Execute         get_config_schedule -enable_dsp_full_reg 
Execute         get_config_unroll -tripcount_threshold 
INFO-FLOW: Done: create_csynth_xml config info time: 0.1 seconds per iteration
INFO-FLOW: Running: create_csynth_xml write xml
INFO-FLOW: Done: create_csynth_xml write xml time: 0 seconds per iteration
INFO-FLOW: DBG:PUTS:       create_csynth_xml wrote csynth_xml=C:/Users/brand/Documents/engs192/zybo-edge-ai/hls/edge_cnn_linear_stream_hls/edge_cnn_linear_stream_prj/solution1/syn/report/csynth.xml
INFO-FLOW: DBG:PROC: ::AP::DESIGN_DATA::generate_json generate_bd_files='0' generate_xo_files='0' modelList='edge_cnn_linear_flow_control_loop_pipe_sequential_init
edge_cnn_linear_flow_control_loop_pipe_sequential_init
edge_cnn_linear_flow_control_loop_pipe_sequential_init
edge_cnn_linear_regslice_both
edge_cnn_linear_shift_line_buffer_array_ap_fixed_16_6_5_3_0_1u_config2_s_void_conv_2d_buffer_bkb
edge_cnn_linear_mux_932_16_1_1
edge_cnn_linear_mux_42_16_1_1
edge_cnn_linear_mul_mul_16s_11s_26_4_1
edge_cnn_linear_dense_resource_rf_gt_nin_rem0_ap_fixed_16_6_5_3_0_ap_fixed_37_17_5_3_0_configdEe
edge_cnn_linear_dense_resource_rf_gt_nin_rem0_ap_fixed_16_6_5_3_0_ap_fixed_37_17_5_3_0_configeOg
edge_cnn_linear_flow_control_loop_pipe_no_ap_cont
edge_cnn_linear_flow_control_loop_pipe
edge_cnn_linear_flow_control_loop_pipe_sequential_init
edge_cnn_linear_flow_control_loop_pipe_sequential_init
edge_cnn_linear_flow_control_loop_pipe_sequential_init
edge_cnn_linear_mux_3632_16_1_1
edge_cnn_linear_mul_mul_16s_12s_26_4_1
edge_cnn_linear_dense_resource_rf_gt_nin_rem0_ap_fixed_16_6_5_3_0_ap_fixed_39_19_5_3_0_configncg
edge_cnn_linear_dense_resource_rf_gt_nin_rem0_ap_fixed_16_6_5_3_0_ap_fixed_39_19_5_3_0_configocq
edge_cnn_linear_flow_control_loop_pipe_no_ap_cont
edge_cnn_linear_flow_control_loop_pipe
edge_cnn_linear_flow_control_loop_pipe_sequential_init
edge_cnn_linear_flow_control_loop_pipe_sequential_init
edge_cnn_linear_flow_control_loop_pipe_sequential_init
edge_cnn_linear_mux_366_16_1_1
edge_cnn_linear_dense_resource_rf_leq_nin_ap_fixed_16_6_5_3_0_ap_fixed_39_19_5_3_0_config6_muxdS
edge_cnn_linear_flow_control_loop_pipe_no_ap_cont
edge_cnn_linear_regslice_both
edge_cnn_linear_fifo_w16_d20172_A
edge_cnn_linear_fifo_w148_d19602_A
edge_cnn_linear_fifo_w64_d19602_A
edge_cnn_linear_fifo_w64_d20172_A
edge_cnn_linear_fifo_w156_d19602_A
edge_cnn_linear_fifo_w64_d19602_A
edge_cnn_linear_fifo_w64_d20172_A
edge_cnn_linear_start_for_conv_2d_cl_array_ap_fixed_16_6_5_3_0_1u_array_ap_fixed_37_17_5_3_0_yd2
edge_cnn_linear_start_for_relu_array_ap_fixed_37_17_5_3_0_4u_array_ap_fixed_16_6_5_3_0_4u_relzec
edge_cnn_linear_start_for_zeropad2d_cl_array_ap_fixed_16_6_5_3_0_4u_array_ap_fixed_16_6_5_3_0Aem
edge_cnn_linear_start_for_conv_2d_cl_array_ap_fixed_16_6_5_3_0_4u_array_ap_fixed_39_19_5_3_0_Bew
edge_cnn_linear_start_for_relu_array_ap_fixed_39_19_5_3_0_4u_array_ap_fixed_16_6_5_3_0_4u_relCeG
edge_cnn_linear_start_for_zeropad2d_cl_array_ap_fixed_16_6_5_3_0_4u_array_ap_fixed_16_6_5_3_0DeQ
edge_cnn_linear_start_for_conv_2d_cl_array_ap_fixed_16_6_5_3_0_4u_array_ap_fixed_39_19_5_3_0_Ee0
zeropad2d_cl_array_ap_fixed_16_6_5_3_0_1u_array_ap_fixed_16_6_5_3_0_1u_config7_Pipeline_PadTopWidth
zeropad2d_cl_array_ap_fixed_16_6_5_3_0_1u_array_ap_fixed_16_6_5_3_0_1u_config7_Pipeline_CopyMain
zeropad2d_cl_array_ap_fixed_16_6_5_3_0_1u_array_ap_fixed_16_6_5_3_0_1u_config7_Pipeline_PadBottomWidth
zeropad2d_cl_array_ap_fixed_16_6_5_3_0_1u_array_ap_fixed_16_6_5_3_0_1u_config7_s
shift_line_buffer_array_ap_fixed_16_6_5_3_0_1u_config2_s
dense_resource_rf_gt_nin_rem0_ap_fixed_16_6_5_3_0_ap_fixed_37_17_5_3_0_config2_mult_s
compute_output_buffer_2d_array_ap_fixed_16_6_5_3_0_1u_array_ap_fixed_37_17_5_3_0_4u_config2_s
conv_2d_cl_array_ap_fixed_16_6_5_3_0_1u_array_ap_fixed_37_17_5_3_0_4u_config2_s
relu_array_ap_fixed_37_17_5_3_0_4u_array_ap_fixed_16_6_5_3_0_4u_relu_config3_s
zeropad2d_cl_array_ap_fixed_16_6_5_3_0_4u_array_ap_fixed_16_6_5_3_0_4u_config8_Pipeline_PadTopWidth
zeropad2d_cl_array_ap_fixed_16_6_5_3_0_4u_array_ap_fixed_16_6_5_3_0_4u_config8_Pipeline_CopyMain
zeropad2d_cl_array_ap_fixed_16_6_5_3_0_4u_array_ap_fixed_16_6_5_3_0_4u_config8_Pipeline_PadBottomWidth
zeropad2d_cl_array_ap_fixed_16_6_5_3_0_4u_array_ap_fixed_16_6_5_3_0_4u_config8_s
shift_line_buffer_array_ap_fixed_16_6_5_3_0_4u_config4_s
dense_resource_rf_gt_nin_rem0_ap_fixed_16_6_5_3_0_ap_fixed_39_19_5_3_0_config4_mult_s
compute_output_buffer_2d_array_ap_fixed_16_6_5_3_0_4u_array_ap_fixed_39_19_5_3_0_4u_config4_s
conv_2d_cl_array_ap_fixed_16_6_5_3_0_4u_array_ap_fixed_39_19_5_3_0_4u_config4_s
relu_array_ap_fixed_39_19_5_3_0_4u_array_ap_fixed_16_6_5_3_0_4u_relu_config5_s
zeropad2d_cl_array_ap_fixed_16_6_5_3_0_4u_array_ap_fixed_16_6_5_3_0_4u_config9_Pipeline_PadTopWidth
zeropad2d_cl_array_ap_fixed_16_6_5_3_0_4u_array_ap_fixed_16_6_5_3_0_4u_config9_Pipeline_CopyMain
zeropad2d_cl_array_ap_fixed_16_6_5_3_0_4u_array_ap_fixed_16_6_5_3_0_4u_config9_Pipeline_PadBottomWidth
zeropad2d_cl_array_ap_fixed_16_6_5_3_0_4u_array_ap_fixed_16_6_5_3_0_4u_config9_s
shift_line_buffer_array_ap_fixed_16_6_5_3_0_4u_config6_s
dense_resource_rf_leq_nin_ap_fixed_16_6_5_3_0_ap_fixed_39_19_5_3_0_config6_mult_s
compute_output_buffer_2d_array_ap_fixed_16_6_5_3_0_4u_array_ap_fixed_39_19_5_3_0_1u_config6_s
conv_2d_cl_array_ap_fixed_16_6_5_3_0_4u_array_ap_fixed_39_19_5_3_0_1u_config6_s
edge_cnn_linear
' rtl_lang='both' bootstrap_tcl='false' outdir='' outfilename=''
Execute         source C:/Users/brand/Documents/engs192/zybo-edge-ai/hls/edge_cnn_linear_stream_hls/edge_cnn_linear_stream_prj/solution1/.autopilot/db/global.setting.tcl 
Execute         source C:/Users/brand/Documents/engs192/zybo-edge-ai/hls/edge_cnn_linear_stream_hls/edge_cnn_linear_stream_prj/solution1/.autopilot/db/global.setting.tcl 
Execute         get_solution -flow_target 
Execute         get_config_export -xo 
Execute         get_config_export -format 
Execute         source C:/Users/brand/Documents/engs192/zybo-edge-ai/hls/edge_cnn_linear_stream_hls/edge_cnn_linear_stream_prj/solution1/.autopilot/db/top-io-be.tcl 
Execute         source C:/Users/brand/Documents/engs192/zybo-edge-ai/hls/edge_cnn_linear_stream_hls/edge_cnn_linear_stream_prj/solution1/.autopilot/db/edge_cnn_linear.tbgen.tcl 
Execute         source C:/Users/brand/Documents/engs192/zybo-edge-ai/hls/edge_cnn_linear_stream_hls/edge_cnn_linear_stream_prj/solution1/.autopilot/db/edge_cnn_linear.rtl_wrap.cfg.tcl 
Execute         source C:/Users/brand/Documents/engs192/zybo-edge-ai/hls/edge_cnn_linear_stream_hls/edge_cnn_linear_stream_prj/solution1/.autopilot/db/edge_cnn_linear.compgen.dataonly.tcl 
Execute         get_config_export -format 
Execute         ap_part_info -name xc7z020-clg400-1 -data names -quiet 
Execute         ap_part_info -name xc7z020-clg400-1 -data info -quiet 
Execute         source C:/Users/brand/Documents/engs192/zybo-edge-ai/hls/edge_cnn_linear_stream_hls/edge_cnn_linear_stream_prj/solution1/.autopilot/db/zeropad2d_cl_array_ap_fixed_16_6_5_3_0_1u_array_ap_fixed_16_6_5_3_0_1u_config7_Pipeline_PadTopWidth.tbgen.tcl 
Execute         source C:/Users/brand/Documents/engs192/zybo-edge-ai/hls/edge_cnn_linear_stream_hls/edge_cnn_linear_stream_prj/solution1/.autopilot/db/zeropad2d_cl_array_ap_fixed_16_6_5_3_0_1u_array_ap_fixed_16_6_5_3_0_1u_config7_Pipeline_CopyMain.tbgen.tcl 
Execute         source C:/Users/brand/Documents/engs192/zybo-edge-ai/hls/edge_cnn_linear_stream_hls/edge_cnn_linear_stream_prj/solution1/.autopilot/db/zeropad2d_cl_array_ap_fixed_16_6_5_3_0_1u_array_ap_fixed_16_6_5_3_0_1u_config7_Pipeline_PadBottomWidth.tbgen.tcl 
Execute         source C:/Users/brand/Documents/engs192/zybo-edge-ai/hls/edge_cnn_linear_stream_hls/edge_cnn_linear_stream_prj/solution1/.autopilot/db/zeropad2d_cl_array_ap_fixed_16_6_5_3_0_1u_array_ap_fixed_16_6_5_3_0_1u_config7_s.tbgen.tcl 
Execute         source C:/Users/brand/Documents/engs192/zybo-edge-ai/hls/edge_cnn_linear_stream_hls/edge_cnn_linear_stream_prj/solution1/.autopilot/db/shift_line_buffer_array_ap_fixed_16_6_5_3_0_1u_config2_s.tbgen.tcl 
Execute         source C:/Users/brand/Documents/engs192/zybo-edge-ai/hls/edge_cnn_linear_stream_hls/edge_cnn_linear_stream_prj/solution1/.autopilot/db/dense_resource_rf_gt_nin_rem0_ap_fixed_16_6_5_3_0_ap_fixed_37_17_5_3_0_config2_mult_s.tbgen.tcl 
Execute         source C:/Users/brand/Documents/engs192/zybo-edge-ai/hls/edge_cnn_linear_stream_hls/edge_cnn_linear_stream_prj/solution1/.autopilot/db/compute_output_buffer_2d_array_ap_fixed_16_6_5_3_0_1u_array_ap_fixed_37_17_5_3_0_4u_config2_s.tbgen.tcl 
Execute         source C:/Users/brand/Documents/engs192/zybo-edge-ai/hls/edge_cnn_linear_stream_hls/edge_cnn_linear_stream_prj/solution1/.autopilot/db/conv_2d_cl_array_ap_fixed_16_6_5_3_0_1u_array_ap_fixed_37_17_5_3_0_4u_config2_s.tbgen.tcl 
Execute         source C:/Users/brand/Documents/engs192/zybo-edge-ai/hls/edge_cnn_linear_stream_hls/edge_cnn_linear_stream_prj/solution1/.autopilot/db/relu_array_ap_fixed_37_17_5_3_0_4u_array_ap_fixed_16_6_5_3_0_4u_relu_config3_s.tbgen.tcl 
Execute         source C:/Users/brand/Documents/engs192/zybo-edge-ai/hls/edge_cnn_linear_stream_hls/edge_cnn_linear_stream_prj/solution1/.autopilot/db/zeropad2d_cl_array_ap_fixed_16_6_5_3_0_4u_array_ap_fixed_16_6_5_3_0_4u_config8_Pipeline_PadTopWidth.tbgen.tcl 
Execute         source C:/Users/brand/Documents/engs192/zybo-edge-ai/hls/edge_cnn_linear_stream_hls/edge_cnn_linear_stream_prj/solution1/.autopilot/db/zeropad2d_cl_array_ap_fixed_16_6_5_3_0_4u_array_ap_fixed_16_6_5_3_0_4u_config8_Pipeline_CopyMain.tbgen.tcl 
Execute         source C:/Users/brand/Documents/engs192/zybo-edge-ai/hls/edge_cnn_linear_stream_hls/edge_cnn_linear_stream_prj/solution1/.autopilot/db/zeropad2d_cl_array_ap_fixed_16_6_5_3_0_4u_array_ap_fixed_16_6_5_3_0_4u_config8_Pipeline_PadBottomWidth.tbgen.tcl 
Execute         source C:/Users/brand/Documents/engs192/zybo-edge-ai/hls/edge_cnn_linear_stream_hls/edge_cnn_linear_stream_prj/solution1/.autopilot/db/zeropad2d_cl_array_ap_fixed_16_6_5_3_0_4u_array_ap_fixed_16_6_5_3_0_4u_config8_s.tbgen.tcl 
Execute         source C:/Users/brand/Documents/engs192/zybo-edge-ai/hls/edge_cnn_linear_stream_hls/edge_cnn_linear_stream_prj/solution1/.autopilot/db/shift_line_buffer_array_ap_fixed_16_6_5_3_0_4u_config4_s.tbgen.tcl 
Execute         source C:/Users/brand/Documents/engs192/zybo-edge-ai/hls/edge_cnn_linear_stream_hls/edge_cnn_linear_stream_prj/solution1/.autopilot/db/dense_resource_rf_gt_nin_rem0_ap_fixed_16_6_5_3_0_ap_fixed_39_19_5_3_0_config4_mult_s.tbgen.tcl 
Execute         source C:/Users/brand/Documents/engs192/zybo-edge-ai/hls/edge_cnn_linear_stream_hls/edge_cnn_linear_stream_prj/solution1/.autopilot/db/compute_output_buffer_2d_array_ap_fixed_16_6_5_3_0_4u_array_ap_fixed_39_19_5_3_0_4u_config4_s.tbgen.tcl 
Execute         source C:/Users/brand/Documents/engs192/zybo-edge-ai/hls/edge_cnn_linear_stream_hls/edge_cnn_linear_stream_prj/solution1/.autopilot/db/conv_2d_cl_array_ap_fixed_16_6_5_3_0_4u_array_ap_fixed_39_19_5_3_0_4u_config4_s.tbgen.tcl 
Execute         source C:/Users/brand/Documents/engs192/zybo-edge-ai/hls/edge_cnn_linear_stream_hls/edge_cnn_linear_stream_prj/solution1/.autopilot/db/relu_array_ap_fixed_39_19_5_3_0_4u_array_ap_fixed_16_6_5_3_0_4u_relu_config5_s.tbgen.tcl 
Execute         source C:/Users/brand/Documents/engs192/zybo-edge-ai/hls/edge_cnn_linear_stream_hls/edge_cnn_linear_stream_prj/solution1/.autopilot/db/zeropad2d_cl_array_ap_fixed_16_6_5_3_0_4u_array_ap_fixed_16_6_5_3_0_4u_config9_Pipeline_PadTopWidth.tbgen.tcl 
Execute         source C:/Users/brand/Documents/engs192/zybo-edge-ai/hls/edge_cnn_linear_stream_hls/edge_cnn_linear_stream_prj/solution1/.autopilot/db/zeropad2d_cl_array_ap_fixed_16_6_5_3_0_4u_array_ap_fixed_16_6_5_3_0_4u_config9_Pipeline_CopyMain.tbgen.tcl 
Execute         source C:/Users/brand/Documents/engs192/zybo-edge-ai/hls/edge_cnn_linear_stream_hls/edge_cnn_linear_stream_prj/solution1/.autopilot/db/zeropad2d_cl_array_ap_fixed_16_6_5_3_0_4u_array_ap_fixed_16_6_5_3_0_4u_config9_Pipeline_PadBottomWidth.tbgen.tcl 
Execute         source C:/Users/brand/Documents/engs192/zybo-edge-ai/hls/edge_cnn_linear_stream_hls/edge_cnn_linear_stream_prj/solution1/.autopilot/db/zeropad2d_cl_array_ap_fixed_16_6_5_3_0_4u_array_ap_fixed_16_6_5_3_0_4u_config9_s.tbgen.tcl 
Execute         source C:/Users/brand/Documents/engs192/zybo-edge-ai/hls/edge_cnn_linear_stream_hls/edge_cnn_linear_stream_prj/solution1/.autopilot/db/shift_line_buffer_array_ap_fixed_16_6_5_3_0_4u_config6_s.tbgen.tcl 
Execute         source C:/Users/brand/Documents/engs192/zybo-edge-ai/hls/edge_cnn_linear_stream_hls/edge_cnn_linear_stream_prj/solution1/.autopilot/db/dense_resource_rf_leq_nin_ap_fixed_16_6_5_3_0_ap_fixed_39_19_5_3_0_config6_mult_s.tbgen.tcl 
Execute         source C:/Users/brand/Documents/engs192/zybo-edge-ai/hls/edge_cnn_linear_stream_hls/edge_cnn_linear_stream_prj/solution1/.autopilot/db/compute_output_buffer_2d_array_ap_fixed_16_6_5_3_0_4u_array_ap_fixed_39_19_5_3_0_1u_config6_s.tbgen.tcl 
Execute         source C:/Users/brand/Documents/engs192/zybo-edge-ai/hls/edge_cnn_linear_stream_hls/edge_cnn_linear_stream_prj/solution1/.autopilot/db/conv_2d_cl_array_ap_fixed_16_6_5_3_0_4u_array_ap_fixed_39_19_5_3_0_1u_config6_s.tbgen.tcl 
Execute         source C:/Users/brand/Documents/engs192/zybo-edge-ai/hls/edge_cnn_linear_stream_hls/edge_cnn_linear_stream_prj/solution1/.autopilot/db/edge_cnn_linear.tbgen.tcl 
Execute         source C:/Users/brand/Documents/engs192/zybo-edge-ai/hls/edge_cnn_linear_stream_hls/edge_cnn_linear_stream_prj/solution1/.autopilot/db/global.setting.tcl 
Execute         ap_part_info -name xc7z020-clg400-1 -data names -quiet 
Execute         ap_part_info -name xc7z020-clg400-1 -data info -quiet 
Execute         get_solution -flow_target 
Execute         get_config_rtl -kernel_profile 
Execute         get_config_rtl -kernel_profile 
Execute         get_config_rtl -stall_sig_gen 
Execute         get_config_rtl -profile 
Execute         source C:/Users/brand/Documents/engs192/zybo-edge-ai/hls/edge_cnn_linear_stream_hls/edge_cnn_linear_stream_prj/solution1/.autopilot/db/edge_cnn_linear.constraint.tcl 
Execute         sc_get_clocks edge_cnn_linear 
Execute         source C:/Users/brand/Documents/engs192/zybo-edge-ai/hls/edge_cnn_linear_stream_hls/edge_cnn_linear_stream_prj/solution1/.autopilot/db/global.setting.tcl 
Execute         get_config_export -ip_xdc_file 
Execute         get_config_export -ip_xdc_ooc_file 
Execute         get_config_debug -directory 
INFO-FLOW: DBG:PROC: ::AP::add_csynth_report_sections bind_adapter_nodes='' bind_report_dict='TOP edge_cnn_linear DATA {edge_cnn_linear {DEPTH 1 CHILDREN {zeropad2d_cl_array_ap_fixed_16_6_5_3_0_1u_array_ap_fixed_16_6_5_3_0_1u_config7_s conv_2d_cl_array_ap_fixed_16_6_5_3_0_1u_array_ap_fixed_37_17_5_3_0_4u_config2_s relu_array_ap_fixed_37_17_5_3_0_4u_array_ap_fixed_16_6_5_3_0_4u_relu_config3_s zeropad2d_cl_array_ap_fixed_16_6_5_3_0_4u_array_ap_fixed_16_6_5_3_0_4u_config8_s conv_2d_cl_array_ap_fixed_16_6_5_3_0_4u_array_ap_fixed_39_19_5_3_0_4u_config4_s relu_array_ap_fixed_39_19_5_3_0_4u_array_ap_fixed_16_6_5_3_0_4u_relu_config5_s zeropad2d_cl_array_ap_fixed_16_6_5_3_0_4u_array_ap_fixed_16_6_5_3_0_4u_config9_s conv_2d_cl_array_ap_fixed_16_6_5_3_0_4u_array_ap_fixed_39_19_5_3_0_1u_config6_s} BINDINFO {{BINDTYPE storage ID {} IMPL memory LATENCY 0 OPTYPE fifo PRAGMA {} RTLNAME layer7_out_U SOURCE {} VARIABLE layer7_out LOOP {} BUNDLEDNAME {} DSP 0 BRAM 32 URAM 0 DISPNAME {bind_storage fifo}} {BINDTYPE storage ID {} IMPL memory LATENCY 0 OPTYPE fifo PRAGMA {} RTLNAME layer2_out_U SOURCE {} VARIABLE layer2_out LOOP {} BUNDLEDNAME {} DSP 0 BRAM 296 URAM 0 DISPNAME {bind_storage fifo}} {BINDTYPE storage ID {} IMPL memory LATENCY 0 OPTYPE fifo PRAGMA {} RTLNAME layer3_out_U SOURCE {} VARIABLE layer3_out LOOP {} BUNDLEDNAME {} DSP 0 BRAM 128 URAM 0 DISPNAME {bind_storage fifo}} {BINDTYPE storage ID {} IMPL memory LATENCY 0 OPTYPE fifo PRAGMA {} RTLNAME layer8_out_U SOURCE {} VARIABLE layer8_out LOOP {} BUNDLEDNAME {} DSP 0 BRAM 128 URAM 0 DISPNAME {bind_storage fifo}} {BINDTYPE storage ID {} IMPL memory LATENCY 0 OPTYPE fifo PRAGMA {} RTLNAME layer4_out_U SOURCE {} VARIABLE layer4_out LOOP {} BUNDLEDNAME {} DSP 0 BRAM 312 URAM 0 DISPNAME {bind_storage fifo}} {BINDTYPE storage ID {} IMPL memory LATENCY 0 OPTYPE fifo PRAGMA {} RTLNAME layer5_out_U SOURCE {} VARIABLE layer5_out LOOP {} BUNDLEDNAME {} DSP 0 BRAM 128 URAM 0 DISPNAME {bind_storage fifo}} {BINDTYPE storage ID {} IMPL memory LATENCY 0 OPTYPE fifo PRAGMA {} RTLNAME layer9_out_U SOURCE {} VARIABLE layer9_out LOOP {} BUNDLEDNAME {} DSP 0 BRAM 128 URAM 0 DISPNAME {bind_storage fifo}}} AREA {DSP 3 BRAM 1155 URAM 0}} zeropad2d_cl_array_ap_fixed_16_6_5_3_0_1u_array_ap_fixed_16_6_5_3_0_1u_config7_s {DEPTH 2 CHILDREN {zeropad2d_cl_array_ap_fixed_16_6_5_3_0_1u_array_ap_fixed_16_6_5_3_0_1u_config7_Pipeline_PadTopWidth zeropad2d_cl_array_ap_fixed_16_6_5_3_0_1u_array_ap_fixed_16_6_5_3_0_1u_config7_Pipeline_PadBottomWidth zeropad2d_cl_array_ap_fixed_16_6_5_3_0_1u_array_ap_fixed_16_6_5_3_0_1u_config7_Pipeline_CopyMain} BINDINFO {{BINDTYPE op ID {} IMPL fabric LATENCY 0 OPTYPE add PRAGMA {} RTLNAME add_ln59_fu_90_p2 SOURCE firmware/nnet_utils/nnet_padding_stream.h:59 VARIABLE add_ln59 LOOP PadMain BUNDLEDNAME {} DSP 0 BRAM 0 URAM 0 DISPNAME {bind_op add}}} AREA {DSP 0 BRAM 0 URAM 0}} zeropad2d_cl_array_ap_fixed_16_6_5_3_0_1u_array_ap_fixed_16_6_5_3_0_1u_config7_Pipeline_PadTopWidth {DEPTH 3 CHILDREN {} BINDINFO {{BINDTYPE op ID {} IMPL fabric LATENCY 0 OPTYPE add PRAGMA {} RTLNAME j_12_fu_62_p2 SOURCE firmware/nnet_utils/nnet_padding_stream.h:53 VARIABLE j_12 LOOP PadTopWidth BUNDLEDNAME {} DSP 0 BRAM 0 URAM 0 DISPNAME {bind_op add}}} AREA {DSP 0 BRAM 0 URAM 0}} zeropad2d_cl_array_ap_fixed_16_6_5_3_0_1u_array_ap_fixed_16_6_5_3_0_1u_config7_Pipeline_PadBottomWidth {DEPTH 3 CHILDREN {} BINDINFO {{BINDTYPE op ID {} IMPL fabric LATENCY 0 OPTYPE add PRAGMA {} RTLNAME j_13_fu_62_p2 SOURCE firmware/nnet_utils/nnet_padding_stream.h:77 VARIABLE j_13 LOOP PadBottomWidth BUNDLEDNAME {} DSP 0 BRAM 0 URAM 0 DISPNAME {bind_op add}}} AREA {DSP 0 BRAM 0 URAM 0}} zeropad2d_cl_array_ap_fixed_16_6_5_3_0_1u_array_ap_fixed_16_6_5_3_0_1u_config7_Pipeline_CopyMain {DEPTH 3 CHILDREN {} BINDINFO {{BINDTYPE op ID {} IMPL fabric LATENCY 0 OPTYPE add PRAGMA {} RTLNAME j_15_fu_77_p2 SOURCE firmware/nnet_utils/nnet_padding_stream.h:65 VARIABLE j_15 LOOP CopyMain BUNDLEDNAME {} DSP 0 BRAM 0 URAM 0 DISPNAME {bind_op add}}} AREA {DSP 0 BRAM 0 URAM 0}} conv_2d_cl_array_ap_fixed_16_6_5_3_0_1u_array_ap_fixed_37_17_5_3_0_4u_config2_s {DEPTH 2 CHILDREN compute_output_buffer_2d_array_ap_fixed_16_6_5_3_0_1u_array_ap_fixed_37_17_5_3_0_4u_config2_s BINDINFO {{BINDTYPE op ID {} IMPL fabric LATENCY 0 OPTYPE add PRAGMA {} RTLNAME add_ln85_fu_134_p2 SOURCE firmware/nnet_utils/nnet_conv2d_stream.h:85 VARIABLE add_ln85 LOOP ReadInputHeight_ReadInputWidth BUNDLEDNAME {} DSP 0 BRAM 0 URAM 0 DISPNAME {bind_op add}}} AREA {DSP 1 BRAM 1 URAM 0}} compute_output_buffer_2d_array_ap_fixed_16_6_5_3_0_1u_array_ap_fixed_37_17_5_3_0_4u_config2_s {DEPTH 3 CHILDREN {shift_line_buffer_array_ap_fixed_16_6_5_3_0_1u_config2_s dense_resource_rf_gt_nin_rem0_ap_fixed_16_6_5_3_0_ap_fixed_37_17_5_3_0_config2_mult_s} BINDINFO {{BINDTYPE op ID {} IMPL fabric LATENCY 0 OPTYPE add PRAGMA {} RTLNAME add_ln303_fu_244_p2 SOURCE firmware/nnet_utils/nnet_conv_stream.h:303 VARIABLE add_ln303 LOOP {} BUNDLEDNAME {} DSP 0 BRAM 0 URAM 0 DISPNAME {bind_op add}} {BINDTYPE op ID {} IMPL fabric LATENCY 0 OPTYPE add PRAGMA {} RTLNAME add_ln318_fu_261_p2 SOURCE firmware/nnet_utils/nnet_conv_stream.h:318 VARIABLE add_ln318 LOOP {} BUNDLEDNAME {} DSP 0 BRAM 0 URAM 0 DISPNAME {bind_op add}} {BINDTYPE op ID {} IMPL fabric LATENCY 0 OPTYPE add PRAGMA {} RTLNAME add_ln307_fu_291_p2 SOURCE firmware/nnet_utils/nnet_conv_stream.h:307 VARIABLE add_ln307 LOOP {} BUNDLEDNAME {} DSP 0 BRAM 0 URAM 0 DISPNAME {bind_op add}} {BINDTYPE op ID {} IMPL fabric LATENCY 0 OPTYPE add PRAGMA {} RTLNAME add_ln313_fu_308_p2 SOURCE firmware/nnet_utils/nnet_conv_stream.h:313 VARIABLE add_ln313 LOOP {} BUNDLEDNAME {} DSP 0 BRAM 0 URAM 0 DISPNAME {bind_op add}}} AREA {DSP 1 BRAM 1 URAM 0}} shift_line_buffer_array_ap_fixed_16_6_5_3_0_1u_config2_s {DEPTH 4 CHILDREN {} BINDINFO {{BINDTYPE storage ID {} IMPL auto LATENCY 0 OPTYPE ram_1p PRAGMA {} RTLNAME void_conv_2d_buffer_cl_array_ap_fixed_16_6_5_3_0_1u_array_ap_fixed_37_17_5_3_0_4u_config2_stream_array_ap_fixed_16_6_5_3_0_1u_0_stream_array_ap_fixed_37_17_5_3_0_4u_0_weight_t_bias_t_line_buffer_0_U SOURCE {} VARIABLE void_conv_2d_buffer_cl_array_ap_fixed_16_6_5_3_0_1u_array_ap_fixed_37_17_5_3_0_4u_config2_stream_array_ap_fixed_16_6_5_3_0_1u_0_stream_array_ap_fixed_37_17_5_3_0_4u_0_weight_t_bias_t_line_buffer_0 LOOP {} BUNDLEDNAME {} DSP 0 BRAM 0 URAM 0 DISPNAME {bind_storage ram_1p}} {BINDTYPE storage ID {} IMPL auto LATENCY 0 OPTYPE ram_1p PRAGMA {} RTLNAME void_conv_2d_buffer_cl_array_ap_fixed_16_6_5_3_0_1u_array_ap_fixed_37_17_5_3_0_4u_config2_stream_array_ap_fixed_16_6_5_3_0_1u_0_stream_array_ap_fixed_37_17_5_3_0_4u_0_weight_t_bias_t_line_buffer_1_U SOURCE {} VARIABLE void_conv_2d_buffer_cl_array_ap_fixed_16_6_5_3_0_1u_array_ap_fixed_37_17_5_3_0_4u_config2_stream_array_ap_fixed_16_6_5_3_0_1u_0_stream_array_ap_fixed_37_17_5_3_0_4u_0_weight_t_bias_t_line_buffer_1 LOOP {} BUNDLEDNAME {} DSP 0 BRAM 0 URAM 0 DISPNAME {bind_storage ram_1p}}} AREA {DSP 0 BRAM 0 URAM 0}} dense_resource_rf_gt_nin_rem0_ap_fixed_16_6_5_3_0_ap_fixed_37_17_5_3_0_config2_mult_s {DEPTH 4 CHILDREN {} BINDINFO {{BINDTYPE op ID {} IMPL dsp LATENCY 3 OPTYPE mul PRAGMA {} RTLNAME mul_mul_16s_11s_26_4_1_U21 SOURCE {C:/Xilinx/Vitis_HLS/2021.2/common/technology/autopilot\ap_fixed_base.h:1168} VARIABLE mul_ln1168 LOOP ReuseLoop BUNDLEDNAME {} DSP 1 BRAM 0 URAM 0 DISPNAME {bind_op mul}} {BINDTYPE op ID {} IMPL fabric LATENCY 0 OPTYPE add PRAGMA {} RTLNAME add_ln712_fu_650_p2 SOURCE {C:/Xilinx/Vitis_HLS/2021.2/common/technology/autopilot\ap_fixed_base.h:712} VARIABLE add_ln712 LOOP ReuseLoop BUNDLEDNAME {} DSP 0 BRAM 0 URAM 0 DISPNAME {bind_op add}} {BINDTYPE op ID {} IMPL fabric LATENCY 0 OPTYPE add PRAGMA {} RTLNAME w_index_fu_564_p2 SOURCE firmware/nnet_utils/nnet_dense_resource.h:135 VARIABLE w_index LOOP ReuseLoop BUNDLEDNAME {} DSP 0 BRAM 0 URAM 0 DISPNAME {bind_op add}} {BINDTYPE op ID {} IMPL fabric LATENCY 0 OPTYPE add PRAGMA {} RTLNAME in_index_2_fu_608_p2 SOURCE firmware/nnet_utils/nnet_dense_resource.h:153 VARIABLE in_index_2 LOOP ReuseLoop BUNDLEDNAME {} DSP 0 BRAM 0 URAM 0 DISPNAME {bind_op add}} {BINDTYPE storage ID {} IMPL auto LATENCY 1 OPTYPE rom_1p PRAGMA {} RTLNAME outidx_1_U SOURCE {} VARIABLE outidx_1 LOOP {} BUNDLEDNAME {} DSP 0 BRAM 0 URAM 0 DISPNAME {bind_storage rom_1p}} {BINDTYPE storage ID {} IMPL bram LATENCY 1 OPTYPE rom_np PRAGMA pragma RTLNAME w2_V_U SOURCE :0 VARIABLE w2_V LOOP {} BUNDLEDNAME {} DSP 0 BRAM 1 URAM 0 DISPNAME {bind_storage rom_np}}} AREA {DSP 1 BRAM 1 URAM 0}} relu_array_ap_fixed_37_17_5_3_0_4u_array_ap_fixed_16_6_5_3_0_4u_relu_config3_s {DEPTH 2 CHILDREN {} BINDINFO {{BINDTYPE op ID {} IMPL fabric LATENCY 0 OPTYPE add PRAGMA {} RTLNAME i_7_fu_105_p2 SOURCE firmware/nnet_utils/nnet_activation_stream.h:41 VARIABLE i_7 LOOP ReLUActLoop BUNDLEDNAME {} DSP 0 BRAM 0 URAM 0 DISPNAME {bind_op add}}} AREA {DSP 0 BRAM 0 URAM 0}} zeropad2d_cl_array_ap_fixed_16_6_5_3_0_4u_array_ap_fixed_16_6_5_3_0_4u_config8_s {DEPTH 2 CHILDREN {zeropad2d_cl_array_ap_fixed_16_6_5_3_0_4u_array_ap_fixed_16_6_5_3_0_4u_config8_Pipeline_PadTopWidth zeropad2d_cl_array_ap_fixed_16_6_5_3_0_4u_array_ap_fixed_16_6_5_3_0_4u_config8_Pipeline_PadBottomWidth zeropad2d_cl_array_ap_fixed_16_6_5_3_0_4u_array_ap_fixed_16_6_5_3_0_4u_config8_Pipeline_CopyMain} BINDINFO {{BINDTYPE op ID {} IMPL fabric LATENCY 0 OPTYPE add PRAGMA {} RTLNAME add_ln59_fu_86_p2 SOURCE firmware/nnet_utils/nnet_padding_stream.h:59 VARIABLE add_ln59 LOOP PadMain BUNDLEDNAME {} DSP 0 BRAM 0 URAM 0 DISPNAME {bind_op add}}} AREA {DSP 0 BRAM 0 URAM 0}} zeropad2d_cl_array_ap_fixed_16_6_5_3_0_4u_array_ap_fixed_16_6_5_3_0_4u_config8_Pipeline_PadTopWidth {DEPTH 3 CHILDREN {} BINDINFO {{BINDTYPE op ID {} IMPL fabric LATENCY 0 OPTYPE add PRAGMA {} RTLNAME j_7_fu_62_p2 SOURCE firmware/nnet_utils/nnet_padding_stream.h:53 VARIABLE j_7 LOOP PadTopWidth BUNDLEDNAME {} DSP 0 BRAM 0 URAM 0 DISPNAME {bind_op add}}} AREA {DSP 0 BRAM 0 URAM 0}} zeropad2d_cl_array_ap_fixed_16_6_5_3_0_4u_array_ap_fixed_16_6_5_3_0_4u_config8_Pipeline_PadBottomWidth {DEPTH 3 CHILDREN {} BINDINFO {{BINDTYPE op ID {} IMPL fabric LATENCY 0 OPTYPE add PRAGMA {} RTLNAME j_8_fu_62_p2 SOURCE firmware/nnet_utils/nnet_padding_stream.h:77 VARIABLE j_8 LOOP PadBottomWidth BUNDLEDNAME {} DSP 0 BRAM 0 URAM 0 DISPNAME {bind_op add}}} AREA {DSP 0 BRAM 0 URAM 0}} zeropad2d_cl_array_ap_fixed_16_6_5_3_0_4u_array_ap_fixed_16_6_5_3_0_4u_config8_Pipeline_CopyMain {DEPTH 3 CHILDREN {} BINDINFO {{BINDTYPE op ID {} IMPL fabric LATENCY 0 OPTYPE add PRAGMA {} RTLNAME j_10_fu_73_p2 SOURCE firmware/nnet_utils/nnet_padding_stream.h:65 VARIABLE j_10 LOOP CopyMain BUNDLEDNAME {} DSP 0 BRAM 0 URAM 0 DISPNAME {bind_op add}}} AREA {DSP 0 BRAM 0 URAM 0}} conv_2d_cl_array_ap_fixed_16_6_5_3_0_4u_array_ap_fixed_39_19_5_3_0_4u_config4_s {DEPTH 2 CHILDREN compute_output_buffer_2d_array_ap_fixed_16_6_5_3_0_4u_array_ap_fixed_39_19_5_3_0_4u_config4_s BINDINFO {{BINDTYPE op ID {} IMPL fabric LATENCY 0 OPTYPE add PRAGMA {} RTLNAME add_ln85_fu_282_p2 SOURCE firmware/nnet_utils/nnet_conv2d_stream.h:85 VARIABLE add_ln85 LOOP ReadInputHeight_ReadInputWidth BUNDLEDNAME {} DSP 0 BRAM 0 URAM 0 DISPNAME {bind_op add}}} AREA {DSP 1 BRAM 1 URAM 0}} compute_output_buffer_2d_array_ap_fixed_16_6_5_3_0_4u_array_ap_fixed_39_19_5_3_0_4u_config4_s {DEPTH 3 CHILDREN {shift_line_buffer_array_ap_fixed_16_6_5_3_0_4u_config4_s dense_resource_rf_gt_nin_rem0_ap_fixed_16_6_5_3_0_ap_fixed_39_19_5_3_0_config4_mult_s} BINDINFO {{BINDTYPE op ID {} IMPL fabric LATENCY 0 OPTYPE add PRAGMA {} RTLNAME add_ln303_fu_460_p2 SOURCE firmware/nnet_utils/nnet_conv_stream.h:303 VARIABLE add_ln303 LOOP {} BUNDLEDNAME {} DSP 0 BRAM 0 URAM 0 DISPNAME {bind_op add}} {BINDTYPE op ID {} IMPL fabric LATENCY 0 OPTYPE add PRAGMA {} RTLNAME add_ln318_fu_477_p2 SOURCE firmware/nnet_utils/nnet_conv_stream.h:318 VARIABLE add_ln318 LOOP {} BUNDLEDNAME {} DSP 0 BRAM 0 URAM 0 DISPNAME {bind_op add}} {BINDTYPE op ID {} IMPL fabric LATENCY 0 OPTYPE add PRAGMA {} RTLNAME add_ln307_fu_507_p2 SOURCE firmware/nnet_utils/nnet_conv_stream.h:307 VARIABLE add_ln307 LOOP {} BUNDLEDNAME {} DSP 0 BRAM 0 URAM 0 DISPNAME {bind_op add}} {BINDTYPE op ID {} IMPL fabric LATENCY 0 OPTYPE add PRAGMA {} RTLNAME add_ln313_fu_524_p2 SOURCE firmware/nnet_utils/nnet_conv_stream.h:313 VARIABLE add_ln313 LOOP {} BUNDLEDNAME {} DSP 0 BRAM 0 URAM 0 DISPNAME {bind_op add}}} AREA {DSP 1 BRAM 1 URAM 0}} shift_line_buffer_array_ap_fixed_16_6_5_3_0_4u_config4_s {DEPTH 4 CHILDREN {} BINDINFO {{BINDTYPE storage ID {} IMPL auto LATENCY 0 OPTYPE ram_1p PRAGMA {} RTLNAME void_conv_2d_buffer_cl_array_ap_fixed_16_6_5_3_0_4u_array_ap_fixed_39_19_5_3_0_4u_config4_stream_array_ap_fixed_16_6_5_3_0_4u_0_stream_array_ap_fixed_39_19_5_3_0_4u_0_weight_t_bias_t_line_buffer_0_U SOURCE {} VARIABLE void_conv_2d_buffer_cl_array_ap_fixed_16_6_5_3_0_4u_array_ap_fixed_39_19_5_3_0_4u_config4_stream_array_ap_fixed_16_6_5_3_0_4u_0_stream_array_ap_fixed_39_19_5_3_0_4u_0_weight_t_bias_t_line_buffer_0 LOOP {} BUNDLEDNAME {} DSP 0 BRAM 0 URAM 0 DISPNAME {bind_storage ram_1p}} {BINDTYPE storage ID {} IMPL auto LATENCY 0 OPTYPE ram_1p PRAGMA {} RTLNAME void_conv_2d_buffer_cl_array_ap_fixed_16_6_5_3_0_4u_array_ap_fixed_39_19_5_3_0_4u_config4_stream_array_ap_fixed_16_6_5_3_0_4u_0_stream_array_ap_fixed_39_19_5_3_0_4u_0_weight_t_bias_t_line_buffer_U SOURCE {} VARIABLE void_conv_2d_buffer_cl_array_ap_fixed_16_6_5_3_0_4u_array_ap_fixed_39_19_5_3_0_4u_config4_stream_array_ap_fixed_16_6_5_3_0_4u_0_stream_array_ap_fixed_39_19_5_3_0_4u_0_weight_t_bias_t_line_buffer LOOP {} BUNDLEDNAME {} DSP 0 BRAM 0 URAM 0 DISPNAME {bind_storage ram_1p}} {BINDTYPE storage ID {} IMPL auto LATENCY 0 OPTYPE ram_1p PRAGMA {} RTLNAME void_conv_2d_buffer_cl_array_ap_fixed_16_6_5_3_0_4u_array_ap_fixed_39_19_5_3_0_4u_config4_stream_array_ap_fixed_16_6_5_3_0_4u_0_stream_array_ap_fixed_39_19_5_3_0_4u_0_weight_t_bias_t_line_buffer_1_0_U SOURCE {} VARIABLE void_conv_2d_buffer_cl_array_ap_fixed_16_6_5_3_0_4u_array_ap_fixed_39_19_5_3_0_4u_config4_stream_array_ap_fixed_16_6_5_3_0_4u_0_stream_array_ap_fixed_39_19_5_3_0_4u_0_weight_t_bias_t_line_buffer_1_0 LOOP {} BUNDLEDNAME {} DSP 0 BRAM 0 URAM 0 DISPNAME {bind_storage ram_1p}} {BINDTYPE storage ID {} IMPL auto LATENCY 0 OPTYPE ram_1p PRAGMA {} RTLNAME void_conv_2d_buffer_cl_array_ap_fixed_16_6_5_3_0_4u_array_ap_fixed_39_19_5_3_0_4u_config4_stream_array_ap_fixed_16_6_5_3_0_4u_0_stream_array_ap_fixed_39_19_5_3_0_4u_0_weight_t_bias_t_line_buffer_1_1_U SOURCE {} VARIABLE void_conv_2d_buffer_cl_array_ap_fixed_16_6_5_3_0_4u_array_ap_fixed_39_19_5_3_0_4u_config4_stream_array_ap_fixed_16_6_5_3_0_4u_0_stream_array_ap_fixed_39_19_5_3_0_4u_0_weight_t_bias_t_line_buffer_1_1 LOOP {} BUNDLEDNAME {} DSP 0 BRAM 0 URAM 0 DISPNAME {bind_storage ram_1p}} {BINDTYPE storage ID {} IMPL auto LATENCY 0 OPTYPE ram_1p PRAGMA {} RTLNAME void_conv_2d_buffer_cl_array_ap_fixed_16_6_5_3_0_4u_array_ap_fixed_39_19_5_3_0_4u_config4_stream_array_ap_fixed_16_6_5_3_0_4u_0_stream_array_ap_fixed_39_19_5_3_0_4u_0_weight_t_bias_t_line_buffer_2_0_U SOURCE {} VARIABLE void_conv_2d_buffer_cl_array_ap_fixed_16_6_5_3_0_4u_array_ap_fixed_39_19_5_3_0_4u_config4_stream_array_ap_fixed_16_6_5_3_0_4u_0_stream_array_ap_fixed_39_19_5_3_0_4u_0_weight_t_bias_t_line_buffer_2_0 LOOP {} BUNDLEDNAME {} DSP 0 BRAM 0 URAM 0 DISPNAME {bind_storage ram_1p}} {BINDTYPE storage ID {} IMPL auto LATENCY 0 OPTYPE ram_1p PRAGMA {} RTLNAME void_conv_2d_buffer_cl_array_ap_fixed_16_6_5_3_0_4u_array_ap_fixed_39_19_5_3_0_4u_config4_stream_array_ap_fixed_16_6_5_3_0_4u_0_stream_array_ap_fixed_39_19_5_3_0_4u_0_weight_t_bias_t_line_buffer_2_1_U SOURCE {} VARIABLE void_conv_2d_buffer_cl_array_ap_fixed_16_6_5_3_0_4u_array_ap_fixed_39_19_5_3_0_4u_config4_stream_array_ap_fixed_16_6_5_3_0_4u_0_stream_array_ap_fixed_39_19_5_3_0_4u_0_weight_t_bias_t_line_buffer_2_1 LOOP {} BUNDLEDNAME {} DSP 0 BRAM 0 URAM 0 DISPNAME {bind_storage ram_1p}} {BINDTYPE storage ID {} IMPL auto LATENCY 0 OPTYPE ram_1p PRAGMA {} RTLNAME void_conv_2d_buffer_cl_array_ap_fixed_16_6_5_3_0_4u_array_ap_fixed_39_19_5_3_0_4u_config4_stream_array_ap_fixed_16_6_5_3_0_4u_0_stream_array_ap_fixed_39_19_5_3_0_4u_0_weight_t_bias_t_line_buffer_3_0_U SOURCE {} VARIABLE void_conv_2d_buffer_cl_array_ap_fixed_16_6_5_3_0_4u_array_ap_fixed_39_19_5_3_0_4u_config4_stream_array_ap_fixed_16_6_5_3_0_4u_0_stream_array_ap_fixed_39_19_5_3_0_4u_0_weight_t_bias_t_line_buffer_3_0 LOOP {} BUNDLEDNAME {} DSP 0 BRAM 0 URAM 0 DISPNAME {bind_storage ram_1p}} {BINDTYPE storage ID {} IMPL auto LATENCY 0 OPTYPE ram_1p PRAGMA {} RTLNAME void_conv_2d_buffer_cl_array_ap_fixed_16_6_5_3_0_4u_array_ap_fixed_39_19_5_3_0_4u_config4_stream_array_ap_fixed_16_6_5_3_0_4u_0_stream_array_ap_fixed_39_19_5_3_0_4u_0_weight_t_bias_t_line_buffer_3_1_U SOURCE {} VARIABLE void_conv_2d_buffer_cl_array_ap_fixed_16_6_5_3_0_4u_array_ap_fixed_39_19_5_3_0_4u_config4_stream_array_ap_fixed_16_6_5_3_0_4u_0_stream_array_ap_fixed_39_19_5_3_0_4u_0_weight_t_bias_t_line_buffer_3_1 LOOP {} BUNDLEDNAME {} DSP 0 BRAM 0 URAM 0 DISPNAME {bind_storage ram_1p}}} AREA {DSP 0 BRAM 0 URAM 0}} dense_resource_rf_gt_nin_rem0_ap_fixed_16_6_5_3_0_ap_fixed_39_19_5_3_0_config4_mult_s {DEPTH 4 CHILDREN {} BINDINFO {{BINDTYPE op ID {} IMPL dsp LATENCY 3 OPTYPE mul PRAGMA {} RTLNAME mul_mul_16s_12s_26_4_1_U90 SOURCE {C:/Xilinx/Vitis_HLS/2021.2/common/technology/autopilot\ap_fixed_base.h:1168} VARIABLE mul_ln1168 LOOP ReuseLoop BUNDLEDNAME {} DSP 1 BRAM 0 URAM 0 DISPNAME {bind_op mul}} {BINDTYPE op ID {} IMPL fabric LATENCY 0 OPTYPE add PRAGMA {} RTLNAME add_ln712_fu_1568_p2 SOURCE {C:/Xilinx/Vitis_HLS/2021.2/common/technology/autopilot\ap_fixed_base.h:712} VARIABLE add_ln712 LOOP ReuseLoop BUNDLEDNAME {} DSP 0 BRAM 0 URAM 0 DISPNAME {bind_op add}} {BINDTYPE op ID {} IMPL fabric LATENCY 0 OPTYPE add PRAGMA {} RTLNAME w_index_fu_1428_p2 SOURCE firmware/nnet_utils/nnet_dense_resource.h:135 VARIABLE w_index LOOP ReuseLoop BUNDLEDNAME {} DSP 0 BRAM 0 URAM 0 DISPNAME {bind_op add}} {BINDTYPE op ID {} IMPL fabric LATENCY 0 OPTYPE add PRAGMA {} RTLNAME in_index_1_fu_1526_p2 SOURCE firmware/nnet_utils/nnet_dense_resource.h:153 VARIABLE in_index_1 LOOP ReuseLoop BUNDLEDNAME {} DSP 0 BRAM 0 URAM 0 DISPNAME {bind_op add}} {BINDTYPE storage ID {} IMPL auto LATENCY 1 OPTYPE rom_1p PRAGMA {} RTLNAME outidx_U SOURCE {} VARIABLE outidx LOOP {} BUNDLEDNAME {} DSP 0 BRAM 0 URAM 0 DISPNAME {bind_storage rom_1p}} {BINDTYPE storage ID {} IMPL bram LATENCY 1 OPTYPE rom_np PRAGMA pragma RTLNAME w4_V_U SOURCE :0 VARIABLE w4_V LOOP {} BUNDLEDNAME {} DSP 0 BRAM 1 URAM 0 DISPNAME {bind_storage rom_np}}} AREA {DSP 1 BRAM 1 URAM 0}} relu_array_ap_fixed_39_19_5_3_0_4u_array_ap_fixed_16_6_5_3_0_4u_relu_config5_s {DEPTH 2 CHILDREN {} BINDINFO {{BINDTYPE op ID {} IMPL fabric LATENCY 0 OPTYPE add PRAGMA {} RTLNAME i_5_fu_105_p2 SOURCE firmware/nnet_utils/nnet_activation_stream.h:41 VARIABLE i_5 LOOP ReLUActLoop BUNDLEDNAME {} DSP 0 BRAM 0 URAM 0 DISPNAME {bind_op add}}} AREA {DSP 0 BRAM 0 URAM 0}} zeropad2d_cl_array_ap_fixed_16_6_5_3_0_4u_array_ap_fixed_16_6_5_3_0_4u_config9_s {DEPTH 2 CHILDREN {zeropad2d_cl_array_ap_fixed_16_6_5_3_0_4u_array_ap_fixed_16_6_5_3_0_4u_config9_Pipeline_PadTopWidth zeropad2d_cl_array_ap_fixed_16_6_5_3_0_4u_array_ap_fixed_16_6_5_3_0_4u_config9_Pipeline_PadBottomWidth zeropad2d_cl_array_ap_fixed_16_6_5_3_0_4u_array_ap_fixed_16_6_5_3_0_4u_config9_Pipeline_CopyMain} BINDINFO {{BINDTYPE op ID {} IMPL fabric LATENCY 0 OPTYPE add PRAGMA {} RTLNAME add_ln59_fu_86_p2 SOURCE firmware/nnet_utils/nnet_padding_stream.h:59 VARIABLE add_ln59 LOOP PadMain BUNDLEDNAME {} DSP 0 BRAM 0 URAM 0 DISPNAME {bind_op add}}} AREA {DSP 0 BRAM 0 URAM 0}} zeropad2d_cl_array_ap_fixed_16_6_5_3_0_4u_array_ap_fixed_16_6_5_3_0_4u_config9_Pipeline_PadTopWidth {DEPTH 3 CHILDREN {} BINDINFO {{BINDTYPE op ID {} IMPL fabric LATENCY 0 OPTYPE add PRAGMA {} RTLNAME j_2_fu_62_p2 SOURCE firmware/nnet_utils/nnet_padding_stream.h:53 VARIABLE j_2 LOOP PadTopWidth BUNDLEDNAME {} DSP 0 BRAM 0 URAM 0 DISPNAME {bind_op add}}} AREA {DSP 0 BRAM 0 URAM 0}} zeropad2d_cl_array_ap_fixed_16_6_5_3_0_4u_array_ap_fixed_16_6_5_3_0_4u_config9_Pipeline_PadBottomWidth {DEPTH 3 CHILDREN {} BINDINFO {{BINDTYPE op ID {} IMPL fabric LATENCY 0 OPTYPE add PRAGMA {} RTLNAME j_3_fu_62_p2 SOURCE firmware/nnet_utils/nnet_padding_stream.h:77 VARIABLE j_3 LOOP PadBottomWidth BUNDLEDNAME {} DSP 0 BRAM 0 URAM 0 DISPNAME {bind_op add}}} AREA {DSP 0 BRAM 0 URAM 0}} zeropad2d_cl_array_ap_fixed_16_6_5_3_0_4u_array_ap_fixed_16_6_5_3_0_4u_config9_Pipeline_CopyMain {DEPTH 3 CHILDREN {} BINDINFO {{BINDTYPE op ID {} IMPL fabric LATENCY 0 OPTYPE add PRAGMA {} RTLNAME j_5_fu_73_p2 SOURCE firmware/nnet_utils/nnet_padding_stream.h:65 VARIABLE j_5 LOOP CopyMain BUNDLEDNAME {} DSP 0 BRAM 0 URAM 0 DISPNAME {bind_op add}}} AREA {DSP 0 BRAM 0 URAM 0}} conv_2d_cl_array_ap_fixed_16_6_5_3_0_4u_array_ap_fixed_39_19_5_3_0_1u_config6_s {DEPTH 2 CHILDREN compute_output_buffer_2d_array_ap_fixed_16_6_5_3_0_4u_array_ap_fixed_39_19_5_3_0_1u_config6_s BINDINFO {{BINDTYPE op ID {} IMPL fabric LATENCY 0 OPTYPE add PRAGMA {} RTLNAME add_ln85_fu_282_p2 SOURCE firmware/nnet_utils/nnet_conv2d_stream.h:85 VARIABLE add_ln85 LOOP ReadInputHeight_ReadInputWidth BUNDLEDNAME {} DSP 0 BRAM 0 URAM 0 DISPNAME {bind_op add}}} AREA {DSP 1 BRAM 1 URAM 0}} compute_output_buffer_2d_array_ap_fixed_16_6_5_3_0_4u_array_ap_fixed_39_19_5_3_0_1u_config6_s {DEPTH 3 CHILDREN {shift_line_buffer_array_ap_fixed_16_6_5_3_0_4u_config6_s dense_resource_rf_leq_nin_ap_fixed_16_6_5_3_0_ap_fixed_39_19_5_3_0_config6_mult_s} BINDINFO {{BINDTYPE op ID {} IMPL fabric LATENCY 0 OPTYPE add PRAGMA {} RTLNAME add_ln303_fu_441_p2 SOURCE firmware/nnet_utils/nnet_conv_stream.h:303 VARIABLE add_ln303 LOOP {} BUNDLEDNAME {} DSP 0 BRAM 0 URAM 0 DISPNAME {bind_op add}} {BINDTYPE op ID {} IMPL fabric LATENCY 0 OPTYPE add PRAGMA {} RTLNAME add_ln318_fu_458_p2 SOURCE firmware/nnet_utils/nnet_conv_stream.h:318 VARIABLE add_ln318 LOOP {} BUNDLEDNAME {} DSP 0 BRAM 0 URAM 0 DISPNAME {bind_op add}} {BINDTYPE op ID {} IMPL fabric LATENCY 0 OPTYPE add PRAGMA {} RTLNAME add_ln307_fu_488_p2 SOURCE firmware/nnet_utils/nnet_conv_stream.h:307 VARIABLE add_ln307 LOOP {} BUNDLEDNAME {} DSP 0 BRAM 0 URAM 0 DISPNAME {bind_op add}} {BINDTYPE op ID {} IMPL fabric LATENCY 0 OPTYPE add PRAGMA {} RTLNAME add_ln313_fu_505_p2 SOURCE firmware/nnet_utils/nnet_conv_stream.h:313 VARIABLE add_ln313 LOOP {} BUNDLEDNAME {} DSP 0 BRAM 0 URAM 0 DISPNAME {bind_op add}}} AREA {DSP 1 BRAM 1 URAM 0}} shift_line_buffer_array_ap_fixed_16_6_5_3_0_4u_config6_s {DEPTH 4 CHILDREN {} BINDINFO {{BINDTYPE storage ID {} IMPL auto LATENCY 0 OPTYPE ram_1p PRAGMA {} RTLNAME void_conv_2d_buffer_cl_array_ap_fixed_16_6_5_3_0_4u_array_ap_fixed_39_19_5_3_0_1u_config6_stream_array_ap_fixed_16_6_5_3_0_4u_0_stream_array_ap_fixed_39_19_5_3_0_1u_0_weight_t_bias_t_line_buffer_0_U SOURCE {} VARIABLE void_conv_2d_buffer_cl_array_ap_fixed_16_6_5_3_0_4u_array_ap_fixed_39_19_5_3_0_1u_config6_stream_array_ap_fixed_16_6_5_3_0_4u_0_stream_array_ap_fixed_39_19_5_3_0_1u_0_weight_t_bias_t_line_buffer_0 LOOP {} BUNDLEDNAME {} DSP 0 BRAM 0 URAM 0 DISPNAME {bind_storage ram_1p}} {BINDTYPE storage ID {} IMPL auto LATENCY 0 OPTYPE ram_1p PRAGMA {} RTLNAME void_conv_2d_buffer_cl_array_ap_fixed_16_6_5_3_0_4u_array_ap_fixed_39_19_5_3_0_1u_config6_stream_array_ap_fixed_16_6_5_3_0_4u_0_stream_array_ap_fixed_39_19_5_3_0_1u_0_weight_t_bias_t_line_buffer_U SOURCE {} VARIABLE void_conv_2d_buffer_cl_array_ap_fixed_16_6_5_3_0_4u_array_ap_fixed_39_19_5_3_0_1u_config6_stream_array_ap_fixed_16_6_5_3_0_4u_0_stream_array_ap_fixed_39_19_5_3_0_1u_0_weight_t_bias_t_line_buffer LOOP {} BUNDLEDNAME {} DSP 0 BRAM 0 URAM 0 DISPNAME {bind_storage ram_1p}} {BINDTYPE storage ID {} IMPL auto LATENCY 0 OPTYPE ram_1p PRAGMA {} RTLNAME void_conv_2d_buffer_cl_array_ap_fixed_16_6_5_3_0_4u_array_ap_fixed_39_19_5_3_0_1u_config6_stream_array_ap_fixed_16_6_5_3_0_4u_0_stream_array_ap_fixed_39_19_5_3_0_1u_0_weight_t_bias_t_line_buffer_1_0_U SOURCE {} VARIABLE void_conv_2d_buffer_cl_array_ap_fixed_16_6_5_3_0_4u_array_ap_fixed_39_19_5_3_0_1u_config6_stream_array_ap_fixed_16_6_5_3_0_4u_0_stream_array_ap_fixed_39_19_5_3_0_1u_0_weight_t_bias_t_line_buffer_1_0 LOOP {} BUNDLEDNAME {} DSP 0 BRAM 0 URAM 0 DISPNAME {bind_storage ram_1p}} {BINDTYPE storage ID {} IMPL auto LATENCY 0 OPTYPE ram_1p PRAGMA {} RTLNAME void_conv_2d_buffer_cl_array_ap_fixed_16_6_5_3_0_4u_array_ap_fixed_39_19_5_3_0_1u_config6_stream_array_ap_fixed_16_6_5_3_0_4u_0_stream_array_ap_fixed_39_19_5_3_0_1u_0_weight_t_bias_t_line_buffer_1_1_U SOURCE {} VARIABLE void_conv_2d_buffer_cl_array_ap_fixed_16_6_5_3_0_4u_array_ap_fixed_39_19_5_3_0_1u_config6_stream_array_ap_fixed_16_6_5_3_0_4u_0_stream_array_ap_fixed_39_19_5_3_0_1u_0_weight_t_bias_t_line_buffer_1_1 LOOP {} BUNDLEDNAME {} DSP 0 BRAM 0 URAM 0 DISPNAME {bind_storage ram_1p}} {BINDTYPE storage ID {} IMPL auto LATENCY 0 OPTYPE ram_1p PRAGMA {} RTLNAME void_conv_2d_buffer_cl_array_ap_fixed_16_6_5_3_0_4u_array_ap_fixed_39_19_5_3_0_1u_config6_stream_array_ap_fixed_16_6_5_3_0_4u_0_stream_array_ap_fixed_39_19_5_3_0_1u_0_weight_t_bias_t_line_buffer_2_0_U SOURCE {} VARIABLE void_conv_2d_buffer_cl_array_ap_fixed_16_6_5_3_0_4u_array_ap_fixed_39_19_5_3_0_1u_config6_stream_array_ap_fixed_16_6_5_3_0_4u_0_stream_array_ap_fixed_39_19_5_3_0_1u_0_weight_t_bias_t_line_buffer_2_0 LOOP {} BUNDLEDNAME {} DSP 0 BRAM 0 URAM 0 DISPNAME {bind_storage ram_1p}} {BINDTYPE storage ID {} IMPL auto LATENCY 0 OPTYPE ram_1p PRAGMA {} RTLNAME void_conv_2d_buffer_cl_array_ap_fixed_16_6_5_3_0_4u_array_ap_fixed_39_19_5_3_0_1u_config6_stream_array_ap_fixed_16_6_5_3_0_4u_0_stream_array_ap_fixed_39_19_5_3_0_1u_0_weight_t_bias_t_line_buffer_2_1_U SOURCE {} VARIABLE void_conv_2d_buffer_cl_array_ap_fixed_16_6_5_3_0_4u_array_ap_fixed_39_19_5_3_0_1u_config6_stream_array_ap_fixed_16_6_5_3_0_4u_0_stream_array_ap_fixed_39_19_5_3_0_1u_0_weight_t_bias_t_line_buffer_2_1 LOOP {} BUNDLEDNAME {} DSP 0 BRAM 0 URAM 0 DISPNAME {bind_storage ram_1p}} {BINDTYPE storage ID {} IMPL auto LATENCY 0 OPTYPE ram_1p PRAGMA {} RTLNAME void_conv_2d_buffer_cl_array_ap_fixed_16_6_5_3_0_4u_array_ap_fixed_39_19_5_3_0_1u_config6_stream_array_ap_fixed_16_6_5_3_0_4u_0_stream_array_ap_fixed_39_19_5_3_0_1u_0_weight_t_bias_t_line_buffer_3_0_U SOURCE {} VARIABLE void_conv_2d_buffer_cl_array_ap_fixed_16_6_5_3_0_4u_array_ap_fixed_39_19_5_3_0_1u_config6_stream_array_ap_fixed_16_6_5_3_0_4u_0_stream_array_ap_fixed_39_19_5_3_0_1u_0_weight_t_bias_t_line_buffer_3_0 LOOP {} BUNDLEDNAME {} DSP 0 BRAM 0 URAM 0 DISPNAME {bind_storage ram_1p}} {BINDTYPE storage ID {} IMPL auto LATENCY 0 OPTYPE ram_1p PRAGMA {} RTLNAME void_conv_2d_buffer_cl_array_ap_fixed_16_6_5_3_0_4u_array_ap_fixed_39_19_5_3_0_1u_config6_stream_array_ap_fixed_16_6_5_3_0_4u_0_stream_array_ap_fixed_39_19_5_3_0_1u_0_weight_t_bias_t_line_buffer_3_1_U SOURCE {} VARIABLE void_conv_2d_buffer_cl_array_ap_fixed_16_6_5_3_0_4u_array_ap_fixed_39_19_5_3_0_1u_config6_stream_array_ap_fixed_16_6_5_3_0_4u_0_stream_array_ap_fixed_39_19_5_3_0_1u_0_weight_t_bias_t_line_buffer_3_1 LOOP {} BUNDLEDNAME {} DSP 0 BRAM 0 URAM 0 DISPNAME {bind_storage ram_1p}}} AREA {DSP 0 BRAM 0 URAM 0}} dense_resource_rf_leq_nin_ap_fixed_16_6_5_3_0_ap_fixed_39_19_5_3_0_config6_mult_s {DEPTH 4 CHILDREN {} BINDINFO {{BINDTYPE op ID {} IMPL dsp LATENCY 3 OPTYPE mul PRAGMA {} RTLNAME mul_mul_16s_11s_26_4_1_U187 SOURCE {C:/Xilinx/Vitis_HLS/2021.2/common/technology/autopilot\ap_fixed_base.h:1168} VARIABLE mul_ln1168 LOOP ReuseLoop BUNDLEDNAME {} DSP 1 BRAM 0 URAM 0 DISPNAME {bind_op mul}} {BINDTYPE op ID {} IMPL fabric LATENCY 0 OPTYPE add PRAGMA {} RTLNAME x_V_fu_1374_p2 SOURCE {C:/Xilinx/Vitis_HLS/2021.2/common/technology/autopilot\ap_fixed_base.h:712} VARIABLE x_V LOOP ReuseLoop BUNDLEDNAME {} DSP 0 BRAM 0 URAM 0 DISPNAME {bind_op add}} {BINDTYPE op ID {} IMPL fabric LATENCY 0 OPTYPE add PRAGMA {} RTLNAME w_index_fu_1267_p2 SOURCE firmware/nnet_utils/nnet_dense_resource.h:46 VARIABLE w_index LOOP ReuseLoop BUNDLEDNAME {} DSP 0 BRAM 0 URAM 0 DISPNAME {bind_op add}} {BINDTYPE storage ID {} IMPL bram LATENCY 1 OPTYPE rom_np PRAGMA pragma RTLNAME w6_V_U SOURCE :0 VARIABLE w6_V LOOP {} BUNDLEDNAME {} DSP 0 BRAM 1 URAM 0 DISPNAME {bind_storage rom_np}}} AREA {DSP 1 BRAM 1 URAM 0}}}'
INFO-FLOW: DBG:PUTS:       update_csynth_reports json2reportxml
INFO-FLOW: Running: gen_csynth_pragma_report_xml
INFO-FLOW: Done: gen_csynth_pragma_report_xml time: 0.2 seconds per iteration
INFO-FLOW: DBG:PUTS:       update_csynth_reports wrote xml
INFO-FLOW: DBG:PUTS:       update_csynth_reports appended to csynth rpt file
INFO: [HLS 200-111] Finished Updating report files: CPU user time: 1 seconds. CPU system time: 0 seconds. Elapsed time: 3.309 seconds; current allocated memory: 1.162 GB.
INFO: [VHDL 208-304] Generating VHDL RTL for edge_cnn_linear.
INFO: [VLOG 209-307] Generating Verilog RTL for edge_cnn_linear.
Execute         syn_report -model edge_cnn_linear -printsummary 
INFO: [HLS 200-790] **** Loop Constraint Status: All loop constraints were NOT satisfied.
INFO: [HLS 200-789] **** Estimated Fmax: 131.73 MHz
Command       autosyn done; 35.954 sec.
Command     csynth_design done; 67.313 sec.
INFO: [HLS 200-111] Finished Command csynth_design CPU user time: 26 seconds. CPU system time: 5 seconds. Elapsed time: 67.313 seconds; current allocated memory: 0.492 MB.
Execute     export_design -format ip_catalog 
INFO: [HLS 200-1510] Running: export_design -format ip_catalog 
Execute       get_config_export -clock_margin 
Execute       get_config_export -custom_script 
Execute       get_config_export -description 
Execute       get_config_export -display_name 
Execute       get_config_export -driver_input_dir 
Execute       get_config_export -ipname 
Execute       get_config_export -library 
Execute       get_config_export -output 
Execute       get_config_export -qor_test 
Execute       get_config_export -rtl 
Execute       get_config_export -sim 
Execute       get_config_export -taxonomy 
Execute       get_config_export -use_ip 
Execute       get_config_export -use_netlist 
Execute       get_config_export -vendor 
Execute       get_config_export -version 
Execute       get_config_export -xo 
Execute       config_export -format=ip_catalog 
INFO-FLOW: DBG:PUTS: export_design_wrap: -format ip_catalog -rtl verilog
Execute       source C:/Users/brand/Documents/engs192/zybo-edge-ai/hls/edge_cnn_linear_stream_hls/edge_cnn_linear_stream_prj/solution1/.autopilot/db/global.setting.tcl 
Execute       get_config_export -vivado_clock 
Execute       get_top 
Execute       get_config_export -ipname 
Execute       get_config_export -xo 
Execute       get_config_export -format 
Execute       get_config_rtl -module_auto_prefix 
Execute       get_solution -flow_target 
Execute       get_config_export -xo 
Execute       get_config_export -format 
INFO-FLOW: DBG:PUTS:   auto_impl: pack: -export -rtl verilog
INFO-FLOW: DBG:PROC: ::AESL_AUTOIMPL::auto_impl args='-export -rtl verilog'
Execute       source C:/Users/brand/Documents/engs192/zybo-edge-ai/hls/edge_cnn_linear_stream_hls/edge_cnn_linear_stream_prj/solution1/.autopilot/db/global.setting.tcl 
INFO: [IMPL 213-8] Exporting RTL as a Vivado IP.
Execute       source C:/Users/brand/Documents/engs192/zybo-edge-ai/hls/edge_cnn_linear_stream_hls/edge_cnn_linear_stream_prj/solution1/.autopilot/db/global.setting.tcl 
INFO-FLOW: DBG:PUTS: automg_wrap -export -pcore_version 1.00.a -rtl vlog -tool Vivado -impltomg_flag
INFO-FLOW: DBG:PROC: ::AESL_AUTOMG::auto_generate args='-export -pcore_version 1.00.a -rtl vlog -tool Vivado -impltomg_flag'
INFO-FLOW: DBG:PUTS:     auto_generate -export -pcore_version 1.00.a -rtl vlog -tool Vivado -impltomg_flag
Execute       get_config_export -xo 
Execute       get_config_export -format 
Execute       get_config_export -ip_xdc_file 
Execute       get_config_export -ip_xdc_ooc_file 
Execute       source C:/Users/brand/Documents/engs192/zybo-edge-ai/hls/edge_cnn_linear_stream_hls/edge_cnn_linear_stream_prj/solution1/.autopilot/db/global.setting.tcl 
INFO-FLOW: DBG:PUTS: read_platform_lib C:/Users/brand/Documents/engs192/zybo-edge-ai/hls/edge_cnn_linear_stream_hls/edge_cnn_linear_stream_prj/solution1/.autopilot/db/global.setting.tcl
Execute       source C:/Xilinx/Vitis_HLS/2021.2/common/technology/generic/autopilot/common.gen 
Execute         source C:/Xilinx/Vitis_HLS/2021.2/common/technology/generic/autopilot/APCoreGen.gen 
Execute       source C:/Xilinx/Vitis_HLS/2021.2/common/technology/generic/autopilot/op.gen 
Execute       source C:/Xilinx/Vitis_HLS/2021.2/common/technology/generic/autopilot/op_simcore.gen 
Execute       source C:/Xilinx/Vitis_HLS/2021.2/common/technology/generic/autopilot/interface.gen 
Execute       source C:/Users/brand/Documents/engs192/zybo-edge-ai/hls/edge_cnn_linear_stream_hls/edge_cnn_linear_stream_prj/solution1/.autopilot/db/global.setting.tcl 
Execute       source C:/Xilinx/Vitis_HLS/2021.2/common/technology/xilinx/common/xilinx.gen 
Execute         source C:/Xilinx/Vitis_HLS/2021.2/common/technology/xilinx/interface/plb46.gen 
Execute         source C:/Xilinx/Vitis_HLS/2021.2/common/technology/xilinx/interface/axi4.gen 
Execute         source C:/Xilinx/Vitis_HLS/2021.2/common/technology/xilinx/interface/nativeAXI4.gen 
Execute           source C:/Xilinx/Vitis_HLS/2021.2/common/technology/xilinx/interface/saxilite.gen 
Execute           source C:/Xilinx/Vitis_HLS/2021.2/common/technology/xilinx/interface/maxi.gen 
Execute         source C:/Xilinx/Vitis_HLS/2021.2/common/technology/xilinx/scripts/xilinxcoregen.gen 
Execute         source C:/Xilinx/Vitis_HLS/2021.2/common/technology/xilinx/interface/XilEDKCoreGen.gen 
Execute         source C:/Xilinx/Vitis_HLS/2021.2/common/technology/xilinx/ip/dds_compiler.gen 
Execute         source C:/Xilinx/Vitis_HLS/2021.2/common/technology/xilinx/ip/util.gen 
Execute         source C:/Xilinx/Vitis_HLS/2021.2/common/technology/xilinx/ip/xfft.gen 
Execute         source C:/Xilinx/Vitis_HLS/2021.2/common/technology/xilinx/ip/xfir.gen 
Execute         source C:/Xilinx/Vitis_HLS/2021.2/common/technology/xilinx/DSP48/dsp48.gen 
INFO-FLOW: DBG:PUTS:       initCTypeInfo top_module=edge_cnn_linear xml_exists=0
Execute       source C:/Users/brand/Documents/engs192/zybo-edge-ai/hls/edge_cnn_linear_stream_hls/edge_cnn_linear_stream_prj/solution1/.autopilot/db/edge_cnn_linear.rtl_wrap.cfg.tcl 
Execute       source C:/Users/brand/Documents/engs192/zybo-edge-ai/hls/edge_cnn_linear_stream_hls/edge_cnn_linear_stream_prj/solution1/.autopilot/db/edge_cnn_linear.rtl_wrap.cfg.tcl 
Execute       source C:/Users/brand/Documents/engs192/zybo-edge-ai/hls/edge_cnn_linear_stream_hls/edge_cnn_linear_stream_prj/solution1/.autopilot/db/edge_cnn_linear.rtl_wrap.cfg.tcl 
Execute       source C:/Users/brand/Documents/engs192/zybo-edge-ai/hls/edge_cnn_linear_stream_hls/edge_cnn_linear_stream_prj/solution1/.autopilot/db/edge_cnn_linear.tbgen.tcl 
Execute       source C:/Users/brand/Documents/engs192/zybo-edge-ai/hls/edge_cnn_linear_stream_hls/edge_cnn_linear_stream_prj/solution1/.autopilot/db/edge_cnn_linear.tbgen.tcl 
Execute       get_config_export -deadlock_detection 
Execute       source C:/Users/brand/Documents/engs192/zybo-edge-ai/hls/edge_cnn_linear_stream_hls/edge_cnn_linear_stream_prj/solution1/.autopilot/db/global.setting.tcl 
Execute       source C:/Users/brand/Documents/engs192/zybo-edge-ai/hls/edge_cnn_linear_stream_hls/edge_cnn_linear_stream_prj/solution1/.autopilot/db/edge_cnn_linear.tbgen.tcl 
Execute       get_config_export -deadlock_detection 
Execute       get_config_export -deadlock_detection 
Execute       get_config_rtl -module_prefix 
INFO-FLOW: DBG:PUTS:       cosim_export_main adding deadlock detection to edge_cnn_linear
Execute       get_config_export -deadlock_detection 
INFO-FLOW: DBG:PUTS: Skipping loadAnalyze_DB, #g_database=2
INFO-FLOW: DBG:PUTS:       generate_json generate_bd_files=0 generate_xo_files=false #modelList=69 #gSsdmPorts=0
INFO-FLOW: DBG:PROC: ::AP::DESIGN_DATA::generate_json generate_bd_files='0' generate_xo_files='false' modelList='edge_cnn_linear_flow_control_loop_pipe_sequential_init
edge_cnn_linear_flow_control_loop_pipe_sequential_init
edge_cnn_linear_flow_control_loop_pipe_sequential_init
edge_cnn_linear_regslice_both
edge_cnn_linear_shift_line_buffer_array_ap_fixed_16_6_5_3_0_1u_config2_s_void_conv_2d_buffer_bkb
edge_cnn_linear_mux_932_16_1_1
edge_cnn_linear_mux_42_16_1_1
edge_cnn_linear_mul_mul_16s_11s_26_4_1
edge_cnn_linear_dense_resource_rf_gt_nin_rem0_ap_fixed_16_6_5_3_0_ap_fixed_37_17_5_3_0_configdEe
edge_cnn_linear_dense_resource_rf_gt_nin_rem0_ap_fixed_16_6_5_3_0_ap_fixed_37_17_5_3_0_configeOg
edge_cnn_linear_flow_control_loop_pipe_no_ap_cont
edge_cnn_linear_flow_control_loop_pipe
edge_cnn_linear_flow_control_loop_pipe_sequential_init
edge_cnn_linear_flow_control_loop_pipe_sequential_init
edge_cnn_linear_flow_control_loop_pipe_sequential_init
edge_cnn_linear_mux_3632_16_1_1
edge_cnn_linear_mul_mul_16s_12s_26_4_1
edge_cnn_linear_dense_resource_rf_gt_nin_rem0_ap_fixed_16_6_5_3_0_ap_fixed_39_19_5_3_0_configncg
edge_cnn_linear_dense_resource_rf_gt_nin_rem0_ap_fixed_16_6_5_3_0_ap_fixed_39_19_5_3_0_configocq
edge_cnn_linear_flow_control_loop_pipe_no_ap_cont
edge_cnn_linear_flow_control_loop_pipe
edge_cnn_linear_flow_control_loop_pipe_sequential_init
edge_cnn_linear_flow_control_loop_pipe_sequential_init
edge_cnn_linear_flow_control_loop_pipe_sequential_init
edge_cnn_linear_mux_366_16_1_1
edge_cnn_linear_dense_resource_rf_leq_nin_ap_fixed_16_6_5_3_0_ap_fixed_39_19_5_3_0_config6_muxdS
edge_cnn_linear_flow_control_loop_pipe_no_ap_cont
edge_cnn_linear_regslice_both
edge_cnn_linear_fifo_w16_d20172_A
edge_cnn_linear_fifo_w148_d19602_A
edge_cnn_linear_fifo_w64_d19602_A
edge_cnn_linear_fifo_w64_d20172_A
edge_cnn_linear_fifo_w156_d19602_A
edge_cnn_linear_fifo_w64_d19602_A
edge_cnn_linear_fifo_w64_d20172_A
edge_cnn_linear_start_for_conv_2d_cl_array_ap_fixed_16_6_5_3_0_1u_array_ap_fixed_37_17_5_3_0_yd2
edge_cnn_linear_start_for_relu_array_ap_fixed_37_17_5_3_0_4u_array_ap_fixed_16_6_5_3_0_4u_relzec
edge_cnn_linear_start_for_zeropad2d_cl_array_ap_fixed_16_6_5_3_0_4u_array_ap_fixed_16_6_5_3_0Aem
edge_cnn_linear_start_for_conv_2d_cl_array_ap_fixed_16_6_5_3_0_4u_array_ap_fixed_39_19_5_3_0_Bew
edge_cnn_linear_start_for_relu_array_ap_fixed_39_19_5_3_0_4u_array_ap_fixed_16_6_5_3_0_4u_relCeG
edge_cnn_linear_start_for_zeropad2d_cl_array_ap_fixed_16_6_5_3_0_4u_array_ap_fixed_16_6_5_3_0DeQ
edge_cnn_linear_start_for_conv_2d_cl_array_ap_fixed_16_6_5_3_0_4u_array_ap_fixed_39_19_5_3_0_Ee0
zeropad2d_cl_array_ap_fixed_16_6_5_3_0_1u_array_ap_fixed_16_6_5_3_0_1u_config7_Pipeline_PadTopWidth
zeropad2d_cl_array_ap_fixed_16_6_5_3_0_1u_array_ap_fixed_16_6_5_3_0_1u_config7_Pipeline_CopyMain
zeropad2d_cl_array_ap_fixed_16_6_5_3_0_1u_array_ap_fixed_16_6_5_3_0_1u_config7_Pipeline_PadBottomWidth
zeropad2d_cl_array_ap_fixed_16_6_5_3_0_1u_array_ap_fixed_16_6_5_3_0_1u_config7_s
shift_line_buffer_array_ap_fixed_16_6_5_3_0_1u_config2_s
dense_resource_rf_gt_nin_rem0_ap_fixed_16_6_5_3_0_ap_fixed_37_17_5_3_0_config2_mult_s
compute_output_buffer_2d_array_ap_fixed_16_6_5_3_0_1u_array_ap_fixed_37_17_5_3_0_4u_config2_s
conv_2d_cl_array_ap_fixed_16_6_5_3_0_1u_array_ap_fixed_37_17_5_3_0_4u_config2_s
relu_array_ap_fixed_37_17_5_3_0_4u_array_ap_fixed_16_6_5_3_0_4u_relu_config3_s
zeropad2d_cl_array_ap_fixed_16_6_5_3_0_4u_array_ap_fixed_16_6_5_3_0_4u_config8_Pipeline_PadTopWidth
zeropad2d_cl_array_ap_fixed_16_6_5_3_0_4u_array_ap_fixed_16_6_5_3_0_4u_config8_Pipeline_CopyMain
zeropad2d_cl_array_ap_fixed_16_6_5_3_0_4u_array_ap_fixed_16_6_5_3_0_4u_config8_Pipeline_PadBottomWidth
zeropad2d_cl_array_ap_fixed_16_6_5_3_0_4u_array_ap_fixed_16_6_5_3_0_4u_config8_s
shift_line_buffer_array_ap_fixed_16_6_5_3_0_4u_config4_s
dense_resource_rf_gt_nin_rem0_ap_fixed_16_6_5_3_0_ap_fixed_39_19_5_3_0_config4_mult_s
compute_output_buffer_2d_array_ap_fixed_16_6_5_3_0_4u_array_ap_fixed_39_19_5_3_0_4u_config4_s
conv_2d_cl_array_ap_fixed_16_6_5_3_0_4u_array_ap_fixed_39_19_5_3_0_4u_config4_s
relu_array_ap_fixed_39_19_5_3_0_4u_array_ap_fixed_16_6_5_3_0_4u_relu_config5_s
zeropad2d_cl_array_ap_fixed_16_6_5_3_0_4u_array_ap_fixed_16_6_5_3_0_4u_config9_Pipeline_PadTopWidth
zeropad2d_cl_array_ap_fixed_16_6_5_3_0_4u_array_ap_fixed_16_6_5_3_0_4u_config9_Pipeline_CopyMain
zeropad2d_cl_array_ap_fixed_16_6_5_3_0_4u_array_ap_fixed_16_6_5_3_0_4u_config9_Pipeline_PadBottomWidth
zeropad2d_cl_array_ap_fixed_16_6_5_3_0_4u_array_ap_fixed_16_6_5_3_0_4u_config9_s
shift_line_buffer_array_ap_fixed_16_6_5_3_0_4u_config6_s
dense_resource_rf_leq_nin_ap_fixed_16_6_5_3_0_ap_fixed_39_19_5_3_0_config6_mult_s
compute_output_buffer_2d_array_ap_fixed_16_6_5_3_0_4u_array_ap_fixed_39_19_5_3_0_1u_config6_s
conv_2d_cl_array_ap_fixed_16_6_5_3_0_4u_array_ap_fixed_39_19_5_3_0_1u_config6_s
edge_cnn_linear
' rtl_lang='vlog' bootstrap_tcl='false' outdir='' outfilename=''
Execute       source C:/Users/brand/Documents/engs192/zybo-edge-ai/hls/edge_cnn_linear_stream_hls/edge_cnn_linear_stream_prj/solution1/.autopilot/db/global.setting.tcl 
Execute       source C:/Users/brand/Documents/engs192/zybo-edge-ai/hls/edge_cnn_linear_stream_hls/edge_cnn_linear_stream_prj/solution1/.autopilot/db/global.setting.tcl 
Execute       get_solution -flow_target 
Execute       get_config_export -xo 
Execute       get_config_export -format 
Execute       source C:/Users/brand/Documents/engs192/zybo-edge-ai/hls/edge_cnn_linear_stream_hls/edge_cnn_linear_stream_prj/solution1/.autopilot/db/top-io-be.tcl 
Execute       source C:/Users/brand/Documents/engs192/zybo-edge-ai/hls/edge_cnn_linear_stream_hls/edge_cnn_linear_stream_prj/solution1/.autopilot/db/edge_cnn_linear.tbgen.tcl 
Execute       source C:/Users/brand/Documents/engs192/zybo-edge-ai/hls/edge_cnn_linear_stream_hls/edge_cnn_linear_stream_prj/solution1/.autopilot/db/edge_cnn_linear.rtl_wrap.cfg.tcl 
Execute       source C:/Users/brand/Documents/engs192/zybo-edge-ai/hls/edge_cnn_linear_stream_hls/edge_cnn_linear_stream_prj/solution1/.autopilot/db/edge_cnn_linear.compgen.dataonly.tcl 
Execute       get_config_export -format 
Execute       ap_part_info -name xc7z020-clg400-1 -data names -quiet 
Execute       ap_part_info -name xc7z020-clg400-1 -data info -quiet 
Execute       source C:/Users/brand/Documents/engs192/zybo-edge-ai/hls/edge_cnn_linear_stream_hls/edge_cnn_linear_stream_prj/solution1/.autopilot/db/zeropad2d_cl_array_ap_fixed_16_6_5_3_0_1u_array_ap_fixed_16_6_5_3_0_1u_config7_Pipeline_PadTopWidth.tbgen.tcl 
Execute       source C:/Users/brand/Documents/engs192/zybo-edge-ai/hls/edge_cnn_linear_stream_hls/edge_cnn_linear_stream_prj/solution1/.autopilot/db/zeropad2d_cl_array_ap_fixed_16_6_5_3_0_1u_array_ap_fixed_16_6_5_3_0_1u_config7_Pipeline_CopyMain.tbgen.tcl 
Execute       source C:/Users/brand/Documents/engs192/zybo-edge-ai/hls/edge_cnn_linear_stream_hls/edge_cnn_linear_stream_prj/solution1/.autopilot/db/zeropad2d_cl_array_ap_fixed_16_6_5_3_0_1u_array_ap_fixed_16_6_5_3_0_1u_config7_Pipeline_PadBottomWidth.tbgen.tcl 
Execute       source C:/Users/brand/Documents/engs192/zybo-edge-ai/hls/edge_cnn_linear_stream_hls/edge_cnn_linear_stream_prj/solution1/.autopilot/db/zeropad2d_cl_array_ap_fixed_16_6_5_3_0_1u_array_ap_fixed_16_6_5_3_0_1u_config7_s.tbgen.tcl 
Execute       source C:/Users/brand/Documents/engs192/zybo-edge-ai/hls/edge_cnn_linear_stream_hls/edge_cnn_linear_stream_prj/solution1/.autopilot/db/shift_line_buffer_array_ap_fixed_16_6_5_3_0_1u_config2_s.tbgen.tcl 
Execute       source C:/Users/brand/Documents/engs192/zybo-edge-ai/hls/edge_cnn_linear_stream_hls/edge_cnn_linear_stream_prj/solution1/.autopilot/db/dense_resource_rf_gt_nin_rem0_ap_fixed_16_6_5_3_0_ap_fixed_37_17_5_3_0_config2_mult_s.tbgen.tcl 
Execute       source C:/Users/brand/Documents/engs192/zybo-edge-ai/hls/edge_cnn_linear_stream_hls/edge_cnn_linear_stream_prj/solution1/.autopilot/db/compute_output_buffer_2d_array_ap_fixed_16_6_5_3_0_1u_array_ap_fixed_37_17_5_3_0_4u_config2_s.tbgen.tcl 
Execute       source C:/Users/brand/Documents/engs192/zybo-edge-ai/hls/edge_cnn_linear_stream_hls/edge_cnn_linear_stream_prj/solution1/.autopilot/db/conv_2d_cl_array_ap_fixed_16_6_5_3_0_1u_array_ap_fixed_37_17_5_3_0_4u_config2_s.tbgen.tcl 
Execute       source C:/Users/brand/Documents/engs192/zybo-edge-ai/hls/edge_cnn_linear_stream_hls/edge_cnn_linear_stream_prj/solution1/.autopilot/db/relu_array_ap_fixed_37_17_5_3_0_4u_array_ap_fixed_16_6_5_3_0_4u_relu_config3_s.tbgen.tcl 
Execute       source C:/Users/brand/Documents/engs192/zybo-edge-ai/hls/edge_cnn_linear_stream_hls/edge_cnn_linear_stream_prj/solution1/.autopilot/db/zeropad2d_cl_array_ap_fixed_16_6_5_3_0_4u_array_ap_fixed_16_6_5_3_0_4u_config8_Pipeline_PadTopWidth.tbgen.tcl 
Execute       source C:/Users/brand/Documents/engs192/zybo-edge-ai/hls/edge_cnn_linear_stream_hls/edge_cnn_linear_stream_prj/solution1/.autopilot/db/zeropad2d_cl_array_ap_fixed_16_6_5_3_0_4u_array_ap_fixed_16_6_5_3_0_4u_config8_Pipeline_CopyMain.tbgen.tcl 
Execute       source C:/Users/brand/Documents/engs192/zybo-edge-ai/hls/edge_cnn_linear_stream_hls/edge_cnn_linear_stream_prj/solution1/.autopilot/db/zeropad2d_cl_array_ap_fixed_16_6_5_3_0_4u_array_ap_fixed_16_6_5_3_0_4u_config8_Pipeline_PadBottomWidth.tbgen.tcl 
Execute       source C:/Users/brand/Documents/engs192/zybo-edge-ai/hls/edge_cnn_linear_stream_hls/edge_cnn_linear_stream_prj/solution1/.autopilot/db/zeropad2d_cl_array_ap_fixed_16_6_5_3_0_4u_array_ap_fixed_16_6_5_3_0_4u_config8_s.tbgen.tcl 
Execute       source C:/Users/brand/Documents/engs192/zybo-edge-ai/hls/edge_cnn_linear_stream_hls/edge_cnn_linear_stream_prj/solution1/.autopilot/db/shift_line_buffer_array_ap_fixed_16_6_5_3_0_4u_config4_s.tbgen.tcl 
Execute       source C:/Users/brand/Documents/engs192/zybo-edge-ai/hls/edge_cnn_linear_stream_hls/edge_cnn_linear_stream_prj/solution1/.autopilot/db/dense_resource_rf_gt_nin_rem0_ap_fixed_16_6_5_3_0_ap_fixed_39_19_5_3_0_config4_mult_s.tbgen.tcl 
Execute       source C:/Users/brand/Documents/engs192/zybo-edge-ai/hls/edge_cnn_linear_stream_hls/edge_cnn_linear_stream_prj/solution1/.autopilot/db/compute_output_buffer_2d_array_ap_fixed_16_6_5_3_0_4u_array_ap_fixed_39_19_5_3_0_4u_config4_s.tbgen.tcl 
Execute       source C:/Users/brand/Documents/engs192/zybo-edge-ai/hls/edge_cnn_linear_stream_hls/edge_cnn_linear_stream_prj/solution1/.autopilot/db/conv_2d_cl_array_ap_fixed_16_6_5_3_0_4u_array_ap_fixed_39_19_5_3_0_4u_config4_s.tbgen.tcl 
Execute       source C:/Users/brand/Documents/engs192/zybo-edge-ai/hls/edge_cnn_linear_stream_hls/edge_cnn_linear_stream_prj/solution1/.autopilot/db/relu_array_ap_fixed_39_19_5_3_0_4u_array_ap_fixed_16_6_5_3_0_4u_relu_config5_s.tbgen.tcl 
Execute       source C:/Users/brand/Documents/engs192/zybo-edge-ai/hls/edge_cnn_linear_stream_hls/edge_cnn_linear_stream_prj/solution1/.autopilot/db/zeropad2d_cl_array_ap_fixed_16_6_5_3_0_4u_array_ap_fixed_16_6_5_3_0_4u_config9_Pipeline_PadTopWidth.tbgen.tcl 
Execute       source C:/Users/brand/Documents/engs192/zybo-edge-ai/hls/edge_cnn_linear_stream_hls/edge_cnn_linear_stream_prj/solution1/.autopilot/db/zeropad2d_cl_array_ap_fixed_16_6_5_3_0_4u_array_ap_fixed_16_6_5_3_0_4u_config9_Pipeline_CopyMain.tbgen.tcl 
Execute       source C:/Users/brand/Documents/engs192/zybo-edge-ai/hls/edge_cnn_linear_stream_hls/edge_cnn_linear_stream_prj/solution1/.autopilot/db/zeropad2d_cl_array_ap_fixed_16_6_5_3_0_4u_array_ap_fixed_16_6_5_3_0_4u_config9_Pipeline_PadBottomWidth.tbgen.tcl 
Execute       source C:/Users/brand/Documents/engs192/zybo-edge-ai/hls/edge_cnn_linear_stream_hls/edge_cnn_linear_stream_prj/solution1/.autopilot/db/zeropad2d_cl_array_ap_fixed_16_6_5_3_0_4u_array_ap_fixed_16_6_5_3_0_4u_config9_s.tbgen.tcl 
Execute       source C:/Users/brand/Documents/engs192/zybo-edge-ai/hls/edge_cnn_linear_stream_hls/edge_cnn_linear_stream_prj/solution1/.autopilot/db/shift_line_buffer_array_ap_fixed_16_6_5_3_0_4u_config6_s.tbgen.tcl 
Execute       source C:/Users/brand/Documents/engs192/zybo-edge-ai/hls/edge_cnn_linear_stream_hls/edge_cnn_linear_stream_prj/solution1/.autopilot/db/dense_resource_rf_leq_nin_ap_fixed_16_6_5_3_0_ap_fixed_39_19_5_3_0_config6_mult_s.tbgen.tcl 
Execute       source C:/Users/brand/Documents/engs192/zybo-edge-ai/hls/edge_cnn_linear_stream_hls/edge_cnn_linear_stream_prj/solution1/.autopilot/db/compute_output_buffer_2d_array_ap_fixed_16_6_5_3_0_4u_array_ap_fixed_39_19_5_3_0_1u_config6_s.tbgen.tcl 
Execute       source C:/Users/brand/Documents/engs192/zybo-edge-ai/hls/edge_cnn_linear_stream_hls/edge_cnn_linear_stream_prj/solution1/.autopilot/db/conv_2d_cl_array_ap_fixed_16_6_5_3_0_4u_array_ap_fixed_39_19_5_3_0_1u_config6_s.tbgen.tcl 
Execute       source C:/Users/brand/Documents/engs192/zybo-edge-ai/hls/edge_cnn_linear_stream_hls/edge_cnn_linear_stream_prj/solution1/.autopilot/db/edge_cnn_linear.tbgen.tcl 
Execute       source C:/Users/brand/Documents/engs192/zybo-edge-ai/hls/edge_cnn_linear_stream_hls/edge_cnn_linear_stream_prj/solution1/.autopilot/db/global.setting.tcl 
Execute       ap_part_info -name xc7z020-clg400-1 -data names -quiet 
Execute       ap_part_info -name xc7z020-clg400-1 -data info -quiet 
Execute       get_solution -flow_target 
Execute       get_config_rtl -kernel_profile 
Execute       get_config_rtl -kernel_profile 
Execute       get_config_rtl -stall_sig_gen 
Execute       get_config_rtl -profile 
Execute       source C:/Users/brand/Documents/engs192/zybo-edge-ai/hls/edge_cnn_linear_stream_hls/edge_cnn_linear_stream_prj/solution1/.autopilot/db/edge_cnn_linear.constraint.tcl 
Execute       sc_get_clocks edge_cnn_linear 
Execute       source C:/Users/brand/Documents/engs192/zybo-edge-ai/hls/edge_cnn_linear_stream_hls/edge_cnn_linear_stream_prj/solution1/.autopilot/db/global.setting.tcl 
Execute       get_config_export -ip_xdc_file 
Execute       get_config_export -ip_xdc_ooc_file 
Execute       get_config_debug -directory 
Execute       get_config_export -deadlock_detection 
Execute       source C:/Users/brand/Documents/engs192/zybo-edge-ai/hls/edge_cnn_linear_stream_hls/edge_cnn_linear_stream_prj/solution1/.autopilot/db/global.setting.tcl 
Execute       source C:/Users/brand/Documents/engs192/zybo-edge-ai/hls/edge_cnn_linear_stream_hls/edge_cnn_linear_stream_prj/solution1/.autopilot/db/edge_cnn_linear.tbgen.tcl 
Execute       get_config_export -deadlock_detection 
Execute       get_config_export -deadlock_detection 
Execute       get_config_rtl -module_prefix 
INFO-FLOW: DBG:PUTS:       cosim_export_main adding deadlock detection to edge_cnn_linear
Execute       get_config_export -deadlock_detection 
Execute       get_config_export -format 
INFO-FLOW: DBG:PUTS:       generate_ip_script #gSsdmPorts=0 g_lang=vlog is_sdaccel=false is_sdsoc=true xo_file=
Execute       ap_part_info -name xc7z020-clg400-1 -data names -quiet 
Execute       ap_part_info -name xc7z020-clg400-1 -data info -quiet 
Execute       ap_part_info -name xc7z020-clg400-1 -data names -quiet 
Execute       ap_part_info -name xc7z020-clg400-1 -data info -quiet 
Execute       source C:/Users/brand/Documents/engs192/zybo-edge-ai/hls/edge_cnn_linear_stream_hls/edge_cnn_linear_stream_prj/solution1/.autopilot/db/edge_cnn_linear.tbgen.tcl 
Execute       source C:/Users/brand/Documents/engs192/zybo-edge-ai/hls/edge_cnn_linear_stream_hls/edge_cnn_linear_stream_prj/solution1/.autopilot/db/edge_cnn_linear.tbgen.tcl 
Execute       source C:/Users/brand/Documents/engs192/zybo-edge-ai/hls/edge_cnn_linear_stream_hls/edge_cnn_linear_stream_prj/solution1/.autopilot/db/global.setting.tcl 
Execute       get_config_debug -directory 
INFO-FLOW: DBG:PUTS:       generate_top_info
INFO-FLOW: DBG:PUTS:       prepArgInfo -> loadAnalyze_DB top_module=edge_cnn_linear
Execute       source C:/Users/brand/Documents/engs192/zybo-edge-ai/hls/edge_cnn_linear_stream_hls/edge_cnn_linear_stream_prj/solution1/.autopilot/db/edge_cnn_linear.rtl_wrap.cfg.tcl 
Execute       source C:/Users/brand/Documents/engs192/zybo-edge-ai/hls/edge_cnn_linear_stream_hls/edge_cnn_linear_stream_prj/solution1/.autopilot/db/edge_cnn_linear.rtl_wrap.cfg.tcl 
Execute       source C:/Users/brand/Documents/engs192/zybo-edge-ai/hls/edge_cnn_linear_stream_hls/edge_cnn_linear_stream_prj/solution1/.autopilot/db/edge_cnn_linear.rtl_wrap.cfg.tcl 
Execute       source C:/Users/brand/Documents/engs192/zybo-edge-ai/hls/edge_cnn_linear_stream_hls/edge_cnn_linear_stream_prj/solution1/.autopilot/db/edge_cnn_linear.tbgen.tcl 
Execute       source C:/Users/brand/Documents/engs192/zybo-edge-ai/hls/edge_cnn_linear_stream_hls/edge_cnn_linear_stream_prj/solution1/.autopilot/db/edge_cnn_linear.tbgen.tcl 
Execute       ap_part_info -name xc7z020-clg400-1 -data names -quiet 
Execute       ap_part_info -name xc7z020-clg400-1 -data info -quiet 
Execute       ap_part_info -name xc7z020-clg400-1 -data names -quiet 
Execute       ap_part_info -name xc7z020-clg400-1 -data info -quiet 
Execute       source C:/Users/brand/Documents/engs192/zybo-edge-ai/hls/edge_cnn_linear_stream_hls/edge_cnn_linear_stream_prj/solution1/.autopilot/db/edge_cnn_linear.tbgen.tcl 
Execute       source C:/Users/brand/Documents/engs192/zybo-edge-ai/hls/edge_cnn_linear_stream_hls/edge_cnn_linear_stream_prj/solution1/.autopilot/db/global.setting.tcl 
Execute       get_config_export -ip_xdc_ooc_file 
Execute       get_config_export -ip_xdc_file 
Execute       source C:/Users/brand/Documents/engs192/zybo-edge-ai/hls/edge_cnn_linear_stream_hls/edge_cnn_linear_stream_prj/solution1/.autopilot/db/edge_cnn_linear.constraint.tcl 
INFO-FLOW: DBG:PUTS:       generate_ipi_example_script
Execute       ap_part_info -name xc7z020-clg400-1 -data names -quiet 
Execute       ap_part_info -name xc7z020-clg400-1 -data info -quiet 
Execute       ap_part_info -name xc7z020-clg400-1 -data names -quiet 
Execute       ap_part_info -name xc7z020-clg400-1 -data info -quiet 
INFO-FLOW: DBG:PUTS:       generate_syn_sh
Execute       ap_part_info -name xc7z020-clg400-1 -data names -quiet 
Execute       ap_part_info -name xc7z020-clg400-1 -data info -quiet 
Execute       source C:/Users/brand/Documents/engs192/zybo-edge-ai/hls/edge_cnn_linear_stream_hls/edge_cnn_linear_stream_prj/solution1/.autopilot/db/global.setting.tcl 
INFO-FLOW: DBG:PUTS:       generate_imp_constraints
Execute       ap_part_info -name xc7z020-clg400-1 -data names -quiet 
Execute       ap_part_info -name xc7z020-clg400-1 -data info -quiet 
Execute       source C:/Users/brand/Documents/engs192/zybo-edge-ai/hls/edge_cnn_linear_stream_hls/edge_cnn_linear_stream_prj/solution1/.autopilot/db/edge_cnn_linear.constraint.tcl 
Execute       source C:/Users/brand/Documents/engs192/zybo-edge-ai/hls/edge_cnn_linear_stream_hls/edge_cnn_linear_stream_prj/solution1/.autopilot/db/edge_cnn_linear.tbgen.tcl 
INFO-FLOW: DBG:PUTS:       delete-temp-dirs (skipped for debug)
Execute       ap_part_info -name xc7z020-clg400-1 -data names -quiet 
Execute       ap_part_info -name xc7z020-clg400-1 -data info -quiet 
INFO-FLOW: DBG:PUTS: read_platform_lib C:/Users/brand/Documents/engs192/zybo-edge-ai/hls/edge_cnn_linear_stream_hls/edge_cnn_linear_stream_prj/solution1/.autopilot/db/global.setting.tcl
Execute       source C:/Xilinx/Vitis_HLS/2021.2/common/technology/generic/autopilot/common.gen 
Execute         source C:/Xilinx/Vitis_HLS/2021.2/common/technology/generic/autopilot/APCoreGen.gen 
Execute       source C:/Xilinx/Vitis_HLS/2021.2/common/technology/generic/autopilot/op.gen 
Execute       source C:/Xilinx/Vitis_HLS/2021.2/common/technology/generic/autopilot/op_simcore.gen 
Execute       source C:/Xilinx/Vitis_HLS/2021.2/common/technology/generic/autopilot/interface.gen 
Execute       source C:/Users/brand/Documents/engs192/zybo-edge-ai/hls/edge_cnn_linear_stream_hls/edge_cnn_linear_stream_prj/solution1/.autopilot/db/global.setting.tcl 
Execute       source C:/Xilinx/Vitis_HLS/2021.2/common/technology/xilinx/common/xilinx.gen 
Execute         source C:/Xilinx/Vitis_HLS/2021.2/common/technology/xilinx/interface/plb46.gen 
Execute         source C:/Xilinx/Vitis_HLS/2021.2/common/technology/xilinx/interface/axi4.gen 
Execute         source C:/Xilinx/Vitis_HLS/2021.2/common/technology/xilinx/interface/nativeAXI4.gen 
Execute           source C:/Xilinx/Vitis_HLS/2021.2/common/technology/xilinx/interface/saxilite.gen 
Execute           source C:/Xilinx/Vitis_HLS/2021.2/common/technology/xilinx/interface/maxi.gen 
Execute         source C:/Xilinx/Vitis_HLS/2021.2/common/technology/xilinx/scripts/xilinxcoregen.gen 
Execute         source C:/Xilinx/Vitis_HLS/2021.2/common/technology/xilinx/interface/XilEDKCoreGen.gen 
Execute         source C:/Xilinx/Vitis_HLS/2021.2/common/technology/xilinx/ip/dds_compiler.gen 
Execute         source C:/Xilinx/Vitis_HLS/2021.2/common/technology/xilinx/ip/util.gen 
Execute         source C:/Xilinx/Vitis_HLS/2021.2/common/technology/xilinx/ip/xfft.gen 
Execute         source C:/Xilinx/Vitis_HLS/2021.2/common/technology/xilinx/ip/xfir.gen 
Execute         source C:/Xilinx/Vitis_HLS/2021.2/common/technology/xilinx/DSP48/dsp48.gen 
INFO-FLOW: DBG:PUTS:     IP package: exec C:/Users/brand/Documents/engs192/zybo-edge-ai/hls/edge_cnn_linear_stream_hls/edge_cnn_linear_stream_prj/solution1/impl/ip/pack.bat
INFO-FLOW: DBG:PUTS:     IP package: failed result=1 C:/Users/brand/Documents/engs192/zybo-edge-ai/hls/edge_cnn_linear_stream_hls/edge_cnn_linear_stream_prj/solution1/impl/ip/pack.bat
ERROR: [IMPL 213-28] Failed to generate IP.
Command     export_design done; error code: 2; 17.926 sec.
INFO: [HLS 200-111] Finished Command export_design CPU user time: 5 seconds. CPU system time: 1 seconds. Elapsed time: 17.926 seconds; current allocated memory: 0.000 MB.
Command   ap_source done; error code: 1; 86.627 sec.
Execute   cleanup_all 
