

================================================================
== Vitis HLS Report for 'compute_output_buffer_2d_array_ap_fixed_16_6_5_3_0_4u_array_ap_fixed_39_19_5_3_0_1u_config6_s'
================================================================
* Date:           Tue May 26 01:13:13 2026

* Version:        2021.2 (Build 3367213 on Tue Oct 19 02:48:09 MDT 2021)
* Project:        edge_cnn_linear_stream_prj
* Solution:       solution1 (Vivado IP Flow Target)
* Product family: zynq
* Target device:  xc7z020-clg400-1


================================================================
== Performance Estimates
================================================================
+ Timing: 
    * Summary: 
    +--------+----------+----------+------------+
    |  Clock |  Target  | Estimated| Uncertainty|
    +--------+----------+----------+------------+
    |ap_clk  |  10.00 ns|  7.591 ns|     2.70 ns|
    +--------+----------+----------+------------+

+ Latency: 
    * Summary: 
    +---------+---------+-----------+----------+-----+-----+---------+
    |  Latency (cycles) |  Latency (absolute)  |  Interval | Pipeline|
    |   min   |   max   |    min    |    max   | min | max |   Type  |
    +---------+---------+-----------+----------+-----+-----+---------+
    |        3|       43|  30.000 ns|  0.430 us|    3|   43|       no|
    +---------+---------+-----------+----------+-----+-----+---------+

    + Detail: 
        * Instance: 
        +----------------------------------------------------------------------------------------------+-----------------------------------------------------------------------------------+---------+---------+----------+----------+-----+-----+------------------------------------------+
        |                                                                                              |                                                                                   |  Latency (cycles) |  Latency (absolute) |  Interval |                 Pipeline                 |
        |                                           Instance                                           |                                       Module                                      |   min   |   max   |    min   |    max   | min | max |                   Type                   |
        +----------------------------------------------------------------------------------------------+-----------------------------------------------------------------------------------+---------+---------+----------+----------+-----+-----+------------------------------------------+
        |call_ln281_shift_line_buffer_array_ap_fixed_16_6_5_3_0_4u_config6_s_fu_182                    |shift_line_buffer_array_ap_fixed_16_6_5_3_0_4u_config6_s                           |        0|        0|      0 ns|      0 ns|    1|    1|                                       yes|
        |grp_dense_resource_rf_leq_nin_ap_fixed_16_6_5_3_0_ap_fixed_39_19_5_3_0_config6_mult_s_fu_282  |dense_resource_rf_leq_nin_ap_fixed_16_6_5_3_0_ap_fixed_39_19_5_3_0_config6_mult_s  |       39|       40|  0.390 us|  0.400 us|   36|   36|  loop rewind stp(delay=0 clock cycles(s))|
        +----------------------------------------------------------------------------------------------+-----------------------------------------------------------------------------------+---------+---------+----------+----------+-----+-----+------------------------------------------+

        * Loop: 
        N/A



================================================================
== Utilization Estimates
================================================================
* Summary: 
+-----------------+---------+-----+--------+-------+-----+
|       Name      | BRAM_18K| DSP |   FF   |  LUT  | URAM|
+-----------------+---------+-----+--------+-------+-----+
|DSP              |        -|    -|       -|      -|    -|
|Expression       |        -|    -|       0|    340|    -|
|FIFO             |        -|    -|       -|      -|    -|
|Instance         |        1|    1|    1789|   1770|    -|
|Memory           |        -|    -|       -|      -|    -|
|Multiplexer      |        -|    -|       -|     70|    -|
|Register         |        -|    -|     744|      -|    -|
+-----------------+---------+-----+--------+-------+-----+
|Total            |        1|    1|    2533|   2180|    0|
+-----------------+---------+-----+--------+-------+-----+
|Available        |      280|  220|  106400|  53200|    0|
+-----------------+---------+-----+--------+-------+-----+
|Utilization (%)  |       ~0|   ~0|       2|      4|    0|
+-----------------+---------+-----+--------+-------+-----+

+ Detail: 
    * Instance: 
    +----------------------------------------------------------------------------------------------+-----------------------------------------------------------------------------------+---------+----+------+------+-----+
    |                                           Instance                                           |                                       Module                                      | BRAM_18K| DSP|  FF  |  LUT | URAM|
    +----------------------------------------------------------------------------------------------+-----------------------------------------------------------------------------------+---------+----+------+------+-----+
    |grp_dense_resource_rf_leq_nin_ap_fixed_16_6_5_3_0_ap_fixed_39_19_5_3_0_config6_mult_s_fu_282  |dense_resource_rf_leq_nin_ap_fixed_16_6_5_3_0_ap_fixed_39_19_5_3_0_config6_mult_s  |        1|   1|  1276|  1298|    0|
    |call_ln281_shift_line_buffer_array_ap_fixed_16_6_5_3_0_4u_config6_s_fu_182                    |shift_line_buffer_array_ap_fixed_16_6_5_3_0_4u_config6_s                           |        0|   0|   513|   472|    0|
    +----------------------------------------------------------------------------------------------+-----------------------------------------------------------------------------------+---------+----+------+------+-----+
    |Total                                                                                         |                                                                                   |        1|   1|  1789|  1770|    0|
    +----------------------------------------------------------------------------------------------+-----------------------------------------------------------------------------------+---------+----+------+------+-----+

    * DSP: 
    N/A

    * Memory: 
    N/A

    * FIFO: 
    N/A

    * Expression: 
    +---------------------------------+----------+----+---+----+------------+------------+
    |          Variable Name          | Operation| DSP| FF| LUT| Bitwidth P0| Bitwidth P1|
    +---------------------------------+----------+----+---+----+------------+------------+
    |add_ln303_fu_441_p2              |         +|   0|  0|  39|          32|           1|
    |add_ln307_fu_488_p2              |         +|   0|  0|  39|          32|           1|
    |add_ln313_fu_505_p2              |         +|   0|  0|  39|          32|           1|
    |add_ln318_fu_458_p2              |         +|   0|  0|  39|          32|           1|
    |and_ln284_2_fu_426_p2            |       and|   0|  0|   2|           1|           1|
    |and_ln284_fu_420_p2              |       and|   0|  0|   2|           1|           1|
    |ap_block_state3                  |       and|   0|  0|   2|           1|           1|
    |ap_block_state3_on_subcall_done  |       and|   0|  0|   2|           1|           1|
    |ap_condition_271                 |       and|   0|  0|   2|           1|           1|
    |ap_condition_469                 |       and|   0|  0|   2|           1|           1|
    |ap_predicate_op26_call_state3    |       and|   0|  0|   2|           1|           1|
    |grp_fu_360_p2                    |      icmp|   0|  0|  18|          32|           2|
    |icmp_ln284_5_fu_398_p2           |      icmp|   0|  0|  17|          31|           1|
    |icmp_ln284_6_fu_414_p2           |      icmp|   0|  0|  17|          31|           1|
    |icmp_ln284_fu_369_p2             |      icmp|   0|  0|  18|          32|           2|
    |icmp_ln303_fu_446_p2             |      icmp|   0|  0|  18|          32|           8|
    |icmp_ln307_fu_493_p2             |      icmp|   0|  0|  18|          32|           7|
    |select_ln313_fu_510_p3           |    select|   0|  0|  32|           1|           2|
    |select_ln318_fu_463_p3           |    select|   0|  0|  32|           1|           2|
    +---------------------------------+----------+----+---+----+------------+------------+
    |Total                            |          |   0|  0| 340|         327|          36|
    +---------------------------------+----------+----+---+----+------------+------------+

    * Multiplexer: 
    +------------------------+----+-----------+-----+-----------+
    |          Name          | LUT| Input Size| Bits| Total Bits|
    +------------------------+----+-----------+-----+-----------+
    |ap_NS_fsm               |  25|          5|    1|          5|
    |layer6_out_TDATA_blk_n  |   9|          2|    1|          2|
    |pX_1                    |   9|          2|   32|         64|
    |pY_1                    |   9|          2|   32|         64|
    |sX_1                    |   9|          2|   32|         64|
    |storemerge_reg_171      |   9|          2|   32|         64|
    +------------------------+----+-----------+-----+-----------+
    |Total                   |  70|         15|  130|        263|
    +------------------------+----+-----------+-----+-----------+

    * Register: 
    +-----------------------------------------------------------------------------------------------------------------------------------------------------------------------------------------------------------------------------------------------------+----+----+-----+-----------+
    |                                                                                                                         Name                                                                                                                        | FF | LUT| Bits| Const Bits|
    +-----------------------------------------------------------------------------------------------------------------------------------------------------------------------------------------------------------------------------------------------------+----+----+-----+-----------+
    |and_ln284_2_reg_547                                                                                                                                                                                                                                  |   1|   0|    1|          0|
    |ap_CS_fsm                                                                                                                                                                                                                                            |   4|   0|    4|          0|
    |grp_dense_resource_rf_leq_nin_ap_fixed_16_6_5_3_0_ap_fixed_39_19_5_3_0_config6_mult_s_fu_282_ap_start_reg                                                                                                                                            |   1|   0|    1|          0|
    |icmp_ln284_reg_533                                                                                                                                                                                                                                   |   1|   0|    1|          0|
    |icmp_ln303_reg_551                                                                                                                                                                                                                                   |   1|   0|    1|          0|
    |pX_1                                                                                                                                                                                                                                                 |  32|   0|   32|          0|
    |pY_1                                                                                                                                                                                                                                                 |  32|   0|   32|          0|
    |p_ZZN4nnet24compute_output_buffer_2dINS_5arrayI8ap_fixedILi16ELi6EL9ap_q_mode5EL9ap_o_mode3ELi0EELj4EEENS1_IS2_ILi39ELi19ELS3_5ELS4_3ELi0EELj1EEE7config6EEvRKT_PAsrT1_6n_chan_12ap_shift_regINSA_10value_typeEXsrSD_8in_widthEERN3hls6streamIT0_1   |  16|   0|   16|          0|
    |p_ZZN4nnet24compute_output_buffer_2dINS_5arrayI8ap_fixedILi16ELi6EL9ap_q_mode5EL9ap_o_mode3ELi0EELj4EEENS1_IS2_ILi39ELi19ELS3_5ELS4_3ELi0EELj1EEE7config6EEvRKT_PAsrT1_6n_chan_12ap_shift_regINSA_10value_typeEXsrSD_8in_widthEERN3hls6streamIT0_10  |  16|   0|   16|          0|
    |p_ZZN4nnet24compute_output_buffer_2dINS_5arrayI8ap_fixedILi16ELi6EL9ap_q_mode5EL9ap_o_mode3ELi0EELj4EEENS1_IS2_ILi39ELi19ELS3_5ELS4_3ELi0EELj1EEE7config6EEvRKT_PAsrT1_6n_chan_12ap_shift_regINSA_10value_typeEXsrSD_8in_widthEERN3hls6streamIT0_11  |  16|   0|   16|          0|
    |p_ZZN4nnet24compute_output_buffer_2dINS_5arrayI8ap_fixedILi16ELi6EL9ap_q_mode5EL9ap_o_mode3ELi0EELj4EEENS1_IS2_ILi39ELi19ELS3_5ELS4_3ELi0EELj1EEE7config6EEvRKT_PAsrT1_6n_chan_12ap_shift_regINSA_10value_typeEXsrSD_8in_widthEERN3hls6streamIT0_12  |  16|   0|   16|          0|
    |p_ZZN4nnet24compute_output_buffer_2dINS_5arrayI8ap_fixedILi16ELi6EL9ap_q_mode5EL9ap_o_mode3ELi0EELj4EEENS1_IS2_ILi39ELi19ELS3_5ELS4_3ELi0EELj1EEE7config6EEvRKT_PAsrT1_6n_chan_12ap_shift_regINSA_10value_typeEXsrSD_8in_widthEERN3hls6streamIT0_13  |  16|   0|   16|          0|
    |p_ZZN4nnet24compute_output_buffer_2dINS_5arrayI8ap_fixedILi16ELi6EL9ap_q_mode5EL9ap_o_mode3ELi0EELj4EEENS1_IS2_ILi39ELi19ELS3_5ELS4_3ELi0EELj1EEE7config6EEvRKT_PAsrT1_6n_chan_12ap_shift_regINSA_10value_typeEXsrSD_8in_widthEERN3hls6streamIT0_14  |  16|   0|   16|          0|
    |p_ZZN4nnet24compute_output_buffer_2dINS_5arrayI8ap_fixedILi16ELi6EL9ap_q_mode5EL9ap_o_mode3ELi0EELj4EEENS1_IS2_ILi39ELi19ELS3_5ELS4_3ELi0EELj1EEE7config6EEvRKT_PAsrT1_6n_chan_12ap_shift_regINSA_10value_typeEXsrSD_8in_widthEERN3hls6streamIT0_15  |  16|   0|   16|          0|
    |p_ZZN4nnet24compute_output_buffer_2dINS_5arrayI8ap_fixedILi16ELi6EL9ap_q_mode5EL9ap_o_mode3ELi0EELj4EEENS1_IS2_ILi39ELi19ELS3_5ELS4_3ELi0EELj1EEE7config6EEvRKT_PAsrT1_6n_chan_12ap_shift_regINSA_10value_typeEXsrSD_8in_widthEERN3hls6streamIT0_16  |  16|   0|   16|          0|
    |p_ZZN4nnet24compute_output_buffer_2dINS_5arrayI8ap_fixedILi16ELi6EL9ap_q_mode5EL9ap_o_mode3ELi0EELj4EEENS1_IS2_ILi39ELi19ELS3_5ELS4_3ELi0EELj1EEE7config6EEvRKT_PAsrT1_6n_chan_12ap_shift_regINSA_10value_typeEXsrSD_8in_widthEERN3hls6streamIT0_17  |  16|   0|   16|          0|
    |p_ZZN4nnet24compute_output_buffer_2dINS_5arrayI8ap_fixedILi16ELi6EL9ap_q_mode5EL9ap_o_mode3ELi0EELj4EEENS1_IS2_ILi39ELi19ELS3_5ELS4_3ELi0EELj1EEE7config6EEvRKT_PAsrT1_6n_chan_12ap_shift_regINSA_10value_typeEXsrSD_8in_widthEERN3hls6streamIT0_18  |  16|   0|   16|          0|
    |p_ZZN4nnet24compute_output_buffer_2dINS_5arrayI8ap_fixedILi16ELi6EL9ap_q_mode5EL9ap_o_mode3ELi0EELj4EEENS1_IS2_ILi39ELi19ELS3_5ELS4_3ELi0EELj1EEE7config6EEvRKT_PAsrT1_6n_chan_12ap_shift_regINSA_10value_typeEXsrSD_8in_widthEERN3hls6streamIT0_19  |  16|   0|   16|          0|
    |p_ZZN4nnet24compute_output_buffer_2dINS_5arrayI8ap_fixedILi16ELi6EL9ap_q_mode5EL9ap_o_mode3ELi0EELj4EEENS1_IS2_ILi39ELi19ELS3_5ELS4_3ELi0EELj1EEE7config6EEvRKT_PAsrT1_6n_chan_12ap_shift_regINSA_10value_typeEXsrSD_8in_widthEERN3hls6streamIT0_2   |  16|   0|   16|          0|
    |p_ZZN4nnet24compute_output_buffer_2dINS_5arrayI8ap_fixedILi16ELi6EL9ap_q_mode5EL9ap_o_mode3ELi0EELj4EEENS1_IS2_ILi39ELi19ELS3_5ELS4_3ELi0EELj1EEE7config6EEvRKT_PAsrT1_6n_chan_12ap_shift_regINSA_10value_typeEXsrSD_8in_widthEERN3hls6streamIT0_20  |  16|   0|   16|          0|
    |p_ZZN4nnet24compute_output_buffer_2dINS_5arrayI8ap_fixedILi16ELi6EL9ap_q_mode5EL9ap_o_mode3ELi0EELj4EEENS1_IS2_ILi39ELi19ELS3_5ELS4_3ELi0EELj1EEE7config6EEvRKT_PAsrT1_6n_chan_12ap_shift_regINSA_10value_typeEXsrSD_8in_widthEERN3hls6streamIT0_21  |  16|   0|   16|          0|
    |p_ZZN4nnet24compute_output_buffer_2dINS_5arrayI8ap_fixedILi16ELi6EL9ap_q_mode5EL9ap_o_mode3ELi0EELj4EEENS1_IS2_ILi39ELi19ELS3_5ELS4_3ELi0EELj1EEE7config6EEvRKT_PAsrT1_6n_chan_12ap_shift_regINSA_10value_typeEXsrSD_8in_widthEERN3hls6streamIT0_22  |  16|   0|   16|          0|
    |p_ZZN4nnet24compute_output_buffer_2dINS_5arrayI8ap_fixedILi16ELi6EL9ap_q_mode5EL9ap_o_mode3ELi0EELj4EEENS1_IS2_ILi39ELi19ELS3_5ELS4_3ELi0EELj1EEE7config6EEvRKT_PAsrT1_6n_chan_12ap_shift_regINSA_10value_typeEXsrSD_8in_widthEERN3hls6streamIT0_23  |  16|   0|   16|          0|
    |p_ZZN4nnet24compute_output_buffer_2dINS_5arrayI8ap_fixedILi16ELi6EL9ap_q_mode5EL9ap_o_mode3ELi0EELj4EEENS1_IS2_ILi39ELi19ELS3_5ELS4_3ELi0EELj1EEE7config6EEvRKT_PAsrT1_6n_chan_12ap_shift_regINSA_10value_typeEXsrSD_8in_widthEERN3hls6streamIT0_24  |  16|   0|   16|          0|
    |p_ZZN4nnet24compute_output_buffer_2dINS_5arrayI8ap_fixedILi16ELi6EL9ap_q_mode5EL9ap_o_mode3ELi0EELj4EEENS1_IS2_ILi39ELi19ELS3_5ELS4_3ELi0EELj1EEE7config6EEvRKT_PAsrT1_6n_chan_12ap_shift_regINSA_10value_typeEXsrSD_8in_widthEERN3hls6streamIT0_25  |  16|   0|   16|          0|
    |p_ZZN4nnet24compute_output_buffer_2dINS_5arrayI8ap_fixedILi16ELi6EL9ap_q_mode5EL9ap_o_mode3ELi0EELj4EEENS1_IS2_ILi39ELi19ELS3_5ELS4_3ELi0EELj1EEE7config6EEvRKT_PAsrT1_6n_chan_12ap_shift_regINSA_10value_typeEXsrSD_8in_widthEERN3hls6streamIT0_3   |  16|   0|   16|          0|
    |p_ZZN4nnet24compute_output_buffer_2dINS_5arrayI8ap_fixedILi16ELi6EL9ap_q_mode5EL9ap_o_mode3ELi0EELj4EEENS1_IS2_ILi39ELi19ELS3_5ELS4_3ELi0EELj1EEE7config6EEvRKT_PAsrT1_6n_chan_12ap_shift_regINSA_10value_typeEXsrSD_8in_widthEERN3hls6streamIT0_4   |  16|   0|   16|          0|
    |p_ZZN4nnet24compute_output_buffer_2dINS_5arrayI8ap_fixedILi16ELi6EL9ap_q_mode5EL9ap_o_mode3ELi0EELj4EEENS1_IS2_ILi39ELi19ELS3_5ELS4_3ELi0EELj1EEE7config6EEvRKT_PAsrT1_6n_chan_12ap_shift_regINSA_10value_typeEXsrSD_8in_widthEERN3hls6streamIT0_5   |  16|   0|   16|          0|
    |p_ZZN4nnet24compute_output_buffer_2dINS_5arrayI8ap_fixedILi16ELi6EL9ap_q_mode5EL9ap_o_mode3ELi0EELj4EEENS1_IS2_ILi39ELi19ELS3_5ELS4_3ELi0EELj1EEE7config6EEvRKT_PAsrT1_6n_chan_12ap_shift_regINSA_10value_typeEXsrSD_8in_widthEERN3hls6streamIT0_6   |  16|   0|   16|          0|
    |p_ZZN4nnet24compute_output_buffer_2dINS_5arrayI8ap_fixedILi16ELi6EL9ap_q_mode5EL9ap_o_mode3ELi0EELj4EEENS1_IS2_ILi39ELi19ELS3_5ELS4_3ELi0EELj1EEE7config6EEvRKT_PAsrT1_6n_chan_12ap_shift_regINSA_10value_typeEXsrSD_8in_widthEERN3hls6streamIT0_7   |  16|   0|   16|          0|
    |p_ZZN4nnet24compute_output_buffer_2dINS_5arrayI8ap_fixedILi16ELi6EL9ap_q_mode5EL9ap_o_mode3ELi0EELj4EEENS1_IS2_ILi39ELi19ELS3_5ELS4_3ELi0EELj1EEE7config6EEvRKT_PAsrT1_6n_chan_12ap_shift_regINSA_10value_typeEXsrSD_8in_widthEERN3hls6streamIT0_8   |  16|   0|   16|          0|
    |p_ZZN4nnet24compute_output_buffer_2dINS_5arrayI8ap_fixedILi16ELi6EL9ap_q_mode5EL9ap_o_mode3ELi0EELj4EEENS1_IS2_ILi39ELi19ELS3_5ELS4_3ELi0EELj1EEE7config6EEvRKT_PAsrT1_6n_chan_12ap_shift_regINSA_10value_typeEXsrSD_8in_widthEERN3hls6streamIT0_9   |  16|   0|   16|          0|
    |p_ZZN4nnet24compute_output_buffer_2dINS_5arrayI8ap_fixedILi16ELi6EL9ap_q_mode5EL9ap_o_mode3ELi0EELj4EEENS1_IS2_ILi39ELi19ELS3_5ELS4_3ELi0EELj1EEE7config6EEvRKT_PAsrT1_6n_chan_12ap_shift_regINSA_10value_typeEXsrSD_8in_widthEERN3hls6streamIT0_s   |  16|   0|   16|          0|
    |sX_1                                                                                                                                                                                                                                                 |  32|   0|   32|          0|
    |sY_1                                                                                                                                                                                                                                                 |  32|   0|   32|          0|
    |storemerge_reg_171                                                                                                                                                                                                                                   |  32|   0|   32|          0|
    |void_compute_output_buffer_2d_array_array_ap_fixed_1u_config6_array_ap_fixed_16_6_5_3_0_4u_const_ap_shift_reg_value_type_in_width_n_chan_stream_array_ap_fixed_39_19_5_3_0_1u_0_weight_t_bias_t_kernel_data                                          |  16|   0|   16|          0|
    |void_compute_output_buffer_2d_array_array_ap_fixed_1u_config6_array_ap_fixed_16_6_5_3_0_4u_const_ap_shift_reg_value_type_in_width_n_chan_stream_array_ap_fixed_39_19_5_3_0_1u_0_weight_t_bias_t_kernel_data_1                                        |  16|   0|   16|          0|
    |void_compute_output_buffer_2d_array_array_ap_fixed_1u_config6_array_ap_fixed_16_6_5_3_0_4u_const_ap_shift_reg_value_type_in_width_n_chan_stream_array_ap_fixed_39_19_5_3_0_1u_0_weight_t_bias_t_kernel_data_2                                        |  16|   0|   16|          0|
    |void_compute_output_buffer_2d_array_array_ap_fixed_1u_config6_array_ap_fixed_16_6_5_3_0_4u_const_ap_shift_reg_value_type_in_width_n_chan_stream_array_ap_fixed_39_19_5_3_0_1u_0_weight_t_bias_t_kernel_data_3                                        |  16|   0|   16|          0|
    |void_compute_output_buffer_2d_array_array_ap_fixed_1u_config6_array_ap_fixed_16_6_5_3_0_4u_const_ap_shift_reg_value_type_in_width_n_chan_stream_array_ap_fixed_39_19_5_3_0_1u_0_weight_t_bias_t_kernel_data_4                                        |  16|   0|   16|          0|
    |void_compute_output_buffer_2d_array_array_ap_fixed_1u_config6_array_ap_fixed_16_6_5_3_0_4u_const_ap_shift_reg_value_type_in_width_n_chan_stream_array_ap_fixed_39_19_5_3_0_1u_0_weight_t_bias_t_kernel_data_5                                        |  16|   0|   16|          0|
    |void_compute_output_buffer_2d_array_array_ap_fixed_1u_config6_array_ap_fixed_16_6_5_3_0_4u_const_ap_shift_reg_value_type_in_width_n_chan_stream_array_ap_fixed_39_19_5_3_0_1u_0_weight_t_bias_t_kernel_data_6                                        |  16|   0|   16|          0|
    |void_compute_output_buffer_2d_array_array_ap_fixed_1u_config6_array_ap_fixed_16_6_5_3_0_4u_const_ap_shift_reg_value_type_in_width_n_chan_stream_array_ap_fixed_39_19_5_3_0_1u_0_weight_t_bias_t_kernel_data_7                                        |  16|   0|   16|          0|
    |void_compute_output_buffer_2d_array_array_ap_fixed_1u_config6_array_ap_fixed_16_6_5_3_0_4u_const_ap_shift_reg_value_type_in_width_n_chan_stream_array_ap_fixed_39_19_5_3_0_1u_0_weight_t_bias_t_kernel_data_8                                        |  16|   0|   16|          0|
    |void_compute_output_buffer_2d_array_array_ap_fixed_1u_config6_array_ap_fixed_16_6_5_3_0_4u_const_ap_shift_reg_value_type_in_width_n_chan_stream_array_ap_fixed_39_19_5_3_0_1u_0_weight_t_bias_t_kernel_data_9                                        |  16|   0|   16|          0|
    +-----------------------------------------------------------------------------------------------------------------------------------------------------------------------------------------------------------------------------------------------------+----+----+-----+-----------+
    |Total                                                                                                                                                                                                                                                | 744|   0|  744|          0|
    +-----------------------------------------------------------------------------------------------------------------------------------------------------------------------------------------------------------------------------------------------------+----+----+-----+-----------+



================================================================
== Interface
================================================================
* Summary: 
+-------------------+-----+-----+------------+--------------------------------------------------------------------------------------------------------------+--------------+
|     RTL Ports     | Dir | Bits|  Protocol  |                                                 Source Object                                                |    C Type    |
+-------------------+-----+-----+------------+--------------------------------------------------------------------------------------------------------------+--------------+
|ap_clk             |   in|    1|  ap_ctrl_hs|  compute_output_buffer_2d<array<ap_fixed<16, 6, 5, 3, 0>, 4u>, array<ap_fixed<39, 19, 5, 3, 0>, 1u>, config6>|  return value|
|ap_rst             |   in|    1|  ap_ctrl_hs|  compute_output_buffer_2d<array<ap_fixed<16, 6, 5, 3, 0>, 4u>, array<ap_fixed<39, 19, 5, 3, 0>, 1u>, config6>|  return value|
|ap_start           |   in|    1|  ap_ctrl_hs|  compute_output_buffer_2d<array<ap_fixed<16, 6, 5, 3, 0>, 4u>, array<ap_fixed<39, 19, 5, 3, 0>, 1u>, config6>|  return value|
|ap_done            |  out|    1|  ap_ctrl_hs|  compute_output_buffer_2d<array<ap_fixed<16, 6, 5, 3, 0>, 4u>, array<ap_fixed<39, 19, 5, 3, 0>, 1u>, config6>|  return value|
|ap_idle            |  out|    1|  ap_ctrl_hs|  compute_output_buffer_2d<array<ap_fixed<16, 6, 5, 3, 0>, 4u>, array<ap_fixed<39, 19, 5, 3, 0>, 1u>, config6>|  return value|
|ap_ready           |  out|    1|  ap_ctrl_hs|  compute_output_buffer_2d<array<ap_fixed<16, 6, 5, 3, 0>, 4u>, array<ap_fixed<39, 19, 5, 3, 0>, 1u>, config6>|  return value|
|p_read             |   in|   16|     ap_none|                                                                                                        p_read|        scalar|
|p_read1            |   in|   16|     ap_none|                                                                                                       p_read1|        scalar|
|p_read2            |   in|   16|     ap_none|                                                                                                       p_read2|        scalar|
|p_read3            |   in|   16|     ap_none|                                                                                                       p_read3|        scalar|
|layer6_out_TDATA   |  out|   64|        axis|                                                                                                    layer6_out|       pointer|
|layer6_out_TVALID  |  out|    1|        axis|                                                                                                    layer6_out|       pointer|
|layer6_out_TREADY  |   in|    1|        axis|                                                                                                    layer6_out|       pointer|
+-------------------+-----+-----+------------+--------------------------------------------------------------------------------------------------------------+--------------+

============================================================
+ Verbose Summary: Synthesis Manager
============================================================
InlineROM: 1
ExposeGlobal: 0
============================================================
+ Verbose Summary: CDFG Model
============================================================
IsTopModel: 0
ResetActiveHigh: 1
IsCombinational: 2
IsDatapathOnly: 2
HasWiredReturn: 1
HasMFsm: 0
HasVarLatency: 1
IsPipeline: 0
IsRtlPipelined: 0
IsInstanceOverlapped: 0
IsDontTouch: 0
HasImplIP: 0
IsGatedGlobalClock: 0


============================================================
+ Verbose Summary: Schedule
============================================================
* Number of FSM states : 4
* Pipeline : 0
* Dataflow Pipeline: 0

* FSM state transitions: 
1 --> 2 
2 --> 3 
3 --> 4 
4 --> 

* FSM state operations: 

State 1 <SV = 0> <Delay = 3.23>
ST_1 : Operation 5 [1/1] (0.00ns)   --->   "%p_read37 = read i16 @_ssdm_op_Read.ap_auto.i16, i16 %p_read3"   --->   Operation 5 'read' 'p_read37' <Predicate = true> <Delay = 0.00>
ST_1 : Operation 6 [1/1] (0.00ns)   --->   "%p_read26 = read i16 @_ssdm_op_Read.ap_auto.i16, i16 %p_read2"   --->   Operation 6 'read' 'p_read26' <Predicate = true> <Delay = 0.00>
ST_1 : Operation 7 [1/1] (0.00ns)   --->   "%p_read15 = read i16 @_ssdm_op_Read.ap_auto.i16, i16 %p_read1"   --->   Operation 7 'read' 'p_read15' <Predicate = true> <Delay = 0.00>
ST_1 : Operation 8 [1/1] (0.00ns)   --->   "%p_read_9 = read i16 @_ssdm_op_Read.ap_auto.i16, i16 %p_read"   --->   Operation 8 'read' 'p_read_9' <Predicate = true> <Delay = 0.00>
ST_1 : Operation 9 [1/1] (3.23ns)   --->   "%call_ln281 = call void @shift_line_buffer<array<ap_fixed<16, 6, 5, 3, 0>, 4u>, config6>, i16 %p_read_9, i16 %p_read15, i16 %p_read26, i16 %p_read37, i16 %void_compute_output_buffer_2d_array_array_ap_fixed_1u_config6_array_ap_fixed_16_6_5_3_0_4u_const_ap_shift_reg_value_type_in_width_n_chan_stream_array_ap_fixed_39_19_5_3_0_1u_0_weight_t_bias_t_kernel_data_5, i16 %void_compute_output_buffer_2d_array_array_ap_fixed_1u_config6_array_ap_fixed_16_6_5_3_0_4u_const_ap_shift_reg_value_type_in_width_n_chan_stream_array_ap_fixed_39_19_5_3_0_1u_0_weight_t_bias_t_kernel_data_9, i16 %void_compute_output_buffer_2d_array_array_ap_fixed_1u_config6_array_ap_fixed_16_6_5_3_0_4u_const_ap_shift_reg_value_type_in_width_n_chan_stream_array_ap_fixed_39_19_5_3_0_1u_0_weight_t_bias_t_kernel_data_4, i16 %void_compute_output_buffer_2d_array_array_ap_fixed_1u_config6_array_ap_fixed_16_6_5_3_0_4u_const_ap_shift_reg_value_type_in_width_n_chan_stream_array_ap_fixed_39_19_5_3_0_1u_0_weight_t_bias_t_kernel_data_8, i16 %void_compute_output_buffer_2d_array_array_ap_fixed_1u_config6_array_ap_fixed_16_6_5_3_0_4u_const_ap_shift_reg_value_type_in_width_n_chan_stream_array_ap_fixed_39_19_5_3_0_1u_0_weight_t_bias_t_kernel_data_3, i16 %void_compute_output_buffer_2d_array_array_ap_fixed_1u_config6_array_ap_fixed_16_6_5_3_0_4u_const_ap_shift_reg_value_type_in_width_n_chan_stream_array_ap_fixed_39_19_5_3_0_1u_0_weight_t_bias_t_kernel_data_7, i16 %void_compute_output_buffer_2d_array_array_ap_fixed_1u_config6_array_ap_fixed_16_6_5_3_0_4u_const_ap_shift_reg_value_type_in_width_n_chan_stream_array_ap_fixed_39_19_5_3_0_1u_0_weight_t_bias_t_kernel_data_2, i16 %void_compute_output_buffer_2d_array_array_ap_fixed_1u_config6_array_ap_fixed_16_6_5_3_0_4u_const_ap_shift_reg_value_type_in_width_n_chan_stream_array_ap_fixed_39_19_5_3_0_1u_0_weight_t_bias_t_kernel_data_6, i16 %p_ZZN4nnet24compute_output_buffer_2dINS_5arrayI8ap_fixedILi16ELi6EL9ap_q_mode5EL9ap_o_mode3ELi0EELj4EEENS1_IS2_ILi39ELi19ELS3_5ELS4_3ELi0EELj1EEE7config6EEvRKT_PAsrT1_6n_chan_12ap_shift_regINSA_10value_typeEXsrSD_8in_widthEERN3hls6streamIT0_19, i16 %p_ZZN4nnet24compute_output_buffer_2dINS_5arrayI8ap_fixedILi16ELi6EL9ap_q_mode5EL9ap_o_mode3ELi0EELj4EEENS1_IS2_ILi39ELi19ELS3_5ELS4_3ELi0EELj1EEE7config6EEvRKT_PAsrT1_6n_chan_12ap_shift_regINSA_10value_typeEXsrSD_8in_widthEERN3hls6streamIT0_23, i16 %p_ZZN4nnet24compute_output_buffer_2dINS_5arrayI8ap_fixedILi16ELi6EL9ap_q_mode5EL9ap_o_mode3ELi0EELj4EEENS1_IS2_ILi39ELi19ELS3_5ELS4_3ELi0EELj1EEE7config6EEvRKT_PAsrT1_6n_chan_12ap_shift_regINSA_10value_typeEXsrSD_8in_widthEERN3hls6streamIT0_18, i16 %p_ZZN4nnet24compute_output_buffer_2dINS_5arrayI8ap_fixedILi16ELi6EL9ap_q_mode5EL9ap_o_mode3ELi0EELj4EEENS1_IS2_ILi39ELi19ELS3_5ELS4_3ELi0EELj1EEE7config6EEvRKT_PAsrT1_6n_chan_12ap_shift_regINSA_10value_typeEXsrSD_8in_widthEERN3hls6streamIT0_22, i16 %p_ZZN4nnet24compute_output_buffer_2dINS_5arrayI8ap_fixedILi16ELi6EL9ap_q_mode5EL9ap_o_mode3ELi0EELj4EEENS1_IS2_ILi39ELi19ELS3_5ELS4_3ELi0EELj1EEE7config6EEvRKT_PAsrT1_6n_chan_12ap_shift_regINSA_10value_typeEXsrSD_8in_widthEERN3hls6streamIT0_17, i16 %p_ZZN4nnet24compute_output_buffer_2dINS_5arrayI8ap_fixedILi16ELi6EL9ap_q_mode5EL9ap_o_mode3ELi0EELj4EEENS1_IS2_ILi39ELi19ELS3_5ELS4_3ELi0EELj1EEE7config6EEvRKT_PAsrT1_6n_chan_12ap_shift_regINSA_10value_typeEXsrSD_8in_widthEERN3hls6streamIT0_21, i16 %p_ZZN4nnet24compute_output_buffer_2dINS_5arrayI8ap_fixedILi16ELi6EL9ap_q_mode5EL9ap_o_mode3ELi0EELj4EEENS1_IS2_ILi39ELi19ELS3_5ELS4_3ELi0EELj1EEE7config6EEvRKT_PAsrT1_6n_chan_12ap_shift_regINSA_10value_typeEXsrSD_8in_widthEERN3hls6streamIT0_16, i16 %p_ZZN4nnet24compute_output_buffer_2dINS_5arrayI8ap_fixedILi16ELi6EL9ap_q_mode5EL9ap_o_mode3ELi0EELj4EEENS1_IS2_ILi39ELi19ELS3_5ELS4_3ELi0EELj1EEE7config6EEvRKT_PAsrT1_6n_chan_12ap_shift_regINSA_10value_typeEXsrSD_8in_widthEERN3hls6streamIT0_20, i16 %p_ZZN4nnet24compute_output_buffer_2dINS_5arrayI8ap_fixedILi16ELi6EL9ap_q_mode5EL9ap_o_mode3ELi0EELj4EEENS1_IS2_ILi39ELi19ELS3_5ELS4_3ELi0EELj1EEE7config6EEvRKT_PAsrT1_6n_chan_12ap_shift_regINSA_10value_typeEXsrSD_8in_widthEERN3hls6streamIT0_7, i16 %p_ZZN4nnet24compute_output_buffer_2dINS_5arrayI8ap_fixedILi16ELi6EL9ap_q_mode5EL9ap_o_mode3ELi0EELj4EEENS1_IS2_ILi39ELi19ELS3_5ELS4_3ELi0EELj1EEE7config6EEvRKT_PAsrT1_6n_chan_12ap_shift_regINSA_10value_typeEXsrSD_8in_widthEERN3hls6streamIT0_11, i16 %p_ZZN4nnet24compute_output_buffer_2dINS_5arrayI8ap_fixedILi16ELi6EL9ap_q_mode5EL9ap_o_mode3ELi0EELj4EEENS1_IS2_ILi39ELi19ELS3_5ELS4_3ELi0EELj1EEE7config6EEvRKT_PAsrT1_6n_chan_12ap_shift_regINSA_10value_typeEXsrSD_8in_widthEERN3hls6streamIT0_6, i16 %p_ZZN4nnet24compute_output_buffer_2dINS_5arrayI8ap_fixedILi16ELi6EL9ap_q_mode5EL9ap_o_mode3ELi0EELj4EEENS1_IS2_ILi39ELi19ELS3_5ELS4_3ELi0EELj1EEE7config6EEvRKT_PAsrT1_6n_chan_12ap_shift_regINSA_10value_typeEXsrSD_8in_widthEERN3hls6streamIT0_10, i16 %p_ZZN4nnet24compute_output_buffer_2dINS_5arrayI8ap_fixedILi16ELi6EL9ap_q_mode5EL9ap_o_mode3ELi0EELj4EEENS1_IS2_ILi39ELi19ELS3_5ELS4_3ELi0EELj1EEE7config6EEvRKT_PAsrT1_6n_chan_12ap_shift_regINSA_10value_typeEXsrSD_8in_widthEERN3hls6streamIT0_5, i16 %p_ZZN4nnet24compute_output_buffer_2dINS_5arrayI8ap_fixedILi16ELi6EL9ap_q_mode5EL9ap_o_mode3ELi0EELj4EEENS1_IS2_ILi39ELi19ELS3_5ELS4_3ELi0EELj1EEE7config6EEvRKT_PAsrT1_6n_chan_12ap_shift_regINSA_10value_typeEXsrSD_8in_widthEERN3hls6streamIT0_9, i16 %p_ZZN4nnet24compute_output_buffer_2dINS_5arrayI8ap_fixedILi16ELi6EL9ap_q_mode5EL9ap_o_mode3ELi0EELj4EEENS1_IS2_ILi39ELi19ELS3_5ELS4_3ELi0EELj1EEE7config6EEvRKT_PAsrT1_6n_chan_12ap_shift_regINSA_10value_typeEXsrSD_8in_widthEERN3hls6streamIT0_4, i16 %p_ZZN4nnet24compute_output_buffer_2dINS_5arrayI8ap_fixedILi16ELi6EL9ap_q_mode5EL9ap_o_mode3ELi0EELj4EEENS1_IS2_ILi39ELi19ELS3_5ELS4_3ELi0EELj1EEE7config6EEvRKT_PAsrT1_6n_chan_12ap_shift_regINSA_10value_typeEXsrSD_8in_widthEERN3hls6streamIT0_8, i16 %void_compute_output_buffer_2d_array_array_ap_fixed_1u_config6_array_ap_fixed_16_6_5_3_0_4u_const_ap_shift_reg_value_type_in_width_n_chan_stream_array_ap_fixed_39_19_5_3_0_1u_0_weight_t_bias_t_kernel_data_1, i16 %void_compute_output_buffer_2d_array_array_ap_fixed_1u_config6_array_ap_fixed_16_6_5_3_0_4u_const_ap_shift_reg_value_type_in_width_n_chan_stream_array_ap_fixed_39_19_5_3_0_1u_0_weight_t_bias_t_kernel_data, i16 %p_ZZN4nnet24compute_output_buffer_2dINS_5arrayI8ap_fixedILi16ELi6EL9ap_q_mode5EL9ap_o_mode3ELi0EELj4EEENS1_IS2_ILi39ELi19ELS3_5ELS4_3ELi0EELj1EEE7config6EEvRKT_PAsrT1_6n_chan_12ap_shift_regINSA_10value_typeEXsrSD_8in_widthEERN3hls6streamIT0_25, i16 %p_ZZN4nnet24compute_output_buffer_2dINS_5arrayI8ap_fixedILi16ELi6EL9ap_q_mode5EL9ap_o_mode3ELi0EELj4EEENS1_IS2_ILi39ELi19ELS3_5ELS4_3ELi0EELj1EEE7config6EEvRKT_PAsrT1_6n_chan_12ap_shift_regINSA_10value_typeEXsrSD_8in_widthEERN3hls6streamIT0_24, i16 %p_ZZN4nnet24compute_output_buffer_2dINS_5arrayI8ap_fixedILi16ELi6EL9ap_q_mode5EL9ap_o_mode3ELi0EELj4EEENS1_IS2_ILi39ELi19ELS3_5ELS4_3ELi0EELj1EEE7config6EEvRKT_PAsrT1_6n_chan_12ap_shift_regINSA_10value_typeEXsrSD_8in_widthEERN3hls6streamIT0_15, i16 %p_ZZN4nnet24compute_output_buffer_2dINS_5arrayI8ap_fixedILi16ELi6EL9ap_q_mode5EL9ap_o_mode3ELi0EELj4EEENS1_IS2_ILi39ELi19ELS3_5ELS4_3ELi0EELj1EEE7config6EEvRKT_PAsrT1_6n_chan_12ap_shift_regINSA_10value_typeEXsrSD_8in_widthEERN3hls6streamIT0_14, i16 %p_ZZN4nnet24compute_output_buffer_2dINS_5arrayI8ap_fixedILi16ELi6EL9ap_q_mode5EL9ap_o_mode3ELi0EELj4EEENS1_IS2_ILi39ELi19ELS3_5ELS4_3ELi0EELj1EEE7config6EEvRKT_PAsrT1_6n_chan_12ap_shift_regINSA_10value_typeEXsrSD_8in_widthEERN3hls6streamIT0_13, i16 %p_ZZN4nnet24compute_output_buffer_2dINS_5arrayI8ap_fixedILi16ELi6EL9ap_q_mode5EL9ap_o_mode3ELi0EELj4EEENS1_IS2_ILi39ELi19ELS3_5ELS4_3ELi0EELj1EEE7config6EEvRKT_PAsrT1_6n_chan_12ap_shift_regINSA_10value_typeEXsrSD_8in_widthEERN3hls6streamIT0_12, i16 %p_ZZN4nnet24compute_output_buffer_2dINS_5arrayI8ap_fixedILi16ELi6EL9ap_q_mode5EL9ap_o_mode3ELi0EELj4EEENS1_IS2_ILi39ELi19ELS3_5ELS4_3ELi0EELj1EEE7config6EEvRKT_PAsrT1_6n_chan_12ap_shift_regINSA_10value_typeEXsrSD_8in_widthEERN3hls6streamIT0_3, i16 %p_ZZN4nnet24compute_output_buffer_2dINS_5arrayI8ap_fixedILi16ELi6EL9ap_q_mode5EL9ap_o_mode3ELi0EELj4EEENS1_IS2_ILi39ELi19ELS3_5ELS4_3ELi0EELj1EEE7config6EEvRKT_PAsrT1_6n_chan_12ap_shift_regINSA_10value_typeEXsrSD_8in_widthEERN3hls6streamIT0_2, i16 %p_ZZN4nnet24compute_output_buffer_2dINS_5arrayI8ap_fixedILi16ELi6EL9ap_q_mode5EL9ap_o_mode3ELi0EELj4EEENS1_IS2_ILi39ELi19ELS3_5ELS4_3ELi0EELj1EEE7config6EEvRKT_PAsrT1_6n_chan_12ap_shift_regINSA_10value_typeEXsrSD_8in_widthEERN3hls6streamIT0_1, i16 %p_ZZN4nnet24compute_output_buffer_2dINS_5arrayI8ap_fixedILi16ELi6EL9ap_q_mode5EL9ap_o_mode3ELi0EELj4EEENS1_IS2_ILi39ELi19ELS3_5ELS4_3ELi0EELj1EEE7config6EEvRKT_PAsrT1_6n_chan_12ap_shift_regINSA_10value_typeEXsrSD_8in_widthEERN3hls6streamIT0_s, i16 %void_conv_2d_buffer_cl_array_ap_fixed_16_6_5_3_0_4u_array_ap_fixed_39_19_5_3_0_1u_config6_stream_array_ap_fixed_16_6_5_3_0_4u_0_stream_array_ap_fixed_39_19_5_3_0_1u_0_weight_t_bias_t_line_buffer_0, i16 %void_conv_2d_buffer_cl_array_ap_fixed_16_6_5_3_0_4u_array_ap_fixed_39_19_5_3_0_1u_config6_stream_array_ap_fixed_16_6_5_3_0_4u_0_stream_array_ap_fixed_39_19_5_3_0_1u_0_weight_t_bias_t_line_buffer, i16 %void_conv_2d_buffer_cl_array_ap_fixed_16_6_5_3_0_4u_array_ap_fixed_39_19_5_3_0_1u_config6_stream_array_ap_fixed_16_6_5_3_0_4u_0_stream_array_ap_fixed_39_19_5_3_0_1u_0_weight_t_bias_t_line_buffer_1_0, i16 %void_conv_2d_buffer_cl_array_ap_fixed_16_6_5_3_0_4u_array_ap_fixed_39_19_5_3_0_1u_config6_stream_array_ap_fixed_16_6_5_3_0_4u_0_stream_array_ap_fixed_39_19_5_3_0_1u_0_weight_t_bias_t_line_buffer_1_1, i16 %void_conv_2d_buffer_cl_array_ap_fixed_16_6_5_3_0_4u_array_ap_fixed_39_19_5_3_0_1u_config6_stream_array_ap_fixed_16_6_5_3_0_4u_0_stream_array_ap_fixed_39_19_5_3_0_1u_0_weight_t_bias_t_line_buffer_2_0, i16 %void_conv_2d_buffer_cl_array_ap_fixed_16_6_5_3_0_4u_array_ap_fixed_39_19_5_3_0_1u_config6_stream_array_ap_fixed_16_6_5_3_0_4u_0_stream_array_ap_fixed_39_19_5_3_0_1u_0_weight_t_bias_t_line_buffer_2_1, i16 %void_conv_2d_buffer_cl_array_ap_fixed_16_6_5_3_0_4u_array_ap_fixed_39_19_5_3_0_1u_config6_stream_array_ap_fixed_16_6_5_3_0_4u_0_stream_array_ap_fixed_39_19_5_3_0_1u_0_weight_t_bias_t_line_buffer_3_0, i16 %void_conv_2d_buffer_cl_array_ap_fixed_16_6_5_3_0_4u_array_ap_fixed_39_19_5_3_0_1u_config6_stream_array_ap_fixed_16_6_5_3_0_4u_0_stream_array_ap_fixed_39_19_5_3_0_1u_0_weight_t_bias_t_line_buffer_3_1" [firmware/nnet_utils/nnet_conv_stream.h:281]   --->   Operation 9 'call' 'call_ln281' <Predicate = true> <Delay = 3.23> <CoreType = "Generic">   --->   Core 0 '' <Latency = 0> <II = 1> <Delay = 1.00> <Generic> <Opcode : >

State 2 <SV = 1> <Delay = 4.42>
ST_2 : Operation 10 [1/1] (0.00ns)   --->   "%specinterface_ln0 = specinterface void @_ssdm_op_SpecInterface, i64 %layer6_out, void @empty_2, i32 0, i32 0, void @empty_10, i32 0, i32 0, void @empty_7, void @empty_7, void @empty_7, i32 0, i32 0, i32 0, i32 0, void @empty_7, void @empty_7"   --->   Operation 10 'specinterface' 'specinterface_ln0' <Predicate = true> <Delay = 0.00>
ST_2 : Operation 11 [1/1] (0.00ns)   --->   "%sX_1_load = load i32 %sX_1" [firmware/nnet_utils/nnet_conv_stream.h:284]   --->   Operation 11 'load' 'sX_1_load' <Predicate = true> <Delay = 0.00>
ST_2 : Operation 12 [1/1] (2.47ns)   --->   "%icmp_ln284 = icmp_eq  i32 %sX_1_load, i32 2" [firmware/nnet_utils/nnet_conv_stream.h:284]   --->   Operation 12 'icmp' 'icmp_ln284' <Predicate = true> <Delay = 2.47> <CoreInst = "Cmp">   --->   Core 9 'Cmp' <Latency = 0> <II = 1> <Delay = 2.47> <FuncUnit> <Opcode : 'icmp'> <InPorts = 2> <OutPorts = 1>
ST_2 : Operation 13 [1/1] (0.00ns)   --->   "%sY_1_load = load i32 %sY_1" [firmware/nnet_utils/nnet_conv_stream.h:284]   --->   Operation 13 'load' 'sY_1_load' <Predicate = true> <Delay = 0.00>
ST_2 : Operation 14 [1/1] (0.00ns)   --->   "%pY_1_load = load i32 %pY_1" [firmware/nnet_utils/nnet_conv_stream.h:284]   --->   Operation 14 'load' 'pY_1_load' <Predicate = true> <Delay = 0.00>
ST_2 : Operation 15 [1/1] (0.00ns)   --->   "%pX_1_load = load i32 %pX_1" [firmware/nnet_utils/nnet_conv_stream.h:284]   --->   Operation 15 'load' 'pX_1_load' <Predicate = true> <Delay = 0.00>
ST_2 : Operation 16 [1/1] (0.00ns)   --->   "%br_ln284 = br i1 %icmp_ln284, void %arrayctor.loop1._crit_edge, void" [firmware/nnet_utils/nnet_conv_stream.h:284]   --->   Operation 16 'br' 'br_ln284' <Predicate = true> <Delay = 0.00>
ST_2 : Operation 17 [1/1] (2.47ns)   --->   "%icmp_ln284_4 = icmp_eq  i32 %sY_1_load, i32 2" [firmware/nnet_utils/nnet_conv_stream.h:284]   --->   Operation 17 'icmp' 'icmp_ln284_4' <Predicate = (icmp_ln284)> <Delay = 2.47> <CoreInst = "Cmp">   --->   Core 9 'Cmp' <Latency = 0> <II = 1> <Delay = 2.47> <FuncUnit> <Opcode : 'icmp'> <InPorts = 2> <OutPorts = 1>
ST_2 : Operation 18 [1/1] (0.00ns)   --->   "%tmp = partselect i31 @_ssdm_op_PartSelect.i31.i32.i32.i32, i32 %pY_1_load, i32 1, i32 31" [firmware/nnet_utils/nnet_conv_stream.h:284]   --->   Operation 18 'partselect' 'tmp' <Predicate = (icmp_ln284)> <Delay = 0.00>
ST_2 : Operation 19 [1/1] (2.47ns)   --->   "%icmp_ln284_5 = icmp_sgt  i31 %tmp, i31 0" [firmware/nnet_utils/nnet_conv_stream.h:284]   --->   Operation 19 'icmp' 'icmp_ln284_5' <Predicate = (icmp_ln284)> <Delay = 2.47> <CoreInst = "Cmp">   --->   Core 9 'Cmp' <Latency = 0> <II = 1> <Delay = 2.47> <FuncUnit> <Opcode : 'icmp'> <InPorts = 2> <OutPorts = 1>
ST_2 : Operation 20 [1/1] (0.00ns)   --->   "%tmp_3 = partselect i31 @_ssdm_op_PartSelect.i31.i32.i32.i32, i32 %pX_1_load, i32 1, i32 31" [firmware/nnet_utils/nnet_conv_stream.h:284]   --->   Operation 20 'partselect' 'tmp_3' <Predicate = (icmp_ln284)> <Delay = 0.00>
ST_2 : Operation 21 [1/1] (2.47ns)   --->   "%icmp_ln284_6 = icmp_sgt  i31 %tmp_3, i31 0" [firmware/nnet_utils/nnet_conv_stream.h:284]   --->   Operation 21 'icmp' 'icmp_ln284_6' <Predicate = (icmp_ln284)> <Delay = 2.47> <CoreInst = "Cmp">   --->   Core 9 'Cmp' <Latency = 0> <II = 1> <Delay = 2.47> <FuncUnit> <Opcode : 'icmp'> <InPorts = 2> <OutPorts = 1>
ST_2 : Operation 22 [1/1] (0.00ns) (grouped into LUT with out node and_ln284_2)   --->   "%and_ln284 = and i1 %icmp_ln284_5, i1 %icmp_ln284_6" [firmware/nnet_utils/nnet_conv_stream.h:284]   --->   Operation 22 'and' 'and_ln284' <Predicate = (icmp_ln284)> <Delay = 0.00> <CoreInst = "LogicGate">   --->   Core 74 'LogicGate' <Latency = 0> <II = 1> <Delay = 0.97> <FuncUnit> <Opcode : 'and' 'or' 'xor'> <InPorts = 2> <OutPorts = 1>
ST_2 : Operation 23 [1/1] (0.97ns) (out node of the LUT)   --->   "%and_ln284_2 = and i1 %and_ln284, i1 %icmp_ln284_4" [firmware/nnet_utils/nnet_conv_stream.h:284]   --->   Operation 23 'and' 'and_ln284_2' <Predicate = (icmp_ln284)> <Delay = 0.97> <CoreInst = "LogicGate">   --->   Core 74 'LogicGate' <Latency = 0> <II = 1> <Delay = 0.97> <FuncUnit> <Opcode : 'and' 'or' 'xor'> <InPorts = 2> <OutPorts = 1>
ST_2 : Operation 24 [1/1] (0.00ns)   --->   "%br_ln284 = br i1 %and_ln284_2, void %arrayctor.loop1._crit_edge, void" [firmware/nnet_utils/nnet_conv_stream.h:284]   --->   Operation 24 'br' 'br_ln284' <Predicate = (icmp_ln284)> <Delay = 0.00>
ST_2 : Operation 25 [2/2] (0.00ns)   --->   "%res_out_V = call i26 @dense_resource_rf_leq_nin<ap_fixed<16, 6, 5, 3, 0>, ap_fixed<39, 19, 5, 3, 0>, config6_mult>, i11 %w6_V, i16 %void_compute_output_buffer_2d_array_array_ap_fixed_1u_config6_array_ap_fixed_16_6_5_3_0_4u_const_ap_shift_reg_value_type_in_width_n_chan_stream_array_ap_fixed_39_19_5_3_0_1u_0_weight_t_bias_t_kernel_data_9, i16 %void_compute_output_buffer_2d_array_array_ap_fixed_1u_config6_array_ap_fixed_16_6_5_3_0_4u_const_ap_shift_reg_value_type_in_width_n_chan_stream_array_ap_fixed_39_19_5_3_0_1u_0_weight_t_bias_t_kernel_data_8, i16 %void_compute_output_buffer_2d_array_array_ap_fixed_1u_config6_array_ap_fixed_16_6_5_3_0_4u_const_ap_shift_reg_value_type_in_width_n_chan_stream_array_ap_fixed_39_19_5_3_0_1u_0_weight_t_bias_t_kernel_data_7, i16 %void_compute_output_buffer_2d_array_array_ap_fixed_1u_config6_array_ap_fixed_16_6_5_3_0_4u_const_ap_shift_reg_value_type_in_width_n_chan_stream_array_ap_fixed_39_19_5_3_0_1u_0_weight_t_bias_t_kernel_data_6, i16 %void_compute_output_buffer_2d_array_array_ap_fixed_1u_config6_array_ap_fixed_16_6_5_3_0_4u_const_ap_shift_reg_value_type_in_width_n_chan_stream_array_ap_fixed_39_19_5_3_0_1u_0_weight_t_bias_t_kernel_data_5, i16 %void_compute_output_buffer_2d_array_array_ap_fixed_1u_config6_array_ap_fixed_16_6_5_3_0_4u_const_ap_shift_reg_value_type_in_width_n_chan_stream_array_ap_fixed_39_19_5_3_0_1u_0_weight_t_bias_t_kernel_data_4, i16 %void_compute_output_buffer_2d_array_array_ap_fixed_1u_config6_array_ap_fixed_16_6_5_3_0_4u_const_ap_shift_reg_value_type_in_width_n_chan_stream_array_ap_fixed_39_19_5_3_0_1u_0_weight_t_bias_t_kernel_data_3, i16 %void_compute_output_buffer_2d_array_array_ap_fixed_1u_config6_array_ap_fixed_16_6_5_3_0_4u_const_ap_shift_reg_value_type_in_width_n_chan_stream_array_ap_fixed_39_19_5_3_0_1u_0_weight_t_bias_t_kernel_data_2, i16 %void_compute_output_buffer_2d_array_array_ap_fixed_1u_config6_array_ap_fixed_16_6_5_3_0_4u_const_ap_shift_reg_value_type_in_width_n_chan_stream_array_ap_fixed_39_19_5_3_0_1u_0_weight_t_bias_t_kernel_data_1, i16 %void_compute_output_buffer_2d_array_array_ap_fixed_1u_config6_array_ap_fixed_16_6_5_3_0_4u_const_ap_shift_reg_value_type_in_width_n_chan_stream_array_ap_fixed_39_19_5_3_0_1u_0_weight_t_bias_t_kernel_data, i16 %p_ZZN4nnet24compute_output_buffer_2dINS_5arrayI8ap_fixedILi16ELi6EL9ap_q_mode5EL9ap_o_mode3ELi0EELj4EEENS1_IS2_ILi39ELi19ELS3_5ELS4_3ELi0EELj1EEE7config6EEvRKT_PAsrT1_6n_chan_12ap_shift_regINSA_10value_typeEXsrSD_8in_widthEERN3hls6streamIT0_25, i16 %p_ZZN4nnet24compute_output_buffer_2dINS_5arrayI8ap_fixedILi16ELi6EL9ap_q_mode5EL9ap_o_mode3ELi0EELj4EEENS1_IS2_ILi39ELi19ELS3_5ELS4_3ELi0EELj1EEE7config6EEvRKT_PAsrT1_6n_chan_12ap_shift_regINSA_10value_typeEXsrSD_8in_widthEERN3hls6streamIT0_24, i16 %p_ZZN4nnet24compute_output_buffer_2dINS_5arrayI8ap_fixedILi16ELi6EL9ap_q_mode5EL9ap_o_mode3ELi0EELj4EEENS1_IS2_ILi39ELi19ELS3_5ELS4_3ELi0EELj1EEE7config6EEvRKT_PAsrT1_6n_chan_12ap_shift_regINSA_10value_typeEXsrSD_8in_widthEERN3hls6streamIT0_23, i16 %p_ZZN4nnet24compute_output_buffer_2dINS_5arrayI8ap_fixedILi16ELi6EL9ap_q_mode5EL9ap_o_mode3ELi0EELj4EEENS1_IS2_ILi39ELi19ELS3_5ELS4_3ELi0EELj1EEE7config6EEvRKT_PAsrT1_6n_chan_12ap_shift_regINSA_10value_typeEXsrSD_8in_widthEERN3hls6streamIT0_22, i16 %p_ZZN4nnet24compute_output_buffer_2dINS_5arrayI8ap_fixedILi16ELi6EL9ap_q_mode5EL9ap_o_mode3ELi0EELj4EEENS1_IS2_ILi39ELi19ELS3_5ELS4_3ELi0EELj1EEE7config6EEvRKT_PAsrT1_6n_chan_12ap_shift_regINSA_10value_typeEXsrSD_8in_widthEERN3hls6streamIT0_21, i16 %p_ZZN4nnet24compute_output_buffer_2dINS_5arrayI8ap_fixedILi16ELi6EL9ap_q_mode5EL9ap_o_mode3ELi0EELj4EEENS1_IS2_ILi39ELi19ELS3_5ELS4_3ELi0EELj1EEE7config6EEvRKT_PAsrT1_6n_chan_12ap_shift_regINSA_10value_typeEXsrSD_8in_widthEERN3hls6streamIT0_20, i16 %p_ZZN4nnet24compute_output_buffer_2dINS_5arrayI8ap_fixedILi16ELi6EL9ap_q_mode5EL9ap_o_mode3ELi0EELj4EEENS1_IS2_ILi39ELi19ELS3_5ELS4_3ELi0EELj1EEE7config6EEvRKT_PAsrT1_6n_chan_12ap_shift_regINSA_10value_typeEXsrSD_8in_widthEERN3hls6streamIT0_19, i16 %p_ZZN4nnet24compute_output_buffer_2dINS_5arrayI8ap_fixedILi16ELi6EL9ap_q_mode5EL9ap_o_mode3ELi0EELj4EEENS1_IS2_ILi39ELi19ELS3_5ELS4_3ELi0EELj1EEE7config6EEvRKT_PAsrT1_6n_chan_12ap_shift_regINSA_10value_typeEXsrSD_8in_widthEERN3hls6streamIT0_18, i16 %p_ZZN4nnet24compute_output_buffer_2dINS_5arrayI8ap_fixedILi16ELi6EL9ap_q_mode5EL9ap_o_mode3ELi0EELj4EEENS1_IS2_ILi39ELi19ELS3_5ELS4_3ELi0EELj1EEE7config6EEvRKT_PAsrT1_6n_chan_12ap_shift_regINSA_10value_typeEXsrSD_8in_widthEERN3hls6streamIT0_17, i16 %p_ZZN4nnet24compute_output_buffer_2dINS_5arrayI8ap_fixedILi16ELi6EL9ap_q_mode5EL9ap_o_mode3ELi0EELj4EEENS1_IS2_ILi39ELi19ELS3_5ELS4_3ELi0EELj1EEE7config6EEvRKT_PAsrT1_6n_chan_12ap_shift_regINSA_10value_typeEXsrSD_8in_widthEERN3hls6streamIT0_16, i16 %p_ZZN4nnet24compute_output_buffer_2dINS_5arrayI8ap_fixedILi16ELi6EL9ap_q_mode5EL9ap_o_mode3ELi0EELj4EEENS1_IS2_ILi39ELi19ELS3_5ELS4_3ELi0EELj1EEE7config6EEvRKT_PAsrT1_6n_chan_12ap_shift_regINSA_10value_typeEXsrSD_8in_widthEERN3hls6streamIT0_15, i16 %p_ZZN4nnet24compute_output_buffer_2dINS_5arrayI8ap_fixedILi16ELi6EL9ap_q_mode5EL9ap_o_mode3ELi0EELj4EEENS1_IS2_ILi39ELi19ELS3_5ELS4_3ELi0EELj1EEE7config6EEvRKT_PAsrT1_6n_chan_12ap_shift_regINSA_10value_typeEXsrSD_8in_widthEERN3hls6streamIT0_14, i16 %p_ZZN4nnet24compute_output_buffer_2dINS_5arrayI8ap_fixedILi16ELi6EL9ap_q_mode5EL9ap_o_mode3ELi0EELj4EEENS1_IS2_ILi39ELi19ELS3_5ELS4_3ELi0EELj1EEE7config6EEvRKT_PAsrT1_6n_chan_12ap_shift_regINSA_10value_typeEXsrSD_8in_widthEERN3hls6streamIT0_13, i16 %p_ZZN4nnet24compute_output_buffer_2dINS_5arrayI8ap_fixedILi16ELi6EL9ap_q_mode5EL9ap_o_mode3ELi0EELj4EEENS1_IS2_ILi39ELi19ELS3_5ELS4_3ELi0EELj1EEE7config6EEvRKT_PAsrT1_6n_chan_12ap_shift_regINSA_10value_typeEXsrSD_8in_widthEERN3hls6streamIT0_12, i16 %p_ZZN4nnet24compute_output_buffer_2dINS_5arrayI8ap_fixedILi16ELi6EL9ap_q_mode5EL9ap_o_mode3ELi0EELj4EEENS1_IS2_ILi39ELi19ELS3_5ELS4_3ELi0EELj1EEE7config6EEvRKT_PAsrT1_6n_chan_12ap_shift_regINSA_10value_typeEXsrSD_8in_widthEERN3hls6streamIT0_11, i16 %p_ZZN4nnet24compute_output_buffer_2dINS_5arrayI8ap_fixedILi16ELi6EL9ap_q_mode5EL9ap_o_mode3ELi0EELj4EEENS1_IS2_ILi39ELi19ELS3_5ELS4_3ELi0EELj1EEE7config6EEvRKT_PAsrT1_6n_chan_12ap_shift_regINSA_10value_typeEXsrSD_8in_widthEERN3hls6streamIT0_10, i16 %p_ZZN4nnet24compute_output_buffer_2dINS_5arrayI8ap_fixedILi16ELi6EL9ap_q_mode5EL9ap_o_mode3ELi0EELj4EEENS1_IS2_ILi39ELi19ELS3_5ELS4_3ELi0EELj1EEE7config6EEvRKT_PAsrT1_6n_chan_12ap_shift_regINSA_10value_typeEXsrSD_8in_widthEERN3hls6streamIT0_9, i16 %p_ZZN4nnet24compute_output_buffer_2dINS_5arrayI8ap_fixedILi16ELi6EL9ap_q_mode5EL9ap_o_mode3ELi0EELj4EEENS1_IS2_ILi39ELi19ELS3_5ELS4_3ELi0EELj1EEE7config6EEvRKT_PAsrT1_6n_chan_12ap_shift_regINSA_10value_typeEXsrSD_8in_widthEERN3hls6streamIT0_8, i16 %p_ZZN4nnet24compute_output_buffer_2dINS_5arrayI8ap_fixedILi16ELi6EL9ap_q_mode5EL9ap_o_mode3ELi0EELj4EEENS1_IS2_ILi39ELi19ELS3_5ELS4_3ELi0EELj1EEE7config6EEvRKT_PAsrT1_6n_chan_12ap_shift_regINSA_10value_typeEXsrSD_8in_widthEERN3hls6streamIT0_7, i16 %p_ZZN4nnet24compute_output_buffer_2dINS_5arrayI8ap_fixedILi16ELi6EL9ap_q_mode5EL9ap_o_mode3ELi0EELj4EEENS1_IS2_ILi39ELi19ELS3_5ELS4_3ELi0EELj1EEE7config6EEvRKT_PAsrT1_6n_chan_12ap_shift_regINSA_10value_typeEXsrSD_8in_widthEERN3hls6streamIT0_6, i16 %p_ZZN4nnet24compute_output_buffer_2dINS_5arrayI8ap_fixedILi16ELi6EL9ap_q_mode5EL9ap_o_mode3ELi0EELj4EEENS1_IS2_ILi39ELi19ELS3_5ELS4_3ELi0EELj1EEE7config6EEvRKT_PAsrT1_6n_chan_12ap_shift_regINSA_10value_typeEXsrSD_8in_widthEERN3hls6streamIT0_5, i16 %p_ZZN4nnet24compute_output_buffer_2dINS_5arrayI8ap_fixedILi16ELi6EL9ap_q_mode5EL9ap_o_mode3ELi0EELj4EEENS1_IS2_ILi39ELi19ELS3_5ELS4_3ELi0EELj1EEE7config6EEvRKT_PAsrT1_6n_chan_12ap_shift_regINSA_10value_typeEXsrSD_8in_widthEERN3hls6streamIT0_4, i16 %p_ZZN4nnet24compute_output_buffer_2dINS_5arrayI8ap_fixedILi16ELi6EL9ap_q_mode5EL9ap_o_mode3ELi0EELj4EEENS1_IS2_ILi39ELi19ELS3_5ELS4_3ELi0EELj1EEE7config6EEvRKT_PAsrT1_6n_chan_12ap_shift_regINSA_10value_typeEXsrSD_8in_widthEERN3hls6streamIT0_3, i16 %p_ZZN4nnet24compute_output_buffer_2dINS_5arrayI8ap_fixedILi16ELi6EL9ap_q_mode5EL9ap_o_mode3ELi0EELj4EEENS1_IS2_ILi39ELi19ELS3_5ELS4_3ELi0EELj1EEE7config6EEvRKT_PAsrT1_6n_chan_12ap_shift_regINSA_10value_typeEXsrSD_8in_widthEERN3hls6streamIT0_2, i16 %p_ZZN4nnet24compute_output_buffer_2dINS_5arrayI8ap_fixedILi16ELi6EL9ap_q_mode5EL9ap_o_mode3ELi0EELj4EEENS1_IS2_ILi39ELi19ELS3_5ELS4_3ELi0EELj1EEE7config6EEvRKT_PAsrT1_6n_chan_12ap_shift_regINSA_10value_typeEXsrSD_8in_widthEERN3hls6streamIT0_1, i16 %p_ZZN4nnet24compute_output_buffer_2dINS_5arrayI8ap_fixedILi16ELi6EL9ap_q_mode5EL9ap_o_mode3ELi0EELj4EEENS1_IS2_ILi39ELi19ELS3_5ELS4_3ELi0EELj1EEE7config6EEvRKT_PAsrT1_6n_chan_12ap_shift_regINSA_10value_typeEXsrSD_8in_widthEERN3hls6streamIT0_s" [firmware/nnet_utils/nnet_dense.h:65]   --->   Operation 25 'call' 'res_out_V' <Predicate = (icmp_ln284 & and_ln284_2)> <Delay = 0.00> <CoreType = "Generic">   --->   Core 0 '' <Latency = 0> <II = 1> <Delay = 1.00> <Generic> <Opcode : >

State 3 <SV = 2> <Delay = 7.59>
ST_3 : Operation 26 [1/2] (4.22ns)   --->   "%res_out_V = call i26 @dense_resource_rf_leq_nin<ap_fixed<16, 6, 5, 3, 0>, ap_fixed<39, 19, 5, 3, 0>, config6_mult>, i11 %w6_V, i16 %void_compute_output_buffer_2d_array_array_ap_fixed_1u_config6_array_ap_fixed_16_6_5_3_0_4u_const_ap_shift_reg_value_type_in_width_n_chan_stream_array_ap_fixed_39_19_5_3_0_1u_0_weight_t_bias_t_kernel_data_9, i16 %void_compute_output_buffer_2d_array_array_ap_fixed_1u_config6_array_ap_fixed_16_6_5_3_0_4u_const_ap_shift_reg_value_type_in_width_n_chan_stream_array_ap_fixed_39_19_5_3_0_1u_0_weight_t_bias_t_kernel_data_8, i16 %void_compute_output_buffer_2d_array_array_ap_fixed_1u_config6_array_ap_fixed_16_6_5_3_0_4u_const_ap_shift_reg_value_type_in_width_n_chan_stream_array_ap_fixed_39_19_5_3_0_1u_0_weight_t_bias_t_kernel_data_7, i16 %void_compute_output_buffer_2d_array_array_ap_fixed_1u_config6_array_ap_fixed_16_6_5_3_0_4u_const_ap_shift_reg_value_type_in_width_n_chan_stream_array_ap_fixed_39_19_5_3_0_1u_0_weight_t_bias_t_kernel_data_6, i16 %void_compute_output_buffer_2d_array_array_ap_fixed_1u_config6_array_ap_fixed_16_6_5_3_0_4u_const_ap_shift_reg_value_type_in_width_n_chan_stream_array_ap_fixed_39_19_5_3_0_1u_0_weight_t_bias_t_kernel_data_5, i16 %void_compute_output_buffer_2d_array_array_ap_fixed_1u_config6_array_ap_fixed_16_6_5_3_0_4u_const_ap_shift_reg_value_type_in_width_n_chan_stream_array_ap_fixed_39_19_5_3_0_1u_0_weight_t_bias_t_kernel_data_4, i16 %void_compute_output_buffer_2d_array_array_ap_fixed_1u_config6_array_ap_fixed_16_6_5_3_0_4u_const_ap_shift_reg_value_type_in_width_n_chan_stream_array_ap_fixed_39_19_5_3_0_1u_0_weight_t_bias_t_kernel_data_3, i16 %void_compute_output_buffer_2d_array_array_ap_fixed_1u_config6_array_ap_fixed_16_6_5_3_0_4u_const_ap_shift_reg_value_type_in_width_n_chan_stream_array_ap_fixed_39_19_5_3_0_1u_0_weight_t_bias_t_kernel_data_2, i16 %void_compute_output_buffer_2d_array_array_ap_fixed_1u_config6_array_ap_fixed_16_6_5_3_0_4u_const_ap_shift_reg_value_type_in_width_n_chan_stream_array_ap_fixed_39_19_5_3_0_1u_0_weight_t_bias_t_kernel_data_1, i16 %void_compute_output_buffer_2d_array_array_ap_fixed_1u_config6_array_ap_fixed_16_6_5_3_0_4u_const_ap_shift_reg_value_type_in_width_n_chan_stream_array_ap_fixed_39_19_5_3_0_1u_0_weight_t_bias_t_kernel_data, i16 %p_ZZN4nnet24compute_output_buffer_2dINS_5arrayI8ap_fixedILi16ELi6EL9ap_q_mode5EL9ap_o_mode3ELi0EELj4EEENS1_IS2_ILi39ELi19ELS3_5ELS4_3ELi0EELj1EEE7config6EEvRKT_PAsrT1_6n_chan_12ap_shift_regINSA_10value_typeEXsrSD_8in_widthEERN3hls6streamIT0_25, i16 %p_ZZN4nnet24compute_output_buffer_2dINS_5arrayI8ap_fixedILi16ELi6EL9ap_q_mode5EL9ap_o_mode3ELi0EELj4EEENS1_IS2_ILi39ELi19ELS3_5ELS4_3ELi0EELj1EEE7config6EEvRKT_PAsrT1_6n_chan_12ap_shift_regINSA_10value_typeEXsrSD_8in_widthEERN3hls6streamIT0_24, i16 %p_ZZN4nnet24compute_output_buffer_2dINS_5arrayI8ap_fixedILi16ELi6EL9ap_q_mode5EL9ap_o_mode3ELi0EELj4EEENS1_IS2_ILi39ELi19ELS3_5ELS4_3ELi0EELj1EEE7config6EEvRKT_PAsrT1_6n_chan_12ap_shift_regINSA_10value_typeEXsrSD_8in_widthEERN3hls6streamIT0_23, i16 %p_ZZN4nnet24compute_output_buffer_2dINS_5arrayI8ap_fixedILi16ELi6EL9ap_q_mode5EL9ap_o_mode3ELi0EELj4EEENS1_IS2_ILi39ELi19ELS3_5ELS4_3ELi0EELj1EEE7config6EEvRKT_PAsrT1_6n_chan_12ap_shift_regINSA_10value_typeEXsrSD_8in_widthEERN3hls6streamIT0_22, i16 %p_ZZN4nnet24compute_output_buffer_2dINS_5arrayI8ap_fixedILi16ELi6EL9ap_q_mode5EL9ap_o_mode3ELi0EELj4EEENS1_IS2_ILi39ELi19ELS3_5ELS4_3ELi0EELj1EEE7config6EEvRKT_PAsrT1_6n_chan_12ap_shift_regINSA_10value_typeEXsrSD_8in_widthEERN3hls6streamIT0_21, i16 %p_ZZN4nnet24compute_output_buffer_2dINS_5arrayI8ap_fixedILi16ELi6EL9ap_q_mode5EL9ap_o_mode3ELi0EELj4EEENS1_IS2_ILi39ELi19ELS3_5ELS4_3ELi0EELj1EEE7config6EEvRKT_PAsrT1_6n_chan_12ap_shift_regINSA_10value_typeEXsrSD_8in_widthEERN3hls6streamIT0_20, i16 %p_ZZN4nnet24compute_output_buffer_2dINS_5arrayI8ap_fixedILi16ELi6EL9ap_q_mode5EL9ap_o_mode3ELi0EELj4EEENS1_IS2_ILi39ELi19ELS3_5ELS4_3ELi0EELj1EEE7config6EEvRKT_PAsrT1_6n_chan_12ap_shift_regINSA_10value_typeEXsrSD_8in_widthEERN3hls6streamIT0_19, i16 %p_ZZN4nnet24compute_output_buffer_2dINS_5arrayI8ap_fixedILi16ELi6EL9ap_q_mode5EL9ap_o_mode3ELi0EELj4EEENS1_IS2_ILi39ELi19ELS3_5ELS4_3ELi0EELj1EEE7config6EEvRKT_PAsrT1_6n_chan_12ap_shift_regINSA_10value_typeEXsrSD_8in_widthEERN3hls6streamIT0_18, i16 %p_ZZN4nnet24compute_output_buffer_2dINS_5arrayI8ap_fixedILi16ELi6EL9ap_q_mode5EL9ap_o_mode3ELi0EELj4EEENS1_IS2_ILi39ELi19ELS3_5ELS4_3ELi0EELj1EEE7config6EEvRKT_PAsrT1_6n_chan_12ap_shift_regINSA_10value_typeEXsrSD_8in_widthEERN3hls6streamIT0_17, i16 %p_ZZN4nnet24compute_output_buffer_2dINS_5arrayI8ap_fixedILi16ELi6EL9ap_q_mode5EL9ap_o_mode3ELi0EELj4EEENS1_IS2_ILi39ELi19ELS3_5ELS4_3ELi0EELj1EEE7config6EEvRKT_PAsrT1_6n_chan_12ap_shift_regINSA_10value_typeEXsrSD_8in_widthEERN3hls6streamIT0_16, i16 %p_ZZN4nnet24compute_output_buffer_2dINS_5arrayI8ap_fixedILi16ELi6EL9ap_q_mode5EL9ap_o_mode3ELi0EELj4EEENS1_IS2_ILi39ELi19ELS3_5ELS4_3ELi0EELj1EEE7config6EEvRKT_PAsrT1_6n_chan_12ap_shift_regINSA_10value_typeEXsrSD_8in_widthEERN3hls6streamIT0_15, i16 %p_ZZN4nnet24compute_output_buffer_2dINS_5arrayI8ap_fixedILi16ELi6EL9ap_q_mode5EL9ap_o_mode3ELi0EELj4EEENS1_IS2_ILi39ELi19ELS3_5ELS4_3ELi0EELj1EEE7config6EEvRKT_PAsrT1_6n_chan_12ap_shift_regINSA_10value_typeEXsrSD_8in_widthEERN3hls6streamIT0_14, i16 %p_ZZN4nnet24compute_output_buffer_2dINS_5arrayI8ap_fixedILi16ELi6EL9ap_q_mode5EL9ap_o_mode3ELi0EELj4EEENS1_IS2_ILi39ELi19ELS3_5ELS4_3ELi0EELj1EEE7config6EEvRKT_PAsrT1_6n_chan_12ap_shift_regINSA_10value_typeEXsrSD_8in_widthEERN3hls6streamIT0_13, i16 %p_ZZN4nnet24compute_output_buffer_2dINS_5arrayI8ap_fixedILi16ELi6EL9ap_q_mode5EL9ap_o_mode3ELi0EELj4EEENS1_IS2_ILi39ELi19ELS3_5ELS4_3ELi0EELj1EEE7config6EEvRKT_PAsrT1_6n_chan_12ap_shift_regINSA_10value_typeEXsrSD_8in_widthEERN3hls6streamIT0_12, i16 %p_ZZN4nnet24compute_output_buffer_2dINS_5arrayI8ap_fixedILi16ELi6EL9ap_q_mode5EL9ap_o_mode3ELi0EELj4EEENS1_IS2_ILi39ELi19ELS3_5ELS4_3ELi0EELj1EEE7config6EEvRKT_PAsrT1_6n_chan_12ap_shift_regINSA_10value_typeEXsrSD_8in_widthEERN3hls6streamIT0_11, i16 %p_ZZN4nnet24compute_output_buffer_2dINS_5arrayI8ap_fixedILi16ELi6EL9ap_q_mode5EL9ap_o_mode3ELi0EELj4EEENS1_IS2_ILi39ELi19ELS3_5ELS4_3ELi0EELj1EEE7config6EEvRKT_PAsrT1_6n_chan_12ap_shift_regINSA_10value_typeEXsrSD_8in_widthEERN3hls6streamIT0_10, i16 %p_ZZN4nnet24compute_output_buffer_2dINS_5arrayI8ap_fixedILi16ELi6EL9ap_q_mode5EL9ap_o_mode3ELi0EELj4EEENS1_IS2_ILi39ELi19ELS3_5ELS4_3ELi0EELj1EEE7config6EEvRKT_PAsrT1_6n_chan_12ap_shift_regINSA_10value_typeEXsrSD_8in_widthEERN3hls6streamIT0_9, i16 %p_ZZN4nnet24compute_output_buffer_2dINS_5arrayI8ap_fixedILi16ELi6EL9ap_q_mode5EL9ap_o_mode3ELi0EELj4EEENS1_IS2_ILi39ELi19ELS3_5ELS4_3ELi0EELj1EEE7config6EEvRKT_PAsrT1_6n_chan_12ap_shift_regINSA_10value_typeEXsrSD_8in_widthEERN3hls6streamIT0_8, i16 %p_ZZN4nnet24compute_output_buffer_2dINS_5arrayI8ap_fixedILi16ELi6EL9ap_q_mode5EL9ap_o_mode3ELi0EELj4EEENS1_IS2_ILi39ELi19ELS3_5ELS4_3ELi0EELj1EEE7config6EEvRKT_PAsrT1_6n_chan_12ap_shift_regINSA_10value_typeEXsrSD_8in_widthEERN3hls6streamIT0_7, i16 %p_ZZN4nnet24compute_output_buffer_2dINS_5arrayI8ap_fixedILi16ELi6EL9ap_q_mode5EL9ap_o_mode3ELi0EELj4EEENS1_IS2_ILi39ELi19ELS3_5ELS4_3ELi0EELj1EEE7config6EEvRKT_PAsrT1_6n_chan_12ap_shift_regINSA_10value_typeEXsrSD_8in_widthEERN3hls6streamIT0_6, i16 %p_ZZN4nnet24compute_output_buffer_2dINS_5arrayI8ap_fixedILi16ELi6EL9ap_q_mode5EL9ap_o_mode3ELi0EELj4EEENS1_IS2_ILi39ELi19ELS3_5ELS4_3ELi0EELj1EEE7config6EEvRKT_PAsrT1_6n_chan_12ap_shift_regINSA_10value_typeEXsrSD_8in_widthEERN3hls6streamIT0_5, i16 %p_ZZN4nnet24compute_output_buffer_2dINS_5arrayI8ap_fixedILi16ELi6EL9ap_q_mode5EL9ap_o_mode3ELi0EELj4EEENS1_IS2_ILi39ELi19ELS3_5ELS4_3ELi0EELj1EEE7config6EEvRKT_PAsrT1_6n_chan_12ap_shift_regINSA_10value_typeEXsrSD_8in_widthEERN3hls6streamIT0_4, i16 %p_ZZN4nnet24compute_output_buffer_2dINS_5arrayI8ap_fixedILi16ELi6EL9ap_q_mode5EL9ap_o_mode3ELi0EELj4EEENS1_IS2_ILi39ELi19ELS3_5ELS4_3ELi0EELj1EEE7config6EEvRKT_PAsrT1_6n_chan_12ap_shift_regINSA_10value_typeEXsrSD_8in_widthEERN3hls6streamIT0_3, i16 %p_ZZN4nnet24compute_output_buffer_2dINS_5arrayI8ap_fixedILi16ELi6EL9ap_q_mode5EL9ap_o_mode3ELi0EELj4EEENS1_IS2_ILi39ELi19ELS3_5ELS4_3ELi0EELj1EEE7config6EEvRKT_PAsrT1_6n_chan_12ap_shift_regINSA_10value_typeEXsrSD_8in_widthEERN3hls6streamIT0_2, i16 %p_ZZN4nnet24compute_output_buffer_2dINS_5arrayI8ap_fixedILi16ELi6EL9ap_q_mode5EL9ap_o_mode3ELi0EELj4EEENS1_IS2_ILi39ELi19ELS3_5ELS4_3ELi0EELj1EEE7config6EEvRKT_PAsrT1_6n_chan_12ap_shift_regINSA_10value_typeEXsrSD_8in_widthEERN3hls6streamIT0_1, i16 %p_ZZN4nnet24compute_output_buffer_2dINS_5arrayI8ap_fixedILi16ELi6EL9ap_q_mode5EL9ap_o_mode3ELi0EELj4EEENS1_IS2_ILi39ELi19ELS3_5ELS4_3ELi0EELj1EEE7config6EEvRKT_PAsrT1_6n_chan_12ap_shift_regINSA_10value_typeEXsrSD_8in_widthEERN3hls6streamIT0_s" [firmware/nnet_utils/nnet_dense.h:65]   --->   Operation 26 'call' 'res_out_V' <Predicate = (icmp_ln284 & and_ln284_2)> <Delay = 4.22> <CoreType = "Generic">   --->   Core 0 '' <Latency = 0> <II = 1> <Delay = 1.00> <Generic> <Opcode : >
ST_3 : Operation 27 [1/1] (0.00ns)   --->   "%sext_ln173 = sext i26 %res_out_V" [C:/Xilinx/Vitis_HLS/2021.2/common/technology/autopilot/hls_stream_39.h:173]   --->   Operation 27 'sext' 'sext_ln173' <Predicate = (icmp_ln284 & and_ln284_2)> <Delay = 0.00>
ST_3 : Operation 28 [1/1] (0.00ns)   --->   "%zext_ln173 = zext i39 %sext_ln173" [C:/Xilinx/Vitis_HLS/2021.2/common/technology/autopilot/hls_stream_39.h:173]   --->   Operation 28 'zext' 'zext_ln173' <Predicate = (icmp_ln284 & and_ln284_2)> <Delay = 0.00>
ST_3 : Operation 29 [1/1] (0.00ns)   --->   "%write_ln173 = write void @_ssdm_op_Write.axis.volatile.i64P128A, i64 %layer6_out, i64 %zext_ln173" [C:/Xilinx/Vitis_HLS/2021.2/common/technology/autopilot/hls_stream_39.h:173]   --->   Operation 29 'write' 'write_ln173' <Predicate = (icmp_ln284 & and_ln284_2)> <Delay = 0.00> <CoreInst = "axis">   --->   Core 115 'axis' <Latency = 0> <II = 1> <Delay = 1.00> <Adapter> <Opcode : >
ST_3 : Operation 30 [1/1] (0.00ns)   --->   "%br_ln300 = br void %arrayctor.loop1._crit_edge" [firmware/nnet_utils/nnet_conv_stream.h:300]   --->   Operation 30 'br' 'br_ln300' <Predicate = (icmp_ln284 & and_ln284_2)> <Delay = 0.00>
ST_3 : Operation 31 [1/1] (2.55ns)   --->   "%add_ln303 = add i32 %pX_1_load, i32 1" [firmware/nnet_utils/nnet_conv_stream.h:303]   --->   Operation 31 'add' 'add_ln303' <Predicate = true> <Delay = 2.55> <CoreInst = "Adder">   --->   Core 1 'Adder' <Latency = 0> <II = 1> <Delay = 2.55> <FuncUnit> <Opcode : 'add' 'sub'> <InPorts = 2> <OutPorts = 1>
ST_3 : Operation 32 [1/1] (2.47ns)   --->   "%icmp_ln303 = icmp_eq  i32 %add_ln303, i32 164" [firmware/nnet_utils/nnet_conv_stream.h:303]   --->   Operation 32 'icmp' 'icmp_ln303' <Predicate = true> <Delay = 2.47> <CoreInst = "Cmp">   --->   Core 9 'Cmp' <Latency = 0> <II = 1> <Delay = 2.47> <FuncUnit> <Opcode : 'icmp'> <InPorts = 2> <OutPorts = 1>
ST_3 : Operation 33 [1/1] (0.00ns)   --->   "%br_ln303 = br i1 %icmp_ln303, void, void" [firmware/nnet_utils/nnet_conv_stream.h:303]   --->   Operation 33 'br' 'br_ln303' <Predicate = true> <Delay = 0.00>
ST_3 : Operation 34 [1/1] (1.58ns)   --->   "%store_ln316 = store i32 %add_ln303, i32 %pX_1" [firmware/nnet_utils/nnet_conv_stream.h:316]   --->   Operation 34 'store' 'store_ln316' <Predicate = (!icmp_ln303)> <Delay = 1.58>
ST_3 : Operation 35 [1/1] (2.55ns)   --->   "%add_ln318 = add i32 %sX_1_load, i32 1" [firmware/nnet_utils/nnet_conv_stream.h:318]   --->   Operation 35 'add' 'add_ln318' <Predicate = (!icmp_ln284 & !icmp_ln303)> <Delay = 2.55> <CoreInst = "Adder">   --->   Core 1 'Adder' <Latency = 0> <II = 1> <Delay = 2.55> <FuncUnit> <Opcode : 'add' 'sub'> <InPorts = 2> <OutPorts = 1>
ST_3 : Operation 36 [1/1] (0.69ns)   --->   "%select_ln318 = select i1 %icmp_ln284, i32 2, i32 %add_ln318" [firmware/nnet_utils/nnet_conv_stream.h:318]   --->   Operation 36 'select' 'select_ln318' <Predicate = (!icmp_ln303)> <Delay = 0.69> <CoreInst = "Sel">   --->   Core 73 'Sel' <Latency = 0> <II = 1> <Delay = 0.69> <FuncUnit> <Opcode : 'select'> <InPorts = 3> <OutPorts = 1>
ST_3 : Operation 37 [1/1] (1.58ns)   --->   "%store_ln318 = store i32 %select_ln318, i32 %sX_1" [firmware/nnet_utils/nnet_conv_stream.h:318]   --->   Operation 37 'store' 'store_ln318' <Predicate = (!icmp_ln303)> <Delay = 1.58>
ST_3 : Operation 38 [1/1] (0.00ns)   --->   "%br_ln0 = br void"   --->   Operation 38 'br' 'br_ln0' <Predicate = (!icmp_ln303)> <Delay = 0.00>
ST_3 : Operation 39 [1/1] (1.58ns)   --->   "%store_ln305 = store i32 0, i32 %pX_1" [firmware/nnet_utils/nnet_conv_stream.h:305]   --->   Operation 39 'store' 'store_ln305' <Predicate = (icmp_ln303)> <Delay = 1.58>
ST_3 : Operation 40 [1/1] (1.58ns)   --->   "%store_ln306 = store i32 0, i32 %sX_1" [firmware/nnet_utils/nnet_conv_stream.h:306]   --->   Operation 40 'store' 'store_ln306' <Predicate = (icmp_ln303)> <Delay = 1.58>
ST_3 : Operation 41 [1/1] (2.55ns)   --->   "%add_ln307 = add i32 %pY_1_load, i32 1" [firmware/nnet_utils/nnet_conv_stream.h:307]   --->   Operation 41 'add' 'add_ln307' <Predicate = (icmp_ln303)> <Delay = 2.55> <CoreInst = "Adder">   --->   Core 1 'Adder' <Latency = 0> <II = 1> <Delay = 2.55> <FuncUnit> <Opcode : 'add' 'sub'> <InPorts = 2> <OutPorts = 1>
ST_3 : Operation 42 [1/1] (2.47ns)   --->   "%icmp_ln307 = icmp_eq  i32 %add_ln307, i32 123" [firmware/nnet_utils/nnet_conv_stream.h:307]   --->   Operation 42 'icmp' 'icmp_ln307' <Predicate = (icmp_ln303)> <Delay = 2.47> <CoreInst = "Cmp">   --->   Core 9 'Cmp' <Latency = 0> <II = 1> <Delay = 2.47> <FuncUnit> <Opcode : 'icmp'> <InPorts = 2> <OutPorts = 1>
ST_3 : Operation 43 [1/1] (0.00ns)   --->   "%br_ln307 = br i1 %icmp_ln307, void, void" [firmware/nnet_utils/nnet_conv_stream.h:307]   --->   Operation 43 'br' 'br_ln307' <Predicate = (icmp_ln303)> <Delay = 0.00>
ST_3 : Operation 44 [1/1] (1.58ns)   --->   "%store_ln311 = store i32 %add_ln307, i32 %pY_1" [firmware/nnet_utils/nnet_conv_stream.h:311]   --->   Operation 44 'store' 'store_ln311' <Predicate = (icmp_ln303 & !icmp_ln307)> <Delay = 1.58>
ST_3 : Operation 45 [1/1] (2.47ns)   --->   "%icmp_ln313 = icmp_eq  i32 %sY_1_load, i32 2" [firmware/nnet_utils/nnet_conv_stream.h:313]   --->   Operation 45 'icmp' 'icmp_ln313' <Predicate = (icmp_ln303 & !icmp_ln307)> <Delay = 2.47> <CoreInst = "Cmp">   --->   Core 9 'Cmp' <Latency = 0> <II = 1> <Delay = 2.47> <FuncUnit> <Opcode : 'icmp'> <InPorts = 2> <OutPorts = 1>
ST_3 : Operation 46 [1/1] (2.55ns)   --->   "%add_ln313 = add i32 %sY_1_load, i32 1" [firmware/nnet_utils/nnet_conv_stream.h:313]   --->   Operation 46 'add' 'add_ln313' <Predicate = (icmp_ln303 & !icmp_ln307)> <Delay = 2.55> <CoreInst = "Adder">   --->   Core 1 'Adder' <Latency = 0> <II = 1> <Delay = 2.55> <FuncUnit> <Opcode : 'add' 'sub'> <InPorts = 2> <OutPorts = 1>
ST_3 : Operation 47 [1/1] (0.69ns)   --->   "%select_ln313 = select i1 %icmp_ln313, i32 2, i32 %add_ln313" [firmware/nnet_utils/nnet_conv_stream.h:313]   --->   Operation 47 'select' 'select_ln313' <Predicate = (icmp_ln303 & !icmp_ln307)> <Delay = 0.69> <CoreInst = "Sel">   --->   Core 73 'Sel' <Latency = 0> <II = 1> <Delay = 0.69> <FuncUnit> <Opcode : 'select'> <InPorts = 3> <OutPorts = 1>
ST_3 : Operation 48 [1/1] (1.58ns)   --->   "%br_ln0 = br void"   --->   Operation 48 'br' 'br_ln0' <Predicate = (icmp_ln303 & !icmp_ln307)> <Delay = 1.58>
ST_3 : Operation 49 [1/1] (1.58ns)   --->   "%store_ln308 = store i32 0, i32 %pY_1" [firmware/nnet_utils/nnet_conv_stream.h:308]   --->   Operation 49 'store' 'store_ln308' <Predicate = (icmp_ln303 & icmp_ln307)> <Delay = 1.58>
ST_3 : Operation 50 [1/1] (1.58ns)   --->   "%br_ln310 = br void" [firmware/nnet_utils/nnet_conv_stream.h:310]   --->   Operation 50 'br' 'br_ln310' <Predicate = (icmp_ln303 & icmp_ln307)> <Delay = 1.58>

State 4 <SV = 3> <Delay = 0.00>
ST_4 : Operation 51 [1/1] (0.00ns)   --->   "%storemerge = phi i32 %select_ln313, void, i32 0, void" [firmware/nnet_utils/nnet_conv_stream.h:313]   --->   Operation 51 'phi' 'storemerge' <Predicate = (icmp_ln303)> <Delay = 0.00>
ST_4 : Operation 52 [1/1] (0.00ns)   --->   "%store_ln309 = store i32 %storemerge, i32 %sY_1" [firmware/nnet_utils/nnet_conv_stream.h:309]   --->   Operation 52 'store' 'store_ln309' <Predicate = (icmp_ln303)> <Delay = 0.00>
ST_4 : Operation 53 [1/1] (0.00ns)   --->   "%br_ln315 = br void" [firmware/nnet_utils/nnet_conv_stream.h:315]   --->   Operation 53 'br' 'br_ln315' <Predicate = (icmp_ln303)> <Delay = 0.00>
ST_4 : Operation 54 [1/1] (0.00ns)   --->   "%ret_ln320 = ret" [firmware/nnet_utils/nnet_conv_stream.h:320]   --->   Operation 54 'ret' 'ret_ln320' <Predicate = true> <Delay = 0.00>


============================================================
+ Verbose Summary: Binding
============================================================
STG Binding: 
---------------- STG Properties BEGIN ----------------
- Is combinational: 0
- Is one-state seq: 0
- Is datapath-only: 0
- Is pipelined: 0
- Is top level: 0
Port [ Return ] is wired: 1; IO mode=ap_ctrl_hs:ce=0
Port [ p_read]:  wired=1; compound=0; hidden=0; nouse=0; global=0; static=0; extern=0; dir=0; type=0; pingpong=0; private_global=0; IO mode=ap_none:ce=0
Port [ p_read1]:  wired=1; compound=0; hidden=0; nouse=0; global=0; static=0; extern=0; dir=0; type=0; pingpong=0; private_global=0; IO mode=ap_none:ce=0
Port [ p_read2]:  wired=1; compound=0; hidden=0; nouse=0; global=0; static=0; extern=0; dir=0; type=0; pingpong=0; private_global=0; IO mode=ap_none:ce=0
Port [ p_read3]:  wired=1; compound=0; hidden=0; nouse=0; global=0; static=0; extern=0; dir=0; type=0; pingpong=0; private_global=0; IO mode=ap_none:ce=0
Port [ layer6_out]:  wired=1; compound=1; hidden=0; nouse=0; global=0; static=0; extern=0; dir=1; type=0; pingpong=0; private_global=0; IO mode=axis:ce=0
Port [ void_compute_output_buffer_2d_array_array_ap_fixed_1u_config6_array_ap_fixed_16_6_5_3_0_4u_const_ap_shift_reg_value_type_in_width_n_chan_stream_array_ap_fixed_39_19_5_3_0_1u_0_weight_t_bias_t_kernel_data_5]:  wired=0; compound=0; hidden=1; nouse=0; global=1; static=1; extern=0; dir=2; type=0; pingpong=0; private_global=1; IO mode=ap_ovld:ce=0
Port [ void_compute_output_buffer_2d_array_array_ap_fixed_1u_config6_array_ap_fixed_16_6_5_3_0_4u_const_ap_shift_reg_value_type_in_width_n_chan_stream_array_ap_fixed_39_19_5_3_0_1u_0_weight_t_bias_t_kernel_data_9]:  wired=0; compound=0; hidden=1; nouse=0; global=1; static=1; extern=0; dir=2; type=0; pingpong=0; private_global=1; IO mode=ap_ovld:ce=0
Port [ void_compute_output_buffer_2d_array_array_ap_fixed_1u_config6_array_ap_fixed_16_6_5_3_0_4u_const_ap_shift_reg_value_type_in_width_n_chan_stream_array_ap_fixed_39_19_5_3_0_1u_0_weight_t_bias_t_kernel_data_4]:  wired=0; compound=0; hidden=1; nouse=0; global=1; static=1; extern=0; dir=2; type=0; pingpong=0; private_global=1; IO mode=ap_ovld:ce=0
Port [ void_compute_output_buffer_2d_array_array_ap_fixed_1u_config6_array_ap_fixed_16_6_5_3_0_4u_const_ap_shift_reg_value_type_in_width_n_chan_stream_array_ap_fixed_39_19_5_3_0_1u_0_weight_t_bias_t_kernel_data_8]:  wired=0; compound=0; hidden=1; nouse=0; global=1; static=1; extern=0; dir=2; type=0; pingpong=0; private_global=1; IO mode=ap_ovld:ce=0
Port [ void_compute_output_buffer_2d_array_array_ap_fixed_1u_config6_array_ap_fixed_16_6_5_3_0_4u_const_ap_shift_reg_value_type_in_width_n_chan_stream_array_ap_fixed_39_19_5_3_0_1u_0_weight_t_bias_t_kernel_data_3]:  wired=0; compound=0; hidden=1; nouse=0; global=1; static=1; extern=0; dir=2; type=0; pingpong=0; private_global=1; IO mode=ap_ovld:ce=0
Port [ void_compute_output_buffer_2d_array_array_ap_fixed_1u_config6_array_ap_fixed_16_6_5_3_0_4u_const_ap_shift_reg_value_type_in_width_n_chan_stream_array_ap_fixed_39_19_5_3_0_1u_0_weight_t_bias_t_kernel_data_7]:  wired=0; compound=0; hidden=1; nouse=0; global=1; static=1; extern=0; dir=2; type=0; pingpong=0; private_global=1; IO mode=ap_ovld:ce=0
Port [ void_compute_output_buffer_2d_array_array_ap_fixed_1u_config6_array_ap_fixed_16_6_5_3_0_4u_const_ap_shift_reg_value_type_in_width_n_chan_stream_array_ap_fixed_39_19_5_3_0_1u_0_weight_t_bias_t_kernel_data_2]:  wired=0; compound=0; hidden=1; nouse=0; global=1; static=1; extern=0; dir=2; type=0; pingpong=0; private_global=1; IO mode=ap_ovld:ce=0
Port [ void_compute_output_buffer_2d_array_array_ap_fixed_1u_config6_array_ap_fixed_16_6_5_3_0_4u_const_ap_shift_reg_value_type_in_width_n_chan_stream_array_ap_fixed_39_19_5_3_0_1u_0_weight_t_bias_t_kernel_data_6]:  wired=0; compound=0; hidden=1; nouse=0; global=1; static=1; extern=0; dir=2; type=0; pingpong=0; private_global=1; IO mode=ap_ovld:ce=0
Port [ p_ZZN4nnet24compute_output_buffer_2dINS_5arrayI8ap_fixedILi16ELi6EL9ap_q_mode5EL9ap_o_mode3ELi0EELj4EEENS1_IS2_ILi39ELi19ELS3_5ELS4_3ELi0EELj1EEE7config6EEvRKT_PAsrT1_6n_chan_12ap_shift_regINSA_10value_typeEXsrSD_8in_widthEERN3hls6streamIT0_19]:  wired=0; compound=0; hidden=1; nouse=0; global=1; static=1; extern=0; dir=2; type=0; pingpong=0; private_global=1; IO mode=ap_ovld:ce=0
Port [ p_ZZN4nnet24compute_output_buffer_2dINS_5arrayI8ap_fixedILi16ELi6EL9ap_q_mode5EL9ap_o_mode3ELi0EELj4EEENS1_IS2_ILi39ELi19ELS3_5ELS4_3ELi0EELj1EEE7config6EEvRKT_PAsrT1_6n_chan_12ap_shift_regINSA_10value_typeEXsrSD_8in_widthEERN3hls6streamIT0_23]:  wired=0; compound=0; hidden=1; nouse=0; global=1; static=1; extern=0; dir=2; type=0; pingpong=0; private_global=1; IO mode=ap_ovld:ce=0
Port [ p_ZZN4nnet24compute_output_buffer_2dINS_5arrayI8ap_fixedILi16ELi6EL9ap_q_mode5EL9ap_o_mode3ELi0EELj4EEENS1_IS2_ILi39ELi19ELS3_5ELS4_3ELi0EELj1EEE7config6EEvRKT_PAsrT1_6n_chan_12ap_shift_regINSA_10value_typeEXsrSD_8in_widthEERN3hls6streamIT0_18]:  wired=0; compound=0; hidden=1; nouse=0; global=1; static=1; extern=0; dir=2; type=0; pingpong=0; private_global=1; IO mode=ap_ovld:ce=0
Port [ p_ZZN4nnet24compute_output_buffer_2dINS_5arrayI8ap_fixedILi16ELi6EL9ap_q_mode5EL9ap_o_mode3ELi0EELj4EEENS1_IS2_ILi39ELi19ELS3_5ELS4_3ELi0EELj1EEE7config6EEvRKT_PAsrT1_6n_chan_12ap_shift_regINSA_10value_typeEXsrSD_8in_widthEERN3hls6streamIT0_22]:  wired=0; compound=0; hidden=1; nouse=0; global=1; static=1; extern=0; dir=2; type=0; pingpong=0; private_global=1; IO mode=ap_ovld:ce=0
Port [ p_ZZN4nnet24compute_output_buffer_2dINS_5arrayI8ap_fixedILi16ELi6EL9ap_q_mode5EL9ap_o_mode3ELi0EELj4EEENS1_IS2_ILi39ELi19ELS3_5ELS4_3ELi0EELj1EEE7config6EEvRKT_PAsrT1_6n_chan_12ap_shift_regINSA_10value_typeEXsrSD_8in_widthEERN3hls6streamIT0_17]:  wired=0; compound=0; hidden=1; nouse=0; global=1; static=1; extern=0; dir=2; type=0; pingpong=0; private_global=1; IO mode=ap_ovld:ce=0
Port [ p_ZZN4nnet24compute_output_buffer_2dINS_5arrayI8ap_fixedILi16ELi6EL9ap_q_mode5EL9ap_o_mode3ELi0EELj4EEENS1_IS2_ILi39ELi19ELS3_5ELS4_3ELi0EELj1EEE7config6EEvRKT_PAsrT1_6n_chan_12ap_shift_regINSA_10value_typeEXsrSD_8in_widthEERN3hls6streamIT0_21]:  wired=0; compound=0; hidden=1; nouse=0; global=1; static=1; extern=0; dir=2; type=0; pingpong=0; private_global=1; IO mode=ap_ovld:ce=0
Port [ p_ZZN4nnet24compute_output_buffer_2dINS_5arrayI8ap_fixedILi16ELi6EL9ap_q_mode5EL9ap_o_mode3ELi0EELj4EEENS1_IS2_ILi39ELi19ELS3_5ELS4_3ELi0EELj1EEE7config6EEvRKT_PAsrT1_6n_chan_12ap_shift_regINSA_10value_typeEXsrSD_8in_widthEERN3hls6streamIT0_16]:  wired=0; compound=0; hidden=1; nouse=0; global=1; static=1; extern=0; dir=2; type=0; pingpong=0; private_global=1; IO mode=ap_ovld:ce=0
Port [ p_ZZN4nnet24compute_output_buffer_2dINS_5arrayI8ap_fixedILi16ELi6EL9ap_q_mode5EL9ap_o_mode3ELi0EELj4EEENS1_IS2_ILi39ELi19ELS3_5ELS4_3ELi0EELj1EEE7config6EEvRKT_PAsrT1_6n_chan_12ap_shift_regINSA_10value_typeEXsrSD_8in_widthEERN3hls6streamIT0_20]:  wired=0; compound=0; hidden=1; nouse=0; global=1; static=1; extern=0; dir=2; type=0; pingpong=0; private_global=1; IO mode=ap_ovld:ce=0
Port [ p_ZZN4nnet24compute_output_buffer_2dINS_5arrayI8ap_fixedILi16ELi6EL9ap_q_mode5EL9ap_o_mode3ELi0EELj4EEENS1_IS2_ILi39ELi19ELS3_5ELS4_3ELi0EELj1EEE7config6EEvRKT_PAsrT1_6n_chan_12ap_shift_regINSA_10value_typeEXsrSD_8in_widthEERN3hls6streamIT0_7]:  wired=0; compound=0; hidden=1; nouse=0; global=1; static=1; extern=0; dir=2; type=0; pingpong=0; private_global=1; IO mode=ap_ovld:ce=0
Port [ p_ZZN4nnet24compute_output_buffer_2dINS_5arrayI8ap_fixedILi16ELi6EL9ap_q_mode5EL9ap_o_mode3ELi0EELj4EEENS1_IS2_ILi39ELi19ELS3_5ELS4_3ELi0EELj1EEE7config6EEvRKT_PAsrT1_6n_chan_12ap_shift_regINSA_10value_typeEXsrSD_8in_widthEERN3hls6streamIT0_11]:  wired=0; compound=0; hidden=1; nouse=0; global=1; static=1; extern=0; dir=2; type=0; pingpong=0; private_global=1; IO mode=ap_ovld:ce=0
Port [ p_ZZN4nnet24compute_output_buffer_2dINS_5arrayI8ap_fixedILi16ELi6EL9ap_q_mode5EL9ap_o_mode3ELi0EELj4EEENS1_IS2_ILi39ELi19ELS3_5ELS4_3ELi0EELj1EEE7config6EEvRKT_PAsrT1_6n_chan_12ap_shift_regINSA_10value_typeEXsrSD_8in_widthEERN3hls6streamIT0_6]:  wired=0; compound=0; hidden=1; nouse=0; global=1; static=1; extern=0; dir=2; type=0; pingpong=0; private_global=1; IO mode=ap_ovld:ce=0
Port [ p_ZZN4nnet24compute_output_buffer_2dINS_5arrayI8ap_fixedILi16ELi6EL9ap_q_mode5EL9ap_o_mode3ELi0EELj4EEENS1_IS2_ILi39ELi19ELS3_5ELS4_3ELi0EELj1EEE7config6EEvRKT_PAsrT1_6n_chan_12ap_shift_regINSA_10value_typeEXsrSD_8in_widthEERN3hls6streamIT0_10]:  wired=0; compound=0; hidden=1; nouse=0; global=1; static=1; extern=0; dir=2; type=0; pingpong=0; private_global=1; IO mode=ap_ovld:ce=0
Port [ p_ZZN4nnet24compute_output_buffer_2dINS_5arrayI8ap_fixedILi16ELi6EL9ap_q_mode5EL9ap_o_mode3ELi0EELj4EEENS1_IS2_ILi39ELi19ELS3_5ELS4_3ELi0EELj1EEE7config6EEvRKT_PAsrT1_6n_chan_12ap_shift_regINSA_10value_typeEXsrSD_8in_widthEERN3hls6streamIT0_5]:  wired=0; compound=0; hidden=1; nouse=0; global=1; static=1; extern=0; dir=2; type=0; pingpong=0; private_global=1; IO mode=ap_ovld:ce=0
Port [ p_ZZN4nnet24compute_output_buffer_2dINS_5arrayI8ap_fixedILi16ELi6EL9ap_q_mode5EL9ap_o_mode3ELi0EELj4EEENS1_IS2_ILi39ELi19ELS3_5ELS4_3ELi0EELj1EEE7config6EEvRKT_PAsrT1_6n_chan_12ap_shift_regINSA_10value_typeEXsrSD_8in_widthEERN3hls6streamIT0_9]:  wired=0; compound=0; hidden=1; nouse=0; global=1; static=1; extern=0; dir=2; type=0; pingpong=0; private_global=1; IO mode=ap_ovld:ce=0
Port [ p_ZZN4nnet24compute_output_buffer_2dINS_5arrayI8ap_fixedILi16ELi6EL9ap_q_mode5EL9ap_o_mode3ELi0EELj4EEENS1_IS2_ILi39ELi19ELS3_5ELS4_3ELi0EELj1EEE7config6EEvRKT_PAsrT1_6n_chan_12ap_shift_regINSA_10value_typeEXsrSD_8in_widthEERN3hls6streamIT0_4]:  wired=0; compound=0; hidden=1; nouse=0; global=1; static=1; extern=0; dir=2; type=0; pingpong=0; private_global=1; IO mode=ap_ovld:ce=0
Port [ p_ZZN4nnet24compute_output_buffer_2dINS_5arrayI8ap_fixedILi16ELi6EL9ap_q_mode5EL9ap_o_mode3ELi0EELj4EEENS1_IS2_ILi39ELi19ELS3_5ELS4_3ELi0EELj1EEE7config6EEvRKT_PAsrT1_6n_chan_12ap_shift_regINSA_10value_typeEXsrSD_8in_widthEERN3hls6streamIT0_8]:  wired=0; compound=0; hidden=1; nouse=0; global=1; static=1; extern=0; dir=2; type=0; pingpong=0; private_global=1; IO mode=ap_ovld:ce=0
Port [ void_compute_output_buffer_2d_array_array_ap_fixed_1u_config6_array_ap_fixed_16_6_5_3_0_4u_const_ap_shift_reg_value_type_in_width_n_chan_stream_array_ap_fixed_39_19_5_3_0_1u_0_weight_t_bias_t_kernel_data_1]:  wired=0; compound=0; hidden=1; nouse=0; global=1; static=1; extern=0; dir=2; type=0; pingpong=0; private_global=1; IO mode=ap_ovld:ce=0
Port [ void_compute_output_buffer_2d_array_array_ap_fixed_1u_config6_array_ap_fixed_16_6_5_3_0_4u_const_ap_shift_reg_value_type_in_width_n_chan_stream_array_ap_fixed_39_19_5_3_0_1u_0_weight_t_bias_t_kernel_data]:  wired=0; compound=0; hidden=1; nouse=0; global=1; static=1; extern=0; dir=2; type=0; pingpong=0; private_global=1; IO mode=ap_ovld:ce=0
Port [ p_ZZN4nnet24compute_output_buffer_2dINS_5arrayI8ap_fixedILi16ELi6EL9ap_q_mode5EL9ap_o_mode3ELi0EELj4EEENS1_IS2_ILi39ELi19ELS3_5ELS4_3ELi0EELj1EEE7config6EEvRKT_PAsrT1_6n_chan_12ap_shift_regINSA_10value_typeEXsrSD_8in_widthEERN3hls6streamIT0_25]:  wired=0; compound=0; hidden=1; nouse=0; global=1; static=1; extern=0; dir=2; type=0; pingpong=0; private_global=1; IO mode=ap_ovld:ce=0
Port [ p_ZZN4nnet24compute_output_buffer_2dINS_5arrayI8ap_fixedILi16ELi6EL9ap_q_mode5EL9ap_o_mode3ELi0EELj4EEENS1_IS2_ILi39ELi19ELS3_5ELS4_3ELi0EELj1EEE7config6EEvRKT_PAsrT1_6n_chan_12ap_shift_regINSA_10value_typeEXsrSD_8in_widthEERN3hls6streamIT0_24]:  wired=0; compound=0; hidden=1; nouse=0; global=1; static=1; extern=0; dir=2; type=0; pingpong=0; private_global=1; IO mode=ap_ovld:ce=0
Port [ p_ZZN4nnet24compute_output_buffer_2dINS_5arrayI8ap_fixedILi16ELi6EL9ap_q_mode5EL9ap_o_mode3ELi0EELj4EEENS1_IS2_ILi39ELi19ELS3_5ELS4_3ELi0EELj1EEE7config6EEvRKT_PAsrT1_6n_chan_12ap_shift_regINSA_10value_typeEXsrSD_8in_widthEERN3hls6streamIT0_15]:  wired=0; compound=0; hidden=1; nouse=0; global=1; static=1; extern=0; dir=2; type=0; pingpong=0; private_global=1; IO mode=ap_ovld:ce=0
Port [ p_ZZN4nnet24compute_output_buffer_2dINS_5arrayI8ap_fixedILi16ELi6EL9ap_q_mode5EL9ap_o_mode3ELi0EELj4EEENS1_IS2_ILi39ELi19ELS3_5ELS4_3ELi0EELj1EEE7config6EEvRKT_PAsrT1_6n_chan_12ap_shift_regINSA_10value_typeEXsrSD_8in_widthEERN3hls6streamIT0_14]:  wired=0; compound=0; hidden=1; nouse=0; global=1; static=1; extern=0; dir=2; type=0; pingpong=0; private_global=1; IO mode=ap_ovld:ce=0
Port [ p_ZZN4nnet24compute_output_buffer_2dINS_5arrayI8ap_fixedILi16ELi6EL9ap_q_mode5EL9ap_o_mode3ELi0EELj4EEENS1_IS2_ILi39ELi19ELS3_5ELS4_3ELi0EELj1EEE7config6EEvRKT_PAsrT1_6n_chan_12ap_shift_regINSA_10value_typeEXsrSD_8in_widthEERN3hls6streamIT0_13]:  wired=0; compound=0; hidden=1; nouse=0; global=1; static=1; extern=0; dir=2; type=0; pingpong=0; private_global=1; IO mode=ap_ovld:ce=0
Port [ p_ZZN4nnet24compute_output_buffer_2dINS_5arrayI8ap_fixedILi16ELi6EL9ap_q_mode5EL9ap_o_mode3ELi0EELj4EEENS1_IS2_ILi39ELi19ELS3_5ELS4_3ELi0EELj1EEE7config6EEvRKT_PAsrT1_6n_chan_12ap_shift_regINSA_10value_typeEXsrSD_8in_widthEERN3hls6streamIT0_12]:  wired=0; compound=0; hidden=1; nouse=0; global=1; static=1; extern=0; dir=2; type=0; pingpong=0; private_global=1; IO mode=ap_ovld:ce=0
Port [ p_ZZN4nnet24compute_output_buffer_2dINS_5arrayI8ap_fixedILi16ELi6EL9ap_q_mode5EL9ap_o_mode3ELi0EELj4EEENS1_IS2_ILi39ELi19ELS3_5ELS4_3ELi0EELj1EEE7config6EEvRKT_PAsrT1_6n_chan_12ap_shift_regINSA_10value_typeEXsrSD_8in_widthEERN3hls6streamIT0_3]:  wired=0; compound=0; hidden=1; nouse=0; global=1; static=1; extern=0; dir=2; type=0; pingpong=0; private_global=1; IO mode=ap_ovld:ce=0
Port [ p_ZZN4nnet24compute_output_buffer_2dINS_5arrayI8ap_fixedILi16ELi6EL9ap_q_mode5EL9ap_o_mode3ELi0EELj4EEENS1_IS2_ILi39ELi19ELS3_5ELS4_3ELi0EELj1EEE7config6EEvRKT_PAsrT1_6n_chan_12ap_shift_regINSA_10value_typeEXsrSD_8in_widthEERN3hls6streamIT0_2]:  wired=0; compound=0; hidden=1; nouse=0; global=1; static=1; extern=0; dir=2; type=0; pingpong=0; private_global=1; IO mode=ap_ovld:ce=0
Port [ p_ZZN4nnet24compute_output_buffer_2dINS_5arrayI8ap_fixedILi16ELi6EL9ap_q_mode5EL9ap_o_mode3ELi0EELj4EEENS1_IS2_ILi39ELi19ELS3_5ELS4_3ELi0EELj1EEE7config6EEvRKT_PAsrT1_6n_chan_12ap_shift_regINSA_10value_typeEXsrSD_8in_widthEERN3hls6streamIT0_1]:  wired=0; compound=0; hidden=1; nouse=0; global=1; static=1; extern=0; dir=2; type=0; pingpong=0; private_global=1; IO mode=ap_ovld:ce=0
Port [ p_ZZN4nnet24compute_output_buffer_2dINS_5arrayI8ap_fixedILi16ELi6EL9ap_q_mode5EL9ap_o_mode3ELi0EELj4EEENS1_IS2_ILi39ELi19ELS3_5ELS4_3ELi0EELj1EEE7config6EEvRKT_PAsrT1_6n_chan_12ap_shift_regINSA_10value_typeEXsrSD_8in_widthEERN3hls6streamIT0_s]:  wired=0; compound=0; hidden=1; nouse=0; global=1; static=1; extern=0; dir=2; type=0; pingpong=0; private_global=1; IO mode=ap_ovld:ce=0
Port [ void_conv_2d_buffer_cl_array_ap_fixed_16_6_5_3_0_4u_array_ap_fixed_39_19_5_3_0_1u_config6_stream_array_ap_fixed_16_6_5_3_0_4u_0_stream_array_ap_fixed_39_19_5_3_0_1u_0_weight_t_bias_t_line_buffer_0]:  wired=0; compound=1; hidden=1; nouse=1; global=1; static=1; extern=0; dir=3; type=1; pingpong=0; private_global=0; MemPort=[2]; IO mode=ap_memory:ce=0
Port [ void_conv_2d_buffer_cl_array_ap_fixed_16_6_5_3_0_4u_array_ap_fixed_39_19_5_3_0_1u_config6_stream_array_ap_fixed_16_6_5_3_0_4u_0_stream_array_ap_fixed_39_19_5_3_0_1u_0_weight_t_bias_t_line_buffer]:  wired=0; compound=1; hidden=1; nouse=1; global=1; static=1; extern=0; dir=3; type=1; pingpong=0; private_global=0; MemPort=[2]; IO mode=ap_memory:ce=0
Port [ void_conv_2d_buffer_cl_array_ap_fixed_16_6_5_3_0_4u_array_ap_fixed_39_19_5_3_0_1u_config6_stream_array_ap_fixed_16_6_5_3_0_4u_0_stream_array_ap_fixed_39_19_5_3_0_1u_0_weight_t_bias_t_line_buffer_1_0]:  wired=0; compound=1; hidden=1; nouse=1; global=1; static=1; extern=0; dir=3; type=1; pingpong=0; private_global=0; MemPort=[2]; IO mode=ap_memory:ce=0
Port [ void_conv_2d_buffer_cl_array_ap_fixed_16_6_5_3_0_4u_array_ap_fixed_39_19_5_3_0_1u_config6_stream_array_ap_fixed_16_6_5_3_0_4u_0_stream_array_ap_fixed_39_19_5_3_0_1u_0_weight_t_bias_t_line_buffer_1_1]:  wired=0; compound=1; hidden=1; nouse=1; global=1; static=1; extern=0; dir=3; type=1; pingpong=0; private_global=0; MemPort=[2]; IO mode=ap_memory:ce=0
Port [ void_conv_2d_buffer_cl_array_ap_fixed_16_6_5_3_0_4u_array_ap_fixed_39_19_5_3_0_1u_config6_stream_array_ap_fixed_16_6_5_3_0_4u_0_stream_array_ap_fixed_39_19_5_3_0_1u_0_weight_t_bias_t_line_buffer_2_0]:  wired=0; compound=1; hidden=1; nouse=1; global=1; static=1; extern=0; dir=3; type=1; pingpong=0; private_global=0; MemPort=[2]; IO mode=ap_memory:ce=0
Port [ void_conv_2d_buffer_cl_array_ap_fixed_16_6_5_3_0_4u_array_ap_fixed_39_19_5_3_0_1u_config6_stream_array_ap_fixed_16_6_5_3_0_4u_0_stream_array_ap_fixed_39_19_5_3_0_1u_0_weight_t_bias_t_line_buffer_2_1]:  wired=0; compound=1; hidden=1; nouse=1; global=1; static=1; extern=0; dir=3; type=1; pingpong=0; private_global=0; MemPort=[2]; IO mode=ap_memory:ce=0
Port [ void_conv_2d_buffer_cl_array_ap_fixed_16_6_5_3_0_4u_array_ap_fixed_39_19_5_3_0_1u_config6_stream_array_ap_fixed_16_6_5_3_0_4u_0_stream_array_ap_fixed_39_19_5_3_0_1u_0_weight_t_bias_t_line_buffer_3_0]:  wired=0; compound=1; hidden=1; nouse=1; global=1; static=1; extern=0; dir=3; type=1; pingpong=0; private_global=0; MemPort=[2]; IO mode=ap_memory:ce=0
Port [ void_conv_2d_buffer_cl_array_ap_fixed_16_6_5_3_0_4u_array_ap_fixed_39_19_5_3_0_1u_config6_stream_array_ap_fixed_16_6_5_3_0_4u_0_stream_array_ap_fixed_39_19_5_3_0_1u_0_weight_t_bias_t_line_buffer_3_1]:  wired=0; compound=1; hidden=1; nouse=1; global=1; static=1; extern=0; dir=3; type=1; pingpong=0; private_global=0; MemPort=[2]; IO mode=ap_memory:ce=0
Port [ sX_1]:  wired=0; compound=0; hidden=1; nouse=0; global=1; static=1; extern=0; dir=2; type=0; pingpong=0; private_global=1; IO mode=ap_ovld:ce=0
Port [ sY_1]:  wired=0; compound=0; hidden=1; nouse=0; global=1; static=1; extern=0; dir=2; type=0; pingpong=0; private_global=1; IO mode=ap_ovld:ce=0
Port [ pY_1]:  wired=0; compound=0; hidden=1; nouse=0; global=1; static=1; extern=0; dir=2; type=0; pingpong=0; private_global=1; IO mode=ap_ovld:ce=0
Port [ pX_1]:  wired=0; compound=0; hidden=1; nouse=0; global=1; static=1; extern=0; dir=2; type=0; pingpong=0; private_global=1; IO mode=ap_ovld:ce=0
Port [ w6_V]:  wired=0; compound=1; hidden=1; nouse=1; global=1; static=1; extern=0; dir=0; type=1; pingpong=0; private_global=0; MemPort=[1]; IO mode=ap_memory:ce=0
---------------- STG Properties END ------------------

---------------- Datapath Model BEGIN ----------------

<LifeTime>
<method=bitvector/>
p_read37          (read         ) [ 00000]
p_read26          (read         ) [ 00000]
p_read15          (read         ) [ 00000]
p_read_9          (read         ) [ 00000]
call_ln281        (call         ) [ 00000]
specinterface_ln0 (specinterface) [ 00000]
sX_1_load         (load         ) [ 00010]
icmp_ln284        (icmp         ) [ 00110]
sY_1_load         (load         ) [ 00010]
pY_1_load         (load         ) [ 00010]
pX_1_load         (load         ) [ 00010]
br_ln284          (br           ) [ 00000]
icmp_ln284_4      (icmp         ) [ 00000]
tmp               (partselect   ) [ 00000]
icmp_ln284_5      (icmp         ) [ 00000]
tmp_3             (partselect   ) [ 00000]
icmp_ln284_6      (icmp         ) [ 00000]
and_ln284         (and          ) [ 00000]
and_ln284_2       (and          ) [ 00110]
br_ln284          (br           ) [ 00000]
res_out_V         (call         ) [ 00000]
sext_ln173        (sext         ) [ 00000]
zext_ln173        (zext         ) [ 00000]
write_ln173       (write        ) [ 00000]
br_ln300          (br           ) [ 00000]
add_ln303         (add          ) [ 00000]
icmp_ln303        (icmp         ) [ 00011]
br_ln303          (br           ) [ 00000]
store_ln316       (store        ) [ 00000]
add_ln318         (add          ) [ 00000]
select_ln318      (select       ) [ 00000]
store_ln318       (store        ) [ 00000]
br_ln0            (br           ) [ 00000]
store_ln305       (store        ) [ 00000]
store_ln306       (store        ) [ 00000]
add_ln307         (add          ) [ 00000]
icmp_ln307        (icmp         ) [ 00010]
br_ln307          (br           ) [ 00000]
store_ln311       (store        ) [ 00000]
icmp_ln313        (icmp         ) [ 00000]
add_ln313         (add          ) [ 00000]
select_ln313      (select       ) [ 00011]
br_ln0            (br           ) [ 00011]
store_ln308       (store        ) [ 00000]
br_ln310          (br           ) [ 00011]
storemerge        (phi          ) [ 00001]
store_ln309       (store        ) [ 00000]
br_ln315          (br           ) [ 00000]
ret_ln320         (ret          ) [ 00000]
</LifeTime>

<model>

<comp_list>
<comp id="0" class="1000" name="p_read">
<pin_list>
<pin id="1" dir="1" index="0" bw="1" slack="0"/>
</pin_list>
<bind>
<StgValue><ssdm name="p_read"/></StgValue>
</bind>
</comp>

<comp id="2" class="1000" name="p_read1">
<pin_list>
<pin id="3" dir="1" index="0" bw="1" slack="0"/>
</pin_list>
<bind>
<StgValue><ssdm name="p_read1"/></StgValue>
</bind>
</comp>

<comp id="4" class="1000" name="p_read2">
<pin_list>
<pin id="5" dir="1" index="0" bw="1" slack="0"/>
</pin_list>
<bind>
<StgValue><ssdm name="p_read2"/></StgValue>
</bind>
</comp>

<comp id="6" class="1000" name="p_read3">
<pin_list>
<pin id="7" dir="1" index="0" bw="1" slack="0"/>
</pin_list>
<bind>
<StgValue><ssdm name="p_read3"/></StgValue>
</bind>
</comp>

<comp id="8" class="1000" name="layer6_out">
<pin_list>
<pin id="9" dir="1" index="0" bw="1" slack="0"/>
</pin_list>
<bind>
<StgValue><ssdm name="layer6_out"/></StgValue>
</bind>
</comp>

<comp id="10" class="1000" name="void_compute_output_buffer_2d_array_array_ap_fixed_1u_config6_array_ap_fixed_16_6_5_3_0_4u_const_ap_shift_reg_value_type_in_width_n_chan_stream_array_ap_fixed_39_19_5_3_0_1u_0_weight_t_bias_t_kernel_data_5">
<pin_list>
<pin id="11" dir="1" index="0" bw="1" slack="0"/>
</pin_list>
<bind>
<StgValue><ssdm name="void_compute_output_buffer_2d_array_array_ap_fixed_1u_config6_array_ap_fixed_16_6_5_3_0_4u_const_ap_shift_reg_value_type_in_width_n_chan_stream_array_ap_fixed_39_19_5_3_0_1u_0_weight_t_bias_t_kernel_data_5"/></StgValue>
</bind>
</comp>

<comp id="12" class="1000" name="void_compute_output_buffer_2d_array_array_ap_fixed_1u_config6_array_ap_fixed_16_6_5_3_0_4u_const_ap_shift_reg_value_type_in_width_n_chan_stream_array_ap_fixed_39_19_5_3_0_1u_0_weight_t_bias_t_kernel_data_9">
<pin_list>
<pin id="13" dir="1" index="0" bw="1" slack="0"/>
</pin_list>
<bind>
<StgValue><ssdm name="void_compute_output_buffer_2d_array_array_ap_fixed_1u_config6_array_ap_fixed_16_6_5_3_0_4u_const_ap_shift_reg_value_type_in_width_n_chan_stream_array_ap_fixed_39_19_5_3_0_1u_0_weight_t_bias_t_kernel_data_9"/></StgValue>
</bind>
</comp>

<comp id="14" class="1000" name="void_compute_output_buffer_2d_array_array_ap_fixed_1u_config6_array_ap_fixed_16_6_5_3_0_4u_const_ap_shift_reg_value_type_in_width_n_chan_stream_array_ap_fixed_39_19_5_3_0_1u_0_weight_t_bias_t_kernel_data_4">
<pin_list>
<pin id="15" dir="1" index="0" bw="1" slack="0"/>
</pin_list>
<bind>
<StgValue><ssdm name="void_compute_output_buffer_2d_array_array_ap_fixed_1u_config6_array_ap_fixed_16_6_5_3_0_4u_const_ap_shift_reg_value_type_in_width_n_chan_stream_array_ap_fixed_39_19_5_3_0_1u_0_weight_t_bias_t_kernel_data_4"/></StgValue>
</bind>
</comp>

<comp id="16" class="1000" name="void_compute_output_buffer_2d_array_array_ap_fixed_1u_config6_array_ap_fixed_16_6_5_3_0_4u_const_ap_shift_reg_value_type_in_width_n_chan_stream_array_ap_fixed_39_19_5_3_0_1u_0_weight_t_bias_t_kernel_data_8">
<pin_list>
<pin id="17" dir="1" index="0" bw="1" slack="0"/>
</pin_list>
<bind>
<StgValue><ssdm name="void_compute_output_buffer_2d_array_array_ap_fixed_1u_config6_array_ap_fixed_16_6_5_3_0_4u_const_ap_shift_reg_value_type_in_width_n_chan_stream_array_ap_fixed_39_19_5_3_0_1u_0_weight_t_bias_t_kernel_data_8"/></StgValue>
</bind>
</comp>

<comp id="18" class="1000" name="void_compute_output_buffer_2d_array_array_ap_fixed_1u_config6_array_ap_fixed_16_6_5_3_0_4u_const_ap_shift_reg_value_type_in_width_n_chan_stream_array_ap_fixed_39_19_5_3_0_1u_0_weight_t_bias_t_kernel_data_3">
<pin_list>
<pin id="19" dir="1" index="0" bw="1" slack="0"/>
</pin_list>
<bind>
<StgValue><ssdm name="void_compute_output_buffer_2d_array_array_ap_fixed_1u_config6_array_ap_fixed_16_6_5_3_0_4u_const_ap_shift_reg_value_type_in_width_n_chan_stream_array_ap_fixed_39_19_5_3_0_1u_0_weight_t_bias_t_kernel_data_3"/></StgValue>
</bind>
</comp>

<comp id="20" class="1000" name="void_compute_output_buffer_2d_array_array_ap_fixed_1u_config6_array_ap_fixed_16_6_5_3_0_4u_const_ap_shift_reg_value_type_in_width_n_chan_stream_array_ap_fixed_39_19_5_3_0_1u_0_weight_t_bias_t_kernel_data_7">
<pin_list>
<pin id="21" dir="1" index="0" bw="1" slack="0"/>
</pin_list>
<bind>
<StgValue><ssdm name="void_compute_output_buffer_2d_array_array_ap_fixed_1u_config6_array_ap_fixed_16_6_5_3_0_4u_const_ap_shift_reg_value_type_in_width_n_chan_stream_array_ap_fixed_39_19_5_3_0_1u_0_weight_t_bias_t_kernel_data_7"/></StgValue>
</bind>
</comp>

<comp id="22" class="1000" name="void_compute_output_buffer_2d_array_array_ap_fixed_1u_config6_array_ap_fixed_16_6_5_3_0_4u_const_ap_shift_reg_value_type_in_width_n_chan_stream_array_ap_fixed_39_19_5_3_0_1u_0_weight_t_bias_t_kernel_data_2">
<pin_list>
<pin id="23" dir="1" index="0" bw="1" slack="0"/>
</pin_list>
<bind>
<StgValue><ssdm name="void_compute_output_buffer_2d_array_array_ap_fixed_1u_config6_array_ap_fixed_16_6_5_3_0_4u_const_ap_shift_reg_value_type_in_width_n_chan_stream_array_ap_fixed_39_19_5_3_0_1u_0_weight_t_bias_t_kernel_data_2"/></StgValue>
</bind>
</comp>

<comp id="24" class="1000" name="void_compute_output_buffer_2d_array_array_ap_fixed_1u_config6_array_ap_fixed_16_6_5_3_0_4u_const_ap_shift_reg_value_type_in_width_n_chan_stream_array_ap_fixed_39_19_5_3_0_1u_0_weight_t_bias_t_kernel_data_6">
<pin_list>
<pin id="25" dir="1" index="0" bw="1" slack="0"/>
</pin_list>
<bind>
<StgValue><ssdm name="void_compute_output_buffer_2d_array_array_ap_fixed_1u_config6_array_ap_fixed_16_6_5_3_0_4u_const_ap_shift_reg_value_type_in_width_n_chan_stream_array_ap_fixed_39_19_5_3_0_1u_0_weight_t_bias_t_kernel_data_6"/></StgValue>
</bind>
</comp>

<comp id="26" class="1000" name="p_ZZN4nnet24compute_output_buffer_2dINS_5arrayI8ap_fixedILi16ELi6EL9ap_q_mode5EL9ap_o_mode3ELi0EELj4EEENS1_IS2_ILi39ELi19ELS3_5ELS4_3ELi0EELj1EEE7config6EEvRKT_PAsrT1_6n_chan_12ap_shift_regINSA_10value_typeEXsrSD_8in_widthEERN3hls6streamIT0_19">
<pin_list>
<pin id="27" dir="1" index="0" bw="1" slack="0"/>
</pin_list>
<bind>
<StgValue><ssdm name="p_ZZN4nnet24compute_output_buffer_2dINS_5arrayI8ap_fixedILi16ELi6EL9ap_q_mode5EL9ap_o_mode3ELi0EELj4EEENS1_IS2_ILi39ELi19ELS3_5ELS4_3ELi0EELj1EEE7config6EEvRKT_PAsrT1_6n_chan_12ap_shift_regINSA_10value_typeEXsrSD_8in_widthEERN3hls6streamIT0_19"/></StgValue>
</bind>
</comp>

<comp id="28" class="1000" name="p_ZZN4nnet24compute_output_buffer_2dINS_5arrayI8ap_fixedILi16ELi6EL9ap_q_mode5EL9ap_o_mode3ELi0EELj4EEENS1_IS2_ILi39ELi19ELS3_5ELS4_3ELi0EELj1EEE7config6EEvRKT_PAsrT1_6n_chan_12ap_shift_regINSA_10value_typeEXsrSD_8in_widthEERN3hls6streamIT0_23">
<pin_list>
<pin id="29" dir="1" index="0" bw="1" slack="0"/>
</pin_list>
<bind>
<StgValue><ssdm name="p_ZZN4nnet24compute_output_buffer_2dINS_5arrayI8ap_fixedILi16ELi6EL9ap_q_mode5EL9ap_o_mode3ELi0EELj4EEENS1_IS2_ILi39ELi19ELS3_5ELS4_3ELi0EELj1EEE7config6EEvRKT_PAsrT1_6n_chan_12ap_shift_regINSA_10value_typeEXsrSD_8in_widthEERN3hls6streamIT0_23"/></StgValue>
</bind>
</comp>

<comp id="30" class="1000" name="p_ZZN4nnet24compute_output_buffer_2dINS_5arrayI8ap_fixedILi16ELi6EL9ap_q_mode5EL9ap_o_mode3ELi0EELj4EEENS1_IS2_ILi39ELi19ELS3_5ELS4_3ELi0EELj1EEE7config6EEvRKT_PAsrT1_6n_chan_12ap_shift_regINSA_10value_typeEXsrSD_8in_widthEERN3hls6streamIT0_18">
<pin_list>
<pin id="31" dir="1" index="0" bw="1" slack="0"/>
</pin_list>
<bind>
<StgValue><ssdm name="p_ZZN4nnet24compute_output_buffer_2dINS_5arrayI8ap_fixedILi16ELi6EL9ap_q_mode5EL9ap_o_mode3ELi0EELj4EEENS1_IS2_ILi39ELi19ELS3_5ELS4_3ELi0EELj1EEE7config6EEvRKT_PAsrT1_6n_chan_12ap_shift_regINSA_10value_typeEXsrSD_8in_widthEERN3hls6streamIT0_18"/></StgValue>
</bind>
</comp>

<comp id="32" class="1000" name="p_ZZN4nnet24compute_output_buffer_2dINS_5arrayI8ap_fixedILi16ELi6EL9ap_q_mode5EL9ap_o_mode3ELi0EELj4EEENS1_IS2_ILi39ELi19ELS3_5ELS4_3ELi0EELj1EEE7config6EEvRKT_PAsrT1_6n_chan_12ap_shift_regINSA_10value_typeEXsrSD_8in_widthEERN3hls6streamIT0_22">
<pin_list>
<pin id="33" dir="1" index="0" bw="1" slack="0"/>
</pin_list>
<bind>
<StgValue><ssdm name="p_ZZN4nnet24compute_output_buffer_2dINS_5arrayI8ap_fixedILi16ELi6EL9ap_q_mode5EL9ap_o_mode3ELi0EELj4EEENS1_IS2_ILi39ELi19ELS3_5ELS4_3ELi0EELj1EEE7config6EEvRKT_PAsrT1_6n_chan_12ap_shift_regINSA_10value_typeEXsrSD_8in_widthEERN3hls6streamIT0_22"/></StgValue>
</bind>
</comp>

<comp id="34" class="1000" name="p_ZZN4nnet24compute_output_buffer_2dINS_5arrayI8ap_fixedILi16ELi6EL9ap_q_mode5EL9ap_o_mode3ELi0EELj4EEENS1_IS2_ILi39ELi19ELS3_5ELS4_3ELi0EELj1EEE7config6EEvRKT_PAsrT1_6n_chan_12ap_shift_regINSA_10value_typeEXsrSD_8in_widthEERN3hls6streamIT0_17">
<pin_list>
<pin id="35" dir="1" index="0" bw="1" slack="0"/>
</pin_list>
<bind>
<StgValue><ssdm name="p_ZZN4nnet24compute_output_buffer_2dINS_5arrayI8ap_fixedILi16ELi6EL9ap_q_mode5EL9ap_o_mode3ELi0EELj4EEENS1_IS2_ILi39ELi19ELS3_5ELS4_3ELi0EELj1EEE7config6EEvRKT_PAsrT1_6n_chan_12ap_shift_regINSA_10value_typeEXsrSD_8in_widthEERN3hls6streamIT0_17"/></StgValue>
</bind>
</comp>

<comp id="36" class="1000" name="p_ZZN4nnet24compute_output_buffer_2dINS_5arrayI8ap_fixedILi16ELi6EL9ap_q_mode5EL9ap_o_mode3ELi0EELj4EEENS1_IS2_ILi39ELi19ELS3_5ELS4_3ELi0EELj1EEE7config6EEvRKT_PAsrT1_6n_chan_12ap_shift_regINSA_10value_typeEXsrSD_8in_widthEERN3hls6streamIT0_21">
<pin_list>
<pin id="37" dir="1" index="0" bw="1" slack="0"/>
</pin_list>
<bind>
<StgValue><ssdm name="p_ZZN4nnet24compute_output_buffer_2dINS_5arrayI8ap_fixedILi16ELi6EL9ap_q_mode5EL9ap_o_mode3ELi0EELj4EEENS1_IS2_ILi39ELi19ELS3_5ELS4_3ELi0EELj1EEE7config6EEvRKT_PAsrT1_6n_chan_12ap_shift_regINSA_10value_typeEXsrSD_8in_widthEERN3hls6streamIT0_21"/></StgValue>
</bind>
</comp>

<comp id="38" class="1000" name="p_ZZN4nnet24compute_output_buffer_2dINS_5arrayI8ap_fixedILi16ELi6EL9ap_q_mode5EL9ap_o_mode3ELi0EELj4EEENS1_IS2_ILi39ELi19ELS3_5ELS4_3ELi0EELj1EEE7config6EEvRKT_PAsrT1_6n_chan_12ap_shift_regINSA_10value_typeEXsrSD_8in_widthEERN3hls6streamIT0_16">
<pin_list>
<pin id="39" dir="1" index="0" bw="1" slack="0"/>
</pin_list>
<bind>
<StgValue><ssdm name="p_ZZN4nnet24compute_output_buffer_2dINS_5arrayI8ap_fixedILi16ELi6EL9ap_q_mode5EL9ap_o_mode3ELi0EELj4EEENS1_IS2_ILi39ELi19ELS3_5ELS4_3ELi0EELj1EEE7config6EEvRKT_PAsrT1_6n_chan_12ap_shift_regINSA_10value_typeEXsrSD_8in_widthEERN3hls6streamIT0_16"/></StgValue>
</bind>
</comp>

<comp id="40" class="1000" name="p_ZZN4nnet24compute_output_buffer_2dINS_5arrayI8ap_fixedILi16ELi6EL9ap_q_mode5EL9ap_o_mode3ELi0EELj4EEENS1_IS2_ILi39ELi19ELS3_5ELS4_3ELi0EELj1EEE7config6EEvRKT_PAsrT1_6n_chan_12ap_shift_regINSA_10value_typeEXsrSD_8in_widthEERN3hls6streamIT0_20">
<pin_list>
<pin id="41" dir="1" index="0" bw="1" slack="0"/>
</pin_list>
<bind>
<StgValue><ssdm name="p_ZZN4nnet24compute_output_buffer_2dINS_5arrayI8ap_fixedILi16ELi6EL9ap_q_mode5EL9ap_o_mode3ELi0EELj4EEENS1_IS2_ILi39ELi19ELS3_5ELS4_3ELi0EELj1EEE7config6EEvRKT_PAsrT1_6n_chan_12ap_shift_regINSA_10value_typeEXsrSD_8in_widthEERN3hls6streamIT0_20"/></StgValue>
</bind>
</comp>

<comp id="42" class="1000" name="p_ZZN4nnet24compute_output_buffer_2dINS_5arrayI8ap_fixedILi16ELi6EL9ap_q_mode5EL9ap_o_mode3ELi0EELj4EEENS1_IS2_ILi39ELi19ELS3_5ELS4_3ELi0EELj1EEE7config6EEvRKT_PAsrT1_6n_chan_12ap_shift_regINSA_10value_typeEXsrSD_8in_widthEERN3hls6streamIT0_7">
<pin_list>
<pin id="43" dir="1" index="0" bw="1" slack="0"/>
</pin_list>
<bind>
<StgValue><ssdm name="p_ZZN4nnet24compute_output_buffer_2dINS_5arrayI8ap_fixedILi16ELi6EL9ap_q_mode5EL9ap_o_mode3ELi0EELj4EEENS1_IS2_ILi39ELi19ELS3_5ELS4_3ELi0EELj1EEE7config6EEvRKT_PAsrT1_6n_chan_12ap_shift_regINSA_10value_typeEXsrSD_8in_widthEERN3hls6streamIT0_7"/></StgValue>
</bind>
</comp>

<comp id="44" class="1000" name="p_ZZN4nnet24compute_output_buffer_2dINS_5arrayI8ap_fixedILi16ELi6EL9ap_q_mode5EL9ap_o_mode3ELi0EELj4EEENS1_IS2_ILi39ELi19ELS3_5ELS4_3ELi0EELj1EEE7config6EEvRKT_PAsrT1_6n_chan_12ap_shift_regINSA_10value_typeEXsrSD_8in_widthEERN3hls6streamIT0_11">
<pin_list>
<pin id="45" dir="1" index="0" bw="1" slack="0"/>
</pin_list>
<bind>
<StgValue><ssdm name="p_ZZN4nnet24compute_output_buffer_2dINS_5arrayI8ap_fixedILi16ELi6EL9ap_q_mode5EL9ap_o_mode3ELi0EELj4EEENS1_IS2_ILi39ELi19ELS3_5ELS4_3ELi0EELj1EEE7config6EEvRKT_PAsrT1_6n_chan_12ap_shift_regINSA_10value_typeEXsrSD_8in_widthEERN3hls6streamIT0_11"/></StgValue>
</bind>
</comp>

<comp id="46" class="1000" name="p_ZZN4nnet24compute_output_buffer_2dINS_5arrayI8ap_fixedILi16ELi6EL9ap_q_mode5EL9ap_o_mode3ELi0EELj4EEENS1_IS2_ILi39ELi19ELS3_5ELS4_3ELi0EELj1EEE7config6EEvRKT_PAsrT1_6n_chan_12ap_shift_regINSA_10value_typeEXsrSD_8in_widthEERN3hls6streamIT0_6">
<pin_list>
<pin id="47" dir="1" index="0" bw="1" slack="0"/>
</pin_list>
<bind>
<StgValue><ssdm name="p_ZZN4nnet24compute_output_buffer_2dINS_5arrayI8ap_fixedILi16ELi6EL9ap_q_mode5EL9ap_o_mode3ELi0EELj4EEENS1_IS2_ILi39ELi19ELS3_5ELS4_3ELi0EELj1EEE7config6EEvRKT_PAsrT1_6n_chan_12ap_shift_regINSA_10value_typeEXsrSD_8in_widthEERN3hls6streamIT0_6"/></StgValue>
</bind>
</comp>

<comp id="48" class="1000" name="p_ZZN4nnet24compute_output_buffer_2dINS_5arrayI8ap_fixedILi16ELi6EL9ap_q_mode5EL9ap_o_mode3ELi0EELj4EEENS1_IS2_ILi39ELi19ELS3_5ELS4_3ELi0EELj1EEE7config6EEvRKT_PAsrT1_6n_chan_12ap_shift_regINSA_10value_typeEXsrSD_8in_widthEERN3hls6streamIT0_10">
<pin_list>
<pin id="49" dir="1" index="0" bw="1" slack="0"/>
</pin_list>
<bind>
<StgValue><ssdm name="p_ZZN4nnet24compute_output_buffer_2dINS_5arrayI8ap_fixedILi16ELi6EL9ap_q_mode5EL9ap_o_mode3ELi0EELj4EEENS1_IS2_ILi39ELi19ELS3_5ELS4_3ELi0EELj1EEE7config6EEvRKT_PAsrT1_6n_chan_12ap_shift_regINSA_10value_typeEXsrSD_8in_widthEERN3hls6streamIT0_10"/></StgValue>
</bind>
</comp>

<comp id="50" class="1000" name="p_ZZN4nnet24compute_output_buffer_2dINS_5arrayI8ap_fixedILi16ELi6EL9ap_q_mode5EL9ap_o_mode3ELi0EELj4EEENS1_IS2_ILi39ELi19ELS3_5ELS4_3ELi0EELj1EEE7config6EEvRKT_PAsrT1_6n_chan_12ap_shift_regINSA_10value_typeEXsrSD_8in_widthEERN3hls6streamIT0_5">
<pin_list>
<pin id="51" dir="1" index="0" bw="1" slack="0"/>
</pin_list>
<bind>
<StgValue><ssdm name="p_ZZN4nnet24compute_output_buffer_2dINS_5arrayI8ap_fixedILi16ELi6EL9ap_q_mode5EL9ap_o_mode3ELi0EELj4EEENS1_IS2_ILi39ELi19ELS3_5ELS4_3ELi0EELj1EEE7config6EEvRKT_PAsrT1_6n_chan_12ap_shift_regINSA_10value_typeEXsrSD_8in_widthEERN3hls6streamIT0_5"/></StgValue>
</bind>
</comp>

<comp id="52" class="1000" name="p_ZZN4nnet24compute_output_buffer_2dINS_5arrayI8ap_fixedILi16ELi6EL9ap_q_mode5EL9ap_o_mode3ELi0EELj4EEENS1_IS2_ILi39ELi19ELS3_5ELS4_3ELi0EELj1EEE7config6EEvRKT_PAsrT1_6n_chan_12ap_shift_regINSA_10value_typeEXsrSD_8in_widthEERN3hls6streamIT0_9">
<pin_list>
<pin id="53" dir="1" index="0" bw="1" slack="0"/>
</pin_list>
<bind>
<StgValue><ssdm name="p_ZZN4nnet24compute_output_buffer_2dINS_5arrayI8ap_fixedILi16ELi6EL9ap_q_mode5EL9ap_o_mode3ELi0EELj4EEENS1_IS2_ILi39ELi19ELS3_5ELS4_3ELi0EELj1EEE7config6EEvRKT_PAsrT1_6n_chan_12ap_shift_regINSA_10value_typeEXsrSD_8in_widthEERN3hls6streamIT0_9"/></StgValue>
</bind>
</comp>

<comp id="54" class="1000" name="p_ZZN4nnet24compute_output_buffer_2dINS_5arrayI8ap_fixedILi16ELi6EL9ap_q_mode5EL9ap_o_mode3ELi0EELj4EEENS1_IS2_ILi39ELi19ELS3_5ELS4_3ELi0EELj1EEE7config6EEvRKT_PAsrT1_6n_chan_12ap_shift_regINSA_10value_typeEXsrSD_8in_widthEERN3hls6streamIT0_4">
<pin_list>
<pin id="55" dir="1" index="0" bw="1" slack="0"/>
</pin_list>
<bind>
<StgValue><ssdm name="p_ZZN4nnet24compute_output_buffer_2dINS_5arrayI8ap_fixedILi16ELi6EL9ap_q_mode5EL9ap_o_mode3ELi0EELj4EEENS1_IS2_ILi39ELi19ELS3_5ELS4_3ELi0EELj1EEE7config6EEvRKT_PAsrT1_6n_chan_12ap_shift_regINSA_10value_typeEXsrSD_8in_widthEERN3hls6streamIT0_4"/></StgValue>
</bind>
</comp>

<comp id="56" class="1000" name="p_ZZN4nnet24compute_output_buffer_2dINS_5arrayI8ap_fixedILi16ELi6EL9ap_q_mode5EL9ap_o_mode3ELi0EELj4EEENS1_IS2_ILi39ELi19ELS3_5ELS4_3ELi0EELj1EEE7config6EEvRKT_PAsrT1_6n_chan_12ap_shift_regINSA_10value_typeEXsrSD_8in_widthEERN3hls6streamIT0_8">
<pin_list>
<pin id="57" dir="1" index="0" bw="1" slack="0"/>
</pin_list>
<bind>
<StgValue><ssdm name="p_ZZN4nnet24compute_output_buffer_2dINS_5arrayI8ap_fixedILi16ELi6EL9ap_q_mode5EL9ap_o_mode3ELi0EELj4EEENS1_IS2_ILi39ELi19ELS3_5ELS4_3ELi0EELj1EEE7config6EEvRKT_PAsrT1_6n_chan_12ap_shift_regINSA_10value_typeEXsrSD_8in_widthEERN3hls6streamIT0_8"/></StgValue>
</bind>
</comp>

<comp id="58" class="1000" name="void_compute_output_buffer_2d_array_array_ap_fixed_1u_config6_array_ap_fixed_16_6_5_3_0_4u_const_ap_shift_reg_value_type_in_width_n_chan_stream_array_ap_fixed_39_19_5_3_0_1u_0_weight_t_bias_t_kernel_data_1">
<pin_list>
<pin id="59" dir="1" index="0" bw="1" slack="0"/>
</pin_list>
<bind>
<StgValue><ssdm name="void_compute_output_buffer_2d_array_array_ap_fixed_1u_config6_array_ap_fixed_16_6_5_3_0_4u_const_ap_shift_reg_value_type_in_width_n_chan_stream_array_ap_fixed_39_19_5_3_0_1u_0_weight_t_bias_t_kernel_data_1"/></StgValue>
</bind>
</comp>

<comp id="60" class="1000" name="void_compute_output_buffer_2d_array_array_ap_fixed_1u_config6_array_ap_fixed_16_6_5_3_0_4u_const_ap_shift_reg_value_type_in_width_n_chan_stream_array_ap_fixed_39_19_5_3_0_1u_0_weight_t_bias_t_kernel_data">
<pin_list>
<pin id="61" dir="1" index="0" bw="1" slack="0"/>
</pin_list>
<bind>
<StgValue><ssdm name="void_compute_output_buffer_2d_array_array_ap_fixed_1u_config6_array_ap_fixed_16_6_5_3_0_4u_const_ap_shift_reg_value_type_in_width_n_chan_stream_array_ap_fixed_39_19_5_3_0_1u_0_weight_t_bias_t_kernel_data"/></StgValue>
</bind>
</comp>

<comp id="62" class="1000" name="p_ZZN4nnet24compute_output_buffer_2dINS_5arrayI8ap_fixedILi16ELi6EL9ap_q_mode5EL9ap_o_mode3ELi0EELj4EEENS1_IS2_ILi39ELi19ELS3_5ELS4_3ELi0EELj1EEE7config6EEvRKT_PAsrT1_6n_chan_12ap_shift_regINSA_10value_typeEXsrSD_8in_widthEERN3hls6streamIT0_25">
<pin_list>
<pin id="63" dir="1" index="0" bw="1" slack="0"/>
</pin_list>
<bind>
<StgValue><ssdm name="p_ZZN4nnet24compute_output_buffer_2dINS_5arrayI8ap_fixedILi16ELi6EL9ap_q_mode5EL9ap_o_mode3ELi0EELj4EEENS1_IS2_ILi39ELi19ELS3_5ELS4_3ELi0EELj1EEE7config6EEvRKT_PAsrT1_6n_chan_12ap_shift_regINSA_10value_typeEXsrSD_8in_widthEERN3hls6streamIT0_25"/></StgValue>
</bind>
</comp>

<comp id="64" class="1000" name="p_ZZN4nnet24compute_output_buffer_2dINS_5arrayI8ap_fixedILi16ELi6EL9ap_q_mode5EL9ap_o_mode3ELi0EELj4EEENS1_IS2_ILi39ELi19ELS3_5ELS4_3ELi0EELj1EEE7config6EEvRKT_PAsrT1_6n_chan_12ap_shift_regINSA_10value_typeEXsrSD_8in_widthEERN3hls6streamIT0_24">
<pin_list>
<pin id="65" dir="1" index="0" bw="1" slack="0"/>
</pin_list>
<bind>
<StgValue><ssdm name="p_ZZN4nnet24compute_output_buffer_2dINS_5arrayI8ap_fixedILi16ELi6EL9ap_q_mode5EL9ap_o_mode3ELi0EELj4EEENS1_IS2_ILi39ELi19ELS3_5ELS4_3ELi0EELj1EEE7config6EEvRKT_PAsrT1_6n_chan_12ap_shift_regINSA_10value_typeEXsrSD_8in_widthEERN3hls6streamIT0_24"/></StgValue>
</bind>
</comp>

<comp id="66" class="1000" name="p_ZZN4nnet24compute_output_buffer_2dINS_5arrayI8ap_fixedILi16ELi6EL9ap_q_mode5EL9ap_o_mode3ELi0EELj4EEENS1_IS2_ILi39ELi19ELS3_5ELS4_3ELi0EELj1EEE7config6EEvRKT_PAsrT1_6n_chan_12ap_shift_regINSA_10value_typeEXsrSD_8in_widthEERN3hls6streamIT0_15">
<pin_list>
<pin id="67" dir="1" index="0" bw="1" slack="0"/>
</pin_list>
<bind>
<StgValue><ssdm name="p_ZZN4nnet24compute_output_buffer_2dINS_5arrayI8ap_fixedILi16ELi6EL9ap_q_mode5EL9ap_o_mode3ELi0EELj4EEENS1_IS2_ILi39ELi19ELS3_5ELS4_3ELi0EELj1EEE7config6EEvRKT_PAsrT1_6n_chan_12ap_shift_regINSA_10value_typeEXsrSD_8in_widthEERN3hls6streamIT0_15"/></StgValue>
</bind>
</comp>

<comp id="68" class="1000" name="p_ZZN4nnet24compute_output_buffer_2dINS_5arrayI8ap_fixedILi16ELi6EL9ap_q_mode5EL9ap_o_mode3ELi0EELj4EEENS1_IS2_ILi39ELi19ELS3_5ELS4_3ELi0EELj1EEE7config6EEvRKT_PAsrT1_6n_chan_12ap_shift_regINSA_10value_typeEXsrSD_8in_widthEERN3hls6streamIT0_14">
<pin_list>
<pin id="69" dir="1" index="0" bw="1" slack="0"/>
</pin_list>
<bind>
<StgValue><ssdm name="p_ZZN4nnet24compute_output_buffer_2dINS_5arrayI8ap_fixedILi16ELi6EL9ap_q_mode5EL9ap_o_mode3ELi0EELj4EEENS1_IS2_ILi39ELi19ELS3_5ELS4_3ELi0EELj1EEE7config6EEvRKT_PAsrT1_6n_chan_12ap_shift_regINSA_10value_typeEXsrSD_8in_widthEERN3hls6streamIT0_14"/></StgValue>
</bind>
</comp>

<comp id="70" class="1000" name="p_ZZN4nnet24compute_output_buffer_2dINS_5arrayI8ap_fixedILi16ELi6EL9ap_q_mode5EL9ap_o_mode3ELi0EELj4EEENS1_IS2_ILi39ELi19ELS3_5ELS4_3ELi0EELj1EEE7config6EEvRKT_PAsrT1_6n_chan_12ap_shift_regINSA_10value_typeEXsrSD_8in_widthEERN3hls6streamIT0_13">
<pin_list>
<pin id="71" dir="1" index="0" bw="1" slack="0"/>
</pin_list>
<bind>
<StgValue><ssdm name="p_ZZN4nnet24compute_output_buffer_2dINS_5arrayI8ap_fixedILi16ELi6EL9ap_q_mode5EL9ap_o_mode3ELi0EELj4EEENS1_IS2_ILi39ELi19ELS3_5ELS4_3ELi0EELj1EEE7config6EEvRKT_PAsrT1_6n_chan_12ap_shift_regINSA_10value_typeEXsrSD_8in_widthEERN3hls6streamIT0_13"/></StgValue>
</bind>
</comp>

<comp id="72" class="1000" name="p_ZZN4nnet24compute_output_buffer_2dINS_5arrayI8ap_fixedILi16ELi6EL9ap_q_mode5EL9ap_o_mode3ELi0EELj4EEENS1_IS2_ILi39ELi19ELS3_5ELS4_3ELi0EELj1EEE7config6EEvRKT_PAsrT1_6n_chan_12ap_shift_regINSA_10value_typeEXsrSD_8in_widthEERN3hls6streamIT0_12">
<pin_list>
<pin id="73" dir="1" index="0" bw="1" slack="0"/>
</pin_list>
<bind>
<StgValue><ssdm name="p_ZZN4nnet24compute_output_buffer_2dINS_5arrayI8ap_fixedILi16ELi6EL9ap_q_mode5EL9ap_o_mode3ELi0EELj4EEENS1_IS2_ILi39ELi19ELS3_5ELS4_3ELi0EELj1EEE7config6EEvRKT_PAsrT1_6n_chan_12ap_shift_regINSA_10value_typeEXsrSD_8in_widthEERN3hls6streamIT0_12"/></StgValue>
</bind>
</comp>

<comp id="74" class="1000" name="p_ZZN4nnet24compute_output_buffer_2dINS_5arrayI8ap_fixedILi16ELi6EL9ap_q_mode5EL9ap_o_mode3ELi0EELj4EEENS1_IS2_ILi39ELi19ELS3_5ELS4_3ELi0EELj1EEE7config6EEvRKT_PAsrT1_6n_chan_12ap_shift_regINSA_10value_typeEXsrSD_8in_widthEERN3hls6streamIT0_3">
<pin_list>
<pin id="75" dir="1" index="0" bw="1" slack="0"/>
</pin_list>
<bind>
<StgValue><ssdm name="p_ZZN4nnet24compute_output_buffer_2dINS_5arrayI8ap_fixedILi16ELi6EL9ap_q_mode5EL9ap_o_mode3ELi0EELj4EEENS1_IS2_ILi39ELi19ELS3_5ELS4_3ELi0EELj1EEE7config6EEvRKT_PAsrT1_6n_chan_12ap_shift_regINSA_10value_typeEXsrSD_8in_widthEERN3hls6streamIT0_3"/></StgValue>
</bind>
</comp>

<comp id="76" class="1000" name="p_ZZN4nnet24compute_output_buffer_2dINS_5arrayI8ap_fixedILi16ELi6EL9ap_q_mode5EL9ap_o_mode3ELi0EELj4EEENS1_IS2_ILi39ELi19ELS3_5ELS4_3ELi0EELj1EEE7config6EEvRKT_PAsrT1_6n_chan_12ap_shift_regINSA_10value_typeEXsrSD_8in_widthEERN3hls6streamIT0_2">
<pin_list>
<pin id="77" dir="1" index="0" bw="1" slack="0"/>
</pin_list>
<bind>
<StgValue><ssdm name="p_ZZN4nnet24compute_output_buffer_2dINS_5arrayI8ap_fixedILi16ELi6EL9ap_q_mode5EL9ap_o_mode3ELi0EELj4EEENS1_IS2_ILi39ELi19ELS3_5ELS4_3ELi0EELj1EEE7config6EEvRKT_PAsrT1_6n_chan_12ap_shift_regINSA_10value_typeEXsrSD_8in_widthEERN3hls6streamIT0_2"/></StgValue>
</bind>
</comp>

<comp id="78" class="1000" name="p_ZZN4nnet24compute_output_buffer_2dINS_5arrayI8ap_fixedILi16ELi6EL9ap_q_mode5EL9ap_o_mode3ELi0EELj4EEENS1_IS2_ILi39ELi19ELS3_5ELS4_3ELi0EELj1EEE7config6EEvRKT_PAsrT1_6n_chan_12ap_shift_regINSA_10value_typeEXsrSD_8in_widthEERN3hls6streamIT0_1">
<pin_list>
<pin id="79" dir="1" index="0" bw="1" slack="0"/>
</pin_list>
<bind>
<StgValue><ssdm name="p_ZZN4nnet24compute_output_buffer_2dINS_5arrayI8ap_fixedILi16ELi6EL9ap_q_mode5EL9ap_o_mode3ELi0EELj4EEENS1_IS2_ILi39ELi19ELS3_5ELS4_3ELi0EELj1EEE7config6EEvRKT_PAsrT1_6n_chan_12ap_shift_regINSA_10value_typeEXsrSD_8in_widthEERN3hls6streamIT0_1"/></StgValue>
</bind>
</comp>

<comp id="80" class="1000" name="p_ZZN4nnet24compute_output_buffer_2dINS_5arrayI8ap_fixedILi16ELi6EL9ap_q_mode5EL9ap_o_mode3ELi0EELj4EEENS1_IS2_ILi39ELi19ELS3_5ELS4_3ELi0EELj1EEE7config6EEvRKT_PAsrT1_6n_chan_12ap_shift_regINSA_10value_typeEXsrSD_8in_widthEERN3hls6streamIT0_s">
<pin_list>
<pin id="81" dir="1" index="0" bw="1" slack="0"/>
</pin_list>
<bind>
<StgValue><ssdm name="p_ZZN4nnet24compute_output_buffer_2dINS_5arrayI8ap_fixedILi16ELi6EL9ap_q_mode5EL9ap_o_mode3ELi0EELj4EEENS1_IS2_ILi39ELi19ELS3_5ELS4_3ELi0EELj1EEE7config6EEvRKT_PAsrT1_6n_chan_12ap_shift_regINSA_10value_typeEXsrSD_8in_widthEERN3hls6streamIT0_s"/></StgValue>
</bind>
</comp>

<comp id="82" class="1000" name="void_conv_2d_buffer_cl_array_ap_fixed_16_6_5_3_0_4u_array_ap_fixed_39_19_5_3_0_1u_config6_stream_array_ap_fixed_16_6_5_3_0_4u_0_stream_array_ap_fixed_39_19_5_3_0_1u_0_weight_t_bias_t_line_buffer_0">
<pin_list>
<pin id="83" dir="1" index="0" bw="1" slack="0"/>
</pin_list>
<bind>
<StgValue><ssdm name="void_conv_2d_buffer_cl_array_ap_fixed_16_6_5_3_0_4u_array_ap_fixed_39_19_5_3_0_1u_config6_stream_array_ap_fixed_16_6_5_3_0_4u_0_stream_array_ap_fixed_39_19_5_3_0_1u_0_weight_t_bias_t_line_buffer_0"/><MemPortTyVec>2 </MemPortTyVec>
</StgValue>
</bind>
</comp>

<comp id="84" class="1000" name="void_conv_2d_buffer_cl_array_ap_fixed_16_6_5_3_0_4u_array_ap_fixed_39_19_5_3_0_1u_config6_stream_array_ap_fixed_16_6_5_3_0_4u_0_stream_array_ap_fixed_39_19_5_3_0_1u_0_weight_t_bias_t_line_buffer">
<pin_list>
<pin id="85" dir="1" index="0" bw="1" slack="0"/>
</pin_list>
<bind>
<StgValue><ssdm name="void_conv_2d_buffer_cl_array_ap_fixed_16_6_5_3_0_4u_array_ap_fixed_39_19_5_3_0_1u_config6_stream_array_ap_fixed_16_6_5_3_0_4u_0_stream_array_ap_fixed_39_19_5_3_0_1u_0_weight_t_bias_t_line_buffer"/><MemPortTyVec>2 </MemPortTyVec>
</StgValue>
</bind>
</comp>

<comp id="86" class="1000" name="void_conv_2d_buffer_cl_array_ap_fixed_16_6_5_3_0_4u_array_ap_fixed_39_19_5_3_0_1u_config6_stream_array_ap_fixed_16_6_5_3_0_4u_0_stream_array_ap_fixed_39_19_5_3_0_1u_0_weight_t_bias_t_line_buffer_1_0">
<pin_list>
<pin id="87" dir="1" index="0" bw="1" slack="0"/>
</pin_list>
<bind>
<StgValue><ssdm name="void_conv_2d_buffer_cl_array_ap_fixed_16_6_5_3_0_4u_array_ap_fixed_39_19_5_3_0_1u_config6_stream_array_ap_fixed_16_6_5_3_0_4u_0_stream_array_ap_fixed_39_19_5_3_0_1u_0_weight_t_bias_t_line_buffer_1_0"/><MemPortTyVec>2 </MemPortTyVec>
</StgValue>
</bind>
</comp>

<comp id="88" class="1000" name="void_conv_2d_buffer_cl_array_ap_fixed_16_6_5_3_0_4u_array_ap_fixed_39_19_5_3_0_1u_config6_stream_array_ap_fixed_16_6_5_3_0_4u_0_stream_array_ap_fixed_39_19_5_3_0_1u_0_weight_t_bias_t_line_buffer_1_1">
<pin_list>
<pin id="89" dir="1" index="0" bw="1" slack="0"/>
</pin_list>
<bind>
<StgValue><ssdm name="void_conv_2d_buffer_cl_array_ap_fixed_16_6_5_3_0_4u_array_ap_fixed_39_19_5_3_0_1u_config6_stream_array_ap_fixed_16_6_5_3_0_4u_0_stream_array_ap_fixed_39_19_5_3_0_1u_0_weight_t_bias_t_line_buffer_1_1"/><MemPortTyVec>2 </MemPortTyVec>
</StgValue>
</bind>
</comp>

<comp id="90" class="1000" name="void_conv_2d_buffer_cl_array_ap_fixed_16_6_5_3_0_4u_array_ap_fixed_39_19_5_3_0_1u_config6_stream_array_ap_fixed_16_6_5_3_0_4u_0_stream_array_ap_fixed_39_19_5_3_0_1u_0_weight_t_bias_t_line_buffer_2_0">
<pin_list>
<pin id="91" dir="1" index="0" bw="1" slack="0"/>
</pin_list>
<bind>
<StgValue><ssdm name="void_conv_2d_buffer_cl_array_ap_fixed_16_6_5_3_0_4u_array_ap_fixed_39_19_5_3_0_1u_config6_stream_array_ap_fixed_16_6_5_3_0_4u_0_stream_array_ap_fixed_39_19_5_3_0_1u_0_weight_t_bias_t_line_buffer_2_0"/><MemPortTyVec>2 </MemPortTyVec>
</StgValue>
</bind>
</comp>

<comp id="92" class="1000" name="void_conv_2d_buffer_cl_array_ap_fixed_16_6_5_3_0_4u_array_ap_fixed_39_19_5_3_0_1u_config6_stream_array_ap_fixed_16_6_5_3_0_4u_0_stream_array_ap_fixed_39_19_5_3_0_1u_0_weight_t_bias_t_line_buffer_2_1">
<pin_list>
<pin id="93" dir="1" index="0" bw="1" slack="0"/>
</pin_list>
<bind>
<StgValue><ssdm name="void_conv_2d_buffer_cl_array_ap_fixed_16_6_5_3_0_4u_array_ap_fixed_39_19_5_3_0_1u_config6_stream_array_ap_fixed_16_6_5_3_0_4u_0_stream_array_ap_fixed_39_19_5_3_0_1u_0_weight_t_bias_t_line_buffer_2_1"/><MemPortTyVec>2 </MemPortTyVec>
</StgValue>
</bind>
</comp>

<comp id="94" class="1000" name="void_conv_2d_buffer_cl_array_ap_fixed_16_6_5_3_0_4u_array_ap_fixed_39_19_5_3_0_1u_config6_stream_array_ap_fixed_16_6_5_3_0_4u_0_stream_array_ap_fixed_39_19_5_3_0_1u_0_weight_t_bias_t_line_buffer_3_0">
<pin_list>
<pin id="95" dir="1" index="0" bw="1" slack="0"/>
</pin_list>
<bind>
<StgValue><ssdm name="void_conv_2d_buffer_cl_array_ap_fixed_16_6_5_3_0_4u_array_ap_fixed_39_19_5_3_0_1u_config6_stream_array_ap_fixed_16_6_5_3_0_4u_0_stream_array_ap_fixed_39_19_5_3_0_1u_0_weight_t_bias_t_line_buffer_3_0"/><MemPortTyVec>2 </MemPortTyVec>
</StgValue>
</bind>
</comp>

<comp id="96" class="1000" name="void_conv_2d_buffer_cl_array_ap_fixed_16_6_5_3_0_4u_array_ap_fixed_39_19_5_3_0_1u_config6_stream_array_ap_fixed_16_6_5_3_0_4u_0_stream_array_ap_fixed_39_19_5_3_0_1u_0_weight_t_bias_t_line_buffer_3_1">
<pin_list>
<pin id="97" dir="1" index="0" bw="1" slack="0"/>
</pin_list>
<bind>
<StgValue><ssdm name="void_conv_2d_buffer_cl_array_ap_fixed_16_6_5_3_0_4u_array_ap_fixed_39_19_5_3_0_1u_config6_stream_array_ap_fixed_16_6_5_3_0_4u_0_stream_array_ap_fixed_39_19_5_3_0_1u_0_weight_t_bias_t_line_buffer_3_1"/><MemPortTyVec>2 </MemPortTyVec>
</StgValue>
</bind>
</comp>

<comp id="98" class="1000" name="sX_1">
<pin_list>
<pin id="99" dir="1" index="0" bw="1" slack="0"/>
</pin_list>
<bind>
<StgValue><ssdm name="sX_1"/></StgValue>
</bind>
</comp>

<comp id="100" class="1000" name="sY_1">
<pin_list>
<pin id="101" dir="1" index="0" bw="1" slack="0"/>
</pin_list>
<bind>
<StgValue><ssdm name="sY_1"/></StgValue>
</bind>
</comp>

<comp id="102" class="1000" name="pY_1">
<pin_list>
<pin id="103" dir="1" index="0" bw="1" slack="0"/>
</pin_list>
<bind>
<StgValue><ssdm name="pY_1"/></StgValue>
</bind>
</comp>

<comp id="104" class="1000" name="pX_1">
<pin_list>
<pin id="105" dir="1" index="0" bw="1" slack="0"/>
</pin_list>
<bind>
<StgValue><ssdm name="pX_1"/></StgValue>
</bind>
</comp>

<comp id="106" class="1000" name="w6_V">
<pin_list>
<pin id="107" dir="1" index="0" bw="1" slack="0"/>
</pin_list>
<bind>
<StgValue><ssdm name="w6_V"/><MemPortTyVec>1 </MemPortTyVec>
</StgValue>
</bind>
</comp>

<comp id="108" class="1001" name="const_108">
<pin_list>
<pin id="109" dir="1" index="0" bw="1" slack="0"/>
</pin_list>
<bind>
<StgValue><ssdm name="_ssdm_op_Read.ap_auto.i16"/></StgValue>
</bind>
</comp>

<comp id="110" class="1001" name="const_110">
<pin_list>
<pin id="111" dir="1" index="0" bw="1" slack="0"/>
</pin_list>
<bind>
<StgValue><ssdm name="shift_line_buffer<array<ap_fixed<16, 6, 5, 3, 0>, 4u>, config6>"/></StgValue>
</bind>
</comp>

<comp id="112" class="1001" name="const_112">
<pin_list>
<pin id="113" dir="1" index="0" bw="1" slack="2147483647"/>
</pin_list>
<bind>
<StgValue><ssdm name="_ssdm_op_SpecInterface"/></StgValue>
</bind>
</comp>

<comp id="114" class="1001" name="const_114">
<pin_list>
<pin id="115" dir="1" index="0" bw="1" slack="2147483647"/>
</pin_list>
<bind>
<StgValue><ssdm name="empty_2"/></StgValue>
</bind>
</comp>

<comp id="116" class="1001" name="const_116">
<pin_list>
<pin id="117" dir="1" index="0" bw="1" slack="0"/>
</pin_list>
<bind>
<StgValue><ssdm name=""/></StgValue>
</bind>
</comp>

<comp id="118" class="1001" name="const_118">
<pin_list>
<pin id="119" dir="1" index="0" bw="1" slack="2147483647"/>
</pin_list>
<bind>
<StgValue><ssdm name="empty_10"/></StgValue>
</bind>
</comp>

<comp id="120" class="1001" name="const_120">
<pin_list>
<pin id="121" dir="1" index="0" bw="1" slack="2147483647"/>
</pin_list>
<bind>
<StgValue><ssdm name="empty_7"/></StgValue>
</bind>
</comp>

<comp id="122" class="1001" name="const_122">
<pin_list>
<pin id="123" dir="1" index="0" bw="1" slack="0"/>
</pin_list>
<bind>
<StgValue><ssdm name=""/></StgValue>
</bind>
</comp>

<comp id="124" class="1001" name="const_124">
<pin_list>
<pin id="125" dir="1" index="0" bw="1" slack="0"/>
</pin_list>
<bind>
<StgValue><ssdm name="_ssdm_op_PartSelect.i31.i32.i32.i32"/></StgValue>
</bind>
</comp>

<comp id="126" class="1001" name="const_126">
<pin_list>
<pin id="127" dir="1" index="0" bw="1" slack="0"/>
</pin_list>
<bind>
<StgValue><ssdm name=""/></StgValue>
</bind>
</comp>

<comp id="128" class="1001" name="const_128">
<pin_list>
<pin id="129" dir="1" index="0" bw="1" slack="0"/>
</pin_list>
<bind>
<StgValue><ssdm name=""/></StgValue>
</bind>
</comp>

<comp id="130" class="1001" name="const_130">
<pin_list>
<pin id="131" dir="1" index="0" bw="1" slack="0"/>
</pin_list>
<bind>
<StgValue><ssdm name=""/></StgValue>
</bind>
</comp>

<comp id="132" class="1001" name="const_132">
<pin_list>
<pin id="133" dir="1" index="0" bw="1" slack="0"/>
</pin_list>
<bind>
<StgValue><ssdm name="dense_resource_rf_leq_nin<ap_fixed<16, 6, 5, 3, 0>, ap_fixed<39, 19, 5, 3, 0>, config6_mult>"/></StgValue>
</bind>
</comp>

<comp id="134" class="1001" name="const_134">
<pin_list>
<pin id="135" dir="1" index="0" bw="1" slack="0"/>
</pin_list>
<bind>
<StgValue><ssdm name="_ssdm_op_Write.axis.volatile.i64P128A"/></StgValue>
</bind>
</comp>

<comp id="136" class="1001" name="const_136">
<pin_list>
<pin id="137" dir="1" index="0" bw="1" slack="0"/>
</pin_list>
<bind>
<StgValue><ssdm name=""/></StgValue>
</bind>
</comp>

<comp id="138" class="1001" name="const_138">
<pin_list>
<pin id="139" dir="1" index="0" bw="1" slack="0"/>
</pin_list>
<bind>
<StgValue><ssdm name=""/></StgValue>
</bind>
</comp>

<comp id="140" class="1004" name="p_read37_read_fu_140">
<pin_list>
<pin id="141" dir="0" index="0" bw="16" slack="0"/>
<pin id="142" dir="0" index="1" bw="16" slack="0"/>
<pin id="143" dir="1" index="2" bw="16" slack="0"/>
</pin_list>
<bind>
<opcode="read(1150) " fcode="read"/>
<opset="p_read37/1 "/>
</bind>
</comp>

<comp id="146" class="1004" name="p_read26_read_fu_146">
<pin_list>
<pin id="147" dir="0" index="0" bw="16" slack="0"/>
<pin id="148" dir="0" index="1" bw="16" slack="0"/>
<pin id="149" dir="1" index="2" bw="16" slack="0"/>
</pin_list>
<bind>
<opcode="read(1150) " fcode="read"/>
<opset="p_read26/1 "/>
</bind>
</comp>

<comp id="152" class="1004" name="p_read15_read_fu_152">
<pin_list>
<pin id="153" dir="0" index="0" bw="16" slack="0"/>
<pin id="154" dir="0" index="1" bw="16" slack="0"/>
<pin id="155" dir="1" index="2" bw="16" slack="0"/>
</pin_list>
<bind>
<opcode="read(1150) " fcode="read"/>
<opset="p_read15/1 "/>
</bind>
</comp>

<comp id="158" class="1004" name="p_read_9_read_fu_158">
<pin_list>
<pin id="159" dir="0" index="0" bw="16" slack="0"/>
<pin id="160" dir="0" index="1" bw="16" slack="0"/>
<pin id="161" dir="1" index="2" bw="16" slack="0"/>
</pin_list>
<bind>
<opcode="read(1150) " fcode="read"/>
<opset="p_read_9/1 "/>
</bind>
</comp>

<comp id="164" class="1004" name="write_ln173_write_fu_164">
<pin_list>
<pin id="165" dir="0" index="0" bw="0" slack="0"/>
<pin id="166" dir="0" index="1" bw="64" slack="0"/>
<pin id="167" dir="0" index="2" bw="39" slack="0"/>
<pin id="168" dir="1" index="3" bw="0" slack="2147483647"/>
</pin_list>
<bind>
<opcode="write(1151) " fcode="write"/>
<opset="write_ln173/3 "/>
</bind>
</comp>

<comp id="171" class="1005" name="storemerge_reg_171">
<pin_list>
<pin id="172" dir="0" index="0" bw="32" slack="1"/>
<pin id="173" dir="1" index="1" bw="32" slack="1"/>
</pin_list>
<bind>
<opset="storemerge (phireg) "/>
</bind>
</comp>

<comp id="175" class="1004" name="storemerge_phi_fu_175">
<pin_list>
<pin id="176" dir="0" index="0" bw="32" slack="1"/>
<pin id="177" dir="0" index="1" bw="0" slack="2147483647"/>
<pin id="178" dir="0" index="2" bw="1" slack="1"/>
<pin id="179" dir="0" index="3" bw="0" slack="2147483647"/>
<pin id="180" dir="1" index="4" bw="32" slack="0"/>
</pin_list>
<bind>
<opcode="phi(47) " fcode="phi"/>
<opset="storemerge/4 "/>
</bind>
</comp>

<comp id="182" class="1004" name="call_ln281_shift_line_buffer_array_ap_fixed_16_6_5_3_0_4u_config6_s_fu_182">
<pin_list>
<pin id="183" dir="0" index="0" bw="0" slack="0"/>
<pin id="184" dir="0" index="1" bw="16" slack="0"/>
<pin id="185" dir="0" index="2" bw="16" slack="0"/>
<pin id="186" dir="0" index="3" bw="16" slack="0"/>
<pin id="187" dir="0" index="4" bw="16" slack="0"/>
<pin id="188" dir="0" index="5" bw="16" slack="0"/>
<pin id="189" dir="0" index="6" bw="16" slack="0"/>
<pin id="190" dir="0" index="7" bw="16" slack="0"/>
<pin id="191" dir="0" index="8" bw="16" slack="0"/>
<pin id="192" dir="0" index="9" bw="16" slack="0"/>
<pin id="193" dir="0" index="10" bw="16" slack="0"/>
<pin id="194" dir="0" index="11" bw="16" slack="0"/>
<pin id="195" dir="0" index="12" bw="16" slack="0"/>
<pin id="196" dir="0" index="13" bw="16" slack="0"/>
<pin id="197" dir="0" index="14" bw="16" slack="0"/>
<pin id="198" dir="0" index="15" bw="16" slack="0"/>
<pin id="199" dir="0" index="16" bw="16" slack="0"/>
<pin id="200" dir="0" index="17" bw="16" slack="0"/>
<pin id="201" dir="0" index="18" bw="16" slack="0"/>
<pin id="202" dir="0" index="19" bw="16" slack="0"/>
<pin id="203" dir="0" index="20" bw="16" slack="0"/>
<pin id="204" dir="0" index="21" bw="16" slack="0"/>
<pin id="205" dir="0" index="22" bw="16" slack="0"/>
<pin id="206" dir="0" index="23" bw="16" slack="0"/>
<pin id="207" dir="0" index="24" bw="16" slack="0"/>
<pin id="208" dir="0" index="25" bw="16" slack="0"/>
<pin id="209" dir="0" index="26" bw="16" slack="0"/>
<pin id="210" dir="0" index="27" bw="16" slack="0"/>
<pin id="211" dir="0" index="28" bw="16" slack="0"/>
<pin id="212" dir="0" index="29" bw="16" slack="0"/>
<pin id="213" dir="0" index="30" bw="16" slack="0"/>
<pin id="214" dir="0" index="31" bw="16" slack="0"/>
<pin id="215" dir="0" index="32" bw="16" slack="0"/>
<pin id="216" dir="0" index="33" bw="16" slack="0"/>
<pin id="217" dir="0" index="34" bw="16" slack="0"/>
<pin id="218" dir="0" index="35" bw="16" slack="0"/>
<pin id="219" dir="0" index="36" bw="16" slack="0"/>
<pin id="220" dir="0" index="37" bw="16" slack="0"/>
<pin id="221" dir="0" index="38" bw="16" slack="0"/>
<pin id="222" dir="0" index="39" bw="16" slack="0"/>
<pin id="223" dir="0" index="40" bw="16" slack="0"/>
<pin id="224" dir="0" index="41" bw="16" slack="0"/>
<pin id="225" dir="0" index="42" bw="16" slack="0"/>
<pin id="226" dir="0" index="43" bw="16" slack="0"/>
<pin id="227" dir="0" index="44" bw="16" slack="0"/>
<pin id="228" dir="0" index="45" bw="16" slack="0"/>
<pin id="229" dir="0" index="46" bw="16" slack="0"/>
<pin id="230" dir="0" index="47" bw="16" slack="0"/>
<pin id="231" dir="0" index="48" bw="16" slack="0"/>
<pin id="232" dir="1" index="49" bw="0" slack="2147483647"/>
</pin_list>
<bind>
<opcode="call(48) " fcode="call"/>
<opset="call_ln281/1 "/>
</bind>
</comp>

<comp id="282" class="1004" name="grp_dense_resource_rf_leq_nin_ap_fixed_16_6_5_3_0_ap_fixed_39_19_5_3_0_config6_mult_s_fu_282">
<pin_list>
<pin id="283" dir="0" index="0" bw="26" slack="0"/>
<pin id="284" dir="0" index="1" bw="11" slack="0"/>
<pin id="285" dir="0" index="2" bw="16" slack="0"/>
<pin id="286" dir="0" index="3" bw="16" slack="0"/>
<pin id="287" dir="0" index="4" bw="16" slack="0"/>
<pin id="288" dir="0" index="5" bw="16" slack="0"/>
<pin id="289" dir="0" index="6" bw="16" slack="0"/>
<pin id="290" dir="0" index="7" bw="16" slack="0"/>
<pin id="291" dir="0" index="8" bw="16" slack="0"/>
<pin id="292" dir="0" index="9" bw="16" slack="0"/>
<pin id="293" dir="0" index="10" bw="16" slack="0"/>
<pin id="294" dir="0" index="11" bw="16" slack="0"/>
<pin id="295" dir="0" index="12" bw="16" slack="0"/>
<pin id="296" dir="0" index="13" bw="16" slack="0"/>
<pin id="297" dir="0" index="14" bw="16" slack="0"/>
<pin id="298" dir="0" index="15" bw="16" slack="0"/>
<pin id="299" dir="0" index="16" bw="16" slack="0"/>
<pin id="300" dir="0" index="17" bw="16" slack="0"/>
<pin id="301" dir="0" index="18" bw="16" slack="0"/>
<pin id="302" dir="0" index="19" bw="16" slack="0"/>
<pin id="303" dir="0" index="20" bw="16" slack="0"/>
<pin id="304" dir="0" index="21" bw="16" slack="0"/>
<pin id="305" dir="0" index="22" bw="16" slack="0"/>
<pin id="306" dir="0" index="23" bw="16" slack="0"/>
<pin id="307" dir="0" index="24" bw="16" slack="0"/>
<pin id="308" dir="0" index="25" bw="16" slack="0"/>
<pin id="309" dir="0" index="26" bw="16" slack="0"/>
<pin id="310" dir="0" index="27" bw="16" slack="0"/>
<pin id="311" dir="0" index="28" bw="16" slack="0"/>
<pin id="312" dir="0" index="29" bw="16" slack="0"/>
<pin id="313" dir="0" index="30" bw="16" slack="0"/>
<pin id="314" dir="0" index="31" bw="16" slack="0"/>
<pin id="315" dir="0" index="32" bw="16" slack="0"/>
<pin id="316" dir="0" index="33" bw="16" slack="0"/>
<pin id="317" dir="0" index="34" bw="16" slack="0"/>
<pin id="318" dir="0" index="35" bw="16" slack="0"/>
<pin id="319" dir="0" index="36" bw="16" slack="0"/>
<pin id="320" dir="0" index="37" bw="16" slack="0"/>
<pin id="321" dir="1" index="38" bw="26" slack="0"/>
</pin_list>
<bind>
<opcode="call(48) " fcode="call"/>
<opset="res_out_V/2 "/>
</bind>
</comp>

<comp id="360" class="1004" name="grp_fu_360">
<pin_list>
<pin id="361" dir="0" index="0" bw="32" slack="0"/>
<pin id="362" dir="0" index="1" bw="32" slack="0"/>
<pin id="363" dir="1" index="2" bw="1" slack="0"/>
</pin_list>
<bind>
<opcode="icmp(45) " fcode="icmp"/>
<opset="icmp_ln284_4/2 icmp_ln313/3 "/>
</bind>
</comp>

<comp id="365" class="1004" name="sX_1_load_load_fu_365">
<pin_list>
<pin id="366" dir="0" index="0" bw="32" slack="0"/>
<pin id="367" dir="1" index="1" bw="32" slack="0"/>
</pin_list>
<bind>
<opcode="load(27) " fcode="load"/>
<opset="sX_1_load/2 "/>
</bind>
</comp>

<comp id="369" class="1004" name="icmp_ln284_fu_369">
<pin_list>
<pin id="370" dir="0" index="0" bw="32" slack="0"/>
<pin id="371" dir="0" index="1" bw="32" slack="0"/>
<pin id="372" dir="1" index="2" bw="1" slack="1"/>
</pin_list>
<bind>
<opcode="icmp(45) " fcode="icmp"/>
<opset="icmp_ln284/2 "/>
</bind>
</comp>

<comp id="375" class="1004" name="sY_1_load_load_fu_375">
<pin_list>
<pin id="376" dir="0" index="0" bw="32" slack="0"/>
<pin id="377" dir="1" index="1" bw="32" slack="0"/>
</pin_list>
<bind>
<opcode="load(27) " fcode="load"/>
<opset="sY_1_load/2 "/>
</bind>
</comp>

<comp id="380" class="1004" name="pY_1_load_load_fu_380">
<pin_list>
<pin id="381" dir="0" index="0" bw="32" slack="0"/>
<pin id="382" dir="1" index="1" bw="32" slack="0"/>
</pin_list>
<bind>
<opcode="load(27) " fcode="load"/>
<opset="pY_1_load/2 "/>
</bind>
</comp>

<comp id="384" class="1004" name="pX_1_load_load_fu_384">
<pin_list>
<pin id="385" dir="0" index="0" bw="32" slack="0"/>
<pin id="386" dir="1" index="1" bw="32" slack="0"/>
</pin_list>
<bind>
<opcode="load(27) " fcode="load"/>
<opset="pX_1_load/2 "/>
</bind>
</comp>

<comp id="388" class="1004" name="tmp_fu_388">
<pin_list>
<pin id="389" dir="0" index="0" bw="31" slack="0"/>
<pin id="390" dir="0" index="1" bw="32" slack="0"/>
<pin id="391" dir="0" index="2" bw="1" slack="0"/>
<pin id="392" dir="0" index="3" bw="6" slack="0"/>
<pin id="393" dir="1" index="4" bw="31" slack="0"/>
</pin_list>
<bind>
<opcode="partselect(1002) " fcode="partselect"/>
<opset="tmp/2 "/>
</bind>
</comp>

<comp id="398" class="1004" name="icmp_ln284_5_fu_398">
<pin_list>
<pin id="399" dir="0" index="0" bw="31" slack="0"/>
<pin id="400" dir="0" index="1" bw="31" slack="0"/>
<pin id="401" dir="1" index="2" bw="1" slack="0"/>
</pin_list>
<bind>
<opcode="icmp(45) " fcode="icmp"/>
<opset="icmp_ln284_5/2 "/>
</bind>
</comp>

<comp id="404" class="1004" name="tmp_3_fu_404">
<pin_list>
<pin id="405" dir="0" index="0" bw="31" slack="0"/>
<pin id="406" dir="0" index="1" bw="32" slack="0"/>
<pin id="407" dir="0" index="2" bw="1" slack="0"/>
<pin id="408" dir="0" index="3" bw="6" slack="0"/>
<pin id="409" dir="1" index="4" bw="31" slack="0"/>
</pin_list>
<bind>
<opcode="partselect(1002) " fcode="partselect"/>
<opset="tmp_3/2 "/>
</bind>
</comp>

<comp id="414" class="1004" name="icmp_ln284_6_fu_414">
<pin_list>
<pin id="415" dir="0" index="0" bw="31" slack="0"/>
<pin id="416" dir="0" index="1" bw="31" slack="0"/>
<pin id="417" dir="1" index="2" bw="1" slack="0"/>
</pin_list>
<bind>
<opcode="icmp(45) " fcode="icmp"/>
<opset="icmp_ln284_6/2 "/>
</bind>
</comp>

<comp id="420" class="1004" name="and_ln284_fu_420">
<pin_list>
<pin id="421" dir="0" index="0" bw="1" slack="0"/>
<pin id="422" dir="0" index="1" bw="1" slack="0"/>
<pin id="423" dir="1" index="2" bw="1" slack="0"/>
</pin_list>
<bind>
<opcode="and(23) " fcode="and"/>
<opset="and_ln284/2 "/>
</bind>
</comp>

<comp id="426" class="1004" name="and_ln284_2_fu_426">
<pin_list>
<pin id="427" dir="0" index="0" bw="1" slack="0"/>
<pin id="428" dir="0" index="1" bw="1" slack="0"/>
<pin id="429" dir="1" index="2" bw="1" slack="1"/>
</pin_list>
<bind>
<opcode="and(23) " fcode="and"/>
<opset="and_ln284_2/2 "/>
</bind>
</comp>

<comp id="432" class="1004" name="sext_ln173_fu_432">
<pin_list>
<pin id="433" dir="0" index="0" bw="26" slack="0"/>
<pin id="434" dir="1" index="1" bw="39" slack="0"/>
</pin_list>
<bind>
<opcode="sext(35) " fcode="sext"/>
<opset="sext_ln173/3 "/>
</bind>
</comp>

<comp id="436" class="1004" name="zext_ln173_fu_436">
<pin_list>
<pin id="437" dir="0" index="0" bw="26" slack="0"/>
<pin id="438" dir="1" index="1" bw="64" slack="0"/>
</pin_list>
<bind>
<opcode="zext(34) " fcode="zext"/>
<opset="zext_ln173/3 "/>
</bind>
</comp>

<comp id="441" class="1004" name="add_ln303_fu_441">
<pin_list>
<pin id="442" dir="0" index="0" bw="32" slack="2147483647"/>
<pin id="443" dir="0" index="1" bw="1" slack="0"/>
<pin id="444" dir="1" index="2" bw="32" slack="0"/>
</pin_list>
<bind>
<opcode="add(8) " fcode="add"/>
<opset="add_ln303/3 "/>
</bind>
</comp>

<comp id="446" class="1004" name="icmp_ln303_fu_446">
<pin_list>
<pin id="447" dir="0" index="0" bw="32" slack="0"/>
<pin id="448" dir="0" index="1" bw="32" slack="0"/>
<pin id="449" dir="1" index="2" bw="1" slack="1"/>
</pin_list>
<bind>
<opcode="icmp(45) " fcode="icmp"/>
<opset="icmp_ln303/3 "/>
</bind>
</comp>

<comp id="452" class="1004" name="store_ln316_store_fu_452">
<pin_list>
<pin id="453" dir="0" index="0" bw="32" slack="0"/>
<pin id="454" dir="0" index="1" bw="32" slack="0"/>
<pin id="455" dir="1" index="2" bw="0" slack="2147483647"/>
</pin_list>
<bind>
<opcode="store(28) " fcode="store"/>
<opset="store_ln316/3 "/>
</bind>
</comp>

<comp id="458" class="1004" name="add_ln318_fu_458">
<pin_list>
<pin id="459" dir="0" index="0" bw="32" slack="2147483647"/>
<pin id="460" dir="0" index="1" bw="1" slack="0"/>
<pin id="461" dir="1" index="2" bw="32" slack="0"/>
</pin_list>
<bind>
<opcode="add(8) " fcode="add"/>
<opset="add_ln318/3 "/>
</bind>
</comp>

<comp id="463" class="1004" name="select_ln318_fu_463">
<pin_list>
<pin id="464" dir="0" index="0" bw="1" slack="1"/>
<pin id="465" dir="0" index="1" bw="32" slack="0"/>
<pin id="466" dir="0" index="2" bw="32" slack="0"/>
<pin id="467" dir="1" index="3" bw="32" slack="0"/>
</pin_list>
<bind>
<opcode="select(49) " fcode="select"/>
<opset="select_ln318/3 "/>
</bind>
</comp>

<comp id="470" class="1004" name="store_ln318_store_fu_470">
<pin_list>
<pin id="471" dir="0" index="0" bw="32" slack="0"/>
<pin id="472" dir="0" index="1" bw="32" slack="0"/>
<pin id="473" dir="1" index="2" bw="0" slack="2147483647"/>
</pin_list>
<bind>
<opcode="store(28) " fcode="store"/>
<opset="store_ln318/3 "/>
</bind>
</comp>

<comp id="476" class="1004" name="store_ln305_store_fu_476">
<pin_list>
<pin id="477" dir="0" index="0" bw="1" slack="0"/>
<pin id="478" dir="0" index="1" bw="32" slack="0"/>
<pin id="479" dir="1" index="2" bw="0" slack="2147483647"/>
</pin_list>
<bind>
<opcode="store(28) " fcode="store"/>
<opset="store_ln305/3 "/>
</bind>
</comp>

<comp id="482" class="1004" name="store_ln306_store_fu_482">
<pin_list>
<pin id="483" dir="0" index="0" bw="1" slack="0"/>
<pin id="484" dir="0" index="1" bw="32" slack="0"/>
<pin id="485" dir="1" index="2" bw="0" slack="2147483647"/>
</pin_list>
<bind>
<opcode="store(28) " fcode="store"/>
<opset="store_ln306/3 "/>
</bind>
</comp>

<comp id="488" class="1004" name="add_ln307_fu_488">
<pin_list>
<pin id="489" dir="0" index="0" bw="32" slack="2147483647"/>
<pin id="490" dir="0" index="1" bw="1" slack="0"/>
<pin id="491" dir="1" index="2" bw="32" slack="0"/>
</pin_list>
<bind>
<opcode="add(8) " fcode="add"/>
<opset="add_ln307/3 "/>
</bind>
</comp>

<comp id="493" class="1004" name="icmp_ln307_fu_493">
<pin_list>
<pin id="494" dir="0" index="0" bw="32" slack="0"/>
<pin id="495" dir="0" index="1" bw="32" slack="0"/>
<pin id="496" dir="1" index="2" bw="1" slack="2147483647"/>
</pin_list>
<bind>
<opcode="icmp(45) " fcode="icmp"/>
<opset="icmp_ln307/3 "/>
</bind>
</comp>

<comp id="499" class="1004" name="store_ln311_store_fu_499">
<pin_list>
<pin id="500" dir="0" index="0" bw="32" slack="0"/>
<pin id="501" dir="0" index="1" bw="32" slack="0"/>
<pin id="502" dir="1" index="2" bw="0" slack="2147483647"/>
</pin_list>
<bind>
<opcode="store(28) " fcode="store"/>
<opset="store_ln311/3 "/>
</bind>
</comp>

<comp id="505" class="1004" name="add_ln313_fu_505">
<pin_list>
<pin id="506" dir="0" index="0" bw="32" slack="2147483647"/>
<pin id="507" dir="0" index="1" bw="1" slack="0"/>
<pin id="508" dir="1" index="2" bw="32" slack="0"/>
</pin_list>
<bind>
<opcode="add(8) " fcode="add"/>
<opset="add_ln313/3 "/>
</bind>
</comp>

<comp id="510" class="1004" name="select_ln313_fu_510">
<pin_list>
<pin id="511" dir="0" index="0" bw="1" slack="0"/>
<pin id="512" dir="0" index="1" bw="32" slack="0"/>
<pin id="513" dir="0" index="2" bw="32" slack="0"/>
<pin id="514" dir="1" index="3" bw="32" slack="1"/>
</pin_list>
<bind>
<opcode="select(49) " fcode="select"/>
<opset="select_ln313/3 "/>
</bind>
</comp>

<comp id="518" class="1004" name="store_ln308_store_fu_518">
<pin_list>
<pin id="519" dir="0" index="0" bw="1" slack="0"/>
<pin id="520" dir="0" index="1" bw="32" slack="0"/>
<pin id="521" dir="1" index="2" bw="0" slack="2147483647"/>
</pin_list>
<bind>
<opcode="store(28) " fcode="store"/>
<opset="store_ln308/3 "/>
</bind>
</comp>

<comp id="524" class="1004" name="store_ln309_store_fu_524">
<pin_list>
<pin id="525" dir="0" index="0" bw="32" slack="0"/>
<pin id="526" dir="0" index="1" bw="32" slack="0"/>
<pin id="527" dir="1" index="2" bw="0" slack="2147483647"/>
</pin_list>
<bind>
<opcode="store(28) " fcode="store"/>
<opset="store_ln309/4 "/>
</bind>
</comp>

<comp id="533" class="1005" name="icmp_ln284_reg_533">
<pin_list>
<pin id="534" dir="0" index="0" bw="1" slack="1"/>
<pin id="535" dir="1" index="1" bw="1" slack="1"/>
</pin_list>
<bind>
<opset="icmp_ln284 "/>
</bind>
</comp>

<comp id="547" class="1005" name="and_ln284_2_reg_547">
<pin_list>
<pin id="548" dir="0" index="0" bw="1" slack="1"/>
<pin id="549" dir="1" index="1" bw="1" slack="2147483647"/>
</pin_list>
<bind>
<opset="and_ln284_2 "/>
</bind>
</comp>

<comp id="551" class="1005" name="icmp_ln303_reg_551">
<pin_list>
<pin id="552" dir="0" index="0" bw="1" slack="1"/>
<pin id="553" dir="1" index="1" bw="1" slack="2147483647"/>
</pin_list>
<bind>
<opset="icmp_ln303 "/>
</bind>
</comp>

<comp id="558" class="1005" name="select_ln313_reg_558">
<pin_list>
<pin id="559" dir="0" index="0" bw="32" slack="1"/>
<pin id="560" dir="1" index="1" bw="32" slack="1"/>
</pin_list>
<bind>
<opset="select_ln313 "/>
</bind>
</comp>

</comp_list>

<net_list>
<net id="144"><net_src comp="108" pin="0"/><net_sink comp="140" pin=0"/></net>

<net id="145"><net_src comp="6" pin="0"/><net_sink comp="140" pin=1"/></net>

<net id="150"><net_src comp="108" pin="0"/><net_sink comp="146" pin=0"/></net>

<net id="151"><net_src comp="4" pin="0"/><net_sink comp="146" pin=1"/></net>

<net id="156"><net_src comp="108" pin="0"/><net_sink comp="152" pin=0"/></net>

<net id="157"><net_src comp="2" pin="0"/><net_sink comp="152" pin=1"/></net>

<net id="162"><net_src comp="108" pin="0"/><net_sink comp="158" pin=0"/></net>

<net id="163"><net_src comp="0" pin="0"/><net_sink comp="158" pin=1"/></net>

<net id="169"><net_src comp="134" pin="0"/><net_sink comp="164" pin=0"/></net>

<net id="170"><net_src comp="8" pin="0"/><net_sink comp="164" pin=1"/></net>

<net id="174"><net_src comp="116" pin="0"/><net_sink comp="171" pin=0"/></net>

<net id="181"><net_src comp="171" pin="1"/><net_sink comp="175" pin=2"/></net>

<net id="233"><net_src comp="110" pin="0"/><net_sink comp="182" pin=0"/></net>

<net id="234"><net_src comp="158" pin="2"/><net_sink comp="182" pin=1"/></net>

<net id="235"><net_src comp="152" pin="2"/><net_sink comp="182" pin=2"/></net>

<net id="236"><net_src comp="146" pin="2"/><net_sink comp="182" pin=3"/></net>

<net id="237"><net_src comp="140" pin="2"/><net_sink comp="182" pin=4"/></net>

<net id="238"><net_src comp="10" pin="0"/><net_sink comp="182" pin=5"/></net>

<net id="239"><net_src comp="12" pin="0"/><net_sink comp="182" pin=6"/></net>

<net id="240"><net_src comp="14" pin="0"/><net_sink comp="182" pin=7"/></net>

<net id="241"><net_src comp="16" pin="0"/><net_sink comp="182" pin=8"/></net>

<net id="242"><net_src comp="18" pin="0"/><net_sink comp="182" pin=9"/></net>

<net id="243"><net_src comp="20" pin="0"/><net_sink comp="182" pin=10"/></net>

<net id="244"><net_src comp="22" pin="0"/><net_sink comp="182" pin=11"/></net>

<net id="245"><net_src comp="24" pin="0"/><net_sink comp="182" pin=12"/></net>

<net id="246"><net_src comp="26" pin="0"/><net_sink comp="182" pin=13"/></net>

<net id="247"><net_src comp="28" pin="0"/><net_sink comp="182" pin=14"/></net>

<net id="248"><net_src comp="30" pin="0"/><net_sink comp="182" pin=15"/></net>

<net id="249"><net_src comp="32" pin="0"/><net_sink comp="182" pin=16"/></net>

<net id="250"><net_src comp="34" pin="0"/><net_sink comp="182" pin=17"/></net>

<net id="251"><net_src comp="36" pin="0"/><net_sink comp="182" pin=18"/></net>

<net id="252"><net_src comp="38" pin="0"/><net_sink comp="182" pin=19"/></net>

<net id="253"><net_src comp="40" pin="0"/><net_sink comp="182" pin=20"/></net>

<net id="254"><net_src comp="42" pin="0"/><net_sink comp="182" pin=21"/></net>

<net id="255"><net_src comp="44" pin="0"/><net_sink comp="182" pin=22"/></net>

<net id="256"><net_src comp="46" pin="0"/><net_sink comp="182" pin=23"/></net>

<net id="257"><net_src comp="48" pin="0"/><net_sink comp="182" pin=24"/></net>

<net id="258"><net_src comp="50" pin="0"/><net_sink comp="182" pin=25"/></net>

<net id="259"><net_src comp="52" pin="0"/><net_sink comp="182" pin=26"/></net>

<net id="260"><net_src comp="54" pin="0"/><net_sink comp="182" pin=27"/></net>

<net id="261"><net_src comp="56" pin="0"/><net_sink comp="182" pin=28"/></net>

<net id="262"><net_src comp="58" pin="0"/><net_sink comp="182" pin=29"/></net>

<net id="263"><net_src comp="60" pin="0"/><net_sink comp="182" pin=30"/></net>

<net id="264"><net_src comp="62" pin="0"/><net_sink comp="182" pin=31"/></net>

<net id="265"><net_src comp="64" pin="0"/><net_sink comp="182" pin=32"/></net>

<net id="266"><net_src comp="66" pin="0"/><net_sink comp="182" pin=33"/></net>

<net id="267"><net_src comp="68" pin="0"/><net_sink comp="182" pin=34"/></net>

<net id="268"><net_src comp="70" pin="0"/><net_sink comp="182" pin=35"/></net>

<net id="269"><net_src comp="72" pin="0"/><net_sink comp="182" pin=36"/></net>

<net id="270"><net_src comp="74" pin="0"/><net_sink comp="182" pin=37"/></net>

<net id="271"><net_src comp="76" pin="0"/><net_sink comp="182" pin=38"/></net>

<net id="272"><net_src comp="78" pin="0"/><net_sink comp="182" pin=39"/></net>

<net id="273"><net_src comp="80" pin="0"/><net_sink comp="182" pin=40"/></net>

<net id="274"><net_src comp="82" pin="0"/><net_sink comp="182" pin=41"/></net>

<net id="275"><net_src comp="84" pin="0"/><net_sink comp="182" pin=42"/></net>

<net id="276"><net_src comp="86" pin="0"/><net_sink comp="182" pin=43"/></net>

<net id="277"><net_src comp="88" pin="0"/><net_sink comp="182" pin=44"/></net>

<net id="278"><net_src comp="90" pin="0"/><net_sink comp="182" pin=45"/></net>

<net id="279"><net_src comp="92" pin="0"/><net_sink comp="182" pin=46"/></net>

<net id="280"><net_src comp="94" pin="0"/><net_sink comp="182" pin=47"/></net>

<net id="281"><net_src comp="96" pin="0"/><net_sink comp="182" pin=48"/></net>

<net id="322"><net_src comp="132" pin="0"/><net_sink comp="282" pin=0"/></net>

<net id="323"><net_src comp="106" pin="0"/><net_sink comp="282" pin=1"/></net>

<net id="324"><net_src comp="12" pin="0"/><net_sink comp="282" pin=2"/></net>

<net id="325"><net_src comp="16" pin="0"/><net_sink comp="282" pin=3"/></net>

<net id="326"><net_src comp="20" pin="0"/><net_sink comp="282" pin=4"/></net>

<net id="327"><net_src comp="24" pin="0"/><net_sink comp="282" pin=5"/></net>

<net id="328"><net_src comp="10" pin="0"/><net_sink comp="282" pin=6"/></net>

<net id="329"><net_src comp="14" pin="0"/><net_sink comp="282" pin=7"/></net>

<net id="330"><net_src comp="18" pin="0"/><net_sink comp="282" pin=8"/></net>

<net id="331"><net_src comp="22" pin="0"/><net_sink comp="282" pin=9"/></net>

<net id="332"><net_src comp="58" pin="0"/><net_sink comp="282" pin=10"/></net>

<net id="333"><net_src comp="60" pin="0"/><net_sink comp="282" pin=11"/></net>

<net id="334"><net_src comp="62" pin="0"/><net_sink comp="282" pin=12"/></net>

<net id="335"><net_src comp="64" pin="0"/><net_sink comp="282" pin=13"/></net>

<net id="336"><net_src comp="28" pin="0"/><net_sink comp="282" pin=14"/></net>

<net id="337"><net_src comp="32" pin="0"/><net_sink comp="282" pin=15"/></net>

<net id="338"><net_src comp="36" pin="0"/><net_sink comp="282" pin=16"/></net>

<net id="339"><net_src comp="40" pin="0"/><net_sink comp="282" pin=17"/></net>

<net id="340"><net_src comp="26" pin="0"/><net_sink comp="282" pin=18"/></net>

<net id="341"><net_src comp="30" pin="0"/><net_sink comp="282" pin=19"/></net>

<net id="342"><net_src comp="34" pin="0"/><net_sink comp="282" pin=20"/></net>

<net id="343"><net_src comp="38" pin="0"/><net_sink comp="282" pin=21"/></net>

<net id="344"><net_src comp="66" pin="0"/><net_sink comp="282" pin=22"/></net>

<net id="345"><net_src comp="68" pin="0"/><net_sink comp="282" pin=23"/></net>

<net id="346"><net_src comp="70" pin="0"/><net_sink comp="282" pin=24"/></net>

<net id="347"><net_src comp="72" pin="0"/><net_sink comp="282" pin=25"/></net>

<net id="348"><net_src comp="44" pin="0"/><net_sink comp="282" pin=26"/></net>

<net id="349"><net_src comp="48" pin="0"/><net_sink comp="282" pin=27"/></net>

<net id="350"><net_src comp="52" pin="0"/><net_sink comp="282" pin=28"/></net>

<net id="351"><net_src comp="56" pin="0"/><net_sink comp="282" pin=29"/></net>

<net id="352"><net_src comp="42" pin="0"/><net_sink comp="282" pin=30"/></net>

<net id="353"><net_src comp="46" pin="0"/><net_sink comp="282" pin=31"/></net>

<net id="354"><net_src comp="50" pin="0"/><net_sink comp="282" pin=32"/></net>

<net id="355"><net_src comp="54" pin="0"/><net_sink comp="282" pin=33"/></net>

<net id="356"><net_src comp="74" pin="0"/><net_sink comp="282" pin=34"/></net>

<net id="357"><net_src comp="76" pin="0"/><net_sink comp="282" pin=35"/></net>

<net id="358"><net_src comp="78" pin="0"/><net_sink comp="282" pin=36"/></net>

<net id="359"><net_src comp="80" pin="0"/><net_sink comp="282" pin=37"/></net>

<net id="364"><net_src comp="122" pin="0"/><net_sink comp="360" pin=1"/></net>

<net id="368"><net_src comp="98" pin="0"/><net_sink comp="365" pin=0"/></net>

<net id="373"><net_src comp="365" pin="1"/><net_sink comp="369" pin=0"/></net>

<net id="374"><net_src comp="122" pin="0"/><net_sink comp="369" pin=1"/></net>

<net id="378"><net_src comp="100" pin="0"/><net_sink comp="375" pin=0"/></net>

<net id="379"><net_src comp="375" pin="1"/><net_sink comp="360" pin=0"/></net>

<net id="383"><net_src comp="102" pin="0"/><net_sink comp="380" pin=0"/></net>

<net id="387"><net_src comp="104" pin="0"/><net_sink comp="384" pin=0"/></net>

<net id="394"><net_src comp="124" pin="0"/><net_sink comp="388" pin=0"/></net>

<net id="395"><net_src comp="380" pin="1"/><net_sink comp="388" pin=1"/></net>

<net id="396"><net_src comp="126" pin="0"/><net_sink comp="388" pin=2"/></net>

<net id="397"><net_src comp="128" pin="0"/><net_sink comp="388" pin=3"/></net>

<net id="402"><net_src comp="388" pin="4"/><net_sink comp="398" pin=0"/></net>

<net id="403"><net_src comp="130" pin="0"/><net_sink comp="398" pin=1"/></net>

<net id="410"><net_src comp="124" pin="0"/><net_sink comp="404" pin=0"/></net>

<net id="411"><net_src comp="384" pin="1"/><net_sink comp="404" pin=1"/></net>

<net id="412"><net_src comp="126" pin="0"/><net_sink comp="404" pin=2"/></net>

<net id="413"><net_src comp="128" pin="0"/><net_sink comp="404" pin=3"/></net>

<net id="418"><net_src comp="404" pin="4"/><net_sink comp="414" pin=0"/></net>

<net id="419"><net_src comp="130" pin="0"/><net_sink comp="414" pin=1"/></net>

<net id="424"><net_src comp="398" pin="2"/><net_sink comp="420" pin=0"/></net>

<net id="425"><net_src comp="414" pin="2"/><net_sink comp="420" pin=1"/></net>

<net id="430"><net_src comp="420" pin="2"/><net_sink comp="426" pin=0"/></net>

<net id="431"><net_src comp="360" pin="2"/><net_sink comp="426" pin=1"/></net>

<net id="435"><net_src comp="282" pin="38"/><net_sink comp="432" pin=0"/></net>

<net id="439"><net_src comp="432" pin="1"/><net_sink comp="436" pin=0"/></net>

<net id="440"><net_src comp="436" pin="1"/><net_sink comp="164" pin=2"/></net>

<net id="445"><net_src comp="126" pin="0"/><net_sink comp="441" pin=1"/></net>

<net id="450"><net_src comp="441" pin="2"/><net_sink comp="446" pin=0"/></net>

<net id="451"><net_src comp="136" pin="0"/><net_sink comp="446" pin=1"/></net>

<net id="456"><net_src comp="441" pin="2"/><net_sink comp="452" pin=0"/></net>

<net id="457"><net_src comp="104" pin="0"/><net_sink comp="452" pin=1"/></net>

<net id="462"><net_src comp="126" pin="0"/><net_sink comp="458" pin=1"/></net>

<net id="468"><net_src comp="122" pin="0"/><net_sink comp="463" pin=1"/></net>

<net id="469"><net_src comp="458" pin="2"/><net_sink comp="463" pin=2"/></net>

<net id="474"><net_src comp="463" pin="3"/><net_sink comp="470" pin=0"/></net>

<net id="475"><net_src comp="98" pin="0"/><net_sink comp="470" pin=1"/></net>

<net id="480"><net_src comp="116" pin="0"/><net_sink comp="476" pin=0"/></net>

<net id="481"><net_src comp="104" pin="0"/><net_sink comp="476" pin=1"/></net>

<net id="486"><net_src comp="116" pin="0"/><net_sink comp="482" pin=0"/></net>

<net id="487"><net_src comp="98" pin="0"/><net_sink comp="482" pin=1"/></net>

<net id="492"><net_src comp="126" pin="0"/><net_sink comp="488" pin=1"/></net>

<net id="497"><net_src comp="488" pin="2"/><net_sink comp="493" pin=0"/></net>

<net id="498"><net_src comp="138" pin="0"/><net_sink comp="493" pin=1"/></net>

<net id="503"><net_src comp="488" pin="2"/><net_sink comp="499" pin=0"/></net>

<net id="504"><net_src comp="102" pin="0"/><net_sink comp="499" pin=1"/></net>

<net id="509"><net_src comp="126" pin="0"/><net_sink comp="505" pin=1"/></net>

<net id="515"><net_src comp="360" pin="2"/><net_sink comp="510" pin=0"/></net>

<net id="516"><net_src comp="122" pin="0"/><net_sink comp="510" pin=1"/></net>

<net id="517"><net_src comp="505" pin="2"/><net_sink comp="510" pin=2"/></net>

<net id="522"><net_src comp="116" pin="0"/><net_sink comp="518" pin=0"/></net>

<net id="523"><net_src comp="102" pin="0"/><net_sink comp="518" pin=1"/></net>

<net id="528"><net_src comp="175" pin="4"/><net_sink comp="524" pin=0"/></net>

<net id="529"><net_src comp="100" pin="0"/><net_sink comp="524" pin=1"/></net>

<net id="536"><net_src comp="369" pin="2"/><net_sink comp="533" pin=0"/></net>

<net id="537"><net_src comp="533" pin="1"/><net_sink comp="463" pin=0"/></net>

<net id="550"><net_src comp="426" pin="2"/><net_sink comp="547" pin=0"/></net>

<net id="554"><net_src comp="446" pin="2"/><net_sink comp="551" pin=0"/></net>

<net id="561"><net_src comp="510" pin="3"/><net_sink comp="558" pin=0"/></net>

<net id="562"><net_src comp="558" pin="1"/><net_sink comp="175" pin=0"/></net>

</net_list>

</model> 
---------------- Datapath Model END ------------------

* FSMD analyzer results:
  - Output states:
	Port: layer6_out | {3 }
	Port: void_compute_output_buffer_2d_array_array_ap_fixed_1u_config6_array_ap_fixed_16_6_5_3_0_4u_const_ap_shift_reg_value_type_in_width_n_chan_stream_array_ap_fixed_39_19_5_3_0_1u_0_weight_t_bias_t_kernel_data_5 | {1 }
	Port: void_compute_output_buffer_2d_array_array_ap_fixed_1u_config6_array_ap_fixed_16_6_5_3_0_4u_const_ap_shift_reg_value_type_in_width_n_chan_stream_array_ap_fixed_39_19_5_3_0_1u_0_weight_t_bias_t_kernel_data_9 | {1 }
	Port: void_compute_output_buffer_2d_array_array_ap_fixed_1u_config6_array_ap_fixed_16_6_5_3_0_4u_const_ap_shift_reg_value_type_in_width_n_chan_stream_array_ap_fixed_39_19_5_3_0_1u_0_weight_t_bias_t_kernel_data_4 | {1 }
	Port: void_compute_output_buffer_2d_array_array_ap_fixed_1u_config6_array_ap_fixed_16_6_5_3_0_4u_const_ap_shift_reg_value_type_in_width_n_chan_stream_array_ap_fixed_39_19_5_3_0_1u_0_weight_t_bias_t_kernel_data_8 | {1 }
	Port: void_compute_output_buffer_2d_array_array_ap_fixed_1u_config6_array_ap_fixed_16_6_5_3_0_4u_const_ap_shift_reg_value_type_in_width_n_chan_stream_array_ap_fixed_39_19_5_3_0_1u_0_weight_t_bias_t_kernel_data_3 | {1 }
	Port: void_compute_output_buffer_2d_array_array_ap_fixed_1u_config6_array_ap_fixed_16_6_5_3_0_4u_const_ap_shift_reg_value_type_in_width_n_chan_stream_array_ap_fixed_39_19_5_3_0_1u_0_weight_t_bias_t_kernel_data_7 | {1 }
	Port: void_compute_output_buffer_2d_array_array_ap_fixed_1u_config6_array_ap_fixed_16_6_5_3_0_4u_const_ap_shift_reg_value_type_in_width_n_chan_stream_array_ap_fixed_39_19_5_3_0_1u_0_weight_t_bias_t_kernel_data_2 | {1 }
	Port: void_compute_output_buffer_2d_array_array_ap_fixed_1u_config6_array_ap_fixed_16_6_5_3_0_4u_const_ap_shift_reg_value_type_in_width_n_chan_stream_array_ap_fixed_39_19_5_3_0_1u_0_weight_t_bias_t_kernel_data_6 | {1 }
	Port: p_ZZN4nnet24compute_output_buffer_2dINS_5arrayI8ap_fixedILi16ELi6EL9ap_q_mode5EL9ap_o_mode3ELi0EELj4EEENS1_IS2_ILi39ELi19ELS3_5ELS4_3ELi0EELj1EEE7config6EEvRKT_PAsrT1_6n_chan_12ap_shift_regINSA_10value_typeEXsrSD_8in_widthEERN3hls6streamIT0_19 | {1 }
	Port: p_ZZN4nnet24compute_output_buffer_2dINS_5arrayI8ap_fixedILi16ELi6EL9ap_q_mode5EL9ap_o_mode3ELi0EELj4EEENS1_IS2_ILi39ELi19ELS3_5ELS4_3ELi0EELj1EEE7config6EEvRKT_PAsrT1_6n_chan_12ap_shift_regINSA_10value_typeEXsrSD_8in_widthEERN3hls6streamIT0_23 | {1 }
	Port: p_ZZN4nnet24compute_output_buffer_2dINS_5arrayI8ap_fixedILi16ELi6EL9ap_q_mode5EL9ap_o_mode3ELi0EELj4EEENS1_IS2_ILi39ELi19ELS3_5ELS4_3ELi0EELj1EEE7config6EEvRKT_PAsrT1_6n_chan_12ap_shift_regINSA_10value_typeEXsrSD_8in_widthEERN3hls6streamIT0_18 | {1 }
	Port: p_ZZN4nnet24compute_output_buffer_2dINS_5arrayI8ap_fixedILi16ELi6EL9ap_q_mode5EL9ap_o_mode3ELi0EELj4EEENS1_IS2_ILi39ELi19ELS3_5ELS4_3ELi0EELj1EEE7config6EEvRKT_PAsrT1_6n_chan_12ap_shift_regINSA_10value_typeEXsrSD_8in_widthEERN3hls6streamIT0_22 | {1 }
	Port: p_ZZN4nnet24compute_output_buffer_2dINS_5arrayI8ap_fixedILi16ELi6EL9ap_q_mode5EL9ap_o_mode3ELi0EELj4EEENS1_IS2_ILi39ELi19ELS3_5ELS4_3ELi0EELj1EEE7config6EEvRKT_PAsrT1_6n_chan_12ap_shift_regINSA_10value_typeEXsrSD_8in_widthEERN3hls6streamIT0_17 | {1 }
	Port: p_ZZN4nnet24compute_output_buffer_2dINS_5arrayI8ap_fixedILi16ELi6EL9ap_q_mode5EL9ap_o_mode3ELi0EELj4EEENS1_IS2_ILi39ELi19ELS3_5ELS4_3ELi0EELj1EEE7config6EEvRKT_PAsrT1_6n_chan_12ap_shift_regINSA_10value_typeEXsrSD_8in_widthEERN3hls6streamIT0_21 | {1 }
	Port: p_ZZN4nnet24compute_output_buffer_2dINS_5arrayI8ap_fixedILi16ELi6EL9ap_q_mode5EL9ap_o_mode3ELi0EELj4EEENS1_IS2_ILi39ELi19ELS3_5ELS4_3ELi0EELj1EEE7config6EEvRKT_PAsrT1_6n_chan_12ap_shift_regINSA_10value_typeEXsrSD_8in_widthEERN3hls6streamIT0_16 | {1 }
	Port: p_ZZN4nnet24compute_output_buffer_2dINS_5arrayI8ap_fixedILi16ELi6EL9ap_q_mode5EL9ap_o_mode3ELi0EELj4EEENS1_IS2_ILi39ELi19ELS3_5ELS4_3ELi0EELj1EEE7config6EEvRKT_PAsrT1_6n_chan_12ap_shift_regINSA_10value_typeEXsrSD_8in_widthEERN3hls6streamIT0_20 | {1 }
	Port: p_ZZN4nnet24compute_output_buffer_2dINS_5arrayI8ap_fixedILi16ELi6EL9ap_q_mode5EL9ap_o_mode3ELi0EELj4EEENS1_IS2_ILi39ELi19ELS3_5ELS4_3ELi0EELj1EEE7config6EEvRKT_PAsrT1_6n_chan_12ap_shift_regINSA_10value_typeEXsrSD_8in_widthEERN3hls6streamIT0_7 | {1 }
	Port: p_ZZN4nnet24compute_output_buffer_2dINS_5arrayI8ap_fixedILi16ELi6EL9ap_q_mode5EL9ap_o_mode3ELi0EELj4EEENS1_IS2_ILi39ELi19ELS3_5ELS4_3ELi0EELj1EEE7config6EEvRKT_PAsrT1_6n_chan_12ap_shift_regINSA_10value_typeEXsrSD_8in_widthEERN3hls6streamIT0_11 | {1 }
	Port: p_ZZN4nnet24compute_output_buffer_2dINS_5arrayI8ap_fixedILi16ELi6EL9ap_q_mode5EL9ap_o_mode3ELi0EELj4EEENS1_IS2_ILi39ELi19ELS3_5ELS4_3ELi0EELj1EEE7config6EEvRKT_PAsrT1_6n_chan_12ap_shift_regINSA_10value_typeEXsrSD_8in_widthEERN3hls6streamIT0_6 | {1 }
	Port: p_ZZN4nnet24compute_output_buffer_2dINS_5arrayI8ap_fixedILi16ELi6EL9ap_q_mode5EL9ap_o_mode3ELi0EELj4EEENS1_IS2_ILi39ELi19ELS3_5ELS4_3ELi0EELj1EEE7config6EEvRKT_PAsrT1_6n_chan_12ap_shift_regINSA_10value_typeEXsrSD_8in_widthEERN3hls6streamIT0_10 | {1 }
	Port: p_ZZN4nnet24compute_output_buffer_2dINS_5arrayI8ap_fixedILi16ELi6EL9ap_q_mode5EL9ap_o_mode3ELi0EELj4EEENS1_IS2_ILi39ELi19ELS3_5ELS4_3ELi0EELj1EEE7config6EEvRKT_PAsrT1_6n_chan_12ap_shift_regINSA_10value_typeEXsrSD_8in_widthEERN3hls6streamIT0_5 | {1 }
	Port: p_ZZN4nnet24compute_output_buffer_2dINS_5arrayI8ap_fixedILi16ELi6EL9ap_q_mode5EL9ap_o_mode3ELi0EELj4EEENS1_IS2_ILi39ELi19ELS3_5ELS4_3ELi0EELj1EEE7config6EEvRKT_PAsrT1_6n_chan_12ap_shift_regINSA_10value_typeEXsrSD_8in_widthEERN3hls6streamIT0_9 | {1 }
	Port: p_ZZN4nnet24compute_output_buffer_2dINS_5arrayI8ap_fixedILi16ELi6EL9ap_q_mode5EL9ap_o_mode3ELi0EELj4EEENS1_IS2_ILi39ELi19ELS3_5ELS4_3ELi0EELj1EEE7config6EEvRKT_PAsrT1_6n_chan_12ap_shift_regINSA_10value_typeEXsrSD_8in_widthEERN3hls6streamIT0_4 | {1 }
	Port: p_ZZN4nnet24compute_output_buffer_2dINS_5arrayI8ap_fixedILi16ELi6EL9ap_q_mode5EL9ap_o_mode3ELi0EELj4EEENS1_IS2_ILi39ELi19ELS3_5ELS4_3ELi0EELj1EEE7config6EEvRKT_PAsrT1_6n_chan_12ap_shift_regINSA_10value_typeEXsrSD_8in_widthEERN3hls6streamIT0_8 | {1 }
	Port: void_compute_output_buffer_2d_array_array_ap_fixed_1u_config6_array_ap_fixed_16_6_5_3_0_4u_const_ap_shift_reg_value_type_in_width_n_chan_stream_array_ap_fixed_39_19_5_3_0_1u_0_weight_t_bias_t_kernel_data_1 | {1 }
	Port: void_compute_output_buffer_2d_array_array_ap_fixed_1u_config6_array_ap_fixed_16_6_5_3_0_4u_const_ap_shift_reg_value_type_in_width_n_chan_stream_array_ap_fixed_39_19_5_3_0_1u_0_weight_t_bias_t_kernel_data | {1 }
	Port: p_ZZN4nnet24compute_output_buffer_2dINS_5arrayI8ap_fixedILi16ELi6EL9ap_q_mode5EL9ap_o_mode3ELi0EELj4EEENS1_IS2_ILi39ELi19ELS3_5ELS4_3ELi0EELj1EEE7config6EEvRKT_PAsrT1_6n_chan_12ap_shift_regINSA_10value_typeEXsrSD_8in_widthEERN3hls6streamIT0_25 | {1 }
	Port: p_ZZN4nnet24compute_output_buffer_2dINS_5arrayI8ap_fixedILi16ELi6EL9ap_q_mode5EL9ap_o_mode3ELi0EELj4EEENS1_IS2_ILi39ELi19ELS3_5ELS4_3ELi0EELj1EEE7config6EEvRKT_PAsrT1_6n_chan_12ap_shift_regINSA_10value_typeEXsrSD_8in_widthEERN3hls6streamIT0_24 | {1 }
	Port: p_ZZN4nnet24compute_output_buffer_2dINS_5arrayI8ap_fixedILi16ELi6EL9ap_q_mode5EL9ap_o_mode3ELi0EELj4EEENS1_IS2_ILi39ELi19ELS3_5ELS4_3ELi0EELj1EEE7config6EEvRKT_PAsrT1_6n_chan_12ap_shift_regINSA_10value_typeEXsrSD_8in_widthEERN3hls6streamIT0_15 | {1 }
	Port: p_ZZN4nnet24compute_output_buffer_2dINS_5arrayI8ap_fixedILi16ELi6EL9ap_q_mode5EL9ap_o_mode3ELi0EELj4EEENS1_IS2_ILi39ELi19ELS3_5ELS4_3ELi0EELj1EEE7config6EEvRKT_PAsrT1_6n_chan_12ap_shift_regINSA_10value_typeEXsrSD_8in_widthEERN3hls6streamIT0_14 | {1 }
	Port: p_ZZN4nnet24compute_output_buffer_2dINS_5arrayI8ap_fixedILi16ELi6EL9ap_q_mode5EL9ap_o_mode3ELi0EELj4EEENS1_IS2_ILi39ELi19ELS3_5ELS4_3ELi0EELj1EEE7config6EEvRKT_PAsrT1_6n_chan_12ap_shift_regINSA_10value_typeEXsrSD_8in_widthEERN3hls6streamIT0_13 | {1 }
	Port: p_ZZN4nnet24compute_output_buffer_2dINS_5arrayI8ap_fixedILi16ELi6EL9ap_q_mode5EL9ap_o_mode3ELi0EELj4EEENS1_IS2_ILi39ELi19ELS3_5ELS4_3ELi0EELj1EEE7config6EEvRKT_PAsrT1_6n_chan_12ap_shift_regINSA_10value_typeEXsrSD_8in_widthEERN3hls6streamIT0_12 | {1 }
	Port: p_ZZN4nnet24compute_output_buffer_2dINS_5arrayI8ap_fixedILi16ELi6EL9ap_q_mode5EL9ap_o_mode3ELi0EELj4EEENS1_IS2_ILi39ELi19ELS3_5ELS4_3ELi0EELj1EEE7config6EEvRKT_PAsrT1_6n_chan_12ap_shift_regINSA_10value_typeEXsrSD_8in_widthEERN3hls6streamIT0_3 | {1 }
	Port: p_ZZN4nnet24compute_output_buffer_2dINS_5arrayI8ap_fixedILi16ELi6EL9ap_q_mode5EL9ap_o_mode3ELi0EELj4EEENS1_IS2_ILi39ELi19ELS3_5ELS4_3ELi0EELj1EEE7config6EEvRKT_PAsrT1_6n_chan_12ap_shift_regINSA_10value_typeEXsrSD_8in_widthEERN3hls6streamIT0_2 | {1 }
	Port: p_ZZN4nnet24compute_output_buffer_2dINS_5arrayI8ap_fixedILi16ELi6EL9ap_q_mode5EL9ap_o_mode3ELi0EELj4EEENS1_IS2_ILi39ELi19ELS3_5ELS4_3ELi0EELj1EEE7config6EEvRKT_PAsrT1_6n_chan_12ap_shift_regINSA_10value_typeEXsrSD_8in_widthEERN3hls6streamIT0_1 | {1 }
	Port: p_ZZN4nnet24compute_output_buffer_2dINS_5arrayI8ap_fixedILi16ELi6EL9ap_q_mode5EL9ap_o_mode3ELi0EELj4EEENS1_IS2_ILi39ELi19ELS3_5ELS4_3ELi0EELj1EEE7config6EEvRKT_PAsrT1_6n_chan_12ap_shift_regINSA_10value_typeEXsrSD_8in_widthEERN3hls6streamIT0_s | {1 }
	Port: void_conv_2d_buffer_cl_array_ap_fixed_16_6_5_3_0_4u_array_ap_fixed_39_19_5_3_0_1u_config6_stream_array_ap_fixed_16_6_5_3_0_4u_0_stream_array_ap_fixed_39_19_5_3_0_1u_0_weight_t_bias_t_line_buffer_0 | {1 }
	Port: void_conv_2d_buffer_cl_array_ap_fixed_16_6_5_3_0_4u_array_ap_fixed_39_19_5_3_0_1u_config6_stream_array_ap_fixed_16_6_5_3_0_4u_0_stream_array_ap_fixed_39_19_5_3_0_1u_0_weight_t_bias_t_line_buffer | {1 }
	Port: void_conv_2d_buffer_cl_array_ap_fixed_16_6_5_3_0_4u_array_ap_fixed_39_19_5_3_0_1u_config6_stream_array_ap_fixed_16_6_5_3_0_4u_0_stream_array_ap_fixed_39_19_5_3_0_1u_0_weight_t_bias_t_line_buffer_1_0 | {1 }
	Port: void_conv_2d_buffer_cl_array_ap_fixed_16_6_5_3_0_4u_array_ap_fixed_39_19_5_3_0_1u_config6_stream_array_ap_fixed_16_6_5_3_0_4u_0_stream_array_ap_fixed_39_19_5_3_0_1u_0_weight_t_bias_t_line_buffer_1_1 | {1 }
	Port: void_conv_2d_buffer_cl_array_ap_fixed_16_6_5_3_0_4u_array_ap_fixed_39_19_5_3_0_1u_config6_stream_array_ap_fixed_16_6_5_3_0_4u_0_stream_array_ap_fixed_39_19_5_3_0_1u_0_weight_t_bias_t_line_buffer_2_0 | {1 }
	Port: void_conv_2d_buffer_cl_array_ap_fixed_16_6_5_3_0_4u_array_ap_fixed_39_19_5_3_0_1u_config6_stream_array_ap_fixed_16_6_5_3_0_4u_0_stream_array_ap_fixed_39_19_5_3_0_1u_0_weight_t_bias_t_line_buffer_2_1 | {1 }
	Port: void_conv_2d_buffer_cl_array_ap_fixed_16_6_5_3_0_4u_array_ap_fixed_39_19_5_3_0_1u_config6_stream_array_ap_fixed_16_6_5_3_0_4u_0_stream_array_ap_fixed_39_19_5_3_0_1u_0_weight_t_bias_t_line_buffer_3_0 | {1 }
	Port: void_conv_2d_buffer_cl_array_ap_fixed_16_6_5_3_0_4u_array_ap_fixed_39_19_5_3_0_1u_config6_stream_array_ap_fixed_16_6_5_3_0_4u_0_stream_array_ap_fixed_39_19_5_3_0_1u_0_weight_t_bias_t_line_buffer_3_1 | {1 }
	Port: sX_1 | {3 }
	Port: sY_1 | {4 }
	Port: pY_1 | {3 }
	Port: pX_1 | {3 }
	Port: w6_V | {}
 - Input state : 
	Port: compute_output_buffer_2d<array<ap_fixed<16, 6, 5, 3, 0>, 4u>, array<ap_fixed<39, 19, 5, 3, 0>, 1u>, config6> : p_read | {1 }
	Port: compute_output_buffer_2d<array<ap_fixed<16, 6, 5, 3, 0>, 4u>, array<ap_fixed<39, 19, 5, 3, 0>, 1u>, config6> : p_read1 | {1 }
	Port: compute_output_buffer_2d<array<ap_fixed<16, 6, 5, 3, 0>, 4u>, array<ap_fixed<39, 19, 5, 3, 0>, 1u>, config6> : p_read2 | {1 }
	Port: compute_output_buffer_2d<array<ap_fixed<16, 6, 5, 3, 0>, 4u>, array<ap_fixed<39, 19, 5, 3, 0>, 1u>, config6> : p_read3 | {1 }
	Port: compute_output_buffer_2d<array<ap_fixed<16, 6, 5, 3, 0>, 4u>, array<ap_fixed<39, 19, 5, 3, 0>, 1u>, config6> : layer6_out | {}
	Port: compute_output_buffer_2d<array<ap_fixed<16, 6, 5, 3, 0>, 4u>, array<ap_fixed<39, 19, 5, 3, 0>, 1u>, config6> : void_compute_output_buffer_2d_array_array_ap_fixed_1u_config6_array_ap_fixed_16_6_5_3_0_4u_const_ap_shift_reg_value_type_in_width_n_chan_stream_array_ap_fixed_39_19_5_3_0_1u_0_weight_t_bias_t_kernel_data_5 | {1 2 3 }
	Port: compute_output_buffer_2d<array<ap_fixed<16, 6, 5, 3, 0>, 4u>, array<ap_fixed<39, 19, 5, 3, 0>, 1u>, config6> : void_compute_output_buffer_2d_array_array_ap_fixed_1u_config6_array_ap_fixed_16_6_5_3_0_4u_const_ap_shift_reg_value_type_in_width_n_chan_stream_array_ap_fixed_39_19_5_3_0_1u_0_weight_t_bias_t_kernel_data_9 | {2 3 }
	Port: compute_output_buffer_2d<array<ap_fixed<16, 6, 5, 3, 0>, 4u>, array<ap_fixed<39, 19, 5, 3, 0>, 1u>, config6> : void_compute_output_buffer_2d_array_array_ap_fixed_1u_config6_array_ap_fixed_16_6_5_3_0_4u_const_ap_shift_reg_value_type_in_width_n_chan_stream_array_ap_fixed_39_19_5_3_0_1u_0_weight_t_bias_t_kernel_data_4 | {1 2 3 }
	Port: compute_output_buffer_2d<array<ap_fixed<16, 6, 5, 3, 0>, 4u>, array<ap_fixed<39, 19, 5, 3, 0>, 1u>, config6> : void_compute_output_buffer_2d_array_array_ap_fixed_1u_config6_array_ap_fixed_16_6_5_3_0_4u_const_ap_shift_reg_value_type_in_width_n_chan_stream_array_ap_fixed_39_19_5_3_0_1u_0_weight_t_bias_t_kernel_data_8 | {2 3 }
	Port: compute_output_buffer_2d<array<ap_fixed<16, 6, 5, 3, 0>, 4u>, array<ap_fixed<39, 19, 5, 3, 0>, 1u>, config6> : void_compute_output_buffer_2d_array_array_ap_fixed_1u_config6_array_ap_fixed_16_6_5_3_0_4u_const_ap_shift_reg_value_type_in_width_n_chan_stream_array_ap_fixed_39_19_5_3_0_1u_0_weight_t_bias_t_kernel_data_3 | {1 2 3 }
	Port: compute_output_buffer_2d<array<ap_fixed<16, 6, 5, 3, 0>, 4u>, array<ap_fixed<39, 19, 5, 3, 0>, 1u>, config6> : void_compute_output_buffer_2d_array_array_ap_fixed_1u_config6_array_ap_fixed_16_6_5_3_0_4u_const_ap_shift_reg_value_type_in_width_n_chan_stream_array_ap_fixed_39_19_5_3_0_1u_0_weight_t_bias_t_kernel_data_7 | {2 3 }
	Port: compute_output_buffer_2d<array<ap_fixed<16, 6, 5, 3, 0>, 4u>, array<ap_fixed<39, 19, 5, 3, 0>, 1u>, config6> : void_compute_output_buffer_2d_array_array_ap_fixed_1u_config6_array_ap_fixed_16_6_5_3_0_4u_const_ap_shift_reg_value_type_in_width_n_chan_stream_array_ap_fixed_39_19_5_3_0_1u_0_weight_t_bias_t_kernel_data_2 | {1 2 3 }
	Port: compute_output_buffer_2d<array<ap_fixed<16, 6, 5, 3, 0>, 4u>, array<ap_fixed<39, 19, 5, 3, 0>, 1u>, config6> : void_compute_output_buffer_2d_array_array_ap_fixed_1u_config6_array_ap_fixed_16_6_5_3_0_4u_const_ap_shift_reg_value_type_in_width_n_chan_stream_array_ap_fixed_39_19_5_3_0_1u_0_weight_t_bias_t_kernel_data_6 | {2 3 }
	Port: compute_output_buffer_2d<array<ap_fixed<16, 6, 5, 3, 0>, 4u>, array<ap_fixed<39, 19, 5, 3, 0>, 1u>, config6> : p_ZZN4nnet24compute_output_buffer_2dINS_5arrayI8ap_fixedILi16ELi6EL9ap_q_mode5EL9ap_o_mode3ELi0EELj4EEENS1_IS2_ILi39ELi19ELS3_5ELS4_3ELi0EELj1EEE7config6EEvRKT_PAsrT1_6n_chan_12ap_shift_regINSA_10value_typeEXsrSD_8in_widthEERN3hls6streamIT0_19 | {1 2 3 }
	Port: compute_output_buffer_2d<array<ap_fixed<16, 6, 5, 3, 0>, 4u>, array<ap_fixed<39, 19, 5, 3, 0>, 1u>, config6> : p_ZZN4nnet24compute_output_buffer_2dINS_5arrayI8ap_fixedILi16ELi6EL9ap_q_mode5EL9ap_o_mode3ELi0EELj4EEENS1_IS2_ILi39ELi19ELS3_5ELS4_3ELi0EELj1EEE7config6EEvRKT_PAsrT1_6n_chan_12ap_shift_regINSA_10value_typeEXsrSD_8in_widthEERN3hls6streamIT0_23 | {2 3 }
	Port: compute_output_buffer_2d<array<ap_fixed<16, 6, 5, 3, 0>, 4u>, array<ap_fixed<39, 19, 5, 3, 0>, 1u>, config6> : p_ZZN4nnet24compute_output_buffer_2dINS_5arrayI8ap_fixedILi16ELi6EL9ap_q_mode5EL9ap_o_mode3ELi0EELj4EEENS1_IS2_ILi39ELi19ELS3_5ELS4_3ELi0EELj1EEE7config6EEvRKT_PAsrT1_6n_chan_12ap_shift_regINSA_10value_typeEXsrSD_8in_widthEERN3hls6streamIT0_18 | {1 2 3 }
	Port: compute_output_buffer_2d<array<ap_fixed<16, 6, 5, 3, 0>, 4u>, array<ap_fixed<39, 19, 5, 3, 0>, 1u>, config6> : p_ZZN4nnet24compute_output_buffer_2dINS_5arrayI8ap_fixedILi16ELi6EL9ap_q_mode5EL9ap_o_mode3ELi0EELj4EEENS1_IS2_ILi39ELi19ELS3_5ELS4_3ELi0EELj1EEE7config6EEvRKT_PAsrT1_6n_chan_12ap_shift_regINSA_10value_typeEXsrSD_8in_widthEERN3hls6streamIT0_22 | {2 3 }
	Port: compute_output_buffer_2d<array<ap_fixed<16, 6, 5, 3, 0>, 4u>, array<ap_fixed<39, 19, 5, 3, 0>, 1u>, config6> : p_ZZN4nnet24compute_output_buffer_2dINS_5arrayI8ap_fixedILi16ELi6EL9ap_q_mode5EL9ap_o_mode3ELi0EELj4EEENS1_IS2_ILi39ELi19ELS3_5ELS4_3ELi0EELj1EEE7config6EEvRKT_PAsrT1_6n_chan_12ap_shift_regINSA_10value_typeEXsrSD_8in_widthEERN3hls6streamIT0_17 | {1 2 3 }
	Port: compute_output_buffer_2d<array<ap_fixed<16, 6, 5, 3, 0>, 4u>, array<ap_fixed<39, 19, 5, 3, 0>, 1u>, config6> : p_ZZN4nnet24compute_output_buffer_2dINS_5arrayI8ap_fixedILi16ELi6EL9ap_q_mode5EL9ap_o_mode3ELi0EELj4EEENS1_IS2_ILi39ELi19ELS3_5ELS4_3ELi0EELj1EEE7config6EEvRKT_PAsrT1_6n_chan_12ap_shift_regINSA_10value_typeEXsrSD_8in_widthEERN3hls6streamIT0_21 | {2 3 }
	Port: compute_output_buffer_2d<array<ap_fixed<16, 6, 5, 3, 0>, 4u>, array<ap_fixed<39, 19, 5, 3, 0>, 1u>, config6> : p_ZZN4nnet24compute_output_buffer_2dINS_5arrayI8ap_fixedILi16ELi6EL9ap_q_mode5EL9ap_o_mode3ELi0EELj4EEENS1_IS2_ILi39ELi19ELS3_5ELS4_3ELi0EELj1EEE7config6EEvRKT_PAsrT1_6n_chan_12ap_shift_regINSA_10value_typeEXsrSD_8in_widthEERN3hls6streamIT0_16 | {1 2 3 }
	Port: compute_output_buffer_2d<array<ap_fixed<16, 6, 5, 3, 0>, 4u>, array<ap_fixed<39, 19, 5, 3, 0>, 1u>, config6> : p_ZZN4nnet24compute_output_buffer_2dINS_5arrayI8ap_fixedILi16ELi6EL9ap_q_mode5EL9ap_o_mode3ELi0EELj4EEENS1_IS2_ILi39ELi19ELS3_5ELS4_3ELi0EELj1EEE7config6EEvRKT_PAsrT1_6n_chan_12ap_shift_regINSA_10value_typeEXsrSD_8in_widthEERN3hls6streamIT0_20 | {2 3 }
	Port: compute_output_buffer_2d<array<ap_fixed<16, 6, 5, 3, 0>, 4u>, array<ap_fixed<39, 19, 5, 3, 0>, 1u>, config6> : p_ZZN4nnet24compute_output_buffer_2dINS_5arrayI8ap_fixedILi16ELi6EL9ap_q_mode5EL9ap_o_mode3ELi0EELj4EEENS1_IS2_ILi39ELi19ELS3_5ELS4_3ELi0EELj1EEE7config6EEvRKT_PAsrT1_6n_chan_12ap_shift_regINSA_10value_typeEXsrSD_8in_widthEERN3hls6streamIT0_7 | {1 2 3 }
	Port: compute_output_buffer_2d<array<ap_fixed<16, 6, 5, 3, 0>, 4u>, array<ap_fixed<39, 19, 5, 3, 0>, 1u>, config6> : p_ZZN4nnet24compute_output_buffer_2dINS_5arrayI8ap_fixedILi16ELi6EL9ap_q_mode5EL9ap_o_mode3ELi0EELj4EEENS1_IS2_ILi39ELi19ELS3_5ELS4_3ELi0EELj1EEE7config6EEvRKT_PAsrT1_6n_chan_12ap_shift_regINSA_10value_typeEXsrSD_8in_widthEERN3hls6streamIT0_11 | {2 3 }
	Port: compute_output_buffer_2d<array<ap_fixed<16, 6, 5, 3, 0>, 4u>, array<ap_fixed<39, 19, 5, 3, 0>, 1u>, config6> : p_ZZN4nnet24compute_output_buffer_2dINS_5arrayI8ap_fixedILi16ELi6EL9ap_q_mode5EL9ap_o_mode3ELi0EELj4EEENS1_IS2_ILi39ELi19ELS3_5ELS4_3ELi0EELj1EEE7config6EEvRKT_PAsrT1_6n_chan_12ap_shift_regINSA_10value_typeEXsrSD_8in_widthEERN3hls6streamIT0_6 | {1 2 3 }
	Port: compute_output_buffer_2d<array<ap_fixed<16, 6, 5, 3, 0>, 4u>, array<ap_fixed<39, 19, 5, 3, 0>, 1u>, config6> : p_ZZN4nnet24compute_output_buffer_2dINS_5arrayI8ap_fixedILi16ELi6EL9ap_q_mode5EL9ap_o_mode3ELi0EELj4EEENS1_IS2_ILi39ELi19ELS3_5ELS4_3ELi0EELj1EEE7config6EEvRKT_PAsrT1_6n_chan_12ap_shift_regINSA_10value_typeEXsrSD_8in_widthEERN3hls6streamIT0_10 | {2 3 }
	Port: compute_output_buffer_2d<array<ap_fixed<16, 6, 5, 3, 0>, 4u>, array<ap_fixed<39, 19, 5, 3, 0>, 1u>, config6> : p_ZZN4nnet24compute_output_buffer_2dINS_5arrayI8ap_fixedILi16ELi6EL9ap_q_mode5EL9ap_o_mode3ELi0EELj4EEENS1_IS2_ILi39ELi19ELS3_5ELS4_3ELi0EELj1EEE7config6EEvRKT_PAsrT1_6n_chan_12ap_shift_regINSA_10value_typeEXsrSD_8in_widthEERN3hls6streamIT0_5 | {1 2 3 }
	Port: compute_output_buffer_2d<array<ap_fixed<16, 6, 5, 3, 0>, 4u>, array<ap_fixed<39, 19, 5, 3, 0>, 1u>, config6> : p_ZZN4nnet24compute_output_buffer_2dINS_5arrayI8ap_fixedILi16ELi6EL9ap_q_mode5EL9ap_o_mode3ELi0EELj4EEENS1_IS2_ILi39ELi19ELS3_5ELS4_3ELi0EELj1EEE7config6EEvRKT_PAsrT1_6n_chan_12ap_shift_regINSA_10value_typeEXsrSD_8in_widthEERN3hls6streamIT0_9 | {2 3 }
	Port: compute_output_buffer_2d<array<ap_fixed<16, 6, 5, 3, 0>, 4u>, array<ap_fixed<39, 19, 5, 3, 0>, 1u>, config6> : p_ZZN4nnet24compute_output_buffer_2dINS_5arrayI8ap_fixedILi16ELi6EL9ap_q_mode5EL9ap_o_mode3ELi0EELj4EEENS1_IS2_ILi39ELi19ELS3_5ELS4_3ELi0EELj1EEE7config6EEvRKT_PAsrT1_6n_chan_12ap_shift_regINSA_10value_typeEXsrSD_8in_widthEERN3hls6streamIT0_4 | {1 2 3 }
	Port: compute_output_buffer_2d<array<ap_fixed<16, 6, 5, 3, 0>, 4u>, array<ap_fixed<39, 19, 5, 3, 0>, 1u>, config6> : p_ZZN4nnet24compute_output_buffer_2dINS_5arrayI8ap_fixedILi16ELi6EL9ap_q_mode5EL9ap_o_mode3ELi0EELj4EEENS1_IS2_ILi39ELi19ELS3_5ELS4_3ELi0EELj1EEE7config6EEvRKT_PAsrT1_6n_chan_12ap_shift_regINSA_10value_typeEXsrSD_8in_widthEERN3hls6streamIT0_8 | {2 3 }
	Port: compute_output_buffer_2d<array<ap_fixed<16, 6, 5, 3, 0>, 4u>, array<ap_fixed<39, 19, 5, 3, 0>, 1u>, config6> : void_compute_output_buffer_2d_array_array_ap_fixed_1u_config6_array_ap_fixed_16_6_5_3_0_4u_const_ap_shift_reg_value_type_in_width_n_chan_stream_array_ap_fixed_39_19_5_3_0_1u_0_weight_t_bias_t_kernel_data_1 | {1 2 3 }
	Port: compute_output_buffer_2d<array<ap_fixed<16, 6, 5, 3, 0>, 4u>, array<ap_fixed<39, 19, 5, 3, 0>, 1u>, config6> : void_compute_output_buffer_2d_array_array_ap_fixed_1u_config6_array_ap_fixed_16_6_5_3_0_4u_const_ap_shift_reg_value_type_in_width_n_chan_stream_array_ap_fixed_39_19_5_3_0_1u_0_weight_t_bias_t_kernel_data | {1 2 3 }
	Port: compute_output_buffer_2d<array<ap_fixed<16, 6, 5, 3, 0>, 4u>, array<ap_fixed<39, 19, 5, 3, 0>, 1u>, config6> : p_ZZN4nnet24compute_output_buffer_2dINS_5arrayI8ap_fixedILi16ELi6EL9ap_q_mode5EL9ap_o_mode3ELi0EELj4EEENS1_IS2_ILi39ELi19ELS3_5ELS4_3ELi0EELj1EEE7config6EEvRKT_PAsrT1_6n_chan_12ap_shift_regINSA_10value_typeEXsrSD_8in_widthEERN3hls6streamIT0_25 | {1 2 3 }
	Port: compute_output_buffer_2d<array<ap_fixed<16, 6, 5, 3, 0>, 4u>, array<ap_fixed<39, 19, 5, 3, 0>, 1u>, config6> : p_ZZN4nnet24compute_output_buffer_2dINS_5arrayI8ap_fixedILi16ELi6EL9ap_q_mode5EL9ap_o_mode3ELi0EELj4EEENS1_IS2_ILi39ELi19ELS3_5ELS4_3ELi0EELj1EEE7config6EEvRKT_PAsrT1_6n_chan_12ap_shift_regINSA_10value_typeEXsrSD_8in_widthEERN3hls6streamIT0_24 | {1 2 3 }
	Port: compute_output_buffer_2d<array<ap_fixed<16, 6, 5, 3, 0>, 4u>, array<ap_fixed<39, 19, 5, 3, 0>, 1u>, config6> : p_ZZN4nnet24compute_output_buffer_2dINS_5arrayI8ap_fixedILi16ELi6EL9ap_q_mode5EL9ap_o_mode3ELi0EELj4EEENS1_IS2_ILi39ELi19ELS3_5ELS4_3ELi0EELj1EEE7config6EEvRKT_PAsrT1_6n_chan_12ap_shift_regINSA_10value_typeEXsrSD_8in_widthEERN3hls6streamIT0_15 | {1 2 3 }
	Port: compute_output_buffer_2d<array<ap_fixed<16, 6, 5, 3, 0>, 4u>, array<ap_fixed<39, 19, 5, 3, 0>, 1u>, config6> : p_ZZN4nnet24compute_output_buffer_2dINS_5arrayI8ap_fixedILi16ELi6EL9ap_q_mode5EL9ap_o_mode3ELi0EELj4EEENS1_IS2_ILi39ELi19ELS3_5ELS4_3ELi0EELj1EEE7config6EEvRKT_PAsrT1_6n_chan_12ap_shift_regINSA_10value_typeEXsrSD_8in_widthEERN3hls6streamIT0_14 | {1 2 3 }
	Port: compute_output_buffer_2d<array<ap_fixed<16, 6, 5, 3, 0>, 4u>, array<ap_fixed<39, 19, 5, 3, 0>, 1u>, config6> : p_ZZN4nnet24compute_output_buffer_2dINS_5arrayI8ap_fixedILi16ELi6EL9ap_q_mode5EL9ap_o_mode3ELi0EELj4EEENS1_IS2_ILi39ELi19ELS3_5ELS4_3ELi0EELj1EEE7config6EEvRKT_PAsrT1_6n_chan_12ap_shift_regINSA_10value_typeEXsrSD_8in_widthEERN3hls6streamIT0_13 | {1 2 3 }
	Port: compute_output_buffer_2d<array<ap_fixed<16, 6, 5, 3, 0>, 4u>, array<ap_fixed<39, 19, 5, 3, 0>, 1u>, config6> : p_ZZN4nnet24compute_output_buffer_2dINS_5arrayI8ap_fixedILi16ELi6EL9ap_q_mode5EL9ap_o_mode3ELi0EELj4EEENS1_IS2_ILi39ELi19ELS3_5ELS4_3ELi0EELj1EEE7config6EEvRKT_PAsrT1_6n_chan_12ap_shift_regINSA_10value_typeEXsrSD_8in_widthEERN3hls6streamIT0_12 | {1 2 3 }
	Port: compute_output_buffer_2d<array<ap_fixed<16, 6, 5, 3, 0>, 4u>, array<ap_fixed<39, 19, 5, 3, 0>, 1u>, config6> : p_ZZN4nnet24compute_output_buffer_2dINS_5arrayI8ap_fixedILi16ELi6EL9ap_q_mode5EL9ap_o_mode3ELi0EELj4EEENS1_IS2_ILi39ELi19ELS3_5ELS4_3ELi0EELj1EEE7config6EEvRKT_PAsrT1_6n_chan_12ap_shift_regINSA_10value_typeEXsrSD_8in_widthEERN3hls6streamIT0_3 | {1 2 3 }
	Port: compute_output_buffer_2d<array<ap_fixed<16, 6, 5, 3, 0>, 4u>, array<ap_fixed<39, 19, 5, 3, 0>, 1u>, config6> : p_ZZN4nnet24compute_output_buffer_2dINS_5arrayI8ap_fixedILi16ELi6EL9ap_q_mode5EL9ap_o_mode3ELi0EELj4EEENS1_IS2_ILi39ELi19ELS3_5ELS4_3ELi0EELj1EEE7config6EEvRKT_PAsrT1_6n_chan_12ap_shift_regINSA_10value_typeEXsrSD_8in_widthEERN3hls6streamIT0_2 | {1 2 3 }
	Port: compute_output_buffer_2d<array<ap_fixed<16, 6, 5, 3, 0>, 4u>, array<ap_fixed<39, 19, 5, 3, 0>, 1u>, config6> : p_ZZN4nnet24compute_output_buffer_2dINS_5arrayI8ap_fixedILi16ELi6EL9ap_q_mode5EL9ap_o_mode3ELi0EELj4EEENS1_IS2_ILi39ELi19ELS3_5ELS4_3ELi0EELj1EEE7config6EEvRKT_PAsrT1_6n_chan_12ap_shift_regINSA_10value_typeEXsrSD_8in_widthEERN3hls6streamIT0_1 | {1 2 3 }
	Port: compute_output_buffer_2d<array<ap_fixed<16, 6, 5, 3, 0>, 4u>, array<ap_fixed<39, 19, 5, 3, 0>, 1u>, config6> : p_ZZN4nnet24compute_output_buffer_2dINS_5arrayI8ap_fixedILi16ELi6EL9ap_q_mode5EL9ap_o_mode3ELi0EELj4EEENS1_IS2_ILi39ELi19ELS3_5ELS4_3ELi0EELj1EEE7config6EEvRKT_PAsrT1_6n_chan_12ap_shift_regINSA_10value_typeEXsrSD_8in_widthEERN3hls6streamIT0_s | {1 2 3 }
	Port: compute_output_buffer_2d<array<ap_fixed<16, 6, 5, 3, 0>, 4u>, array<ap_fixed<39, 19, 5, 3, 0>, 1u>, config6> : void_conv_2d_buffer_cl_array_ap_fixed_16_6_5_3_0_4u_array_ap_fixed_39_19_5_3_0_1u_config6_stream_array_ap_fixed_16_6_5_3_0_4u_0_stream_array_ap_fixed_39_19_5_3_0_1u_0_weight_t_bias_t_line_buffer_0 | {1 }
	Port: compute_output_buffer_2d<array<ap_fixed<16, 6, 5, 3, 0>, 4u>, array<ap_fixed<39, 19, 5, 3, 0>, 1u>, config6> : void_conv_2d_buffer_cl_array_ap_fixed_16_6_5_3_0_4u_array_ap_fixed_39_19_5_3_0_1u_config6_stream_array_ap_fixed_16_6_5_3_0_4u_0_stream_array_ap_fixed_39_19_5_3_0_1u_0_weight_t_bias_t_line_buffer | {1 }
	Port: compute_output_buffer_2d<array<ap_fixed<16, 6, 5, 3, 0>, 4u>, array<ap_fixed<39, 19, 5, 3, 0>, 1u>, config6> : void_conv_2d_buffer_cl_array_ap_fixed_16_6_5_3_0_4u_array_ap_fixed_39_19_5_3_0_1u_config6_stream_array_ap_fixed_16_6_5_3_0_4u_0_stream_array_ap_fixed_39_19_5_3_0_1u_0_weight_t_bias_t_line_buffer_1_0 | {1 }
	Port: compute_output_buffer_2d<array<ap_fixed<16, 6, 5, 3, 0>, 4u>, array<ap_fixed<39, 19, 5, 3, 0>, 1u>, config6> : void_conv_2d_buffer_cl_array_ap_fixed_16_6_5_3_0_4u_array_ap_fixed_39_19_5_3_0_1u_config6_stream_array_ap_fixed_16_6_5_3_0_4u_0_stream_array_ap_fixed_39_19_5_3_0_1u_0_weight_t_bias_t_line_buffer_1_1 | {1 }
	Port: compute_output_buffer_2d<array<ap_fixed<16, 6, 5, 3, 0>, 4u>, array<ap_fixed<39, 19, 5, 3, 0>, 1u>, config6> : void_conv_2d_buffer_cl_array_ap_fixed_16_6_5_3_0_4u_array_ap_fixed_39_19_5_3_0_1u_config6_stream_array_ap_fixed_16_6_5_3_0_4u_0_stream_array_ap_fixed_39_19_5_3_0_1u_0_weight_t_bias_t_line_buffer_2_0 | {1 }
	Port: compute_output_buffer_2d<array<ap_fixed<16, 6, 5, 3, 0>, 4u>, array<ap_fixed<39, 19, 5, 3, 0>, 1u>, config6> : void_conv_2d_buffer_cl_array_ap_fixed_16_6_5_3_0_4u_array_ap_fixed_39_19_5_3_0_1u_config6_stream_array_ap_fixed_16_6_5_3_0_4u_0_stream_array_ap_fixed_39_19_5_3_0_1u_0_weight_t_bias_t_line_buffer_2_1 | {1 }
	Port: compute_output_buffer_2d<array<ap_fixed<16, 6, 5, 3, 0>, 4u>, array<ap_fixed<39, 19, 5, 3, 0>, 1u>, config6> : void_conv_2d_buffer_cl_array_ap_fixed_16_6_5_3_0_4u_array_ap_fixed_39_19_5_3_0_1u_config6_stream_array_ap_fixed_16_6_5_3_0_4u_0_stream_array_ap_fixed_39_19_5_3_0_1u_0_weight_t_bias_t_line_buffer_3_0 | {1 }
	Port: compute_output_buffer_2d<array<ap_fixed<16, 6, 5, 3, 0>, 4u>, array<ap_fixed<39, 19, 5, 3, 0>, 1u>, config6> : void_conv_2d_buffer_cl_array_ap_fixed_16_6_5_3_0_4u_array_ap_fixed_39_19_5_3_0_1u_config6_stream_array_ap_fixed_16_6_5_3_0_4u_0_stream_array_ap_fixed_39_19_5_3_0_1u_0_weight_t_bias_t_line_buffer_3_1 | {1 }
	Port: compute_output_buffer_2d<array<ap_fixed<16, 6, 5, 3, 0>, 4u>, array<ap_fixed<39, 19, 5, 3, 0>, 1u>, config6> : sX_1 | {2 }
	Port: compute_output_buffer_2d<array<ap_fixed<16, 6, 5, 3, 0>, 4u>, array<ap_fixed<39, 19, 5, 3, 0>, 1u>, config6> : sY_1 | {2 }
	Port: compute_output_buffer_2d<array<ap_fixed<16, 6, 5, 3, 0>, 4u>, array<ap_fixed<39, 19, 5, 3, 0>, 1u>, config6> : pY_1 | {2 }
	Port: compute_output_buffer_2d<array<ap_fixed<16, 6, 5, 3, 0>, 4u>, array<ap_fixed<39, 19, 5, 3, 0>, 1u>, config6> : pX_1 | {2 }
	Port: compute_output_buffer_2d<array<ap_fixed<16, 6, 5, 3, 0>, 4u>, array<ap_fixed<39, 19, 5, 3, 0>, 1u>, config6> : w6_V | {2 3 }
  - Chain level:
	State 1
	State 2
		icmp_ln284 : 1
		br_ln284 : 2
		icmp_ln284_4 : 1
		tmp : 1
		icmp_ln284_5 : 2
		tmp_3 : 1
		icmp_ln284_6 : 2
		and_ln284 : 3
		and_ln284_2 : 3
		br_ln284 : 3
	State 3
		sext_ln173 : 1
		zext_ln173 : 2
		write_ln173 : 3
		icmp_ln303 : 1
		br_ln303 : 2
		store_ln316 : 1
		select_ln318 : 1
		store_ln318 : 2
		icmp_ln307 : 1
		br_ln307 : 2
		store_ln311 : 1
		select_ln313 : 1
	State 4
		store_ln309 : 1


============================================================
+ Verbose Summary: Datapath Resource usage 
============================================================

* Functional unit list:
|----------|----------------------------------------------------------------------------------------------|---------|---------|---------|---------|
| Operation|                                        Functional Unit                                       |   DSP   |  Delay  |    FF   |   LUT   |
|----------|----------------------------------------------------------------------------------------------|---------|---------|---------|---------|
|   call   |          call_ln281_shift_line_buffer_array_ap_fixed_16_6_5_3_0_4u_config6_s_fu_182          |    0    |    0    |    0    |    0    |
|          | grp_dense_resource_rf_leq_nin_ap_fixed_16_6_5_3_0_ap_fixed_39_19_5_3_0_config6_mult_s_fu_282 |    1    |  4.764  |   1832  |   233   |
|----------|----------------------------------------------------------------------------------------------|---------|---------|---------|---------|
|          |                                       add_ln303_fu_441                                       |    0    |    0    |    0    |    39   |
|    add   |                                       add_ln318_fu_458                                       |    0    |    0    |    0    |    39   |
|          |                                       add_ln307_fu_488                                       |    0    |    0    |    0    |    39   |
|          |                                       add_ln313_fu_505                                       |    0    |    0    |    0    |    39   |
|----------|----------------------------------------------------------------------------------------------|---------|---------|---------|---------|
|          |                                          grp_fu_360                                          |    0    |    0    |    0    |    18   |
|          |                                       icmp_ln284_fu_369                                      |    0    |    0    |    0    |    18   |
|   icmp   |                                      icmp_ln284_5_fu_398                                     |    0    |    0    |    0    |    17   |
|          |                                      icmp_ln284_6_fu_414                                     |    0    |    0    |    0    |    17   |
|          |                                       icmp_ln303_fu_446                                      |    0    |    0    |    0    |    18   |
|          |                                       icmp_ln307_fu_493                                      |    0    |    0    |    0    |    18   |
|----------|----------------------------------------------------------------------------------------------|---------|---------|---------|---------|
|  select  |                                      select_ln318_fu_463                                     |    0    |    0    |    0    |    32   |
|          |                                      select_ln313_fu_510                                     |    0    |    0    |    0    |    32   |
|----------|----------------------------------------------------------------------------------------------|---------|---------|---------|---------|
|    and   |                                       and_ln284_fu_420                                       |    0    |    0    |    0    |    2    |
|          |                                      and_ln284_2_fu_426                                      |    0    |    0    |    0    |    2    |
|----------|----------------------------------------------------------------------------------------------|---------|---------|---------|---------|
|          |                                     p_read37_read_fu_140                                     |    0    |    0    |    0    |    0    |
|   read   |                                     p_read26_read_fu_146                                     |    0    |    0    |    0    |    0    |
|          |                                     p_read15_read_fu_152                                     |    0    |    0    |    0    |    0    |
|          |                                     p_read_9_read_fu_158                                     |    0    |    0    |    0    |    0    |
|----------|----------------------------------------------------------------------------------------------|---------|---------|---------|---------|
|   write  |                                   write_ln173_write_fu_164                                   |    0    |    0    |    0    |    0    |
|----------|----------------------------------------------------------------------------------------------|---------|---------|---------|---------|
|partselect|                                          tmp_fu_388                                          |    0    |    0    |    0    |    0    |
|          |                                         tmp_3_fu_404                                         |    0    |    0    |    0    |    0    |
|----------|----------------------------------------------------------------------------------------------|---------|---------|---------|---------|
|   sext   |                                       sext_ln173_fu_432                                      |    0    |    0    |    0    |    0    |
|----------|----------------------------------------------------------------------------------------------|---------|---------|---------|---------|
|   zext   |                                       zext_ln173_fu_436                                      |    0    |    0    |    0    |    0    |
|----------|----------------------------------------------------------------------------------------------|---------|---------|---------|---------|
|   Total  |                                                                                              |    1    |  4.764  |   1832  |   563   |
|----------|----------------------------------------------------------------------------------------------|---------|---------|---------|---------|

Memories:
N/A

* Register list:
+--------------------+--------+
|                    |   FF   |
+--------------------+--------+
| and_ln284_2_reg_547|    1   |
| icmp_ln284_reg_533 |    1   |
| icmp_ln303_reg_551 |    1   |
|select_ln313_reg_558|   32   |
| storemerge_reg_171 |   32   |
+--------------------+--------+
|        Total       |   67   |
+--------------------+--------+

* Multiplexer (MUX) list: 
|--------|------|------|------|--------|
|  Comp  |  Pin | Size |  BW  | S x BW |
|--------|------|------|------|--------|
|  Total |      |      |      |    0   |
|--------|------|------|------|--------|



* Summary:
+-----------+--------+--------+--------+--------+
|           |   DSP  |  Delay |   FF   |   LUT  |
+-----------+--------+--------+--------+--------+
|  Function |    1   |    4   |  1832  |   563  |
|   Memory  |    -   |    -   |    -   |    -   |
|Multiplexer|    -   |    -   |    -   |    -   |
|  Register |    -   |    -   |   67   |    -   |
+-----------+--------+--------+--------+--------+
|   Total   |    1   |    4   |  1899  |   563  |
+-----------+--------+--------+--------+--------+
