

================================================================
== Vitis HLS Report for 'conv_2d_cl_array_ap_fixed_16_6_5_3_0_4u_array_ap_fixed_39_19_5_3_0_1u_config6_s'
================================================================
* Date:           Tue May 26 01:13:14 2026

* Version:        2021.2 (Build 3367213 on Tue Oct 19 02:48:09 MDT 2021)
* Project:        edge_cnn_linear_stream_prj
* Solution:       solution1 (Vivado IP Flow Target)
* Product family: zynq
* Target device:  xc7z020-clg400-1


================================================================
== Performance Estimates
================================================================
+ Timing: 
    * Summary: 
    +--------+----------+----------+------------+
    |  Clock |  Target  | Estimated| Uncertainty|
    +--------+----------+----------+------------+
    |ap_clk  |  10.00 ns|  7.591 ns|     2.70 ns|
    +--------+----------+----------+------------+

+ Latency: 
    * Summary: 
    +---------+---------+----------+----------+--------+--------+---------+
    |  Latency (cycles) |  Latency (absolute) |     Interval    | Pipeline|
    |   min   |   max   |    min   |    max   |   min  |   max  |   Type  |
    +---------+---------+----------+----------+--------+--------+---------+
    |   100862|   907742|  1.009 ms|  9.077 ms|  100862|  907742|       no|
    +---------+---------+----------+----------+--------+--------+---------+

    + Detail: 
        * Instance: 
        +----------------------------------------------------------------------------------------------------------+-----------------------------------------------------------------------------------------------+---------+---------+-----------+----------+-----+-----+---------+
        |                                                                                                          |                                                                                               |  Latency (cycles) |  Latency (absolute)  |  Interval | Pipeline|
        |                                                 Instance                                                 |                                             Module                                            |   min   |   max   |    min    |    max   | min | max |   Type  |
        +----------------------------------------------------------------------------------------------------------+-----------------------------------------------------------------------------------------------+---------+---------+-----------+----------+-----+-----+---------+
        |grp_compute_output_buffer_2d_array_ap_fixed_16_6_5_3_0_4u_array_ap_fixed_39_19_5_3_0_1u_config6_s_fu_160  |compute_output_buffer_2d_array_ap_fixed_16_6_5_3_0_4u_array_ap_fixed_39_19_5_3_0_1u_config6_s  |        3|       43|  30.000 ns|  0.430 us|    3|   43|       no|
        +----------------------------------------------------------------------------------------------------------+-----------------------------------------------------------------------------------------------+---------+---------+-----------+----------+-----+-----+---------+

        * Loop: 
        +----------------------------------+---------+---------+----------+-----------+-----------+-------+----------+
        |                                  |  Latency (cycles) | Iteration|  Initiation Interval  |  Trip |          |
        |             Loop Name            |   min   |   max   |  Latency |  achieved |   target  | Count | Pipelined|
        +----------------------------------+---------+---------+----------+-----------+-----------+-------+----------+
        |- ReadInputHeight_ReadInputWidth  |   100860|   907740|    5 ~ 45|          -|          -|  20172|        no|
        +----------------------------------+---------+---------+----------+-----------+-----------+-------+----------+



================================================================
== Utilization Estimates
================================================================
* Summary: 
+-----------------+---------+-----+--------+-------+-----+
|       Name      | BRAM_18K| DSP |   FF   |  LUT  | URAM|
+-----------------+---------+-----+--------+-------+-----+
|DSP              |        -|    -|       -|      -|    -|
|Expression       |        -|    -|       0|     38|    -|
|FIFO             |        -|    -|       -|      -|    -|
|Instance         |        1|    1|    2533|   2180|    -|
|Memory           |        -|    -|       -|      -|    -|
|Multiplexer      |        -|    -|       -|     52|    -|
|Register         |        -|    -|      85|      -|    -|
+-----------------+---------+-----+--------+-------+-----+
|Total            |        1|    1|    2618|   2270|    0|
+-----------------+---------+-----+--------+-------+-----+
|Available        |      280|  220|  106400|  53200|    0|
+-----------------+---------+-----+--------+-------+-----+
|Utilization (%)  |       ~0|   ~0|       2|      4|    0|
+-----------------+---------+-----+--------+-------+-----+

+ Detail: 
    * Instance: 
    +----------------------------------------------------------------------------------------------------------+-----------------------------------------------------------------------------------------------+---------+----+------+------+-----+
    |                                                 Instance                                                 |                                             Module                                            | BRAM_18K| DSP|  FF  |  LUT | URAM|
    +----------------------------------------------------------------------------------------------------------+-----------------------------------------------------------------------------------------------+---------+----+------+------+-----+
    |grp_compute_output_buffer_2d_array_ap_fixed_16_6_5_3_0_4u_array_ap_fixed_39_19_5_3_0_1u_config6_s_fu_160  |compute_output_buffer_2d_array_ap_fixed_16_6_5_3_0_4u_array_ap_fixed_39_19_5_3_0_1u_config6_s  |        1|   1|  2533|  2180|    0|
    +----------------------------------------------------------------------------------------------------------+-----------------------------------------------------------------------------------------------+---------+----+------+------+-----+
    |Total                                                                                                     |                                                                                               |        1|   1|  2533|  2180|    0|
    +----------------------------------------------------------------------------------------------------------+-----------------------------------------------------------------------------------------------+---------+----+------+------+-----+

    * DSP: 
    N/A

    * Memory: 
    N/A

    * FIFO: 
    N/A

    * Expression: 
    +----------------------------------------------------------------------------------------------------------------------------+----------+----+---+----+------------+------------+
    |                                                        Variable Name                                                       | Operation| DSP| FF| LUT| Bitwidth P0| Bitwidth P1|
    +----------------------------------------------------------------------------------------------------------------------------+----------+----+---+----+------------+------------+
    |add_ln85_fu_282_p2                                                                                                          |         +|   0|  0|  20|          15|           1|
    |ap_block_state2                                                                                                             |       and|   0|  0|   2|           1|           1|
    |grp_compute_output_buffer_2d_array_ap_fixed_16_6_5_3_0_4u_array_ap_fixed_39_19_5_3_0_1u_config6_s_fu_160_layer6_out_TREADY  |       and|   0|  0|   2|           1|           1|
    |icmp_ln85_fu_276_p2                                                                                                         |      icmp|   0|  0|  12|          15|          15|
    |ap_block_state1                                                                                                             |        or|   0|  0|   2|           1|           1|
    +----------------------------------------------------------------------------------------------------------------------------+----------+----+---+----+------------+------------+
    |Total                                                                                                                       |          |   0|  0|  38|          33|          19|
    +----------------------------------------------------------------------------------------------------------------------------+----------+----+---+----+------------+------------+

    * Multiplexer: 
    +-----------------------+----+-----------+-----+-----------+
    |          Name         | LUT| Input Size| Bits| Total Bits|
    +-----------------------+----+-----------+-----+-----------+
    |ap_NS_fsm              |  25|          5|    1|          5|
    |ap_done                |   9|          2|    1|          2|
    |indvar_flatten_fu_150  |   9|          2|   15|         30|
    |layer9_out_blk_n       |   9|          2|    1|          2|
    +-----------------------+----+-----------+-----+-----------+
    |Total                  |  52|         11|   18|         39|
    +-----------------------+----+-----------+-----+-----------+

    * Register: 
    +-----------------------------------------------------------------------------------------------------------------------+----+----+-----+-----------+
    |                                                          Name                                                         | FF | LUT| Bits| Const Bits|
    +-----------------------------------------------------------------------------------------------------------------------+----+----+-----+-----------+
    |ap_CS_fsm                                                                                                              |   4|   0|    4|          0|
    |ap_done_reg                                                                                                            |   1|   0|    1|          0|
    |grp_compute_output_buffer_2d_array_ap_fixed_16_6_5_3_0_4u_array_ap_fixed_39_19_5_3_0_1u_config6_s_fu_160_ap_start_reg  |   1|   0|    1|          0|
    |indvar_flatten_fu_150                                                                                                  |  15|   0|   15|          0|
    |trunc_ln144_5_reg_351                                                                                                  |  16|   0|   16|          0|
    |trunc_ln144_6_reg_356                                                                                                  |  16|   0|   16|          0|
    |trunc_ln144_reg_341                                                                                                    |  16|   0|   16|          0|
    |trunc_ln144_s_reg_346                                                                                                  |  16|   0|   16|          0|
    +-----------------------------------------------------------------------------------------------------------------------+----+----+-----+-----------+
    |Total                                                                                                                  |  85|   0|   85|          0|
    +-----------------------------------------------------------------------------------------------------------------------+----+----+-----+-----------+



================================================================
== Interface
================================================================
* Summary: 
+--------------------+-----+-----+------------+------------------------------------------------------------------------------------------------+--------------+
|      RTL Ports     | Dir | Bits|  Protocol  |                                          Source Object                                         |    C Type    |
+--------------------+-----+-----+------------+------------------------------------------------------------------------------------------------+--------------+
|ap_clk              |   in|    1|  ap_ctrl_hs|  conv_2d_cl<array<ap_fixed<16, 6, 5, 3, 0>, 4u>, array<ap_fixed<39, 19, 5, 3, 0>, 1u>, config6>|  return value|
|ap_rst              |   in|    1|  ap_ctrl_hs|  conv_2d_cl<array<ap_fixed<16, 6, 5, 3, 0>, 4u>, array<ap_fixed<39, 19, 5, 3, 0>, 1u>, config6>|  return value|
|ap_start            |   in|    1|  ap_ctrl_hs|  conv_2d_cl<array<ap_fixed<16, 6, 5, 3, 0>, 4u>, array<ap_fixed<39, 19, 5, 3, 0>, 1u>, config6>|  return value|
|ap_done             |  out|    1|  ap_ctrl_hs|  conv_2d_cl<array<ap_fixed<16, 6, 5, 3, 0>, 4u>, array<ap_fixed<39, 19, 5, 3, 0>, 1u>, config6>|  return value|
|ap_continue         |   in|    1|  ap_ctrl_hs|  conv_2d_cl<array<ap_fixed<16, 6, 5, 3, 0>, 4u>, array<ap_fixed<39, 19, 5, 3, 0>, 1u>, config6>|  return value|
|ap_idle             |  out|    1|  ap_ctrl_hs|  conv_2d_cl<array<ap_fixed<16, 6, 5, 3, 0>, 4u>, array<ap_fixed<39, 19, 5, 3, 0>, 1u>, config6>|  return value|
|ap_ready            |  out|    1|  ap_ctrl_hs|  conv_2d_cl<array<ap_fixed<16, 6, 5, 3, 0>, 4u>, array<ap_fixed<39, 19, 5, 3, 0>, 1u>, config6>|  return value|
|layer9_out_dout     |   in|   64|     ap_fifo|                                                                                      layer9_out|       pointer|
|layer9_out_empty_n  |   in|    1|     ap_fifo|                                                                                      layer9_out|       pointer|
|layer9_out_read     |  out|    1|     ap_fifo|                                                                                      layer9_out|       pointer|
|layer6_out_TDATA    |  out|   64|        axis|                                                                                      layer6_out|       pointer|
|layer6_out_TVALID   |  out|    1|        axis|                                                                                      layer6_out|       pointer|
|layer6_out_TREADY   |   in|    1|        axis|                                                                                      layer6_out|       pointer|
+--------------------+-----+-----+------------+------------------------------------------------------------------------------------------------+--------------+

============================================================
+ Verbose Summary: Synthesis Manager
============================================================
InlineROM: 1
ExposeGlobal: 0
============================================================
+ Verbose Summary: CDFG Model
============================================================
IsTopModel: 0
ResetActiveHigh: 1
IsCombinational: 2
IsDatapathOnly: 0
HasWiredReturn: 1
HasMFsm: 0
HasVarLatency: 1
IsPipeline: 0
IsRtlPipelined: 0
IsInstanceOverlapped: 0
IsDontTouch: 0
HasImplIP: 0
IsGatedGlobalClock: 0


============================================================
+ Verbose Summary: Schedule
============================================================
* Number of FSM states : 4
* Pipeline : 0
* Dataflow Pipeline: 0

* FSM state transitions: 
1 --> 2 
2 --> 3 4 
3 --> 2 
4 --> 

* FSM state operations: 

State 1 <SV = 0> <Delay = 1.58>
ST_1 : Operation 5 [1/1] (0.00ns)   --->   "%indvar_flatten = alloca i32 1"   --->   Operation 5 'alloca' 'indvar_flatten' <Predicate = true> <Delay = 0.00>
ST_1 : Operation 6 [1/1] (0.00ns)   --->   "%specinterface_ln0 = specinterface void @_ssdm_op_SpecInterface, i64 %layer9_out, void @empty_5, i32 0, i32 0, void @empty_7, i32 0, i32 0, void @empty_7, void @empty_7, void @empty_7, i32 0, i32 0, i32 0, i32 0, void @empty_7, void @empty_7"   --->   Operation 6 'specinterface' 'specinterface_ln0' <Predicate = true> <Delay = 0.00>
ST_1 : Operation 7 [1/1] (0.00ns)   --->   "%specinterface_ln0 = specinterface void @_ssdm_op_SpecInterface, i64 %layer6_out, void @empty_2, i32 1, i32 1, void @empty_10, i32 0, i32 0, void @empty_7, void @empty_7, void @empty_7, i32 0, i32 0, i32 0, i32 0, void @empty_7, void @empty_7"   --->   Operation 7 'specinterface' 'specinterface_ln0' <Predicate = true> <Delay = 0.00>
ST_1 : Operation 8 [1/1] (1.58ns)   --->   "%store_ln85 = store i15 0, i15 %indvar_flatten" [firmware/nnet_utils/nnet_conv2d_stream.h:85]   --->   Operation 8 'store' 'store_ln85' <Predicate = true> <Delay = 1.58>
ST_1 : Operation 9 [1/1] (0.00ns)   --->   "%br_ln85 = br void" [firmware/nnet_utils/nnet_conv2d_stream.h:85]   --->   Operation 9 'br' 'br_ln85' <Predicate = true> <Delay = 0.00>

State 2 <SV = 1> <Delay = 5.82>
ST_2 : Operation 10 [1/1] (0.00ns)   --->   "%indvar_flatten_load = load i15 %indvar_flatten" [firmware/nnet_utils/nnet_conv2d_stream.h:85]   --->   Operation 10 'load' 'indvar_flatten_load' <Predicate = true> <Delay = 0.00>
ST_2 : Operation 11 [1/1] (2.31ns)   --->   "%icmp_ln85 = icmp_eq  i15 %indvar_flatten_load, i15 20172" [firmware/nnet_utils/nnet_conv2d_stream.h:85]   --->   Operation 11 'icmp' 'icmp_ln85' <Predicate = true> <Delay = 2.31> <CoreInst = "Cmp">   --->   Core 9 'Cmp' <Latency = 0> <II = 1> <Delay = 2.31> <FuncUnit> <Opcode : 'icmp'> <InPorts = 2> <OutPorts = 1>
ST_2 : Operation 12 [1/1] (1.94ns)   --->   "%add_ln85 = add i15 %indvar_flatten_load, i15 1" [firmware/nnet_utils/nnet_conv2d_stream.h:85]   --->   Operation 12 'add' 'add_ln85' <Predicate = true> <Delay = 1.94> <CoreInst = "Adder">   --->   Core 1 'Adder' <Latency = 0> <II = 1> <Delay = 1.94> <FuncUnit> <Opcode : 'add' 'sub'> <InPorts = 2> <OutPorts = 1>
ST_2 : Operation 13 [1/1] (0.00ns)   --->   "%br_ln85 = br i1 %icmp_ln85, void %.split2, void %_ZN4nnet17conv_2d_buffer_clINS_5arrayI8ap_fixedILi16ELi6EL9ap_q_mode5EL9ap_o_mode3ELi0EELj4EEENS1_IS2_ILi39ELi19ELS3_5ELS4_3ELi0EELj1EEE7config6EEvRN3hls6streamIT_Li0EEERNSB_IT0_Li0EEEPNT1_8weight_tEPNSI_6bias_tE.exit" [firmware/nnet_utils/nnet_conv2d_stream.h:85]   --->   Operation 13 'br' 'br_ln85' <Predicate = true> <Delay = 0.00>
ST_2 : Operation 14 [1/1] (3.50ns)   --->   "%layer9_out_read = read i64 @_ssdm_op_Read.ap_fifo.volatile.i64P0A, i64 %layer9_out" [C:/Xilinx/Vitis_HLS/2021.2/common/technology/autopilot/hls_stream_39.h:144]   --->   Operation 14 'read' 'layer9_out_read' <Predicate = (!icmp_ln85)> <Delay = 3.50> <CoreInst = "FIFO">   --->   Core 78 'FIFO' <Latency = 0> <II = 1> <Delay = 3.50> <Storage> <Opcode : 'read' 'write' 'nbread' 'nbwrite'> <Ports = 0> <Width = 64> <Depth = 20172> <FIFO>
ST_2 : Operation 15 [1/1] (0.00ns)   --->   "%trunc_ln144 = trunc i64 %layer9_out_read" [C:/Xilinx/Vitis_HLS/2021.2/common/technology/autopilot/hls_stream_39.h:144]   --->   Operation 15 'trunc' 'trunc_ln144' <Predicate = (!icmp_ln85)> <Delay = 0.00>
ST_2 : Operation 16 [1/1] (0.00ns)   --->   "%trunc_ln144_s = partselect i16 @_ssdm_op_PartSelect.i16.i64.i32.i32, i64 %layer9_out_read, i32 16, i32 31" [C:/Xilinx/Vitis_HLS/2021.2/common/technology/autopilot/hls_stream_39.h:144]   --->   Operation 16 'partselect' 'trunc_ln144_s' <Predicate = (!icmp_ln85)> <Delay = 0.00>
ST_2 : Operation 17 [1/1] (0.00ns)   --->   "%trunc_ln144_5 = partselect i16 @_ssdm_op_PartSelect.i16.i64.i32.i32, i64 %layer9_out_read, i32 32, i32 47" [C:/Xilinx/Vitis_HLS/2021.2/common/technology/autopilot/hls_stream_39.h:144]   --->   Operation 17 'partselect' 'trunc_ln144_5' <Predicate = (!icmp_ln85)> <Delay = 0.00>
ST_2 : Operation 18 [1/1] (0.00ns)   --->   "%trunc_ln144_6 = partselect i16 @_ssdm_op_PartSelect.i16.i64.i32.i32, i64 %layer9_out_read, i32 48, i32 63" [C:/Xilinx/Vitis_HLS/2021.2/common/technology/autopilot/hls_stream_39.h:144]   --->   Operation 18 'partselect' 'trunc_ln144_6' <Predicate = (!icmp_ln85)> <Delay = 0.00>
ST_2 : Operation 19 [2/2] (0.00ns)   --->   "%call_ln93 = call void @compute_output_buffer_2d<array<ap_fixed<16, 6, 5, 3, 0>, 4u>, array<ap_fixed<39, 19, 5, 3, 0>, 1u>, config6>, i16 %trunc_ln144, i16 %trunc_ln144_s, i16 %trunc_ln144_5, i16 %trunc_ln144_6, i64 %layer6_out, i16 %void_compute_output_buffer_2d_array_array_ap_fixed_1u_config6_array_ap_fixed_16_6_5_3_0_4u_const_ap_shift_reg_value_type_in_width_n_chan_stream_array_ap_fixed_39_19_5_3_0_1u_0_weight_t_bias_t_kernel_data_5, i16 %void_compute_output_buffer_2d_array_array_ap_fixed_1u_config6_array_ap_fixed_16_6_5_3_0_4u_const_ap_shift_reg_value_type_in_width_n_chan_stream_array_ap_fixed_39_19_5_3_0_1u_0_weight_t_bias_t_kernel_data_9, i16 %void_compute_output_buffer_2d_array_array_ap_fixed_1u_config6_array_ap_fixed_16_6_5_3_0_4u_const_ap_shift_reg_value_type_in_width_n_chan_stream_array_ap_fixed_39_19_5_3_0_1u_0_weight_t_bias_t_kernel_data_4, i16 %void_compute_output_buffer_2d_array_array_ap_fixed_1u_config6_array_ap_fixed_16_6_5_3_0_4u_const_ap_shift_reg_value_type_in_width_n_chan_stream_array_ap_fixed_39_19_5_3_0_1u_0_weight_t_bias_t_kernel_data_8, i16 %void_compute_output_buffer_2d_array_array_ap_fixed_1u_config6_array_ap_fixed_16_6_5_3_0_4u_const_ap_shift_reg_value_type_in_width_n_chan_stream_array_ap_fixed_39_19_5_3_0_1u_0_weight_t_bias_t_kernel_data_3, i16 %void_compute_output_buffer_2d_array_array_ap_fixed_1u_config6_array_ap_fixed_16_6_5_3_0_4u_const_ap_shift_reg_value_type_in_width_n_chan_stream_array_ap_fixed_39_19_5_3_0_1u_0_weight_t_bias_t_kernel_data_7, i16 %void_compute_output_buffer_2d_array_array_ap_fixed_1u_config6_array_ap_fixed_16_6_5_3_0_4u_const_ap_shift_reg_value_type_in_width_n_chan_stream_array_ap_fixed_39_19_5_3_0_1u_0_weight_t_bias_t_kernel_data_2, i16 %void_compute_output_buffer_2d_array_array_ap_fixed_1u_config6_array_ap_fixed_16_6_5_3_0_4u_const_ap_shift_reg_value_type_in_width_n_chan_stream_array_ap_fixed_39_19_5_3_0_1u_0_weight_t_bias_t_kernel_data_6, i16 %p_ZZN4nnet24compute_output_buffer_2dINS_5arrayI8ap_fixedILi16ELi6EL9ap_q_mode5EL9ap_o_mode3ELi0EELj4EEENS1_IS2_ILi39ELi19ELS3_5ELS4_3ELi0EELj1EEE7config6EEvRKT_PAsrT1_6n_chan_12ap_shift_regINSA_10value_typeEXsrSD_8in_widthEERN3hls6streamIT0_19, i16 %p_ZZN4nnet24compute_output_buffer_2dINS_5arrayI8ap_fixedILi16ELi6EL9ap_q_mode5EL9ap_o_mode3ELi0EELj4EEENS1_IS2_ILi39ELi19ELS3_5ELS4_3ELi0EELj1EEE7config6EEvRKT_PAsrT1_6n_chan_12ap_shift_regINSA_10value_typeEXsrSD_8in_widthEERN3hls6streamIT0_23, i16 %p_ZZN4nnet24compute_output_buffer_2dINS_5arrayI8ap_fixedILi16ELi6EL9ap_q_mode5EL9ap_o_mode3ELi0EELj4EEENS1_IS2_ILi39ELi19ELS3_5ELS4_3ELi0EELj1EEE7config6EEvRKT_PAsrT1_6n_chan_12ap_shift_regINSA_10value_typeEXsrSD_8in_widthEERN3hls6streamIT0_18, i16 %p_ZZN4nnet24compute_output_buffer_2dINS_5arrayI8ap_fixedILi16ELi6EL9ap_q_mode5EL9ap_o_mode3ELi0EELj4EEENS1_IS2_ILi39ELi19ELS3_5ELS4_3ELi0EELj1EEE7config6EEvRKT_PAsrT1_6n_chan_12ap_shift_regINSA_10value_typeEXsrSD_8in_widthEERN3hls6streamIT0_22, i16 %p_ZZN4nnet24compute_output_buffer_2dINS_5arrayI8ap_fixedILi16ELi6EL9ap_q_mode5EL9ap_o_mode3ELi0EELj4EEENS1_IS2_ILi39ELi19ELS3_5ELS4_3ELi0EELj1EEE7config6EEvRKT_PAsrT1_6n_chan_12ap_shift_regINSA_10value_typeEXsrSD_8in_widthEERN3hls6streamIT0_17, i16 %p_ZZN4nnet24compute_output_buffer_2dINS_5arrayI8ap_fixedILi16ELi6EL9ap_q_mode5EL9ap_o_mode3ELi0EELj4EEENS1_IS2_ILi39ELi19ELS3_5ELS4_3ELi0EELj1EEE7config6EEvRKT_PAsrT1_6n_chan_12ap_shift_regINSA_10value_typeEXsrSD_8in_widthEERN3hls6streamIT0_21, i16 %p_ZZN4nnet24compute_output_buffer_2dINS_5arrayI8ap_fixedILi16ELi6EL9ap_q_mode5EL9ap_o_mode3ELi0EELj4EEENS1_IS2_ILi39ELi19ELS3_5ELS4_3ELi0EELj1EEE7config6EEvRKT_PAsrT1_6n_chan_12ap_shift_regINSA_10value_typeEXsrSD_8in_widthEERN3hls6streamIT0_16, i16 %p_ZZN4nnet24compute_output_buffer_2dINS_5arrayI8ap_fixedILi16ELi6EL9ap_q_mode5EL9ap_o_mode3ELi0EELj4EEENS1_IS2_ILi39ELi19ELS3_5ELS4_3ELi0EELj1EEE7config6EEvRKT_PAsrT1_6n_chan_12ap_shift_regINSA_10value_typeEXsrSD_8in_widthEERN3hls6streamIT0_20, i16 %p_ZZN4nnet24compute_output_buffer_2dINS_5arrayI8ap_fixedILi16ELi6EL9ap_q_mode5EL9ap_o_mode3ELi0EELj4EEENS1_IS2_ILi39ELi19ELS3_5ELS4_3ELi0EELj1EEE7config6EEvRKT_PAsrT1_6n_chan_12ap_shift_regINSA_10value_typeEXsrSD_8in_widthEERN3hls6streamIT0_7, i16 %p_ZZN4nnet24compute_output_buffer_2dINS_5arrayI8ap_fixedILi16ELi6EL9ap_q_mode5EL9ap_o_mode3ELi0EELj4EEENS1_IS2_ILi39ELi19ELS3_5ELS4_3ELi0EELj1EEE7config6EEvRKT_PAsrT1_6n_chan_12ap_shift_regINSA_10value_typeEXsrSD_8in_widthEERN3hls6streamIT0_11, i16 %p_ZZN4nnet24compute_output_buffer_2dINS_5arrayI8ap_fixedILi16ELi6EL9ap_q_mode5EL9ap_o_mode3ELi0EELj4EEENS1_IS2_ILi39ELi19ELS3_5ELS4_3ELi0EELj1EEE7config6EEvRKT_PAsrT1_6n_chan_12ap_shift_regINSA_10value_typeEXsrSD_8in_widthEERN3hls6streamIT0_6, i16 %p_ZZN4nnet24compute_output_buffer_2dINS_5arrayI8ap_fixedILi16ELi6EL9ap_q_mode5EL9ap_o_mode3ELi0EELj4EEENS1_IS2_ILi39ELi19ELS3_5ELS4_3ELi0EELj1EEE7config6EEvRKT_PAsrT1_6n_chan_12ap_shift_regINSA_10value_typeEXsrSD_8in_widthEERN3hls6streamIT0_10, i16 %p_ZZN4nnet24compute_output_buffer_2dINS_5arrayI8ap_fixedILi16ELi6EL9ap_q_mode5EL9ap_o_mode3ELi0EELj4EEENS1_IS2_ILi39ELi19ELS3_5ELS4_3ELi0EELj1EEE7config6EEvRKT_PAsrT1_6n_chan_12ap_shift_regINSA_10value_typeEXsrSD_8in_widthEERN3hls6streamIT0_5, i16 %p_ZZN4nnet24compute_output_buffer_2dINS_5arrayI8ap_fixedILi16ELi6EL9ap_q_mode5EL9ap_o_mode3ELi0EELj4EEENS1_IS2_ILi39ELi19ELS3_5ELS4_3ELi0EELj1EEE7config6EEvRKT_PAsrT1_6n_chan_12ap_shift_regINSA_10value_typeEXsrSD_8in_widthEERN3hls6streamIT0_9, i16 %p_ZZN4nnet24compute_output_buffer_2dINS_5arrayI8ap_fixedILi16ELi6EL9ap_q_mode5EL9ap_o_mode3ELi0EELj4EEENS1_IS2_ILi39ELi19ELS3_5ELS4_3ELi0EELj1EEE7config6EEvRKT_PAsrT1_6n_chan_12ap_shift_regINSA_10value_typeEXsrSD_8in_widthEERN3hls6streamIT0_4, i16 %p_ZZN4nnet24compute_output_buffer_2dINS_5arrayI8ap_fixedILi16ELi6EL9ap_q_mode5EL9ap_o_mode3ELi0EELj4EEENS1_IS2_ILi39ELi19ELS3_5ELS4_3ELi0EELj1EEE7config6EEvRKT_PAsrT1_6n_chan_12ap_shift_regINSA_10value_typeEXsrSD_8in_widthEERN3hls6streamIT0_8, i16 %void_compute_output_buffer_2d_array_array_ap_fixed_1u_config6_array_ap_fixed_16_6_5_3_0_4u_const_ap_shift_reg_value_type_in_width_n_chan_stream_array_ap_fixed_39_19_5_3_0_1u_0_weight_t_bias_t_kernel_data_1, i16 %void_compute_output_buffer_2d_array_array_ap_fixed_1u_config6_array_ap_fixed_16_6_5_3_0_4u_const_ap_shift_reg_value_type_in_width_n_chan_stream_array_ap_fixed_39_19_5_3_0_1u_0_weight_t_bias_t_kernel_data, i16 %p_ZZN4nnet24compute_output_buffer_2dINS_5arrayI8ap_fixedILi16ELi6EL9ap_q_mode5EL9ap_o_mode3ELi0EELj4EEENS1_IS2_ILi39ELi19ELS3_5ELS4_3ELi0EELj1EEE7config6EEvRKT_PAsrT1_6n_chan_12ap_shift_regINSA_10value_typeEXsrSD_8in_widthEERN3hls6streamIT0_25, i16 %p_ZZN4nnet24compute_output_buffer_2dINS_5arrayI8ap_fixedILi16ELi6EL9ap_q_mode5EL9ap_o_mode3ELi0EELj4EEENS1_IS2_ILi39ELi19ELS3_5ELS4_3ELi0EELj1EEE7config6EEvRKT_PAsrT1_6n_chan_12ap_shift_regINSA_10value_typeEXsrSD_8in_widthEERN3hls6streamIT0_24, i16 %p_ZZN4nnet24compute_output_buffer_2dINS_5arrayI8ap_fixedILi16ELi6EL9ap_q_mode5EL9ap_o_mode3ELi0EELj4EEENS1_IS2_ILi39ELi19ELS3_5ELS4_3ELi0EELj1EEE7config6EEvRKT_PAsrT1_6n_chan_12ap_shift_regINSA_10value_typeEXsrSD_8in_widthEERN3hls6streamIT0_15, i16 %p_ZZN4nnet24compute_output_buffer_2dINS_5arrayI8ap_fixedILi16ELi6EL9ap_q_mode5EL9ap_o_mode3ELi0EELj4EEENS1_IS2_ILi39ELi19ELS3_5ELS4_3ELi0EELj1EEE7config6EEvRKT_PAsrT1_6n_chan_12ap_shift_regINSA_10value_typeEXsrSD_8in_widthEERN3hls6streamIT0_14, i16 %p_ZZN4nnet24compute_output_buffer_2dINS_5arrayI8ap_fixedILi16ELi6EL9ap_q_mode5EL9ap_o_mode3ELi0EELj4EEENS1_IS2_ILi39ELi19ELS3_5ELS4_3ELi0EELj1EEE7config6EEvRKT_PAsrT1_6n_chan_12ap_shift_regINSA_10value_typeEXsrSD_8in_widthEERN3hls6streamIT0_13, i16 %p_ZZN4nnet24compute_output_buffer_2dINS_5arrayI8ap_fixedILi16ELi6EL9ap_q_mode5EL9ap_o_mode3ELi0EELj4EEENS1_IS2_ILi39ELi19ELS3_5ELS4_3ELi0EELj1EEE7config6EEvRKT_PAsrT1_6n_chan_12ap_shift_regINSA_10value_typeEXsrSD_8in_widthEERN3hls6streamIT0_12, i16 %p_ZZN4nnet24compute_output_buffer_2dINS_5arrayI8ap_fixedILi16ELi6EL9ap_q_mode5EL9ap_o_mode3ELi0EELj4EEENS1_IS2_ILi39ELi19ELS3_5ELS4_3ELi0EELj1EEE7config6EEvRKT_PAsrT1_6n_chan_12ap_shift_regINSA_10value_typeEXsrSD_8in_widthEERN3hls6streamIT0_3, i16 %p_ZZN4nnet24compute_output_buffer_2dINS_5arrayI8ap_fixedILi16ELi6EL9ap_q_mode5EL9ap_o_mode3ELi0EELj4EEENS1_IS2_ILi39ELi19ELS3_5ELS4_3ELi0EELj1EEE7config6EEvRKT_PAsrT1_6n_chan_12ap_shift_regINSA_10value_typeEXsrSD_8in_widthEERN3hls6streamIT0_2, i16 %p_ZZN4nnet24compute_output_buffer_2dINS_5arrayI8ap_fixedILi16ELi6EL9ap_q_mode5EL9ap_o_mode3ELi0EELj4EEENS1_IS2_ILi39ELi19ELS3_5ELS4_3ELi0EELj1EEE7config6EEvRKT_PAsrT1_6n_chan_12ap_shift_regINSA_10value_typeEXsrSD_8in_widthEERN3hls6streamIT0_1, i16 %p_ZZN4nnet24compute_output_buffer_2dINS_5arrayI8ap_fixedILi16ELi6EL9ap_q_mode5EL9ap_o_mode3ELi0EELj4EEENS1_IS2_ILi39ELi19ELS3_5ELS4_3ELi0EELj1EEE7config6EEvRKT_PAsrT1_6n_chan_12ap_shift_regINSA_10value_typeEXsrSD_8in_widthEERN3hls6streamIT0_s, i16 %void_conv_2d_buffer_cl_array_ap_fixed_16_6_5_3_0_4u_array_ap_fixed_39_19_5_3_0_1u_config6_stream_array_ap_fixed_16_6_5_3_0_4u_0_stream_array_ap_fixed_39_19_5_3_0_1u_0_weight_t_bias_t_line_buffer_0, i16 %void_conv_2d_buffer_cl_array_ap_fixed_16_6_5_3_0_4u_array_ap_fixed_39_19_5_3_0_1u_config6_stream_array_ap_fixed_16_6_5_3_0_4u_0_stream_array_ap_fixed_39_19_5_3_0_1u_0_weight_t_bias_t_line_buffer, i16 %void_conv_2d_buffer_cl_array_ap_fixed_16_6_5_3_0_4u_array_ap_fixed_39_19_5_3_0_1u_config6_stream_array_ap_fixed_16_6_5_3_0_4u_0_stream_array_ap_fixed_39_19_5_3_0_1u_0_weight_t_bias_t_line_buffer_1_0, i16 %void_conv_2d_buffer_cl_array_ap_fixed_16_6_5_3_0_4u_array_ap_fixed_39_19_5_3_0_1u_config6_stream_array_ap_fixed_16_6_5_3_0_4u_0_stream_array_ap_fixed_39_19_5_3_0_1u_0_weight_t_bias_t_line_buffer_1_1, i16 %void_conv_2d_buffer_cl_array_ap_fixed_16_6_5_3_0_4u_array_ap_fixed_39_19_5_3_0_1u_config6_stream_array_ap_fixed_16_6_5_3_0_4u_0_stream_array_ap_fixed_39_19_5_3_0_1u_0_weight_t_bias_t_line_buffer_2_0, i16 %void_conv_2d_buffer_cl_array_ap_fixed_16_6_5_3_0_4u_array_ap_fixed_39_19_5_3_0_1u_config6_stream_array_ap_fixed_16_6_5_3_0_4u_0_stream_array_ap_fixed_39_19_5_3_0_1u_0_weight_t_bias_t_line_buffer_2_1, i16 %void_conv_2d_buffer_cl_array_ap_fixed_16_6_5_3_0_4u_array_ap_fixed_39_19_5_3_0_1u_config6_stream_array_ap_fixed_16_6_5_3_0_4u_0_stream_array_ap_fixed_39_19_5_3_0_1u_0_weight_t_bias_t_line_buffer_3_0, i16 %void_conv_2d_buffer_cl_array_ap_fixed_16_6_5_3_0_4u_array_ap_fixed_39_19_5_3_0_1u_config6_stream_array_ap_fixed_16_6_5_3_0_4u_0_stream_array_ap_fixed_39_19_5_3_0_1u_0_weight_t_bias_t_line_buffer_3_1, i32 %sX_1, i32 %sY_1, i32 %pY_1, i32 %pX_1, i11 %w6_V" [firmware/nnet_utils/nnet_conv2d_stream.h:93]   --->   Operation 19 'call' 'call_ln93' <Predicate = (!icmp_ln85)> <Delay = 0.00> <CoreType = "Generic">   --->   Core 0 '' <Latency = 0> <II = 1> <Delay = 1.00> <Generic> <Opcode : >
ST_2 : Operation 20 [1/1] (1.58ns)   --->   "%store_ln85 = store i15 %add_ln85, i15 %indvar_flatten" [firmware/nnet_utils/nnet_conv2d_stream.h:85]   --->   Operation 20 'store' 'store_ln85' <Predicate = (!icmp_ln85)> <Delay = 1.58>

State 3 <SV = 2> <Delay = 4.22>
ST_3 : Operation 21 [1/1] (0.00ns)   --->   "%specloopname_ln0 = specloopname void @_ssdm_op_SpecLoopName, void @ReadInputHeight_ReadInputWidth_str"   --->   Operation 21 'specloopname' 'specloopname_ln0' <Predicate = true> <Delay = 0.00>
ST_3 : Operation 22 [1/1] (0.00ns)   --->   "%empty = speclooptripcount i32 @_ssdm_op_SpecLoopTripCount, i64 20172, i64 20172, i64 20172"   --->   Operation 22 'speclooptripcount' 'empty' <Predicate = true> <Delay = 0.00>
ST_3 : Operation 23 [1/1] (0.00ns)   --->   "%specloopname_ln143 = specloopname void @_ssdm_op_SpecLoopName, void @empty_3" [C:/Xilinx/Vitis_HLS/2021.2/common/technology/autopilot/hls_stream_39.h:143]   --->   Operation 23 'specloopname' 'specloopname_ln143' <Predicate = true> <Delay = 0.00>
ST_3 : Operation 24 [1/2] (4.22ns)   --->   "%call_ln93 = call void @compute_output_buffer_2d<array<ap_fixed<16, 6, 5, 3, 0>, 4u>, array<ap_fixed<39, 19, 5, 3, 0>, 1u>, config6>, i16 %trunc_ln144, i16 %trunc_ln144_s, i16 %trunc_ln144_5, i16 %trunc_ln144_6, i64 %layer6_out, i16 %void_compute_output_buffer_2d_array_array_ap_fixed_1u_config6_array_ap_fixed_16_6_5_3_0_4u_const_ap_shift_reg_value_type_in_width_n_chan_stream_array_ap_fixed_39_19_5_3_0_1u_0_weight_t_bias_t_kernel_data_5, i16 %void_compute_output_buffer_2d_array_array_ap_fixed_1u_config6_array_ap_fixed_16_6_5_3_0_4u_const_ap_shift_reg_value_type_in_width_n_chan_stream_array_ap_fixed_39_19_5_3_0_1u_0_weight_t_bias_t_kernel_data_9, i16 %void_compute_output_buffer_2d_array_array_ap_fixed_1u_config6_array_ap_fixed_16_6_5_3_0_4u_const_ap_shift_reg_value_type_in_width_n_chan_stream_array_ap_fixed_39_19_5_3_0_1u_0_weight_t_bias_t_kernel_data_4, i16 %void_compute_output_buffer_2d_array_array_ap_fixed_1u_config6_array_ap_fixed_16_6_5_3_0_4u_const_ap_shift_reg_value_type_in_width_n_chan_stream_array_ap_fixed_39_19_5_3_0_1u_0_weight_t_bias_t_kernel_data_8, i16 %void_compute_output_buffer_2d_array_array_ap_fixed_1u_config6_array_ap_fixed_16_6_5_3_0_4u_const_ap_shift_reg_value_type_in_width_n_chan_stream_array_ap_fixed_39_19_5_3_0_1u_0_weight_t_bias_t_kernel_data_3, i16 %void_compute_output_buffer_2d_array_array_ap_fixed_1u_config6_array_ap_fixed_16_6_5_3_0_4u_const_ap_shift_reg_value_type_in_width_n_chan_stream_array_ap_fixed_39_19_5_3_0_1u_0_weight_t_bias_t_kernel_data_7, i16 %void_compute_output_buffer_2d_array_array_ap_fixed_1u_config6_array_ap_fixed_16_6_5_3_0_4u_const_ap_shift_reg_value_type_in_width_n_chan_stream_array_ap_fixed_39_19_5_3_0_1u_0_weight_t_bias_t_kernel_data_2, i16 %void_compute_output_buffer_2d_array_array_ap_fixed_1u_config6_array_ap_fixed_16_6_5_3_0_4u_const_ap_shift_reg_value_type_in_width_n_chan_stream_array_ap_fixed_39_19_5_3_0_1u_0_weight_t_bias_t_kernel_data_6, i16 %p_ZZN4nnet24compute_output_buffer_2dINS_5arrayI8ap_fixedILi16ELi6EL9ap_q_mode5EL9ap_o_mode3ELi0EELj4EEENS1_IS2_ILi39ELi19ELS3_5ELS4_3ELi0EELj1EEE7config6EEvRKT_PAsrT1_6n_chan_12ap_shift_regINSA_10value_typeEXsrSD_8in_widthEERN3hls6streamIT0_19, i16 %p_ZZN4nnet24compute_output_buffer_2dINS_5arrayI8ap_fixedILi16ELi6EL9ap_q_mode5EL9ap_o_mode3ELi0EELj4EEENS1_IS2_ILi39ELi19ELS3_5ELS4_3ELi0EELj1EEE7config6EEvRKT_PAsrT1_6n_chan_12ap_shift_regINSA_10value_typeEXsrSD_8in_widthEERN3hls6streamIT0_23, i16 %p_ZZN4nnet24compute_output_buffer_2dINS_5arrayI8ap_fixedILi16ELi6EL9ap_q_mode5EL9ap_o_mode3ELi0EELj4EEENS1_IS2_ILi39ELi19ELS3_5ELS4_3ELi0EELj1EEE7config6EEvRKT_PAsrT1_6n_chan_12ap_shift_regINSA_10value_typeEXsrSD_8in_widthEERN3hls6streamIT0_18, i16 %p_ZZN4nnet24compute_output_buffer_2dINS_5arrayI8ap_fixedILi16ELi6EL9ap_q_mode5EL9ap_o_mode3ELi0EELj4EEENS1_IS2_ILi39ELi19ELS3_5ELS4_3ELi0EELj1EEE7config6EEvRKT_PAsrT1_6n_chan_12ap_shift_regINSA_10value_typeEXsrSD_8in_widthEERN3hls6streamIT0_22, i16 %p_ZZN4nnet24compute_output_buffer_2dINS_5arrayI8ap_fixedILi16ELi6EL9ap_q_mode5EL9ap_o_mode3ELi0EELj4EEENS1_IS2_ILi39ELi19ELS3_5ELS4_3ELi0EELj1EEE7config6EEvRKT_PAsrT1_6n_chan_12ap_shift_regINSA_10value_typeEXsrSD_8in_widthEERN3hls6streamIT0_17, i16 %p_ZZN4nnet24compute_output_buffer_2dINS_5arrayI8ap_fixedILi16ELi6EL9ap_q_mode5EL9ap_o_mode3ELi0EELj4EEENS1_IS2_ILi39ELi19ELS3_5ELS4_3ELi0EELj1EEE7config6EEvRKT_PAsrT1_6n_chan_12ap_shift_regINSA_10value_typeEXsrSD_8in_widthEERN3hls6streamIT0_21, i16 %p_ZZN4nnet24compute_output_buffer_2dINS_5arrayI8ap_fixedILi16ELi6EL9ap_q_mode5EL9ap_o_mode3ELi0EELj4EEENS1_IS2_ILi39ELi19ELS3_5ELS4_3ELi0EELj1EEE7config6EEvRKT_PAsrT1_6n_chan_12ap_shift_regINSA_10value_typeEXsrSD_8in_widthEERN3hls6streamIT0_16, i16 %p_ZZN4nnet24compute_output_buffer_2dINS_5arrayI8ap_fixedILi16ELi6EL9ap_q_mode5EL9ap_o_mode3ELi0EELj4EEENS1_IS2_ILi39ELi19ELS3_5ELS4_3ELi0EELj1EEE7config6EEvRKT_PAsrT1_6n_chan_12ap_shift_regINSA_10value_typeEXsrSD_8in_widthEERN3hls6streamIT0_20, i16 %p_ZZN4nnet24compute_output_buffer_2dINS_5arrayI8ap_fixedILi16ELi6EL9ap_q_mode5EL9ap_o_mode3ELi0EELj4EEENS1_IS2_ILi39ELi19ELS3_5ELS4_3ELi0EELj1EEE7config6EEvRKT_PAsrT1_6n_chan_12ap_shift_regINSA_10value_typeEXsrSD_8in_widthEERN3hls6streamIT0_7, i16 %p_ZZN4nnet24compute_output_buffer_2dINS_5arrayI8ap_fixedILi16ELi6EL9ap_q_mode5EL9ap_o_mode3ELi0EELj4EEENS1_IS2_ILi39ELi19ELS3_5ELS4_3ELi0EELj1EEE7config6EEvRKT_PAsrT1_6n_chan_12ap_shift_regINSA_10value_typeEXsrSD_8in_widthEERN3hls6streamIT0_11, i16 %p_ZZN4nnet24compute_output_buffer_2dINS_5arrayI8ap_fixedILi16ELi6EL9ap_q_mode5EL9ap_o_mode3ELi0EELj4EEENS1_IS2_ILi39ELi19ELS3_5ELS4_3ELi0EELj1EEE7config6EEvRKT_PAsrT1_6n_chan_12ap_shift_regINSA_10value_typeEXsrSD_8in_widthEERN3hls6streamIT0_6, i16 %p_ZZN4nnet24compute_output_buffer_2dINS_5arrayI8ap_fixedILi16ELi6EL9ap_q_mode5EL9ap_o_mode3ELi0EELj4EEENS1_IS2_ILi39ELi19ELS3_5ELS4_3ELi0EELj1EEE7config6EEvRKT_PAsrT1_6n_chan_12ap_shift_regINSA_10value_typeEXsrSD_8in_widthEERN3hls6streamIT0_10, i16 %p_ZZN4nnet24compute_output_buffer_2dINS_5arrayI8ap_fixedILi16ELi6EL9ap_q_mode5EL9ap_o_mode3ELi0EELj4EEENS1_IS2_ILi39ELi19ELS3_5ELS4_3ELi0EELj1EEE7config6EEvRKT_PAsrT1_6n_chan_12ap_shift_regINSA_10value_typeEXsrSD_8in_widthEERN3hls6streamIT0_5, i16 %p_ZZN4nnet24compute_output_buffer_2dINS_5arrayI8ap_fixedILi16ELi6EL9ap_q_mode5EL9ap_o_mode3ELi0EELj4EEENS1_IS2_ILi39ELi19ELS3_5ELS4_3ELi0EELj1EEE7config6EEvRKT_PAsrT1_6n_chan_12ap_shift_regINSA_10value_typeEXsrSD_8in_widthEERN3hls6streamIT0_9, i16 %p_ZZN4nnet24compute_output_buffer_2dINS_5arrayI8ap_fixedILi16ELi6EL9ap_q_mode5EL9ap_o_mode3ELi0EELj4EEENS1_IS2_ILi39ELi19ELS3_5ELS4_3ELi0EELj1EEE7config6EEvRKT_PAsrT1_6n_chan_12ap_shift_regINSA_10value_typeEXsrSD_8in_widthEERN3hls6streamIT0_4, i16 %p_ZZN4nnet24compute_output_buffer_2dINS_5arrayI8ap_fixedILi16ELi6EL9ap_q_mode5EL9ap_o_mode3ELi0EELj4EEENS1_IS2_ILi39ELi19ELS3_5ELS4_3ELi0EELj1EEE7config6EEvRKT_PAsrT1_6n_chan_12ap_shift_regINSA_10value_typeEXsrSD_8in_widthEERN3hls6streamIT0_8, i16 %void_compute_output_buffer_2d_array_array_ap_fixed_1u_config6_array_ap_fixed_16_6_5_3_0_4u_const_ap_shift_reg_value_type_in_width_n_chan_stream_array_ap_fixed_39_19_5_3_0_1u_0_weight_t_bias_t_kernel_data_1, i16 %void_compute_output_buffer_2d_array_array_ap_fixed_1u_config6_array_ap_fixed_16_6_5_3_0_4u_const_ap_shift_reg_value_type_in_width_n_chan_stream_array_ap_fixed_39_19_5_3_0_1u_0_weight_t_bias_t_kernel_data, i16 %p_ZZN4nnet24compute_output_buffer_2dINS_5arrayI8ap_fixedILi16ELi6EL9ap_q_mode5EL9ap_o_mode3ELi0EELj4EEENS1_IS2_ILi39ELi19ELS3_5ELS4_3ELi0EELj1EEE7config6EEvRKT_PAsrT1_6n_chan_12ap_shift_regINSA_10value_typeEXsrSD_8in_widthEERN3hls6streamIT0_25, i16 %p_ZZN4nnet24compute_output_buffer_2dINS_5arrayI8ap_fixedILi16ELi6EL9ap_q_mode5EL9ap_o_mode3ELi0EELj4EEENS1_IS2_ILi39ELi19ELS3_5ELS4_3ELi0EELj1EEE7config6EEvRKT_PAsrT1_6n_chan_12ap_shift_regINSA_10value_typeEXsrSD_8in_widthEERN3hls6streamIT0_24, i16 %p_ZZN4nnet24compute_output_buffer_2dINS_5arrayI8ap_fixedILi16ELi6EL9ap_q_mode5EL9ap_o_mode3ELi0EELj4EEENS1_IS2_ILi39ELi19ELS3_5ELS4_3ELi0EELj1EEE7config6EEvRKT_PAsrT1_6n_chan_12ap_shift_regINSA_10value_typeEXsrSD_8in_widthEERN3hls6streamIT0_15, i16 %p_ZZN4nnet24compute_output_buffer_2dINS_5arrayI8ap_fixedILi16ELi6EL9ap_q_mode5EL9ap_o_mode3ELi0EELj4EEENS1_IS2_ILi39ELi19ELS3_5ELS4_3ELi0EELj1EEE7config6EEvRKT_PAsrT1_6n_chan_12ap_shift_regINSA_10value_typeEXsrSD_8in_widthEERN3hls6streamIT0_14, i16 %p_ZZN4nnet24compute_output_buffer_2dINS_5arrayI8ap_fixedILi16ELi6EL9ap_q_mode5EL9ap_o_mode3ELi0EELj4EEENS1_IS2_ILi39ELi19ELS3_5ELS4_3ELi0EELj1EEE7config6EEvRKT_PAsrT1_6n_chan_12ap_shift_regINSA_10value_typeEXsrSD_8in_widthEERN3hls6streamIT0_13, i16 %p_ZZN4nnet24compute_output_buffer_2dINS_5arrayI8ap_fixedILi16ELi6EL9ap_q_mode5EL9ap_o_mode3ELi0EELj4EEENS1_IS2_ILi39ELi19ELS3_5ELS4_3ELi0EELj1EEE7config6EEvRKT_PAsrT1_6n_chan_12ap_shift_regINSA_10value_typeEXsrSD_8in_widthEERN3hls6streamIT0_12, i16 %p_ZZN4nnet24compute_output_buffer_2dINS_5arrayI8ap_fixedILi16ELi6EL9ap_q_mode5EL9ap_o_mode3ELi0EELj4EEENS1_IS2_ILi39ELi19ELS3_5ELS4_3ELi0EELj1EEE7config6EEvRKT_PAsrT1_6n_chan_12ap_shift_regINSA_10value_typeEXsrSD_8in_widthEERN3hls6streamIT0_3, i16 %p_ZZN4nnet24compute_output_buffer_2dINS_5arrayI8ap_fixedILi16ELi6EL9ap_q_mode5EL9ap_o_mode3ELi0EELj4EEENS1_IS2_ILi39ELi19ELS3_5ELS4_3ELi0EELj1EEE7config6EEvRKT_PAsrT1_6n_chan_12ap_shift_regINSA_10value_typeEXsrSD_8in_widthEERN3hls6streamIT0_2, i16 %p_ZZN4nnet24compute_output_buffer_2dINS_5arrayI8ap_fixedILi16ELi6EL9ap_q_mode5EL9ap_o_mode3ELi0EELj4EEENS1_IS2_ILi39ELi19ELS3_5ELS4_3ELi0EELj1EEE7config6EEvRKT_PAsrT1_6n_chan_12ap_shift_regINSA_10value_typeEXsrSD_8in_widthEERN3hls6streamIT0_1, i16 %p_ZZN4nnet24compute_output_buffer_2dINS_5arrayI8ap_fixedILi16ELi6EL9ap_q_mode5EL9ap_o_mode3ELi0EELj4EEENS1_IS2_ILi39ELi19ELS3_5ELS4_3ELi0EELj1EEE7config6EEvRKT_PAsrT1_6n_chan_12ap_shift_regINSA_10value_typeEXsrSD_8in_widthEERN3hls6streamIT0_s, i16 %void_conv_2d_buffer_cl_array_ap_fixed_16_6_5_3_0_4u_array_ap_fixed_39_19_5_3_0_1u_config6_stream_array_ap_fixed_16_6_5_3_0_4u_0_stream_array_ap_fixed_39_19_5_3_0_1u_0_weight_t_bias_t_line_buffer_0, i16 %void_conv_2d_buffer_cl_array_ap_fixed_16_6_5_3_0_4u_array_ap_fixed_39_19_5_3_0_1u_config6_stream_array_ap_fixed_16_6_5_3_0_4u_0_stream_array_ap_fixed_39_19_5_3_0_1u_0_weight_t_bias_t_line_buffer, i16 %void_conv_2d_buffer_cl_array_ap_fixed_16_6_5_3_0_4u_array_ap_fixed_39_19_5_3_0_1u_config6_stream_array_ap_fixed_16_6_5_3_0_4u_0_stream_array_ap_fixed_39_19_5_3_0_1u_0_weight_t_bias_t_line_buffer_1_0, i16 %void_conv_2d_buffer_cl_array_ap_fixed_16_6_5_3_0_4u_array_ap_fixed_39_19_5_3_0_1u_config6_stream_array_ap_fixed_16_6_5_3_0_4u_0_stream_array_ap_fixed_39_19_5_3_0_1u_0_weight_t_bias_t_line_buffer_1_1, i16 %void_conv_2d_buffer_cl_array_ap_fixed_16_6_5_3_0_4u_array_ap_fixed_39_19_5_3_0_1u_config6_stream_array_ap_fixed_16_6_5_3_0_4u_0_stream_array_ap_fixed_39_19_5_3_0_1u_0_weight_t_bias_t_line_buffer_2_0, i16 %void_conv_2d_buffer_cl_array_ap_fixed_16_6_5_3_0_4u_array_ap_fixed_39_19_5_3_0_1u_config6_stream_array_ap_fixed_16_6_5_3_0_4u_0_stream_array_ap_fixed_39_19_5_3_0_1u_0_weight_t_bias_t_line_buffer_2_1, i16 %void_conv_2d_buffer_cl_array_ap_fixed_16_6_5_3_0_4u_array_ap_fixed_39_19_5_3_0_1u_config6_stream_array_ap_fixed_16_6_5_3_0_4u_0_stream_array_ap_fixed_39_19_5_3_0_1u_0_weight_t_bias_t_line_buffer_3_0, i16 %void_conv_2d_buffer_cl_array_ap_fixed_16_6_5_3_0_4u_array_ap_fixed_39_19_5_3_0_1u_config6_stream_array_ap_fixed_16_6_5_3_0_4u_0_stream_array_ap_fixed_39_19_5_3_0_1u_0_weight_t_bias_t_line_buffer_3_1, i32 %sX_1, i32 %sY_1, i32 %pY_1, i32 %pX_1, i11 %w6_V" [firmware/nnet_utils/nnet_conv2d_stream.h:93]   --->   Operation 24 'call' 'call_ln93' <Predicate = true> <Delay = 4.22> <CoreType = "Generic">   --->   Core 0 '' <Latency = 0> <II = 1> <Delay = 1.00> <Generic> <Opcode : >
ST_3 : Operation 25 [1/1] (0.00ns)   --->   "%br_ln0 = br void"   --->   Operation 25 'br' 'br_ln0' <Predicate = true> <Delay = 0.00>

State 4 <SV = 3> <Delay = 0.00>
ST_4 : Operation 26 [1/1] (0.00ns)   --->   "%ret_ln115 = ret" [firmware/nnet_utils/nnet_conv2d_stream.h:115]   --->   Operation 26 'ret' 'ret_ln115' <Predicate = true> <Delay = 0.00>


============================================================
+ Verbose Summary: Binding
============================================================
STG Binding: 
---------------- STG Properties BEGIN ----------------
- Is combinational: 0
- Is one-state seq: 0
- Is datapath-only: 0
- Is pipelined: 0
- Is top level: 0
Port [ Return ] is wired: 1; IO mode=ap_ctrl_hs:ce=0
Port [ layer9_out]:  wired=1; compound=1; hidden=0; nouse=0; global=0; static=0; extern=0; dir=0; type=3; pingpong=0; private_global=0; IO mode=ap_fifo:ce=0
Port [ layer6_out]:  wired=1; compound=1; hidden=0; nouse=0; global=0; static=0; extern=0; dir=1; type=0; pingpong=0; private_global=0; IO mode=axis:ce=0
Port [ void_compute_output_buffer_2d_array_array_ap_fixed_1u_config6_array_ap_fixed_16_6_5_3_0_4u_const_ap_shift_reg_value_type_in_width_n_chan_stream_array_ap_fixed_39_19_5_3_0_1u_0_weight_t_bias_t_kernel_data_5]:  wired=0; compound=0; hidden=1; nouse=1; global=1; static=1; extern=0; dir=2; type=0; pingpong=0; private_global=0; IO mode=ap_ovld:ce=0
Port [ void_compute_output_buffer_2d_array_array_ap_fixed_1u_config6_array_ap_fixed_16_6_5_3_0_4u_const_ap_shift_reg_value_type_in_width_n_chan_stream_array_ap_fixed_39_19_5_3_0_1u_0_weight_t_bias_t_kernel_data_9]:  wired=0; compound=0; hidden=1; nouse=1; global=1; static=1; extern=0; dir=2; type=0; pingpong=0; private_global=0; IO mode=ap_ovld:ce=0
Port [ void_compute_output_buffer_2d_array_array_ap_fixed_1u_config6_array_ap_fixed_16_6_5_3_0_4u_const_ap_shift_reg_value_type_in_width_n_chan_stream_array_ap_fixed_39_19_5_3_0_1u_0_weight_t_bias_t_kernel_data_4]:  wired=0; compound=0; hidden=1; nouse=1; global=1; static=1; extern=0; dir=2; type=0; pingpong=0; private_global=0; IO mode=ap_ovld:ce=0
Port [ void_compute_output_buffer_2d_array_array_ap_fixed_1u_config6_array_ap_fixed_16_6_5_3_0_4u_const_ap_shift_reg_value_type_in_width_n_chan_stream_array_ap_fixed_39_19_5_3_0_1u_0_weight_t_bias_t_kernel_data_8]:  wired=0; compound=0; hidden=1; nouse=1; global=1; static=1; extern=0; dir=2; type=0; pingpong=0; private_global=0; IO mode=ap_ovld:ce=0
Port [ void_compute_output_buffer_2d_array_array_ap_fixed_1u_config6_array_ap_fixed_16_6_5_3_0_4u_const_ap_shift_reg_value_type_in_width_n_chan_stream_array_ap_fixed_39_19_5_3_0_1u_0_weight_t_bias_t_kernel_data_3]:  wired=0; compound=0; hidden=1; nouse=1; global=1; static=1; extern=0; dir=2; type=0; pingpong=0; private_global=0; IO mode=ap_ovld:ce=0
Port [ void_compute_output_buffer_2d_array_array_ap_fixed_1u_config6_array_ap_fixed_16_6_5_3_0_4u_const_ap_shift_reg_value_type_in_width_n_chan_stream_array_ap_fixed_39_19_5_3_0_1u_0_weight_t_bias_t_kernel_data_7]:  wired=0; compound=0; hidden=1; nouse=1; global=1; static=1; extern=0; dir=2; type=0; pingpong=0; private_global=0; IO mode=ap_ovld:ce=0
Port [ void_compute_output_buffer_2d_array_array_ap_fixed_1u_config6_array_ap_fixed_16_6_5_3_0_4u_const_ap_shift_reg_value_type_in_width_n_chan_stream_array_ap_fixed_39_19_5_3_0_1u_0_weight_t_bias_t_kernel_data_2]:  wired=0; compound=0; hidden=1; nouse=1; global=1; static=1; extern=0; dir=2; type=0; pingpong=0; private_global=0; IO mode=ap_ovld:ce=0
Port [ void_compute_output_buffer_2d_array_array_ap_fixed_1u_config6_array_ap_fixed_16_6_5_3_0_4u_const_ap_shift_reg_value_type_in_width_n_chan_stream_array_ap_fixed_39_19_5_3_0_1u_0_weight_t_bias_t_kernel_data_6]:  wired=0; compound=0; hidden=1; nouse=1; global=1; static=1; extern=0; dir=2; type=0; pingpong=0; private_global=0; IO mode=ap_ovld:ce=0
Port [ p_ZZN4nnet24compute_output_buffer_2dINS_5arrayI8ap_fixedILi16ELi6EL9ap_q_mode5EL9ap_o_mode3ELi0EELj4EEENS1_IS2_ILi39ELi19ELS3_5ELS4_3ELi0EELj1EEE7config6EEvRKT_PAsrT1_6n_chan_12ap_shift_regINSA_10value_typeEXsrSD_8in_widthEERN3hls6streamIT0_19]:  wired=0; compound=0; hidden=1; nouse=1; global=1; static=1; extern=0; dir=2; type=0; pingpong=0; private_global=0; IO mode=ap_ovld:ce=0
Port [ p_ZZN4nnet24compute_output_buffer_2dINS_5arrayI8ap_fixedILi16ELi6EL9ap_q_mode5EL9ap_o_mode3ELi0EELj4EEENS1_IS2_ILi39ELi19ELS3_5ELS4_3ELi0EELj1EEE7config6EEvRKT_PAsrT1_6n_chan_12ap_shift_regINSA_10value_typeEXsrSD_8in_widthEERN3hls6streamIT0_23]:  wired=0; compound=0; hidden=1; nouse=1; global=1; static=1; extern=0; dir=2; type=0; pingpong=0; private_global=0; IO mode=ap_ovld:ce=0
Port [ p_ZZN4nnet24compute_output_buffer_2dINS_5arrayI8ap_fixedILi16ELi6EL9ap_q_mode5EL9ap_o_mode3ELi0EELj4EEENS1_IS2_ILi39ELi19ELS3_5ELS4_3ELi0EELj1EEE7config6EEvRKT_PAsrT1_6n_chan_12ap_shift_regINSA_10value_typeEXsrSD_8in_widthEERN3hls6streamIT0_18]:  wired=0; compound=0; hidden=1; nouse=1; global=1; static=1; extern=0; dir=2; type=0; pingpong=0; private_global=0; IO mode=ap_ovld:ce=0
Port [ p_ZZN4nnet24compute_output_buffer_2dINS_5arrayI8ap_fixedILi16ELi6EL9ap_q_mode5EL9ap_o_mode3ELi0EELj4EEENS1_IS2_ILi39ELi19ELS3_5ELS4_3ELi0EELj1EEE7config6EEvRKT_PAsrT1_6n_chan_12ap_shift_regINSA_10value_typeEXsrSD_8in_widthEERN3hls6streamIT0_22]:  wired=0; compound=0; hidden=1; nouse=1; global=1; static=1; extern=0; dir=2; type=0; pingpong=0; private_global=0; IO mode=ap_ovld:ce=0
Port [ p_ZZN4nnet24compute_output_buffer_2dINS_5arrayI8ap_fixedILi16ELi6EL9ap_q_mode5EL9ap_o_mode3ELi0EELj4EEENS1_IS2_ILi39ELi19ELS3_5ELS4_3ELi0EELj1EEE7config6EEvRKT_PAsrT1_6n_chan_12ap_shift_regINSA_10value_typeEXsrSD_8in_widthEERN3hls6streamIT0_17]:  wired=0; compound=0; hidden=1; nouse=1; global=1; static=1; extern=0; dir=2; type=0; pingpong=0; private_global=0; IO mode=ap_ovld:ce=0
Port [ p_ZZN4nnet24compute_output_buffer_2dINS_5arrayI8ap_fixedILi16ELi6EL9ap_q_mode5EL9ap_o_mode3ELi0EELj4EEENS1_IS2_ILi39ELi19ELS3_5ELS4_3ELi0EELj1EEE7config6EEvRKT_PAsrT1_6n_chan_12ap_shift_regINSA_10value_typeEXsrSD_8in_widthEERN3hls6streamIT0_21]:  wired=0; compound=0; hidden=1; nouse=1; global=1; static=1; extern=0; dir=2; type=0; pingpong=0; private_global=0; IO mode=ap_ovld:ce=0
Port [ p_ZZN4nnet24compute_output_buffer_2dINS_5arrayI8ap_fixedILi16ELi6EL9ap_q_mode5EL9ap_o_mode3ELi0EELj4EEENS1_IS2_ILi39ELi19ELS3_5ELS4_3ELi0EELj1EEE7config6EEvRKT_PAsrT1_6n_chan_12ap_shift_regINSA_10value_typeEXsrSD_8in_widthEERN3hls6streamIT0_16]:  wired=0; compound=0; hidden=1; nouse=1; global=1; static=1; extern=0; dir=2; type=0; pingpong=0; private_global=0; IO mode=ap_ovld:ce=0
Port [ p_ZZN4nnet24compute_output_buffer_2dINS_5arrayI8ap_fixedILi16ELi6EL9ap_q_mode5EL9ap_o_mode3ELi0EELj4EEENS1_IS2_ILi39ELi19ELS3_5ELS4_3ELi0EELj1EEE7config6EEvRKT_PAsrT1_6n_chan_12ap_shift_regINSA_10value_typeEXsrSD_8in_widthEERN3hls6streamIT0_20]:  wired=0; compound=0; hidden=1; nouse=1; global=1; static=1; extern=0; dir=2; type=0; pingpong=0; private_global=0; IO mode=ap_ovld:ce=0
Port [ p_ZZN4nnet24compute_output_buffer_2dINS_5arrayI8ap_fixedILi16ELi6EL9ap_q_mode5EL9ap_o_mode3ELi0EELj4EEENS1_IS2_ILi39ELi19ELS3_5ELS4_3ELi0EELj1EEE7config6EEvRKT_PAsrT1_6n_chan_12ap_shift_regINSA_10value_typeEXsrSD_8in_widthEERN3hls6streamIT0_7]:  wired=0; compound=0; hidden=1; nouse=1; global=1; static=1; extern=0; dir=2; type=0; pingpong=0; private_global=0; IO mode=ap_ovld:ce=0
Port [ p_ZZN4nnet24compute_output_buffer_2dINS_5arrayI8ap_fixedILi16ELi6EL9ap_q_mode5EL9ap_o_mode3ELi0EELj4EEENS1_IS2_ILi39ELi19ELS3_5ELS4_3ELi0EELj1EEE7config6EEvRKT_PAsrT1_6n_chan_12ap_shift_regINSA_10value_typeEXsrSD_8in_widthEERN3hls6streamIT0_11]:  wired=0; compound=0; hidden=1; nouse=1; global=1; static=1; extern=0; dir=2; type=0; pingpong=0; private_global=0; IO mode=ap_ovld:ce=0
Port [ p_ZZN4nnet24compute_output_buffer_2dINS_5arrayI8ap_fixedILi16ELi6EL9ap_q_mode5EL9ap_o_mode3ELi0EELj4EEENS1_IS2_ILi39ELi19ELS3_5ELS4_3ELi0EELj1EEE7config6EEvRKT_PAsrT1_6n_chan_12ap_shift_regINSA_10value_typeEXsrSD_8in_widthEERN3hls6streamIT0_6]:  wired=0; compound=0; hidden=1; nouse=1; global=1; static=1; extern=0; dir=2; type=0; pingpong=0; private_global=0; IO mode=ap_ovld:ce=0
Port [ p_ZZN4nnet24compute_output_buffer_2dINS_5arrayI8ap_fixedILi16ELi6EL9ap_q_mode5EL9ap_o_mode3ELi0EELj4EEENS1_IS2_ILi39ELi19ELS3_5ELS4_3ELi0EELj1EEE7config6EEvRKT_PAsrT1_6n_chan_12ap_shift_regINSA_10value_typeEXsrSD_8in_widthEERN3hls6streamIT0_10]:  wired=0; compound=0; hidden=1; nouse=1; global=1; static=1; extern=0; dir=2; type=0; pingpong=0; private_global=0; IO mode=ap_ovld:ce=0
Port [ p_ZZN4nnet24compute_output_buffer_2dINS_5arrayI8ap_fixedILi16ELi6EL9ap_q_mode5EL9ap_o_mode3ELi0EELj4EEENS1_IS2_ILi39ELi19ELS3_5ELS4_3ELi0EELj1EEE7config6EEvRKT_PAsrT1_6n_chan_12ap_shift_regINSA_10value_typeEXsrSD_8in_widthEERN3hls6streamIT0_5]:  wired=0; compound=0; hidden=1; nouse=1; global=1; static=1; extern=0; dir=2; type=0; pingpong=0; private_global=0; IO mode=ap_ovld:ce=0
Port [ p_ZZN4nnet24compute_output_buffer_2dINS_5arrayI8ap_fixedILi16ELi6EL9ap_q_mode5EL9ap_o_mode3ELi0EELj4EEENS1_IS2_ILi39ELi19ELS3_5ELS4_3ELi0EELj1EEE7config6EEvRKT_PAsrT1_6n_chan_12ap_shift_regINSA_10value_typeEXsrSD_8in_widthEERN3hls6streamIT0_9]:  wired=0; compound=0; hidden=1; nouse=1; global=1; static=1; extern=0; dir=2; type=0; pingpong=0; private_global=0; IO mode=ap_ovld:ce=0
Port [ p_ZZN4nnet24compute_output_buffer_2dINS_5arrayI8ap_fixedILi16ELi6EL9ap_q_mode5EL9ap_o_mode3ELi0EELj4EEENS1_IS2_ILi39ELi19ELS3_5ELS4_3ELi0EELj1EEE7config6EEvRKT_PAsrT1_6n_chan_12ap_shift_regINSA_10value_typeEXsrSD_8in_widthEERN3hls6streamIT0_4]:  wired=0; compound=0; hidden=1; nouse=1; global=1; static=1; extern=0; dir=2; type=0; pingpong=0; private_global=0; IO mode=ap_ovld:ce=0
Port [ p_ZZN4nnet24compute_output_buffer_2dINS_5arrayI8ap_fixedILi16ELi6EL9ap_q_mode5EL9ap_o_mode3ELi0EELj4EEENS1_IS2_ILi39ELi19ELS3_5ELS4_3ELi0EELj1EEE7config6EEvRKT_PAsrT1_6n_chan_12ap_shift_regINSA_10value_typeEXsrSD_8in_widthEERN3hls6streamIT0_8]:  wired=0; compound=0; hidden=1; nouse=1; global=1; static=1; extern=0; dir=2; type=0; pingpong=0; private_global=0; IO mode=ap_ovld:ce=0
Port [ void_compute_output_buffer_2d_array_array_ap_fixed_1u_config6_array_ap_fixed_16_6_5_3_0_4u_const_ap_shift_reg_value_type_in_width_n_chan_stream_array_ap_fixed_39_19_5_3_0_1u_0_weight_t_bias_t_kernel_data_1]:  wired=0; compound=0; hidden=1; nouse=1; global=1; static=1; extern=0; dir=2; type=0; pingpong=0; private_global=0; IO mode=ap_ovld:ce=0
Port [ void_compute_output_buffer_2d_array_array_ap_fixed_1u_config6_array_ap_fixed_16_6_5_3_0_4u_const_ap_shift_reg_value_type_in_width_n_chan_stream_array_ap_fixed_39_19_5_3_0_1u_0_weight_t_bias_t_kernel_data]:  wired=0; compound=0; hidden=1; nouse=1; global=1; static=1; extern=0; dir=2; type=0; pingpong=0; private_global=0; IO mode=ap_ovld:ce=0
Port [ p_ZZN4nnet24compute_output_buffer_2dINS_5arrayI8ap_fixedILi16ELi6EL9ap_q_mode5EL9ap_o_mode3ELi0EELj4EEENS1_IS2_ILi39ELi19ELS3_5ELS4_3ELi0EELj1EEE7config6EEvRKT_PAsrT1_6n_chan_12ap_shift_regINSA_10value_typeEXsrSD_8in_widthEERN3hls6streamIT0_25]:  wired=0; compound=0; hidden=1; nouse=1; global=1; static=1; extern=0; dir=2; type=0; pingpong=0; private_global=0; IO mode=ap_ovld:ce=0
Port [ p_ZZN4nnet24compute_output_buffer_2dINS_5arrayI8ap_fixedILi16ELi6EL9ap_q_mode5EL9ap_o_mode3ELi0EELj4EEENS1_IS2_ILi39ELi19ELS3_5ELS4_3ELi0EELj1EEE7config6EEvRKT_PAsrT1_6n_chan_12ap_shift_regINSA_10value_typeEXsrSD_8in_widthEERN3hls6streamIT0_24]:  wired=0; compound=0; hidden=1; nouse=1; global=1; static=1; extern=0; dir=2; type=0; pingpong=0; private_global=0; IO mode=ap_ovld:ce=0
Port [ p_ZZN4nnet24compute_output_buffer_2dINS_5arrayI8ap_fixedILi16ELi6EL9ap_q_mode5EL9ap_o_mode3ELi0EELj4EEENS1_IS2_ILi39ELi19ELS3_5ELS4_3ELi0EELj1EEE7config6EEvRKT_PAsrT1_6n_chan_12ap_shift_regINSA_10value_typeEXsrSD_8in_widthEERN3hls6streamIT0_15]:  wired=0; compound=0; hidden=1; nouse=1; global=1; static=1; extern=0; dir=2; type=0; pingpong=0; private_global=0; IO mode=ap_ovld:ce=0
Port [ p_ZZN4nnet24compute_output_buffer_2dINS_5arrayI8ap_fixedILi16ELi6EL9ap_q_mode5EL9ap_o_mode3ELi0EELj4EEENS1_IS2_ILi39ELi19ELS3_5ELS4_3ELi0EELj1EEE7config6EEvRKT_PAsrT1_6n_chan_12ap_shift_regINSA_10value_typeEXsrSD_8in_widthEERN3hls6streamIT0_14]:  wired=0; compound=0; hidden=1; nouse=1; global=1; static=1; extern=0; dir=2; type=0; pingpong=0; private_global=0; IO mode=ap_ovld:ce=0
Port [ p_ZZN4nnet24compute_output_buffer_2dINS_5arrayI8ap_fixedILi16ELi6EL9ap_q_mode5EL9ap_o_mode3ELi0EELj4EEENS1_IS2_ILi39ELi19ELS3_5ELS4_3ELi0EELj1EEE7config6EEvRKT_PAsrT1_6n_chan_12ap_shift_regINSA_10value_typeEXsrSD_8in_widthEERN3hls6streamIT0_13]:  wired=0; compound=0; hidden=1; nouse=1; global=1; static=1; extern=0; dir=2; type=0; pingpong=0; private_global=0; IO mode=ap_ovld:ce=0
Port [ p_ZZN4nnet24compute_output_buffer_2dINS_5arrayI8ap_fixedILi16ELi6EL9ap_q_mode5EL9ap_o_mode3ELi0EELj4EEENS1_IS2_ILi39ELi19ELS3_5ELS4_3ELi0EELj1EEE7config6EEvRKT_PAsrT1_6n_chan_12ap_shift_regINSA_10value_typeEXsrSD_8in_widthEERN3hls6streamIT0_12]:  wired=0; compound=0; hidden=1; nouse=1; global=1; static=1; extern=0; dir=2; type=0; pingpong=0; private_global=0; IO mode=ap_ovld:ce=0
Port [ p_ZZN4nnet24compute_output_buffer_2dINS_5arrayI8ap_fixedILi16ELi6EL9ap_q_mode5EL9ap_o_mode3ELi0EELj4EEENS1_IS2_ILi39ELi19ELS3_5ELS4_3ELi0EELj1EEE7config6EEvRKT_PAsrT1_6n_chan_12ap_shift_regINSA_10value_typeEXsrSD_8in_widthEERN3hls6streamIT0_3]:  wired=0; compound=0; hidden=1; nouse=1; global=1; static=1; extern=0; dir=2; type=0; pingpong=0; private_global=0; IO mode=ap_ovld:ce=0
Port [ p_ZZN4nnet24compute_output_buffer_2dINS_5arrayI8ap_fixedILi16ELi6EL9ap_q_mode5EL9ap_o_mode3ELi0EELj4EEENS1_IS2_ILi39ELi19ELS3_5ELS4_3ELi0EELj1EEE7config6EEvRKT_PAsrT1_6n_chan_12ap_shift_regINSA_10value_typeEXsrSD_8in_widthEERN3hls6streamIT0_2]:  wired=0; compound=0; hidden=1; nouse=1; global=1; static=1; extern=0; dir=2; type=0; pingpong=0; private_global=0; IO mode=ap_ovld:ce=0
Port [ p_ZZN4nnet24compute_output_buffer_2dINS_5arrayI8ap_fixedILi16ELi6EL9ap_q_mode5EL9ap_o_mode3ELi0EELj4EEENS1_IS2_ILi39ELi19ELS3_5ELS4_3ELi0EELj1EEE7config6EEvRKT_PAsrT1_6n_chan_12ap_shift_regINSA_10value_typeEXsrSD_8in_widthEERN3hls6streamIT0_1]:  wired=0; compound=0; hidden=1; nouse=1; global=1; static=1; extern=0; dir=2; type=0; pingpong=0; private_global=0; IO mode=ap_ovld:ce=0
Port [ p_ZZN4nnet24compute_output_buffer_2dINS_5arrayI8ap_fixedILi16ELi6EL9ap_q_mode5EL9ap_o_mode3ELi0EELj4EEENS1_IS2_ILi39ELi19ELS3_5ELS4_3ELi0EELj1EEE7config6EEvRKT_PAsrT1_6n_chan_12ap_shift_regINSA_10value_typeEXsrSD_8in_widthEERN3hls6streamIT0_s]:  wired=0; compound=0; hidden=1; nouse=1; global=1; static=1; extern=0; dir=2; type=0; pingpong=0; private_global=0; IO mode=ap_ovld:ce=0
Port [ void_conv_2d_buffer_cl_array_ap_fixed_16_6_5_3_0_4u_array_ap_fixed_39_19_5_3_0_1u_config6_stream_array_ap_fixed_16_6_5_3_0_4u_0_stream_array_ap_fixed_39_19_5_3_0_1u_0_weight_t_bias_t_line_buffer_0]:  wired=0; compound=1; hidden=1; nouse=1; global=1; static=1; extern=0; dir=3; type=1; pingpong=0; private_global=0; MemPort=[2]; IO mode=ap_memory:ce=0
Port [ void_conv_2d_buffer_cl_array_ap_fixed_16_6_5_3_0_4u_array_ap_fixed_39_19_5_3_0_1u_config6_stream_array_ap_fixed_16_6_5_3_0_4u_0_stream_array_ap_fixed_39_19_5_3_0_1u_0_weight_t_bias_t_line_buffer]:  wired=0; compound=1; hidden=1; nouse=1; global=1; static=1; extern=0; dir=3; type=1; pingpong=0; private_global=0; MemPort=[2]; IO mode=ap_memory:ce=0
Port [ void_conv_2d_buffer_cl_array_ap_fixed_16_6_5_3_0_4u_array_ap_fixed_39_19_5_3_0_1u_config6_stream_array_ap_fixed_16_6_5_3_0_4u_0_stream_array_ap_fixed_39_19_5_3_0_1u_0_weight_t_bias_t_line_buffer_1_0]:  wired=0; compound=1; hidden=1; nouse=1; global=1; static=1; extern=0; dir=3; type=1; pingpong=0; private_global=0; MemPort=[2]; IO mode=ap_memory:ce=0
Port [ void_conv_2d_buffer_cl_array_ap_fixed_16_6_5_3_0_4u_array_ap_fixed_39_19_5_3_0_1u_config6_stream_array_ap_fixed_16_6_5_3_0_4u_0_stream_array_ap_fixed_39_19_5_3_0_1u_0_weight_t_bias_t_line_buffer_1_1]:  wired=0; compound=1; hidden=1; nouse=1; global=1; static=1; extern=0; dir=3; type=1; pingpong=0; private_global=0; MemPort=[2]; IO mode=ap_memory:ce=0
Port [ void_conv_2d_buffer_cl_array_ap_fixed_16_6_5_3_0_4u_array_ap_fixed_39_19_5_3_0_1u_config6_stream_array_ap_fixed_16_6_5_3_0_4u_0_stream_array_ap_fixed_39_19_5_3_0_1u_0_weight_t_bias_t_line_buffer_2_0]:  wired=0; compound=1; hidden=1; nouse=1; global=1; static=1; extern=0; dir=3; type=1; pingpong=0; private_global=0; MemPort=[2]; IO mode=ap_memory:ce=0
Port [ void_conv_2d_buffer_cl_array_ap_fixed_16_6_5_3_0_4u_array_ap_fixed_39_19_5_3_0_1u_config6_stream_array_ap_fixed_16_6_5_3_0_4u_0_stream_array_ap_fixed_39_19_5_3_0_1u_0_weight_t_bias_t_line_buffer_2_1]:  wired=0; compound=1; hidden=1; nouse=1; global=1; static=1; extern=0; dir=3; type=1; pingpong=0; private_global=0; MemPort=[2]; IO mode=ap_memory:ce=0
Port [ void_conv_2d_buffer_cl_array_ap_fixed_16_6_5_3_0_4u_array_ap_fixed_39_19_5_3_0_1u_config6_stream_array_ap_fixed_16_6_5_3_0_4u_0_stream_array_ap_fixed_39_19_5_3_0_1u_0_weight_t_bias_t_line_buffer_3_0]:  wired=0; compound=1; hidden=1; nouse=1; global=1; static=1; extern=0; dir=3; type=1; pingpong=0; private_global=0; MemPort=[2]; IO mode=ap_memory:ce=0
Port [ void_conv_2d_buffer_cl_array_ap_fixed_16_6_5_3_0_4u_array_ap_fixed_39_19_5_3_0_1u_config6_stream_array_ap_fixed_16_6_5_3_0_4u_0_stream_array_ap_fixed_39_19_5_3_0_1u_0_weight_t_bias_t_line_buffer_3_1]:  wired=0; compound=1; hidden=1; nouse=1; global=1; static=1; extern=0; dir=3; type=1; pingpong=0; private_global=0; MemPort=[2]; IO mode=ap_memory:ce=0
Port [ sX_1]:  wired=0; compound=0; hidden=1; nouse=1; global=1; static=1; extern=0; dir=2; type=0; pingpong=0; private_global=0; IO mode=ap_ovld:ce=0
Port [ sY_1]:  wired=0; compound=0; hidden=1; nouse=1; global=1; static=1; extern=0; dir=2; type=0; pingpong=0; private_global=0; IO mode=ap_ovld:ce=0
Port [ pY_1]:  wired=0; compound=0; hidden=1; nouse=1; global=1; static=1; extern=0; dir=2; type=0; pingpong=0; private_global=0; IO mode=ap_ovld:ce=0
Port [ pX_1]:  wired=0; compound=0; hidden=1; nouse=1; global=1; static=1; extern=0; dir=2; type=0; pingpong=0; private_global=0; IO mode=ap_ovld:ce=0
Port [ w6_V]:  wired=0; compound=1; hidden=1; nouse=1; global=1; static=1; extern=0; dir=0; type=1; pingpong=0; private_global=0; MemPort=[1]; IO mode=ap_memory:ce=0
---------------- STG Properties END ------------------

---------------- Datapath Model BEGIN ----------------

<LifeTime>
<method=bitvector/>
indvar_flatten      (alloca           ) [ 01110]
specinterface_ln0   (specinterface    ) [ 00000]
specinterface_ln0   (specinterface    ) [ 00000]
store_ln85          (store            ) [ 00000]
br_ln85             (br               ) [ 00000]
indvar_flatten_load (load             ) [ 00000]
icmp_ln85           (icmp             ) [ 00110]
add_ln85            (add              ) [ 00000]
br_ln85             (br               ) [ 00000]
layer9_out_read     (read             ) [ 00000]
trunc_ln144         (trunc            ) [ 00010]
trunc_ln144_s       (partselect       ) [ 00010]
trunc_ln144_5       (partselect       ) [ 00010]
trunc_ln144_6       (partselect       ) [ 00010]
store_ln85          (store            ) [ 00000]
specloopname_ln0    (specloopname     ) [ 00000]
empty               (speclooptripcount) [ 00000]
specloopname_ln143  (specloopname     ) [ 00000]
call_ln93           (call             ) [ 00000]
br_ln0              (br               ) [ 00000]
ret_ln115           (ret              ) [ 00000]
</LifeTime>

<model>

<comp_list>
<comp id="0" class="1000" name="layer9_out">
<pin_list>
<pin id="1" dir="1" index="0" bw="1" slack="0"/>
</pin_list>
<bind>
<StgValue><ssdm name="layer9_out"/></StgValue>
</bind>
</comp>

<comp id="2" class="1000" name="layer6_out">
<pin_list>
<pin id="3" dir="1" index="0" bw="1" slack="0"/>
</pin_list>
<bind>
<StgValue><ssdm name="layer6_out"/></StgValue>
</bind>
</comp>

<comp id="4" class="1000" name="void_compute_output_buffer_2d_array_array_ap_fixed_1u_config6_array_ap_fixed_16_6_5_3_0_4u_const_ap_shift_reg_value_type_in_width_n_chan_stream_array_ap_fixed_39_19_5_3_0_1u_0_weight_t_bias_t_kernel_data_5">
<pin_list>
<pin id="5" dir="1" index="0" bw="1" slack="0"/>
</pin_list>
<bind>
<StgValue><ssdm name="void_compute_output_buffer_2d_array_array_ap_fixed_1u_config6_array_ap_fixed_16_6_5_3_0_4u_const_ap_shift_reg_value_type_in_width_n_chan_stream_array_ap_fixed_39_19_5_3_0_1u_0_weight_t_bias_t_kernel_data_5"/></StgValue>
</bind>
</comp>

<comp id="6" class="1000" name="void_compute_output_buffer_2d_array_array_ap_fixed_1u_config6_array_ap_fixed_16_6_5_3_0_4u_const_ap_shift_reg_value_type_in_width_n_chan_stream_array_ap_fixed_39_19_5_3_0_1u_0_weight_t_bias_t_kernel_data_9">
<pin_list>
<pin id="7" dir="1" index="0" bw="1" slack="0"/>
</pin_list>
<bind>
<StgValue><ssdm name="void_compute_output_buffer_2d_array_array_ap_fixed_1u_config6_array_ap_fixed_16_6_5_3_0_4u_const_ap_shift_reg_value_type_in_width_n_chan_stream_array_ap_fixed_39_19_5_3_0_1u_0_weight_t_bias_t_kernel_data_9"/></StgValue>
</bind>
</comp>

<comp id="8" class="1000" name="void_compute_output_buffer_2d_array_array_ap_fixed_1u_config6_array_ap_fixed_16_6_5_3_0_4u_const_ap_shift_reg_value_type_in_width_n_chan_stream_array_ap_fixed_39_19_5_3_0_1u_0_weight_t_bias_t_kernel_data_4">
<pin_list>
<pin id="9" dir="1" index="0" bw="1" slack="0"/>
</pin_list>
<bind>
<StgValue><ssdm name="void_compute_output_buffer_2d_array_array_ap_fixed_1u_config6_array_ap_fixed_16_6_5_3_0_4u_const_ap_shift_reg_value_type_in_width_n_chan_stream_array_ap_fixed_39_19_5_3_0_1u_0_weight_t_bias_t_kernel_data_4"/></StgValue>
</bind>
</comp>

<comp id="10" class="1000" name="void_compute_output_buffer_2d_array_array_ap_fixed_1u_config6_array_ap_fixed_16_6_5_3_0_4u_const_ap_shift_reg_value_type_in_width_n_chan_stream_array_ap_fixed_39_19_5_3_0_1u_0_weight_t_bias_t_kernel_data_8">
<pin_list>
<pin id="11" dir="1" index="0" bw="1" slack="0"/>
</pin_list>
<bind>
<StgValue><ssdm name="void_compute_output_buffer_2d_array_array_ap_fixed_1u_config6_array_ap_fixed_16_6_5_3_0_4u_const_ap_shift_reg_value_type_in_width_n_chan_stream_array_ap_fixed_39_19_5_3_0_1u_0_weight_t_bias_t_kernel_data_8"/></StgValue>
</bind>
</comp>

<comp id="12" class="1000" name="void_compute_output_buffer_2d_array_array_ap_fixed_1u_config6_array_ap_fixed_16_6_5_3_0_4u_const_ap_shift_reg_value_type_in_width_n_chan_stream_array_ap_fixed_39_19_5_3_0_1u_0_weight_t_bias_t_kernel_data_3">
<pin_list>
<pin id="13" dir="1" index="0" bw="1" slack="0"/>
</pin_list>
<bind>
<StgValue><ssdm name="void_compute_output_buffer_2d_array_array_ap_fixed_1u_config6_array_ap_fixed_16_6_5_3_0_4u_const_ap_shift_reg_value_type_in_width_n_chan_stream_array_ap_fixed_39_19_5_3_0_1u_0_weight_t_bias_t_kernel_data_3"/></StgValue>
</bind>
</comp>

<comp id="14" class="1000" name="void_compute_output_buffer_2d_array_array_ap_fixed_1u_config6_array_ap_fixed_16_6_5_3_0_4u_const_ap_shift_reg_value_type_in_width_n_chan_stream_array_ap_fixed_39_19_5_3_0_1u_0_weight_t_bias_t_kernel_data_7">
<pin_list>
<pin id="15" dir="1" index="0" bw="1" slack="0"/>
</pin_list>
<bind>
<StgValue><ssdm name="void_compute_output_buffer_2d_array_array_ap_fixed_1u_config6_array_ap_fixed_16_6_5_3_0_4u_const_ap_shift_reg_value_type_in_width_n_chan_stream_array_ap_fixed_39_19_5_3_0_1u_0_weight_t_bias_t_kernel_data_7"/></StgValue>
</bind>
</comp>

<comp id="16" class="1000" name="void_compute_output_buffer_2d_array_array_ap_fixed_1u_config6_array_ap_fixed_16_6_5_3_0_4u_const_ap_shift_reg_value_type_in_width_n_chan_stream_array_ap_fixed_39_19_5_3_0_1u_0_weight_t_bias_t_kernel_data_2">
<pin_list>
<pin id="17" dir="1" index="0" bw="1" slack="0"/>
</pin_list>
<bind>
<StgValue><ssdm name="void_compute_output_buffer_2d_array_array_ap_fixed_1u_config6_array_ap_fixed_16_6_5_3_0_4u_const_ap_shift_reg_value_type_in_width_n_chan_stream_array_ap_fixed_39_19_5_3_0_1u_0_weight_t_bias_t_kernel_data_2"/></StgValue>
</bind>
</comp>

<comp id="18" class="1000" name="void_compute_output_buffer_2d_array_array_ap_fixed_1u_config6_array_ap_fixed_16_6_5_3_0_4u_const_ap_shift_reg_value_type_in_width_n_chan_stream_array_ap_fixed_39_19_5_3_0_1u_0_weight_t_bias_t_kernel_data_6">
<pin_list>
<pin id="19" dir="1" index="0" bw="1" slack="0"/>
</pin_list>
<bind>
<StgValue><ssdm name="void_compute_output_buffer_2d_array_array_ap_fixed_1u_config6_array_ap_fixed_16_6_5_3_0_4u_const_ap_shift_reg_value_type_in_width_n_chan_stream_array_ap_fixed_39_19_5_3_0_1u_0_weight_t_bias_t_kernel_data_6"/></StgValue>
</bind>
</comp>

<comp id="20" class="1000" name="p_ZZN4nnet24compute_output_buffer_2dINS_5arrayI8ap_fixedILi16ELi6EL9ap_q_mode5EL9ap_o_mode3ELi0EELj4EEENS1_IS2_ILi39ELi19ELS3_5ELS4_3ELi0EELj1EEE7config6EEvRKT_PAsrT1_6n_chan_12ap_shift_regINSA_10value_typeEXsrSD_8in_widthEERN3hls6streamIT0_19">
<pin_list>
<pin id="21" dir="1" index="0" bw="1" slack="0"/>
</pin_list>
<bind>
<StgValue><ssdm name="p_ZZN4nnet24compute_output_buffer_2dINS_5arrayI8ap_fixedILi16ELi6EL9ap_q_mode5EL9ap_o_mode3ELi0EELj4EEENS1_IS2_ILi39ELi19ELS3_5ELS4_3ELi0EELj1EEE7config6EEvRKT_PAsrT1_6n_chan_12ap_shift_regINSA_10value_typeEXsrSD_8in_widthEERN3hls6streamIT0_19"/></StgValue>
</bind>
</comp>

<comp id="22" class="1000" name="p_ZZN4nnet24compute_output_buffer_2dINS_5arrayI8ap_fixedILi16ELi6EL9ap_q_mode5EL9ap_o_mode3ELi0EELj4EEENS1_IS2_ILi39ELi19ELS3_5ELS4_3ELi0EELj1EEE7config6EEvRKT_PAsrT1_6n_chan_12ap_shift_regINSA_10value_typeEXsrSD_8in_widthEERN3hls6streamIT0_23">
<pin_list>
<pin id="23" dir="1" index="0" bw="1" slack="0"/>
</pin_list>
<bind>
<StgValue><ssdm name="p_ZZN4nnet24compute_output_buffer_2dINS_5arrayI8ap_fixedILi16ELi6EL9ap_q_mode5EL9ap_o_mode3ELi0EELj4EEENS1_IS2_ILi39ELi19ELS3_5ELS4_3ELi0EELj1EEE7config6EEvRKT_PAsrT1_6n_chan_12ap_shift_regINSA_10value_typeEXsrSD_8in_widthEERN3hls6streamIT0_23"/></StgValue>
</bind>
</comp>

<comp id="24" class="1000" name="p_ZZN4nnet24compute_output_buffer_2dINS_5arrayI8ap_fixedILi16ELi6EL9ap_q_mode5EL9ap_o_mode3ELi0EELj4EEENS1_IS2_ILi39ELi19ELS3_5ELS4_3ELi0EELj1EEE7config6EEvRKT_PAsrT1_6n_chan_12ap_shift_regINSA_10value_typeEXsrSD_8in_widthEERN3hls6streamIT0_18">
<pin_list>
<pin id="25" dir="1" index="0" bw="1" slack="0"/>
</pin_list>
<bind>
<StgValue><ssdm name="p_ZZN4nnet24compute_output_buffer_2dINS_5arrayI8ap_fixedILi16ELi6EL9ap_q_mode5EL9ap_o_mode3ELi0EELj4EEENS1_IS2_ILi39ELi19ELS3_5ELS4_3ELi0EELj1EEE7config6EEvRKT_PAsrT1_6n_chan_12ap_shift_regINSA_10value_typeEXsrSD_8in_widthEERN3hls6streamIT0_18"/></StgValue>
</bind>
</comp>

<comp id="26" class="1000" name="p_ZZN4nnet24compute_output_buffer_2dINS_5arrayI8ap_fixedILi16ELi6EL9ap_q_mode5EL9ap_o_mode3ELi0EELj4EEENS1_IS2_ILi39ELi19ELS3_5ELS4_3ELi0EELj1EEE7config6EEvRKT_PAsrT1_6n_chan_12ap_shift_regINSA_10value_typeEXsrSD_8in_widthEERN3hls6streamIT0_22">
<pin_list>
<pin id="27" dir="1" index="0" bw="1" slack="0"/>
</pin_list>
<bind>
<StgValue><ssdm name="p_ZZN4nnet24compute_output_buffer_2dINS_5arrayI8ap_fixedILi16ELi6EL9ap_q_mode5EL9ap_o_mode3ELi0EELj4EEENS1_IS2_ILi39ELi19ELS3_5ELS4_3ELi0EELj1EEE7config6EEvRKT_PAsrT1_6n_chan_12ap_shift_regINSA_10value_typeEXsrSD_8in_widthEERN3hls6streamIT0_22"/></StgValue>
</bind>
</comp>

<comp id="28" class="1000" name="p_ZZN4nnet24compute_output_buffer_2dINS_5arrayI8ap_fixedILi16ELi6EL9ap_q_mode5EL9ap_o_mode3ELi0EELj4EEENS1_IS2_ILi39ELi19ELS3_5ELS4_3ELi0EELj1EEE7config6EEvRKT_PAsrT1_6n_chan_12ap_shift_regINSA_10value_typeEXsrSD_8in_widthEERN3hls6streamIT0_17">
<pin_list>
<pin id="29" dir="1" index="0" bw="1" slack="0"/>
</pin_list>
<bind>
<StgValue><ssdm name="p_ZZN4nnet24compute_output_buffer_2dINS_5arrayI8ap_fixedILi16ELi6EL9ap_q_mode5EL9ap_o_mode3ELi0EELj4EEENS1_IS2_ILi39ELi19ELS3_5ELS4_3ELi0EELj1EEE7config6EEvRKT_PAsrT1_6n_chan_12ap_shift_regINSA_10value_typeEXsrSD_8in_widthEERN3hls6streamIT0_17"/></StgValue>
</bind>
</comp>

<comp id="30" class="1000" name="p_ZZN4nnet24compute_output_buffer_2dINS_5arrayI8ap_fixedILi16ELi6EL9ap_q_mode5EL9ap_o_mode3ELi0EELj4EEENS1_IS2_ILi39ELi19ELS3_5ELS4_3ELi0EELj1EEE7config6EEvRKT_PAsrT1_6n_chan_12ap_shift_regINSA_10value_typeEXsrSD_8in_widthEERN3hls6streamIT0_21">
<pin_list>
<pin id="31" dir="1" index="0" bw="1" slack="0"/>
</pin_list>
<bind>
<StgValue><ssdm name="p_ZZN4nnet24compute_output_buffer_2dINS_5arrayI8ap_fixedILi16ELi6EL9ap_q_mode5EL9ap_o_mode3ELi0EELj4EEENS1_IS2_ILi39ELi19ELS3_5ELS4_3ELi0EELj1EEE7config6EEvRKT_PAsrT1_6n_chan_12ap_shift_regINSA_10value_typeEXsrSD_8in_widthEERN3hls6streamIT0_21"/></StgValue>
</bind>
</comp>

<comp id="32" class="1000" name="p_ZZN4nnet24compute_output_buffer_2dINS_5arrayI8ap_fixedILi16ELi6EL9ap_q_mode5EL9ap_o_mode3ELi0EELj4EEENS1_IS2_ILi39ELi19ELS3_5ELS4_3ELi0EELj1EEE7config6EEvRKT_PAsrT1_6n_chan_12ap_shift_regINSA_10value_typeEXsrSD_8in_widthEERN3hls6streamIT0_16">
<pin_list>
<pin id="33" dir="1" index="0" bw="1" slack="0"/>
</pin_list>
<bind>
<StgValue><ssdm name="p_ZZN4nnet24compute_output_buffer_2dINS_5arrayI8ap_fixedILi16ELi6EL9ap_q_mode5EL9ap_o_mode3ELi0EELj4EEENS1_IS2_ILi39ELi19ELS3_5ELS4_3ELi0EELj1EEE7config6EEvRKT_PAsrT1_6n_chan_12ap_shift_regINSA_10value_typeEXsrSD_8in_widthEERN3hls6streamIT0_16"/></StgValue>
</bind>
</comp>

<comp id="34" class="1000" name="p_ZZN4nnet24compute_output_buffer_2dINS_5arrayI8ap_fixedILi16ELi6EL9ap_q_mode5EL9ap_o_mode3ELi0EELj4EEENS1_IS2_ILi39ELi19ELS3_5ELS4_3ELi0EELj1EEE7config6EEvRKT_PAsrT1_6n_chan_12ap_shift_regINSA_10value_typeEXsrSD_8in_widthEERN3hls6streamIT0_20">
<pin_list>
<pin id="35" dir="1" index="0" bw="1" slack="0"/>
</pin_list>
<bind>
<StgValue><ssdm name="p_ZZN4nnet24compute_output_buffer_2dINS_5arrayI8ap_fixedILi16ELi6EL9ap_q_mode5EL9ap_o_mode3ELi0EELj4EEENS1_IS2_ILi39ELi19ELS3_5ELS4_3ELi0EELj1EEE7config6EEvRKT_PAsrT1_6n_chan_12ap_shift_regINSA_10value_typeEXsrSD_8in_widthEERN3hls6streamIT0_20"/></StgValue>
</bind>
</comp>

<comp id="36" class="1000" name="p_ZZN4nnet24compute_output_buffer_2dINS_5arrayI8ap_fixedILi16ELi6EL9ap_q_mode5EL9ap_o_mode3ELi0EELj4EEENS1_IS2_ILi39ELi19ELS3_5ELS4_3ELi0EELj1EEE7config6EEvRKT_PAsrT1_6n_chan_12ap_shift_regINSA_10value_typeEXsrSD_8in_widthEERN3hls6streamIT0_7">
<pin_list>
<pin id="37" dir="1" index="0" bw="1" slack="0"/>
</pin_list>
<bind>
<StgValue><ssdm name="p_ZZN4nnet24compute_output_buffer_2dINS_5arrayI8ap_fixedILi16ELi6EL9ap_q_mode5EL9ap_o_mode3ELi0EELj4EEENS1_IS2_ILi39ELi19ELS3_5ELS4_3ELi0EELj1EEE7config6EEvRKT_PAsrT1_6n_chan_12ap_shift_regINSA_10value_typeEXsrSD_8in_widthEERN3hls6streamIT0_7"/></StgValue>
</bind>
</comp>

<comp id="38" class="1000" name="p_ZZN4nnet24compute_output_buffer_2dINS_5arrayI8ap_fixedILi16ELi6EL9ap_q_mode5EL9ap_o_mode3ELi0EELj4EEENS1_IS2_ILi39ELi19ELS3_5ELS4_3ELi0EELj1EEE7config6EEvRKT_PAsrT1_6n_chan_12ap_shift_regINSA_10value_typeEXsrSD_8in_widthEERN3hls6streamIT0_11">
<pin_list>
<pin id="39" dir="1" index="0" bw="1" slack="0"/>
</pin_list>
<bind>
<StgValue><ssdm name="p_ZZN4nnet24compute_output_buffer_2dINS_5arrayI8ap_fixedILi16ELi6EL9ap_q_mode5EL9ap_o_mode3ELi0EELj4EEENS1_IS2_ILi39ELi19ELS3_5ELS4_3ELi0EELj1EEE7config6EEvRKT_PAsrT1_6n_chan_12ap_shift_regINSA_10value_typeEXsrSD_8in_widthEERN3hls6streamIT0_11"/></StgValue>
</bind>
</comp>

<comp id="40" class="1000" name="p_ZZN4nnet24compute_output_buffer_2dINS_5arrayI8ap_fixedILi16ELi6EL9ap_q_mode5EL9ap_o_mode3ELi0EELj4EEENS1_IS2_ILi39ELi19ELS3_5ELS4_3ELi0EELj1EEE7config6EEvRKT_PAsrT1_6n_chan_12ap_shift_regINSA_10value_typeEXsrSD_8in_widthEERN3hls6streamIT0_6">
<pin_list>
<pin id="41" dir="1" index="0" bw="1" slack="0"/>
</pin_list>
<bind>
<StgValue><ssdm name="p_ZZN4nnet24compute_output_buffer_2dINS_5arrayI8ap_fixedILi16ELi6EL9ap_q_mode5EL9ap_o_mode3ELi0EELj4EEENS1_IS2_ILi39ELi19ELS3_5ELS4_3ELi0EELj1EEE7config6EEvRKT_PAsrT1_6n_chan_12ap_shift_regINSA_10value_typeEXsrSD_8in_widthEERN3hls6streamIT0_6"/></StgValue>
</bind>
</comp>

<comp id="42" class="1000" name="p_ZZN4nnet24compute_output_buffer_2dINS_5arrayI8ap_fixedILi16ELi6EL9ap_q_mode5EL9ap_o_mode3ELi0EELj4EEENS1_IS2_ILi39ELi19ELS3_5ELS4_3ELi0EELj1EEE7config6EEvRKT_PAsrT1_6n_chan_12ap_shift_regINSA_10value_typeEXsrSD_8in_widthEERN3hls6streamIT0_10">
<pin_list>
<pin id="43" dir="1" index="0" bw="1" slack="0"/>
</pin_list>
<bind>
<StgValue><ssdm name="p_ZZN4nnet24compute_output_buffer_2dINS_5arrayI8ap_fixedILi16ELi6EL9ap_q_mode5EL9ap_o_mode3ELi0EELj4EEENS1_IS2_ILi39ELi19ELS3_5ELS4_3ELi0EELj1EEE7config6EEvRKT_PAsrT1_6n_chan_12ap_shift_regINSA_10value_typeEXsrSD_8in_widthEERN3hls6streamIT0_10"/></StgValue>
</bind>
</comp>

<comp id="44" class="1000" name="p_ZZN4nnet24compute_output_buffer_2dINS_5arrayI8ap_fixedILi16ELi6EL9ap_q_mode5EL9ap_o_mode3ELi0EELj4EEENS1_IS2_ILi39ELi19ELS3_5ELS4_3ELi0EELj1EEE7config6EEvRKT_PAsrT1_6n_chan_12ap_shift_regINSA_10value_typeEXsrSD_8in_widthEERN3hls6streamIT0_5">
<pin_list>
<pin id="45" dir="1" index="0" bw="1" slack="0"/>
</pin_list>
<bind>
<StgValue><ssdm name="p_ZZN4nnet24compute_output_buffer_2dINS_5arrayI8ap_fixedILi16ELi6EL9ap_q_mode5EL9ap_o_mode3ELi0EELj4EEENS1_IS2_ILi39ELi19ELS3_5ELS4_3ELi0EELj1EEE7config6EEvRKT_PAsrT1_6n_chan_12ap_shift_regINSA_10value_typeEXsrSD_8in_widthEERN3hls6streamIT0_5"/></StgValue>
</bind>
</comp>

<comp id="46" class="1000" name="p_ZZN4nnet24compute_output_buffer_2dINS_5arrayI8ap_fixedILi16ELi6EL9ap_q_mode5EL9ap_o_mode3ELi0EELj4EEENS1_IS2_ILi39ELi19ELS3_5ELS4_3ELi0EELj1EEE7config6EEvRKT_PAsrT1_6n_chan_12ap_shift_regINSA_10value_typeEXsrSD_8in_widthEERN3hls6streamIT0_9">
<pin_list>
<pin id="47" dir="1" index="0" bw="1" slack="0"/>
</pin_list>
<bind>
<StgValue><ssdm name="p_ZZN4nnet24compute_output_buffer_2dINS_5arrayI8ap_fixedILi16ELi6EL9ap_q_mode5EL9ap_o_mode3ELi0EELj4EEENS1_IS2_ILi39ELi19ELS3_5ELS4_3ELi0EELj1EEE7config6EEvRKT_PAsrT1_6n_chan_12ap_shift_regINSA_10value_typeEXsrSD_8in_widthEERN3hls6streamIT0_9"/></StgValue>
</bind>
</comp>

<comp id="48" class="1000" name="p_ZZN4nnet24compute_output_buffer_2dINS_5arrayI8ap_fixedILi16ELi6EL9ap_q_mode5EL9ap_o_mode3ELi0EELj4EEENS1_IS2_ILi39ELi19ELS3_5ELS4_3ELi0EELj1EEE7config6EEvRKT_PAsrT1_6n_chan_12ap_shift_regINSA_10value_typeEXsrSD_8in_widthEERN3hls6streamIT0_4">
<pin_list>
<pin id="49" dir="1" index="0" bw="1" slack="0"/>
</pin_list>
<bind>
<StgValue><ssdm name="p_ZZN4nnet24compute_output_buffer_2dINS_5arrayI8ap_fixedILi16ELi6EL9ap_q_mode5EL9ap_o_mode3ELi0EELj4EEENS1_IS2_ILi39ELi19ELS3_5ELS4_3ELi0EELj1EEE7config6EEvRKT_PAsrT1_6n_chan_12ap_shift_regINSA_10value_typeEXsrSD_8in_widthEERN3hls6streamIT0_4"/></StgValue>
</bind>
</comp>

<comp id="50" class="1000" name="p_ZZN4nnet24compute_output_buffer_2dINS_5arrayI8ap_fixedILi16ELi6EL9ap_q_mode5EL9ap_o_mode3ELi0EELj4EEENS1_IS2_ILi39ELi19ELS3_5ELS4_3ELi0EELj1EEE7config6EEvRKT_PAsrT1_6n_chan_12ap_shift_regINSA_10value_typeEXsrSD_8in_widthEERN3hls6streamIT0_8">
<pin_list>
<pin id="51" dir="1" index="0" bw="1" slack="0"/>
</pin_list>
<bind>
<StgValue><ssdm name="p_ZZN4nnet24compute_output_buffer_2dINS_5arrayI8ap_fixedILi16ELi6EL9ap_q_mode5EL9ap_o_mode3ELi0EELj4EEENS1_IS2_ILi39ELi19ELS3_5ELS4_3ELi0EELj1EEE7config6EEvRKT_PAsrT1_6n_chan_12ap_shift_regINSA_10value_typeEXsrSD_8in_widthEERN3hls6streamIT0_8"/></StgValue>
</bind>
</comp>

<comp id="52" class="1000" name="void_compute_output_buffer_2d_array_array_ap_fixed_1u_config6_array_ap_fixed_16_6_5_3_0_4u_const_ap_shift_reg_value_type_in_width_n_chan_stream_array_ap_fixed_39_19_5_3_0_1u_0_weight_t_bias_t_kernel_data_1">
<pin_list>
<pin id="53" dir="1" index="0" bw="1" slack="0"/>
</pin_list>
<bind>
<StgValue><ssdm name="void_compute_output_buffer_2d_array_array_ap_fixed_1u_config6_array_ap_fixed_16_6_5_3_0_4u_const_ap_shift_reg_value_type_in_width_n_chan_stream_array_ap_fixed_39_19_5_3_0_1u_0_weight_t_bias_t_kernel_data_1"/></StgValue>
</bind>
</comp>

<comp id="54" class="1000" name="void_compute_output_buffer_2d_array_array_ap_fixed_1u_config6_array_ap_fixed_16_6_5_3_0_4u_const_ap_shift_reg_value_type_in_width_n_chan_stream_array_ap_fixed_39_19_5_3_0_1u_0_weight_t_bias_t_kernel_data">
<pin_list>
<pin id="55" dir="1" index="0" bw="1" slack="0"/>
</pin_list>
<bind>
<StgValue><ssdm name="void_compute_output_buffer_2d_array_array_ap_fixed_1u_config6_array_ap_fixed_16_6_5_3_0_4u_const_ap_shift_reg_value_type_in_width_n_chan_stream_array_ap_fixed_39_19_5_3_0_1u_0_weight_t_bias_t_kernel_data"/></StgValue>
</bind>
</comp>

<comp id="56" class="1000" name="p_ZZN4nnet24compute_output_buffer_2dINS_5arrayI8ap_fixedILi16ELi6EL9ap_q_mode5EL9ap_o_mode3ELi0EELj4EEENS1_IS2_ILi39ELi19ELS3_5ELS4_3ELi0EELj1EEE7config6EEvRKT_PAsrT1_6n_chan_12ap_shift_regINSA_10value_typeEXsrSD_8in_widthEERN3hls6streamIT0_25">
<pin_list>
<pin id="57" dir="1" index="0" bw="1" slack="0"/>
</pin_list>
<bind>
<StgValue><ssdm name="p_ZZN4nnet24compute_output_buffer_2dINS_5arrayI8ap_fixedILi16ELi6EL9ap_q_mode5EL9ap_o_mode3ELi0EELj4EEENS1_IS2_ILi39ELi19ELS3_5ELS4_3ELi0EELj1EEE7config6EEvRKT_PAsrT1_6n_chan_12ap_shift_regINSA_10value_typeEXsrSD_8in_widthEERN3hls6streamIT0_25"/></StgValue>
</bind>
</comp>

<comp id="58" class="1000" name="p_ZZN4nnet24compute_output_buffer_2dINS_5arrayI8ap_fixedILi16ELi6EL9ap_q_mode5EL9ap_o_mode3ELi0EELj4EEENS1_IS2_ILi39ELi19ELS3_5ELS4_3ELi0EELj1EEE7config6EEvRKT_PAsrT1_6n_chan_12ap_shift_regINSA_10value_typeEXsrSD_8in_widthEERN3hls6streamIT0_24">
<pin_list>
<pin id="59" dir="1" index="0" bw="1" slack="0"/>
</pin_list>
<bind>
<StgValue><ssdm name="p_ZZN4nnet24compute_output_buffer_2dINS_5arrayI8ap_fixedILi16ELi6EL9ap_q_mode5EL9ap_o_mode3ELi0EELj4EEENS1_IS2_ILi39ELi19ELS3_5ELS4_3ELi0EELj1EEE7config6EEvRKT_PAsrT1_6n_chan_12ap_shift_regINSA_10value_typeEXsrSD_8in_widthEERN3hls6streamIT0_24"/></StgValue>
</bind>
</comp>

<comp id="60" class="1000" name="p_ZZN4nnet24compute_output_buffer_2dINS_5arrayI8ap_fixedILi16ELi6EL9ap_q_mode5EL9ap_o_mode3ELi0EELj4EEENS1_IS2_ILi39ELi19ELS3_5ELS4_3ELi0EELj1EEE7config6EEvRKT_PAsrT1_6n_chan_12ap_shift_regINSA_10value_typeEXsrSD_8in_widthEERN3hls6streamIT0_15">
<pin_list>
<pin id="61" dir="1" index="0" bw="1" slack="0"/>
</pin_list>
<bind>
<StgValue><ssdm name="p_ZZN4nnet24compute_output_buffer_2dINS_5arrayI8ap_fixedILi16ELi6EL9ap_q_mode5EL9ap_o_mode3ELi0EELj4EEENS1_IS2_ILi39ELi19ELS3_5ELS4_3ELi0EELj1EEE7config6EEvRKT_PAsrT1_6n_chan_12ap_shift_regINSA_10value_typeEXsrSD_8in_widthEERN3hls6streamIT0_15"/></StgValue>
</bind>
</comp>

<comp id="62" class="1000" name="p_ZZN4nnet24compute_output_buffer_2dINS_5arrayI8ap_fixedILi16ELi6EL9ap_q_mode5EL9ap_o_mode3ELi0EELj4EEENS1_IS2_ILi39ELi19ELS3_5ELS4_3ELi0EELj1EEE7config6EEvRKT_PAsrT1_6n_chan_12ap_shift_regINSA_10value_typeEXsrSD_8in_widthEERN3hls6streamIT0_14">
<pin_list>
<pin id="63" dir="1" index="0" bw="1" slack="0"/>
</pin_list>
<bind>
<StgValue><ssdm name="p_ZZN4nnet24compute_output_buffer_2dINS_5arrayI8ap_fixedILi16ELi6EL9ap_q_mode5EL9ap_o_mode3ELi0EELj4EEENS1_IS2_ILi39ELi19ELS3_5ELS4_3ELi0EELj1EEE7config6EEvRKT_PAsrT1_6n_chan_12ap_shift_regINSA_10value_typeEXsrSD_8in_widthEERN3hls6streamIT0_14"/></StgValue>
</bind>
</comp>

<comp id="64" class="1000" name="p_ZZN4nnet24compute_output_buffer_2dINS_5arrayI8ap_fixedILi16ELi6EL9ap_q_mode5EL9ap_o_mode3ELi0EELj4EEENS1_IS2_ILi39ELi19ELS3_5ELS4_3ELi0EELj1EEE7config6EEvRKT_PAsrT1_6n_chan_12ap_shift_regINSA_10value_typeEXsrSD_8in_widthEERN3hls6streamIT0_13">
<pin_list>
<pin id="65" dir="1" index="0" bw="1" slack="0"/>
</pin_list>
<bind>
<StgValue><ssdm name="p_ZZN4nnet24compute_output_buffer_2dINS_5arrayI8ap_fixedILi16ELi6EL9ap_q_mode5EL9ap_o_mode3ELi0EELj4EEENS1_IS2_ILi39ELi19ELS3_5ELS4_3ELi0EELj1EEE7config6EEvRKT_PAsrT1_6n_chan_12ap_shift_regINSA_10value_typeEXsrSD_8in_widthEERN3hls6streamIT0_13"/></StgValue>
</bind>
</comp>

<comp id="66" class="1000" name="p_ZZN4nnet24compute_output_buffer_2dINS_5arrayI8ap_fixedILi16ELi6EL9ap_q_mode5EL9ap_o_mode3ELi0EELj4EEENS1_IS2_ILi39ELi19ELS3_5ELS4_3ELi0EELj1EEE7config6EEvRKT_PAsrT1_6n_chan_12ap_shift_regINSA_10value_typeEXsrSD_8in_widthEERN3hls6streamIT0_12">
<pin_list>
<pin id="67" dir="1" index="0" bw="1" slack="0"/>
</pin_list>
<bind>
<StgValue><ssdm name="p_ZZN4nnet24compute_output_buffer_2dINS_5arrayI8ap_fixedILi16ELi6EL9ap_q_mode5EL9ap_o_mode3ELi0EELj4EEENS1_IS2_ILi39ELi19ELS3_5ELS4_3ELi0EELj1EEE7config6EEvRKT_PAsrT1_6n_chan_12ap_shift_regINSA_10value_typeEXsrSD_8in_widthEERN3hls6streamIT0_12"/></StgValue>
</bind>
</comp>

<comp id="68" class="1000" name="p_ZZN4nnet24compute_output_buffer_2dINS_5arrayI8ap_fixedILi16ELi6EL9ap_q_mode5EL9ap_o_mode3ELi0EELj4EEENS1_IS2_ILi39ELi19ELS3_5ELS4_3ELi0EELj1EEE7config6EEvRKT_PAsrT1_6n_chan_12ap_shift_regINSA_10value_typeEXsrSD_8in_widthEERN3hls6streamIT0_3">
<pin_list>
<pin id="69" dir="1" index="0" bw="1" slack="0"/>
</pin_list>
<bind>
<StgValue><ssdm name="p_ZZN4nnet24compute_output_buffer_2dINS_5arrayI8ap_fixedILi16ELi6EL9ap_q_mode5EL9ap_o_mode3ELi0EELj4EEENS1_IS2_ILi39ELi19ELS3_5ELS4_3ELi0EELj1EEE7config6EEvRKT_PAsrT1_6n_chan_12ap_shift_regINSA_10value_typeEXsrSD_8in_widthEERN3hls6streamIT0_3"/></StgValue>
</bind>
</comp>

<comp id="70" class="1000" name="p_ZZN4nnet24compute_output_buffer_2dINS_5arrayI8ap_fixedILi16ELi6EL9ap_q_mode5EL9ap_o_mode3ELi0EELj4EEENS1_IS2_ILi39ELi19ELS3_5ELS4_3ELi0EELj1EEE7config6EEvRKT_PAsrT1_6n_chan_12ap_shift_regINSA_10value_typeEXsrSD_8in_widthEERN3hls6streamIT0_2">
<pin_list>
<pin id="71" dir="1" index="0" bw="1" slack="0"/>
</pin_list>
<bind>
<StgValue><ssdm name="p_ZZN4nnet24compute_output_buffer_2dINS_5arrayI8ap_fixedILi16ELi6EL9ap_q_mode5EL9ap_o_mode3ELi0EELj4EEENS1_IS2_ILi39ELi19ELS3_5ELS4_3ELi0EELj1EEE7config6EEvRKT_PAsrT1_6n_chan_12ap_shift_regINSA_10value_typeEXsrSD_8in_widthEERN3hls6streamIT0_2"/></StgValue>
</bind>
</comp>

<comp id="72" class="1000" name="p_ZZN4nnet24compute_output_buffer_2dINS_5arrayI8ap_fixedILi16ELi6EL9ap_q_mode5EL9ap_o_mode3ELi0EELj4EEENS1_IS2_ILi39ELi19ELS3_5ELS4_3ELi0EELj1EEE7config6EEvRKT_PAsrT1_6n_chan_12ap_shift_regINSA_10value_typeEXsrSD_8in_widthEERN3hls6streamIT0_1">
<pin_list>
<pin id="73" dir="1" index="0" bw="1" slack="0"/>
</pin_list>
<bind>
<StgValue><ssdm name="p_ZZN4nnet24compute_output_buffer_2dINS_5arrayI8ap_fixedILi16ELi6EL9ap_q_mode5EL9ap_o_mode3ELi0EELj4EEENS1_IS2_ILi39ELi19ELS3_5ELS4_3ELi0EELj1EEE7config6EEvRKT_PAsrT1_6n_chan_12ap_shift_regINSA_10value_typeEXsrSD_8in_widthEERN3hls6streamIT0_1"/></StgValue>
</bind>
</comp>

<comp id="74" class="1000" name="p_ZZN4nnet24compute_output_buffer_2dINS_5arrayI8ap_fixedILi16ELi6EL9ap_q_mode5EL9ap_o_mode3ELi0EELj4EEENS1_IS2_ILi39ELi19ELS3_5ELS4_3ELi0EELj1EEE7config6EEvRKT_PAsrT1_6n_chan_12ap_shift_regINSA_10value_typeEXsrSD_8in_widthEERN3hls6streamIT0_s">
<pin_list>
<pin id="75" dir="1" index="0" bw="1" slack="0"/>
</pin_list>
<bind>
<StgValue><ssdm name="p_ZZN4nnet24compute_output_buffer_2dINS_5arrayI8ap_fixedILi16ELi6EL9ap_q_mode5EL9ap_o_mode3ELi0EELj4EEENS1_IS2_ILi39ELi19ELS3_5ELS4_3ELi0EELj1EEE7config6EEvRKT_PAsrT1_6n_chan_12ap_shift_regINSA_10value_typeEXsrSD_8in_widthEERN3hls6streamIT0_s"/></StgValue>
</bind>
</comp>

<comp id="76" class="1000" name="void_conv_2d_buffer_cl_array_ap_fixed_16_6_5_3_0_4u_array_ap_fixed_39_19_5_3_0_1u_config6_stream_array_ap_fixed_16_6_5_3_0_4u_0_stream_array_ap_fixed_39_19_5_3_0_1u_0_weight_t_bias_t_line_buffer_0">
<pin_list>
<pin id="77" dir="1" index="0" bw="1" slack="0"/>
</pin_list>
<bind>
<StgValue><ssdm name="void_conv_2d_buffer_cl_array_ap_fixed_16_6_5_3_0_4u_array_ap_fixed_39_19_5_3_0_1u_config6_stream_array_ap_fixed_16_6_5_3_0_4u_0_stream_array_ap_fixed_39_19_5_3_0_1u_0_weight_t_bias_t_line_buffer_0"/><MemPortTyVec>2 </MemPortTyVec>
</StgValue>
</bind>
</comp>

<comp id="78" class="1000" name="void_conv_2d_buffer_cl_array_ap_fixed_16_6_5_3_0_4u_array_ap_fixed_39_19_5_3_0_1u_config6_stream_array_ap_fixed_16_6_5_3_0_4u_0_stream_array_ap_fixed_39_19_5_3_0_1u_0_weight_t_bias_t_line_buffer">
<pin_list>
<pin id="79" dir="1" index="0" bw="1" slack="0"/>
</pin_list>
<bind>
<StgValue><ssdm name="void_conv_2d_buffer_cl_array_ap_fixed_16_6_5_3_0_4u_array_ap_fixed_39_19_5_3_0_1u_config6_stream_array_ap_fixed_16_6_5_3_0_4u_0_stream_array_ap_fixed_39_19_5_3_0_1u_0_weight_t_bias_t_line_buffer"/><MemPortTyVec>2 </MemPortTyVec>
</StgValue>
</bind>
</comp>

<comp id="80" class="1000" name="void_conv_2d_buffer_cl_array_ap_fixed_16_6_5_3_0_4u_array_ap_fixed_39_19_5_3_0_1u_config6_stream_array_ap_fixed_16_6_5_3_0_4u_0_stream_array_ap_fixed_39_19_5_3_0_1u_0_weight_t_bias_t_line_buffer_1_0">
<pin_list>
<pin id="81" dir="1" index="0" bw="1" slack="0"/>
</pin_list>
<bind>
<StgValue><ssdm name="void_conv_2d_buffer_cl_array_ap_fixed_16_6_5_3_0_4u_array_ap_fixed_39_19_5_3_0_1u_config6_stream_array_ap_fixed_16_6_5_3_0_4u_0_stream_array_ap_fixed_39_19_5_3_0_1u_0_weight_t_bias_t_line_buffer_1_0"/><MemPortTyVec>2 </MemPortTyVec>
</StgValue>
</bind>
</comp>

<comp id="82" class="1000" name="void_conv_2d_buffer_cl_array_ap_fixed_16_6_5_3_0_4u_array_ap_fixed_39_19_5_3_0_1u_config6_stream_array_ap_fixed_16_6_5_3_0_4u_0_stream_array_ap_fixed_39_19_5_3_0_1u_0_weight_t_bias_t_line_buffer_1_1">
<pin_list>
<pin id="83" dir="1" index="0" bw="1" slack="0"/>
</pin_list>
<bind>
<StgValue><ssdm name="void_conv_2d_buffer_cl_array_ap_fixed_16_6_5_3_0_4u_array_ap_fixed_39_19_5_3_0_1u_config6_stream_array_ap_fixed_16_6_5_3_0_4u_0_stream_array_ap_fixed_39_19_5_3_0_1u_0_weight_t_bias_t_line_buffer_1_1"/><MemPortTyVec>2 </MemPortTyVec>
</StgValue>
</bind>
</comp>

<comp id="84" class="1000" name="void_conv_2d_buffer_cl_array_ap_fixed_16_6_5_3_0_4u_array_ap_fixed_39_19_5_3_0_1u_config6_stream_array_ap_fixed_16_6_5_3_0_4u_0_stream_array_ap_fixed_39_19_5_3_0_1u_0_weight_t_bias_t_line_buffer_2_0">
<pin_list>
<pin id="85" dir="1" index="0" bw="1" slack="0"/>
</pin_list>
<bind>
<StgValue><ssdm name="void_conv_2d_buffer_cl_array_ap_fixed_16_6_5_3_0_4u_array_ap_fixed_39_19_5_3_0_1u_config6_stream_array_ap_fixed_16_6_5_3_0_4u_0_stream_array_ap_fixed_39_19_5_3_0_1u_0_weight_t_bias_t_line_buffer_2_0"/><MemPortTyVec>2 </MemPortTyVec>
</StgValue>
</bind>
</comp>

<comp id="86" class="1000" name="void_conv_2d_buffer_cl_array_ap_fixed_16_6_5_3_0_4u_array_ap_fixed_39_19_5_3_0_1u_config6_stream_array_ap_fixed_16_6_5_3_0_4u_0_stream_array_ap_fixed_39_19_5_3_0_1u_0_weight_t_bias_t_line_buffer_2_1">
<pin_list>
<pin id="87" dir="1" index="0" bw="1" slack="0"/>
</pin_list>
<bind>
<StgValue><ssdm name="void_conv_2d_buffer_cl_array_ap_fixed_16_6_5_3_0_4u_array_ap_fixed_39_19_5_3_0_1u_config6_stream_array_ap_fixed_16_6_5_3_0_4u_0_stream_array_ap_fixed_39_19_5_3_0_1u_0_weight_t_bias_t_line_buffer_2_1"/><MemPortTyVec>2 </MemPortTyVec>
</StgValue>
</bind>
</comp>

<comp id="88" class="1000" name="void_conv_2d_buffer_cl_array_ap_fixed_16_6_5_3_0_4u_array_ap_fixed_39_19_5_3_0_1u_config6_stream_array_ap_fixed_16_6_5_3_0_4u_0_stream_array_ap_fixed_39_19_5_3_0_1u_0_weight_t_bias_t_line_buffer_3_0">
<pin_list>
<pin id="89" dir="1" index="0" bw="1" slack="0"/>
</pin_list>
<bind>
<StgValue><ssdm name="void_conv_2d_buffer_cl_array_ap_fixed_16_6_5_3_0_4u_array_ap_fixed_39_19_5_3_0_1u_config6_stream_array_ap_fixed_16_6_5_3_0_4u_0_stream_array_ap_fixed_39_19_5_3_0_1u_0_weight_t_bias_t_line_buffer_3_0"/><MemPortTyVec>2 </MemPortTyVec>
</StgValue>
</bind>
</comp>

<comp id="90" class="1000" name="void_conv_2d_buffer_cl_array_ap_fixed_16_6_5_3_0_4u_array_ap_fixed_39_19_5_3_0_1u_config6_stream_array_ap_fixed_16_6_5_3_0_4u_0_stream_array_ap_fixed_39_19_5_3_0_1u_0_weight_t_bias_t_line_buffer_3_1">
<pin_list>
<pin id="91" dir="1" index="0" bw="1" slack="0"/>
</pin_list>
<bind>
<StgValue><ssdm name="void_conv_2d_buffer_cl_array_ap_fixed_16_6_5_3_0_4u_array_ap_fixed_39_19_5_3_0_1u_config6_stream_array_ap_fixed_16_6_5_3_0_4u_0_stream_array_ap_fixed_39_19_5_3_0_1u_0_weight_t_bias_t_line_buffer_3_1"/><MemPortTyVec>2 </MemPortTyVec>
</StgValue>
</bind>
</comp>

<comp id="92" class="1000" name="sX_1">
<pin_list>
<pin id="93" dir="1" index="0" bw="1" slack="0"/>
</pin_list>
<bind>
<StgValue><ssdm name="sX_1"/></StgValue>
</bind>
</comp>

<comp id="94" class="1000" name="sY_1">
<pin_list>
<pin id="95" dir="1" index="0" bw="1" slack="0"/>
</pin_list>
<bind>
<StgValue><ssdm name="sY_1"/></StgValue>
</bind>
</comp>

<comp id="96" class="1000" name="pY_1">
<pin_list>
<pin id="97" dir="1" index="0" bw="1" slack="0"/>
</pin_list>
<bind>
<StgValue><ssdm name="pY_1"/></StgValue>
</bind>
</comp>

<comp id="98" class="1000" name="pX_1">
<pin_list>
<pin id="99" dir="1" index="0" bw="1" slack="0"/>
</pin_list>
<bind>
<StgValue><ssdm name="pX_1"/></StgValue>
</bind>
</comp>

<comp id="100" class="1000" name="w6_V">
<pin_list>
<pin id="101" dir="1" index="0" bw="1" slack="0"/>
</pin_list>
<bind>
<StgValue><ssdm name="w6_V"/><MemPortTyVec>1 </MemPortTyVec>
</StgValue>
</bind>
</comp>

<comp id="102" class="1001" name="const_102">
<pin_list>
<pin id="103" dir="1" index="0" bw="1" slack="0"/>
</pin_list>
<bind>
<StgValue><ssdm name=""/></StgValue>
</bind>
</comp>

<comp id="104" class="1001" name="const_104">
<pin_list>
<pin id="105" dir="1" index="0" bw="1" slack="2147483647"/>
</pin_list>
<bind>
<StgValue><ssdm name="_ssdm_op_SpecInterface"/></StgValue>
</bind>
</comp>

<comp id="106" class="1001" name="const_106">
<pin_list>
<pin id="107" dir="1" index="0" bw="1" slack="2147483647"/>
</pin_list>
<bind>
<StgValue><ssdm name="empty_5"/></StgValue>
</bind>
</comp>

<comp id="108" class="1001" name="const_108">
<pin_list>
<pin id="109" dir="1" index="0" bw="1" slack="2147483647"/>
</pin_list>
<bind>
<StgValue><ssdm name=""/></StgValue>
</bind>
</comp>

<comp id="110" class="1001" name="const_110">
<pin_list>
<pin id="111" dir="1" index="0" bw="1" slack="2147483647"/>
</pin_list>
<bind>
<StgValue><ssdm name="empty_7"/></StgValue>
</bind>
</comp>

<comp id="112" class="1001" name="const_112">
<pin_list>
<pin id="113" dir="1" index="0" bw="1" slack="2147483647"/>
</pin_list>
<bind>
<StgValue><ssdm name="empty_2"/></StgValue>
</bind>
</comp>

<comp id="114" class="1001" name="const_114">
<pin_list>
<pin id="115" dir="1" index="0" bw="1" slack="2147483647"/>
</pin_list>
<bind>
<StgValue><ssdm name="empty_10"/></StgValue>
</bind>
</comp>

<comp id="116" class="1001" name="const_116">
<pin_list>
<pin id="117" dir="1" index="0" bw="1" slack="0"/>
</pin_list>
<bind>
<StgValue><ssdm name=""/></StgValue>
</bind>
</comp>

<comp id="118" class="1001" name="const_118">
<pin_list>
<pin id="119" dir="1" index="0" bw="1" slack="0"/>
</pin_list>
<bind>
<StgValue><ssdm name=""/></StgValue>
</bind>
</comp>

<comp id="120" class="1001" name="const_120">
<pin_list>
<pin id="121" dir="1" index="0" bw="1" slack="0"/>
</pin_list>
<bind>
<StgValue><ssdm name=""/></StgValue>
</bind>
</comp>

<comp id="122" class="1001" name="const_122">
<pin_list>
<pin id="123" dir="1" index="0" bw="1" slack="0"/>
</pin_list>
<bind>
<StgValue><ssdm name="_ssdm_op_Read.ap_fifo.volatile.i64P0A"/></StgValue>
</bind>
</comp>

<comp id="124" class="1001" name="const_124">
<pin_list>
<pin id="125" dir="1" index="0" bw="1" slack="0"/>
</pin_list>
<bind>
<StgValue><ssdm name="_ssdm_op_PartSelect.i16.i64.i32.i32"/></StgValue>
</bind>
</comp>

<comp id="126" class="1001" name="const_126">
<pin_list>
<pin id="127" dir="1" index="0" bw="1" slack="0"/>
</pin_list>
<bind>
<StgValue><ssdm name=""/></StgValue>
</bind>
</comp>

<comp id="128" class="1001" name="const_128">
<pin_list>
<pin id="129" dir="1" index="0" bw="1" slack="0"/>
</pin_list>
<bind>
<StgValue><ssdm name=""/></StgValue>
</bind>
</comp>

<comp id="130" class="1001" name="const_130">
<pin_list>
<pin id="131" dir="1" index="0" bw="1" slack="0"/>
</pin_list>
<bind>
<StgValue><ssdm name=""/></StgValue>
</bind>
</comp>

<comp id="132" class="1001" name="const_132">
<pin_list>
<pin id="133" dir="1" index="0" bw="1" slack="0"/>
</pin_list>
<bind>
<StgValue><ssdm name=""/></StgValue>
</bind>
</comp>

<comp id="134" class="1001" name="const_134">
<pin_list>
<pin id="135" dir="1" index="0" bw="1" slack="0"/>
</pin_list>
<bind>
<StgValue><ssdm name=""/></StgValue>
</bind>
</comp>

<comp id="136" class="1001" name="const_136">
<pin_list>
<pin id="137" dir="1" index="0" bw="1" slack="0"/>
</pin_list>
<bind>
<StgValue><ssdm name=""/></StgValue>
</bind>
</comp>

<comp id="138" class="1001" name="const_138">
<pin_list>
<pin id="139" dir="1" index="0" bw="1" slack="0"/>
</pin_list>
<bind>
<StgValue><ssdm name="compute_output_buffer_2d<array<ap_fixed<16, 6, 5, 3, 0>, 4u>, array<ap_fixed<39, 19, 5, 3, 0>, 1u>, config6>"/></StgValue>
</bind>
</comp>

<comp id="140" class="1001" name="const_140">
<pin_list>
<pin id="141" dir="1" index="0" bw="1" slack="2147483647"/>
</pin_list>
<bind>
<StgValue><ssdm name="_ssdm_op_SpecLoopName"/></StgValue>
</bind>
</comp>

<comp id="142" class="1001" name="const_142">
<pin_list>
<pin id="143" dir="1" index="0" bw="1" slack="2147483647"/>
</pin_list>
<bind>
<StgValue><ssdm name="ReadInputHeight_ReadInputWidth_str"/></StgValue>
</bind>
</comp>

<comp id="144" class="1001" name="const_144">
<pin_list>
<pin id="145" dir="1" index="0" bw="1" slack="2147483647"/>
</pin_list>
<bind>
<StgValue><ssdm name="_ssdm_op_SpecLoopTripCount"/></StgValue>
</bind>
</comp>

<comp id="146" class="1001" name="const_146">
<pin_list>
<pin id="147" dir="1" index="0" bw="1" slack="2147483647"/>
</pin_list>
<bind>
<StgValue><ssdm name=""/></StgValue>
</bind>
</comp>

<comp id="148" class="1001" name="const_148">
<pin_list>
<pin id="149" dir="1" index="0" bw="1" slack="2147483647"/>
</pin_list>
<bind>
<StgValue><ssdm name="empty_3"/></StgValue>
</bind>
</comp>

<comp id="150" class="1004" name="indvar_flatten_fu_150">
<pin_list>
<pin id="151" dir="0" index="0" bw="1" slack="0"/>
<pin id="152" dir="1" index="1" bw="15" slack="0"/>
</pin_list>
<bind>
<opcode="alloca(26) " fcode="alloca"/>
<opset="indvar_flatten/1 "/>
</bind>
</comp>

<comp id="154" class="1004" name="layer9_out_read_read_fu_154">
<pin_list>
<pin id="155" dir="0" index="0" bw="64" slack="0"/>
<pin id="156" dir="0" index="1" bw="64" slack="0"/>
<pin id="157" dir="1" index="2" bw="64" slack="0"/>
</pin_list>
<bind>
<opcode="read(1150) " fcode="read"/>
<opset="layer9_out_read/2 "/>
</bind>
</comp>

<comp id="160" class="1004" name="grp_compute_output_buffer_2d_array_ap_fixed_16_6_5_3_0_4u_array_ap_fixed_39_19_5_3_0_1u_config6_s_fu_160">
<pin_list>
<pin id="161" dir="0" index="0" bw="0" slack="0"/>
<pin id="162" dir="0" index="1" bw="16" slack="0"/>
<pin id="163" dir="0" index="2" bw="16" slack="0"/>
<pin id="164" dir="0" index="3" bw="16" slack="0"/>
<pin id="165" dir="0" index="4" bw="16" slack="0"/>
<pin id="166" dir="0" index="5" bw="64" slack="0"/>
<pin id="167" dir="0" index="6" bw="16" slack="0"/>
<pin id="168" dir="0" index="7" bw="16" slack="0"/>
<pin id="169" dir="0" index="8" bw="16" slack="0"/>
<pin id="170" dir="0" index="9" bw="16" slack="0"/>
<pin id="171" dir="0" index="10" bw="16" slack="0"/>
<pin id="172" dir="0" index="11" bw="16" slack="0"/>
<pin id="173" dir="0" index="12" bw="16" slack="0"/>
<pin id="174" dir="0" index="13" bw="16" slack="0"/>
<pin id="175" dir="0" index="14" bw="16" slack="0"/>
<pin id="176" dir="0" index="15" bw="16" slack="0"/>
<pin id="177" dir="0" index="16" bw="16" slack="0"/>
<pin id="178" dir="0" index="17" bw="16" slack="0"/>
<pin id="179" dir="0" index="18" bw="16" slack="0"/>
<pin id="180" dir="0" index="19" bw="16" slack="0"/>
<pin id="181" dir="0" index="20" bw="16" slack="0"/>
<pin id="182" dir="0" index="21" bw="16" slack="0"/>
<pin id="183" dir="0" index="22" bw="16" slack="0"/>
<pin id="184" dir="0" index="23" bw="16" slack="0"/>
<pin id="185" dir="0" index="24" bw="16" slack="0"/>
<pin id="186" dir="0" index="25" bw="16" slack="0"/>
<pin id="187" dir="0" index="26" bw="16" slack="0"/>
<pin id="188" dir="0" index="27" bw="16" slack="0"/>
<pin id="189" dir="0" index="28" bw="16" slack="0"/>
<pin id="190" dir="0" index="29" bw="16" slack="0"/>
<pin id="191" dir="0" index="30" bw="16" slack="0"/>
<pin id="192" dir="0" index="31" bw="16" slack="0"/>
<pin id="193" dir="0" index="32" bw="16" slack="0"/>
<pin id="194" dir="0" index="33" bw="16" slack="0"/>
<pin id="195" dir="0" index="34" bw="16" slack="0"/>
<pin id="196" dir="0" index="35" bw="16" slack="0"/>
<pin id="197" dir="0" index="36" bw="16" slack="0"/>
<pin id="198" dir="0" index="37" bw="16" slack="0"/>
<pin id="199" dir="0" index="38" bw="16" slack="0"/>
<pin id="200" dir="0" index="39" bw="16" slack="0"/>
<pin id="201" dir="0" index="40" bw="16" slack="0"/>
<pin id="202" dir="0" index="41" bw="16" slack="0"/>
<pin id="203" dir="0" index="42" bw="16" slack="0"/>
<pin id="204" dir="0" index="43" bw="16" slack="0"/>
<pin id="205" dir="0" index="44" bw="16" slack="0"/>
<pin id="206" dir="0" index="45" bw="16" slack="0"/>
<pin id="207" dir="0" index="46" bw="16" slack="0"/>
<pin id="208" dir="0" index="47" bw="16" slack="0"/>
<pin id="209" dir="0" index="48" bw="16" slack="0"/>
<pin id="210" dir="0" index="49" bw="16" slack="0"/>
<pin id="211" dir="0" index="50" bw="32" slack="0"/>
<pin id="212" dir="0" index="51" bw="32" slack="0"/>
<pin id="213" dir="0" index="52" bw="32" slack="0"/>
<pin id="214" dir="0" index="53" bw="32" slack="0"/>
<pin id="215" dir="0" index="54" bw="11" slack="0"/>
<pin id="216" dir="1" index="55" bw="0" slack="2147483647"/>
</pin_list>
<bind>
<opcode="call(48) " fcode="call"/>
<opset="call_ln93/2 "/>
</bind>
</comp>

<comp id="268" class="1004" name="store_ln85_store_fu_268">
<pin_list>
<pin id="269" dir="0" index="0" bw="1" slack="0"/>
<pin id="270" dir="0" index="1" bw="15" slack="0"/>
<pin id="271" dir="1" index="2" bw="0" slack="2147483647"/>
</pin_list>
<bind>
<opcode="store(28) " fcode="store"/>
<opset="store_ln85/1 "/>
</bind>
</comp>

<comp id="273" class="1004" name="indvar_flatten_load_load_fu_273">
<pin_list>
<pin id="274" dir="0" index="0" bw="15" slack="1"/>
<pin id="275" dir="1" index="1" bw="15" slack="0"/>
</pin_list>
<bind>
<opcode="load(27) " fcode="load"/>
<opset="indvar_flatten_load/2 "/>
</bind>
</comp>

<comp id="276" class="1004" name="icmp_ln85_fu_276">
<pin_list>
<pin id="277" dir="0" index="0" bw="15" slack="0"/>
<pin id="278" dir="0" index="1" bw="15" slack="0"/>
<pin id="279" dir="1" index="2" bw="1" slack="2147483647"/>
</pin_list>
<bind>
<opcode="icmp(45) " fcode="icmp"/>
<opset="icmp_ln85/2 "/>
</bind>
</comp>

<comp id="282" class="1004" name="add_ln85_fu_282">
<pin_list>
<pin id="283" dir="0" index="0" bw="15" slack="0"/>
<pin id="284" dir="0" index="1" bw="1" slack="0"/>
<pin id="285" dir="1" index="2" bw="15" slack="0"/>
</pin_list>
<bind>
<opcode="add(8) " fcode="add"/>
<opset="add_ln85/2 "/>
</bind>
</comp>

<comp id="288" class="1004" name="trunc_ln144_fu_288">
<pin_list>
<pin id="289" dir="0" index="0" bw="64" slack="0"/>
<pin id="290" dir="1" index="1" bw="16" slack="0"/>
</pin_list>
<bind>
<opcode="trunc(33) " fcode="trunc"/>
<opset="trunc_ln144/2 "/>
</bind>
</comp>

<comp id="293" class="1004" name="trunc_ln144_s_fu_293">
<pin_list>
<pin id="294" dir="0" index="0" bw="16" slack="0"/>
<pin id="295" dir="0" index="1" bw="64" slack="0"/>
<pin id="296" dir="0" index="2" bw="6" slack="0"/>
<pin id="297" dir="0" index="3" bw="6" slack="0"/>
<pin id="298" dir="1" index="4" bw="16" slack="0"/>
</pin_list>
<bind>
<opcode="partselect(1002) " fcode="partselect"/>
<opset="trunc_ln144_s/2 "/>
</bind>
</comp>

<comp id="304" class="1004" name="trunc_ln144_5_fu_304">
<pin_list>
<pin id="305" dir="0" index="0" bw="16" slack="0"/>
<pin id="306" dir="0" index="1" bw="64" slack="0"/>
<pin id="307" dir="0" index="2" bw="7" slack="0"/>
<pin id="308" dir="0" index="3" bw="7" slack="0"/>
<pin id="309" dir="1" index="4" bw="16" slack="0"/>
</pin_list>
<bind>
<opcode="partselect(1002) " fcode="partselect"/>
<opset="trunc_ln144_5/2 "/>
</bind>
</comp>

<comp id="315" class="1004" name="trunc_ln144_6_fu_315">
<pin_list>
<pin id="316" dir="0" index="0" bw="16" slack="0"/>
<pin id="317" dir="0" index="1" bw="64" slack="0"/>
<pin id="318" dir="0" index="2" bw="7" slack="0"/>
<pin id="319" dir="0" index="3" bw="7" slack="0"/>
<pin id="320" dir="1" index="4" bw="16" slack="0"/>
</pin_list>
<bind>
<opcode="partselect(1002) " fcode="partselect"/>
<opset="trunc_ln144_6/2 "/>
</bind>
</comp>

<comp id="326" class="1004" name="store_ln85_store_fu_326">
<pin_list>
<pin id="327" dir="0" index="0" bw="15" slack="0"/>
<pin id="328" dir="0" index="1" bw="15" slack="1"/>
<pin id="329" dir="1" index="2" bw="0" slack="2147483647"/>
</pin_list>
<bind>
<opcode="store(28) " fcode="store"/>
<opset="store_ln85/2 "/>
</bind>
</comp>

<comp id="331" class="1005" name="indvar_flatten_reg_331">
<pin_list>
<pin id="332" dir="0" index="0" bw="15" slack="0"/>
<pin id="333" dir="1" index="1" bw="15" slack="0"/>
</pin_list>
<bind>
<opset="indvar_flatten "/>
</bind>
</comp>

<comp id="341" class="1005" name="trunc_ln144_reg_341">
<pin_list>
<pin id="342" dir="0" index="0" bw="16" slack="1"/>
<pin id="343" dir="1" index="1" bw="16" slack="1"/>
</pin_list>
<bind>
<opset="trunc_ln144 "/>
</bind>
</comp>

<comp id="346" class="1005" name="trunc_ln144_s_reg_346">
<pin_list>
<pin id="347" dir="0" index="0" bw="16" slack="1"/>
<pin id="348" dir="1" index="1" bw="16" slack="1"/>
</pin_list>
<bind>
<opset="trunc_ln144_s "/>
</bind>
</comp>

<comp id="351" class="1005" name="trunc_ln144_5_reg_351">
<pin_list>
<pin id="352" dir="0" index="0" bw="16" slack="1"/>
<pin id="353" dir="1" index="1" bw="16" slack="1"/>
</pin_list>
<bind>
<opset="trunc_ln144_5 "/>
</bind>
</comp>

<comp id="356" class="1005" name="trunc_ln144_6_reg_356">
<pin_list>
<pin id="357" dir="0" index="0" bw="16" slack="1"/>
<pin id="358" dir="1" index="1" bw="16" slack="1"/>
</pin_list>
<bind>
<opset="trunc_ln144_6 "/>
</bind>
</comp>

</comp_list>

<net_list>
<net id="153"><net_src comp="102" pin="0"/><net_sink comp="150" pin=0"/></net>

<net id="158"><net_src comp="122" pin="0"/><net_sink comp="154" pin=0"/></net>

<net id="159"><net_src comp="0" pin="0"/><net_sink comp="154" pin=1"/></net>

<net id="217"><net_src comp="138" pin="0"/><net_sink comp="160" pin=0"/></net>

<net id="218"><net_src comp="2" pin="0"/><net_sink comp="160" pin=5"/></net>

<net id="219"><net_src comp="4" pin="0"/><net_sink comp="160" pin=6"/></net>

<net id="220"><net_src comp="6" pin="0"/><net_sink comp="160" pin=7"/></net>

<net id="221"><net_src comp="8" pin="0"/><net_sink comp="160" pin=8"/></net>

<net id="222"><net_src comp="10" pin="0"/><net_sink comp="160" pin=9"/></net>

<net id="223"><net_src comp="12" pin="0"/><net_sink comp="160" pin=10"/></net>

<net id="224"><net_src comp="14" pin="0"/><net_sink comp="160" pin=11"/></net>

<net id="225"><net_src comp="16" pin="0"/><net_sink comp="160" pin=12"/></net>

<net id="226"><net_src comp="18" pin="0"/><net_sink comp="160" pin=13"/></net>

<net id="227"><net_src comp="20" pin="0"/><net_sink comp="160" pin=14"/></net>

<net id="228"><net_src comp="22" pin="0"/><net_sink comp="160" pin=15"/></net>

<net id="229"><net_src comp="24" pin="0"/><net_sink comp="160" pin=16"/></net>

<net id="230"><net_src comp="26" pin="0"/><net_sink comp="160" pin=17"/></net>

<net id="231"><net_src comp="28" pin="0"/><net_sink comp="160" pin=18"/></net>

<net id="232"><net_src comp="30" pin="0"/><net_sink comp="160" pin=19"/></net>

<net id="233"><net_src comp="32" pin="0"/><net_sink comp="160" pin=20"/></net>

<net id="234"><net_src comp="34" pin="0"/><net_sink comp="160" pin=21"/></net>

<net id="235"><net_src comp="36" pin="0"/><net_sink comp="160" pin=22"/></net>

<net id="236"><net_src comp="38" pin="0"/><net_sink comp="160" pin=23"/></net>

<net id="237"><net_src comp="40" pin="0"/><net_sink comp="160" pin=24"/></net>

<net id="238"><net_src comp="42" pin="0"/><net_sink comp="160" pin=25"/></net>

<net id="239"><net_src comp="44" pin="0"/><net_sink comp="160" pin=26"/></net>

<net id="240"><net_src comp="46" pin="0"/><net_sink comp="160" pin=27"/></net>

<net id="241"><net_src comp="48" pin="0"/><net_sink comp="160" pin=28"/></net>

<net id="242"><net_src comp="50" pin="0"/><net_sink comp="160" pin=29"/></net>

<net id="243"><net_src comp="52" pin="0"/><net_sink comp="160" pin=30"/></net>

<net id="244"><net_src comp="54" pin="0"/><net_sink comp="160" pin=31"/></net>

<net id="245"><net_src comp="56" pin="0"/><net_sink comp="160" pin=32"/></net>

<net id="246"><net_src comp="58" pin="0"/><net_sink comp="160" pin=33"/></net>

<net id="247"><net_src comp="60" pin="0"/><net_sink comp="160" pin=34"/></net>

<net id="248"><net_src comp="62" pin="0"/><net_sink comp="160" pin=35"/></net>

<net id="249"><net_src comp="64" pin="0"/><net_sink comp="160" pin=36"/></net>

<net id="250"><net_src comp="66" pin="0"/><net_sink comp="160" pin=37"/></net>

<net id="251"><net_src comp="68" pin="0"/><net_sink comp="160" pin=38"/></net>

<net id="252"><net_src comp="70" pin="0"/><net_sink comp="160" pin=39"/></net>

<net id="253"><net_src comp="72" pin="0"/><net_sink comp="160" pin=40"/></net>

<net id="254"><net_src comp="74" pin="0"/><net_sink comp="160" pin=41"/></net>

<net id="255"><net_src comp="76" pin="0"/><net_sink comp="160" pin=42"/></net>

<net id="256"><net_src comp="78" pin="0"/><net_sink comp="160" pin=43"/></net>

<net id="257"><net_src comp="80" pin="0"/><net_sink comp="160" pin=44"/></net>

<net id="258"><net_src comp="82" pin="0"/><net_sink comp="160" pin=45"/></net>

<net id="259"><net_src comp="84" pin="0"/><net_sink comp="160" pin=46"/></net>

<net id="260"><net_src comp="86" pin="0"/><net_sink comp="160" pin=47"/></net>

<net id="261"><net_src comp="88" pin="0"/><net_sink comp="160" pin=48"/></net>

<net id="262"><net_src comp="90" pin="0"/><net_sink comp="160" pin=49"/></net>

<net id="263"><net_src comp="92" pin="0"/><net_sink comp="160" pin=50"/></net>

<net id="264"><net_src comp="94" pin="0"/><net_sink comp="160" pin=51"/></net>

<net id="265"><net_src comp="96" pin="0"/><net_sink comp="160" pin=52"/></net>

<net id="266"><net_src comp="98" pin="0"/><net_sink comp="160" pin=53"/></net>

<net id="267"><net_src comp="100" pin="0"/><net_sink comp="160" pin=54"/></net>

<net id="272"><net_src comp="116" pin="0"/><net_sink comp="268" pin=0"/></net>

<net id="280"><net_src comp="273" pin="1"/><net_sink comp="276" pin=0"/></net>

<net id="281"><net_src comp="118" pin="0"/><net_sink comp="276" pin=1"/></net>

<net id="286"><net_src comp="273" pin="1"/><net_sink comp="282" pin=0"/></net>

<net id="287"><net_src comp="120" pin="0"/><net_sink comp="282" pin=1"/></net>

<net id="291"><net_src comp="154" pin="2"/><net_sink comp="288" pin=0"/></net>

<net id="292"><net_src comp="288" pin="1"/><net_sink comp="160" pin=1"/></net>

<net id="299"><net_src comp="124" pin="0"/><net_sink comp="293" pin=0"/></net>

<net id="300"><net_src comp="154" pin="2"/><net_sink comp="293" pin=1"/></net>

<net id="301"><net_src comp="126" pin="0"/><net_sink comp="293" pin=2"/></net>

<net id="302"><net_src comp="128" pin="0"/><net_sink comp="293" pin=3"/></net>

<net id="303"><net_src comp="293" pin="4"/><net_sink comp="160" pin=2"/></net>

<net id="310"><net_src comp="124" pin="0"/><net_sink comp="304" pin=0"/></net>

<net id="311"><net_src comp="154" pin="2"/><net_sink comp="304" pin=1"/></net>

<net id="312"><net_src comp="130" pin="0"/><net_sink comp="304" pin=2"/></net>

<net id="313"><net_src comp="132" pin="0"/><net_sink comp="304" pin=3"/></net>

<net id="314"><net_src comp="304" pin="4"/><net_sink comp="160" pin=3"/></net>

<net id="321"><net_src comp="124" pin="0"/><net_sink comp="315" pin=0"/></net>

<net id="322"><net_src comp="154" pin="2"/><net_sink comp="315" pin=1"/></net>

<net id="323"><net_src comp="134" pin="0"/><net_sink comp="315" pin=2"/></net>

<net id="324"><net_src comp="136" pin="0"/><net_sink comp="315" pin=3"/></net>

<net id="325"><net_src comp="315" pin="4"/><net_sink comp="160" pin=4"/></net>

<net id="330"><net_src comp="282" pin="2"/><net_sink comp="326" pin=0"/></net>

<net id="334"><net_src comp="150" pin="1"/><net_sink comp="331" pin=0"/></net>

<net id="335"><net_src comp="331" pin="1"/><net_sink comp="268" pin=1"/></net>

<net id="336"><net_src comp="331" pin="1"/><net_sink comp="273" pin=0"/></net>

<net id="337"><net_src comp="331" pin="1"/><net_sink comp="326" pin=1"/></net>

<net id="344"><net_src comp="288" pin="1"/><net_sink comp="341" pin=0"/></net>

<net id="345"><net_src comp="341" pin="1"/><net_sink comp="160" pin=1"/></net>

<net id="349"><net_src comp="293" pin="4"/><net_sink comp="346" pin=0"/></net>

<net id="350"><net_src comp="346" pin="1"/><net_sink comp="160" pin=2"/></net>

<net id="354"><net_src comp="304" pin="4"/><net_sink comp="351" pin=0"/></net>

<net id="355"><net_src comp="351" pin="1"/><net_sink comp="160" pin=3"/></net>

<net id="359"><net_src comp="315" pin="4"/><net_sink comp="356" pin=0"/></net>

<net id="360"><net_src comp="356" pin="1"/><net_sink comp="160" pin=4"/></net>

</net_list>

</model> 
---------------- Datapath Model END ------------------

* FSMD analyzer results:
  - Output states:
	Port: layer6_out | {2 3 }
	Port: void_compute_output_buffer_2d_array_array_ap_fixed_1u_config6_array_ap_fixed_16_6_5_3_0_4u_const_ap_shift_reg_value_type_in_width_n_chan_stream_array_ap_fixed_39_19_5_3_0_1u_0_weight_t_bias_t_kernel_data_5 | {2 3 }
	Port: void_compute_output_buffer_2d_array_array_ap_fixed_1u_config6_array_ap_fixed_16_6_5_3_0_4u_const_ap_shift_reg_value_type_in_width_n_chan_stream_array_ap_fixed_39_19_5_3_0_1u_0_weight_t_bias_t_kernel_data_9 | {2 3 }
	Port: void_compute_output_buffer_2d_array_array_ap_fixed_1u_config6_array_ap_fixed_16_6_5_3_0_4u_const_ap_shift_reg_value_type_in_width_n_chan_stream_array_ap_fixed_39_19_5_3_0_1u_0_weight_t_bias_t_kernel_data_4 | {2 3 }
	Port: void_compute_output_buffer_2d_array_array_ap_fixed_1u_config6_array_ap_fixed_16_6_5_3_0_4u_const_ap_shift_reg_value_type_in_width_n_chan_stream_array_ap_fixed_39_19_5_3_0_1u_0_weight_t_bias_t_kernel_data_8 | {2 3 }
	Port: void_compute_output_buffer_2d_array_array_ap_fixed_1u_config6_array_ap_fixed_16_6_5_3_0_4u_const_ap_shift_reg_value_type_in_width_n_chan_stream_array_ap_fixed_39_19_5_3_0_1u_0_weight_t_bias_t_kernel_data_3 | {2 3 }
	Port: void_compute_output_buffer_2d_array_array_ap_fixed_1u_config6_array_ap_fixed_16_6_5_3_0_4u_const_ap_shift_reg_value_type_in_width_n_chan_stream_array_ap_fixed_39_19_5_3_0_1u_0_weight_t_bias_t_kernel_data_7 | {2 3 }
	Port: void_compute_output_buffer_2d_array_array_ap_fixed_1u_config6_array_ap_fixed_16_6_5_3_0_4u_const_ap_shift_reg_value_type_in_width_n_chan_stream_array_ap_fixed_39_19_5_3_0_1u_0_weight_t_bias_t_kernel_data_2 | {2 3 }
	Port: void_compute_output_buffer_2d_array_array_ap_fixed_1u_config6_array_ap_fixed_16_6_5_3_0_4u_const_ap_shift_reg_value_type_in_width_n_chan_stream_array_ap_fixed_39_19_5_3_0_1u_0_weight_t_bias_t_kernel_data_6 | {2 3 }
	Port: p_ZZN4nnet24compute_output_buffer_2dINS_5arrayI8ap_fixedILi16ELi6EL9ap_q_mode5EL9ap_o_mode3ELi0EELj4EEENS1_IS2_ILi39ELi19ELS3_5ELS4_3ELi0EELj1EEE7config6EEvRKT_PAsrT1_6n_chan_12ap_shift_regINSA_10value_typeEXsrSD_8in_widthEERN3hls6streamIT0_19 | {2 3 }
	Port: p_ZZN4nnet24compute_output_buffer_2dINS_5arrayI8ap_fixedILi16ELi6EL9ap_q_mode5EL9ap_o_mode3ELi0EELj4EEENS1_IS2_ILi39ELi19ELS3_5ELS4_3ELi0EELj1EEE7config6EEvRKT_PAsrT1_6n_chan_12ap_shift_regINSA_10value_typeEXsrSD_8in_widthEERN3hls6streamIT0_23 | {2 3 }
	Port: p_ZZN4nnet24compute_output_buffer_2dINS_5arrayI8ap_fixedILi16ELi6EL9ap_q_mode5EL9ap_o_mode3ELi0EELj4EEENS1_IS2_ILi39ELi19ELS3_5ELS4_3ELi0EELj1EEE7config6EEvRKT_PAsrT1_6n_chan_12ap_shift_regINSA_10value_typeEXsrSD_8in_widthEERN3hls6streamIT0_18 | {2 3 }
	Port: p_ZZN4nnet24compute_output_buffer_2dINS_5arrayI8ap_fixedILi16ELi6EL9ap_q_mode5EL9ap_o_mode3ELi0EELj4EEENS1_IS2_ILi39ELi19ELS3_5ELS4_3ELi0EELj1EEE7config6EEvRKT_PAsrT1_6n_chan_12ap_shift_regINSA_10value_typeEXsrSD_8in_widthEERN3hls6streamIT0_22 | {2 3 }
	Port: p_ZZN4nnet24compute_output_buffer_2dINS_5arrayI8ap_fixedILi16ELi6EL9ap_q_mode5EL9ap_o_mode3ELi0EELj4EEENS1_IS2_ILi39ELi19ELS3_5ELS4_3ELi0EELj1EEE7config6EEvRKT_PAsrT1_6n_chan_12ap_shift_regINSA_10value_typeEXsrSD_8in_widthEERN3hls6streamIT0_17 | {2 3 }
	Port: p_ZZN4nnet24compute_output_buffer_2dINS_5arrayI8ap_fixedILi16ELi6EL9ap_q_mode5EL9ap_o_mode3ELi0EELj4EEENS1_IS2_ILi39ELi19ELS3_5ELS4_3ELi0EELj1EEE7config6EEvRKT_PAsrT1_6n_chan_12ap_shift_regINSA_10value_typeEXsrSD_8in_widthEERN3hls6streamIT0_21 | {2 3 }
	Port: p_ZZN4nnet24compute_output_buffer_2dINS_5arrayI8ap_fixedILi16ELi6EL9ap_q_mode5EL9ap_o_mode3ELi0EELj4EEENS1_IS2_ILi39ELi19ELS3_5ELS4_3ELi0EELj1EEE7config6EEvRKT_PAsrT1_6n_chan_12ap_shift_regINSA_10value_typeEXsrSD_8in_widthEERN3hls6streamIT0_16 | {2 3 }
	Port: p_ZZN4nnet24compute_output_buffer_2dINS_5arrayI8ap_fixedILi16ELi6EL9ap_q_mode5EL9ap_o_mode3ELi0EELj4EEENS1_IS2_ILi39ELi19ELS3_5ELS4_3ELi0EELj1EEE7config6EEvRKT_PAsrT1_6n_chan_12ap_shift_regINSA_10value_typeEXsrSD_8in_widthEERN3hls6streamIT0_20 | {2 3 }
	Port: p_ZZN4nnet24compute_output_buffer_2dINS_5arrayI8ap_fixedILi16ELi6EL9ap_q_mode5EL9ap_o_mode3ELi0EELj4EEENS1_IS2_ILi39ELi19ELS3_5ELS4_3ELi0EELj1EEE7config6EEvRKT_PAsrT1_6n_chan_12ap_shift_regINSA_10value_typeEXsrSD_8in_widthEERN3hls6streamIT0_7 | {2 3 }
	Port: p_ZZN4nnet24compute_output_buffer_2dINS_5arrayI8ap_fixedILi16ELi6EL9ap_q_mode5EL9ap_o_mode3ELi0EELj4EEENS1_IS2_ILi39ELi19ELS3_5ELS4_3ELi0EELj1EEE7config6EEvRKT_PAsrT1_6n_chan_12ap_shift_regINSA_10value_typeEXsrSD_8in_widthEERN3hls6streamIT0_11 | {2 3 }
	Port: p_ZZN4nnet24compute_output_buffer_2dINS_5arrayI8ap_fixedILi16ELi6EL9ap_q_mode5EL9ap_o_mode3ELi0EELj4EEENS1_IS2_ILi39ELi19ELS3_5ELS4_3ELi0EELj1EEE7config6EEvRKT_PAsrT1_6n_chan_12ap_shift_regINSA_10value_typeEXsrSD_8in_widthEERN3hls6streamIT0_6 | {2 3 }
	Port: p_ZZN4nnet24compute_output_buffer_2dINS_5arrayI8ap_fixedILi16ELi6EL9ap_q_mode5EL9ap_o_mode3ELi0EELj4EEENS1_IS2_ILi39ELi19ELS3_5ELS4_3ELi0EELj1EEE7config6EEvRKT_PAsrT1_6n_chan_12ap_shift_regINSA_10value_typeEXsrSD_8in_widthEERN3hls6streamIT0_10 | {2 3 }
	Port: p_ZZN4nnet24compute_output_buffer_2dINS_5arrayI8ap_fixedILi16ELi6EL9ap_q_mode5EL9ap_o_mode3ELi0EELj4EEENS1_IS2_ILi39ELi19ELS3_5ELS4_3ELi0EELj1EEE7config6EEvRKT_PAsrT1_6n_chan_12ap_shift_regINSA_10value_typeEXsrSD_8in_widthEERN3hls6streamIT0_5 | {2 3 }
	Port: p_ZZN4nnet24compute_output_buffer_2dINS_5arrayI8ap_fixedILi16ELi6EL9ap_q_mode5EL9ap_o_mode3ELi0EELj4EEENS1_IS2_ILi39ELi19ELS3_5ELS4_3ELi0EELj1EEE7config6EEvRKT_PAsrT1_6n_chan_12ap_shift_regINSA_10value_typeEXsrSD_8in_widthEERN3hls6streamIT0_9 | {2 3 }
	Port: p_ZZN4nnet24compute_output_buffer_2dINS_5arrayI8ap_fixedILi16ELi6EL9ap_q_mode5EL9ap_o_mode3ELi0EELj4EEENS1_IS2_ILi39ELi19ELS3_5ELS4_3ELi0EELj1EEE7config6EEvRKT_PAsrT1_6n_chan_12ap_shift_regINSA_10value_typeEXsrSD_8in_widthEERN3hls6streamIT0_4 | {2 3 }
	Port: p_ZZN4nnet24compute_output_buffer_2dINS_5arrayI8ap_fixedILi16ELi6EL9ap_q_mode5EL9ap_o_mode3ELi0EELj4EEENS1_IS2_ILi39ELi19ELS3_5ELS4_3ELi0EELj1EEE7config6EEvRKT_PAsrT1_6n_chan_12ap_shift_regINSA_10value_typeEXsrSD_8in_widthEERN3hls6streamIT0_8 | {2 3 }
	Port: void_compute_output_buffer_2d_array_array_ap_fixed_1u_config6_array_ap_fixed_16_6_5_3_0_4u_const_ap_shift_reg_value_type_in_width_n_chan_stream_array_ap_fixed_39_19_5_3_0_1u_0_weight_t_bias_t_kernel_data_1 | {2 3 }
	Port: void_compute_output_buffer_2d_array_array_ap_fixed_1u_config6_array_ap_fixed_16_6_5_3_0_4u_const_ap_shift_reg_value_type_in_width_n_chan_stream_array_ap_fixed_39_19_5_3_0_1u_0_weight_t_bias_t_kernel_data | {2 3 }
	Port: p_ZZN4nnet24compute_output_buffer_2dINS_5arrayI8ap_fixedILi16ELi6EL9ap_q_mode5EL9ap_o_mode3ELi0EELj4EEENS1_IS2_ILi39ELi19ELS3_5ELS4_3ELi0EELj1EEE7config6EEvRKT_PAsrT1_6n_chan_12ap_shift_regINSA_10value_typeEXsrSD_8in_widthEERN3hls6streamIT0_25 | {2 3 }
	Port: p_ZZN4nnet24compute_output_buffer_2dINS_5arrayI8ap_fixedILi16ELi6EL9ap_q_mode5EL9ap_o_mode3ELi0EELj4EEENS1_IS2_ILi39ELi19ELS3_5ELS4_3ELi0EELj1EEE7config6EEvRKT_PAsrT1_6n_chan_12ap_shift_regINSA_10value_typeEXsrSD_8in_widthEERN3hls6streamIT0_24 | {2 3 }
	Port: p_ZZN4nnet24compute_output_buffer_2dINS_5arrayI8ap_fixedILi16ELi6EL9ap_q_mode5EL9ap_o_mode3ELi0EELj4EEENS1_IS2_ILi39ELi19ELS3_5ELS4_3ELi0EELj1EEE7config6EEvRKT_PAsrT1_6n_chan_12ap_shift_regINSA_10value_typeEXsrSD_8in_widthEERN3hls6streamIT0_15 | {2 3 }
	Port: p_ZZN4nnet24compute_output_buffer_2dINS_5arrayI8ap_fixedILi16ELi6EL9ap_q_mode5EL9ap_o_mode3ELi0EELj4EEENS1_IS2_ILi39ELi19ELS3_5ELS4_3ELi0EELj1EEE7config6EEvRKT_PAsrT1_6n_chan_12ap_shift_regINSA_10value_typeEXsrSD_8in_widthEERN3hls6streamIT0_14 | {2 3 }
	Port: p_ZZN4nnet24compute_output_buffer_2dINS_5arrayI8ap_fixedILi16ELi6EL9ap_q_mode5EL9ap_o_mode3ELi0EELj4EEENS1_IS2_ILi39ELi19ELS3_5ELS4_3ELi0EELj1EEE7config6EEvRKT_PAsrT1_6n_chan_12ap_shift_regINSA_10value_typeEXsrSD_8in_widthEERN3hls6streamIT0_13 | {2 3 }
	Port: p_ZZN4nnet24compute_output_buffer_2dINS_5arrayI8ap_fixedILi16ELi6EL9ap_q_mode5EL9ap_o_mode3ELi0EELj4EEENS1_IS2_ILi39ELi19ELS3_5ELS4_3ELi0EELj1EEE7config6EEvRKT_PAsrT1_6n_chan_12ap_shift_regINSA_10value_typeEXsrSD_8in_widthEERN3hls6streamIT0_12 | {2 3 }
	Port: p_ZZN4nnet24compute_output_buffer_2dINS_5arrayI8ap_fixedILi16ELi6EL9ap_q_mode5EL9ap_o_mode3ELi0EELj4EEENS1_IS2_ILi39ELi19ELS3_5ELS4_3ELi0EELj1EEE7config6EEvRKT_PAsrT1_6n_chan_12ap_shift_regINSA_10value_typeEXsrSD_8in_widthEERN3hls6streamIT0_3 | {2 3 }
	Port: p_ZZN4nnet24compute_output_buffer_2dINS_5arrayI8ap_fixedILi16ELi6EL9ap_q_mode5EL9ap_o_mode3ELi0EELj4EEENS1_IS2_ILi39ELi19ELS3_5ELS4_3ELi0EELj1EEE7config6EEvRKT_PAsrT1_6n_chan_12ap_shift_regINSA_10value_typeEXsrSD_8in_widthEERN3hls6streamIT0_2 | {2 3 }
	Port: p_ZZN4nnet24compute_output_buffer_2dINS_5arrayI8ap_fixedILi16ELi6EL9ap_q_mode5EL9ap_o_mode3ELi0EELj4EEENS1_IS2_ILi39ELi19ELS3_5ELS4_3ELi0EELj1EEE7config6EEvRKT_PAsrT1_6n_chan_12ap_shift_regINSA_10value_typeEXsrSD_8in_widthEERN3hls6streamIT0_1 | {2 3 }
	Port: p_ZZN4nnet24compute_output_buffer_2dINS_5arrayI8ap_fixedILi16ELi6EL9ap_q_mode5EL9ap_o_mode3ELi0EELj4EEENS1_IS2_ILi39ELi19ELS3_5ELS4_3ELi0EELj1EEE7config6EEvRKT_PAsrT1_6n_chan_12ap_shift_regINSA_10value_typeEXsrSD_8in_widthEERN3hls6streamIT0_s | {2 3 }
	Port: void_conv_2d_buffer_cl_array_ap_fixed_16_6_5_3_0_4u_array_ap_fixed_39_19_5_3_0_1u_config6_stream_array_ap_fixed_16_6_5_3_0_4u_0_stream_array_ap_fixed_39_19_5_3_0_1u_0_weight_t_bias_t_line_buffer_0 | {2 3 }
	Port: void_conv_2d_buffer_cl_array_ap_fixed_16_6_5_3_0_4u_array_ap_fixed_39_19_5_3_0_1u_config6_stream_array_ap_fixed_16_6_5_3_0_4u_0_stream_array_ap_fixed_39_19_5_3_0_1u_0_weight_t_bias_t_line_buffer | {2 3 }
	Port: void_conv_2d_buffer_cl_array_ap_fixed_16_6_5_3_0_4u_array_ap_fixed_39_19_5_3_0_1u_config6_stream_array_ap_fixed_16_6_5_3_0_4u_0_stream_array_ap_fixed_39_19_5_3_0_1u_0_weight_t_bias_t_line_buffer_1_0 | {2 3 }
	Port: void_conv_2d_buffer_cl_array_ap_fixed_16_6_5_3_0_4u_array_ap_fixed_39_19_5_3_0_1u_config6_stream_array_ap_fixed_16_6_5_3_0_4u_0_stream_array_ap_fixed_39_19_5_3_0_1u_0_weight_t_bias_t_line_buffer_1_1 | {2 3 }
	Port: void_conv_2d_buffer_cl_array_ap_fixed_16_6_5_3_0_4u_array_ap_fixed_39_19_5_3_0_1u_config6_stream_array_ap_fixed_16_6_5_3_0_4u_0_stream_array_ap_fixed_39_19_5_3_0_1u_0_weight_t_bias_t_line_buffer_2_0 | {2 3 }
	Port: void_conv_2d_buffer_cl_array_ap_fixed_16_6_5_3_0_4u_array_ap_fixed_39_19_5_3_0_1u_config6_stream_array_ap_fixed_16_6_5_3_0_4u_0_stream_array_ap_fixed_39_19_5_3_0_1u_0_weight_t_bias_t_line_buffer_2_1 | {2 3 }
	Port: void_conv_2d_buffer_cl_array_ap_fixed_16_6_5_3_0_4u_array_ap_fixed_39_19_5_3_0_1u_config6_stream_array_ap_fixed_16_6_5_3_0_4u_0_stream_array_ap_fixed_39_19_5_3_0_1u_0_weight_t_bias_t_line_buffer_3_0 | {2 3 }
	Port: void_conv_2d_buffer_cl_array_ap_fixed_16_6_5_3_0_4u_array_ap_fixed_39_19_5_3_0_1u_config6_stream_array_ap_fixed_16_6_5_3_0_4u_0_stream_array_ap_fixed_39_19_5_3_0_1u_0_weight_t_bias_t_line_buffer_3_1 | {2 3 }
	Port: sX_1 | {2 3 }
	Port: sY_1 | {2 3 }
	Port: pY_1 | {2 3 }
	Port: pX_1 | {2 3 }
	Port: w6_V | {}
 - Input state : 
	Port: conv_2d_cl<array<ap_fixed<16, 6, 5, 3, 0>, 4u>, array<ap_fixed<39, 19, 5, 3, 0>, 1u>, config6> : layer9_out | {2 }
	Port: conv_2d_cl<array<ap_fixed<16, 6, 5, 3, 0>, 4u>, array<ap_fixed<39, 19, 5, 3, 0>, 1u>, config6> : layer6_out | {}
	Port: conv_2d_cl<array<ap_fixed<16, 6, 5, 3, 0>, 4u>, array<ap_fixed<39, 19, 5, 3, 0>, 1u>, config6> : void_compute_output_buffer_2d_array_array_ap_fixed_1u_config6_array_ap_fixed_16_6_5_3_0_4u_const_ap_shift_reg_value_type_in_width_n_chan_stream_array_ap_fixed_39_19_5_3_0_1u_0_weight_t_bias_t_kernel_data_5 | {2 3 }
	Port: conv_2d_cl<array<ap_fixed<16, 6, 5, 3, 0>, 4u>, array<ap_fixed<39, 19, 5, 3, 0>, 1u>, config6> : void_compute_output_buffer_2d_array_array_ap_fixed_1u_config6_array_ap_fixed_16_6_5_3_0_4u_const_ap_shift_reg_value_type_in_width_n_chan_stream_array_ap_fixed_39_19_5_3_0_1u_0_weight_t_bias_t_kernel_data_9 | {2 3 }
	Port: conv_2d_cl<array<ap_fixed<16, 6, 5, 3, 0>, 4u>, array<ap_fixed<39, 19, 5, 3, 0>, 1u>, config6> : void_compute_output_buffer_2d_array_array_ap_fixed_1u_config6_array_ap_fixed_16_6_5_3_0_4u_const_ap_shift_reg_value_type_in_width_n_chan_stream_array_ap_fixed_39_19_5_3_0_1u_0_weight_t_bias_t_kernel_data_4 | {2 3 }
	Port: conv_2d_cl<array<ap_fixed<16, 6, 5, 3, 0>, 4u>, array<ap_fixed<39, 19, 5, 3, 0>, 1u>, config6> : void_compute_output_buffer_2d_array_array_ap_fixed_1u_config6_array_ap_fixed_16_6_5_3_0_4u_const_ap_shift_reg_value_type_in_width_n_chan_stream_array_ap_fixed_39_19_5_3_0_1u_0_weight_t_bias_t_kernel_data_8 | {2 3 }
	Port: conv_2d_cl<array<ap_fixed<16, 6, 5, 3, 0>, 4u>, array<ap_fixed<39, 19, 5, 3, 0>, 1u>, config6> : void_compute_output_buffer_2d_array_array_ap_fixed_1u_config6_array_ap_fixed_16_6_5_3_0_4u_const_ap_shift_reg_value_type_in_width_n_chan_stream_array_ap_fixed_39_19_5_3_0_1u_0_weight_t_bias_t_kernel_data_3 | {2 3 }
	Port: conv_2d_cl<array<ap_fixed<16, 6, 5, 3, 0>, 4u>, array<ap_fixed<39, 19, 5, 3, 0>, 1u>, config6> : void_compute_output_buffer_2d_array_array_ap_fixed_1u_config6_array_ap_fixed_16_6_5_3_0_4u_const_ap_shift_reg_value_type_in_width_n_chan_stream_array_ap_fixed_39_19_5_3_0_1u_0_weight_t_bias_t_kernel_data_7 | {2 3 }
	Port: conv_2d_cl<array<ap_fixed<16, 6, 5, 3, 0>, 4u>, array<ap_fixed<39, 19, 5, 3, 0>, 1u>, config6> : void_compute_output_buffer_2d_array_array_ap_fixed_1u_config6_array_ap_fixed_16_6_5_3_0_4u_const_ap_shift_reg_value_type_in_width_n_chan_stream_array_ap_fixed_39_19_5_3_0_1u_0_weight_t_bias_t_kernel_data_2 | {2 3 }
	Port: conv_2d_cl<array<ap_fixed<16, 6, 5, 3, 0>, 4u>, array<ap_fixed<39, 19, 5, 3, 0>, 1u>, config6> : void_compute_output_buffer_2d_array_array_ap_fixed_1u_config6_array_ap_fixed_16_6_5_3_0_4u_const_ap_shift_reg_value_type_in_width_n_chan_stream_array_ap_fixed_39_19_5_3_0_1u_0_weight_t_bias_t_kernel_data_6 | {2 3 }
	Port: conv_2d_cl<array<ap_fixed<16, 6, 5, 3, 0>, 4u>, array<ap_fixed<39, 19, 5, 3, 0>, 1u>, config6> : p_ZZN4nnet24compute_output_buffer_2dINS_5arrayI8ap_fixedILi16ELi6EL9ap_q_mode5EL9ap_o_mode3ELi0EELj4EEENS1_IS2_ILi39ELi19ELS3_5ELS4_3ELi0EELj1EEE7config6EEvRKT_PAsrT1_6n_chan_12ap_shift_regINSA_10value_typeEXsrSD_8in_widthEERN3hls6streamIT0_19 | {2 3 }
	Port: conv_2d_cl<array<ap_fixed<16, 6, 5, 3, 0>, 4u>, array<ap_fixed<39, 19, 5, 3, 0>, 1u>, config6> : p_ZZN4nnet24compute_output_buffer_2dINS_5arrayI8ap_fixedILi16ELi6EL9ap_q_mode5EL9ap_o_mode3ELi0EELj4EEENS1_IS2_ILi39ELi19ELS3_5ELS4_3ELi0EELj1EEE7config6EEvRKT_PAsrT1_6n_chan_12ap_shift_regINSA_10value_typeEXsrSD_8in_widthEERN3hls6streamIT0_23 | {2 3 }
	Port: conv_2d_cl<array<ap_fixed<16, 6, 5, 3, 0>, 4u>, array<ap_fixed<39, 19, 5, 3, 0>, 1u>, config6> : p_ZZN4nnet24compute_output_buffer_2dINS_5arrayI8ap_fixedILi16ELi6EL9ap_q_mode5EL9ap_o_mode3ELi0EELj4EEENS1_IS2_ILi39ELi19ELS3_5ELS4_3ELi0EELj1EEE7config6EEvRKT_PAsrT1_6n_chan_12ap_shift_regINSA_10value_typeEXsrSD_8in_widthEERN3hls6streamIT0_18 | {2 3 }
	Port: conv_2d_cl<array<ap_fixed<16, 6, 5, 3, 0>, 4u>, array<ap_fixed<39, 19, 5, 3, 0>, 1u>, config6> : p_ZZN4nnet24compute_output_buffer_2dINS_5arrayI8ap_fixedILi16ELi6EL9ap_q_mode5EL9ap_o_mode3ELi0EELj4EEENS1_IS2_ILi39ELi19ELS3_5ELS4_3ELi0EELj1EEE7config6EEvRKT_PAsrT1_6n_chan_12ap_shift_regINSA_10value_typeEXsrSD_8in_widthEERN3hls6streamIT0_22 | {2 3 }
	Port: conv_2d_cl<array<ap_fixed<16, 6, 5, 3, 0>, 4u>, array<ap_fixed<39, 19, 5, 3, 0>, 1u>, config6> : p_ZZN4nnet24compute_output_buffer_2dINS_5arrayI8ap_fixedILi16ELi6EL9ap_q_mode5EL9ap_o_mode3ELi0EELj4EEENS1_IS2_ILi39ELi19ELS3_5ELS4_3ELi0EELj1EEE7config6EEvRKT_PAsrT1_6n_chan_12ap_shift_regINSA_10value_typeEXsrSD_8in_widthEERN3hls6streamIT0_17 | {2 3 }
	Port: conv_2d_cl<array<ap_fixed<16, 6, 5, 3, 0>, 4u>, array<ap_fixed<39, 19, 5, 3, 0>, 1u>, config6> : p_ZZN4nnet24compute_output_buffer_2dINS_5arrayI8ap_fixedILi16ELi6EL9ap_q_mode5EL9ap_o_mode3ELi0EELj4EEENS1_IS2_ILi39ELi19ELS3_5ELS4_3ELi0EELj1EEE7config6EEvRKT_PAsrT1_6n_chan_12ap_shift_regINSA_10value_typeEXsrSD_8in_widthEERN3hls6streamIT0_21 | {2 3 }
	Port: conv_2d_cl<array<ap_fixed<16, 6, 5, 3, 0>, 4u>, array<ap_fixed<39, 19, 5, 3, 0>, 1u>, config6> : p_ZZN4nnet24compute_output_buffer_2dINS_5arrayI8ap_fixedILi16ELi6EL9ap_q_mode5EL9ap_o_mode3ELi0EELj4EEENS1_IS2_ILi39ELi19ELS3_5ELS4_3ELi0EELj1EEE7config6EEvRKT_PAsrT1_6n_chan_12ap_shift_regINSA_10value_typeEXsrSD_8in_widthEERN3hls6streamIT0_16 | {2 3 }
	Port: conv_2d_cl<array<ap_fixed<16, 6, 5, 3, 0>, 4u>, array<ap_fixed<39, 19, 5, 3, 0>, 1u>, config6> : p_ZZN4nnet24compute_output_buffer_2dINS_5arrayI8ap_fixedILi16ELi6EL9ap_q_mode5EL9ap_o_mode3ELi0EELj4EEENS1_IS2_ILi39ELi19ELS3_5ELS4_3ELi0EELj1EEE7config6EEvRKT_PAsrT1_6n_chan_12ap_shift_regINSA_10value_typeEXsrSD_8in_widthEERN3hls6streamIT0_20 | {2 3 }
	Port: conv_2d_cl<array<ap_fixed<16, 6, 5, 3, 0>, 4u>, array<ap_fixed<39, 19, 5, 3, 0>, 1u>, config6> : p_ZZN4nnet24compute_output_buffer_2dINS_5arrayI8ap_fixedILi16ELi6EL9ap_q_mode5EL9ap_o_mode3ELi0EELj4EEENS1_IS2_ILi39ELi19ELS3_5ELS4_3ELi0EELj1EEE7config6EEvRKT_PAsrT1_6n_chan_12ap_shift_regINSA_10value_typeEXsrSD_8in_widthEERN3hls6streamIT0_7 | {2 3 }
	Port: conv_2d_cl<array<ap_fixed<16, 6, 5, 3, 0>, 4u>, array<ap_fixed<39, 19, 5, 3, 0>, 1u>, config6> : p_ZZN4nnet24compute_output_buffer_2dINS_5arrayI8ap_fixedILi16ELi6EL9ap_q_mode5EL9ap_o_mode3ELi0EELj4EEENS1_IS2_ILi39ELi19ELS3_5ELS4_3ELi0EELj1EEE7config6EEvRKT_PAsrT1_6n_chan_12ap_shift_regINSA_10value_typeEXsrSD_8in_widthEERN3hls6streamIT0_11 | {2 3 }
	Port: conv_2d_cl<array<ap_fixed<16, 6, 5, 3, 0>, 4u>, array<ap_fixed<39, 19, 5, 3, 0>, 1u>, config6> : p_ZZN4nnet24compute_output_buffer_2dINS_5arrayI8ap_fixedILi16ELi6EL9ap_q_mode5EL9ap_o_mode3ELi0EELj4EEENS1_IS2_ILi39ELi19ELS3_5ELS4_3ELi0EELj1EEE7config6EEvRKT_PAsrT1_6n_chan_12ap_shift_regINSA_10value_typeEXsrSD_8in_widthEERN3hls6streamIT0_6 | {2 3 }
	Port: conv_2d_cl<array<ap_fixed<16, 6, 5, 3, 0>, 4u>, array<ap_fixed<39, 19, 5, 3, 0>, 1u>, config6> : p_ZZN4nnet24compute_output_buffer_2dINS_5arrayI8ap_fixedILi16ELi6EL9ap_q_mode5EL9ap_o_mode3ELi0EELj4EEENS1_IS2_ILi39ELi19ELS3_5ELS4_3ELi0EELj1EEE7config6EEvRKT_PAsrT1_6n_chan_12ap_shift_regINSA_10value_typeEXsrSD_8in_widthEERN3hls6streamIT0_10 | {2 3 }
	Port: conv_2d_cl<array<ap_fixed<16, 6, 5, 3, 0>, 4u>, array<ap_fixed<39, 19, 5, 3, 0>, 1u>, config6> : p_ZZN4nnet24compute_output_buffer_2dINS_5arrayI8ap_fixedILi16ELi6EL9ap_q_mode5EL9ap_o_mode3ELi0EELj4EEENS1_IS2_ILi39ELi19ELS3_5ELS4_3ELi0EELj1EEE7config6EEvRKT_PAsrT1_6n_chan_12ap_shift_regINSA_10value_typeEXsrSD_8in_widthEERN3hls6streamIT0_5 | {2 3 }
	Port: conv_2d_cl<array<ap_fixed<16, 6, 5, 3, 0>, 4u>, array<ap_fixed<39, 19, 5, 3, 0>, 1u>, config6> : p_ZZN4nnet24compute_output_buffer_2dINS_5arrayI8ap_fixedILi16ELi6EL9ap_q_mode5EL9ap_o_mode3ELi0EELj4EEENS1_IS2_ILi39ELi19ELS3_5ELS4_3ELi0EELj1EEE7config6EEvRKT_PAsrT1_6n_chan_12ap_shift_regINSA_10value_typeEXsrSD_8in_widthEERN3hls6streamIT0_9 | {2 3 }
	Port: conv_2d_cl<array<ap_fixed<16, 6, 5, 3, 0>, 4u>, array<ap_fixed<39, 19, 5, 3, 0>, 1u>, config6> : p_ZZN4nnet24compute_output_buffer_2dINS_5arrayI8ap_fixedILi16ELi6EL9ap_q_mode5EL9ap_o_mode3ELi0EELj4EEENS1_IS2_ILi39ELi19ELS3_5ELS4_3ELi0EELj1EEE7config6EEvRKT_PAsrT1_6n_chan_12ap_shift_regINSA_10value_typeEXsrSD_8in_widthEERN3hls6streamIT0_4 | {2 3 }
	Port: conv_2d_cl<array<ap_fixed<16, 6, 5, 3, 0>, 4u>, array<ap_fixed<39, 19, 5, 3, 0>, 1u>, config6> : p_ZZN4nnet24compute_output_buffer_2dINS_5arrayI8ap_fixedILi16ELi6EL9ap_q_mode5EL9ap_o_mode3ELi0EELj4EEENS1_IS2_ILi39ELi19ELS3_5ELS4_3ELi0EELj1EEE7config6EEvRKT_PAsrT1_6n_chan_12ap_shift_regINSA_10value_typeEXsrSD_8in_widthEERN3hls6streamIT0_8 | {2 3 }
	Port: conv_2d_cl<array<ap_fixed<16, 6, 5, 3, 0>, 4u>, array<ap_fixed<39, 19, 5, 3, 0>, 1u>, config6> : void_compute_output_buffer_2d_array_array_ap_fixed_1u_config6_array_ap_fixed_16_6_5_3_0_4u_const_ap_shift_reg_value_type_in_width_n_chan_stream_array_ap_fixed_39_19_5_3_0_1u_0_weight_t_bias_t_kernel_data_1 | {2 3 }
	Port: conv_2d_cl<array<ap_fixed<16, 6, 5, 3, 0>, 4u>, array<ap_fixed<39, 19, 5, 3, 0>, 1u>, config6> : void_compute_output_buffer_2d_array_array_ap_fixed_1u_config6_array_ap_fixed_16_6_5_3_0_4u_const_ap_shift_reg_value_type_in_width_n_chan_stream_array_ap_fixed_39_19_5_3_0_1u_0_weight_t_bias_t_kernel_data | {2 3 }
	Port: conv_2d_cl<array<ap_fixed<16, 6, 5, 3, 0>, 4u>, array<ap_fixed<39, 19, 5, 3, 0>, 1u>, config6> : p_ZZN4nnet24compute_output_buffer_2dINS_5arrayI8ap_fixedILi16ELi6EL9ap_q_mode5EL9ap_o_mode3ELi0EELj4EEENS1_IS2_ILi39ELi19ELS3_5ELS4_3ELi0EELj1EEE7config6EEvRKT_PAsrT1_6n_chan_12ap_shift_regINSA_10value_typeEXsrSD_8in_widthEERN3hls6streamIT0_25 | {2 3 }
	Port: conv_2d_cl<array<ap_fixed<16, 6, 5, 3, 0>, 4u>, array<ap_fixed<39, 19, 5, 3, 0>, 1u>, config6> : p_ZZN4nnet24compute_output_buffer_2dINS_5arrayI8ap_fixedILi16ELi6EL9ap_q_mode5EL9ap_o_mode3ELi0EELj4EEENS1_IS2_ILi39ELi19ELS3_5ELS4_3ELi0EELj1EEE7config6EEvRKT_PAsrT1_6n_chan_12ap_shift_regINSA_10value_typeEXsrSD_8in_widthEERN3hls6streamIT0_24 | {2 3 }
	Port: conv_2d_cl<array<ap_fixed<16, 6, 5, 3, 0>, 4u>, array<ap_fixed<39, 19, 5, 3, 0>, 1u>, config6> : p_ZZN4nnet24compute_output_buffer_2dINS_5arrayI8ap_fixedILi16ELi6EL9ap_q_mode5EL9ap_o_mode3ELi0EELj4EEENS1_IS2_ILi39ELi19ELS3_5ELS4_3ELi0EELj1EEE7config6EEvRKT_PAsrT1_6n_chan_12ap_shift_regINSA_10value_typeEXsrSD_8in_widthEERN3hls6streamIT0_15 | {2 3 }
	Port: conv_2d_cl<array<ap_fixed<16, 6, 5, 3, 0>, 4u>, array<ap_fixed<39, 19, 5, 3, 0>, 1u>, config6> : p_ZZN4nnet24compute_output_buffer_2dINS_5arrayI8ap_fixedILi16ELi6EL9ap_q_mode5EL9ap_o_mode3ELi0EELj4EEENS1_IS2_ILi39ELi19ELS3_5ELS4_3ELi0EELj1EEE7config6EEvRKT_PAsrT1_6n_chan_12ap_shift_regINSA_10value_typeEXsrSD_8in_widthEERN3hls6streamIT0_14 | {2 3 }
	Port: conv_2d_cl<array<ap_fixed<16, 6, 5, 3, 0>, 4u>, array<ap_fixed<39, 19, 5, 3, 0>, 1u>, config6> : p_ZZN4nnet24compute_output_buffer_2dINS_5arrayI8ap_fixedILi16ELi6EL9ap_q_mode5EL9ap_o_mode3ELi0EELj4EEENS1_IS2_ILi39ELi19ELS3_5ELS4_3ELi0EELj1EEE7config6EEvRKT_PAsrT1_6n_chan_12ap_shift_regINSA_10value_typeEXsrSD_8in_widthEERN3hls6streamIT0_13 | {2 3 }
	Port: conv_2d_cl<array<ap_fixed<16, 6, 5, 3, 0>, 4u>, array<ap_fixed<39, 19, 5, 3, 0>, 1u>, config6> : p_ZZN4nnet24compute_output_buffer_2dINS_5arrayI8ap_fixedILi16ELi6EL9ap_q_mode5EL9ap_o_mode3ELi0EELj4EEENS1_IS2_ILi39ELi19ELS3_5ELS4_3ELi0EELj1EEE7config6EEvRKT_PAsrT1_6n_chan_12ap_shift_regINSA_10value_typeEXsrSD_8in_widthEERN3hls6streamIT0_12 | {2 3 }
	Port: conv_2d_cl<array<ap_fixed<16, 6, 5, 3, 0>, 4u>, array<ap_fixed<39, 19, 5, 3, 0>, 1u>, config6> : p_ZZN4nnet24compute_output_buffer_2dINS_5arrayI8ap_fixedILi16ELi6EL9ap_q_mode5EL9ap_o_mode3ELi0EELj4EEENS1_IS2_ILi39ELi19ELS3_5ELS4_3ELi0EELj1EEE7config6EEvRKT_PAsrT1_6n_chan_12ap_shift_regINSA_10value_typeEXsrSD_8in_widthEERN3hls6streamIT0_3 | {2 3 }
	Port: conv_2d_cl<array<ap_fixed<16, 6, 5, 3, 0>, 4u>, array<ap_fixed<39, 19, 5, 3, 0>, 1u>, config6> : p_ZZN4nnet24compute_output_buffer_2dINS_5arrayI8ap_fixedILi16ELi6EL9ap_q_mode5EL9ap_o_mode3ELi0EELj4EEENS1_IS2_ILi39ELi19ELS3_5ELS4_3ELi0EELj1EEE7config6EEvRKT_PAsrT1_6n_chan_12ap_shift_regINSA_10value_typeEXsrSD_8in_widthEERN3hls6streamIT0_2 | {2 3 }
	Port: conv_2d_cl<array<ap_fixed<16, 6, 5, 3, 0>, 4u>, array<ap_fixed<39, 19, 5, 3, 0>, 1u>, config6> : p_ZZN4nnet24compute_output_buffer_2dINS_5arrayI8ap_fixedILi16ELi6EL9ap_q_mode5EL9ap_o_mode3ELi0EELj4EEENS1_IS2_ILi39ELi19ELS3_5ELS4_3ELi0EELj1EEE7config6EEvRKT_PAsrT1_6n_chan_12ap_shift_regINSA_10value_typeEXsrSD_8in_widthEERN3hls6streamIT0_1 | {2 3 }
	Port: conv_2d_cl<array<ap_fixed<16, 6, 5, 3, 0>, 4u>, array<ap_fixed<39, 19, 5, 3, 0>, 1u>, config6> : p_ZZN4nnet24compute_output_buffer_2dINS_5arrayI8ap_fixedILi16ELi6EL9ap_q_mode5EL9ap_o_mode3ELi0EELj4EEENS1_IS2_ILi39ELi19ELS3_5ELS4_3ELi0EELj1EEE7config6EEvRKT_PAsrT1_6n_chan_12ap_shift_regINSA_10value_typeEXsrSD_8in_widthEERN3hls6streamIT0_s | {2 3 }
	Port: conv_2d_cl<array<ap_fixed<16, 6, 5, 3, 0>, 4u>, array<ap_fixed<39, 19, 5, 3, 0>, 1u>, config6> : void_conv_2d_buffer_cl_array_ap_fixed_16_6_5_3_0_4u_array_ap_fixed_39_19_5_3_0_1u_config6_stream_array_ap_fixed_16_6_5_3_0_4u_0_stream_array_ap_fixed_39_19_5_3_0_1u_0_weight_t_bias_t_line_buffer_0 | {2 3 }
	Port: conv_2d_cl<array<ap_fixed<16, 6, 5, 3, 0>, 4u>, array<ap_fixed<39, 19, 5, 3, 0>, 1u>, config6> : void_conv_2d_buffer_cl_array_ap_fixed_16_6_5_3_0_4u_array_ap_fixed_39_19_5_3_0_1u_config6_stream_array_ap_fixed_16_6_5_3_0_4u_0_stream_array_ap_fixed_39_19_5_3_0_1u_0_weight_t_bias_t_line_buffer | {2 3 }
	Port: conv_2d_cl<array<ap_fixed<16, 6, 5, 3, 0>, 4u>, array<ap_fixed<39, 19, 5, 3, 0>, 1u>, config6> : void_conv_2d_buffer_cl_array_ap_fixed_16_6_5_3_0_4u_array_ap_fixed_39_19_5_3_0_1u_config6_stream_array_ap_fixed_16_6_5_3_0_4u_0_stream_array_ap_fixed_39_19_5_3_0_1u_0_weight_t_bias_t_line_buffer_1_0 | {2 3 }
	Port: conv_2d_cl<array<ap_fixed<16, 6, 5, 3, 0>, 4u>, array<ap_fixed<39, 19, 5, 3, 0>, 1u>, config6> : void_conv_2d_buffer_cl_array_ap_fixed_16_6_5_3_0_4u_array_ap_fixed_39_19_5_3_0_1u_config6_stream_array_ap_fixed_16_6_5_3_0_4u_0_stream_array_ap_fixed_39_19_5_3_0_1u_0_weight_t_bias_t_line_buffer_1_1 | {2 3 }
	Port: conv_2d_cl<array<ap_fixed<16, 6, 5, 3, 0>, 4u>, array<ap_fixed<39, 19, 5, 3, 0>, 1u>, config6> : void_conv_2d_buffer_cl_array_ap_fixed_16_6_5_3_0_4u_array_ap_fixed_39_19_5_3_0_1u_config6_stream_array_ap_fixed_16_6_5_3_0_4u_0_stream_array_ap_fixed_39_19_5_3_0_1u_0_weight_t_bias_t_line_buffer_2_0 | {2 3 }
	Port: conv_2d_cl<array<ap_fixed<16, 6, 5, 3, 0>, 4u>, array<ap_fixed<39, 19, 5, 3, 0>, 1u>, config6> : void_conv_2d_buffer_cl_array_ap_fixed_16_6_5_3_0_4u_array_ap_fixed_39_19_5_3_0_1u_config6_stream_array_ap_fixed_16_6_5_3_0_4u_0_stream_array_ap_fixed_39_19_5_3_0_1u_0_weight_t_bias_t_line_buffer_2_1 | {2 3 }
	Port: conv_2d_cl<array<ap_fixed<16, 6, 5, 3, 0>, 4u>, array<ap_fixed<39, 19, 5, 3, 0>, 1u>, config6> : void_conv_2d_buffer_cl_array_ap_fixed_16_6_5_3_0_4u_array_ap_fixed_39_19_5_3_0_1u_config6_stream_array_ap_fixed_16_6_5_3_0_4u_0_stream_array_ap_fixed_39_19_5_3_0_1u_0_weight_t_bias_t_line_buffer_3_0 | {2 3 }
	Port: conv_2d_cl<array<ap_fixed<16, 6, 5, 3, 0>, 4u>, array<ap_fixed<39, 19, 5, 3, 0>, 1u>, config6> : void_conv_2d_buffer_cl_array_ap_fixed_16_6_5_3_0_4u_array_ap_fixed_39_19_5_3_0_1u_config6_stream_array_ap_fixed_16_6_5_3_0_4u_0_stream_array_ap_fixed_39_19_5_3_0_1u_0_weight_t_bias_t_line_buffer_3_1 | {2 3 }
	Port: conv_2d_cl<array<ap_fixed<16, 6, 5, 3, 0>, 4u>, array<ap_fixed<39, 19, 5, 3, 0>, 1u>, config6> : sX_1 | {2 3 }
	Port: conv_2d_cl<array<ap_fixed<16, 6, 5, 3, 0>, 4u>, array<ap_fixed<39, 19, 5, 3, 0>, 1u>, config6> : sY_1 | {2 3 }
	Port: conv_2d_cl<array<ap_fixed<16, 6, 5, 3, 0>, 4u>, array<ap_fixed<39, 19, 5, 3, 0>, 1u>, config6> : pY_1 | {2 3 }
	Port: conv_2d_cl<array<ap_fixed<16, 6, 5, 3, 0>, 4u>, array<ap_fixed<39, 19, 5, 3, 0>, 1u>, config6> : pX_1 | {2 3 }
	Port: conv_2d_cl<array<ap_fixed<16, 6, 5, 3, 0>, 4u>, array<ap_fixed<39, 19, 5, 3, 0>, 1u>, config6> : w6_V | {2 3 }
  - Chain level:
	State 1
		store_ln85 : 1
	State 2
		icmp_ln85 : 1
		add_ln85 : 1
		br_ln85 : 2
		call_ln93 : 1
		store_ln85 : 2
	State 3
	State 4


============================================================
+ Verbose Summary: Datapath Resource usage 
============================================================

* Functional unit list:
|----------|----------------------------------------------------------------------------------------------------------|---------|---------|---------|---------|
| Operation|                                              Functional Unit                                             |   DSP   |  Delay  |    FF   |   LUT   |
|----------|----------------------------------------------------------------------------------------------------------|---------|---------|---------|---------|
|   call   | grp_compute_output_buffer_2d_array_ap_fixed_16_6_5_3_0_4u_array_ap_fixed_39_19_5_3_0_1u_config6_s_fu_160 |    1    |  4.764  |   1899  |   563   |
|----------|----------------------------------------------------------------------------------------------------------|---------|---------|---------|---------|
|    add   |                                              add_ln85_fu_282                                             |    0    |    0    |    0    |    20   |
|----------|----------------------------------------------------------------------------------------------------------|---------|---------|---------|---------|
|   icmp   |                                             icmp_ln85_fu_276                                             |    0    |    0    |    0    |    12   |
|----------|----------------------------------------------------------------------------------------------------------|---------|---------|---------|---------|
|   read   |                                        layer9_out_read_read_fu_154                                       |    0    |    0    |    0    |    0    |
|----------|----------------------------------------------------------------------------------------------------------|---------|---------|---------|---------|
|   trunc  |                                            trunc_ln144_fu_288                                            |    0    |    0    |    0    |    0    |
|----------|----------------------------------------------------------------------------------------------------------|---------|---------|---------|---------|
|          |                                           trunc_ln144_s_fu_293                                           |    0    |    0    |    0    |    0    |
|partselect|                                           trunc_ln144_5_fu_304                                           |    0    |    0    |    0    |    0    |
|          |                                           trunc_ln144_6_fu_315                                           |    0    |    0    |    0    |    0    |
|----------|----------------------------------------------------------------------------------------------------------|---------|---------|---------|---------|
|   Total  |                                                                                                          |    1    |  4.764  |   1899  |   595   |
|----------|----------------------------------------------------------------------------------------------------------|---------|---------|---------|---------|

Memories:
N/A

* Register list:
+----------------------+--------+
|                      |   FF   |
+----------------------+--------+
|indvar_flatten_reg_331|   15   |
| trunc_ln144_5_reg_351|   16   |
| trunc_ln144_6_reg_356|   16   |
|  trunc_ln144_reg_341 |   16   |
| trunc_ln144_s_reg_346|   16   |
+----------------------+--------+
|         Total        |   79   |
+----------------------+--------+

* Multiplexer (MUX) list: 
|----------------------------------------------------------------------------------------------------------|------|------|------|--------||---------||---------|
|                                                   Comp                                                   |  Pin | Size |  BW  | S x BW ||  Delay  ||   LUT   |
|----------------------------------------------------------------------------------------------------------|------|------|------|--------||---------||---------|
| grp_compute_output_buffer_2d_array_ap_fixed_16_6_5_3_0_4u_array_ap_fixed_39_19_5_3_0_1u_config6_s_fu_160 |  p1  |   2  |  16  |   32   ||    9    |
| grp_compute_output_buffer_2d_array_ap_fixed_16_6_5_3_0_4u_array_ap_fixed_39_19_5_3_0_1u_config6_s_fu_160 |  p2  |   2  |  16  |   32   ||    9    |
| grp_compute_output_buffer_2d_array_ap_fixed_16_6_5_3_0_4u_array_ap_fixed_39_19_5_3_0_1u_config6_s_fu_160 |  p3  |   2  |  16  |   32   ||    9    |
| grp_compute_output_buffer_2d_array_ap_fixed_16_6_5_3_0_4u_array_ap_fixed_39_19_5_3_0_1u_config6_s_fu_160 |  p4  |   2  |  16  |   32   ||    9    |
|----------------------------------------------------------------------------------------------------------|------|------|------|--------||---------||---------|
|                                                   Total                                                  |      |      |      |   128  ||  6.352  ||    36   |
|----------------------------------------------------------------------------------------------------------|------|------|------|--------||---------||---------|



* Summary:
+-----------+--------+--------+--------+--------+
|           |   DSP  |  Delay |   FF   |   LUT  |
+-----------+--------+--------+--------+--------+
|  Function |    1   |    4   |  1899  |   595  |
|   Memory  |    -   |    -   |    -   |    -   |
|Multiplexer|    -   |    6   |    -   |   36   |
|  Register |    -   |    -   |   79   |    -   |
+-----------+--------+--------+--------+--------+
|   Total   |    1   |   11   |  1978  |   631  |
+-----------+--------+--------+--------+--------+
