

================================================================
== Vitis HLS Report for 'dense_resource_rf_gt_nin_rem0_ap_fixed_16_6_5_3_0_ap_fixed_37_17_5_3_0_config2_mult_s'
================================================================
* Date:           Tue May 26 01:12:49 2026

* Version:        2021.2 (Build 3367213 on Tue Oct 19 02:48:09 MDT 2021)
* Project:        edge_cnn_linear_stream_prj
* Solution:       solution1 (Vivado IP Flow Target)
* Product family: zynq
* Target device:  xc7z020-clg400-1


================================================================
== Performance Estimates
================================================================
+ Timing: 
    * Summary: 
    +--------+----------+----------+------------+
    |  Clock |  Target  | Estimated| Uncertainty|
    +--------+----------+----------+------------+
    |ap_clk  |  10.00 ns|  6.161 ns|     2.70 ns|
    +--------+----------+----------+------------+

+ Latency: 
    * Summary: 
    +---------+---------+----------+----------+-----+-----+------------------------------------------+
    |  Latency (cycles) |  Latency (absolute) |  Interval |                 Pipeline                 |
    |   min   |   max   |    min   |    max   | min | max |                   Type                   |
    +---------+---------+----------+----------+-----+-----+------------------------------------------+
    |       39|       40|  0.390 us|  0.400 us|   36|   36|  loop rewind stp(delay=0 clock cycles(s))|
    +---------+---------+----------+----------+-----+-----+------------------------------------------+

    + Detail: 
        * Instance: 
        N/A

        * Loop: 
        +-------------+---------+---------+----------+-----------+-----------+------+----------+
        |             |  Latency (cycles) | Iteration|  Initiation Interval  | Trip |          |
        |  Loop Name  |   min   |   max   |  Latency |  achieved |   target  | Count| Pipelined|
        +-------------+---------+---------+----------+-----------+-----------+------+----------+
        |- ReuseLoop  |       39|       39|         5|          1|          1|    36|       yes|
        +-------------+---------+---------+----------+-----------+-----------+------+----------+

============================================================
+ Verbose Summary: Synthesis Manager
============================================================
InlineROM: 1
ExposeGlobal: 0
============================================================
+ Verbose Summary: CDFG Model
============================================================
IsTopModel: 0
ResetActiveHigh: 1
IsCombinational: 0
IsDatapathOnly: 0
HasWiredReturn: 1
HasMFsm: 2
HasVarLatency: 1
IsPipeline: 0
IsRtlPipelined: 0
IsInstanceOverlapped: 0
IsDontTouch: 0
HasImplIP: 0
IsGatedGlobalClock: 0

+ Individual pipeline summary: 
  * Pipeline-0: initiation interval (II) = 1, depth = 5


============================================================
+ Verbose Summary: Schedule
============================================================
* Number of FSM states : 5
* Pipeline : 1
  Pipeline-0 : II = 1, D = 5, States = { 1 2 3 4 5 }
* Dataflow Pipeline: 0

* FSM state transitions: 
1 --> 2 
2 --> 3 
3 --> 4 
4 --> 5 
5 --> 

* FSM state operations: 

State 1 <SV = 0> <Delay = 4.84>
ST_1 : Operation 7 [1/1] (1.58ns)   --->   "%br_ln135 = br void %rewind_header" [firmware/nnet_utils/nnet_dense_resource.h:135]   --->   Operation 7 'br' 'br_ln135' <Predicate = true> <Delay = 1.58>
ST_1 : Operation 8 [1/1] (0.00ns)   --->   "%do_init = phi i1 1, void %entry, i1 0, void %V32.i.i.i.i16.exit.i, i1 1, void %dense_resource_rf_gt_nin_rem0<ap_fixed<16, 6, 5, 3, 0>, ap_fixed<37, 17, 5, 3, 0>, config2_mult>.exit"   --->   Operation 8 'phi' 'do_init' <Predicate = true> <Delay = 0.00>
ST_1 : Operation 9 [1/1] (0.00ns)   --->   "%w_index17 = phi i6 0, void %entry, i6 %w_index, void %V32.i.i.i.i16.exit.i, i6 0, void %dense_resource_rf_gt_nin_rem0<ap_fixed<16, 6, 5, 3, 0>, ap_fixed<37, 17, 5, 3, 0>, config2_mult>.exit"   --->   Operation 9 'phi' 'w_index17' <Predicate = true> <Delay = 0.00>
ST_1 : Operation 10 [1/1] (0.00ns)   --->   "%specmemcore_ln0 = specmemcore void @_ssdm_op_SpecMemCore, i11 %w2_V, i64 666, i64 38, i64 18446744073709551615"   --->   Operation 10 'specmemcore' 'specmemcore_ln0' <Predicate = (do_init)> <Delay = 0.00>
ST_1 : Operation 11 [1/1] (0.00ns)   --->   "%void_compute_output_buffer_2d_array_array_ap_fixed_4u_config2_array_ap_fixed_16_6_5_3_0_1u_const_ap_shift_reg_value_type_in_width_n_chan_stream_array_ap_fixed_37_17_5_3_0_4u_0_weight_t_bias_t_kernel_data_8_load = load i16 %void_compute_output_buffer_2d_array_array_ap_fixed_4u_config2_array_ap_fixed_16_6_5_3_0_1u_const_ap_shift_reg_value_type_in_width_n_chan_stream_array_ap_fixed_37_17_5_3_0_4u_0_weight_t_bias_t_kernel_data_8"   --->   Operation 11 'load' 'void_compute_output_buffer_2d_array_array_ap_fixed_4u_config2_array_ap_fixed_16_6_5_3_0_1u_const_ap_shift_reg_value_type_in_width_n_chan_stream_array_ap_fixed_37_17_5_3_0_4u_0_weight_t_bias_t_kernel_data_8_load' <Predicate = (do_init)> <Delay = 0.00>
ST_1 : Operation 12 [1/1] (0.00ns)   --->   "%void_compute_output_buffer_2d_array_array_ap_fixed_4u_config2_array_ap_fixed_16_6_5_3_0_1u_const_ap_shift_reg_value_type_in_width_n_chan_stream_array_ap_fixed_37_17_5_3_0_4u_0_weight_t_bias_t_kernel_data_7_load = load i16 %void_compute_output_buffer_2d_array_array_ap_fixed_4u_config2_array_ap_fixed_16_6_5_3_0_1u_const_ap_shift_reg_value_type_in_width_n_chan_stream_array_ap_fixed_37_17_5_3_0_4u_0_weight_t_bias_t_kernel_data_7"   --->   Operation 12 'load' 'void_compute_output_buffer_2d_array_array_ap_fixed_4u_config2_array_ap_fixed_16_6_5_3_0_1u_const_ap_shift_reg_value_type_in_width_n_chan_stream_array_ap_fixed_37_17_5_3_0_4u_0_weight_t_bias_t_kernel_data_7_load' <Predicate = (do_init)> <Delay = 0.00>
ST_1 : Operation 13 [1/1] (0.00ns)   --->   "%void_compute_output_buffer_2d_array_array_ap_fixed_4u_config2_array_ap_fixed_16_6_5_3_0_1u_const_ap_shift_reg_value_type_in_width_n_chan_stream_array_ap_fixed_37_17_5_3_0_4u_0_weight_t_bias_t_kernel_data_6_load = load i16 %void_compute_output_buffer_2d_array_array_ap_fixed_4u_config2_array_ap_fixed_16_6_5_3_0_1u_const_ap_shift_reg_value_type_in_width_n_chan_stream_array_ap_fixed_37_17_5_3_0_4u_0_weight_t_bias_t_kernel_data_6"   --->   Operation 13 'load' 'void_compute_output_buffer_2d_array_array_ap_fixed_4u_config2_array_ap_fixed_16_6_5_3_0_1u_const_ap_shift_reg_value_type_in_width_n_chan_stream_array_ap_fixed_37_17_5_3_0_4u_0_weight_t_bias_t_kernel_data_6_load' <Predicate = (do_init)> <Delay = 0.00>
ST_1 : Operation 14 [1/1] (0.00ns)   --->   "%void_compute_output_buffer_2d_array_array_ap_fixed_4u_config2_array_ap_fixed_16_6_5_3_0_1u_const_ap_shift_reg_value_type_in_width_n_chan_stream_array_ap_fixed_37_17_5_3_0_4u_0_weight_t_bias_t_kernel_data_5_load = load i16 %void_compute_output_buffer_2d_array_array_ap_fixed_4u_config2_array_ap_fixed_16_6_5_3_0_1u_const_ap_shift_reg_value_type_in_width_n_chan_stream_array_ap_fixed_37_17_5_3_0_4u_0_weight_t_bias_t_kernel_data_5"   --->   Operation 14 'load' 'void_compute_output_buffer_2d_array_array_ap_fixed_4u_config2_array_ap_fixed_16_6_5_3_0_1u_const_ap_shift_reg_value_type_in_width_n_chan_stream_array_ap_fixed_37_17_5_3_0_4u_0_weight_t_bias_t_kernel_data_5_load' <Predicate = (do_init)> <Delay = 0.00>
ST_1 : Operation 15 [1/1] (0.00ns)   --->   "%void_compute_output_buffer_2d_array_array_ap_fixed_4u_config2_array_ap_fixed_16_6_5_3_0_1u_const_ap_shift_reg_value_type_in_width_n_chan_stream_array_ap_fixed_37_17_5_3_0_4u_0_weight_t_bias_t_kernel_data_4_load = load i16 %void_compute_output_buffer_2d_array_array_ap_fixed_4u_config2_array_ap_fixed_16_6_5_3_0_1u_const_ap_shift_reg_value_type_in_width_n_chan_stream_array_ap_fixed_37_17_5_3_0_4u_0_weight_t_bias_t_kernel_data_4"   --->   Operation 15 'load' 'void_compute_output_buffer_2d_array_array_ap_fixed_4u_config2_array_ap_fixed_16_6_5_3_0_1u_const_ap_shift_reg_value_type_in_width_n_chan_stream_array_ap_fixed_37_17_5_3_0_4u_0_weight_t_bias_t_kernel_data_4_load' <Predicate = (do_init)> <Delay = 0.00>
ST_1 : Operation 16 [1/1] (0.00ns)   --->   "%void_compute_output_buffer_2d_array_array_ap_fixed_4u_config2_array_ap_fixed_16_6_5_3_0_1u_const_ap_shift_reg_value_type_in_width_n_chan_stream_array_ap_fixed_37_17_5_3_0_4u_0_weight_t_bias_t_kernel_data_3_load = load i16 %void_compute_output_buffer_2d_array_array_ap_fixed_4u_config2_array_ap_fixed_16_6_5_3_0_1u_const_ap_shift_reg_value_type_in_width_n_chan_stream_array_ap_fixed_37_17_5_3_0_4u_0_weight_t_bias_t_kernel_data_3"   --->   Operation 16 'load' 'void_compute_output_buffer_2d_array_array_ap_fixed_4u_config2_array_ap_fixed_16_6_5_3_0_1u_const_ap_shift_reg_value_type_in_width_n_chan_stream_array_ap_fixed_37_17_5_3_0_4u_0_weight_t_bias_t_kernel_data_3_load' <Predicate = (do_init)> <Delay = 0.00>
ST_1 : Operation 17 [1/1] (0.00ns)   --->   "%void_compute_output_buffer_2d_array_array_ap_fixed_4u_config2_array_ap_fixed_16_6_5_3_0_1u_const_ap_shift_reg_value_type_in_width_n_chan_stream_array_ap_fixed_37_17_5_3_0_4u_0_weight_t_bias_t_kernel_data_2_load = load i16 %void_compute_output_buffer_2d_array_array_ap_fixed_4u_config2_array_ap_fixed_16_6_5_3_0_1u_const_ap_shift_reg_value_type_in_width_n_chan_stream_array_ap_fixed_37_17_5_3_0_4u_0_weight_t_bias_t_kernel_data_2"   --->   Operation 17 'load' 'void_compute_output_buffer_2d_array_array_ap_fixed_4u_config2_array_ap_fixed_16_6_5_3_0_1u_const_ap_shift_reg_value_type_in_width_n_chan_stream_array_ap_fixed_37_17_5_3_0_4u_0_weight_t_bias_t_kernel_data_2_load' <Predicate = (do_init)> <Delay = 0.00>
ST_1 : Operation 18 [1/1] (0.00ns)   --->   "%void_compute_output_buffer_2d_array_array_ap_fixed_4u_config2_array_ap_fixed_16_6_5_3_0_1u_const_ap_shift_reg_value_type_in_width_n_chan_stream_array_ap_fixed_37_17_5_3_0_4u_0_weight_t_bias_t_kernel_data_1_load = load i16 %void_compute_output_buffer_2d_array_array_ap_fixed_4u_config2_array_ap_fixed_16_6_5_3_0_1u_const_ap_shift_reg_value_type_in_width_n_chan_stream_array_ap_fixed_37_17_5_3_0_4u_0_weight_t_bias_t_kernel_data_1"   --->   Operation 18 'load' 'void_compute_output_buffer_2d_array_array_ap_fixed_4u_config2_array_ap_fixed_16_6_5_3_0_1u_const_ap_shift_reg_value_type_in_width_n_chan_stream_array_ap_fixed_37_17_5_3_0_4u_0_weight_t_bias_t_kernel_data_1_load' <Predicate = (do_init)> <Delay = 0.00>
ST_1 : Operation 19 [1/1] (0.00ns)   --->   "%void_compute_output_buffer_2d_array_array_ap_fixed_4u_config2_array_ap_fixed_16_6_5_3_0_1u_const_ap_shift_reg_value_type_in_width_n_chan_stream_array_ap_fixed_37_17_5_3_0_4u_0_weight_t_bias_t_kernel_data_load = load i16 %void_compute_output_buffer_2d_array_array_ap_fixed_4u_config2_array_ap_fixed_16_6_5_3_0_1u_const_ap_shift_reg_value_type_in_width_n_chan_stream_array_ap_fixed_37_17_5_3_0_4u_0_weight_t_bias_t_kernel_data"   --->   Operation 19 'load' 'void_compute_output_buffer_2d_array_array_ap_fixed_4u_config2_array_ap_fixed_16_6_5_3_0_1u_const_ap_shift_reg_value_type_in_width_n_chan_stream_array_ap_fixed_37_17_5_3_0_4u_0_weight_t_bias_t_kernel_data_load' <Predicate = (do_init)> <Delay = 0.00>
ST_1 : Operation 20 [1/1] (1.58ns)   --->   "%br_ln135 = br void %_ZN8ap_fixedILi16ELi6EL9ap_q_mode5EL9ap_o_mode3ELi0EEC2ILi32ELi12ELb1ELS0_5ELS1_3ELi0EEERK13ap_fixed_baseIXT_EXT0_EXT1_EXT2_EXT3_EXT4_EE.exit.split.i" [firmware/nnet_utils/nnet_dense_resource.h:135]   --->   Operation 20 'br' 'br_ln135' <Predicate = (do_init)> <Delay = 1.58>
ST_1 : Operation 21 [1/1] (0.00ns)   --->   "%zext_ln135 = zext i6 %w_index17" [firmware/nnet_utils/nnet_dense_resource.h:135]   --->   Operation 21 'zext' 'zext_ln135' <Predicate = true> <Delay = 0.00>
ST_1 : Operation 22 [1/1] (0.00ns)   --->   "%outidx_1_addr = getelementptr i2 %outidx_1, i64 0, i64 %zext_ln135" [firmware/nnet_utils/nnet_dense_resource.h:139]   --->   Operation 22 'getelementptr' 'outidx_1_addr' <Predicate = true> <Delay = 0.00>
ST_1 : Operation 23 [2/2] (2.32ns)   --->   "%out_index = load i6 %outidx_1_addr"   --->   Operation 23 'load' 'out_index' <Predicate = true> <Delay = 2.32> <CoreInst = "ROM">   --->   Core 95 'ROM' <Latency = 1> <II = 1> <Delay = 2.32> <Storage> <Opcode : 'load'> <Ports = 0> <Width = 2> <Depth = 36> <ROM>
ST_1 : Operation 24 [1/1] (0.00ns)   --->   "%w2_V_addr = getelementptr i11 %w2_V, i64 0, i64 %zext_ln135" [firmware/nnet_utils/nnet_dense_resource.h:135]   --->   Operation 24 'getelementptr' 'w2_V_addr' <Predicate = true> <Delay = 0.00>
ST_1 : Operation 25 [2/2] (3.25ns)   --->   "%w_V = load i6 %w2_V_addr" [firmware/nnet_utils/nnet_dense_resource.h:135]   --->   Operation 25 'load' 'w_V' <Predicate = true> <Delay = 3.25> <CoreInst = "ROM_nP_BRAM">   --->   Core 103 'ROM_nP_BRAM' <Latency = 1> <II = 1> <Delay = 3.25> <Storage> <Opcode : 'load'> <Ports = 0> <Width = 11> <Depth = 36> <ROM>
ST_1 : Operation 26 [1/1] (1.82ns)   --->   "%w_index = add i6 %w_index17, i6 1" [firmware/nnet_utils/nnet_dense_resource.h:135]   --->   Operation 26 'add' 'w_index' <Predicate = true> <Delay = 1.82> <CoreInst = "Adder">   --->   Core 1 'Adder' <Latency = 0> <II = 1> <Delay = 2.07> <FuncUnit> <Opcode : 'add' 'sub'> <InPorts = 2> <OutPorts = 1>
ST_1 : Operation 27 [1/1] (1.42ns)   --->   "%icmp_ln135 = icmp_eq  i6 %w_index17, i6 35" [firmware/nnet_utils/nnet_dense_resource.h:135]   --->   Operation 27 'icmp' 'icmp_ln135' <Predicate = true> <Delay = 1.42> <CoreInst = "Cmp">   --->   Core 9 'Cmp' <Latency = 0> <II = 1> <Delay = 2.47> <FuncUnit> <Opcode : 'icmp'> <InPorts = 2> <OutPorts = 1>
ST_1 : Operation 28 [1/1] (0.00ns)   --->   "%br_ln135 = br i1 %icmp_ln135, void %rewind_header, void %dense_resource_rf_gt_nin_rem0<ap_fixed<16, 6, 5, 3, 0>, ap_fixed<37, 17, 5, 3, 0>, config2_mult>.exit" [firmware/nnet_utils/nnet_dense_resource.h:135]   --->   Operation 28 'br' 'br_ln135' <Predicate = true> <Delay = 0.00>
ST_1 : Operation 29 [1/1] (0.00ns)   --->   "%br_ln0 = br void %rewind_header"   --->   Operation 29 'br' 'br_ln0' <Predicate = (icmp_ln135)> <Delay = 0.00>

State 2 <SV = 1> <Delay = 6.16>
ST_2 : Operation 30 [1/1] (0.00ns)   --->   "%void_compute_output_buffer_2d_array_array_ap_fixed_4u_config2_array_ap_fixed_16_6_5_3_0_1u_const_ap_shift_reg_value_type_in_width_n_chan_stream_array_ap_fixed_37_17_5_3_0_4u_0_weight_t_bias_t_kernel_data_load_rewind = phi i16 0, void %entry, i16 %void_compute_output_buffer_2d_array_array_ap_fixed_4u_config2_array_ap_fixed_16_6_5_3_0_1u_const_ap_shift_reg_value_type_in_width_n_chan_stream_array_ap_fixed_37_17_5_3_0_4u_0_weight_t_bias_t_kernel_data_load_phi, void %V32.i.i.i.i16.exit.i, i16 0, void %dense_resource_rf_gt_nin_rem0<ap_fixed<16, 6, 5, 3, 0>, ap_fixed<37, 17, 5, 3, 0>, config2_mult>.exit"   --->   Operation 30 'phi' 'void_compute_output_buffer_2d_array_array_ap_fixed_4u_config2_array_ap_fixed_16_6_5_3_0_1u_const_ap_shift_reg_value_type_in_width_n_chan_stream_array_ap_fixed_37_17_5_3_0_4u_0_weight_t_bias_t_kernel_data_load_rewind' <Predicate = true> <Delay = 0.00>
ST_2 : Operation 31 [1/1] (0.00ns)   --->   "%void_compute_output_buffer_2d_array_array_ap_fixed_4u_config2_array_ap_fixed_16_6_5_3_0_1u_const_ap_shift_reg_value_type_in_width_n_chan_stream_array_ap_fixed_37_17_5_3_0_4u_0_weight_t_bias_t_kernel_data_1_load_rewind = phi i16 0, void %entry, i16 %void_compute_output_buffer_2d_array_array_ap_fixed_4u_config2_array_ap_fixed_16_6_5_3_0_1u_const_ap_shift_reg_value_type_in_width_n_chan_stream_array_ap_fixed_37_17_5_3_0_4u_0_weight_t_bias_t_kernel_data_1_load_phi, void %V32.i.i.i.i16.exit.i, i16 0, void %dense_resource_rf_gt_nin_rem0<ap_fixed<16, 6, 5, 3, 0>, ap_fixed<37, 17, 5, 3, 0>, config2_mult>.exit"   --->   Operation 31 'phi' 'void_compute_output_buffer_2d_array_array_ap_fixed_4u_config2_array_ap_fixed_16_6_5_3_0_1u_const_ap_shift_reg_value_type_in_width_n_chan_stream_array_ap_fixed_37_17_5_3_0_4u_0_weight_t_bias_t_kernel_data_1_load_rewind' <Predicate = true> <Delay = 0.00>
ST_2 : Operation 32 [1/1] (0.00ns)   --->   "%void_compute_output_buffer_2d_array_array_ap_fixed_4u_config2_array_ap_fixed_16_6_5_3_0_1u_const_ap_shift_reg_value_type_in_width_n_chan_stream_array_ap_fixed_37_17_5_3_0_4u_0_weight_t_bias_t_kernel_data_2_load_rewind = phi i16 0, void %entry, i16 %void_compute_output_buffer_2d_array_array_ap_fixed_4u_config2_array_ap_fixed_16_6_5_3_0_1u_const_ap_shift_reg_value_type_in_width_n_chan_stream_array_ap_fixed_37_17_5_3_0_4u_0_weight_t_bias_t_kernel_data_2_load_phi, void %V32.i.i.i.i16.exit.i, i16 0, void %dense_resource_rf_gt_nin_rem0<ap_fixed<16, 6, 5, 3, 0>, ap_fixed<37, 17, 5, 3, 0>, config2_mult>.exit"   --->   Operation 32 'phi' 'void_compute_output_buffer_2d_array_array_ap_fixed_4u_config2_array_ap_fixed_16_6_5_3_0_1u_const_ap_shift_reg_value_type_in_width_n_chan_stream_array_ap_fixed_37_17_5_3_0_4u_0_weight_t_bias_t_kernel_data_2_load_rewind' <Predicate = true> <Delay = 0.00>
ST_2 : Operation 33 [1/1] (0.00ns)   --->   "%void_compute_output_buffer_2d_array_array_ap_fixed_4u_config2_array_ap_fixed_16_6_5_3_0_1u_const_ap_shift_reg_value_type_in_width_n_chan_stream_array_ap_fixed_37_17_5_3_0_4u_0_weight_t_bias_t_kernel_data_3_load_rewind = phi i16 0, void %entry, i16 %void_compute_output_buffer_2d_array_array_ap_fixed_4u_config2_array_ap_fixed_16_6_5_3_0_1u_const_ap_shift_reg_value_type_in_width_n_chan_stream_array_ap_fixed_37_17_5_3_0_4u_0_weight_t_bias_t_kernel_data_3_load_phi, void %V32.i.i.i.i16.exit.i, i16 0, void %dense_resource_rf_gt_nin_rem0<ap_fixed<16, 6, 5, 3, 0>, ap_fixed<37, 17, 5, 3, 0>, config2_mult>.exit"   --->   Operation 33 'phi' 'void_compute_output_buffer_2d_array_array_ap_fixed_4u_config2_array_ap_fixed_16_6_5_3_0_1u_const_ap_shift_reg_value_type_in_width_n_chan_stream_array_ap_fixed_37_17_5_3_0_4u_0_weight_t_bias_t_kernel_data_3_load_rewind' <Predicate = true> <Delay = 0.00>
ST_2 : Operation 34 [1/1] (0.00ns)   --->   "%void_compute_output_buffer_2d_array_array_ap_fixed_4u_config2_array_ap_fixed_16_6_5_3_0_1u_const_ap_shift_reg_value_type_in_width_n_chan_stream_array_ap_fixed_37_17_5_3_0_4u_0_weight_t_bias_t_kernel_data_4_load_rewind = phi i16 0, void %entry, i16 %void_compute_output_buffer_2d_array_array_ap_fixed_4u_config2_array_ap_fixed_16_6_5_3_0_1u_const_ap_shift_reg_value_type_in_width_n_chan_stream_array_ap_fixed_37_17_5_3_0_4u_0_weight_t_bias_t_kernel_data_4_load_phi, void %V32.i.i.i.i16.exit.i, i16 0, void %dense_resource_rf_gt_nin_rem0<ap_fixed<16, 6, 5, 3, 0>, ap_fixed<37, 17, 5, 3, 0>, config2_mult>.exit"   --->   Operation 34 'phi' 'void_compute_output_buffer_2d_array_array_ap_fixed_4u_config2_array_ap_fixed_16_6_5_3_0_1u_const_ap_shift_reg_value_type_in_width_n_chan_stream_array_ap_fixed_37_17_5_3_0_4u_0_weight_t_bias_t_kernel_data_4_load_rewind' <Predicate = true> <Delay = 0.00>
ST_2 : Operation 35 [1/1] (0.00ns)   --->   "%void_compute_output_buffer_2d_array_array_ap_fixed_4u_config2_array_ap_fixed_16_6_5_3_0_1u_const_ap_shift_reg_value_type_in_width_n_chan_stream_array_ap_fixed_37_17_5_3_0_4u_0_weight_t_bias_t_kernel_data_5_load_rewind = phi i16 0, void %entry, i16 %void_compute_output_buffer_2d_array_array_ap_fixed_4u_config2_array_ap_fixed_16_6_5_3_0_1u_const_ap_shift_reg_value_type_in_width_n_chan_stream_array_ap_fixed_37_17_5_3_0_4u_0_weight_t_bias_t_kernel_data_5_load_phi, void %V32.i.i.i.i16.exit.i, i16 0, void %dense_resource_rf_gt_nin_rem0<ap_fixed<16, 6, 5, 3, 0>, ap_fixed<37, 17, 5, 3, 0>, config2_mult>.exit"   --->   Operation 35 'phi' 'void_compute_output_buffer_2d_array_array_ap_fixed_4u_config2_array_ap_fixed_16_6_5_3_0_1u_const_ap_shift_reg_value_type_in_width_n_chan_stream_array_ap_fixed_37_17_5_3_0_4u_0_weight_t_bias_t_kernel_data_5_load_rewind' <Predicate = true> <Delay = 0.00>
ST_2 : Operation 36 [1/1] (0.00ns)   --->   "%void_compute_output_buffer_2d_array_array_ap_fixed_4u_config2_array_ap_fixed_16_6_5_3_0_1u_const_ap_shift_reg_value_type_in_width_n_chan_stream_array_ap_fixed_37_17_5_3_0_4u_0_weight_t_bias_t_kernel_data_6_load_rewind = phi i16 0, void %entry, i16 %void_compute_output_buffer_2d_array_array_ap_fixed_4u_config2_array_ap_fixed_16_6_5_3_0_1u_const_ap_shift_reg_value_type_in_width_n_chan_stream_array_ap_fixed_37_17_5_3_0_4u_0_weight_t_bias_t_kernel_data_6_load_phi, void %V32.i.i.i.i16.exit.i, i16 0, void %dense_resource_rf_gt_nin_rem0<ap_fixed<16, 6, 5, 3, 0>, ap_fixed<37, 17, 5, 3, 0>, config2_mult>.exit"   --->   Operation 36 'phi' 'void_compute_output_buffer_2d_array_array_ap_fixed_4u_config2_array_ap_fixed_16_6_5_3_0_1u_const_ap_shift_reg_value_type_in_width_n_chan_stream_array_ap_fixed_37_17_5_3_0_4u_0_weight_t_bias_t_kernel_data_6_load_rewind' <Predicate = true> <Delay = 0.00>
ST_2 : Operation 37 [1/1] (0.00ns)   --->   "%void_compute_output_buffer_2d_array_array_ap_fixed_4u_config2_array_ap_fixed_16_6_5_3_0_1u_const_ap_shift_reg_value_type_in_width_n_chan_stream_array_ap_fixed_37_17_5_3_0_4u_0_weight_t_bias_t_kernel_data_7_load_rewind = phi i16 0, void %entry, i16 %void_compute_output_buffer_2d_array_array_ap_fixed_4u_config2_array_ap_fixed_16_6_5_3_0_1u_const_ap_shift_reg_value_type_in_width_n_chan_stream_array_ap_fixed_37_17_5_3_0_4u_0_weight_t_bias_t_kernel_data_7_load_phi, void %V32.i.i.i.i16.exit.i, i16 0, void %dense_resource_rf_gt_nin_rem0<ap_fixed<16, 6, 5, 3, 0>, ap_fixed<37, 17, 5, 3, 0>, config2_mult>.exit"   --->   Operation 37 'phi' 'void_compute_output_buffer_2d_array_array_ap_fixed_4u_config2_array_ap_fixed_16_6_5_3_0_1u_const_ap_shift_reg_value_type_in_width_n_chan_stream_array_ap_fixed_37_17_5_3_0_4u_0_weight_t_bias_t_kernel_data_7_load_rewind' <Predicate = true> <Delay = 0.00>
ST_2 : Operation 38 [1/1] (0.00ns)   --->   "%void_compute_output_buffer_2d_array_array_ap_fixed_4u_config2_array_ap_fixed_16_6_5_3_0_1u_const_ap_shift_reg_value_type_in_width_n_chan_stream_array_ap_fixed_37_17_5_3_0_4u_0_weight_t_bias_t_kernel_data_8_load_rewind = phi i16 0, void %entry, i16 %void_compute_output_buffer_2d_array_array_ap_fixed_4u_config2_array_ap_fixed_16_6_5_3_0_1u_const_ap_shift_reg_value_type_in_width_n_chan_stream_array_ap_fixed_37_17_5_3_0_4u_0_weight_t_bias_t_kernel_data_8_load_phi, void %V32.i.i.i.i16.exit.i, i16 0, void %dense_resource_rf_gt_nin_rem0<ap_fixed<16, 6, 5, 3, 0>, ap_fixed<37, 17, 5, 3, 0>, config2_mult>.exit"   --->   Operation 38 'phi' 'void_compute_output_buffer_2d_array_array_ap_fixed_4u_config2_array_ap_fixed_16_6_5_3_0_1u_const_ap_shift_reg_value_type_in_width_n_chan_stream_array_ap_fixed_37_17_5_3_0_4u_0_weight_t_bias_t_kernel_data_8_load_rewind' <Predicate = true> <Delay = 0.00>
ST_2 : Operation 39 [1/1] (0.00ns)   --->   "%in_index18 = phi i32 0, void %entry, i32 %in_index, void %V32.i.i.i.i16.exit.i, i32 0, void %dense_resource_rf_gt_nin_rem0<ap_fixed<16, 6, 5, 3, 0>, ap_fixed<37, 17, 5, 3, 0>, config2_mult>.exit"   --->   Operation 39 'phi' 'in_index18' <Predicate = true> <Delay = 0.00>
ST_2 : Operation 40 [1/1] (1.58ns)   --->   "%br_ln0 = br i1 %do_init, void %_ZN8ap_fixedILi16ELi6EL9ap_q_mode5EL9ap_o_mode3ELi0EEC2ILi32ELi12ELb1ELS0_5ELS1_3ELi0EEERK13ap_fixed_baseIXT_EXT0_EXT1_EXT2_EXT3_EXT4_EE.exit.split.i, void %rewind_init"   --->   Operation 40 'br' 'br_ln0' <Predicate = true> <Delay = 1.58>
ST_2 : Operation 41 [1/1] (0.00ns)   --->   "%void_compute_output_buffer_2d_array_array_ap_fixed_4u_config2_array_ap_fixed_16_6_5_3_0_1u_const_ap_shift_reg_value_type_in_width_n_chan_stream_array_ap_fixed_37_17_5_3_0_4u_0_weight_t_bias_t_kernel_data_load_phi = phi i16 %void_compute_output_buffer_2d_array_array_ap_fixed_4u_config2_array_ap_fixed_16_6_5_3_0_1u_const_ap_shift_reg_value_type_in_width_n_chan_stream_array_ap_fixed_37_17_5_3_0_4u_0_weight_t_bias_t_kernel_data_load, void %rewind_init, i16 %void_compute_output_buffer_2d_array_array_ap_fixed_4u_config2_array_ap_fixed_16_6_5_3_0_1u_const_ap_shift_reg_value_type_in_width_n_chan_stream_array_ap_fixed_37_17_5_3_0_4u_0_weight_t_bias_t_kernel_data_load_rewind, void %rewind_header"   --->   Operation 41 'phi' 'void_compute_output_buffer_2d_array_array_ap_fixed_4u_config2_array_ap_fixed_16_6_5_3_0_1u_const_ap_shift_reg_value_type_in_width_n_chan_stream_array_ap_fixed_37_17_5_3_0_4u_0_weight_t_bias_t_kernel_data_load_phi' <Predicate = true> <Delay = 0.00>
ST_2 : Operation 42 [1/1] (0.00ns)   --->   "%void_compute_output_buffer_2d_array_array_ap_fixed_4u_config2_array_ap_fixed_16_6_5_3_0_1u_const_ap_shift_reg_value_type_in_width_n_chan_stream_array_ap_fixed_37_17_5_3_0_4u_0_weight_t_bias_t_kernel_data_1_load_phi = phi i16 %void_compute_output_buffer_2d_array_array_ap_fixed_4u_config2_array_ap_fixed_16_6_5_3_0_1u_const_ap_shift_reg_value_type_in_width_n_chan_stream_array_ap_fixed_37_17_5_3_0_4u_0_weight_t_bias_t_kernel_data_1_load, void %rewind_init, i16 %void_compute_output_buffer_2d_array_array_ap_fixed_4u_config2_array_ap_fixed_16_6_5_3_0_1u_const_ap_shift_reg_value_type_in_width_n_chan_stream_array_ap_fixed_37_17_5_3_0_4u_0_weight_t_bias_t_kernel_data_1_load_rewind, void %rewind_header"   --->   Operation 42 'phi' 'void_compute_output_buffer_2d_array_array_ap_fixed_4u_config2_array_ap_fixed_16_6_5_3_0_1u_const_ap_shift_reg_value_type_in_width_n_chan_stream_array_ap_fixed_37_17_5_3_0_4u_0_weight_t_bias_t_kernel_data_1_load_phi' <Predicate = true> <Delay = 0.00>
ST_2 : Operation 43 [1/1] (0.00ns)   --->   "%void_compute_output_buffer_2d_array_array_ap_fixed_4u_config2_array_ap_fixed_16_6_5_3_0_1u_const_ap_shift_reg_value_type_in_width_n_chan_stream_array_ap_fixed_37_17_5_3_0_4u_0_weight_t_bias_t_kernel_data_2_load_phi = phi i16 %void_compute_output_buffer_2d_array_array_ap_fixed_4u_config2_array_ap_fixed_16_6_5_3_0_1u_const_ap_shift_reg_value_type_in_width_n_chan_stream_array_ap_fixed_37_17_5_3_0_4u_0_weight_t_bias_t_kernel_data_2_load, void %rewind_init, i16 %void_compute_output_buffer_2d_array_array_ap_fixed_4u_config2_array_ap_fixed_16_6_5_3_0_1u_const_ap_shift_reg_value_type_in_width_n_chan_stream_array_ap_fixed_37_17_5_3_0_4u_0_weight_t_bias_t_kernel_data_2_load_rewind, void %rewind_header"   --->   Operation 43 'phi' 'void_compute_output_buffer_2d_array_array_ap_fixed_4u_config2_array_ap_fixed_16_6_5_3_0_1u_const_ap_shift_reg_value_type_in_width_n_chan_stream_array_ap_fixed_37_17_5_3_0_4u_0_weight_t_bias_t_kernel_data_2_load_phi' <Predicate = true> <Delay = 0.00>
ST_2 : Operation 44 [1/1] (0.00ns)   --->   "%void_compute_output_buffer_2d_array_array_ap_fixed_4u_config2_array_ap_fixed_16_6_5_3_0_1u_const_ap_shift_reg_value_type_in_width_n_chan_stream_array_ap_fixed_37_17_5_3_0_4u_0_weight_t_bias_t_kernel_data_3_load_phi = phi i16 %void_compute_output_buffer_2d_array_array_ap_fixed_4u_config2_array_ap_fixed_16_6_5_3_0_1u_const_ap_shift_reg_value_type_in_width_n_chan_stream_array_ap_fixed_37_17_5_3_0_4u_0_weight_t_bias_t_kernel_data_3_load, void %rewind_init, i16 %void_compute_output_buffer_2d_array_array_ap_fixed_4u_config2_array_ap_fixed_16_6_5_3_0_1u_const_ap_shift_reg_value_type_in_width_n_chan_stream_array_ap_fixed_37_17_5_3_0_4u_0_weight_t_bias_t_kernel_data_3_load_rewind, void %rewind_header"   --->   Operation 44 'phi' 'void_compute_output_buffer_2d_array_array_ap_fixed_4u_config2_array_ap_fixed_16_6_5_3_0_1u_const_ap_shift_reg_value_type_in_width_n_chan_stream_array_ap_fixed_37_17_5_3_0_4u_0_weight_t_bias_t_kernel_data_3_load_phi' <Predicate = true> <Delay = 0.00>
ST_2 : Operation 45 [1/1] (0.00ns)   --->   "%void_compute_output_buffer_2d_array_array_ap_fixed_4u_config2_array_ap_fixed_16_6_5_3_0_1u_const_ap_shift_reg_value_type_in_width_n_chan_stream_array_ap_fixed_37_17_5_3_0_4u_0_weight_t_bias_t_kernel_data_4_load_phi = phi i16 %void_compute_output_buffer_2d_array_array_ap_fixed_4u_config2_array_ap_fixed_16_6_5_3_0_1u_const_ap_shift_reg_value_type_in_width_n_chan_stream_array_ap_fixed_37_17_5_3_0_4u_0_weight_t_bias_t_kernel_data_4_load, void %rewind_init, i16 %void_compute_output_buffer_2d_array_array_ap_fixed_4u_config2_array_ap_fixed_16_6_5_3_0_1u_const_ap_shift_reg_value_type_in_width_n_chan_stream_array_ap_fixed_37_17_5_3_0_4u_0_weight_t_bias_t_kernel_data_4_load_rewind, void %rewind_header"   --->   Operation 45 'phi' 'void_compute_output_buffer_2d_array_array_ap_fixed_4u_config2_array_ap_fixed_16_6_5_3_0_1u_const_ap_shift_reg_value_type_in_width_n_chan_stream_array_ap_fixed_37_17_5_3_0_4u_0_weight_t_bias_t_kernel_data_4_load_phi' <Predicate = true> <Delay = 0.00>
ST_2 : Operation 46 [1/1] (0.00ns)   --->   "%void_compute_output_buffer_2d_array_array_ap_fixed_4u_config2_array_ap_fixed_16_6_5_3_0_1u_const_ap_shift_reg_value_type_in_width_n_chan_stream_array_ap_fixed_37_17_5_3_0_4u_0_weight_t_bias_t_kernel_data_5_load_phi = phi i16 %void_compute_output_buffer_2d_array_array_ap_fixed_4u_config2_array_ap_fixed_16_6_5_3_0_1u_const_ap_shift_reg_value_type_in_width_n_chan_stream_array_ap_fixed_37_17_5_3_0_4u_0_weight_t_bias_t_kernel_data_5_load, void %rewind_init, i16 %void_compute_output_buffer_2d_array_array_ap_fixed_4u_config2_array_ap_fixed_16_6_5_3_0_1u_const_ap_shift_reg_value_type_in_width_n_chan_stream_array_ap_fixed_37_17_5_3_0_4u_0_weight_t_bias_t_kernel_data_5_load_rewind, void %rewind_header"   --->   Operation 46 'phi' 'void_compute_output_buffer_2d_array_array_ap_fixed_4u_config2_array_ap_fixed_16_6_5_3_0_1u_const_ap_shift_reg_value_type_in_width_n_chan_stream_array_ap_fixed_37_17_5_3_0_4u_0_weight_t_bias_t_kernel_data_5_load_phi' <Predicate = true> <Delay = 0.00>
ST_2 : Operation 47 [1/1] (0.00ns)   --->   "%void_compute_output_buffer_2d_array_array_ap_fixed_4u_config2_array_ap_fixed_16_6_5_3_0_1u_const_ap_shift_reg_value_type_in_width_n_chan_stream_array_ap_fixed_37_17_5_3_0_4u_0_weight_t_bias_t_kernel_data_6_load_phi = phi i16 %void_compute_output_buffer_2d_array_array_ap_fixed_4u_config2_array_ap_fixed_16_6_5_3_0_1u_const_ap_shift_reg_value_type_in_width_n_chan_stream_array_ap_fixed_37_17_5_3_0_4u_0_weight_t_bias_t_kernel_data_6_load, void %rewind_init, i16 %void_compute_output_buffer_2d_array_array_ap_fixed_4u_config2_array_ap_fixed_16_6_5_3_0_1u_const_ap_shift_reg_value_type_in_width_n_chan_stream_array_ap_fixed_37_17_5_3_0_4u_0_weight_t_bias_t_kernel_data_6_load_rewind, void %rewind_header"   --->   Operation 47 'phi' 'void_compute_output_buffer_2d_array_array_ap_fixed_4u_config2_array_ap_fixed_16_6_5_3_0_1u_const_ap_shift_reg_value_type_in_width_n_chan_stream_array_ap_fixed_37_17_5_3_0_4u_0_weight_t_bias_t_kernel_data_6_load_phi' <Predicate = true> <Delay = 0.00>
ST_2 : Operation 48 [1/1] (0.00ns)   --->   "%void_compute_output_buffer_2d_array_array_ap_fixed_4u_config2_array_ap_fixed_16_6_5_3_0_1u_const_ap_shift_reg_value_type_in_width_n_chan_stream_array_ap_fixed_37_17_5_3_0_4u_0_weight_t_bias_t_kernel_data_7_load_phi = phi i16 %void_compute_output_buffer_2d_array_array_ap_fixed_4u_config2_array_ap_fixed_16_6_5_3_0_1u_const_ap_shift_reg_value_type_in_width_n_chan_stream_array_ap_fixed_37_17_5_3_0_4u_0_weight_t_bias_t_kernel_data_7_load, void %rewind_init, i16 %void_compute_output_buffer_2d_array_array_ap_fixed_4u_config2_array_ap_fixed_16_6_5_3_0_1u_const_ap_shift_reg_value_type_in_width_n_chan_stream_array_ap_fixed_37_17_5_3_0_4u_0_weight_t_bias_t_kernel_data_7_load_rewind, void %rewind_header"   --->   Operation 48 'phi' 'void_compute_output_buffer_2d_array_array_ap_fixed_4u_config2_array_ap_fixed_16_6_5_3_0_1u_const_ap_shift_reg_value_type_in_width_n_chan_stream_array_ap_fixed_37_17_5_3_0_4u_0_weight_t_bias_t_kernel_data_7_load_phi' <Predicate = true> <Delay = 0.00>
ST_2 : Operation 49 [1/1] (0.00ns)   --->   "%void_compute_output_buffer_2d_array_array_ap_fixed_4u_config2_array_ap_fixed_16_6_5_3_0_1u_const_ap_shift_reg_value_type_in_width_n_chan_stream_array_ap_fixed_37_17_5_3_0_4u_0_weight_t_bias_t_kernel_data_8_load_phi = phi i16 %void_compute_output_buffer_2d_array_array_ap_fixed_4u_config2_array_ap_fixed_16_6_5_3_0_1u_const_ap_shift_reg_value_type_in_width_n_chan_stream_array_ap_fixed_37_17_5_3_0_4u_0_weight_t_bias_t_kernel_data_8_load, void %rewind_init, i16 %void_compute_output_buffer_2d_array_array_ap_fixed_4u_config2_array_ap_fixed_16_6_5_3_0_1u_const_ap_shift_reg_value_type_in_width_n_chan_stream_array_ap_fixed_37_17_5_3_0_4u_0_weight_t_bias_t_kernel_data_8_load_rewind, void %rewind_header"   --->   Operation 49 'phi' 'void_compute_output_buffer_2d_array_array_ap_fixed_4u_config2_array_ap_fixed_16_6_5_3_0_1u_const_ap_shift_reg_value_type_in_width_n_chan_stream_array_ap_fixed_37_17_5_3_0_4u_0_weight_t_bias_t_kernel_data_8_load_phi' <Predicate = true> <Delay = 0.00>
ST_2 : Operation 50 [1/2] (2.32ns)   --->   "%out_index = load i6 %outidx_1_addr"   --->   Operation 50 'load' 'out_index' <Predicate = true> <Delay = 2.32> <CoreInst = "ROM">   --->   Core 95 'ROM' <Latency = 1> <II = 1> <Delay = 2.32> <Storage> <Opcode : 'load'> <Ports = 0> <Width = 2> <Depth = 36> <ROM>
ST_2 : Operation 51 [1/1] (2.42ns)   --->   "%a_V = mux i16 @_ssdm_op_Mux.ap_auto.9i16.i32, i16 %void_compute_output_buffer_2d_array_array_ap_fixed_4u_config2_array_ap_fixed_16_6_5_3_0_1u_const_ap_shift_reg_value_type_in_width_n_chan_stream_array_ap_fixed_37_17_5_3_0_4u_0_weight_t_bias_t_kernel_data_8_load_phi, i16 %void_compute_output_buffer_2d_array_array_ap_fixed_4u_config2_array_ap_fixed_16_6_5_3_0_1u_const_ap_shift_reg_value_type_in_width_n_chan_stream_array_ap_fixed_37_17_5_3_0_4u_0_weight_t_bias_t_kernel_data_7_load_phi, i16 %void_compute_output_buffer_2d_array_array_ap_fixed_4u_config2_array_ap_fixed_16_6_5_3_0_1u_const_ap_shift_reg_value_type_in_width_n_chan_stream_array_ap_fixed_37_17_5_3_0_4u_0_weight_t_bias_t_kernel_data_6_load_phi, i16 %void_compute_output_buffer_2d_array_array_ap_fixed_4u_config2_array_ap_fixed_16_6_5_3_0_1u_const_ap_shift_reg_value_type_in_width_n_chan_stream_array_ap_fixed_37_17_5_3_0_4u_0_weight_t_bias_t_kernel_data_5_load_phi, i16 %void_compute_output_buffer_2d_array_array_ap_fixed_4u_config2_array_ap_fixed_16_6_5_3_0_1u_const_ap_shift_reg_value_type_in_width_n_chan_stream_array_ap_fixed_37_17_5_3_0_4u_0_weight_t_bias_t_kernel_data_4_load_phi, i16 %void_compute_output_buffer_2d_array_array_ap_fixed_4u_config2_array_ap_fixed_16_6_5_3_0_1u_const_ap_shift_reg_value_type_in_width_n_chan_stream_array_ap_fixed_37_17_5_3_0_4u_0_weight_t_bias_t_kernel_data_3_load_phi, i16 %void_compute_output_buffer_2d_array_array_ap_fixed_4u_config2_array_ap_fixed_16_6_5_3_0_1u_const_ap_shift_reg_value_type_in_width_n_chan_stream_array_ap_fixed_37_17_5_3_0_4u_0_weight_t_bias_t_kernel_data_2_load_phi, i16 %void_compute_output_buffer_2d_array_array_ap_fixed_4u_config2_array_ap_fixed_16_6_5_3_0_1u_const_ap_shift_reg_value_type_in_width_n_chan_stream_array_ap_fixed_37_17_5_3_0_4u_0_weight_t_bias_t_kernel_data_1_load_phi, i16 %void_compute_output_buffer_2d_array_array_ap_fixed_4u_config2_array_ap_fixed_16_6_5_3_0_1u_const_ap_shift_reg_value_type_in_width_n_chan_stream_array_ap_fixed_37_17_5_3_0_4u_0_weight_t_bias_t_kernel_data_load_phi, i32 %in_index18" [firmware/nnet_utils/nnet_dense_resource.h:154]   --->   Operation 51 'mux' 'a_V' <Predicate = true> <Delay = 2.42> <CoreInst = "Multiplexer">   --->   Core 76 'Multiplexer' <Latency = 0> <II = 1> <Delay = 2.42> <FuncUnit> <Opcode : 'mux'> <InPorts = 2> <OutPorts = 1>
ST_2 : Operation 52 [1/2] (3.25ns)   --->   "%w_V = load i6 %w2_V_addr" [firmware/nnet_utils/nnet_dense_resource.h:135]   --->   Operation 52 'load' 'w_V' <Predicate = true> <Delay = 3.25> <CoreInst = "ROM_nP_BRAM">   --->   Core 103 'ROM_nP_BRAM' <Latency = 1> <II = 1> <Delay = 3.25> <Storage> <Opcode : 'load'> <Ports = 0> <Width = 11> <Depth = 36> <ROM>
ST_2 : Operation 53 [1/1] (0.00ns)   --->   "%sext_ln1168 = sext i16 %a_V"   --->   Operation 53 'sext' 'sext_ln1168' <Predicate = true> <Delay = 0.00>
ST_2 : Operation 54 [1/1] (0.00ns)   --->   "%sext_ln1168_3 = sext i11 %w_V"   --->   Operation 54 'sext' 'sext_ln1168_3' <Predicate = true> <Delay = 0.00>
ST_2 : Operation 55 [4/4] (2.15ns) (root node of the DSP)   --->   "%mul_ln1168 = mul i26 %sext_ln1168, i26 %sext_ln1168_3"   --->   Operation 55 'mul' 'mul_ln1168' <Predicate = true> <Delay = 2.15> <CoreInst = "DSP48">   --->   Core 119 'DSP48' <Latency = 3> <II = 1> <Delay = 2.15> <IPBlock> <Opcode : 'mul' 'add' 'sub' 'select'> <InPorts = 0> <OutPorts = 1> <Sync> <CReg>
ST_2 : Operation 56 [1/1] (2.55ns)   --->   "%in_index_2 = add i32 %in_index18, i32 1" [firmware/nnet_utils/nnet_dense_resource.h:153]   --->   Operation 56 'add' 'in_index_2' <Predicate = true> <Delay = 2.55> <CoreInst = "Adder">   --->   Core 1 'Adder' <Latency = 0> <II = 1> <Delay = 2.07> <FuncUnit> <Opcode : 'add' 'sub'> <InPorts = 2> <OutPorts = 1>
ST_2 : Operation 57 [1/1] (2.47ns)   --->   "%icmp_ln154 = icmp_sgt  i32 %in_index_2, i32 8" [firmware/nnet_utils/nnet_dense_resource.h:154]   --->   Operation 57 'icmp' 'icmp_ln154' <Predicate = true> <Delay = 2.47> <CoreInst = "Cmp">   --->   Core 9 'Cmp' <Latency = 0> <II = 1> <Delay = 2.47> <FuncUnit> <Opcode : 'icmp'> <InPorts = 2> <OutPorts = 1>
ST_2 : Operation 58 [1/1] (0.69ns)   --->   "%in_index = select i1 %icmp_ln154, i32 0, i32 %in_index_2" [firmware/nnet_utils/nnet_dense_resource.h:154]   --->   Operation 58 'select' 'in_index' <Predicate = true> <Delay = 0.69> <CoreInst = "Sel">   --->   Core 73 'Sel' <Latency = 0> <II = 1> <Delay = 0.69> <FuncUnit> <Opcode : 'select'> <InPorts = 3> <OutPorts = 1>

State 3 <SV = 2> <Delay = 2.15>
ST_3 : Operation 59 [3/4] (2.15ns) (root node of the DSP)   --->   "%mul_ln1168 = mul i26 %sext_ln1168, i26 %sext_ln1168_3"   --->   Operation 59 'mul' 'mul_ln1168' <Predicate = true> <Delay = 2.15> <CoreInst = "DSP48">   --->   Core 119 'DSP48' <Latency = 3> <II = 1> <Delay = 2.15> <IPBlock> <Opcode : 'mul' 'add' 'sub' 'select'> <InPorts = 0> <OutPorts = 1> <Sync> <CReg>

State 4 <SV = 3> <Delay = 2.15>
ST_4 : Operation 60 [2/4] (2.15ns) (root node of the DSP)   --->   "%mul_ln1168 = mul i26 %sext_ln1168, i26 %sext_ln1168_3"   --->   Operation 60 'mul' 'mul_ln1168' <Predicate = true> <Delay = 2.15> <CoreInst = "DSP48">   --->   Core 119 'DSP48' <Latency = 3> <II = 1> <Delay = 2.15> <IPBlock> <Opcode : 'mul' 'add' 'sub' 'select'> <InPorts = 0> <OutPorts = 1> <Sync> <CReg>

State 5 <SV = 4> <Delay = 5.49>
ST_5 : Operation 61 [1/1] (0.00ns)   --->   "%conv_i1_i15_i16 = phi i16 132, void %entry, i16 %acc_V, void %V32.i.i.i.i16.exit.i, i16 132, void %dense_resource_rf_gt_nin_rem0<ap_fixed<16, 6, 5, 3, 0>, ap_fixed<37, 17, 5, 3, 0>, config2_mult>.exit"   --->   Operation 61 'phi' 'conv_i1_i15_i16' <Predicate = true> <Delay = 0.00>
ST_5 : Operation 62 [1/1] (0.00ns)   --->   "%conv_i1_i18_i14 = phi i16 80, void %entry, i16 %acc_V_10, void %V32.i.i.i.i16.exit.i, i16 80, void %dense_resource_rf_gt_nin_rem0<ap_fixed<16, 6, 5, 3, 0>, ap_fixed<37, 17, 5, 3, 0>, config2_mult>.exit"   --->   Operation 62 'phi' 'conv_i1_i18_i14' <Predicate = true> <Delay = 0.00>
ST_5 : Operation 63 [1/1] (0.00ns)   --->   "%conv_i1_i21_i12 = phi i16 65526, void %entry, i16 %acc_V_11, void %V32.i.i.i.i16.exit.i, i16 65526, void %dense_resource_rf_gt_nin_rem0<ap_fixed<16, 6, 5, 3, 0>, ap_fixed<37, 17, 5, 3, 0>, config2_mult>.exit"   --->   Operation 63 'phi' 'conv_i1_i21_i12' <Predicate = true> <Delay = 0.00>
ST_5 : Operation 64 [1/1] (0.00ns)   --->   "%conv_i1_i24_i10 = phi i16 50, void %entry, i16 %acc_V_12, void %V32.i.i.i.i16.exit.i, i16 50, void %dense_resource_rf_gt_nin_rem0<ap_fixed<16, 6, 5, 3, 0>, ap_fixed<37, 17, 5, 3, 0>, config2_mult>.exit"   --->   Operation 64 'phi' 'conv_i1_i24_i10' <Predicate = true> <Delay = 0.00>
ST_5 : Operation 65 [1/1] (0.00ns)   --->   "%empty = speclooptripcount i32 @_ssdm_op_SpecLoopTripCount, i64 36, i64 36, i64 36"   --->   Operation 65 'speclooptripcount' 'empty' <Predicate = true> <Delay = 0.00>
ST_5 : Operation 66 [1/1] (0.00ns)   --->   "%specpipeline_ln119 = specpipeline void @_ssdm_op_SpecPipeline, i32 1, i32 0, i32 0, i32 0, void @empty_7" [firmware/nnet_utils/nnet_dense_resource.h:119]   --->   Operation 66 'specpipeline' 'specpipeline_ln119' <Predicate = true> <Delay = 0.00>
ST_5 : Operation 67 [1/1] (0.00ns)   --->   "%specloopname_ln119 = specloopname void @_ssdm_op_SpecLoopName, void @empty_1" [firmware/nnet_utils/nnet_dense_resource.h:119]   --->   Operation 67 'specloopname' 'specloopname_ln119' <Predicate = true> <Delay = 0.00>
ST_5 : Operation 68 [1/4] (0.00ns) (root node of the DSP)   --->   "%mul_ln1168 = mul i26 %sext_ln1168, i26 %sext_ln1168_3"   --->   Operation 68 'mul' 'mul_ln1168' <Predicate = true> <Delay = 0.00> <CoreInst = "DSP48">   --->   Core 119 'DSP48' <Latency = 3> <II = 1> <Delay = 2.15> <IPBlock> <Opcode : 'mul' 'add' 'sub' 'select'> <InPorts = 0> <OutPorts = 1> <Sync> <CReg>
ST_5 : Operation 69 [1/1] (0.00ns)   --->   "%trunc_ln = partselect i16 @_ssdm_op_PartSelect.i16.i26.i32.i32, i26 %mul_ln1168, i32 10, i32 25"   --->   Operation 69 'partselect' 'trunc_ln' <Predicate = true> <Delay = 0.00>
ST_5 : Operation 70 [1/1] (1.82ns)   --->   "%tmp_i = mux i16 @_ssdm_op_Mux.ap_auto.4i16.i2, i16 %conv_i1_i15_i16, i16 %conv_i1_i18_i14, i16 %conv_i1_i21_i12, i16 %conv_i1_i24_i10, i2 %out_index"   --->   Operation 70 'mux' 'tmp_i' <Predicate = true> <Delay = 1.82> <CoreInst = "Multiplexer">   --->   Core 76 'Multiplexer' <Latency = 0> <II = 1> <Delay = 1.82> <FuncUnit> <Opcode : 'mux'> <InPorts = 2> <OutPorts = 1>
ST_5 : Operation 71 [1/1] (2.07ns)   --->   "%add_ln712 = add i16 %trunc_ln, i16 %tmp_i"   --->   Operation 71 'add' 'add_ln712' <Predicate = true> <Delay = 2.07> <CoreInst = "Adder">   --->   Core 1 'Adder' <Latency = 0> <II = 1> <Delay = 2.07> <FuncUnit> <Opcode : 'add' 'sub'> <InPorts = 2> <OutPorts = 1>
ST_5 : Operation 72 [1/1] (1.58ns)   --->   "%switch_ln707 = switch i2 %out_index, void %V32.i.i.i.i16.case.3.i, i2 0, void %V32.i.i.i.i16.exit.i, i2 1, void %V32.i.i.i.i16.case.1.i, i2 2, void %V32.i.i.i.i16.case.2.i"   --->   Operation 72 'switch' 'switch_ln707' <Predicate = true> <Delay = 1.58>
ST_5 : Operation 73 [1/1] (1.58ns)   --->   "%br_ln712 = br void %V32.i.i.i.i16.exit.i"   --->   Operation 73 'br' 'br_ln712' <Predicate = (out_index == 2)> <Delay = 1.58>
ST_5 : Operation 74 [1/1] (1.58ns)   --->   "%br_ln712 = br void %V32.i.i.i.i16.exit.i"   --->   Operation 74 'br' 'br_ln712' <Predicate = (out_index == 1)> <Delay = 1.58>
ST_5 : Operation 75 [1/1] (1.58ns)   --->   "%br_ln712 = br void %V32.i.i.i.i16.exit.i"   --->   Operation 75 'br' 'br_ln712' <Predicate = (out_index == 3)> <Delay = 1.58>
ST_5 : Operation 76 [1/1] (0.00ns)   --->   "%acc_V_12 = phi i16 %add_ln712, void %V32.i.i.i.i16.case.3.i, i16 %conv_i1_i24_i10, void %V32.i.i.i.i16.case.2.i, i16 %conv_i1_i24_i10, void %V32.i.i.i.i16.case.1.i, i16 %conv_i1_i24_i10, void %_ZN8ap_fixedILi16ELi6EL9ap_q_mode5EL9ap_o_mode3ELi0EEC2ILi32ELi12ELb1ELS0_5ELS1_3ELi0EEERK13ap_fixed_baseIXT_EXT0_EXT1_EXT2_EXT3_EXT4_EE.exit.split.i"   --->   Operation 76 'phi' 'acc_V_12' <Predicate = true> <Delay = 0.00>
ST_5 : Operation 77 [1/1] (0.00ns)   --->   "%acc_V_11 = phi i16 %conv_i1_i21_i12, void %V32.i.i.i.i16.case.3.i, i16 %add_ln712, void %V32.i.i.i.i16.case.2.i, i16 %conv_i1_i21_i12, void %V32.i.i.i.i16.case.1.i, i16 %conv_i1_i21_i12, void %_ZN8ap_fixedILi16ELi6EL9ap_q_mode5EL9ap_o_mode3ELi0EEC2ILi32ELi12ELb1ELS0_5ELS1_3ELi0EEERK13ap_fixed_baseIXT_EXT0_EXT1_EXT2_EXT3_EXT4_EE.exit.split.i"   --->   Operation 77 'phi' 'acc_V_11' <Predicate = true> <Delay = 0.00>
ST_5 : Operation 78 [1/1] (0.00ns)   --->   "%acc_V_10 = phi i16 %conv_i1_i18_i14, void %V32.i.i.i.i16.case.3.i, i16 %conv_i1_i18_i14, void %V32.i.i.i.i16.case.2.i, i16 %add_ln712, void %V32.i.i.i.i16.case.1.i, i16 %conv_i1_i18_i14, void %_ZN8ap_fixedILi16ELi6EL9ap_q_mode5EL9ap_o_mode3ELi0EEC2ILi32ELi12ELb1ELS0_5ELS1_3ELi0EEERK13ap_fixed_baseIXT_EXT0_EXT1_EXT2_EXT3_EXT4_EE.exit.split.i"   --->   Operation 78 'phi' 'acc_V_10' <Predicate = true> <Delay = 0.00>
ST_5 : Operation 79 [1/1] (0.00ns)   --->   "%acc_V = phi i16 %conv_i1_i15_i16, void %V32.i.i.i.i16.case.3.i, i16 %conv_i1_i15_i16, void %V32.i.i.i.i16.case.2.i, i16 %conv_i1_i15_i16, void %V32.i.i.i.i16.case.1.i, i16 %add_ln712, void %_ZN8ap_fixedILi16ELi6EL9ap_q_mode5EL9ap_o_mode3ELi0EEC2ILi32ELi12ELb1ELS0_5ELS1_3ELi0EEERK13ap_fixed_baseIXT_EXT0_EXT1_EXT2_EXT3_EXT4_EE.exit.split.i"   --->   Operation 79 'phi' 'acc_V' <Predicate = true> <Delay = 0.00>
ST_5 : Operation 80 [1/1] (0.00ns)   --->   "%shl_ln = bitconcatenate i26 @_ssdm_op_BitConcatenate.i26.i16.i10, i16 %acc_V, i10 0"   --->   Operation 80 'bitconcatenate' 'shl_ln' <Predicate = (icmp_ln135)> <Delay = 0.00>
ST_5 : Operation 81 [1/1] (0.00ns)   --->   "%sext_ln110 = sext i26 %shl_ln" [firmware/nnet_utils/nnet_mult.h:110]   --->   Operation 81 'sext' 'sext_ln110' <Predicate = (icmp_ln135)> <Delay = 0.00>
ST_5 : Operation 82 [1/1] (0.00ns)   --->   "%shl_ln737_4 = bitconcatenate i26 @_ssdm_op_BitConcatenate.i26.i16.i10, i16 %acc_V_10, i10 0"   --->   Operation 82 'bitconcatenate' 'shl_ln737_4' <Predicate = (icmp_ln135)> <Delay = 0.00>
ST_5 : Operation 83 [1/1] (0.00ns)   --->   "%sext_ln110_3 = sext i26 %shl_ln737_4" [firmware/nnet_utils/nnet_mult.h:110]   --->   Operation 83 'sext' 'sext_ln110_3' <Predicate = (icmp_ln135)> <Delay = 0.00>
ST_5 : Operation 84 [1/1] (0.00ns)   --->   "%shl_ln737_5 = bitconcatenate i26 @_ssdm_op_BitConcatenate.i26.i16.i10, i16 %acc_V_11, i10 0"   --->   Operation 84 'bitconcatenate' 'shl_ln737_5' <Predicate = (icmp_ln135)> <Delay = 0.00>
ST_5 : Operation 85 [1/1] (0.00ns)   --->   "%sext_ln110_4 = sext i26 %shl_ln737_5" [firmware/nnet_utils/nnet_mult.h:110]   --->   Operation 85 'sext' 'sext_ln110_4' <Predicate = (icmp_ln135)> <Delay = 0.00>
ST_5 : Operation 86 [1/1] (0.00ns)   --->   "%shl_ln737_6 = bitconcatenate i26 @_ssdm_op_BitConcatenate.i26.i16.i10, i16 %acc_V_12, i10 0"   --->   Operation 86 'bitconcatenate' 'shl_ln737_6' <Predicate = (icmp_ln135)> <Delay = 0.00>
ST_5 : Operation 87 [1/1] (0.00ns)   --->   "%sext_ln166 = sext i26 %shl_ln737_6" [firmware/nnet_utils/nnet_dense_resource.h:166]   --->   Operation 87 'sext' 'sext_ln166' <Predicate = (icmp_ln135)> <Delay = 0.00>
ST_5 : Operation 88 [1/1] (0.00ns)   --->   "%mrv_i = insertvalue i148 <undef>, i37 %sext_ln110" [firmware/nnet_utils/nnet_dense_resource.h:166]   --->   Operation 88 'insertvalue' 'mrv_i' <Predicate = (icmp_ln135)> <Delay = 0.00>
ST_5 : Operation 89 [1/1] (0.00ns)   --->   "%mrv_1_i = insertvalue i148 %mrv_i, i37 %sext_ln110_3" [firmware/nnet_utils/nnet_dense_resource.h:166]   --->   Operation 89 'insertvalue' 'mrv_1_i' <Predicate = (icmp_ln135)> <Delay = 0.00>
ST_5 : Operation 90 [1/1] (0.00ns)   --->   "%mrv_2_i = insertvalue i148 %mrv_1_i, i37 %sext_ln110_4" [firmware/nnet_utils/nnet_dense_resource.h:166]   --->   Operation 90 'insertvalue' 'mrv_2_i' <Predicate = (icmp_ln135)> <Delay = 0.00>
ST_5 : Operation 91 [1/1] (0.00ns)   --->   "%mrv_3_i = insertvalue i148 %mrv_2_i, i37 %sext_ln166" [firmware/nnet_utils/nnet_dense_resource.h:166]   --->   Operation 91 'insertvalue' 'mrv_3_i' <Predicate = (icmp_ln135)> <Delay = 0.00>
ST_5 : Operation 92 [1/1] (0.00ns)   --->   "%return_ln166 = return void @_ssdm_op_Return, i148 %mrv_3_i" [firmware/nnet_utils/nnet_dense_resource.h:166]   --->   Operation 92 'return' 'return_ln166' <Predicate = (icmp_ln135)> <Delay = 0.00>


============================================================
+ Verbose Summary: Binding
============================================================
STG Binding: 
---------------- STG Properties BEGIN ----------------
- Is combinational: 0
- Is one-state seq: 0
- Is datapath-only: 0
- Is pipelined: 0
- Is top level: 0
Port [ Return ] is wired: 1; IO mode=ap_ctrl_hs:ce=0
Port [ outidx_1]:  wired=0; compound=1; hidden=1; nouse=0; global=1; static=1; extern=0; dir=0; type=1; pingpong=0; private_global=1; MemPort=[1]; IO mode=ap_memory:ce=0
Port [ w2_V]:  wired=0; compound=1; hidden=1; nouse=0; global=1; static=1; extern=0; dir=0; type=1; pingpong=0; private_global=1; MemPort=[1]; IO mode=ap_memory:ce=0
Port [ void_compute_output_buffer_2d_array_array_ap_fixed_4u_config2_array_ap_fixed_16_6_5_3_0_1u_const_ap_shift_reg_value_type_in_width_n_chan_stream_array_ap_fixed_37_17_5_3_0_4u_0_weight_t_bias_t_kernel_data_8]:  wired=1; compound=0; hidden=0; nouse=0; global=1; static=1; extern=0; dir=0; type=0; pingpong=0; private_global=0; IO mode=ap_none:ce=0
Port [ void_compute_output_buffer_2d_array_array_ap_fixed_4u_config2_array_ap_fixed_16_6_5_3_0_1u_const_ap_shift_reg_value_type_in_width_n_chan_stream_array_ap_fixed_37_17_5_3_0_4u_0_weight_t_bias_t_kernel_data_7]:  wired=1; compound=0; hidden=0; nouse=0; global=1; static=1; extern=0; dir=0; type=0; pingpong=0; private_global=0; IO mode=ap_none:ce=0
Port [ void_compute_output_buffer_2d_array_array_ap_fixed_4u_config2_array_ap_fixed_16_6_5_3_0_1u_const_ap_shift_reg_value_type_in_width_n_chan_stream_array_ap_fixed_37_17_5_3_0_4u_0_weight_t_bias_t_kernel_data_6]:  wired=1; compound=0; hidden=0; nouse=0; global=1; static=1; extern=0; dir=0; type=0; pingpong=0; private_global=0; IO mode=ap_none:ce=0
Port [ void_compute_output_buffer_2d_array_array_ap_fixed_4u_config2_array_ap_fixed_16_6_5_3_0_1u_const_ap_shift_reg_value_type_in_width_n_chan_stream_array_ap_fixed_37_17_5_3_0_4u_0_weight_t_bias_t_kernel_data_5]:  wired=1; compound=0; hidden=0; nouse=0; global=1; static=1; extern=0; dir=0; type=0; pingpong=0; private_global=0; IO mode=ap_none:ce=0
Port [ void_compute_output_buffer_2d_array_array_ap_fixed_4u_config2_array_ap_fixed_16_6_5_3_0_1u_const_ap_shift_reg_value_type_in_width_n_chan_stream_array_ap_fixed_37_17_5_3_0_4u_0_weight_t_bias_t_kernel_data_4]:  wired=1; compound=0; hidden=0; nouse=0; global=1; static=1; extern=0; dir=0; type=0; pingpong=0; private_global=0; IO mode=ap_none:ce=0
Port [ void_compute_output_buffer_2d_array_array_ap_fixed_4u_config2_array_ap_fixed_16_6_5_3_0_1u_const_ap_shift_reg_value_type_in_width_n_chan_stream_array_ap_fixed_37_17_5_3_0_4u_0_weight_t_bias_t_kernel_data_3]:  wired=1; compound=0; hidden=0; nouse=0; global=1; static=1; extern=0; dir=0; type=0; pingpong=0; private_global=0; IO mode=ap_none:ce=0
Port [ void_compute_output_buffer_2d_array_array_ap_fixed_4u_config2_array_ap_fixed_16_6_5_3_0_1u_const_ap_shift_reg_value_type_in_width_n_chan_stream_array_ap_fixed_37_17_5_3_0_4u_0_weight_t_bias_t_kernel_data_2]:  wired=1; compound=0; hidden=0; nouse=0; global=1; static=1; extern=0; dir=0; type=0; pingpong=0; private_global=0; IO mode=ap_none:ce=0
Port [ void_compute_output_buffer_2d_array_array_ap_fixed_4u_config2_array_ap_fixed_16_6_5_3_0_1u_const_ap_shift_reg_value_type_in_width_n_chan_stream_array_ap_fixed_37_17_5_3_0_4u_0_weight_t_bias_t_kernel_data_1]:  wired=1; compound=0; hidden=0; nouse=0; global=1; static=1; extern=0; dir=0; type=0; pingpong=0; private_global=0; IO mode=ap_none:ce=0
Port [ void_compute_output_buffer_2d_array_array_ap_fixed_4u_config2_array_ap_fixed_16_6_5_3_0_1u_const_ap_shift_reg_value_type_in_width_n_chan_stream_array_ap_fixed_37_17_5_3_0_4u_0_weight_t_bias_t_kernel_data]:  wired=1; compound=0; hidden=0; nouse=0; global=1; static=1; extern=0; dir=0; type=0; pingpong=0; private_global=0; IO mode=ap_none:ce=0
---------------- STG Properties END ------------------

---------------- Datapath Model BEGIN ----------------

<LifeTime>
<method=bitvector/>
br_ln135                                                                                                                                                                                                                  (br               ) [ 011111]
do_init                                                                                                                                                                                                                   (phi              ) [ 011111]
w_index17                                                                                                                                                                                                                 (phi              ) [ 010000]
specmemcore_ln0                                                                                                                                                                                                           (specmemcore      ) [ 000000]
void_compute_output_buffer_2d_array_array_ap_fixed_4u_config2_array_ap_fixed_16_6_5_3_0_1u_const_ap_shift_reg_value_type_in_width_n_chan_stream_array_ap_fixed_37_17_5_3_0_4u_0_weight_t_bias_t_kernel_data_8_load        (load             ) [ 011000]
void_compute_output_buffer_2d_array_array_ap_fixed_4u_config2_array_ap_fixed_16_6_5_3_0_1u_const_ap_shift_reg_value_type_in_width_n_chan_stream_array_ap_fixed_37_17_5_3_0_4u_0_weight_t_bias_t_kernel_data_7_load        (load             ) [ 011000]
void_compute_output_buffer_2d_array_array_ap_fixed_4u_config2_array_ap_fixed_16_6_5_3_0_1u_const_ap_shift_reg_value_type_in_width_n_chan_stream_array_ap_fixed_37_17_5_3_0_4u_0_weight_t_bias_t_kernel_data_6_load        (load             ) [ 011000]
void_compute_output_buffer_2d_array_array_ap_fixed_4u_config2_array_ap_fixed_16_6_5_3_0_1u_const_ap_shift_reg_value_type_in_width_n_chan_stream_array_ap_fixed_37_17_5_3_0_4u_0_weight_t_bias_t_kernel_data_5_load        (load             ) [ 011000]
void_compute_output_buffer_2d_array_array_ap_fixed_4u_config2_array_ap_fixed_16_6_5_3_0_1u_const_ap_shift_reg_value_type_in_width_n_chan_stream_array_ap_fixed_37_17_5_3_0_4u_0_weight_t_bias_t_kernel_data_4_load        (load             ) [ 011000]
void_compute_output_buffer_2d_array_array_ap_fixed_4u_config2_array_ap_fixed_16_6_5_3_0_1u_const_ap_shift_reg_value_type_in_width_n_chan_stream_array_ap_fixed_37_17_5_3_0_4u_0_weight_t_bias_t_kernel_data_3_load        (load             ) [ 011000]
void_compute_output_buffer_2d_array_array_ap_fixed_4u_config2_array_ap_fixed_16_6_5_3_0_1u_const_ap_shift_reg_value_type_in_width_n_chan_stream_array_ap_fixed_37_17_5_3_0_4u_0_weight_t_bias_t_kernel_data_2_load        (load             ) [ 011000]
void_compute_output_buffer_2d_array_array_ap_fixed_4u_config2_array_ap_fixed_16_6_5_3_0_1u_const_ap_shift_reg_value_type_in_width_n_chan_stream_array_ap_fixed_37_17_5_3_0_4u_0_weight_t_bias_t_kernel_data_1_load        (load             ) [ 011000]
void_compute_output_buffer_2d_array_array_ap_fixed_4u_config2_array_ap_fixed_16_6_5_3_0_1u_const_ap_shift_reg_value_type_in_width_n_chan_stream_array_ap_fixed_37_17_5_3_0_4u_0_weight_t_bias_t_kernel_data_load          (load             ) [ 011000]
br_ln135                                                                                                                                                                                                                  (br               ) [ 011000]
zext_ln135                                                                                                                                                                                                                (zext             ) [ 000000]
outidx_1_addr                                                                                                                                                                                                             (getelementptr    ) [ 011000]
w2_V_addr                                                                                                                                                                                                                 (getelementptr    ) [ 011000]
w_index                                                                                                                                                                                                                   (add              ) [ 010000]
icmp_ln135                                                                                                                                                                                                                (icmp             ) [ 011111]
br_ln135                                                                                                                                                                                                                  (br               ) [ 011111]
br_ln0                                                                                                                                                                                                                    (br               ) [ 011111]
void_compute_output_buffer_2d_array_array_ap_fixed_4u_config2_array_ap_fixed_16_6_5_3_0_1u_const_ap_shift_reg_value_type_in_width_n_chan_stream_array_ap_fixed_37_17_5_3_0_4u_0_weight_t_bias_t_kernel_data_load_rewind   (phi              ) [ 011000]
void_compute_output_buffer_2d_array_array_ap_fixed_4u_config2_array_ap_fixed_16_6_5_3_0_1u_const_ap_shift_reg_value_type_in_width_n_chan_stream_array_ap_fixed_37_17_5_3_0_4u_0_weight_t_bias_t_kernel_data_1_load_rewind (phi              ) [ 011000]
void_compute_output_buffer_2d_array_array_ap_fixed_4u_config2_array_ap_fixed_16_6_5_3_0_1u_const_ap_shift_reg_value_type_in_width_n_chan_stream_array_ap_fixed_37_17_5_3_0_4u_0_weight_t_bias_t_kernel_data_2_load_rewind (phi              ) [ 011000]
void_compute_output_buffer_2d_array_array_ap_fixed_4u_config2_array_ap_fixed_16_6_5_3_0_1u_const_ap_shift_reg_value_type_in_width_n_chan_stream_array_ap_fixed_37_17_5_3_0_4u_0_weight_t_bias_t_kernel_data_3_load_rewind (phi              ) [ 011000]
void_compute_output_buffer_2d_array_array_ap_fixed_4u_config2_array_ap_fixed_16_6_5_3_0_1u_const_ap_shift_reg_value_type_in_width_n_chan_stream_array_ap_fixed_37_17_5_3_0_4u_0_weight_t_bias_t_kernel_data_4_load_rewind (phi              ) [ 011000]
void_compute_output_buffer_2d_array_array_ap_fixed_4u_config2_array_ap_fixed_16_6_5_3_0_1u_const_ap_shift_reg_value_type_in_width_n_chan_stream_array_ap_fixed_37_17_5_3_0_4u_0_weight_t_bias_t_kernel_data_5_load_rewind (phi              ) [ 011000]
void_compute_output_buffer_2d_array_array_ap_fixed_4u_config2_array_ap_fixed_16_6_5_3_0_1u_const_ap_shift_reg_value_type_in_width_n_chan_stream_array_ap_fixed_37_17_5_3_0_4u_0_weight_t_bias_t_kernel_data_6_load_rewind (phi              ) [ 011000]
void_compute_output_buffer_2d_array_array_ap_fixed_4u_config2_array_ap_fixed_16_6_5_3_0_1u_const_ap_shift_reg_value_type_in_width_n_chan_stream_array_ap_fixed_37_17_5_3_0_4u_0_weight_t_bias_t_kernel_data_7_load_rewind (phi              ) [ 011000]
void_compute_output_buffer_2d_array_array_ap_fixed_4u_config2_array_ap_fixed_16_6_5_3_0_1u_const_ap_shift_reg_value_type_in_width_n_chan_stream_array_ap_fixed_37_17_5_3_0_4u_0_weight_t_bias_t_kernel_data_8_load_rewind (phi              ) [ 011000]
in_index18                                                                                                                                                                                                                (phi              ) [ 011000]
br_ln0                                                                                                                                                                                                                    (br               ) [ 000000]
void_compute_output_buffer_2d_array_array_ap_fixed_4u_config2_array_ap_fixed_16_6_5_3_0_1u_const_ap_shift_reg_value_type_in_width_n_chan_stream_array_ap_fixed_37_17_5_3_0_4u_0_weight_t_bias_t_kernel_data_load_phi      (phi              ) [ 011000]
void_compute_output_buffer_2d_array_array_ap_fixed_4u_config2_array_ap_fixed_16_6_5_3_0_1u_const_ap_shift_reg_value_type_in_width_n_chan_stream_array_ap_fixed_37_17_5_3_0_4u_0_weight_t_bias_t_kernel_data_1_load_phi    (phi              ) [ 011000]
void_compute_output_buffer_2d_array_array_ap_fixed_4u_config2_array_ap_fixed_16_6_5_3_0_1u_const_ap_shift_reg_value_type_in_width_n_chan_stream_array_ap_fixed_37_17_5_3_0_4u_0_weight_t_bias_t_kernel_data_2_load_phi    (phi              ) [ 011000]
void_compute_output_buffer_2d_array_array_ap_fixed_4u_config2_array_ap_fixed_16_6_5_3_0_1u_const_ap_shift_reg_value_type_in_width_n_chan_stream_array_ap_fixed_37_17_5_3_0_4u_0_weight_t_bias_t_kernel_data_3_load_phi    (phi              ) [ 011000]
void_compute_output_buffer_2d_array_array_ap_fixed_4u_config2_array_ap_fixed_16_6_5_3_0_1u_const_ap_shift_reg_value_type_in_width_n_chan_stream_array_ap_fixed_37_17_5_3_0_4u_0_weight_t_bias_t_kernel_data_4_load_phi    (phi              ) [ 011000]
void_compute_output_buffer_2d_array_array_ap_fixed_4u_config2_array_ap_fixed_16_6_5_3_0_1u_const_ap_shift_reg_value_type_in_width_n_chan_stream_array_ap_fixed_37_17_5_3_0_4u_0_weight_t_bias_t_kernel_data_5_load_phi    (phi              ) [ 011000]
void_compute_output_buffer_2d_array_array_ap_fixed_4u_config2_array_ap_fixed_16_6_5_3_0_1u_const_ap_shift_reg_value_type_in_width_n_chan_stream_array_ap_fixed_37_17_5_3_0_4u_0_weight_t_bias_t_kernel_data_6_load_phi    (phi              ) [ 011000]
void_compute_output_buffer_2d_array_array_ap_fixed_4u_config2_array_ap_fixed_16_6_5_3_0_1u_const_ap_shift_reg_value_type_in_width_n_chan_stream_array_ap_fixed_37_17_5_3_0_4u_0_weight_t_bias_t_kernel_data_7_load_phi    (phi              ) [ 011000]
void_compute_output_buffer_2d_array_array_ap_fixed_4u_config2_array_ap_fixed_16_6_5_3_0_1u_const_ap_shift_reg_value_type_in_width_n_chan_stream_array_ap_fixed_37_17_5_3_0_4u_0_weight_t_bias_t_kernel_data_8_load_phi    (phi              ) [ 011000]
out_index                                                                                                                                                                                                                 (load             ) [ 010111]
a_V                                                                                                                                                                                                                       (mux              ) [ 000000]
w_V                                                                                                                                                                                                                       (load             ) [ 000000]
sext_ln1168                                                                                                                                                                                                               (sext             ) [ 010111]
sext_ln1168_3                                                                                                                                                                                                             (sext             ) [ 010111]
in_index_2                                                                                                                                                                                                                (add              ) [ 000000]
icmp_ln154                                                                                                                                                                                                                (icmp             ) [ 000000]
in_index                                                                                                                                                                                                                  (select           ) [ 011000]
conv_i1_i15_i16                                                                                                                                                                                                           (phi              ) [ 011111]
conv_i1_i18_i14                                                                                                                                                                                                           (phi              ) [ 011111]
conv_i1_i21_i12                                                                                                                                                                                                           (phi              ) [ 011111]
conv_i1_i24_i10                                                                                                                                                                                                           (phi              ) [ 011111]
empty                                                                                                                                                                                                                     (speclooptripcount) [ 000000]
specpipeline_ln119                                                                                                                                                                                                        (specpipeline     ) [ 000000]
specloopname_ln119                                                                                                                                                                                                        (specloopname     ) [ 000000]
mul_ln1168                                                                                                                                                                                                                (mul              ) [ 000000]
trunc_ln                                                                                                                                                                                                                  (partselect       ) [ 000000]
tmp_i                                                                                                                                                                                                                     (mux              ) [ 000000]
add_ln712                                                                                                                                                                                                                 (add              ) [ 000000]
switch_ln707                                                                                                                                                                                                              (switch           ) [ 000000]
br_ln712                                                                                                                                                                                                                  (br               ) [ 000000]
br_ln712                                                                                                                                                                                                                  (br               ) [ 000000]
br_ln712                                                                                                                                                                                                                  (br               ) [ 000000]
acc_V_12                                                                                                                                                                                                                  (phi              ) [ 010001]
acc_V_11                                                                                                                                                                                                                  (phi              ) [ 010001]
acc_V_10                                                                                                                                                                                                                  (phi              ) [ 010001]
acc_V                                                                                                                                                                                                                     (phi              ) [ 010001]
shl_ln                                                                                                                                                                                                                    (bitconcatenate   ) [ 000000]
sext_ln110                                                                                                                                                                                                                (sext             ) [ 000000]
shl_ln737_4                                                                                                                                                                                                               (bitconcatenate   ) [ 000000]
sext_ln110_3                                                                                                                                                                                                              (sext             ) [ 000000]
shl_ln737_5                                                                                                                                                                                                               (bitconcatenate   ) [ 000000]
sext_ln110_4                                                                                                                                                                                                              (sext             ) [ 000000]
shl_ln737_6                                                                                                                                                                                                               (bitconcatenate   ) [ 000000]
sext_ln166                                                                                                                                                                                                                (sext             ) [ 000000]
mrv_i                                                                                                                                                                                                                     (insertvalue      ) [ 000000]
mrv_1_i                                                                                                                                                                                                                   (insertvalue      ) [ 000000]
mrv_2_i                                                                                                                                                                                                                   (insertvalue      ) [ 000000]
mrv_3_i                                                                                                                                                                                                                   (insertvalue      ) [ 000000]
return_ln166                                                                                                                                                                                                              (return           ) [ 000000]
</LifeTime>

<model>

<comp_list>
<comp id="0" class="1000" name="outidx_1">
<pin_list>
<pin id="1" dir="1" index="0" bw="1" slack="0"/>
</pin_list>
<bind>
<StgValue><ssdm name="outidx_1"/><MemPortTyVec>1 </MemPortTyVec>
</StgValue>
</bind>
</comp>

<comp id="2" class="1000" name="w2_V">
<pin_list>
<pin id="3" dir="1" index="0" bw="1" slack="0"/>
</pin_list>
<bind>
<StgValue><ssdm name="w2_V"/><MemPortTyVec>1 </MemPortTyVec>
</StgValue>
</bind>
</comp>

<comp id="4" class="1000" name="void_compute_output_buffer_2d_array_array_ap_fixed_4u_config2_array_ap_fixed_16_6_5_3_0_1u_const_ap_shift_reg_value_type_in_width_n_chan_stream_array_ap_fixed_37_17_5_3_0_4u_0_weight_t_bias_t_kernel_data_8">
<pin_list>
<pin id="5" dir="1" index="0" bw="1" slack="0"/>
</pin_list>
<bind>
<StgValue><ssdm name="void_compute_output_buffer_2d_array_array_ap_fixed_4u_config2_array_ap_fixed_16_6_5_3_0_1u_const_ap_shift_reg_value_type_in_width_n_chan_stream_array_ap_fixed_37_17_5_3_0_4u_0_weight_t_bias_t_kernel_data_8"/></StgValue>
</bind>
</comp>

<comp id="6" class="1000" name="void_compute_output_buffer_2d_array_array_ap_fixed_4u_config2_array_ap_fixed_16_6_5_3_0_1u_const_ap_shift_reg_value_type_in_width_n_chan_stream_array_ap_fixed_37_17_5_3_0_4u_0_weight_t_bias_t_kernel_data_7">
<pin_list>
<pin id="7" dir="1" index="0" bw="1" slack="0"/>
</pin_list>
<bind>
<StgValue><ssdm name="void_compute_output_buffer_2d_array_array_ap_fixed_4u_config2_array_ap_fixed_16_6_5_3_0_1u_const_ap_shift_reg_value_type_in_width_n_chan_stream_array_ap_fixed_37_17_5_3_0_4u_0_weight_t_bias_t_kernel_data_7"/></StgValue>
</bind>
</comp>

<comp id="8" class="1000" name="void_compute_output_buffer_2d_array_array_ap_fixed_4u_config2_array_ap_fixed_16_6_5_3_0_1u_const_ap_shift_reg_value_type_in_width_n_chan_stream_array_ap_fixed_37_17_5_3_0_4u_0_weight_t_bias_t_kernel_data_6">
<pin_list>
<pin id="9" dir="1" index="0" bw="1" slack="0"/>
</pin_list>
<bind>
<StgValue><ssdm name="void_compute_output_buffer_2d_array_array_ap_fixed_4u_config2_array_ap_fixed_16_6_5_3_0_1u_const_ap_shift_reg_value_type_in_width_n_chan_stream_array_ap_fixed_37_17_5_3_0_4u_0_weight_t_bias_t_kernel_data_6"/></StgValue>
</bind>
</comp>

<comp id="10" class="1000" name="void_compute_output_buffer_2d_array_array_ap_fixed_4u_config2_array_ap_fixed_16_6_5_3_0_1u_const_ap_shift_reg_value_type_in_width_n_chan_stream_array_ap_fixed_37_17_5_3_0_4u_0_weight_t_bias_t_kernel_data_5">
<pin_list>
<pin id="11" dir="1" index="0" bw="1" slack="0"/>
</pin_list>
<bind>
<StgValue><ssdm name="void_compute_output_buffer_2d_array_array_ap_fixed_4u_config2_array_ap_fixed_16_6_5_3_0_1u_const_ap_shift_reg_value_type_in_width_n_chan_stream_array_ap_fixed_37_17_5_3_0_4u_0_weight_t_bias_t_kernel_data_5"/></StgValue>
</bind>
</comp>

<comp id="12" class="1000" name="void_compute_output_buffer_2d_array_array_ap_fixed_4u_config2_array_ap_fixed_16_6_5_3_0_1u_const_ap_shift_reg_value_type_in_width_n_chan_stream_array_ap_fixed_37_17_5_3_0_4u_0_weight_t_bias_t_kernel_data_4">
<pin_list>
<pin id="13" dir="1" index="0" bw="1" slack="0"/>
</pin_list>
<bind>
<StgValue><ssdm name="void_compute_output_buffer_2d_array_array_ap_fixed_4u_config2_array_ap_fixed_16_6_5_3_0_1u_const_ap_shift_reg_value_type_in_width_n_chan_stream_array_ap_fixed_37_17_5_3_0_4u_0_weight_t_bias_t_kernel_data_4"/></StgValue>
</bind>
</comp>

<comp id="14" class="1000" name="void_compute_output_buffer_2d_array_array_ap_fixed_4u_config2_array_ap_fixed_16_6_5_3_0_1u_const_ap_shift_reg_value_type_in_width_n_chan_stream_array_ap_fixed_37_17_5_3_0_4u_0_weight_t_bias_t_kernel_data_3">
<pin_list>
<pin id="15" dir="1" index="0" bw="1" slack="0"/>
</pin_list>
<bind>
<StgValue><ssdm name="void_compute_output_buffer_2d_array_array_ap_fixed_4u_config2_array_ap_fixed_16_6_5_3_0_1u_const_ap_shift_reg_value_type_in_width_n_chan_stream_array_ap_fixed_37_17_5_3_0_4u_0_weight_t_bias_t_kernel_data_3"/></StgValue>
</bind>
</comp>

<comp id="16" class="1000" name="void_compute_output_buffer_2d_array_array_ap_fixed_4u_config2_array_ap_fixed_16_6_5_3_0_1u_const_ap_shift_reg_value_type_in_width_n_chan_stream_array_ap_fixed_37_17_5_3_0_4u_0_weight_t_bias_t_kernel_data_2">
<pin_list>
<pin id="17" dir="1" index="0" bw="1" slack="0"/>
</pin_list>
<bind>
<StgValue><ssdm name="void_compute_output_buffer_2d_array_array_ap_fixed_4u_config2_array_ap_fixed_16_6_5_3_0_1u_const_ap_shift_reg_value_type_in_width_n_chan_stream_array_ap_fixed_37_17_5_3_0_4u_0_weight_t_bias_t_kernel_data_2"/></StgValue>
</bind>
</comp>

<comp id="18" class="1000" name="void_compute_output_buffer_2d_array_array_ap_fixed_4u_config2_array_ap_fixed_16_6_5_3_0_1u_const_ap_shift_reg_value_type_in_width_n_chan_stream_array_ap_fixed_37_17_5_3_0_4u_0_weight_t_bias_t_kernel_data_1">
<pin_list>
<pin id="19" dir="1" index="0" bw="1" slack="0"/>
</pin_list>
<bind>
<StgValue><ssdm name="void_compute_output_buffer_2d_array_array_ap_fixed_4u_config2_array_ap_fixed_16_6_5_3_0_1u_const_ap_shift_reg_value_type_in_width_n_chan_stream_array_ap_fixed_37_17_5_3_0_4u_0_weight_t_bias_t_kernel_data_1"/></StgValue>
</bind>
</comp>

<comp id="20" class="1000" name="void_compute_output_buffer_2d_array_array_ap_fixed_4u_config2_array_ap_fixed_16_6_5_3_0_1u_const_ap_shift_reg_value_type_in_width_n_chan_stream_array_ap_fixed_37_17_5_3_0_4u_0_weight_t_bias_t_kernel_data">
<pin_list>
<pin id="21" dir="1" index="0" bw="1" slack="0"/>
</pin_list>
<bind>
<StgValue><ssdm name="void_compute_output_buffer_2d_array_array_ap_fixed_4u_config2_array_ap_fixed_16_6_5_3_0_1u_const_ap_shift_reg_value_type_in_width_n_chan_stream_array_ap_fixed_37_17_5_3_0_4u_0_weight_t_bias_t_kernel_data"/></StgValue>
</bind>
</comp>

<comp id="22" class="1001" name="const_22">
<pin_list>
<pin id="23" dir="1" index="0" bw="1" slack="0"/>
</pin_list>
<bind>
<StgValue><ssdm name=""/></StgValue>
</bind>
</comp>

<comp id="24" class="1001" name="const_24">
<pin_list>
<pin id="25" dir="1" index="0" bw="1" slack="0"/>
</pin_list>
<bind>
<StgValue><ssdm name=""/></StgValue>
</bind>
</comp>

<comp id="26" class="1001" name="const_26">
<pin_list>
<pin id="27" dir="1" index="0" bw="1" slack="0"/>
</pin_list>
<bind>
<StgValue><ssdm name=""/></StgValue>
</bind>
</comp>

<comp id="28" class="1001" name="const_28">
<pin_list>
<pin id="29" dir="1" index="0" bw="1" slack="2147483647"/>
</pin_list>
<bind>
<StgValue><ssdm name="_ssdm_op_SpecMemCore"/></StgValue>
</bind>
</comp>

<comp id="30" class="1001" name="const_30">
<pin_list>
<pin id="31" dir="1" index="0" bw="1" slack="2147483647"/>
</pin_list>
<bind>
<StgValue><ssdm name=""/></StgValue>
</bind>
</comp>

<comp id="32" class="1001" name="const_32">
<pin_list>
<pin id="33" dir="1" index="0" bw="1" slack="2147483647"/>
</pin_list>
<bind>
<StgValue><ssdm name=""/></StgValue>
</bind>
</comp>

<comp id="34" class="1001" name="const_34">
<pin_list>
<pin id="35" dir="1" index="0" bw="1" slack="2147483647"/>
</pin_list>
<bind>
<StgValue><ssdm name=""/></StgValue>
</bind>
</comp>

<comp id="36" class="1001" name="const_36">
<pin_list>
<pin id="37" dir="1" index="0" bw="1" slack="0"/>
</pin_list>
<bind>
<StgValue><ssdm name=""/></StgValue>
</bind>
</comp>

<comp id="38" class="1001" name="const_38">
<pin_list>
<pin id="39" dir="1" index="0" bw="1" slack="0"/>
</pin_list>
<bind>
<StgValue><ssdm name=""/></StgValue>
</bind>
</comp>

<comp id="40" class="1001" name="const_40">
<pin_list>
<pin id="41" dir="1" index="0" bw="1" slack="0"/>
</pin_list>
<bind>
<StgValue><ssdm name=""/></StgValue>
</bind>
</comp>

<comp id="42" class="1001" name="const_42">
<pin_list>
<pin id="43" dir="1" index="0" bw="1" slack="1"/>
</pin_list>
<bind>
<StgValue><ssdm name=""/></StgValue>
</bind>
</comp>

<comp id="44" class="1001" name="const_44">
<pin_list>
<pin id="45" dir="1" index="0" bw="1" slack="0"/>
</pin_list>
<bind>
<StgValue><ssdm name=""/></StgValue>
</bind>
</comp>

<comp id="46" class="1001" name="const_46">
<pin_list>
<pin id="47" dir="1" index="0" bw="1" slack="0"/>
</pin_list>
<bind>
<StgValue><ssdm name="_ssdm_op_Mux.ap_auto.9i16.i32"/></StgValue>
</bind>
</comp>

<comp id="48" class="1001" name="const_48">
<pin_list>
<pin id="49" dir="1" index="0" bw="1" slack="0"/>
</pin_list>
<bind>
<StgValue><ssdm name=""/></StgValue>
</bind>
</comp>

<comp id="50" class="1001" name="const_50">
<pin_list>
<pin id="51" dir="1" index="0" bw="1" slack="0"/>
</pin_list>
<bind>
<StgValue><ssdm name=""/></StgValue>
</bind>
</comp>

<comp id="52" class="1001" name="const_52">
<pin_list>
<pin id="53" dir="1" index="0" bw="1" slack="4"/>
</pin_list>
<bind>
<StgValue><ssdm name=""/></StgValue>
</bind>
</comp>

<comp id="54" class="1001" name="const_54">
<pin_list>
<pin id="55" dir="1" index="0" bw="1" slack="4"/>
</pin_list>
<bind>
<StgValue><ssdm name=""/></StgValue>
</bind>
</comp>

<comp id="56" class="1001" name="const_56">
<pin_list>
<pin id="57" dir="1" index="0" bw="1" slack="4"/>
</pin_list>
<bind>
<StgValue><ssdm name=""/></StgValue>
</bind>
</comp>

<comp id="58" class="1001" name="const_58">
<pin_list>
<pin id="59" dir="1" index="0" bw="1" slack="4"/>
</pin_list>
<bind>
<StgValue><ssdm name=""/></StgValue>
</bind>
</comp>

<comp id="60" class="1001" name="const_60">
<pin_list>
<pin id="61" dir="1" index="0" bw="1" slack="2147483647"/>
</pin_list>
<bind>
<StgValue><ssdm name="_ssdm_op_SpecLoopTripCount"/></StgValue>
</bind>
</comp>

<comp id="62" class="1001" name="const_62">
<pin_list>
<pin id="63" dir="1" index="0" bw="1" slack="2147483647"/>
</pin_list>
<bind>
<StgValue><ssdm name=""/></StgValue>
</bind>
</comp>

<comp id="64" class="1001" name="const_64">
<pin_list>
<pin id="65" dir="1" index="0" bw="1" slack="2147483647"/>
</pin_list>
<bind>
<StgValue><ssdm name="_ssdm_op_SpecPipeline"/></StgValue>
</bind>
</comp>

<comp id="66" class="1001" name="const_66">
<pin_list>
<pin id="67" dir="1" index="0" bw="1" slack="2147483647"/>
</pin_list>
<bind>
<StgValue><ssdm name="empty_7"/></StgValue>
</bind>
</comp>

<comp id="68" class="1001" name="const_68">
<pin_list>
<pin id="69" dir="1" index="0" bw="1" slack="2147483647"/>
</pin_list>
<bind>
<StgValue><ssdm name="_ssdm_op_SpecLoopName"/></StgValue>
</bind>
</comp>

<comp id="70" class="1001" name="const_70">
<pin_list>
<pin id="71" dir="1" index="0" bw="1" slack="2147483647"/>
</pin_list>
<bind>
<StgValue><ssdm name="empty_1"/></StgValue>
</bind>
</comp>

<comp id="72" class="1001" name="const_72">
<pin_list>
<pin id="73" dir="1" index="0" bw="1" slack="0"/>
</pin_list>
<bind>
<StgValue><ssdm name="_ssdm_op_PartSelect.i16.i26.i32.i32"/></StgValue>
</bind>
</comp>

<comp id="74" class="1001" name="const_74">
<pin_list>
<pin id="75" dir="1" index="0" bw="1" slack="0"/>
</pin_list>
<bind>
<StgValue><ssdm name=""/></StgValue>
</bind>
</comp>

<comp id="76" class="1001" name="const_76">
<pin_list>
<pin id="77" dir="1" index="0" bw="1" slack="0"/>
</pin_list>
<bind>
<StgValue><ssdm name=""/></StgValue>
</bind>
</comp>

<comp id="78" class="1001" name="const_78">
<pin_list>
<pin id="79" dir="1" index="0" bw="1" slack="0"/>
</pin_list>
<bind>
<StgValue><ssdm name="_ssdm_op_Mux.ap_auto.4i16.i2"/></StgValue>
</bind>
</comp>

<comp id="80" class="1001" name="const_80">
<pin_list>
<pin id="81" dir="1" index="0" bw="1" slack="2147483647"/>
</pin_list>
<bind>
<StgValue><ssdm name=""/></StgValue>
</bind>
</comp>

<comp id="82" class="1001" name="const_82">
<pin_list>
<pin id="83" dir="1" index="0" bw="1" slack="2147483647"/>
</pin_list>
<bind>
<StgValue><ssdm name=""/></StgValue>
</bind>
</comp>

<comp id="84" class="1001" name="const_84">
<pin_list>
<pin id="85" dir="1" index="0" bw="1" slack="2147483647"/>
</pin_list>
<bind>
<StgValue><ssdm name=""/></StgValue>
</bind>
</comp>

<comp id="86" class="1001" name="const_86">
<pin_list>
<pin id="87" dir="1" index="0" bw="1" slack="0"/>
</pin_list>
<bind>
<StgValue><ssdm name="_ssdm_op_BitConcatenate.i26.i16.i10"/></StgValue>
</bind>
</comp>

<comp id="88" class="1001" name="const_88">
<pin_list>
<pin id="89" dir="1" index="0" bw="1" slack="0"/>
</pin_list>
<bind>
<StgValue><ssdm name=""/></StgValue>
</bind>
</comp>

<comp id="90" class="1001" name="const_90">
<pin_list>
<pin id="91" dir="1" index="0" bw="1" slack="0"/>
</pin_list>
<bind>
<StgValue><ssdm name=""/></StgValue>
</bind>
</comp>

<comp id="92" class="1004" name="outidx_1_addr_gep_fu_92">
<pin_list>
<pin id="93" dir="0" index="0" bw="2" slack="0"/>
<pin id="94" dir="0" index="1" bw="1" slack="0"/>
<pin id="95" dir="0" index="2" bw="6" slack="0"/>
<pin id="96" dir="1" index="3" bw="6" slack="0"/>
</pin_list>
<bind>
<opcode="getelementptr(29) " fcode="getelementptr"/>
<opset="outidx_1_addr/1 "/>
</bind>
</comp>

<comp id="99" class="1004" name="grp_access_fu_99">
<pin_list>
<pin id="100" dir="0" index="0" bw="6" slack="0"/>
<pin id="101" dir="0" index="1" bw="2" slack="2147483647"/>
<pin id="102" dir="0" index="2" bw="0" slack="2147483647"/>
<pin id="103" dir="1" index="3" bw="2" slack="3"/>
</pin_list>
<bind>
<opcode="load(27) " fcode="load"/>
<opset="out_index/1 "/>
</bind>
</comp>

<comp id="105" class="1004" name="w2_V_addr_gep_fu_105">
<pin_list>
<pin id="106" dir="0" index="0" bw="11" slack="0"/>
<pin id="107" dir="0" index="1" bw="1" slack="0"/>
<pin id="108" dir="0" index="2" bw="6" slack="0"/>
<pin id="109" dir="1" index="3" bw="6" slack="0"/>
</pin_list>
<bind>
<opcode="getelementptr(29) " fcode="getelementptr"/>
<opset="w2_V_addr/1 "/>
</bind>
</comp>

<comp id="112" class="1004" name="grp_access_fu_112">
<pin_list>
<pin id="113" dir="0" index="0" bw="6" slack="0"/>
<pin id="114" dir="0" index="1" bw="11" slack="2147483647"/>
<pin id="115" dir="0" index="2" bw="0" slack="2147483647"/>
<pin id="116" dir="1" index="3" bw="11" slack="0"/>
</pin_list>
<bind>
<opcode="load(27) " fcode="load"/>
<opset="w_V/1 "/>
</bind>
</comp>

<comp id="118" class="1005" name="do_init_reg_118">
<pin_list>
<pin id="119" dir="0" index="0" bw="1" slack="1"/>
<pin id="120" dir="1" index="1" bw="1" slack="2147483647"/>
</pin_list>
<bind>
<opset="do_init (phireg) "/>
</bind>
</comp>

<comp id="121" class="1004" name="do_init_phi_fu_121">
<pin_list>
<pin id="122" dir="0" index="0" bw="1" slack="0"/>
<pin id="123" dir="0" index="1" bw="0" slack="2147483647"/>
<pin id="124" dir="0" index="2" bw="1" slack="0"/>
<pin id="125" dir="0" index="3" bw="0" slack="2147483647"/>
<pin id="126" dir="0" index="4" bw="1" slack="0"/>
<pin id="127" dir="0" index="5" bw="0" slack="2147483647"/>
<pin id="128" dir="1" index="6" bw="1" slack="1"/>
</pin_list>
<bind>
<opcode="phi(47) " fcode="phi"/>
<opset="do_init/1 "/>
</bind>
</comp>

<comp id="133" class="1005" name="w_index17_reg_133">
<pin_list>
<pin id="134" dir="0" index="0" bw="6" slack="2147483647"/>
<pin id="135" dir="1" index="1" bw="6" slack="2147483647"/>
</pin_list>
<bind>
<opset="w_index17 (phireg) "/>
</bind>
</comp>

<comp id="136" class="1004" name="w_index17_phi_fu_136">
<pin_list>
<pin id="137" dir="0" index="0" bw="1" slack="0"/>
<pin id="138" dir="0" index="1" bw="0" slack="2147483647"/>
<pin id="139" dir="0" index="2" bw="6" slack="0"/>
<pin id="140" dir="0" index="3" bw="0" slack="2147483647"/>
<pin id="141" dir="0" index="4" bw="1" slack="0"/>
<pin id="142" dir="0" index="5" bw="0" slack="2147483647"/>
<pin id="143" dir="1" index="6" bw="6" slack="0"/>
</pin_list>
<bind>
<opcode="phi(47) " fcode="phi"/>
<opset="w_index17/1 "/>
</bind>
</comp>

<comp id="146" class="1005" name="void_compute_output_buffer_2d_array_array_ap_fixed_4u_config2_array_ap_fixed_16_6_5_3_0_1u_const_ap_shift_reg_value_type_in_width_n_chan_stream_array_ap_fixed_37_17_5_3_0_4u_0_weight_t_bias_t_kernel_data_load_rewind_reg_146">
<pin_list>
<pin id="147" dir="0" index="0" bw="16" slack="1"/>
<pin id="148" dir="1" index="1" bw="16" slack="1"/>
</pin_list>
<bind>
<opset="void_compute_output_buffer_2d_array_array_ap_fixed_4u_config2_array_ap_fixed_16_6_5_3_0_1u_const_ap_shift_reg_value_type_in_width_n_chan_stream_array_ap_fixed_37_17_5_3_0_4u_0_weight_t_bias_t_kernel_data_load_rewind (phireg) "/>
</bind>
</comp>

<comp id="150" class="1004" name="void_compute_output_buffer_2d_array_array_ap_fixed_4u_config2_array_ap_fixed_16_6_5_3_0_1u_const_ap_shift_reg_value_type_in_width_n_chan_stream_array_ap_fixed_37_17_5_3_0_4u_0_weight_t_bias_t_kernel_data_load_rewind_phi_fu_150">
<pin_list>
<pin id="151" dir="0" index="0" bw="1" slack="1"/>
<pin id="152" dir="0" index="1" bw="0" slack="2147483647"/>
<pin id="153" dir="0" index="2" bw="16" slack="0"/>
<pin id="154" dir="0" index="3" bw="0" slack="2147483647"/>
<pin id="155" dir="0" index="4" bw="1" slack="1"/>
<pin id="156" dir="0" index="5" bw="0" slack="2147483647"/>
<pin id="157" dir="1" index="6" bw="16" slack="0"/>
</pin_list>
<bind>
<opcode="phi(47) " fcode="phi"/>
<opset="void_compute_output_buffer_2d_array_array_ap_fixed_4u_config2_array_ap_fixed_16_6_5_3_0_1u_const_ap_shift_reg_value_type_in_width_n_chan_stream_array_ap_fixed_37_17_5_3_0_4u_0_weight_t_bias_t_kernel_data_load_rewind/2 "/>
</bind>
</comp>

<comp id="160" class="1005" name="void_compute_output_buffer_2d_array_array_ap_fixed_4u_config2_array_ap_fixed_16_6_5_3_0_1u_const_ap_shift_reg_value_type_in_width_n_chan_stream_array_ap_fixed_37_17_5_3_0_4u_0_weight_t_bias_t_kernel_data_1_load_rewind_reg_160">
<pin_list>
<pin id="161" dir="0" index="0" bw="16" slack="1"/>
<pin id="162" dir="1" index="1" bw="16" slack="1"/>
</pin_list>
<bind>
<opset="void_compute_output_buffer_2d_array_array_ap_fixed_4u_config2_array_ap_fixed_16_6_5_3_0_1u_const_ap_shift_reg_value_type_in_width_n_chan_stream_array_ap_fixed_37_17_5_3_0_4u_0_weight_t_bias_t_kernel_data_1_load_rewind (phireg) "/>
</bind>
</comp>

<comp id="164" class="1004" name="void_compute_output_buffer_2d_array_array_ap_fixed_4u_config2_array_ap_fixed_16_6_5_3_0_1u_const_ap_shift_reg_value_type_in_width_n_chan_stream_array_ap_fixed_37_17_5_3_0_4u_0_weight_t_bias_t_kernel_data_1_load_rewind_phi_fu_164">
<pin_list>
<pin id="165" dir="0" index="0" bw="1" slack="1"/>
<pin id="166" dir="0" index="1" bw="0" slack="2147483647"/>
<pin id="167" dir="0" index="2" bw="16" slack="0"/>
<pin id="168" dir="0" index="3" bw="0" slack="2147483647"/>
<pin id="169" dir="0" index="4" bw="1" slack="1"/>
<pin id="170" dir="0" index="5" bw="0" slack="2147483647"/>
<pin id="171" dir="1" index="6" bw="16" slack="0"/>
</pin_list>
<bind>
<opcode="phi(47) " fcode="phi"/>
<opset="void_compute_output_buffer_2d_array_array_ap_fixed_4u_config2_array_ap_fixed_16_6_5_3_0_1u_const_ap_shift_reg_value_type_in_width_n_chan_stream_array_ap_fixed_37_17_5_3_0_4u_0_weight_t_bias_t_kernel_data_1_load_rewind/2 "/>
</bind>
</comp>

<comp id="174" class="1005" name="void_compute_output_buffer_2d_array_array_ap_fixed_4u_config2_array_ap_fixed_16_6_5_3_0_1u_const_ap_shift_reg_value_type_in_width_n_chan_stream_array_ap_fixed_37_17_5_3_0_4u_0_weight_t_bias_t_kernel_data_2_load_rewind_reg_174">
<pin_list>
<pin id="175" dir="0" index="0" bw="16" slack="1"/>
<pin id="176" dir="1" index="1" bw="16" slack="1"/>
</pin_list>
<bind>
<opset="void_compute_output_buffer_2d_array_array_ap_fixed_4u_config2_array_ap_fixed_16_6_5_3_0_1u_const_ap_shift_reg_value_type_in_width_n_chan_stream_array_ap_fixed_37_17_5_3_0_4u_0_weight_t_bias_t_kernel_data_2_load_rewind (phireg) "/>
</bind>
</comp>

<comp id="178" class="1004" name="void_compute_output_buffer_2d_array_array_ap_fixed_4u_config2_array_ap_fixed_16_6_5_3_0_1u_const_ap_shift_reg_value_type_in_width_n_chan_stream_array_ap_fixed_37_17_5_3_0_4u_0_weight_t_bias_t_kernel_data_2_load_rewind_phi_fu_178">
<pin_list>
<pin id="179" dir="0" index="0" bw="1" slack="1"/>
<pin id="180" dir="0" index="1" bw="0" slack="2147483647"/>
<pin id="181" dir="0" index="2" bw="16" slack="0"/>
<pin id="182" dir="0" index="3" bw="0" slack="2147483647"/>
<pin id="183" dir="0" index="4" bw="1" slack="1"/>
<pin id="184" dir="0" index="5" bw="0" slack="2147483647"/>
<pin id="185" dir="1" index="6" bw="16" slack="0"/>
</pin_list>
<bind>
<opcode="phi(47) " fcode="phi"/>
<opset="void_compute_output_buffer_2d_array_array_ap_fixed_4u_config2_array_ap_fixed_16_6_5_3_0_1u_const_ap_shift_reg_value_type_in_width_n_chan_stream_array_ap_fixed_37_17_5_3_0_4u_0_weight_t_bias_t_kernel_data_2_load_rewind/2 "/>
</bind>
</comp>

<comp id="188" class="1005" name="void_compute_output_buffer_2d_array_array_ap_fixed_4u_config2_array_ap_fixed_16_6_5_3_0_1u_const_ap_shift_reg_value_type_in_width_n_chan_stream_array_ap_fixed_37_17_5_3_0_4u_0_weight_t_bias_t_kernel_data_3_load_rewind_reg_188">
<pin_list>
<pin id="189" dir="0" index="0" bw="16" slack="1"/>
<pin id="190" dir="1" index="1" bw="16" slack="1"/>
</pin_list>
<bind>
<opset="void_compute_output_buffer_2d_array_array_ap_fixed_4u_config2_array_ap_fixed_16_6_5_3_0_1u_const_ap_shift_reg_value_type_in_width_n_chan_stream_array_ap_fixed_37_17_5_3_0_4u_0_weight_t_bias_t_kernel_data_3_load_rewind (phireg) "/>
</bind>
</comp>

<comp id="192" class="1004" name="void_compute_output_buffer_2d_array_array_ap_fixed_4u_config2_array_ap_fixed_16_6_5_3_0_1u_const_ap_shift_reg_value_type_in_width_n_chan_stream_array_ap_fixed_37_17_5_3_0_4u_0_weight_t_bias_t_kernel_data_3_load_rewind_phi_fu_192">
<pin_list>
<pin id="193" dir="0" index="0" bw="1" slack="1"/>
<pin id="194" dir="0" index="1" bw="0" slack="2147483647"/>
<pin id="195" dir="0" index="2" bw="16" slack="0"/>
<pin id="196" dir="0" index="3" bw="0" slack="2147483647"/>
<pin id="197" dir="0" index="4" bw="1" slack="1"/>
<pin id="198" dir="0" index="5" bw="0" slack="2147483647"/>
<pin id="199" dir="1" index="6" bw="16" slack="0"/>
</pin_list>
<bind>
<opcode="phi(47) " fcode="phi"/>
<opset="void_compute_output_buffer_2d_array_array_ap_fixed_4u_config2_array_ap_fixed_16_6_5_3_0_1u_const_ap_shift_reg_value_type_in_width_n_chan_stream_array_ap_fixed_37_17_5_3_0_4u_0_weight_t_bias_t_kernel_data_3_load_rewind/2 "/>
</bind>
</comp>

<comp id="202" class="1005" name="void_compute_output_buffer_2d_array_array_ap_fixed_4u_config2_array_ap_fixed_16_6_5_3_0_1u_const_ap_shift_reg_value_type_in_width_n_chan_stream_array_ap_fixed_37_17_5_3_0_4u_0_weight_t_bias_t_kernel_data_4_load_rewind_reg_202">
<pin_list>
<pin id="203" dir="0" index="0" bw="16" slack="1"/>
<pin id="204" dir="1" index="1" bw="16" slack="1"/>
</pin_list>
<bind>
<opset="void_compute_output_buffer_2d_array_array_ap_fixed_4u_config2_array_ap_fixed_16_6_5_3_0_1u_const_ap_shift_reg_value_type_in_width_n_chan_stream_array_ap_fixed_37_17_5_3_0_4u_0_weight_t_bias_t_kernel_data_4_load_rewind (phireg) "/>
</bind>
</comp>

<comp id="206" class="1004" name="void_compute_output_buffer_2d_array_array_ap_fixed_4u_config2_array_ap_fixed_16_6_5_3_0_1u_const_ap_shift_reg_value_type_in_width_n_chan_stream_array_ap_fixed_37_17_5_3_0_4u_0_weight_t_bias_t_kernel_data_4_load_rewind_phi_fu_206">
<pin_list>
<pin id="207" dir="0" index="0" bw="1" slack="1"/>
<pin id="208" dir="0" index="1" bw="0" slack="2147483647"/>
<pin id="209" dir="0" index="2" bw="16" slack="0"/>
<pin id="210" dir="0" index="3" bw="0" slack="2147483647"/>
<pin id="211" dir="0" index="4" bw="1" slack="1"/>
<pin id="212" dir="0" index="5" bw="0" slack="2147483647"/>
<pin id="213" dir="1" index="6" bw="16" slack="0"/>
</pin_list>
<bind>
<opcode="phi(47) " fcode="phi"/>
<opset="void_compute_output_buffer_2d_array_array_ap_fixed_4u_config2_array_ap_fixed_16_6_5_3_0_1u_const_ap_shift_reg_value_type_in_width_n_chan_stream_array_ap_fixed_37_17_5_3_0_4u_0_weight_t_bias_t_kernel_data_4_load_rewind/2 "/>
</bind>
</comp>

<comp id="216" class="1005" name="void_compute_output_buffer_2d_array_array_ap_fixed_4u_config2_array_ap_fixed_16_6_5_3_0_1u_const_ap_shift_reg_value_type_in_width_n_chan_stream_array_ap_fixed_37_17_5_3_0_4u_0_weight_t_bias_t_kernel_data_5_load_rewind_reg_216">
<pin_list>
<pin id="217" dir="0" index="0" bw="16" slack="1"/>
<pin id="218" dir="1" index="1" bw="16" slack="1"/>
</pin_list>
<bind>
<opset="void_compute_output_buffer_2d_array_array_ap_fixed_4u_config2_array_ap_fixed_16_6_5_3_0_1u_const_ap_shift_reg_value_type_in_width_n_chan_stream_array_ap_fixed_37_17_5_3_0_4u_0_weight_t_bias_t_kernel_data_5_load_rewind (phireg) "/>
</bind>
</comp>

<comp id="220" class="1004" name="void_compute_output_buffer_2d_array_array_ap_fixed_4u_config2_array_ap_fixed_16_6_5_3_0_1u_const_ap_shift_reg_value_type_in_width_n_chan_stream_array_ap_fixed_37_17_5_3_0_4u_0_weight_t_bias_t_kernel_data_5_load_rewind_phi_fu_220">
<pin_list>
<pin id="221" dir="0" index="0" bw="1" slack="1"/>
<pin id="222" dir="0" index="1" bw="0" slack="2147483647"/>
<pin id="223" dir="0" index="2" bw="16" slack="0"/>
<pin id="224" dir="0" index="3" bw="0" slack="2147483647"/>
<pin id="225" dir="0" index="4" bw="1" slack="1"/>
<pin id="226" dir="0" index="5" bw="0" slack="2147483647"/>
<pin id="227" dir="1" index="6" bw="16" slack="0"/>
</pin_list>
<bind>
<opcode="phi(47) " fcode="phi"/>
<opset="void_compute_output_buffer_2d_array_array_ap_fixed_4u_config2_array_ap_fixed_16_6_5_3_0_1u_const_ap_shift_reg_value_type_in_width_n_chan_stream_array_ap_fixed_37_17_5_3_0_4u_0_weight_t_bias_t_kernel_data_5_load_rewind/2 "/>
</bind>
</comp>

<comp id="230" class="1005" name="void_compute_output_buffer_2d_array_array_ap_fixed_4u_config2_array_ap_fixed_16_6_5_3_0_1u_const_ap_shift_reg_value_type_in_width_n_chan_stream_array_ap_fixed_37_17_5_3_0_4u_0_weight_t_bias_t_kernel_data_6_load_rewind_reg_230">
<pin_list>
<pin id="231" dir="0" index="0" bw="16" slack="1"/>
<pin id="232" dir="1" index="1" bw="16" slack="1"/>
</pin_list>
<bind>
<opset="void_compute_output_buffer_2d_array_array_ap_fixed_4u_config2_array_ap_fixed_16_6_5_3_0_1u_const_ap_shift_reg_value_type_in_width_n_chan_stream_array_ap_fixed_37_17_5_3_0_4u_0_weight_t_bias_t_kernel_data_6_load_rewind (phireg) "/>
</bind>
</comp>

<comp id="234" class="1004" name="void_compute_output_buffer_2d_array_array_ap_fixed_4u_config2_array_ap_fixed_16_6_5_3_0_1u_const_ap_shift_reg_value_type_in_width_n_chan_stream_array_ap_fixed_37_17_5_3_0_4u_0_weight_t_bias_t_kernel_data_6_load_rewind_phi_fu_234">
<pin_list>
<pin id="235" dir="0" index="0" bw="1" slack="1"/>
<pin id="236" dir="0" index="1" bw="0" slack="2147483647"/>
<pin id="237" dir="0" index="2" bw="16" slack="0"/>
<pin id="238" dir="0" index="3" bw="0" slack="2147483647"/>
<pin id="239" dir="0" index="4" bw="1" slack="1"/>
<pin id="240" dir="0" index="5" bw="0" slack="2147483647"/>
<pin id="241" dir="1" index="6" bw="16" slack="0"/>
</pin_list>
<bind>
<opcode="phi(47) " fcode="phi"/>
<opset="void_compute_output_buffer_2d_array_array_ap_fixed_4u_config2_array_ap_fixed_16_6_5_3_0_1u_const_ap_shift_reg_value_type_in_width_n_chan_stream_array_ap_fixed_37_17_5_3_0_4u_0_weight_t_bias_t_kernel_data_6_load_rewind/2 "/>
</bind>
</comp>

<comp id="244" class="1005" name="void_compute_output_buffer_2d_array_array_ap_fixed_4u_config2_array_ap_fixed_16_6_5_3_0_1u_const_ap_shift_reg_value_type_in_width_n_chan_stream_array_ap_fixed_37_17_5_3_0_4u_0_weight_t_bias_t_kernel_data_7_load_rewind_reg_244">
<pin_list>
<pin id="245" dir="0" index="0" bw="16" slack="1"/>
<pin id="246" dir="1" index="1" bw="16" slack="1"/>
</pin_list>
<bind>
<opset="void_compute_output_buffer_2d_array_array_ap_fixed_4u_config2_array_ap_fixed_16_6_5_3_0_1u_const_ap_shift_reg_value_type_in_width_n_chan_stream_array_ap_fixed_37_17_5_3_0_4u_0_weight_t_bias_t_kernel_data_7_load_rewind (phireg) "/>
</bind>
</comp>

<comp id="248" class="1004" name="void_compute_output_buffer_2d_array_array_ap_fixed_4u_config2_array_ap_fixed_16_6_5_3_0_1u_const_ap_shift_reg_value_type_in_width_n_chan_stream_array_ap_fixed_37_17_5_3_0_4u_0_weight_t_bias_t_kernel_data_7_load_rewind_phi_fu_248">
<pin_list>
<pin id="249" dir="0" index="0" bw="1" slack="1"/>
<pin id="250" dir="0" index="1" bw="0" slack="2147483647"/>
<pin id="251" dir="0" index="2" bw="16" slack="0"/>
<pin id="252" dir="0" index="3" bw="0" slack="2147483647"/>
<pin id="253" dir="0" index="4" bw="1" slack="1"/>
<pin id="254" dir="0" index="5" bw="0" slack="2147483647"/>
<pin id="255" dir="1" index="6" bw="16" slack="0"/>
</pin_list>
<bind>
<opcode="phi(47) " fcode="phi"/>
<opset="void_compute_output_buffer_2d_array_array_ap_fixed_4u_config2_array_ap_fixed_16_6_5_3_0_1u_const_ap_shift_reg_value_type_in_width_n_chan_stream_array_ap_fixed_37_17_5_3_0_4u_0_weight_t_bias_t_kernel_data_7_load_rewind/2 "/>
</bind>
</comp>

<comp id="258" class="1005" name="void_compute_output_buffer_2d_array_array_ap_fixed_4u_config2_array_ap_fixed_16_6_5_3_0_1u_const_ap_shift_reg_value_type_in_width_n_chan_stream_array_ap_fixed_37_17_5_3_0_4u_0_weight_t_bias_t_kernel_data_8_load_rewind_reg_258">
<pin_list>
<pin id="259" dir="0" index="0" bw="16" slack="1"/>
<pin id="260" dir="1" index="1" bw="16" slack="1"/>
</pin_list>
<bind>
<opset="void_compute_output_buffer_2d_array_array_ap_fixed_4u_config2_array_ap_fixed_16_6_5_3_0_1u_const_ap_shift_reg_value_type_in_width_n_chan_stream_array_ap_fixed_37_17_5_3_0_4u_0_weight_t_bias_t_kernel_data_8_load_rewind (phireg) "/>
</bind>
</comp>

<comp id="262" class="1004" name="void_compute_output_buffer_2d_array_array_ap_fixed_4u_config2_array_ap_fixed_16_6_5_3_0_1u_const_ap_shift_reg_value_type_in_width_n_chan_stream_array_ap_fixed_37_17_5_3_0_4u_0_weight_t_bias_t_kernel_data_8_load_rewind_phi_fu_262">
<pin_list>
<pin id="263" dir="0" index="0" bw="1" slack="1"/>
<pin id="264" dir="0" index="1" bw="0" slack="2147483647"/>
<pin id="265" dir="0" index="2" bw="16" slack="0"/>
<pin id="266" dir="0" index="3" bw="0" slack="2147483647"/>
<pin id="267" dir="0" index="4" bw="1" slack="1"/>
<pin id="268" dir="0" index="5" bw="0" slack="2147483647"/>
<pin id="269" dir="1" index="6" bw="16" slack="0"/>
</pin_list>
<bind>
<opcode="phi(47) " fcode="phi"/>
<opset="void_compute_output_buffer_2d_array_array_ap_fixed_4u_config2_array_ap_fixed_16_6_5_3_0_1u_const_ap_shift_reg_value_type_in_width_n_chan_stream_array_ap_fixed_37_17_5_3_0_4u_0_weight_t_bias_t_kernel_data_8_load_rewind/2 "/>
</bind>
</comp>

<comp id="272" class="1005" name="in_index18_reg_272">
<pin_list>
<pin id="273" dir="0" index="0" bw="32" slack="1"/>
<pin id="274" dir="1" index="1" bw="32" slack="1"/>
</pin_list>
<bind>
<opset="in_index18 (phireg) "/>
</bind>
</comp>

<comp id="276" class="1004" name="in_index18_phi_fu_276">
<pin_list>
<pin id="277" dir="0" index="0" bw="1" slack="1"/>
<pin id="278" dir="0" index="1" bw="0" slack="2147483647"/>
<pin id="279" dir="0" index="2" bw="32" slack="0"/>
<pin id="280" dir="0" index="3" bw="0" slack="2147483647"/>
<pin id="281" dir="0" index="4" bw="1" slack="1"/>
<pin id="282" dir="0" index="5" bw="0" slack="2147483647"/>
<pin id="283" dir="1" index="6" bw="32" slack="0"/>
</pin_list>
<bind>
<opcode="phi(47) " fcode="phi"/>
<opset="in_index18/2 "/>
</bind>
</comp>

<comp id="286" class="1005" name="void_compute_output_buffer_2d_array_array_ap_fixed_4u_config2_array_ap_fixed_16_6_5_3_0_1u_const_ap_shift_reg_value_type_in_width_n_chan_stream_array_ap_fixed_37_17_5_3_0_4u_0_weight_t_bias_t_kernel_data_load_phi_reg_286">
<pin_list>
<pin id="287" dir="0" index="0" bw="16" slack="0"/>
<pin id="288" dir="1" index="1" bw="16" slack="0"/>
</pin_list>
<bind>
<opset="void_compute_output_buffer_2d_array_array_ap_fixed_4u_config2_array_ap_fixed_16_6_5_3_0_1u_const_ap_shift_reg_value_type_in_width_n_chan_stream_array_ap_fixed_37_17_5_3_0_4u_0_weight_t_bias_t_kernel_data_load_phi (phireg) "/>
</bind>
</comp>

<comp id="290" class="1004" name="void_compute_output_buffer_2d_array_array_ap_fixed_4u_config2_array_ap_fixed_16_6_5_3_0_1u_const_ap_shift_reg_value_type_in_width_n_chan_stream_array_ap_fixed_37_17_5_3_0_4u_0_weight_t_bias_t_kernel_data_load_phi_phi_fu_290">
<pin_list>
<pin id="291" dir="0" index="0" bw="16" slack="1"/>
<pin id="292" dir="0" index="1" bw="0" slack="2147483647"/>
<pin id="293" dir="0" index="2" bw="16" slack="0"/>
<pin id="294" dir="0" index="3" bw="0" slack="2147483647"/>
<pin id="295" dir="1" index="4" bw="16" slack="0"/>
</pin_list>
<bind>
<opcode="phi(47) " fcode="phi"/>
<opset="void_compute_output_buffer_2d_array_array_ap_fixed_4u_config2_array_ap_fixed_16_6_5_3_0_1u_const_ap_shift_reg_value_type_in_width_n_chan_stream_array_ap_fixed_37_17_5_3_0_4u_0_weight_t_bias_t_kernel_data_load_phi/2 "/>
</bind>
</comp>

<comp id="298" class="1005" name="void_compute_output_buffer_2d_array_array_ap_fixed_4u_config2_array_ap_fixed_16_6_5_3_0_1u_const_ap_shift_reg_value_type_in_width_n_chan_stream_array_ap_fixed_37_17_5_3_0_4u_0_weight_t_bias_t_kernel_data_1_load_phi_reg_298">
<pin_list>
<pin id="299" dir="0" index="0" bw="16" slack="0"/>
<pin id="300" dir="1" index="1" bw="16" slack="0"/>
</pin_list>
<bind>
<opset="void_compute_output_buffer_2d_array_array_ap_fixed_4u_config2_array_ap_fixed_16_6_5_3_0_1u_const_ap_shift_reg_value_type_in_width_n_chan_stream_array_ap_fixed_37_17_5_3_0_4u_0_weight_t_bias_t_kernel_data_1_load_phi (phireg) "/>
</bind>
</comp>

<comp id="302" class="1004" name="void_compute_output_buffer_2d_array_array_ap_fixed_4u_config2_array_ap_fixed_16_6_5_3_0_1u_const_ap_shift_reg_value_type_in_width_n_chan_stream_array_ap_fixed_37_17_5_3_0_4u_0_weight_t_bias_t_kernel_data_1_load_phi_phi_fu_302">
<pin_list>
<pin id="303" dir="0" index="0" bw="16" slack="1"/>
<pin id="304" dir="0" index="1" bw="0" slack="2147483647"/>
<pin id="305" dir="0" index="2" bw="16" slack="0"/>
<pin id="306" dir="0" index="3" bw="0" slack="2147483647"/>
<pin id="307" dir="1" index="4" bw="16" slack="0"/>
</pin_list>
<bind>
<opcode="phi(47) " fcode="phi"/>
<opset="void_compute_output_buffer_2d_array_array_ap_fixed_4u_config2_array_ap_fixed_16_6_5_3_0_1u_const_ap_shift_reg_value_type_in_width_n_chan_stream_array_ap_fixed_37_17_5_3_0_4u_0_weight_t_bias_t_kernel_data_1_load_phi/2 "/>
</bind>
</comp>

<comp id="310" class="1005" name="void_compute_output_buffer_2d_array_array_ap_fixed_4u_config2_array_ap_fixed_16_6_5_3_0_1u_const_ap_shift_reg_value_type_in_width_n_chan_stream_array_ap_fixed_37_17_5_3_0_4u_0_weight_t_bias_t_kernel_data_2_load_phi_reg_310">
<pin_list>
<pin id="311" dir="0" index="0" bw="16" slack="0"/>
<pin id="312" dir="1" index="1" bw="16" slack="0"/>
</pin_list>
<bind>
<opset="void_compute_output_buffer_2d_array_array_ap_fixed_4u_config2_array_ap_fixed_16_6_5_3_0_1u_const_ap_shift_reg_value_type_in_width_n_chan_stream_array_ap_fixed_37_17_5_3_0_4u_0_weight_t_bias_t_kernel_data_2_load_phi (phireg) "/>
</bind>
</comp>

<comp id="314" class="1004" name="void_compute_output_buffer_2d_array_array_ap_fixed_4u_config2_array_ap_fixed_16_6_5_3_0_1u_const_ap_shift_reg_value_type_in_width_n_chan_stream_array_ap_fixed_37_17_5_3_0_4u_0_weight_t_bias_t_kernel_data_2_load_phi_phi_fu_314">
<pin_list>
<pin id="315" dir="0" index="0" bw="16" slack="1"/>
<pin id="316" dir="0" index="1" bw="0" slack="2147483647"/>
<pin id="317" dir="0" index="2" bw="16" slack="0"/>
<pin id="318" dir="0" index="3" bw="0" slack="2147483647"/>
<pin id="319" dir="1" index="4" bw="16" slack="0"/>
</pin_list>
<bind>
<opcode="phi(47) " fcode="phi"/>
<opset="void_compute_output_buffer_2d_array_array_ap_fixed_4u_config2_array_ap_fixed_16_6_5_3_0_1u_const_ap_shift_reg_value_type_in_width_n_chan_stream_array_ap_fixed_37_17_5_3_0_4u_0_weight_t_bias_t_kernel_data_2_load_phi/2 "/>
</bind>
</comp>

<comp id="322" class="1005" name="void_compute_output_buffer_2d_array_array_ap_fixed_4u_config2_array_ap_fixed_16_6_5_3_0_1u_const_ap_shift_reg_value_type_in_width_n_chan_stream_array_ap_fixed_37_17_5_3_0_4u_0_weight_t_bias_t_kernel_data_3_load_phi_reg_322">
<pin_list>
<pin id="323" dir="0" index="0" bw="16" slack="0"/>
<pin id="324" dir="1" index="1" bw="16" slack="0"/>
</pin_list>
<bind>
<opset="void_compute_output_buffer_2d_array_array_ap_fixed_4u_config2_array_ap_fixed_16_6_5_3_0_1u_const_ap_shift_reg_value_type_in_width_n_chan_stream_array_ap_fixed_37_17_5_3_0_4u_0_weight_t_bias_t_kernel_data_3_load_phi (phireg) "/>
</bind>
</comp>

<comp id="326" class="1004" name="void_compute_output_buffer_2d_array_array_ap_fixed_4u_config2_array_ap_fixed_16_6_5_3_0_1u_const_ap_shift_reg_value_type_in_width_n_chan_stream_array_ap_fixed_37_17_5_3_0_4u_0_weight_t_bias_t_kernel_data_3_load_phi_phi_fu_326">
<pin_list>
<pin id="327" dir="0" index="0" bw="16" slack="1"/>
<pin id="328" dir="0" index="1" bw="0" slack="2147483647"/>
<pin id="329" dir="0" index="2" bw="16" slack="0"/>
<pin id="330" dir="0" index="3" bw="0" slack="2147483647"/>
<pin id="331" dir="1" index="4" bw="16" slack="0"/>
</pin_list>
<bind>
<opcode="phi(47) " fcode="phi"/>
<opset="void_compute_output_buffer_2d_array_array_ap_fixed_4u_config2_array_ap_fixed_16_6_5_3_0_1u_const_ap_shift_reg_value_type_in_width_n_chan_stream_array_ap_fixed_37_17_5_3_0_4u_0_weight_t_bias_t_kernel_data_3_load_phi/2 "/>
</bind>
</comp>

<comp id="334" class="1005" name="void_compute_output_buffer_2d_array_array_ap_fixed_4u_config2_array_ap_fixed_16_6_5_3_0_1u_const_ap_shift_reg_value_type_in_width_n_chan_stream_array_ap_fixed_37_17_5_3_0_4u_0_weight_t_bias_t_kernel_data_4_load_phi_reg_334">
<pin_list>
<pin id="335" dir="0" index="0" bw="16" slack="0"/>
<pin id="336" dir="1" index="1" bw="16" slack="0"/>
</pin_list>
<bind>
<opset="void_compute_output_buffer_2d_array_array_ap_fixed_4u_config2_array_ap_fixed_16_6_5_3_0_1u_const_ap_shift_reg_value_type_in_width_n_chan_stream_array_ap_fixed_37_17_5_3_0_4u_0_weight_t_bias_t_kernel_data_4_load_phi (phireg) "/>
</bind>
</comp>

<comp id="338" class="1004" name="void_compute_output_buffer_2d_array_array_ap_fixed_4u_config2_array_ap_fixed_16_6_5_3_0_1u_const_ap_shift_reg_value_type_in_width_n_chan_stream_array_ap_fixed_37_17_5_3_0_4u_0_weight_t_bias_t_kernel_data_4_load_phi_phi_fu_338">
<pin_list>
<pin id="339" dir="0" index="0" bw="16" slack="1"/>
<pin id="340" dir="0" index="1" bw="0" slack="2147483647"/>
<pin id="341" dir="0" index="2" bw="16" slack="0"/>
<pin id="342" dir="0" index="3" bw="0" slack="2147483647"/>
<pin id="343" dir="1" index="4" bw="16" slack="0"/>
</pin_list>
<bind>
<opcode="phi(47) " fcode="phi"/>
<opset="void_compute_output_buffer_2d_array_array_ap_fixed_4u_config2_array_ap_fixed_16_6_5_3_0_1u_const_ap_shift_reg_value_type_in_width_n_chan_stream_array_ap_fixed_37_17_5_3_0_4u_0_weight_t_bias_t_kernel_data_4_load_phi/2 "/>
</bind>
</comp>

<comp id="346" class="1005" name="void_compute_output_buffer_2d_array_array_ap_fixed_4u_config2_array_ap_fixed_16_6_5_3_0_1u_const_ap_shift_reg_value_type_in_width_n_chan_stream_array_ap_fixed_37_17_5_3_0_4u_0_weight_t_bias_t_kernel_data_5_load_phi_reg_346">
<pin_list>
<pin id="347" dir="0" index="0" bw="16" slack="0"/>
<pin id="348" dir="1" index="1" bw="16" slack="0"/>
</pin_list>
<bind>
<opset="void_compute_output_buffer_2d_array_array_ap_fixed_4u_config2_array_ap_fixed_16_6_5_3_0_1u_const_ap_shift_reg_value_type_in_width_n_chan_stream_array_ap_fixed_37_17_5_3_0_4u_0_weight_t_bias_t_kernel_data_5_load_phi (phireg) "/>
</bind>
</comp>

<comp id="350" class="1004" name="void_compute_output_buffer_2d_array_array_ap_fixed_4u_config2_array_ap_fixed_16_6_5_3_0_1u_const_ap_shift_reg_value_type_in_width_n_chan_stream_array_ap_fixed_37_17_5_3_0_4u_0_weight_t_bias_t_kernel_data_5_load_phi_phi_fu_350">
<pin_list>
<pin id="351" dir="0" index="0" bw="16" slack="1"/>
<pin id="352" dir="0" index="1" bw="0" slack="2147483647"/>
<pin id="353" dir="0" index="2" bw="16" slack="0"/>
<pin id="354" dir="0" index="3" bw="0" slack="2147483647"/>
<pin id="355" dir="1" index="4" bw="16" slack="0"/>
</pin_list>
<bind>
<opcode="phi(47) " fcode="phi"/>
<opset="void_compute_output_buffer_2d_array_array_ap_fixed_4u_config2_array_ap_fixed_16_6_5_3_0_1u_const_ap_shift_reg_value_type_in_width_n_chan_stream_array_ap_fixed_37_17_5_3_0_4u_0_weight_t_bias_t_kernel_data_5_load_phi/2 "/>
</bind>
</comp>

<comp id="358" class="1005" name="void_compute_output_buffer_2d_array_array_ap_fixed_4u_config2_array_ap_fixed_16_6_5_3_0_1u_const_ap_shift_reg_value_type_in_width_n_chan_stream_array_ap_fixed_37_17_5_3_0_4u_0_weight_t_bias_t_kernel_data_6_load_phi_reg_358">
<pin_list>
<pin id="359" dir="0" index="0" bw="16" slack="0"/>
<pin id="360" dir="1" index="1" bw="16" slack="0"/>
</pin_list>
<bind>
<opset="void_compute_output_buffer_2d_array_array_ap_fixed_4u_config2_array_ap_fixed_16_6_5_3_0_1u_const_ap_shift_reg_value_type_in_width_n_chan_stream_array_ap_fixed_37_17_5_3_0_4u_0_weight_t_bias_t_kernel_data_6_load_phi (phireg) "/>
</bind>
</comp>

<comp id="362" class="1004" name="void_compute_output_buffer_2d_array_array_ap_fixed_4u_config2_array_ap_fixed_16_6_5_3_0_1u_const_ap_shift_reg_value_type_in_width_n_chan_stream_array_ap_fixed_37_17_5_3_0_4u_0_weight_t_bias_t_kernel_data_6_load_phi_phi_fu_362">
<pin_list>
<pin id="363" dir="0" index="0" bw="16" slack="1"/>
<pin id="364" dir="0" index="1" bw="0" slack="2147483647"/>
<pin id="365" dir="0" index="2" bw="16" slack="0"/>
<pin id="366" dir="0" index="3" bw="0" slack="2147483647"/>
<pin id="367" dir="1" index="4" bw="16" slack="0"/>
</pin_list>
<bind>
<opcode="phi(47) " fcode="phi"/>
<opset="void_compute_output_buffer_2d_array_array_ap_fixed_4u_config2_array_ap_fixed_16_6_5_3_0_1u_const_ap_shift_reg_value_type_in_width_n_chan_stream_array_ap_fixed_37_17_5_3_0_4u_0_weight_t_bias_t_kernel_data_6_load_phi/2 "/>
</bind>
</comp>

<comp id="370" class="1005" name="void_compute_output_buffer_2d_array_array_ap_fixed_4u_config2_array_ap_fixed_16_6_5_3_0_1u_const_ap_shift_reg_value_type_in_width_n_chan_stream_array_ap_fixed_37_17_5_3_0_4u_0_weight_t_bias_t_kernel_data_7_load_phi_reg_370">
<pin_list>
<pin id="371" dir="0" index="0" bw="16" slack="0"/>
<pin id="372" dir="1" index="1" bw="16" slack="0"/>
</pin_list>
<bind>
<opset="void_compute_output_buffer_2d_array_array_ap_fixed_4u_config2_array_ap_fixed_16_6_5_3_0_1u_const_ap_shift_reg_value_type_in_width_n_chan_stream_array_ap_fixed_37_17_5_3_0_4u_0_weight_t_bias_t_kernel_data_7_load_phi (phireg) "/>
</bind>
</comp>

<comp id="374" class="1004" name="void_compute_output_buffer_2d_array_array_ap_fixed_4u_config2_array_ap_fixed_16_6_5_3_0_1u_const_ap_shift_reg_value_type_in_width_n_chan_stream_array_ap_fixed_37_17_5_3_0_4u_0_weight_t_bias_t_kernel_data_7_load_phi_phi_fu_374">
<pin_list>
<pin id="375" dir="0" index="0" bw="16" slack="1"/>
<pin id="376" dir="0" index="1" bw="0" slack="2147483647"/>
<pin id="377" dir="0" index="2" bw="16" slack="0"/>
<pin id="378" dir="0" index="3" bw="0" slack="2147483647"/>
<pin id="379" dir="1" index="4" bw="16" slack="0"/>
</pin_list>
<bind>
<opcode="phi(47) " fcode="phi"/>
<opset="void_compute_output_buffer_2d_array_array_ap_fixed_4u_config2_array_ap_fixed_16_6_5_3_0_1u_const_ap_shift_reg_value_type_in_width_n_chan_stream_array_ap_fixed_37_17_5_3_0_4u_0_weight_t_bias_t_kernel_data_7_load_phi/2 "/>
</bind>
</comp>

<comp id="382" class="1005" name="void_compute_output_buffer_2d_array_array_ap_fixed_4u_config2_array_ap_fixed_16_6_5_3_0_1u_const_ap_shift_reg_value_type_in_width_n_chan_stream_array_ap_fixed_37_17_5_3_0_4u_0_weight_t_bias_t_kernel_data_8_load_phi_reg_382">
<pin_list>
<pin id="383" dir="0" index="0" bw="16" slack="0"/>
<pin id="384" dir="1" index="1" bw="16" slack="0"/>
</pin_list>
<bind>
<opset="void_compute_output_buffer_2d_array_array_ap_fixed_4u_config2_array_ap_fixed_16_6_5_3_0_1u_const_ap_shift_reg_value_type_in_width_n_chan_stream_array_ap_fixed_37_17_5_3_0_4u_0_weight_t_bias_t_kernel_data_8_load_phi (phireg) "/>
</bind>
</comp>

<comp id="386" class="1004" name="void_compute_output_buffer_2d_array_array_ap_fixed_4u_config2_array_ap_fixed_16_6_5_3_0_1u_const_ap_shift_reg_value_type_in_width_n_chan_stream_array_ap_fixed_37_17_5_3_0_4u_0_weight_t_bias_t_kernel_data_8_load_phi_phi_fu_386">
<pin_list>
<pin id="387" dir="0" index="0" bw="16" slack="1"/>
<pin id="388" dir="0" index="1" bw="0" slack="2147483647"/>
<pin id="389" dir="0" index="2" bw="16" slack="0"/>
<pin id="390" dir="0" index="3" bw="0" slack="2147483647"/>
<pin id="391" dir="1" index="4" bw="16" slack="0"/>
</pin_list>
<bind>
<opcode="phi(47) " fcode="phi"/>
<opset="void_compute_output_buffer_2d_array_array_ap_fixed_4u_config2_array_ap_fixed_16_6_5_3_0_1u_const_ap_shift_reg_value_type_in_width_n_chan_stream_array_ap_fixed_37_17_5_3_0_4u_0_weight_t_bias_t_kernel_data_8_load_phi/2 "/>
</bind>
</comp>

<comp id="394" class="1005" name="conv_i1_i15_i16_reg_394">
<pin_list>
<pin id="395" dir="0" index="0" bw="16" slack="4"/>
<pin id="396" dir="1" index="1" bw="16" slack="4"/>
</pin_list>
<bind>
<opset="conv_i1_i15_i16 (phireg) "/>
</bind>
</comp>

<comp id="398" class="1004" name="conv_i1_i15_i16_phi_fu_398">
<pin_list>
<pin id="399" dir="0" index="0" bw="9" slack="4"/>
<pin id="400" dir="0" index="1" bw="0" slack="2147483647"/>
<pin id="401" dir="0" index="2" bw="16" slack="0"/>
<pin id="402" dir="0" index="3" bw="0" slack="2147483647"/>
<pin id="403" dir="0" index="4" bw="9" slack="4"/>
<pin id="404" dir="0" index="5" bw="0" slack="2147483647"/>
<pin id="405" dir="1" index="6" bw="16" slack="0"/>
</pin_list>
<bind>
<opcode="phi(47) " fcode="phi"/>
<opset="conv_i1_i15_i16/5 "/>
</bind>
</comp>

<comp id="408" class="1005" name="conv_i1_i18_i14_reg_408">
<pin_list>
<pin id="409" dir="0" index="0" bw="16" slack="4"/>
<pin id="410" dir="1" index="1" bw="16" slack="4"/>
</pin_list>
<bind>
<opset="conv_i1_i18_i14 (phireg) "/>
</bind>
</comp>

<comp id="412" class="1004" name="conv_i1_i18_i14_phi_fu_412">
<pin_list>
<pin id="413" dir="0" index="0" bw="8" slack="4"/>
<pin id="414" dir="0" index="1" bw="0" slack="2147483647"/>
<pin id="415" dir="0" index="2" bw="16" slack="0"/>
<pin id="416" dir="0" index="3" bw="0" slack="2147483647"/>
<pin id="417" dir="0" index="4" bw="8" slack="4"/>
<pin id="418" dir="0" index="5" bw="0" slack="2147483647"/>
<pin id="419" dir="1" index="6" bw="16" slack="0"/>
</pin_list>
<bind>
<opcode="phi(47) " fcode="phi"/>
<opset="conv_i1_i18_i14/5 "/>
</bind>
</comp>

<comp id="422" class="1005" name="conv_i1_i21_i12_reg_422">
<pin_list>
<pin id="423" dir="0" index="0" bw="16" slack="4"/>
<pin id="424" dir="1" index="1" bw="16" slack="4"/>
</pin_list>
<bind>
<opset="conv_i1_i21_i12 (phireg) "/>
</bind>
</comp>

<comp id="426" class="1004" name="conv_i1_i21_i12_phi_fu_426">
<pin_list>
<pin id="427" dir="0" index="0" bw="5" slack="4"/>
<pin id="428" dir="0" index="1" bw="0" slack="2147483647"/>
<pin id="429" dir="0" index="2" bw="16" slack="0"/>
<pin id="430" dir="0" index="3" bw="0" slack="2147483647"/>
<pin id="431" dir="0" index="4" bw="5" slack="4"/>
<pin id="432" dir="0" index="5" bw="0" slack="2147483647"/>
<pin id="433" dir="1" index="6" bw="16" slack="0"/>
</pin_list>
<bind>
<opcode="phi(47) " fcode="phi"/>
<opset="conv_i1_i21_i12/5 "/>
</bind>
</comp>

<comp id="436" class="1005" name="conv_i1_i24_i10_reg_436">
<pin_list>
<pin id="437" dir="0" index="0" bw="16" slack="4"/>
<pin id="438" dir="1" index="1" bw="16" slack="4"/>
</pin_list>
<bind>
<opset="conv_i1_i24_i10 (phireg) "/>
</bind>
</comp>

<comp id="440" class="1004" name="conv_i1_i24_i10_phi_fu_440">
<pin_list>
<pin id="441" dir="0" index="0" bw="7" slack="4"/>
<pin id="442" dir="0" index="1" bw="0" slack="2147483647"/>
<pin id="443" dir="0" index="2" bw="16" slack="0"/>
<pin id="444" dir="0" index="3" bw="0" slack="2147483647"/>
<pin id="445" dir="0" index="4" bw="7" slack="4"/>
<pin id="446" dir="0" index="5" bw="0" slack="2147483647"/>
<pin id="447" dir="1" index="6" bw="16" slack="0"/>
</pin_list>
<bind>
<opcode="phi(47) " fcode="phi"/>
<opset="conv_i1_i24_i10/5 "/>
</bind>
</comp>

<comp id="450" class="1005" name="acc_V_12_reg_450">
<pin_list>
<pin id="451" dir="0" index="0" bw="16" slack="0"/>
<pin id="452" dir="1" index="1" bw="16" slack="0"/>
</pin_list>
<bind>
<opset="acc_V_12 (phireg) "/>
</bind>
</comp>

<comp id="454" class="1004" name="acc_V_12_phi_fu_454">
<pin_list>
<pin id="455" dir="0" index="0" bw="16" slack="0"/>
<pin id="456" dir="0" index="1" bw="0" slack="2147483647"/>
<pin id="457" dir="0" index="2" bw="16" slack="0"/>
<pin id="458" dir="0" index="3" bw="0" slack="2147483647"/>
<pin id="459" dir="0" index="4" bw="16" slack="0"/>
<pin id="460" dir="0" index="5" bw="0" slack="2147483647"/>
<pin id="461" dir="0" index="6" bw="16" slack="0"/>
<pin id="462" dir="0" index="7" bw="0" slack="2147483647"/>
<pin id="463" dir="1" index="8" bw="16" slack="0"/>
</pin_list>
<bind>
<opcode="phi(47) " fcode="phi"/>
<opset="acc_V_12/5 "/>
</bind>
</comp>

<comp id="468" class="1005" name="acc_V_11_reg_468">
<pin_list>
<pin id="469" dir="0" index="0" bw="16" slack="0"/>
<pin id="470" dir="1" index="1" bw="16" slack="0"/>
</pin_list>
<bind>
<opset="acc_V_11 (phireg) "/>
</bind>
</comp>

<comp id="472" class="1004" name="acc_V_11_phi_fu_472">
<pin_list>
<pin id="473" dir="0" index="0" bw="16" slack="0"/>
<pin id="474" dir="0" index="1" bw="0" slack="2147483647"/>
<pin id="475" dir="0" index="2" bw="16" slack="0"/>
<pin id="476" dir="0" index="3" bw="0" slack="2147483647"/>
<pin id="477" dir="0" index="4" bw="16" slack="0"/>
<pin id="478" dir="0" index="5" bw="0" slack="2147483647"/>
<pin id="479" dir="0" index="6" bw="16" slack="0"/>
<pin id="480" dir="0" index="7" bw="0" slack="2147483647"/>
<pin id="481" dir="1" index="8" bw="16" slack="0"/>
</pin_list>
<bind>
<opcode="phi(47) " fcode="phi"/>
<opset="acc_V_11/5 "/>
</bind>
</comp>

<comp id="486" class="1005" name="acc_V_10_reg_486">
<pin_list>
<pin id="487" dir="0" index="0" bw="16" slack="0"/>
<pin id="488" dir="1" index="1" bw="16" slack="0"/>
</pin_list>
<bind>
<opset="acc_V_10 (phireg) "/>
</bind>
</comp>

<comp id="490" class="1004" name="acc_V_10_phi_fu_490">
<pin_list>
<pin id="491" dir="0" index="0" bw="16" slack="0"/>
<pin id="492" dir="0" index="1" bw="0" slack="2147483647"/>
<pin id="493" dir="0" index="2" bw="16" slack="0"/>
<pin id="494" dir="0" index="3" bw="0" slack="2147483647"/>
<pin id="495" dir="0" index="4" bw="16" slack="0"/>
<pin id="496" dir="0" index="5" bw="0" slack="2147483647"/>
<pin id="497" dir="0" index="6" bw="16" slack="0"/>
<pin id="498" dir="0" index="7" bw="0" slack="2147483647"/>
<pin id="499" dir="1" index="8" bw="16" slack="0"/>
</pin_list>
<bind>
<opcode="phi(47) " fcode="phi"/>
<opset="acc_V_10/5 "/>
</bind>
</comp>

<comp id="504" class="1005" name="acc_V_reg_504">
<pin_list>
<pin id="505" dir="0" index="0" bw="16" slack="0"/>
<pin id="506" dir="1" index="1" bw="16" slack="0"/>
</pin_list>
<bind>
<opset="acc_V (phireg) "/>
</bind>
</comp>

<comp id="508" class="1004" name="acc_V_phi_fu_508">
<pin_list>
<pin id="509" dir="0" index="0" bw="16" slack="0"/>
<pin id="510" dir="0" index="1" bw="0" slack="2147483647"/>
<pin id="511" dir="0" index="2" bw="16" slack="0"/>
<pin id="512" dir="0" index="3" bw="0" slack="2147483647"/>
<pin id="513" dir="0" index="4" bw="16" slack="0"/>
<pin id="514" dir="0" index="5" bw="0" slack="2147483647"/>
<pin id="515" dir="0" index="6" bw="16" slack="0"/>
<pin id="516" dir="0" index="7" bw="0" slack="2147483647"/>
<pin id="517" dir="1" index="8" bw="16" slack="0"/>
</pin_list>
<bind>
<opcode="phi(47) " fcode="phi"/>
<opset="acc_V/5 "/>
</bind>
</comp>

<comp id="522" class="1004" name="void_compute_output_buffer_2d_array_array_ap_fixed_4u_config2_array_ap_fixed_16_6_5_3_0_1u_const_ap_shift_reg_value_type_in_width_n_chan_stream_array_ap_fixed_37_17_5_3_0_4u_0_weight_t_bias_t_kernel_data_8_load_load_fu_522">
<pin_list>
<pin id="523" dir="0" index="0" bw="16" slack="0"/>
<pin id="524" dir="1" index="1" bw="16" slack="1"/>
</pin_list>
<bind>
<opcode="load(27) " fcode="load"/>
<opset="void_compute_output_buffer_2d_array_array_ap_fixed_4u_config2_array_ap_fixed_16_6_5_3_0_1u_const_ap_shift_reg_value_type_in_width_n_chan_stream_array_ap_fixed_37_17_5_3_0_4u_0_weight_t_bias_t_kernel_data_8_load/1 "/>
</bind>
</comp>

<comp id="526" class="1004" name="void_compute_output_buffer_2d_array_array_ap_fixed_4u_config2_array_ap_fixed_16_6_5_3_0_1u_const_ap_shift_reg_value_type_in_width_n_chan_stream_array_ap_fixed_37_17_5_3_0_4u_0_weight_t_bias_t_kernel_data_7_load_load_fu_526">
<pin_list>
<pin id="527" dir="0" index="0" bw="16" slack="0"/>
<pin id="528" dir="1" index="1" bw="16" slack="1"/>
</pin_list>
<bind>
<opcode="load(27) " fcode="load"/>
<opset="void_compute_output_buffer_2d_array_array_ap_fixed_4u_config2_array_ap_fixed_16_6_5_3_0_1u_const_ap_shift_reg_value_type_in_width_n_chan_stream_array_ap_fixed_37_17_5_3_0_4u_0_weight_t_bias_t_kernel_data_7_load/1 "/>
</bind>
</comp>

<comp id="530" class="1004" name="void_compute_output_buffer_2d_array_array_ap_fixed_4u_config2_array_ap_fixed_16_6_5_3_0_1u_const_ap_shift_reg_value_type_in_width_n_chan_stream_array_ap_fixed_37_17_5_3_0_4u_0_weight_t_bias_t_kernel_data_6_load_load_fu_530">
<pin_list>
<pin id="531" dir="0" index="0" bw="16" slack="0"/>
<pin id="532" dir="1" index="1" bw="16" slack="1"/>
</pin_list>
<bind>
<opcode="load(27) " fcode="load"/>
<opset="void_compute_output_buffer_2d_array_array_ap_fixed_4u_config2_array_ap_fixed_16_6_5_3_0_1u_const_ap_shift_reg_value_type_in_width_n_chan_stream_array_ap_fixed_37_17_5_3_0_4u_0_weight_t_bias_t_kernel_data_6_load/1 "/>
</bind>
</comp>

<comp id="534" class="1004" name="void_compute_output_buffer_2d_array_array_ap_fixed_4u_config2_array_ap_fixed_16_6_5_3_0_1u_const_ap_shift_reg_value_type_in_width_n_chan_stream_array_ap_fixed_37_17_5_3_0_4u_0_weight_t_bias_t_kernel_data_5_load_load_fu_534">
<pin_list>
<pin id="535" dir="0" index="0" bw="16" slack="0"/>
<pin id="536" dir="1" index="1" bw="16" slack="1"/>
</pin_list>
<bind>
<opcode="load(27) " fcode="load"/>
<opset="void_compute_output_buffer_2d_array_array_ap_fixed_4u_config2_array_ap_fixed_16_6_5_3_0_1u_const_ap_shift_reg_value_type_in_width_n_chan_stream_array_ap_fixed_37_17_5_3_0_4u_0_weight_t_bias_t_kernel_data_5_load/1 "/>
</bind>
</comp>

<comp id="538" class="1004" name="void_compute_output_buffer_2d_array_array_ap_fixed_4u_config2_array_ap_fixed_16_6_5_3_0_1u_const_ap_shift_reg_value_type_in_width_n_chan_stream_array_ap_fixed_37_17_5_3_0_4u_0_weight_t_bias_t_kernel_data_4_load_load_fu_538">
<pin_list>
<pin id="539" dir="0" index="0" bw="16" slack="0"/>
<pin id="540" dir="1" index="1" bw="16" slack="1"/>
</pin_list>
<bind>
<opcode="load(27) " fcode="load"/>
<opset="void_compute_output_buffer_2d_array_array_ap_fixed_4u_config2_array_ap_fixed_16_6_5_3_0_1u_const_ap_shift_reg_value_type_in_width_n_chan_stream_array_ap_fixed_37_17_5_3_0_4u_0_weight_t_bias_t_kernel_data_4_load/1 "/>
</bind>
</comp>

<comp id="542" class="1004" name="void_compute_output_buffer_2d_array_array_ap_fixed_4u_config2_array_ap_fixed_16_6_5_3_0_1u_const_ap_shift_reg_value_type_in_width_n_chan_stream_array_ap_fixed_37_17_5_3_0_4u_0_weight_t_bias_t_kernel_data_3_load_load_fu_542">
<pin_list>
<pin id="543" dir="0" index="0" bw="16" slack="0"/>
<pin id="544" dir="1" index="1" bw="16" slack="1"/>
</pin_list>
<bind>
<opcode="load(27) " fcode="load"/>
<opset="void_compute_output_buffer_2d_array_array_ap_fixed_4u_config2_array_ap_fixed_16_6_5_3_0_1u_const_ap_shift_reg_value_type_in_width_n_chan_stream_array_ap_fixed_37_17_5_3_0_4u_0_weight_t_bias_t_kernel_data_3_load/1 "/>
</bind>
</comp>

<comp id="546" class="1004" name="void_compute_output_buffer_2d_array_array_ap_fixed_4u_config2_array_ap_fixed_16_6_5_3_0_1u_const_ap_shift_reg_value_type_in_width_n_chan_stream_array_ap_fixed_37_17_5_3_0_4u_0_weight_t_bias_t_kernel_data_2_load_load_fu_546">
<pin_list>
<pin id="547" dir="0" index="0" bw="16" slack="0"/>
<pin id="548" dir="1" index="1" bw="16" slack="1"/>
</pin_list>
<bind>
<opcode="load(27) " fcode="load"/>
<opset="void_compute_output_buffer_2d_array_array_ap_fixed_4u_config2_array_ap_fixed_16_6_5_3_0_1u_const_ap_shift_reg_value_type_in_width_n_chan_stream_array_ap_fixed_37_17_5_3_0_4u_0_weight_t_bias_t_kernel_data_2_load/1 "/>
</bind>
</comp>

<comp id="550" class="1004" name="void_compute_output_buffer_2d_array_array_ap_fixed_4u_config2_array_ap_fixed_16_6_5_3_0_1u_const_ap_shift_reg_value_type_in_width_n_chan_stream_array_ap_fixed_37_17_5_3_0_4u_0_weight_t_bias_t_kernel_data_1_load_load_fu_550">
<pin_list>
<pin id="551" dir="0" index="0" bw="16" slack="0"/>
<pin id="552" dir="1" index="1" bw="16" slack="1"/>
</pin_list>
<bind>
<opcode="load(27) " fcode="load"/>
<opset="void_compute_output_buffer_2d_array_array_ap_fixed_4u_config2_array_ap_fixed_16_6_5_3_0_1u_const_ap_shift_reg_value_type_in_width_n_chan_stream_array_ap_fixed_37_17_5_3_0_4u_0_weight_t_bias_t_kernel_data_1_load/1 "/>
</bind>
</comp>

<comp id="554" class="1004" name="void_compute_output_buffer_2d_array_array_ap_fixed_4u_config2_array_ap_fixed_16_6_5_3_0_1u_const_ap_shift_reg_value_type_in_width_n_chan_stream_array_ap_fixed_37_17_5_3_0_4u_0_weight_t_bias_t_kernel_data_load_load_fu_554">
<pin_list>
<pin id="555" dir="0" index="0" bw="16" slack="0"/>
<pin id="556" dir="1" index="1" bw="16" slack="1"/>
</pin_list>
<bind>
<opcode="load(27) " fcode="load"/>
<opset="void_compute_output_buffer_2d_array_array_ap_fixed_4u_config2_array_ap_fixed_16_6_5_3_0_1u_const_ap_shift_reg_value_type_in_width_n_chan_stream_array_ap_fixed_37_17_5_3_0_4u_0_weight_t_bias_t_kernel_data_load/1 "/>
</bind>
</comp>

<comp id="558" class="1004" name="zext_ln135_fu_558">
<pin_list>
<pin id="559" dir="0" index="0" bw="6" slack="0"/>
<pin id="560" dir="1" index="1" bw="64" slack="0"/>
</pin_list>
<bind>
<opcode="zext(34) " fcode="zext"/>
<opset="zext_ln135/1 "/>
</bind>
</comp>

<comp id="564" class="1004" name="w_index_fu_564">
<pin_list>
<pin id="565" dir="0" index="0" bw="6" slack="0"/>
<pin id="566" dir="0" index="1" bw="1" slack="0"/>
<pin id="567" dir="1" index="2" bw="6" slack="0"/>
</pin_list>
<bind>
<opcode="add(8) " fcode="add"/>
<opset="w_index/1 "/>
</bind>
</comp>

<comp id="570" class="1004" name="icmp_ln135_fu_570">
<pin_list>
<pin id="571" dir="0" index="0" bw="6" slack="0"/>
<pin id="572" dir="0" index="1" bw="6" slack="0"/>
<pin id="573" dir="1" index="2" bw="1" slack="1"/>
</pin_list>
<bind>
<opcode="icmp(45) " fcode="icmp"/>
<opset="icmp_ln135/1 "/>
</bind>
</comp>

<comp id="576" class="1004" name="a_V_fu_576">
<pin_list>
<pin id="577" dir="0" index="0" bw="16" slack="0"/>
<pin id="578" dir="0" index="1" bw="16" slack="0"/>
<pin id="579" dir="0" index="2" bw="16" slack="0"/>
<pin id="580" dir="0" index="3" bw="16" slack="0"/>
<pin id="581" dir="0" index="4" bw="16" slack="0"/>
<pin id="582" dir="0" index="5" bw="16" slack="0"/>
<pin id="583" dir="0" index="6" bw="16" slack="0"/>
<pin id="584" dir="0" index="7" bw="16" slack="0"/>
<pin id="585" dir="0" index="8" bw="16" slack="0"/>
<pin id="586" dir="0" index="9" bw="16" slack="0"/>
<pin id="587" dir="0" index="10" bw="32" slack="0"/>
<pin id="588" dir="1" index="11" bw="16" slack="0"/>
</pin_list>
<bind>
<opcode="mux(1196) " fcode="mux"/>
<opset="a_V/2 "/>
</bind>
</comp>

<comp id="600" class="1004" name="sext_ln1168_fu_600">
<pin_list>
<pin id="601" dir="0" index="0" bw="16" slack="0"/>
<pin id="602" dir="1" index="1" bw="26" slack="0"/>
</pin_list>
<bind>
<opcode="sext(35) " fcode="sext"/>
<opset="sext_ln1168/2 "/>
</bind>
</comp>

<comp id="604" class="1004" name="sext_ln1168_3_fu_604">
<pin_list>
<pin id="605" dir="0" index="0" bw="11" slack="0"/>
<pin id="606" dir="1" index="1" bw="26" slack="0"/>
</pin_list>
<bind>
<opcode="sext(35) " fcode="sext"/>
<opset="sext_ln1168_3/2 "/>
</bind>
</comp>

<comp id="608" class="1004" name="in_index_2_fu_608">
<pin_list>
<pin id="609" dir="0" index="0" bw="32" slack="0"/>
<pin id="610" dir="0" index="1" bw="1" slack="0"/>
<pin id="611" dir="1" index="2" bw="32" slack="0"/>
</pin_list>
<bind>
<opcode="add(8) " fcode="add"/>
<opset="in_index_2/2 "/>
</bind>
</comp>

<comp id="614" class="1004" name="icmp_ln154_fu_614">
<pin_list>
<pin id="615" dir="0" index="0" bw="32" slack="0"/>
<pin id="616" dir="0" index="1" bw="5" slack="0"/>
<pin id="617" dir="1" index="2" bw="1" slack="0"/>
</pin_list>
<bind>
<opcode="icmp(45) " fcode="icmp"/>
<opset="icmp_ln154/2 "/>
</bind>
</comp>

<comp id="620" class="1004" name="in_index_fu_620">
<pin_list>
<pin id="621" dir="0" index="0" bw="1" slack="0"/>
<pin id="622" dir="0" index="1" bw="1" slack="0"/>
<pin id="623" dir="0" index="2" bw="32" slack="0"/>
<pin id="624" dir="1" index="3" bw="32" slack="0"/>
</pin_list>
<bind>
<opcode="select(49) " fcode="select"/>
<opset="in_index/2 "/>
</bind>
</comp>

<comp id="628" class="1004" name="trunc_ln_fu_628">
<pin_list>
<pin id="629" dir="0" index="0" bw="16" slack="0"/>
<pin id="630" dir="0" index="1" bw="26" slack="0"/>
<pin id="631" dir="0" index="2" bw="5" slack="0"/>
<pin id="632" dir="0" index="3" bw="6" slack="0"/>
<pin id="633" dir="1" index="4" bw="16" slack="0"/>
</pin_list>
<bind>
<opcode="partselect(1002) " fcode="partselect"/>
<opset="trunc_ln/5 "/>
</bind>
</comp>

<comp id="637" class="1004" name="tmp_i_fu_637">
<pin_list>
<pin id="638" dir="0" index="0" bw="16" slack="0"/>
<pin id="639" dir="0" index="1" bw="16" slack="0"/>
<pin id="640" dir="0" index="2" bw="16" slack="0"/>
<pin id="641" dir="0" index="3" bw="16" slack="0"/>
<pin id="642" dir="0" index="4" bw="16" slack="0"/>
<pin id="643" dir="0" index="5" bw="2" slack="3"/>
<pin id="644" dir="1" index="6" bw="16" slack="0"/>
</pin_list>
<bind>
<opcode="mux(1196) " fcode="mux"/>
<opset="tmp_i/5 "/>
</bind>
</comp>

<comp id="650" class="1004" name="add_ln712_fu_650">
<pin_list>
<pin id="651" dir="0" index="0" bw="16" slack="0"/>
<pin id="652" dir="0" index="1" bw="16" slack="0"/>
<pin id="653" dir="1" index="2" bw="16" slack="0"/>
</pin_list>
<bind>
<opcode="add(8) " fcode="add"/>
<opset="add_ln712/5 "/>
</bind>
</comp>

<comp id="660" class="1004" name="shl_ln_fu_660">
<pin_list>
<pin id="661" dir="0" index="0" bw="26" slack="0"/>
<pin id="662" dir="0" index="1" bw="16" slack="0"/>
<pin id="663" dir="0" index="2" bw="1" slack="0"/>
<pin id="664" dir="1" index="3" bw="26" slack="0"/>
</pin_list>
<bind>
<opcode="bitconcatenate(1004) " fcode="bitconcatenate"/>
<opset="shl_ln/5 "/>
</bind>
</comp>

<comp id="668" class="1004" name="sext_ln110_fu_668">
<pin_list>
<pin id="669" dir="0" index="0" bw="26" slack="0"/>
<pin id="670" dir="1" index="1" bw="37" slack="0"/>
</pin_list>
<bind>
<opcode="sext(35) " fcode="sext"/>
<opset="sext_ln110/5 "/>
</bind>
</comp>

<comp id="672" class="1004" name="shl_ln737_4_fu_672">
<pin_list>
<pin id="673" dir="0" index="0" bw="26" slack="0"/>
<pin id="674" dir="0" index="1" bw="16" slack="0"/>
<pin id="675" dir="0" index="2" bw="1" slack="0"/>
<pin id="676" dir="1" index="3" bw="26" slack="0"/>
</pin_list>
<bind>
<opcode="bitconcatenate(1004) " fcode="bitconcatenate"/>
<opset="shl_ln737_4/5 "/>
</bind>
</comp>

<comp id="680" class="1004" name="sext_ln110_3_fu_680">
<pin_list>
<pin id="681" dir="0" index="0" bw="26" slack="0"/>
<pin id="682" dir="1" index="1" bw="37" slack="0"/>
</pin_list>
<bind>
<opcode="sext(35) " fcode="sext"/>
<opset="sext_ln110_3/5 "/>
</bind>
</comp>

<comp id="684" class="1004" name="shl_ln737_5_fu_684">
<pin_list>
<pin id="685" dir="0" index="0" bw="26" slack="0"/>
<pin id="686" dir="0" index="1" bw="16" slack="0"/>
<pin id="687" dir="0" index="2" bw="1" slack="0"/>
<pin id="688" dir="1" index="3" bw="26" slack="0"/>
</pin_list>
<bind>
<opcode="bitconcatenate(1004) " fcode="bitconcatenate"/>
<opset="shl_ln737_5/5 "/>
</bind>
</comp>

<comp id="692" class="1004" name="sext_ln110_4_fu_692">
<pin_list>
<pin id="693" dir="0" index="0" bw="26" slack="0"/>
<pin id="694" dir="1" index="1" bw="37" slack="0"/>
</pin_list>
<bind>
<opcode="sext(35) " fcode="sext"/>
<opset="sext_ln110_4/5 "/>
</bind>
</comp>

<comp id="696" class="1004" name="shl_ln737_6_fu_696">
<pin_list>
<pin id="697" dir="0" index="0" bw="26" slack="0"/>
<pin id="698" dir="0" index="1" bw="16" slack="0"/>
<pin id="699" dir="0" index="2" bw="1" slack="0"/>
<pin id="700" dir="1" index="3" bw="26" slack="0"/>
</pin_list>
<bind>
<opcode="bitconcatenate(1004) " fcode="bitconcatenate"/>
<opset="shl_ln737_6/5 "/>
</bind>
</comp>

<comp id="704" class="1004" name="sext_ln166_fu_704">
<pin_list>
<pin id="705" dir="0" index="0" bw="26" slack="0"/>
<pin id="706" dir="1" index="1" bw="37" slack="0"/>
</pin_list>
<bind>
<opcode="sext(35) " fcode="sext"/>
<opset="sext_ln166/5 "/>
</bind>
</comp>

<comp id="708" class="1004" name="mrv_i_fu_708">
<pin_list>
<pin id="709" dir="0" index="0" bw="148" slack="0"/>
<pin id="710" dir="0" index="1" bw="26" slack="0"/>
<pin id="711" dir="1" index="2" bw="148" slack="0"/>
</pin_list>
<bind>
<opcode="insertvalue(57) " fcode="insertvalue"/>
<opset="mrv_i/5 "/>
</bind>
</comp>

<comp id="714" class="1004" name="mrv_1_i_fu_714">
<pin_list>
<pin id="715" dir="0" index="0" bw="148" slack="0"/>
<pin id="716" dir="0" index="1" bw="26" slack="0"/>
<pin id="717" dir="1" index="2" bw="148" slack="0"/>
</pin_list>
<bind>
<opcode="insertvalue(57) " fcode="insertvalue"/>
<opset="mrv_1_i/5 "/>
</bind>
</comp>

<comp id="720" class="1004" name="mrv_2_i_fu_720">
<pin_list>
<pin id="721" dir="0" index="0" bw="148" slack="0"/>
<pin id="722" dir="0" index="1" bw="26" slack="0"/>
<pin id="723" dir="1" index="2" bw="148" slack="0"/>
</pin_list>
<bind>
<opcode="insertvalue(57) " fcode="insertvalue"/>
<opset="mrv_2_i/5 "/>
</bind>
</comp>

<comp id="726" class="1004" name="mrv_3_i_fu_726">
<pin_list>
<pin id="727" dir="0" index="0" bw="148" slack="0"/>
<pin id="728" dir="0" index="1" bw="26" slack="0"/>
<pin id="729" dir="1" index="2" bw="148" slack="0"/>
</pin_list>
<bind>
<opcode="insertvalue(57) " fcode="insertvalue"/>
<opset="mrv_3_i/5 "/>
</bind>
</comp>

<comp id="732" class="1004" name="return_ln166_fu_732">
<pin_list>
<pin id="733" dir="0" index="0" bw="148" slack="0"/>
<pin id="734" dir="1" index="1" bw="0" slack="2147483647"/>
</pin_list>
<bind>
<opcode="return(1203) " fcode="return"/>
<opset="return_ln166/5 "/>
</bind>
</comp>

<comp id="736" class="1007" name="grp_fu_736">
<pin_list>
<pin id="737" dir="0" index="0" bw="16" slack="0"/>
<pin id="738" dir="0" index="1" bw="11" slack="0"/>
<pin id="739" dir="1" index="2" bw="26" slack="0"/>
</pin_list>
<bind>
<opcode="mul(12) " fcode="mul"/>
<opset="mul_ln1168/2 "/>
</bind>
</comp>

<comp id="743" class="1005" name="void_compute_output_buffer_2d_array_array_ap_fixed_4u_config2_array_ap_fixed_16_6_5_3_0_1u_const_ap_shift_reg_value_type_in_width_n_chan_stream_array_ap_fixed_37_17_5_3_0_4u_0_weight_t_bias_t_kernel_data_8_load_reg_743">
<pin_list>
<pin id="744" dir="0" index="0" bw="16" slack="1"/>
<pin id="745" dir="1" index="1" bw="16" slack="1"/>
</pin_list>
<bind>
<opset="void_compute_output_buffer_2d_array_array_ap_fixed_4u_config2_array_ap_fixed_16_6_5_3_0_1u_const_ap_shift_reg_value_type_in_width_n_chan_stream_array_ap_fixed_37_17_5_3_0_4u_0_weight_t_bias_t_kernel_data_8_load "/>
</bind>
</comp>

<comp id="748" class="1005" name="void_compute_output_buffer_2d_array_array_ap_fixed_4u_config2_array_ap_fixed_16_6_5_3_0_1u_const_ap_shift_reg_value_type_in_width_n_chan_stream_array_ap_fixed_37_17_5_3_0_4u_0_weight_t_bias_t_kernel_data_7_load_reg_748">
<pin_list>
<pin id="749" dir="0" index="0" bw="16" slack="1"/>
<pin id="750" dir="1" index="1" bw="16" slack="1"/>
</pin_list>
<bind>
<opset="void_compute_output_buffer_2d_array_array_ap_fixed_4u_config2_array_ap_fixed_16_6_5_3_0_1u_const_ap_shift_reg_value_type_in_width_n_chan_stream_array_ap_fixed_37_17_5_3_0_4u_0_weight_t_bias_t_kernel_data_7_load "/>
</bind>
</comp>

<comp id="753" class="1005" name="void_compute_output_buffer_2d_array_array_ap_fixed_4u_config2_array_ap_fixed_16_6_5_3_0_1u_const_ap_shift_reg_value_type_in_width_n_chan_stream_array_ap_fixed_37_17_5_3_0_4u_0_weight_t_bias_t_kernel_data_6_load_reg_753">
<pin_list>
<pin id="754" dir="0" index="0" bw="16" slack="1"/>
<pin id="755" dir="1" index="1" bw="16" slack="1"/>
</pin_list>
<bind>
<opset="void_compute_output_buffer_2d_array_array_ap_fixed_4u_config2_array_ap_fixed_16_6_5_3_0_1u_const_ap_shift_reg_value_type_in_width_n_chan_stream_array_ap_fixed_37_17_5_3_0_4u_0_weight_t_bias_t_kernel_data_6_load "/>
</bind>
</comp>

<comp id="758" class="1005" name="void_compute_output_buffer_2d_array_array_ap_fixed_4u_config2_array_ap_fixed_16_6_5_3_0_1u_const_ap_shift_reg_value_type_in_width_n_chan_stream_array_ap_fixed_37_17_5_3_0_4u_0_weight_t_bias_t_kernel_data_5_load_reg_758">
<pin_list>
<pin id="759" dir="0" index="0" bw="16" slack="1"/>
<pin id="760" dir="1" index="1" bw="16" slack="1"/>
</pin_list>
<bind>
<opset="void_compute_output_buffer_2d_array_array_ap_fixed_4u_config2_array_ap_fixed_16_6_5_3_0_1u_const_ap_shift_reg_value_type_in_width_n_chan_stream_array_ap_fixed_37_17_5_3_0_4u_0_weight_t_bias_t_kernel_data_5_load "/>
</bind>
</comp>

<comp id="763" class="1005" name="void_compute_output_buffer_2d_array_array_ap_fixed_4u_config2_array_ap_fixed_16_6_5_3_0_1u_const_ap_shift_reg_value_type_in_width_n_chan_stream_array_ap_fixed_37_17_5_3_0_4u_0_weight_t_bias_t_kernel_data_4_load_reg_763">
<pin_list>
<pin id="764" dir="0" index="0" bw="16" slack="1"/>
<pin id="765" dir="1" index="1" bw="16" slack="1"/>
</pin_list>
<bind>
<opset="void_compute_output_buffer_2d_array_array_ap_fixed_4u_config2_array_ap_fixed_16_6_5_3_0_1u_const_ap_shift_reg_value_type_in_width_n_chan_stream_array_ap_fixed_37_17_5_3_0_4u_0_weight_t_bias_t_kernel_data_4_load "/>
</bind>
</comp>

<comp id="768" class="1005" name="void_compute_output_buffer_2d_array_array_ap_fixed_4u_config2_array_ap_fixed_16_6_5_3_0_1u_const_ap_shift_reg_value_type_in_width_n_chan_stream_array_ap_fixed_37_17_5_3_0_4u_0_weight_t_bias_t_kernel_data_3_load_reg_768">
<pin_list>
<pin id="769" dir="0" index="0" bw="16" slack="1"/>
<pin id="770" dir="1" index="1" bw="16" slack="1"/>
</pin_list>
<bind>
<opset="void_compute_output_buffer_2d_array_array_ap_fixed_4u_config2_array_ap_fixed_16_6_5_3_0_1u_const_ap_shift_reg_value_type_in_width_n_chan_stream_array_ap_fixed_37_17_5_3_0_4u_0_weight_t_bias_t_kernel_data_3_load "/>
</bind>
</comp>

<comp id="773" class="1005" name="void_compute_output_buffer_2d_array_array_ap_fixed_4u_config2_array_ap_fixed_16_6_5_3_0_1u_const_ap_shift_reg_value_type_in_width_n_chan_stream_array_ap_fixed_37_17_5_3_0_4u_0_weight_t_bias_t_kernel_data_2_load_reg_773">
<pin_list>
<pin id="774" dir="0" index="0" bw="16" slack="1"/>
<pin id="775" dir="1" index="1" bw="16" slack="1"/>
</pin_list>
<bind>
<opset="void_compute_output_buffer_2d_array_array_ap_fixed_4u_config2_array_ap_fixed_16_6_5_3_0_1u_const_ap_shift_reg_value_type_in_width_n_chan_stream_array_ap_fixed_37_17_5_3_0_4u_0_weight_t_bias_t_kernel_data_2_load "/>
</bind>
</comp>

<comp id="778" class="1005" name="void_compute_output_buffer_2d_array_array_ap_fixed_4u_config2_array_ap_fixed_16_6_5_3_0_1u_const_ap_shift_reg_value_type_in_width_n_chan_stream_array_ap_fixed_37_17_5_3_0_4u_0_weight_t_bias_t_kernel_data_1_load_reg_778">
<pin_list>
<pin id="779" dir="0" index="0" bw="16" slack="1"/>
<pin id="780" dir="1" index="1" bw="16" slack="1"/>
</pin_list>
<bind>
<opset="void_compute_output_buffer_2d_array_array_ap_fixed_4u_config2_array_ap_fixed_16_6_5_3_0_1u_const_ap_shift_reg_value_type_in_width_n_chan_stream_array_ap_fixed_37_17_5_3_0_4u_0_weight_t_bias_t_kernel_data_1_load "/>
</bind>
</comp>

<comp id="783" class="1005" name="void_compute_output_buffer_2d_array_array_ap_fixed_4u_config2_array_ap_fixed_16_6_5_3_0_1u_const_ap_shift_reg_value_type_in_width_n_chan_stream_array_ap_fixed_37_17_5_3_0_4u_0_weight_t_bias_t_kernel_data_load_reg_783">
<pin_list>
<pin id="784" dir="0" index="0" bw="16" slack="1"/>
<pin id="785" dir="1" index="1" bw="16" slack="1"/>
</pin_list>
<bind>
<opset="void_compute_output_buffer_2d_array_array_ap_fixed_4u_config2_array_ap_fixed_16_6_5_3_0_1u_const_ap_shift_reg_value_type_in_width_n_chan_stream_array_ap_fixed_37_17_5_3_0_4u_0_weight_t_bias_t_kernel_data_load "/>
</bind>
</comp>

<comp id="788" class="1005" name="outidx_1_addr_reg_788">
<pin_list>
<pin id="789" dir="0" index="0" bw="6" slack="1"/>
<pin id="790" dir="1" index="1" bw="6" slack="1"/>
</pin_list>
<bind>
<opset="outidx_1_addr "/>
</bind>
</comp>

<comp id="793" class="1005" name="w2_V_addr_reg_793">
<pin_list>
<pin id="794" dir="0" index="0" bw="6" slack="1"/>
<pin id="795" dir="1" index="1" bw="6" slack="1"/>
</pin_list>
<bind>
<opset="w2_V_addr "/>
</bind>
</comp>

<comp id="798" class="1005" name="w_index_reg_798">
<pin_list>
<pin id="799" dir="0" index="0" bw="6" slack="0"/>
<pin id="800" dir="1" index="1" bw="6" slack="0"/>
</pin_list>
<bind>
<opset="w_index "/>
</bind>
</comp>

<comp id="803" class="1005" name="icmp_ln135_reg_803">
<pin_list>
<pin id="804" dir="0" index="0" bw="1" slack="1"/>
<pin id="805" dir="1" index="1" bw="1" slack="2147483647"/>
</pin_list>
<bind>
<opset="icmp_ln135 "/>
</bind>
</comp>

<comp id="807" class="1005" name="out_index_reg_807">
<pin_list>
<pin id="808" dir="0" index="0" bw="2" slack="3"/>
<pin id="809" dir="1" index="1" bw="2" slack="3"/>
</pin_list>
<bind>
<opset="out_index "/>
</bind>
</comp>

<comp id="812" class="1005" name="sext_ln1168_reg_812">
<pin_list>
<pin id="813" dir="0" index="0" bw="26" slack="1"/>
<pin id="814" dir="1" index="1" bw="26" slack="1"/>
</pin_list>
<bind>
<opset="sext_ln1168 "/>
</bind>
</comp>

<comp id="817" class="1005" name="sext_ln1168_3_reg_817">
<pin_list>
<pin id="818" dir="0" index="0" bw="26" slack="1"/>
<pin id="819" dir="1" index="1" bw="26" slack="1"/>
</pin_list>
<bind>
<opset="sext_ln1168_3 "/>
</bind>
</comp>

<comp id="822" class="1005" name="in_index_reg_822">
<pin_list>
<pin id="823" dir="0" index="0" bw="32" slack="0"/>
<pin id="824" dir="1" index="1" bw="32" slack="0"/>
</pin_list>
<bind>
<opset="in_index "/>
</bind>
</comp>

</comp_list>

<net_list>
<net id="97"><net_src comp="0" pin="0"/><net_sink comp="92" pin=0"/></net>

<net id="98"><net_src comp="36" pin="0"/><net_sink comp="92" pin=1"/></net>

<net id="104"><net_src comp="92" pin="3"/><net_sink comp="99" pin=0"/></net>

<net id="110"><net_src comp="2" pin="0"/><net_sink comp="105" pin=0"/></net>

<net id="111"><net_src comp="36" pin="0"/><net_sink comp="105" pin=1"/></net>

<net id="117"><net_src comp="105" pin="3"/><net_sink comp="112" pin=0"/></net>

<net id="129"><net_src comp="22" pin="0"/><net_sink comp="121" pin=0"/></net>

<net id="130"><net_src comp="24" pin="0"/><net_sink comp="121" pin=2"/></net>

<net id="131"><net_src comp="22" pin="0"/><net_sink comp="121" pin=4"/></net>

<net id="132"><net_src comp="121" pin="6"/><net_sink comp="118" pin=0"/></net>

<net id="144"><net_src comp="26" pin="0"/><net_sink comp="136" pin=0"/></net>

<net id="145"><net_src comp="26" pin="0"/><net_sink comp="136" pin=4"/></net>

<net id="149"><net_src comp="42" pin="0"/><net_sink comp="146" pin=0"/></net>

<net id="158"><net_src comp="146" pin="1"/><net_sink comp="150" pin=0"/></net>

<net id="159"><net_src comp="146" pin="1"/><net_sink comp="150" pin=4"/></net>

<net id="163"><net_src comp="42" pin="0"/><net_sink comp="160" pin=0"/></net>

<net id="172"><net_src comp="160" pin="1"/><net_sink comp="164" pin=0"/></net>

<net id="173"><net_src comp="160" pin="1"/><net_sink comp="164" pin=4"/></net>

<net id="177"><net_src comp="42" pin="0"/><net_sink comp="174" pin=0"/></net>

<net id="186"><net_src comp="174" pin="1"/><net_sink comp="178" pin=0"/></net>

<net id="187"><net_src comp="174" pin="1"/><net_sink comp="178" pin=4"/></net>

<net id="191"><net_src comp="42" pin="0"/><net_sink comp="188" pin=0"/></net>

<net id="200"><net_src comp="188" pin="1"/><net_sink comp="192" pin=0"/></net>

<net id="201"><net_src comp="188" pin="1"/><net_sink comp="192" pin=4"/></net>

<net id="205"><net_src comp="42" pin="0"/><net_sink comp="202" pin=0"/></net>

<net id="214"><net_src comp="202" pin="1"/><net_sink comp="206" pin=0"/></net>

<net id="215"><net_src comp="202" pin="1"/><net_sink comp="206" pin=4"/></net>

<net id="219"><net_src comp="42" pin="0"/><net_sink comp="216" pin=0"/></net>

<net id="228"><net_src comp="216" pin="1"/><net_sink comp="220" pin=0"/></net>

<net id="229"><net_src comp="216" pin="1"/><net_sink comp="220" pin=4"/></net>

<net id="233"><net_src comp="42" pin="0"/><net_sink comp="230" pin=0"/></net>

<net id="242"><net_src comp="230" pin="1"/><net_sink comp="234" pin=0"/></net>

<net id="243"><net_src comp="230" pin="1"/><net_sink comp="234" pin=4"/></net>

<net id="247"><net_src comp="42" pin="0"/><net_sink comp="244" pin=0"/></net>

<net id="256"><net_src comp="244" pin="1"/><net_sink comp="248" pin=0"/></net>

<net id="257"><net_src comp="244" pin="1"/><net_sink comp="248" pin=4"/></net>

<net id="261"><net_src comp="42" pin="0"/><net_sink comp="258" pin=0"/></net>

<net id="270"><net_src comp="258" pin="1"/><net_sink comp="262" pin=0"/></net>

<net id="271"><net_src comp="258" pin="1"/><net_sink comp="262" pin=4"/></net>

<net id="275"><net_src comp="44" pin="0"/><net_sink comp="272" pin=0"/></net>

<net id="284"><net_src comp="272" pin="1"/><net_sink comp="276" pin=0"/></net>

<net id="285"><net_src comp="272" pin="1"/><net_sink comp="276" pin=4"/></net>

<net id="289"><net_src comp="286" pin="1"/><net_sink comp="150" pin=2"/></net>

<net id="296"><net_src comp="150" pin="6"/><net_sink comp="290" pin=2"/></net>

<net id="297"><net_src comp="290" pin="4"/><net_sink comp="286" pin=0"/></net>

<net id="301"><net_src comp="298" pin="1"/><net_sink comp="164" pin=2"/></net>

<net id="308"><net_src comp="164" pin="6"/><net_sink comp="302" pin=2"/></net>

<net id="309"><net_src comp="302" pin="4"/><net_sink comp="298" pin=0"/></net>

<net id="313"><net_src comp="310" pin="1"/><net_sink comp="178" pin=2"/></net>

<net id="320"><net_src comp="178" pin="6"/><net_sink comp="314" pin=2"/></net>

<net id="321"><net_src comp="314" pin="4"/><net_sink comp="310" pin=0"/></net>

<net id="325"><net_src comp="322" pin="1"/><net_sink comp="192" pin=2"/></net>

<net id="332"><net_src comp="192" pin="6"/><net_sink comp="326" pin=2"/></net>

<net id="333"><net_src comp="326" pin="4"/><net_sink comp="322" pin=0"/></net>

<net id="337"><net_src comp="334" pin="1"/><net_sink comp="206" pin=2"/></net>

<net id="344"><net_src comp="206" pin="6"/><net_sink comp="338" pin=2"/></net>

<net id="345"><net_src comp="338" pin="4"/><net_sink comp="334" pin=0"/></net>

<net id="349"><net_src comp="346" pin="1"/><net_sink comp="220" pin=2"/></net>

<net id="356"><net_src comp="220" pin="6"/><net_sink comp="350" pin=2"/></net>

<net id="357"><net_src comp="350" pin="4"/><net_sink comp="346" pin=0"/></net>

<net id="361"><net_src comp="358" pin="1"/><net_sink comp="234" pin=2"/></net>

<net id="368"><net_src comp="234" pin="6"/><net_sink comp="362" pin=2"/></net>

<net id="369"><net_src comp="362" pin="4"/><net_sink comp="358" pin=0"/></net>

<net id="373"><net_src comp="370" pin="1"/><net_sink comp="248" pin=2"/></net>

<net id="380"><net_src comp="248" pin="6"/><net_sink comp="374" pin=2"/></net>

<net id="381"><net_src comp="374" pin="4"/><net_sink comp="370" pin=0"/></net>

<net id="385"><net_src comp="382" pin="1"/><net_sink comp="262" pin=2"/></net>

<net id="392"><net_src comp="262" pin="6"/><net_sink comp="386" pin=2"/></net>

<net id="393"><net_src comp="386" pin="4"/><net_sink comp="382" pin=0"/></net>

<net id="397"><net_src comp="52" pin="0"/><net_sink comp="394" pin=0"/></net>

<net id="406"><net_src comp="394" pin="1"/><net_sink comp="398" pin=0"/></net>

<net id="407"><net_src comp="394" pin="1"/><net_sink comp="398" pin=4"/></net>

<net id="411"><net_src comp="54" pin="0"/><net_sink comp="408" pin=0"/></net>

<net id="420"><net_src comp="408" pin="1"/><net_sink comp="412" pin=0"/></net>

<net id="421"><net_src comp="408" pin="1"/><net_sink comp="412" pin=4"/></net>

<net id="425"><net_src comp="56" pin="0"/><net_sink comp="422" pin=0"/></net>

<net id="434"><net_src comp="422" pin="1"/><net_sink comp="426" pin=0"/></net>

<net id="435"><net_src comp="422" pin="1"/><net_sink comp="426" pin=4"/></net>

<net id="439"><net_src comp="58" pin="0"/><net_sink comp="436" pin=0"/></net>

<net id="448"><net_src comp="436" pin="1"/><net_sink comp="440" pin=0"/></net>

<net id="449"><net_src comp="436" pin="1"/><net_sink comp="440" pin=4"/></net>

<net id="453"><net_src comp="450" pin="1"/><net_sink comp="440" pin=2"/></net>

<net id="464"><net_src comp="440" pin="6"/><net_sink comp="454" pin=2"/></net>

<net id="465"><net_src comp="440" pin="6"/><net_sink comp="454" pin=4"/></net>

<net id="466"><net_src comp="440" pin="6"/><net_sink comp="454" pin=6"/></net>

<net id="467"><net_src comp="454" pin="8"/><net_sink comp="450" pin=0"/></net>

<net id="471"><net_src comp="468" pin="1"/><net_sink comp="426" pin=2"/></net>

<net id="482"><net_src comp="426" pin="6"/><net_sink comp="472" pin=0"/></net>

<net id="483"><net_src comp="426" pin="6"/><net_sink comp="472" pin=4"/></net>

<net id="484"><net_src comp="426" pin="6"/><net_sink comp="472" pin=6"/></net>

<net id="485"><net_src comp="472" pin="8"/><net_sink comp="468" pin=0"/></net>

<net id="489"><net_src comp="486" pin="1"/><net_sink comp="412" pin=2"/></net>

<net id="500"><net_src comp="412" pin="6"/><net_sink comp="490" pin=0"/></net>

<net id="501"><net_src comp="412" pin="6"/><net_sink comp="490" pin=2"/></net>

<net id="502"><net_src comp="412" pin="6"/><net_sink comp="490" pin=6"/></net>

<net id="503"><net_src comp="490" pin="8"/><net_sink comp="486" pin=0"/></net>

<net id="507"><net_src comp="504" pin="1"/><net_sink comp="398" pin=2"/></net>

<net id="518"><net_src comp="398" pin="6"/><net_sink comp="508" pin=0"/></net>

<net id="519"><net_src comp="398" pin="6"/><net_sink comp="508" pin=2"/></net>

<net id="520"><net_src comp="398" pin="6"/><net_sink comp="508" pin=4"/></net>

<net id="521"><net_src comp="508" pin="8"/><net_sink comp="504" pin=0"/></net>

<net id="525"><net_src comp="4" pin="0"/><net_sink comp="522" pin=0"/></net>

<net id="529"><net_src comp="6" pin="0"/><net_sink comp="526" pin=0"/></net>

<net id="533"><net_src comp="8" pin="0"/><net_sink comp="530" pin=0"/></net>

<net id="537"><net_src comp="10" pin="0"/><net_sink comp="534" pin=0"/></net>

<net id="541"><net_src comp="12" pin="0"/><net_sink comp="538" pin=0"/></net>

<net id="545"><net_src comp="14" pin="0"/><net_sink comp="542" pin=0"/></net>

<net id="549"><net_src comp="16" pin="0"/><net_sink comp="546" pin=0"/></net>

<net id="553"><net_src comp="18" pin="0"/><net_sink comp="550" pin=0"/></net>

<net id="557"><net_src comp="20" pin="0"/><net_sink comp="554" pin=0"/></net>

<net id="561"><net_src comp="136" pin="6"/><net_sink comp="558" pin=0"/></net>

<net id="562"><net_src comp="558" pin="1"/><net_sink comp="92" pin=2"/></net>

<net id="563"><net_src comp="558" pin="1"/><net_sink comp="105" pin=2"/></net>

<net id="568"><net_src comp="136" pin="6"/><net_sink comp="564" pin=0"/></net>

<net id="569"><net_src comp="38" pin="0"/><net_sink comp="564" pin=1"/></net>

<net id="574"><net_src comp="136" pin="6"/><net_sink comp="570" pin=0"/></net>

<net id="575"><net_src comp="40" pin="0"/><net_sink comp="570" pin=1"/></net>

<net id="589"><net_src comp="46" pin="0"/><net_sink comp="576" pin=0"/></net>

<net id="590"><net_src comp="386" pin="4"/><net_sink comp="576" pin=1"/></net>

<net id="591"><net_src comp="374" pin="4"/><net_sink comp="576" pin=2"/></net>

<net id="592"><net_src comp="362" pin="4"/><net_sink comp="576" pin=3"/></net>

<net id="593"><net_src comp="350" pin="4"/><net_sink comp="576" pin=4"/></net>

<net id="594"><net_src comp="338" pin="4"/><net_sink comp="576" pin=5"/></net>

<net id="595"><net_src comp="326" pin="4"/><net_sink comp="576" pin=6"/></net>

<net id="596"><net_src comp="314" pin="4"/><net_sink comp="576" pin=7"/></net>

<net id="597"><net_src comp="302" pin="4"/><net_sink comp="576" pin=8"/></net>

<net id="598"><net_src comp="290" pin="4"/><net_sink comp="576" pin=9"/></net>

<net id="599"><net_src comp="276" pin="6"/><net_sink comp="576" pin=10"/></net>

<net id="603"><net_src comp="576" pin="11"/><net_sink comp="600" pin=0"/></net>

<net id="607"><net_src comp="112" pin="3"/><net_sink comp="604" pin=0"/></net>

<net id="612"><net_src comp="276" pin="6"/><net_sink comp="608" pin=0"/></net>

<net id="613"><net_src comp="48" pin="0"/><net_sink comp="608" pin=1"/></net>

<net id="618"><net_src comp="608" pin="2"/><net_sink comp="614" pin=0"/></net>

<net id="619"><net_src comp="50" pin="0"/><net_sink comp="614" pin=1"/></net>

<net id="625"><net_src comp="614" pin="2"/><net_sink comp="620" pin=0"/></net>

<net id="626"><net_src comp="44" pin="0"/><net_sink comp="620" pin=1"/></net>

<net id="627"><net_src comp="608" pin="2"/><net_sink comp="620" pin=2"/></net>

<net id="634"><net_src comp="72" pin="0"/><net_sink comp="628" pin=0"/></net>

<net id="635"><net_src comp="74" pin="0"/><net_sink comp="628" pin=2"/></net>

<net id="636"><net_src comp="76" pin="0"/><net_sink comp="628" pin=3"/></net>

<net id="645"><net_src comp="78" pin="0"/><net_sink comp="637" pin=0"/></net>

<net id="646"><net_src comp="398" pin="6"/><net_sink comp="637" pin=1"/></net>

<net id="647"><net_src comp="412" pin="6"/><net_sink comp="637" pin=2"/></net>

<net id="648"><net_src comp="426" pin="6"/><net_sink comp="637" pin=3"/></net>

<net id="649"><net_src comp="440" pin="6"/><net_sink comp="637" pin=4"/></net>

<net id="654"><net_src comp="628" pin="4"/><net_sink comp="650" pin=0"/></net>

<net id="655"><net_src comp="637" pin="6"/><net_sink comp="650" pin=1"/></net>

<net id="656"><net_src comp="650" pin="2"/><net_sink comp="454" pin=0"/></net>

<net id="657"><net_src comp="650" pin="2"/><net_sink comp="472" pin=2"/></net>

<net id="658"><net_src comp="650" pin="2"/><net_sink comp="490" pin=4"/></net>

<net id="659"><net_src comp="650" pin="2"/><net_sink comp="508" pin=6"/></net>

<net id="665"><net_src comp="86" pin="0"/><net_sink comp="660" pin=0"/></net>

<net id="666"><net_src comp="508" pin="8"/><net_sink comp="660" pin=1"/></net>

<net id="667"><net_src comp="88" pin="0"/><net_sink comp="660" pin=2"/></net>

<net id="671"><net_src comp="660" pin="3"/><net_sink comp="668" pin=0"/></net>

<net id="677"><net_src comp="86" pin="0"/><net_sink comp="672" pin=0"/></net>

<net id="678"><net_src comp="490" pin="8"/><net_sink comp="672" pin=1"/></net>

<net id="679"><net_src comp="88" pin="0"/><net_sink comp="672" pin=2"/></net>

<net id="683"><net_src comp="672" pin="3"/><net_sink comp="680" pin=0"/></net>

<net id="689"><net_src comp="86" pin="0"/><net_sink comp="684" pin=0"/></net>

<net id="690"><net_src comp="472" pin="8"/><net_sink comp="684" pin=1"/></net>

<net id="691"><net_src comp="88" pin="0"/><net_sink comp="684" pin=2"/></net>

<net id="695"><net_src comp="684" pin="3"/><net_sink comp="692" pin=0"/></net>

<net id="701"><net_src comp="86" pin="0"/><net_sink comp="696" pin=0"/></net>

<net id="702"><net_src comp="454" pin="8"/><net_sink comp="696" pin=1"/></net>

<net id="703"><net_src comp="88" pin="0"/><net_sink comp="696" pin=2"/></net>

<net id="707"><net_src comp="696" pin="3"/><net_sink comp="704" pin=0"/></net>

<net id="712"><net_src comp="90" pin="0"/><net_sink comp="708" pin=0"/></net>

<net id="713"><net_src comp="668" pin="1"/><net_sink comp="708" pin=1"/></net>

<net id="718"><net_src comp="708" pin="2"/><net_sink comp="714" pin=0"/></net>

<net id="719"><net_src comp="680" pin="1"/><net_sink comp="714" pin=1"/></net>

<net id="724"><net_src comp="714" pin="2"/><net_sink comp="720" pin=0"/></net>

<net id="725"><net_src comp="692" pin="1"/><net_sink comp="720" pin=1"/></net>

<net id="730"><net_src comp="720" pin="2"/><net_sink comp="726" pin=0"/></net>

<net id="731"><net_src comp="704" pin="1"/><net_sink comp="726" pin=1"/></net>

<net id="735"><net_src comp="726" pin="2"/><net_sink comp="732" pin=0"/></net>

<net id="740"><net_src comp="600" pin="1"/><net_sink comp="736" pin=0"/></net>

<net id="741"><net_src comp="604" pin="1"/><net_sink comp="736" pin=1"/></net>

<net id="742"><net_src comp="736" pin="2"/><net_sink comp="628" pin=1"/></net>

<net id="746"><net_src comp="522" pin="1"/><net_sink comp="743" pin=0"/></net>

<net id="747"><net_src comp="743" pin="1"/><net_sink comp="386" pin=0"/></net>

<net id="751"><net_src comp="526" pin="1"/><net_sink comp="748" pin=0"/></net>

<net id="752"><net_src comp="748" pin="1"/><net_sink comp="374" pin=0"/></net>

<net id="756"><net_src comp="530" pin="1"/><net_sink comp="753" pin=0"/></net>

<net id="757"><net_src comp="753" pin="1"/><net_sink comp="362" pin=0"/></net>

<net id="761"><net_src comp="534" pin="1"/><net_sink comp="758" pin=0"/></net>

<net id="762"><net_src comp="758" pin="1"/><net_sink comp="350" pin=0"/></net>

<net id="766"><net_src comp="538" pin="1"/><net_sink comp="763" pin=0"/></net>

<net id="767"><net_src comp="763" pin="1"/><net_sink comp="338" pin=0"/></net>

<net id="771"><net_src comp="542" pin="1"/><net_sink comp="768" pin=0"/></net>

<net id="772"><net_src comp="768" pin="1"/><net_sink comp="326" pin=0"/></net>

<net id="776"><net_src comp="546" pin="1"/><net_sink comp="773" pin=0"/></net>

<net id="777"><net_src comp="773" pin="1"/><net_sink comp="314" pin=0"/></net>

<net id="781"><net_src comp="550" pin="1"/><net_sink comp="778" pin=0"/></net>

<net id="782"><net_src comp="778" pin="1"/><net_sink comp="302" pin=0"/></net>

<net id="786"><net_src comp="554" pin="1"/><net_sink comp="783" pin=0"/></net>

<net id="787"><net_src comp="783" pin="1"/><net_sink comp="290" pin=0"/></net>

<net id="791"><net_src comp="92" pin="3"/><net_sink comp="788" pin=0"/></net>

<net id="792"><net_src comp="788" pin="1"/><net_sink comp="99" pin=0"/></net>

<net id="796"><net_src comp="105" pin="3"/><net_sink comp="793" pin=0"/></net>

<net id="797"><net_src comp="793" pin="1"/><net_sink comp="112" pin=0"/></net>

<net id="801"><net_src comp="564" pin="2"/><net_sink comp="798" pin=0"/></net>

<net id="802"><net_src comp="798" pin="1"/><net_sink comp="136" pin=2"/></net>

<net id="806"><net_src comp="570" pin="2"/><net_sink comp="803" pin=0"/></net>

<net id="810"><net_src comp="99" pin="3"/><net_sink comp="807" pin=0"/></net>

<net id="811"><net_src comp="807" pin="1"/><net_sink comp="637" pin=5"/></net>

<net id="815"><net_src comp="600" pin="1"/><net_sink comp="812" pin=0"/></net>

<net id="816"><net_src comp="812" pin="1"/><net_sink comp="736" pin=0"/></net>

<net id="820"><net_src comp="604" pin="1"/><net_sink comp="817" pin=0"/></net>

<net id="821"><net_src comp="817" pin="1"/><net_sink comp="736" pin=1"/></net>

<net id="825"><net_src comp="620" pin="3"/><net_sink comp="822" pin=0"/></net>

<net id="826"><net_src comp="822" pin="1"/><net_sink comp="276" pin=2"/></net>

</net_list>

</model> 
---------------- Datapath Model END ------------------

* FSMD analyzer results:
  - Output states:
 - Input state : 
	Port: dense_resource_rf_gt_nin_rem0<ap_fixed<16, 6, 5, 3, 0>, ap_fixed<37, 17, 5, 3, 0>, config2_mult> : outidx_1 | {1 2 }
	Port: dense_resource_rf_gt_nin_rem0<ap_fixed<16, 6, 5, 3, 0>, ap_fixed<37, 17, 5, 3, 0>, config2_mult> : w2_V | {1 2 }
	Port: dense_resource_rf_gt_nin_rem0<ap_fixed<16, 6, 5, 3, 0>, ap_fixed<37, 17, 5, 3, 0>, config2_mult> : void_compute_output_buffer_2d_array_array_ap_fixed_4u_config2_array_ap_fixed_16_6_5_3_0_1u_const_ap_shift_reg_value_type_in_width_n_chan_stream_array_ap_fixed_37_17_5_3_0_4u_0_weight_t_bias_t_kernel_data_8 | {1 }
	Port: dense_resource_rf_gt_nin_rem0<ap_fixed<16, 6, 5, 3, 0>, ap_fixed<37, 17, 5, 3, 0>, config2_mult> : void_compute_output_buffer_2d_array_array_ap_fixed_4u_config2_array_ap_fixed_16_6_5_3_0_1u_const_ap_shift_reg_value_type_in_width_n_chan_stream_array_ap_fixed_37_17_5_3_0_4u_0_weight_t_bias_t_kernel_data_7 | {1 }
	Port: dense_resource_rf_gt_nin_rem0<ap_fixed<16, 6, 5, 3, 0>, ap_fixed<37, 17, 5, 3, 0>, config2_mult> : void_compute_output_buffer_2d_array_array_ap_fixed_4u_config2_array_ap_fixed_16_6_5_3_0_1u_const_ap_shift_reg_value_type_in_width_n_chan_stream_array_ap_fixed_37_17_5_3_0_4u_0_weight_t_bias_t_kernel_data_6 | {1 }
	Port: dense_resource_rf_gt_nin_rem0<ap_fixed<16, 6, 5, 3, 0>, ap_fixed<37, 17, 5, 3, 0>, config2_mult> : void_compute_output_buffer_2d_array_array_ap_fixed_4u_config2_array_ap_fixed_16_6_5_3_0_1u_const_ap_shift_reg_value_type_in_width_n_chan_stream_array_ap_fixed_37_17_5_3_0_4u_0_weight_t_bias_t_kernel_data_5 | {1 }
	Port: dense_resource_rf_gt_nin_rem0<ap_fixed<16, 6, 5, 3, 0>, ap_fixed<37, 17, 5, 3, 0>, config2_mult> : void_compute_output_buffer_2d_array_array_ap_fixed_4u_config2_array_ap_fixed_16_6_5_3_0_1u_const_ap_shift_reg_value_type_in_width_n_chan_stream_array_ap_fixed_37_17_5_3_0_4u_0_weight_t_bias_t_kernel_data_4 | {1 }
	Port: dense_resource_rf_gt_nin_rem0<ap_fixed<16, 6, 5, 3, 0>, ap_fixed<37, 17, 5, 3, 0>, config2_mult> : void_compute_output_buffer_2d_array_array_ap_fixed_4u_config2_array_ap_fixed_16_6_5_3_0_1u_const_ap_shift_reg_value_type_in_width_n_chan_stream_array_ap_fixed_37_17_5_3_0_4u_0_weight_t_bias_t_kernel_data_3 | {1 }
	Port: dense_resource_rf_gt_nin_rem0<ap_fixed<16, 6, 5, 3, 0>, ap_fixed<37, 17, 5, 3, 0>, config2_mult> : void_compute_output_buffer_2d_array_array_ap_fixed_4u_config2_array_ap_fixed_16_6_5_3_0_1u_const_ap_shift_reg_value_type_in_width_n_chan_stream_array_ap_fixed_37_17_5_3_0_4u_0_weight_t_bias_t_kernel_data_2 | {1 }
	Port: dense_resource_rf_gt_nin_rem0<ap_fixed<16, 6, 5, 3, 0>, ap_fixed<37, 17, 5, 3, 0>, config2_mult> : void_compute_output_buffer_2d_array_array_ap_fixed_4u_config2_array_ap_fixed_16_6_5_3_0_1u_const_ap_shift_reg_value_type_in_width_n_chan_stream_array_ap_fixed_37_17_5_3_0_4u_0_weight_t_bias_t_kernel_data_1 | {1 }
	Port: dense_resource_rf_gt_nin_rem0<ap_fixed<16, 6, 5, 3, 0>, ap_fixed<37, 17, 5, 3, 0>, config2_mult> : void_compute_output_buffer_2d_array_array_ap_fixed_4u_config2_array_ap_fixed_16_6_5_3_0_1u_const_ap_shift_reg_value_type_in_width_n_chan_stream_array_ap_fixed_37_17_5_3_0_4u_0_weight_t_bias_t_kernel_data | {1 }
  - Chain level:
	State 1
		do_init : 1
		w_index17 : 1
		zext_ln135 : 2
		outidx_1_addr : 3
		out_index : 4
		w2_V_addr : 3
		w_V : 4
		w_index : 2
		icmp_ln135 : 2
		br_ln135 : 3
	State 2
		void_compute_output_buffer_2d_array_array_ap_fixed_4u_config2_array_ap_fixed_16_6_5_3_0_1u_const_ap_shift_reg_value_type_in_width_n_chan_stream_array_ap_fixed_37_17_5_3_0_4u_0_weight_t_bias_t_kernel_data_load_phi : 1
		void_compute_output_buffer_2d_array_array_ap_fixed_4u_config2_array_ap_fixed_16_6_5_3_0_1u_const_ap_shift_reg_value_type_in_width_n_chan_stream_array_ap_fixed_37_17_5_3_0_4u_0_weight_t_bias_t_kernel_data_1_load_phi : 1
		void_compute_output_buffer_2d_array_array_ap_fixed_4u_config2_array_ap_fixed_16_6_5_3_0_1u_const_ap_shift_reg_value_type_in_width_n_chan_stream_array_ap_fixed_37_17_5_3_0_4u_0_weight_t_bias_t_kernel_data_2_load_phi : 1
		void_compute_output_buffer_2d_array_array_ap_fixed_4u_config2_array_ap_fixed_16_6_5_3_0_1u_const_ap_shift_reg_value_type_in_width_n_chan_stream_array_ap_fixed_37_17_5_3_0_4u_0_weight_t_bias_t_kernel_data_3_load_phi : 1
		void_compute_output_buffer_2d_array_array_ap_fixed_4u_config2_array_ap_fixed_16_6_5_3_0_1u_const_ap_shift_reg_value_type_in_width_n_chan_stream_array_ap_fixed_37_17_5_3_0_4u_0_weight_t_bias_t_kernel_data_4_load_phi : 1
		void_compute_output_buffer_2d_array_array_ap_fixed_4u_config2_array_ap_fixed_16_6_5_3_0_1u_const_ap_shift_reg_value_type_in_width_n_chan_stream_array_ap_fixed_37_17_5_3_0_4u_0_weight_t_bias_t_kernel_data_5_load_phi : 1
		void_compute_output_buffer_2d_array_array_ap_fixed_4u_config2_array_ap_fixed_16_6_5_3_0_1u_const_ap_shift_reg_value_type_in_width_n_chan_stream_array_ap_fixed_37_17_5_3_0_4u_0_weight_t_bias_t_kernel_data_6_load_phi : 1
		void_compute_output_buffer_2d_array_array_ap_fixed_4u_config2_array_ap_fixed_16_6_5_3_0_1u_const_ap_shift_reg_value_type_in_width_n_chan_stream_array_ap_fixed_37_17_5_3_0_4u_0_weight_t_bias_t_kernel_data_7_load_phi : 1
		void_compute_output_buffer_2d_array_array_ap_fixed_4u_config2_array_ap_fixed_16_6_5_3_0_1u_const_ap_shift_reg_value_type_in_width_n_chan_stream_array_ap_fixed_37_17_5_3_0_4u_0_weight_t_bias_t_kernel_data_8_load_phi : 1
		a_V : 2
		sext_ln1168 : 3
		sext_ln1168_3 : 1
		mul_ln1168 : 4
		in_index_2 : 1
		icmp_ln154 : 2
		in_index : 3
	State 3
	State 4
	State 5
		trunc_ln : 1
		tmp_i : 1
		add_ln712 : 2
		acc_V_12 : 3
		acc_V_11 : 3
		acc_V_10 : 3
		acc_V : 3
		shl_ln : 4
		sext_ln110 : 5
		shl_ln737_4 : 4
		sext_ln110_3 : 5
		shl_ln737_5 : 4
		sext_ln110_4 : 5
		shl_ln737_6 : 4
		sext_ln166 : 5
		mrv_i : 6
		mrv_1_i : 7
		mrv_2_i : 8
		mrv_3_i : 9
		return_ln166 : 10


============================================================
+ Verbose Summary: Datapath Resource usage 
============================================================

* Functional unit list:
|----------|----------------------|---------|---------|---------|
| Operation|    Functional Unit   |   DSP   |    FF   |   LUT   |
|----------|----------------------|---------|---------|---------|
|          |    w_index_fu_564    |    0    |    0    |    14   |
|    add   |   in_index_2_fu_608  |    0    |    0    |    39   |
|          |   add_ln712_fu_650   |    0    |    0    |    23   |
|----------|----------------------|---------|---------|---------|
|    mux   |      a_V_fu_576      |    0    |    0    |    48   |
|          |     tmp_i_fu_637     |    0    |    0    |    20   |
|----------|----------------------|---------|---------|---------|
|  select  |    in_index_fu_620   |    0    |    0    |    32   |
|----------|----------------------|---------|---------|---------|
|   icmp   |   icmp_ln135_fu_570  |    0    |    0    |    10   |
|          |   icmp_ln154_fu_614  |    0    |    0    |    18   |
|----------|----------------------|---------|---------|---------|
|    mul   |      grp_fu_736      |    1    |    0    |    0    |
|----------|----------------------|---------|---------|---------|
|   zext   |   zext_ln135_fu_558  |    0    |    0    |    0    |
|----------|----------------------|---------|---------|---------|
|          |  sext_ln1168_fu_600  |    0    |    0    |    0    |
|          | sext_ln1168_3_fu_604 |    0    |    0    |    0    |
|   sext   |   sext_ln110_fu_668  |    0    |    0    |    0    |
|          |  sext_ln110_3_fu_680 |    0    |    0    |    0    |
|          |  sext_ln110_4_fu_692 |    0    |    0    |    0    |
|          |   sext_ln166_fu_704  |    0    |    0    |    0    |
|----------|----------------------|---------|---------|---------|
|partselect|    trunc_ln_fu_628   |    0    |    0    |    0    |
|----------|----------------------|---------|---------|---------|
|          |     shl_ln_fu_660    |    0    |    0    |    0    |
|bitconcatenate|  shl_ln737_4_fu_672  |    0    |    0    |    0    |
|          |  shl_ln737_5_fu_684  |    0    |    0    |    0    |
|          |  shl_ln737_6_fu_696  |    0    |    0    |    0    |
|----------|----------------------|---------|---------|---------|
|          |     mrv_i_fu_708     |    0    |    0    |    0    |
|insertvalue|    mrv_1_i_fu_714    |    0    |    0    |    0    |
|          |    mrv_2_i_fu_720    |    0    |    0    |    0    |
|          |    mrv_3_i_fu_726    |    0    |    0    |    0    |
|----------|----------------------|---------|---------|---------|
|  return  |  return_ln166_fu_732 |    0    |    0    |    0    |
|----------|----------------------|---------|---------|---------|
|   Total  |                      |    1    |    0    |   204   |
|----------|----------------------|---------|---------|---------|

Memories:
N/A

* Register list:
+---------------------------------------------------------------------------------------------------------------------------------------------------------------------------------------------------------------------------------+--------+
|                                                                                                                                                                                                                                 |   FF   |
+---------------------------------------------------------------------------------------------------------------------------------------------------------------------------------------------------------------------------------+--------+
|                                                                                                         acc_V_10_reg_486                                                                                                        |   16   |
|                                                                                                         acc_V_11_reg_468                                                                                                        |   16   |
|                                                                                                         acc_V_12_reg_450                                                                                                        |   16   |
|                                                                                                          acc_V_reg_504                                                                                                          |   16   |
|                                                                                                     conv_i1_i15_i16_reg_394                                                                                                     |   16   |
|                                                                                                     conv_i1_i18_i14_reg_408                                                                                                     |   16   |
|                                                                                                     conv_i1_i21_i12_reg_422                                                                                                     |   16   |
|                                                                                                     conv_i1_i24_i10_reg_436                                                                                                     |   16   |
|                                                                                                         do_init_reg_118                                                                                                         |    1   |
|                                                                                                        icmp_ln135_reg_803                                                                                                       |    1   |
|                                                                                                        in_index18_reg_272                                                                                                       |   32   |
|                                                                                                         in_index_reg_822                                                                                                        |   32   |
|                                                                                                        out_index_reg_807                                                                                                        |    2   |
|                                                                                                      outidx_1_addr_reg_788                                                                                                      |    6   |
|                                                                                                      sext_ln1168_3_reg_817                                                                                                      |   26   |
|                                                                                                       sext_ln1168_reg_812                                                                                                       |   26   |
|  void_compute_output_buffer_2d_array_array_ap_fixed_4u_config2_array_ap_fixed_16_6_5_3_0_1u_const_ap_shift_reg_value_type_in_width_n_chan_stream_array_ap_fixed_37_17_5_3_0_4u_0_weight_t_bias_t_kernel_data_1_load_phi_reg_298 |   16   |
|    void_compute_output_buffer_2d_array_array_ap_fixed_4u_config2_array_ap_fixed_16_6_5_3_0_1u_const_ap_shift_reg_value_type_in_width_n_chan_stream_array_ap_fixed_37_17_5_3_0_4u_0_weight_t_bias_t_kernel_data_1_load_reg_778   |   16   |
|void_compute_output_buffer_2d_array_array_ap_fixed_4u_config2_array_ap_fixed_16_6_5_3_0_1u_const_ap_shift_reg_value_type_in_width_n_chan_stream_array_ap_fixed_37_17_5_3_0_4u_0_weight_t_bias_t_kernel_data_1_load_rewind_reg_160|   16   |
|  void_compute_output_buffer_2d_array_array_ap_fixed_4u_config2_array_ap_fixed_16_6_5_3_0_1u_const_ap_shift_reg_value_type_in_width_n_chan_stream_array_ap_fixed_37_17_5_3_0_4u_0_weight_t_bias_t_kernel_data_2_load_phi_reg_310 |   16   |
|    void_compute_output_buffer_2d_array_array_ap_fixed_4u_config2_array_ap_fixed_16_6_5_3_0_1u_const_ap_shift_reg_value_type_in_width_n_chan_stream_array_ap_fixed_37_17_5_3_0_4u_0_weight_t_bias_t_kernel_data_2_load_reg_773   |   16   |
|void_compute_output_buffer_2d_array_array_ap_fixed_4u_config2_array_ap_fixed_16_6_5_3_0_1u_const_ap_shift_reg_value_type_in_width_n_chan_stream_array_ap_fixed_37_17_5_3_0_4u_0_weight_t_bias_t_kernel_data_2_load_rewind_reg_174|   16   |
|  void_compute_output_buffer_2d_array_array_ap_fixed_4u_config2_array_ap_fixed_16_6_5_3_0_1u_const_ap_shift_reg_value_type_in_width_n_chan_stream_array_ap_fixed_37_17_5_3_0_4u_0_weight_t_bias_t_kernel_data_3_load_phi_reg_322 |   16   |
|    void_compute_output_buffer_2d_array_array_ap_fixed_4u_config2_array_ap_fixed_16_6_5_3_0_1u_const_ap_shift_reg_value_type_in_width_n_chan_stream_array_ap_fixed_37_17_5_3_0_4u_0_weight_t_bias_t_kernel_data_3_load_reg_768   |   16   |
|void_compute_output_buffer_2d_array_array_ap_fixed_4u_config2_array_ap_fixed_16_6_5_3_0_1u_const_ap_shift_reg_value_type_in_width_n_chan_stream_array_ap_fixed_37_17_5_3_0_4u_0_weight_t_bias_t_kernel_data_3_load_rewind_reg_188|   16   |
|  void_compute_output_buffer_2d_array_array_ap_fixed_4u_config2_array_ap_fixed_16_6_5_3_0_1u_const_ap_shift_reg_value_type_in_width_n_chan_stream_array_ap_fixed_37_17_5_3_0_4u_0_weight_t_bias_t_kernel_data_4_load_phi_reg_334 |   16   |
|    void_compute_output_buffer_2d_array_array_ap_fixed_4u_config2_array_ap_fixed_16_6_5_3_0_1u_const_ap_shift_reg_value_type_in_width_n_chan_stream_array_ap_fixed_37_17_5_3_0_4u_0_weight_t_bias_t_kernel_data_4_load_reg_763   |   16   |
|void_compute_output_buffer_2d_array_array_ap_fixed_4u_config2_array_ap_fixed_16_6_5_3_0_1u_const_ap_shift_reg_value_type_in_width_n_chan_stream_array_ap_fixed_37_17_5_3_0_4u_0_weight_t_bias_t_kernel_data_4_load_rewind_reg_202|   16   |
|  void_compute_output_buffer_2d_array_array_ap_fixed_4u_config2_array_ap_fixed_16_6_5_3_0_1u_const_ap_shift_reg_value_type_in_width_n_chan_stream_array_ap_fixed_37_17_5_3_0_4u_0_weight_t_bias_t_kernel_data_5_load_phi_reg_346 |   16   |
|    void_compute_output_buffer_2d_array_array_ap_fixed_4u_config2_array_ap_fixed_16_6_5_3_0_1u_const_ap_shift_reg_value_type_in_width_n_chan_stream_array_ap_fixed_37_17_5_3_0_4u_0_weight_t_bias_t_kernel_data_5_load_reg_758   |   16   |
|void_compute_output_buffer_2d_array_array_ap_fixed_4u_config2_array_ap_fixed_16_6_5_3_0_1u_const_ap_shift_reg_value_type_in_width_n_chan_stream_array_ap_fixed_37_17_5_3_0_4u_0_weight_t_bias_t_kernel_data_5_load_rewind_reg_216|   16   |
|  void_compute_output_buffer_2d_array_array_ap_fixed_4u_config2_array_ap_fixed_16_6_5_3_0_1u_const_ap_shift_reg_value_type_in_width_n_chan_stream_array_ap_fixed_37_17_5_3_0_4u_0_weight_t_bias_t_kernel_data_6_load_phi_reg_358 |   16   |
|    void_compute_output_buffer_2d_array_array_ap_fixed_4u_config2_array_ap_fixed_16_6_5_3_0_1u_const_ap_shift_reg_value_type_in_width_n_chan_stream_array_ap_fixed_37_17_5_3_0_4u_0_weight_t_bias_t_kernel_data_6_load_reg_753   |   16   |
|void_compute_output_buffer_2d_array_array_ap_fixed_4u_config2_array_ap_fixed_16_6_5_3_0_1u_const_ap_shift_reg_value_type_in_width_n_chan_stream_array_ap_fixed_37_17_5_3_0_4u_0_weight_t_bias_t_kernel_data_6_load_rewind_reg_230|   16   |
|  void_compute_output_buffer_2d_array_array_ap_fixed_4u_config2_array_ap_fixed_16_6_5_3_0_1u_const_ap_shift_reg_value_type_in_width_n_chan_stream_array_ap_fixed_37_17_5_3_0_4u_0_weight_t_bias_t_kernel_data_7_load_phi_reg_370 |   16   |
|    void_compute_output_buffer_2d_array_array_ap_fixed_4u_config2_array_ap_fixed_16_6_5_3_0_1u_const_ap_shift_reg_value_type_in_width_n_chan_stream_array_ap_fixed_37_17_5_3_0_4u_0_weight_t_bias_t_kernel_data_7_load_reg_748   |   16   |
|void_compute_output_buffer_2d_array_array_ap_fixed_4u_config2_array_ap_fixed_16_6_5_3_0_1u_const_ap_shift_reg_value_type_in_width_n_chan_stream_array_ap_fixed_37_17_5_3_0_4u_0_weight_t_bias_t_kernel_data_7_load_rewind_reg_244|   16   |
|  void_compute_output_buffer_2d_array_array_ap_fixed_4u_config2_array_ap_fixed_16_6_5_3_0_1u_const_ap_shift_reg_value_type_in_width_n_chan_stream_array_ap_fixed_37_17_5_3_0_4u_0_weight_t_bias_t_kernel_data_8_load_phi_reg_382 |   16   |
|    void_compute_output_buffer_2d_array_array_ap_fixed_4u_config2_array_ap_fixed_16_6_5_3_0_1u_const_ap_shift_reg_value_type_in_width_n_chan_stream_array_ap_fixed_37_17_5_3_0_4u_0_weight_t_bias_t_kernel_data_8_load_reg_743   |   16   |
|void_compute_output_buffer_2d_array_array_ap_fixed_4u_config2_array_ap_fixed_16_6_5_3_0_1u_const_ap_shift_reg_value_type_in_width_n_chan_stream_array_ap_fixed_37_17_5_3_0_4u_0_weight_t_bias_t_kernel_data_8_load_rewind_reg_258|   16   |
|   void_compute_output_buffer_2d_array_array_ap_fixed_4u_config2_array_ap_fixed_16_6_5_3_0_1u_const_ap_shift_reg_value_type_in_width_n_chan_stream_array_ap_fixed_37_17_5_3_0_4u_0_weight_t_bias_t_kernel_data_load_phi_reg_286  |   16   |
|     void_compute_output_buffer_2d_array_array_ap_fixed_4u_config2_array_ap_fixed_16_6_5_3_0_1u_const_ap_shift_reg_value_type_in_width_n_chan_stream_array_ap_fixed_37_17_5_3_0_4u_0_weight_t_bias_t_kernel_data_load_reg_783    |   16   |
| void_compute_output_buffer_2d_array_array_ap_fixed_4u_config2_array_ap_fixed_16_6_5_3_0_1u_const_ap_shift_reg_value_type_in_width_n_chan_stream_array_ap_fixed_37_17_5_3_0_4u_0_weight_t_bias_t_kernel_data_load_rewind_reg_146 |   16   |
|                                                                                                        w2_V_addr_reg_793                                                                                                        |    6   |
|                                                                                                        w_index17_reg_133                                                                                                        |    6   |
|                                                                                                         w_index_reg_798                                                                                                         |    6   |
+---------------------------------------------------------------------------------------------------------------------------------------------------------------------------------------------------------------------------------+--------+
|                                                                                                              Total                                                                                                              |   704  |
+---------------------------------------------------------------------------------------------------------------------------------------------------------------------------------------------------------------------------------+--------+

* Multiplexer (MUX) list: 
|-------------------|------|------|------|--------||---------||---------|
|        Comp       |  Pin | Size |  BW  | S x BW ||  Delay  ||   LUT   |
|-------------------|------|------|------|--------||---------||---------|
|  grp_access_fu_99 |  p0  |   2  |   6  |   12   ||    9    |
| grp_access_fu_112 |  p0  |   2  |   6  |   12   ||    9    |
|     grp_fu_736    |  p0  |   2  |  16  |   32   ||    9    |
|     grp_fu_736    |  p1  |   2  |  11  |   22   ||    9    |
|-------------------|------|------|------|--------||---------||---------|
|       Total       |      |      |      |   78   ||  6.352  ||    36   |
|-------------------|------|------|------|--------||---------||---------|



* Summary:
+-----------+--------+--------+--------+--------+
|           |   DSP  |  Delay |   FF   |   LUT  |
+-----------+--------+--------+--------+--------+
|  Function |    1   |    -   |    0   |   204  |
|   Memory  |    -   |    -   |    -   |    -   |
|Multiplexer|    -   |    6   |    -   |   36   |
|  Register |    -   |    -   |   704  |    -   |
+-----------+--------+--------+--------+--------+
|   Total   |    1   |    6   |   704  |   240  |
+-----------+--------+--------+--------+--------+
