

================================================================
== Vitis HLS Report for 'dense_resource_rf_gt_nin_rem0_ap_fixed_16_6_5_3_0_ap_fixed_39_19_5_3_0_config4_mult_s'
================================================================
* Date:           Tue May 26 01:13:06 2026

* Version:        2021.2 (Build 3367213 on Tue Oct 19 02:48:09 MDT 2021)
* Project:        edge_cnn_linear_stream_prj
* Solution:       solution1 (Vivado IP Flow Target)
* Product family: zynq
* Target device:  xc7z020-clg400-1


================================================================
== Performance Estimates
================================================================
+ Timing: 
    * Summary: 
    +--------+----------+----------+------------+
    |  Clock |  Target  | Estimated| Uncertainty|
    +--------+----------+----------+------------+
    |ap_clk  |  10.00 ns|  6.943 ns|     2.70 ns|
    +--------+----------+----------+------------+

+ Latency: 
    * Summary: 
    +---------+---------+----------+----------+-----+-----+------------------------------------------+
    |  Latency (cycles) |  Latency (absolute) |  Interval |                 Pipeline                 |
    |   min   |   max   |    min   |    max   | min | max |                   Type                   |
    +---------+---------+----------+----------+-----+-----+------------------------------------------+
    |      147|      148|  1.470 us|  1.480 us|  144|  144|  loop rewind stp(delay=0 clock cycles(s))|
    +---------+---------+----------+----------+-----+-----+------------------------------------------+

    + Detail: 
        * Instance: 
        N/A

        * Loop: 
        +-------------+---------+---------+----------+-----------+-----------+------+----------+
        |             |  Latency (cycles) | Iteration|  Initiation Interval  | Trip |          |
        |  Loop Name  |   min   |   max   |  Latency |  achieved |   target  | Count| Pipelined|
        +-------------+---------+---------+----------+-----------+-----------+------+----------+
        |- ReuseLoop  |      147|      147|         5|          1|          1|   144|       yes|
        +-------------+---------+---------+----------+-----------+-----------+------+----------+



================================================================
== Utilization Estimates
================================================================
* Summary: 
+-----------------+---------+-----+--------+-------+-----+
|       Name      | BRAM_18K| DSP |   FF   |  LUT  | URAM|
+-----------------+---------+-----+--------+-------+-----+
|DSP              |        -|    1|       -|      -|    -|
|Expression       |        -|    -|       0|    144|    -|
|FIFO             |        -|    -|       -|      -|    -|
|Instance         |        -|    -|       0|    179|    -|
|Memory           |        1|    -|       2|      5|    -|
|Multiplexer      |        -|    -|       -|   1214|    -|
|Register         |        -|    -|    1558|     64|    -|
+-----------------+---------+-----+--------+-------+-----+
|Total            |        1|    1|    1560|   1606|    0|
+-----------------+---------+-----+--------+-------+-----+
|Available        |      280|  220|  106400|  53200|    0|
+-----------------+---------+-----+--------+-------+-----+
|Utilization (%)  |       ~0|   ~0|       1|      3|    0|
+-----------------+---------+-----+--------+-------+-----+

+ Detail: 
    * Instance: 
    +---------------------+-----------------+---------+----+---+-----+-----+
    |       Instance      |      Module     | BRAM_18K| DSP| FF| LUT | URAM|
    +---------------------+-----------------+---------+----+---+-----+-----+
    |mux_3632_16_1_1_U88  |mux_3632_16_1_1  |        0|   0|  0|  159|    0|
    |mux_42_16_1_1_U89    |mux_42_16_1_1    |        0|   0|  0|   20|    0|
    +---------------------+-----------------+---------+----+---+-----+-----+
    |Total                |                 |        0|   0|  0|  179|    0|
    +---------------------+-----------------+---------+----+---+-----+-----+

    * DSP: 
    +----------------------------+------------------------+-----------+
    |          Instance          |         Module         | Expression|
    +----------------------------+------------------------+-----------+
    |mul_mul_16s_12s_26_4_1_U90  |mul_mul_16s_12s_26_4_1  |    i0 * i1|
    +----------------------------+------------------------+-----------+

    * Memory: 
    +----------+----------------------------------------------------------------------------------+---------+---+----+-----+------+-----+------+-------------+
    |  Memory  |                                      Module                                      | BRAM_18K| FF| LUT| URAM| Words| Bits| Banks| W*Bits*Banks|
    +----------+----------------------------------------------------------------------------------+---------+---+----+-----+------+-----+------+-------------+
    |outidx_U  |dense_resource_rf_gt_nin_rem0_ap_fixed_16_6_5_3_0_ap_fixed_39_19_5_3_0_configncg  |        0|  2|   5|    0|   144|    2|     1|          288|
    |w4_V_U    |dense_resource_rf_gt_nin_rem0_ap_fixed_16_6_5_3_0_ap_fixed_39_19_5_3_0_configocq  |        1|  0|   0|    0|   144|   12|     1|         1728|
    +----------+----------------------------------------------------------------------------------+---------+---+----+-----+------+-----+------+-------------+
    |Total     |                                                                                  |        1|  2|   5|    0|   288|   14|     2|         2016|
    +----------+----------------------------------------------------------------------------------+---------+---+----+-----+------+-----+------+-------------+

    * FIFO: 
    N/A

    * Expression: 
    +-----------------------+----------+----+---+----+------------+------------+
    |     Variable Name     | Operation| DSP| FF| LUT| Bitwidth P0| Bitwidth P1|
    +-----------------------+----------+----+---+----+------------+------------+
    |add_ln712_fu_1568_p2   |         +|   0|  0|  23|          16|          16|
    |in_index_1_fu_1526_p2  |         +|   0|  0|  39|          32|           1|
    |w_index_fu_1428_p2     |         +|   0|  0|  15|           8|           1|
    |ap_condition_367       |       and|   0|  0|   2|           1|           1|
    |ap_condition_385       |       and|   0|  0|   2|           1|           1|
    |icmp_ln135_fu_1434_p2  |      icmp|   0|  0|  11|           8|           8|
    |icmp_ln154_fu_1532_p2  |      icmp|   0|  0|  18|          32|           6|
    |in_index_fu_1538_p3    |    select|   0|  0|  32|           1|           1|
    |ap_enable_pp0          |       xor|   0|  0|   2|           1|           2|
    +-----------------------+----------+----+---+----+------------+------------+
    |Total                  |          |   0|  0| 144|         100|          37|
    +-----------------------+----------+----+---+----+------------+------------+

    * Multiplexer: 
    +-----------------------------------------------------------------------------------------------------------------------------------------------------------------------------------------------------------------------------------------------------------------------------------+----+-----------+-----+-----------+
    |                                                                                                                                        Name                                                                                                                                       | LUT| Input Size| Bits| Total Bits|
    +-----------------------------------------------------------------------------------------------------------------------------------------------------------------------------------------------------------------------------------------------------------------------------------+----+-----------+-----+-----------+
    |ap_done_int                                                                                                                                                                                                                                                                        |   9|          2|    1|          2|
    |ap_loop_exit_ready_pp0_iter4_reg                                                                                                                                                                                                                                                   |   9|          2|    1|          2|
    |ap_phi_mux_acc_V_4_phi_fu_1246_p8                                                                                                                                                                                                                                                  |  14|          3|   16|         48|
    |ap_phi_mux_acc_V_5_phi_fu_1228_p8                                                                                                                                                                                                                                                  |  14|          3|   16|         48|
    |ap_phi_mux_acc_V_6_phi_fu_1210_p8                                                                                                                                                                                                                                                  |  14|          3|   16|         48|
    |ap_phi_mux_acc_V_phi_fu_1264_p8                                                                                                                                                                                                                                                    |  14|          3|   16|         48|
    |ap_phi_mux_conv_i1_i15_i16_phi_fu_1154_p6                                                                                                                                                                                                                                          |   9|          2|   16|         32|
    |ap_phi_mux_conv_i1_i18_i14_phi_fu_1168_p6                                                                                                                                                                                                                                          |   9|          2|   16|         32|
    |ap_phi_mux_conv_i1_i21_i12_phi_fu_1182_p6                                                                                                                                                                                                                                          |   9|          2|   16|         32|
    |ap_phi_mux_conv_i1_i24_i10_phi_fu_1196_p6                                                                                                                                                                                                                                          |   9|          2|   16|         32|
    |ap_phi_mux_do_init_phi_fu_175_p6                                                                                                                                                                                                                                                   |  14|          3|    1|          3|
    |ap_phi_mux_in_index18_phi_fu_708_p6                                                                                                                                                                                                                                                |  14|          3|   32|         96|
    |ap_phi_mux_p_ZZN4nnet24compute_output_buffer_2dINS_5arrayI8ap_fixedILi16ELi6EL9ap_q_mode5EL9ap_o_mode3ELi0EELj4EEENS1_IS2_ILi39ELi19ELS3_5ELS4_3ELi0EELj4EEE7config4EEvRKT_PAsrT1_6n_chan_12ap_shift_regINSA_10value_typeEXsrSD_8in_widthEERN3hls6streamIT0_44_phi_fu_722_p4       |   9|          2|   16|         32|
    |ap_phi_mux_p_ZZN4nnet24compute_output_buffer_2dINS_5arrayI8ap_fixedILi16ELi6EL9ap_q_mode5EL9ap_o_mode3ELi0EELj4EEENS1_IS2_ILi39ELi19ELS3_5ELS4_3ELi0EELj4EEE7config4EEvRKT_PAsrT1_6n_chan_12ap_shift_regINSA_10value_typeEXsrSD_8in_widthEERN3hls6streamIT0_45_phi_fu_734_p4       |   9|          2|   16|         32|
    |ap_phi_mux_p_ZZN4nnet24compute_output_buffer_2dINS_5arrayI8ap_fixedILi16ELi6EL9ap_q_mode5EL9ap_o_mode3ELi0EELj4EEENS1_IS2_ILi39ELi19ELS3_5ELS4_3ELi0EELj4EEE7config4EEvRKT_PAsrT1_6n_chan_12ap_shift_regINSA_10value_typeEXsrSD_8in_widthEERN3hls6streamIT0_46_phi_fu_746_p4       |   9|          2|   16|         32|
    |ap_phi_mux_p_ZZN4nnet24compute_output_buffer_2dINS_5arrayI8ap_fixedILi16ELi6EL9ap_q_mode5EL9ap_o_mode3ELi0EELj4EEENS1_IS2_ILi39ELi19ELS3_5ELS4_3ELi0EELj4EEE7config4EEvRKT_PAsrT1_6n_chan_12ap_shift_regINSA_10value_typeEXsrSD_8in_widthEERN3hls6streamIT0_47_phi_fu_758_p4       |   9|          2|   16|         32|
    |ap_phi_mux_p_ZZN4nnet24compute_output_buffer_2dINS_5arrayI8ap_fixedILi16ELi6EL9ap_q_mode5EL9ap_o_mode3ELi0EELj4EEENS1_IS2_ILi39ELi19ELS3_5ELS4_3ELi0EELj4EEE7config4EEvRKT_PAsrT1_6n_chan_12ap_shift_regINSA_10value_typeEXsrSD_8in_widthEERN3hls6streamIT0_48_phi_fu_770_p4       |   9|          2|   16|         32|
    |ap_phi_mux_p_ZZN4nnet24compute_output_buffer_2dINS_5arrayI8ap_fixedILi16ELi6EL9ap_q_mode5EL9ap_o_mode3ELi0EELj4EEENS1_IS2_ILi39ELi19ELS3_5ELS4_3ELi0EELj4EEE7config4EEvRKT_PAsrT1_6n_chan_12ap_shift_regINSA_10value_typeEXsrSD_8in_widthEERN3hls6streamIT0_49_phi_fu_782_p4       |   9|          2|   16|         32|
    |ap_phi_mux_p_ZZN4nnet24compute_output_buffer_2dINS_5arrayI8ap_fixedILi16ELi6EL9ap_q_mode5EL9ap_o_mode3ELi0EELj4EEENS1_IS2_ILi39ELi19ELS3_5ELS4_3ELi0EELj4EEE7config4EEvRKT_PAsrT1_6n_chan_12ap_shift_regINSA_10value_typeEXsrSD_8in_widthEERN3hls6streamIT0_50_phi_fu_794_p4       |   9|          2|   16|         32|
    |ap_phi_mux_p_ZZN4nnet24compute_output_buffer_2dINS_5arrayI8ap_fixedILi16ELi6EL9ap_q_mode5EL9ap_o_mode3ELi0EELj4EEENS1_IS2_ILi39ELi19ELS3_5ELS4_3ELi0EELj4EEE7config4EEvRKT_PAsrT1_6n_chan_12ap_shift_regINSA_10value_typeEXsrSD_8in_widthEERN3hls6streamIT0_51_phi_fu_806_p4       |   9|          2|   16|         32|
    |ap_phi_mux_p_ZZN4nnet24compute_output_buffer_2dINS_5arrayI8ap_fixedILi16ELi6EL9ap_q_mode5EL9ap_o_mode3ELi0EELj4EEENS1_IS2_ILi39ELi19ELS3_5ELS4_3ELi0EELj4EEE7config4EEvRKT_PAsrT1_6n_chan_12ap_shift_regINSA_10value_typeEXsrSD_8in_widthEERN3hls6streamIT0_52_phi_fu_818_p4       |   9|          2|   16|         32|
    |ap_phi_mux_p_ZZN4nnet24compute_output_buffer_2dINS_5arrayI8ap_fixedILi16ELi6EL9ap_q_mode5EL9ap_o_mode3ELi0EELj4EEENS1_IS2_ILi39ELi19ELS3_5ELS4_3ELi0EELj4EEE7config4EEvRKT_PAsrT1_6n_chan_12ap_shift_regINSA_10value_typeEXsrSD_8in_widthEERN3hls6streamIT0_53_phi_fu_830_p4       |   9|          2|   16|         32|
    |ap_phi_mux_p_ZZN4nnet24compute_output_buffer_2dINS_5arrayI8ap_fixedILi16ELi6EL9ap_q_mode5EL9ap_o_mode3ELi0EELj4EEENS1_IS2_ILi39ELi19ELS3_5ELS4_3ELi0EELj4EEE7config4EEvRKT_PAsrT1_6n_chan_12ap_shift_regINSA_10value_typeEXsrSD_8in_widthEERN3hls6streamIT0_54_phi_fu_842_p4       |   9|          2|   16|         32|
    |ap_phi_mux_p_ZZN4nnet24compute_output_buffer_2dINS_5arrayI8ap_fixedILi16ELi6EL9ap_q_mode5EL9ap_o_mode3ELi0EELj4EEENS1_IS2_ILi39ELi19ELS3_5ELS4_3ELi0EELj4EEE7config4EEvRKT_PAsrT1_6n_chan_12ap_shift_regINSA_10value_typeEXsrSD_8in_widthEERN3hls6streamIT0_55_phi_fu_854_p4       |   9|          2|   16|         32|
    |ap_phi_mux_p_ZZN4nnet24compute_output_buffer_2dINS_5arrayI8ap_fixedILi16ELi6EL9ap_q_mode5EL9ap_o_mode3ELi0EELj4EEENS1_IS2_ILi39ELi19ELS3_5ELS4_3ELi0EELj4EEE7config4EEvRKT_PAsrT1_6n_chan_12ap_shift_regINSA_10value_typeEXsrSD_8in_widthEERN3hls6streamIT0_56_phi_fu_866_p4       |   9|          2|   16|         32|
    |ap_phi_mux_p_ZZN4nnet24compute_output_buffer_2dINS_5arrayI8ap_fixedILi16ELi6EL9ap_q_mode5EL9ap_o_mode3ELi0EELj4EEENS1_IS2_ILi39ELi19ELS3_5ELS4_3ELi0EELj4EEE7config4EEvRKT_PAsrT1_6n_chan_12ap_shift_regINSA_10value_typeEXsrSD_8in_widthEERN3hls6streamIT0_57_phi_fu_878_p4       |   9|          2|   16|         32|
    |ap_phi_mux_p_ZZN4nnet24compute_output_buffer_2dINS_5arrayI8ap_fixedILi16ELi6EL9ap_q_mode5EL9ap_o_mode3ELi0EELj4EEENS1_IS2_ILi39ELi19ELS3_5ELS4_3ELi0EELj4EEE7config4EEvRKT_PAsrT1_6n_chan_12ap_shift_regINSA_10value_typeEXsrSD_8in_widthEERN3hls6streamIT0_58_phi_fu_890_p4       |   9|          2|   16|         32|
    |ap_phi_mux_p_ZZN4nnet24compute_output_buffer_2dINS_5arrayI8ap_fixedILi16ELi6EL9ap_q_mode5EL9ap_o_mode3ELi0EELj4EEENS1_IS2_ILi39ELi19ELS3_5ELS4_3ELi0EELj4EEE7config4EEvRKT_PAsrT1_6n_chan_12ap_shift_regINSA_10value_typeEXsrSD_8in_widthEERN3hls6streamIT0_59_phi_fu_902_p4       |   9|          2|   16|         32|
    |ap_phi_mux_p_ZZN4nnet24compute_output_buffer_2dINS_5arrayI8ap_fixedILi16ELi6EL9ap_q_mode5EL9ap_o_mode3ELi0EELj4EEENS1_IS2_ILi39ELi19ELS3_5ELS4_3ELi0EELj4EEE7config4EEvRKT_PAsrT1_6n_chan_12ap_shift_regINSA_10value_typeEXsrSD_8in_widthEERN3hls6streamIT0_60_phi_fu_914_p4       |   9|          2|   16|         32|
    |ap_phi_mux_p_ZZN4nnet24compute_output_buffer_2dINS_5arrayI8ap_fixedILi16ELi6EL9ap_q_mode5EL9ap_o_mode3ELi0EELj4EEENS1_IS2_ILi39ELi19ELS3_5ELS4_3ELi0EELj4EEE7config4EEvRKT_PAsrT1_6n_chan_12ap_shift_regINSA_10value_typeEXsrSD_8in_widthEERN3hls6streamIT0_61_phi_fu_926_p4       |   9|          2|   16|         32|
    |ap_phi_mux_p_ZZN4nnet24compute_output_buffer_2dINS_5arrayI8ap_fixedILi16ELi6EL9ap_q_mode5EL9ap_o_mode3ELi0EELj4EEENS1_IS2_ILi39ELi19ELS3_5ELS4_3ELi0EELj4EEE7config4EEvRKT_PAsrT1_6n_chan_12ap_shift_regINSA_10value_typeEXsrSD_8in_widthEERN3hls6streamIT0_62_phi_fu_938_p4       |   9|          2|   16|         32|
    |ap_phi_mux_p_ZZN4nnet24compute_output_buffer_2dINS_5arrayI8ap_fixedILi16ELi6EL9ap_q_mode5EL9ap_o_mode3ELi0EELj4EEENS1_IS2_ILi39ELi19ELS3_5ELS4_3ELi0EELj4EEE7config4EEvRKT_PAsrT1_6n_chan_12ap_shift_regINSA_10value_typeEXsrSD_8in_widthEERN3hls6streamIT0_63_phi_fu_950_p4       |   9|          2|   16|         32|
    |ap_phi_mux_p_ZZN4nnet24compute_output_buffer_2dINS_5arrayI8ap_fixedILi16ELi6EL9ap_q_mode5EL9ap_o_mode3ELi0EELj4EEENS1_IS2_ILi39ELi19ELS3_5ELS4_3ELi0EELj4EEE7config4EEvRKT_PAsrT1_6n_chan_12ap_shift_regINSA_10value_typeEXsrSD_8in_widthEERN3hls6streamIT0_64_phi_fu_962_p4       |   9|          2|   16|         32|
    |ap_phi_mux_p_ZZN4nnet24compute_output_buffer_2dINS_5arrayI8ap_fixedILi16ELi6EL9ap_q_mode5EL9ap_o_mode3ELi0EELj4EEENS1_IS2_ILi39ELi19ELS3_5ELS4_3ELi0EELj4EEE7config4EEvRKT_PAsrT1_6n_chan_12ap_shift_regINSA_10value_typeEXsrSD_8in_widthEERN3hls6streamIT0_65_phi_fu_974_p4       |   9|          2|   16|         32|
    |ap_phi_mux_p_ZZN4nnet24compute_output_buffer_2dINS_5arrayI8ap_fixedILi16ELi6EL9ap_q_mode5EL9ap_o_mode3ELi0EELj4EEENS1_IS2_ILi39ELi19ELS3_5ELS4_3ELi0EELj4EEE7config4EEvRKT_PAsrT1_6n_chan_12ap_shift_regINSA_10value_typeEXsrSD_8in_widthEERN3hls6streamIT0_66_phi_fu_986_p4       |   9|          2|   16|         32|
    |ap_phi_mux_p_ZZN4nnet24compute_output_buffer_2dINS_5arrayI8ap_fixedILi16ELi6EL9ap_q_mode5EL9ap_o_mode3ELi0EELj4EEENS1_IS2_ILi39ELi19ELS3_5ELS4_3ELi0EELj4EEE7config4EEvRKT_PAsrT1_6n_chan_12ap_shift_regINSA_10value_typeEXsrSD_8in_widthEERN3hls6streamIT0_67_phi_fu_998_p4       |   9|          2|   16|         32|
    |ap_phi_mux_p_ZZN4nnet24compute_output_buffer_2dINS_5arrayI8ap_fixedILi16ELi6EL9ap_q_mode5EL9ap_o_mode3ELi0EELj4EEENS1_IS2_ILi39ELi19ELS3_5ELS4_3ELi0EELj4EEE7config4EEvRKT_PAsrT1_6n_chan_12ap_shift_regINSA_10value_typeEXsrSD_8in_widthEERN3hls6streamIT0_68_phi_fu_1010_p4      |   9|          2|   16|         32|
    |ap_phi_mux_p_ZZN4nnet24compute_output_buffer_2dINS_5arrayI8ap_fixedILi16ELi6EL9ap_q_mode5EL9ap_o_mode3ELi0EELj4EEENS1_IS2_ILi39ELi19ELS3_5ELS4_3ELi0EELj4EEE7config4EEvRKT_PAsrT1_6n_chan_12ap_shift_regINSA_10value_typeEXsrSD_8in_widthEERN3hls6streamIT0_69_phi_fu_1022_p4      |   9|          2|   16|         32|
    |ap_phi_mux_void_compute_output_buffer_2d_array_array_ap_fixed_4u_config4_array_ap_fixed_16_6_5_3_0_4u_const_ap_shift_reg_value_type_in_width_n_chan_stream_array_ap_fixed_39_19_5_3_0_4u_0_weight_t_bias_t_kernel_data_1_load_phi_phi_fu_1046_p4                                   |   9|          2|   16|         32|
    |ap_phi_mux_void_compute_output_buffer_2d_array_array_ap_fixed_4u_config4_array_ap_fixed_16_6_5_3_0_4u_const_ap_shift_reg_value_type_in_width_n_chan_stream_array_ap_fixed_39_19_5_3_0_4u_0_weight_t_bias_t_kernel_data_2_load_phi_phi_fu_1058_p4                                   |   9|          2|   16|         32|
    |ap_phi_mux_void_compute_output_buffer_2d_array_array_ap_fixed_4u_config4_array_ap_fixed_16_6_5_3_0_4u_const_ap_shift_reg_value_type_in_width_n_chan_stream_array_ap_fixed_39_19_5_3_0_4u_0_weight_t_bias_t_kernel_data_3_load_phi_phi_fu_1070_p4                                   |   9|          2|   16|         32|
    |ap_phi_mux_void_compute_output_buffer_2d_array_array_ap_fixed_4u_config4_array_ap_fixed_16_6_5_3_0_4u_const_ap_shift_reg_value_type_in_width_n_chan_stream_array_ap_fixed_39_19_5_3_0_4u_0_weight_t_bias_t_kernel_data_4_load_phi_phi_fu_1082_p4                                   |   9|          2|   16|         32|
    |ap_phi_mux_void_compute_output_buffer_2d_array_array_ap_fixed_4u_config4_array_ap_fixed_16_6_5_3_0_4u_const_ap_shift_reg_value_type_in_width_n_chan_stream_array_ap_fixed_39_19_5_3_0_4u_0_weight_t_bias_t_kernel_data_5_load_phi_phi_fu_1094_p4                                   |   9|          2|   16|         32|
    |ap_phi_mux_void_compute_output_buffer_2d_array_array_ap_fixed_4u_config4_array_ap_fixed_16_6_5_3_0_4u_const_ap_shift_reg_value_type_in_width_n_chan_stream_array_ap_fixed_39_19_5_3_0_4u_0_weight_t_bias_t_kernel_data_6_load_phi_phi_fu_1106_p4                                   |   9|          2|   16|         32|
    |ap_phi_mux_void_compute_output_buffer_2d_array_array_ap_fixed_4u_config4_array_ap_fixed_16_6_5_3_0_4u_const_ap_shift_reg_value_type_in_width_n_chan_stream_array_ap_fixed_39_19_5_3_0_4u_0_weight_t_bias_t_kernel_data_7_load_phi_phi_fu_1118_p4                                   |   9|          2|   16|         32|
    |ap_phi_mux_void_compute_output_buffer_2d_array_array_ap_fixed_4u_config4_array_ap_fixed_16_6_5_3_0_4u_const_ap_shift_reg_value_type_in_width_n_chan_stream_array_ap_fixed_39_19_5_3_0_4u_0_weight_t_bias_t_kernel_data_8_load_phi_phi_fu_1130_p4                                   |   9|          2|   16|         32|
    |ap_phi_mux_void_compute_output_buffer_2d_array_array_ap_fixed_4u_config4_array_ap_fixed_16_6_5_3_0_4u_const_ap_shift_reg_value_type_in_width_n_chan_stream_array_ap_fixed_39_19_5_3_0_4u_0_weight_t_bias_t_kernel_data_9_load_phi_phi_fu_1142_p4                                   |   9|          2|   16|         32|
    |ap_phi_mux_void_compute_output_buffer_2d_array_array_ap_fixed_4u_config4_array_ap_fixed_16_6_5_3_0_4u_const_ap_shift_reg_value_type_in_width_n_chan_stream_array_ap_fixed_39_19_5_3_0_4u_0_weight_t_bias_t_kernel_data_load_phi_phi_fu_1034_p4                                     |   9|          2|   16|         32|
    |ap_phi_mux_w_index17_phi_fu_190_p6                                                                                                                                                                                                                                                 |  14|          3|    8|         24|
    |ap_phi_reg_pp0_iter1_p_ZZN4nnet24compute_output_buffer_2dINS_5arrayI8ap_fixedILi16ELi6EL9ap_q_mode5EL9ap_o_mode3ELi0EELj4EEENS1_IS2_ILi39ELi19ELS3_5ELS4_3ELi0EELj4EEE7config4EEvRKT_PAsrT1_6n_chan_12ap_shift_regINSA_10value_typeEXsrSD_8in_widthEERN3hls6streamIT0_44_reg_718   |   9|          2|   16|         32|
    |ap_phi_reg_pp0_iter1_p_ZZN4nnet24compute_output_buffer_2dINS_5arrayI8ap_fixedILi16ELi6EL9ap_q_mode5EL9ap_o_mode3ELi0EELj4EEENS1_IS2_ILi39ELi19ELS3_5ELS4_3ELi0EELj4EEE7config4EEvRKT_PAsrT1_6n_chan_12ap_shift_regINSA_10value_typeEXsrSD_8in_widthEERN3hls6streamIT0_45_reg_730   |   9|          2|   16|         32|
    |ap_phi_reg_pp0_iter1_p_ZZN4nnet24compute_output_buffer_2dINS_5arrayI8ap_fixedILi16ELi6EL9ap_q_mode5EL9ap_o_mode3ELi0EELj4EEENS1_IS2_ILi39ELi19ELS3_5ELS4_3ELi0EELj4EEE7config4EEvRKT_PAsrT1_6n_chan_12ap_shift_regINSA_10value_typeEXsrSD_8in_widthEERN3hls6streamIT0_46_reg_742   |   9|          2|   16|         32|
    |ap_phi_reg_pp0_iter1_p_ZZN4nnet24compute_output_buffer_2dINS_5arrayI8ap_fixedILi16ELi6EL9ap_q_mode5EL9ap_o_mode3ELi0EELj4EEENS1_IS2_ILi39ELi19ELS3_5ELS4_3ELi0EELj4EEE7config4EEvRKT_PAsrT1_6n_chan_12ap_shift_regINSA_10value_typeEXsrSD_8in_widthEERN3hls6streamIT0_47_reg_754   |   9|          2|   16|         32|
    |ap_phi_reg_pp0_iter1_p_ZZN4nnet24compute_output_buffer_2dINS_5arrayI8ap_fixedILi16ELi6EL9ap_q_mode5EL9ap_o_mode3ELi0EELj4EEENS1_IS2_ILi39ELi19ELS3_5ELS4_3ELi0EELj4EEE7config4EEvRKT_PAsrT1_6n_chan_12ap_shift_regINSA_10value_typeEXsrSD_8in_widthEERN3hls6streamIT0_48_reg_766   |   9|          2|   16|         32|
    |ap_phi_reg_pp0_iter1_p_ZZN4nnet24compute_output_buffer_2dINS_5arrayI8ap_fixedILi16ELi6EL9ap_q_mode5EL9ap_o_mode3ELi0EELj4EEENS1_IS2_ILi39ELi19ELS3_5ELS4_3ELi0EELj4EEE7config4EEvRKT_PAsrT1_6n_chan_12ap_shift_regINSA_10value_typeEXsrSD_8in_widthEERN3hls6streamIT0_49_reg_778   |   9|          2|   16|         32|
    |ap_phi_reg_pp0_iter1_p_ZZN4nnet24compute_output_buffer_2dINS_5arrayI8ap_fixedILi16ELi6EL9ap_q_mode5EL9ap_o_mode3ELi0EELj4EEENS1_IS2_ILi39ELi19ELS3_5ELS4_3ELi0EELj4EEE7config4EEvRKT_PAsrT1_6n_chan_12ap_shift_regINSA_10value_typeEXsrSD_8in_widthEERN3hls6streamIT0_50_reg_790   |   9|          2|   16|         32|
    |ap_phi_reg_pp0_iter1_p_ZZN4nnet24compute_output_buffer_2dINS_5arrayI8ap_fixedILi16ELi6EL9ap_q_mode5EL9ap_o_mode3ELi0EELj4EEENS1_IS2_ILi39ELi19ELS3_5ELS4_3ELi0EELj4EEE7config4EEvRKT_PAsrT1_6n_chan_12ap_shift_regINSA_10value_typeEXsrSD_8in_widthEERN3hls6streamIT0_51_reg_802   |   9|          2|   16|         32|
    |ap_phi_reg_pp0_iter1_p_ZZN4nnet24compute_output_buffer_2dINS_5arrayI8ap_fixedILi16ELi6EL9ap_q_mode5EL9ap_o_mode3ELi0EELj4EEENS1_IS2_ILi39ELi19ELS3_5ELS4_3ELi0EELj4EEE7config4EEvRKT_PAsrT1_6n_chan_12ap_shift_regINSA_10value_typeEXsrSD_8in_widthEERN3hls6streamIT0_52_reg_814   |   9|          2|   16|         32|
    |ap_phi_reg_pp0_iter1_p_ZZN4nnet24compute_output_buffer_2dINS_5arrayI8ap_fixedILi16ELi6EL9ap_q_mode5EL9ap_o_mode3ELi0EELj4EEENS1_IS2_ILi39ELi19ELS3_5ELS4_3ELi0EELj4EEE7config4EEvRKT_PAsrT1_6n_chan_12ap_shift_regINSA_10value_typeEXsrSD_8in_widthEERN3hls6streamIT0_53_reg_826   |   9|          2|   16|         32|
    |ap_phi_reg_pp0_iter1_p_ZZN4nnet24compute_output_buffer_2dINS_5arrayI8ap_fixedILi16ELi6EL9ap_q_mode5EL9ap_o_mode3ELi0EELj4EEENS1_IS2_ILi39ELi19ELS3_5ELS4_3ELi0EELj4EEE7config4EEvRKT_PAsrT1_6n_chan_12ap_shift_regINSA_10value_typeEXsrSD_8in_widthEERN3hls6streamIT0_54_reg_838   |   9|          2|   16|         32|
    |ap_phi_reg_pp0_iter1_p_ZZN4nnet24compute_output_buffer_2dINS_5arrayI8ap_fixedILi16ELi6EL9ap_q_mode5EL9ap_o_mode3ELi0EELj4EEENS1_IS2_ILi39ELi19ELS3_5ELS4_3ELi0EELj4EEE7config4EEvRKT_PAsrT1_6n_chan_12ap_shift_regINSA_10value_typeEXsrSD_8in_widthEERN3hls6streamIT0_55_reg_850   |   9|          2|   16|         32|
    |ap_phi_reg_pp0_iter1_p_ZZN4nnet24compute_output_buffer_2dINS_5arrayI8ap_fixedILi16ELi6EL9ap_q_mode5EL9ap_o_mode3ELi0EELj4EEENS1_IS2_ILi39ELi19ELS3_5ELS4_3ELi0EELj4EEE7config4EEvRKT_PAsrT1_6n_chan_12ap_shift_regINSA_10value_typeEXsrSD_8in_widthEERN3hls6streamIT0_56_reg_862   |   9|          2|   16|         32|
    |ap_phi_reg_pp0_iter1_p_ZZN4nnet24compute_output_buffer_2dINS_5arrayI8ap_fixedILi16ELi6EL9ap_q_mode5EL9ap_o_mode3ELi0EELj4EEENS1_IS2_ILi39ELi19ELS3_5ELS4_3ELi0EELj4EEE7config4EEvRKT_PAsrT1_6n_chan_12ap_shift_regINSA_10value_typeEXsrSD_8in_widthEERN3hls6streamIT0_57_reg_874   |   9|          2|   16|         32|
    |ap_phi_reg_pp0_iter1_p_ZZN4nnet24compute_output_buffer_2dINS_5arrayI8ap_fixedILi16ELi6EL9ap_q_mode5EL9ap_o_mode3ELi0EELj4EEENS1_IS2_ILi39ELi19ELS3_5ELS4_3ELi0EELj4EEE7config4EEvRKT_PAsrT1_6n_chan_12ap_shift_regINSA_10value_typeEXsrSD_8in_widthEERN3hls6streamIT0_58_reg_886   |   9|          2|   16|         32|
    |ap_phi_reg_pp0_iter1_p_ZZN4nnet24compute_output_buffer_2dINS_5arrayI8ap_fixedILi16ELi6EL9ap_q_mode5EL9ap_o_mode3ELi0EELj4EEENS1_IS2_ILi39ELi19ELS3_5ELS4_3ELi0EELj4EEE7config4EEvRKT_PAsrT1_6n_chan_12ap_shift_regINSA_10value_typeEXsrSD_8in_widthEERN3hls6streamIT0_59_reg_898   |   9|          2|   16|         32|
    |ap_phi_reg_pp0_iter1_p_ZZN4nnet24compute_output_buffer_2dINS_5arrayI8ap_fixedILi16ELi6EL9ap_q_mode5EL9ap_o_mode3ELi0EELj4EEENS1_IS2_ILi39ELi19ELS3_5ELS4_3ELi0EELj4EEE7config4EEvRKT_PAsrT1_6n_chan_12ap_shift_regINSA_10value_typeEXsrSD_8in_widthEERN3hls6streamIT0_60_reg_910   |   9|          2|   16|         32|
    |ap_phi_reg_pp0_iter1_p_ZZN4nnet24compute_output_buffer_2dINS_5arrayI8ap_fixedILi16ELi6EL9ap_q_mode5EL9ap_o_mode3ELi0EELj4EEENS1_IS2_ILi39ELi19ELS3_5ELS4_3ELi0EELj4EEE7config4EEvRKT_PAsrT1_6n_chan_12ap_shift_regINSA_10value_typeEXsrSD_8in_widthEERN3hls6streamIT0_61_reg_922   |   9|          2|   16|         32|
    |ap_phi_reg_pp0_iter1_p_ZZN4nnet24compute_output_buffer_2dINS_5arrayI8ap_fixedILi16ELi6EL9ap_q_mode5EL9ap_o_mode3ELi0EELj4EEENS1_IS2_ILi39ELi19ELS3_5ELS4_3ELi0EELj4EEE7config4EEvRKT_PAsrT1_6n_chan_12ap_shift_regINSA_10value_typeEXsrSD_8in_widthEERN3hls6streamIT0_62_reg_934   |   9|          2|   16|         32|
    |ap_phi_reg_pp0_iter1_p_ZZN4nnet24compute_output_buffer_2dINS_5arrayI8ap_fixedILi16ELi6EL9ap_q_mode5EL9ap_o_mode3ELi0EELj4EEENS1_IS2_ILi39ELi19ELS3_5ELS4_3ELi0EELj4EEE7config4EEvRKT_PAsrT1_6n_chan_12ap_shift_regINSA_10value_typeEXsrSD_8in_widthEERN3hls6streamIT0_63_reg_946   |   9|          2|   16|         32|
    |ap_phi_reg_pp0_iter1_p_ZZN4nnet24compute_output_buffer_2dINS_5arrayI8ap_fixedILi16ELi6EL9ap_q_mode5EL9ap_o_mode3ELi0EELj4EEENS1_IS2_ILi39ELi19ELS3_5ELS4_3ELi0EELj4EEE7config4EEvRKT_PAsrT1_6n_chan_12ap_shift_regINSA_10value_typeEXsrSD_8in_widthEERN3hls6streamIT0_64_reg_958   |   9|          2|   16|         32|
    |ap_phi_reg_pp0_iter1_p_ZZN4nnet24compute_output_buffer_2dINS_5arrayI8ap_fixedILi16ELi6EL9ap_q_mode5EL9ap_o_mode3ELi0EELj4EEENS1_IS2_ILi39ELi19ELS3_5ELS4_3ELi0EELj4EEE7config4EEvRKT_PAsrT1_6n_chan_12ap_shift_regINSA_10value_typeEXsrSD_8in_widthEERN3hls6streamIT0_65_reg_970   |   9|          2|   16|         32|
    |ap_phi_reg_pp0_iter1_p_ZZN4nnet24compute_output_buffer_2dINS_5arrayI8ap_fixedILi16ELi6EL9ap_q_mode5EL9ap_o_mode3ELi0EELj4EEENS1_IS2_ILi39ELi19ELS3_5ELS4_3ELi0EELj4EEE7config4EEvRKT_PAsrT1_6n_chan_12ap_shift_regINSA_10value_typeEXsrSD_8in_widthEERN3hls6streamIT0_66_reg_982   |   9|          2|   16|         32|
    |ap_phi_reg_pp0_iter1_p_ZZN4nnet24compute_output_buffer_2dINS_5arrayI8ap_fixedILi16ELi6EL9ap_q_mode5EL9ap_o_mode3ELi0EELj4EEENS1_IS2_ILi39ELi19ELS3_5ELS4_3ELi0EELj4EEE7config4EEvRKT_PAsrT1_6n_chan_12ap_shift_regINSA_10value_typeEXsrSD_8in_widthEERN3hls6streamIT0_67_reg_994   |   9|          2|   16|         32|
    |ap_phi_reg_pp0_iter1_p_ZZN4nnet24compute_output_buffer_2dINS_5arrayI8ap_fixedILi16ELi6EL9ap_q_mode5EL9ap_o_mode3ELi0EELj4EEENS1_IS2_ILi39ELi19ELS3_5ELS4_3ELi0EELj4EEE7config4EEvRKT_PAsrT1_6n_chan_12ap_shift_regINSA_10value_typeEXsrSD_8in_widthEERN3hls6streamIT0_68_reg_1006  |   9|          2|   16|         32|
    |ap_phi_reg_pp0_iter1_p_ZZN4nnet24compute_output_buffer_2dINS_5arrayI8ap_fixedILi16ELi6EL9ap_q_mode5EL9ap_o_mode3ELi0EELj4EEENS1_IS2_ILi39ELi19ELS3_5ELS4_3ELi0EELj4EEE7config4EEvRKT_PAsrT1_6n_chan_12ap_shift_regINSA_10value_typeEXsrSD_8in_widthEERN3hls6streamIT0_69_reg_1018  |   9|          2|   16|         32|
    |ap_phi_reg_pp0_iter1_void_compute_output_buffer_2d_array_array_ap_fixed_4u_config4_array_ap_fixed_16_6_5_3_0_4u_const_ap_shift_reg_value_type_in_width_n_chan_stream_array_ap_fixed_39_19_5_3_0_4u_0_weight_t_bias_t_kernel_data_1_load_phi_reg_1042                               |   9|          2|   16|         32|
    |ap_phi_reg_pp0_iter1_void_compute_output_buffer_2d_array_array_ap_fixed_4u_config4_array_ap_fixed_16_6_5_3_0_4u_const_ap_shift_reg_value_type_in_width_n_chan_stream_array_ap_fixed_39_19_5_3_0_4u_0_weight_t_bias_t_kernel_data_2_load_phi_reg_1054                               |   9|          2|   16|         32|
    |ap_phi_reg_pp0_iter1_void_compute_output_buffer_2d_array_array_ap_fixed_4u_config4_array_ap_fixed_16_6_5_3_0_4u_const_ap_shift_reg_value_type_in_width_n_chan_stream_array_ap_fixed_39_19_5_3_0_4u_0_weight_t_bias_t_kernel_data_3_load_phi_reg_1066                               |   9|          2|   16|         32|
    |ap_phi_reg_pp0_iter1_void_compute_output_buffer_2d_array_array_ap_fixed_4u_config4_array_ap_fixed_16_6_5_3_0_4u_const_ap_shift_reg_value_type_in_width_n_chan_stream_array_ap_fixed_39_19_5_3_0_4u_0_weight_t_bias_t_kernel_data_4_load_phi_reg_1078                               |   9|          2|   16|         32|
    |ap_phi_reg_pp0_iter1_void_compute_output_buffer_2d_array_array_ap_fixed_4u_config4_array_ap_fixed_16_6_5_3_0_4u_const_ap_shift_reg_value_type_in_width_n_chan_stream_array_ap_fixed_39_19_5_3_0_4u_0_weight_t_bias_t_kernel_data_5_load_phi_reg_1090                               |   9|          2|   16|         32|
    |ap_phi_reg_pp0_iter1_void_compute_output_buffer_2d_array_array_ap_fixed_4u_config4_array_ap_fixed_16_6_5_3_0_4u_const_ap_shift_reg_value_type_in_width_n_chan_stream_array_ap_fixed_39_19_5_3_0_4u_0_weight_t_bias_t_kernel_data_6_load_phi_reg_1102                               |   9|          2|   16|         32|
    |ap_phi_reg_pp0_iter1_void_compute_output_buffer_2d_array_array_ap_fixed_4u_config4_array_ap_fixed_16_6_5_3_0_4u_const_ap_shift_reg_value_type_in_width_n_chan_stream_array_ap_fixed_39_19_5_3_0_4u_0_weight_t_bias_t_kernel_data_7_load_phi_reg_1114                               |   9|          2|   16|         32|
    |ap_phi_reg_pp0_iter1_void_compute_output_buffer_2d_array_array_ap_fixed_4u_config4_array_ap_fixed_16_6_5_3_0_4u_const_ap_shift_reg_value_type_in_width_n_chan_stream_array_ap_fixed_39_19_5_3_0_4u_0_weight_t_bias_t_kernel_data_8_load_phi_reg_1126                               |   9|          2|   16|         32|
    |ap_phi_reg_pp0_iter1_void_compute_output_buffer_2d_array_array_ap_fixed_4u_config4_array_ap_fixed_16_6_5_3_0_4u_const_ap_shift_reg_value_type_in_width_n_chan_stream_array_ap_fixed_39_19_5_3_0_4u_0_weight_t_bias_t_kernel_data_9_load_phi_reg_1138                               |   9|          2|   16|         32|
    |ap_phi_reg_pp0_iter1_void_compute_output_buffer_2d_array_array_ap_fixed_4u_config4_array_ap_fixed_16_6_5_3_0_4u_const_ap_shift_reg_value_type_in_width_n_chan_stream_array_ap_fixed_39_19_5_3_0_4u_0_weight_t_bias_t_kernel_data_load_phi_reg_1030                                 |   9|          2|   16|         32|
    |ap_return_0                                                                                                                                                                                                                                                                        |   9|          2|   29|         58|
    |ap_return_1                                                                                                                                                                                                                                                                        |   9|          2|   29|         58|
    |ap_return_2                                                                                                                                                                                                                                                                        |   9|          2|   29|         58|
    |ap_return_3                                                                                                                                                                                                                                                                        |   9|          2|   29|         58|
    |conv_i1_i15_i16_reg_1150                                                                                                                                                                                                                                                           |   9|          2|   16|         32|
    |conv_i1_i18_i14_reg_1164                                                                                                                                                                                                                                                           |   9|          2|   16|         32|
    |conv_i1_i21_i12_reg_1178                                                                                                                                                                                                                                                           |   9|          2|   16|         32|
    |conv_i1_i24_i10_reg_1192                                                                                                                                                                                                                                                           |   9|          2|   16|         32|
    |in_index18_reg_704                                                                                                                                                                                                                                                                 |   9|          2|   32|         64|
    |p_ZZN4nnet24compute_output_buffer_2dINS_5arrayI8ap_fixedILi16ELi6EL9ap_q_mode5EL9ap_o_mode3ELi0EELj4EEENS1_IS2_ILi39ELi19ELS3_5ELS4_3ELi0EELj4EEE7config4EEvRKT_PAsrT1_6n_chan_12ap_shift_regINSA_10value_typeEXsrSD_8in_widthEERN3hls6streamIT0_44_reg_718                        |   9|          2|   16|         32|
    |p_ZZN4nnet24compute_output_buffer_2dINS_5arrayI8ap_fixedILi16ELi6EL9ap_q_mode5EL9ap_o_mode3ELi0EELj4EEENS1_IS2_ILi39ELi19ELS3_5ELS4_3ELi0EELj4EEE7config4EEvRKT_PAsrT1_6n_chan_12ap_shift_regINSA_10value_typeEXsrSD_8in_widthEERN3hls6streamIT0_45_reg_730                        |   9|          2|   16|         32|
    |p_ZZN4nnet24compute_output_buffer_2dINS_5arrayI8ap_fixedILi16ELi6EL9ap_q_mode5EL9ap_o_mode3ELi0EELj4EEENS1_IS2_ILi39ELi19ELS3_5ELS4_3ELi0EELj4EEE7config4EEvRKT_PAsrT1_6n_chan_12ap_shift_regINSA_10value_typeEXsrSD_8in_widthEERN3hls6streamIT0_46_reg_742                        |   9|          2|   16|         32|
    |p_ZZN4nnet24compute_output_buffer_2dINS_5arrayI8ap_fixedILi16ELi6EL9ap_q_mode5EL9ap_o_mode3ELi0EELj4EEENS1_IS2_ILi39ELi19ELS3_5ELS4_3ELi0EELj4EEE7config4EEvRKT_PAsrT1_6n_chan_12ap_shift_regINSA_10value_typeEXsrSD_8in_widthEERN3hls6streamIT0_47_reg_754                        |   9|          2|   16|         32|
    |p_ZZN4nnet24compute_output_buffer_2dINS_5arrayI8ap_fixedILi16ELi6EL9ap_q_mode5EL9ap_o_mode3ELi0EELj4EEENS1_IS2_ILi39ELi19ELS3_5ELS4_3ELi0EELj4EEE7config4EEvRKT_PAsrT1_6n_chan_12ap_shift_regINSA_10value_typeEXsrSD_8in_widthEERN3hls6streamIT0_48_reg_766                        |   9|          2|   16|         32|
    |p_ZZN4nnet24compute_output_buffer_2dINS_5arrayI8ap_fixedILi16ELi6EL9ap_q_mode5EL9ap_o_mode3ELi0EELj4EEENS1_IS2_ILi39ELi19ELS3_5ELS4_3ELi0EELj4EEE7config4EEvRKT_PAsrT1_6n_chan_12ap_shift_regINSA_10value_typeEXsrSD_8in_widthEERN3hls6streamIT0_49_reg_778                        |   9|          2|   16|         32|
    |p_ZZN4nnet24compute_output_buffer_2dINS_5arrayI8ap_fixedILi16ELi6EL9ap_q_mode5EL9ap_o_mode3ELi0EELj4EEENS1_IS2_ILi39ELi19ELS3_5ELS4_3ELi0EELj4EEE7config4EEvRKT_PAsrT1_6n_chan_12ap_shift_regINSA_10value_typeEXsrSD_8in_widthEERN3hls6streamIT0_50_reg_790                        |   9|          2|   16|         32|
    |p_ZZN4nnet24compute_output_buffer_2dINS_5arrayI8ap_fixedILi16ELi6EL9ap_q_mode5EL9ap_o_mode3ELi0EELj4EEENS1_IS2_ILi39ELi19ELS3_5ELS4_3ELi0EELj4EEE7config4EEvRKT_PAsrT1_6n_chan_12ap_shift_regINSA_10value_typeEXsrSD_8in_widthEERN3hls6streamIT0_51_reg_802                        |   9|          2|   16|         32|
    |p_ZZN4nnet24compute_output_buffer_2dINS_5arrayI8ap_fixedILi16ELi6EL9ap_q_mode5EL9ap_o_mode3ELi0EELj4EEENS1_IS2_ILi39ELi19ELS3_5ELS4_3ELi0EELj4EEE7config4EEvRKT_PAsrT1_6n_chan_12ap_shift_regINSA_10value_typeEXsrSD_8in_widthEERN3hls6streamIT0_52_reg_814                        |   9|          2|   16|         32|
    |p_ZZN4nnet24compute_output_buffer_2dINS_5arrayI8ap_fixedILi16ELi6EL9ap_q_mode5EL9ap_o_mode3ELi0EELj4EEENS1_IS2_ILi39ELi19ELS3_5ELS4_3ELi0EELj4EEE7config4EEvRKT_PAsrT1_6n_chan_12ap_shift_regINSA_10value_typeEXsrSD_8in_widthEERN3hls6streamIT0_53_reg_826                        |   9|          2|   16|         32|
    |p_ZZN4nnet24compute_output_buffer_2dINS_5arrayI8ap_fixedILi16ELi6EL9ap_q_mode5EL9ap_o_mode3ELi0EELj4EEENS1_IS2_ILi39ELi19ELS3_5ELS4_3ELi0EELj4EEE7config4EEvRKT_PAsrT1_6n_chan_12ap_shift_regINSA_10value_typeEXsrSD_8in_widthEERN3hls6streamIT0_54_reg_838                        |   9|          2|   16|         32|
    |p_ZZN4nnet24compute_output_buffer_2dINS_5arrayI8ap_fixedILi16ELi6EL9ap_q_mode5EL9ap_o_mode3ELi0EELj4EEENS1_IS2_ILi39ELi19ELS3_5ELS4_3ELi0EELj4EEE7config4EEvRKT_PAsrT1_6n_chan_12ap_shift_regINSA_10value_typeEXsrSD_8in_widthEERN3hls6streamIT0_55_reg_850                        |   9|          2|   16|         32|
    |p_ZZN4nnet24compute_output_buffer_2dINS_5arrayI8ap_fixedILi16ELi6EL9ap_q_mode5EL9ap_o_mode3ELi0EELj4EEENS1_IS2_ILi39ELi19ELS3_5ELS4_3ELi0EELj4EEE7config4EEvRKT_PAsrT1_6n_chan_12ap_shift_regINSA_10value_typeEXsrSD_8in_widthEERN3hls6streamIT0_56_reg_862                        |   9|          2|   16|         32|
    |p_ZZN4nnet24compute_output_buffer_2dINS_5arrayI8ap_fixedILi16ELi6EL9ap_q_mode5EL9ap_o_mode3ELi0EELj4EEENS1_IS2_ILi39ELi19ELS3_5ELS4_3ELi0EELj4EEE7config4EEvRKT_PAsrT1_6n_chan_12ap_shift_regINSA_10value_typeEXsrSD_8in_widthEERN3hls6streamIT0_57_reg_874                        |   9|          2|   16|         32|
    |p_ZZN4nnet24compute_output_buffer_2dINS_5arrayI8ap_fixedILi16ELi6EL9ap_q_mode5EL9ap_o_mode3ELi0EELj4EEENS1_IS2_ILi39ELi19ELS3_5ELS4_3ELi0EELj4EEE7config4EEvRKT_PAsrT1_6n_chan_12ap_shift_regINSA_10value_typeEXsrSD_8in_widthEERN3hls6streamIT0_58_reg_886                        |   9|          2|   16|         32|
    |p_ZZN4nnet24compute_output_buffer_2dINS_5arrayI8ap_fixedILi16ELi6EL9ap_q_mode5EL9ap_o_mode3ELi0EELj4EEENS1_IS2_ILi39ELi19ELS3_5ELS4_3ELi0EELj4EEE7config4EEvRKT_PAsrT1_6n_chan_12ap_shift_regINSA_10value_typeEXsrSD_8in_widthEERN3hls6streamIT0_59_reg_898                        |   9|          2|   16|         32|
    |p_ZZN4nnet24compute_output_buffer_2dINS_5arrayI8ap_fixedILi16ELi6EL9ap_q_mode5EL9ap_o_mode3ELi0EELj4EEENS1_IS2_ILi39ELi19ELS3_5ELS4_3ELi0EELj4EEE7config4EEvRKT_PAsrT1_6n_chan_12ap_shift_regINSA_10value_typeEXsrSD_8in_widthEERN3hls6streamIT0_60_reg_910                        |   9|          2|   16|         32|
    |p_ZZN4nnet24compute_output_buffer_2dINS_5arrayI8ap_fixedILi16ELi6EL9ap_q_mode5EL9ap_o_mode3ELi0EELj4EEENS1_IS2_ILi39ELi19ELS3_5ELS4_3ELi0EELj4EEE7config4EEvRKT_PAsrT1_6n_chan_12ap_shift_regINSA_10value_typeEXsrSD_8in_widthEERN3hls6streamIT0_61_reg_922                        |   9|          2|   16|         32|
    |p_ZZN4nnet24compute_output_buffer_2dINS_5arrayI8ap_fixedILi16ELi6EL9ap_q_mode5EL9ap_o_mode3ELi0EELj4EEENS1_IS2_ILi39ELi19ELS3_5ELS4_3ELi0EELj4EEE7config4EEvRKT_PAsrT1_6n_chan_12ap_shift_regINSA_10value_typeEXsrSD_8in_widthEERN3hls6streamIT0_62_reg_934                        |   9|          2|   16|         32|
    |p_ZZN4nnet24compute_output_buffer_2dINS_5arrayI8ap_fixedILi16ELi6EL9ap_q_mode5EL9ap_o_mode3ELi0EELj4EEENS1_IS2_ILi39ELi19ELS3_5ELS4_3ELi0EELj4EEE7config4EEvRKT_PAsrT1_6n_chan_12ap_shift_regINSA_10value_typeEXsrSD_8in_widthEERN3hls6streamIT0_63_reg_946                        |   9|          2|   16|         32|
    |p_ZZN4nnet24compute_output_buffer_2dINS_5arrayI8ap_fixedILi16ELi6EL9ap_q_mode5EL9ap_o_mode3ELi0EELj4EEENS1_IS2_ILi39ELi19ELS3_5ELS4_3ELi0EELj4EEE7config4EEvRKT_PAsrT1_6n_chan_12ap_shift_regINSA_10value_typeEXsrSD_8in_widthEERN3hls6streamIT0_64_reg_958                        |   9|          2|   16|         32|
    |p_ZZN4nnet24compute_output_buffer_2dINS_5arrayI8ap_fixedILi16ELi6EL9ap_q_mode5EL9ap_o_mode3ELi0EELj4EEENS1_IS2_ILi39ELi19ELS3_5ELS4_3ELi0EELj4EEE7config4EEvRKT_PAsrT1_6n_chan_12ap_shift_regINSA_10value_typeEXsrSD_8in_widthEERN3hls6streamIT0_65_reg_970                        |   9|          2|   16|         32|
    |p_ZZN4nnet24compute_output_buffer_2dINS_5arrayI8ap_fixedILi16ELi6EL9ap_q_mode5EL9ap_o_mode3ELi0EELj4EEENS1_IS2_ILi39ELi19ELS3_5ELS4_3ELi0EELj4EEE7config4EEvRKT_PAsrT1_6n_chan_12ap_shift_regINSA_10value_typeEXsrSD_8in_widthEERN3hls6streamIT0_66_reg_982                        |   9|          2|   16|         32|
    |p_ZZN4nnet24compute_output_buffer_2dINS_5arrayI8ap_fixedILi16ELi6EL9ap_q_mode5EL9ap_o_mode3ELi0EELj4EEENS1_IS2_ILi39ELi19ELS3_5ELS4_3ELi0EELj4EEE7config4EEvRKT_PAsrT1_6n_chan_12ap_shift_regINSA_10value_typeEXsrSD_8in_widthEERN3hls6streamIT0_67_reg_994                        |   9|          2|   16|         32|
    |p_ZZN4nnet24compute_output_buffer_2dINS_5arrayI8ap_fixedILi16ELi6EL9ap_q_mode5EL9ap_o_mode3ELi0EELj4EEENS1_IS2_ILi39ELi19ELS3_5ELS4_3ELi0EELj4EEE7config4EEvRKT_PAsrT1_6n_chan_12ap_shift_regINSA_10value_typeEXsrSD_8in_widthEERN3hls6streamIT0_68_reg_1006                       |   9|          2|   16|         32|
    |p_ZZN4nnet24compute_output_buffer_2dINS_5arrayI8ap_fixedILi16ELi6EL9ap_q_mode5EL9ap_o_mode3ELi0EELj4EEENS1_IS2_ILi39ELi19ELS3_5ELS4_3ELi0EELj4EEE7config4EEvRKT_PAsrT1_6n_chan_12ap_shift_regINSA_10value_typeEXsrSD_8in_widthEERN3hls6streamIT0_69_reg_1018                       |   9|          2|   16|         32|
    |void_compute_output_buffer_2d_array_array_ap_fixed_4u_config4_array_ap_fixed_16_6_5_3_0_4u_const_ap_shift_reg_value_type_in_width_n_chan_stream_array_ap_fixed_39_19_5_3_0_4u_0_weight_t_bias_t_kernel_data_1_load_phi_reg_1042                                                    |   9|          2|   16|         32|
    |void_compute_output_buffer_2d_array_array_ap_fixed_4u_config4_array_ap_fixed_16_6_5_3_0_4u_const_ap_shift_reg_value_type_in_width_n_chan_stream_array_ap_fixed_39_19_5_3_0_4u_0_weight_t_bias_t_kernel_data_2_load_phi_reg_1054                                                    |   9|          2|   16|         32|
    |void_compute_output_buffer_2d_array_array_ap_fixed_4u_config4_array_ap_fixed_16_6_5_3_0_4u_const_ap_shift_reg_value_type_in_width_n_chan_stream_array_ap_fixed_39_19_5_3_0_4u_0_weight_t_bias_t_kernel_data_3_load_phi_reg_1066                                                    |   9|          2|   16|         32|
    |void_compute_output_buffer_2d_array_array_ap_fixed_4u_config4_array_ap_fixed_16_6_5_3_0_4u_const_ap_shift_reg_value_type_in_width_n_chan_stream_array_ap_fixed_39_19_5_3_0_4u_0_weight_t_bias_t_kernel_data_4_load_phi_reg_1078                                                    |   9|          2|   16|         32|
    |void_compute_output_buffer_2d_array_array_ap_fixed_4u_config4_array_ap_fixed_16_6_5_3_0_4u_const_ap_shift_reg_value_type_in_width_n_chan_stream_array_ap_fixed_39_19_5_3_0_4u_0_weight_t_bias_t_kernel_data_5_load_phi_reg_1090                                                    |   9|          2|   16|         32|
    |void_compute_output_buffer_2d_array_array_ap_fixed_4u_config4_array_ap_fixed_16_6_5_3_0_4u_const_ap_shift_reg_value_type_in_width_n_chan_stream_array_ap_fixed_39_19_5_3_0_4u_0_weight_t_bias_t_kernel_data_6_load_phi_reg_1102                                                    |   9|          2|   16|         32|
    |void_compute_output_buffer_2d_array_array_ap_fixed_4u_config4_array_ap_fixed_16_6_5_3_0_4u_const_ap_shift_reg_value_type_in_width_n_chan_stream_array_ap_fixed_39_19_5_3_0_4u_0_weight_t_bias_t_kernel_data_7_load_phi_reg_1114                                                    |   9|          2|   16|         32|
    |void_compute_output_buffer_2d_array_array_ap_fixed_4u_config4_array_ap_fixed_16_6_5_3_0_4u_const_ap_shift_reg_value_type_in_width_n_chan_stream_array_ap_fixed_39_19_5_3_0_4u_0_weight_t_bias_t_kernel_data_8_load_phi_reg_1126                                                    |   9|          2|   16|         32|
    |void_compute_output_buffer_2d_array_array_ap_fixed_4u_config4_array_ap_fixed_16_6_5_3_0_4u_const_ap_shift_reg_value_type_in_width_n_chan_stream_array_ap_fixed_39_19_5_3_0_4u_0_weight_t_bias_t_kernel_data_9_load_phi_reg_1138                                                    |   9|          2|   16|         32|
    |void_compute_output_buffer_2d_array_array_ap_fixed_4u_config4_array_ap_fixed_16_6_5_3_0_4u_const_ap_shift_reg_value_type_in_width_n_chan_stream_array_ap_fixed_39_19_5_3_0_4u_0_weight_t_bias_t_kernel_data_load_phi_reg_1030                                                      |   9|          2|   16|         32|
    |w_index17_reg_187                                                                                                                                                                                                                                                                  |   9|          2|    8|         16|
    +-----------------------------------------------------------------------------------------------------------------------------------------------------------------------------------------------------------------------------------------------------------------------------------+----+-----------+-----+-----------+
    |Total                                                                                                                                                                                                                                                                              |1214|        269| 2119|       4343|
    +-----------------------------------------------------------------------------------------------------------------------------------------------------------------------------------------------------------------------------------------------------------------------------------+----+-----------+-----+-----------+

    * Register: 
    +-----------------------------------------------------------------------------------------------------------------------------------------------------------------------------------------------------------------------------------------------------------------------------------+----+----+-----+-----------+
    |                                                                                                                                        Name                                                                                                                                       | FF | LUT| Bits| Const Bits|
    +-----------------------------------------------------------------------------------------------------------------------------------------------------------------------------------------------------------------------------------------------------------------------------------+----+----+-----+-----------+
    |ap_CS_fsm                                                                                                                                                                                                                                                                          |   1|   0|    1|          0|
    |ap_done_reg                                                                                                                                                                                                                                                                        |   1|   0|    1|          0|
    |ap_enable_reg_pp0_iter1                                                                                                                                                                                                                                                            |   1|   0|    1|          0|
    |ap_enable_reg_pp0_iter2                                                                                                                                                                                                                                                            |   1|   0|    1|          0|
    |ap_enable_reg_pp0_iter3                                                                                                                                                                                                                                                            |   1|   0|    1|          0|
    |ap_enable_reg_pp0_iter4                                                                                                                                                                                                                                                            |   1|   0|    1|          0|
    |ap_loop_exit_ready_pp0_iter1_reg                                                                                                                                                                                                                                                   |   1|   0|    1|          0|
    |ap_loop_exit_ready_pp0_iter2_reg                                                                                                                                                                                                                                                   |   1|   0|    1|          0|
    |ap_loop_exit_ready_pp0_iter3_reg                                                                                                                                                                                                                                                   |   1|   0|    1|          0|
    |ap_loop_exit_ready_pp0_iter4_reg                                                                                                                                                                                                                                                   |   1|   0|    1|          0|
    |ap_loop_init_pp0_iter1_reg                                                                                                                                                                                                                                                         |   1|   0|    1|          0|
    |ap_loop_init_pp0_iter2_reg                                                                                                                                                                                                                                                         |   1|   0|    1|          0|
    |ap_loop_init_pp0_iter3_reg                                                                                                                                                                                                                                                         |   1|   0|    1|          0|
    |ap_loop_init_pp0_iter4_reg                                                                                                                                                                                                                                                         |   1|   0|    1|          0|
    |ap_phi_reg_pp0_iter1_p_ZZN4nnet24compute_output_buffer_2dINS_5arrayI8ap_fixedILi16ELi6EL9ap_q_mode5EL9ap_o_mode3ELi0EELj4EEENS1_IS2_ILi39ELi19ELS3_5ELS4_3ELi0EELj4EEE7config4EEvRKT_PAsrT1_6n_chan_12ap_shift_regINSA_10value_typeEXsrSD_8in_widthEERN3hls6streamIT0_44_reg_718   |  16|   0|   16|          0|
    |ap_phi_reg_pp0_iter1_p_ZZN4nnet24compute_output_buffer_2dINS_5arrayI8ap_fixedILi16ELi6EL9ap_q_mode5EL9ap_o_mode3ELi0EELj4EEENS1_IS2_ILi39ELi19ELS3_5ELS4_3ELi0EELj4EEE7config4EEvRKT_PAsrT1_6n_chan_12ap_shift_regINSA_10value_typeEXsrSD_8in_widthEERN3hls6streamIT0_45_reg_730   |  16|   0|   16|          0|
    |ap_phi_reg_pp0_iter1_p_ZZN4nnet24compute_output_buffer_2dINS_5arrayI8ap_fixedILi16ELi6EL9ap_q_mode5EL9ap_o_mode3ELi0EELj4EEENS1_IS2_ILi39ELi19ELS3_5ELS4_3ELi0EELj4EEE7config4EEvRKT_PAsrT1_6n_chan_12ap_shift_regINSA_10value_typeEXsrSD_8in_widthEERN3hls6streamIT0_46_reg_742   |  16|   0|   16|          0|
    |ap_phi_reg_pp0_iter1_p_ZZN4nnet24compute_output_buffer_2dINS_5arrayI8ap_fixedILi16ELi6EL9ap_q_mode5EL9ap_o_mode3ELi0EELj4EEENS1_IS2_ILi39ELi19ELS3_5ELS4_3ELi0EELj4EEE7config4EEvRKT_PAsrT1_6n_chan_12ap_shift_regINSA_10value_typeEXsrSD_8in_widthEERN3hls6streamIT0_47_reg_754   |  16|   0|   16|          0|
    |ap_phi_reg_pp0_iter1_p_ZZN4nnet24compute_output_buffer_2dINS_5arrayI8ap_fixedILi16ELi6EL9ap_q_mode5EL9ap_o_mode3ELi0EELj4EEENS1_IS2_ILi39ELi19ELS3_5ELS4_3ELi0EELj4EEE7config4EEvRKT_PAsrT1_6n_chan_12ap_shift_regINSA_10value_typeEXsrSD_8in_widthEERN3hls6streamIT0_48_reg_766   |  16|   0|   16|          0|
    |ap_phi_reg_pp0_iter1_p_ZZN4nnet24compute_output_buffer_2dINS_5arrayI8ap_fixedILi16ELi6EL9ap_q_mode5EL9ap_o_mode3ELi0EELj4EEENS1_IS2_ILi39ELi19ELS3_5ELS4_3ELi0EELj4EEE7config4EEvRKT_PAsrT1_6n_chan_12ap_shift_regINSA_10value_typeEXsrSD_8in_widthEERN3hls6streamIT0_49_reg_778   |  16|   0|   16|          0|
    |ap_phi_reg_pp0_iter1_p_ZZN4nnet24compute_output_buffer_2dINS_5arrayI8ap_fixedILi16ELi6EL9ap_q_mode5EL9ap_o_mode3ELi0EELj4EEENS1_IS2_ILi39ELi19ELS3_5ELS4_3ELi0EELj4EEE7config4EEvRKT_PAsrT1_6n_chan_12ap_shift_regINSA_10value_typeEXsrSD_8in_widthEERN3hls6streamIT0_50_reg_790   |  16|   0|   16|          0|
    |ap_phi_reg_pp0_iter1_p_ZZN4nnet24compute_output_buffer_2dINS_5arrayI8ap_fixedILi16ELi6EL9ap_q_mode5EL9ap_o_mode3ELi0EELj4EEENS1_IS2_ILi39ELi19ELS3_5ELS4_3ELi0EELj4EEE7config4EEvRKT_PAsrT1_6n_chan_12ap_shift_regINSA_10value_typeEXsrSD_8in_widthEERN3hls6streamIT0_51_reg_802   |  16|   0|   16|          0|
    |ap_phi_reg_pp0_iter1_p_ZZN4nnet24compute_output_buffer_2dINS_5arrayI8ap_fixedILi16ELi6EL9ap_q_mode5EL9ap_o_mode3ELi0EELj4EEENS1_IS2_ILi39ELi19ELS3_5ELS4_3ELi0EELj4EEE7config4EEvRKT_PAsrT1_6n_chan_12ap_shift_regINSA_10value_typeEXsrSD_8in_widthEERN3hls6streamIT0_52_reg_814   |  16|   0|   16|          0|
    |ap_phi_reg_pp0_iter1_p_ZZN4nnet24compute_output_buffer_2dINS_5arrayI8ap_fixedILi16ELi6EL9ap_q_mode5EL9ap_o_mode3ELi0EELj4EEENS1_IS2_ILi39ELi19ELS3_5ELS4_3ELi0EELj4EEE7config4EEvRKT_PAsrT1_6n_chan_12ap_shift_regINSA_10value_typeEXsrSD_8in_widthEERN3hls6streamIT0_53_reg_826   |  16|   0|   16|          0|
    |ap_phi_reg_pp0_iter1_p_ZZN4nnet24compute_output_buffer_2dINS_5arrayI8ap_fixedILi16ELi6EL9ap_q_mode5EL9ap_o_mode3ELi0EELj4EEENS1_IS2_ILi39ELi19ELS3_5ELS4_3ELi0EELj4EEE7config4EEvRKT_PAsrT1_6n_chan_12ap_shift_regINSA_10value_typeEXsrSD_8in_widthEERN3hls6streamIT0_54_reg_838   |  16|   0|   16|          0|
    |ap_phi_reg_pp0_iter1_p_ZZN4nnet24compute_output_buffer_2dINS_5arrayI8ap_fixedILi16ELi6EL9ap_q_mode5EL9ap_o_mode3ELi0EELj4EEENS1_IS2_ILi39ELi19ELS3_5ELS4_3ELi0EELj4EEE7config4EEvRKT_PAsrT1_6n_chan_12ap_shift_regINSA_10value_typeEXsrSD_8in_widthEERN3hls6streamIT0_55_reg_850   |  16|   0|   16|          0|
    |ap_phi_reg_pp0_iter1_p_ZZN4nnet24compute_output_buffer_2dINS_5arrayI8ap_fixedILi16ELi6EL9ap_q_mode5EL9ap_o_mode3ELi0EELj4EEENS1_IS2_ILi39ELi19ELS3_5ELS4_3ELi0EELj4EEE7config4EEvRKT_PAsrT1_6n_chan_12ap_shift_regINSA_10value_typeEXsrSD_8in_widthEERN3hls6streamIT0_56_reg_862   |  16|   0|   16|          0|
    |ap_phi_reg_pp0_iter1_p_ZZN4nnet24compute_output_buffer_2dINS_5arrayI8ap_fixedILi16ELi6EL9ap_q_mode5EL9ap_o_mode3ELi0EELj4EEENS1_IS2_ILi39ELi19ELS3_5ELS4_3ELi0EELj4EEE7config4EEvRKT_PAsrT1_6n_chan_12ap_shift_regINSA_10value_typeEXsrSD_8in_widthEERN3hls6streamIT0_57_reg_874   |  16|   0|   16|          0|
    |ap_phi_reg_pp0_iter1_p_ZZN4nnet24compute_output_buffer_2dINS_5arrayI8ap_fixedILi16ELi6EL9ap_q_mode5EL9ap_o_mode3ELi0EELj4EEENS1_IS2_ILi39ELi19ELS3_5ELS4_3ELi0EELj4EEE7config4EEvRKT_PAsrT1_6n_chan_12ap_shift_regINSA_10value_typeEXsrSD_8in_widthEERN3hls6streamIT0_58_reg_886   |  16|   0|   16|          0|
    |ap_phi_reg_pp0_iter1_p_ZZN4nnet24compute_output_buffer_2dINS_5arrayI8ap_fixedILi16ELi6EL9ap_q_mode5EL9ap_o_mode3ELi0EELj4EEENS1_IS2_ILi39ELi19ELS3_5ELS4_3ELi0EELj4EEE7config4EEvRKT_PAsrT1_6n_chan_12ap_shift_regINSA_10value_typeEXsrSD_8in_widthEERN3hls6streamIT0_59_reg_898   |  16|   0|   16|          0|
    |ap_phi_reg_pp0_iter1_p_ZZN4nnet24compute_output_buffer_2dINS_5arrayI8ap_fixedILi16ELi6EL9ap_q_mode5EL9ap_o_mode3ELi0EELj4EEENS1_IS2_ILi39ELi19ELS3_5ELS4_3ELi0EELj4EEE7config4EEvRKT_PAsrT1_6n_chan_12ap_shift_regINSA_10value_typeEXsrSD_8in_widthEERN3hls6streamIT0_60_reg_910   |  16|   0|   16|          0|
    |ap_phi_reg_pp0_iter1_p_ZZN4nnet24compute_output_buffer_2dINS_5arrayI8ap_fixedILi16ELi6EL9ap_q_mode5EL9ap_o_mode3ELi0EELj4EEENS1_IS2_ILi39ELi19ELS3_5ELS4_3ELi0EELj4EEE7config4EEvRKT_PAsrT1_6n_chan_12ap_shift_regINSA_10value_typeEXsrSD_8in_widthEERN3hls6streamIT0_61_reg_922   |  16|   0|   16|          0|
    |ap_phi_reg_pp0_iter1_p_ZZN4nnet24compute_output_buffer_2dINS_5arrayI8ap_fixedILi16ELi6EL9ap_q_mode5EL9ap_o_mode3ELi0EELj4EEENS1_IS2_ILi39ELi19ELS3_5ELS4_3ELi0EELj4EEE7config4EEvRKT_PAsrT1_6n_chan_12ap_shift_regINSA_10value_typeEXsrSD_8in_widthEERN3hls6streamIT0_62_reg_934   |  16|   0|   16|          0|
    |ap_phi_reg_pp0_iter1_p_ZZN4nnet24compute_output_buffer_2dINS_5arrayI8ap_fixedILi16ELi6EL9ap_q_mode5EL9ap_o_mode3ELi0EELj4EEENS1_IS2_ILi39ELi19ELS3_5ELS4_3ELi0EELj4EEE7config4EEvRKT_PAsrT1_6n_chan_12ap_shift_regINSA_10value_typeEXsrSD_8in_widthEERN3hls6streamIT0_63_reg_946   |  16|   0|   16|          0|
    |ap_phi_reg_pp0_iter1_p_ZZN4nnet24compute_output_buffer_2dINS_5arrayI8ap_fixedILi16ELi6EL9ap_q_mode5EL9ap_o_mode3ELi0EELj4EEENS1_IS2_ILi39ELi19ELS3_5ELS4_3ELi0EELj4EEE7config4EEvRKT_PAsrT1_6n_chan_12ap_shift_regINSA_10value_typeEXsrSD_8in_widthEERN3hls6streamIT0_64_reg_958   |  16|   0|   16|          0|
    |ap_phi_reg_pp0_iter1_p_ZZN4nnet24compute_output_buffer_2dINS_5arrayI8ap_fixedILi16ELi6EL9ap_q_mode5EL9ap_o_mode3ELi0EELj4EEENS1_IS2_ILi39ELi19ELS3_5ELS4_3ELi0EELj4EEE7config4EEvRKT_PAsrT1_6n_chan_12ap_shift_regINSA_10value_typeEXsrSD_8in_widthEERN3hls6streamIT0_65_reg_970   |  16|   0|   16|          0|
    |ap_phi_reg_pp0_iter1_p_ZZN4nnet24compute_output_buffer_2dINS_5arrayI8ap_fixedILi16ELi6EL9ap_q_mode5EL9ap_o_mode3ELi0EELj4EEENS1_IS2_ILi39ELi19ELS3_5ELS4_3ELi0EELj4EEE7config4EEvRKT_PAsrT1_6n_chan_12ap_shift_regINSA_10value_typeEXsrSD_8in_widthEERN3hls6streamIT0_66_reg_982   |  16|   0|   16|          0|
    |ap_phi_reg_pp0_iter1_p_ZZN4nnet24compute_output_buffer_2dINS_5arrayI8ap_fixedILi16ELi6EL9ap_q_mode5EL9ap_o_mode3ELi0EELj4EEENS1_IS2_ILi39ELi19ELS3_5ELS4_3ELi0EELj4EEE7config4EEvRKT_PAsrT1_6n_chan_12ap_shift_regINSA_10value_typeEXsrSD_8in_widthEERN3hls6streamIT0_67_reg_994   |  16|   0|   16|          0|
    |ap_phi_reg_pp0_iter1_p_ZZN4nnet24compute_output_buffer_2dINS_5arrayI8ap_fixedILi16ELi6EL9ap_q_mode5EL9ap_o_mode3ELi0EELj4EEENS1_IS2_ILi39ELi19ELS3_5ELS4_3ELi0EELj4EEE7config4EEvRKT_PAsrT1_6n_chan_12ap_shift_regINSA_10value_typeEXsrSD_8in_widthEERN3hls6streamIT0_68_reg_1006  |  16|   0|   16|          0|
    |ap_phi_reg_pp0_iter1_p_ZZN4nnet24compute_output_buffer_2dINS_5arrayI8ap_fixedILi16ELi6EL9ap_q_mode5EL9ap_o_mode3ELi0EELj4EEENS1_IS2_ILi39ELi19ELS3_5ELS4_3ELi0EELj4EEE7config4EEvRKT_PAsrT1_6n_chan_12ap_shift_regINSA_10value_typeEXsrSD_8in_widthEERN3hls6streamIT0_69_reg_1018  |  16|   0|   16|          0|
    |ap_phi_reg_pp0_iter1_void_compute_output_buffer_2d_array_array_ap_fixed_4u_config4_array_ap_fixed_16_6_5_3_0_4u_const_ap_shift_reg_value_type_in_width_n_chan_stream_array_ap_fixed_39_19_5_3_0_4u_0_weight_t_bias_t_kernel_data_1_load_phi_reg_1042                               |  16|   0|   16|          0|
    |ap_phi_reg_pp0_iter1_void_compute_output_buffer_2d_array_array_ap_fixed_4u_config4_array_ap_fixed_16_6_5_3_0_4u_const_ap_shift_reg_value_type_in_width_n_chan_stream_array_ap_fixed_39_19_5_3_0_4u_0_weight_t_bias_t_kernel_data_2_load_phi_reg_1054                               |  16|   0|   16|          0|
    |ap_phi_reg_pp0_iter1_void_compute_output_buffer_2d_array_array_ap_fixed_4u_config4_array_ap_fixed_16_6_5_3_0_4u_const_ap_shift_reg_value_type_in_width_n_chan_stream_array_ap_fixed_39_19_5_3_0_4u_0_weight_t_bias_t_kernel_data_3_load_phi_reg_1066                               |  16|   0|   16|          0|
    |ap_phi_reg_pp0_iter1_void_compute_output_buffer_2d_array_array_ap_fixed_4u_config4_array_ap_fixed_16_6_5_3_0_4u_const_ap_shift_reg_value_type_in_width_n_chan_stream_array_ap_fixed_39_19_5_3_0_4u_0_weight_t_bias_t_kernel_data_4_load_phi_reg_1078                               |  16|   0|   16|          0|
    |ap_phi_reg_pp0_iter1_void_compute_output_buffer_2d_array_array_ap_fixed_4u_config4_array_ap_fixed_16_6_5_3_0_4u_const_ap_shift_reg_value_type_in_width_n_chan_stream_array_ap_fixed_39_19_5_3_0_4u_0_weight_t_bias_t_kernel_data_5_load_phi_reg_1090                               |  16|   0|   16|          0|
    |ap_phi_reg_pp0_iter1_void_compute_output_buffer_2d_array_array_ap_fixed_4u_config4_array_ap_fixed_16_6_5_3_0_4u_const_ap_shift_reg_value_type_in_width_n_chan_stream_array_ap_fixed_39_19_5_3_0_4u_0_weight_t_bias_t_kernel_data_6_load_phi_reg_1102                               |  16|   0|   16|          0|
    |ap_phi_reg_pp0_iter1_void_compute_output_buffer_2d_array_array_ap_fixed_4u_config4_array_ap_fixed_16_6_5_3_0_4u_const_ap_shift_reg_value_type_in_width_n_chan_stream_array_ap_fixed_39_19_5_3_0_4u_0_weight_t_bias_t_kernel_data_7_load_phi_reg_1114                               |  16|   0|   16|          0|
    |ap_phi_reg_pp0_iter1_void_compute_output_buffer_2d_array_array_ap_fixed_4u_config4_array_ap_fixed_16_6_5_3_0_4u_const_ap_shift_reg_value_type_in_width_n_chan_stream_array_ap_fixed_39_19_5_3_0_4u_0_weight_t_bias_t_kernel_data_8_load_phi_reg_1126                               |  16|   0|   16|          0|
    |ap_phi_reg_pp0_iter1_void_compute_output_buffer_2d_array_array_ap_fixed_4u_config4_array_ap_fixed_16_6_5_3_0_4u_const_ap_shift_reg_value_type_in_width_n_chan_stream_array_ap_fixed_39_19_5_3_0_4u_0_weight_t_bias_t_kernel_data_9_load_phi_reg_1138                               |  16|   0|   16|          0|
    |ap_phi_reg_pp0_iter1_void_compute_output_buffer_2d_array_array_ap_fixed_4u_config4_array_ap_fixed_16_6_5_3_0_4u_const_ap_shift_reg_value_type_in_width_n_chan_stream_array_ap_fixed_39_19_5_3_0_4u_0_weight_t_bias_t_kernel_data_load_phi_reg_1030                                 |  16|   0|   16|          0|
    |ap_return_0_preg                                                                                                                                                                                                                                                                   |  29|   0|   39|         10|
    |ap_return_1_preg                                                                                                                                                                                                                                                                   |  29|   0|   39|         10|
    |ap_return_2_preg                                                                                                                                                                                                                                                                   |  29|   0|   39|         10|
    |ap_return_3_preg                                                                                                                                                                                                                                                                   |  29|   0|   39|         10|
    |conv_i1_i15_i16_reg_1150                                                                                                                                                                                                                                                           |  16|   0|   16|          0|
    |conv_i1_i18_i14_reg_1164                                                                                                                                                                                                                                                           |  16|   0|   16|          0|
    |conv_i1_i21_i12_reg_1178                                                                                                                                                                                                                                                           |  16|   0|   16|          0|
    |conv_i1_i24_i10_reg_1192                                                                                                                                                                                                                                                           |  16|   0|   16|          0|
    |do_init_reg_172                                                                                                                                                                                                                                                                    |   1|   0|    1|          0|
    |icmp_ln135_reg_1856                                                                                                                                                                                                                                                                |   1|   0|    1|          0|
    |in_index18_reg_704                                                                                                                                                                                                                                                                 |  32|   0|   32|          0|
    |in_index_reg_1875                                                                                                                                                                                                                                                                  |  32|   0|   32|          0|
    |out_index_reg_1860                                                                                                                                                                                                                                                                 |   2|   0|    2|          0|
    |p_ZZN4nnet24compute_output_buffer_2dINS_5arrayI8ap_fixedILi16ELi6EL9ap_q_mode5EL9ap_o_mode3ELi0EELj4EEENS1_IS2_ILi39ELi19ELS3_5ELS4_3ELi0EELj4EEE7config4EEvRKT_PAsrT1_6n_chan_12ap_shift_regINSA_10value_typeEXsrSD_8in_widthEERN3hls6streamIT0_44_reg_718                        |  16|   0|   16|          0|
    |p_ZZN4nnet24compute_output_buffer_2dINS_5arrayI8ap_fixedILi16ELi6EL9ap_q_mode5EL9ap_o_mode3ELi0EELj4EEENS1_IS2_ILi39ELi19ELS3_5ELS4_3ELi0EELj4EEE7config4EEvRKT_PAsrT1_6n_chan_12ap_shift_regINSA_10value_typeEXsrSD_8in_widthEERN3hls6streamIT0_45_reg_730                        |  16|   0|   16|          0|
    |p_ZZN4nnet24compute_output_buffer_2dINS_5arrayI8ap_fixedILi16ELi6EL9ap_q_mode5EL9ap_o_mode3ELi0EELj4EEENS1_IS2_ILi39ELi19ELS3_5ELS4_3ELi0EELj4EEE7config4EEvRKT_PAsrT1_6n_chan_12ap_shift_regINSA_10value_typeEXsrSD_8in_widthEERN3hls6streamIT0_46_reg_742                        |  16|   0|   16|          0|
    |p_ZZN4nnet24compute_output_buffer_2dINS_5arrayI8ap_fixedILi16ELi6EL9ap_q_mode5EL9ap_o_mode3ELi0EELj4EEENS1_IS2_ILi39ELi19ELS3_5ELS4_3ELi0EELj4EEE7config4EEvRKT_PAsrT1_6n_chan_12ap_shift_regINSA_10value_typeEXsrSD_8in_widthEERN3hls6streamIT0_47_reg_754                        |  16|   0|   16|          0|
    |p_ZZN4nnet24compute_output_buffer_2dINS_5arrayI8ap_fixedILi16ELi6EL9ap_q_mode5EL9ap_o_mode3ELi0EELj4EEENS1_IS2_ILi39ELi19ELS3_5ELS4_3ELi0EELj4EEE7config4EEvRKT_PAsrT1_6n_chan_12ap_shift_regINSA_10value_typeEXsrSD_8in_widthEERN3hls6streamIT0_48_reg_766                        |  16|   0|   16|          0|
    |p_ZZN4nnet24compute_output_buffer_2dINS_5arrayI8ap_fixedILi16ELi6EL9ap_q_mode5EL9ap_o_mode3ELi0EELj4EEENS1_IS2_ILi39ELi19ELS3_5ELS4_3ELi0EELj4EEE7config4EEvRKT_PAsrT1_6n_chan_12ap_shift_regINSA_10value_typeEXsrSD_8in_widthEERN3hls6streamIT0_49_reg_778                        |  16|   0|   16|          0|
    |p_ZZN4nnet24compute_output_buffer_2dINS_5arrayI8ap_fixedILi16ELi6EL9ap_q_mode5EL9ap_o_mode3ELi0EELj4EEENS1_IS2_ILi39ELi19ELS3_5ELS4_3ELi0EELj4EEE7config4EEvRKT_PAsrT1_6n_chan_12ap_shift_regINSA_10value_typeEXsrSD_8in_widthEERN3hls6streamIT0_50_reg_790                        |  16|   0|   16|          0|
    |p_ZZN4nnet24compute_output_buffer_2dINS_5arrayI8ap_fixedILi16ELi6EL9ap_q_mode5EL9ap_o_mode3ELi0EELj4EEENS1_IS2_ILi39ELi19ELS3_5ELS4_3ELi0EELj4EEE7config4EEvRKT_PAsrT1_6n_chan_12ap_shift_regINSA_10value_typeEXsrSD_8in_widthEERN3hls6streamIT0_51_reg_802                        |  16|   0|   16|          0|
    |p_ZZN4nnet24compute_output_buffer_2dINS_5arrayI8ap_fixedILi16ELi6EL9ap_q_mode5EL9ap_o_mode3ELi0EELj4EEENS1_IS2_ILi39ELi19ELS3_5ELS4_3ELi0EELj4EEE7config4EEvRKT_PAsrT1_6n_chan_12ap_shift_regINSA_10value_typeEXsrSD_8in_widthEERN3hls6streamIT0_52_reg_814                        |  16|   0|   16|          0|
    |p_ZZN4nnet24compute_output_buffer_2dINS_5arrayI8ap_fixedILi16ELi6EL9ap_q_mode5EL9ap_o_mode3ELi0EELj4EEENS1_IS2_ILi39ELi19ELS3_5ELS4_3ELi0EELj4EEE7config4EEvRKT_PAsrT1_6n_chan_12ap_shift_regINSA_10value_typeEXsrSD_8in_widthEERN3hls6streamIT0_53_reg_826                        |  16|   0|   16|          0|
    |p_ZZN4nnet24compute_output_buffer_2dINS_5arrayI8ap_fixedILi16ELi6EL9ap_q_mode5EL9ap_o_mode3ELi0EELj4EEENS1_IS2_ILi39ELi19ELS3_5ELS4_3ELi0EELj4EEE7config4EEvRKT_PAsrT1_6n_chan_12ap_shift_regINSA_10value_typeEXsrSD_8in_widthEERN3hls6streamIT0_54_reg_838                        |  16|   0|   16|          0|
    |p_ZZN4nnet24compute_output_buffer_2dINS_5arrayI8ap_fixedILi16ELi6EL9ap_q_mode5EL9ap_o_mode3ELi0EELj4EEENS1_IS2_ILi39ELi19ELS3_5ELS4_3ELi0EELj4EEE7config4EEvRKT_PAsrT1_6n_chan_12ap_shift_regINSA_10value_typeEXsrSD_8in_widthEERN3hls6streamIT0_55_reg_850                        |  16|   0|   16|          0|
    |p_ZZN4nnet24compute_output_buffer_2dINS_5arrayI8ap_fixedILi16ELi6EL9ap_q_mode5EL9ap_o_mode3ELi0EELj4EEENS1_IS2_ILi39ELi19ELS3_5ELS4_3ELi0EELj4EEE7config4EEvRKT_PAsrT1_6n_chan_12ap_shift_regINSA_10value_typeEXsrSD_8in_widthEERN3hls6streamIT0_56_reg_862                        |  16|   0|   16|          0|
    |p_ZZN4nnet24compute_output_buffer_2dINS_5arrayI8ap_fixedILi16ELi6EL9ap_q_mode5EL9ap_o_mode3ELi0EELj4EEENS1_IS2_ILi39ELi19ELS3_5ELS4_3ELi0EELj4EEE7config4EEvRKT_PAsrT1_6n_chan_12ap_shift_regINSA_10value_typeEXsrSD_8in_widthEERN3hls6streamIT0_57_reg_874                        |  16|   0|   16|          0|
    |p_ZZN4nnet24compute_output_buffer_2dINS_5arrayI8ap_fixedILi16ELi6EL9ap_q_mode5EL9ap_o_mode3ELi0EELj4EEENS1_IS2_ILi39ELi19ELS3_5ELS4_3ELi0EELj4EEE7config4EEvRKT_PAsrT1_6n_chan_12ap_shift_regINSA_10value_typeEXsrSD_8in_widthEERN3hls6streamIT0_58_reg_886                        |  16|   0|   16|          0|
    |p_ZZN4nnet24compute_output_buffer_2dINS_5arrayI8ap_fixedILi16ELi6EL9ap_q_mode5EL9ap_o_mode3ELi0EELj4EEENS1_IS2_ILi39ELi19ELS3_5ELS4_3ELi0EELj4EEE7config4EEvRKT_PAsrT1_6n_chan_12ap_shift_regINSA_10value_typeEXsrSD_8in_widthEERN3hls6streamIT0_59_reg_898                        |  16|   0|   16|          0|
    |p_ZZN4nnet24compute_output_buffer_2dINS_5arrayI8ap_fixedILi16ELi6EL9ap_q_mode5EL9ap_o_mode3ELi0EELj4EEENS1_IS2_ILi39ELi19ELS3_5ELS4_3ELi0EELj4EEE7config4EEvRKT_PAsrT1_6n_chan_12ap_shift_regINSA_10value_typeEXsrSD_8in_widthEERN3hls6streamIT0_60_reg_910                        |  16|   0|   16|          0|
    |p_ZZN4nnet24compute_output_buffer_2dINS_5arrayI8ap_fixedILi16ELi6EL9ap_q_mode5EL9ap_o_mode3ELi0EELj4EEENS1_IS2_ILi39ELi19ELS3_5ELS4_3ELi0EELj4EEE7config4EEvRKT_PAsrT1_6n_chan_12ap_shift_regINSA_10value_typeEXsrSD_8in_widthEERN3hls6streamIT0_61_reg_922                        |  16|   0|   16|          0|
    |p_ZZN4nnet24compute_output_buffer_2dINS_5arrayI8ap_fixedILi16ELi6EL9ap_q_mode5EL9ap_o_mode3ELi0EELj4EEENS1_IS2_ILi39ELi19ELS3_5ELS4_3ELi0EELj4EEE7config4EEvRKT_PAsrT1_6n_chan_12ap_shift_regINSA_10value_typeEXsrSD_8in_widthEERN3hls6streamIT0_62_reg_934                        |  16|   0|   16|          0|
    |p_ZZN4nnet24compute_output_buffer_2dINS_5arrayI8ap_fixedILi16ELi6EL9ap_q_mode5EL9ap_o_mode3ELi0EELj4EEENS1_IS2_ILi39ELi19ELS3_5ELS4_3ELi0EELj4EEE7config4EEvRKT_PAsrT1_6n_chan_12ap_shift_regINSA_10value_typeEXsrSD_8in_widthEERN3hls6streamIT0_63_reg_946                        |  16|   0|   16|          0|
    |p_ZZN4nnet24compute_output_buffer_2dINS_5arrayI8ap_fixedILi16ELi6EL9ap_q_mode5EL9ap_o_mode3ELi0EELj4EEENS1_IS2_ILi39ELi19ELS3_5ELS4_3ELi0EELj4EEE7config4EEvRKT_PAsrT1_6n_chan_12ap_shift_regINSA_10value_typeEXsrSD_8in_widthEERN3hls6streamIT0_64_reg_958                        |  16|   0|   16|          0|
    |p_ZZN4nnet24compute_output_buffer_2dINS_5arrayI8ap_fixedILi16ELi6EL9ap_q_mode5EL9ap_o_mode3ELi0EELj4EEENS1_IS2_ILi39ELi19ELS3_5ELS4_3ELi0EELj4EEE7config4EEvRKT_PAsrT1_6n_chan_12ap_shift_regINSA_10value_typeEXsrSD_8in_widthEERN3hls6streamIT0_65_reg_970                        |  16|   0|   16|          0|
    |p_ZZN4nnet24compute_output_buffer_2dINS_5arrayI8ap_fixedILi16ELi6EL9ap_q_mode5EL9ap_o_mode3ELi0EELj4EEENS1_IS2_ILi39ELi19ELS3_5ELS4_3ELi0EELj4EEE7config4EEvRKT_PAsrT1_6n_chan_12ap_shift_regINSA_10value_typeEXsrSD_8in_widthEERN3hls6streamIT0_66_reg_982                        |  16|   0|   16|          0|
    |p_ZZN4nnet24compute_output_buffer_2dINS_5arrayI8ap_fixedILi16ELi6EL9ap_q_mode5EL9ap_o_mode3ELi0EELj4EEENS1_IS2_ILi39ELi19ELS3_5ELS4_3ELi0EELj4EEE7config4EEvRKT_PAsrT1_6n_chan_12ap_shift_regINSA_10value_typeEXsrSD_8in_widthEERN3hls6streamIT0_67_reg_994                        |  16|   0|   16|          0|
    |p_ZZN4nnet24compute_output_buffer_2dINS_5arrayI8ap_fixedILi16ELi6EL9ap_q_mode5EL9ap_o_mode3ELi0EELj4EEENS1_IS2_ILi39ELi19ELS3_5ELS4_3ELi0EELj4EEE7config4EEvRKT_PAsrT1_6n_chan_12ap_shift_regINSA_10value_typeEXsrSD_8in_widthEERN3hls6streamIT0_68_reg_1006                       |  16|   0|   16|          0|
    |p_ZZN4nnet24compute_output_buffer_2dINS_5arrayI8ap_fixedILi16ELi6EL9ap_q_mode5EL9ap_o_mode3ELi0EELj4EEENS1_IS2_ILi39ELi19ELS3_5ELS4_3ELi0EELj4EEE7config4EEvRKT_PAsrT1_6n_chan_12ap_shift_regINSA_10value_typeEXsrSD_8in_widthEERN3hls6streamIT0_69_reg_1018                       |  16|   0|   16|          0|
    |void_compute_output_buffer_2d_array_array_ap_fixed_4u_config4_array_ap_fixed_16_6_5_3_0_4u_const_ap_shift_reg_value_type_in_width_n_chan_stream_array_ap_fixed_39_19_5_3_0_4u_0_weight_t_bias_t_kernel_data_1_load_phi_reg_1042                                                    |  16|   0|   16|          0|
    |void_compute_output_buffer_2d_array_array_ap_fixed_4u_config4_array_ap_fixed_16_6_5_3_0_4u_const_ap_shift_reg_value_type_in_width_n_chan_stream_array_ap_fixed_39_19_5_3_0_4u_0_weight_t_bias_t_kernel_data_2_load_phi_reg_1054                                                    |  16|   0|   16|          0|
    |void_compute_output_buffer_2d_array_array_ap_fixed_4u_config4_array_ap_fixed_16_6_5_3_0_4u_const_ap_shift_reg_value_type_in_width_n_chan_stream_array_ap_fixed_39_19_5_3_0_4u_0_weight_t_bias_t_kernel_data_3_load_phi_reg_1066                                                    |  16|   0|   16|          0|
    |void_compute_output_buffer_2d_array_array_ap_fixed_4u_config4_array_ap_fixed_16_6_5_3_0_4u_const_ap_shift_reg_value_type_in_width_n_chan_stream_array_ap_fixed_39_19_5_3_0_4u_0_weight_t_bias_t_kernel_data_4_load_phi_reg_1078                                                    |  16|   0|   16|          0|
    |void_compute_output_buffer_2d_array_array_ap_fixed_4u_config4_array_ap_fixed_16_6_5_3_0_4u_const_ap_shift_reg_value_type_in_width_n_chan_stream_array_ap_fixed_39_19_5_3_0_4u_0_weight_t_bias_t_kernel_data_5_load_phi_reg_1090                                                    |  16|   0|   16|          0|
    |void_compute_output_buffer_2d_array_array_ap_fixed_4u_config4_array_ap_fixed_16_6_5_3_0_4u_const_ap_shift_reg_value_type_in_width_n_chan_stream_array_ap_fixed_39_19_5_3_0_4u_0_weight_t_bias_t_kernel_data_6_load_phi_reg_1102                                                    |  16|   0|   16|          0|
    |void_compute_output_buffer_2d_array_array_ap_fixed_4u_config4_array_ap_fixed_16_6_5_3_0_4u_const_ap_shift_reg_value_type_in_width_n_chan_stream_array_ap_fixed_39_19_5_3_0_4u_0_weight_t_bias_t_kernel_data_7_load_phi_reg_1114                                                    |  16|   0|   16|          0|
    |void_compute_output_buffer_2d_array_array_ap_fixed_4u_config4_array_ap_fixed_16_6_5_3_0_4u_const_ap_shift_reg_value_type_in_width_n_chan_stream_array_ap_fixed_39_19_5_3_0_4u_0_weight_t_bias_t_kernel_data_8_load_phi_reg_1126                                                    |  16|   0|   16|          0|
    |void_compute_output_buffer_2d_array_array_ap_fixed_4u_config4_array_ap_fixed_16_6_5_3_0_4u_const_ap_shift_reg_value_type_in_width_n_chan_stream_array_ap_fixed_39_19_5_3_0_4u_0_weight_t_bias_t_kernel_data_9_load_phi_reg_1138                                                    |  16|   0|   16|          0|
    |void_compute_output_buffer_2d_array_array_ap_fixed_4u_config4_array_ap_fixed_16_6_5_3_0_4u_const_ap_shift_reg_value_type_in_width_n_chan_stream_array_ap_fixed_39_19_5_3_0_4u_0_weight_t_bias_t_kernel_data_load_phi_reg_1030                                                      |  16|   0|   16|          0|
    |w_index17_reg_187                                                                                                                                                                                                                                                                  |   8|   0|    8|          0|
    |w_index_reg_1851                                                                                                                                                                                                                                                                   |   8|   0|    8|          0|
    |icmp_ln135_reg_1856                                                                                                                                                                                                                                                                |  64|  32|    1|          0|
    |out_index_reg_1860                                                                                                                                                                                                                                                                 |  64|  32|    2|          0|
    +-----------------------------------------------------------------------------------------------------------------------------------------------------------------------------------------------------------------------------------------------------------------------------------+----+----+-----+-----------+
    |Total                                                                                                                                                                                                                                                                              |1558|  64| 1473|         40|
    +-----------------------------------------------------------------------------------------------------------------------------------------------------------------------------------------------------------------------------------------------------------------------------------+----+----+-----+-----------+



================================================================
== Interface
================================================================
* Summary: 
+-----------------------------------------------------------------------------------------------------------------------------------------------------------------------------------------------------------------------------------------------------+-----+-----+------------+-----------------------------------------------------------------------------------------------------------------------------------------------------------------------------------------------------------------------------------------------------+--------------+
|                                                                                                                      RTL Ports                                                                                                                      | Dir | Bits|  Protocol  |                                                                                                                    Source Object                                                                                                                    |    C Type    |
+-----------------------------------------------------------------------------------------------------------------------------------------------------------------------------------------------------------------------------------------------------+-----+-----+------------+-----------------------------------------------------------------------------------------------------------------------------------------------------------------------------------------------------------------------------------------------------+--------------+
|ap_clk                                                                                                                                                                                                                                               |   in|    1|  ap_ctrl_hs|                                                                                                                                                     dense_resource_rf_gt_nin_rem0<ap_fixed<16, 6, 5, 3, 0>, ap_fixed<39, 19, 5, 3, 0>, config4_mult>|  return value|
|ap_rst                                                                                                                                                                                                                                               |   in|    1|  ap_ctrl_hs|                                                                                                                                                     dense_resource_rf_gt_nin_rem0<ap_fixed<16, 6, 5, 3, 0>, ap_fixed<39, 19, 5, 3, 0>, config4_mult>|  return value|
|ap_start                                                                                                                                                                                                                                             |   in|    1|  ap_ctrl_hs|                                                                                                                                                     dense_resource_rf_gt_nin_rem0<ap_fixed<16, 6, 5, 3, 0>, ap_fixed<39, 19, 5, 3, 0>, config4_mult>|  return value|
|ap_done                                                                                                                                                                                                                                              |  out|    1|  ap_ctrl_hs|                                                                                                                                                     dense_resource_rf_gt_nin_rem0<ap_fixed<16, 6, 5, 3, 0>, ap_fixed<39, 19, 5, 3, 0>, config4_mult>|  return value|
|ap_idle                                                                                                                                                                                                                                              |  out|    1|  ap_ctrl_hs|                                                                                                                                                     dense_resource_rf_gt_nin_rem0<ap_fixed<16, 6, 5, 3, 0>, ap_fixed<39, 19, 5, 3, 0>, config4_mult>|  return value|
|ap_ready                                                                                                                                                                                                                                             |  out|    1|  ap_ctrl_hs|                                                                                                                                                     dense_resource_rf_gt_nin_rem0<ap_fixed<16, 6, 5, 3, 0>, ap_fixed<39, 19, 5, 3, 0>, config4_mult>|  return value|
|ap_return_0                                                                                                                                                                                                                                          |  out|   39|  ap_ctrl_hs|                                                                                                                                                     dense_resource_rf_gt_nin_rem0<ap_fixed<16, 6, 5, 3, 0>, ap_fixed<39, 19, 5, 3, 0>, config4_mult>|  return value|
|ap_return_1                                                                                                                                                                                                                                          |  out|   39|  ap_ctrl_hs|                                                                                                                                                     dense_resource_rf_gt_nin_rem0<ap_fixed<16, 6, 5, 3, 0>, ap_fixed<39, 19, 5, 3, 0>, config4_mult>|  return value|
|ap_return_2                                                                                                                                                                                                                                          |  out|   39|  ap_ctrl_hs|                                                                                                                                                     dense_resource_rf_gt_nin_rem0<ap_fixed<16, 6, 5, 3, 0>, ap_fixed<39, 19, 5, 3, 0>, config4_mult>|  return value|
|ap_return_3                                                                                                                                                                                                                                          |  out|   39|  ap_ctrl_hs|                                                                                                                                                     dense_resource_rf_gt_nin_rem0<ap_fixed<16, 6, 5, 3, 0>, ap_fixed<39, 19, 5, 3, 0>, config4_mult>|  return value|
|void_compute_output_buffer_2d_array_array_ap_fixed_4u_config4_array_ap_fixed_16_6_5_3_0_4u_const_ap_shift_reg_value_type_in_width_n_chan_stream_array_ap_fixed_39_19_5_3_0_4u_0_weight_t_bias_t_kernel_data_9                                        |   in|   16|     ap_none|                                        void_compute_output_buffer_2d_array_array_ap_fixed_4u_config4_array_ap_fixed_16_6_5_3_0_4u_const_ap_shift_reg_value_type_in_width_n_chan_stream_array_ap_fixed_39_19_5_3_0_4u_0_weight_t_bias_t_kernel_data_9|       pointer|
|void_compute_output_buffer_2d_array_array_ap_fixed_4u_config4_array_ap_fixed_16_6_5_3_0_4u_const_ap_shift_reg_value_type_in_width_n_chan_stream_array_ap_fixed_39_19_5_3_0_4u_0_weight_t_bias_t_kernel_data_8                                        |   in|   16|     ap_none|                                        void_compute_output_buffer_2d_array_array_ap_fixed_4u_config4_array_ap_fixed_16_6_5_3_0_4u_const_ap_shift_reg_value_type_in_width_n_chan_stream_array_ap_fixed_39_19_5_3_0_4u_0_weight_t_bias_t_kernel_data_8|       pointer|
|void_compute_output_buffer_2d_array_array_ap_fixed_4u_config4_array_ap_fixed_16_6_5_3_0_4u_const_ap_shift_reg_value_type_in_width_n_chan_stream_array_ap_fixed_39_19_5_3_0_4u_0_weight_t_bias_t_kernel_data_7                                        |   in|   16|     ap_none|                                        void_compute_output_buffer_2d_array_array_ap_fixed_4u_config4_array_ap_fixed_16_6_5_3_0_4u_const_ap_shift_reg_value_type_in_width_n_chan_stream_array_ap_fixed_39_19_5_3_0_4u_0_weight_t_bias_t_kernel_data_7|       pointer|
|void_compute_output_buffer_2d_array_array_ap_fixed_4u_config4_array_ap_fixed_16_6_5_3_0_4u_const_ap_shift_reg_value_type_in_width_n_chan_stream_array_ap_fixed_39_19_5_3_0_4u_0_weight_t_bias_t_kernel_data_6                                        |   in|   16|     ap_none|                                        void_compute_output_buffer_2d_array_array_ap_fixed_4u_config4_array_ap_fixed_16_6_5_3_0_4u_const_ap_shift_reg_value_type_in_width_n_chan_stream_array_ap_fixed_39_19_5_3_0_4u_0_weight_t_bias_t_kernel_data_6|       pointer|
|void_compute_output_buffer_2d_array_array_ap_fixed_4u_config4_array_ap_fixed_16_6_5_3_0_4u_const_ap_shift_reg_value_type_in_width_n_chan_stream_array_ap_fixed_39_19_5_3_0_4u_0_weight_t_bias_t_kernel_data_5                                        |   in|   16|     ap_none|                                        void_compute_output_buffer_2d_array_array_ap_fixed_4u_config4_array_ap_fixed_16_6_5_3_0_4u_const_ap_shift_reg_value_type_in_width_n_chan_stream_array_ap_fixed_39_19_5_3_0_4u_0_weight_t_bias_t_kernel_data_5|       pointer|
|void_compute_output_buffer_2d_array_array_ap_fixed_4u_config4_array_ap_fixed_16_6_5_3_0_4u_const_ap_shift_reg_value_type_in_width_n_chan_stream_array_ap_fixed_39_19_5_3_0_4u_0_weight_t_bias_t_kernel_data_4                                        |   in|   16|     ap_none|                                        void_compute_output_buffer_2d_array_array_ap_fixed_4u_config4_array_ap_fixed_16_6_5_3_0_4u_const_ap_shift_reg_value_type_in_width_n_chan_stream_array_ap_fixed_39_19_5_3_0_4u_0_weight_t_bias_t_kernel_data_4|       pointer|
|void_compute_output_buffer_2d_array_array_ap_fixed_4u_config4_array_ap_fixed_16_6_5_3_0_4u_const_ap_shift_reg_value_type_in_width_n_chan_stream_array_ap_fixed_39_19_5_3_0_4u_0_weight_t_bias_t_kernel_data_3                                        |   in|   16|     ap_none|                                        void_compute_output_buffer_2d_array_array_ap_fixed_4u_config4_array_ap_fixed_16_6_5_3_0_4u_const_ap_shift_reg_value_type_in_width_n_chan_stream_array_ap_fixed_39_19_5_3_0_4u_0_weight_t_bias_t_kernel_data_3|       pointer|
|void_compute_output_buffer_2d_array_array_ap_fixed_4u_config4_array_ap_fixed_16_6_5_3_0_4u_const_ap_shift_reg_value_type_in_width_n_chan_stream_array_ap_fixed_39_19_5_3_0_4u_0_weight_t_bias_t_kernel_data_2                                        |   in|   16|     ap_none|                                        void_compute_output_buffer_2d_array_array_ap_fixed_4u_config4_array_ap_fixed_16_6_5_3_0_4u_const_ap_shift_reg_value_type_in_width_n_chan_stream_array_ap_fixed_39_19_5_3_0_4u_0_weight_t_bias_t_kernel_data_2|       pointer|
|void_compute_output_buffer_2d_array_array_ap_fixed_4u_config4_array_ap_fixed_16_6_5_3_0_4u_const_ap_shift_reg_value_type_in_width_n_chan_stream_array_ap_fixed_39_19_5_3_0_4u_0_weight_t_bias_t_kernel_data_1                                        |   in|   16|     ap_none|                                        void_compute_output_buffer_2d_array_array_ap_fixed_4u_config4_array_ap_fixed_16_6_5_3_0_4u_const_ap_shift_reg_value_type_in_width_n_chan_stream_array_ap_fixed_39_19_5_3_0_4u_0_weight_t_bias_t_kernel_data_1|       pointer|
|void_compute_output_buffer_2d_array_array_ap_fixed_4u_config4_array_ap_fixed_16_6_5_3_0_4u_const_ap_shift_reg_value_type_in_width_n_chan_stream_array_ap_fixed_39_19_5_3_0_4u_0_weight_t_bias_t_kernel_data                                          |   in|   16|     ap_none|                                          void_compute_output_buffer_2d_array_array_ap_fixed_4u_config4_array_ap_fixed_16_6_5_3_0_4u_const_ap_shift_reg_value_type_in_width_n_chan_stream_array_ap_fixed_39_19_5_3_0_4u_0_weight_t_bias_t_kernel_data|       pointer|
|p_ZZN4nnet24compute_output_buffer_2dINS_5arrayI8ap_fixedILi16ELi6EL9ap_q_mode5EL9ap_o_mode3ELi0EELj4EEENS1_IS2_ILi39ELi19ELS3_5ELS4_3ELi0EELj4EEE7config4EEvRKT_PAsrT1_6n_chan_12ap_shift_regINSA_10value_typeEXsrSD_8in_widthEERN3hls6streamIT0_25  |   in|   16|     ap_none|  p_ZZN4nnet24compute_output_buffer_2dINS_5arrayI8ap_fixedILi16ELi6EL9ap_q_mode5EL9ap_o_mode3ELi0EELj4EEENS1_IS2_ILi39ELi19ELS3_5ELS4_3ELi0EELj4EEE7config4EEvRKT_PAsrT1_6n_chan_12ap_shift_regINSA_10value_typeEXsrSD_8in_widthEERN3hls6streamIT0_25|       pointer|
|p_ZZN4nnet24compute_output_buffer_2dINS_5arrayI8ap_fixedILi16ELi6EL9ap_q_mode5EL9ap_o_mode3ELi0EELj4EEENS1_IS2_ILi39ELi19ELS3_5ELS4_3ELi0EELj4EEE7config4EEvRKT_PAsrT1_6n_chan_12ap_shift_regINSA_10value_typeEXsrSD_8in_widthEERN3hls6streamIT0_24  |   in|   16|     ap_none|  p_ZZN4nnet24compute_output_buffer_2dINS_5arrayI8ap_fixedILi16ELi6EL9ap_q_mode5EL9ap_o_mode3ELi0EELj4EEENS1_IS2_ILi39ELi19ELS3_5ELS4_3ELi0EELj4EEE7config4EEvRKT_PAsrT1_6n_chan_12ap_shift_regINSA_10value_typeEXsrSD_8in_widthEERN3hls6streamIT0_24|       pointer|
|p_ZZN4nnet24compute_output_buffer_2dINS_5arrayI8ap_fixedILi16ELi6EL9ap_q_mode5EL9ap_o_mode3ELi0EELj4EEENS1_IS2_ILi39ELi19ELS3_5ELS4_3ELi0EELj4EEE7config4EEvRKT_PAsrT1_6n_chan_12ap_shift_regINSA_10value_typeEXsrSD_8in_widthEERN3hls6streamIT0_23  |   in|   16|     ap_none|  p_ZZN4nnet24compute_output_buffer_2dINS_5arrayI8ap_fixedILi16ELi6EL9ap_q_mode5EL9ap_o_mode3ELi0EELj4EEENS1_IS2_ILi39ELi19ELS3_5ELS4_3ELi0EELj4EEE7config4EEvRKT_PAsrT1_6n_chan_12ap_shift_regINSA_10value_typeEXsrSD_8in_widthEERN3hls6streamIT0_23|       pointer|
|p_ZZN4nnet24compute_output_buffer_2dINS_5arrayI8ap_fixedILi16ELi6EL9ap_q_mode5EL9ap_o_mode3ELi0EELj4EEENS1_IS2_ILi39ELi19ELS3_5ELS4_3ELi0EELj4EEE7config4EEvRKT_PAsrT1_6n_chan_12ap_shift_regINSA_10value_typeEXsrSD_8in_widthEERN3hls6streamIT0_22  |   in|   16|     ap_none|  p_ZZN4nnet24compute_output_buffer_2dINS_5arrayI8ap_fixedILi16ELi6EL9ap_q_mode5EL9ap_o_mode3ELi0EELj4EEENS1_IS2_ILi39ELi19ELS3_5ELS4_3ELi0EELj4EEE7config4EEvRKT_PAsrT1_6n_chan_12ap_shift_regINSA_10value_typeEXsrSD_8in_widthEERN3hls6streamIT0_22|       pointer|
|p_ZZN4nnet24compute_output_buffer_2dINS_5arrayI8ap_fixedILi16ELi6EL9ap_q_mode5EL9ap_o_mode3ELi0EELj4EEENS1_IS2_ILi39ELi19ELS3_5ELS4_3ELi0EELj4EEE7config4EEvRKT_PAsrT1_6n_chan_12ap_shift_regINSA_10value_typeEXsrSD_8in_widthEERN3hls6streamIT0_21  |   in|   16|     ap_none|  p_ZZN4nnet24compute_output_buffer_2dINS_5arrayI8ap_fixedILi16ELi6EL9ap_q_mode5EL9ap_o_mode3ELi0EELj4EEENS1_IS2_ILi39ELi19ELS3_5ELS4_3ELi0EELj4EEE7config4EEvRKT_PAsrT1_6n_chan_12ap_shift_regINSA_10value_typeEXsrSD_8in_widthEERN3hls6streamIT0_21|       pointer|
|p_ZZN4nnet24compute_output_buffer_2dINS_5arrayI8ap_fixedILi16ELi6EL9ap_q_mode5EL9ap_o_mode3ELi0EELj4EEENS1_IS2_ILi39ELi19ELS3_5ELS4_3ELi0EELj4EEE7config4EEvRKT_PAsrT1_6n_chan_12ap_shift_regINSA_10value_typeEXsrSD_8in_widthEERN3hls6streamIT0_20  |   in|   16|     ap_none|  p_ZZN4nnet24compute_output_buffer_2dINS_5arrayI8ap_fixedILi16ELi6EL9ap_q_mode5EL9ap_o_mode3ELi0EELj4EEENS1_IS2_ILi39ELi19ELS3_5ELS4_3ELi0EELj4EEE7config4EEvRKT_PAsrT1_6n_chan_12ap_shift_regINSA_10value_typeEXsrSD_8in_widthEERN3hls6streamIT0_20|       pointer|
|p_ZZN4nnet24compute_output_buffer_2dINS_5arrayI8ap_fixedILi16ELi6EL9ap_q_mode5EL9ap_o_mode3ELi0EELj4EEENS1_IS2_ILi39ELi19ELS3_5ELS4_3ELi0EELj4EEE7config4EEvRKT_PAsrT1_6n_chan_12ap_shift_regINSA_10value_typeEXsrSD_8in_widthEERN3hls6streamIT0_19  |   in|   16|     ap_none|  p_ZZN4nnet24compute_output_buffer_2dINS_5arrayI8ap_fixedILi16ELi6EL9ap_q_mode5EL9ap_o_mode3ELi0EELj4EEENS1_IS2_ILi39ELi19ELS3_5ELS4_3ELi0EELj4EEE7config4EEvRKT_PAsrT1_6n_chan_12ap_shift_regINSA_10value_typeEXsrSD_8in_widthEERN3hls6streamIT0_19|       pointer|
|p_ZZN4nnet24compute_output_buffer_2dINS_5arrayI8ap_fixedILi16ELi6EL9ap_q_mode5EL9ap_o_mode3ELi0EELj4EEENS1_IS2_ILi39ELi19ELS3_5ELS4_3ELi0EELj4EEE7config4EEvRKT_PAsrT1_6n_chan_12ap_shift_regINSA_10value_typeEXsrSD_8in_widthEERN3hls6streamIT0_18  |   in|   16|     ap_none|  p_ZZN4nnet24compute_output_buffer_2dINS_5arrayI8ap_fixedILi16ELi6EL9ap_q_mode5EL9ap_o_mode3ELi0EELj4EEENS1_IS2_ILi39ELi19ELS3_5ELS4_3ELi0EELj4EEE7config4EEvRKT_PAsrT1_6n_chan_12ap_shift_regINSA_10value_typeEXsrSD_8in_widthEERN3hls6streamIT0_18|       pointer|
|p_ZZN4nnet24compute_output_buffer_2dINS_5arrayI8ap_fixedILi16ELi6EL9ap_q_mode5EL9ap_o_mode3ELi0EELj4EEENS1_IS2_ILi39ELi19ELS3_5ELS4_3ELi0EELj4EEE7config4EEvRKT_PAsrT1_6n_chan_12ap_shift_regINSA_10value_typeEXsrSD_8in_widthEERN3hls6streamIT0_17  |   in|   16|     ap_none|  p_ZZN4nnet24compute_output_buffer_2dINS_5arrayI8ap_fixedILi16ELi6EL9ap_q_mode5EL9ap_o_mode3ELi0EELj4EEENS1_IS2_ILi39ELi19ELS3_5ELS4_3ELi0EELj4EEE7config4EEvRKT_PAsrT1_6n_chan_12ap_shift_regINSA_10value_typeEXsrSD_8in_widthEERN3hls6streamIT0_17|       pointer|
|p_ZZN4nnet24compute_output_buffer_2dINS_5arrayI8ap_fixedILi16ELi6EL9ap_q_mode5EL9ap_o_mode3ELi0EELj4EEENS1_IS2_ILi39ELi19ELS3_5ELS4_3ELi0EELj4EEE7config4EEvRKT_PAsrT1_6n_chan_12ap_shift_regINSA_10value_typeEXsrSD_8in_widthEERN3hls6streamIT0_16  |   in|   16|     ap_none|  p_ZZN4nnet24compute_output_buffer_2dINS_5arrayI8ap_fixedILi16ELi6EL9ap_q_mode5EL9ap_o_mode3ELi0EELj4EEENS1_IS2_ILi39ELi19ELS3_5ELS4_3ELi0EELj4EEE7config4EEvRKT_PAsrT1_6n_chan_12ap_shift_regINSA_10value_typeEXsrSD_8in_widthEERN3hls6streamIT0_16|       pointer|
|p_ZZN4nnet24compute_output_buffer_2dINS_5arrayI8ap_fixedILi16ELi6EL9ap_q_mode5EL9ap_o_mode3ELi0EELj4EEENS1_IS2_ILi39ELi19ELS3_5ELS4_3ELi0EELj4EEE7config4EEvRKT_PAsrT1_6n_chan_12ap_shift_regINSA_10value_typeEXsrSD_8in_widthEERN3hls6streamIT0_15  |   in|   16|     ap_none|  p_ZZN4nnet24compute_output_buffer_2dINS_5arrayI8ap_fixedILi16ELi6EL9ap_q_mode5EL9ap_o_mode3ELi0EELj4EEENS1_IS2_ILi39ELi19ELS3_5ELS4_3ELi0EELj4EEE7config4EEvRKT_PAsrT1_6n_chan_12ap_shift_regINSA_10value_typeEXsrSD_8in_widthEERN3hls6streamIT0_15|       pointer|
|p_ZZN4nnet24compute_output_buffer_2dINS_5arrayI8ap_fixedILi16ELi6EL9ap_q_mode5EL9ap_o_mode3ELi0EELj4EEENS1_IS2_ILi39ELi19ELS3_5ELS4_3ELi0EELj4EEE7config4EEvRKT_PAsrT1_6n_chan_12ap_shift_regINSA_10value_typeEXsrSD_8in_widthEERN3hls6streamIT0_14  |   in|   16|     ap_none|  p_ZZN4nnet24compute_output_buffer_2dINS_5arrayI8ap_fixedILi16ELi6EL9ap_q_mode5EL9ap_o_mode3ELi0EELj4EEENS1_IS2_ILi39ELi19ELS3_5ELS4_3ELi0EELj4EEE7config4EEvRKT_PAsrT1_6n_chan_12ap_shift_regINSA_10value_typeEXsrSD_8in_widthEERN3hls6streamIT0_14|       pointer|
|p_ZZN4nnet24compute_output_buffer_2dINS_5arrayI8ap_fixedILi16ELi6EL9ap_q_mode5EL9ap_o_mode3ELi0EELj4EEENS1_IS2_ILi39ELi19ELS3_5ELS4_3ELi0EELj4EEE7config4EEvRKT_PAsrT1_6n_chan_12ap_shift_regINSA_10value_typeEXsrSD_8in_widthEERN3hls6streamIT0_13  |   in|   16|     ap_none|  p_ZZN4nnet24compute_output_buffer_2dINS_5arrayI8ap_fixedILi16ELi6EL9ap_q_mode5EL9ap_o_mode3ELi0EELj4EEENS1_IS2_ILi39ELi19ELS3_5ELS4_3ELi0EELj4EEE7config4EEvRKT_PAsrT1_6n_chan_12ap_shift_regINSA_10value_typeEXsrSD_8in_widthEERN3hls6streamIT0_13|       pointer|
|p_ZZN4nnet24compute_output_buffer_2dINS_5arrayI8ap_fixedILi16ELi6EL9ap_q_mode5EL9ap_o_mode3ELi0EELj4EEENS1_IS2_ILi39ELi19ELS3_5ELS4_3ELi0EELj4EEE7config4EEvRKT_PAsrT1_6n_chan_12ap_shift_regINSA_10value_typeEXsrSD_8in_widthEERN3hls6streamIT0_12  |   in|   16|     ap_none|  p_ZZN4nnet24compute_output_buffer_2dINS_5arrayI8ap_fixedILi16ELi6EL9ap_q_mode5EL9ap_o_mode3ELi0EELj4EEENS1_IS2_ILi39ELi19ELS3_5ELS4_3ELi0EELj4EEE7config4EEvRKT_PAsrT1_6n_chan_12ap_shift_regINSA_10value_typeEXsrSD_8in_widthEERN3hls6streamIT0_12|       pointer|
|p_ZZN4nnet24compute_output_buffer_2dINS_5arrayI8ap_fixedILi16ELi6EL9ap_q_mode5EL9ap_o_mode3ELi0EELj4EEENS1_IS2_ILi39ELi19ELS3_5ELS4_3ELi0EELj4EEE7config4EEvRKT_PAsrT1_6n_chan_12ap_shift_regINSA_10value_typeEXsrSD_8in_widthEERN3hls6streamIT0_11  |   in|   16|     ap_none|  p_ZZN4nnet24compute_output_buffer_2dINS_5arrayI8ap_fixedILi16ELi6EL9ap_q_mode5EL9ap_o_mode3ELi0EELj4EEENS1_IS2_ILi39ELi19ELS3_5ELS4_3ELi0EELj4EEE7config4EEvRKT_PAsrT1_6n_chan_12ap_shift_regINSA_10value_typeEXsrSD_8in_widthEERN3hls6streamIT0_11|       pointer|
|p_ZZN4nnet24compute_output_buffer_2dINS_5arrayI8ap_fixedILi16ELi6EL9ap_q_mode5EL9ap_o_mode3ELi0EELj4EEENS1_IS2_ILi39ELi19ELS3_5ELS4_3ELi0EELj4EEE7config4EEvRKT_PAsrT1_6n_chan_12ap_shift_regINSA_10value_typeEXsrSD_8in_widthEERN3hls6streamIT0_10  |   in|   16|     ap_none|  p_ZZN4nnet24compute_output_buffer_2dINS_5arrayI8ap_fixedILi16ELi6EL9ap_q_mode5EL9ap_o_mode3ELi0EELj4EEENS1_IS2_ILi39ELi19ELS3_5ELS4_3ELi0EELj4EEE7config4EEvRKT_PAsrT1_6n_chan_12ap_shift_regINSA_10value_typeEXsrSD_8in_widthEERN3hls6streamIT0_10|       pointer|
|p_ZZN4nnet24compute_output_buffer_2dINS_5arrayI8ap_fixedILi16ELi6EL9ap_q_mode5EL9ap_o_mode3ELi0EELj4EEENS1_IS2_ILi39ELi19ELS3_5ELS4_3ELi0EELj4EEE7config4EEvRKT_PAsrT1_6n_chan_12ap_shift_regINSA_10value_typeEXsrSD_8in_widthEERN3hls6streamIT0_9   |   in|   16|     ap_none|   p_ZZN4nnet24compute_output_buffer_2dINS_5arrayI8ap_fixedILi16ELi6EL9ap_q_mode5EL9ap_o_mode3ELi0EELj4EEENS1_IS2_ILi39ELi19ELS3_5ELS4_3ELi0EELj4EEE7config4EEvRKT_PAsrT1_6n_chan_12ap_shift_regINSA_10value_typeEXsrSD_8in_widthEERN3hls6streamIT0_9|       pointer|
|p_ZZN4nnet24compute_output_buffer_2dINS_5arrayI8ap_fixedILi16ELi6EL9ap_q_mode5EL9ap_o_mode3ELi0EELj4EEENS1_IS2_ILi39ELi19ELS3_5ELS4_3ELi0EELj4EEE7config4EEvRKT_PAsrT1_6n_chan_12ap_shift_regINSA_10value_typeEXsrSD_8in_widthEERN3hls6streamIT0_8   |   in|   16|     ap_none|   p_ZZN4nnet24compute_output_buffer_2dINS_5arrayI8ap_fixedILi16ELi6EL9ap_q_mode5EL9ap_o_mode3ELi0EELj4EEENS1_IS2_ILi39ELi19ELS3_5ELS4_3ELi0EELj4EEE7config4EEvRKT_PAsrT1_6n_chan_12ap_shift_regINSA_10value_typeEXsrSD_8in_widthEERN3hls6streamIT0_8|       pointer|
|p_ZZN4nnet24compute_output_buffer_2dINS_5arrayI8ap_fixedILi16ELi6EL9ap_q_mode5EL9ap_o_mode3ELi0EELj4EEENS1_IS2_ILi39ELi19ELS3_5ELS4_3ELi0EELj4EEE7config4EEvRKT_PAsrT1_6n_chan_12ap_shift_regINSA_10value_typeEXsrSD_8in_widthEERN3hls6streamIT0_7   |   in|   16|     ap_none|   p_ZZN4nnet24compute_output_buffer_2dINS_5arrayI8ap_fixedILi16ELi6EL9ap_q_mode5EL9ap_o_mode3ELi0EELj4EEENS1_IS2_ILi39ELi19ELS3_5ELS4_3ELi0EELj4EEE7config4EEvRKT_PAsrT1_6n_chan_12ap_shift_regINSA_10value_typeEXsrSD_8in_widthEERN3hls6streamIT0_7|       pointer|
|p_ZZN4nnet24compute_output_buffer_2dINS_5arrayI8ap_fixedILi16ELi6EL9ap_q_mode5EL9ap_o_mode3ELi0EELj4EEENS1_IS2_ILi39ELi19ELS3_5ELS4_3ELi0EELj4EEE7config4EEvRKT_PAsrT1_6n_chan_12ap_shift_regINSA_10value_typeEXsrSD_8in_widthEERN3hls6streamIT0_6   |   in|   16|     ap_none|   p_ZZN4nnet24compute_output_buffer_2dINS_5arrayI8ap_fixedILi16ELi6EL9ap_q_mode5EL9ap_o_mode3ELi0EELj4EEENS1_IS2_ILi39ELi19ELS3_5ELS4_3ELi0EELj4EEE7config4EEvRKT_PAsrT1_6n_chan_12ap_shift_regINSA_10value_typeEXsrSD_8in_widthEERN3hls6streamIT0_6|       pointer|
|p_ZZN4nnet24compute_output_buffer_2dINS_5arrayI8ap_fixedILi16ELi6EL9ap_q_mode5EL9ap_o_mode3ELi0EELj4EEENS1_IS2_ILi39ELi19ELS3_5ELS4_3ELi0EELj4EEE7config4EEvRKT_PAsrT1_6n_chan_12ap_shift_regINSA_10value_typeEXsrSD_8in_widthEERN3hls6streamIT0_5   |   in|   16|     ap_none|   p_ZZN4nnet24compute_output_buffer_2dINS_5arrayI8ap_fixedILi16ELi6EL9ap_q_mode5EL9ap_o_mode3ELi0EELj4EEENS1_IS2_ILi39ELi19ELS3_5ELS4_3ELi0EELj4EEE7config4EEvRKT_PAsrT1_6n_chan_12ap_shift_regINSA_10value_typeEXsrSD_8in_widthEERN3hls6streamIT0_5|       pointer|
|p_ZZN4nnet24compute_output_buffer_2dINS_5arrayI8ap_fixedILi16ELi6EL9ap_q_mode5EL9ap_o_mode3ELi0EELj4EEENS1_IS2_ILi39ELi19ELS3_5ELS4_3ELi0EELj4EEE7config4EEvRKT_PAsrT1_6n_chan_12ap_shift_regINSA_10value_typeEXsrSD_8in_widthEERN3hls6streamIT0_4   |   in|   16|     ap_none|   p_ZZN4nnet24compute_output_buffer_2dINS_5arrayI8ap_fixedILi16ELi6EL9ap_q_mode5EL9ap_o_mode3ELi0EELj4EEENS1_IS2_ILi39ELi19ELS3_5ELS4_3ELi0EELj4EEE7config4EEvRKT_PAsrT1_6n_chan_12ap_shift_regINSA_10value_typeEXsrSD_8in_widthEERN3hls6streamIT0_4|       pointer|
|p_ZZN4nnet24compute_output_buffer_2dINS_5arrayI8ap_fixedILi16ELi6EL9ap_q_mode5EL9ap_o_mode3ELi0EELj4EEENS1_IS2_ILi39ELi19ELS3_5ELS4_3ELi0EELj4EEE7config4EEvRKT_PAsrT1_6n_chan_12ap_shift_regINSA_10value_typeEXsrSD_8in_widthEERN3hls6streamIT0_3   |   in|   16|     ap_none|   p_ZZN4nnet24compute_output_buffer_2dINS_5arrayI8ap_fixedILi16ELi6EL9ap_q_mode5EL9ap_o_mode3ELi0EELj4EEENS1_IS2_ILi39ELi19ELS3_5ELS4_3ELi0EELj4EEE7config4EEvRKT_PAsrT1_6n_chan_12ap_shift_regINSA_10value_typeEXsrSD_8in_widthEERN3hls6streamIT0_3|       pointer|
|p_ZZN4nnet24compute_output_buffer_2dINS_5arrayI8ap_fixedILi16ELi6EL9ap_q_mode5EL9ap_o_mode3ELi0EELj4EEENS1_IS2_ILi39ELi19ELS3_5ELS4_3ELi0EELj4EEE7config4EEvRKT_PAsrT1_6n_chan_12ap_shift_regINSA_10value_typeEXsrSD_8in_widthEERN3hls6streamIT0_2   |   in|   16|     ap_none|   p_ZZN4nnet24compute_output_buffer_2dINS_5arrayI8ap_fixedILi16ELi6EL9ap_q_mode5EL9ap_o_mode3ELi0EELj4EEENS1_IS2_ILi39ELi19ELS3_5ELS4_3ELi0EELj4EEE7config4EEvRKT_PAsrT1_6n_chan_12ap_shift_regINSA_10value_typeEXsrSD_8in_widthEERN3hls6streamIT0_2|       pointer|
|p_ZZN4nnet24compute_output_buffer_2dINS_5arrayI8ap_fixedILi16ELi6EL9ap_q_mode5EL9ap_o_mode3ELi0EELj4EEENS1_IS2_ILi39ELi19ELS3_5ELS4_3ELi0EELj4EEE7config4EEvRKT_PAsrT1_6n_chan_12ap_shift_regINSA_10value_typeEXsrSD_8in_widthEERN3hls6streamIT0_1   |   in|   16|     ap_none|   p_ZZN4nnet24compute_output_buffer_2dINS_5arrayI8ap_fixedILi16ELi6EL9ap_q_mode5EL9ap_o_mode3ELi0EELj4EEENS1_IS2_ILi39ELi19ELS3_5ELS4_3ELi0EELj4EEE7config4EEvRKT_PAsrT1_6n_chan_12ap_shift_regINSA_10value_typeEXsrSD_8in_widthEERN3hls6streamIT0_1|       pointer|
|p_ZZN4nnet24compute_output_buffer_2dINS_5arrayI8ap_fixedILi16ELi6EL9ap_q_mode5EL9ap_o_mode3ELi0EELj4EEENS1_IS2_ILi39ELi19ELS3_5ELS4_3ELi0EELj4EEE7config4EEvRKT_PAsrT1_6n_chan_12ap_shift_regINSA_10value_typeEXsrSD_8in_widthEERN3hls6streamIT0_s   |   in|   16|     ap_none|   p_ZZN4nnet24compute_output_buffer_2dINS_5arrayI8ap_fixedILi16ELi6EL9ap_q_mode5EL9ap_o_mode3ELi0EELj4EEENS1_IS2_ILi39ELi19ELS3_5ELS4_3ELi0EELj4EEE7config4EEvRKT_PAsrT1_6n_chan_12ap_shift_regINSA_10value_typeEXsrSD_8in_widthEERN3hls6streamIT0_s|       pointer|
+-----------------------------------------------------------------------------------------------------------------------------------------------------------------------------------------------------------------------------------------------------+-----+-----+------------+-----------------------------------------------------------------------------------------------------------------------------------------------------------------------------------------------------------------------------------------------------+--------------+

============================================================
+ Verbose Summary: Synthesis Manager
============================================================
InlineROM: 1
ExposeGlobal: 0
============================================================
+ Verbose Summary: CDFG Model
============================================================
IsTopModel: 0
ResetActiveHigh: 1
IsCombinational: 2
IsDatapathOnly: 2
HasWiredReturn: 1
HasMFsm: 2
HasVarLatency: 1
IsPipeline: 0
IsRtlPipelined: 0
IsInstanceOverlapped: 0
IsDontTouch: 0
HasImplIP: 0
IsGatedGlobalClock: 0

+ Individual pipeline summary: 
  * Pipeline-0: initiation interval (II) = 1, depth = 5


============================================================
+ Verbose Summary: Schedule
============================================================
* Number of FSM states : 5
* Pipeline : 1
  Pipeline-0 : II = 1, D = 5, States = { 1 2 3 4 5 }
* Dataflow Pipeline: 0

* FSM state transitions: 
1 --> 2 
2 --> 3 
3 --> 4 
4 --> 5 
5 --> 

* FSM state operations: 

State 1 <SV = 0> <Delay = 4.84>
ST_1 : Operation 7 [1/1] (1.58ns)   --->   "%br_ln135 = br void %rewind_header" [firmware/nnet_utils/nnet_dense_resource.h:135]   --->   Operation 7 'br' 'br_ln135' <Predicate = true> <Delay = 1.58>
ST_1 : Operation 8 [1/1] (0.00ns)   --->   "%do_init = phi i1 1, void %entry, i1 0, void %V32.i.i.i.i16.exit.i, i1 1, void %dense_resource_rf_gt_nin_rem0<ap_fixed<16, 6, 5, 3, 0>, ap_fixed<39, 19, 5, 3, 0>, config4_mult>.exit"   --->   Operation 8 'phi' 'do_init' <Predicate = true> <Delay = 0.00>
ST_1 : Operation 9 [1/1] (0.00ns)   --->   "%w_index17 = phi i8 0, void %entry, i8 %w_index, void %V32.i.i.i.i16.exit.i, i8 0, void %dense_resource_rf_gt_nin_rem0<ap_fixed<16, 6, 5, 3, 0>, ap_fixed<39, 19, 5, 3, 0>, config4_mult>.exit"   --->   Operation 9 'phi' 'w_index17' <Predicate = true> <Delay = 0.00>
ST_1 : Operation 10 [1/1] (0.00ns)   --->   "%specmemcore_ln0 = specmemcore void @_ssdm_op_SpecMemCore, i12 %w4_V, i64 666, i64 38, i64 18446744073709551615"   --->   Operation 10 'specmemcore' 'specmemcore_ln0' <Predicate = (do_init)> <Delay = 0.00>
ST_1 : Operation 11 [1/1] (0.00ns)   --->   "%void_compute_output_buffer_2d_array_array_ap_fixed_4u_config4_array_ap_fixed_16_6_5_3_0_4u_const_ap_shift_reg_value_type_in_width_n_chan_stream_array_ap_fixed_39_19_5_3_0_4u_0_weight_t_bias_t_kernel_data_9_load = load i16 %void_compute_output_buffer_2d_array_array_ap_fixed_4u_config4_array_ap_fixed_16_6_5_3_0_4u_const_ap_shift_reg_value_type_in_width_n_chan_stream_array_ap_fixed_39_19_5_3_0_4u_0_weight_t_bias_t_kernel_data_9"   --->   Operation 11 'load' 'void_compute_output_buffer_2d_array_array_ap_fixed_4u_config4_array_ap_fixed_16_6_5_3_0_4u_const_ap_shift_reg_value_type_in_width_n_chan_stream_array_ap_fixed_39_19_5_3_0_4u_0_weight_t_bias_t_kernel_data_9_load' <Predicate = (do_init)> <Delay = 0.00>
ST_1 : Operation 12 [1/1] (0.00ns)   --->   "%void_compute_output_buffer_2d_array_array_ap_fixed_4u_config4_array_ap_fixed_16_6_5_3_0_4u_const_ap_shift_reg_value_type_in_width_n_chan_stream_array_ap_fixed_39_19_5_3_0_4u_0_weight_t_bias_t_kernel_data_8_load = load i16 %void_compute_output_buffer_2d_array_array_ap_fixed_4u_config4_array_ap_fixed_16_6_5_3_0_4u_const_ap_shift_reg_value_type_in_width_n_chan_stream_array_ap_fixed_39_19_5_3_0_4u_0_weight_t_bias_t_kernel_data_8"   --->   Operation 12 'load' 'void_compute_output_buffer_2d_array_array_ap_fixed_4u_config4_array_ap_fixed_16_6_5_3_0_4u_const_ap_shift_reg_value_type_in_width_n_chan_stream_array_ap_fixed_39_19_5_3_0_4u_0_weight_t_bias_t_kernel_data_8_load' <Predicate = (do_init)> <Delay = 0.00>
ST_1 : Operation 13 [1/1] (0.00ns)   --->   "%void_compute_output_buffer_2d_array_array_ap_fixed_4u_config4_array_ap_fixed_16_6_5_3_0_4u_const_ap_shift_reg_value_type_in_width_n_chan_stream_array_ap_fixed_39_19_5_3_0_4u_0_weight_t_bias_t_kernel_data_7_load = load i16 %void_compute_output_buffer_2d_array_array_ap_fixed_4u_config4_array_ap_fixed_16_6_5_3_0_4u_const_ap_shift_reg_value_type_in_width_n_chan_stream_array_ap_fixed_39_19_5_3_0_4u_0_weight_t_bias_t_kernel_data_7"   --->   Operation 13 'load' 'void_compute_output_buffer_2d_array_array_ap_fixed_4u_config4_array_ap_fixed_16_6_5_3_0_4u_const_ap_shift_reg_value_type_in_width_n_chan_stream_array_ap_fixed_39_19_5_3_0_4u_0_weight_t_bias_t_kernel_data_7_load' <Predicate = (do_init)> <Delay = 0.00>
ST_1 : Operation 14 [1/1] (0.00ns)   --->   "%void_compute_output_buffer_2d_array_array_ap_fixed_4u_config4_array_ap_fixed_16_6_5_3_0_4u_const_ap_shift_reg_value_type_in_width_n_chan_stream_array_ap_fixed_39_19_5_3_0_4u_0_weight_t_bias_t_kernel_data_6_load = load i16 %void_compute_output_buffer_2d_array_array_ap_fixed_4u_config4_array_ap_fixed_16_6_5_3_0_4u_const_ap_shift_reg_value_type_in_width_n_chan_stream_array_ap_fixed_39_19_5_3_0_4u_0_weight_t_bias_t_kernel_data_6"   --->   Operation 14 'load' 'void_compute_output_buffer_2d_array_array_ap_fixed_4u_config4_array_ap_fixed_16_6_5_3_0_4u_const_ap_shift_reg_value_type_in_width_n_chan_stream_array_ap_fixed_39_19_5_3_0_4u_0_weight_t_bias_t_kernel_data_6_load' <Predicate = (do_init)> <Delay = 0.00>
ST_1 : Operation 15 [1/1] (0.00ns)   --->   "%void_compute_output_buffer_2d_array_array_ap_fixed_4u_config4_array_ap_fixed_16_6_5_3_0_4u_const_ap_shift_reg_value_type_in_width_n_chan_stream_array_ap_fixed_39_19_5_3_0_4u_0_weight_t_bias_t_kernel_data_5_load = load i16 %void_compute_output_buffer_2d_array_array_ap_fixed_4u_config4_array_ap_fixed_16_6_5_3_0_4u_const_ap_shift_reg_value_type_in_width_n_chan_stream_array_ap_fixed_39_19_5_3_0_4u_0_weight_t_bias_t_kernel_data_5"   --->   Operation 15 'load' 'void_compute_output_buffer_2d_array_array_ap_fixed_4u_config4_array_ap_fixed_16_6_5_3_0_4u_const_ap_shift_reg_value_type_in_width_n_chan_stream_array_ap_fixed_39_19_5_3_0_4u_0_weight_t_bias_t_kernel_data_5_load' <Predicate = (do_init)> <Delay = 0.00>
ST_1 : Operation 16 [1/1] (0.00ns)   --->   "%void_compute_output_buffer_2d_array_array_ap_fixed_4u_config4_array_ap_fixed_16_6_5_3_0_4u_const_ap_shift_reg_value_type_in_width_n_chan_stream_array_ap_fixed_39_19_5_3_0_4u_0_weight_t_bias_t_kernel_data_4_load = load i16 %void_compute_output_buffer_2d_array_array_ap_fixed_4u_config4_array_ap_fixed_16_6_5_3_0_4u_const_ap_shift_reg_value_type_in_width_n_chan_stream_array_ap_fixed_39_19_5_3_0_4u_0_weight_t_bias_t_kernel_data_4"   --->   Operation 16 'load' 'void_compute_output_buffer_2d_array_array_ap_fixed_4u_config4_array_ap_fixed_16_6_5_3_0_4u_const_ap_shift_reg_value_type_in_width_n_chan_stream_array_ap_fixed_39_19_5_3_0_4u_0_weight_t_bias_t_kernel_data_4_load' <Predicate = (do_init)> <Delay = 0.00>
ST_1 : Operation 17 [1/1] (0.00ns)   --->   "%void_compute_output_buffer_2d_array_array_ap_fixed_4u_config4_array_ap_fixed_16_6_5_3_0_4u_const_ap_shift_reg_value_type_in_width_n_chan_stream_array_ap_fixed_39_19_5_3_0_4u_0_weight_t_bias_t_kernel_data_3_load = load i16 %void_compute_output_buffer_2d_array_array_ap_fixed_4u_config4_array_ap_fixed_16_6_5_3_0_4u_const_ap_shift_reg_value_type_in_width_n_chan_stream_array_ap_fixed_39_19_5_3_0_4u_0_weight_t_bias_t_kernel_data_3"   --->   Operation 17 'load' 'void_compute_output_buffer_2d_array_array_ap_fixed_4u_config4_array_ap_fixed_16_6_5_3_0_4u_const_ap_shift_reg_value_type_in_width_n_chan_stream_array_ap_fixed_39_19_5_3_0_4u_0_weight_t_bias_t_kernel_data_3_load' <Predicate = (do_init)> <Delay = 0.00>
ST_1 : Operation 18 [1/1] (0.00ns)   --->   "%void_compute_output_buffer_2d_array_array_ap_fixed_4u_config4_array_ap_fixed_16_6_5_3_0_4u_const_ap_shift_reg_value_type_in_width_n_chan_stream_array_ap_fixed_39_19_5_3_0_4u_0_weight_t_bias_t_kernel_data_2_load = load i16 %void_compute_output_buffer_2d_array_array_ap_fixed_4u_config4_array_ap_fixed_16_6_5_3_0_4u_const_ap_shift_reg_value_type_in_width_n_chan_stream_array_ap_fixed_39_19_5_3_0_4u_0_weight_t_bias_t_kernel_data_2"   --->   Operation 18 'load' 'void_compute_output_buffer_2d_array_array_ap_fixed_4u_config4_array_ap_fixed_16_6_5_3_0_4u_const_ap_shift_reg_value_type_in_width_n_chan_stream_array_ap_fixed_39_19_5_3_0_4u_0_weight_t_bias_t_kernel_data_2_load' <Predicate = (do_init)> <Delay = 0.00>
ST_1 : Operation 19 [1/1] (0.00ns)   --->   "%void_compute_output_buffer_2d_array_array_ap_fixed_4u_config4_array_ap_fixed_16_6_5_3_0_4u_const_ap_shift_reg_value_type_in_width_n_chan_stream_array_ap_fixed_39_19_5_3_0_4u_0_weight_t_bias_t_kernel_data_1_load = load i16 %void_compute_output_buffer_2d_array_array_ap_fixed_4u_config4_array_ap_fixed_16_6_5_3_0_4u_const_ap_shift_reg_value_type_in_width_n_chan_stream_array_ap_fixed_39_19_5_3_0_4u_0_weight_t_bias_t_kernel_data_1"   --->   Operation 19 'load' 'void_compute_output_buffer_2d_array_array_ap_fixed_4u_config4_array_ap_fixed_16_6_5_3_0_4u_const_ap_shift_reg_value_type_in_width_n_chan_stream_array_ap_fixed_39_19_5_3_0_4u_0_weight_t_bias_t_kernel_data_1_load' <Predicate = (do_init)> <Delay = 0.00>
ST_1 : Operation 20 [1/1] (0.00ns)   --->   "%void_compute_output_buffer_2d_array_array_ap_fixed_4u_config4_array_ap_fixed_16_6_5_3_0_4u_const_ap_shift_reg_value_type_in_width_n_chan_stream_array_ap_fixed_39_19_5_3_0_4u_0_weight_t_bias_t_kernel_data_load = load i16 %void_compute_output_buffer_2d_array_array_ap_fixed_4u_config4_array_ap_fixed_16_6_5_3_0_4u_const_ap_shift_reg_value_type_in_width_n_chan_stream_array_ap_fixed_39_19_5_3_0_4u_0_weight_t_bias_t_kernel_data"   --->   Operation 20 'load' 'void_compute_output_buffer_2d_array_array_ap_fixed_4u_config4_array_ap_fixed_16_6_5_3_0_4u_const_ap_shift_reg_value_type_in_width_n_chan_stream_array_ap_fixed_39_19_5_3_0_4u_0_weight_t_bias_t_kernel_data_load' <Predicate = (do_init)> <Delay = 0.00>
ST_1 : Operation 21 [1/1] (0.00ns)   --->   "%p_ZZN4nnet24compute_output_buffer_2dINS_5arrayI8ap_fixedILi16ELi6EL9ap_q_mode5EL9ap_o_mode3ELi0EELj4EEENS1_IS2_ILi39ELi19ELS3_5ELS4_3ELi0EELj4EEE7config4EEvRKT_PAsrT1_6n_chan_12ap_shift_regINSA_10value_typeEXsrSD_8in_widthEERN3hls6streamIT0_70 = load i16 %p_ZZN4nnet24compute_output_buffer_2dINS_5arrayI8ap_fixedILi16ELi6EL9ap_q_mode5EL9ap_o_mode3ELi0EELj4EEENS1_IS2_ILi39ELi19ELS3_5ELS4_3ELi0EELj4EEE7config4EEvRKT_PAsrT1_6n_chan_12ap_shift_regINSA_10value_typeEXsrSD_8in_widthEERN3hls6streamIT0_25"   --->   Operation 21 'load' 'p_ZZN4nnet24compute_output_buffer_2dINS_5arrayI8ap_fixedILi16ELi6EL9ap_q_mode5EL9ap_o_mode3ELi0EELj4EEENS1_IS2_ILi39ELi19ELS3_5ELS4_3ELi0EELj4EEE7config4EEvRKT_PAsrT1_6n_chan_12ap_shift_regINSA_10value_typeEXsrSD_8in_widthEERN3hls6streamIT0_70' <Predicate = (do_init)> <Delay = 0.00>
ST_1 : Operation 22 [1/1] (0.00ns)   --->   "%p_ZZN4nnet24compute_output_buffer_2dINS_5arrayI8ap_fixedILi16ELi6EL9ap_q_mode5EL9ap_o_mode3ELi0EELj4EEENS1_IS2_ILi39ELi19ELS3_5ELS4_3ELi0EELj4EEE7config4EEvRKT_PAsrT1_6n_chan_12ap_shift_regINSA_10value_typeEXsrSD_8in_widthEERN3hls6streamIT0_71 = load i16 %p_ZZN4nnet24compute_output_buffer_2dINS_5arrayI8ap_fixedILi16ELi6EL9ap_q_mode5EL9ap_o_mode3ELi0EELj4EEENS1_IS2_ILi39ELi19ELS3_5ELS4_3ELi0EELj4EEE7config4EEvRKT_PAsrT1_6n_chan_12ap_shift_regINSA_10value_typeEXsrSD_8in_widthEERN3hls6streamIT0_24"   --->   Operation 22 'load' 'p_ZZN4nnet24compute_output_buffer_2dINS_5arrayI8ap_fixedILi16ELi6EL9ap_q_mode5EL9ap_o_mode3ELi0EELj4EEENS1_IS2_ILi39ELi19ELS3_5ELS4_3ELi0EELj4EEE7config4EEvRKT_PAsrT1_6n_chan_12ap_shift_regINSA_10value_typeEXsrSD_8in_widthEERN3hls6streamIT0_71' <Predicate = (do_init)> <Delay = 0.00>
ST_1 : Operation 23 [1/1] (0.00ns)   --->   "%p_ZZN4nnet24compute_output_buffer_2dINS_5arrayI8ap_fixedILi16ELi6EL9ap_q_mode5EL9ap_o_mode3ELi0EELj4EEENS1_IS2_ILi39ELi19ELS3_5ELS4_3ELi0EELj4EEE7config4EEvRKT_PAsrT1_6n_chan_12ap_shift_regINSA_10value_typeEXsrSD_8in_widthEERN3hls6streamIT0_72 = load i16 %p_ZZN4nnet24compute_output_buffer_2dINS_5arrayI8ap_fixedILi16ELi6EL9ap_q_mode5EL9ap_o_mode3ELi0EELj4EEENS1_IS2_ILi39ELi19ELS3_5ELS4_3ELi0EELj4EEE7config4EEvRKT_PAsrT1_6n_chan_12ap_shift_regINSA_10value_typeEXsrSD_8in_widthEERN3hls6streamIT0_23"   --->   Operation 23 'load' 'p_ZZN4nnet24compute_output_buffer_2dINS_5arrayI8ap_fixedILi16ELi6EL9ap_q_mode5EL9ap_o_mode3ELi0EELj4EEENS1_IS2_ILi39ELi19ELS3_5ELS4_3ELi0EELj4EEE7config4EEvRKT_PAsrT1_6n_chan_12ap_shift_regINSA_10value_typeEXsrSD_8in_widthEERN3hls6streamIT0_72' <Predicate = (do_init)> <Delay = 0.00>
ST_1 : Operation 24 [1/1] (0.00ns)   --->   "%p_ZZN4nnet24compute_output_buffer_2dINS_5arrayI8ap_fixedILi16ELi6EL9ap_q_mode5EL9ap_o_mode3ELi0EELj4EEENS1_IS2_ILi39ELi19ELS3_5ELS4_3ELi0EELj4EEE7config4EEvRKT_PAsrT1_6n_chan_12ap_shift_regINSA_10value_typeEXsrSD_8in_widthEERN3hls6streamIT0_73 = load i16 %p_ZZN4nnet24compute_output_buffer_2dINS_5arrayI8ap_fixedILi16ELi6EL9ap_q_mode5EL9ap_o_mode3ELi0EELj4EEENS1_IS2_ILi39ELi19ELS3_5ELS4_3ELi0EELj4EEE7config4EEvRKT_PAsrT1_6n_chan_12ap_shift_regINSA_10value_typeEXsrSD_8in_widthEERN3hls6streamIT0_22"   --->   Operation 24 'load' 'p_ZZN4nnet24compute_output_buffer_2dINS_5arrayI8ap_fixedILi16ELi6EL9ap_q_mode5EL9ap_o_mode3ELi0EELj4EEENS1_IS2_ILi39ELi19ELS3_5ELS4_3ELi0EELj4EEE7config4EEvRKT_PAsrT1_6n_chan_12ap_shift_regINSA_10value_typeEXsrSD_8in_widthEERN3hls6streamIT0_73' <Predicate = (do_init)> <Delay = 0.00>
ST_1 : Operation 25 [1/1] (0.00ns)   --->   "%p_ZZN4nnet24compute_output_buffer_2dINS_5arrayI8ap_fixedILi16ELi6EL9ap_q_mode5EL9ap_o_mode3ELi0EELj4EEENS1_IS2_ILi39ELi19ELS3_5ELS4_3ELi0EELj4EEE7config4EEvRKT_PAsrT1_6n_chan_12ap_shift_regINSA_10value_typeEXsrSD_8in_widthEERN3hls6streamIT0_74 = load i16 %p_ZZN4nnet24compute_output_buffer_2dINS_5arrayI8ap_fixedILi16ELi6EL9ap_q_mode5EL9ap_o_mode3ELi0EELj4EEENS1_IS2_ILi39ELi19ELS3_5ELS4_3ELi0EELj4EEE7config4EEvRKT_PAsrT1_6n_chan_12ap_shift_regINSA_10value_typeEXsrSD_8in_widthEERN3hls6streamIT0_21"   --->   Operation 25 'load' 'p_ZZN4nnet24compute_output_buffer_2dINS_5arrayI8ap_fixedILi16ELi6EL9ap_q_mode5EL9ap_o_mode3ELi0EELj4EEENS1_IS2_ILi39ELi19ELS3_5ELS4_3ELi0EELj4EEE7config4EEvRKT_PAsrT1_6n_chan_12ap_shift_regINSA_10value_typeEXsrSD_8in_widthEERN3hls6streamIT0_74' <Predicate = (do_init)> <Delay = 0.00>
ST_1 : Operation 26 [1/1] (0.00ns)   --->   "%p_ZZN4nnet24compute_output_buffer_2dINS_5arrayI8ap_fixedILi16ELi6EL9ap_q_mode5EL9ap_o_mode3ELi0EELj4EEENS1_IS2_ILi39ELi19ELS3_5ELS4_3ELi0EELj4EEE7config4EEvRKT_PAsrT1_6n_chan_12ap_shift_regINSA_10value_typeEXsrSD_8in_widthEERN3hls6streamIT0_75 = load i16 %p_ZZN4nnet24compute_output_buffer_2dINS_5arrayI8ap_fixedILi16ELi6EL9ap_q_mode5EL9ap_o_mode3ELi0EELj4EEENS1_IS2_ILi39ELi19ELS3_5ELS4_3ELi0EELj4EEE7config4EEvRKT_PAsrT1_6n_chan_12ap_shift_regINSA_10value_typeEXsrSD_8in_widthEERN3hls6streamIT0_20"   --->   Operation 26 'load' 'p_ZZN4nnet24compute_output_buffer_2dINS_5arrayI8ap_fixedILi16ELi6EL9ap_q_mode5EL9ap_o_mode3ELi0EELj4EEENS1_IS2_ILi39ELi19ELS3_5ELS4_3ELi0EELj4EEE7config4EEvRKT_PAsrT1_6n_chan_12ap_shift_regINSA_10value_typeEXsrSD_8in_widthEERN3hls6streamIT0_75' <Predicate = (do_init)> <Delay = 0.00>
ST_1 : Operation 27 [1/1] (0.00ns)   --->   "%p_ZZN4nnet24compute_output_buffer_2dINS_5arrayI8ap_fixedILi16ELi6EL9ap_q_mode5EL9ap_o_mode3ELi0EELj4EEENS1_IS2_ILi39ELi19ELS3_5ELS4_3ELi0EELj4EEE7config4EEvRKT_PAsrT1_6n_chan_12ap_shift_regINSA_10value_typeEXsrSD_8in_widthEERN3hls6streamIT0_76 = load i16 %p_ZZN4nnet24compute_output_buffer_2dINS_5arrayI8ap_fixedILi16ELi6EL9ap_q_mode5EL9ap_o_mode3ELi0EELj4EEENS1_IS2_ILi39ELi19ELS3_5ELS4_3ELi0EELj4EEE7config4EEvRKT_PAsrT1_6n_chan_12ap_shift_regINSA_10value_typeEXsrSD_8in_widthEERN3hls6streamIT0_19"   --->   Operation 27 'load' 'p_ZZN4nnet24compute_output_buffer_2dINS_5arrayI8ap_fixedILi16ELi6EL9ap_q_mode5EL9ap_o_mode3ELi0EELj4EEENS1_IS2_ILi39ELi19ELS3_5ELS4_3ELi0EELj4EEE7config4EEvRKT_PAsrT1_6n_chan_12ap_shift_regINSA_10value_typeEXsrSD_8in_widthEERN3hls6streamIT0_76' <Predicate = (do_init)> <Delay = 0.00>
ST_1 : Operation 28 [1/1] (0.00ns)   --->   "%p_ZZN4nnet24compute_output_buffer_2dINS_5arrayI8ap_fixedILi16ELi6EL9ap_q_mode5EL9ap_o_mode3ELi0EELj4EEENS1_IS2_ILi39ELi19ELS3_5ELS4_3ELi0EELj4EEE7config4EEvRKT_PAsrT1_6n_chan_12ap_shift_regINSA_10value_typeEXsrSD_8in_widthEERN3hls6streamIT0_77 = load i16 %p_ZZN4nnet24compute_output_buffer_2dINS_5arrayI8ap_fixedILi16ELi6EL9ap_q_mode5EL9ap_o_mode3ELi0EELj4EEENS1_IS2_ILi39ELi19ELS3_5ELS4_3ELi0EELj4EEE7config4EEvRKT_PAsrT1_6n_chan_12ap_shift_regINSA_10value_typeEXsrSD_8in_widthEERN3hls6streamIT0_18"   --->   Operation 28 'load' 'p_ZZN4nnet24compute_output_buffer_2dINS_5arrayI8ap_fixedILi16ELi6EL9ap_q_mode5EL9ap_o_mode3ELi0EELj4EEENS1_IS2_ILi39ELi19ELS3_5ELS4_3ELi0EELj4EEE7config4EEvRKT_PAsrT1_6n_chan_12ap_shift_regINSA_10value_typeEXsrSD_8in_widthEERN3hls6streamIT0_77' <Predicate = (do_init)> <Delay = 0.00>
ST_1 : Operation 29 [1/1] (0.00ns)   --->   "%p_ZZN4nnet24compute_output_buffer_2dINS_5arrayI8ap_fixedILi16ELi6EL9ap_q_mode5EL9ap_o_mode3ELi0EELj4EEENS1_IS2_ILi39ELi19ELS3_5ELS4_3ELi0EELj4EEE7config4EEvRKT_PAsrT1_6n_chan_12ap_shift_regINSA_10value_typeEXsrSD_8in_widthEERN3hls6streamIT0_78 = load i16 %p_ZZN4nnet24compute_output_buffer_2dINS_5arrayI8ap_fixedILi16ELi6EL9ap_q_mode5EL9ap_o_mode3ELi0EELj4EEENS1_IS2_ILi39ELi19ELS3_5ELS4_3ELi0EELj4EEE7config4EEvRKT_PAsrT1_6n_chan_12ap_shift_regINSA_10value_typeEXsrSD_8in_widthEERN3hls6streamIT0_17"   --->   Operation 29 'load' 'p_ZZN4nnet24compute_output_buffer_2dINS_5arrayI8ap_fixedILi16ELi6EL9ap_q_mode5EL9ap_o_mode3ELi0EELj4EEENS1_IS2_ILi39ELi19ELS3_5ELS4_3ELi0EELj4EEE7config4EEvRKT_PAsrT1_6n_chan_12ap_shift_regINSA_10value_typeEXsrSD_8in_widthEERN3hls6streamIT0_78' <Predicate = (do_init)> <Delay = 0.00>
ST_1 : Operation 30 [1/1] (0.00ns)   --->   "%p_ZZN4nnet24compute_output_buffer_2dINS_5arrayI8ap_fixedILi16ELi6EL9ap_q_mode5EL9ap_o_mode3ELi0EELj4EEENS1_IS2_ILi39ELi19ELS3_5ELS4_3ELi0EELj4EEE7config4EEvRKT_PAsrT1_6n_chan_12ap_shift_regINSA_10value_typeEXsrSD_8in_widthEERN3hls6streamIT0_79 = load i16 %p_ZZN4nnet24compute_output_buffer_2dINS_5arrayI8ap_fixedILi16ELi6EL9ap_q_mode5EL9ap_o_mode3ELi0EELj4EEENS1_IS2_ILi39ELi19ELS3_5ELS4_3ELi0EELj4EEE7config4EEvRKT_PAsrT1_6n_chan_12ap_shift_regINSA_10value_typeEXsrSD_8in_widthEERN3hls6streamIT0_16"   --->   Operation 30 'load' 'p_ZZN4nnet24compute_output_buffer_2dINS_5arrayI8ap_fixedILi16ELi6EL9ap_q_mode5EL9ap_o_mode3ELi0EELj4EEENS1_IS2_ILi39ELi19ELS3_5ELS4_3ELi0EELj4EEE7config4EEvRKT_PAsrT1_6n_chan_12ap_shift_regINSA_10value_typeEXsrSD_8in_widthEERN3hls6streamIT0_79' <Predicate = (do_init)> <Delay = 0.00>
ST_1 : Operation 31 [1/1] (0.00ns)   --->   "%p_ZZN4nnet24compute_output_buffer_2dINS_5arrayI8ap_fixedILi16ELi6EL9ap_q_mode5EL9ap_o_mode3ELi0EELj4EEENS1_IS2_ILi39ELi19ELS3_5ELS4_3ELi0EELj4EEE7config4EEvRKT_PAsrT1_6n_chan_12ap_shift_regINSA_10value_typeEXsrSD_8in_widthEERN3hls6streamIT0_80 = load i16 %p_ZZN4nnet24compute_output_buffer_2dINS_5arrayI8ap_fixedILi16ELi6EL9ap_q_mode5EL9ap_o_mode3ELi0EELj4EEENS1_IS2_ILi39ELi19ELS3_5ELS4_3ELi0EELj4EEE7config4EEvRKT_PAsrT1_6n_chan_12ap_shift_regINSA_10value_typeEXsrSD_8in_widthEERN3hls6streamIT0_15"   --->   Operation 31 'load' 'p_ZZN4nnet24compute_output_buffer_2dINS_5arrayI8ap_fixedILi16ELi6EL9ap_q_mode5EL9ap_o_mode3ELi0EELj4EEENS1_IS2_ILi39ELi19ELS3_5ELS4_3ELi0EELj4EEE7config4EEvRKT_PAsrT1_6n_chan_12ap_shift_regINSA_10value_typeEXsrSD_8in_widthEERN3hls6streamIT0_80' <Predicate = (do_init)> <Delay = 0.00>
ST_1 : Operation 32 [1/1] (0.00ns)   --->   "%p_ZZN4nnet24compute_output_buffer_2dINS_5arrayI8ap_fixedILi16ELi6EL9ap_q_mode5EL9ap_o_mode3ELi0EELj4EEENS1_IS2_ILi39ELi19ELS3_5ELS4_3ELi0EELj4EEE7config4EEvRKT_PAsrT1_6n_chan_12ap_shift_regINSA_10value_typeEXsrSD_8in_widthEERN3hls6streamIT0_81 = load i16 %p_ZZN4nnet24compute_output_buffer_2dINS_5arrayI8ap_fixedILi16ELi6EL9ap_q_mode5EL9ap_o_mode3ELi0EELj4EEENS1_IS2_ILi39ELi19ELS3_5ELS4_3ELi0EELj4EEE7config4EEvRKT_PAsrT1_6n_chan_12ap_shift_regINSA_10value_typeEXsrSD_8in_widthEERN3hls6streamIT0_14"   --->   Operation 32 'load' 'p_ZZN4nnet24compute_output_buffer_2dINS_5arrayI8ap_fixedILi16ELi6EL9ap_q_mode5EL9ap_o_mode3ELi0EELj4EEENS1_IS2_ILi39ELi19ELS3_5ELS4_3ELi0EELj4EEE7config4EEvRKT_PAsrT1_6n_chan_12ap_shift_regINSA_10value_typeEXsrSD_8in_widthEERN3hls6streamIT0_81' <Predicate = (do_init)> <Delay = 0.00>
ST_1 : Operation 33 [1/1] (0.00ns)   --->   "%p_ZZN4nnet24compute_output_buffer_2dINS_5arrayI8ap_fixedILi16ELi6EL9ap_q_mode5EL9ap_o_mode3ELi0EELj4EEENS1_IS2_ILi39ELi19ELS3_5ELS4_3ELi0EELj4EEE7config4EEvRKT_PAsrT1_6n_chan_12ap_shift_regINSA_10value_typeEXsrSD_8in_widthEERN3hls6streamIT0_82 = load i16 %p_ZZN4nnet24compute_output_buffer_2dINS_5arrayI8ap_fixedILi16ELi6EL9ap_q_mode5EL9ap_o_mode3ELi0EELj4EEENS1_IS2_ILi39ELi19ELS3_5ELS4_3ELi0EELj4EEE7config4EEvRKT_PAsrT1_6n_chan_12ap_shift_regINSA_10value_typeEXsrSD_8in_widthEERN3hls6streamIT0_13"   --->   Operation 33 'load' 'p_ZZN4nnet24compute_output_buffer_2dINS_5arrayI8ap_fixedILi16ELi6EL9ap_q_mode5EL9ap_o_mode3ELi0EELj4EEENS1_IS2_ILi39ELi19ELS3_5ELS4_3ELi0EELj4EEE7config4EEvRKT_PAsrT1_6n_chan_12ap_shift_regINSA_10value_typeEXsrSD_8in_widthEERN3hls6streamIT0_82' <Predicate = (do_init)> <Delay = 0.00>
ST_1 : Operation 34 [1/1] (0.00ns)   --->   "%p_ZZN4nnet24compute_output_buffer_2dINS_5arrayI8ap_fixedILi16ELi6EL9ap_q_mode5EL9ap_o_mode3ELi0EELj4EEENS1_IS2_ILi39ELi19ELS3_5ELS4_3ELi0EELj4EEE7config4EEvRKT_PAsrT1_6n_chan_12ap_shift_regINSA_10value_typeEXsrSD_8in_widthEERN3hls6streamIT0_83 = load i16 %p_ZZN4nnet24compute_output_buffer_2dINS_5arrayI8ap_fixedILi16ELi6EL9ap_q_mode5EL9ap_o_mode3ELi0EELj4EEENS1_IS2_ILi39ELi19ELS3_5ELS4_3ELi0EELj4EEE7config4EEvRKT_PAsrT1_6n_chan_12ap_shift_regINSA_10value_typeEXsrSD_8in_widthEERN3hls6streamIT0_12"   --->   Operation 34 'load' 'p_ZZN4nnet24compute_output_buffer_2dINS_5arrayI8ap_fixedILi16ELi6EL9ap_q_mode5EL9ap_o_mode3ELi0EELj4EEENS1_IS2_ILi39ELi19ELS3_5ELS4_3ELi0EELj4EEE7config4EEvRKT_PAsrT1_6n_chan_12ap_shift_regINSA_10value_typeEXsrSD_8in_widthEERN3hls6streamIT0_83' <Predicate = (do_init)> <Delay = 0.00>
ST_1 : Operation 35 [1/1] (0.00ns)   --->   "%p_ZZN4nnet24compute_output_buffer_2dINS_5arrayI8ap_fixedILi16ELi6EL9ap_q_mode5EL9ap_o_mode3ELi0EELj4EEENS1_IS2_ILi39ELi19ELS3_5ELS4_3ELi0EELj4EEE7config4EEvRKT_PAsrT1_6n_chan_12ap_shift_regINSA_10value_typeEXsrSD_8in_widthEERN3hls6streamIT0_84 = load i16 %p_ZZN4nnet24compute_output_buffer_2dINS_5arrayI8ap_fixedILi16ELi6EL9ap_q_mode5EL9ap_o_mode3ELi0EELj4EEENS1_IS2_ILi39ELi19ELS3_5ELS4_3ELi0EELj4EEE7config4EEvRKT_PAsrT1_6n_chan_12ap_shift_regINSA_10value_typeEXsrSD_8in_widthEERN3hls6streamIT0_11"   --->   Operation 35 'load' 'p_ZZN4nnet24compute_output_buffer_2dINS_5arrayI8ap_fixedILi16ELi6EL9ap_q_mode5EL9ap_o_mode3ELi0EELj4EEENS1_IS2_ILi39ELi19ELS3_5ELS4_3ELi0EELj4EEE7config4EEvRKT_PAsrT1_6n_chan_12ap_shift_regINSA_10value_typeEXsrSD_8in_widthEERN3hls6streamIT0_84' <Predicate = (do_init)> <Delay = 0.00>
ST_1 : Operation 36 [1/1] (0.00ns)   --->   "%p_ZZN4nnet24compute_output_buffer_2dINS_5arrayI8ap_fixedILi16ELi6EL9ap_q_mode5EL9ap_o_mode3ELi0EELj4EEENS1_IS2_ILi39ELi19ELS3_5ELS4_3ELi0EELj4EEE7config4EEvRKT_PAsrT1_6n_chan_12ap_shift_regINSA_10value_typeEXsrSD_8in_widthEERN3hls6streamIT0_85 = load i16 %p_ZZN4nnet24compute_output_buffer_2dINS_5arrayI8ap_fixedILi16ELi6EL9ap_q_mode5EL9ap_o_mode3ELi0EELj4EEENS1_IS2_ILi39ELi19ELS3_5ELS4_3ELi0EELj4EEE7config4EEvRKT_PAsrT1_6n_chan_12ap_shift_regINSA_10value_typeEXsrSD_8in_widthEERN3hls6streamIT0_10"   --->   Operation 36 'load' 'p_ZZN4nnet24compute_output_buffer_2dINS_5arrayI8ap_fixedILi16ELi6EL9ap_q_mode5EL9ap_o_mode3ELi0EELj4EEENS1_IS2_ILi39ELi19ELS3_5ELS4_3ELi0EELj4EEE7config4EEvRKT_PAsrT1_6n_chan_12ap_shift_regINSA_10value_typeEXsrSD_8in_widthEERN3hls6streamIT0_85' <Predicate = (do_init)> <Delay = 0.00>
ST_1 : Operation 37 [1/1] (0.00ns)   --->   "%p_ZZN4nnet24compute_output_buffer_2dINS_5arrayI8ap_fixedILi16ELi6EL9ap_q_mode5EL9ap_o_mode3ELi0EELj4EEENS1_IS2_ILi39ELi19ELS3_5ELS4_3ELi0EELj4EEE7config4EEvRKT_PAsrT1_6n_chan_12ap_shift_regINSA_10value_typeEXsrSD_8in_widthEERN3hls6streamIT0_86 = load i16 %p_ZZN4nnet24compute_output_buffer_2dINS_5arrayI8ap_fixedILi16ELi6EL9ap_q_mode5EL9ap_o_mode3ELi0EELj4EEENS1_IS2_ILi39ELi19ELS3_5ELS4_3ELi0EELj4EEE7config4EEvRKT_PAsrT1_6n_chan_12ap_shift_regINSA_10value_typeEXsrSD_8in_widthEERN3hls6streamIT0_9"   --->   Operation 37 'load' 'p_ZZN4nnet24compute_output_buffer_2dINS_5arrayI8ap_fixedILi16ELi6EL9ap_q_mode5EL9ap_o_mode3ELi0EELj4EEENS1_IS2_ILi39ELi19ELS3_5ELS4_3ELi0EELj4EEE7config4EEvRKT_PAsrT1_6n_chan_12ap_shift_regINSA_10value_typeEXsrSD_8in_widthEERN3hls6streamIT0_86' <Predicate = (do_init)> <Delay = 0.00>
ST_1 : Operation 38 [1/1] (0.00ns)   --->   "%p_ZZN4nnet24compute_output_buffer_2dINS_5arrayI8ap_fixedILi16ELi6EL9ap_q_mode5EL9ap_o_mode3ELi0EELj4EEENS1_IS2_ILi39ELi19ELS3_5ELS4_3ELi0EELj4EEE7config4EEvRKT_PAsrT1_6n_chan_12ap_shift_regINSA_10value_typeEXsrSD_8in_widthEERN3hls6streamIT0_87 = load i16 %p_ZZN4nnet24compute_output_buffer_2dINS_5arrayI8ap_fixedILi16ELi6EL9ap_q_mode5EL9ap_o_mode3ELi0EELj4EEENS1_IS2_ILi39ELi19ELS3_5ELS4_3ELi0EELj4EEE7config4EEvRKT_PAsrT1_6n_chan_12ap_shift_regINSA_10value_typeEXsrSD_8in_widthEERN3hls6streamIT0_8"   --->   Operation 38 'load' 'p_ZZN4nnet24compute_output_buffer_2dINS_5arrayI8ap_fixedILi16ELi6EL9ap_q_mode5EL9ap_o_mode3ELi0EELj4EEENS1_IS2_ILi39ELi19ELS3_5ELS4_3ELi0EELj4EEE7config4EEvRKT_PAsrT1_6n_chan_12ap_shift_regINSA_10value_typeEXsrSD_8in_widthEERN3hls6streamIT0_87' <Predicate = (do_init)> <Delay = 0.00>
ST_1 : Operation 39 [1/1] (0.00ns)   --->   "%p_ZZN4nnet24compute_output_buffer_2dINS_5arrayI8ap_fixedILi16ELi6EL9ap_q_mode5EL9ap_o_mode3ELi0EELj4EEENS1_IS2_ILi39ELi19ELS3_5ELS4_3ELi0EELj4EEE7config4EEvRKT_PAsrT1_6n_chan_12ap_shift_regINSA_10value_typeEXsrSD_8in_widthEERN3hls6streamIT0_88 = load i16 %p_ZZN4nnet24compute_output_buffer_2dINS_5arrayI8ap_fixedILi16ELi6EL9ap_q_mode5EL9ap_o_mode3ELi0EELj4EEENS1_IS2_ILi39ELi19ELS3_5ELS4_3ELi0EELj4EEE7config4EEvRKT_PAsrT1_6n_chan_12ap_shift_regINSA_10value_typeEXsrSD_8in_widthEERN3hls6streamIT0_7"   --->   Operation 39 'load' 'p_ZZN4nnet24compute_output_buffer_2dINS_5arrayI8ap_fixedILi16ELi6EL9ap_q_mode5EL9ap_o_mode3ELi0EELj4EEENS1_IS2_ILi39ELi19ELS3_5ELS4_3ELi0EELj4EEE7config4EEvRKT_PAsrT1_6n_chan_12ap_shift_regINSA_10value_typeEXsrSD_8in_widthEERN3hls6streamIT0_88' <Predicate = (do_init)> <Delay = 0.00>
ST_1 : Operation 40 [1/1] (0.00ns)   --->   "%p_ZZN4nnet24compute_output_buffer_2dINS_5arrayI8ap_fixedILi16ELi6EL9ap_q_mode5EL9ap_o_mode3ELi0EELj4EEENS1_IS2_ILi39ELi19ELS3_5ELS4_3ELi0EELj4EEE7config4EEvRKT_PAsrT1_6n_chan_12ap_shift_regINSA_10value_typeEXsrSD_8in_widthEERN3hls6streamIT0_89 = load i16 %p_ZZN4nnet24compute_output_buffer_2dINS_5arrayI8ap_fixedILi16ELi6EL9ap_q_mode5EL9ap_o_mode3ELi0EELj4EEENS1_IS2_ILi39ELi19ELS3_5ELS4_3ELi0EELj4EEE7config4EEvRKT_PAsrT1_6n_chan_12ap_shift_regINSA_10value_typeEXsrSD_8in_widthEERN3hls6streamIT0_6"   --->   Operation 40 'load' 'p_ZZN4nnet24compute_output_buffer_2dINS_5arrayI8ap_fixedILi16ELi6EL9ap_q_mode5EL9ap_o_mode3ELi0EELj4EEENS1_IS2_ILi39ELi19ELS3_5ELS4_3ELi0EELj4EEE7config4EEvRKT_PAsrT1_6n_chan_12ap_shift_regINSA_10value_typeEXsrSD_8in_widthEERN3hls6streamIT0_89' <Predicate = (do_init)> <Delay = 0.00>
ST_1 : Operation 41 [1/1] (0.00ns)   --->   "%p_ZZN4nnet24compute_output_buffer_2dINS_5arrayI8ap_fixedILi16ELi6EL9ap_q_mode5EL9ap_o_mode3ELi0EELj4EEENS1_IS2_ILi39ELi19ELS3_5ELS4_3ELi0EELj4EEE7config4EEvRKT_PAsrT1_6n_chan_12ap_shift_regINSA_10value_typeEXsrSD_8in_widthEERN3hls6streamIT0_90 = load i16 %p_ZZN4nnet24compute_output_buffer_2dINS_5arrayI8ap_fixedILi16ELi6EL9ap_q_mode5EL9ap_o_mode3ELi0EELj4EEENS1_IS2_ILi39ELi19ELS3_5ELS4_3ELi0EELj4EEE7config4EEvRKT_PAsrT1_6n_chan_12ap_shift_regINSA_10value_typeEXsrSD_8in_widthEERN3hls6streamIT0_5"   --->   Operation 41 'load' 'p_ZZN4nnet24compute_output_buffer_2dINS_5arrayI8ap_fixedILi16ELi6EL9ap_q_mode5EL9ap_o_mode3ELi0EELj4EEENS1_IS2_ILi39ELi19ELS3_5ELS4_3ELi0EELj4EEE7config4EEvRKT_PAsrT1_6n_chan_12ap_shift_regINSA_10value_typeEXsrSD_8in_widthEERN3hls6streamIT0_90' <Predicate = (do_init)> <Delay = 0.00>
ST_1 : Operation 42 [1/1] (0.00ns)   --->   "%p_ZZN4nnet24compute_output_buffer_2dINS_5arrayI8ap_fixedILi16ELi6EL9ap_q_mode5EL9ap_o_mode3ELi0EELj4EEENS1_IS2_ILi39ELi19ELS3_5ELS4_3ELi0EELj4EEE7config4EEvRKT_PAsrT1_6n_chan_12ap_shift_regINSA_10value_typeEXsrSD_8in_widthEERN3hls6streamIT0_91 = load i16 %p_ZZN4nnet24compute_output_buffer_2dINS_5arrayI8ap_fixedILi16ELi6EL9ap_q_mode5EL9ap_o_mode3ELi0EELj4EEENS1_IS2_ILi39ELi19ELS3_5ELS4_3ELi0EELj4EEE7config4EEvRKT_PAsrT1_6n_chan_12ap_shift_regINSA_10value_typeEXsrSD_8in_widthEERN3hls6streamIT0_4"   --->   Operation 42 'load' 'p_ZZN4nnet24compute_output_buffer_2dINS_5arrayI8ap_fixedILi16ELi6EL9ap_q_mode5EL9ap_o_mode3ELi0EELj4EEENS1_IS2_ILi39ELi19ELS3_5ELS4_3ELi0EELj4EEE7config4EEvRKT_PAsrT1_6n_chan_12ap_shift_regINSA_10value_typeEXsrSD_8in_widthEERN3hls6streamIT0_91' <Predicate = (do_init)> <Delay = 0.00>
ST_1 : Operation 43 [1/1] (0.00ns)   --->   "%p_ZZN4nnet24compute_output_buffer_2dINS_5arrayI8ap_fixedILi16ELi6EL9ap_q_mode5EL9ap_o_mode3ELi0EELj4EEENS1_IS2_ILi39ELi19ELS3_5ELS4_3ELi0EELj4EEE7config4EEvRKT_PAsrT1_6n_chan_12ap_shift_regINSA_10value_typeEXsrSD_8in_widthEERN3hls6streamIT0_92 = load i16 %p_ZZN4nnet24compute_output_buffer_2dINS_5arrayI8ap_fixedILi16ELi6EL9ap_q_mode5EL9ap_o_mode3ELi0EELj4EEENS1_IS2_ILi39ELi19ELS3_5ELS4_3ELi0EELj4EEE7config4EEvRKT_PAsrT1_6n_chan_12ap_shift_regINSA_10value_typeEXsrSD_8in_widthEERN3hls6streamIT0_3"   --->   Operation 43 'load' 'p_ZZN4nnet24compute_output_buffer_2dINS_5arrayI8ap_fixedILi16ELi6EL9ap_q_mode5EL9ap_o_mode3ELi0EELj4EEENS1_IS2_ILi39ELi19ELS3_5ELS4_3ELi0EELj4EEE7config4EEvRKT_PAsrT1_6n_chan_12ap_shift_regINSA_10value_typeEXsrSD_8in_widthEERN3hls6streamIT0_92' <Predicate = (do_init)> <Delay = 0.00>
ST_1 : Operation 44 [1/1] (0.00ns)   --->   "%p_ZZN4nnet24compute_output_buffer_2dINS_5arrayI8ap_fixedILi16ELi6EL9ap_q_mode5EL9ap_o_mode3ELi0EELj4EEENS1_IS2_ILi39ELi19ELS3_5ELS4_3ELi0EELj4EEE7config4EEvRKT_PAsrT1_6n_chan_12ap_shift_regINSA_10value_typeEXsrSD_8in_widthEERN3hls6streamIT0_93 = load i16 %p_ZZN4nnet24compute_output_buffer_2dINS_5arrayI8ap_fixedILi16ELi6EL9ap_q_mode5EL9ap_o_mode3ELi0EELj4EEENS1_IS2_ILi39ELi19ELS3_5ELS4_3ELi0EELj4EEE7config4EEvRKT_PAsrT1_6n_chan_12ap_shift_regINSA_10value_typeEXsrSD_8in_widthEERN3hls6streamIT0_2"   --->   Operation 44 'load' 'p_ZZN4nnet24compute_output_buffer_2dINS_5arrayI8ap_fixedILi16ELi6EL9ap_q_mode5EL9ap_o_mode3ELi0EELj4EEENS1_IS2_ILi39ELi19ELS3_5ELS4_3ELi0EELj4EEE7config4EEvRKT_PAsrT1_6n_chan_12ap_shift_regINSA_10value_typeEXsrSD_8in_widthEERN3hls6streamIT0_93' <Predicate = (do_init)> <Delay = 0.00>
ST_1 : Operation 45 [1/1] (0.00ns)   --->   "%p_ZZN4nnet24compute_output_buffer_2dINS_5arrayI8ap_fixedILi16ELi6EL9ap_q_mode5EL9ap_o_mode3ELi0EELj4EEENS1_IS2_ILi39ELi19ELS3_5ELS4_3ELi0EELj4EEE7config4EEvRKT_PAsrT1_6n_chan_12ap_shift_regINSA_10value_typeEXsrSD_8in_widthEERN3hls6streamIT0_94 = load i16 %p_ZZN4nnet24compute_output_buffer_2dINS_5arrayI8ap_fixedILi16ELi6EL9ap_q_mode5EL9ap_o_mode3ELi0EELj4EEENS1_IS2_ILi39ELi19ELS3_5ELS4_3ELi0EELj4EEE7config4EEvRKT_PAsrT1_6n_chan_12ap_shift_regINSA_10value_typeEXsrSD_8in_widthEERN3hls6streamIT0_1"   --->   Operation 45 'load' 'p_ZZN4nnet24compute_output_buffer_2dINS_5arrayI8ap_fixedILi16ELi6EL9ap_q_mode5EL9ap_o_mode3ELi0EELj4EEENS1_IS2_ILi39ELi19ELS3_5ELS4_3ELi0EELj4EEE7config4EEvRKT_PAsrT1_6n_chan_12ap_shift_regINSA_10value_typeEXsrSD_8in_widthEERN3hls6streamIT0_94' <Predicate = (do_init)> <Delay = 0.00>
ST_1 : Operation 46 [1/1] (0.00ns)   --->   "%p_ZZN4nnet24compute_output_buffer_2dINS_5arrayI8ap_fixedILi16ELi6EL9ap_q_mode5EL9ap_o_mode3ELi0EELj4EEENS1_IS2_ILi39ELi19ELS3_5ELS4_3ELi0EELj4EEE7config4EEvRKT_PAsrT1_6n_chan_12ap_shift_regINSA_10value_typeEXsrSD_8in_widthEERN3hls6streamIT0_95 = load i16 %p_ZZN4nnet24compute_output_buffer_2dINS_5arrayI8ap_fixedILi16ELi6EL9ap_q_mode5EL9ap_o_mode3ELi0EELj4EEENS1_IS2_ILi39ELi19ELS3_5ELS4_3ELi0EELj4EEE7config4EEvRKT_PAsrT1_6n_chan_12ap_shift_regINSA_10value_typeEXsrSD_8in_widthEERN3hls6streamIT0_s"   --->   Operation 46 'load' 'p_ZZN4nnet24compute_output_buffer_2dINS_5arrayI8ap_fixedILi16ELi6EL9ap_q_mode5EL9ap_o_mode3ELi0EELj4EEENS1_IS2_ILi39ELi19ELS3_5ELS4_3ELi0EELj4EEE7config4EEvRKT_PAsrT1_6n_chan_12ap_shift_regINSA_10value_typeEXsrSD_8in_widthEERN3hls6streamIT0_95' <Predicate = (do_init)> <Delay = 0.00>
ST_1 : Operation 47 [1/1] (1.58ns)   --->   "%br_ln135 = br void %_ZN8ap_fixedILi16ELi6EL9ap_q_mode5EL9ap_o_mode3ELi0EEC2ILi32ELi12ELb1ELS0_5ELS1_3ELi0EEERK13ap_fixed_baseIXT_EXT0_EXT1_EXT2_EXT3_EXT4_EE.exit.split.i" [firmware/nnet_utils/nnet_dense_resource.h:135]   --->   Operation 47 'br' 'br_ln135' <Predicate = (do_init)> <Delay = 1.58>
ST_1 : Operation 48 [1/1] (0.00ns)   --->   "%zext_ln135 = zext i8 %w_index17" [firmware/nnet_utils/nnet_dense_resource.h:135]   --->   Operation 48 'zext' 'zext_ln135' <Predicate = true> <Delay = 0.00>
ST_1 : Operation 49 [1/1] (0.00ns)   --->   "%outidx_addr = getelementptr i2 %outidx, i64 0, i64 %zext_ln135" [firmware/nnet_utils/nnet_dense_resource.h:139]   --->   Operation 49 'getelementptr' 'outidx_addr' <Predicate = true> <Delay = 0.00>
ST_1 : Operation 50 [2/2] (2.32ns)   --->   "%out_index = load i8 %outidx_addr"   --->   Operation 50 'load' 'out_index' <Predicate = true> <Delay = 2.32> <CoreInst = "ROM">   --->   Core 95 'ROM' <Latency = 1> <II = 1> <Delay = 2.32> <Storage> <Opcode : 'load'> <Ports = 0> <Width = 2> <Depth = 144> <ROM>
ST_1 : Operation 51 [1/1] (0.00ns)   --->   "%w4_V_addr = getelementptr i12 %w4_V, i64 0, i64 %zext_ln135" [firmware/nnet_utils/nnet_dense_resource.h:135]   --->   Operation 51 'getelementptr' 'w4_V_addr' <Predicate = true> <Delay = 0.00>
ST_1 : Operation 52 [2/2] (3.25ns)   --->   "%w_V = load i8 %w4_V_addr" [firmware/nnet_utils/nnet_dense_resource.h:135]   --->   Operation 52 'load' 'w_V' <Predicate = true> <Delay = 3.25> <CoreInst = "ROM_nP_BRAM">   --->   Core 103 'ROM_nP_BRAM' <Latency = 1> <II = 1> <Delay = 3.25> <Storage> <Opcode : 'load'> <Ports = 0> <Width = 12> <Depth = 144> <ROM>
ST_1 : Operation 53 [1/1] (1.91ns)   --->   "%w_index = add i8 %w_index17, i8 1" [firmware/nnet_utils/nnet_dense_resource.h:135]   --->   Operation 53 'add' 'w_index' <Predicate = true> <Delay = 1.91> <CoreInst = "Adder">   --->   Core 1 'Adder' <Latency = 0> <II = 1> <Delay = 1.91> <FuncUnit> <Opcode : 'add' 'sub'> <InPorts = 2> <OutPorts = 1>
ST_1 : Operation 54 [1/1] (1.55ns)   --->   "%icmp_ln135 = icmp_eq  i8 %w_index17, i8 143" [firmware/nnet_utils/nnet_dense_resource.h:135]   --->   Operation 54 'icmp' 'icmp_ln135' <Predicate = true> <Delay = 1.55> <CoreInst = "Cmp">   --->   Core 9 'Cmp' <Latency = 0> <II = 1> <Delay = 2.47> <FuncUnit> <Opcode : 'icmp'> <InPorts = 2> <OutPorts = 1>
ST_1 : Operation 55 [1/1] (0.00ns)   --->   "%br_ln135 = br i1 %icmp_ln135, void %rewind_header, void %dense_resource_rf_gt_nin_rem0<ap_fixed<16, 6, 5, 3, 0>, ap_fixed<39, 19, 5, 3, 0>, config4_mult>.exit" [firmware/nnet_utils/nnet_dense_resource.h:135]   --->   Operation 55 'br' 'br_ln135' <Predicate = true> <Delay = 0.00>
ST_1 : Operation 56 [1/1] (0.00ns)   --->   "%br_ln0 = br void %rewind_header"   --->   Operation 56 'br' 'br_ln0' <Predicate = (icmp_ln135)> <Delay = 0.00>

State 2 <SV = 1> <Delay = 6.94>
ST_2 : Operation 57 [1/1] (0.00ns)   --->   "%p_ZZN4nnet24compute_output_buffer_2dINS_5arrayI8ap_fixedILi16ELi6EL9ap_q_mode5EL9ap_o_mode3ELi0EELj4EEENS1_IS2_ILi39ELi19ELS3_5ELS4_3ELi0EELj4EEE7config4EEvRKT_PAsrT1_6n_chan_12ap_shift_regINSA_10value_typeEXsrSD_8in_widthEERN3hls6streamIT0_96 = phi i16 0, void %entry, i16 %p_ZZN4nnet24compute_output_buffer_2dINS_5arrayI8ap_fixedILi16ELi6EL9ap_q_mode5EL9ap_o_mode3ELi0EELj4EEENS1_IS2_ILi39ELi19ELS3_5ELS4_3ELi0EELj4EEE7config4EEvRKT_PAsrT1_6n_chan_12ap_shift_regINSA_10value_typeEXsrSD_8in_widthEERN3hls6streamIT0_44, void %V32.i.i.i.i16.exit.i, i16 0, void %dense_resource_rf_gt_nin_rem0<ap_fixed<16, 6, 5, 3, 0>, ap_fixed<39, 19, 5, 3, 0>, config4_mult>.exit"   --->   Operation 57 'phi' 'p_ZZN4nnet24compute_output_buffer_2dINS_5arrayI8ap_fixedILi16ELi6EL9ap_q_mode5EL9ap_o_mode3ELi0EELj4EEENS1_IS2_ILi39ELi19ELS3_5ELS4_3ELi0EELj4EEE7config4EEvRKT_PAsrT1_6n_chan_12ap_shift_regINSA_10value_typeEXsrSD_8in_widthEERN3hls6streamIT0_96' <Predicate = true> <Delay = 0.00>
ST_2 : Operation 58 [1/1] (0.00ns)   --->   "%p_ZZN4nnet24compute_output_buffer_2dINS_5arrayI8ap_fixedILi16ELi6EL9ap_q_mode5EL9ap_o_mode3ELi0EELj4EEENS1_IS2_ILi39ELi19ELS3_5ELS4_3ELi0EELj4EEE7config4EEvRKT_PAsrT1_6n_chan_12ap_shift_regINSA_10value_typeEXsrSD_8in_widthEERN3hls6streamIT0_97 = phi i16 0, void %entry, i16 %p_ZZN4nnet24compute_output_buffer_2dINS_5arrayI8ap_fixedILi16ELi6EL9ap_q_mode5EL9ap_o_mode3ELi0EELj4EEENS1_IS2_ILi39ELi19ELS3_5ELS4_3ELi0EELj4EEE7config4EEvRKT_PAsrT1_6n_chan_12ap_shift_regINSA_10value_typeEXsrSD_8in_widthEERN3hls6streamIT0_45, void %V32.i.i.i.i16.exit.i, i16 0, void %dense_resource_rf_gt_nin_rem0<ap_fixed<16, 6, 5, 3, 0>, ap_fixed<39, 19, 5, 3, 0>, config4_mult>.exit"   --->   Operation 58 'phi' 'p_ZZN4nnet24compute_output_buffer_2dINS_5arrayI8ap_fixedILi16ELi6EL9ap_q_mode5EL9ap_o_mode3ELi0EELj4EEENS1_IS2_ILi39ELi19ELS3_5ELS4_3ELi0EELj4EEE7config4EEvRKT_PAsrT1_6n_chan_12ap_shift_regINSA_10value_typeEXsrSD_8in_widthEERN3hls6streamIT0_97' <Predicate = true> <Delay = 0.00>
ST_2 : Operation 59 [1/1] (0.00ns)   --->   "%p_ZZN4nnet24compute_output_buffer_2dINS_5arrayI8ap_fixedILi16ELi6EL9ap_q_mode5EL9ap_o_mode3ELi0EELj4EEENS1_IS2_ILi39ELi19ELS3_5ELS4_3ELi0EELj4EEE7config4EEvRKT_PAsrT1_6n_chan_12ap_shift_regINSA_10value_typeEXsrSD_8in_widthEERN3hls6streamIT0_98 = phi i16 0, void %entry, i16 %p_ZZN4nnet24compute_output_buffer_2dINS_5arrayI8ap_fixedILi16ELi6EL9ap_q_mode5EL9ap_o_mode3ELi0EELj4EEENS1_IS2_ILi39ELi19ELS3_5ELS4_3ELi0EELj4EEE7config4EEvRKT_PAsrT1_6n_chan_12ap_shift_regINSA_10value_typeEXsrSD_8in_widthEERN3hls6streamIT0_46, void %V32.i.i.i.i16.exit.i, i16 0, void %dense_resource_rf_gt_nin_rem0<ap_fixed<16, 6, 5, 3, 0>, ap_fixed<39, 19, 5, 3, 0>, config4_mult>.exit"   --->   Operation 59 'phi' 'p_ZZN4nnet24compute_output_buffer_2dINS_5arrayI8ap_fixedILi16ELi6EL9ap_q_mode5EL9ap_o_mode3ELi0EELj4EEENS1_IS2_ILi39ELi19ELS3_5ELS4_3ELi0EELj4EEE7config4EEvRKT_PAsrT1_6n_chan_12ap_shift_regINSA_10value_typeEXsrSD_8in_widthEERN3hls6streamIT0_98' <Predicate = true> <Delay = 0.00>
ST_2 : Operation 60 [1/1] (0.00ns)   --->   "%p_ZZN4nnet24compute_output_buffer_2dINS_5arrayI8ap_fixedILi16ELi6EL9ap_q_mode5EL9ap_o_mode3ELi0EELj4EEENS1_IS2_ILi39ELi19ELS3_5ELS4_3ELi0EELj4EEE7config4EEvRKT_PAsrT1_6n_chan_12ap_shift_regINSA_10value_typeEXsrSD_8in_widthEERN3hls6streamIT0_99 = phi i16 0, void %entry, i16 %p_ZZN4nnet24compute_output_buffer_2dINS_5arrayI8ap_fixedILi16ELi6EL9ap_q_mode5EL9ap_o_mode3ELi0EELj4EEENS1_IS2_ILi39ELi19ELS3_5ELS4_3ELi0EELj4EEE7config4EEvRKT_PAsrT1_6n_chan_12ap_shift_regINSA_10value_typeEXsrSD_8in_widthEERN3hls6streamIT0_47, void %V32.i.i.i.i16.exit.i, i16 0, void %dense_resource_rf_gt_nin_rem0<ap_fixed<16, 6, 5, 3, 0>, ap_fixed<39, 19, 5, 3, 0>, config4_mult>.exit"   --->   Operation 60 'phi' 'p_ZZN4nnet24compute_output_buffer_2dINS_5arrayI8ap_fixedILi16ELi6EL9ap_q_mode5EL9ap_o_mode3ELi0EELj4EEENS1_IS2_ILi39ELi19ELS3_5ELS4_3ELi0EELj4EEE7config4EEvRKT_PAsrT1_6n_chan_12ap_shift_regINSA_10value_typeEXsrSD_8in_widthEERN3hls6streamIT0_99' <Predicate = true> <Delay = 0.00>
ST_2 : Operation 61 [1/1] (0.00ns)   --->   "%p_ZZN4nnet24compute_output_buffer_2dINS_5arrayI8ap_fixedILi16ELi6EL9ap_q_mode5EL9ap_o_mode3ELi0EELj4EEENS1_IS2_ILi39ELi19ELS3_5ELS4_3ELi0EELj4EEE7config4EEvRKT_PAsrT1_6n_chan_12ap_shift_regINSA_10value_typeEXsrSD_8in_widthEERN3hls6streamIT0_100 = phi i16 0, void %entry, i16 %p_ZZN4nnet24compute_output_buffer_2dINS_5arrayI8ap_fixedILi16ELi6EL9ap_q_mode5EL9ap_o_mode3ELi0EELj4EEENS1_IS2_ILi39ELi19ELS3_5ELS4_3ELi0EELj4EEE7config4EEvRKT_PAsrT1_6n_chan_12ap_shift_regINSA_10value_typeEXsrSD_8in_widthEERN3hls6streamIT0_48, void %V32.i.i.i.i16.exit.i, i16 0, void %dense_resource_rf_gt_nin_rem0<ap_fixed<16, 6, 5, 3, 0>, ap_fixed<39, 19, 5, 3, 0>, config4_mult>.exit"   --->   Operation 61 'phi' 'p_ZZN4nnet24compute_output_buffer_2dINS_5arrayI8ap_fixedILi16ELi6EL9ap_q_mode5EL9ap_o_mode3ELi0EELj4EEENS1_IS2_ILi39ELi19ELS3_5ELS4_3ELi0EELj4EEE7config4EEvRKT_PAsrT1_6n_chan_12ap_shift_regINSA_10value_typeEXsrSD_8in_widthEERN3hls6streamIT0_100' <Predicate = true> <Delay = 0.00>
ST_2 : Operation 62 [1/1] (0.00ns)   --->   "%p_ZZN4nnet24compute_output_buffer_2dINS_5arrayI8ap_fixedILi16ELi6EL9ap_q_mode5EL9ap_o_mode3ELi0EELj4EEENS1_IS2_ILi39ELi19ELS3_5ELS4_3ELi0EELj4EEE7config4EEvRKT_PAsrT1_6n_chan_12ap_shift_regINSA_10value_typeEXsrSD_8in_widthEERN3hls6streamIT0_101 = phi i16 0, void %entry, i16 %p_ZZN4nnet24compute_output_buffer_2dINS_5arrayI8ap_fixedILi16ELi6EL9ap_q_mode5EL9ap_o_mode3ELi0EELj4EEENS1_IS2_ILi39ELi19ELS3_5ELS4_3ELi0EELj4EEE7config4EEvRKT_PAsrT1_6n_chan_12ap_shift_regINSA_10value_typeEXsrSD_8in_widthEERN3hls6streamIT0_49, void %V32.i.i.i.i16.exit.i, i16 0, void %dense_resource_rf_gt_nin_rem0<ap_fixed<16, 6, 5, 3, 0>, ap_fixed<39, 19, 5, 3, 0>, config4_mult>.exit"   --->   Operation 62 'phi' 'p_ZZN4nnet24compute_output_buffer_2dINS_5arrayI8ap_fixedILi16ELi6EL9ap_q_mode5EL9ap_o_mode3ELi0EELj4EEENS1_IS2_ILi39ELi19ELS3_5ELS4_3ELi0EELj4EEE7config4EEvRKT_PAsrT1_6n_chan_12ap_shift_regINSA_10value_typeEXsrSD_8in_widthEERN3hls6streamIT0_101' <Predicate = true> <Delay = 0.00>
ST_2 : Operation 63 [1/1] (0.00ns)   --->   "%p_ZZN4nnet24compute_output_buffer_2dINS_5arrayI8ap_fixedILi16ELi6EL9ap_q_mode5EL9ap_o_mode3ELi0EELj4EEENS1_IS2_ILi39ELi19ELS3_5ELS4_3ELi0EELj4EEE7config4EEvRKT_PAsrT1_6n_chan_12ap_shift_regINSA_10value_typeEXsrSD_8in_widthEERN3hls6streamIT0_102 = phi i16 0, void %entry, i16 %p_ZZN4nnet24compute_output_buffer_2dINS_5arrayI8ap_fixedILi16ELi6EL9ap_q_mode5EL9ap_o_mode3ELi0EELj4EEENS1_IS2_ILi39ELi19ELS3_5ELS4_3ELi0EELj4EEE7config4EEvRKT_PAsrT1_6n_chan_12ap_shift_regINSA_10value_typeEXsrSD_8in_widthEERN3hls6streamIT0_50, void %V32.i.i.i.i16.exit.i, i16 0, void %dense_resource_rf_gt_nin_rem0<ap_fixed<16, 6, 5, 3, 0>, ap_fixed<39, 19, 5, 3, 0>, config4_mult>.exit"   --->   Operation 63 'phi' 'p_ZZN4nnet24compute_output_buffer_2dINS_5arrayI8ap_fixedILi16ELi6EL9ap_q_mode5EL9ap_o_mode3ELi0EELj4EEENS1_IS2_ILi39ELi19ELS3_5ELS4_3ELi0EELj4EEE7config4EEvRKT_PAsrT1_6n_chan_12ap_shift_regINSA_10value_typeEXsrSD_8in_widthEERN3hls6streamIT0_102' <Predicate = true> <Delay = 0.00>
ST_2 : Operation 64 [1/1] (0.00ns)   --->   "%p_ZZN4nnet24compute_output_buffer_2dINS_5arrayI8ap_fixedILi16ELi6EL9ap_q_mode5EL9ap_o_mode3ELi0EELj4EEENS1_IS2_ILi39ELi19ELS3_5ELS4_3ELi0EELj4EEE7config4EEvRKT_PAsrT1_6n_chan_12ap_shift_regINSA_10value_typeEXsrSD_8in_widthEERN3hls6streamIT0_103 = phi i16 0, void %entry, i16 %p_ZZN4nnet24compute_output_buffer_2dINS_5arrayI8ap_fixedILi16ELi6EL9ap_q_mode5EL9ap_o_mode3ELi0EELj4EEENS1_IS2_ILi39ELi19ELS3_5ELS4_3ELi0EELj4EEE7config4EEvRKT_PAsrT1_6n_chan_12ap_shift_regINSA_10value_typeEXsrSD_8in_widthEERN3hls6streamIT0_51, void %V32.i.i.i.i16.exit.i, i16 0, void %dense_resource_rf_gt_nin_rem0<ap_fixed<16, 6, 5, 3, 0>, ap_fixed<39, 19, 5, 3, 0>, config4_mult>.exit"   --->   Operation 64 'phi' 'p_ZZN4nnet24compute_output_buffer_2dINS_5arrayI8ap_fixedILi16ELi6EL9ap_q_mode5EL9ap_o_mode3ELi0EELj4EEENS1_IS2_ILi39ELi19ELS3_5ELS4_3ELi0EELj4EEE7config4EEvRKT_PAsrT1_6n_chan_12ap_shift_regINSA_10value_typeEXsrSD_8in_widthEERN3hls6streamIT0_103' <Predicate = true> <Delay = 0.00>
ST_2 : Operation 65 [1/1] (0.00ns)   --->   "%p_ZZN4nnet24compute_output_buffer_2dINS_5arrayI8ap_fixedILi16ELi6EL9ap_q_mode5EL9ap_o_mode3ELi0EELj4EEENS1_IS2_ILi39ELi19ELS3_5ELS4_3ELi0EELj4EEE7config4EEvRKT_PAsrT1_6n_chan_12ap_shift_regINSA_10value_typeEXsrSD_8in_widthEERN3hls6streamIT0_104 = phi i16 0, void %entry, i16 %p_ZZN4nnet24compute_output_buffer_2dINS_5arrayI8ap_fixedILi16ELi6EL9ap_q_mode5EL9ap_o_mode3ELi0EELj4EEENS1_IS2_ILi39ELi19ELS3_5ELS4_3ELi0EELj4EEE7config4EEvRKT_PAsrT1_6n_chan_12ap_shift_regINSA_10value_typeEXsrSD_8in_widthEERN3hls6streamIT0_52, void %V32.i.i.i.i16.exit.i, i16 0, void %dense_resource_rf_gt_nin_rem0<ap_fixed<16, 6, 5, 3, 0>, ap_fixed<39, 19, 5, 3, 0>, config4_mult>.exit"   --->   Operation 65 'phi' 'p_ZZN4nnet24compute_output_buffer_2dINS_5arrayI8ap_fixedILi16ELi6EL9ap_q_mode5EL9ap_o_mode3ELi0EELj4EEENS1_IS2_ILi39ELi19ELS3_5ELS4_3ELi0EELj4EEE7config4EEvRKT_PAsrT1_6n_chan_12ap_shift_regINSA_10value_typeEXsrSD_8in_widthEERN3hls6streamIT0_104' <Predicate = true> <Delay = 0.00>
ST_2 : Operation 66 [1/1] (0.00ns)   --->   "%p_ZZN4nnet24compute_output_buffer_2dINS_5arrayI8ap_fixedILi16ELi6EL9ap_q_mode5EL9ap_o_mode3ELi0EELj4EEENS1_IS2_ILi39ELi19ELS3_5ELS4_3ELi0EELj4EEE7config4EEvRKT_PAsrT1_6n_chan_12ap_shift_regINSA_10value_typeEXsrSD_8in_widthEERN3hls6streamIT0_105 = phi i16 0, void %entry, i16 %p_ZZN4nnet24compute_output_buffer_2dINS_5arrayI8ap_fixedILi16ELi6EL9ap_q_mode5EL9ap_o_mode3ELi0EELj4EEENS1_IS2_ILi39ELi19ELS3_5ELS4_3ELi0EELj4EEE7config4EEvRKT_PAsrT1_6n_chan_12ap_shift_regINSA_10value_typeEXsrSD_8in_widthEERN3hls6streamIT0_53, void %V32.i.i.i.i16.exit.i, i16 0, void %dense_resource_rf_gt_nin_rem0<ap_fixed<16, 6, 5, 3, 0>, ap_fixed<39, 19, 5, 3, 0>, config4_mult>.exit"   --->   Operation 66 'phi' 'p_ZZN4nnet24compute_output_buffer_2dINS_5arrayI8ap_fixedILi16ELi6EL9ap_q_mode5EL9ap_o_mode3ELi0EELj4EEENS1_IS2_ILi39ELi19ELS3_5ELS4_3ELi0EELj4EEE7config4EEvRKT_PAsrT1_6n_chan_12ap_shift_regINSA_10value_typeEXsrSD_8in_widthEERN3hls6streamIT0_105' <Predicate = true> <Delay = 0.00>
ST_2 : Operation 67 [1/1] (0.00ns)   --->   "%p_ZZN4nnet24compute_output_buffer_2dINS_5arrayI8ap_fixedILi16ELi6EL9ap_q_mode5EL9ap_o_mode3ELi0EELj4EEENS1_IS2_ILi39ELi19ELS3_5ELS4_3ELi0EELj4EEE7config4EEvRKT_PAsrT1_6n_chan_12ap_shift_regINSA_10value_typeEXsrSD_8in_widthEERN3hls6streamIT0_106 = phi i16 0, void %entry, i16 %p_ZZN4nnet24compute_output_buffer_2dINS_5arrayI8ap_fixedILi16ELi6EL9ap_q_mode5EL9ap_o_mode3ELi0EELj4EEENS1_IS2_ILi39ELi19ELS3_5ELS4_3ELi0EELj4EEE7config4EEvRKT_PAsrT1_6n_chan_12ap_shift_regINSA_10value_typeEXsrSD_8in_widthEERN3hls6streamIT0_54, void %V32.i.i.i.i16.exit.i, i16 0, void %dense_resource_rf_gt_nin_rem0<ap_fixed<16, 6, 5, 3, 0>, ap_fixed<39, 19, 5, 3, 0>, config4_mult>.exit"   --->   Operation 67 'phi' 'p_ZZN4nnet24compute_output_buffer_2dINS_5arrayI8ap_fixedILi16ELi6EL9ap_q_mode5EL9ap_o_mode3ELi0EELj4EEENS1_IS2_ILi39ELi19ELS3_5ELS4_3ELi0EELj4EEE7config4EEvRKT_PAsrT1_6n_chan_12ap_shift_regINSA_10value_typeEXsrSD_8in_widthEERN3hls6streamIT0_106' <Predicate = true> <Delay = 0.00>
ST_2 : Operation 68 [1/1] (0.00ns)   --->   "%p_ZZN4nnet24compute_output_buffer_2dINS_5arrayI8ap_fixedILi16ELi6EL9ap_q_mode5EL9ap_o_mode3ELi0EELj4EEENS1_IS2_ILi39ELi19ELS3_5ELS4_3ELi0EELj4EEE7config4EEvRKT_PAsrT1_6n_chan_12ap_shift_regINSA_10value_typeEXsrSD_8in_widthEERN3hls6streamIT0_107 = phi i16 0, void %entry, i16 %p_ZZN4nnet24compute_output_buffer_2dINS_5arrayI8ap_fixedILi16ELi6EL9ap_q_mode5EL9ap_o_mode3ELi0EELj4EEENS1_IS2_ILi39ELi19ELS3_5ELS4_3ELi0EELj4EEE7config4EEvRKT_PAsrT1_6n_chan_12ap_shift_regINSA_10value_typeEXsrSD_8in_widthEERN3hls6streamIT0_55, void %V32.i.i.i.i16.exit.i, i16 0, void %dense_resource_rf_gt_nin_rem0<ap_fixed<16, 6, 5, 3, 0>, ap_fixed<39, 19, 5, 3, 0>, config4_mult>.exit"   --->   Operation 68 'phi' 'p_ZZN4nnet24compute_output_buffer_2dINS_5arrayI8ap_fixedILi16ELi6EL9ap_q_mode5EL9ap_o_mode3ELi0EELj4EEENS1_IS2_ILi39ELi19ELS3_5ELS4_3ELi0EELj4EEE7config4EEvRKT_PAsrT1_6n_chan_12ap_shift_regINSA_10value_typeEXsrSD_8in_widthEERN3hls6streamIT0_107' <Predicate = true> <Delay = 0.00>
ST_2 : Operation 69 [1/1] (0.00ns)   --->   "%p_ZZN4nnet24compute_output_buffer_2dINS_5arrayI8ap_fixedILi16ELi6EL9ap_q_mode5EL9ap_o_mode3ELi0EELj4EEENS1_IS2_ILi39ELi19ELS3_5ELS4_3ELi0EELj4EEE7config4EEvRKT_PAsrT1_6n_chan_12ap_shift_regINSA_10value_typeEXsrSD_8in_widthEERN3hls6streamIT0_108 = phi i16 0, void %entry, i16 %p_ZZN4nnet24compute_output_buffer_2dINS_5arrayI8ap_fixedILi16ELi6EL9ap_q_mode5EL9ap_o_mode3ELi0EELj4EEENS1_IS2_ILi39ELi19ELS3_5ELS4_3ELi0EELj4EEE7config4EEvRKT_PAsrT1_6n_chan_12ap_shift_regINSA_10value_typeEXsrSD_8in_widthEERN3hls6streamIT0_56, void %V32.i.i.i.i16.exit.i, i16 0, void %dense_resource_rf_gt_nin_rem0<ap_fixed<16, 6, 5, 3, 0>, ap_fixed<39, 19, 5, 3, 0>, config4_mult>.exit"   --->   Operation 69 'phi' 'p_ZZN4nnet24compute_output_buffer_2dINS_5arrayI8ap_fixedILi16ELi6EL9ap_q_mode5EL9ap_o_mode3ELi0EELj4EEENS1_IS2_ILi39ELi19ELS3_5ELS4_3ELi0EELj4EEE7config4EEvRKT_PAsrT1_6n_chan_12ap_shift_regINSA_10value_typeEXsrSD_8in_widthEERN3hls6streamIT0_108' <Predicate = true> <Delay = 0.00>
ST_2 : Operation 70 [1/1] (0.00ns)   --->   "%p_ZZN4nnet24compute_output_buffer_2dINS_5arrayI8ap_fixedILi16ELi6EL9ap_q_mode5EL9ap_o_mode3ELi0EELj4EEENS1_IS2_ILi39ELi19ELS3_5ELS4_3ELi0EELj4EEE7config4EEvRKT_PAsrT1_6n_chan_12ap_shift_regINSA_10value_typeEXsrSD_8in_widthEERN3hls6streamIT0_109 = phi i16 0, void %entry, i16 %p_ZZN4nnet24compute_output_buffer_2dINS_5arrayI8ap_fixedILi16ELi6EL9ap_q_mode5EL9ap_o_mode3ELi0EELj4EEENS1_IS2_ILi39ELi19ELS3_5ELS4_3ELi0EELj4EEE7config4EEvRKT_PAsrT1_6n_chan_12ap_shift_regINSA_10value_typeEXsrSD_8in_widthEERN3hls6streamIT0_57, void %V32.i.i.i.i16.exit.i, i16 0, void %dense_resource_rf_gt_nin_rem0<ap_fixed<16, 6, 5, 3, 0>, ap_fixed<39, 19, 5, 3, 0>, config4_mult>.exit"   --->   Operation 70 'phi' 'p_ZZN4nnet24compute_output_buffer_2dINS_5arrayI8ap_fixedILi16ELi6EL9ap_q_mode5EL9ap_o_mode3ELi0EELj4EEENS1_IS2_ILi39ELi19ELS3_5ELS4_3ELi0EELj4EEE7config4EEvRKT_PAsrT1_6n_chan_12ap_shift_regINSA_10value_typeEXsrSD_8in_widthEERN3hls6streamIT0_109' <Predicate = true> <Delay = 0.00>
ST_2 : Operation 71 [1/1] (0.00ns)   --->   "%p_ZZN4nnet24compute_output_buffer_2dINS_5arrayI8ap_fixedILi16ELi6EL9ap_q_mode5EL9ap_o_mode3ELi0EELj4EEENS1_IS2_ILi39ELi19ELS3_5ELS4_3ELi0EELj4EEE7config4EEvRKT_PAsrT1_6n_chan_12ap_shift_regINSA_10value_typeEXsrSD_8in_widthEERN3hls6streamIT0_110 = phi i16 0, void %entry, i16 %p_ZZN4nnet24compute_output_buffer_2dINS_5arrayI8ap_fixedILi16ELi6EL9ap_q_mode5EL9ap_o_mode3ELi0EELj4EEENS1_IS2_ILi39ELi19ELS3_5ELS4_3ELi0EELj4EEE7config4EEvRKT_PAsrT1_6n_chan_12ap_shift_regINSA_10value_typeEXsrSD_8in_widthEERN3hls6streamIT0_58, void %V32.i.i.i.i16.exit.i, i16 0, void %dense_resource_rf_gt_nin_rem0<ap_fixed<16, 6, 5, 3, 0>, ap_fixed<39, 19, 5, 3, 0>, config4_mult>.exit"   --->   Operation 71 'phi' 'p_ZZN4nnet24compute_output_buffer_2dINS_5arrayI8ap_fixedILi16ELi6EL9ap_q_mode5EL9ap_o_mode3ELi0EELj4EEENS1_IS2_ILi39ELi19ELS3_5ELS4_3ELi0EELj4EEE7config4EEvRKT_PAsrT1_6n_chan_12ap_shift_regINSA_10value_typeEXsrSD_8in_widthEERN3hls6streamIT0_110' <Predicate = true> <Delay = 0.00>
ST_2 : Operation 72 [1/1] (0.00ns)   --->   "%p_ZZN4nnet24compute_output_buffer_2dINS_5arrayI8ap_fixedILi16ELi6EL9ap_q_mode5EL9ap_o_mode3ELi0EELj4EEENS1_IS2_ILi39ELi19ELS3_5ELS4_3ELi0EELj4EEE7config4EEvRKT_PAsrT1_6n_chan_12ap_shift_regINSA_10value_typeEXsrSD_8in_widthEERN3hls6streamIT0_111 = phi i16 0, void %entry, i16 %p_ZZN4nnet24compute_output_buffer_2dINS_5arrayI8ap_fixedILi16ELi6EL9ap_q_mode5EL9ap_o_mode3ELi0EELj4EEENS1_IS2_ILi39ELi19ELS3_5ELS4_3ELi0EELj4EEE7config4EEvRKT_PAsrT1_6n_chan_12ap_shift_regINSA_10value_typeEXsrSD_8in_widthEERN3hls6streamIT0_59, void %V32.i.i.i.i16.exit.i, i16 0, void %dense_resource_rf_gt_nin_rem0<ap_fixed<16, 6, 5, 3, 0>, ap_fixed<39, 19, 5, 3, 0>, config4_mult>.exit"   --->   Operation 72 'phi' 'p_ZZN4nnet24compute_output_buffer_2dINS_5arrayI8ap_fixedILi16ELi6EL9ap_q_mode5EL9ap_o_mode3ELi0EELj4EEENS1_IS2_ILi39ELi19ELS3_5ELS4_3ELi0EELj4EEE7config4EEvRKT_PAsrT1_6n_chan_12ap_shift_regINSA_10value_typeEXsrSD_8in_widthEERN3hls6streamIT0_111' <Predicate = true> <Delay = 0.00>
ST_2 : Operation 73 [1/1] (0.00ns)   --->   "%p_ZZN4nnet24compute_output_buffer_2dINS_5arrayI8ap_fixedILi16ELi6EL9ap_q_mode5EL9ap_o_mode3ELi0EELj4EEENS1_IS2_ILi39ELi19ELS3_5ELS4_3ELi0EELj4EEE7config4EEvRKT_PAsrT1_6n_chan_12ap_shift_regINSA_10value_typeEXsrSD_8in_widthEERN3hls6streamIT0_112 = phi i16 0, void %entry, i16 %p_ZZN4nnet24compute_output_buffer_2dINS_5arrayI8ap_fixedILi16ELi6EL9ap_q_mode5EL9ap_o_mode3ELi0EELj4EEENS1_IS2_ILi39ELi19ELS3_5ELS4_3ELi0EELj4EEE7config4EEvRKT_PAsrT1_6n_chan_12ap_shift_regINSA_10value_typeEXsrSD_8in_widthEERN3hls6streamIT0_60, void %V32.i.i.i.i16.exit.i, i16 0, void %dense_resource_rf_gt_nin_rem0<ap_fixed<16, 6, 5, 3, 0>, ap_fixed<39, 19, 5, 3, 0>, config4_mult>.exit"   --->   Operation 73 'phi' 'p_ZZN4nnet24compute_output_buffer_2dINS_5arrayI8ap_fixedILi16ELi6EL9ap_q_mode5EL9ap_o_mode3ELi0EELj4EEENS1_IS2_ILi39ELi19ELS3_5ELS4_3ELi0EELj4EEE7config4EEvRKT_PAsrT1_6n_chan_12ap_shift_regINSA_10value_typeEXsrSD_8in_widthEERN3hls6streamIT0_112' <Predicate = true> <Delay = 0.00>
ST_2 : Operation 74 [1/1] (0.00ns)   --->   "%p_ZZN4nnet24compute_output_buffer_2dINS_5arrayI8ap_fixedILi16ELi6EL9ap_q_mode5EL9ap_o_mode3ELi0EELj4EEENS1_IS2_ILi39ELi19ELS3_5ELS4_3ELi0EELj4EEE7config4EEvRKT_PAsrT1_6n_chan_12ap_shift_regINSA_10value_typeEXsrSD_8in_widthEERN3hls6streamIT0_113 = phi i16 0, void %entry, i16 %p_ZZN4nnet24compute_output_buffer_2dINS_5arrayI8ap_fixedILi16ELi6EL9ap_q_mode5EL9ap_o_mode3ELi0EELj4EEENS1_IS2_ILi39ELi19ELS3_5ELS4_3ELi0EELj4EEE7config4EEvRKT_PAsrT1_6n_chan_12ap_shift_regINSA_10value_typeEXsrSD_8in_widthEERN3hls6streamIT0_61, void %V32.i.i.i.i16.exit.i, i16 0, void %dense_resource_rf_gt_nin_rem0<ap_fixed<16, 6, 5, 3, 0>, ap_fixed<39, 19, 5, 3, 0>, config4_mult>.exit"   --->   Operation 74 'phi' 'p_ZZN4nnet24compute_output_buffer_2dINS_5arrayI8ap_fixedILi16ELi6EL9ap_q_mode5EL9ap_o_mode3ELi0EELj4EEENS1_IS2_ILi39ELi19ELS3_5ELS4_3ELi0EELj4EEE7config4EEvRKT_PAsrT1_6n_chan_12ap_shift_regINSA_10value_typeEXsrSD_8in_widthEERN3hls6streamIT0_113' <Predicate = true> <Delay = 0.00>
ST_2 : Operation 75 [1/1] (0.00ns)   --->   "%p_ZZN4nnet24compute_output_buffer_2dINS_5arrayI8ap_fixedILi16ELi6EL9ap_q_mode5EL9ap_o_mode3ELi0EELj4EEENS1_IS2_ILi39ELi19ELS3_5ELS4_3ELi0EELj4EEE7config4EEvRKT_PAsrT1_6n_chan_12ap_shift_regINSA_10value_typeEXsrSD_8in_widthEERN3hls6streamIT0_114 = phi i16 0, void %entry, i16 %p_ZZN4nnet24compute_output_buffer_2dINS_5arrayI8ap_fixedILi16ELi6EL9ap_q_mode5EL9ap_o_mode3ELi0EELj4EEENS1_IS2_ILi39ELi19ELS3_5ELS4_3ELi0EELj4EEE7config4EEvRKT_PAsrT1_6n_chan_12ap_shift_regINSA_10value_typeEXsrSD_8in_widthEERN3hls6streamIT0_62, void %V32.i.i.i.i16.exit.i, i16 0, void %dense_resource_rf_gt_nin_rem0<ap_fixed<16, 6, 5, 3, 0>, ap_fixed<39, 19, 5, 3, 0>, config4_mult>.exit"   --->   Operation 75 'phi' 'p_ZZN4nnet24compute_output_buffer_2dINS_5arrayI8ap_fixedILi16ELi6EL9ap_q_mode5EL9ap_o_mode3ELi0EELj4EEENS1_IS2_ILi39ELi19ELS3_5ELS4_3ELi0EELj4EEE7config4EEvRKT_PAsrT1_6n_chan_12ap_shift_regINSA_10value_typeEXsrSD_8in_widthEERN3hls6streamIT0_114' <Predicate = true> <Delay = 0.00>
ST_2 : Operation 76 [1/1] (0.00ns)   --->   "%p_ZZN4nnet24compute_output_buffer_2dINS_5arrayI8ap_fixedILi16ELi6EL9ap_q_mode5EL9ap_o_mode3ELi0EELj4EEENS1_IS2_ILi39ELi19ELS3_5ELS4_3ELi0EELj4EEE7config4EEvRKT_PAsrT1_6n_chan_12ap_shift_regINSA_10value_typeEXsrSD_8in_widthEERN3hls6streamIT0_115 = phi i16 0, void %entry, i16 %p_ZZN4nnet24compute_output_buffer_2dINS_5arrayI8ap_fixedILi16ELi6EL9ap_q_mode5EL9ap_o_mode3ELi0EELj4EEENS1_IS2_ILi39ELi19ELS3_5ELS4_3ELi0EELj4EEE7config4EEvRKT_PAsrT1_6n_chan_12ap_shift_regINSA_10value_typeEXsrSD_8in_widthEERN3hls6streamIT0_63, void %V32.i.i.i.i16.exit.i, i16 0, void %dense_resource_rf_gt_nin_rem0<ap_fixed<16, 6, 5, 3, 0>, ap_fixed<39, 19, 5, 3, 0>, config4_mult>.exit"   --->   Operation 76 'phi' 'p_ZZN4nnet24compute_output_buffer_2dINS_5arrayI8ap_fixedILi16ELi6EL9ap_q_mode5EL9ap_o_mode3ELi0EELj4EEENS1_IS2_ILi39ELi19ELS3_5ELS4_3ELi0EELj4EEE7config4EEvRKT_PAsrT1_6n_chan_12ap_shift_regINSA_10value_typeEXsrSD_8in_widthEERN3hls6streamIT0_115' <Predicate = true> <Delay = 0.00>
ST_2 : Operation 77 [1/1] (0.00ns)   --->   "%p_ZZN4nnet24compute_output_buffer_2dINS_5arrayI8ap_fixedILi16ELi6EL9ap_q_mode5EL9ap_o_mode3ELi0EELj4EEENS1_IS2_ILi39ELi19ELS3_5ELS4_3ELi0EELj4EEE7config4EEvRKT_PAsrT1_6n_chan_12ap_shift_regINSA_10value_typeEXsrSD_8in_widthEERN3hls6streamIT0_116 = phi i16 0, void %entry, i16 %p_ZZN4nnet24compute_output_buffer_2dINS_5arrayI8ap_fixedILi16ELi6EL9ap_q_mode5EL9ap_o_mode3ELi0EELj4EEENS1_IS2_ILi39ELi19ELS3_5ELS4_3ELi0EELj4EEE7config4EEvRKT_PAsrT1_6n_chan_12ap_shift_regINSA_10value_typeEXsrSD_8in_widthEERN3hls6streamIT0_64, void %V32.i.i.i.i16.exit.i, i16 0, void %dense_resource_rf_gt_nin_rem0<ap_fixed<16, 6, 5, 3, 0>, ap_fixed<39, 19, 5, 3, 0>, config4_mult>.exit"   --->   Operation 77 'phi' 'p_ZZN4nnet24compute_output_buffer_2dINS_5arrayI8ap_fixedILi16ELi6EL9ap_q_mode5EL9ap_o_mode3ELi0EELj4EEENS1_IS2_ILi39ELi19ELS3_5ELS4_3ELi0EELj4EEE7config4EEvRKT_PAsrT1_6n_chan_12ap_shift_regINSA_10value_typeEXsrSD_8in_widthEERN3hls6streamIT0_116' <Predicate = true> <Delay = 0.00>
ST_2 : Operation 78 [1/1] (0.00ns)   --->   "%p_ZZN4nnet24compute_output_buffer_2dINS_5arrayI8ap_fixedILi16ELi6EL9ap_q_mode5EL9ap_o_mode3ELi0EELj4EEENS1_IS2_ILi39ELi19ELS3_5ELS4_3ELi0EELj4EEE7config4EEvRKT_PAsrT1_6n_chan_12ap_shift_regINSA_10value_typeEXsrSD_8in_widthEERN3hls6streamIT0_117 = phi i16 0, void %entry, i16 %p_ZZN4nnet24compute_output_buffer_2dINS_5arrayI8ap_fixedILi16ELi6EL9ap_q_mode5EL9ap_o_mode3ELi0EELj4EEENS1_IS2_ILi39ELi19ELS3_5ELS4_3ELi0EELj4EEE7config4EEvRKT_PAsrT1_6n_chan_12ap_shift_regINSA_10value_typeEXsrSD_8in_widthEERN3hls6streamIT0_65, void %V32.i.i.i.i16.exit.i, i16 0, void %dense_resource_rf_gt_nin_rem0<ap_fixed<16, 6, 5, 3, 0>, ap_fixed<39, 19, 5, 3, 0>, config4_mult>.exit"   --->   Operation 78 'phi' 'p_ZZN4nnet24compute_output_buffer_2dINS_5arrayI8ap_fixedILi16ELi6EL9ap_q_mode5EL9ap_o_mode3ELi0EELj4EEENS1_IS2_ILi39ELi19ELS3_5ELS4_3ELi0EELj4EEE7config4EEvRKT_PAsrT1_6n_chan_12ap_shift_regINSA_10value_typeEXsrSD_8in_widthEERN3hls6streamIT0_117' <Predicate = true> <Delay = 0.00>
ST_2 : Operation 79 [1/1] (0.00ns)   --->   "%p_ZZN4nnet24compute_output_buffer_2dINS_5arrayI8ap_fixedILi16ELi6EL9ap_q_mode5EL9ap_o_mode3ELi0EELj4EEENS1_IS2_ILi39ELi19ELS3_5ELS4_3ELi0EELj4EEE7config4EEvRKT_PAsrT1_6n_chan_12ap_shift_regINSA_10value_typeEXsrSD_8in_widthEERN3hls6streamIT0_118 = phi i16 0, void %entry, i16 %p_ZZN4nnet24compute_output_buffer_2dINS_5arrayI8ap_fixedILi16ELi6EL9ap_q_mode5EL9ap_o_mode3ELi0EELj4EEENS1_IS2_ILi39ELi19ELS3_5ELS4_3ELi0EELj4EEE7config4EEvRKT_PAsrT1_6n_chan_12ap_shift_regINSA_10value_typeEXsrSD_8in_widthEERN3hls6streamIT0_66, void %V32.i.i.i.i16.exit.i, i16 0, void %dense_resource_rf_gt_nin_rem0<ap_fixed<16, 6, 5, 3, 0>, ap_fixed<39, 19, 5, 3, 0>, config4_mult>.exit"   --->   Operation 79 'phi' 'p_ZZN4nnet24compute_output_buffer_2dINS_5arrayI8ap_fixedILi16ELi6EL9ap_q_mode5EL9ap_o_mode3ELi0EELj4EEENS1_IS2_ILi39ELi19ELS3_5ELS4_3ELi0EELj4EEE7config4EEvRKT_PAsrT1_6n_chan_12ap_shift_regINSA_10value_typeEXsrSD_8in_widthEERN3hls6streamIT0_118' <Predicate = true> <Delay = 0.00>
ST_2 : Operation 80 [1/1] (0.00ns)   --->   "%p_ZZN4nnet24compute_output_buffer_2dINS_5arrayI8ap_fixedILi16ELi6EL9ap_q_mode5EL9ap_o_mode3ELi0EELj4EEENS1_IS2_ILi39ELi19ELS3_5ELS4_3ELi0EELj4EEE7config4EEvRKT_PAsrT1_6n_chan_12ap_shift_regINSA_10value_typeEXsrSD_8in_widthEERN3hls6streamIT0_119 = phi i16 0, void %entry, i16 %p_ZZN4nnet24compute_output_buffer_2dINS_5arrayI8ap_fixedILi16ELi6EL9ap_q_mode5EL9ap_o_mode3ELi0EELj4EEENS1_IS2_ILi39ELi19ELS3_5ELS4_3ELi0EELj4EEE7config4EEvRKT_PAsrT1_6n_chan_12ap_shift_regINSA_10value_typeEXsrSD_8in_widthEERN3hls6streamIT0_67, void %V32.i.i.i.i16.exit.i, i16 0, void %dense_resource_rf_gt_nin_rem0<ap_fixed<16, 6, 5, 3, 0>, ap_fixed<39, 19, 5, 3, 0>, config4_mult>.exit"   --->   Operation 80 'phi' 'p_ZZN4nnet24compute_output_buffer_2dINS_5arrayI8ap_fixedILi16ELi6EL9ap_q_mode5EL9ap_o_mode3ELi0EELj4EEENS1_IS2_ILi39ELi19ELS3_5ELS4_3ELi0EELj4EEE7config4EEvRKT_PAsrT1_6n_chan_12ap_shift_regINSA_10value_typeEXsrSD_8in_widthEERN3hls6streamIT0_119' <Predicate = true> <Delay = 0.00>
ST_2 : Operation 81 [1/1] (0.00ns)   --->   "%p_ZZN4nnet24compute_output_buffer_2dINS_5arrayI8ap_fixedILi16ELi6EL9ap_q_mode5EL9ap_o_mode3ELi0EELj4EEENS1_IS2_ILi39ELi19ELS3_5ELS4_3ELi0EELj4EEE7config4EEvRKT_PAsrT1_6n_chan_12ap_shift_regINSA_10value_typeEXsrSD_8in_widthEERN3hls6streamIT0_120 = phi i16 0, void %entry, i16 %p_ZZN4nnet24compute_output_buffer_2dINS_5arrayI8ap_fixedILi16ELi6EL9ap_q_mode5EL9ap_o_mode3ELi0EELj4EEENS1_IS2_ILi39ELi19ELS3_5ELS4_3ELi0EELj4EEE7config4EEvRKT_PAsrT1_6n_chan_12ap_shift_regINSA_10value_typeEXsrSD_8in_widthEERN3hls6streamIT0_68, void %V32.i.i.i.i16.exit.i, i16 0, void %dense_resource_rf_gt_nin_rem0<ap_fixed<16, 6, 5, 3, 0>, ap_fixed<39, 19, 5, 3, 0>, config4_mult>.exit"   --->   Operation 81 'phi' 'p_ZZN4nnet24compute_output_buffer_2dINS_5arrayI8ap_fixedILi16ELi6EL9ap_q_mode5EL9ap_o_mode3ELi0EELj4EEENS1_IS2_ILi39ELi19ELS3_5ELS4_3ELi0EELj4EEE7config4EEvRKT_PAsrT1_6n_chan_12ap_shift_regINSA_10value_typeEXsrSD_8in_widthEERN3hls6streamIT0_120' <Predicate = true> <Delay = 0.00>
ST_2 : Operation 82 [1/1] (0.00ns)   --->   "%p_ZZN4nnet24compute_output_buffer_2dINS_5arrayI8ap_fixedILi16ELi6EL9ap_q_mode5EL9ap_o_mode3ELi0EELj4EEENS1_IS2_ILi39ELi19ELS3_5ELS4_3ELi0EELj4EEE7config4EEvRKT_PAsrT1_6n_chan_12ap_shift_regINSA_10value_typeEXsrSD_8in_widthEERN3hls6streamIT0_121 = phi i16 0, void %entry, i16 %p_ZZN4nnet24compute_output_buffer_2dINS_5arrayI8ap_fixedILi16ELi6EL9ap_q_mode5EL9ap_o_mode3ELi0EELj4EEENS1_IS2_ILi39ELi19ELS3_5ELS4_3ELi0EELj4EEE7config4EEvRKT_PAsrT1_6n_chan_12ap_shift_regINSA_10value_typeEXsrSD_8in_widthEERN3hls6streamIT0_69, void %V32.i.i.i.i16.exit.i, i16 0, void %dense_resource_rf_gt_nin_rem0<ap_fixed<16, 6, 5, 3, 0>, ap_fixed<39, 19, 5, 3, 0>, config4_mult>.exit"   --->   Operation 82 'phi' 'p_ZZN4nnet24compute_output_buffer_2dINS_5arrayI8ap_fixedILi16ELi6EL9ap_q_mode5EL9ap_o_mode3ELi0EELj4EEENS1_IS2_ILi39ELi19ELS3_5ELS4_3ELi0EELj4EEE7config4EEvRKT_PAsrT1_6n_chan_12ap_shift_regINSA_10value_typeEXsrSD_8in_widthEERN3hls6streamIT0_121' <Predicate = true> <Delay = 0.00>
ST_2 : Operation 83 [1/1] (0.00ns)   --->   "%void_compute_output_buffer_2d_array_array_ap_fixed_4u_config4_array_ap_fixed_16_6_5_3_0_4u_const_ap_shift_reg_value_type_in_width_n_chan_stream_array_ap_fixed_39_19_5_3_0_4u_0_weight_t_bias_t_kernel_data_load_rewind = phi i16 0, void %entry, i16 %void_compute_output_buffer_2d_array_array_ap_fixed_4u_config4_array_ap_fixed_16_6_5_3_0_4u_const_ap_shift_reg_value_type_in_width_n_chan_stream_array_ap_fixed_39_19_5_3_0_4u_0_weight_t_bias_t_kernel_data_load_phi, void %V32.i.i.i.i16.exit.i, i16 0, void %dense_resource_rf_gt_nin_rem0<ap_fixed<16, 6, 5, 3, 0>, ap_fixed<39, 19, 5, 3, 0>, config4_mult>.exit"   --->   Operation 83 'phi' 'void_compute_output_buffer_2d_array_array_ap_fixed_4u_config4_array_ap_fixed_16_6_5_3_0_4u_const_ap_shift_reg_value_type_in_width_n_chan_stream_array_ap_fixed_39_19_5_3_0_4u_0_weight_t_bias_t_kernel_data_load_rewind' <Predicate = true> <Delay = 0.00>
ST_2 : Operation 84 [1/1] (0.00ns)   --->   "%void_compute_output_buffer_2d_array_array_ap_fixed_4u_config4_array_ap_fixed_16_6_5_3_0_4u_const_ap_shift_reg_value_type_in_width_n_chan_stream_array_ap_fixed_39_19_5_3_0_4u_0_weight_t_bias_t_kernel_data_1_load_rewind = phi i16 0, void %entry, i16 %void_compute_output_buffer_2d_array_array_ap_fixed_4u_config4_array_ap_fixed_16_6_5_3_0_4u_const_ap_shift_reg_value_type_in_width_n_chan_stream_array_ap_fixed_39_19_5_3_0_4u_0_weight_t_bias_t_kernel_data_1_load_phi, void %V32.i.i.i.i16.exit.i, i16 0, void %dense_resource_rf_gt_nin_rem0<ap_fixed<16, 6, 5, 3, 0>, ap_fixed<39, 19, 5, 3, 0>, config4_mult>.exit"   --->   Operation 84 'phi' 'void_compute_output_buffer_2d_array_array_ap_fixed_4u_config4_array_ap_fixed_16_6_5_3_0_4u_const_ap_shift_reg_value_type_in_width_n_chan_stream_array_ap_fixed_39_19_5_3_0_4u_0_weight_t_bias_t_kernel_data_1_load_rewind' <Predicate = true> <Delay = 0.00>
ST_2 : Operation 85 [1/1] (0.00ns)   --->   "%void_compute_output_buffer_2d_array_array_ap_fixed_4u_config4_array_ap_fixed_16_6_5_3_0_4u_const_ap_shift_reg_value_type_in_width_n_chan_stream_array_ap_fixed_39_19_5_3_0_4u_0_weight_t_bias_t_kernel_data_2_load_rewind = phi i16 0, void %entry, i16 %void_compute_output_buffer_2d_array_array_ap_fixed_4u_config4_array_ap_fixed_16_6_5_3_0_4u_const_ap_shift_reg_value_type_in_width_n_chan_stream_array_ap_fixed_39_19_5_3_0_4u_0_weight_t_bias_t_kernel_data_2_load_phi, void %V32.i.i.i.i16.exit.i, i16 0, void %dense_resource_rf_gt_nin_rem0<ap_fixed<16, 6, 5, 3, 0>, ap_fixed<39, 19, 5, 3, 0>, config4_mult>.exit"   --->   Operation 85 'phi' 'void_compute_output_buffer_2d_array_array_ap_fixed_4u_config4_array_ap_fixed_16_6_5_3_0_4u_const_ap_shift_reg_value_type_in_width_n_chan_stream_array_ap_fixed_39_19_5_3_0_4u_0_weight_t_bias_t_kernel_data_2_load_rewind' <Predicate = true> <Delay = 0.00>
ST_2 : Operation 86 [1/1] (0.00ns)   --->   "%void_compute_output_buffer_2d_array_array_ap_fixed_4u_config4_array_ap_fixed_16_6_5_3_0_4u_const_ap_shift_reg_value_type_in_width_n_chan_stream_array_ap_fixed_39_19_5_3_0_4u_0_weight_t_bias_t_kernel_data_3_load_rewind = phi i16 0, void %entry, i16 %void_compute_output_buffer_2d_array_array_ap_fixed_4u_config4_array_ap_fixed_16_6_5_3_0_4u_const_ap_shift_reg_value_type_in_width_n_chan_stream_array_ap_fixed_39_19_5_3_0_4u_0_weight_t_bias_t_kernel_data_3_load_phi, void %V32.i.i.i.i16.exit.i, i16 0, void %dense_resource_rf_gt_nin_rem0<ap_fixed<16, 6, 5, 3, 0>, ap_fixed<39, 19, 5, 3, 0>, config4_mult>.exit"   --->   Operation 86 'phi' 'void_compute_output_buffer_2d_array_array_ap_fixed_4u_config4_array_ap_fixed_16_6_5_3_0_4u_const_ap_shift_reg_value_type_in_width_n_chan_stream_array_ap_fixed_39_19_5_3_0_4u_0_weight_t_bias_t_kernel_data_3_load_rewind' <Predicate = true> <Delay = 0.00>
ST_2 : Operation 87 [1/1] (0.00ns)   --->   "%void_compute_output_buffer_2d_array_array_ap_fixed_4u_config4_array_ap_fixed_16_6_5_3_0_4u_const_ap_shift_reg_value_type_in_width_n_chan_stream_array_ap_fixed_39_19_5_3_0_4u_0_weight_t_bias_t_kernel_data_4_load_rewind = phi i16 0, void %entry, i16 %void_compute_output_buffer_2d_array_array_ap_fixed_4u_config4_array_ap_fixed_16_6_5_3_0_4u_const_ap_shift_reg_value_type_in_width_n_chan_stream_array_ap_fixed_39_19_5_3_0_4u_0_weight_t_bias_t_kernel_data_4_load_phi, void %V32.i.i.i.i16.exit.i, i16 0, void %dense_resource_rf_gt_nin_rem0<ap_fixed<16, 6, 5, 3, 0>, ap_fixed<39, 19, 5, 3, 0>, config4_mult>.exit"   --->   Operation 87 'phi' 'void_compute_output_buffer_2d_array_array_ap_fixed_4u_config4_array_ap_fixed_16_6_5_3_0_4u_const_ap_shift_reg_value_type_in_width_n_chan_stream_array_ap_fixed_39_19_5_3_0_4u_0_weight_t_bias_t_kernel_data_4_load_rewind' <Predicate = true> <Delay = 0.00>
ST_2 : Operation 88 [1/1] (0.00ns)   --->   "%void_compute_output_buffer_2d_array_array_ap_fixed_4u_config4_array_ap_fixed_16_6_5_3_0_4u_const_ap_shift_reg_value_type_in_width_n_chan_stream_array_ap_fixed_39_19_5_3_0_4u_0_weight_t_bias_t_kernel_data_5_load_rewind = phi i16 0, void %entry, i16 %void_compute_output_buffer_2d_array_array_ap_fixed_4u_config4_array_ap_fixed_16_6_5_3_0_4u_const_ap_shift_reg_value_type_in_width_n_chan_stream_array_ap_fixed_39_19_5_3_0_4u_0_weight_t_bias_t_kernel_data_5_load_phi, void %V32.i.i.i.i16.exit.i, i16 0, void %dense_resource_rf_gt_nin_rem0<ap_fixed<16, 6, 5, 3, 0>, ap_fixed<39, 19, 5, 3, 0>, config4_mult>.exit"   --->   Operation 88 'phi' 'void_compute_output_buffer_2d_array_array_ap_fixed_4u_config4_array_ap_fixed_16_6_5_3_0_4u_const_ap_shift_reg_value_type_in_width_n_chan_stream_array_ap_fixed_39_19_5_3_0_4u_0_weight_t_bias_t_kernel_data_5_load_rewind' <Predicate = true> <Delay = 0.00>
ST_2 : Operation 89 [1/1] (0.00ns)   --->   "%void_compute_output_buffer_2d_array_array_ap_fixed_4u_config4_array_ap_fixed_16_6_5_3_0_4u_const_ap_shift_reg_value_type_in_width_n_chan_stream_array_ap_fixed_39_19_5_3_0_4u_0_weight_t_bias_t_kernel_data_6_load_rewind = phi i16 0, void %entry, i16 %void_compute_output_buffer_2d_array_array_ap_fixed_4u_config4_array_ap_fixed_16_6_5_3_0_4u_const_ap_shift_reg_value_type_in_width_n_chan_stream_array_ap_fixed_39_19_5_3_0_4u_0_weight_t_bias_t_kernel_data_6_load_phi, void %V32.i.i.i.i16.exit.i, i16 0, void %dense_resource_rf_gt_nin_rem0<ap_fixed<16, 6, 5, 3, 0>, ap_fixed<39, 19, 5, 3, 0>, config4_mult>.exit"   --->   Operation 89 'phi' 'void_compute_output_buffer_2d_array_array_ap_fixed_4u_config4_array_ap_fixed_16_6_5_3_0_4u_const_ap_shift_reg_value_type_in_width_n_chan_stream_array_ap_fixed_39_19_5_3_0_4u_0_weight_t_bias_t_kernel_data_6_load_rewind' <Predicate = true> <Delay = 0.00>
ST_2 : Operation 90 [1/1] (0.00ns)   --->   "%void_compute_output_buffer_2d_array_array_ap_fixed_4u_config4_array_ap_fixed_16_6_5_3_0_4u_const_ap_shift_reg_value_type_in_width_n_chan_stream_array_ap_fixed_39_19_5_3_0_4u_0_weight_t_bias_t_kernel_data_7_load_rewind = phi i16 0, void %entry, i16 %void_compute_output_buffer_2d_array_array_ap_fixed_4u_config4_array_ap_fixed_16_6_5_3_0_4u_const_ap_shift_reg_value_type_in_width_n_chan_stream_array_ap_fixed_39_19_5_3_0_4u_0_weight_t_bias_t_kernel_data_7_load_phi, void %V32.i.i.i.i16.exit.i, i16 0, void %dense_resource_rf_gt_nin_rem0<ap_fixed<16, 6, 5, 3, 0>, ap_fixed<39, 19, 5, 3, 0>, config4_mult>.exit"   --->   Operation 90 'phi' 'void_compute_output_buffer_2d_array_array_ap_fixed_4u_config4_array_ap_fixed_16_6_5_3_0_4u_const_ap_shift_reg_value_type_in_width_n_chan_stream_array_ap_fixed_39_19_5_3_0_4u_0_weight_t_bias_t_kernel_data_7_load_rewind' <Predicate = true> <Delay = 0.00>
ST_2 : Operation 91 [1/1] (0.00ns)   --->   "%void_compute_output_buffer_2d_array_array_ap_fixed_4u_config4_array_ap_fixed_16_6_5_3_0_4u_const_ap_shift_reg_value_type_in_width_n_chan_stream_array_ap_fixed_39_19_5_3_0_4u_0_weight_t_bias_t_kernel_data_8_load_rewind = phi i16 0, void %entry, i16 %void_compute_output_buffer_2d_array_array_ap_fixed_4u_config4_array_ap_fixed_16_6_5_3_0_4u_const_ap_shift_reg_value_type_in_width_n_chan_stream_array_ap_fixed_39_19_5_3_0_4u_0_weight_t_bias_t_kernel_data_8_load_phi, void %V32.i.i.i.i16.exit.i, i16 0, void %dense_resource_rf_gt_nin_rem0<ap_fixed<16, 6, 5, 3, 0>, ap_fixed<39, 19, 5, 3, 0>, config4_mult>.exit"   --->   Operation 91 'phi' 'void_compute_output_buffer_2d_array_array_ap_fixed_4u_config4_array_ap_fixed_16_6_5_3_0_4u_const_ap_shift_reg_value_type_in_width_n_chan_stream_array_ap_fixed_39_19_5_3_0_4u_0_weight_t_bias_t_kernel_data_8_load_rewind' <Predicate = true> <Delay = 0.00>
ST_2 : Operation 92 [1/1] (0.00ns)   --->   "%void_compute_output_buffer_2d_array_array_ap_fixed_4u_config4_array_ap_fixed_16_6_5_3_0_4u_const_ap_shift_reg_value_type_in_width_n_chan_stream_array_ap_fixed_39_19_5_3_0_4u_0_weight_t_bias_t_kernel_data_9_load_rewind = phi i16 0, void %entry, i16 %void_compute_output_buffer_2d_array_array_ap_fixed_4u_config4_array_ap_fixed_16_6_5_3_0_4u_const_ap_shift_reg_value_type_in_width_n_chan_stream_array_ap_fixed_39_19_5_3_0_4u_0_weight_t_bias_t_kernel_data_9_load_phi, void %V32.i.i.i.i16.exit.i, i16 0, void %dense_resource_rf_gt_nin_rem0<ap_fixed<16, 6, 5, 3, 0>, ap_fixed<39, 19, 5, 3, 0>, config4_mult>.exit"   --->   Operation 92 'phi' 'void_compute_output_buffer_2d_array_array_ap_fixed_4u_config4_array_ap_fixed_16_6_5_3_0_4u_const_ap_shift_reg_value_type_in_width_n_chan_stream_array_ap_fixed_39_19_5_3_0_4u_0_weight_t_bias_t_kernel_data_9_load_rewind' <Predicate = true> <Delay = 0.00>
ST_2 : Operation 93 [1/1] (0.00ns)   --->   "%in_index18 = phi i32 0, void %entry, i32 %in_index, void %V32.i.i.i.i16.exit.i, i32 0, void %dense_resource_rf_gt_nin_rem0<ap_fixed<16, 6, 5, 3, 0>, ap_fixed<39, 19, 5, 3, 0>, config4_mult>.exit"   --->   Operation 93 'phi' 'in_index18' <Predicate = true> <Delay = 0.00>
ST_2 : Operation 94 [1/1] (1.58ns)   --->   "%br_ln0 = br i1 %do_init, void %_ZN8ap_fixedILi16ELi6EL9ap_q_mode5EL9ap_o_mode3ELi0EEC2ILi32ELi12ELb1ELS0_5ELS1_3ELi0EEERK13ap_fixed_baseIXT_EXT0_EXT1_EXT2_EXT3_EXT4_EE.exit.split.i, void %rewind_init"   --->   Operation 94 'br' 'br_ln0' <Predicate = true> <Delay = 1.58>
ST_2 : Operation 95 [1/1] (0.00ns)   --->   "%p_ZZN4nnet24compute_output_buffer_2dINS_5arrayI8ap_fixedILi16ELi6EL9ap_q_mode5EL9ap_o_mode3ELi0EELj4EEENS1_IS2_ILi39ELi19ELS3_5ELS4_3ELi0EELj4EEE7config4EEvRKT_PAsrT1_6n_chan_12ap_shift_regINSA_10value_typeEXsrSD_8in_widthEERN3hls6streamIT0_44 = phi i16 %p_ZZN4nnet24compute_output_buffer_2dINS_5arrayI8ap_fixedILi16ELi6EL9ap_q_mode5EL9ap_o_mode3ELi0EELj4EEENS1_IS2_ILi39ELi19ELS3_5ELS4_3ELi0EELj4EEE7config4EEvRKT_PAsrT1_6n_chan_12ap_shift_regINSA_10value_typeEXsrSD_8in_widthEERN3hls6streamIT0_95, void %rewind_init, i16 %p_ZZN4nnet24compute_output_buffer_2dINS_5arrayI8ap_fixedILi16ELi6EL9ap_q_mode5EL9ap_o_mode3ELi0EELj4EEENS1_IS2_ILi39ELi19ELS3_5ELS4_3ELi0EELj4EEE7config4EEvRKT_PAsrT1_6n_chan_12ap_shift_regINSA_10value_typeEXsrSD_8in_widthEERN3hls6streamIT0_96, void %rewind_header"   --->   Operation 95 'phi' 'p_ZZN4nnet24compute_output_buffer_2dINS_5arrayI8ap_fixedILi16ELi6EL9ap_q_mode5EL9ap_o_mode3ELi0EELj4EEENS1_IS2_ILi39ELi19ELS3_5ELS4_3ELi0EELj4EEE7config4EEvRKT_PAsrT1_6n_chan_12ap_shift_regINSA_10value_typeEXsrSD_8in_widthEERN3hls6streamIT0_44' <Predicate = true> <Delay = 0.00>
ST_2 : Operation 96 [1/1] (0.00ns)   --->   "%p_ZZN4nnet24compute_output_buffer_2dINS_5arrayI8ap_fixedILi16ELi6EL9ap_q_mode5EL9ap_o_mode3ELi0EELj4EEENS1_IS2_ILi39ELi19ELS3_5ELS4_3ELi0EELj4EEE7config4EEvRKT_PAsrT1_6n_chan_12ap_shift_regINSA_10value_typeEXsrSD_8in_widthEERN3hls6streamIT0_45 = phi i16 %p_ZZN4nnet24compute_output_buffer_2dINS_5arrayI8ap_fixedILi16ELi6EL9ap_q_mode5EL9ap_o_mode3ELi0EELj4EEENS1_IS2_ILi39ELi19ELS3_5ELS4_3ELi0EELj4EEE7config4EEvRKT_PAsrT1_6n_chan_12ap_shift_regINSA_10value_typeEXsrSD_8in_widthEERN3hls6streamIT0_94, void %rewind_init, i16 %p_ZZN4nnet24compute_output_buffer_2dINS_5arrayI8ap_fixedILi16ELi6EL9ap_q_mode5EL9ap_o_mode3ELi0EELj4EEENS1_IS2_ILi39ELi19ELS3_5ELS4_3ELi0EELj4EEE7config4EEvRKT_PAsrT1_6n_chan_12ap_shift_regINSA_10value_typeEXsrSD_8in_widthEERN3hls6streamIT0_97, void %rewind_header"   --->   Operation 96 'phi' 'p_ZZN4nnet24compute_output_buffer_2dINS_5arrayI8ap_fixedILi16ELi6EL9ap_q_mode5EL9ap_o_mode3ELi0EELj4EEENS1_IS2_ILi39ELi19ELS3_5ELS4_3ELi0EELj4EEE7config4EEvRKT_PAsrT1_6n_chan_12ap_shift_regINSA_10value_typeEXsrSD_8in_widthEERN3hls6streamIT0_45' <Predicate = true> <Delay = 0.00>
ST_2 : Operation 97 [1/1] (0.00ns)   --->   "%p_ZZN4nnet24compute_output_buffer_2dINS_5arrayI8ap_fixedILi16ELi6EL9ap_q_mode5EL9ap_o_mode3ELi0EELj4EEENS1_IS2_ILi39ELi19ELS3_5ELS4_3ELi0EELj4EEE7config4EEvRKT_PAsrT1_6n_chan_12ap_shift_regINSA_10value_typeEXsrSD_8in_widthEERN3hls6streamIT0_46 = phi i16 %p_ZZN4nnet24compute_output_buffer_2dINS_5arrayI8ap_fixedILi16ELi6EL9ap_q_mode5EL9ap_o_mode3ELi0EELj4EEENS1_IS2_ILi39ELi19ELS3_5ELS4_3ELi0EELj4EEE7config4EEvRKT_PAsrT1_6n_chan_12ap_shift_regINSA_10value_typeEXsrSD_8in_widthEERN3hls6streamIT0_93, void %rewind_init, i16 %p_ZZN4nnet24compute_output_buffer_2dINS_5arrayI8ap_fixedILi16ELi6EL9ap_q_mode5EL9ap_o_mode3ELi0EELj4EEENS1_IS2_ILi39ELi19ELS3_5ELS4_3ELi0EELj4EEE7config4EEvRKT_PAsrT1_6n_chan_12ap_shift_regINSA_10value_typeEXsrSD_8in_widthEERN3hls6streamIT0_98, void %rewind_header"   --->   Operation 97 'phi' 'p_ZZN4nnet24compute_output_buffer_2dINS_5arrayI8ap_fixedILi16ELi6EL9ap_q_mode5EL9ap_o_mode3ELi0EELj4EEENS1_IS2_ILi39ELi19ELS3_5ELS4_3ELi0EELj4EEE7config4EEvRKT_PAsrT1_6n_chan_12ap_shift_regINSA_10value_typeEXsrSD_8in_widthEERN3hls6streamIT0_46' <Predicate = true> <Delay = 0.00>
ST_2 : Operation 98 [1/1] (0.00ns)   --->   "%p_ZZN4nnet24compute_output_buffer_2dINS_5arrayI8ap_fixedILi16ELi6EL9ap_q_mode5EL9ap_o_mode3ELi0EELj4EEENS1_IS2_ILi39ELi19ELS3_5ELS4_3ELi0EELj4EEE7config4EEvRKT_PAsrT1_6n_chan_12ap_shift_regINSA_10value_typeEXsrSD_8in_widthEERN3hls6streamIT0_47 = phi i16 %p_ZZN4nnet24compute_output_buffer_2dINS_5arrayI8ap_fixedILi16ELi6EL9ap_q_mode5EL9ap_o_mode3ELi0EELj4EEENS1_IS2_ILi39ELi19ELS3_5ELS4_3ELi0EELj4EEE7config4EEvRKT_PAsrT1_6n_chan_12ap_shift_regINSA_10value_typeEXsrSD_8in_widthEERN3hls6streamIT0_92, void %rewind_init, i16 %p_ZZN4nnet24compute_output_buffer_2dINS_5arrayI8ap_fixedILi16ELi6EL9ap_q_mode5EL9ap_o_mode3ELi0EELj4EEENS1_IS2_ILi39ELi19ELS3_5ELS4_3ELi0EELj4EEE7config4EEvRKT_PAsrT1_6n_chan_12ap_shift_regINSA_10value_typeEXsrSD_8in_widthEERN3hls6streamIT0_99, void %rewind_header"   --->   Operation 98 'phi' 'p_ZZN4nnet24compute_output_buffer_2dINS_5arrayI8ap_fixedILi16ELi6EL9ap_q_mode5EL9ap_o_mode3ELi0EELj4EEENS1_IS2_ILi39ELi19ELS3_5ELS4_3ELi0EELj4EEE7config4EEvRKT_PAsrT1_6n_chan_12ap_shift_regINSA_10value_typeEXsrSD_8in_widthEERN3hls6streamIT0_47' <Predicate = true> <Delay = 0.00>
ST_2 : Operation 99 [1/1] (0.00ns)   --->   "%p_ZZN4nnet24compute_output_buffer_2dINS_5arrayI8ap_fixedILi16ELi6EL9ap_q_mode5EL9ap_o_mode3ELi0EELj4EEENS1_IS2_ILi39ELi19ELS3_5ELS4_3ELi0EELj4EEE7config4EEvRKT_PAsrT1_6n_chan_12ap_shift_regINSA_10value_typeEXsrSD_8in_widthEERN3hls6streamIT0_48 = phi i16 %p_ZZN4nnet24compute_output_buffer_2dINS_5arrayI8ap_fixedILi16ELi6EL9ap_q_mode5EL9ap_o_mode3ELi0EELj4EEENS1_IS2_ILi39ELi19ELS3_5ELS4_3ELi0EELj4EEE7config4EEvRKT_PAsrT1_6n_chan_12ap_shift_regINSA_10value_typeEXsrSD_8in_widthEERN3hls6streamIT0_91, void %rewind_init, i16 %p_ZZN4nnet24compute_output_buffer_2dINS_5arrayI8ap_fixedILi16ELi6EL9ap_q_mode5EL9ap_o_mode3ELi0EELj4EEENS1_IS2_ILi39ELi19ELS3_5ELS4_3ELi0EELj4EEE7config4EEvRKT_PAsrT1_6n_chan_12ap_shift_regINSA_10value_typeEXsrSD_8in_widthEERN3hls6streamIT0_100, void %rewind_header"   --->   Operation 99 'phi' 'p_ZZN4nnet24compute_output_buffer_2dINS_5arrayI8ap_fixedILi16ELi6EL9ap_q_mode5EL9ap_o_mode3ELi0EELj4EEENS1_IS2_ILi39ELi19ELS3_5ELS4_3ELi0EELj4EEE7config4EEvRKT_PAsrT1_6n_chan_12ap_shift_regINSA_10value_typeEXsrSD_8in_widthEERN3hls6streamIT0_48' <Predicate = true> <Delay = 0.00>
ST_2 : Operation 100 [1/1] (0.00ns)   --->   "%p_ZZN4nnet24compute_output_buffer_2dINS_5arrayI8ap_fixedILi16ELi6EL9ap_q_mode5EL9ap_o_mode3ELi0EELj4EEENS1_IS2_ILi39ELi19ELS3_5ELS4_3ELi0EELj4EEE7config4EEvRKT_PAsrT1_6n_chan_12ap_shift_regINSA_10value_typeEXsrSD_8in_widthEERN3hls6streamIT0_49 = phi i16 %p_ZZN4nnet24compute_output_buffer_2dINS_5arrayI8ap_fixedILi16ELi6EL9ap_q_mode5EL9ap_o_mode3ELi0EELj4EEENS1_IS2_ILi39ELi19ELS3_5ELS4_3ELi0EELj4EEE7config4EEvRKT_PAsrT1_6n_chan_12ap_shift_regINSA_10value_typeEXsrSD_8in_widthEERN3hls6streamIT0_90, void %rewind_init, i16 %p_ZZN4nnet24compute_output_buffer_2dINS_5arrayI8ap_fixedILi16ELi6EL9ap_q_mode5EL9ap_o_mode3ELi0EELj4EEENS1_IS2_ILi39ELi19ELS3_5ELS4_3ELi0EELj4EEE7config4EEvRKT_PAsrT1_6n_chan_12ap_shift_regINSA_10value_typeEXsrSD_8in_widthEERN3hls6streamIT0_101, void %rewind_header"   --->   Operation 100 'phi' 'p_ZZN4nnet24compute_output_buffer_2dINS_5arrayI8ap_fixedILi16ELi6EL9ap_q_mode5EL9ap_o_mode3ELi0EELj4EEENS1_IS2_ILi39ELi19ELS3_5ELS4_3ELi0EELj4EEE7config4EEvRKT_PAsrT1_6n_chan_12ap_shift_regINSA_10value_typeEXsrSD_8in_widthEERN3hls6streamIT0_49' <Predicate = true> <Delay = 0.00>
ST_2 : Operation 101 [1/1] (0.00ns)   --->   "%p_ZZN4nnet24compute_output_buffer_2dINS_5arrayI8ap_fixedILi16ELi6EL9ap_q_mode5EL9ap_o_mode3ELi0EELj4EEENS1_IS2_ILi39ELi19ELS3_5ELS4_3ELi0EELj4EEE7config4EEvRKT_PAsrT1_6n_chan_12ap_shift_regINSA_10value_typeEXsrSD_8in_widthEERN3hls6streamIT0_50 = phi i16 %p_ZZN4nnet24compute_output_buffer_2dINS_5arrayI8ap_fixedILi16ELi6EL9ap_q_mode5EL9ap_o_mode3ELi0EELj4EEENS1_IS2_ILi39ELi19ELS3_5ELS4_3ELi0EELj4EEE7config4EEvRKT_PAsrT1_6n_chan_12ap_shift_regINSA_10value_typeEXsrSD_8in_widthEERN3hls6streamIT0_89, void %rewind_init, i16 %p_ZZN4nnet24compute_output_buffer_2dINS_5arrayI8ap_fixedILi16ELi6EL9ap_q_mode5EL9ap_o_mode3ELi0EELj4EEENS1_IS2_ILi39ELi19ELS3_5ELS4_3ELi0EELj4EEE7config4EEvRKT_PAsrT1_6n_chan_12ap_shift_regINSA_10value_typeEXsrSD_8in_widthEERN3hls6streamIT0_102, void %rewind_header"   --->   Operation 101 'phi' 'p_ZZN4nnet24compute_output_buffer_2dINS_5arrayI8ap_fixedILi16ELi6EL9ap_q_mode5EL9ap_o_mode3ELi0EELj4EEENS1_IS2_ILi39ELi19ELS3_5ELS4_3ELi0EELj4EEE7config4EEvRKT_PAsrT1_6n_chan_12ap_shift_regINSA_10value_typeEXsrSD_8in_widthEERN3hls6streamIT0_50' <Predicate = true> <Delay = 0.00>
ST_2 : Operation 102 [1/1] (0.00ns)   --->   "%p_ZZN4nnet24compute_output_buffer_2dINS_5arrayI8ap_fixedILi16ELi6EL9ap_q_mode5EL9ap_o_mode3ELi0EELj4EEENS1_IS2_ILi39ELi19ELS3_5ELS4_3ELi0EELj4EEE7config4EEvRKT_PAsrT1_6n_chan_12ap_shift_regINSA_10value_typeEXsrSD_8in_widthEERN3hls6streamIT0_51 = phi i16 %p_ZZN4nnet24compute_output_buffer_2dINS_5arrayI8ap_fixedILi16ELi6EL9ap_q_mode5EL9ap_o_mode3ELi0EELj4EEENS1_IS2_ILi39ELi19ELS3_5ELS4_3ELi0EELj4EEE7config4EEvRKT_PAsrT1_6n_chan_12ap_shift_regINSA_10value_typeEXsrSD_8in_widthEERN3hls6streamIT0_88, void %rewind_init, i16 %p_ZZN4nnet24compute_output_buffer_2dINS_5arrayI8ap_fixedILi16ELi6EL9ap_q_mode5EL9ap_o_mode3ELi0EELj4EEENS1_IS2_ILi39ELi19ELS3_5ELS4_3ELi0EELj4EEE7config4EEvRKT_PAsrT1_6n_chan_12ap_shift_regINSA_10value_typeEXsrSD_8in_widthEERN3hls6streamIT0_103, void %rewind_header"   --->   Operation 102 'phi' 'p_ZZN4nnet24compute_output_buffer_2dINS_5arrayI8ap_fixedILi16ELi6EL9ap_q_mode5EL9ap_o_mode3ELi0EELj4EEENS1_IS2_ILi39ELi19ELS3_5ELS4_3ELi0EELj4EEE7config4EEvRKT_PAsrT1_6n_chan_12ap_shift_regINSA_10value_typeEXsrSD_8in_widthEERN3hls6streamIT0_51' <Predicate = true> <Delay = 0.00>
ST_2 : Operation 103 [1/1] (0.00ns)   --->   "%p_ZZN4nnet24compute_output_buffer_2dINS_5arrayI8ap_fixedILi16ELi6EL9ap_q_mode5EL9ap_o_mode3ELi0EELj4EEENS1_IS2_ILi39ELi19ELS3_5ELS4_3ELi0EELj4EEE7config4EEvRKT_PAsrT1_6n_chan_12ap_shift_regINSA_10value_typeEXsrSD_8in_widthEERN3hls6streamIT0_52 = phi i16 %p_ZZN4nnet24compute_output_buffer_2dINS_5arrayI8ap_fixedILi16ELi6EL9ap_q_mode5EL9ap_o_mode3ELi0EELj4EEENS1_IS2_ILi39ELi19ELS3_5ELS4_3ELi0EELj4EEE7config4EEvRKT_PAsrT1_6n_chan_12ap_shift_regINSA_10value_typeEXsrSD_8in_widthEERN3hls6streamIT0_87, void %rewind_init, i16 %p_ZZN4nnet24compute_output_buffer_2dINS_5arrayI8ap_fixedILi16ELi6EL9ap_q_mode5EL9ap_o_mode3ELi0EELj4EEENS1_IS2_ILi39ELi19ELS3_5ELS4_3ELi0EELj4EEE7config4EEvRKT_PAsrT1_6n_chan_12ap_shift_regINSA_10value_typeEXsrSD_8in_widthEERN3hls6streamIT0_104, void %rewind_header"   --->   Operation 103 'phi' 'p_ZZN4nnet24compute_output_buffer_2dINS_5arrayI8ap_fixedILi16ELi6EL9ap_q_mode5EL9ap_o_mode3ELi0EELj4EEENS1_IS2_ILi39ELi19ELS3_5ELS4_3ELi0EELj4EEE7config4EEvRKT_PAsrT1_6n_chan_12ap_shift_regINSA_10value_typeEXsrSD_8in_widthEERN3hls6streamIT0_52' <Predicate = true> <Delay = 0.00>
ST_2 : Operation 104 [1/1] (0.00ns)   --->   "%p_ZZN4nnet24compute_output_buffer_2dINS_5arrayI8ap_fixedILi16ELi6EL9ap_q_mode5EL9ap_o_mode3ELi0EELj4EEENS1_IS2_ILi39ELi19ELS3_5ELS4_3ELi0EELj4EEE7config4EEvRKT_PAsrT1_6n_chan_12ap_shift_regINSA_10value_typeEXsrSD_8in_widthEERN3hls6streamIT0_53 = phi i16 %p_ZZN4nnet24compute_output_buffer_2dINS_5arrayI8ap_fixedILi16ELi6EL9ap_q_mode5EL9ap_o_mode3ELi0EELj4EEENS1_IS2_ILi39ELi19ELS3_5ELS4_3ELi0EELj4EEE7config4EEvRKT_PAsrT1_6n_chan_12ap_shift_regINSA_10value_typeEXsrSD_8in_widthEERN3hls6streamIT0_86, void %rewind_init, i16 %p_ZZN4nnet24compute_output_buffer_2dINS_5arrayI8ap_fixedILi16ELi6EL9ap_q_mode5EL9ap_o_mode3ELi0EELj4EEENS1_IS2_ILi39ELi19ELS3_5ELS4_3ELi0EELj4EEE7config4EEvRKT_PAsrT1_6n_chan_12ap_shift_regINSA_10value_typeEXsrSD_8in_widthEERN3hls6streamIT0_105, void %rewind_header"   --->   Operation 104 'phi' 'p_ZZN4nnet24compute_output_buffer_2dINS_5arrayI8ap_fixedILi16ELi6EL9ap_q_mode5EL9ap_o_mode3ELi0EELj4EEENS1_IS2_ILi39ELi19ELS3_5ELS4_3ELi0EELj4EEE7config4EEvRKT_PAsrT1_6n_chan_12ap_shift_regINSA_10value_typeEXsrSD_8in_widthEERN3hls6streamIT0_53' <Predicate = true> <Delay = 0.00>
ST_2 : Operation 105 [1/1] (0.00ns)   --->   "%p_ZZN4nnet24compute_output_buffer_2dINS_5arrayI8ap_fixedILi16ELi6EL9ap_q_mode5EL9ap_o_mode3ELi0EELj4EEENS1_IS2_ILi39ELi19ELS3_5ELS4_3ELi0EELj4EEE7config4EEvRKT_PAsrT1_6n_chan_12ap_shift_regINSA_10value_typeEXsrSD_8in_widthEERN3hls6streamIT0_54 = phi i16 %p_ZZN4nnet24compute_output_buffer_2dINS_5arrayI8ap_fixedILi16ELi6EL9ap_q_mode5EL9ap_o_mode3ELi0EELj4EEENS1_IS2_ILi39ELi19ELS3_5ELS4_3ELi0EELj4EEE7config4EEvRKT_PAsrT1_6n_chan_12ap_shift_regINSA_10value_typeEXsrSD_8in_widthEERN3hls6streamIT0_85, void %rewind_init, i16 %p_ZZN4nnet24compute_output_buffer_2dINS_5arrayI8ap_fixedILi16ELi6EL9ap_q_mode5EL9ap_o_mode3ELi0EELj4EEENS1_IS2_ILi39ELi19ELS3_5ELS4_3ELi0EELj4EEE7config4EEvRKT_PAsrT1_6n_chan_12ap_shift_regINSA_10value_typeEXsrSD_8in_widthEERN3hls6streamIT0_106, void %rewind_header"   --->   Operation 105 'phi' 'p_ZZN4nnet24compute_output_buffer_2dINS_5arrayI8ap_fixedILi16ELi6EL9ap_q_mode5EL9ap_o_mode3ELi0EELj4EEENS1_IS2_ILi39ELi19ELS3_5ELS4_3ELi0EELj4EEE7config4EEvRKT_PAsrT1_6n_chan_12ap_shift_regINSA_10value_typeEXsrSD_8in_widthEERN3hls6streamIT0_54' <Predicate = true> <Delay = 0.00>
ST_2 : Operation 106 [1/1] (0.00ns)   --->   "%p_ZZN4nnet24compute_output_buffer_2dINS_5arrayI8ap_fixedILi16ELi6EL9ap_q_mode5EL9ap_o_mode3ELi0EELj4EEENS1_IS2_ILi39ELi19ELS3_5ELS4_3ELi0EELj4EEE7config4EEvRKT_PAsrT1_6n_chan_12ap_shift_regINSA_10value_typeEXsrSD_8in_widthEERN3hls6streamIT0_55 = phi i16 %p_ZZN4nnet24compute_output_buffer_2dINS_5arrayI8ap_fixedILi16ELi6EL9ap_q_mode5EL9ap_o_mode3ELi0EELj4EEENS1_IS2_ILi39ELi19ELS3_5ELS4_3ELi0EELj4EEE7config4EEvRKT_PAsrT1_6n_chan_12ap_shift_regINSA_10value_typeEXsrSD_8in_widthEERN3hls6streamIT0_84, void %rewind_init, i16 %p_ZZN4nnet24compute_output_buffer_2dINS_5arrayI8ap_fixedILi16ELi6EL9ap_q_mode5EL9ap_o_mode3ELi0EELj4EEENS1_IS2_ILi39ELi19ELS3_5ELS4_3ELi0EELj4EEE7config4EEvRKT_PAsrT1_6n_chan_12ap_shift_regINSA_10value_typeEXsrSD_8in_widthEERN3hls6streamIT0_107, void %rewind_header"   --->   Operation 106 'phi' 'p_ZZN4nnet24compute_output_buffer_2dINS_5arrayI8ap_fixedILi16ELi6EL9ap_q_mode5EL9ap_o_mode3ELi0EELj4EEENS1_IS2_ILi39ELi19ELS3_5ELS4_3ELi0EELj4EEE7config4EEvRKT_PAsrT1_6n_chan_12ap_shift_regINSA_10value_typeEXsrSD_8in_widthEERN3hls6streamIT0_55' <Predicate = true> <Delay = 0.00>
ST_2 : Operation 107 [1/1] (0.00ns)   --->   "%p_ZZN4nnet24compute_output_buffer_2dINS_5arrayI8ap_fixedILi16ELi6EL9ap_q_mode5EL9ap_o_mode3ELi0EELj4EEENS1_IS2_ILi39ELi19ELS3_5ELS4_3ELi0EELj4EEE7config4EEvRKT_PAsrT1_6n_chan_12ap_shift_regINSA_10value_typeEXsrSD_8in_widthEERN3hls6streamIT0_56 = phi i16 %p_ZZN4nnet24compute_output_buffer_2dINS_5arrayI8ap_fixedILi16ELi6EL9ap_q_mode5EL9ap_o_mode3ELi0EELj4EEENS1_IS2_ILi39ELi19ELS3_5ELS4_3ELi0EELj4EEE7config4EEvRKT_PAsrT1_6n_chan_12ap_shift_regINSA_10value_typeEXsrSD_8in_widthEERN3hls6streamIT0_83, void %rewind_init, i16 %p_ZZN4nnet24compute_output_buffer_2dINS_5arrayI8ap_fixedILi16ELi6EL9ap_q_mode5EL9ap_o_mode3ELi0EELj4EEENS1_IS2_ILi39ELi19ELS3_5ELS4_3ELi0EELj4EEE7config4EEvRKT_PAsrT1_6n_chan_12ap_shift_regINSA_10value_typeEXsrSD_8in_widthEERN3hls6streamIT0_108, void %rewind_header"   --->   Operation 107 'phi' 'p_ZZN4nnet24compute_output_buffer_2dINS_5arrayI8ap_fixedILi16ELi6EL9ap_q_mode5EL9ap_o_mode3ELi0EELj4EEENS1_IS2_ILi39ELi19ELS3_5ELS4_3ELi0EELj4EEE7config4EEvRKT_PAsrT1_6n_chan_12ap_shift_regINSA_10value_typeEXsrSD_8in_widthEERN3hls6streamIT0_56' <Predicate = true> <Delay = 0.00>
ST_2 : Operation 108 [1/1] (0.00ns)   --->   "%p_ZZN4nnet24compute_output_buffer_2dINS_5arrayI8ap_fixedILi16ELi6EL9ap_q_mode5EL9ap_o_mode3ELi0EELj4EEENS1_IS2_ILi39ELi19ELS3_5ELS4_3ELi0EELj4EEE7config4EEvRKT_PAsrT1_6n_chan_12ap_shift_regINSA_10value_typeEXsrSD_8in_widthEERN3hls6streamIT0_57 = phi i16 %p_ZZN4nnet24compute_output_buffer_2dINS_5arrayI8ap_fixedILi16ELi6EL9ap_q_mode5EL9ap_o_mode3ELi0EELj4EEENS1_IS2_ILi39ELi19ELS3_5ELS4_3ELi0EELj4EEE7config4EEvRKT_PAsrT1_6n_chan_12ap_shift_regINSA_10value_typeEXsrSD_8in_widthEERN3hls6streamIT0_82, void %rewind_init, i16 %p_ZZN4nnet24compute_output_buffer_2dINS_5arrayI8ap_fixedILi16ELi6EL9ap_q_mode5EL9ap_o_mode3ELi0EELj4EEENS1_IS2_ILi39ELi19ELS3_5ELS4_3ELi0EELj4EEE7config4EEvRKT_PAsrT1_6n_chan_12ap_shift_regINSA_10value_typeEXsrSD_8in_widthEERN3hls6streamIT0_109, void %rewind_header"   --->   Operation 108 'phi' 'p_ZZN4nnet24compute_output_buffer_2dINS_5arrayI8ap_fixedILi16ELi6EL9ap_q_mode5EL9ap_o_mode3ELi0EELj4EEENS1_IS2_ILi39ELi19ELS3_5ELS4_3ELi0EELj4EEE7config4EEvRKT_PAsrT1_6n_chan_12ap_shift_regINSA_10value_typeEXsrSD_8in_widthEERN3hls6streamIT0_57' <Predicate = true> <Delay = 0.00>
ST_2 : Operation 109 [1/1] (0.00ns)   --->   "%p_ZZN4nnet24compute_output_buffer_2dINS_5arrayI8ap_fixedILi16ELi6EL9ap_q_mode5EL9ap_o_mode3ELi0EELj4EEENS1_IS2_ILi39ELi19ELS3_5ELS4_3ELi0EELj4EEE7config4EEvRKT_PAsrT1_6n_chan_12ap_shift_regINSA_10value_typeEXsrSD_8in_widthEERN3hls6streamIT0_58 = phi i16 %p_ZZN4nnet24compute_output_buffer_2dINS_5arrayI8ap_fixedILi16ELi6EL9ap_q_mode5EL9ap_o_mode3ELi0EELj4EEENS1_IS2_ILi39ELi19ELS3_5ELS4_3ELi0EELj4EEE7config4EEvRKT_PAsrT1_6n_chan_12ap_shift_regINSA_10value_typeEXsrSD_8in_widthEERN3hls6streamIT0_81, void %rewind_init, i16 %p_ZZN4nnet24compute_output_buffer_2dINS_5arrayI8ap_fixedILi16ELi6EL9ap_q_mode5EL9ap_o_mode3ELi0EELj4EEENS1_IS2_ILi39ELi19ELS3_5ELS4_3ELi0EELj4EEE7config4EEvRKT_PAsrT1_6n_chan_12ap_shift_regINSA_10value_typeEXsrSD_8in_widthEERN3hls6streamIT0_110, void %rewind_header"   --->   Operation 109 'phi' 'p_ZZN4nnet24compute_output_buffer_2dINS_5arrayI8ap_fixedILi16ELi6EL9ap_q_mode5EL9ap_o_mode3ELi0EELj4EEENS1_IS2_ILi39ELi19ELS3_5ELS4_3ELi0EELj4EEE7config4EEvRKT_PAsrT1_6n_chan_12ap_shift_regINSA_10value_typeEXsrSD_8in_widthEERN3hls6streamIT0_58' <Predicate = true> <Delay = 0.00>
ST_2 : Operation 110 [1/1] (0.00ns)   --->   "%p_ZZN4nnet24compute_output_buffer_2dINS_5arrayI8ap_fixedILi16ELi6EL9ap_q_mode5EL9ap_o_mode3ELi0EELj4EEENS1_IS2_ILi39ELi19ELS3_5ELS4_3ELi0EELj4EEE7config4EEvRKT_PAsrT1_6n_chan_12ap_shift_regINSA_10value_typeEXsrSD_8in_widthEERN3hls6streamIT0_59 = phi i16 %p_ZZN4nnet24compute_output_buffer_2dINS_5arrayI8ap_fixedILi16ELi6EL9ap_q_mode5EL9ap_o_mode3ELi0EELj4EEENS1_IS2_ILi39ELi19ELS3_5ELS4_3ELi0EELj4EEE7config4EEvRKT_PAsrT1_6n_chan_12ap_shift_regINSA_10value_typeEXsrSD_8in_widthEERN3hls6streamIT0_80, void %rewind_init, i16 %p_ZZN4nnet24compute_output_buffer_2dINS_5arrayI8ap_fixedILi16ELi6EL9ap_q_mode5EL9ap_o_mode3ELi0EELj4EEENS1_IS2_ILi39ELi19ELS3_5ELS4_3ELi0EELj4EEE7config4EEvRKT_PAsrT1_6n_chan_12ap_shift_regINSA_10value_typeEXsrSD_8in_widthEERN3hls6streamIT0_111, void %rewind_header"   --->   Operation 110 'phi' 'p_ZZN4nnet24compute_output_buffer_2dINS_5arrayI8ap_fixedILi16ELi6EL9ap_q_mode5EL9ap_o_mode3ELi0EELj4EEENS1_IS2_ILi39ELi19ELS3_5ELS4_3ELi0EELj4EEE7config4EEvRKT_PAsrT1_6n_chan_12ap_shift_regINSA_10value_typeEXsrSD_8in_widthEERN3hls6streamIT0_59' <Predicate = true> <Delay = 0.00>
ST_2 : Operation 111 [1/1] (0.00ns)   --->   "%p_ZZN4nnet24compute_output_buffer_2dINS_5arrayI8ap_fixedILi16ELi6EL9ap_q_mode5EL9ap_o_mode3ELi0EELj4EEENS1_IS2_ILi39ELi19ELS3_5ELS4_3ELi0EELj4EEE7config4EEvRKT_PAsrT1_6n_chan_12ap_shift_regINSA_10value_typeEXsrSD_8in_widthEERN3hls6streamIT0_60 = phi i16 %p_ZZN4nnet24compute_output_buffer_2dINS_5arrayI8ap_fixedILi16ELi6EL9ap_q_mode5EL9ap_o_mode3ELi0EELj4EEENS1_IS2_ILi39ELi19ELS3_5ELS4_3ELi0EELj4EEE7config4EEvRKT_PAsrT1_6n_chan_12ap_shift_regINSA_10value_typeEXsrSD_8in_widthEERN3hls6streamIT0_79, void %rewind_init, i16 %p_ZZN4nnet24compute_output_buffer_2dINS_5arrayI8ap_fixedILi16ELi6EL9ap_q_mode5EL9ap_o_mode3ELi0EELj4EEENS1_IS2_ILi39ELi19ELS3_5ELS4_3ELi0EELj4EEE7config4EEvRKT_PAsrT1_6n_chan_12ap_shift_regINSA_10value_typeEXsrSD_8in_widthEERN3hls6streamIT0_112, void %rewind_header"   --->   Operation 111 'phi' 'p_ZZN4nnet24compute_output_buffer_2dINS_5arrayI8ap_fixedILi16ELi6EL9ap_q_mode5EL9ap_o_mode3ELi0EELj4EEENS1_IS2_ILi39ELi19ELS3_5ELS4_3ELi0EELj4EEE7config4EEvRKT_PAsrT1_6n_chan_12ap_shift_regINSA_10value_typeEXsrSD_8in_widthEERN3hls6streamIT0_60' <Predicate = true> <Delay = 0.00>
ST_2 : Operation 112 [1/1] (0.00ns)   --->   "%p_ZZN4nnet24compute_output_buffer_2dINS_5arrayI8ap_fixedILi16ELi6EL9ap_q_mode5EL9ap_o_mode3ELi0EELj4EEENS1_IS2_ILi39ELi19ELS3_5ELS4_3ELi0EELj4EEE7config4EEvRKT_PAsrT1_6n_chan_12ap_shift_regINSA_10value_typeEXsrSD_8in_widthEERN3hls6streamIT0_61 = phi i16 %p_ZZN4nnet24compute_output_buffer_2dINS_5arrayI8ap_fixedILi16ELi6EL9ap_q_mode5EL9ap_o_mode3ELi0EELj4EEENS1_IS2_ILi39ELi19ELS3_5ELS4_3ELi0EELj4EEE7config4EEvRKT_PAsrT1_6n_chan_12ap_shift_regINSA_10value_typeEXsrSD_8in_widthEERN3hls6streamIT0_78, void %rewind_init, i16 %p_ZZN4nnet24compute_output_buffer_2dINS_5arrayI8ap_fixedILi16ELi6EL9ap_q_mode5EL9ap_o_mode3ELi0EELj4EEENS1_IS2_ILi39ELi19ELS3_5ELS4_3ELi0EELj4EEE7config4EEvRKT_PAsrT1_6n_chan_12ap_shift_regINSA_10value_typeEXsrSD_8in_widthEERN3hls6streamIT0_113, void %rewind_header"   --->   Operation 112 'phi' 'p_ZZN4nnet24compute_output_buffer_2dINS_5arrayI8ap_fixedILi16ELi6EL9ap_q_mode5EL9ap_o_mode3ELi0EELj4EEENS1_IS2_ILi39ELi19ELS3_5ELS4_3ELi0EELj4EEE7config4EEvRKT_PAsrT1_6n_chan_12ap_shift_regINSA_10value_typeEXsrSD_8in_widthEERN3hls6streamIT0_61' <Predicate = true> <Delay = 0.00>
ST_2 : Operation 113 [1/1] (0.00ns)   --->   "%p_ZZN4nnet24compute_output_buffer_2dINS_5arrayI8ap_fixedILi16ELi6EL9ap_q_mode5EL9ap_o_mode3ELi0EELj4EEENS1_IS2_ILi39ELi19ELS3_5ELS4_3ELi0EELj4EEE7config4EEvRKT_PAsrT1_6n_chan_12ap_shift_regINSA_10value_typeEXsrSD_8in_widthEERN3hls6streamIT0_62 = phi i16 %p_ZZN4nnet24compute_output_buffer_2dINS_5arrayI8ap_fixedILi16ELi6EL9ap_q_mode5EL9ap_o_mode3ELi0EELj4EEENS1_IS2_ILi39ELi19ELS3_5ELS4_3ELi0EELj4EEE7config4EEvRKT_PAsrT1_6n_chan_12ap_shift_regINSA_10value_typeEXsrSD_8in_widthEERN3hls6streamIT0_77, void %rewind_init, i16 %p_ZZN4nnet24compute_output_buffer_2dINS_5arrayI8ap_fixedILi16ELi6EL9ap_q_mode5EL9ap_o_mode3ELi0EELj4EEENS1_IS2_ILi39ELi19ELS3_5ELS4_3ELi0EELj4EEE7config4EEvRKT_PAsrT1_6n_chan_12ap_shift_regINSA_10value_typeEXsrSD_8in_widthEERN3hls6streamIT0_114, void %rewind_header"   --->   Operation 113 'phi' 'p_ZZN4nnet24compute_output_buffer_2dINS_5arrayI8ap_fixedILi16ELi6EL9ap_q_mode5EL9ap_o_mode3ELi0EELj4EEENS1_IS2_ILi39ELi19ELS3_5ELS4_3ELi0EELj4EEE7config4EEvRKT_PAsrT1_6n_chan_12ap_shift_regINSA_10value_typeEXsrSD_8in_widthEERN3hls6streamIT0_62' <Predicate = true> <Delay = 0.00>
ST_2 : Operation 114 [1/1] (0.00ns)   --->   "%p_ZZN4nnet24compute_output_buffer_2dINS_5arrayI8ap_fixedILi16ELi6EL9ap_q_mode5EL9ap_o_mode3ELi0EELj4EEENS1_IS2_ILi39ELi19ELS3_5ELS4_3ELi0EELj4EEE7config4EEvRKT_PAsrT1_6n_chan_12ap_shift_regINSA_10value_typeEXsrSD_8in_widthEERN3hls6streamIT0_63 = phi i16 %p_ZZN4nnet24compute_output_buffer_2dINS_5arrayI8ap_fixedILi16ELi6EL9ap_q_mode5EL9ap_o_mode3ELi0EELj4EEENS1_IS2_ILi39ELi19ELS3_5ELS4_3ELi0EELj4EEE7config4EEvRKT_PAsrT1_6n_chan_12ap_shift_regINSA_10value_typeEXsrSD_8in_widthEERN3hls6streamIT0_76, void %rewind_init, i16 %p_ZZN4nnet24compute_output_buffer_2dINS_5arrayI8ap_fixedILi16ELi6EL9ap_q_mode5EL9ap_o_mode3ELi0EELj4EEENS1_IS2_ILi39ELi19ELS3_5ELS4_3ELi0EELj4EEE7config4EEvRKT_PAsrT1_6n_chan_12ap_shift_regINSA_10value_typeEXsrSD_8in_widthEERN3hls6streamIT0_115, void %rewind_header"   --->   Operation 114 'phi' 'p_ZZN4nnet24compute_output_buffer_2dINS_5arrayI8ap_fixedILi16ELi6EL9ap_q_mode5EL9ap_o_mode3ELi0EELj4EEENS1_IS2_ILi39ELi19ELS3_5ELS4_3ELi0EELj4EEE7config4EEvRKT_PAsrT1_6n_chan_12ap_shift_regINSA_10value_typeEXsrSD_8in_widthEERN3hls6streamIT0_63' <Predicate = true> <Delay = 0.00>
ST_2 : Operation 115 [1/1] (0.00ns)   --->   "%p_ZZN4nnet24compute_output_buffer_2dINS_5arrayI8ap_fixedILi16ELi6EL9ap_q_mode5EL9ap_o_mode3ELi0EELj4EEENS1_IS2_ILi39ELi19ELS3_5ELS4_3ELi0EELj4EEE7config4EEvRKT_PAsrT1_6n_chan_12ap_shift_regINSA_10value_typeEXsrSD_8in_widthEERN3hls6streamIT0_64 = phi i16 %p_ZZN4nnet24compute_output_buffer_2dINS_5arrayI8ap_fixedILi16ELi6EL9ap_q_mode5EL9ap_o_mode3ELi0EELj4EEENS1_IS2_ILi39ELi19ELS3_5ELS4_3ELi0EELj4EEE7config4EEvRKT_PAsrT1_6n_chan_12ap_shift_regINSA_10value_typeEXsrSD_8in_widthEERN3hls6streamIT0_75, void %rewind_init, i16 %p_ZZN4nnet24compute_output_buffer_2dINS_5arrayI8ap_fixedILi16ELi6EL9ap_q_mode5EL9ap_o_mode3ELi0EELj4EEENS1_IS2_ILi39ELi19ELS3_5ELS4_3ELi0EELj4EEE7config4EEvRKT_PAsrT1_6n_chan_12ap_shift_regINSA_10value_typeEXsrSD_8in_widthEERN3hls6streamIT0_116, void %rewind_header"   --->   Operation 115 'phi' 'p_ZZN4nnet24compute_output_buffer_2dINS_5arrayI8ap_fixedILi16ELi6EL9ap_q_mode5EL9ap_o_mode3ELi0EELj4EEENS1_IS2_ILi39ELi19ELS3_5ELS4_3ELi0EELj4EEE7config4EEvRKT_PAsrT1_6n_chan_12ap_shift_regINSA_10value_typeEXsrSD_8in_widthEERN3hls6streamIT0_64' <Predicate = true> <Delay = 0.00>
ST_2 : Operation 116 [1/1] (0.00ns)   --->   "%p_ZZN4nnet24compute_output_buffer_2dINS_5arrayI8ap_fixedILi16ELi6EL9ap_q_mode5EL9ap_o_mode3ELi0EELj4EEENS1_IS2_ILi39ELi19ELS3_5ELS4_3ELi0EELj4EEE7config4EEvRKT_PAsrT1_6n_chan_12ap_shift_regINSA_10value_typeEXsrSD_8in_widthEERN3hls6streamIT0_65 = phi i16 %p_ZZN4nnet24compute_output_buffer_2dINS_5arrayI8ap_fixedILi16ELi6EL9ap_q_mode5EL9ap_o_mode3ELi0EELj4EEENS1_IS2_ILi39ELi19ELS3_5ELS4_3ELi0EELj4EEE7config4EEvRKT_PAsrT1_6n_chan_12ap_shift_regINSA_10value_typeEXsrSD_8in_widthEERN3hls6streamIT0_74, void %rewind_init, i16 %p_ZZN4nnet24compute_output_buffer_2dINS_5arrayI8ap_fixedILi16ELi6EL9ap_q_mode5EL9ap_o_mode3ELi0EELj4EEENS1_IS2_ILi39ELi19ELS3_5ELS4_3ELi0EELj4EEE7config4EEvRKT_PAsrT1_6n_chan_12ap_shift_regINSA_10value_typeEXsrSD_8in_widthEERN3hls6streamIT0_117, void %rewind_header"   --->   Operation 116 'phi' 'p_ZZN4nnet24compute_output_buffer_2dINS_5arrayI8ap_fixedILi16ELi6EL9ap_q_mode5EL9ap_o_mode3ELi0EELj4EEENS1_IS2_ILi39ELi19ELS3_5ELS4_3ELi0EELj4EEE7config4EEvRKT_PAsrT1_6n_chan_12ap_shift_regINSA_10value_typeEXsrSD_8in_widthEERN3hls6streamIT0_65' <Predicate = true> <Delay = 0.00>
ST_2 : Operation 117 [1/1] (0.00ns)   --->   "%p_ZZN4nnet24compute_output_buffer_2dINS_5arrayI8ap_fixedILi16ELi6EL9ap_q_mode5EL9ap_o_mode3ELi0EELj4EEENS1_IS2_ILi39ELi19ELS3_5ELS4_3ELi0EELj4EEE7config4EEvRKT_PAsrT1_6n_chan_12ap_shift_regINSA_10value_typeEXsrSD_8in_widthEERN3hls6streamIT0_66 = phi i16 %p_ZZN4nnet24compute_output_buffer_2dINS_5arrayI8ap_fixedILi16ELi6EL9ap_q_mode5EL9ap_o_mode3ELi0EELj4EEENS1_IS2_ILi39ELi19ELS3_5ELS4_3ELi0EELj4EEE7config4EEvRKT_PAsrT1_6n_chan_12ap_shift_regINSA_10value_typeEXsrSD_8in_widthEERN3hls6streamIT0_73, void %rewind_init, i16 %p_ZZN4nnet24compute_output_buffer_2dINS_5arrayI8ap_fixedILi16ELi6EL9ap_q_mode5EL9ap_o_mode3ELi0EELj4EEENS1_IS2_ILi39ELi19ELS3_5ELS4_3ELi0EELj4EEE7config4EEvRKT_PAsrT1_6n_chan_12ap_shift_regINSA_10value_typeEXsrSD_8in_widthEERN3hls6streamIT0_118, void %rewind_header"   --->   Operation 117 'phi' 'p_ZZN4nnet24compute_output_buffer_2dINS_5arrayI8ap_fixedILi16ELi6EL9ap_q_mode5EL9ap_o_mode3ELi0EELj4EEENS1_IS2_ILi39ELi19ELS3_5ELS4_3ELi0EELj4EEE7config4EEvRKT_PAsrT1_6n_chan_12ap_shift_regINSA_10value_typeEXsrSD_8in_widthEERN3hls6streamIT0_66' <Predicate = true> <Delay = 0.00>
ST_2 : Operation 118 [1/1] (0.00ns)   --->   "%p_ZZN4nnet24compute_output_buffer_2dINS_5arrayI8ap_fixedILi16ELi6EL9ap_q_mode5EL9ap_o_mode3ELi0EELj4EEENS1_IS2_ILi39ELi19ELS3_5ELS4_3ELi0EELj4EEE7config4EEvRKT_PAsrT1_6n_chan_12ap_shift_regINSA_10value_typeEXsrSD_8in_widthEERN3hls6streamIT0_67 = phi i16 %p_ZZN4nnet24compute_output_buffer_2dINS_5arrayI8ap_fixedILi16ELi6EL9ap_q_mode5EL9ap_o_mode3ELi0EELj4EEENS1_IS2_ILi39ELi19ELS3_5ELS4_3ELi0EELj4EEE7config4EEvRKT_PAsrT1_6n_chan_12ap_shift_regINSA_10value_typeEXsrSD_8in_widthEERN3hls6streamIT0_72, void %rewind_init, i16 %p_ZZN4nnet24compute_output_buffer_2dINS_5arrayI8ap_fixedILi16ELi6EL9ap_q_mode5EL9ap_o_mode3ELi0EELj4EEENS1_IS2_ILi39ELi19ELS3_5ELS4_3ELi0EELj4EEE7config4EEvRKT_PAsrT1_6n_chan_12ap_shift_regINSA_10value_typeEXsrSD_8in_widthEERN3hls6streamIT0_119, void %rewind_header"   --->   Operation 118 'phi' 'p_ZZN4nnet24compute_output_buffer_2dINS_5arrayI8ap_fixedILi16ELi6EL9ap_q_mode5EL9ap_o_mode3ELi0EELj4EEENS1_IS2_ILi39ELi19ELS3_5ELS4_3ELi0EELj4EEE7config4EEvRKT_PAsrT1_6n_chan_12ap_shift_regINSA_10value_typeEXsrSD_8in_widthEERN3hls6streamIT0_67' <Predicate = true> <Delay = 0.00>
ST_2 : Operation 119 [1/1] (0.00ns)   --->   "%p_ZZN4nnet24compute_output_buffer_2dINS_5arrayI8ap_fixedILi16ELi6EL9ap_q_mode5EL9ap_o_mode3ELi0EELj4EEENS1_IS2_ILi39ELi19ELS3_5ELS4_3ELi0EELj4EEE7config4EEvRKT_PAsrT1_6n_chan_12ap_shift_regINSA_10value_typeEXsrSD_8in_widthEERN3hls6streamIT0_68 = phi i16 %p_ZZN4nnet24compute_output_buffer_2dINS_5arrayI8ap_fixedILi16ELi6EL9ap_q_mode5EL9ap_o_mode3ELi0EELj4EEENS1_IS2_ILi39ELi19ELS3_5ELS4_3ELi0EELj4EEE7config4EEvRKT_PAsrT1_6n_chan_12ap_shift_regINSA_10value_typeEXsrSD_8in_widthEERN3hls6streamIT0_71, void %rewind_init, i16 %p_ZZN4nnet24compute_output_buffer_2dINS_5arrayI8ap_fixedILi16ELi6EL9ap_q_mode5EL9ap_o_mode3ELi0EELj4EEENS1_IS2_ILi39ELi19ELS3_5ELS4_3ELi0EELj4EEE7config4EEvRKT_PAsrT1_6n_chan_12ap_shift_regINSA_10value_typeEXsrSD_8in_widthEERN3hls6streamIT0_120, void %rewind_header"   --->   Operation 119 'phi' 'p_ZZN4nnet24compute_output_buffer_2dINS_5arrayI8ap_fixedILi16ELi6EL9ap_q_mode5EL9ap_o_mode3ELi0EELj4EEENS1_IS2_ILi39ELi19ELS3_5ELS4_3ELi0EELj4EEE7config4EEvRKT_PAsrT1_6n_chan_12ap_shift_regINSA_10value_typeEXsrSD_8in_widthEERN3hls6streamIT0_68' <Predicate = true> <Delay = 0.00>
ST_2 : Operation 120 [1/1] (0.00ns)   --->   "%p_ZZN4nnet24compute_output_buffer_2dINS_5arrayI8ap_fixedILi16ELi6EL9ap_q_mode5EL9ap_o_mode3ELi0EELj4EEENS1_IS2_ILi39ELi19ELS3_5ELS4_3ELi0EELj4EEE7config4EEvRKT_PAsrT1_6n_chan_12ap_shift_regINSA_10value_typeEXsrSD_8in_widthEERN3hls6streamIT0_69 = phi i16 %p_ZZN4nnet24compute_output_buffer_2dINS_5arrayI8ap_fixedILi16ELi6EL9ap_q_mode5EL9ap_o_mode3ELi0EELj4EEENS1_IS2_ILi39ELi19ELS3_5ELS4_3ELi0EELj4EEE7config4EEvRKT_PAsrT1_6n_chan_12ap_shift_regINSA_10value_typeEXsrSD_8in_widthEERN3hls6streamIT0_70, void %rewind_init, i16 %p_ZZN4nnet24compute_output_buffer_2dINS_5arrayI8ap_fixedILi16ELi6EL9ap_q_mode5EL9ap_o_mode3ELi0EELj4EEENS1_IS2_ILi39ELi19ELS3_5ELS4_3ELi0EELj4EEE7config4EEvRKT_PAsrT1_6n_chan_12ap_shift_regINSA_10value_typeEXsrSD_8in_widthEERN3hls6streamIT0_121, void %rewind_header"   --->   Operation 120 'phi' 'p_ZZN4nnet24compute_output_buffer_2dINS_5arrayI8ap_fixedILi16ELi6EL9ap_q_mode5EL9ap_o_mode3ELi0EELj4EEENS1_IS2_ILi39ELi19ELS3_5ELS4_3ELi0EELj4EEE7config4EEvRKT_PAsrT1_6n_chan_12ap_shift_regINSA_10value_typeEXsrSD_8in_widthEERN3hls6streamIT0_69' <Predicate = true> <Delay = 0.00>
ST_2 : Operation 121 [1/1] (0.00ns)   --->   "%void_compute_output_buffer_2d_array_array_ap_fixed_4u_config4_array_ap_fixed_16_6_5_3_0_4u_const_ap_shift_reg_value_type_in_width_n_chan_stream_array_ap_fixed_39_19_5_3_0_4u_0_weight_t_bias_t_kernel_data_load_phi = phi i16 %void_compute_output_buffer_2d_array_array_ap_fixed_4u_config4_array_ap_fixed_16_6_5_3_0_4u_const_ap_shift_reg_value_type_in_width_n_chan_stream_array_ap_fixed_39_19_5_3_0_4u_0_weight_t_bias_t_kernel_data_load, void %rewind_init, i16 %void_compute_output_buffer_2d_array_array_ap_fixed_4u_config4_array_ap_fixed_16_6_5_3_0_4u_const_ap_shift_reg_value_type_in_width_n_chan_stream_array_ap_fixed_39_19_5_3_0_4u_0_weight_t_bias_t_kernel_data_load_rewind, void %rewind_header"   --->   Operation 121 'phi' 'void_compute_output_buffer_2d_array_array_ap_fixed_4u_config4_array_ap_fixed_16_6_5_3_0_4u_const_ap_shift_reg_value_type_in_width_n_chan_stream_array_ap_fixed_39_19_5_3_0_4u_0_weight_t_bias_t_kernel_data_load_phi' <Predicate = true> <Delay = 0.00>
ST_2 : Operation 122 [1/1] (0.00ns)   --->   "%void_compute_output_buffer_2d_array_array_ap_fixed_4u_config4_array_ap_fixed_16_6_5_3_0_4u_const_ap_shift_reg_value_type_in_width_n_chan_stream_array_ap_fixed_39_19_5_3_0_4u_0_weight_t_bias_t_kernel_data_1_load_phi = phi i16 %void_compute_output_buffer_2d_array_array_ap_fixed_4u_config4_array_ap_fixed_16_6_5_3_0_4u_const_ap_shift_reg_value_type_in_width_n_chan_stream_array_ap_fixed_39_19_5_3_0_4u_0_weight_t_bias_t_kernel_data_1_load, void %rewind_init, i16 %void_compute_output_buffer_2d_array_array_ap_fixed_4u_config4_array_ap_fixed_16_6_5_3_0_4u_const_ap_shift_reg_value_type_in_width_n_chan_stream_array_ap_fixed_39_19_5_3_0_4u_0_weight_t_bias_t_kernel_data_1_load_rewind, void %rewind_header"   --->   Operation 122 'phi' 'void_compute_output_buffer_2d_array_array_ap_fixed_4u_config4_array_ap_fixed_16_6_5_3_0_4u_const_ap_shift_reg_value_type_in_width_n_chan_stream_array_ap_fixed_39_19_5_3_0_4u_0_weight_t_bias_t_kernel_data_1_load_phi' <Predicate = true> <Delay = 0.00>
ST_2 : Operation 123 [1/1] (0.00ns)   --->   "%void_compute_output_buffer_2d_array_array_ap_fixed_4u_config4_array_ap_fixed_16_6_5_3_0_4u_const_ap_shift_reg_value_type_in_width_n_chan_stream_array_ap_fixed_39_19_5_3_0_4u_0_weight_t_bias_t_kernel_data_2_load_phi = phi i16 %void_compute_output_buffer_2d_array_array_ap_fixed_4u_config4_array_ap_fixed_16_6_5_3_0_4u_const_ap_shift_reg_value_type_in_width_n_chan_stream_array_ap_fixed_39_19_5_3_0_4u_0_weight_t_bias_t_kernel_data_2_load, void %rewind_init, i16 %void_compute_output_buffer_2d_array_array_ap_fixed_4u_config4_array_ap_fixed_16_6_5_3_0_4u_const_ap_shift_reg_value_type_in_width_n_chan_stream_array_ap_fixed_39_19_5_3_0_4u_0_weight_t_bias_t_kernel_data_2_load_rewind, void %rewind_header"   --->   Operation 123 'phi' 'void_compute_output_buffer_2d_array_array_ap_fixed_4u_config4_array_ap_fixed_16_6_5_3_0_4u_const_ap_shift_reg_value_type_in_width_n_chan_stream_array_ap_fixed_39_19_5_3_0_4u_0_weight_t_bias_t_kernel_data_2_load_phi' <Predicate = true> <Delay = 0.00>
ST_2 : Operation 124 [1/1] (0.00ns)   --->   "%void_compute_output_buffer_2d_array_array_ap_fixed_4u_config4_array_ap_fixed_16_6_5_3_0_4u_const_ap_shift_reg_value_type_in_width_n_chan_stream_array_ap_fixed_39_19_5_3_0_4u_0_weight_t_bias_t_kernel_data_3_load_phi = phi i16 %void_compute_output_buffer_2d_array_array_ap_fixed_4u_config4_array_ap_fixed_16_6_5_3_0_4u_const_ap_shift_reg_value_type_in_width_n_chan_stream_array_ap_fixed_39_19_5_3_0_4u_0_weight_t_bias_t_kernel_data_3_load, void %rewind_init, i16 %void_compute_output_buffer_2d_array_array_ap_fixed_4u_config4_array_ap_fixed_16_6_5_3_0_4u_const_ap_shift_reg_value_type_in_width_n_chan_stream_array_ap_fixed_39_19_5_3_0_4u_0_weight_t_bias_t_kernel_data_3_load_rewind, void %rewind_header"   --->   Operation 124 'phi' 'void_compute_output_buffer_2d_array_array_ap_fixed_4u_config4_array_ap_fixed_16_6_5_3_0_4u_const_ap_shift_reg_value_type_in_width_n_chan_stream_array_ap_fixed_39_19_5_3_0_4u_0_weight_t_bias_t_kernel_data_3_load_phi' <Predicate = true> <Delay = 0.00>
ST_2 : Operation 125 [1/1] (0.00ns)   --->   "%void_compute_output_buffer_2d_array_array_ap_fixed_4u_config4_array_ap_fixed_16_6_5_3_0_4u_const_ap_shift_reg_value_type_in_width_n_chan_stream_array_ap_fixed_39_19_5_3_0_4u_0_weight_t_bias_t_kernel_data_4_load_phi = phi i16 %void_compute_output_buffer_2d_array_array_ap_fixed_4u_config4_array_ap_fixed_16_6_5_3_0_4u_const_ap_shift_reg_value_type_in_width_n_chan_stream_array_ap_fixed_39_19_5_3_0_4u_0_weight_t_bias_t_kernel_data_4_load, void %rewind_init, i16 %void_compute_output_buffer_2d_array_array_ap_fixed_4u_config4_array_ap_fixed_16_6_5_3_0_4u_const_ap_shift_reg_value_type_in_width_n_chan_stream_array_ap_fixed_39_19_5_3_0_4u_0_weight_t_bias_t_kernel_data_4_load_rewind, void %rewind_header"   --->   Operation 125 'phi' 'void_compute_output_buffer_2d_array_array_ap_fixed_4u_config4_array_ap_fixed_16_6_5_3_0_4u_const_ap_shift_reg_value_type_in_width_n_chan_stream_array_ap_fixed_39_19_5_3_0_4u_0_weight_t_bias_t_kernel_data_4_load_phi' <Predicate = true> <Delay = 0.00>
ST_2 : Operation 126 [1/1] (0.00ns)   --->   "%void_compute_output_buffer_2d_array_array_ap_fixed_4u_config4_array_ap_fixed_16_6_5_3_0_4u_const_ap_shift_reg_value_type_in_width_n_chan_stream_array_ap_fixed_39_19_5_3_0_4u_0_weight_t_bias_t_kernel_data_5_load_phi = phi i16 %void_compute_output_buffer_2d_array_array_ap_fixed_4u_config4_array_ap_fixed_16_6_5_3_0_4u_const_ap_shift_reg_value_type_in_width_n_chan_stream_array_ap_fixed_39_19_5_3_0_4u_0_weight_t_bias_t_kernel_data_5_load, void %rewind_init, i16 %void_compute_output_buffer_2d_array_array_ap_fixed_4u_config4_array_ap_fixed_16_6_5_3_0_4u_const_ap_shift_reg_value_type_in_width_n_chan_stream_array_ap_fixed_39_19_5_3_0_4u_0_weight_t_bias_t_kernel_data_5_load_rewind, void %rewind_header"   --->   Operation 126 'phi' 'void_compute_output_buffer_2d_array_array_ap_fixed_4u_config4_array_ap_fixed_16_6_5_3_0_4u_const_ap_shift_reg_value_type_in_width_n_chan_stream_array_ap_fixed_39_19_5_3_0_4u_0_weight_t_bias_t_kernel_data_5_load_phi' <Predicate = true> <Delay = 0.00>
ST_2 : Operation 127 [1/1] (0.00ns)   --->   "%void_compute_output_buffer_2d_array_array_ap_fixed_4u_config4_array_ap_fixed_16_6_5_3_0_4u_const_ap_shift_reg_value_type_in_width_n_chan_stream_array_ap_fixed_39_19_5_3_0_4u_0_weight_t_bias_t_kernel_data_6_load_phi = phi i16 %void_compute_output_buffer_2d_array_array_ap_fixed_4u_config4_array_ap_fixed_16_6_5_3_0_4u_const_ap_shift_reg_value_type_in_width_n_chan_stream_array_ap_fixed_39_19_5_3_0_4u_0_weight_t_bias_t_kernel_data_6_load, void %rewind_init, i16 %void_compute_output_buffer_2d_array_array_ap_fixed_4u_config4_array_ap_fixed_16_6_5_3_0_4u_const_ap_shift_reg_value_type_in_width_n_chan_stream_array_ap_fixed_39_19_5_3_0_4u_0_weight_t_bias_t_kernel_data_6_load_rewind, void %rewind_header"   --->   Operation 127 'phi' 'void_compute_output_buffer_2d_array_array_ap_fixed_4u_config4_array_ap_fixed_16_6_5_3_0_4u_const_ap_shift_reg_value_type_in_width_n_chan_stream_array_ap_fixed_39_19_5_3_0_4u_0_weight_t_bias_t_kernel_data_6_load_phi' <Predicate = true> <Delay = 0.00>
ST_2 : Operation 128 [1/1] (0.00ns)   --->   "%void_compute_output_buffer_2d_array_array_ap_fixed_4u_config4_array_ap_fixed_16_6_5_3_0_4u_const_ap_shift_reg_value_type_in_width_n_chan_stream_array_ap_fixed_39_19_5_3_0_4u_0_weight_t_bias_t_kernel_data_7_load_phi = phi i16 %void_compute_output_buffer_2d_array_array_ap_fixed_4u_config4_array_ap_fixed_16_6_5_3_0_4u_const_ap_shift_reg_value_type_in_width_n_chan_stream_array_ap_fixed_39_19_5_3_0_4u_0_weight_t_bias_t_kernel_data_7_load, void %rewind_init, i16 %void_compute_output_buffer_2d_array_array_ap_fixed_4u_config4_array_ap_fixed_16_6_5_3_0_4u_const_ap_shift_reg_value_type_in_width_n_chan_stream_array_ap_fixed_39_19_5_3_0_4u_0_weight_t_bias_t_kernel_data_7_load_rewind, void %rewind_header"   --->   Operation 128 'phi' 'void_compute_output_buffer_2d_array_array_ap_fixed_4u_config4_array_ap_fixed_16_6_5_3_0_4u_const_ap_shift_reg_value_type_in_width_n_chan_stream_array_ap_fixed_39_19_5_3_0_4u_0_weight_t_bias_t_kernel_data_7_load_phi' <Predicate = true> <Delay = 0.00>
ST_2 : Operation 129 [1/1] (0.00ns)   --->   "%void_compute_output_buffer_2d_array_array_ap_fixed_4u_config4_array_ap_fixed_16_6_5_3_0_4u_const_ap_shift_reg_value_type_in_width_n_chan_stream_array_ap_fixed_39_19_5_3_0_4u_0_weight_t_bias_t_kernel_data_8_load_phi = phi i16 %void_compute_output_buffer_2d_array_array_ap_fixed_4u_config4_array_ap_fixed_16_6_5_3_0_4u_const_ap_shift_reg_value_type_in_width_n_chan_stream_array_ap_fixed_39_19_5_3_0_4u_0_weight_t_bias_t_kernel_data_8_load, void %rewind_init, i16 %void_compute_output_buffer_2d_array_array_ap_fixed_4u_config4_array_ap_fixed_16_6_5_3_0_4u_const_ap_shift_reg_value_type_in_width_n_chan_stream_array_ap_fixed_39_19_5_3_0_4u_0_weight_t_bias_t_kernel_data_8_load_rewind, void %rewind_header"   --->   Operation 129 'phi' 'void_compute_output_buffer_2d_array_array_ap_fixed_4u_config4_array_ap_fixed_16_6_5_3_0_4u_const_ap_shift_reg_value_type_in_width_n_chan_stream_array_ap_fixed_39_19_5_3_0_4u_0_weight_t_bias_t_kernel_data_8_load_phi' <Predicate = true> <Delay = 0.00>
ST_2 : Operation 130 [1/1] (0.00ns)   --->   "%void_compute_output_buffer_2d_array_array_ap_fixed_4u_config4_array_ap_fixed_16_6_5_3_0_4u_const_ap_shift_reg_value_type_in_width_n_chan_stream_array_ap_fixed_39_19_5_3_0_4u_0_weight_t_bias_t_kernel_data_9_load_phi = phi i16 %void_compute_output_buffer_2d_array_array_ap_fixed_4u_config4_array_ap_fixed_16_6_5_3_0_4u_const_ap_shift_reg_value_type_in_width_n_chan_stream_array_ap_fixed_39_19_5_3_0_4u_0_weight_t_bias_t_kernel_data_9_load, void %rewind_init, i16 %void_compute_output_buffer_2d_array_array_ap_fixed_4u_config4_array_ap_fixed_16_6_5_3_0_4u_const_ap_shift_reg_value_type_in_width_n_chan_stream_array_ap_fixed_39_19_5_3_0_4u_0_weight_t_bias_t_kernel_data_9_load_rewind, void %rewind_header"   --->   Operation 130 'phi' 'void_compute_output_buffer_2d_array_array_ap_fixed_4u_config4_array_ap_fixed_16_6_5_3_0_4u_const_ap_shift_reg_value_type_in_width_n_chan_stream_array_ap_fixed_39_19_5_3_0_4u_0_weight_t_bias_t_kernel_data_9_load_phi' <Predicate = true> <Delay = 0.00>
ST_2 : Operation 131 [1/2] (2.32ns)   --->   "%out_index = load i8 %outidx_addr"   --->   Operation 131 'load' 'out_index' <Predicate = true> <Delay = 2.32> <CoreInst = "ROM">   --->   Core 95 'ROM' <Latency = 1> <II = 1> <Delay = 2.32> <Storage> <Opcode : 'load'> <Ports = 0> <Width = 2> <Depth = 144> <ROM>
ST_2 : Operation 132 [1/1] (3.20ns)   --->   "%a_V = mux i16 @_ssdm_op_Mux.ap_auto.36i16.i32, i16 %void_compute_output_buffer_2d_array_array_ap_fixed_4u_config4_array_ap_fixed_16_6_5_3_0_4u_const_ap_shift_reg_value_type_in_width_n_chan_stream_array_ap_fixed_39_19_5_3_0_4u_0_weight_t_bias_t_kernel_data_9_load_phi, i16 %void_compute_output_buffer_2d_array_array_ap_fixed_4u_config4_array_ap_fixed_16_6_5_3_0_4u_const_ap_shift_reg_value_type_in_width_n_chan_stream_array_ap_fixed_39_19_5_3_0_4u_0_weight_t_bias_t_kernel_data_8_load_phi, i16 %void_compute_output_buffer_2d_array_array_ap_fixed_4u_config4_array_ap_fixed_16_6_5_3_0_4u_const_ap_shift_reg_value_type_in_width_n_chan_stream_array_ap_fixed_39_19_5_3_0_4u_0_weight_t_bias_t_kernel_data_7_load_phi, i16 %void_compute_output_buffer_2d_array_array_ap_fixed_4u_config4_array_ap_fixed_16_6_5_3_0_4u_const_ap_shift_reg_value_type_in_width_n_chan_stream_array_ap_fixed_39_19_5_3_0_4u_0_weight_t_bias_t_kernel_data_6_load_phi, i16 %void_compute_output_buffer_2d_array_array_ap_fixed_4u_config4_array_ap_fixed_16_6_5_3_0_4u_const_ap_shift_reg_value_type_in_width_n_chan_stream_array_ap_fixed_39_19_5_3_0_4u_0_weight_t_bias_t_kernel_data_5_load_phi, i16 %void_compute_output_buffer_2d_array_array_ap_fixed_4u_config4_array_ap_fixed_16_6_5_3_0_4u_const_ap_shift_reg_value_type_in_width_n_chan_stream_array_ap_fixed_39_19_5_3_0_4u_0_weight_t_bias_t_kernel_data_4_load_phi, i16 %void_compute_output_buffer_2d_array_array_ap_fixed_4u_config4_array_ap_fixed_16_6_5_3_0_4u_const_ap_shift_reg_value_type_in_width_n_chan_stream_array_ap_fixed_39_19_5_3_0_4u_0_weight_t_bias_t_kernel_data_3_load_phi, i16 %void_compute_output_buffer_2d_array_array_ap_fixed_4u_config4_array_ap_fixed_16_6_5_3_0_4u_const_ap_shift_reg_value_type_in_width_n_chan_stream_array_ap_fixed_39_19_5_3_0_4u_0_weight_t_bias_t_kernel_data_2_load_phi, i16 %void_compute_output_buffer_2d_array_array_ap_fixed_4u_config4_array_ap_fixed_16_6_5_3_0_4u_const_ap_shift_reg_value_type_in_width_n_chan_stream_array_ap_fixed_39_19_5_3_0_4u_0_weight_t_bias_t_kernel_data_1_load_phi, i16 %void_compute_output_buffer_2d_array_array_ap_fixed_4u_config4_array_ap_fixed_16_6_5_3_0_4u_const_ap_shift_reg_value_type_in_width_n_chan_stream_array_ap_fixed_39_19_5_3_0_4u_0_weight_t_bias_t_kernel_data_load_phi, i16 %p_ZZN4nnet24compute_output_buffer_2dINS_5arrayI8ap_fixedILi16ELi6EL9ap_q_mode5EL9ap_o_mode3ELi0EELj4EEENS1_IS2_ILi39ELi19ELS3_5ELS4_3ELi0EELj4EEE7config4EEvRKT_PAsrT1_6n_chan_12ap_shift_regINSA_10value_typeEXsrSD_8in_widthEERN3hls6streamIT0_69, i16 %p_ZZN4nnet24compute_output_buffer_2dINS_5arrayI8ap_fixedILi16ELi6EL9ap_q_mode5EL9ap_o_mode3ELi0EELj4EEENS1_IS2_ILi39ELi19ELS3_5ELS4_3ELi0EELj4EEE7config4EEvRKT_PAsrT1_6n_chan_12ap_shift_regINSA_10value_typeEXsrSD_8in_widthEERN3hls6streamIT0_68, i16 %p_ZZN4nnet24compute_output_buffer_2dINS_5arrayI8ap_fixedILi16ELi6EL9ap_q_mode5EL9ap_o_mode3ELi0EELj4EEENS1_IS2_ILi39ELi19ELS3_5ELS4_3ELi0EELj4EEE7config4EEvRKT_PAsrT1_6n_chan_12ap_shift_regINSA_10value_typeEXsrSD_8in_widthEERN3hls6streamIT0_67, i16 %p_ZZN4nnet24compute_output_buffer_2dINS_5arrayI8ap_fixedILi16ELi6EL9ap_q_mode5EL9ap_o_mode3ELi0EELj4EEENS1_IS2_ILi39ELi19ELS3_5ELS4_3ELi0EELj4EEE7config4EEvRKT_PAsrT1_6n_chan_12ap_shift_regINSA_10value_typeEXsrSD_8in_widthEERN3hls6streamIT0_66, i16 %p_ZZN4nnet24compute_output_buffer_2dINS_5arrayI8ap_fixedILi16ELi6EL9ap_q_mode5EL9ap_o_mode3ELi0EELj4EEENS1_IS2_ILi39ELi19ELS3_5ELS4_3ELi0EELj4EEE7config4EEvRKT_PAsrT1_6n_chan_12ap_shift_regINSA_10value_typeEXsrSD_8in_widthEERN3hls6streamIT0_65, i16 %p_ZZN4nnet24compute_output_buffer_2dINS_5arrayI8ap_fixedILi16ELi6EL9ap_q_mode5EL9ap_o_mode3ELi0EELj4EEENS1_IS2_ILi39ELi19ELS3_5ELS4_3ELi0EELj4EEE7config4EEvRKT_PAsrT1_6n_chan_12ap_shift_regINSA_10value_typeEXsrSD_8in_widthEERN3hls6streamIT0_64, i16 %p_ZZN4nnet24compute_output_buffer_2dINS_5arrayI8ap_fixedILi16ELi6EL9ap_q_mode5EL9ap_o_mode3ELi0EELj4EEENS1_IS2_ILi39ELi19ELS3_5ELS4_3ELi0EELj4EEE7config4EEvRKT_PAsrT1_6n_chan_12ap_shift_regINSA_10value_typeEXsrSD_8in_widthEERN3hls6streamIT0_63, i16 %p_ZZN4nnet24compute_output_buffer_2dINS_5arrayI8ap_fixedILi16ELi6EL9ap_q_mode5EL9ap_o_mode3ELi0EELj4EEENS1_IS2_ILi39ELi19ELS3_5ELS4_3ELi0EELj4EEE7config4EEvRKT_PAsrT1_6n_chan_12ap_shift_regINSA_10value_typeEXsrSD_8in_widthEERN3hls6streamIT0_62, i16 %p_ZZN4nnet24compute_output_buffer_2dINS_5arrayI8ap_fixedILi16ELi6EL9ap_q_mode5EL9ap_o_mode3ELi0EELj4EEENS1_IS2_ILi39ELi19ELS3_5ELS4_3ELi0EELj4EEE7config4EEvRKT_PAsrT1_6n_chan_12ap_shift_regINSA_10value_typeEXsrSD_8in_widthEERN3hls6streamIT0_61, i16 %p_ZZN4nnet24compute_output_buffer_2dINS_5arrayI8ap_fixedILi16ELi6EL9ap_q_mode5EL9ap_o_mode3ELi0EELj4EEENS1_IS2_ILi39ELi19ELS3_5ELS4_3ELi0EELj4EEE7config4EEvRKT_PAsrT1_6n_chan_12ap_shift_regINSA_10value_typeEXsrSD_8in_widthEERN3hls6streamIT0_60, i16 %p_ZZN4nnet24compute_output_buffer_2dINS_5arrayI8ap_fixedILi16ELi6EL9ap_q_mode5EL9ap_o_mode3ELi0EELj4EEENS1_IS2_ILi39ELi19ELS3_5ELS4_3ELi0EELj4EEE7config4EEvRKT_PAsrT1_6n_chan_12ap_shift_regINSA_10value_typeEXsrSD_8in_widthEERN3hls6streamIT0_59, i16 %p_ZZN4nnet24compute_output_buffer_2dINS_5arrayI8ap_fixedILi16ELi6EL9ap_q_mode5EL9ap_o_mode3ELi0EELj4EEENS1_IS2_ILi39ELi19ELS3_5ELS4_3ELi0EELj4EEE7config4EEvRKT_PAsrT1_6n_chan_12ap_shift_regINSA_10value_typeEXsrSD_8in_widthEERN3hls6streamIT0_58, i16 %p_ZZN4nnet24compute_output_buffer_2dINS_5arrayI8ap_fixedILi16ELi6EL9ap_q_mode5EL9ap_o_mode3ELi0EELj4EEENS1_IS2_ILi39ELi19ELS3_5ELS4_3ELi0EELj4EEE7config4EEvRKT_PAsrT1_6n_chan_12ap_shift_regINSA_10value_typeEXsrSD_8in_widthEERN3hls6streamIT0_57, i16 %p_ZZN4nnet24compute_output_buffer_2dINS_5arrayI8ap_fixedILi16ELi6EL9ap_q_mode5EL9ap_o_mode3ELi0EELj4EEENS1_IS2_ILi39ELi19ELS3_5ELS4_3ELi0EELj4EEE7config4EEvRKT_PAsrT1_6n_chan_12ap_shift_regINSA_10value_typeEXsrSD_8in_widthEERN3hls6streamIT0_56, i16 %p_ZZN4nnet24compute_output_buffer_2dINS_5arrayI8ap_fixedILi16ELi6EL9ap_q_mode5EL9ap_o_mode3ELi0EELj4EEENS1_IS2_ILi39ELi19ELS3_5ELS4_3ELi0EELj4EEE7config4EEvRKT_PAsrT1_6n_chan_12ap_shift_regINSA_10value_typeEXsrSD_8in_widthEERN3hls6streamIT0_55, i16 %p_ZZN4nnet24compute_output_buffer_2dINS_5arrayI8ap_fixedILi16ELi6EL9ap_q_mode5EL9ap_o_mode3ELi0EELj4EEENS1_IS2_ILi39ELi19ELS3_5ELS4_3ELi0EELj4EEE7config4EEvRKT_PAsrT1_6n_chan_12ap_shift_regINSA_10value_typeEXsrSD_8in_widthEERN3hls6streamIT0_54, i16 %p_ZZN4nnet24compute_output_buffer_2dINS_5arrayI8ap_fixedILi16ELi6EL9ap_q_mode5EL9ap_o_mode3ELi0EELj4EEENS1_IS2_ILi39ELi19ELS3_5ELS4_3ELi0EELj4EEE7config4EEvRKT_PAsrT1_6n_chan_12ap_shift_regINSA_10value_typeEXsrSD_8in_widthEERN3hls6streamIT0_53, i16 %p_ZZN4nnet24compute_output_buffer_2dINS_5arrayI8ap_fixedILi16ELi6EL9ap_q_mode5EL9ap_o_mode3ELi0EELj4EEENS1_IS2_ILi39ELi19ELS3_5ELS4_3ELi0EELj4EEE7config4EEvRKT_PAsrT1_6n_chan_12ap_shift_regINSA_10value_typeEXsrSD_8in_widthEERN3hls6streamIT0_52, i16 %p_ZZN4nnet24compute_output_buffer_2dINS_5arrayI8ap_fixedILi16ELi6EL9ap_q_mode5EL9ap_o_mode3ELi0EELj4EEENS1_IS2_ILi39ELi19ELS3_5ELS4_3ELi0EELj4EEE7config4EEvRKT_PAsrT1_6n_chan_12ap_shift_regINSA_10value_typeEXsrSD_8in_widthEERN3hls6streamIT0_51, i16 %p_ZZN4nnet24compute_output_buffer_2dINS_5arrayI8ap_fixedILi16ELi6EL9ap_q_mode5EL9ap_o_mode3ELi0EELj4EEENS1_IS2_ILi39ELi19ELS3_5ELS4_3ELi0EELj4EEE7config4EEvRKT_PAsrT1_6n_chan_12ap_shift_regINSA_10value_typeEXsrSD_8in_widthEERN3hls6streamIT0_50, i16 %p_ZZN4nnet24compute_output_buffer_2dINS_5arrayI8ap_fixedILi16ELi6EL9ap_q_mode5EL9ap_o_mode3ELi0EELj4EEENS1_IS2_ILi39ELi19ELS3_5ELS4_3ELi0EELj4EEE7config4EEvRKT_PAsrT1_6n_chan_12ap_shift_regINSA_10value_typeEXsrSD_8in_widthEERN3hls6streamIT0_49, i16 %p_ZZN4nnet24compute_output_buffer_2dINS_5arrayI8ap_fixedILi16ELi6EL9ap_q_mode5EL9ap_o_mode3ELi0EELj4EEENS1_IS2_ILi39ELi19ELS3_5ELS4_3ELi0EELj4EEE7config4EEvRKT_PAsrT1_6n_chan_12ap_shift_regINSA_10value_typeEXsrSD_8in_widthEERN3hls6streamIT0_48, i16 %p_ZZN4nnet24compute_output_buffer_2dINS_5arrayI8ap_fixedILi16ELi6EL9ap_q_mode5EL9ap_o_mode3ELi0EELj4EEENS1_IS2_ILi39ELi19ELS3_5ELS4_3ELi0EELj4EEE7config4EEvRKT_PAsrT1_6n_chan_12ap_shift_regINSA_10value_typeEXsrSD_8in_widthEERN3hls6streamIT0_47, i16 %p_ZZN4nnet24compute_output_buffer_2dINS_5arrayI8ap_fixedILi16ELi6EL9ap_q_mode5EL9ap_o_mode3ELi0EELj4EEENS1_IS2_ILi39ELi19ELS3_5ELS4_3ELi0EELj4EEE7config4EEvRKT_PAsrT1_6n_chan_12ap_shift_regINSA_10value_typeEXsrSD_8in_widthEERN3hls6streamIT0_46, i16 %p_ZZN4nnet24compute_output_buffer_2dINS_5arrayI8ap_fixedILi16ELi6EL9ap_q_mode5EL9ap_o_mode3ELi0EELj4EEENS1_IS2_ILi39ELi19ELS3_5ELS4_3ELi0EELj4EEE7config4EEvRKT_PAsrT1_6n_chan_12ap_shift_regINSA_10value_typeEXsrSD_8in_widthEERN3hls6streamIT0_45, i16 %p_ZZN4nnet24compute_output_buffer_2dINS_5arrayI8ap_fixedILi16ELi6EL9ap_q_mode5EL9ap_o_mode3ELi0EELj4EEENS1_IS2_ILi39ELi19ELS3_5ELS4_3ELi0EELj4EEE7config4EEvRKT_PAsrT1_6n_chan_12ap_shift_regINSA_10value_typeEXsrSD_8in_widthEERN3hls6streamIT0_44, i32 %in_index18" [firmware/nnet_utils/nnet_dense_resource.h:154]   --->   Operation 132 'mux' 'a_V' <Predicate = true> <Delay = 3.20> <CoreInst = "Multiplexer">   --->   Core 76 'Multiplexer' <Latency = 0> <II = 1> <Delay = 3.20> <FuncUnit> <Opcode : 'mux'> <InPorts = 2> <OutPorts = 1>
ST_2 : Operation 133 [1/2] (3.25ns)   --->   "%w_V = load i8 %w4_V_addr" [firmware/nnet_utils/nnet_dense_resource.h:135]   --->   Operation 133 'load' 'w_V' <Predicate = true> <Delay = 3.25> <CoreInst = "ROM_nP_BRAM">   --->   Core 103 'ROM_nP_BRAM' <Latency = 1> <II = 1> <Delay = 3.25> <Storage> <Opcode : 'load'> <Ports = 0> <Width = 12> <Depth = 144> <ROM>
ST_2 : Operation 134 [1/1] (0.00ns)   --->   "%sext_ln1168 = sext i16 %a_V"   --->   Operation 134 'sext' 'sext_ln1168' <Predicate = true> <Delay = 0.00>
ST_2 : Operation 135 [1/1] (0.00ns)   --->   "%sext_ln1168_2 = sext i12 %w_V"   --->   Operation 135 'sext' 'sext_ln1168_2' <Predicate = true> <Delay = 0.00>
ST_2 : Operation 136 [4/4] (2.15ns) (root node of the DSP)   --->   "%mul_ln1168 = mul i26 %sext_ln1168, i26 %sext_ln1168_2"   --->   Operation 136 'mul' 'mul_ln1168' <Predicate = true> <Delay = 2.15> <CoreInst = "DSP48">   --->   Core 119 'DSP48' <Latency = 3> <II = 1> <Delay = 2.15> <IPBlock> <Opcode : 'mul' 'add' 'sub' 'select'> <InPorts = 0> <OutPorts = 1> <Sync> <CReg>
ST_2 : Operation 137 [1/1] (2.55ns)   --->   "%in_index_1 = add i32 %in_index18, i32 1" [firmware/nnet_utils/nnet_dense_resource.h:153]   --->   Operation 137 'add' 'in_index_1' <Predicate = true> <Delay = 2.55> <CoreInst = "Adder">   --->   Core 1 'Adder' <Latency = 0> <II = 1> <Delay = 1.91> <FuncUnit> <Opcode : 'add' 'sub'> <InPorts = 2> <OutPorts = 1>
ST_2 : Operation 138 [1/1] (2.47ns)   --->   "%icmp_ln154 = icmp_sgt  i32 %in_index_1, i32 35" [firmware/nnet_utils/nnet_dense_resource.h:154]   --->   Operation 138 'icmp' 'icmp_ln154' <Predicate = true> <Delay = 2.47> <CoreInst = "Cmp">   --->   Core 9 'Cmp' <Latency = 0> <II = 1> <Delay = 2.47> <FuncUnit> <Opcode : 'icmp'> <InPorts = 2> <OutPorts = 1>
ST_2 : Operation 139 [1/1] (0.69ns)   --->   "%in_index = select i1 %icmp_ln154, i32 0, i32 %in_index_1" [firmware/nnet_utils/nnet_dense_resource.h:154]   --->   Operation 139 'select' 'in_index' <Predicate = true> <Delay = 0.69> <CoreInst = "Sel">   --->   Core 73 'Sel' <Latency = 0> <II = 1> <Delay = 0.69> <FuncUnit> <Opcode : 'select'> <InPorts = 3> <OutPorts = 1>

State 3 <SV = 2> <Delay = 2.15>
ST_3 : Operation 140 [3/4] (2.15ns) (root node of the DSP)   --->   "%mul_ln1168 = mul i26 %sext_ln1168, i26 %sext_ln1168_2"   --->   Operation 140 'mul' 'mul_ln1168' <Predicate = true> <Delay = 2.15> <CoreInst = "DSP48">   --->   Core 119 'DSP48' <Latency = 3> <II = 1> <Delay = 2.15> <IPBlock> <Opcode : 'mul' 'add' 'sub' 'select'> <InPorts = 0> <OutPorts = 1> <Sync> <CReg>

State 4 <SV = 3> <Delay = 2.15>
ST_4 : Operation 141 [2/4] (2.15ns) (root node of the DSP)   --->   "%mul_ln1168 = mul i26 %sext_ln1168, i26 %sext_ln1168_2"   --->   Operation 141 'mul' 'mul_ln1168' <Predicate = true> <Delay = 2.15> <CoreInst = "DSP48">   --->   Core 119 'DSP48' <Latency = 3> <II = 1> <Delay = 2.15> <IPBlock> <Opcode : 'mul' 'add' 'sub' 'select'> <InPorts = 0> <OutPorts = 1> <Sync> <CReg>

State 5 <SV = 4> <Delay = 5.49>
ST_5 : Operation 142 [1/1] (0.00ns)   --->   "%conv_i1_i15_i16 = phi i16 81, void %entry, i16 %acc_V, void %V32.i.i.i.i16.exit.i, i16 81, void %dense_resource_rf_gt_nin_rem0<ap_fixed<16, 6, 5, 3, 0>, ap_fixed<39, 19, 5, 3, 0>, config4_mult>.exit"   --->   Operation 142 'phi' 'conv_i1_i15_i16' <Predicate = true> <Delay = 0.00>
ST_5 : Operation 143 [1/1] (0.00ns)   --->   "%conv_i1_i18_i14 = phi i16 64, void %entry, i16 %acc_V_4, void %V32.i.i.i.i16.exit.i, i16 64, void %dense_resource_rf_gt_nin_rem0<ap_fixed<16, 6, 5, 3, 0>, ap_fixed<39, 19, 5, 3, 0>, config4_mult>.exit"   --->   Operation 143 'phi' 'conv_i1_i18_i14' <Predicate = true> <Delay = 0.00>
ST_5 : Operation 144 [1/1] (0.00ns)   --->   "%conv_i1_i21_i12 = phi i16 71, void %entry, i16 %acc_V_5, void %V32.i.i.i.i16.exit.i, i16 71, void %dense_resource_rf_gt_nin_rem0<ap_fixed<16, 6, 5, 3, 0>, ap_fixed<39, 19, 5, 3, 0>, config4_mult>.exit"   --->   Operation 144 'phi' 'conv_i1_i21_i12' <Predicate = true> <Delay = 0.00>
ST_5 : Operation 145 [1/1] (0.00ns)   --->   "%conv_i1_i24_i10 = phi i16 65496, void %entry, i16 %acc_V_6, void %V32.i.i.i.i16.exit.i, i16 65496, void %dense_resource_rf_gt_nin_rem0<ap_fixed<16, 6, 5, 3, 0>, ap_fixed<39, 19, 5, 3, 0>, config4_mult>.exit"   --->   Operation 145 'phi' 'conv_i1_i24_i10' <Predicate = true> <Delay = 0.00>
ST_5 : Operation 146 [1/1] (0.00ns)   --->   "%empty = speclooptripcount i32 @_ssdm_op_SpecLoopTripCount, i64 144, i64 144, i64 144"   --->   Operation 146 'speclooptripcount' 'empty' <Predicate = true> <Delay = 0.00>
ST_5 : Operation 147 [1/1] (0.00ns)   --->   "%specpipeline_ln119 = specpipeline void @_ssdm_op_SpecPipeline, i32 1, i32 0, i32 0, i32 0, void @empty_7" [firmware/nnet_utils/nnet_dense_resource.h:119]   --->   Operation 147 'specpipeline' 'specpipeline_ln119' <Predicate = true> <Delay = 0.00>
ST_5 : Operation 148 [1/1] (0.00ns)   --->   "%specloopname_ln119 = specloopname void @_ssdm_op_SpecLoopName, void @empty_1" [firmware/nnet_utils/nnet_dense_resource.h:119]   --->   Operation 148 'specloopname' 'specloopname_ln119' <Predicate = true> <Delay = 0.00>
ST_5 : Operation 149 [1/4] (0.00ns) (root node of the DSP)   --->   "%mul_ln1168 = mul i26 %sext_ln1168, i26 %sext_ln1168_2"   --->   Operation 149 'mul' 'mul_ln1168' <Predicate = true> <Delay = 0.00> <CoreInst = "DSP48">   --->   Core 119 'DSP48' <Latency = 3> <II = 1> <Delay = 2.15> <IPBlock> <Opcode : 'mul' 'add' 'sub' 'select'> <InPorts = 0> <OutPorts = 1> <Sync> <CReg>
ST_5 : Operation 150 [1/1] (0.00ns)   --->   "%trunc_ln = partselect i16 @_ssdm_op_PartSelect.i16.i26.i32.i32, i26 %mul_ln1168, i32 10, i32 25"   --->   Operation 150 'partselect' 'trunc_ln' <Predicate = true> <Delay = 0.00>
ST_5 : Operation 151 [1/1] (1.82ns)   --->   "%tmp_i = mux i16 @_ssdm_op_Mux.ap_auto.4i16.i2, i16 %conv_i1_i15_i16, i16 %conv_i1_i18_i14, i16 %conv_i1_i21_i12, i16 %conv_i1_i24_i10, i2 %out_index"   --->   Operation 151 'mux' 'tmp_i' <Predicate = true> <Delay = 1.82> <CoreInst = "Multiplexer">   --->   Core 76 'Multiplexer' <Latency = 0> <II = 1> <Delay = 1.82> <FuncUnit> <Opcode : 'mux'> <InPorts = 2> <OutPorts = 1>
ST_5 : Operation 152 [1/1] (2.07ns)   --->   "%add_ln712 = add i16 %trunc_ln, i16 %tmp_i"   --->   Operation 152 'add' 'add_ln712' <Predicate = true> <Delay = 2.07> <CoreInst = "Adder">   --->   Core 1 'Adder' <Latency = 0> <II = 1> <Delay = 1.91> <FuncUnit> <Opcode : 'add' 'sub'> <InPorts = 2> <OutPorts = 1>
ST_5 : Operation 153 [1/1] (1.58ns)   --->   "%switch_ln707 = switch i2 %out_index, void %V32.i.i.i.i16.case.3.i, i2 0, void %V32.i.i.i.i16.exit.i, i2 1, void %V32.i.i.i.i16.case.1.i, i2 2, void %V32.i.i.i.i16.case.2.i"   --->   Operation 153 'switch' 'switch_ln707' <Predicate = true> <Delay = 1.58>
ST_5 : Operation 154 [1/1] (1.58ns)   --->   "%br_ln712 = br void %V32.i.i.i.i16.exit.i"   --->   Operation 154 'br' 'br_ln712' <Predicate = (out_index == 2)> <Delay = 1.58>
ST_5 : Operation 155 [1/1] (1.58ns)   --->   "%br_ln712 = br void %V32.i.i.i.i16.exit.i"   --->   Operation 155 'br' 'br_ln712' <Predicate = (out_index == 1)> <Delay = 1.58>
ST_5 : Operation 156 [1/1] (1.58ns)   --->   "%br_ln712 = br void %V32.i.i.i.i16.exit.i"   --->   Operation 156 'br' 'br_ln712' <Predicate = (out_index == 3)> <Delay = 1.58>
ST_5 : Operation 157 [1/1] (0.00ns)   --->   "%acc_V_6 = phi i16 %add_ln712, void %V32.i.i.i.i16.case.3.i, i16 %conv_i1_i24_i10, void %V32.i.i.i.i16.case.2.i, i16 %conv_i1_i24_i10, void %V32.i.i.i.i16.case.1.i, i16 %conv_i1_i24_i10, void %_ZN8ap_fixedILi16ELi6EL9ap_q_mode5EL9ap_o_mode3ELi0EEC2ILi32ELi12ELb1ELS0_5ELS1_3ELi0EEERK13ap_fixed_baseIXT_EXT0_EXT1_EXT2_EXT3_EXT4_EE.exit.split.i"   --->   Operation 157 'phi' 'acc_V_6' <Predicate = true> <Delay = 0.00>
ST_5 : Operation 158 [1/1] (0.00ns)   --->   "%acc_V_5 = phi i16 %conv_i1_i21_i12, void %V32.i.i.i.i16.case.3.i, i16 %add_ln712, void %V32.i.i.i.i16.case.2.i, i16 %conv_i1_i21_i12, void %V32.i.i.i.i16.case.1.i, i16 %conv_i1_i21_i12, void %_ZN8ap_fixedILi16ELi6EL9ap_q_mode5EL9ap_o_mode3ELi0EEC2ILi32ELi12ELb1ELS0_5ELS1_3ELi0EEERK13ap_fixed_baseIXT_EXT0_EXT1_EXT2_EXT3_EXT4_EE.exit.split.i"   --->   Operation 158 'phi' 'acc_V_5' <Predicate = true> <Delay = 0.00>
ST_5 : Operation 159 [1/1] (0.00ns)   --->   "%acc_V_4 = phi i16 %conv_i1_i18_i14, void %V32.i.i.i.i16.case.3.i, i16 %conv_i1_i18_i14, void %V32.i.i.i.i16.case.2.i, i16 %add_ln712, void %V32.i.i.i.i16.case.1.i, i16 %conv_i1_i18_i14, void %_ZN8ap_fixedILi16ELi6EL9ap_q_mode5EL9ap_o_mode3ELi0EEC2ILi32ELi12ELb1ELS0_5ELS1_3ELi0EEERK13ap_fixed_baseIXT_EXT0_EXT1_EXT2_EXT3_EXT4_EE.exit.split.i"   --->   Operation 159 'phi' 'acc_V_4' <Predicate = true> <Delay = 0.00>
ST_5 : Operation 160 [1/1] (0.00ns)   --->   "%acc_V = phi i16 %conv_i1_i15_i16, void %V32.i.i.i.i16.case.3.i, i16 %conv_i1_i15_i16, void %V32.i.i.i.i16.case.2.i, i16 %conv_i1_i15_i16, void %V32.i.i.i.i16.case.1.i, i16 %add_ln712, void %_ZN8ap_fixedILi16ELi6EL9ap_q_mode5EL9ap_o_mode3ELi0EEC2ILi32ELi12ELb1ELS0_5ELS1_3ELi0EEERK13ap_fixed_baseIXT_EXT0_EXT1_EXT2_EXT3_EXT4_EE.exit.split.i"   --->   Operation 160 'phi' 'acc_V' <Predicate = true> <Delay = 0.00>
ST_5 : Operation 161 [1/1] (0.00ns)   --->   "%shl_ln = bitconcatenate i26 @_ssdm_op_BitConcatenate.i26.i16.i10, i16 %acc_V, i10 0"   --->   Operation 161 'bitconcatenate' 'shl_ln' <Predicate = (icmp_ln135)> <Delay = 0.00>
ST_5 : Operation 162 [1/1] (0.00ns)   --->   "%sext_ln110 = sext i26 %shl_ln" [firmware/nnet_utils/nnet_mult.h:110]   --->   Operation 162 'sext' 'sext_ln110' <Predicate = (icmp_ln135)> <Delay = 0.00>
ST_5 : Operation 163 [1/1] (0.00ns)   --->   "%shl_ln737_1 = bitconcatenate i26 @_ssdm_op_BitConcatenate.i26.i16.i10, i16 %acc_V_4, i10 0"   --->   Operation 163 'bitconcatenate' 'shl_ln737_1' <Predicate = (icmp_ln135)> <Delay = 0.00>
ST_5 : Operation 164 [1/1] (0.00ns)   --->   "%sext_ln110_1 = sext i26 %shl_ln737_1" [firmware/nnet_utils/nnet_mult.h:110]   --->   Operation 164 'sext' 'sext_ln110_1' <Predicate = (icmp_ln135)> <Delay = 0.00>
ST_5 : Operation 165 [1/1] (0.00ns)   --->   "%shl_ln737_2 = bitconcatenate i26 @_ssdm_op_BitConcatenate.i26.i16.i10, i16 %acc_V_5, i10 0"   --->   Operation 165 'bitconcatenate' 'shl_ln737_2' <Predicate = (icmp_ln135)> <Delay = 0.00>
ST_5 : Operation 166 [1/1] (0.00ns)   --->   "%sext_ln110_2 = sext i26 %shl_ln737_2" [firmware/nnet_utils/nnet_mult.h:110]   --->   Operation 166 'sext' 'sext_ln110_2' <Predicate = (icmp_ln135)> <Delay = 0.00>
ST_5 : Operation 167 [1/1] (0.00ns)   --->   "%shl_ln737_3 = bitconcatenate i26 @_ssdm_op_BitConcatenate.i26.i16.i10, i16 %acc_V_6, i10 0"   --->   Operation 167 'bitconcatenate' 'shl_ln737_3' <Predicate = (icmp_ln135)> <Delay = 0.00>
ST_5 : Operation 168 [1/1] (0.00ns)   --->   "%sext_ln166 = sext i26 %shl_ln737_3" [firmware/nnet_utils/nnet_dense_resource.h:166]   --->   Operation 168 'sext' 'sext_ln166' <Predicate = (icmp_ln135)> <Delay = 0.00>
ST_5 : Operation 169 [1/1] (0.00ns)   --->   "%mrv_i = insertvalue i156 <undef>, i39 %sext_ln110" [firmware/nnet_utils/nnet_dense_resource.h:166]   --->   Operation 169 'insertvalue' 'mrv_i' <Predicate = (icmp_ln135)> <Delay = 0.00>
ST_5 : Operation 170 [1/1] (0.00ns)   --->   "%mrv_1_i = insertvalue i156 %mrv_i, i39 %sext_ln110_1" [firmware/nnet_utils/nnet_dense_resource.h:166]   --->   Operation 170 'insertvalue' 'mrv_1_i' <Predicate = (icmp_ln135)> <Delay = 0.00>
ST_5 : Operation 171 [1/1] (0.00ns)   --->   "%mrv_2_i = insertvalue i156 %mrv_1_i, i39 %sext_ln110_2" [firmware/nnet_utils/nnet_dense_resource.h:166]   --->   Operation 171 'insertvalue' 'mrv_2_i' <Predicate = (icmp_ln135)> <Delay = 0.00>
ST_5 : Operation 172 [1/1] (0.00ns)   --->   "%mrv_3_i = insertvalue i156 %mrv_2_i, i39 %sext_ln166" [firmware/nnet_utils/nnet_dense_resource.h:166]   --->   Operation 172 'insertvalue' 'mrv_3_i' <Predicate = (icmp_ln135)> <Delay = 0.00>
ST_5 : Operation 173 [1/1] (0.00ns)   --->   "%return_ln166 = return void @_ssdm_op_Return, i156 %mrv_3_i" [firmware/nnet_utils/nnet_dense_resource.h:166]   --->   Operation 173 'return' 'return_ln166' <Predicate = (icmp_ln135)> <Delay = 0.00>


============================================================
+ Verbose Summary: Binding
============================================================
STG Binding: 
---------------- STG Properties BEGIN ----------------
- Is combinational: 0
- Is one-state seq: 0
- Is datapath-only: 0
- Is pipelined: 0
- Is top level: 0
Port [ Return ] is wired: 1; IO mode=ap_ctrl_hs:ce=0
Port [ outidx]:  wired=0; compound=1; hidden=1; nouse=0; global=1; static=1; extern=0; dir=0; type=1; pingpong=0; private_global=1; MemPort=[1]; IO mode=ap_memory:ce=0
Port [ w4_V]:  wired=0; compound=1; hidden=1; nouse=0; global=1; static=1; extern=0; dir=0; type=1; pingpong=0; private_global=1; MemPort=[1]; IO mode=ap_memory:ce=0
Port [ void_compute_output_buffer_2d_array_array_ap_fixed_4u_config4_array_ap_fixed_16_6_5_3_0_4u_const_ap_shift_reg_value_type_in_width_n_chan_stream_array_ap_fixed_39_19_5_3_0_4u_0_weight_t_bias_t_kernel_data_9]:  wired=1; compound=0; hidden=0; nouse=0; global=1; static=1; extern=0; dir=0; type=0; pingpong=0; private_global=0; IO mode=ap_none:ce=0
Port [ void_compute_output_buffer_2d_array_array_ap_fixed_4u_config4_array_ap_fixed_16_6_5_3_0_4u_const_ap_shift_reg_value_type_in_width_n_chan_stream_array_ap_fixed_39_19_5_3_0_4u_0_weight_t_bias_t_kernel_data_8]:  wired=1; compound=0; hidden=0; nouse=0; global=1; static=1; extern=0; dir=0; type=0; pingpong=0; private_global=0; IO mode=ap_none:ce=0
Port [ void_compute_output_buffer_2d_array_array_ap_fixed_4u_config4_array_ap_fixed_16_6_5_3_0_4u_const_ap_shift_reg_value_type_in_width_n_chan_stream_array_ap_fixed_39_19_5_3_0_4u_0_weight_t_bias_t_kernel_data_7]:  wired=1; compound=0; hidden=0; nouse=0; global=1; static=1; extern=0; dir=0; type=0; pingpong=0; private_global=0; IO mode=ap_none:ce=0
Port [ void_compute_output_buffer_2d_array_array_ap_fixed_4u_config4_array_ap_fixed_16_6_5_3_0_4u_const_ap_shift_reg_value_type_in_width_n_chan_stream_array_ap_fixed_39_19_5_3_0_4u_0_weight_t_bias_t_kernel_data_6]:  wired=1; compound=0; hidden=0; nouse=0; global=1; static=1; extern=0; dir=0; type=0; pingpong=0; private_global=0; IO mode=ap_none:ce=0
Port [ void_compute_output_buffer_2d_array_array_ap_fixed_4u_config4_array_ap_fixed_16_6_5_3_0_4u_const_ap_shift_reg_value_type_in_width_n_chan_stream_array_ap_fixed_39_19_5_3_0_4u_0_weight_t_bias_t_kernel_data_5]:  wired=1; compound=0; hidden=0; nouse=0; global=1; static=1; extern=0; dir=0; type=0; pingpong=0; private_global=0; IO mode=ap_none:ce=0
Port [ void_compute_output_buffer_2d_array_array_ap_fixed_4u_config4_array_ap_fixed_16_6_5_3_0_4u_const_ap_shift_reg_value_type_in_width_n_chan_stream_array_ap_fixed_39_19_5_3_0_4u_0_weight_t_bias_t_kernel_data_4]:  wired=1; compound=0; hidden=0; nouse=0; global=1; static=1; extern=0; dir=0; type=0; pingpong=0; private_global=0; IO mode=ap_none:ce=0
Port [ void_compute_output_buffer_2d_array_array_ap_fixed_4u_config4_array_ap_fixed_16_6_5_3_0_4u_const_ap_shift_reg_value_type_in_width_n_chan_stream_array_ap_fixed_39_19_5_3_0_4u_0_weight_t_bias_t_kernel_data_3]:  wired=1; compound=0; hidden=0; nouse=0; global=1; static=1; extern=0; dir=0; type=0; pingpong=0; private_global=0; IO mode=ap_none:ce=0
Port [ void_compute_output_buffer_2d_array_array_ap_fixed_4u_config4_array_ap_fixed_16_6_5_3_0_4u_const_ap_shift_reg_value_type_in_width_n_chan_stream_array_ap_fixed_39_19_5_3_0_4u_0_weight_t_bias_t_kernel_data_2]:  wired=1; compound=0; hidden=0; nouse=0; global=1; static=1; extern=0; dir=0; type=0; pingpong=0; private_global=0; IO mode=ap_none:ce=0
Port [ void_compute_output_buffer_2d_array_array_ap_fixed_4u_config4_array_ap_fixed_16_6_5_3_0_4u_const_ap_shift_reg_value_type_in_width_n_chan_stream_array_ap_fixed_39_19_5_3_0_4u_0_weight_t_bias_t_kernel_data_1]:  wired=1; compound=0; hidden=0; nouse=0; global=1; static=1; extern=0; dir=0; type=0; pingpong=0; private_global=0; IO mode=ap_none:ce=0
Port [ void_compute_output_buffer_2d_array_array_ap_fixed_4u_config4_array_ap_fixed_16_6_5_3_0_4u_const_ap_shift_reg_value_type_in_width_n_chan_stream_array_ap_fixed_39_19_5_3_0_4u_0_weight_t_bias_t_kernel_data]:  wired=1; compound=0; hidden=0; nouse=0; global=1; static=1; extern=0; dir=0; type=0; pingpong=0; private_global=0; IO mode=ap_none:ce=0
Port [ p_ZZN4nnet24compute_output_buffer_2dINS_5arrayI8ap_fixedILi16ELi6EL9ap_q_mode5EL9ap_o_mode3ELi0EELj4EEENS1_IS2_ILi39ELi19ELS3_5ELS4_3ELi0EELj4EEE7config4EEvRKT_PAsrT1_6n_chan_12ap_shift_regINSA_10value_typeEXsrSD_8in_widthEERN3hls6streamIT0_25]:  wired=1; compound=0; hidden=0; nouse=0; global=1; static=1; extern=0; dir=0; type=0; pingpong=0; private_global=0; IO mode=ap_none:ce=0
Port [ p_ZZN4nnet24compute_output_buffer_2dINS_5arrayI8ap_fixedILi16ELi6EL9ap_q_mode5EL9ap_o_mode3ELi0EELj4EEENS1_IS2_ILi39ELi19ELS3_5ELS4_3ELi0EELj4EEE7config4EEvRKT_PAsrT1_6n_chan_12ap_shift_regINSA_10value_typeEXsrSD_8in_widthEERN3hls6streamIT0_24]:  wired=1; compound=0; hidden=0; nouse=0; global=1; static=1; extern=0; dir=0; type=0; pingpong=0; private_global=0; IO mode=ap_none:ce=0
Port [ p_ZZN4nnet24compute_output_buffer_2dINS_5arrayI8ap_fixedILi16ELi6EL9ap_q_mode5EL9ap_o_mode3ELi0EELj4EEENS1_IS2_ILi39ELi19ELS3_5ELS4_3ELi0EELj4EEE7config4EEvRKT_PAsrT1_6n_chan_12ap_shift_regINSA_10value_typeEXsrSD_8in_widthEERN3hls6streamIT0_23]:  wired=1; compound=0; hidden=0; nouse=0; global=1; static=1; extern=0; dir=0; type=0; pingpong=0; private_global=0; IO mode=ap_none:ce=0
Port [ p_ZZN4nnet24compute_output_buffer_2dINS_5arrayI8ap_fixedILi16ELi6EL9ap_q_mode5EL9ap_o_mode3ELi0EELj4EEENS1_IS2_ILi39ELi19ELS3_5ELS4_3ELi0EELj4EEE7config4EEvRKT_PAsrT1_6n_chan_12ap_shift_regINSA_10value_typeEXsrSD_8in_widthEERN3hls6streamIT0_22]:  wired=1; compound=0; hidden=0; nouse=0; global=1; static=1; extern=0; dir=0; type=0; pingpong=0; private_global=0; IO mode=ap_none:ce=0
Port [ p_ZZN4nnet24compute_output_buffer_2dINS_5arrayI8ap_fixedILi16ELi6EL9ap_q_mode5EL9ap_o_mode3ELi0EELj4EEENS1_IS2_ILi39ELi19ELS3_5ELS4_3ELi0EELj4EEE7config4EEvRKT_PAsrT1_6n_chan_12ap_shift_regINSA_10value_typeEXsrSD_8in_widthEERN3hls6streamIT0_21]:  wired=1; compound=0; hidden=0; nouse=0; global=1; static=1; extern=0; dir=0; type=0; pingpong=0; private_global=0; IO mode=ap_none:ce=0
Port [ p_ZZN4nnet24compute_output_buffer_2dINS_5arrayI8ap_fixedILi16ELi6EL9ap_q_mode5EL9ap_o_mode3ELi0EELj4EEENS1_IS2_ILi39ELi19ELS3_5ELS4_3ELi0EELj4EEE7config4EEvRKT_PAsrT1_6n_chan_12ap_shift_regINSA_10value_typeEXsrSD_8in_widthEERN3hls6streamIT0_20]:  wired=1; compound=0; hidden=0; nouse=0; global=1; static=1; extern=0; dir=0; type=0; pingpong=0; private_global=0; IO mode=ap_none:ce=0
Port [ p_ZZN4nnet24compute_output_buffer_2dINS_5arrayI8ap_fixedILi16ELi6EL9ap_q_mode5EL9ap_o_mode3ELi0EELj4EEENS1_IS2_ILi39ELi19ELS3_5ELS4_3ELi0EELj4EEE7config4EEvRKT_PAsrT1_6n_chan_12ap_shift_regINSA_10value_typeEXsrSD_8in_widthEERN3hls6streamIT0_19]:  wired=1; compound=0; hidden=0; nouse=0; global=1; static=1; extern=0; dir=0; type=0; pingpong=0; private_global=0; IO mode=ap_none:ce=0
Port [ p_ZZN4nnet24compute_output_buffer_2dINS_5arrayI8ap_fixedILi16ELi6EL9ap_q_mode5EL9ap_o_mode3ELi0EELj4EEENS1_IS2_ILi39ELi19ELS3_5ELS4_3ELi0EELj4EEE7config4EEvRKT_PAsrT1_6n_chan_12ap_shift_regINSA_10value_typeEXsrSD_8in_widthEERN3hls6streamIT0_18]:  wired=1; compound=0; hidden=0; nouse=0; global=1; static=1; extern=0; dir=0; type=0; pingpong=0; private_global=0; IO mode=ap_none:ce=0
Port [ p_ZZN4nnet24compute_output_buffer_2dINS_5arrayI8ap_fixedILi16ELi6EL9ap_q_mode5EL9ap_o_mode3ELi0EELj4EEENS1_IS2_ILi39ELi19ELS3_5ELS4_3ELi0EELj4EEE7config4EEvRKT_PAsrT1_6n_chan_12ap_shift_regINSA_10value_typeEXsrSD_8in_widthEERN3hls6streamIT0_17]:  wired=1; compound=0; hidden=0; nouse=0; global=1; static=1; extern=0; dir=0; type=0; pingpong=0; private_global=0; IO mode=ap_none:ce=0
Port [ p_ZZN4nnet24compute_output_buffer_2dINS_5arrayI8ap_fixedILi16ELi6EL9ap_q_mode5EL9ap_o_mode3ELi0EELj4EEENS1_IS2_ILi39ELi19ELS3_5ELS4_3ELi0EELj4EEE7config4EEvRKT_PAsrT1_6n_chan_12ap_shift_regINSA_10value_typeEXsrSD_8in_widthEERN3hls6streamIT0_16]:  wired=1; compound=0; hidden=0; nouse=0; global=1; static=1; extern=0; dir=0; type=0; pingpong=0; private_global=0; IO mode=ap_none:ce=0
Port [ p_ZZN4nnet24compute_output_buffer_2dINS_5arrayI8ap_fixedILi16ELi6EL9ap_q_mode5EL9ap_o_mode3ELi0EELj4EEENS1_IS2_ILi39ELi19ELS3_5ELS4_3ELi0EELj4EEE7config4EEvRKT_PAsrT1_6n_chan_12ap_shift_regINSA_10value_typeEXsrSD_8in_widthEERN3hls6streamIT0_15]:  wired=1; compound=0; hidden=0; nouse=0; global=1; static=1; extern=0; dir=0; type=0; pingpong=0; private_global=0; IO mode=ap_none:ce=0
Port [ p_ZZN4nnet24compute_output_buffer_2dINS_5arrayI8ap_fixedILi16ELi6EL9ap_q_mode5EL9ap_o_mode3ELi0EELj4EEENS1_IS2_ILi39ELi19ELS3_5ELS4_3ELi0EELj4EEE7config4EEvRKT_PAsrT1_6n_chan_12ap_shift_regINSA_10value_typeEXsrSD_8in_widthEERN3hls6streamIT0_14]:  wired=1; compound=0; hidden=0; nouse=0; global=1; static=1; extern=0; dir=0; type=0; pingpong=0; private_global=0; IO mode=ap_none:ce=0
Port [ p_ZZN4nnet24compute_output_buffer_2dINS_5arrayI8ap_fixedILi16ELi6EL9ap_q_mode5EL9ap_o_mode3ELi0EELj4EEENS1_IS2_ILi39ELi19ELS3_5ELS4_3ELi0EELj4EEE7config4EEvRKT_PAsrT1_6n_chan_12ap_shift_regINSA_10value_typeEXsrSD_8in_widthEERN3hls6streamIT0_13]:  wired=1; compound=0; hidden=0; nouse=0; global=1; static=1; extern=0; dir=0; type=0; pingpong=0; private_global=0; IO mode=ap_none:ce=0
Port [ p_ZZN4nnet24compute_output_buffer_2dINS_5arrayI8ap_fixedILi16ELi6EL9ap_q_mode5EL9ap_o_mode3ELi0EELj4EEENS1_IS2_ILi39ELi19ELS3_5ELS4_3ELi0EELj4EEE7config4EEvRKT_PAsrT1_6n_chan_12ap_shift_regINSA_10value_typeEXsrSD_8in_widthEERN3hls6streamIT0_12]:  wired=1; compound=0; hidden=0; nouse=0; global=1; static=1; extern=0; dir=0; type=0; pingpong=0; private_global=0; IO mode=ap_none:ce=0
Port [ p_ZZN4nnet24compute_output_buffer_2dINS_5arrayI8ap_fixedILi16ELi6EL9ap_q_mode5EL9ap_o_mode3ELi0EELj4EEENS1_IS2_ILi39ELi19ELS3_5ELS4_3ELi0EELj4EEE7config4EEvRKT_PAsrT1_6n_chan_12ap_shift_regINSA_10value_typeEXsrSD_8in_widthEERN3hls6streamIT0_11]:  wired=1; compound=0; hidden=0; nouse=0; global=1; static=1; extern=0; dir=0; type=0; pingpong=0; private_global=0; IO mode=ap_none:ce=0
Port [ p_ZZN4nnet24compute_output_buffer_2dINS_5arrayI8ap_fixedILi16ELi6EL9ap_q_mode5EL9ap_o_mode3ELi0EELj4EEENS1_IS2_ILi39ELi19ELS3_5ELS4_3ELi0EELj4EEE7config4EEvRKT_PAsrT1_6n_chan_12ap_shift_regINSA_10value_typeEXsrSD_8in_widthEERN3hls6streamIT0_10]:  wired=1; compound=0; hidden=0; nouse=0; global=1; static=1; extern=0; dir=0; type=0; pingpong=0; private_global=0; IO mode=ap_none:ce=0
Port [ p_ZZN4nnet24compute_output_buffer_2dINS_5arrayI8ap_fixedILi16ELi6EL9ap_q_mode5EL9ap_o_mode3ELi0EELj4EEENS1_IS2_ILi39ELi19ELS3_5ELS4_3ELi0EELj4EEE7config4EEvRKT_PAsrT1_6n_chan_12ap_shift_regINSA_10value_typeEXsrSD_8in_widthEERN3hls6streamIT0_9]:  wired=1; compound=0; hidden=0; nouse=0; global=1; static=1; extern=0; dir=0; type=0; pingpong=0; private_global=0; IO mode=ap_none:ce=0
Port [ p_ZZN4nnet24compute_output_buffer_2dINS_5arrayI8ap_fixedILi16ELi6EL9ap_q_mode5EL9ap_o_mode3ELi0EELj4EEENS1_IS2_ILi39ELi19ELS3_5ELS4_3ELi0EELj4EEE7config4EEvRKT_PAsrT1_6n_chan_12ap_shift_regINSA_10value_typeEXsrSD_8in_widthEERN3hls6streamIT0_8]:  wired=1; compound=0; hidden=0; nouse=0; global=1; static=1; extern=0; dir=0; type=0; pingpong=0; private_global=0; IO mode=ap_none:ce=0
Port [ p_ZZN4nnet24compute_output_buffer_2dINS_5arrayI8ap_fixedILi16ELi6EL9ap_q_mode5EL9ap_o_mode3ELi0EELj4EEENS1_IS2_ILi39ELi19ELS3_5ELS4_3ELi0EELj4EEE7config4EEvRKT_PAsrT1_6n_chan_12ap_shift_regINSA_10value_typeEXsrSD_8in_widthEERN3hls6streamIT0_7]:  wired=1; compound=0; hidden=0; nouse=0; global=1; static=1; extern=0; dir=0; type=0; pingpong=0; private_global=0; IO mode=ap_none:ce=0
Port [ p_ZZN4nnet24compute_output_buffer_2dINS_5arrayI8ap_fixedILi16ELi6EL9ap_q_mode5EL9ap_o_mode3ELi0EELj4EEENS1_IS2_ILi39ELi19ELS3_5ELS4_3ELi0EELj4EEE7config4EEvRKT_PAsrT1_6n_chan_12ap_shift_regINSA_10value_typeEXsrSD_8in_widthEERN3hls6streamIT0_6]:  wired=1; compound=0; hidden=0; nouse=0; global=1; static=1; extern=0; dir=0; type=0; pingpong=0; private_global=0; IO mode=ap_none:ce=0
Port [ p_ZZN4nnet24compute_output_buffer_2dINS_5arrayI8ap_fixedILi16ELi6EL9ap_q_mode5EL9ap_o_mode3ELi0EELj4EEENS1_IS2_ILi39ELi19ELS3_5ELS4_3ELi0EELj4EEE7config4EEvRKT_PAsrT1_6n_chan_12ap_shift_regINSA_10value_typeEXsrSD_8in_widthEERN3hls6streamIT0_5]:  wired=1; compound=0; hidden=0; nouse=0; global=1; static=1; extern=0; dir=0; type=0; pingpong=0; private_global=0; IO mode=ap_none:ce=0
Port [ p_ZZN4nnet24compute_output_buffer_2dINS_5arrayI8ap_fixedILi16ELi6EL9ap_q_mode5EL9ap_o_mode3ELi0EELj4EEENS1_IS2_ILi39ELi19ELS3_5ELS4_3ELi0EELj4EEE7config4EEvRKT_PAsrT1_6n_chan_12ap_shift_regINSA_10value_typeEXsrSD_8in_widthEERN3hls6streamIT0_4]:  wired=1; compound=0; hidden=0; nouse=0; global=1; static=1; extern=0; dir=0; type=0; pingpong=0; private_global=0; IO mode=ap_none:ce=0
Port [ p_ZZN4nnet24compute_output_buffer_2dINS_5arrayI8ap_fixedILi16ELi6EL9ap_q_mode5EL9ap_o_mode3ELi0EELj4EEENS1_IS2_ILi39ELi19ELS3_5ELS4_3ELi0EELj4EEE7config4EEvRKT_PAsrT1_6n_chan_12ap_shift_regINSA_10value_typeEXsrSD_8in_widthEERN3hls6streamIT0_3]:  wired=1; compound=0; hidden=0; nouse=0; global=1; static=1; extern=0; dir=0; type=0; pingpong=0; private_global=0; IO mode=ap_none:ce=0
Port [ p_ZZN4nnet24compute_output_buffer_2dINS_5arrayI8ap_fixedILi16ELi6EL9ap_q_mode5EL9ap_o_mode3ELi0EELj4EEENS1_IS2_ILi39ELi19ELS3_5ELS4_3ELi0EELj4EEE7config4EEvRKT_PAsrT1_6n_chan_12ap_shift_regINSA_10value_typeEXsrSD_8in_widthEERN3hls6streamIT0_2]:  wired=1; compound=0; hidden=0; nouse=0; global=1; static=1; extern=0; dir=0; type=0; pingpong=0; private_global=0; IO mode=ap_none:ce=0
Port [ p_ZZN4nnet24compute_output_buffer_2dINS_5arrayI8ap_fixedILi16ELi6EL9ap_q_mode5EL9ap_o_mode3ELi0EELj4EEENS1_IS2_ILi39ELi19ELS3_5ELS4_3ELi0EELj4EEE7config4EEvRKT_PAsrT1_6n_chan_12ap_shift_regINSA_10value_typeEXsrSD_8in_widthEERN3hls6streamIT0_1]:  wired=1; compound=0; hidden=0; nouse=0; global=1; static=1; extern=0; dir=0; type=0; pingpong=0; private_global=0; IO mode=ap_none:ce=0
Port [ p_ZZN4nnet24compute_output_buffer_2dINS_5arrayI8ap_fixedILi16ELi6EL9ap_q_mode5EL9ap_o_mode3ELi0EELj4EEENS1_IS2_ILi39ELi19ELS3_5ELS4_3ELi0EELj4EEE7config4EEvRKT_PAsrT1_6n_chan_12ap_shift_regINSA_10value_typeEXsrSD_8in_widthEERN3hls6streamIT0_s]:  wired=1; compound=0; hidden=0; nouse=0; global=1; static=1; extern=0; dir=0; type=0; pingpong=0; private_global=0; IO mode=ap_none:ce=0
---------------- STG Properties END ------------------

---------------- Datapath Model BEGIN ----------------

<LifeTime>
<method=bitvector/>
br_ln135                                                                                                                                                                                                                                             (br               ) [ 011111]
do_init                                                                                                                                                                                                                                              (phi              ) [ 011111]
w_index17                                                                                                                                                                                                                                            (phi              ) [ 010000]
specmemcore_ln0                                                                                                                                                                                                                                      (specmemcore      ) [ 000000]
void_compute_output_buffer_2d_array_array_ap_fixed_4u_config4_array_ap_fixed_16_6_5_3_0_4u_const_ap_shift_reg_value_type_in_width_n_chan_stream_array_ap_fixed_39_19_5_3_0_4u_0_weight_t_bias_t_kernel_data_9_load                                   (load             ) [ 011000]
void_compute_output_buffer_2d_array_array_ap_fixed_4u_config4_array_ap_fixed_16_6_5_3_0_4u_const_ap_shift_reg_value_type_in_width_n_chan_stream_array_ap_fixed_39_19_5_3_0_4u_0_weight_t_bias_t_kernel_data_8_load                                   (load             ) [ 011000]
void_compute_output_buffer_2d_array_array_ap_fixed_4u_config4_array_ap_fixed_16_6_5_3_0_4u_const_ap_shift_reg_value_type_in_width_n_chan_stream_array_ap_fixed_39_19_5_3_0_4u_0_weight_t_bias_t_kernel_data_7_load                                   (load             ) [ 011000]
void_compute_output_buffer_2d_array_array_ap_fixed_4u_config4_array_ap_fixed_16_6_5_3_0_4u_const_ap_shift_reg_value_type_in_width_n_chan_stream_array_ap_fixed_39_19_5_3_0_4u_0_weight_t_bias_t_kernel_data_6_load                                   (load             ) [ 011000]
void_compute_output_buffer_2d_array_array_ap_fixed_4u_config4_array_ap_fixed_16_6_5_3_0_4u_const_ap_shift_reg_value_type_in_width_n_chan_stream_array_ap_fixed_39_19_5_3_0_4u_0_weight_t_bias_t_kernel_data_5_load                                   (load             ) [ 011000]
void_compute_output_buffer_2d_array_array_ap_fixed_4u_config4_array_ap_fixed_16_6_5_3_0_4u_const_ap_shift_reg_value_type_in_width_n_chan_stream_array_ap_fixed_39_19_5_3_0_4u_0_weight_t_bias_t_kernel_data_4_load                                   (load             ) [ 011000]
void_compute_output_buffer_2d_array_array_ap_fixed_4u_config4_array_ap_fixed_16_6_5_3_0_4u_const_ap_shift_reg_value_type_in_width_n_chan_stream_array_ap_fixed_39_19_5_3_0_4u_0_weight_t_bias_t_kernel_data_3_load                                   (load             ) [ 011000]
void_compute_output_buffer_2d_array_array_ap_fixed_4u_config4_array_ap_fixed_16_6_5_3_0_4u_const_ap_shift_reg_value_type_in_width_n_chan_stream_array_ap_fixed_39_19_5_3_0_4u_0_weight_t_bias_t_kernel_data_2_load                                   (load             ) [ 011000]
void_compute_output_buffer_2d_array_array_ap_fixed_4u_config4_array_ap_fixed_16_6_5_3_0_4u_const_ap_shift_reg_value_type_in_width_n_chan_stream_array_ap_fixed_39_19_5_3_0_4u_0_weight_t_bias_t_kernel_data_1_load                                   (load             ) [ 011000]
void_compute_output_buffer_2d_array_array_ap_fixed_4u_config4_array_ap_fixed_16_6_5_3_0_4u_const_ap_shift_reg_value_type_in_width_n_chan_stream_array_ap_fixed_39_19_5_3_0_4u_0_weight_t_bias_t_kernel_data_load                                     (load             ) [ 011000]
p_ZZN4nnet24compute_output_buffer_2dINS_5arrayI8ap_fixedILi16ELi6EL9ap_q_mode5EL9ap_o_mode3ELi0EELj4EEENS1_IS2_ILi39ELi19ELS3_5ELS4_3ELi0EELj4EEE7config4EEvRKT_PAsrT1_6n_chan_12ap_shift_regINSA_10value_typeEXsrSD_8in_widthEERN3hls6streamIT0_70  (load             ) [ 011000]
p_ZZN4nnet24compute_output_buffer_2dINS_5arrayI8ap_fixedILi16ELi6EL9ap_q_mode5EL9ap_o_mode3ELi0EELj4EEENS1_IS2_ILi39ELi19ELS3_5ELS4_3ELi0EELj4EEE7config4EEvRKT_PAsrT1_6n_chan_12ap_shift_regINSA_10value_typeEXsrSD_8in_widthEERN3hls6streamIT0_71  (load             ) [ 011000]
p_ZZN4nnet24compute_output_buffer_2dINS_5arrayI8ap_fixedILi16ELi6EL9ap_q_mode5EL9ap_o_mode3ELi0EELj4EEENS1_IS2_ILi39ELi19ELS3_5ELS4_3ELi0EELj4EEE7config4EEvRKT_PAsrT1_6n_chan_12ap_shift_regINSA_10value_typeEXsrSD_8in_widthEERN3hls6streamIT0_72  (load             ) [ 011000]
p_ZZN4nnet24compute_output_buffer_2dINS_5arrayI8ap_fixedILi16ELi6EL9ap_q_mode5EL9ap_o_mode3ELi0EELj4EEENS1_IS2_ILi39ELi19ELS3_5ELS4_3ELi0EELj4EEE7config4EEvRKT_PAsrT1_6n_chan_12ap_shift_regINSA_10value_typeEXsrSD_8in_widthEERN3hls6streamIT0_73  (load             ) [ 011000]
p_ZZN4nnet24compute_output_buffer_2dINS_5arrayI8ap_fixedILi16ELi6EL9ap_q_mode5EL9ap_o_mode3ELi0EELj4EEENS1_IS2_ILi39ELi19ELS3_5ELS4_3ELi0EELj4EEE7config4EEvRKT_PAsrT1_6n_chan_12ap_shift_regINSA_10value_typeEXsrSD_8in_widthEERN3hls6streamIT0_74  (load             ) [ 011000]
p_ZZN4nnet24compute_output_buffer_2dINS_5arrayI8ap_fixedILi16ELi6EL9ap_q_mode5EL9ap_o_mode3ELi0EELj4EEENS1_IS2_ILi39ELi19ELS3_5ELS4_3ELi0EELj4EEE7config4EEvRKT_PAsrT1_6n_chan_12ap_shift_regINSA_10value_typeEXsrSD_8in_widthEERN3hls6streamIT0_75  (load             ) [ 011000]
p_ZZN4nnet24compute_output_buffer_2dINS_5arrayI8ap_fixedILi16ELi6EL9ap_q_mode5EL9ap_o_mode3ELi0EELj4EEENS1_IS2_ILi39ELi19ELS3_5ELS4_3ELi0EELj4EEE7config4EEvRKT_PAsrT1_6n_chan_12ap_shift_regINSA_10value_typeEXsrSD_8in_widthEERN3hls6streamIT0_76  (load             ) [ 011000]
p_ZZN4nnet24compute_output_buffer_2dINS_5arrayI8ap_fixedILi16ELi6EL9ap_q_mode5EL9ap_o_mode3ELi0EELj4EEENS1_IS2_ILi39ELi19ELS3_5ELS4_3ELi0EELj4EEE7config4EEvRKT_PAsrT1_6n_chan_12ap_shift_regINSA_10value_typeEXsrSD_8in_widthEERN3hls6streamIT0_77  (load             ) [ 011000]
p_ZZN4nnet24compute_output_buffer_2dINS_5arrayI8ap_fixedILi16ELi6EL9ap_q_mode5EL9ap_o_mode3ELi0EELj4EEENS1_IS2_ILi39ELi19ELS3_5ELS4_3ELi0EELj4EEE7config4EEvRKT_PAsrT1_6n_chan_12ap_shift_regINSA_10value_typeEXsrSD_8in_widthEERN3hls6streamIT0_78  (load             ) [ 011000]
p_ZZN4nnet24compute_output_buffer_2dINS_5arrayI8ap_fixedILi16ELi6EL9ap_q_mode5EL9ap_o_mode3ELi0EELj4EEENS1_IS2_ILi39ELi19ELS3_5ELS4_3ELi0EELj4EEE7config4EEvRKT_PAsrT1_6n_chan_12ap_shift_regINSA_10value_typeEXsrSD_8in_widthEERN3hls6streamIT0_79  (load             ) [ 011000]
p_ZZN4nnet24compute_output_buffer_2dINS_5arrayI8ap_fixedILi16ELi6EL9ap_q_mode5EL9ap_o_mode3ELi0EELj4EEENS1_IS2_ILi39ELi19ELS3_5ELS4_3ELi0EELj4EEE7config4EEvRKT_PAsrT1_6n_chan_12ap_shift_regINSA_10value_typeEXsrSD_8in_widthEERN3hls6streamIT0_80  (load             ) [ 011000]
p_ZZN4nnet24compute_output_buffer_2dINS_5arrayI8ap_fixedILi16ELi6EL9ap_q_mode5EL9ap_o_mode3ELi0EELj4EEENS1_IS2_ILi39ELi19ELS3_5ELS4_3ELi0EELj4EEE7config4EEvRKT_PAsrT1_6n_chan_12ap_shift_regINSA_10value_typeEXsrSD_8in_widthEERN3hls6streamIT0_81  (load             ) [ 011000]
p_ZZN4nnet24compute_output_buffer_2dINS_5arrayI8ap_fixedILi16ELi6EL9ap_q_mode5EL9ap_o_mode3ELi0EELj4EEENS1_IS2_ILi39ELi19ELS3_5ELS4_3ELi0EELj4EEE7config4EEvRKT_PAsrT1_6n_chan_12ap_shift_regINSA_10value_typeEXsrSD_8in_widthEERN3hls6streamIT0_82  (load             ) [ 011000]
p_ZZN4nnet24compute_output_buffer_2dINS_5arrayI8ap_fixedILi16ELi6EL9ap_q_mode5EL9ap_o_mode3ELi0EELj4EEENS1_IS2_ILi39ELi19ELS3_5ELS4_3ELi0EELj4EEE7config4EEvRKT_PAsrT1_6n_chan_12ap_shift_regINSA_10value_typeEXsrSD_8in_widthEERN3hls6streamIT0_83  (load             ) [ 011000]
p_ZZN4nnet24compute_output_buffer_2dINS_5arrayI8ap_fixedILi16ELi6EL9ap_q_mode5EL9ap_o_mode3ELi0EELj4EEENS1_IS2_ILi39ELi19ELS3_5ELS4_3ELi0EELj4EEE7config4EEvRKT_PAsrT1_6n_chan_12ap_shift_regINSA_10value_typeEXsrSD_8in_widthEERN3hls6streamIT0_84  (load             ) [ 011000]
p_ZZN4nnet24compute_output_buffer_2dINS_5arrayI8ap_fixedILi16ELi6EL9ap_q_mode5EL9ap_o_mode3ELi0EELj4EEENS1_IS2_ILi39ELi19ELS3_5ELS4_3ELi0EELj4EEE7config4EEvRKT_PAsrT1_6n_chan_12ap_shift_regINSA_10value_typeEXsrSD_8in_widthEERN3hls6streamIT0_85  (load             ) [ 011000]
p_ZZN4nnet24compute_output_buffer_2dINS_5arrayI8ap_fixedILi16ELi6EL9ap_q_mode5EL9ap_o_mode3ELi0EELj4EEENS1_IS2_ILi39ELi19ELS3_5ELS4_3ELi0EELj4EEE7config4EEvRKT_PAsrT1_6n_chan_12ap_shift_regINSA_10value_typeEXsrSD_8in_widthEERN3hls6streamIT0_86  (load             ) [ 011000]
p_ZZN4nnet24compute_output_buffer_2dINS_5arrayI8ap_fixedILi16ELi6EL9ap_q_mode5EL9ap_o_mode3ELi0EELj4EEENS1_IS2_ILi39ELi19ELS3_5ELS4_3ELi0EELj4EEE7config4EEvRKT_PAsrT1_6n_chan_12ap_shift_regINSA_10value_typeEXsrSD_8in_widthEERN3hls6streamIT0_87  (load             ) [ 011000]
p_ZZN4nnet24compute_output_buffer_2dINS_5arrayI8ap_fixedILi16ELi6EL9ap_q_mode5EL9ap_o_mode3ELi0EELj4EEENS1_IS2_ILi39ELi19ELS3_5ELS4_3ELi0EELj4EEE7config4EEvRKT_PAsrT1_6n_chan_12ap_shift_regINSA_10value_typeEXsrSD_8in_widthEERN3hls6streamIT0_88  (load             ) [ 011000]
p_ZZN4nnet24compute_output_buffer_2dINS_5arrayI8ap_fixedILi16ELi6EL9ap_q_mode5EL9ap_o_mode3ELi0EELj4EEENS1_IS2_ILi39ELi19ELS3_5ELS4_3ELi0EELj4EEE7config4EEvRKT_PAsrT1_6n_chan_12ap_shift_regINSA_10value_typeEXsrSD_8in_widthEERN3hls6streamIT0_89  (load             ) [ 011000]
p_ZZN4nnet24compute_output_buffer_2dINS_5arrayI8ap_fixedILi16ELi6EL9ap_q_mode5EL9ap_o_mode3ELi0EELj4EEENS1_IS2_ILi39ELi19ELS3_5ELS4_3ELi0EELj4EEE7config4EEvRKT_PAsrT1_6n_chan_12ap_shift_regINSA_10value_typeEXsrSD_8in_widthEERN3hls6streamIT0_90  (load             ) [ 011000]
p_ZZN4nnet24compute_output_buffer_2dINS_5arrayI8ap_fixedILi16ELi6EL9ap_q_mode5EL9ap_o_mode3ELi0EELj4EEENS1_IS2_ILi39ELi19ELS3_5ELS4_3ELi0EELj4EEE7config4EEvRKT_PAsrT1_6n_chan_12ap_shift_regINSA_10value_typeEXsrSD_8in_widthEERN3hls6streamIT0_91  (load             ) [ 011000]
p_ZZN4nnet24compute_output_buffer_2dINS_5arrayI8ap_fixedILi16ELi6EL9ap_q_mode5EL9ap_o_mode3ELi0EELj4EEENS1_IS2_ILi39ELi19ELS3_5ELS4_3ELi0EELj4EEE7config4EEvRKT_PAsrT1_6n_chan_12ap_shift_regINSA_10value_typeEXsrSD_8in_widthEERN3hls6streamIT0_92  (load             ) [ 011000]
p_ZZN4nnet24compute_output_buffer_2dINS_5arrayI8ap_fixedILi16ELi6EL9ap_q_mode5EL9ap_o_mode3ELi0EELj4EEENS1_IS2_ILi39ELi19ELS3_5ELS4_3ELi0EELj4EEE7config4EEvRKT_PAsrT1_6n_chan_12ap_shift_regINSA_10value_typeEXsrSD_8in_widthEERN3hls6streamIT0_93  (load             ) [ 011000]
p_ZZN4nnet24compute_output_buffer_2dINS_5arrayI8ap_fixedILi16ELi6EL9ap_q_mode5EL9ap_o_mode3ELi0EELj4EEENS1_IS2_ILi39ELi19ELS3_5ELS4_3ELi0EELj4EEE7config4EEvRKT_PAsrT1_6n_chan_12ap_shift_regINSA_10value_typeEXsrSD_8in_widthEERN3hls6streamIT0_94  (load             ) [ 011000]
p_ZZN4nnet24compute_output_buffer_2dINS_5arrayI8ap_fixedILi16ELi6EL9ap_q_mode5EL9ap_o_mode3ELi0EELj4EEENS1_IS2_ILi39ELi19ELS3_5ELS4_3ELi0EELj4EEE7config4EEvRKT_PAsrT1_6n_chan_12ap_shift_regINSA_10value_typeEXsrSD_8in_widthEERN3hls6streamIT0_95  (load             ) [ 011000]
br_ln135                                                                                                                                                                                                                                             (br               ) [ 011000]
zext_ln135                                                                                                                                                                                                                                           (zext             ) [ 000000]
outidx_addr                                                                                                                                                                                                                                          (getelementptr    ) [ 011000]
w4_V_addr                                                                                                                                                                                                                                            (getelementptr    ) [ 011000]
w_index                                                                                                                                                                                                                                              (add              ) [ 010000]
icmp_ln135                                                                                                                                                                                                                                           (icmp             ) [ 011111]
br_ln135                                                                                                                                                                                                                                             (br               ) [ 011111]
br_ln0                                                                                                                                                                                                                                               (br               ) [ 011111]
p_ZZN4nnet24compute_output_buffer_2dINS_5arrayI8ap_fixedILi16ELi6EL9ap_q_mode5EL9ap_o_mode3ELi0EELj4EEENS1_IS2_ILi39ELi19ELS3_5ELS4_3ELi0EELj4EEE7config4EEvRKT_PAsrT1_6n_chan_12ap_shift_regINSA_10value_typeEXsrSD_8in_widthEERN3hls6streamIT0_96  (phi              ) [ 011000]
p_ZZN4nnet24compute_output_buffer_2dINS_5arrayI8ap_fixedILi16ELi6EL9ap_q_mode5EL9ap_o_mode3ELi0EELj4EEENS1_IS2_ILi39ELi19ELS3_5ELS4_3ELi0EELj4EEE7config4EEvRKT_PAsrT1_6n_chan_12ap_shift_regINSA_10value_typeEXsrSD_8in_widthEERN3hls6streamIT0_97  (phi              ) [ 011000]
p_ZZN4nnet24compute_output_buffer_2dINS_5arrayI8ap_fixedILi16ELi6EL9ap_q_mode5EL9ap_o_mode3ELi0EELj4EEENS1_IS2_ILi39ELi19ELS3_5ELS4_3ELi0EELj4EEE7config4EEvRKT_PAsrT1_6n_chan_12ap_shift_regINSA_10value_typeEXsrSD_8in_widthEERN3hls6streamIT0_98  (phi              ) [ 011000]
p_ZZN4nnet24compute_output_buffer_2dINS_5arrayI8ap_fixedILi16ELi6EL9ap_q_mode5EL9ap_o_mode3ELi0EELj4EEENS1_IS2_ILi39ELi19ELS3_5ELS4_3ELi0EELj4EEE7config4EEvRKT_PAsrT1_6n_chan_12ap_shift_regINSA_10value_typeEXsrSD_8in_widthEERN3hls6streamIT0_99  (phi              ) [ 011000]
p_ZZN4nnet24compute_output_buffer_2dINS_5arrayI8ap_fixedILi16ELi6EL9ap_q_mode5EL9ap_o_mode3ELi0EELj4EEENS1_IS2_ILi39ELi19ELS3_5ELS4_3ELi0EELj4EEE7config4EEvRKT_PAsrT1_6n_chan_12ap_shift_regINSA_10value_typeEXsrSD_8in_widthEERN3hls6streamIT0_100 (phi              ) [ 011000]
p_ZZN4nnet24compute_output_buffer_2dINS_5arrayI8ap_fixedILi16ELi6EL9ap_q_mode5EL9ap_o_mode3ELi0EELj4EEENS1_IS2_ILi39ELi19ELS3_5ELS4_3ELi0EELj4EEE7config4EEvRKT_PAsrT1_6n_chan_12ap_shift_regINSA_10value_typeEXsrSD_8in_widthEERN3hls6streamIT0_101 (phi              ) [ 011000]
p_ZZN4nnet24compute_output_buffer_2dINS_5arrayI8ap_fixedILi16ELi6EL9ap_q_mode5EL9ap_o_mode3ELi0EELj4EEENS1_IS2_ILi39ELi19ELS3_5ELS4_3ELi0EELj4EEE7config4EEvRKT_PAsrT1_6n_chan_12ap_shift_regINSA_10value_typeEXsrSD_8in_widthEERN3hls6streamIT0_102 (phi              ) [ 011000]
p_ZZN4nnet24compute_output_buffer_2dINS_5arrayI8ap_fixedILi16ELi6EL9ap_q_mode5EL9ap_o_mode3ELi0EELj4EEENS1_IS2_ILi39ELi19ELS3_5ELS4_3ELi0EELj4EEE7config4EEvRKT_PAsrT1_6n_chan_12ap_shift_regINSA_10value_typeEXsrSD_8in_widthEERN3hls6streamIT0_103 (phi              ) [ 011000]
p_ZZN4nnet24compute_output_buffer_2dINS_5arrayI8ap_fixedILi16ELi6EL9ap_q_mode5EL9ap_o_mode3ELi0EELj4EEENS1_IS2_ILi39ELi19ELS3_5ELS4_3ELi0EELj4EEE7config4EEvRKT_PAsrT1_6n_chan_12ap_shift_regINSA_10value_typeEXsrSD_8in_widthEERN3hls6streamIT0_104 (phi              ) [ 011000]
p_ZZN4nnet24compute_output_buffer_2dINS_5arrayI8ap_fixedILi16ELi6EL9ap_q_mode5EL9ap_o_mode3ELi0EELj4EEENS1_IS2_ILi39ELi19ELS3_5ELS4_3ELi0EELj4EEE7config4EEvRKT_PAsrT1_6n_chan_12ap_shift_regINSA_10value_typeEXsrSD_8in_widthEERN3hls6streamIT0_105 (phi              ) [ 011000]
p_ZZN4nnet24compute_output_buffer_2dINS_5arrayI8ap_fixedILi16ELi6EL9ap_q_mode5EL9ap_o_mode3ELi0EELj4EEENS1_IS2_ILi39ELi19ELS3_5ELS4_3ELi0EELj4EEE7config4EEvRKT_PAsrT1_6n_chan_12ap_shift_regINSA_10value_typeEXsrSD_8in_widthEERN3hls6streamIT0_106 (phi              ) [ 011000]
p_ZZN4nnet24compute_output_buffer_2dINS_5arrayI8ap_fixedILi16ELi6EL9ap_q_mode5EL9ap_o_mode3ELi0EELj4EEENS1_IS2_ILi39ELi19ELS3_5ELS4_3ELi0EELj4EEE7config4EEvRKT_PAsrT1_6n_chan_12ap_shift_regINSA_10value_typeEXsrSD_8in_widthEERN3hls6streamIT0_107 (phi              ) [ 011000]
p_ZZN4nnet24compute_output_buffer_2dINS_5arrayI8ap_fixedILi16ELi6EL9ap_q_mode5EL9ap_o_mode3ELi0EELj4EEENS1_IS2_ILi39ELi19ELS3_5ELS4_3ELi0EELj4EEE7config4EEvRKT_PAsrT1_6n_chan_12ap_shift_regINSA_10value_typeEXsrSD_8in_widthEERN3hls6streamIT0_108 (phi              ) [ 011000]
p_ZZN4nnet24compute_output_buffer_2dINS_5arrayI8ap_fixedILi16ELi6EL9ap_q_mode5EL9ap_o_mode3ELi0EELj4EEENS1_IS2_ILi39ELi19ELS3_5ELS4_3ELi0EELj4EEE7config4EEvRKT_PAsrT1_6n_chan_12ap_shift_regINSA_10value_typeEXsrSD_8in_widthEERN3hls6streamIT0_109 (phi              ) [ 011000]
p_ZZN4nnet24compute_output_buffer_2dINS_5arrayI8ap_fixedILi16ELi6EL9ap_q_mode5EL9ap_o_mode3ELi0EELj4EEENS1_IS2_ILi39ELi19ELS3_5ELS4_3ELi0EELj4EEE7config4EEvRKT_PAsrT1_6n_chan_12ap_shift_regINSA_10value_typeEXsrSD_8in_widthEERN3hls6streamIT0_110 (phi              ) [ 011000]
p_ZZN4nnet24compute_output_buffer_2dINS_5arrayI8ap_fixedILi16ELi6EL9ap_q_mode5EL9ap_o_mode3ELi0EELj4EEENS1_IS2_ILi39ELi19ELS3_5ELS4_3ELi0EELj4EEE7config4EEvRKT_PAsrT1_6n_chan_12ap_shift_regINSA_10value_typeEXsrSD_8in_widthEERN3hls6streamIT0_111 (phi              ) [ 011000]
p_ZZN4nnet24compute_output_buffer_2dINS_5arrayI8ap_fixedILi16ELi6EL9ap_q_mode5EL9ap_o_mode3ELi0EELj4EEENS1_IS2_ILi39ELi19ELS3_5ELS4_3ELi0EELj4EEE7config4EEvRKT_PAsrT1_6n_chan_12ap_shift_regINSA_10value_typeEXsrSD_8in_widthEERN3hls6streamIT0_112 (phi              ) [ 011000]
p_ZZN4nnet24compute_output_buffer_2dINS_5arrayI8ap_fixedILi16ELi6EL9ap_q_mode5EL9ap_o_mode3ELi0EELj4EEENS1_IS2_ILi39ELi19ELS3_5ELS4_3ELi0EELj4EEE7config4EEvRKT_PAsrT1_6n_chan_12ap_shift_regINSA_10value_typeEXsrSD_8in_widthEERN3hls6streamIT0_113 (phi              ) [ 011000]
p_ZZN4nnet24compute_output_buffer_2dINS_5arrayI8ap_fixedILi16ELi6EL9ap_q_mode5EL9ap_o_mode3ELi0EELj4EEENS1_IS2_ILi39ELi19ELS3_5ELS4_3ELi0EELj4EEE7config4EEvRKT_PAsrT1_6n_chan_12ap_shift_regINSA_10value_typeEXsrSD_8in_widthEERN3hls6streamIT0_114 (phi              ) [ 011000]
p_ZZN4nnet24compute_output_buffer_2dINS_5arrayI8ap_fixedILi16ELi6EL9ap_q_mode5EL9ap_o_mode3ELi0EELj4EEENS1_IS2_ILi39ELi19ELS3_5ELS4_3ELi0EELj4EEE7config4EEvRKT_PAsrT1_6n_chan_12ap_shift_regINSA_10value_typeEXsrSD_8in_widthEERN3hls6streamIT0_115 (phi              ) [ 011000]
p_ZZN4nnet24compute_output_buffer_2dINS_5arrayI8ap_fixedILi16ELi6EL9ap_q_mode5EL9ap_o_mode3ELi0EELj4EEENS1_IS2_ILi39ELi19ELS3_5ELS4_3ELi0EELj4EEE7config4EEvRKT_PAsrT1_6n_chan_12ap_shift_regINSA_10value_typeEXsrSD_8in_widthEERN3hls6streamIT0_116 (phi              ) [ 011000]
p_ZZN4nnet24compute_output_buffer_2dINS_5arrayI8ap_fixedILi16ELi6EL9ap_q_mode5EL9ap_o_mode3ELi0EELj4EEENS1_IS2_ILi39ELi19ELS3_5ELS4_3ELi0EELj4EEE7config4EEvRKT_PAsrT1_6n_chan_12ap_shift_regINSA_10value_typeEXsrSD_8in_widthEERN3hls6streamIT0_117 (phi              ) [ 011000]
p_ZZN4nnet24compute_output_buffer_2dINS_5arrayI8ap_fixedILi16ELi6EL9ap_q_mode5EL9ap_o_mode3ELi0EELj4EEENS1_IS2_ILi39ELi19ELS3_5ELS4_3ELi0EELj4EEE7config4EEvRKT_PAsrT1_6n_chan_12ap_shift_regINSA_10value_typeEXsrSD_8in_widthEERN3hls6streamIT0_118 (phi              ) [ 011000]
p_ZZN4nnet24compute_output_buffer_2dINS_5arrayI8ap_fixedILi16ELi6EL9ap_q_mode5EL9ap_o_mode3ELi0EELj4EEENS1_IS2_ILi39ELi19ELS3_5ELS4_3ELi0EELj4EEE7config4EEvRKT_PAsrT1_6n_chan_12ap_shift_regINSA_10value_typeEXsrSD_8in_widthEERN3hls6streamIT0_119 (phi              ) [ 011000]
p_ZZN4nnet24compute_output_buffer_2dINS_5arrayI8ap_fixedILi16ELi6EL9ap_q_mode5EL9ap_o_mode3ELi0EELj4EEENS1_IS2_ILi39ELi19ELS3_5ELS4_3ELi0EELj4EEE7config4EEvRKT_PAsrT1_6n_chan_12ap_shift_regINSA_10value_typeEXsrSD_8in_widthEERN3hls6streamIT0_120 (phi              ) [ 011000]
p_ZZN4nnet24compute_output_buffer_2dINS_5arrayI8ap_fixedILi16ELi6EL9ap_q_mode5EL9ap_o_mode3ELi0EELj4EEENS1_IS2_ILi39ELi19ELS3_5ELS4_3ELi0EELj4EEE7config4EEvRKT_PAsrT1_6n_chan_12ap_shift_regINSA_10value_typeEXsrSD_8in_widthEERN3hls6streamIT0_121 (phi              ) [ 011000]
void_compute_output_buffer_2d_array_array_ap_fixed_4u_config4_array_ap_fixed_16_6_5_3_0_4u_const_ap_shift_reg_value_type_in_width_n_chan_stream_array_ap_fixed_39_19_5_3_0_4u_0_weight_t_bias_t_kernel_data_load_rewind                              (phi              ) [ 011000]
void_compute_output_buffer_2d_array_array_ap_fixed_4u_config4_array_ap_fixed_16_6_5_3_0_4u_const_ap_shift_reg_value_type_in_width_n_chan_stream_array_ap_fixed_39_19_5_3_0_4u_0_weight_t_bias_t_kernel_data_1_load_rewind                            (phi              ) [ 011000]
void_compute_output_buffer_2d_array_array_ap_fixed_4u_config4_array_ap_fixed_16_6_5_3_0_4u_const_ap_shift_reg_value_type_in_width_n_chan_stream_array_ap_fixed_39_19_5_3_0_4u_0_weight_t_bias_t_kernel_data_2_load_rewind                            (phi              ) [ 011000]
void_compute_output_buffer_2d_array_array_ap_fixed_4u_config4_array_ap_fixed_16_6_5_3_0_4u_const_ap_shift_reg_value_type_in_width_n_chan_stream_array_ap_fixed_39_19_5_3_0_4u_0_weight_t_bias_t_kernel_data_3_load_rewind                            (phi              ) [ 011000]
void_compute_output_buffer_2d_array_array_ap_fixed_4u_config4_array_ap_fixed_16_6_5_3_0_4u_const_ap_shift_reg_value_type_in_width_n_chan_stream_array_ap_fixed_39_19_5_3_0_4u_0_weight_t_bias_t_kernel_data_4_load_rewind                            (phi              ) [ 011000]
void_compute_output_buffer_2d_array_array_ap_fixed_4u_config4_array_ap_fixed_16_6_5_3_0_4u_const_ap_shift_reg_value_type_in_width_n_chan_stream_array_ap_fixed_39_19_5_3_0_4u_0_weight_t_bias_t_kernel_data_5_load_rewind                            (phi              ) [ 011000]
void_compute_output_buffer_2d_array_array_ap_fixed_4u_config4_array_ap_fixed_16_6_5_3_0_4u_const_ap_shift_reg_value_type_in_width_n_chan_stream_array_ap_fixed_39_19_5_3_0_4u_0_weight_t_bias_t_kernel_data_6_load_rewind                            (phi              ) [ 011000]
void_compute_output_buffer_2d_array_array_ap_fixed_4u_config4_array_ap_fixed_16_6_5_3_0_4u_const_ap_shift_reg_value_type_in_width_n_chan_stream_array_ap_fixed_39_19_5_3_0_4u_0_weight_t_bias_t_kernel_data_7_load_rewind                            (phi              ) [ 011000]
void_compute_output_buffer_2d_array_array_ap_fixed_4u_config4_array_ap_fixed_16_6_5_3_0_4u_const_ap_shift_reg_value_type_in_width_n_chan_stream_array_ap_fixed_39_19_5_3_0_4u_0_weight_t_bias_t_kernel_data_8_load_rewind                            (phi              ) [ 011000]
void_compute_output_buffer_2d_array_array_ap_fixed_4u_config4_array_ap_fixed_16_6_5_3_0_4u_const_ap_shift_reg_value_type_in_width_n_chan_stream_array_ap_fixed_39_19_5_3_0_4u_0_weight_t_bias_t_kernel_data_9_load_rewind                            (phi              ) [ 011000]
in_index18                                                                                                                                                                                                                                           (phi              ) [ 011000]
br_ln0                                                                                                                                                                                                                                               (br               ) [ 000000]
p_ZZN4nnet24compute_output_buffer_2dINS_5arrayI8ap_fixedILi16ELi6EL9ap_q_mode5EL9ap_o_mode3ELi0EELj4EEENS1_IS2_ILi39ELi19ELS3_5ELS4_3ELi0EELj4EEE7config4EEvRKT_PAsrT1_6n_chan_12ap_shift_regINSA_10value_typeEXsrSD_8in_widthEERN3hls6streamIT0_44  (phi              ) [ 011000]
p_ZZN4nnet24compute_output_buffer_2dINS_5arrayI8ap_fixedILi16ELi6EL9ap_q_mode5EL9ap_o_mode3ELi0EELj4EEENS1_IS2_ILi39ELi19ELS3_5ELS4_3ELi0EELj4EEE7config4EEvRKT_PAsrT1_6n_chan_12ap_shift_regINSA_10value_typeEXsrSD_8in_widthEERN3hls6streamIT0_45  (phi              ) [ 011000]
p_ZZN4nnet24compute_output_buffer_2dINS_5arrayI8ap_fixedILi16ELi6EL9ap_q_mode5EL9ap_o_mode3ELi0EELj4EEENS1_IS2_ILi39ELi19ELS3_5ELS4_3ELi0EELj4EEE7config4EEvRKT_PAsrT1_6n_chan_12ap_shift_regINSA_10value_typeEXsrSD_8in_widthEERN3hls6streamIT0_46  (phi              ) [ 011000]
p_ZZN4nnet24compute_output_buffer_2dINS_5arrayI8ap_fixedILi16ELi6EL9ap_q_mode5EL9ap_o_mode3ELi0EELj4EEENS1_IS2_ILi39ELi19ELS3_5ELS4_3ELi0EELj4EEE7config4EEvRKT_PAsrT1_6n_chan_12ap_shift_regINSA_10value_typeEXsrSD_8in_widthEERN3hls6streamIT0_47  (phi              ) [ 011000]
p_ZZN4nnet24compute_output_buffer_2dINS_5arrayI8ap_fixedILi16ELi6EL9ap_q_mode5EL9ap_o_mode3ELi0EELj4EEENS1_IS2_ILi39ELi19ELS3_5ELS4_3ELi0EELj4EEE7config4EEvRKT_PAsrT1_6n_chan_12ap_shift_regINSA_10value_typeEXsrSD_8in_widthEERN3hls6streamIT0_48  (phi              ) [ 011000]
p_ZZN4nnet24compute_output_buffer_2dINS_5arrayI8ap_fixedILi16ELi6EL9ap_q_mode5EL9ap_o_mode3ELi0EELj4EEENS1_IS2_ILi39ELi19ELS3_5ELS4_3ELi0EELj4EEE7config4EEvRKT_PAsrT1_6n_chan_12ap_shift_regINSA_10value_typeEXsrSD_8in_widthEERN3hls6streamIT0_49  (phi              ) [ 011000]
p_ZZN4nnet24compute_output_buffer_2dINS_5arrayI8ap_fixedILi16ELi6EL9ap_q_mode5EL9ap_o_mode3ELi0EELj4EEENS1_IS2_ILi39ELi19ELS3_5ELS4_3ELi0EELj4EEE7config4EEvRKT_PAsrT1_6n_chan_12ap_shift_regINSA_10value_typeEXsrSD_8in_widthEERN3hls6streamIT0_50  (phi              ) [ 011000]
p_ZZN4nnet24compute_output_buffer_2dINS_5arrayI8ap_fixedILi16ELi6EL9ap_q_mode5EL9ap_o_mode3ELi0EELj4EEENS1_IS2_ILi39ELi19ELS3_5ELS4_3ELi0EELj4EEE7config4EEvRKT_PAsrT1_6n_chan_12ap_shift_regINSA_10value_typeEXsrSD_8in_widthEERN3hls6streamIT0_51  (phi              ) [ 011000]
p_ZZN4nnet24compute_output_buffer_2dINS_5arrayI8ap_fixedILi16ELi6EL9ap_q_mode5EL9ap_o_mode3ELi0EELj4EEENS1_IS2_ILi39ELi19ELS3_5ELS4_3ELi0EELj4EEE7config4EEvRKT_PAsrT1_6n_chan_12ap_shift_regINSA_10value_typeEXsrSD_8in_widthEERN3hls6streamIT0_52  (phi              ) [ 011000]
p_ZZN4nnet24compute_output_buffer_2dINS_5arrayI8ap_fixedILi16ELi6EL9ap_q_mode5EL9ap_o_mode3ELi0EELj4EEENS1_IS2_ILi39ELi19ELS3_5ELS4_3ELi0EELj4EEE7config4EEvRKT_PAsrT1_6n_chan_12ap_shift_regINSA_10value_typeEXsrSD_8in_widthEERN3hls6streamIT0_53  (phi              ) [ 011000]
p_ZZN4nnet24compute_output_buffer_2dINS_5arrayI8ap_fixedILi16ELi6EL9ap_q_mode5EL9ap_o_mode3ELi0EELj4EEENS1_IS2_ILi39ELi19ELS3_5ELS4_3ELi0EELj4EEE7config4EEvRKT_PAsrT1_6n_chan_12ap_shift_regINSA_10value_typeEXsrSD_8in_widthEERN3hls6streamIT0_54  (phi              ) [ 011000]
p_ZZN4nnet24compute_output_buffer_2dINS_5arrayI8ap_fixedILi16ELi6EL9ap_q_mode5EL9ap_o_mode3ELi0EELj4EEENS1_IS2_ILi39ELi19ELS3_5ELS4_3ELi0EELj4EEE7config4EEvRKT_PAsrT1_6n_chan_12ap_shift_regINSA_10value_typeEXsrSD_8in_widthEERN3hls6streamIT0_55  (phi              ) [ 011000]
p_ZZN4nnet24compute_output_buffer_2dINS_5arrayI8ap_fixedILi16ELi6EL9ap_q_mode5EL9ap_o_mode3ELi0EELj4EEENS1_IS2_ILi39ELi19ELS3_5ELS4_3ELi0EELj4EEE7config4EEvRKT_PAsrT1_6n_chan_12ap_shift_regINSA_10value_typeEXsrSD_8in_widthEERN3hls6streamIT0_56  (phi              ) [ 011000]
p_ZZN4nnet24compute_output_buffer_2dINS_5arrayI8ap_fixedILi16ELi6EL9ap_q_mode5EL9ap_o_mode3ELi0EELj4EEENS1_IS2_ILi39ELi19ELS3_5ELS4_3ELi0EELj4EEE7config4EEvRKT_PAsrT1_6n_chan_12ap_shift_regINSA_10value_typeEXsrSD_8in_widthEERN3hls6streamIT0_57  (phi              ) [ 011000]
p_ZZN4nnet24compute_output_buffer_2dINS_5arrayI8ap_fixedILi16ELi6EL9ap_q_mode5EL9ap_o_mode3ELi0EELj4EEENS1_IS2_ILi39ELi19ELS3_5ELS4_3ELi0EELj4EEE7config4EEvRKT_PAsrT1_6n_chan_12ap_shift_regINSA_10value_typeEXsrSD_8in_widthEERN3hls6streamIT0_58  (phi              ) [ 011000]
p_ZZN4nnet24compute_output_buffer_2dINS_5arrayI8ap_fixedILi16ELi6EL9ap_q_mode5EL9ap_o_mode3ELi0EELj4EEENS1_IS2_ILi39ELi19ELS3_5ELS4_3ELi0EELj4EEE7config4EEvRKT_PAsrT1_6n_chan_12ap_shift_regINSA_10value_typeEXsrSD_8in_widthEERN3hls6streamIT0_59  (phi              ) [ 011000]
p_ZZN4nnet24compute_output_buffer_2dINS_5arrayI8ap_fixedILi16ELi6EL9ap_q_mode5EL9ap_o_mode3ELi0EELj4EEENS1_IS2_ILi39ELi19ELS3_5ELS4_3ELi0EELj4EEE7config4EEvRKT_PAsrT1_6n_chan_12ap_shift_regINSA_10value_typeEXsrSD_8in_widthEERN3hls6streamIT0_60  (phi              ) [ 011000]
p_ZZN4nnet24compute_output_buffer_2dINS_5arrayI8ap_fixedILi16ELi6EL9ap_q_mode5EL9ap_o_mode3ELi0EELj4EEENS1_IS2_ILi39ELi19ELS3_5ELS4_3ELi0EELj4EEE7config4EEvRKT_PAsrT1_6n_chan_12ap_shift_regINSA_10value_typeEXsrSD_8in_widthEERN3hls6streamIT0_61  (phi              ) [ 011000]
p_ZZN4nnet24compute_output_buffer_2dINS_5arrayI8ap_fixedILi16ELi6EL9ap_q_mode5EL9ap_o_mode3ELi0EELj4EEENS1_IS2_ILi39ELi19ELS3_5ELS4_3ELi0EELj4EEE7config4EEvRKT_PAsrT1_6n_chan_12ap_shift_regINSA_10value_typeEXsrSD_8in_widthEERN3hls6streamIT0_62  (phi              ) [ 011000]
p_ZZN4nnet24compute_output_buffer_2dINS_5arrayI8ap_fixedILi16ELi6EL9ap_q_mode5EL9ap_o_mode3ELi0EELj4EEENS1_IS2_ILi39ELi19ELS3_5ELS4_3ELi0EELj4EEE7config4EEvRKT_PAsrT1_6n_chan_12ap_shift_regINSA_10value_typeEXsrSD_8in_widthEERN3hls6streamIT0_63  (phi              ) [ 011000]
p_ZZN4nnet24compute_output_buffer_2dINS_5arrayI8ap_fixedILi16ELi6EL9ap_q_mode5EL9ap_o_mode3ELi0EELj4EEENS1_IS2_ILi39ELi19ELS3_5ELS4_3ELi0EELj4EEE7config4EEvRKT_PAsrT1_6n_chan_12ap_shift_regINSA_10value_typeEXsrSD_8in_widthEERN3hls6streamIT0_64  (phi              ) [ 011000]
p_ZZN4nnet24compute_output_buffer_2dINS_5arrayI8ap_fixedILi16ELi6EL9ap_q_mode5EL9ap_o_mode3ELi0EELj4EEENS1_IS2_ILi39ELi19ELS3_5ELS4_3ELi0EELj4EEE7config4EEvRKT_PAsrT1_6n_chan_12ap_shift_regINSA_10value_typeEXsrSD_8in_widthEERN3hls6streamIT0_65  (phi              ) [ 011000]
p_ZZN4nnet24compute_output_buffer_2dINS_5arrayI8ap_fixedILi16ELi6EL9ap_q_mode5EL9ap_o_mode3ELi0EELj4EEENS1_IS2_ILi39ELi19ELS3_5ELS4_3ELi0EELj4EEE7config4EEvRKT_PAsrT1_6n_chan_12ap_shift_regINSA_10value_typeEXsrSD_8in_widthEERN3hls6streamIT0_66  (phi              ) [ 011000]
p_ZZN4nnet24compute_output_buffer_2dINS_5arrayI8ap_fixedILi16ELi6EL9ap_q_mode5EL9ap_o_mode3ELi0EELj4EEENS1_IS2_ILi39ELi19ELS3_5ELS4_3ELi0EELj4EEE7config4EEvRKT_PAsrT1_6n_chan_12ap_shift_regINSA_10value_typeEXsrSD_8in_widthEERN3hls6streamIT0_67  (phi              ) [ 011000]
p_ZZN4nnet24compute_output_buffer_2dINS_5arrayI8ap_fixedILi16ELi6EL9ap_q_mode5EL9ap_o_mode3ELi0EELj4EEENS1_IS2_ILi39ELi19ELS3_5ELS4_3ELi0EELj4EEE7config4EEvRKT_PAsrT1_6n_chan_12ap_shift_regINSA_10value_typeEXsrSD_8in_widthEERN3hls6streamIT0_68  (phi              ) [ 011000]
p_ZZN4nnet24compute_output_buffer_2dINS_5arrayI8ap_fixedILi16ELi6EL9ap_q_mode5EL9ap_o_mode3ELi0EELj4EEENS1_IS2_ILi39ELi19ELS3_5ELS4_3ELi0EELj4EEE7config4EEvRKT_PAsrT1_6n_chan_12ap_shift_regINSA_10value_typeEXsrSD_8in_widthEERN3hls6streamIT0_69  (phi              ) [ 011000]
void_compute_output_buffer_2d_array_array_ap_fixed_4u_config4_array_ap_fixed_16_6_5_3_0_4u_const_ap_shift_reg_value_type_in_width_n_chan_stream_array_ap_fixed_39_19_5_3_0_4u_0_weight_t_bias_t_kernel_data_load_phi                                 (phi              ) [ 011000]
void_compute_output_buffer_2d_array_array_ap_fixed_4u_config4_array_ap_fixed_16_6_5_3_0_4u_const_ap_shift_reg_value_type_in_width_n_chan_stream_array_ap_fixed_39_19_5_3_0_4u_0_weight_t_bias_t_kernel_data_1_load_phi                               (phi              ) [ 011000]
void_compute_output_buffer_2d_array_array_ap_fixed_4u_config4_array_ap_fixed_16_6_5_3_0_4u_const_ap_shift_reg_value_type_in_width_n_chan_stream_array_ap_fixed_39_19_5_3_0_4u_0_weight_t_bias_t_kernel_data_2_load_phi                               (phi              ) [ 011000]
void_compute_output_buffer_2d_array_array_ap_fixed_4u_config4_array_ap_fixed_16_6_5_3_0_4u_const_ap_shift_reg_value_type_in_width_n_chan_stream_array_ap_fixed_39_19_5_3_0_4u_0_weight_t_bias_t_kernel_data_3_load_phi                               (phi              ) [ 011000]
void_compute_output_buffer_2d_array_array_ap_fixed_4u_config4_array_ap_fixed_16_6_5_3_0_4u_const_ap_shift_reg_value_type_in_width_n_chan_stream_array_ap_fixed_39_19_5_3_0_4u_0_weight_t_bias_t_kernel_data_4_load_phi                               (phi              ) [ 011000]
void_compute_output_buffer_2d_array_array_ap_fixed_4u_config4_array_ap_fixed_16_6_5_3_0_4u_const_ap_shift_reg_value_type_in_width_n_chan_stream_array_ap_fixed_39_19_5_3_0_4u_0_weight_t_bias_t_kernel_data_5_load_phi                               (phi              ) [ 011000]
void_compute_output_buffer_2d_array_array_ap_fixed_4u_config4_array_ap_fixed_16_6_5_3_0_4u_const_ap_shift_reg_value_type_in_width_n_chan_stream_array_ap_fixed_39_19_5_3_0_4u_0_weight_t_bias_t_kernel_data_6_load_phi                               (phi              ) [ 011000]
void_compute_output_buffer_2d_array_array_ap_fixed_4u_config4_array_ap_fixed_16_6_5_3_0_4u_const_ap_shift_reg_value_type_in_width_n_chan_stream_array_ap_fixed_39_19_5_3_0_4u_0_weight_t_bias_t_kernel_data_7_load_phi                               (phi              ) [ 011000]
void_compute_output_buffer_2d_array_array_ap_fixed_4u_config4_array_ap_fixed_16_6_5_3_0_4u_const_ap_shift_reg_value_type_in_width_n_chan_stream_array_ap_fixed_39_19_5_3_0_4u_0_weight_t_bias_t_kernel_data_8_load_phi                               (phi              ) [ 011000]
void_compute_output_buffer_2d_array_array_ap_fixed_4u_config4_array_ap_fixed_16_6_5_3_0_4u_const_ap_shift_reg_value_type_in_width_n_chan_stream_array_ap_fixed_39_19_5_3_0_4u_0_weight_t_bias_t_kernel_data_9_load_phi                               (phi              ) [ 011000]
out_index                                                                                                                                                                                                                                            (load             ) [ 010111]
a_V                                                                                                                                                                                                                                                  (mux              ) [ 000000]
w_V                                                                                                                                                                                                                                                  (load             ) [ 000000]
sext_ln1168                                                                                                                                                                                                                                          (sext             ) [ 010111]
sext_ln1168_2                                                                                                                                                                                                                                        (sext             ) [ 010111]
in_index_1                                                                                                                                                                                                                                           (add              ) [ 000000]
icmp_ln154                                                                                                                                                                                                                                           (icmp             ) [ 000000]
in_index                                                                                                                                                                                                                                             (select           ) [ 011000]
conv_i1_i15_i16                                                                                                                                                                                                                                      (phi              ) [ 011111]
conv_i1_i18_i14                                                                                                                                                                                                                                      (phi              ) [ 011111]
conv_i1_i21_i12                                                                                                                                                                                                                                      (phi              ) [ 011111]
conv_i1_i24_i10                                                                                                                                                                                                                                      (phi              ) [ 011111]
empty                                                                                                                                                                                                                                                (speclooptripcount) [ 000000]
specpipeline_ln119                                                                                                                                                                                                                                   (specpipeline     ) [ 000000]
specloopname_ln119                                                                                                                                                                                                                                   (specloopname     ) [ 000000]
mul_ln1168                                                                                                                                                                                                                                           (mul              ) [ 000000]
trunc_ln                                                                                                                                                                                                                                             (partselect       ) [ 000000]
tmp_i                                                                                                                                                                                                                                                (mux              ) [ 000000]
add_ln712                                                                                                                                                                                                                                            (add              ) [ 000000]
switch_ln707                                                                                                                                                                                                                                         (switch           ) [ 000000]
br_ln712                                                                                                                                                                                                                                             (br               ) [ 000000]
br_ln712                                                                                                                                                                                                                                             (br               ) [ 000000]
br_ln712                                                                                                                                                                                                                                             (br               ) [ 000000]
acc_V_6                                                                                                                                                                                                                                              (phi              ) [ 010001]
acc_V_5                                                                                                                                                                                                                                              (phi              ) [ 010001]
acc_V_4                                                                                                                                                                                                                                              (phi              ) [ 010001]
acc_V                                                                                                                                                                                                                                                (phi              ) [ 010001]
shl_ln                                                                                                                                                                                                                                               (bitconcatenate   ) [ 000000]
sext_ln110                                                                                                                                                                                                                                           (sext             ) [ 000000]
shl_ln737_1                                                                                                                                                                                                                                          (bitconcatenate   ) [ 000000]
sext_ln110_1                                                                                                                                                                                                                                         (sext             ) [ 000000]
shl_ln737_2                                                                                                                                                                                                                                          (bitconcatenate   ) [ 000000]
sext_ln110_2                                                                                                                                                                                                                                         (sext             ) [ 000000]
shl_ln737_3                                                                                                                                                                                                                                          (bitconcatenate   ) [ 000000]
sext_ln166                                                                                                                                                                                                                                           (sext             ) [ 000000]
mrv_i                                                                                                                                                                                                                                                (insertvalue      ) [ 000000]
mrv_1_i                                                                                                                                                                                                                                              (insertvalue      ) [ 000000]
mrv_2_i                                                                                                                                                                                                                                              (insertvalue      ) [ 000000]
mrv_3_i                                                                                                                                                                                                                                              (insertvalue      ) [ 000000]
return_ln166                                                                                                                                                                                                                                         (return           ) [ 000000]
</LifeTime>

<model>

<comp_list>
<comp id="0" class="1000" name="outidx">
<pin_list>
<pin id="1" dir="1" index="0" bw="1" slack="0"/>
</pin_list>
<bind>
<StgValue><ssdm name="outidx"/><MemPortTyVec>1 </MemPortTyVec>
</StgValue>
</bind>
</comp>

<comp id="2" class="1000" name="w4_V">
<pin_list>
<pin id="3" dir="1" index="0" bw="1" slack="0"/>
</pin_list>
<bind>
<StgValue><ssdm name="w4_V"/><MemPortTyVec>1 </MemPortTyVec>
</StgValue>
</bind>
</comp>

<comp id="4" class="1000" name="void_compute_output_buffer_2d_array_array_ap_fixed_4u_config4_array_ap_fixed_16_6_5_3_0_4u_const_ap_shift_reg_value_type_in_width_n_chan_stream_array_ap_fixed_39_19_5_3_0_4u_0_weight_t_bias_t_kernel_data_9">
<pin_list>
<pin id="5" dir="1" index="0" bw="1" slack="0"/>
</pin_list>
<bind>
<StgValue><ssdm name="void_compute_output_buffer_2d_array_array_ap_fixed_4u_config4_array_ap_fixed_16_6_5_3_0_4u_const_ap_shift_reg_value_type_in_width_n_chan_stream_array_ap_fixed_39_19_5_3_0_4u_0_weight_t_bias_t_kernel_data_9"/></StgValue>
</bind>
</comp>

<comp id="6" class="1000" name="void_compute_output_buffer_2d_array_array_ap_fixed_4u_config4_array_ap_fixed_16_6_5_3_0_4u_const_ap_shift_reg_value_type_in_width_n_chan_stream_array_ap_fixed_39_19_5_3_0_4u_0_weight_t_bias_t_kernel_data_8">
<pin_list>
<pin id="7" dir="1" index="0" bw="1" slack="0"/>
</pin_list>
<bind>
<StgValue><ssdm name="void_compute_output_buffer_2d_array_array_ap_fixed_4u_config4_array_ap_fixed_16_6_5_3_0_4u_const_ap_shift_reg_value_type_in_width_n_chan_stream_array_ap_fixed_39_19_5_3_0_4u_0_weight_t_bias_t_kernel_data_8"/></StgValue>
</bind>
</comp>

<comp id="8" class="1000" name="void_compute_output_buffer_2d_array_array_ap_fixed_4u_config4_array_ap_fixed_16_6_5_3_0_4u_const_ap_shift_reg_value_type_in_width_n_chan_stream_array_ap_fixed_39_19_5_3_0_4u_0_weight_t_bias_t_kernel_data_7">
<pin_list>
<pin id="9" dir="1" index="0" bw="1" slack="0"/>
</pin_list>
<bind>
<StgValue><ssdm name="void_compute_output_buffer_2d_array_array_ap_fixed_4u_config4_array_ap_fixed_16_6_5_3_0_4u_const_ap_shift_reg_value_type_in_width_n_chan_stream_array_ap_fixed_39_19_5_3_0_4u_0_weight_t_bias_t_kernel_data_7"/></StgValue>
</bind>
</comp>

<comp id="10" class="1000" name="void_compute_output_buffer_2d_array_array_ap_fixed_4u_config4_array_ap_fixed_16_6_5_3_0_4u_const_ap_shift_reg_value_type_in_width_n_chan_stream_array_ap_fixed_39_19_5_3_0_4u_0_weight_t_bias_t_kernel_data_6">
<pin_list>
<pin id="11" dir="1" index="0" bw="1" slack="0"/>
</pin_list>
<bind>
<StgValue><ssdm name="void_compute_output_buffer_2d_array_array_ap_fixed_4u_config4_array_ap_fixed_16_6_5_3_0_4u_const_ap_shift_reg_value_type_in_width_n_chan_stream_array_ap_fixed_39_19_5_3_0_4u_0_weight_t_bias_t_kernel_data_6"/></StgValue>
</bind>
</comp>

<comp id="12" class="1000" name="void_compute_output_buffer_2d_array_array_ap_fixed_4u_config4_array_ap_fixed_16_6_5_3_0_4u_const_ap_shift_reg_value_type_in_width_n_chan_stream_array_ap_fixed_39_19_5_3_0_4u_0_weight_t_bias_t_kernel_data_5">
<pin_list>
<pin id="13" dir="1" index="0" bw="1" slack="0"/>
</pin_list>
<bind>
<StgValue><ssdm name="void_compute_output_buffer_2d_array_array_ap_fixed_4u_config4_array_ap_fixed_16_6_5_3_0_4u_const_ap_shift_reg_value_type_in_width_n_chan_stream_array_ap_fixed_39_19_5_3_0_4u_0_weight_t_bias_t_kernel_data_5"/></StgValue>
</bind>
</comp>

<comp id="14" class="1000" name="void_compute_output_buffer_2d_array_array_ap_fixed_4u_config4_array_ap_fixed_16_6_5_3_0_4u_const_ap_shift_reg_value_type_in_width_n_chan_stream_array_ap_fixed_39_19_5_3_0_4u_0_weight_t_bias_t_kernel_data_4">
<pin_list>
<pin id="15" dir="1" index="0" bw="1" slack="0"/>
</pin_list>
<bind>
<StgValue><ssdm name="void_compute_output_buffer_2d_array_array_ap_fixed_4u_config4_array_ap_fixed_16_6_5_3_0_4u_const_ap_shift_reg_value_type_in_width_n_chan_stream_array_ap_fixed_39_19_5_3_0_4u_0_weight_t_bias_t_kernel_data_4"/></StgValue>
</bind>
</comp>

<comp id="16" class="1000" name="void_compute_output_buffer_2d_array_array_ap_fixed_4u_config4_array_ap_fixed_16_6_5_3_0_4u_const_ap_shift_reg_value_type_in_width_n_chan_stream_array_ap_fixed_39_19_5_3_0_4u_0_weight_t_bias_t_kernel_data_3">
<pin_list>
<pin id="17" dir="1" index="0" bw="1" slack="0"/>
</pin_list>
<bind>
<StgValue><ssdm name="void_compute_output_buffer_2d_array_array_ap_fixed_4u_config4_array_ap_fixed_16_6_5_3_0_4u_const_ap_shift_reg_value_type_in_width_n_chan_stream_array_ap_fixed_39_19_5_3_0_4u_0_weight_t_bias_t_kernel_data_3"/></StgValue>
</bind>
</comp>

<comp id="18" class="1000" name="void_compute_output_buffer_2d_array_array_ap_fixed_4u_config4_array_ap_fixed_16_6_5_3_0_4u_const_ap_shift_reg_value_type_in_width_n_chan_stream_array_ap_fixed_39_19_5_3_0_4u_0_weight_t_bias_t_kernel_data_2">
<pin_list>
<pin id="19" dir="1" index="0" bw="1" slack="0"/>
</pin_list>
<bind>
<StgValue><ssdm name="void_compute_output_buffer_2d_array_array_ap_fixed_4u_config4_array_ap_fixed_16_6_5_3_0_4u_const_ap_shift_reg_value_type_in_width_n_chan_stream_array_ap_fixed_39_19_5_3_0_4u_0_weight_t_bias_t_kernel_data_2"/></StgValue>
</bind>
</comp>

<comp id="20" class="1000" name="void_compute_output_buffer_2d_array_array_ap_fixed_4u_config4_array_ap_fixed_16_6_5_3_0_4u_const_ap_shift_reg_value_type_in_width_n_chan_stream_array_ap_fixed_39_19_5_3_0_4u_0_weight_t_bias_t_kernel_data_1">
<pin_list>
<pin id="21" dir="1" index="0" bw="1" slack="0"/>
</pin_list>
<bind>
<StgValue><ssdm name="void_compute_output_buffer_2d_array_array_ap_fixed_4u_config4_array_ap_fixed_16_6_5_3_0_4u_const_ap_shift_reg_value_type_in_width_n_chan_stream_array_ap_fixed_39_19_5_3_0_4u_0_weight_t_bias_t_kernel_data_1"/></StgValue>
</bind>
</comp>

<comp id="22" class="1000" name="void_compute_output_buffer_2d_array_array_ap_fixed_4u_config4_array_ap_fixed_16_6_5_3_0_4u_const_ap_shift_reg_value_type_in_width_n_chan_stream_array_ap_fixed_39_19_5_3_0_4u_0_weight_t_bias_t_kernel_data">
<pin_list>
<pin id="23" dir="1" index="0" bw="1" slack="0"/>
</pin_list>
<bind>
<StgValue><ssdm name="void_compute_output_buffer_2d_array_array_ap_fixed_4u_config4_array_ap_fixed_16_6_5_3_0_4u_const_ap_shift_reg_value_type_in_width_n_chan_stream_array_ap_fixed_39_19_5_3_0_4u_0_weight_t_bias_t_kernel_data"/></StgValue>
</bind>
</comp>

<comp id="24" class="1000" name="p_ZZN4nnet24compute_output_buffer_2dINS_5arrayI8ap_fixedILi16ELi6EL9ap_q_mode5EL9ap_o_mode3ELi0EELj4EEENS1_IS2_ILi39ELi19ELS3_5ELS4_3ELi0EELj4EEE7config4EEvRKT_PAsrT1_6n_chan_12ap_shift_regINSA_10value_typeEXsrSD_8in_widthEERN3hls6streamIT0_25">
<pin_list>
<pin id="25" dir="1" index="0" bw="1" slack="0"/>
</pin_list>
<bind>
<StgValue><ssdm name="p_ZZN4nnet24compute_output_buffer_2dINS_5arrayI8ap_fixedILi16ELi6EL9ap_q_mode5EL9ap_o_mode3ELi0EELj4EEENS1_IS2_ILi39ELi19ELS3_5ELS4_3ELi0EELj4EEE7config4EEvRKT_PAsrT1_6n_chan_12ap_shift_regINSA_10value_typeEXsrSD_8in_widthEERN3hls6streamIT0_25"/></StgValue>
</bind>
</comp>

<comp id="26" class="1000" name="p_ZZN4nnet24compute_output_buffer_2dINS_5arrayI8ap_fixedILi16ELi6EL9ap_q_mode5EL9ap_o_mode3ELi0EELj4EEENS1_IS2_ILi39ELi19ELS3_5ELS4_3ELi0EELj4EEE7config4EEvRKT_PAsrT1_6n_chan_12ap_shift_regINSA_10value_typeEXsrSD_8in_widthEERN3hls6streamIT0_24">
<pin_list>
<pin id="27" dir="1" index="0" bw="1" slack="0"/>
</pin_list>
<bind>
<StgValue><ssdm name="p_ZZN4nnet24compute_output_buffer_2dINS_5arrayI8ap_fixedILi16ELi6EL9ap_q_mode5EL9ap_o_mode3ELi0EELj4EEENS1_IS2_ILi39ELi19ELS3_5ELS4_3ELi0EELj4EEE7config4EEvRKT_PAsrT1_6n_chan_12ap_shift_regINSA_10value_typeEXsrSD_8in_widthEERN3hls6streamIT0_24"/></StgValue>
</bind>
</comp>

<comp id="28" class="1000" name="p_ZZN4nnet24compute_output_buffer_2dINS_5arrayI8ap_fixedILi16ELi6EL9ap_q_mode5EL9ap_o_mode3ELi0EELj4EEENS1_IS2_ILi39ELi19ELS3_5ELS4_3ELi0EELj4EEE7config4EEvRKT_PAsrT1_6n_chan_12ap_shift_regINSA_10value_typeEXsrSD_8in_widthEERN3hls6streamIT0_23">
<pin_list>
<pin id="29" dir="1" index="0" bw="1" slack="0"/>
</pin_list>
<bind>
<StgValue><ssdm name="p_ZZN4nnet24compute_output_buffer_2dINS_5arrayI8ap_fixedILi16ELi6EL9ap_q_mode5EL9ap_o_mode3ELi0EELj4EEENS1_IS2_ILi39ELi19ELS3_5ELS4_3ELi0EELj4EEE7config4EEvRKT_PAsrT1_6n_chan_12ap_shift_regINSA_10value_typeEXsrSD_8in_widthEERN3hls6streamIT0_23"/></StgValue>
</bind>
</comp>

<comp id="30" class="1000" name="p_ZZN4nnet24compute_output_buffer_2dINS_5arrayI8ap_fixedILi16ELi6EL9ap_q_mode5EL9ap_o_mode3ELi0EELj4EEENS1_IS2_ILi39ELi19ELS3_5ELS4_3ELi0EELj4EEE7config4EEvRKT_PAsrT1_6n_chan_12ap_shift_regINSA_10value_typeEXsrSD_8in_widthEERN3hls6streamIT0_22">
<pin_list>
<pin id="31" dir="1" index="0" bw="1" slack="0"/>
</pin_list>
<bind>
<StgValue><ssdm name="p_ZZN4nnet24compute_output_buffer_2dINS_5arrayI8ap_fixedILi16ELi6EL9ap_q_mode5EL9ap_o_mode3ELi0EELj4EEENS1_IS2_ILi39ELi19ELS3_5ELS4_3ELi0EELj4EEE7config4EEvRKT_PAsrT1_6n_chan_12ap_shift_regINSA_10value_typeEXsrSD_8in_widthEERN3hls6streamIT0_22"/></StgValue>
</bind>
</comp>

<comp id="32" class="1000" name="p_ZZN4nnet24compute_output_buffer_2dINS_5arrayI8ap_fixedILi16ELi6EL9ap_q_mode5EL9ap_o_mode3ELi0EELj4EEENS1_IS2_ILi39ELi19ELS3_5ELS4_3ELi0EELj4EEE7config4EEvRKT_PAsrT1_6n_chan_12ap_shift_regINSA_10value_typeEXsrSD_8in_widthEERN3hls6streamIT0_21">
<pin_list>
<pin id="33" dir="1" index="0" bw="1" slack="0"/>
</pin_list>
<bind>
<StgValue><ssdm name="p_ZZN4nnet24compute_output_buffer_2dINS_5arrayI8ap_fixedILi16ELi6EL9ap_q_mode5EL9ap_o_mode3ELi0EELj4EEENS1_IS2_ILi39ELi19ELS3_5ELS4_3ELi0EELj4EEE7config4EEvRKT_PAsrT1_6n_chan_12ap_shift_regINSA_10value_typeEXsrSD_8in_widthEERN3hls6streamIT0_21"/></StgValue>
</bind>
</comp>

<comp id="34" class="1000" name="p_ZZN4nnet24compute_output_buffer_2dINS_5arrayI8ap_fixedILi16ELi6EL9ap_q_mode5EL9ap_o_mode3ELi0EELj4EEENS1_IS2_ILi39ELi19ELS3_5ELS4_3ELi0EELj4EEE7config4EEvRKT_PAsrT1_6n_chan_12ap_shift_regINSA_10value_typeEXsrSD_8in_widthEERN3hls6streamIT0_20">
<pin_list>
<pin id="35" dir="1" index="0" bw="1" slack="0"/>
</pin_list>
<bind>
<StgValue><ssdm name="p_ZZN4nnet24compute_output_buffer_2dINS_5arrayI8ap_fixedILi16ELi6EL9ap_q_mode5EL9ap_o_mode3ELi0EELj4EEENS1_IS2_ILi39ELi19ELS3_5ELS4_3ELi0EELj4EEE7config4EEvRKT_PAsrT1_6n_chan_12ap_shift_regINSA_10value_typeEXsrSD_8in_widthEERN3hls6streamIT0_20"/></StgValue>
</bind>
</comp>

<comp id="36" class="1000" name="p_ZZN4nnet24compute_output_buffer_2dINS_5arrayI8ap_fixedILi16ELi6EL9ap_q_mode5EL9ap_o_mode3ELi0EELj4EEENS1_IS2_ILi39ELi19ELS3_5ELS4_3ELi0EELj4EEE7config4EEvRKT_PAsrT1_6n_chan_12ap_shift_regINSA_10value_typeEXsrSD_8in_widthEERN3hls6streamIT0_19">
<pin_list>
<pin id="37" dir="1" index="0" bw="1" slack="0"/>
</pin_list>
<bind>
<StgValue><ssdm name="p_ZZN4nnet24compute_output_buffer_2dINS_5arrayI8ap_fixedILi16ELi6EL9ap_q_mode5EL9ap_o_mode3ELi0EELj4EEENS1_IS2_ILi39ELi19ELS3_5ELS4_3ELi0EELj4EEE7config4EEvRKT_PAsrT1_6n_chan_12ap_shift_regINSA_10value_typeEXsrSD_8in_widthEERN3hls6streamIT0_19"/></StgValue>
</bind>
</comp>

<comp id="38" class="1000" name="p_ZZN4nnet24compute_output_buffer_2dINS_5arrayI8ap_fixedILi16ELi6EL9ap_q_mode5EL9ap_o_mode3ELi0EELj4EEENS1_IS2_ILi39ELi19ELS3_5ELS4_3ELi0EELj4EEE7config4EEvRKT_PAsrT1_6n_chan_12ap_shift_regINSA_10value_typeEXsrSD_8in_widthEERN3hls6streamIT0_18">
<pin_list>
<pin id="39" dir="1" index="0" bw="1" slack="0"/>
</pin_list>
<bind>
<StgValue><ssdm name="p_ZZN4nnet24compute_output_buffer_2dINS_5arrayI8ap_fixedILi16ELi6EL9ap_q_mode5EL9ap_o_mode3ELi0EELj4EEENS1_IS2_ILi39ELi19ELS3_5ELS4_3ELi0EELj4EEE7config4EEvRKT_PAsrT1_6n_chan_12ap_shift_regINSA_10value_typeEXsrSD_8in_widthEERN3hls6streamIT0_18"/></StgValue>
</bind>
</comp>

<comp id="40" class="1000" name="p_ZZN4nnet24compute_output_buffer_2dINS_5arrayI8ap_fixedILi16ELi6EL9ap_q_mode5EL9ap_o_mode3ELi0EELj4EEENS1_IS2_ILi39ELi19ELS3_5ELS4_3ELi0EELj4EEE7config4EEvRKT_PAsrT1_6n_chan_12ap_shift_regINSA_10value_typeEXsrSD_8in_widthEERN3hls6streamIT0_17">
<pin_list>
<pin id="41" dir="1" index="0" bw="1" slack="0"/>
</pin_list>
<bind>
<StgValue><ssdm name="p_ZZN4nnet24compute_output_buffer_2dINS_5arrayI8ap_fixedILi16ELi6EL9ap_q_mode5EL9ap_o_mode3ELi0EELj4EEENS1_IS2_ILi39ELi19ELS3_5ELS4_3ELi0EELj4EEE7config4EEvRKT_PAsrT1_6n_chan_12ap_shift_regINSA_10value_typeEXsrSD_8in_widthEERN3hls6streamIT0_17"/></StgValue>
</bind>
</comp>

<comp id="42" class="1000" name="p_ZZN4nnet24compute_output_buffer_2dINS_5arrayI8ap_fixedILi16ELi6EL9ap_q_mode5EL9ap_o_mode3ELi0EELj4EEENS1_IS2_ILi39ELi19ELS3_5ELS4_3ELi0EELj4EEE7config4EEvRKT_PAsrT1_6n_chan_12ap_shift_regINSA_10value_typeEXsrSD_8in_widthEERN3hls6streamIT0_16">
<pin_list>
<pin id="43" dir="1" index="0" bw="1" slack="0"/>
</pin_list>
<bind>
<StgValue><ssdm name="p_ZZN4nnet24compute_output_buffer_2dINS_5arrayI8ap_fixedILi16ELi6EL9ap_q_mode5EL9ap_o_mode3ELi0EELj4EEENS1_IS2_ILi39ELi19ELS3_5ELS4_3ELi0EELj4EEE7config4EEvRKT_PAsrT1_6n_chan_12ap_shift_regINSA_10value_typeEXsrSD_8in_widthEERN3hls6streamIT0_16"/></StgValue>
</bind>
</comp>

<comp id="44" class="1000" name="p_ZZN4nnet24compute_output_buffer_2dINS_5arrayI8ap_fixedILi16ELi6EL9ap_q_mode5EL9ap_o_mode3ELi0EELj4EEENS1_IS2_ILi39ELi19ELS3_5ELS4_3ELi0EELj4EEE7config4EEvRKT_PAsrT1_6n_chan_12ap_shift_regINSA_10value_typeEXsrSD_8in_widthEERN3hls6streamIT0_15">
<pin_list>
<pin id="45" dir="1" index="0" bw="1" slack="0"/>
</pin_list>
<bind>
<StgValue><ssdm name="p_ZZN4nnet24compute_output_buffer_2dINS_5arrayI8ap_fixedILi16ELi6EL9ap_q_mode5EL9ap_o_mode3ELi0EELj4EEENS1_IS2_ILi39ELi19ELS3_5ELS4_3ELi0EELj4EEE7config4EEvRKT_PAsrT1_6n_chan_12ap_shift_regINSA_10value_typeEXsrSD_8in_widthEERN3hls6streamIT0_15"/></StgValue>
</bind>
</comp>

<comp id="46" class="1000" name="p_ZZN4nnet24compute_output_buffer_2dINS_5arrayI8ap_fixedILi16ELi6EL9ap_q_mode5EL9ap_o_mode3ELi0EELj4EEENS1_IS2_ILi39ELi19ELS3_5ELS4_3ELi0EELj4EEE7config4EEvRKT_PAsrT1_6n_chan_12ap_shift_regINSA_10value_typeEXsrSD_8in_widthEERN3hls6streamIT0_14">
<pin_list>
<pin id="47" dir="1" index="0" bw="1" slack="0"/>
</pin_list>
<bind>
<StgValue><ssdm name="p_ZZN4nnet24compute_output_buffer_2dINS_5arrayI8ap_fixedILi16ELi6EL9ap_q_mode5EL9ap_o_mode3ELi0EELj4EEENS1_IS2_ILi39ELi19ELS3_5ELS4_3ELi0EELj4EEE7config4EEvRKT_PAsrT1_6n_chan_12ap_shift_regINSA_10value_typeEXsrSD_8in_widthEERN3hls6streamIT0_14"/></StgValue>
</bind>
</comp>

<comp id="48" class="1000" name="p_ZZN4nnet24compute_output_buffer_2dINS_5arrayI8ap_fixedILi16ELi6EL9ap_q_mode5EL9ap_o_mode3ELi0EELj4EEENS1_IS2_ILi39ELi19ELS3_5ELS4_3ELi0EELj4EEE7config4EEvRKT_PAsrT1_6n_chan_12ap_shift_regINSA_10value_typeEXsrSD_8in_widthEERN3hls6streamIT0_13">
<pin_list>
<pin id="49" dir="1" index="0" bw="1" slack="0"/>
</pin_list>
<bind>
<StgValue><ssdm name="p_ZZN4nnet24compute_output_buffer_2dINS_5arrayI8ap_fixedILi16ELi6EL9ap_q_mode5EL9ap_o_mode3ELi0EELj4EEENS1_IS2_ILi39ELi19ELS3_5ELS4_3ELi0EELj4EEE7config4EEvRKT_PAsrT1_6n_chan_12ap_shift_regINSA_10value_typeEXsrSD_8in_widthEERN3hls6streamIT0_13"/></StgValue>
</bind>
</comp>

<comp id="50" class="1000" name="p_ZZN4nnet24compute_output_buffer_2dINS_5arrayI8ap_fixedILi16ELi6EL9ap_q_mode5EL9ap_o_mode3ELi0EELj4EEENS1_IS2_ILi39ELi19ELS3_5ELS4_3ELi0EELj4EEE7config4EEvRKT_PAsrT1_6n_chan_12ap_shift_regINSA_10value_typeEXsrSD_8in_widthEERN3hls6streamIT0_12">
<pin_list>
<pin id="51" dir="1" index="0" bw="1" slack="0"/>
</pin_list>
<bind>
<StgValue><ssdm name="p_ZZN4nnet24compute_output_buffer_2dINS_5arrayI8ap_fixedILi16ELi6EL9ap_q_mode5EL9ap_o_mode3ELi0EELj4EEENS1_IS2_ILi39ELi19ELS3_5ELS4_3ELi0EELj4EEE7config4EEvRKT_PAsrT1_6n_chan_12ap_shift_regINSA_10value_typeEXsrSD_8in_widthEERN3hls6streamIT0_12"/></StgValue>
</bind>
</comp>

<comp id="52" class="1000" name="p_ZZN4nnet24compute_output_buffer_2dINS_5arrayI8ap_fixedILi16ELi6EL9ap_q_mode5EL9ap_o_mode3ELi0EELj4EEENS1_IS2_ILi39ELi19ELS3_5ELS4_3ELi0EELj4EEE7config4EEvRKT_PAsrT1_6n_chan_12ap_shift_regINSA_10value_typeEXsrSD_8in_widthEERN3hls6streamIT0_11">
<pin_list>
<pin id="53" dir="1" index="0" bw="1" slack="0"/>
</pin_list>
<bind>
<StgValue><ssdm name="p_ZZN4nnet24compute_output_buffer_2dINS_5arrayI8ap_fixedILi16ELi6EL9ap_q_mode5EL9ap_o_mode3ELi0EELj4EEENS1_IS2_ILi39ELi19ELS3_5ELS4_3ELi0EELj4EEE7config4EEvRKT_PAsrT1_6n_chan_12ap_shift_regINSA_10value_typeEXsrSD_8in_widthEERN3hls6streamIT0_11"/></StgValue>
</bind>
</comp>

<comp id="54" class="1000" name="p_ZZN4nnet24compute_output_buffer_2dINS_5arrayI8ap_fixedILi16ELi6EL9ap_q_mode5EL9ap_o_mode3ELi0EELj4EEENS1_IS2_ILi39ELi19ELS3_5ELS4_3ELi0EELj4EEE7config4EEvRKT_PAsrT1_6n_chan_12ap_shift_regINSA_10value_typeEXsrSD_8in_widthEERN3hls6streamIT0_10">
<pin_list>
<pin id="55" dir="1" index="0" bw="1" slack="0"/>
</pin_list>
<bind>
<StgValue><ssdm name="p_ZZN4nnet24compute_output_buffer_2dINS_5arrayI8ap_fixedILi16ELi6EL9ap_q_mode5EL9ap_o_mode3ELi0EELj4EEENS1_IS2_ILi39ELi19ELS3_5ELS4_3ELi0EELj4EEE7config4EEvRKT_PAsrT1_6n_chan_12ap_shift_regINSA_10value_typeEXsrSD_8in_widthEERN3hls6streamIT0_10"/></StgValue>
</bind>
</comp>

<comp id="56" class="1000" name="p_ZZN4nnet24compute_output_buffer_2dINS_5arrayI8ap_fixedILi16ELi6EL9ap_q_mode5EL9ap_o_mode3ELi0EELj4EEENS1_IS2_ILi39ELi19ELS3_5ELS4_3ELi0EELj4EEE7config4EEvRKT_PAsrT1_6n_chan_12ap_shift_regINSA_10value_typeEXsrSD_8in_widthEERN3hls6streamIT0_9">
<pin_list>
<pin id="57" dir="1" index="0" bw="1" slack="0"/>
</pin_list>
<bind>
<StgValue><ssdm name="p_ZZN4nnet24compute_output_buffer_2dINS_5arrayI8ap_fixedILi16ELi6EL9ap_q_mode5EL9ap_o_mode3ELi0EELj4EEENS1_IS2_ILi39ELi19ELS3_5ELS4_3ELi0EELj4EEE7config4EEvRKT_PAsrT1_6n_chan_12ap_shift_regINSA_10value_typeEXsrSD_8in_widthEERN3hls6streamIT0_9"/></StgValue>
</bind>
</comp>

<comp id="58" class="1000" name="p_ZZN4nnet24compute_output_buffer_2dINS_5arrayI8ap_fixedILi16ELi6EL9ap_q_mode5EL9ap_o_mode3ELi0EELj4EEENS1_IS2_ILi39ELi19ELS3_5ELS4_3ELi0EELj4EEE7config4EEvRKT_PAsrT1_6n_chan_12ap_shift_regINSA_10value_typeEXsrSD_8in_widthEERN3hls6streamIT0_8">
<pin_list>
<pin id="59" dir="1" index="0" bw="1" slack="0"/>
</pin_list>
<bind>
<StgValue><ssdm name="p_ZZN4nnet24compute_output_buffer_2dINS_5arrayI8ap_fixedILi16ELi6EL9ap_q_mode5EL9ap_o_mode3ELi0EELj4EEENS1_IS2_ILi39ELi19ELS3_5ELS4_3ELi0EELj4EEE7config4EEvRKT_PAsrT1_6n_chan_12ap_shift_regINSA_10value_typeEXsrSD_8in_widthEERN3hls6streamIT0_8"/></StgValue>
</bind>
</comp>

<comp id="60" class="1000" name="p_ZZN4nnet24compute_output_buffer_2dINS_5arrayI8ap_fixedILi16ELi6EL9ap_q_mode5EL9ap_o_mode3ELi0EELj4EEENS1_IS2_ILi39ELi19ELS3_5ELS4_3ELi0EELj4EEE7config4EEvRKT_PAsrT1_6n_chan_12ap_shift_regINSA_10value_typeEXsrSD_8in_widthEERN3hls6streamIT0_7">
<pin_list>
<pin id="61" dir="1" index="0" bw="1" slack="0"/>
</pin_list>
<bind>
<StgValue><ssdm name="p_ZZN4nnet24compute_output_buffer_2dINS_5arrayI8ap_fixedILi16ELi6EL9ap_q_mode5EL9ap_o_mode3ELi0EELj4EEENS1_IS2_ILi39ELi19ELS3_5ELS4_3ELi0EELj4EEE7config4EEvRKT_PAsrT1_6n_chan_12ap_shift_regINSA_10value_typeEXsrSD_8in_widthEERN3hls6streamIT0_7"/></StgValue>
</bind>
</comp>

<comp id="62" class="1000" name="p_ZZN4nnet24compute_output_buffer_2dINS_5arrayI8ap_fixedILi16ELi6EL9ap_q_mode5EL9ap_o_mode3ELi0EELj4EEENS1_IS2_ILi39ELi19ELS3_5ELS4_3ELi0EELj4EEE7config4EEvRKT_PAsrT1_6n_chan_12ap_shift_regINSA_10value_typeEXsrSD_8in_widthEERN3hls6streamIT0_6">
<pin_list>
<pin id="63" dir="1" index="0" bw="1" slack="0"/>
</pin_list>
<bind>
<StgValue><ssdm name="p_ZZN4nnet24compute_output_buffer_2dINS_5arrayI8ap_fixedILi16ELi6EL9ap_q_mode5EL9ap_o_mode3ELi0EELj4EEENS1_IS2_ILi39ELi19ELS3_5ELS4_3ELi0EELj4EEE7config4EEvRKT_PAsrT1_6n_chan_12ap_shift_regINSA_10value_typeEXsrSD_8in_widthEERN3hls6streamIT0_6"/></StgValue>
</bind>
</comp>

<comp id="64" class="1000" name="p_ZZN4nnet24compute_output_buffer_2dINS_5arrayI8ap_fixedILi16ELi6EL9ap_q_mode5EL9ap_o_mode3ELi0EELj4EEENS1_IS2_ILi39ELi19ELS3_5ELS4_3ELi0EELj4EEE7config4EEvRKT_PAsrT1_6n_chan_12ap_shift_regINSA_10value_typeEXsrSD_8in_widthEERN3hls6streamIT0_5">
<pin_list>
<pin id="65" dir="1" index="0" bw="1" slack="0"/>
</pin_list>
<bind>
<StgValue><ssdm name="p_ZZN4nnet24compute_output_buffer_2dINS_5arrayI8ap_fixedILi16ELi6EL9ap_q_mode5EL9ap_o_mode3ELi0EELj4EEENS1_IS2_ILi39ELi19ELS3_5ELS4_3ELi0EELj4EEE7config4EEvRKT_PAsrT1_6n_chan_12ap_shift_regINSA_10value_typeEXsrSD_8in_widthEERN3hls6streamIT0_5"/></StgValue>
</bind>
</comp>

<comp id="66" class="1000" name="p_ZZN4nnet24compute_output_buffer_2dINS_5arrayI8ap_fixedILi16ELi6EL9ap_q_mode5EL9ap_o_mode3ELi0EELj4EEENS1_IS2_ILi39ELi19ELS3_5ELS4_3ELi0EELj4EEE7config4EEvRKT_PAsrT1_6n_chan_12ap_shift_regINSA_10value_typeEXsrSD_8in_widthEERN3hls6streamIT0_4">
<pin_list>
<pin id="67" dir="1" index="0" bw="1" slack="0"/>
</pin_list>
<bind>
<StgValue><ssdm name="p_ZZN4nnet24compute_output_buffer_2dINS_5arrayI8ap_fixedILi16ELi6EL9ap_q_mode5EL9ap_o_mode3ELi0EELj4EEENS1_IS2_ILi39ELi19ELS3_5ELS4_3ELi0EELj4EEE7config4EEvRKT_PAsrT1_6n_chan_12ap_shift_regINSA_10value_typeEXsrSD_8in_widthEERN3hls6streamIT0_4"/></StgValue>
</bind>
</comp>

<comp id="68" class="1000" name="p_ZZN4nnet24compute_output_buffer_2dINS_5arrayI8ap_fixedILi16ELi6EL9ap_q_mode5EL9ap_o_mode3ELi0EELj4EEENS1_IS2_ILi39ELi19ELS3_5ELS4_3ELi0EELj4EEE7config4EEvRKT_PAsrT1_6n_chan_12ap_shift_regINSA_10value_typeEXsrSD_8in_widthEERN3hls6streamIT0_3">
<pin_list>
<pin id="69" dir="1" index="0" bw="1" slack="0"/>
</pin_list>
<bind>
<StgValue><ssdm name="p_ZZN4nnet24compute_output_buffer_2dINS_5arrayI8ap_fixedILi16ELi6EL9ap_q_mode5EL9ap_o_mode3ELi0EELj4EEENS1_IS2_ILi39ELi19ELS3_5ELS4_3ELi0EELj4EEE7config4EEvRKT_PAsrT1_6n_chan_12ap_shift_regINSA_10value_typeEXsrSD_8in_widthEERN3hls6streamIT0_3"/></StgValue>
</bind>
</comp>

<comp id="70" class="1000" name="p_ZZN4nnet24compute_output_buffer_2dINS_5arrayI8ap_fixedILi16ELi6EL9ap_q_mode5EL9ap_o_mode3ELi0EELj4EEENS1_IS2_ILi39ELi19ELS3_5ELS4_3ELi0EELj4EEE7config4EEvRKT_PAsrT1_6n_chan_12ap_shift_regINSA_10value_typeEXsrSD_8in_widthEERN3hls6streamIT0_2">
<pin_list>
<pin id="71" dir="1" index="0" bw="1" slack="0"/>
</pin_list>
<bind>
<StgValue><ssdm name="p_ZZN4nnet24compute_output_buffer_2dINS_5arrayI8ap_fixedILi16ELi6EL9ap_q_mode5EL9ap_o_mode3ELi0EELj4EEENS1_IS2_ILi39ELi19ELS3_5ELS4_3ELi0EELj4EEE7config4EEvRKT_PAsrT1_6n_chan_12ap_shift_regINSA_10value_typeEXsrSD_8in_widthEERN3hls6streamIT0_2"/></StgValue>
</bind>
</comp>

<comp id="72" class="1000" name="p_ZZN4nnet24compute_output_buffer_2dINS_5arrayI8ap_fixedILi16ELi6EL9ap_q_mode5EL9ap_o_mode3ELi0EELj4EEENS1_IS2_ILi39ELi19ELS3_5ELS4_3ELi0EELj4EEE7config4EEvRKT_PAsrT1_6n_chan_12ap_shift_regINSA_10value_typeEXsrSD_8in_widthEERN3hls6streamIT0_1">
<pin_list>
<pin id="73" dir="1" index="0" bw="1" slack="0"/>
</pin_list>
<bind>
<StgValue><ssdm name="p_ZZN4nnet24compute_output_buffer_2dINS_5arrayI8ap_fixedILi16ELi6EL9ap_q_mode5EL9ap_o_mode3ELi0EELj4EEENS1_IS2_ILi39ELi19ELS3_5ELS4_3ELi0EELj4EEE7config4EEvRKT_PAsrT1_6n_chan_12ap_shift_regINSA_10value_typeEXsrSD_8in_widthEERN3hls6streamIT0_1"/></StgValue>
</bind>
</comp>

<comp id="74" class="1000" name="p_ZZN4nnet24compute_output_buffer_2dINS_5arrayI8ap_fixedILi16ELi6EL9ap_q_mode5EL9ap_o_mode3ELi0EELj4EEENS1_IS2_ILi39ELi19ELS3_5ELS4_3ELi0EELj4EEE7config4EEvRKT_PAsrT1_6n_chan_12ap_shift_regINSA_10value_typeEXsrSD_8in_widthEERN3hls6streamIT0_s">
<pin_list>
<pin id="75" dir="1" index="0" bw="1" slack="0"/>
</pin_list>
<bind>
<StgValue><ssdm name="p_ZZN4nnet24compute_output_buffer_2dINS_5arrayI8ap_fixedILi16ELi6EL9ap_q_mode5EL9ap_o_mode3ELi0EELj4EEENS1_IS2_ILi39ELi19ELS3_5ELS4_3ELi0EELj4EEE7config4EEvRKT_PAsrT1_6n_chan_12ap_shift_regINSA_10value_typeEXsrSD_8in_widthEERN3hls6streamIT0_s"/></StgValue>
</bind>
</comp>

<comp id="76" class="1001" name="const_76">
<pin_list>
<pin id="77" dir="1" index="0" bw="1" slack="0"/>
</pin_list>
<bind>
<StgValue><ssdm name=""/></StgValue>
</bind>
</comp>

<comp id="78" class="1001" name="const_78">
<pin_list>
<pin id="79" dir="1" index="0" bw="1" slack="0"/>
</pin_list>
<bind>
<StgValue><ssdm name=""/></StgValue>
</bind>
</comp>

<comp id="80" class="1001" name="const_80">
<pin_list>
<pin id="81" dir="1" index="0" bw="1" slack="0"/>
</pin_list>
<bind>
<StgValue><ssdm name=""/></StgValue>
</bind>
</comp>

<comp id="82" class="1001" name="const_82">
<pin_list>
<pin id="83" dir="1" index="0" bw="1" slack="2147483647"/>
</pin_list>
<bind>
<StgValue><ssdm name="_ssdm_op_SpecMemCore"/></StgValue>
</bind>
</comp>

<comp id="84" class="1001" name="const_84">
<pin_list>
<pin id="85" dir="1" index="0" bw="1" slack="2147483647"/>
</pin_list>
<bind>
<StgValue><ssdm name=""/></StgValue>
</bind>
</comp>

<comp id="86" class="1001" name="const_86">
<pin_list>
<pin id="87" dir="1" index="0" bw="1" slack="2147483647"/>
</pin_list>
<bind>
<StgValue><ssdm name=""/></StgValue>
</bind>
</comp>

<comp id="88" class="1001" name="const_88">
<pin_list>
<pin id="89" dir="1" index="0" bw="1" slack="2147483647"/>
</pin_list>
<bind>
<StgValue><ssdm name=""/></StgValue>
</bind>
</comp>

<comp id="90" class="1001" name="const_90">
<pin_list>
<pin id="91" dir="1" index="0" bw="1" slack="0"/>
</pin_list>
<bind>
<StgValue><ssdm name=""/></StgValue>
</bind>
</comp>

<comp id="92" class="1001" name="const_92">
<pin_list>
<pin id="93" dir="1" index="0" bw="1" slack="0"/>
</pin_list>
<bind>
<StgValue><ssdm name=""/></StgValue>
</bind>
</comp>

<comp id="94" class="1001" name="const_94">
<pin_list>
<pin id="95" dir="1" index="0" bw="1" slack="0"/>
</pin_list>
<bind>
<StgValue><ssdm name=""/></StgValue>
</bind>
</comp>

<comp id="96" class="1001" name="const_96">
<pin_list>
<pin id="97" dir="1" index="0" bw="1" slack="1"/>
</pin_list>
<bind>
<StgValue><ssdm name=""/></StgValue>
</bind>
</comp>

<comp id="98" class="1001" name="const_98">
<pin_list>
<pin id="99" dir="1" index="0" bw="1" slack="0"/>
</pin_list>
<bind>
<StgValue><ssdm name=""/></StgValue>
</bind>
</comp>

<comp id="100" class="1001" name="const_100">
<pin_list>
<pin id="101" dir="1" index="0" bw="1" slack="0"/>
</pin_list>
<bind>
<StgValue><ssdm name="_ssdm_op_Mux.ap_auto.36i16.i32"/></StgValue>
</bind>
</comp>

<comp id="102" class="1001" name="const_102">
<pin_list>
<pin id="103" dir="1" index="0" bw="1" slack="0"/>
</pin_list>
<bind>
<StgValue><ssdm name=""/></StgValue>
</bind>
</comp>

<comp id="104" class="1001" name="const_104">
<pin_list>
<pin id="105" dir="1" index="0" bw="1" slack="0"/>
</pin_list>
<bind>
<StgValue><ssdm name=""/></StgValue>
</bind>
</comp>

<comp id="106" class="1001" name="const_106">
<pin_list>
<pin id="107" dir="1" index="0" bw="1" slack="4"/>
</pin_list>
<bind>
<StgValue><ssdm name=""/></StgValue>
</bind>
</comp>

<comp id="108" class="1001" name="const_108">
<pin_list>
<pin id="109" dir="1" index="0" bw="1" slack="4"/>
</pin_list>
<bind>
<StgValue><ssdm name=""/></StgValue>
</bind>
</comp>

<comp id="110" class="1001" name="const_110">
<pin_list>
<pin id="111" dir="1" index="0" bw="1" slack="4"/>
</pin_list>
<bind>
<StgValue><ssdm name=""/></StgValue>
</bind>
</comp>

<comp id="112" class="1001" name="const_112">
<pin_list>
<pin id="113" dir="1" index="0" bw="1" slack="4"/>
</pin_list>
<bind>
<StgValue><ssdm name=""/></StgValue>
</bind>
</comp>

<comp id="114" class="1001" name="const_114">
<pin_list>
<pin id="115" dir="1" index="0" bw="1" slack="2147483647"/>
</pin_list>
<bind>
<StgValue><ssdm name="_ssdm_op_SpecLoopTripCount"/></StgValue>
</bind>
</comp>

<comp id="116" class="1001" name="const_116">
<pin_list>
<pin id="117" dir="1" index="0" bw="1" slack="2147483647"/>
</pin_list>
<bind>
<StgValue><ssdm name=""/></StgValue>
</bind>
</comp>

<comp id="118" class="1001" name="const_118">
<pin_list>
<pin id="119" dir="1" index="0" bw="1" slack="2147483647"/>
</pin_list>
<bind>
<StgValue><ssdm name="_ssdm_op_SpecPipeline"/></StgValue>
</bind>
</comp>

<comp id="120" class="1001" name="const_120">
<pin_list>
<pin id="121" dir="1" index="0" bw="1" slack="2147483647"/>
</pin_list>
<bind>
<StgValue><ssdm name="empty_7"/></StgValue>
</bind>
</comp>

<comp id="122" class="1001" name="const_122">
<pin_list>
<pin id="123" dir="1" index="0" bw="1" slack="2147483647"/>
</pin_list>
<bind>
<StgValue><ssdm name="_ssdm_op_SpecLoopName"/></StgValue>
</bind>
</comp>

<comp id="124" class="1001" name="const_124">
<pin_list>
<pin id="125" dir="1" index="0" bw="1" slack="2147483647"/>
</pin_list>
<bind>
<StgValue><ssdm name="empty_1"/></StgValue>
</bind>
</comp>

<comp id="126" class="1001" name="const_126">
<pin_list>
<pin id="127" dir="1" index="0" bw="1" slack="0"/>
</pin_list>
<bind>
<StgValue><ssdm name="_ssdm_op_PartSelect.i16.i26.i32.i32"/></StgValue>
</bind>
</comp>

<comp id="128" class="1001" name="const_128">
<pin_list>
<pin id="129" dir="1" index="0" bw="1" slack="0"/>
</pin_list>
<bind>
<StgValue><ssdm name=""/></StgValue>
</bind>
</comp>

<comp id="130" class="1001" name="const_130">
<pin_list>
<pin id="131" dir="1" index="0" bw="1" slack="0"/>
</pin_list>
<bind>
<StgValue><ssdm name=""/></StgValue>
</bind>
</comp>

<comp id="132" class="1001" name="const_132">
<pin_list>
<pin id="133" dir="1" index="0" bw="1" slack="0"/>
</pin_list>
<bind>
<StgValue><ssdm name="_ssdm_op_Mux.ap_auto.4i16.i2"/></StgValue>
</bind>
</comp>

<comp id="134" class="1001" name="const_134">
<pin_list>
<pin id="135" dir="1" index="0" bw="1" slack="2147483647"/>
</pin_list>
<bind>
<StgValue><ssdm name=""/></StgValue>
</bind>
</comp>

<comp id="136" class="1001" name="const_136">
<pin_list>
<pin id="137" dir="1" index="0" bw="1" slack="2147483647"/>
</pin_list>
<bind>
<StgValue><ssdm name=""/></StgValue>
</bind>
</comp>

<comp id="138" class="1001" name="const_138">
<pin_list>
<pin id="139" dir="1" index="0" bw="1" slack="2147483647"/>
</pin_list>
<bind>
<StgValue><ssdm name=""/></StgValue>
</bind>
</comp>

<comp id="140" class="1001" name="const_140">
<pin_list>
<pin id="141" dir="1" index="0" bw="1" slack="0"/>
</pin_list>
<bind>
<StgValue><ssdm name="_ssdm_op_BitConcatenate.i26.i16.i10"/></StgValue>
</bind>
</comp>

<comp id="142" class="1001" name="const_142">
<pin_list>
<pin id="143" dir="1" index="0" bw="1" slack="0"/>
</pin_list>
<bind>
<StgValue><ssdm name=""/></StgValue>
</bind>
</comp>

<comp id="144" class="1001" name="const_144">
<pin_list>
<pin id="145" dir="1" index="0" bw="1" slack="0"/>
</pin_list>
<bind>
<StgValue><ssdm name=""/></StgValue>
</bind>
</comp>

<comp id="146" class="1004" name="outidx_addr_gep_fu_146">
<pin_list>
<pin id="147" dir="0" index="0" bw="2" slack="0"/>
<pin id="148" dir="0" index="1" bw="1" slack="0"/>
<pin id="149" dir="0" index="2" bw="8" slack="0"/>
<pin id="150" dir="1" index="3" bw="8" slack="0"/>
</pin_list>
<bind>
<opcode="getelementptr(29) " fcode="getelementptr"/>
<opset="outidx_addr/1 "/>
</bind>
</comp>

<comp id="153" class="1004" name="grp_access_fu_153">
<pin_list>
<pin id="154" dir="0" index="0" bw="8" slack="0"/>
<pin id="155" dir="0" index="1" bw="2" slack="2147483647"/>
<pin id="156" dir="0" index="2" bw="0" slack="2147483647"/>
<pin id="157" dir="1" index="3" bw="2" slack="3"/>
</pin_list>
<bind>
<opcode="load(27) " fcode="load"/>
<opset="out_index/1 "/>
</bind>
</comp>

<comp id="159" class="1004" name="w4_V_addr_gep_fu_159">
<pin_list>
<pin id="160" dir="0" index="0" bw="12" slack="0"/>
<pin id="161" dir="0" index="1" bw="1" slack="0"/>
<pin id="162" dir="0" index="2" bw="8" slack="0"/>
<pin id="163" dir="1" index="3" bw="8" slack="0"/>
</pin_list>
<bind>
<opcode="getelementptr(29) " fcode="getelementptr"/>
<opset="w4_V_addr/1 "/>
</bind>
</comp>

<comp id="166" class="1004" name="grp_access_fu_166">
<pin_list>
<pin id="167" dir="0" index="0" bw="8" slack="0"/>
<pin id="168" dir="0" index="1" bw="12" slack="2147483647"/>
<pin id="169" dir="0" index="2" bw="0" slack="2147483647"/>
<pin id="170" dir="1" index="3" bw="12" slack="0"/>
</pin_list>
<bind>
<opcode="load(27) " fcode="load"/>
<opset="w_V/1 "/>
</bind>
</comp>

<comp id="172" class="1005" name="do_init_reg_172">
<pin_list>
<pin id="173" dir="0" index="0" bw="1" slack="1"/>
<pin id="174" dir="1" index="1" bw="1" slack="2147483647"/>
</pin_list>
<bind>
<opset="do_init (phireg) "/>
</bind>
</comp>

<comp id="175" class="1004" name="do_init_phi_fu_175">
<pin_list>
<pin id="176" dir="0" index="0" bw="1" slack="0"/>
<pin id="177" dir="0" index="1" bw="0" slack="2147483647"/>
<pin id="178" dir="0" index="2" bw="1" slack="0"/>
<pin id="179" dir="0" index="3" bw="0" slack="2147483647"/>
<pin id="180" dir="0" index="4" bw="1" slack="0"/>
<pin id="181" dir="0" index="5" bw="0" slack="2147483647"/>
<pin id="182" dir="1" index="6" bw="1" slack="1"/>
</pin_list>
<bind>
<opcode="phi(47) " fcode="phi"/>
<opset="do_init/1 "/>
</bind>
</comp>

<comp id="187" class="1005" name="w_index17_reg_187">
<pin_list>
<pin id="188" dir="0" index="0" bw="8" slack="2147483647"/>
<pin id="189" dir="1" index="1" bw="8" slack="2147483647"/>
</pin_list>
<bind>
<opset="w_index17 (phireg) "/>
</bind>
</comp>

<comp id="190" class="1004" name="w_index17_phi_fu_190">
<pin_list>
<pin id="191" dir="0" index="0" bw="1" slack="0"/>
<pin id="192" dir="0" index="1" bw="0" slack="2147483647"/>
<pin id="193" dir="0" index="2" bw="8" slack="0"/>
<pin id="194" dir="0" index="3" bw="0" slack="2147483647"/>
<pin id="195" dir="0" index="4" bw="1" slack="0"/>
<pin id="196" dir="0" index="5" bw="0" slack="2147483647"/>
<pin id="197" dir="1" index="6" bw="8" slack="0"/>
</pin_list>
<bind>
<opcode="phi(47) " fcode="phi"/>
<opset="w_index17/1 "/>
</bind>
</comp>

<comp id="200" class="1005" name="p_ZZN4nnet24compute_output_buffer_2dINS_5arrayI8ap_fixedILi16ELi6EL9ap_q_mode5EL9ap_o_mode3ELi0EELj4EEENS1_IS2_ILi39ELi19ELS3_5ELS4_3ELi0EELj4EEE7config4EEvRKT_PAsrT1_6n_chan_12ap_shift_regINSA_10value_typeEXsrSD_8in_widthEERN3hls6streamIT0_96_reg_200">
<pin_list>
<pin id="201" dir="0" index="0" bw="16" slack="1"/>
<pin id="202" dir="1" index="1" bw="16" slack="1"/>
</pin_list>
<bind>
<opset="p_ZZN4nnet24compute_output_buffer_2dINS_5arrayI8ap_fixedILi16ELi6EL9ap_q_mode5EL9ap_o_mode3ELi0EELj4EEENS1_IS2_ILi39ELi19ELS3_5ELS4_3ELi0EELj4EEE7config4EEvRKT_PAsrT1_6n_chan_12ap_shift_regINSA_10value_typeEXsrSD_8in_widthEERN3hls6streamIT0_96 (phireg) "/>
</bind>
</comp>

<comp id="204" class="1004" name="p_ZZN4nnet24compute_output_buffer_2dINS_5arrayI8ap_fixedILi16ELi6EL9ap_q_mode5EL9ap_o_mode3ELi0EELj4EEENS1_IS2_ILi39ELi19ELS3_5ELS4_3ELi0EELj4EEE7config4EEvRKT_PAsrT1_6n_chan_12ap_shift_regINSA_10value_typeEXsrSD_8in_widthEERN3hls6streamIT0_96_phi_fu_204">
<pin_list>
<pin id="205" dir="0" index="0" bw="1" slack="1"/>
<pin id="206" dir="0" index="1" bw="0" slack="2147483647"/>
<pin id="207" dir="0" index="2" bw="16" slack="0"/>
<pin id="208" dir="0" index="3" bw="0" slack="2147483647"/>
<pin id="209" dir="0" index="4" bw="1" slack="1"/>
<pin id="210" dir="0" index="5" bw="0" slack="2147483647"/>
<pin id="211" dir="1" index="6" bw="16" slack="0"/>
</pin_list>
<bind>
<opcode="phi(47) " fcode="phi"/>
<opset="p_ZZN4nnet24compute_output_buffer_2dINS_5arrayI8ap_fixedILi16ELi6EL9ap_q_mode5EL9ap_o_mode3ELi0EELj4EEENS1_IS2_ILi39ELi19ELS3_5ELS4_3ELi0EELj4EEE7config4EEvRKT_PAsrT1_6n_chan_12ap_shift_regINSA_10value_typeEXsrSD_8in_widthEERN3hls6streamIT0_96/2 "/>
</bind>
</comp>

<comp id="214" class="1005" name="p_ZZN4nnet24compute_output_buffer_2dINS_5arrayI8ap_fixedILi16ELi6EL9ap_q_mode5EL9ap_o_mode3ELi0EELj4EEENS1_IS2_ILi39ELi19ELS3_5ELS4_3ELi0EELj4EEE7config4EEvRKT_PAsrT1_6n_chan_12ap_shift_regINSA_10value_typeEXsrSD_8in_widthEERN3hls6streamIT0_97_reg_214">
<pin_list>
<pin id="215" dir="0" index="0" bw="16" slack="1"/>
<pin id="216" dir="1" index="1" bw="16" slack="1"/>
</pin_list>
<bind>
<opset="p_ZZN4nnet24compute_output_buffer_2dINS_5arrayI8ap_fixedILi16ELi6EL9ap_q_mode5EL9ap_o_mode3ELi0EELj4EEENS1_IS2_ILi39ELi19ELS3_5ELS4_3ELi0EELj4EEE7config4EEvRKT_PAsrT1_6n_chan_12ap_shift_regINSA_10value_typeEXsrSD_8in_widthEERN3hls6streamIT0_97 (phireg) "/>
</bind>
</comp>

<comp id="218" class="1004" name="p_ZZN4nnet24compute_output_buffer_2dINS_5arrayI8ap_fixedILi16ELi6EL9ap_q_mode5EL9ap_o_mode3ELi0EELj4EEENS1_IS2_ILi39ELi19ELS3_5ELS4_3ELi0EELj4EEE7config4EEvRKT_PAsrT1_6n_chan_12ap_shift_regINSA_10value_typeEXsrSD_8in_widthEERN3hls6streamIT0_97_phi_fu_218">
<pin_list>
<pin id="219" dir="0" index="0" bw="1" slack="1"/>
<pin id="220" dir="0" index="1" bw="0" slack="2147483647"/>
<pin id="221" dir="0" index="2" bw="16" slack="0"/>
<pin id="222" dir="0" index="3" bw="0" slack="2147483647"/>
<pin id="223" dir="0" index="4" bw="1" slack="1"/>
<pin id="224" dir="0" index="5" bw="0" slack="2147483647"/>
<pin id="225" dir="1" index="6" bw="16" slack="0"/>
</pin_list>
<bind>
<opcode="phi(47) " fcode="phi"/>
<opset="p_ZZN4nnet24compute_output_buffer_2dINS_5arrayI8ap_fixedILi16ELi6EL9ap_q_mode5EL9ap_o_mode3ELi0EELj4EEENS1_IS2_ILi39ELi19ELS3_5ELS4_3ELi0EELj4EEE7config4EEvRKT_PAsrT1_6n_chan_12ap_shift_regINSA_10value_typeEXsrSD_8in_widthEERN3hls6streamIT0_97/2 "/>
</bind>
</comp>

<comp id="228" class="1005" name="p_ZZN4nnet24compute_output_buffer_2dINS_5arrayI8ap_fixedILi16ELi6EL9ap_q_mode5EL9ap_o_mode3ELi0EELj4EEENS1_IS2_ILi39ELi19ELS3_5ELS4_3ELi0EELj4EEE7config4EEvRKT_PAsrT1_6n_chan_12ap_shift_regINSA_10value_typeEXsrSD_8in_widthEERN3hls6streamIT0_98_reg_228">
<pin_list>
<pin id="229" dir="0" index="0" bw="16" slack="1"/>
<pin id="230" dir="1" index="1" bw="16" slack="1"/>
</pin_list>
<bind>
<opset="p_ZZN4nnet24compute_output_buffer_2dINS_5arrayI8ap_fixedILi16ELi6EL9ap_q_mode5EL9ap_o_mode3ELi0EELj4EEENS1_IS2_ILi39ELi19ELS3_5ELS4_3ELi0EELj4EEE7config4EEvRKT_PAsrT1_6n_chan_12ap_shift_regINSA_10value_typeEXsrSD_8in_widthEERN3hls6streamIT0_98 (phireg) "/>
</bind>
</comp>

<comp id="232" class="1004" name="p_ZZN4nnet24compute_output_buffer_2dINS_5arrayI8ap_fixedILi16ELi6EL9ap_q_mode5EL9ap_o_mode3ELi0EELj4EEENS1_IS2_ILi39ELi19ELS3_5ELS4_3ELi0EELj4EEE7config4EEvRKT_PAsrT1_6n_chan_12ap_shift_regINSA_10value_typeEXsrSD_8in_widthEERN3hls6streamIT0_98_phi_fu_232">
<pin_list>
<pin id="233" dir="0" index="0" bw="1" slack="1"/>
<pin id="234" dir="0" index="1" bw="0" slack="2147483647"/>
<pin id="235" dir="0" index="2" bw="16" slack="0"/>
<pin id="236" dir="0" index="3" bw="0" slack="2147483647"/>
<pin id="237" dir="0" index="4" bw="1" slack="1"/>
<pin id="238" dir="0" index="5" bw="0" slack="2147483647"/>
<pin id="239" dir="1" index="6" bw="16" slack="0"/>
</pin_list>
<bind>
<opcode="phi(47) " fcode="phi"/>
<opset="p_ZZN4nnet24compute_output_buffer_2dINS_5arrayI8ap_fixedILi16ELi6EL9ap_q_mode5EL9ap_o_mode3ELi0EELj4EEENS1_IS2_ILi39ELi19ELS3_5ELS4_3ELi0EELj4EEE7config4EEvRKT_PAsrT1_6n_chan_12ap_shift_regINSA_10value_typeEXsrSD_8in_widthEERN3hls6streamIT0_98/2 "/>
</bind>
</comp>

<comp id="242" class="1005" name="p_ZZN4nnet24compute_output_buffer_2dINS_5arrayI8ap_fixedILi16ELi6EL9ap_q_mode5EL9ap_o_mode3ELi0EELj4EEENS1_IS2_ILi39ELi19ELS3_5ELS4_3ELi0EELj4EEE7config4EEvRKT_PAsrT1_6n_chan_12ap_shift_regINSA_10value_typeEXsrSD_8in_widthEERN3hls6streamIT0_99_reg_242">
<pin_list>
<pin id="243" dir="0" index="0" bw="16" slack="1"/>
<pin id="244" dir="1" index="1" bw="16" slack="1"/>
</pin_list>
<bind>
<opset="p_ZZN4nnet24compute_output_buffer_2dINS_5arrayI8ap_fixedILi16ELi6EL9ap_q_mode5EL9ap_o_mode3ELi0EELj4EEENS1_IS2_ILi39ELi19ELS3_5ELS4_3ELi0EELj4EEE7config4EEvRKT_PAsrT1_6n_chan_12ap_shift_regINSA_10value_typeEXsrSD_8in_widthEERN3hls6streamIT0_99 (phireg) "/>
</bind>
</comp>

<comp id="246" class="1004" name="p_ZZN4nnet24compute_output_buffer_2dINS_5arrayI8ap_fixedILi16ELi6EL9ap_q_mode5EL9ap_o_mode3ELi0EELj4EEENS1_IS2_ILi39ELi19ELS3_5ELS4_3ELi0EELj4EEE7config4EEvRKT_PAsrT1_6n_chan_12ap_shift_regINSA_10value_typeEXsrSD_8in_widthEERN3hls6streamIT0_99_phi_fu_246">
<pin_list>
<pin id="247" dir="0" index="0" bw="1" slack="1"/>
<pin id="248" dir="0" index="1" bw="0" slack="2147483647"/>
<pin id="249" dir="0" index="2" bw="16" slack="0"/>
<pin id="250" dir="0" index="3" bw="0" slack="2147483647"/>
<pin id="251" dir="0" index="4" bw="1" slack="1"/>
<pin id="252" dir="0" index="5" bw="0" slack="2147483647"/>
<pin id="253" dir="1" index="6" bw="16" slack="0"/>
</pin_list>
<bind>
<opcode="phi(47) " fcode="phi"/>
<opset="p_ZZN4nnet24compute_output_buffer_2dINS_5arrayI8ap_fixedILi16ELi6EL9ap_q_mode5EL9ap_o_mode3ELi0EELj4EEENS1_IS2_ILi39ELi19ELS3_5ELS4_3ELi0EELj4EEE7config4EEvRKT_PAsrT1_6n_chan_12ap_shift_regINSA_10value_typeEXsrSD_8in_widthEERN3hls6streamIT0_99/2 "/>
</bind>
</comp>

<comp id="256" class="1005" name="p_ZZN4nnet24compute_output_buffer_2dINS_5arrayI8ap_fixedILi16ELi6EL9ap_q_mode5EL9ap_o_mode3ELi0EELj4EEENS1_IS2_ILi39ELi19ELS3_5ELS4_3ELi0EELj4EEE7config4EEvRKT_PAsrT1_6n_chan_12ap_shift_regINSA_10value_typeEXsrSD_8in_widthEERN3hls6streamIT0_100_reg_256">
<pin_list>
<pin id="257" dir="0" index="0" bw="16" slack="1"/>
<pin id="258" dir="1" index="1" bw="16" slack="1"/>
</pin_list>
<bind>
<opset="p_ZZN4nnet24compute_output_buffer_2dINS_5arrayI8ap_fixedILi16ELi6EL9ap_q_mode5EL9ap_o_mode3ELi0EELj4EEENS1_IS2_ILi39ELi19ELS3_5ELS4_3ELi0EELj4EEE7config4EEvRKT_PAsrT1_6n_chan_12ap_shift_regINSA_10value_typeEXsrSD_8in_widthEERN3hls6streamIT0_100 (phireg) "/>
</bind>
</comp>

<comp id="260" class="1004" name="p_ZZN4nnet24compute_output_buffer_2dINS_5arrayI8ap_fixedILi16ELi6EL9ap_q_mode5EL9ap_o_mode3ELi0EELj4EEENS1_IS2_ILi39ELi19ELS3_5ELS4_3ELi0EELj4EEE7config4EEvRKT_PAsrT1_6n_chan_12ap_shift_regINSA_10value_typeEXsrSD_8in_widthEERN3hls6streamIT0_100_phi_fu_260">
<pin_list>
<pin id="261" dir="0" index="0" bw="1" slack="1"/>
<pin id="262" dir="0" index="1" bw="0" slack="2147483647"/>
<pin id="263" dir="0" index="2" bw="16" slack="0"/>
<pin id="264" dir="0" index="3" bw="0" slack="2147483647"/>
<pin id="265" dir="0" index="4" bw="1" slack="1"/>
<pin id="266" dir="0" index="5" bw="0" slack="2147483647"/>
<pin id="267" dir="1" index="6" bw="16" slack="0"/>
</pin_list>
<bind>
<opcode="phi(47) " fcode="phi"/>
<opset="p_ZZN4nnet24compute_output_buffer_2dINS_5arrayI8ap_fixedILi16ELi6EL9ap_q_mode5EL9ap_o_mode3ELi0EELj4EEENS1_IS2_ILi39ELi19ELS3_5ELS4_3ELi0EELj4EEE7config4EEvRKT_PAsrT1_6n_chan_12ap_shift_regINSA_10value_typeEXsrSD_8in_widthEERN3hls6streamIT0_100/2 "/>
</bind>
</comp>

<comp id="270" class="1005" name="p_ZZN4nnet24compute_output_buffer_2dINS_5arrayI8ap_fixedILi16ELi6EL9ap_q_mode5EL9ap_o_mode3ELi0EELj4EEENS1_IS2_ILi39ELi19ELS3_5ELS4_3ELi0EELj4EEE7config4EEvRKT_PAsrT1_6n_chan_12ap_shift_regINSA_10value_typeEXsrSD_8in_widthEERN3hls6streamIT0_101_reg_270">
<pin_list>
<pin id="271" dir="0" index="0" bw="16" slack="1"/>
<pin id="272" dir="1" index="1" bw="16" slack="1"/>
</pin_list>
<bind>
<opset="p_ZZN4nnet24compute_output_buffer_2dINS_5arrayI8ap_fixedILi16ELi6EL9ap_q_mode5EL9ap_o_mode3ELi0EELj4EEENS1_IS2_ILi39ELi19ELS3_5ELS4_3ELi0EELj4EEE7config4EEvRKT_PAsrT1_6n_chan_12ap_shift_regINSA_10value_typeEXsrSD_8in_widthEERN3hls6streamIT0_101 (phireg) "/>
</bind>
</comp>

<comp id="274" class="1004" name="p_ZZN4nnet24compute_output_buffer_2dINS_5arrayI8ap_fixedILi16ELi6EL9ap_q_mode5EL9ap_o_mode3ELi0EELj4EEENS1_IS2_ILi39ELi19ELS3_5ELS4_3ELi0EELj4EEE7config4EEvRKT_PAsrT1_6n_chan_12ap_shift_regINSA_10value_typeEXsrSD_8in_widthEERN3hls6streamIT0_101_phi_fu_274">
<pin_list>
<pin id="275" dir="0" index="0" bw="1" slack="1"/>
<pin id="276" dir="0" index="1" bw="0" slack="2147483647"/>
<pin id="277" dir="0" index="2" bw="16" slack="0"/>
<pin id="278" dir="0" index="3" bw="0" slack="2147483647"/>
<pin id="279" dir="0" index="4" bw="1" slack="1"/>
<pin id="280" dir="0" index="5" bw="0" slack="2147483647"/>
<pin id="281" dir="1" index="6" bw="16" slack="0"/>
</pin_list>
<bind>
<opcode="phi(47) " fcode="phi"/>
<opset="p_ZZN4nnet24compute_output_buffer_2dINS_5arrayI8ap_fixedILi16ELi6EL9ap_q_mode5EL9ap_o_mode3ELi0EELj4EEENS1_IS2_ILi39ELi19ELS3_5ELS4_3ELi0EELj4EEE7config4EEvRKT_PAsrT1_6n_chan_12ap_shift_regINSA_10value_typeEXsrSD_8in_widthEERN3hls6streamIT0_101/2 "/>
</bind>
</comp>

<comp id="284" class="1005" name="p_ZZN4nnet24compute_output_buffer_2dINS_5arrayI8ap_fixedILi16ELi6EL9ap_q_mode5EL9ap_o_mode3ELi0EELj4EEENS1_IS2_ILi39ELi19ELS3_5ELS4_3ELi0EELj4EEE7config4EEvRKT_PAsrT1_6n_chan_12ap_shift_regINSA_10value_typeEXsrSD_8in_widthEERN3hls6streamIT0_102_reg_284">
<pin_list>
<pin id="285" dir="0" index="0" bw="16" slack="1"/>
<pin id="286" dir="1" index="1" bw="16" slack="1"/>
</pin_list>
<bind>
<opset="p_ZZN4nnet24compute_output_buffer_2dINS_5arrayI8ap_fixedILi16ELi6EL9ap_q_mode5EL9ap_o_mode3ELi0EELj4EEENS1_IS2_ILi39ELi19ELS3_5ELS4_3ELi0EELj4EEE7config4EEvRKT_PAsrT1_6n_chan_12ap_shift_regINSA_10value_typeEXsrSD_8in_widthEERN3hls6streamIT0_102 (phireg) "/>
</bind>
</comp>

<comp id="288" class="1004" name="p_ZZN4nnet24compute_output_buffer_2dINS_5arrayI8ap_fixedILi16ELi6EL9ap_q_mode5EL9ap_o_mode3ELi0EELj4EEENS1_IS2_ILi39ELi19ELS3_5ELS4_3ELi0EELj4EEE7config4EEvRKT_PAsrT1_6n_chan_12ap_shift_regINSA_10value_typeEXsrSD_8in_widthEERN3hls6streamIT0_102_phi_fu_288">
<pin_list>
<pin id="289" dir="0" index="0" bw="1" slack="1"/>
<pin id="290" dir="0" index="1" bw="0" slack="2147483647"/>
<pin id="291" dir="0" index="2" bw="16" slack="0"/>
<pin id="292" dir="0" index="3" bw="0" slack="2147483647"/>
<pin id="293" dir="0" index="4" bw="1" slack="1"/>
<pin id="294" dir="0" index="5" bw="0" slack="2147483647"/>
<pin id="295" dir="1" index="6" bw="16" slack="0"/>
</pin_list>
<bind>
<opcode="phi(47) " fcode="phi"/>
<opset="p_ZZN4nnet24compute_output_buffer_2dINS_5arrayI8ap_fixedILi16ELi6EL9ap_q_mode5EL9ap_o_mode3ELi0EELj4EEENS1_IS2_ILi39ELi19ELS3_5ELS4_3ELi0EELj4EEE7config4EEvRKT_PAsrT1_6n_chan_12ap_shift_regINSA_10value_typeEXsrSD_8in_widthEERN3hls6streamIT0_102/2 "/>
</bind>
</comp>

<comp id="298" class="1005" name="p_ZZN4nnet24compute_output_buffer_2dINS_5arrayI8ap_fixedILi16ELi6EL9ap_q_mode5EL9ap_o_mode3ELi0EELj4EEENS1_IS2_ILi39ELi19ELS3_5ELS4_3ELi0EELj4EEE7config4EEvRKT_PAsrT1_6n_chan_12ap_shift_regINSA_10value_typeEXsrSD_8in_widthEERN3hls6streamIT0_103_reg_298">
<pin_list>
<pin id="299" dir="0" index="0" bw="16" slack="1"/>
<pin id="300" dir="1" index="1" bw="16" slack="1"/>
</pin_list>
<bind>
<opset="p_ZZN4nnet24compute_output_buffer_2dINS_5arrayI8ap_fixedILi16ELi6EL9ap_q_mode5EL9ap_o_mode3ELi0EELj4EEENS1_IS2_ILi39ELi19ELS3_5ELS4_3ELi0EELj4EEE7config4EEvRKT_PAsrT1_6n_chan_12ap_shift_regINSA_10value_typeEXsrSD_8in_widthEERN3hls6streamIT0_103 (phireg) "/>
</bind>
</comp>

<comp id="302" class="1004" name="p_ZZN4nnet24compute_output_buffer_2dINS_5arrayI8ap_fixedILi16ELi6EL9ap_q_mode5EL9ap_o_mode3ELi0EELj4EEENS1_IS2_ILi39ELi19ELS3_5ELS4_3ELi0EELj4EEE7config4EEvRKT_PAsrT1_6n_chan_12ap_shift_regINSA_10value_typeEXsrSD_8in_widthEERN3hls6streamIT0_103_phi_fu_302">
<pin_list>
<pin id="303" dir="0" index="0" bw="1" slack="1"/>
<pin id="304" dir="0" index="1" bw="0" slack="2147483647"/>
<pin id="305" dir="0" index="2" bw="16" slack="0"/>
<pin id="306" dir="0" index="3" bw="0" slack="2147483647"/>
<pin id="307" dir="0" index="4" bw="1" slack="1"/>
<pin id="308" dir="0" index="5" bw="0" slack="2147483647"/>
<pin id="309" dir="1" index="6" bw="16" slack="0"/>
</pin_list>
<bind>
<opcode="phi(47) " fcode="phi"/>
<opset="p_ZZN4nnet24compute_output_buffer_2dINS_5arrayI8ap_fixedILi16ELi6EL9ap_q_mode5EL9ap_o_mode3ELi0EELj4EEENS1_IS2_ILi39ELi19ELS3_5ELS4_3ELi0EELj4EEE7config4EEvRKT_PAsrT1_6n_chan_12ap_shift_regINSA_10value_typeEXsrSD_8in_widthEERN3hls6streamIT0_103/2 "/>
</bind>
</comp>

<comp id="312" class="1005" name="p_ZZN4nnet24compute_output_buffer_2dINS_5arrayI8ap_fixedILi16ELi6EL9ap_q_mode5EL9ap_o_mode3ELi0EELj4EEENS1_IS2_ILi39ELi19ELS3_5ELS4_3ELi0EELj4EEE7config4EEvRKT_PAsrT1_6n_chan_12ap_shift_regINSA_10value_typeEXsrSD_8in_widthEERN3hls6streamIT0_104_reg_312">
<pin_list>
<pin id="313" dir="0" index="0" bw="16" slack="1"/>
<pin id="314" dir="1" index="1" bw="16" slack="1"/>
</pin_list>
<bind>
<opset="p_ZZN4nnet24compute_output_buffer_2dINS_5arrayI8ap_fixedILi16ELi6EL9ap_q_mode5EL9ap_o_mode3ELi0EELj4EEENS1_IS2_ILi39ELi19ELS3_5ELS4_3ELi0EELj4EEE7config4EEvRKT_PAsrT1_6n_chan_12ap_shift_regINSA_10value_typeEXsrSD_8in_widthEERN3hls6streamIT0_104 (phireg) "/>
</bind>
</comp>

<comp id="316" class="1004" name="p_ZZN4nnet24compute_output_buffer_2dINS_5arrayI8ap_fixedILi16ELi6EL9ap_q_mode5EL9ap_o_mode3ELi0EELj4EEENS1_IS2_ILi39ELi19ELS3_5ELS4_3ELi0EELj4EEE7config4EEvRKT_PAsrT1_6n_chan_12ap_shift_regINSA_10value_typeEXsrSD_8in_widthEERN3hls6streamIT0_104_phi_fu_316">
<pin_list>
<pin id="317" dir="0" index="0" bw="1" slack="1"/>
<pin id="318" dir="0" index="1" bw="0" slack="2147483647"/>
<pin id="319" dir="0" index="2" bw="16" slack="0"/>
<pin id="320" dir="0" index="3" bw="0" slack="2147483647"/>
<pin id="321" dir="0" index="4" bw="1" slack="1"/>
<pin id="322" dir="0" index="5" bw="0" slack="2147483647"/>
<pin id="323" dir="1" index="6" bw="16" slack="0"/>
</pin_list>
<bind>
<opcode="phi(47) " fcode="phi"/>
<opset="p_ZZN4nnet24compute_output_buffer_2dINS_5arrayI8ap_fixedILi16ELi6EL9ap_q_mode5EL9ap_o_mode3ELi0EELj4EEENS1_IS2_ILi39ELi19ELS3_5ELS4_3ELi0EELj4EEE7config4EEvRKT_PAsrT1_6n_chan_12ap_shift_regINSA_10value_typeEXsrSD_8in_widthEERN3hls6streamIT0_104/2 "/>
</bind>
</comp>

<comp id="326" class="1005" name="p_ZZN4nnet24compute_output_buffer_2dINS_5arrayI8ap_fixedILi16ELi6EL9ap_q_mode5EL9ap_o_mode3ELi0EELj4EEENS1_IS2_ILi39ELi19ELS3_5ELS4_3ELi0EELj4EEE7config4EEvRKT_PAsrT1_6n_chan_12ap_shift_regINSA_10value_typeEXsrSD_8in_widthEERN3hls6streamIT0_105_reg_326">
<pin_list>
<pin id="327" dir="0" index="0" bw="16" slack="1"/>
<pin id="328" dir="1" index="1" bw="16" slack="1"/>
</pin_list>
<bind>
<opset="p_ZZN4nnet24compute_output_buffer_2dINS_5arrayI8ap_fixedILi16ELi6EL9ap_q_mode5EL9ap_o_mode3ELi0EELj4EEENS1_IS2_ILi39ELi19ELS3_5ELS4_3ELi0EELj4EEE7config4EEvRKT_PAsrT1_6n_chan_12ap_shift_regINSA_10value_typeEXsrSD_8in_widthEERN3hls6streamIT0_105 (phireg) "/>
</bind>
</comp>

<comp id="330" class="1004" name="p_ZZN4nnet24compute_output_buffer_2dINS_5arrayI8ap_fixedILi16ELi6EL9ap_q_mode5EL9ap_o_mode3ELi0EELj4EEENS1_IS2_ILi39ELi19ELS3_5ELS4_3ELi0EELj4EEE7config4EEvRKT_PAsrT1_6n_chan_12ap_shift_regINSA_10value_typeEXsrSD_8in_widthEERN3hls6streamIT0_105_phi_fu_330">
<pin_list>
<pin id="331" dir="0" index="0" bw="1" slack="1"/>
<pin id="332" dir="0" index="1" bw="0" slack="2147483647"/>
<pin id="333" dir="0" index="2" bw="16" slack="0"/>
<pin id="334" dir="0" index="3" bw="0" slack="2147483647"/>
<pin id="335" dir="0" index="4" bw="1" slack="1"/>
<pin id="336" dir="0" index="5" bw="0" slack="2147483647"/>
<pin id="337" dir="1" index="6" bw="16" slack="0"/>
</pin_list>
<bind>
<opcode="phi(47) " fcode="phi"/>
<opset="p_ZZN4nnet24compute_output_buffer_2dINS_5arrayI8ap_fixedILi16ELi6EL9ap_q_mode5EL9ap_o_mode3ELi0EELj4EEENS1_IS2_ILi39ELi19ELS3_5ELS4_3ELi0EELj4EEE7config4EEvRKT_PAsrT1_6n_chan_12ap_shift_regINSA_10value_typeEXsrSD_8in_widthEERN3hls6streamIT0_105/2 "/>
</bind>
</comp>

<comp id="340" class="1005" name="p_ZZN4nnet24compute_output_buffer_2dINS_5arrayI8ap_fixedILi16ELi6EL9ap_q_mode5EL9ap_o_mode3ELi0EELj4EEENS1_IS2_ILi39ELi19ELS3_5ELS4_3ELi0EELj4EEE7config4EEvRKT_PAsrT1_6n_chan_12ap_shift_regINSA_10value_typeEXsrSD_8in_widthEERN3hls6streamIT0_106_reg_340">
<pin_list>
<pin id="341" dir="0" index="0" bw="16" slack="1"/>
<pin id="342" dir="1" index="1" bw="16" slack="1"/>
</pin_list>
<bind>
<opset="p_ZZN4nnet24compute_output_buffer_2dINS_5arrayI8ap_fixedILi16ELi6EL9ap_q_mode5EL9ap_o_mode3ELi0EELj4EEENS1_IS2_ILi39ELi19ELS3_5ELS4_3ELi0EELj4EEE7config4EEvRKT_PAsrT1_6n_chan_12ap_shift_regINSA_10value_typeEXsrSD_8in_widthEERN3hls6streamIT0_106 (phireg) "/>
</bind>
</comp>

<comp id="344" class="1004" name="p_ZZN4nnet24compute_output_buffer_2dINS_5arrayI8ap_fixedILi16ELi6EL9ap_q_mode5EL9ap_o_mode3ELi0EELj4EEENS1_IS2_ILi39ELi19ELS3_5ELS4_3ELi0EELj4EEE7config4EEvRKT_PAsrT1_6n_chan_12ap_shift_regINSA_10value_typeEXsrSD_8in_widthEERN3hls6streamIT0_106_phi_fu_344">
<pin_list>
<pin id="345" dir="0" index="0" bw="1" slack="1"/>
<pin id="346" dir="0" index="1" bw="0" slack="2147483647"/>
<pin id="347" dir="0" index="2" bw="16" slack="0"/>
<pin id="348" dir="0" index="3" bw="0" slack="2147483647"/>
<pin id="349" dir="0" index="4" bw="1" slack="1"/>
<pin id="350" dir="0" index="5" bw="0" slack="2147483647"/>
<pin id="351" dir="1" index="6" bw="16" slack="0"/>
</pin_list>
<bind>
<opcode="phi(47) " fcode="phi"/>
<opset="p_ZZN4nnet24compute_output_buffer_2dINS_5arrayI8ap_fixedILi16ELi6EL9ap_q_mode5EL9ap_o_mode3ELi0EELj4EEENS1_IS2_ILi39ELi19ELS3_5ELS4_3ELi0EELj4EEE7config4EEvRKT_PAsrT1_6n_chan_12ap_shift_regINSA_10value_typeEXsrSD_8in_widthEERN3hls6streamIT0_106/2 "/>
</bind>
</comp>

<comp id="354" class="1005" name="p_ZZN4nnet24compute_output_buffer_2dINS_5arrayI8ap_fixedILi16ELi6EL9ap_q_mode5EL9ap_o_mode3ELi0EELj4EEENS1_IS2_ILi39ELi19ELS3_5ELS4_3ELi0EELj4EEE7config4EEvRKT_PAsrT1_6n_chan_12ap_shift_regINSA_10value_typeEXsrSD_8in_widthEERN3hls6streamIT0_107_reg_354">
<pin_list>
<pin id="355" dir="0" index="0" bw="16" slack="1"/>
<pin id="356" dir="1" index="1" bw="16" slack="1"/>
</pin_list>
<bind>
<opset="p_ZZN4nnet24compute_output_buffer_2dINS_5arrayI8ap_fixedILi16ELi6EL9ap_q_mode5EL9ap_o_mode3ELi0EELj4EEENS1_IS2_ILi39ELi19ELS3_5ELS4_3ELi0EELj4EEE7config4EEvRKT_PAsrT1_6n_chan_12ap_shift_regINSA_10value_typeEXsrSD_8in_widthEERN3hls6streamIT0_107 (phireg) "/>
</bind>
</comp>

<comp id="358" class="1004" name="p_ZZN4nnet24compute_output_buffer_2dINS_5arrayI8ap_fixedILi16ELi6EL9ap_q_mode5EL9ap_o_mode3ELi0EELj4EEENS1_IS2_ILi39ELi19ELS3_5ELS4_3ELi0EELj4EEE7config4EEvRKT_PAsrT1_6n_chan_12ap_shift_regINSA_10value_typeEXsrSD_8in_widthEERN3hls6streamIT0_107_phi_fu_358">
<pin_list>
<pin id="359" dir="0" index="0" bw="1" slack="1"/>
<pin id="360" dir="0" index="1" bw="0" slack="2147483647"/>
<pin id="361" dir="0" index="2" bw="16" slack="0"/>
<pin id="362" dir="0" index="3" bw="0" slack="2147483647"/>
<pin id="363" dir="0" index="4" bw="1" slack="1"/>
<pin id="364" dir="0" index="5" bw="0" slack="2147483647"/>
<pin id="365" dir="1" index="6" bw="16" slack="0"/>
</pin_list>
<bind>
<opcode="phi(47) " fcode="phi"/>
<opset="p_ZZN4nnet24compute_output_buffer_2dINS_5arrayI8ap_fixedILi16ELi6EL9ap_q_mode5EL9ap_o_mode3ELi0EELj4EEENS1_IS2_ILi39ELi19ELS3_5ELS4_3ELi0EELj4EEE7config4EEvRKT_PAsrT1_6n_chan_12ap_shift_regINSA_10value_typeEXsrSD_8in_widthEERN3hls6streamIT0_107/2 "/>
</bind>
</comp>

<comp id="368" class="1005" name="p_ZZN4nnet24compute_output_buffer_2dINS_5arrayI8ap_fixedILi16ELi6EL9ap_q_mode5EL9ap_o_mode3ELi0EELj4EEENS1_IS2_ILi39ELi19ELS3_5ELS4_3ELi0EELj4EEE7config4EEvRKT_PAsrT1_6n_chan_12ap_shift_regINSA_10value_typeEXsrSD_8in_widthEERN3hls6streamIT0_108_reg_368">
<pin_list>
<pin id="369" dir="0" index="0" bw="16" slack="1"/>
<pin id="370" dir="1" index="1" bw="16" slack="1"/>
</pin_list>
<bind>
<opset="p_ZZN4nnet24compute_output_buffer_2dINS_5arrayI8ap_fixedILi16ELi6EL9ap_q_mode5EL9ap_o_mode3ELi0EELj4EEENS1_IS2_ILi39ELi19ELS3_5ELS4_3ELi0EELj4EEE7config4EEvRKT_PAsrT1_6n_chan_12ap_shift_regINSA_10value_typeEXsrSD_8in_widthEERN3hls6streamIT0_108 (phireg) "/>
</bind>
</comp>

<comp id="372" class="1004" name="p_ZZN4nnet24compute_output_buffer_2dINS_5arrayI8ap_fixedILi16ELi6EL9ap_q_mode5EL9ap_o_mode3ELi0EELj4EEENS1_IS2_ILi39ELi19ELS3_5ELS4_3ELi0EELj4EEE7config4EEvRKT_PAsrT1_6n_chan_12ap_shift_regINSA_10value_typeEXsrSD_8in_widthEERN3hls6streamIT0_108_phi_fu_372">
<pin_list>
<pin id="373" dir="0" index="0" bw="1" slack="1"/>
<pin id="374" dir="0" index="1" bw="0" slack="2147483647"/>
<pin id="375" dir="0" index="2" bw="16" slack="0"/>
<pin id="376" dir="0" index="3" bw="0" slack="2147483647"/>
<pin id="377" dir="0" index="4" bw="1" slack="1"/>
<pin id="378" dir="0" index="5" bw="0" slack="2147483647"/>
<pin id="379" dir="1" index="6" bw="16" slack="0"/>
</pin_list>
<bind>
<opcode="phi(47) " fcode="phi"/>
<opset="p_ZZN4nnet24compute_output_buffer_2dINS_5arrayI8ap_fixedILi16ELi6EL9ap_q_mode5EL9ap_o_mode3ELi0EELj4EEENS1_IS2_ILi39ELi19ELS3_5ELS4_3ELi0EELj4EEE7config4EEvRKT_PAsrT1_6n_chan_12ap_shift_regINSA_10value_typeEXsrSD_8in_widthEERN3hls6streamIT0_108/2 "/>
</bind>
</comp>

<comp id="382" class="1005" name="p_ZZN4nnet24compute_output_buffer_2dINS_5arrayI8ap_fixedILi16ELi6EL9ap_q_mode5EL9ap_o_mode3ELi0EELj4EEENS1_IS2_ILi39ELi19ELS3_5ELS4_3ELi0EELj4EEE7config4EEvRKT_PAsrT1_6n_chan_12ap_shift_regINSA_10value_typeEXsrSD_8in_widthEERN3hls6streamIT0_109_reg_382">
<pin_list>
<pin id="383" dir="0" index="0" bw="16" slack="1"/>
<pin id="384" dir="1" index="1" bw="16" slack="1"/>
</pin_list>
<bind>
<opset="p_ZZN4nnet24compute_output_buffer_2dINS_5arrayI8ap_fixedILi16ELi6EL9ap_q_mode5EL9ap_o_mode3ELi0EELj4EEENS1_IS2_ILi39ELi19ELS3_5ELS4_3ELi0EELj4EEE7config4EEvRKT_PAsrT1_6n_chan_12ap_shift_regINSA_10value_typeEXsrSD_8in_widthEERN3hls6streamIT0_109 (phireg) "/>
</bind>
</comp>

<comp id="386" class="1004" name="p_ZZN4nnet24compute_output_buffer_2dINS_5arrayI8ap_fixedILi16ELi6EL9ap_q_mode5EL9ap_o_mode3ELi0EELj4EEENS1_IS2_ILi39ELi19ELS3_5ELS4_3ELi0EELj4EEE7config4EEvRKT_PAsrT1_6n_chan_12ap_shift_regINSA_10value_typeEXsrSD_8in_widthEERN3hls6streamIT0_109_phi_fu_386">
<pin_list>
<pin id="387" dir="0" index="0" bw="1" slack="1"/>
<pin id="388" dir="0" index="1" bw="0" slack="2147483647"/>
<pin id="389" dir="0" index="2" bw="16" slack="0"/>
<pin id="390" dir="0" index="3" bw="0" slack="2147483647"/>
<pin id="391" dir="0" index="4" bw="1" slack="1"/>
<pin id="392" dir="0" index="5" bw="0" slack="2147483647"/>
<pin id="393" dir="1" index="6" bw="16" slack="0"/>
</pin_list>
<bind>
<opcode="phi(47) " fcode="phi"/>
<opset="p_ZZN4nnet24compute_output_buffer_2dINS_5arrayI8ap_fixedILi16ELi6EL9ap_q_mode5EL9ap_o_mode3ELi0EELj4EEENS1_IS2_ILi39ELi19ELS3_5ELS4_3ELi0EELj4EEE7config4EEvRKT_PAsrT1_6n_chan_12ap_shift_regINSA_10value_typeEXsrSD_8in_widthEERN3hls6streamIT0_109/2 "/>
</bind>
</comp>

<comp id="396" class="1005" name="p_ZZN4nnet24compute_output_buffer_2dINS_5arrayI8ap_fixedILi16ELi6EL9ap_q_mode5EL9ap_o_mode3ELi0EELj4EEENS1_IS2_ILi39ELi19ELS3_5ELS4_3ELi0EELj4EEE7config4EEvRKT_PAsrT1_6n_chan_12ap_shift_regINSA_10value_typeEXsrSD_8in_widthEERN3hls6streamIT0_110_reg_396">
<pin_list>
<pin id="397" dir="0" index="0" bw="16" slack="1"/>
<pin id="398" dir="1" index="1" bw="16" slack="1"/>
</pin_list>
<bind>
<opset="p_ZZN4nnet24compute_output_buffer_2dINS_5arrayI8ap_fixedILi16ELi6EL9ap_q_mode5EL9ap_o_mode3ELi0EELj4EEENS1_IS2_ILi39ELi19ELS3_5ELS4_3ELi0EELj4EEE7config4EEvRKT_PAsrT1_6n_chan_12ap_shift_regINSA_10value_typeEXsrSD_8in_widthEERN3hls6streamIT0_110 (phireg) "/>
</bind>
</comp>

<comp id="400" class="1004" name="p_ZZN4nnet24compute_output_buffer_2dINS_5arrayI8ap_fixedILi16ELi6EL9ap_q_mode5EL9ap_o_mode3ELi0EELj4EEENS1_IS2_ILi39ELi19ELS3_5ELS4_3ELi0EELj4EEE7config4EEvRKT_PAsrT1_6n_chan_12ap_shift_regINSA_10value_typeEXsrSD_8in_widthEERN3hls6streamIT0_110_phi_fu_400">
<pin_list>
<pin id="401" dir="0" index="0" bw="1" slack="1"/>
<pin id="402" dir="0" index="1" bw="0" slack="2147483647"/>
<pin id="403" dir="0" index="2" bw="16" slack="0"/>
<pin id="404" dir="0" index="3" bw="0" slack="2147483647"/>
<pin id="405" dir="0" index="4" bw="1" slack="1"/>
<pin id="406" dir="0" index="5" bw="0" slack="2147483647"/>
<pin id="407" dir="1" index="6" bw="16" slack="0"/>
</pin_list>
<bind>
<opcode="phi(47) " fcode="phi"/>
<opset="p_ZZN4nnet24compute_output_buffer_2dINS_5arrayI8ap_fixedILi16ELi6EL9ap_q_mode5EL9ap_o_mode3ELi0EELj4EEENS1_IS2_ILi39ELi19ELS3_5ELS4_3ELi0EELj4EEE7config4EEvRKT_PAsrT1_6n_chan_12ap_shift_regINSA_10value_typeEXsrSD_8in_widthEERN3hls6streamIT0_110/2 "/>
</bind>
</comp>

<comp id="410" class="1005" name="p_ZZN4nnet24compute_output_buffer_2dINS_5arrayI8ap_fixedILi16ELi6EL9ap_q_mode5EL9ap_o_mode3ELi0EELj4EEENS1_IS2_ILi39ELi19ELS3_5ELS4_3ELi0EELj4EEE7config4EEvRKT_PAsrT1_6n_chan_12ap_shift_regINSA_10value_typeEXsrSD_8in_widthEERN3hls6streamIT0_111_reg_410">
<pin_list>
<pin id="411" dir="0" index="0" bw="16" slack="1"/>
<pin id="412" dir="1" index="1" bw="16" slack="1"/>
</pin_list>
<bind>
<opset="p_ZZN4nnet24compute_output_buffer_2dINS_5arrayI8ap_fixedILi16ELi6EL9ap_q_mode5EL9ap_o_mode3ELi0EELj4EEENS1_IS2_ILi39ELi19ELS3_5ELS4_3ELi0EELj4EEE7config4EEvRKT_PAsrT1_6n_chan_12ap_shift_regINSA_10value_typeEXsrSD_8in_widthEERN3hls6streamIT0_111 (phireg) "/>
</bind>
</comp>

<comp id="414" class="1004" name="p_ZZN4nnet24compute_output_buffer_2dINS_5arrayI8ap_fixedILi16ELi6EL9ap_q_mode5EL9ap_o_mode3ELi0EELj4EEENS1_IS2_ILi39ELi19ELS3_5ELS4_3ELi0EELj4EEE7config4EEvRKT_PAsrT1_6n_chan_12ap_shift_regINSA_10value_typeEXsrSD_8in_widthEERN3hls6streamIT0_111_phi_fu_414">
<pin_list>
<pin id="415" dir="0" index="0" bw="1" slack="1"/>
<pin id="416" dir="0" index="1" bw="0" slack="2147483647"/>
<pin id="417" dir="0" index="2" bw="16" slack="0"/>
<pin id="418" dir="0" index="3" bw="0" slack="2147483647"/>
<pin id="419" dir="0" index="4" bw="1" slack="1"/>
<pin id="420" dir="0" index="5" bw="0" slack="2147483647"/>
<pin id="421" dir="1" index="6" bw="16" slack="0"/>
</pin_list>
<bind>
<opcode="phi(47) " fcode="phi"/>
<opset="p_ZZN4nnet24compute_output_buffer_2dINS_5arrayI8ap_fixedILi16ELi6EL9ap_q_mode5EL9ap_o_mode3ELi0EELj4EEENS1_IS2_ILi39ELi19ELS3_5ELS4_3ELi0EELj4EEE7config4EEvRKT_PAsrT1_6n_chan_12ap_shift_regINSA_10value_typeEXsrSD_8in_widthEERN3hls6streamIT0_111/2 "/>
</bind>
</comp>

<comp id="424" class="1005" name="p_ZZN4nnet24compute_output_buffer_2dINS_5arrayI8ap_fixedILi16ELi6EL9ap_q_mode5EL9ap_o_mode3ELi0EELj4EEENS1_IS2_ILi39ELi19ELS3_5ELS4_3ELi0EELj4EEE7config4EEvRKT_PAsrT1_6n_chan_12ap_shift_regINSA_10value_typeEXsrSD_8in_widthEERN3hls6streamIT0_112_reg_424">
<pin_list>
<pin id="425" dir="0" index="0" bw="16" slack="1"/>
<pin id="426" dir="1" index="1" bw="16" slack="1"/>
</pin_list>
<bind>
<opset="p_ZZN4nnet24compute_output_buffer_2dINS_5arrayI8ap_fixedILi16ELi6EL9ap_q_mode5EL9ap_o_mode3ELi0EELj4EEENS1_IS2_ILi39ELi19ELS3_5ELS4_3ELi0EELj4EEE7config4EEvRKT_PAsrT1_6n_chan_12ap_shift_regINSA_10value_typeEXsrSD_8in_widthEERN3hls6streamIT0_112 (phireg) "/>
</bind>
</comp>

<comp id="428" class="1004" name="p_ZZN4nnet24compute_output_buffer_2dINS_5arrayI8ap_fixedILi16ELi6EL9ap_q_mode5EL9ap_o_mode3ELi0EELj4EEENS1_IS2_ILi39ELi19ELS3_5ELS4_3ELi0EELj4EEE7config4EEvRKT_PAsrT1_6n_chan_12ap_shift_regINSA_10value_typeEXsrSD_8in_widthEERN3hls6streamIT0_112_phi_fu_428">
<pin_list>
<pin id="429" dir="0" index="0" bw="1" slack="1"/>
<pin id="430" dir="0" index="1" bw="0" slack="2147483647"/>
<pin id="431" dir="0" index="2" bw="16" slack="0"/>
<pin id="432" dir="0" index="3" bw="0" slack="2147483647"/>
<pin id="433" dir="0" index="4" bw="1" slack="1"/>
<pin id="434" dir="0" index="5" bw="0" slack="2147483647"/>
<pin id="435" dir="1" index="6" bw="16" slack="0"/>
</pin_list>
<bind>
<opcode="phi(47) " fcode="phi"/>
<opset="p_ZZN4nnet24compute_output_buffer_2dINS_5arrayI8ap_fixedILi16ELi6EL9ap_q_mode5EL9ap_o_mode3ELi0EELj4EEENS1_IS2_ILi39ELi19ELS3_5ELS4_3ELi0EELj4EEE7config4EEvRKT_PAsrT1_6n_chan_12ap_shift_regINSA_10value_typeEXsrSD_8in_widthEERN3hls6streamIT0_112/2 "/>
</bind>
</comp>

<comp id="438" class="1005" name="p_ZZN4nnet24compute_output_buffer_2dINS_5arrayI8ap_fixedILi16ELi6EL9ap_q_mode5EL9ap_o_mode3ELi0EELj4EEENS1_IS2_ILi39ELi19ELS3_5ELS4_3ELi0EELj4EEE7config4EEvRKT_PAsrT1_6n_chan_12ap_shift_regINSA_10value_typeEXsrSD_8in_widthEERN3hls6streamIT0_113_reg_438">
<pin_list>
<pin id="439" dir="0" index="0" bw="16" slack="1"/>
<pin id="440" dir="1" index="1" bw="16" slack="1"/>
</pin_list>
<bind>
<opset="p_ZZN4nnet24compute_output_buffer_2dINS_5arrayI8ap_fixedILi16ELi6EL9ap_q_mode5EL9ap_o_mode3ELi0EELj4EEENS1_IS2_ILi39ELi19ELS3_5ELS4_3ELi0EELj4EEE7config4EEvRKT_PAsrT1_6n_chan_12ap_shift_regINSA_10value_typeEXsrSD_8in_widthEERN3hls6streamIT0_113 (phireg) "/>
</bind>
</comp>

<comp id="442" class="1004" name="p_ZZN4nnet24compute_output_buffer_2dINS_5arrayI8ap_fixedILi16ELi6EL9ap_q_mode5EL9ap_o_mode3ELi0EELj4EEENS1_IS2_ILi39ELi19ELS3_5ELS4_3ELi0EELj4EEE7config4EEvRKT_PAsrT1_6n_chan_12ap_shift_regINSA_10value_typeEXsrSD_8in_widthEERN3hls6streamIT0_113_phi_fu_442">
<pin_list>
<pin id="443" dir="0" index="0" bw="1" slack="1"/>
<pin id="444" dir="0" index="1" bw="0" slack="2147483647"/>
<pin id="445" dir="0" index="2" bw="16" slack="0"/>
<pin id="446" dir="0" index="3" bw="0" slack="2147483647"/>
<pin id="447" dir="0" index="4" bw="1" slack="1"/>
<pin id="448" dir="0" index="5" bw="0" slack="2147483647"/>
<pin id="449" dir="1" index="6" bw="16" slack="0"/>
</pin_list>
<bind>
<opcode="phi(47) " fcode="phi"/>
<opset="p_ZZN4nnet24compute_output_buffer_2dINS_5arrayI8ap_fixedILi16ELi6EL9ap_q_mode5EL9ap_o_mode3ELi0EELj4EEENS1_IS2_ILi39ELi19ELS3_5ELS4_3ELi0EELj4EEE7config4EEvRKT_PAsrT1_6n_chan_12ap_shift_regINSA_10value_typeEXsrSD_8in_widthEERN3hls6streamIT0_113/2 "/>
</bind>
</comp>

<comp id="452" class="1005" name="p_ZZN4nnet24compute_output_buffer_2dINS_5arrayI8ap_fixedILi16ELi6EL9ap_q_mode5EL9ap_o_mode3ELi0EELj4EEENS1_IS2_ILi39ELi19ELS3_5ELS4_3ELi0EELj4EEE7config4EEvRKT_PAsrT1_6n_chan_12ap_shift_regINSA_10value_typeEXsrSD_8in_widthEERN3hls6streamIT0_114_reg_452">
<pin_list>
<pin id="453" dir="0" index="0" bw="16" slack="1"/>
<pin id="454" dir="1" index="1" bw="16" slack="1"/>
</pin_list>
<bind>
<opset="p_ZZN4nnet24compute_output_buffer_2dINS_5arrayI8ap_fixedILi16ELi6EL9ap_q_mode5EL9ap_o_mode3ELi0EELj4EEENS1_IS2_ILi39ELi19ELS3_5ELS4_3ELi0EELj4EEE7config4EEvRKT_PAsrT1_6n_chan_12ap_shift_regINSA_10value_typeEXsrSD_8in_widthEERN3hls6streamIT0_114 (phireg) "/>
</bind>
</comp>

<comp id="456" class="1004" name="p_ZZN4nnet24compute_output_buffer_2dINS_5arrayI8ap_fixedILi16ELi6EL9ap_q_mode5EL9ap_o_mode3ELi0EELj4EEENS1_IS2_ILi39ELi19ELS3_5ELS4_3ELi0EELj4EEE7config4EEvRKT_PAsrT1_6n_chan_12ap_shift_regINSA_10value_typeEXsrSD_8in_widthEERN3hls6streamIT0_114_phi_fu_456">
<pin_list>
<pin id="457" dir="0" index="0" bw="1" slack="1"/>
<pin id="458" dir="0" index="1" bw="0" slack="2147483647"/>
<pin id="459" dir="0" index="2" bw="16" slack="0"/>
<pin id="460" dir="0" index="3" bw="0" slack="2147483647"/>
<pin id="461" dir="0" index="4" bw="1" slack="1"/>
<pin id="462" dir="0" index="5" bw="0" slack="2147483647"/>
<pin id="463" dir="1" index="6" bw="16" slack="0"/>
</pin_list>
<bind>
<opcode="phi(47) " fcode="phi"/>
<opset="p_ZZN4nnet24compute_output_buffer_2dINS_5arrayI8ap_fixedILi16ELi6EL9ap_q_mode5EL9ap_o_mode3ELi0EELj4EEENS1_IS2_ILi39ELi19ELS3_5ELS4_3ELi0EELj4EEE7config4EEvRKT_PAsrT1_6n_chan_12ap_shift_regINSA_10value_typeEXsrSD_8in_widthEERN3hls6streamIT0_114/2 "/>
</bind>
</comp>

<comp id="466" class="1005" name="p_ZZN4nnet24compute_output_buffer_2dINS_5arrayI8ap_fixedILi16ELi6EL9ap_q_mode5EL9ap_o_mode3ELi0EELj4EEENS1_IS2_ILi39ELi19ELS3_5ELS4_3ELi0EELj4EEE7config4EEvRKT_PAsrT1_6n_chan_12ap_shift_regINSA_10value_typeEXsrSD_8in_widthEERN3hls6streamIT0_115_reg_466">
<pin_list>
<pin id="467" dir="0" index="0" bw="16" slack="1"/>
<pin id="468" dir="1" index="1" bw="16" slack="1"/>
</pin_list>
<bind>
<opset="p_ZZN4nnet24compute_output_buffer_2dINS_5arrayI8ap_fixedILi16ELi6EL9ap_q_mode5EL9ap_o_mode3ELi0EELj4EEENS1_IS2_ILi39ELi19ELS3_5ELS4_3ELi0EELj4EEE7config4EEvRKT_PAsrT1_6n_chan_12ap_shift_regINSA_10value_typeEXsrSD_8in_widthEERN3hls6streamIT0_115 (phireg) "/>
</bind>
</comp>

<comp id="470" class="1004" name="p_ZZN4nnet24compute_output_buffer_2dINS_5arrayI8ap_fixedILi16ELi6EL9ap_q_mode5EL9ap_o_mode3ELi0EELj4EEENS1_IS2_ILi39ELi19ELS3_5ELS4_3ELi0EELj4EEE7config4EEvRKT_PAsrT1_6n_chan_12ap_shift_regINSA_10value_typeEXsrSD_8in_widthEERN3hls6streamIT0_115_phi_fu_470">
<pin_list>
<pin id="471" dir="0" index="0" bw="1" slack="1"/>
<pin id="472" dir="0" index="1" bw="0" slack="2147483647"/>
<pin id="473" dir="0" index="2" bw="16" slack="0"/>
<pin id="474" dir="0" index="3" bw="0" slack="2147483647"/>
<pin id="475" dir="0" index="4" bw="1" slack="1"/>
<pin id="476" dir="0" index="5" bw="0" slack="2147483647"/>
<pin id="477" dir="1" index="6" bw="16" slack="0"/>
</pin_list>
<bind>
<opcode="phi(47) " fcode="phi"/>
<opset="p_ZZN4nnet24compute_output_buffer_2dINS_5arrayI8ap_fixedILi16ELi6EL9ap_q_mode5EL9ap_o_mode3ELi0EELj4EEENS1_IS2_ILi39ELi19ELS3_5ELS4_3ELi0EELj4EEE7config4EEvRKT_PAsrT1_6n_chan_12ap_shift_regINSA_10value_typeEXsrSD_8in_widthEERN3hls6streamIT0_115/2 "/>
</bind>
</comp>

<comp id="480" class="1005" name="p_ZZN4nnet24compute_output_buffer_2dINS_5arrayI8ap_fixedILi16ELi6EL9ap_q_mode5EL9ap_o_mode3ELi0EELj4EEENS1_IS2_ILi39ELi19ELS3_5ELS4_3ELi0EELj4EEE7config4EEvRKT_PAsrT1_6n_chan_12ap_shift_regINSA_10value_typeEXsrSD_8in_widthEERN3hls6streamIT0_116_reg_480">
<pin_list>
<pin id="481" dir="0" index="0" bw="16" slack="1"/>
<pin id="482" dir="1" index="1" bw="16" slack="1"/>
</pin_list>
<bind>
<opset="p_ZZN4nnet24compute_output_buffer_2dINS_5arrayI8ap_fixedILi16ELi6EL9ap_q_mode5EL9ap_o_mode3ELi0EELj4EEENS1_IS2_ILi39ELi19ELS3_5ELS4_3ELi0EELj4EEE7config4EEvRKT_PAsrT1_6n_chan_12ap_shift_regINSA_10value_typeEXsrSD_8in_widthEERN3hls6streamIT0_116 (phireg) "/>
</bind>
</comp>

<comp id="484" class="1004" name="p_ZZN4nnet24compute_output_buffer_2dINS_5arrayI8ap_fixedILi16ELi6EL9ap_q_mode5EL9ap_o_mode3ELi0EELj4EEENS1_IS2_ILi39ELi19ELS3_5ELS4_3ELi0EELj4EEE7config4EEvRKT_PAsrT1_6n_chan_12ap_shift_regINSA_10value_typeEXsrSD_8in_widthEERN3hls6streamIT0_116_phi_fu_484">
<pin_list>
<pin id="485" dir="0" index="0" bw="1" slack="1"/>
<pin id="486" dir="0" index="1" bw="0" slack="2147483647"/>
<pin id="487" dir="0" index="2" bw="16" slack="0"/>
<pin id="488" dir="0" index="3" bw="0" slack="2147483647"/>
<pin id="489" dir="0" index="4" bw="1" slack="1"/>
<pin id="490" dir="0" index="5" bw="0" slack="2147483647"/>
<pin id="491" dir="1" index="6" bw="16" slack="0"/>
</pin_list>
<bind>
<opcode="phi(47) " fcode="phi"/>
<opset="p_ZZN4nnet24compute_output_buffer_2dINS_5arrayI8ap_fixedILi16ELi6EL9ap_q_mode5EL9ap_o_mode3ELi0EELj4EEENS1_IS2_ILi39ELi19ELS3_5ELS4_3ELi0EELj4EEE7config4EEvRKT_PAsrT1_6n_chan_12ap_shift_regINSA_10value_typeEXsrSD_8in_widthEERN3hls6streamIT0_116/2 "/>
</bind>
</comp>

<comp id="494" class="1005" name="p_ZZN4nnet24compute_output_buffer_2dINS_5arrayI8ap_fixedILi16ELi6EL9ap_q_mode5EL9ap_o_mode3ELi0EELj4EEENS1_IS2_ILi39ELi19ELS3_5ELS4_3ELi0EELj4EEE7config4EEvRKT_PAsrT1_6n_chan_12ap_shift_regINSA_10value_typeEXsrSD_8in_widthEERN3hls6streamIT0_117_reg_494">
<pin_list>
<pin id="495" dir="0" index="0" bw="16" slack="1"/>
<pin id="496" dir="1" index="1" bw="16" slack="1"/>
</pin_list>
<bind>
<opset="p_ZZN4nnet24compute_output_buffer_2dINS_5arrayI8ap_fixedILi16ELi6EL9ap_q_mode5EL9ap_o_mode3ELi0EELj4EEENS1_IS2_ILi39ELi19ELS3_5ELS4_3ELi0EELj4EEE7config4EEvRKT_PAsrT1_6n_chan_12ap_shift_regINSA_10value_typeEXsrSD_8in_widthEERN3hls6streamIT0_117 (phireg) "/>
</bind>
</comp>

<comp id="498" class="1004" name="p_ZZN4nnet24compute_output_buffer_2dINS_5arrayI8ap_fixedILi16ELi6EL9ap_q_mode5EL9ap_o_mode3ELi0EELj4EEENS1_IS2_ILi39ELi19ELS3_5ELS4_3ELi0EELj4EEE7config4EEvRKT_PAsrT1_6n_chan_12ap_shift_regINSA_10value_typeEXsrSD_8in_widthEERN3hls6streamIT0_117_phi_fu_498">
<pin_list>
<pin id="499" dir="0" index="0" bw="1" slack="1"/>
<pin id="500" dir="0" index="1" bw="0" slack="2147483647"/>
<pin id="501" dir="0" index="2" bw="16" slack="0"/>
<pin id="502" dir="0" index="3" bw="0" slack="2147483647"/>
<pin id="503" dir="0" index="4" bw="1" slack="1"/>
<pin id="504" dir="0" index="5" bw="0" slack="2147483647"/>
<pin id="505" dir="1" index="6" bw="16" slack="0"/>
</pin_list>
<bind>
<opcode="phi(47) " fcode="phi"/>
<opset="p_ZZN4nnet24compute_output_buffer_2dINS_5arrayI8ap_fixedILi16ELi6EL9ap_q_mode5EL9ap_o_mode3ELi0EELj4EEENS1_IS2_ILi39ELi19ELS3_5ELS4_3ELi0EELj4EEE7config4EEvRKT_PAsrT1_6n_chan_12ap_shift_regINSA_10value_typeEXsrSD_8in_widthEERN3hls6streamIT0_117/2 "/>
</bind>
</comp>

<comp id="508" class="1005" name="p_ZZN4nnet24compute_output_buffer_2dINS_5arrayI8ap_fixedILi16ELi6EL9ap_q_mode5EL9ap_o_mode3ELi0EELj4EEENS1_IS2_ILi39ELi19ELS3_5ELS4_3ELi0EELj4EEE7config4EEvRKT_PAsrT1_6n_chan_12ap_shift_regINSA_10value_typeEXsrSD_8in_widthEERN3hls6streamIT0_118_reg_508">
<pin_list>
<pin id="509" dir="0" index="0" bw="16" slack="1"/>
<pin id="510" dir="1" index="1" bw="16" slack="1"/>
</pin_list>
<bind>
<opset="p_ZZN4nnet24compute_output_buffer_2dINS_5arrayI8ap_fixedILi16ELi6EL9ap_q_mode5EL9ap_o_mode3ELi0EELj4EEENS1_IS2_ILi39ELi19ELS3_5ELS4_3ELi0EELj4EEE7config4EEvRKT_PAsrT1_6n_chan_12ap_shift_regINSA_10value_typeEXsrSD_8in_widthEERN3hls6streamIT0_118 (phireg) "/>
</bind>
</comp>

<comp id="512" class="1004" name="p_ZZN4nnet24compute_output_buffer_2dINS_5arrayI8ap_fixedILi16ELi6EL9ap_q_mode5EL9ap_o_mode3ELi0EELj4EEENS1_IS2_ILi39ELi19ELS3_5ELS4_3ELi0EELj4EEE7config4EEvRKT_PAsrT1_6n_chan_12ap_shift_regINSA_10value_typeEXsrSD_8in_widthEERN3hls6streamIT0_118_phi_fu_512">
<pin_list>
<pin id="513" dir="0" index="0" bw="1" slack="1"/>
<pin id="514" dir="0" index="1" bw="0" slack="2147483647"/>
<pin id="515" dir="0" index="2" bw="16" slack="0"/>
<pin id="516" dir="0" index="3" bw="0" slack="2147483647"/>
<pin id="517" dir="0" index="4" bw="1" slack="1"/>
<pin id="518" dir="0" index="5" bw="0" slack="2147483647"/>
<pin id="519" dir="1" index="6" bw="16" slack="0"/>
</pin_list>
<bind>
<opcode="phi(47) " fcode="phi"/>
<opset="p_ZZN4nnet24compute_output_buffer_2dINS_5arrayI8ap_fixedILi16ELi6EL9ap_q_mode5EL9ap_o_mode3ELi0EELj4EEENS1_IS2_ILi39ELi19ELS3_5ELS4_3ELi0EELj4EEE7config4EEvRKT_PAsrT1_6n_chan_12ap_shift_regINSA_10value_typeEXsrSD_8in_widthEERN3hls6streamIT0_118/2 "/>
</bind>
</comp>

<comp id="522" class="1005" name="p_ZZN4nnet24compute_output_buffer_2dINS_5arrayI8ap_fixedILi16ELi6EL9ap_q_mode5EL9ap_o_mode3ELi0EELj4EEENS1_IS2_ILi39ELi19ELS3_5ELS4_3ELi0EELj4EEE7config4EEvRKT_PAsrT1_6n_chan_12ap_shift_regINSA_10value_typeEXsrSD_8in_widthEERN3hls6streamIT0_119_reg_522">
<pin_list>
<pin id="523" dir="0" index="0" bw="16" slack="1"/>
<pin id="524" dir="1" index="1" bw="16" slack="1"/>
</pin_list>
<bind>
<opset="p_ZZN4nnet24compute_output_buffer_2dINS_5arrayI8ap_fixedILi16ELi6EL9ap_q_mode5EL9ap_o_mode3ELi0EELj4EEENS1_IS2_ILi39ELi19ELS3_5ELS4_3ELi0EELj4EEE7config4EEvRKT_PAsrT1_6n_chan_12ap_shift_regINSA_10value_typeEXsrSD_8in_widthEERN3hls6streamIT0_119 (phireg) "/>
</bind>
</comp>

<comp id="526" class="1004" name="p_ZZN4nnet24compute_output_buffer_2dINS_5arrayI8ap_fixedILi16ELi6EL9ap_q_mode5EL9ap_o_mode3ELi0EELj4EEENS1_IS2_ILi39ELi19ELS3_5ELS4_3ELi0EELj4EEE7config4EEvRKT_PAsrT1_6n_chan_12ap_shift_regINSA_10value_typeEXsrSD_8in_widthEERN3hls6streamIT0_119_phi_fu_526">
<pin_list>
<pin id="527" dir="0" index="0" bw="1" slack="1"/>
<pin id="528" dir="0" index="1" bw="0" slack="2147483647"/>
<pin id="529" dir="0" index="2" bw="16" slack="0"/>
<pin id="530" dir="0" index="3" bw="0" slack="2147483647"/>
<pin id="531" dir="0" index="4" bw="1" slack="1"/>
<pin id="532" dir="0" index="5" bw="0" slack="2147483647"/>
<pin id="533" dir="1" index="6" bw="16" slack="0"/>
</pin_list>
<bind>
<opcode="phi(47) " fcode="phi"/>
<opset="p_ZZN4nnet24compute_output_buffer_2dINS_5arrayI8ap_fixedILi16ELi6EL9ap_q_mode5EL9ap_o_mode3ELi0EELj4EEENS1_IS2_ILi39ELi19ELS3_5ELS4_3ELi0EELj4EEE7config4EEvRKT_PAsrT1_6n_chan_12ap_shift_regINSA_10value_typeEXsrSD_8in_widthEERN3hls6streamIT0_119/2 "/>
</bind>
</comp>

<comp id="536" class="1005" name="p_ZZN4nnet24compute_output_buffer_2dINS_5arrayI8ap_fixedILi16ELi6EL9ap_q_mode5EL9ap_o_mode3ELi0EELj4EEENS1_IS2_ILi39ELi19ELS3_5ELS4_3ELi0EELj4EEE7config4EEvRKT_PAsrT1_6n_chan_12ap_shift_regINSA_10value_typeEXsrSD_8in_widthEERN3hls6streamIT0_120_reg_536">
<pin_list>
<pin id="537" dir="0" index="0" bw="16" slack="1"/>
<pin id="538" dir="1" index="1" bw="16" slack="1"/>
</pin_list>
<bind>
<opset="p_ZZN4nnet24compute_output_buffer_2dINS_5arrayI8ap_fixedILi16ELi6EL9ap_q_mode5EL9ap_o_mode3ELi0EELj4EEENS1_IS2_ILi39ELi19ELS3_5ELS4_3ELi0EELj4EEE7config4EEvRKT_PAsrT1_6n_chan_12ap_shift_regINSA_10value_typeEXsrSD_8in_widthEERN3hls6streamIT0_120 (phireg) "/>
</bind>
</comp>

<comp id="540" class="1004" name="p_ZZN4nnet24compute_output_buffer_2dINS_5arrayI8ap_fixedILi16ELi6EL9ap_q_mode5EL9ap_o_mode3ELi0EELj4EEENS1_IS2_ILi39ELi19ELS3_5ELS4_3ELi0EELj4EEE7config4EEvRKT_PAsrT1_6n_chan_12ap_shift_regINSA_10value_typeEXsrSD_8in_widthEERN3hls6streamIT0_120_phi_fu_540">
<pin_list>
<pin id="541" dir="0" index="0" bw="1" slack="1"/>
<pin id="542" dir="0" index="1" bw="0" slack="2147483647"/>
<pin id="543" dir="0" index="2" bw="16" slack="0"/>
<pin id="544" dir="0" index="3" bw="0" slack="2147483647"/>
<pin id="545" dir="0" index="4" bw="1" slack="1"/>
<pin id="546" dir="0" index="5" bw="0" slack="2147483647"/>
<pin id="547" dir="1" index="6" bw="16" slack="0"/>
</pin_list>
<bind>
<opcode="phi(47) " fcode="phi"/>
<opset="p_ZZN4nnet24compute_output_buffer_2dINS_5arrayI8ap_fixedILi16ELi6EL9ap_q_mode5EL9ap_o_mode3ELi0EELj4EEENS1_IS2_ILi39ELi19ELS3_5ELS4_3ELi0EELj4EEE7config4EEvRKT_PAsrT1_6n_chan_12ap_shift_regINSA_10value_typeEXsrSD_8in_widthEERN3hls6streamIT0_120/2 "/>
</bind>
</comp>

<comp id="550" class="1005" name="p_ZZN4nnet24compute_output_buffer_2dINS_5arrayI8ap_fixedILi16ELi6EL9ap_q_mode5EL9ap_o_mode3ELi0EELj4EEENS1_IS2_ILi39ELi19ELS3_5ELS4_3ELi0EELj4EEE7config4EEvRKT_PAsrT1_6n_chan_12ap_shift_regINSA_10value_typeEXsrSD_8in_widthEERN3hls6streamIT0_121_reg_550">
<pin_list>
<pin id="551" dir="0" index="0" bw="16" slack="1"/>
<pin id="552" dir="1" index="1" bw="16" slack="1"/>
</pin_list>
<bind>
<opset="p_ZZN4nnet24compute_output_buffer_2dINS_5arrayI8ap_fixedILi16ELi6EL9ap_q_mode5EL9ap_o_mode3ELi0EELj4EEENS1_IS2_ILi39ELi19ELS3_5ELS4_3ELi0EELj4EEE7config4EEvRKT_PAsrT1_6n_chan_12ap_shift_regINSA_10value_typeEXsrSD_8in_widthEERN3hls6streamIT0_121 (phireg) "/>
</bind>
</comp>

<comp id="554" class="1004" name="p_ZZN4nnet24compute_output_buffer_2dINS_5arrayI8ap_fixedILi16ELi6EL9ap_q_mode5EL9ap_o_mode3ELi0EELj4EEENS1_IS2_ILi39ELi19ELS3_5ELS4_3ELi0EELj4EEE7config4EEvRKT_PAsrT1_6n_chan_12ap_shift_regINSA_10value_typeEXsrSD_8in_widthEERN3hls6streamIT0_121_phi_fu_554">
<pin_list>
<pin id="555" dir="0" index="0" bw="1" slack="1"/>
<pin id="556" dir="0" index="1" bw="0" slack="2147483647"/>
<pin id="557" dir="0" index="2" bw="16" slack="0"/>
<pin id="558" dir="0" index="3" bw="0" slack="2147483647"/>
<pin id="559" dir="0" index="4" bw="1" slack="1"/>
<pin id="560" dir="0" index="5" bw="0" slack="2147483647"/>
<pin id="561" dir="1" index="6" bw="16" slack="0"/>
</pin_list>
<bind>
<opcode="phi(47) " fcode="phi"/>
<opset="p_ZZN4nnet24compute_output_buffer_2dINS_5arrayI8ap_fixedILi16ELi6EL9ap_q_mode5EL9ap_o_mode3ELi0EELj4EEENS1_IS2_ILi39ELi19ELS3_5ELS4_3ELi0EELj4EEE7config4EEvRKT_PAsrT1_6n_chan_12ap_shift_regINSA_10value_typeEXsrSD_8in_widthEERN3hls6streamIT0_121/2 "/>
</bind>
</comp>

<comp id="564" class="1005" name="void_compute_output_buffer_2d_array_array_ap_fixed_4u_config4_array_ap_fixed_16_6_5_3_0_4u_const_ap_shift_reg_value_type_in_width_n_chan_stream_array_ap_fixed_39_19_5_3_0_4u_0_weight_t_bias_t_kernel_data_load_rewind_reg_564">
<pin_list>
<pin id="565" dir="0" index="0" bw="16" slack="1"/>
<pin id="566" dir="1" index="1" bw="16" slack="1"/>
</pin_list>
<bind>
<opset="void_compute_output_buffer_2d_array_array_ap_fixed_4u_config4_array_ap_fixed_16_6_5_3_0_4u_const_ap_shift_reg_value_type_in_width_n_chan_stream_array_ap_fixed_39_19_5_3_0_4u_0_weight_t_bias_t_kernel_data_load_rewind (phireg) "/>
</bind>
</comp>

<comp id="568" class="1004" name="void_compute_output_buffer_2d_array_array_ap_fixed_4u_config4_array_ap_fixed_16_6_5_3_0_4u_const_ap_shift_reg_value_type_in_width_n_chan_stream_array_ap_fixed_39_19_5_3_0_4u_0_weight_t_bias_t_kernel_data_load_rewind_phi_fu_568">
<pin_list>
<pin id="569" dir="0" index="0" bw="1" slack="1"/>
<pin id="570" dir="0" index="1" bw="0" slack="2147483647"/>
<pin id="571" dir="0" index="2" bw="16" slack="0"/>
<pin id="572" dir="0" index="3" bw="0" slack="2147483647"/>
<pin id="573" dir="0" index="4" bw="1" slack="1"/>
<pin id="574" dir="0" index="5" bw="0" slack="2147483647"/>
<pin id="575" dir="1" index="6" bw="16" slack="0"/>
</pin_list>
<bind>
<opcode="phi(47) " fcode="phi"/>
<opset="void_compute_output_buffer_2d_array_array_ap_fixed_4u_config4_array_ap_fixed_16_6_5_3_0_4u_const_ap_shift_reg_value_type_in_width_n_chan_stream_array_ap_fixed_39_19_5_3_0_4u_0_weight_t_bias_t_kernel_data_load_rewind/2 "/>
</bind>
</comp>

<comp id="578" class="1005" name="void_compute_output_buffer_2d_array_array_ap_fixed_4u_config4_array_ap_fixed_16_6_5_3_0_4u_const_ap_shift_reg_value_type_in_width_n_chan_stream_array_ap_fixed_39_19_5_3_0_4u_0_weight_t_bias_t_kernel_data_1_load_rewind_reg_578">
<pin_list>
<pin id="579" dir="0" index="0" bw="16" slack="1"/>
<pin id="580" dir="1" index="1" bw="16" slack="1"/>
</pin_list>
<bind>
<opset="void_compute_output_buffer_2d_array_array_ap_fixed_4u_config4_array_ap_fixed_16_6_5_3_0_4u_const_ap_shift_reg_value_type_in_width_n_chan_stream_array_ap_fixed_39_19_5_3_0_4u_0_weight_t_bias_t_kernel_data_1_load_rewind (phireg) "/>
</bind>
</comp>

<comp id="582" class="1004" name="void_compute_output_buffer_2d_array_array_ap_fixed_4u_config4_array_ap_fixed_16_6_5_3_0_4u_const_ap_shift_reg_value_type_in_width_n_chan_stream_array_ap_fixed_39_19_5_3_0_4u_0_weight_t_bias_t_kernel_data_1_load_rewind_phi_fu_582">
<pin_list>
<pin id="583" dir="0" index="0" bw="1" slack="1"/>
<pin id="584" dir="0" index="1" bw="0" slack="2147483647"/>
<pin id="585" dir="0" index="2" bw="16" slack="0"/>
<pin id="586" dir="0" index="3" bw="0" slack="2147483647"/>
<pin id="587" dir="0" index="4" bw="1" slack="1"/>
<pin id="588" dir="0" index="5" bw="0" slack="2147483647"/>
<pin id="589" dir="1" index="6" bw="16" slack="0"/>
</pin_list>
<bind>
<opcode="phi(47) " fcode="phi"/>
<opset="void_compute_output_buffer_2d_array_array_ap_fixed_4u_config4_array_ap_fixed_16_6_5_3_0_4u_const_ap_shift_reg_value_type_in_width_n_chan_stream_array_ap_fixed_39_19_5_3_0_4u_0_weight_t_bias_t_kernel_data_1_load_rewind/2 "/>
</bind>
</comp>

<comp id="592" class="1005" name="void_compute_output_buffer_2d_array_array_ap_fixed_4u_config4_array_ap_fixed_16_6_5_3_0_4u_const_ap_shift_reg_value_type_in_width_n_chan_stream_array_ap_fixed_39_19_5_3_0_4u_0_weight_t_bias_t_kernel_data_2_load_rewind_reg_592">
<pin_list>
<pin id="593" dir="0" index="0" bw="16" slack="1"/>
<pin id="594" dir="1" index="1" bw="16" slack="1"/>
</pin_list>
<bind>
<opset="void_compute_output_buffer_2d_array_array_ap_fixed_4u_config4_array_ap_fixed_16_6_5_3_0_4u_const_ap_shift_reg_value_type_in_width_n_chan_stream_array_ap_fixed_39_19_5_3_0_4u_0_weight_t_bias_t_kernel_data_2_load_rewind (phireg) "/>
</bind>
</comp>

<comp id="596" class="1004" name="void_compute_output_buffer_2d_array_array_ap_fixed_4u_config4_array_ap_fixed_16_6_5_3_0_4u_const_ap_shift_reg_value_type_in_width_n_chan_stream_array_ap_fixed_39_19_5_3_0_4u_0_weight_t_bias_t_kernel_data_2_load_rewind_phi_fu_596">
<pin_list>
<pin id="597" dir="0" index="0" bw="1" slack="1"/>
<pin id="598" dir="0" index="1" bw="0" slack="2147483647"/>
<pin id="599" dir="0" index="2" bw="16" slack="0"/>
<pin id="600" dir="0" index="3" bw="0" slack="2147483647"/>
<pin id="601" dir="0" index="4" bw="1" slack="1"/>
<pin id="602" dir="0" index="5" bw="0" slack="2147483647"/>
<pin id="603" dir="1" index="6" bw="16" slack="0"/>
</pin_list>
<bind>
<opcode="phi(47) " fcode="phi"/>
<opset="void_compute_output_buffer_2d_array_array_ap_fixed_4u_config4_array_ap_fixed_16_6_5_3_0_4u_const_ap_shift_reg_value_type_in_width_n_chan_stream_array_ap_fixed_39_19_5_3_0_4u_0_weight_t_bias_t_kernel_data_2_load_rewind/2 "/>
</bind>
</comp>

<comp id="606" class="1005" name="void_compute_output_buffer_2d_array_array_ap_fixed_4u_config4_array_ap_fixed_16_6_5_3_0_4u_const_ap_shift_reg_value_type_in_width_n_chan_stream_array_ap_fixed_39_19_5_3_0_4u_0_weight_t_bias_t_kernel_data_3_load_rewind_reg_606">
<pin_list>
<pin id="607" dir="0" index="0" bw="16" slack="1"/>
<pin id="608" dir="1" index="1" bw="16" slack="1"/>
</pin_list>
<bind>
<opset="void_compute_output_buffer_2d_array_array_ap_fixed_4u_config4_array_ap_fixed_16_6_5_3_0_4u_const_ap_shift_reg_value_type_in_width_n_chan_stream_array_ap_fixed_39_19_5_3_0_4u_0_weight_t_bias_t_kernel_data_3_load_rewind (phireg) "/>
</bind>
</comp>

<comp id="610" class="1004" name="void_compute_output_buffer_2d_array_array_ap_fixed_4u_config4_array_ap_fixed_16_6_5_3_0_4u_const_ap_shift_reg_value_type_in_width_n_chan_stream_array_ap_fixed_39_19_5_3_0_4u_0_weight_t_bias_t_kernel_data_3_load_rewind_phi_fu_610">
<pin_list>
<pin id="611" dir="0" index="0" bw="1" slack="1"/>
<pin id="612" dir="0" index="1" bw="0" slack="2147483647"/>
<pin id="613" dir="0" index="2" bw="16" slack="0"/>
<pin id="614" dir="0" index="3" bw="0" slack="2147483647"/>
<pin id="615" dir="0" index="4" bw="1" slack="1"/>
<pin id="616" dir="0" index="5" bw="0" slack="2147483647"/>
<pin id="617" dir="1" index="6" bw="16" slack="0"/>
</pin_list>
<bind>
<opcode="phi(47) " fcode="phi"/>
<opset="void_compute_output_buffer_2d_array_array_ap_fixed_4u_config4_array_ap_fixed_16_6_5_3_0_4u_const_ap_shift_reg_value_type_in_width_n_chan_stream_array_ap_fixed_39_19_5_3_0_4u_0_weight_t_bias_t_kernel_data_3_load_rewind/2 "/>
</bind>
</comp>

<comp id="620" class="1005" name="void_compute_output_buffer_2d_array_array_ap_fixed_4u_config4_array_ap_fixed_16_6_5_3_0_4u_const_ap_shift_reg_value_type_in_width_n_chan_stream_array_ap_fixed_39_19_5_3_0_4u_0_weight_t_bias_t_kernel_data_4_load_rewind_reg_620">
<pin_list>
<pin id="621" dir="0" index="0" bw="16" slack="1"/>
<pin id="622" dir="1" index="1" bw="16" slack="1"/>
</pin_list>
<bind>
<opset="void_compute_output_buffer_2d_array_array_ap_fixed_4u_config4_array_ap_fixed_16_6_5_3_0_4u_const_ap_shift_reg_value_type_in_width_n_chan_stream_array_ap_fixed_39_19_5_3_0_4u_0_weight_t_bias_t_kernel_data_4_load_rewind (phireg) "/>
</bind>
</comp>

<comp id="624" class="1004" name="void_compute_output_buffer_2d_array_array_ap_fixed_4u_config4_array_ap_fixed_16_6_5_3_0_4u_const_ap_shift_reg_value_type_in_width_n_chan_stream_array_ap_fixed_39_19_5_3_0_4u_0_weight_t_bias_t_kernel_data_4_load_rewind_phi_fu_624">
<pin_list>
<pin id="625" dir="0" index="0" bw="1" slack="1"/>
<pin id="626" dir="0" index="1" bw="0" slack="2147483647"/>
<pin id="627" dir="0" index="2" bw="16" slack="0"/>
<pin id="628" dir="0" index="3" bw="0" slack="2147483647"/>
<pin id="629" dir="0" index="4" bw="1" slack="1"/>
<pin id="630" dir="0" index="5" bw="0" slack="2147483647"/>
<pin id="631" dir="1" index="6" bw="16" slack="0"/>
</pin_list>
<bind>
<opcode="phi(47) " fcode="phi"/>
<opset="void_compute_output_buffer_2d_array_array_ap_fixed_4u_config4_array_ap_fixed_16_6_5_3_0_4u_const_ap_shift_reg_value_type_in_width_n_chan_stream_array_ap_fixed_39_19_5_3_0_4u_0_weight_t_bias_t_kernel_data_4_load_rewind/2 "/>
</bind>
</comp>

<comp id="634" class="1005" name="void_compute_output_buffer_2d_array_array_ap_fixed_4u_config4_array_ap_fixed_16_6_5_3_0_4u_const_ap_shift_reg_value_type_in_width_n_chan_stream_array_ap_fixed_39_19_5_3_0_4u_0_weight_t_bias_t_kernel_data_5_load_rewind_reg_634">
<pin_list>
<pin id="635" dir="0" index="0" bw="16" slack="1"/>
<pin id="636" dir="1" index="1" bw="16" slack="1"/>
</pin_list>
<bind>
<opset="void_compute_output_buffer_2d_array_array_ap_fixed_4u_config4_array_ap_fixed_16_6_5_3_0_4u_const_ap_shift_reg_value_type_in_width_n_chan_stream_array_ap_fixed_39_19_5_3_0_4u_0_weight_t_bias_t_kernel_data_5_load_rewind (phireg) "/>
</bind>
</comp>

<comp id="638" class="1004" name="void_compute_output_buffer_2d_array_array_ap_fixed_4u_config4_array_ap_fixed_16_6_5_3_0_4u_const_ap_shift_reg_value_type_in_width_n_chan_stream_array_ap_fixed_39_19_5_3_0_4u_0_weight_t_bias_t_kernel_data_5_load_rewind_phi_fu_638">
<pin_list>
<pin id="639" dir="0" index="0" bw="1" slack="1"/>
<pin id="640" dir="0" index="1" bw="0" slack="2147483647"/>
<pin id="641" dir="0" index="2" bw="16" slack="0"/>
<pin id="642" dir="0" index="3" bw="0" slack="2147483647"/>
<pin id="643" dir="0" index="4" bw="1" slack="1"/>
<pin id="644" dir="0" index="5" bw="0" slack="2147483647"/>
<pin id="645" dir="1" index="6" bw="16" slack="0"/>
</pin_list>
<bind>
<opcode="phi(47) " fcode="phi"/>
<opset="void_compute_output_buffer_2d_array_array_ap_fixed_4u_config4_array_ap_fixed_16_6_5_3_0_4u_const_ap_shift_reg_value_type_in_width_n_chan_stream_array_ap_fixed_39_19_5_3_0_4u_0_weight_t_bias_t_kernel_data_5_load_rewind/2 "/>
</bind>
</comp>

<comp id="648" class="1005" name="void_compute_output_buffer_2d_array_array_ap_fixed_4u_config4_array_ap_fixed_16_6_5_3_0_4u_const_ap_shift_reg_value_type_in_width_n_chan_stream_array_ap_fixed_39_19_5_3_0_4u_0_weight_t_bias_t_kernel_data_6_load_rewind_reg_648">
<pin_list>
<pin id="649" dir="0" index="0" bw="16" slack="1"/>
<pin id="650" dir="1" index="1" bw="16" slack="1"/>
</pin_list>
<bind>
<opset="void_compute_output_buffer_2d_array_array_ap_fixed_4u_config4_array_ap_fixed_16_6_5_3_0_4u_const_ap_shift_reg_value_type_in_width_n_chan_stream_array_ap_fixed_39_19_5_3_0_4u_0_weight_t_bias_t_kernel_data_6_load_rewind (phireg) "/>
</bind>
</comp>

<comp id="652" class="1004" name="void_compute_output_buffer_2d_array_array_ap_fixed_4u_config4_array_ap_fixed_16_6_5_3_0_4u_const_ap_shift_reg_value_type_in_width_n_chan_stream_array_ap_fixed_39_19_5_3_0_4u_0_weight_t_bias_t_kernel_data_6_load_rewind_phi_fu_652">
<pin_list>
<pin id="653" dir="0" index="0" bw="1" slack="1"/>
<pin id="654" dir="0" index="1" bw="0" slack="2147483647"/>
<pin id="655" dir="0" index="2" bw="16" slack="0"/>
<pin id="656" dir="0" index="3" bw="0" slack="2147483647"/>
<pin id="657" dir="0" index="4" bw="1" slack="1"/>
<pin id="658" dir="0" index="5" bw="0" slack="2147483647"/>
<pin id="659" dir="1" index="6" bw="16" slack="0"/>
</pin_list>
<bind>
<opcode="phi(47) " fcode="phi"/>
<opset="void_compute_output_buffer_2d_array_array_ap_fixed_4u_config4_array_ap_fixed_16_6_5_3_0_4u_const_ap_shift_reg_value_type_in_width_n_chan_stream_array_ap_fixed_39_19_5_3_0_4u_0_weight_t_bias_t_kernel_data_6_load_rewind/2 "/>
</bind>
</comp>

<comp id="662" class="1005" name="void_compute_output_buffer_2d_array_array_ap_fixed_4u_config4_array_ap_fixed_16_6_5_3_0_4u_const_ap_shift_reg_value_type_in_width_n_chan_stream_array_ap_fixed_39_19_5_3_0_4u_0_weight_t_bias_t_kernel_data_7_load_rewind_reg_662">
<pin_list>
<pin id="663" dir="0" index="0" bw="16" slack="1"/>
<pin id="664" dir="1" index="1" bw="16" slack="1"/>
</pin_list>
<bind>
<opset="void_compute_output_buffer_2d_array_array_ap_fixed_4u_config4_array_ap_fixed_16_6_5_3_0_4u_const_ap_shift_reg_value_type_in_width_n_chan_stream_array_ap_fixed_39_19_5_3_0_4u_0_weight_t_bias_t_kernel_data_7_load_rewind (phireg) "/>
</bind>
</comp>

<comp id="666" class="1004" name="void_compute_output_buffer_2d_array_array_ap_fixed_4u_config4_array_ap_fixed_16_6_5_3_0_4u_const_ap_shift_reg_value_type_in_width_n_chan_stream_array_ap_fixed_39_19_5_3_0_4u_0_weight_t_bias_t_kernel_data_7_load_rewind_phi_fu_666">
<pin_list>
<pin id="667" dir="0" index="0" bw="1" slack="1"/>
<pin id="668" dir="0" index="1" bw="0" slack="2147483647"/>
<pin id="669" dir="0" index="2" bw="16" slack="0"/>
<pin id="670" dir="0" index="3" bw="0" slack="2147483647"/>
<pin id="671" dir="0" index="4" bw="1" slack="1"/>
<pin id="672" dir="0" index="5" bw="0" slack="2147483647"/>
<pin id="673" dir="1" index="6" bw="16" slack="0"/>
</pin_list>
<bind>
<opcode="phi(47) " fcode="phi"/>
<opset="void_compute_output_buffer_2d_array_array_ap_fixed_4u_config4_array_ap_fixed_16_6_5_3_0_4u_const_ap_shift_reg_value_type_in_width_n_chan_stream_array_ap_fixed_39_19_5_3_0_4u_0_weight_t_bias_t_kernel_data_7_load_rewind/2 "/>
</bind>
</comp>

<comp id="676" class="1005" name="void_compute_output_buffer_2d_array_array_ap_fixed_4u_config4_array_ap_fixed_16_6_5_3_0_4u_const_ap_shift_reg_value_type_in_width_n_chan_stream_array_ap_fixed_39_19_5_3_0_4u_0_weight_t_bias_t_kernel_data_8_load_rewind_reg_676">
<pin_list>
<pin id="677" dir="0" index="0" bw="16" slack="1"/>
<pin id="678" dir="1" index="1" bw="16" slack="1"/>
</pin_list>
<bind>
<opset="void_compute_output_buffer_2d_array_array_ap_fixed_4u_config4_array_ap_fixed_16_6_5_3_0_4u_const_ap_shift_reg_value_type_in_width_n_chan_stream_array_ap_fixed_39_19_5_3_0_4u_0_weight_t_bias_t_kernel_data_8_load_rewind (phireg) "/>
</bind>
</comp>

<comp id="680" class="1004" name="void_compute_output_buffer_2d_array_array_ap_fixed_4u_config4_array_ap_fixed_16_6_5_3_0_4u_const_ap_shift_reg_value_type_in_width_n_chan_stream_array_ap_fixed_39_19_5_3_0_4u_0_weight_t_bias_t_kernel_data_8_load_rewind_phi_fu_680">
<pin_list>
<pin id="681" dir="0" index="0" bw="1" slack="1"/>
<pin id="682" dir="0" index="1" bw="0" slack="2147483647"/>
<pin id="683" dir="0" index="2" bw="16" slack="0"/>
<pin id="684" dir="0" index="3" bw="0" slack="2147483647"/>
<pin id="685" dir="0" index="4" bw="1" slack="1"/>
<pin id="686" dir="0" index="5" bw="0" slack="2147483647"/>
<pin id="687" dir="1" index="6" bw="16" slack="0"/>
</pin_list>
<bind>
<opcode="phi(47) " fcode="phi"/>
<opset="void_compute_output_buffer_2d_array_array_ap_fixed_4u_config4_array_ap_fixed_16_6_5_3_0_4u_const_ap_shift_reg_value_type_in_width_n_chan_stream_array_ap_fixed_39_19_5_3_0_4u_0_weight_t_bias_t_kernel_data_8_load_rewind/2 "/>
</bind>
</comp>

<comp id="690" class="1005" name="void_compute_output_buffer_2d_array_array_ap_fixed_4u_config4_array_ap_fixed_16_6_5_3_0_4u_const_ap_shift_reg_value_type_in_width_n_chan_stream_array_ap_fixed_39_19_5_3_0_4u_0_weight_t_bias_t_kernel_data_9_load_rewind_reg_690">
<pin_list>
<pin id="691" dir="0" index="0" bw="16" slack="1"/>
<pin id="692" dir="1" index="1" bw="16" slack="1"/>
</pin_list>
<bind>
<opset="void_compute_output_buffer_2d_array_array_ap_fixed_4u_config4_array_ap_fixed_16_6_5_3_0_4u_const_ap_shift_reg_value_type_in_width_n_chan_stream_array_ap_fixed_39_19_5_3_0_4u_0_weight_t_bias_t_kernel_data_9_load_rewind (phireg) "/>
</bind>
</comp>

<comp id="694" class="1004" name="void_compute_output_buffer_2d_array_array_ap_fixed_4u_config4_array_ap_fixed_16_6_5_3_0_4u_const_ap_shift_reg_value_type_in_width_n_chan_stream_array_ap_fixed_39_19_5_3_0_4u_0_weight_t_bias_t_kernel_data_9_load_rewind_phi_fu_694">
<pin_list>
<pin id="695" dir="0" index="0" bw="1" slack="1"/>
<pin id="696" dir="0" index="1" bw="0" slack="2147483647"/>
<pin id="697" dir="0" index="2" bw="16" slack="0"/>
<pin id="698" dir="0" index="3" bw="0" slack="2147483647"/>
<pin id="699" dir="0" index="4" bw="1" slack="1"/>
<pin id="700" dir="0" index="5" bw="0" slack="2147483647"/>
<pin id="701" dir="1" index="6" bw="16" slack="0"/>
</pin_list>
<bind>
<opcode="phi(47) " fcode="phi"/>
<opset="void_compute_output_buffer_2d_array_array_ap_fixed_4u_config4_array_ap_fixed_16_6_5_3_0_4u_const_ap_shift_reg_value_type_in_width_n_chan_stream_array_ap_fixed_39_19_5_3_0_4u_0_weight_t_bias_t_kernel_data_9_load_rewind/2 "/>
</bind>
</comp>

<comp id="704" class="1005" name="in_index18_reg_704">
<pin_list>
<pin id="705" dir="0" index="0" bw="32" slack="1"/>
<pin id="706" dir="1" index="1" bw="32" slack="1"/>
</pin_list>
<bind>
<opset="in_index18 (phireg) "/>
</bind>
</comp>

<comp id="708" class="1004" name="in_index18_phi_fu_708">
<pin_list>
<pin id="709" dir="0" index="0" bw="1" slack="1"/>
<pin id="710" dir="0" index="1" bw="0" slack="2147483647"/>
<pin id="711" dir="0" index="2" bw="32" slack="0"/>
<pin id="712" dir="0" index="3" bw="0" slack="2147483647"/>
<pin id="713" dir="0" index="4" bw="1" slack="1"/>
<pin id="714" dir="0" index="5" bw="0" slack="2147483647"/>
<pin id="715" dir="1" index="6" bw="32" slack="0"/>
</pin_list>
<bind>
<opcode="phi(47) " fcode="phi"/>
<opset="in_index18/2 "/>
</bind>
</comp>

<comp id="718" class="1005" name="p_ZZN4nnet24compute_output_buffer_2dINS_5arrayI8ap_fixedILi16ELi6EL9ap_q_mode5EL9ap_o_mode3ELi0EELj4EEENS1_IS2_ILi39ELi19ELS3_5ELS4_3ELi0EELj4EEE7config4EEvRKT_PAsrT1_6n_chan_12ap_shift_regINSA_10value_typeEXsrSD_8in_widthEERN3hls6streamIT0_44_reg_718">
<pin_list>
<pin id="719" dir="0" index="0" bw="16" slack="0"/>
<pin id="720" dir="1" index="1" bw="16" slack="0"/>
</pin_list>
<bind>
<opset="p_ZZN4nnet24compute_output_buffer_2dINS_5arrayI8ap_fixedILi16ELi6EL9ap_q_mode5EL9ap_o_mode3ELi0EELj4EEENS1_IS2_ILi39ELi19ELS3_5ELS4_3ELi0EELj4EEE7config4EEvRKT_PAsrT1_6n_chan_12ap_shift_regINSA_10value_typeEXsrSD_8in_widthEERN3hls6streamIT0_44 (phireg) "/>
</bind>
</comp>

<comp id="722" class="1004" name="p_ZZN4nnet24compute_output_buffer_2dINS_5arrayI8ap_fixedILi16ELi6EL9ap_q_mode5EL9ap_o_mode3ELi0EELj4EEENS1_IS2_ILi39ELi19ELS3_5ELS4_3ELi0EELj4EEE7config4EEvRKT_PAsrT1_6n_chan_12ap_shift_regINSA_10value_typeEXsrSD_8in_widthEERN3hls6streamIT0_44_phi_fu_722">
<pin_list>
<pin id="723" dir="0" index="0" bw="16" slack="1"/>
<pin id="724" dir="0" index="1" bw="0" slack="2147483647"/>
<pin id="725" dir="0" index="2" bw="16" slack="0"/>
<pin id="726" dir="0" index="3" bw="0" slack="2147483647"/>
<pin id="727" dir="1" index="4" bw="16" slack="0"/>
</pin_list>
<bind>
<opcode="phi(47) " fcode="phi"/>
<opset="p_ZZN4nnet24compute_output_buffer_2dINS_5arrayI8ap_fixedILi16ELi6EL9ap_q_mode5EL9ap_o_mode3ELi0EELj4EEENS1_IS2_ILi39ELi19ELS3_5ELS4_3ELi0EELj4EEE7config4EEvRKT_PAsrT1_6n_chan_12ap_shift_regINSA_10value_typeEXsrSD_8in_widthEERN3hls6streamIT0_44/2 "/>
</bind>
</comp>

<comp id="730" class="1005" name="p_ZZN4nnet24compute_output_buffer_2dINS_5arrayI8ap_fixedILi16ELi6EL9ap_q_mode5EL9ap_o_mode3ELi0EELj4EEENS1_IS2_ILi39ELi19ELS3_5ELS4_3ELi0EELj4EEE7config4EEvRKT_PAsrT1_6n_chan_12ap_shift_regINSA_10value_typeEXsrSD_8in_widthEERN3hls6streamIT0_45_reg_730">
<pin_list>
<pin id="731" dir="0" index="0" bw="16" slack="0"/>
<pin id="732" dir="1" index="1" bw="16" slack="0"/>
</pin_list>
<bind>
<opset="p_ZZN4nnet24compute_output_buffer_2dINS_5arrayI8ap_fixedILi16ELi6EL9ap_q_mode5EL9ap_o_mode3ELi0EELj4EEENS1_IS2_ILi39ELi19ELS3_5ELS4_3ELi0EELj4EEE7config4EEvRKT_PAsrT1_6n_chan_12ap_shift_regINSA_10value_typeEXsrSD_8in_widthEERN3hls6streamIT0_45 (phireg) "/>
</bind>
</comp>

<comp id="734" class="1004" name="p_ZZN4nnet24compute_output_buffer_2dINS_5arrayI8ap_fixedILi16ELi6EL9ap_q_mode5EL9ap_o_mode3ELi0EELj4EEENS1_IS2_ILi39ELi19ELS3_5ELS4_3ELi0EELj4EEE7config4EEvRKT_PAsrT1_6n_chan_12ap_shift_regINSA_10value_typeEXsrSD_8in_widthEERN3hls6streamIT0_45_phi_fu_734">
<pin_list>
<pin id="735" dir="0" index="0" bw="16" slack="1"/>
<pin id="736" dir="0" index="1" bw="0" slack="2147483647"/>
<pin id="737" dir="0" index="2" bw="16" slack="0"/>
<pin id="738" dir="0" index="3" bw="0" slack="2147483647"/>
<pin id="739" dir="1" index="4" bw="16" slack="0"/>
</pin_list>
<bind>
<opcode="phi(47) " fcode="phi"/>
<opset="p_ZZN4nnet24compute_output_buffer_2dINS_5arrayI8ap_fixedILi16ELi6EL9ap_q_mode5EL9ap_o_mode3ELi0EELj4EEENS1_IS2_ILi39ELi19ELS3_5ELS4_3ELi0EELj4EEE7config4EEvRKT_PAsrT1_6n_chan_12ap_shift_regINSA_10value_typeEXsrSD_8in_widthEERN3hls6streamIT0_45/2 "/>
</bind>
</comp>

<comp id="742" class="1005" name="p_ZZN4nnet24compute_output_buffer_2dINS_5arrayI8ap_fixedILi16ELi6EL9ap_q_mode5EL9ap_o_mode3ELi0EELj4EEENS1_IS2_ILi39ELi19ELS3_5ELS4_3ELi0EELj4EEE7config4EEvRKT_PAsrT1_6n_chan_12ap_shift_regINSA_10value_typeEXsrSD_8in_widthEERN3hls6streamIT0_46_reg_742">
<pin_list>
<pin id="743" dir="0" index="0" bw="16" slack="0"/>
<pin id="744" dir="1" index="1" bw="16" slack="0"/>
</pin_list>
<bind>
<opset="p_ZZN4nnet24compute_output_buffer_2dINS_5arrayI8ap_fixedILi16ELi6EL9ap_q_mode5EL9ap_o_mode3ELi0EELj4EEENS1_IS2_ILi39ELi19ELS3_5ELS4_3ELi0EELj4EEE7config4EEvRKT_PAsrT1_6n_chan_12ap_shift_regINSA_10value_typeEXsrSD_8in_widthEERN3hls6streamIT0_46 (phireg) "/>
</bind>
</comp>

<comp id="746" class="1004" name="p_ZZN4nnet24compute_output_buffer_2dINS_5arrayI8ap_fixedILi16ELi6EL9ap_q_mode5EL9ap_o_mode3ELi0EELj4EEENS1_IS2_ILi39ELi19ELS3_5ELS4_3ELi0EELj4EEE7config4EEvRKT_PAsrT1_6n_chan_12ap_shift_regINSA_10value_typeEXsrSD_8in_widthEERN3hls6streamIT0_46_phi_fu_746">
<pin_list>
<pin id="747" dir="0" index="0" bw="16" slack="1"/>
<pin id="748" dir="0" index="1" bw="0" slack="2147483647"/>
<pin id="749" dir="0" index="2" bw="16" slack="0"/>
<pin id="750" dir="0" index="3" bw="0" slack="2147483647"/>
<pin id="751" dir="1" index="4" bw="16" slack="0"/>
</pin_list>
<bind>
<opcode="phi(47) " fcode="phi"/>
<opset="p_ZZN4nnet24compute_output_buffer_2dINS_5arrayI8ap_fixedILi16ELi6EL9ap_q_mode5EL9ap_o_mode3ELi0EELj4EEENS1_IS2_ILi39ELi19ELS3_5ELS4_3ELi0EELj4EEE7config4EEvRKT_PAsrT1_6n_chan_12ap_shift_regINSA_10value_typeEXsrSD_8in_widthEERN3hls6streamIT0_46/2 "/>
</bind>
</comp>

<comp id="754" class="1005" name="p_ZZN4nnet24compute_output_buffer_2dINS_5arrayI8ap_fixedILi16ELi6EL9ap_q_mode5EL9ap_o_mode3ELi0EELj4EEENS1_IS2_ILi39ELi19ELS3_5ELS4_3ELi0EELj4EEE7config4EEvRKT_PAsrT1_6n_chan_12ap_shift_regINSA_10value_typeEXsrSD_8in_widthEERN3hls6streamIT0_47_reg_754">
<pin_list>
<pin id="755" dir="0" index="0" bw="16" slack="0"/>
<pin id="756" dir="1" index="1" bw="16" slack="0"/>
</pin_list>
<bind>
<opset="p_ZZN4nnet24compute_output_buffer_2dINS_5arrayI8ap_fixedILi16ELi6EL9ap_q_mode5EL9ap_o_mode3ELi0EELj4EEENS1_IS2_ILi39ELi19ELS3_5ELS4_3ELi0EELj4EEE7config4EEvRKT_PAsrT1_6n_chan_12ap_shift_regINSA_10value_typeEXsrSD_8in_widthEERN3hls6streamIT0_47 (phireg) "/>
</bind>
</comp>

<comp id="758" class="1004" name="p_ZZN4nnet24compute_output_buffer_2dINS_5arrayI8ap_fixedILi16ELi6EL9ap_q_mode5EL9ap_o_mode3ELi0EELj4EEENS1_IS2_ILi39ELi19ELS3_5ELS4_3ELi0EELj4EEE7config4EEvRKT_PAsrT1_6n_chan_12ap_shift_regINSA_10value_typeEXsrSD_8in_widthEERN3hls6streamIT0_47_phi_fu_758">
<pin_list>
<pin id="759" dir="0" index="0" bw="16" slack="1"/>
<pin id="760" dir="0" index="1" bw="0" slack="2147483647"/>
<pin id="761" dir="0" index="2" bw="16" slack="0"/>
<pin id="762" dir="0" index="3" bw="0" slack="2147483647"/>
<pin id="763" dir="1" index="4" bw="16" slack="0"/>
</pin_list>
<bind>
<opcode="phi(47) " fcode="phi"/>
<opset="p_ZZN4nnet24compute_output_buffer_2dINS_5arrayI8ap_fixedILi16ELi6EL9ap_q_mode5EL9ap_o_mode3ELi0EELj4EEENS1_IS2_ILi39ELi19ELS3_5ELS4_3ELi0EELj4EEE7config4EEvRKT_PAsrT1_6n_chan_12ap_shift_regINSA_10value_typeEXsrSD_8in_widthEERN3hls6streamIT0_47/2 "/>
</bind>
</comp>

<comp id="766" class="1005" name="p_ZZN4nnet24compute_output_buffer_2dINS_5arrayI8ap_fixedILi16ELi6EL9ap_q_mode5EL9ap_o_mode3ELi0EELj4EEENS1_IS2_ILi39ELi19ELS3_5ELS4_3ELi0EELj4EEE7config4EEvRKT_PAsrT1_6n_chan_12ap_shift_regINSA_10value_typeEXsrSD_8in_widthEERN3hls6streamIT0_48_reg_766">
<pin_list>
<pin id="767" dir="0" index="0" bw="16" slack="0"/>
<pin id="768" dir="1" index="1" bw="16" slack="0"/>
</pin_list>
<bind>
<opset="p_ZZN4nnet24compute_output_buffer_2dINS_5arrayI8ap_fixedILi16ELi6EL9ap_q_mode5EL9ap_o_mode3ELi0EELj4EEENS1_IS2_ILi39ELi19ELS3_5ELS4_3ELi0EELj4EEE7config4EEvRKT_PAsrT1_6n_chan_12ap_shift_regINSA_10value_typeEXsrSD_8in_widthEERN3hls6streamIT0_48 (phireg) "/>
</bind>
</comp>

<comp id="770" class="1004" name="p_ZZN4nnet24compute_output_buffer_2dINS_5arrayI8ap_fixedILi16ELi6EL9ap_q_mode5EL9ap_o_mode3ELi0EELj4EEENS1_IS2_ILi39ELi19ELS3_5ELS4_3ELi0EELj4EEE7config4EEvRKT_PAsrT1_6n_chan_12ap_shift_regINSA_10value_typeEXsrSD_8in_widthEERN3hls6streamIT0_48_phi_fu_770">
<pin_list>
<pin id="771" dir="0" index="0" bw="16" slack="1"/>
<pin id="772" dir="0" index="1" bw="0" slack="2147483647"/>
<pin id="773" dir="0" index="2" bw="16" slack="0"/>
<pin id="774" dir="0" index="3" bw="0" slack="2147483647"/>
<pin id="775" dir="1" index="4" bw="16" slack="0"/>
</pin_list>
<bind>
<opcode="phi(47) " fcode="phi"/>
<opset="p_ZZN4nnet24compute_output_buffer_2dINS_5arrayI8ap_fixedILi16ELi6EL9ap_q_mode5EL9ap_o_mode3ELi0EELj4EEENS1_IS2_ILi39ELi19ELS3_5ELS4_3ELi0EELj4EEE7config4EEvRKT_PAsrT1_6n_chan_12ap_shift_regINSA_10value_typeEXsrSD_8in_widthEERN3hls6streamIT0_48/2 "/>
</bind>
</comp>

<comp id="778" class="1005" name="p_ZZN4nnet24compute_output_buffer_2dINS_5arrayI8ap_fixedILi16ELi6EL9ap_q_mode5EL9ap_o_mode3ELi0EELj4EEENS1_IS2_ILi39ELi19ELS3_5ELS4_3ELi0EELj4EEE7config4EEvRKT_PAsrT1_6n_chan_12ap_shift_regINSA_10value_typeEXsrSD_8in_widthEERN3hls6streamIT0_49_reg_778">
<pin_list>
<pin id="779" dir="0" index="0" bw="16" slack="0"/>
<pin id="780" dir="1" index="1" bw="16" slack="0"/>
</pin_list>
<bind>
<opset="p_ZZN4nnet24compute_output_buffer_2dINS_5arrayI8ap_fixedILi16ELi6EL9ap_q_mode5EL9ap_o_mode3ELi0EELj4EEENS1_IS2_ILi39ELi19ELS3_5ELS4_3ELi0EELj4EEE7config4EEvRKT_PAsrT1_6n_chan_12ap_shift_regINSA_10value_typeEXsrSD_8in_widthEERN3hls6streamIT0_49 (phireg) "/>
</bind>
</comp>

<comp id="782" class="1004" name="p_ZZN4nnet24compute_output_buffer_2dINS_5arrayI8ap_fixedILi16ELi6EL9ap_q_mode5EL9ap_o_mode3ELi0EELj4EEENS1_IS2_ILi39ELi19ELS3_5ELS4_3ELi0EELj4EEE7config4EEvRKT_PAsrT1_6n_chan_12ap_shift_regINSA_10value_typeEXsrSD_8in_widthEERN3hls6streamIT0_49_phi_fu_782">
<pin_list>
<pin id="783" dir="0" index="0" bw="16" slack="1"/>
<pin id="784" dir="0" index="1" bw="0" slack="2147483647"/>
<pin id="785" dir="0" index="2" bw="16" slack="0"/>
<pin id="786" dir="0" index="3" bw="0" slack="2147483647"/>
<pin id="787" dir="1" index="4" bw="16" slack="0"/>
</pin_list>
<bind>
<opcode="phi(47) " fcode="phi"/>
<opset="p_ZZN4nnet24compute_output_buffer_2dINS_5arrayI8ap_fixedILi16ELi6EL9ap_q_mode5EL9ap_o_mode3ELi0EELj4EEENS1_IS2_ILi39ELi19ELS3_5ELS4_3ELi0EELj4EEE7config4EEvRKT_PAsrT1_6n_chan_12ap_shift_regINSA_10value_typeEXsrSD_8in_widthEERN3hls6streamIT0_49/2 "/>
</bind>
</comp>

<comp id="790" class="1005" name="p_ZZN4nnet24compute_output_buffer_2dINS_5arrayI8ap_fixedILi16ELi6EL9ap_q_mode5EL9ap_o_mode3ELi0EELj4EEENS1_IS2_ILi39ELi19ELS3_5ELS4_3ELi0EELj4EEE7config4EEvRKT_PAsrT1_6n_chan_12ap_shift_regINSA_10value_typeEXsrSD_8in_widthEERN3hls6streamIT0_50_reg_790">
<pin_list>
<pin id="791" dir="0" index="0" bw="16" slack="0"/>
<pin id="792" dir="1" index="1" bw="16" slack="0"/>
</pin_list>
<bind>
<opset="p_ZZN4nnet24compute_output_buffer_2dINS_5arrayI8ap_fixedILi16ELi6EL9ap_q_mode5EL9ap_o_mode3ELi0EELj4EEENS1_IS2_ILi39ELi19ELS3_5ELS4_3ELi0EELj4EEE7config4EEvRKT_PAsrT1_6n_chan_12ap_shift_regINSA_10value_typeEXsrSD_8in_widthEERN3hls6streamIT0_50 (phireg) "/>
</bind>
</comp>

<comp id="794" class="1004" name="p_ZZN4nnet24compute_output_buffer_2dINS_5arrayI8ap_fixedILi16ELi6EL9ap_q_mode5EL9ap_o_mode3ELi0EELj4EEENS1_IS2_ILi39ELi19ELS3_5ELS4_3ELi0EELj4EEE7config4EEvRKT_PAsrT1_6n_chan_12ap_shift_regINSA_10value_typeEXsrSD_8in_widthEERN3hls6streamIT0_50_phi_fu_794">
<pin_list>
<pin id="795" dir="0" index="0" bw="16" slack="1"/>
<pin id="796" dir="0" index="1" bw="0" slack="2147483647"/>
<pin id="797" dir="0" index="2" bw="16" slack="0"/>
<pin id="798" dir="0" index="3" bw="0" slack="2147483647"/>
<pin id="799" dir="1" index="4" bw="16" slack="0"/>
</pin_list>
<bind>
<opcode="phi(47) " fcode="phi"/>
<opset="p_ZZN4nnet24compute_output_buffer_2dINS_5arrayI8ap_fixedILi16ELi6EL9ap_q_mode5EL9ap_o_mode3ELi0EELj4EEENS1_IS2_ILi39ELi19ELS3_5ELS4_3ELi0EELj4EEE7config4EEvRKT_PAsrT1_6n_chan_12ap_shift_regINSA_10value_typeEXsrSD_8in_widthEERN3hls6streamIT0_50/2 "/>
</bind>
</comp>

<comp id="802" class="1005" name="p_ZZN4nnet24compute_output_buffer_2dINS_5arrayI8ap_fixedILi16ELi6EL9ap_q_mode5EL9ap_o_mode3ELi0EELj4EEENS1_IS2_ILi39ELi19ELS3_5ELS4_3ELi0EELj4EEE7config4EEvRKT_PAsrT1_6n_chan_12ap_shift_regINSA_10value_typeEXsrSD_8in_widthEERN3hls6streamIT0_51_reg_802">
<pin_list>
<pin id="803" dir="0" index="0" bw="16" slack="0"/>
<pin id="804" dir="1" index="1" bw="16" slack="0"/>
</pin_list>
<bind>
<opset="p_ZZN4nnet24compute_output_buffer_2dINS_5arrayI8ap_fixedILi16ELi6EL9ap_q_mode5EL9ap_o_mode3ELi0EELj4EEENS1_IS2_ILi39ELi19ELS3_5ELS4_3ELi0EELj4EEE7config4EEvRKT_PAsrT1_6n_chan_12ap_shift_regINSA_10value_typeEXsrSD_8in_widthEERN3hls6streamIT0_51 (phireg) "/>
</bind>
</comp>

<comp id="806" class="1004" name="p_ZZN4nnet24compute_output_buffer_2dINS_5arrayI8ap_fixedILi16ELi6EL9ap_q_mode5EL9ap_o_mode3ELi0EELj4EEENS1_IS2_ILi39ELi19ELS3_5ELS4_3ELi0EELj4EEE7config4EEvRKT_PAsrT1_6n_chan_12ap_shift_regINSA_10value_typeEXsrSD_8in_widthEERN3hls6streamIT0_51_phi_fu_806">
<pin_list>
<pin id="807" dir="0" index="0" bw="16" slack="1"/>
<pin id="808" dir="0" index="1" bw="0" slack="2147483647"/>
<pin id="809" dir="0" index="2" bw="16" slack="0"/>
<pin id="810" dir="0" index="3" bw="0" slack="2147483647"/>
<pin id="811" dir="1" index="4" bw="16" slack="0"/>
</pin_list>
<bind>
<opcode="phi(47) " fcode="phi"/>
<opset="p_ZZN4nnet24compute_output_buffer_2dINS_5arrayI8ap_fixedILi16ELi6EL9ap_q_mode5EL9ap_o_mode3ELi0EELj4EEENS1_IS2_ILi39ELi19ELS3_5ELS4_3ELi0EELj4EEE7config4EEvRKT_PAsrT1_6n_chan_12ap_shift_regINSA_10value_typeEXsrSD_8in_widthEERN3hls6streamIT0_51/2 "/>
</bind>
</comp>

<comp id="814" class="1005" name="p_ZZN4nnet24compute_output_buffer_2dINS_5arrayI8ap_fixedILi16ELi6EL9ap_q_mode5EL9ap_o_mode3ELi0EELj4EEENS1_IS2_ILi39ELi19ELS3_5ELS4_3ELi0EELj4EEE7config4EEvRKT_PAsrT1_6n_chan_12ap_shift_regINSA_10value_typeEXsrSD_8in_widthEERN3hls6streamIT0_52_reg_814">
<pin_list>
<pin id="815" dir="0" index="0" bw="16" slack="0"/>
<pin id="816" dir="1" index="1" bw="16" slack="0"/>
</pin_list>
<bind>
<opset="p_ZZN4nnet24compute_output_buffer_2dINS_5arrayI8ap_fixedILi16ELi6EL9ap_q_mode5EL9ap_o_mode3ELi0EELj4EEENS1_IS2_ILi39ELi19ELS3_5ELS4_3ELi0EELj4EEE7config4EEvRKT_PAsrT1_6n_chan_12ap_shift_regINSA_10value_typeEXsrSD_8in_widthEERN3hls6streamIT0_52 (phireg) "/>
</bind>
</comp>

<comp id="818" class="1004" name="p_ZZN4nnet24compute_output_buffer_2dINS_5arrayI8ap_fixedILi16ELi6EL9ap_q_mode5EL9ap_o_mode3ELi0EELj4EEENS1_IS2_ILi39ELi19ELS3_5ELS4_3ELi0EELj4EEE7config4EEvRKT_PAsrT1_6n_chan_12ap_shift_regINSA_10value_typeEXsrSD_8in_widthEERN3hls6streamIT0_52_phi_fu_818">
<pin_list>
<pin id="819" dir="0" index="0" bw="16" slack="1"/>
<pin id="820" dir="0" index="1" bw="0" slack="2147483647"/>
<pin id="821" dir="0" index="2" bw="16" slack="0"/>
<pin id="822" dir="0" index="3" bw="0" slack="2147483647"/>
<pin id="823" dir="1" index="4" bw="16" slack="0"/>
</pin_list>
<bind>
<opcode="phi(47) " fcode="phi"/>
<opset="p_ZZN4nnet24compute_output_buffer_2dINS_5arrayI8ap_fixedILi16ELi6EL9ap_q_mode5EL9ap_o_mode3ELi0EELj4EEENS1_IS2_ILi39ELi19ELS3_5ELS4_3ELi0EELj4EEE7config4EEvRKT_PAsrT1_6n_chan_12ap_shift_regINSA_10value_typeEXsrSD_8in_widthEERN3hls6streamIT0_52/2 "/>
</bind>
</comp>

<comp id="826" class="1005" name="p_ZZN4nnet24compute_output_buffer_2dINS_5arrayI8ap_fixedILi16ELi6EL9ap_q_mode5EL9ap_o_mode3ELi0EELj4EEENS1_IS2_ILi39ELi19ELS3_5ELS4_3ELi0EELj4EEE7config4EEvRKT_PAsrT1_6n_chan_12ap_shift_regINSA_10value_typeEXsrSD_8in_widthEERN3hls6streamIT0_53_reg_826">
<pin_list>
<pin id="827" dir="0" index="0" bw="16" slack="0"/>
<pin id="828" dir="1" index="1" bw="16" slack="0"/>
</pin_list>
<bind>
<opset="p_ZZN4nnet24compute_output_buffer_2dINS_5arrayI8ap_fixedILi16ELi6EL9ap_q_mode5EL9ap_o_mode3ELi0EELj4EEENS1_IS2_ILi39ELi19ELS3_5ELS4_3ELi0EELj4EEE7config4EEvRKT_PAsrT1_6n_chan_12ap_shift_regINSA_10value_typeEXsrSD_8in_widthEERN3hls6streamIT0_53 (phireg) "/>
</bind>
</comp>

<comp id="830" class="1004" name="p_ZZN4nnet24compute_output_buffer_2dINS_5arrayI8ap_fixedILi16ELi6EL9ap_q_mode5EL9ap_o_mode3ELi0EELj4EEENS1_IS2_ILi39ELi19ELS3_5ELS4_3ELi0EELj4EEE7config4EEvRKT_PAsrT1_6n_chan_12ap_shift_regINSA_10value_typeEXsrSD_8in_widthEERN3hls6streamIT0_53_phi_fu_830">
<pin_list>
<pin id="831" dir="0" index="0" bw="16" slack="1"/>
<pin id="832" dir="0" index="1" bw="0" slack="2147483647"/>
<pin id="833" dir="0" index="2" bw="16" slack="0"/>
<pin id="834" dir="0" index="3" bw="0" slack="2147483647"/>
<pin id="835" dir="1" index="4" bw="16" slack="0"/>
</pin_list>
<bind>
<opcode="phi(47) " fcode="phi"/>
<opset="p_ZZN4nnet24compute_output_buffer_2dINS_5arrayI8ap_fixedILi16ELi6EL9ap_q_mode5EL9ap_o_mode3ELi0EELj4EEENS1_IS2_ILi39ELi19ELS3_5ELS4_3ELi0EELj4EEE7config4EEvRKT_PAsrT1_6n_chan_12ap_shift_regINSA_10value_typeEXsrSD_8in_widthEERN3hls6streamIT0_53/2 "/>
</bind>
</comp>

<comp id="838" class="1005" name="p_ZZN4nnet24compute_output_buffer_2dINS_5arrayI8ap_fixedILi16ELi6EL9ap_q_mode5EL9ap_o_mode3ELi0EELj4EEENS1_IS2_ILi39ELi19ELS3_5ELS4_3ELi0EELj4EEE7config4EEvRKT_PAsrT1_6n_chan_12ap_shift_regINSA_10value_typeEXsrSD_8in_widthEERN3hls6streamIT0_54_reg_838">
<pin_list>
<pin id="839" dir="0" index="0" bw="16" slack="0"/>
<pin id="840" dir="1" index="1" bw="16" slack="0"/>
</pin_list>
<bind>
<opset="p_ZZN4nnet24compute_output_buffer_2dINS_5arrayI8ap_fixedILi16ELi6EL9ap_q_mode5EL9ap_o_mode3ELi0EELj4EEENS1_IS2_ILi39ELi19ELS3_5ELS4_3ELi0EELj4EEE7config4EEvRKT_PAsrT1_6n_chan_12ap_shift_regINSA_10value_typeEXsrSD_8in_widthEERN3hls6streamIT0_54 (phireg) "/>
</bind>
</comp>

<comp id="842" class="1004" name="p_ZZN4nnet24compute_output_buffer_2dINS_5arrayI8ap_fixedILi16ELi6EL9ap_q_mode5EL9ap_o_mode3ELi0EELj4EEENS1_IS2_ILi39ELi19ELS3_5ELS4_3ELi0EELj4EEE7config4EEvRKT_PAsrT1_6n_chan_12ap_shift_regINSA_10value_typeEXsrSD_8in_widthEERN3hls6streamIT0_54_phi_fu_842">
<pin_list>
<pin id="843" dir="0" index="0" bw="16" slack="1"/>
<pin id="844" dir="0" index="1" bw="0" slack="2147483647"/>
<pin id="845" dir="0" index="2" bw="16" slack="0"/>
<pin id="846" dir="0" index="3" bw="0" slack="2147483647"/>
<pin id="847" dir="1" index="4" bw="16" slack="0"/>
</pin_list>
<bind>
<opcode="phi(47) " fcode="phi"/>
<opset="p_ZZN4nnet24compute_output_buffer_2dINS_5arrayI8ap_fixedILi16ELi6EL9ap_q_mode5EL9ap_o_mode3ELi0EELj4EEENS1_IS2_ILi39ELi19ELS3_5ELS4_3ELi0EELj4EEE7config4EEvRKT_PAsrT1_6n_chan_12ap_shift_regINSA_10value_typeEXsrSD_8in_widthEERN3hls6streamIT0_54/2 "/>
</bind>
</comp>

<comp id="850" class="1005" name="p_ZZN4nnet24compute_output_buffer_2dINS_5arrayI8ap_fixedILi16ELi6EL9ap_q_mode5EL9ap_o_mode3ELi0EELj4EEENS1_IS2_ILi39ELi19ELS3_5ELS4_3ELi0EELj4EEE7config4EEvRKT_PAsrT1_6n_chan_12ap_shift_regINSA_10value_typeEXsrSD_8in_widthEERN3hls6streamIT0_55_reg_850">
<pin_list>
<pin id="851" dir="0" index="0" bw="16" slack="0"/>
<pin id="852" dir="1" index="1" bw="16" slack="0"/>
</pin_list>
<bind>
<opset="p_ZZN4nnet24compute_output_buffer_2dINS_5arrayI8ap_fixedILi16ELi6EL9ap_q_mode5EL9ap_o_mode3ELi0EELj4EEENS1_IS2_ILi39ELi19ELS3_5ELS4_3ELi0EELj4EEE7config4EEvRKT_PAsrT1_6n_chan_12ap_shift_regINSA_10value_typeEXsrSD_8in_widthEERN3hls6streamIT0_55 (phireg) "/>
</bind>
</comp>

<comp id="854" class="1004" name="p_ZZN4nnet24compute_output_buffer_2dINS_5arrayI8ap_fixedILi16ELi6EL9ap_q_mode5EL9ap_o_mode3ELi0EELj4EEENS1_IS2_ILi39ELi19ELS3_5ELS4_3ELi0EELj4EEE7config4EEvRKT_PAsrT1_6n_chan_12ap_shift_regINSA_10value_typeEXsrSD_8in_widthEERN3hls6streamIT0_55_phi_fu_854">
<pin_list>
<pin id="855" dir="0" index="0" bw="16" slack="1"/>
<pin id="856" dir="0" index="1" bw="0" slack="2147483647"/>
<pin id="857" dir="0" index="2" bw="16" slack="0"/>
<pin id="858" dir="0" index="3" bw="0" slack="2147483647"/>
<pin id="859" dir="1" index="4" bw="16" slack="0"/>
</pin_list>
<bind>
<opcode="phi(47) " fcode="phi"/>
<opset="p_ZZN4nnet24compute_output_buffer_2dINS_5arrayI8ap_fixedILi16ELi6EL9ap_q_mode5EL9ap_o_mode3ELi0EELj4EEENS1_IS2_ILi39ELi19ELS3_5ELS4_3ELi0EELj4EEE7config4EEvRKT_PAsrT1_6n_chan_12ap_shift_regINSA_10value_typeEXsrSD_8in_widthEERN3hls6streamIT0_55/2 "/>
</bind>
</comp>

<comp id="862" class="1005" name="p_ZZN4nnet24compute_output_buffer_2dINS_5arrayI8ap_fixedILi16ELi6EL9ap_q_mode5EL9ap_o_mode3ELi0EELj4EEENS1_IS2_ILi39ELi19ELS3_5ELS4_3ELi0EELj4EEE7config4EEvRKT_PAsrT1_6n_chan_12ap_shift_regINSA_10value_typeEXsrSD_8in_widthEERN3hls6streamIT0_56_reg_862">
<pin_list>
<pin id="863" dir="0" index="0" bw="16" slack="0"/>
<pin id="864" dir="1" index="1" bw="16" slack="0"/>
</pin_list>
<bind>
<opset="p_ZZN4nnet24compute_output_buffer_2dINS_5arrayI8ap_fixedILi16ELi6EL9ap_q_mode5EL9ap_o_mode3ELi0EELj4EEENS1_IS2_ILi39ELi19ELS3_5ELS4_3ELi0EELj4EEE7config4EEvRKT_PAsrT1_6n_chan_12ap_shift_regINSA_10value_typeEXsrSD_8in_widthEERN3hls6streamIT0_56 (phireg) "/>
</bind>
</comp>

<comp id="866" class="1004" name="p_ZZN4nnet24compute_output_buffer_2dINS_5arrayI8ap_fixedILi16ELi6EL9ap_q_mode5EL9ap_o_mode3ELi0EELj4EEENS1_IS2_ILi39ELi19ELS3_5ELS4_3ELi0EELj4EEE7config4EEvRKT_PAsrT1_6n_chan_12ap_shift_regINSA_10value_typeEXsrSD_8in_widthEERN3hls6streamIT0_56_phi_fu_866">
<pin_list>
<pin id="867" dir="0" index="0" bw="16" slack="1"/>
<pin id="868" dir="0" index="1" bw="0" slack="2147483647"/>
<pin id="869" dir="0" index="2" bw="16" slack="0"/>
<pin id="870" dir="0" index="3" bw="0" slack="2147483647"/>
<pin id="871" dir="1" index="4" bw="16" slack="0"/>
</pin_list>
<bind>
<opcode="phi(47) " fcode="phi"/>
<opset="p_ZZN4nnet24compute_output_buffer_2dINS_5arrayI8ap_fixedILi16ELi6EL9ap_q_mode5EL9ap_o_mode3ELi0EELj4EEENS1_IS2_ILi39ELi19ELS3_5ELS4_3ELi0EELj4EEE7config4EEvRKT_PAsrT1_6n_chan_12ap_shift_regINSA_10value_typeEXsrSD_8in_widthEERN3hls6streamIT0_56/2 "/>
</bind>
</comp>

<comp id="874" class="1005" name="p_ZZN4nnet24compute_output_buffer_2dINS_5arrayI8ap_fixedILi16ELi6EL9ap_q_mode5EL9ap_o_mode3ELi0EELj4EEENS1_IS2_ILi39ELi19ELS3_5ELS4_3ELi0EELj4EEE7config4EEvRKT_PAsrT1_6n_chan_12ap_shift_regINSA_10value_typeEXsrSD_8in_widthEERN3hls6streamIT0_57_reg_874">
<pin_list>
<pin id="875" dir="0" index="0" bw="16" slack="0"/>
<pin id="876" dir="1" index="1" bw="16" slack="0"/>
</pin_list>
<bind>
<opset="p_ZZN4nnet24compute_output_buffer_2dINS_5arrayI8ap_fixedILi16ELi6EL9ap_q_mode5EL9ap_o_mode3ELi0EELj4EEENS1_IS2_ILi39ELi19ELS3_5ELS4_3ELi0EELj4EEE7config4EEvRKT_PAsrT1_6n_chan_12ap_shift_regINSA_10value_typeEXsrSD_8in_widthEERN3hls6streamIT0_57 (phireg) "/>
</bind>
</comp>

<comp id="878" class="1004" name="p_ZZN4nnet24compute_output_buffer_2dINS_5arrayI8ap_fixedILi16ELi6EL9ap_q_mode5EL9ap_o_mode3ELi0EELj4EEENS1_IS2_ILi39ELi19ELS3_5ELS4_3ELi0EELj4EEE7config4EEvRKT_PAsrT1_6n_chan_12ap_shift_regINSA_10value_typeEXsrSD_8in_widthEERN3hls6streamIT0_57_phi_fu_878">
<pin_list>
<pin id="879" dir="0" index="0" bw="16" slack="1"/>
<pin id="880" dir="0" index="1" bw="0" slack="2147483647"/>
<pin id="881" dir="0" index="2" bw="16" slack="0"/>
<pin id="882" dir="0" index="3" bw="0" slack="2147483647"/>
<pin id="883" dir="1" index="4" bw="16" slack="0"/>
</pin_list>
<bind>
<opcode="phi(47) " fcode="phi"/>
<opset="p_ZZN4nnet24compute_output_buffer_2dINS_5arrayI8ap_fixedILi16ELi6EL9ap_q_mode5EL9ap_o_mode3ELi0EELj4EEENS1_IS2_ILi39ELi19ELS3_5ELS4_3ELi0EELj4EEE7config4EEvRKT_PAsrT1_6n_chan_12ap_shift_regINSA_10value_typeEXsrSD_8in_widthEERN3hls6streamIT0_57/2 "/>
</bind>
</comp>

<comp id="886" class="1005" name="p_ZZN4nnet24compute_output_buffer_2dINS_5arrayI8ap_fixedILi16ELi6EL9ap_q_mode5EL9ap_o_mode3ELi0EELj4EEENS1_IS2_ILi39ELi19ELS3_5ELS4_3ELi0EELj4EEE7config4EEvRKT_PAsrT1_6n_chan_12ap_shift_regINSA_10value_typeEXsrSD_8in_widthEERN3hls6streamIT0_58_reg_886">
<pin_list>
<pin id="887" dir="0" index="0" bw="16" slack="0"/>
<pin id="888" dir="1" index="1" bw="16" slack="0"/>
</pin_list>
<bind>
<opset="p_ZZN4nnet24compute_output_buffer_2dINS_5arrayI8ap_fixedILi16ELi6EL9ap_q_mode5EL9ap_o_mode3ELi0EELj4EEENS1_IS2_ILi39ELi19ELS3_5ELS4_3ELi0EELj4EEE7config4EEvRKT_PAsrT1_6n_chan_12ap_shift_regINSA_10value_typeEXsrSD_8in_widthEERN3hls6streamIT0_58 (phireg) "/>
</bind>
</comp>

<comp id="890" class="1004" name="p_ZZN4nnet24compute_output_buffer_2dINS_5arrayI8ap_fixedILi16ELi6EL9ap_q_mode5EL9ap_o_mode3ELi0EELj4EEENS1_IS2_ILi39ELi19ELS3_5ELS4_3ELi0EELj4EEE7config4EEvRKT_PAsrT1_6n_chan_12ap_shift_regINSA_10value_typeEXsrSD_8in_widthEERN3hls6streamIT0_58_phi_fu_890">
<pin_list>
<pin id="891" dir="0" index="0" bw="16" slack="1"/>
<pin id="892" dir="0" index="1" bw="0" slack="2147483647"/>
<pin id="893" dir="0" index="2" bw="16" slack="0"/>
<pin id="894" dir="0" index="3" bw="0" slack="2147483647"/>
<pin id="895" dir="1" index="4" bw="16" slack="0"/>
</pin_list>
<bind>
<opcode="phi(47) " fcode="phi"/>
<opset="p_ZZN4nnet24compute_output_buffer_2dINS_5arrayI8ap_fixedILi16ELi6EL9ap_q_mode5EL9ap_o_mode3ELi0EELj4EEENS1_IS2_ILi39ELi19ELS3_5ELS4_3ELi0EELj4EEE7config4EEvRKT_PAsrT1_6n_chan_12ap_shift_regINSA_10value_typeEXsrSD_8in_widthEERN3hls6streamIT0_58/2 "/>
</bind>
</comp>

<comp id="898" class="1005" name="p_ZZN4nnet24compute_output_buffer_2dINS_5arrayI8ap_fixedILi16ELi6EL9ap_q_mode5EL9ap_o_mode3ELi0EELj4EEENS1_IS2_ILi39ELi19ELS3_5ELS4_3ELi0EELj4EEE7config4EEvRKT_PAsrT1_6n_chan_12ap_shift_regINSA_10value_typeEXsrSD_8in_widthEERN3hls6streamIT0_59_reg_898">
<pin_list>
<pin id="899" dir="0" index="0" bw="16" slack="0"/>
<pin id="900" dir="1" index="1" bw="16" slack="0"/>
</pin_list>
<bind>
<opset="p_ZZN4nnet24compute_output_buffer_2dINS_5arrayI8ap_fixedILi16ELi6EL9ap_q_mode5EL9ap_o_mode3ELi0EELj4EEENS1_IS2_ILi39ELi19ELS3_5ELS4_3ELi0EELj4EEE7config4EEvRKT_PAsrT1_6n_chan_12ap_shift_regINSA_10value_typeEXsrSD_8in_widthEERN3hls6streamIT0_59 (phireg) "/>
</bind>
</comp>

<comp id="902" class="1004" name="p_ZZN4nnet24compute_output_buffer_2dINS_5arrayI8ap_fixedILi16ELi6EL9ap_q_mode5EL9ap_o_mode3ELi0EELj4EEENS1_IS2_ILi39ELi19ELS3_5ELS4_3ELi0EELj4EEE7config4EEvRKT_PAsrT1_6n_chan_12ap_shift_regINSA_10value_typeEXsrSD_8in_widthEERN3hls6streamIT0_59_phi_fu_902">
<pin_list>
<pin id="903" dir="0" index="0" bw="16" slack="1"/>
<pin id="904" dir="0" index="1" bw="0" slack="2147483647"/>
<pin id="905" dir="0" index="2" bw="16" slack="0"/>
<pin id="906" dir="0" index="3" bw="0" slack="2147483647"/>
<pin id="907" dir="1" index="4" bw="16" slack="0"/>
</pin_list>
<bind>
<opcode="phi(47) " fcode="phi"/>
<opset="p_ZZN4nnet24compute_output_buffer_2dINS_5arrayI8ap_fixedILi16ELi6EL9ap_q_mode5EL9ap_o_mode3ELi0EELj4EEENS1_IS2_ILi39ELi19ELS3_5ELS4_3ELi0EELj4EEE7config4EEvRKT_PAsrT1_6n_chan_12ap_shift_regINSA_10value_typeEXsrSD_8in_widthEERN3hls6streamIT0_59/2 "/>
</bind>
</comp>

<comp id="910" class="1005" name="p_ZZN4nnet24compute_output_buffer_2dINS_5arrayI8ap_fixedILi16ELi6EL9ap_q_mode5EL9ap_o_mode3ELi0EELj4EEENS1_IS2_ILi39ELi19ELS3_5ELS4_3ELi0EELj4EEE7config4EEvRKT_PAsrT1_6n_chan_12ap_shift_regINSA_10value_typeEXsrSD_8in_widthEERN3hls6streamIT0_60_reg_910">
<pin_list>
<pin id="911" dir="0" index="0" bw="16" slack="0"/>
<pin id="912" dir="1" index="1" bw="16" slack="0"/>
</pin_list>
<bind>
<opset="p_ZZN4nnet24compute_output_buffer_2dINS_5arrayI8ap_fixedILi16ELi6EL9ap_q_mode5EL9ap_o_mode3ELi0EELj4EEENS1_IS2_ILi39ELi19ELS3_5ELS4_3ELi0EELj4EEE7config4EEvRKT_PAsrT1_6n_chan_12ap_shift_regINSA_10value_typeEXsrSD_8in_widthEERN3hls6streamIT0_60 (phireg) "/>
</bind>
</comp>

<comp id="914" class="1004" name="p_ZZN4nnet24compute_output_buffer_2dINS_5arrayI8ap_fixedILi16ELi6EL9ap_q_mode5EL9ap_o_mode3ELi0EELj4EEENS1_IS2_ILi39ELi19ELS3_5ELS4_3ELi0EELj4EEE7config4EEvRKT_PAsrT1_6n_chan_12ap_shift_regINSA_10value_typeEXsrSD_8in_widthEERN3hls6streamIT0_60_phi_fu_914">
<pin_list>
<pin id="915" dir="0" index="0" bw="16" slack="1"/>
<pin id="916" dir="0" index="1" bw="0" slack="2147483647"/>
<pin id="917" dir="0" index="2" bw="16" slack="0"/>
<pin id="918" dir="0" index="3" bw="0" slack="2147483647"/>
<pin id="919" dir="1" index="4" bw="16" slack="0"/>
</pin_list>
<bind>
<opcode="phi(47) " fcode="phi"/>
<opset="p_ZZN4nnet24compute_output_buffer_2dINS_5arrayI8ap_fixedILi16ELi6EL9ap_q_mode5EL9ap_o_mode3ELi0EELj4EEENS1_IS2_ILi39ELi19ELS3_5ELS4_3ELi0EELj4EEE7config4EEvRKT_PAsrT1_6n_chan_12ap_shift_regINSA_10value_typeEXsrSD_8in_widthEERN3hls6streamIT0_60/2 "/>
</bind>
</comp>

<comp id="922" class="1005" name="p_ZZN4nnet24compute_output_buffer_2dINS_5arrayI8ap_fixedILi16ELi6EL9ap_q_mode5EL9ap_o_mode3ELi0EELj4EEENS1_IS2_ILi39ELi19ELS3_5ELS4_3ELi0EELj4EEE7config4EEvRKT_PAsrT1_6n_chan_12ap_shift_regINSA_10value_typeEXsrSD_8in_widthEERN3hls6streamIT0_61_reg_922">
<pin_list>
<pin id="923" dir="0" index="0" bw="16" slack="0"/>
<pin id="924" dir="1" index="1" bw="16" slack="0"/>
</pin_list>
<bind>
<opset="p_ZZN4nnet24compute_output_buffer_2dINS_5arrayI8ap_fixedILi16ELi6EL9ap_q_mode5EL9ap_o_mode3ELi0EELj4EEENS1_IS2_ILi39ELi19ELS3_5ELS4_3ELi0EELj4EEE7config4EEvRKT_PAsrT1_6n_chan_12ap_shift_regINSA_10value_typeEXsrSD_8in_widthEERN3hls6streamIT0_61 (phireg) "/>
</bind>
</comp>

<comp id="926" class="1004" name="p_ZZN4nnet24compute_output_buffer_2dINS_5arrayI8ap_fixedILi16ELi6EL9ap_q_mode5EL9ap_o_mode3ELi0EELj4EEENS1_IS2_ILi39ELi19ELS3_5ELS4_3ELi0EELj4EEE7config4EEvRKT_PAsrT1_6n_chan_12ap_shift_regINSA_10value_typeEXsrSD_8in_widthEERN3hls6streamIT0_61_phi_fu_926">
<pin_list>
<pin id="927" dir="0" index="0" bw="16" slack="1"/>
<pin id="928" dir="0" index="1" bw="0" slack="2147483647"/>
<pin id="929" dir="0" index="2" bw="16" slack="0"/>
<pin id="930" dir="0" index="3" bw="0" slack="2147483647"/>
<pin id="931" dir="1" index="4" bw="16" slack="0"/>
</pin_list>
<bind>
<opcode="phi(47) " fcode="phi"/>
<opset="p_ZZN4nnet24compute_output_buffer_2dINS_5arrayI8ap_fixedILi16ELi6EL9ap_q_mode5EL9ap_o_mode3ELi0EELj4EEENS1_IS2_ILi39ELi19ELS3_5ELS4_3ELi0EELj4EEE7config4EEvRKT_PAsrT1_6n_chan_12ap_shift_regINSA_10value_typeEXsrSD_8in_widthEERN3hls6streamIT0_61/2 "/>
</bind>
</comp>

<comp id="934" class="1005" name="p_ZZN4nnet24compute_output_buffer_2dINS_5arrayI8ap_fixedILi16ELi6EL9ap_q_mode5EL9ap_o_mode3ELi0EELj4EEENS1_IS2_ILi39ELi19ELS3_5ELS4_3ELi0EELj4EEE7config4EEvRKT_PAsrT1_6n_chan_12ap_shift_regINSA_10value_typeEXsrSD_8in_widthEERN3hls6streamIT0_62_reg_934">
<pin_list>
<pin id="935" dir="0" index="0" bw="16" slack="0"/>
<pin id="936" dir="1" index="1" bw="16" slack="0"/>
</pin_list>
<bind>
<opset="p_ZZN4nnet24compute_output_buffer_2dINS_5arrayI8ap_fixedILi16ELi6EL9ap_q_mode5EL9ap_o_mode3ELi0EELj4EEENS1_IS2_ILi39ELi19ELS3_5ELS4_3ELi0EELj4EEE7config4EEvRKT_PAsrT1_6n_chan_12ap_shift_regINSA_10value_typeEXsrSD_8in_widthEERN3hls6streamIT0_62 (phireg) "/>
</bind>
</comp>

<comp id="938" class="1004" name="p_ZZN4nnet24compute_output_buffer_2dINS_5arrayI8ap_fixedILi16ELi6EL9ap_q_mode5EL9ap_o_mode3ELi0EELj4EEENS1_IS2_ILi39ELi19ELS3_5ELS4_3ELi0EELj4EEE7config4EEvRKT_PAsrT1_6n_chan_12ap_shift_regINSA_10value_typeEXsrSD_8in_widthEERN3hls6streamIT0_62_phi_fu_938">
<pin_list>
<pin id="939" dir="0" index="0" bw="16" slack="1"/>
<pin id="940" dir="0" index="1" bw="0" slack="2147483647"/>
<pin id="941" dir="0" index="2" bw="16" slack="0"/>
<pin id="942" dir="0" index="3" bw="0" slack="2147483647"/>
<pin id="943" dir="1" index="4" bw="16" slack="0"/>
</pin_list>
<bind>
<opcode="phi(47) " fcode="phi"/>
<opset="p_ZZN4nnet24compute_output_buffer_2dINS_5arrayI8ap_fixedILi16ELi6EL9ap_q_mode5EL9ap_o_mode3ELi0EELj4EEENS1_IS2_ILi39ELi19ELS3_5ELS4_3ELi0EELj4EEE7config4EEvRKT_PAsrT1_6n_chan_12ap_shift_regINSA_10value_typeEXsrSD_8in_widthEERN3hls6streamIT0_62/2 "/>
</bind>
</comp>

<comp id="946" class="1005" name="p_ZZN4nnet24compute_output_buffer_2dINS_5arrayI8ap_fixedILi16ELi6EL9ap_q_mode5EL9ap_o_mode3ELi0EELj4EEENS1_IS2_ILi39ELi19ELS3_5ELS4_3ELi0EELj4EEE7config4EEvRKT_PAsrT1_6n_chan_12ap_shift_regINSA_10value_typeEXsrSD_8in_widthEERN3hls6streamIT0_63_reg_946">
<pin_list>
<pin id="947" dir="0" index="0" bw="16" slack="0"/>
<pin id="948" dir="1" index="1" bw="16" slack="0"/>
</pin_list>
<bind>
<opset="p_ZZN4nnet24compute_output_buffer_2dINS_5arrayI8ap_fixedILi16ELi6EL9ap_q_mode5EL9ap_o_mode3ELi0EELj4EEENS1_IS2_ILi39ELi19ELS3_5ELS4_3ELi0EELj4EEE7config4EEvRKT_PAsrT1_6n_chan_12ap_shift_regINSA_10value_typeEXsrSD_8in_widthEERN3hls6streamIT0_63 (phireg) "/>
</bind>
</comp>

<comp id="950" class="1004" name="p_ZZN4nnet24compute_output_buffer_2dINS_5arrayI8ap_fixedILi16ELi6EL9ap_q_mode5EL9ap_o_mode3ELi0EELj4EEENS1_IS2_ILi39ELi19ELS3_5ELS4_3ELi0EELj4EEE7config4EEvRKT_PAsrT1_6n_chan_12ap_shift_regINSA_10value_typeEXsrSD_8in_widthEERN3hls6streamIT0_63_phi_fu_950">
<pin_list>
<pin id="951" dir="0" index="0" bw="16" slack="1"/>
<pin id="952" dir="0" index="1" bw="0" slack="2147483647"/>
<pin id="953" dir="0" index="2" bw="16" slack="0"/>
<pin id="954" dir="0" index="3" bw="0" slack="2147483647"/>
<pin id="955" dir="1" index="4" bw="16" slack="0"/>
</pin_list>
<bind>
<opcode="phi(47) " fcode="phi"/>
<opset="p_ZZN4nnet24compute_output_buffer_2dINS_5arrayI8ap_fixedILi16ELi6EL9ap_q_mode5EL9ap_o_mode3ELi0EELj4EEENS1_IS2_ILi39ELi19ELS3_5ELS4_3ELi0EELj4EEE7config4EEvRKT_PAsrT1_6n_chan_12ap_shift_regINSA_10value_typeEXsrSD_8in_widthEERN3hls6streamIT0_63/2 "/>
</bind>
</comp>

<comp id="958" class="1005" name="p_ZZN4nnet24compute_output_buffer_2dINS_5arrayI8ap_fixedILi16ELi6EL9ap_q_mode5EL9ap_o_mode3ELi0EELj4EEENS1_IS2_ILi39ELi19ELS3_5ELS4_3ELi0EELj4EEE7config4EEvRKT_PAsrT1_6n_chan_12ap_shift_regINSA_10value_typeEXsrSD_8in_widthEERN3hls6streamIT0_64_reg_958">
<pin_list>
<pin id="959" dir="0" index="0" bw="16" slack="0"/>
<pin id="960" dir="1" index="1" bw="16" slack="0"/>
</pin_list>
<bind>
<opset="p_ZZN4nnet24compute_output_buffer_2dINS_5arrayI8ap_fixedILi16ELi6EL9ap_q_mode5EL9ap_o_mode3ELi0EELj4EEENS1_IS2_ILi39ELi19ELS3_5ELS4_3ELi0EELj4EEE7config4EEvRKT_PAsrT1_6n_chan_12ap_shift_regINSA_10value_typeEXsrSD_8in_widthEERN3hls6streamIT0_64 (phireg) "/>
</bind>
</comp>

<comp id="962" class="1004" name="p_ZZN4nnet24compute_output_buffer_2dINS_5arrayI8ap_fixedILi16ELi6EL9ap_q_mode5EL9ap_o_mode3ELi0EELj4EEENS1_IS2_ILi39ELi19ELS3_5ELS4_3ELi0EELj4EEE7config4EEvRKT_PAsrT1_6n_chan_12ap_shift_regINSA_10value_typeEXsrSD_8in_widthEERN3hls6streamIT0_64_phi_fu_962">
<pin_list>
<pin id="963" dir="0" index="0" bw="16" slack="1"/>
<pin id="964" dir="0" index="1" bw="0" slack="2147483647"/>
<pin id="965" dir="0" index="2" bw="16" slack="0"/>
<pin id="966" dir="0" index="3" bw="0" slack="2147483647"/>
<pin id="967" dir="1" index="4" bw="16" slack="0"/>
</pin_list>
<bind>
<opcode="phi(47) " fcode="phi"/>
<opset="p_ZZN4nnet24compute_output_buffer_2dINS_5arrayI8ap_fixedILi16ELi6EL9ap_q_mode5EL9ap_o_mode3ELi0EELj4EEENS1_IS2_ILi39ELi19ELS3_5ELS4_3ELi0EELj4EEE7config4EEvRKT_PAsrT1_6n_chan_12ap_shift_regINSA_10value_typeEXsrSD_8in_widthEERN3hls6streamIT0_64/2 "/>
</bind>
</comp>

<comp id="970" class="1005" name="p_ZZN4nnet24compute_output_buffer_2dINS_5arrayI8ap_fixedILi16ELi6EL9ap_q_mode5EL9ap_o_mode3ELi0EELj4EEENS1_IS2_ILi39ELi19ELS3_5ELS4_3ELi0EELj4EEE7config4EEvRKT_PAsrT1_6n_chan_12ap_shift_regINSA_10value_typeEXsrSD_8in_widthEERN3hls6streamIT0_65_reg_970">
<pin_list>
<pin id="971" dir="0" index="0" bw="16" slack="0"/>
<pin id="972" dir="1" index="1" bw="16" slack="0"/>
</pin_list>
<bind>
<opset="p_ZZN4nnet24compute_output_buffer_2dINS_5arrayI8ap_fixedILi16ELi6EL9ap_q_mode5EL9ap_o_mode3ELi0EELj4EEENS1_IS2_ILi39ELi19ELS3_5ELS4_3ELi0EELj4EEE7config4EEvRKT_PAsrT1_6n_chan_12ap_shift_regINSA_10value_typeEXsrSD_8in_widthEERN3hls6streamIT0_65 (phireg) "/>
</bind>
</comp>

<comp id="974" class="1004" name="p_ZZN4nnet24compute_output_buffer_2dINS_5arrayI8ap_fixedILi16ELi6EL9ap_q_mode5EL9ap_o_mode3ELi0EELj4EEENS1_IS2_ILi39ELi19ELS3_5ELS4_3ELi0EELj4EEE7config4EEvRKT_PAsrT1_6n_chan_12ap_shift_regINSA_10value_typeEXsrSD_8in_widthEERN3hls6streamIT0_65_phi_fu_974">
<pin_list>
<pin id="975" dir="0" index="0" bw="16" slack="1"/>
<pin id="976" dir="0" index="1" bw="0" slack="2147483647"/>
<pin id="977" dir="0" index="2" bw="16" slack="0"/>
<pin id="978" dir="0" index="3" bw="0" slack="2147483647"/>
<pin id="979" dir="1" index="4" bw="16" slack="0"/>
</pin_list>
<bind>
<opcode="phi(47) " fcode="phi"/>
<opset="p_ZZN4nnet24compute_output_buffer_2dINS_5arrayI8ap_fixedILi16ELi6EL9ap_q_mode5EL9ap_o_mode3ELi0EELj4EEENS1_IS2_ILi39ELi19ELS3_5ELS4_3ELi0EELj4EEE7config4EEvRKT_PAsrT1_6n_chan_12ap_shift_regINSA_10value_typeEXsrSD_8in_widthEERN3hls6streamIT0_65/2 "/>
</bind>
</comp>

<comp id="982" class="1005" name="p_ZZN4nnet24compute_output_buffer_2dINS_5arrayI8ap_fixedILi16ELi6EL9ap_q_mode5EL9ap_o_mode3ELi0EELj4EEENS1_IS2_ILi39ELi19ELS3_5ELS4_3ELi0EELj4EEE7config4EEvRKT_PAsrT1_6n_chan_12ap_shift_regINSA_10value_typeEXsrSD_8in_widthEERN3hls6streamIT0_66_reg_982">
<pin_list>
<pin id="983" dir="0" index="0" bw="16" slack="0"/>
<pin id="984" dir="1" index="1" bw="16" slack="0"/>
</pin_list>
<bind>
<opset="p_ZZN4nnet24compute_output_buffer_2dINS_5arrayI8ap_fixedILi16ELi6EL9ap_q_mode5EL9ap_o_mode3ELi0EELj4EEENS1_IS2_ILi39ELi19ELS3_5ELS4_3ELi0EELj4EEE7config4EEvRKT_PAsrT1_6n_chan_12ap_shift_regINSA_10value_typeEXsrSD_8in_widthEERN3hls6streamIT0_66 (phireg) "/>
</bind>
</comp>

<comp id="986" class="1004" name="p_ZZN4nnet24compute_output_buffer_2dINS_5arrayI8ap_fixedILi16ELi6EL9ap_q_mode5EL9ap_o_mode3ELi0EELj4EEENS1_IS2_ILi39ELi19ELS3_5ELS4_3ELi0EELj4EEE7config4EEvRKT_PAsrT1_6n_chan_12ap_shift_regINSA_10value_typeEXsrSD_8in_widthEERN3hls6streamIT0_66_phi_fu_986">
<pin_list>
<pin id="987" dir="0" index="0" bw="16" slack="1"/>
<pin id="988" dir="0" index="1" bw="0" slack="2147483647"/>
<pin id="989" dir="0" index="2" bw="16" slack="0"/>
<pin id="990" dir="0" index="3" bw="0" slack="2147483647"/>
<pin id="991" dir="1" index="4" bw="16" slack="0"/>
</pin_list>
<bind>
<opcode="phi(47) " fcode="phi"/>
<opset="p_ZZN4nnet24compute_output_buffer_2dINS_5arrayI8ap_fixedILi16ELi6EL9ap_q_mode5EL9ap_o_mode3ELi0EELj4EEENS1_IS2_ILi39ELi19ELS3_5ELS4_3ELi0EELj4EEE7config4EEvRKT_PAsrT1_6n_chan_12ap_shift_regINSA_10value_typeEXsrSD_8in_widthEERN3hls6streamIT0_66/2 "/>
</bind>
</comp>

<comp id="994" class="1005" name="p_ZZN4nnet24compute_output_buffer_2dINS_5arrayI8ap_fixedILi16ELi6EL9ap_q_mode5EL9ap_o_mode3ELi0EELj4EEENS1_IS2_ILi39ELi19ELS3_5ELS4_3ELi0EELj4EEE7config4EEvRKT_PAsrT1_6n_chan_12ap_shift_regINSA_10value_typeEXsrSD_8in_widthEERN3hls6streamIT0_67_reg_994">
<pin_list>
<pin id="995" dir="0" index="0" bw="16" slack="0"/>
<pin id="996" dir="1" index="1" bw="16" slack="0"/>
</pin_list>
<bind>
<opset="p_ZZN4nnet24compute_output_buffer_2dINS_5arrayI8ap_fixedILi16ELi6EL9ap_q_mode5EL9ap_o_mode3ELi0EELj4EEENS1_IS2_ILi39ELi19ELS3_5ELS4_3ELi0EELj4EEE7config4EEvRKT_PAsrT1_6n_chan_12ap_shift_regINSA_10value_typeEXsrSD_8in_widthEERN3hls6streamIT0_67 (phireg) "/>
</bind>
</comp>

<comp id="998" class="1004" name="p_ZZN4nnet24compute_output_buffer_2dINS_5arrayI8ap_fixedILi16ELi6EL9ap_q_mode5EL9ap_o_mode3ELi0EELj4EEENS1_IS2_ILi39ELi19ELS3_5ELS4_3ELi0EELj4EEE7config4EEvRKT_PAsrT1_6n_chan_12ap_shift_regINSA_10value_typeEXsrSD_8in_widthEERN3hls6streamIT0_67_phi_fu_998">
<pin_list>
<pin id="999" dir="0" index="0" bw="16" slack="1"/>
<pin id="1000" dir="0" index="1" bw="0" slack="2147483647"/>
<pin id="1001" dir="0" index="2" bw="16" slack="0"/>
<pin id="1002" dir="0" index="3" bw="0" slack="2147483647"/>
<pin id="1003" dir="1" index="4" bw="16" slack="0"/>
</pin_list>
<bind>
<opcode="phi(47) " fcode="phi"/>
<opset="p_ZZN4nnet24compute_output_buffer_2dINS_5arrayI8ap_fixedILi16ELi6EL9ap_q_mode5EL9ap_o_mode3ELi0EELj4EEENS1_IS2_ILi39ELi19ELS3_5ELS4_3ELi0EELj4EEE7config4EEvRKT_PAsrT1_6n_chan_12ap_shift_regINSA_10value_typeEXsrSD_8in_widthEERN3hls6streamIT0_67/2 "/>
</bind>
</comp>

<comp id="1006" class="1005" name="p_ZZN4nnet24compute_output_buffer_2dINS_5arrayI8ap_fixedILi16ELi6EL9ap_q_mode5EL9ap_o_mode3ELi0EELj4EEENS1_IS2_ILi39ELi19ELS3_5ELS4_3ELi0EELj4EEE7config4EEvRKT_PAsrT1_6n_chan_12ap_shift_regINSA_10value_typeEXsrSD_8in_widthEERN3hls6streamIT0_68_reg_1006">
<pin_list>
<pin id="1007" dir="0" index="0" bw="16" slack="0"/>
<pin id="1008" dir="1" index="1" bw="16" slack="0"/>
</pin_list>
<bind>
<opset="p_ZZN4nnet24compute_output_buffer_2dINS_5arrayI8ap_fixedILi16ELi6EL9ap_q_mode5EL9ap_o_mode3ELi0EELj4EEENS1_IS2_ILi39ELi19ELS3_5ELS4_3ELi0EELj4EEE7config4EEvRKT_PAsrT1_6n_chan_12ap_shift_regINSA_10value_typeEXsrSD_8in_widthEERN3hls6streamIT0_68 (phireg) "/>
</bind>
</comp>

<comp id="1010" class="1004" name="p_ZZN4nnet24compute_output_buffer_2dINS_5arrayI8ap_fixedILi16ELi6EL9ap_q_mode5EL9ap_o_mode3ELi0EELj4EEENS1_IS2_ILi39ELi19ELS3_5ELS4_3ELi0EELj4EEE7config4EEvRKT_PAsrT1_6n_chan_12ap_shift_regINSA_10value_typeEXsrSD_8in_widthEERN3hls6streamIT0_68_phi_fu_1010">
<pin_list>
<pin id="1011" dir="0" index="0" bw="16" slack="1"/>
<pin id="1012" dir="0" index="1" bw="0" slack="2147483647"/>
<pin id="1013" dir="0" index="2" bw="16" slack="0"/>
<pin id="1014" dir="0" index="3" bw="0" slack="2147483647"/>
<pin id="1015" dir="1" index="4" bw="16" slack="0"/>
</pin_list>
<bind>
<opcode="phi(47) " fcode="phi"/>
<opset="p_ZZN4nnet24compute_output_buffer_2dINS_5arrayI8ap_fixedILi16ELi6EL9ap_q_mode5EL9ap_o_mode3ELi0EELj4EEENS1_IS2_ILi39ELi19ELS3_5ELS4_3ELi0EELj4EEE7config4EEvRKT_PAsrT1_6n_chan_12ap_shift_regINSA_10value_typeEXsrSD_8in_widthEERN3hls6streamIT0_68/2 "/>
</bind>
</comp>

<comp id="1018" class="1005" name="p_ZZN4nnet24compute_output_buffer_2dINS_5arrayI8ap_fixedILi16ELi6EL9ap_q_mode5EL9ap_o_mode3ELi0EELj4EEENS1_IS2_ILi39ELi19ELS3_5ELS4_3ELi0EELj4EEE7config4EEvRKT_PAsrT1_6n_chan_12ap_shift_regINSA_10value_typeEXsrSD_8in_widthEERN3hls6streamIT0_69_reg_1018">
<pin_list>
<pin id="1019" dir="0" index="0" bw="16" slack="0"/>
<pin id="1020" dir="1" index="1" bw="16" slack="0"/>
</pin_list>
<bind>
<opset="p_ZZN4nnet24compute_output_buffer_2dINS_5arrayI8ap_fixedILi16ELi6EL9ap_q_mode5EL9ap_o_mode3ELi0EELj4EEENS1_IS2_ILi39ELi19ELS3_5ELS4_3ELi0EELj4EEE7config4EEvRKT_PAsrT1_6n_chan_12ap_shift_regINSA_10value_typeEXsrSD_8in_widthEERN3hls6streamIT0_69 (phireg) "/>
</bind>
</comp>

<comp id="1022" class="1004" name="p_ZZN4nnet24compute_output_buffer_2dINS_5arrayI8ap_fixedILi16ELi6EL9ap_q_mode5EL9ap_o_mode3ELi0EELj4EEENS1_IS2_ILi39ELi19ELS3_5ELS4_3ELi0EELj4EEE7config4EEvRKT_PAsrT1_6n_chan_12ap_shift_regINSA_10value_typeEXsrSD_8in_widthEERN3hls6streamIT0_69_phi_fu_1022">
<pin_list>
<pin id="1023" dir="0" index="0" bw="16" slack="1"/>
<pin id="1024" dir="0" index="1" bw="0" slack="2147483647"/>
<pin id="1025" dir="0" index="2" bw="16" slack="0"/>
<pin id="1026" dir="0" index="3" bw="0" slack="2147483647"/>
<pin id="1027" dir="1" index="4" bw="16" slack="0"/>
</pin_list>
<bind>
<opcode="phi(47) " fcode="phi"/>
<opset="p_ZZN4nnet24compute_output_buffer_2dINS_5arrayI8ap_fixedILi16ELi6EL9ap_q_mode5EL9ap_o_mode3ELi0EELj4EEENS1_IS2_ILi39ELi19ELS3_5ELS4_3ELi0EELj4EEE7config4EEvRKT_PAsrT1_6n_chan_12ap_shift_regINSA_10value_typeEXsrSD_8in_widthEERN3hls6streamIT0_69/2 "/>
</bind>
</comp>

<comp id="1030" class="1005" name="void_compute_output_buffer_2d_array_array_ap_fixed_4u_config4_array_ap_fixed_16_6_5_3_0_4u_const_ap_shift_reg_value_type_in_width_n_chan_stream_array_ap_fixed_39_19_5_3_0_4u_0_weight_t_bias_t_kernel_data_load_phi_reg_1030">
<pin_list>
<pin id="1031" dir="0" index="0" bw="16" slack="0"/>
<pin id="1032" dir="1" index="1" bw="16" slack="0"/>
</pin_list>
<bind>
<opset="void_compute_output_buffer_2d_array_array_ap_fixed_4u_config4_array_ap_fixed_16_6_5_3_0_4u_const_ap_shift_reg_value_type_in_width_n_chan_stream_array_ap_fixed_39_19_5_3_0_4u_0_weight_t_bias_t_kernel_data_load_phi (phireg) "/>
</bind>
</comp>

<comp id="1034" class="1004" name="void_compute_output_buffer_2d_array_array_ap_fixed_4u_config4_array_ap_fixed_16_6_5_3_0_4u_const_ap_shift_reg_value_type_in_width_n_chan_stream_array_ap_fixed_39_19_5_3_0_4u_0_weight_t_bias_t_kernel_data_load_phi_phi_fu_1034">
<pin_list>
<pin id="1035" dir="0" index="0" bw="16" slack="1"/>
<pin id="1036" dir="0" index="1" bw="0" slack="2147483647"/>
<pin id="1037" dir="0" index="2" bw="16" slack="0"/>
<pin id="1038" dir="0" index="3" bw="0" slack="2147483647"/>
<pin id="1039" dir="1" index="4" bw="16" slack="0"/>
</pin_list>
<bind>
<opcode="phi(47) " fcode="phi"/>
<opset="void_compute_output_buffer_2d_array_array_ap_fixed_4u_config4_array_ap_fixed_16_6_5_3_0_4u_const_ap_shift_reg_value_type_in_width_n_chan_stream_array_ap_fixed_39_19_5_3_0_4u_0_weight_t_bias_t_kernel_data_load_phi/2 "/>
</bind>
</comp>

<comp id="1042" class="1005" name="void_compute_output_buffer_2d_array_array_ap_fixed_4u_config4_array_ap_fixed_16_6_5_3_0_4u_const_ap_shift_reg_value_type_in_width_n_chan_stream_array_ap_fixed_39_19_5_3_0_4u_0_weight_t_bias_t_kernel_data_1_load_phi_reg_1042">
<pin_list>
<pin id="1043" dir="0" index="0" bw="16" slack="0"/>
<pin id="1044" dir="1" index="1" bw="16" slack="0"/>
</pin_list>
<bind>
<opset="void_compute_output_buffer_2d_array_array_ap_fixed_4u_config4_array_ap_fixed_16_6_5_3_0_4u_const_ap_shift_reg_value_type_in_width_n_chan_stream_array_ap_fixed_39_19_5_3_0_4u_0_weight_t_bias_t_kernel_data_1_load_phi (phireg) "/>
</bind>
</comp>

<comp id="1046" class="1004" name="void_compute_output_buffer_2d_array_array_ap_fixed_4u_config4_array_ap_fixed_16_6_5_3_0_4u_const_ap_shift_reg_value_type_in_width_n_chan_stream_array_ap_fixed_39_19_5_3_0_4u_0_weight_t_bias_t_kernel_data_1_load_phi_phi_fu_1046">
<pin_list>
<pin id="1047" dir="0" index="0" bw="16" slack="1"/>
<pin id="1048" dir="0" index="1" bw="0" slack="2147483647"/>
<pin id="1049" dir="0" index="2" bw="16" slack="0"/>
<pin id="1050" dir="0" index="3" bw="0" slack="2147483647"/>
<pin id="1051" dir="1" index="4" bw="16" slack="0"/>
</pin_list>
<bind>
<opcode="phi(47) " fcode="phi"/>
<opset="void_compute_output_buffer_2d_array_array_ap_fixed_4u_config4_array_ap_fixed_16_6_5_3_0_4u_const_ap_shift_reg_value_type_in_width_n_chan_stream_array_ap_fixed_39_19_5_3_0_4u_0_weight_t_bias_t_kernel_data_1_load_phi/2 "/>
</bind>
</comp>

<comp id="1054" class="1005" name="void_compute_output_buffer_2d_array_array_ap_fixed_4u_config4_array_ap_fixed_16_6_5_3_0_4u_const_ap_shift_reg_value_type_in_width_n_chan_stream_array_ap_fixed_39_19_5_3_0_4u_0_weight_t_bias_t_kernel_data_2_load_phi_reg_1054">
<pin_list>
<pin id="1055" dir="0" index="0" bw="16" slack="0"/>
<pin id="1056" dir="1" index="1" bw="16" slack="0"/>
</pin_list>
<bind>
<opset="void_compute_output_buffer_2d_array_array_ap_fixed_4u_config4_array_ap_fixed_16_6_5_3_0_4u_const_ap_shift_reg_value_type_in_width_n_chan_stream_array_ap_fixed_39_19_5_3_0_4u_0_weight_t_bias_t_kernel_data_2_load_phi (phireg) "/>
</bind>
</comp>

<comp id="1058" class="1004" name="void_compute_output_buffer_2d_array_array_ap_fixed_4u_config4_array_ap_fixed_16_6_5_3_0_4u_const_ap_shift_reg_value_type_in_width_n_chan_stream_array_ap_fixed_39_19_5_3_0_4u_0_weight_t_bias_t_kernel_data_2_load_phi_phi_fu_1058">
<pin_list>
<pin id="1059" dir="0" index="0" bw="16" slack="1"/>
<pin id="1060" dir="0" index="1" bw="0" slack="2147483647"/>
<pin id="1061" dir="0" index="2" bw="16" slack="0"/>
<pin id="1062" dir="0" index="3" bw="0" slack="2147483647"/>
<pin id="1063" dir="1" index="4" bw="16" slack="0"/>
</pin_list>
<bind>
<opcode="phi(47) " fcode="phi"/>
<opset="void_compute_output_buffer_2d_array_array_ap_fixed_4u_config4_array_ap_fixed_16_6_5_3_0_4u_const_ap_shift_reg_value_type_in_width_n_chan_stream_array_ap_fixed_39_19_5_3_0_4u_0_weight_t_bias_t_kernel_data_2_load_phi/2 "/>
</bind>
</comp>

<comp id="1066" class="1005" name="void_compute_output_buffer_2d_array_array_ap_fixed_4u_config4_array_ap_fixed_16_6_5_3_0_4u_const_ap_shift_reg_value_type_in_width_n_chan_stream_array_ap_fixed_39_19_5_3_0_4u_0_weight_t_bias_t_kernel_data_3_load_phi_reg_1066">
<pin_list>
<pin id="1067" dir="0" index="0" bw="16" slack="0"/>
<pin id="1068" dir="1" index="1" bw="16" slack="0"/>
</pin_list>
<bind>
<opset="void_compute_output_buffer_2d_array_array_ap_fixed_4u_config4_array_ap_fixed_16_6_5_3_0_4u_const_ap_shift_reg_value_type_in_width_n_chan_stream_array_ap_fixed_39_19_5_3_0_4u_0_weight_t_bias_t_kernel_data_3_load_phi (phireg) "/>
</bind>
</comp>

<comp id="1070" class="1004" name="void_compute_output_buffer_2d_array_array_ap_fixed_4u_config4_array_ap_fixed_16_6_5_3_0_4u_const_ap_shift_reg_value_type_in_width_n_chan_stream_array_ap_fixed_39_19_5_3_0_4u_0_weight_t_bias_t_kernel_data_3_load_phi_phi_fu_1070">
<pin_list>
<pin id="1071" dir="0" index="0" bw="16" slack="1"/>
<pin id="1072" dir="0" index="1" bw="0" slack="2147483647"/>
<pin id="1073" dir="0" index="2" bw="16" slack="0"/>
<pin id="1074" dir="0" index="3" bw="0" slack="2147483647"/>
<pin id="1075" dir="1" index="4" bw="16" slack="0"/>
</pin_list>
<bind>
<opcode="phi(47) " fcode="phi"/>
<opset="void_compute_output_buffer_2d_array_array_ap_fixed_4u_config4_array_ap_fixed_16_6_5_3_0_4u_const_ap_shift_reg_value_type_in_width_n_chan_stream_array_ap_fixed_39_19_5_3_0_4u_0_weight_t_bias_t_kernel_data_3_load_phi/2 "/>
</bind>
</comp>

<comp id="1078" class="1005" name="void_compute_output_buffer_2d_array_array_ap_fixed_4u_config4_array_ap_fixed_16_6_5_3_0_4u_const_ap_shift_reg_value_type_in_width_n_chan_stream_array_ap_fixed_39_19_5_3_0_4u_0_weight_t_bias_t_kernel_data_4_load_phi_reg_1078">
<pin_list>
<pin id="1079" dir="0" index="0" bw="16" slack="0"/>
<pin id="1080" dir="1" index="1" bw="16" slack="0"/>
</pin_list>
<bind>
<opset="void_compute_output_buffer_2d_array_array_ap_fixed_4u_config4_array_ap_fixed_16_6_5_3_0_4u_const_ap_shift_reg_value_type_in_width_n_chan_stream_array_ap_fixed_39_19_5_3_0_4u_0_weight_t_bias_t_kernel_data_4_load_phi (phireg) "/>
</bind>
</comp>

<comp id="1082" class="1004" name="void_compute_output_buffer_2d_array_array_ap_fixed_4u_config4_array_ap_fixed_16_6_5_3_0_4u_const_ap_shift_reg_value_type_in_width_n_chan_stream_array_ap_fixed_39_19_5_3_0_4u_0_weight_t_bias_t_kernel_data_4_load_phi_phi_fu_1082">
<pin_list>
<pin id="1083" dir="0" index="0" bw="16" slack="1"/>
<pin id="1084" dir="0" index="1" bw="0" slack="2147483647"/>
<pin id="1085" dir="0" index="2" bw="16" slack="0"/>
<pin id="1086" dir="0" index="3" bw="0" slack="2147483647"/>
<pin id="1087" dir="1" index="4" bw="16" slack="0"/>
</pin_list>
<bind>
<opcode="phi(47) " fcode="phi"/>
<opset="void_compute_output_buffer_2d_array_array_ap_fixed_4u_config4_array_ap_fixed_16_6_5_3_0_4u_const_ap_shift_reg_value_type_in_width_n_chan_stream_array_ap_fixed_39_19_5_3_0_4u_0_weight_t_bias_t_kernel_data_4_load_phi/2 "/>
</bind>
</comp>

<comp id="1090" class="1005" name="void_compute_output_buffer_2d_array_array_ap_fixed_4u_config4_array_ap_fixed_16_6_5_3_0_4u_const_ap_shift_reg_value_type_in_width_n_chan_stream_array_ap_fixed_39_19_5_3_0_4u_0_weight_t_bias_t_kernel_data_5_load_phi_reg_1090">
<pin_list>
<pin id="1091" dir="0" index="0" bw="16" slack="0"/>
<pin id="1092" dir="1" index="1" bw="16" slack="0"/>
</pin_list>
<bind>
<opset="void_compute_output_buffer_2d_array_array_ap_fixed_4u_config4_array_ap_fixed_16_6_5_3_0_4u_const_ap_shift_reg_value_type_in_width_n_chan_stream_array_ap_fixed_39_19_5_3_0_4u_0_weight_t_bias_t_kernel_data_5_load_phi (phireg) "/>
</bind>
</comp>

<comp id="1094" class="1004" name="void_compute_output_buffer_2d_array_array_ap_fixed_4u_config4_array_ap_fixed_16_6_5_3_0_4u_const_ap_shift_reg_value_type_in_width_n_chan_stream_array_ap_fixed_39_19_5_3_0_4u_0_weight_t_bias_t_kernel_data_5_load_phi_phi_fu_1094">
<pin_list>
<pin id="1095" dir="0" index="0" bw="16" slack="1"/>
<pin id="1096" dir="0" index="1" bw="0" slack="2147483647"/>
<pin id="1097" dir="0" index="2" bw="16" slack="0"/>
<pin id="1098" dir="0" index="3" bw="0" slack="2147483647"/>
<pin id="1099" dir="1" index="4" bw="16" slack="0"/>
</pin_list>
<bind>
<opcode="phi(47) " fcode="phi"/>
<opset="void_compute_output_buffer_2d_array_array_ap_fixed_4u_config4_array_ap_fixed_16_6_5_3_0_4u_const_ap_shift_reg_value_type_in_width_n_chan_stream_array_ap_fixed_39_19_5_3_0_4u_0_weight_t_bias_t_kernel_data_5_load_phi/2 "/>
</bind>
</comp>

<comp id="1102" class="1005" name="void_compute_output_buffer_2d_array_array_ap_fixed_4u_config4_array_ap_fixed_16_6_5_3_0_4u_const_ap_shift_reg_value_type_in_width_n_chan_stream_array_ap_fixed_39_19_5_3_0_4u_0_weight_t_bias_t_kernel_data_6_load_phi_reg_1102">
<pin_list>
<pin id="1103" dir="0" index="0" bw="16" slack="0"/>
<pin id="1104" dir="1" index="1" bw="16" slack="0"/>
</pin_list>
<bind>
<opset="void_compute_output_buffer_2d_array_array_ap_fixed_4u_config4_array_ap_fixed_16_6_5_3_0_4u_const_ap_shift_reg_value_type_in_width_n_chan_stream_array_ap_fixed_39_19_5_3_0_4u_0_weight_t_bias_t_kernel_data_6_load_phi (phireg) "/>
</bind>
</comp>

<comp id="1106" class="1004" name="void_compute_output_buffer_2d_array_array_ap_fixed_4u_config4_array_ap_fixed_16_6_5_3_0_4u_const_ap_shift_reg_value_type_in_width_n_chan_stream_array_ap_fixed_39_19_5_3_0_4u_0_weight_t_bias_t_kernel_data_6_load_phi_phi_fu_1106">
<pin_list>
<pin id="1107" dir="0" index="0" bw="16" slack="1"/>
<pin id="1108" dir="0" index="1" bw="0" slack="2147483647"/>
<pin id="1109" dir="0" index="2" bw="16" slack="0"/>
<pin id="1110" dir="0" index="3" bw="0" slack="2147483647"/>
<pin id="1111" dir="1" index="4" bw="16" slack="0"/>
</pin_list>
<bind>
<opcode="phi(47) " fcode="phi"/>
<opset="void_compute_output_buffer_2d_array_array_ap_fixed_4u_config4_array_ap_fixed_16_6_5_3_0_4u_const_ap_shift_reg_value_type_in_width_n_chan_stream_array_ap_fixed_39_19_5_3_0_4u_0_weight_t_bias_t_kernel_data_6_load_phi/2 "/>
</bind>
</comp>

<comp id="1114" class="1005" name="void_compute_output_buffer_2d_array_array_ap_fixed_4u_config4_array_ap_fixed_16_6_5_3_0_4u_const_ap_shift_reg_value_type_in_width_n_chan_stream_array_ap_fixed_39_19_5_3_0_4u_0_weight_t_bias_t_kernel_data_7_load_phi_reg_1114">
<pin_list>
<pin id="1115" dir="0" index="0" bw="16" slack="0"/>
<pin id="1116" dir="1" index="1" bw="16" slack="0"/>
</pin_list>
<bind>
<opset="void_compute_output_buffer_2d_array_array_ap_fixed_4u_config4_array_ap_fixed_16_6_5_3_0_4u_const_ap_shift_reg_value_type_in_width_n_chan_stream_array_ap_fixed_39_19_5_3_0_4u_0_weight_t_bias_t_kernel_data_7_load_phi (phireg) "/>
</bind>
</comp>

<comp id="1118" class="1004" name="void_compute_output_buffer_2d_array_array_ap_fixed_4u_config4_array_ap_fixed_16_6_5_3_0_4u_const_ap_shift_reg_value_type_in_width_n_chan_stream_array_ap_fixed_39_19_5_3_0_4u_0_weight_t_bias_t_kernel_data_7_load_phi_phi_fu_1118">
<pin_list>
<pin id="1119" dir="0" index="0" bw="16" slack="1"/>
<pin id="1120" dir="0" index="1" bw="0" slack="2147483647"/>
<pin id="1121" dir="0" index="2" bw="16" slack="0"/>
<pin id="1122" dir="0" index="3" bw="0" slack="2147483647"/>
<pin id="1123" dir="1" index="4" bw="16" slack="0"/>
</pin_list>
<bind>
<opcode="phi(47) " fcode="phi"/>
<opset="void_compute_output_buffer_2d_array_array_ap_fixed_4u_config4_array_ap_fixed_16_6_5_3_0_4u_const_ap_shift_reg_value_type_in_width_n_chan_stream_array_ap_fixed_39_19_5_3_0_4u_0_weight_t_bias_t_kernel_data_7_load_phi/2 "/>
</bind>
</comp>

<comp id="1126" class="1005" name="void_compute_output_buffer_2d_array_array_ap_fixed_4u_config4_array_ap_fixed_16_6_5_3_0_4u_const_ap_shift_reg_value_type_in_width_n_chan_stream_array_ap_fixed_39_19_5_3_0_4u_0_weight_t_bias_t_kernel_data_8_load_phi_reg_1126">
<pin_list>
<pin id="1127" dir="0" index="0" bw="16" slack="0"/>
<pin id="1128" dir="1" index="1" bw="16" slack="0"/>
</pin_list>
<bind>
<opset="void_compute_output_buffer_2d_array_array_ap_fixed_4u_config4_array_ap_fixed_16_6_5_3_0_4u_const_ap_shift_reg_value_type_in_width_n_chan_stream_array_ap_fixed_39_19_5_3_0_4u_0_weight_t_bias_t_kernel_data_8_load_phi (phireg) "/>
</bind>
</comp>

<comp id="1130" class="1004" name="void_compute_output_buffer_2d_array_array_ap_fixed_4u_config4_array_ap_fixed_16_6_5_3_0_4u_const_ap_shift_reg_value_type_in_width_n_chan_stream_array_ap_fixed_39_19_5_3_0_4u_0_weight_t_bias_t_kernel_data_8_load_phi_phi_fu_1130">
<pin_list>
<pin id="1131" dir="0" index="0" bw="16" slack="1"/>
<pin id="1132" dir="0" index="1" bw="0" slack="2147483647"/>
<pin id="1133" dir="0" index="2" bw="16" slack="0"/>
<pin id="1134" dir="0" index="3" bw="0" slack="2147483647"/>
<pin id="1135" dir="1" index="4" bw="16" slack="0"/>
</pin_list>
<bind>
<opcode="phi(47) " fcode="phi"/>
<opset="void_compute_output_buffer_2d_array_array_ap_fixed_4u_config4_array_ap_fixed_16_6_5_3_0_4u_const_ap_shift_reg_value_type_in_width_n_chan_stream_array_ap_fixed_39_19_5_3_0_4u_0_weight_t_bias_t_kernel_data_8_load_phi/2 "/>
</bind>
</comp>

<comp id="1138" class="1005" name="void_compute_output_buffer_2d_array_array_ap_fixed_4u_config4_array_ap_fixed_16_6_5_3_0_4u_const_ap_shift_reg_value_type_in_width_n_chan_stream_array_ap_fixed_39_19_5_3_0_4u_0_weight_t_bias_t_kernel_data_9_load_phi_reg_1138">
<pin_list>
<pin id="1139" dir="0" index="0" bw="16" slack="0"/>
<pin id="1140" dir="1" index="1" bw="16" slack="0"/>
</pin_list>
<bind>
<opset="void_compute_output_buffer_2d_array_array_ap_fixed_4u_config4_array_ap_fixed_16_6_5_3_0_4u_const_ap_shift_reg_value_type_in_width_n_chan_stream_array_ap_fixed_39_19_5_3_0_4u_0_weight_t_bias_t_kernel_data_9_load_phi (phireg) "/>
</bind>
</comp>

<comp id="1142" class="1004" name="void_compute_output_buffer_2d_array_array_ap_fixed_4u_config4_array_ap_fixed_16_6_5_3_0_4u_const_ap_shift_reg_value_type_in_width_n_chan_stream_array_ap_fixed_39_19_5_3_0_4u_0_weight_t_bias_t_kernel_data_9_load_phi_phi_fu_1142">
<pin_list>
<pin id="1143" dir="0" index="0" bw="16" slack="1"/>
<pin id="1144" dir="0" index="1" bw="0" slack="2147483647"/>
<pin id="1145" dir="0" index="2" bw="16" slack="0"/>
<pin id="1146" dir="0" index="3" bw="0" slack="2147483647"/>
<pin id="1147" dir="1" index="4" bw="16" slack="0"/>
</pin_list>
<bind>
<opcode="phi(47) " fcode="phi"/>
<opset="void_compute_output_buffer_2d_array_array_ap_fixed_4u_config4_array_ap_fixed_16_6_5_3_0_4u_const_ap_shift_reg_value_type_in_width_n_chan_stream_array_ap_fixed_39_19_5_3_0_4u_0_weight_t_bias_t_kernel_data_9_load_phi/2 "/>
</bind>
</comp>

<comp id="1150" class="1005" name="conv_i1_i15_i16_reg_1150">
<pin_list>
<pin id="1151" dir="0" index="0" bw="16" slack="4"/>
<pin id="1152" dir="1" index="1" bw="16" slack="4"/>
</pin_list>
<bind>
<opset="conv_i1_i15_i16 (phireg) "/>
</bind>
</comp>

<comp id="1154" class="1004" name="conv_i1_i15_i16_phi_fu_1154">
<pin_list>
<pin id="1155" dir="0" index="0" bw="8" slack="4"/>
<pin id="1156" dir="0" index="1" bw="0" slack="2147483647"/>
<pin id="1157" dir="0" index="2" bw="16" slack="0"/>
<pin id="1158" dir="0" index="3" bw="0" slack="2147483647"/>
<pin id="1159" dir="0" index="4" bw="8" slack="4"/>
<pin id="1160" dir="0" index="5" bw="0" slack="2147483647"/>
<pin id="1161" dir="1" index="6" bw="16" slack="0"/>
</pin_list>
<bind>
<opcode="phi(47) " fcode="phi"/>
<opset="conv_i1_i15_i16/5 "/>
</bind>
</comp>

<comp id="1164" class="1005" name="conv_i1_i18_i14_reg_1164">
<pin_list>
<pin id="1165" dir="0" index="0" bw="16" slack="4"/>
<pin id="1166" dir="1" index="1" bw="16" slack="4"/>
</pin_list>
<bind>
<opset="conv_i1_i18_i14 (phireg) "/>
</bind>
</comp>

<comp id="1168" class="1004" name="conv_i1_i18_i14_phi_fu_1168">
<pin_list>
<pin id="1169" dir="0" index="0" bw="8" slack="4"/>
<pin id="1170" dir="0" index="1" bw="0" slack="2147483647"/>
<pin id="1171" dir="0" index="2" bw="16" slack="0"/>
<pin id="1172" dir="0" index="3" bw="0" slack="2147483647"/>
<pin id="1173" dir="0" index="4" bw="8" slack="4"/>
<pin id="1174" dir="0" index="5" bw="0" slack="2147483647"/>
<pin id="1175" dir="1" index="6" bw="16" slack="0"/>
</pin_list>
<bind>
<opcode="phi(47) " fcode="phi"/>
<opset="conv_i1_i18_i14/5 "/>
</bind>
</comp>

<comp id="1178" class="1005" name="conv_i1_i21_i12_reg_1178">
<pin_list>
<pin id="1179" dir="0" index="0" bw="16" slack="4"/>
<pin id="1180" dir="1" index="1" bw="16" slack="4"/>
</pin_list>
<bind>
<opset="conv_i1_i21_i12 (phireg) "/>
</bind>
</comp>

<comp id="1182" class="1004" name="conv_i1_i21_i12_phi_fu_1182">
<pin_list>
<pin id="1183" dir="0" index="0" bw="8" slack="4"/>
<pin id="1184" dir="0" index="1" bw="0" slack="2147483647"/>
<pin id="1185" dir="0" index="2" bw="16" slack="0"/>
<pin id="1186" dir="0" index="3" bw="0" slack="2147483647"/>
<pin id="1187" dir="0" index="4" bw="8" slack="4"/>
<pin id="1188" dir="0" index="5" bw="0" slack="2147483647"/>
<pin id="1189" dir="1" index="6" bw="16" slack="0"/>
</pin_list>
<bind>
<opcode="phi(47) " fcode="phi"/>
<opset="conv_i1_i21_i12/5 "/>
</bind>
</comp>

<comp id="1192" class="1005" name="conv_i1_i24_i10_reg_1192">
<pin_list>
<pin id="1193" dir="0" index="0" bw="16" slack="4"/>
<pin id="1194" dir="1" index="1" bw="16" slack="4"/>
</pin_list>
<bind>
<opset="conv_i1_i24_i10 (phireg) "/>
</bind>
</comp>

<comp id="1196" class="1004" name="conv_i1_i24_i10_phi_fu_1196">
<pin_list>
<pin id="1197" dir="0" index="0" bw="7" slack="4"/>
<pin id="1198" dir="0" index="1" bw="0" slack="2147483647"/>
<pin id="1199" dir="0" index="2" bw="16" slack="0"/>
<pin id="1200" dir="0" index="3" bw="0" slack="2147483647"/>
<pin id="1201" dir="0" index="4" bw="7" slack="4"/>
<pin id="1202" dir="0" index="5" bw="0" slack="2147483647"/>
<pin id="1203" dir="1" index="6" bw="16" slack="0"/>
</pin_list>
<bind>
<opcode="phi(47) " fcode="phi"/>
<opset="conv_i1_i24_i10/5 "/>
</bind>
</comp>

<comp id="1206" class="1005" name="acc_V_6_reg_1206">
<pin_list>
<pin id="1207" dir="0" index="0" bw="16" slack="0"/>
<pin id="1208" dir="1" index="1" bw="16" slack="0"/>
</pin_list>
<bind>
<opset="acc_V_6 (phireg) "/>
</bind>
</comp>

<comp id="1210" class="1004" name="acc_V_6_phi_fu_1210">
<pin_list>
<pin id="1211" dir="0" index="0" bw="16" slack="0"/>
<pin id="1212" dir="0" index="1" bw="0" slack="2147483647"/>
<pin id="1213" dir="0" index="2" bw="16" slack="0"/>
<pin id="1214" dir="0" index="3" bw="0" slack="2147483647"/>
<pin id="1215" dir="0" index="4" bw="16" slack="0"/>
<pin id="1216" dir="0" index="5" bw="0" slack="2147483647"/>
<pin id="1217" dir="0" index="6" bw="16" slack="0"/>
<pin id="1218" dir="0" index="7" bw="0" slack="2147483647"/>
<pin id="1219" dir="1" index="8" bw="16" slack="0"/>
</pin_list>
<bind>
<opcode="phi(47) " fcode="phi"/>
<opset="acc_V_6/5 "/>
</bind>
</comp>

<comp id="1224" class="1005" name="acc_V_5_reg_1224">
<pin_list>
<pin id="1225" dir="0" index="0" bw="16" slack="0"/>
<pin id="1226" dir="1" index="1" bw="16" slack="0"/>
</pin_list>
<bind>
<opset="acc_V_5 (phireg) "/>
</bind>
</comp>

<comp id="1228" class="1004" name="acc_V_5_phi_fu_1228">
<pin_list>
<pin id="1229" dir="0" index="0" bw="16" slack="0"/>
<pin id="1230" dir="0" index="1" bw="0" slack="2147483647"/>
<pin id="1231" dir="0" index="2" bw="16" slack="0"/>
<pin id="1232" dir="0" index="3" bw="0" slack="2147483647"/>
<pin id="1233" dir="0" index="4" bw="16" slack="0"/>
<pin id="1234" dir="0" index="5" bw="0" slack="2147483647"/>
<pin id="1235" dir="0" index="6" bw="16" slack="0"/>
<pin id="1236" dir="0" index="7" bw="0" slack="2147483647"/>
<pin id="1237" dir="1" index="8" bw="16" slack="0"/>
</pin_list>
<bind>
<opcode="phi(47) " fcode="phi"/>
<opset="acc_V_5/5 "/>
</bind>
</comp>

<comp id="1242" class="1005" name="acc_V_4_reg_1242">
<pin_list>
<pin id="1243" dir="0" index="0" bw="16" slack="0"/>
<pin id="1244" dir="1" index="1" bw="16" slack="0"/>
</pin_list>
<bind>
<opset="acc_V_4 (phireg) "/>
</bind>
</comp>

<comp id="1246" class="1004" name="acc_V_4_phi_fu_1246">
<pin_list>
<pin id="1247" dir="0" index="0" bw="16" slack="0"/>
<pin id="1248" dir="0" index="1" bw="0" slack="2147483647"/>
<pin id="1249" dir="0" index="2" bw="16" slack="0"/>
<pin id="1250" dir="0" index="3" bw="0" slack="2147483647"/>
<pin id="1251" dir="0" index="4" bw="16" slack="0"/>
<pin id="1252" dir="0" index="5" bw="0" slack="2147483647"/>
<pin id="1253" dir="0" index="6" bw="16" slack="0"/>
<pin id="1254" dir="0" index="7" bw="0" slack="2147483647"/>
<pin id="1255" dir="1" index="8" bw="16" slack="0"/>
</pin_list>
<bind>
<opcode="phi(47) " fcode="phi"/>
<opset="acc_V_4/5 "/>
</bind>
</comp>

<comp id="1260" class="1005" name="acc_V_reg_1260">
<pin_list>
<pin id="1261" dir="0" index="0" bw="16" slack="0"/>
<pin id="1262" dir="1" index="1" bw="16" slack="0"/>
</pin_list>
<bind>
<opset="acc_V (phireg) "/>
</bind>
</comp>

<comp id="1264" class="1004" name="acc_V_phi_fu_1264">
<pin_list>
<pin id="1265" dir="0" index="0" bw="16" slack="0"/>
<pin id="1266" dir="0" index="1" bw="0" slack="2147483647"/>
<pin id="1267" dir="0" index="2" bw="16" slack="0"/>
<pin id="1268" dir="0" index="3" bw="0" slack="2147483647"/>
<pin id="1269" dir="0" index="4" bw="16" slack="0"/>
<pin id="1270" dir="0" index="5" bw="0" slack="2147483647"/>
<pin id="1271" dir="0" index="6" bw="16" slack="0"/>
<pin id="1272" dir="0" index="7" bw="0" slack="2147483647"/>
<pin id="1273" dir="1" index="8" bw="16" slack="0"/>
</pin_list>
<bind>
<opcode="phi(47) " fcode="phi"/>
<opset="acc_V/5 "/>
</bind>
</comp>

<comp id="1278" class="1004" name="void_compute_output_buffer_2d_array_array_ap_fixed_4u_config4_array_ap_fixed_16_6_5_3_0_4u_const_ap_shift_reg_value_type_in_width_n_chan_stream_array_ap_fixed_39_19_5_3_0_4u_0_weight_t_bias_t_kernel_data_9_load_load_fu_1278">
<pin_list>
<pin id="1279" dir="0" index="0" bw="16" slack="0"/>
<pin id="1280" dir="1" index="1" bw="16" slack="1"/>
</pin_list>
<bind>
<opcode="load(27) " fcode="load"/>
<opset="void_compute_output_buffer_2d_array_array_ap_fixed_4u_config4_array_ap_fixed_16_6_5_3_0_4u_const_ap_shift_reg_value_type_in_width_n_chan_stream_array_ap_fixed_39_19_5_3_0_4u_0_weight_t_bias_t_kernel_data_9_load/1 "/>
</bind>
</comp>

<comp id="1282" class="1004" name="void_compute_output_buffer_2d_array_array_ap_fixed_4u_config4_array_ap_fixed_16_6_5_3_0_4u_const_ap_shift_reg_value_type_in_width_n_chan_stream_array_ap_fixed_39_19_5_3_0_4u_0_weight_t_bias_t_kernel_data_8_load_load_fu_1282">
<pin_list>
<pin id="1283" dir="0" index="0" bw="16" slack="0"/>
<pin id="1284" dir="1" index="1" bw="16" slack="1"/>
</pin_list>
<bind>
<opcode="load(27) " fcode="load"/>
<opset="void_compute_output_buffer_2d_array_array_ap_fixed_4u_config4_array_ap_fixed_16_6_5_3_0_4u_const_ap_shift_reg_value_type_in_width_n_chan_stream_array_ap_fixed_39_19_5_3_0_4u_0_weight_t_bias_t_kernel_data_8_load/1 "/>
</bind>
</comp>

<comp id="1286" class="1004" name="void_compute_output_buffer_2d_array_array_ap_fixed_4u_config4_array_ap_fixed_16_6_5_3_0_4u_const_ap_shift_reg_value_type_in_width_n_chan_stream_array_ap_fixed_39_19_5_3_0_4u_0_weight_t_bias_t_kernel_data_7_load_load_fu_1286">
<pin_list>
<pin id="1287" dir="0" index="0" bw="16" slack="0"/>
<pin id="1288" dir="1" index="1" bw="16" slack="1"/>
</pin_list>
<bind>
<opcode="load(27) " fcode="load"/>
<opset="void_compute_output_buffer_2d_array_array_ap_fixed_4u_config4_array_ap_fixed_16_6_5_3_0_4u_const_ap_shift_reg_value_type_in_width_n_chan_stream_array_ap_fixed_39_19_5_3_0_4u_0_weight_t_bias_t_kernel_data_7_load/1 "/>
</bind>
</comp>

<comp id="1290" class="1004" name="void_compute_output_buffer_2d_array_array_ap_fixed_4u_config4_array_ap_fixed_16_6_5_3_0_4u_const_ap_shift_reg_value_type_in_width_n_chan_stream_array_ap_fixed_39_19_5_3_0_4u_0_weight_t_bias_t_kernel_data_6_load_load_fu_1290">
<pin_list>
<pin id="1291" dir="0" index="0" bw="16" slack="0"/>
<pin id="1292" dir="1" index="1" bw="16" slack="1"/>
</pin_list>
<bind>
<opcode="load(27) " fcode="load"/>
<opset="void_compute_output_buffer_2d_array_array_ap_fixed_4u_config4_array_ap_fixed_16_6_5_3_0_4u_const_ap_shift_reg_value_type_in_width_n_chan_stream_array_ap_fixed_39_19_5_3_0_4u_0_weight_t_bias_t_kernel_data_6_load/1 "/>
</bind>
</comp>

<comp id="1294" class="1004" name="void_compute_output_buffer_2d_array_array_ap_fixed_4u_config4_array_ap_fixed_16_6_5_3_0_4u_const_ap_shift_reg_value_type_in_width_n_chan_stream_array_ap_fixed_39_19_5_3_0_4u_0_weight_t_bias_t_kernel_data_5_load_load_fu_1294">
<pin_list>
<pin id="1295" dir="0" index="0" bw="16" slack="0"/>
<pin id="1296" dir="1" index="1" bw="16" slack="1"/>
</pin_list>
<bind>
<opcode="load(27) " fcode="load"/>
<opset="void_compute_output_buffer_2d_array_array_ap_fixed_4u_config4_array_ap_fixed_16_6_5_3_0_4u_const_ap_shift_reg_value_type_in_width_n_chan_stream_array_ap_fixed_39_19_5_3_0_4u_0_weight_t_bias_t_kernel_data_5_load/1 "/>
</bind>
</comp>

<comp id="1298" class="1004" name="void_compute_output_buffer_2d_array_array_ap_fixed_4u_config4_array_ap_fixed_16_6_5_3_0_4u_const_ap_shift_reg_value_type_in_width_n_chan_stream_array_ap_fixed_39_19_5_3_0_4u_0_weight_t_bias_t_kernel_data_4_load_load_fu_1298">
<pin_list>
<pin id="1299" dir="0" index="0" bw="16" slack="0"/>
<pin id="1300" dir="1" index="1" bw="16" slack="1"/>
</pin_list>
<bind>
<opcode="load(27) " fcode="load"/>
<opset="void_compute_output_buffer_2d_array_array_ap_fixed_4u_config4_array_ap_fixed_16_6_5_3_0_4u_const_ap_shift_reg_value_type_in_width_n_chan_stream_array_ap_fixed_39_19_5_3_0_4u_0_weight_t_bias_t_kernel_data_4_load/1 "/>
</bind>
</comp>

<comp id="1302" class="1004" name="void_compute_output_buffer_2d_array_array_ap_fixed_4u_config4_array_ap_fixed_16_6_5_3_0_4u_const_ap_shift_reg_value_type_in_width_n_chan_stream_array_ap_fixed_39_19_5_3_0_4u_0_weight_t_bias_t_kernel_data_3_load_load_fu_1302">
<pin_list>
<pin id="1303" dir="0" index="0" bw="16" slack="0"/>
<pin id="1304" dir="1" index="1" bw="16" slack="1"/>
</pin_list>
<bind>
<opcode="load(27) " fcode="load"/>
<opset="void_compute_output_buffer_2d_array_array_ap_fixed_4u_config4_array_ap_fixed_16_6_5_3_0_4u_const_ap_shift_reg_value_type_in_width_n_chan_stream_array_ap_fixed_39_19_5_3_0_4u_0_weight_t_bias_t_kernel_data_3_load/1 "/>
</bind>
</comp>

<comp id="1306" class="1004" name="void_compute_output_buffer_2d_array_array_ap_fixed_4u_config4_array_ap_fixed_16_6_5_3_0_4u_const_ap_shift_reg_value_type_in_width_n_chan_stream_array_ap_fixed_39_19_5_3_0_4u_0_weight_t_bias_t_kernel_data_2_load_load_fu_1306">
<pin_list>
<pin id="1307" dir="0" index="0" bw="16" slack="0"/>
<pin id="1308" dir="1" index="1" bw="16" slack="1"/>
</pin_list>
<bind>
<opcode="load(27) " fcode="load"/>
<opset="void_compute_output_buffer_2d_array_array_ap_fixed_4u_config4_array_ap_fixed_16_6_5_3_0_4u_const_ap_shift_reg_value_type_in_width_n_chan_stream_array_ap_fixed_39_19_5_3_0_4u_0_weight_t_bias_t_kernel_data_2_load/1 "/>
</bind>
</comp>

<comp id="1310" class="1004" name="void_compute_output_buffer_2d_array_array_ap_fixed_4u_config4_array_ap_fixed_16_6_5_3_0_4u_const_ap_shift_reg_value_type_in_width_n_chan_stream_array_ap_fixed_39_19_5_3_0_4u_0_weight_t_bias_t_kernel_data_1_load_load_fu_1310">
<pin_list>
<pin id="1311" dir="0" index="0" bw="16" slack="0"/>
<pin id="1312" dir="1" index="1" bw="16" slack="1"/>
</pin_list>
<bind>
<opcode="load(27) " fcode="load"/>
<opset="void_compute_output_buffer_2d_array_array_ap_fixed_4u_config4_array_ap_fixed_16_6_5_3_0_4u_const_ap_shift_reg_value_type_in_width_n_chan_stream_array_ap_fixed_39_19_5_3_0_4u_0_weight_t_bias_t_kernel_data_1_load/1 "/>
</bind>
</comp>

<comp id="1314" class="1004" name="void_compute_output_buffer_2d_array_array_ap_fixed_4u_config4_array_ap_fixed_16_6_5_3_0_4u_const_ap_shift_reg_value_type_in_width_n_chan_stream_array_ap_fixed_39_19_5_3_0_4u_0_weight_t_bias_t_kernel_data_load_load_fu_1314">
<pin_list>
<pin id="1315" dir="0" index="0" bw="16" slack="0"/>
<pin id="1316" dir="1" index="1" bw="16" slack="1"/>
</pin_list>
<bind>
<opcode="load(27) " fcode="load"/>
<opset="void_compute_output_buffer_2d_array_array_ap_fixed_4u_config4_array_ap_fixed_16_6_5_3_0_4u_const_ap_shift_reg_value_type_in_width_n_chan_stream_array_ap_fixed_39_19_5_3_0_4u_0_weight_t_bias_t_kernel_data_load/1 "/>
</bind>
</comp>

<comp id="1318" class="1004" name="p_ZZN4nnet24compute_output_buffer_2dINS_5arrayI8ap_fixedILi16ELi6EL9ap_q_mode5EL9ap_o_mode3ELi0EELj4EEENS1_IS2_ILi39ELi19ELS3_5ELS4_3ELi0EELj4EEE7config4EEvRKT_PAsrT1_6n_chan_12ap_shift_regINSA_10value_typeEXsrSD_8in_widthEERN3hls6streamIT0_70_load_fu_1318">
<pin_list>
<pin id="1319" dir="0" index="0" bw="16" slack="0"/>
<pin id="1320" dir="1" index="1" bw="16" slack="1"/>
</pin_list>
<bind>
<opcode="load(27) " fcode="load"/>
<opset="p_ZZN4nnet24compute_output_buffer_2dINS_5arrayI8ap_fixedILi16ELi6EL9ap_q_mode5EL9ap_o_mode3ELi0EELj4EEENS1_IS2_ILi39ELi19ELS3_5ELS4_3ELi0EELj4EEE7config4EEvRKT_PAsrT1_6n_chan_12ap_shift_regINSA_10value_typeEXsrSD_8in_widthEERN3hls6streamIT0_70/1 "/>
</bind>
</comp>

<comp id="1322" class="1004" name="p_ZZN4nnet24compute_output_buffer_2dINS_5arrayI8ap_fixedILi16ELi6EL9ap_q_mode5EL9ap_o_mode3ELi0EELj4EEENS1_IS2_ILi39ELi19ELS3_5ELS4_3ELi0EELj4EEE7config4EEvRKT_PAsrT1_6n_chan_12ap_shift_regINSA_10value_typeEXsrSD_8in_widthEERN3hls6streamIT0_71_load_fu_1322">
<pin_list>
<pin id="1323" dir="0" index="0" bw="16" slack="0"/>
<pin id="1324" dir="1" index="1" bw="16" slack="1"/>
</pin_list>
<bind>
<opcode="load(27) " fcode="load"/>
<opset="p_ZZN4nnet24compute_output_buffer_2dINS_5arrayI8ap_fixedILi16ELi6EL9ap_q_mode5EL9ap_o_mode3ELi0EELj4EEENS1_IS2_ILi39ELi19ELS3_5ELS4_3ELi0EELj4EEE7config4EEvRKT_PAsrT1_6n_chan_12ap_shift_regINSA_10value_typeEXsrSD_8in_widthEERN3hls6streamIT0_71/1 "/>
</bind>
</comp>

<comp id="1326" class="1004" name="p_ZZN4nnet24compute_output_buffer_2dINS_5arrayI8ap_fixedILi16ELi6EL9ap_q_mode5EL9ap_o_mode3ELi0EELj4EEENS1_IS2_ILi39ELi19ELS3_5ELS4_3ELi0EELj4EEE7config4EEvRKT_PAsrT1_6n_chan_12ap_shift_regINSA_10value_typeEXsrSD_8in_widthEERN3hls6streamIT0_72_load_fu_1326">
<pin_list>
<pin id="1327" dir="0" index="0" bw="16" slack="0"/>
<pin id="1328" dir="1" index="1" bw="16" slack="1"/>
</pin_list>
<bind>
<opcode="load(27) " fcode="load"/>
<opset="p_ZZN4nnet24compute_output_buffer_2dINS_5arrayI8ap_fixedILi16ELi6EL9ap_q_mode5EL9ap_o_mode3ELi0EELj4EEENS1_IS2_ILi39ELi19ELS3_5ELS4_3ELi0EELj4EEE7config4EEvRKT_PAsrT1_6n_chan_12ap_shift_regINSA_10value_typeEXsrSD_8in_widthEERN3hls6streamIT0_72/1 "/>
</bind>
</comp>

<comp id="1330" class="1004" name="p_ZZN4nnet24compute_output_buffer_2dINS_5arrayI8ap_fixedILi16ELi6EL9ap_q_mode5EL9ap_o_mode3ELi0EELj4EEENS1_IS2_ILi39ELi19ELS3_5ELS4_3ELi0EELj4EEE7config4EEvRKT_PAsrT1_6n_chan_12ap_shift_regINSA_10value_typeEXsrSD_8in_widthEERN3hls6streamIT0_73_load_fu_1330">
<pin_list>
<pin id="1331" dir="0" index="0" bw="16" slack="0"/>
<pin id="1332" dir="1" index="1" bw="16" slack="1"/>
</pin_list>
<bind>
<opcode="load(27) " fcode="load"/>
<opset="p_ZZN4nnet24compute_output_buffer_2dINS_5arrayI8ap_fixedILi16ELi6EL9ap_q_mode5EL9ap_o_mode3ELi0EELj4EEENS1_IS2_ILi39ELi19ELS3_5ELS4_3ELi0EELj4EEE7config4EEvRKT_PAsrT1_6n_chan_12ap_shift_regINSA_10value_typeEXsrSD_8in_widthEERN3hls6streamIT0_73/1 "/>
</bind>
</comp>

<comp id="1334" class="1004" name="p_ZZN4nnet24compute_output_buffer_2dINS_5arrayI8ap_fixedILi16ELi6EL9ap_q_mode5EL9ap_o_mode3ELi0EELj4EEENS1_IS2_ILi39ELi19ELS3_5ELS4_3ELi0EELj4EEE7config4EEvRKT_PAsrT1_6n_chan_12ap_shift_regINSA_10value_typeEXsrSD_8in_widthEERN3hls6streamIT0_74_load_fu_1334">
<pin_list>
<pin id="1335" dir="0" index="0" bw="16" slack="0"/>
<pin id="1336" dir="1" index="1" bw="16" slack="1"/>
</pin_list>
<bind>
<opcode="load(27) " fcode="load"/>
<opset="p_ZZN4nnet24compute_output_buffer_2dINS_5arrayI8ap_fixedILi16ELi6EL9ap_q_mode5EL9ap_o_mode3ELi0EELj4EEENS1_IS2_ILi39ELi19ELS3_5ELS4_3ELi0EELj4EEE7config4EEvRKT_PAsrT1_6n_chan_12ap_shift_regINSA_10value_typeEXsrSD_8in_widthEERN3hls6streamIT0_74/1 "/>
</bind>
</comp>

<comp id="1338" class="1004" name="p_ZZN4nnet24compute_output_buffer_2dINS_5arrayI8ap_fixedILi16ELi6EL9ap_q_mode5EL9ap_o_mode3ELi0EELj4EEENS1_IS2_ILi39ELi19ELS3_5ELS4_3ELi0EELj4EEE7config4EEvRKT_PAsrT1_6n_chan_12ap_shift_regINSA_10value_typeEXsrSD_8in_widthEERN3hls6streamIT0_75_load_fu_1338">
<pin_list>
<pin id="1339" dir="0" index="0" bw="16" slack="0"/>
<pin id="1340" dir="1" index="1" bw="16" slack="1"/>
</pin_list>
<bind>
<opcode="load(27) " fcode="load"/>
<opset="p_ZZN4nnet24compute_output_buffer_2dINS_5arrayI8ap_fixedILi16ELi6EL9ap_q_mode5EL9ap_o_mode3ELi0EELj4EEENS1_IS2_ILi39ELi19ELS3_5ELS4_3ELi0EELj4EEE7config4EEvRKT_PAsrT1_6n_chan_12ap_shift_regINSA_10value_typeEXsrSD_8in_widthEERN3hls6streamIT0_75/1 "/>
</bind>
</comp>

<comp id="1342" class="1004" name="p_ZZN4nnet24compute_output_buffer_2dINS_5arrayI8ap_fixedILi16ELi6EL9ap_q_mode5EL9ap_o_mode3ELi0EELj4EEENS1_IS2_ILi39ELi19ELS3_5ELS4_3ELi0EELj4EEE7config4EEvRKT_PAsrT1_6n_chan_12ap_shift_regINSA_10value_typeEXsrSD_8in_widthEERN3hls6streamIT0_76_load_fu_1342">
<pin_list>
<pin id="1343" dir="0" index="0" bw="16" slack="0"/>
<pin id="1344" dir="1" index="1" bw="16" slack="1"/>
</pin_list>
<bind>
<opcode="load(27) " fcode="load"/>
<opset="p_ZZN4nnet24compute_output_buffer_2dINS_5arrayI8ap_fixedILi16ELi6EL9ap_q_mode5EL9ap_o_mode3ELi0EELj4EEENS1_IS2_ILi39ELi19ELS3_5ELS4_3ELi0EELj4EEE7config4EEvRKT_PAsrT1_6n_chan_12ap_shift_regINSA_10value_typeEXsrSD_8in_widthEERN3hls6streamIT0_76/1 "/>
</bind>
</comp>

<comp id="1346" class="1004" name="p_ZZN4nnet24compute_output_buffer_2dINS_5arrayI8ap_fixedILi16ELi6EL9ap_q_mode5EL9ap_o_mode3ELi0EELj4EEENS1_IS2_ILi39ELi19ELS3_5ELS4_3ELi0EELj4EEE7config4EEvRKT_PAsrT1_6n_chan_12ap_shift_regINSA_10value_typeEXsrSD_8in_widthEERN3hls6streamIT0_77_load_fu_1346">
<pin_list>
<pin id="1347" dir="0" index="0" bw="16" slack="0"/>
<pin id="1348" dir="1" index="1" bw="16" slack="1"/>
</pin_list>
<bind>
<opcode="load(27) " fcode="load"/>
<opset="p_ZZN4nnet24compute_output_buffer_2dINS_5arrayI8ap_fixedILi16ELi6EL9ap_q_mode5EL9ap_o_mode3ELi0EELj4EEENS1_IS2_ILi39ELi19ELS3_5ELS4_3ELi0EELj4EEE7config4EEvRKT_PAsrT1_6n_chan_12ap_shift_regINSA_10value_typeEXsrSD_8in_widthEERN3hls6streamIT0_77/1 "/>
</bind>
</comp>

<comp id="1350" class="1004" name="p_ZZN4nnet24compute_output_buffer_2dINS_5arrayI8ap_fixedILi16ELi6EL9ap_q_mode5EL9ap_o_mode3ELi0EELj4EEENS1_IS2_ILi39ELi19ELS3_5ELS4_3ELi0EELj4EEE7config4EEvRKT_PAsrT1_6n_chan_12ap_shift_regINSA_10value_typeEXsrSD_8in_widthEERN3hls6streamIT0_78_load_fu_1350">
<pin_list>
<pin id="1351" dir="0" index="0" bw="16" slack="0"/>
<pin id="1352" dir="1" index="1" bw="16" slack="1"/>
</pin_list>
<bind>
<opcode="load(27) " fcode="load"/>
<opset="p_ZZN4nnet24compute_output_buffer_2dINS_5arrayI8ap_fixedILi16ELi6EL9ap_q_mode5EL9ap_o_mode3ELi0EELj4EEENS1_IS2_ILi39ELi19ELS3_5ELS4_3ELi0EELj4EEE7config4EEvRKT_PAsrT1_6n_chan_12ap_shift_regINSA_10value_typeEXsrSD_8in_widthEERN3hls6streamIT0_78/1 "/>
</bind>
</comp>

<comp id="1354" class="1004" name="p_ZZN4nnet24compute_output_buffer_2dINS_5arrayI8ap_fixedILi16ELi6EL9ap_q_mode5EL9ap_o_mode3ELi0EELj4EEENS1_IS2_ILi39ELi19ELS3_5ELS4_3ELi0EELj4EEE7config4EEvRKT_PAsrT1_6n_chan_12ap_shift_regINSA_10value_typeEXsrSD_8in_widthEERN3hls6streamIT0_79_load_fu_1354">
<pin_list>
<pin id="1355" dir="0" index="0" bw="16" slack="0"/>
<pin id="1356" dir="1" index="1" bw="16" slack="1"/>
</pin_list>
<bind>
<opcode="load(27) " fcode="load"/>
<opset="p_ZZN4nnet24compute_output_buffer_2dINS_5arrayI8ap_fixedILi16ELi6EL9ap_q_mode5EL9ap_o_mode3ELi0EELj4EEENS1_IS2_ILi39ELi19ELS3_5ELS4_3ELi0EELj4EEE7config4EEvRKT_PAsrT1_6n_chan_12ap_shift_regINSA_10value_typeEXsrSD_8in_widthEERN3hls6streamIT0_79/1 "/>
</bind>
</comp>

<comp id="1358" class="1004" name="p_ZZN4nnet24compute_output_buffer_2dINS_5arrayI8ap_fixedILi16ELi6EL9ap_q_mode5EL9ap_o_mode3ELi0EELj4EEENS1_IS2_ILi39ELi19ELS3_5ELS4_3ELi0EELj4EEE7config4EEvRKT_PAsrT1_6n_chan_12ap_shift_regINSA_10value_typeEXsrSD_8in_widthEERN3hls6streamIT0_80_load_fu_1358">
<pin_list>
<pin id="1359" dir="0" index="0" bw="16" slack="0"/>
<pin id="1360" dir="1" index="1" bw="16" slack="1"/>
</pin_list>
<bind>
<opcode="load(27) " fcode="load"/>
<opset="p_ZZN4nnet24compute_output_buffer_2dINS_5arrayI8ap_fixedILi16ELi6EL9ap_q_mode5EL9ap_o_mode3ELi0EELj4EEENS1_IS2_ILi39ELi19ELS3_5ELS4_3ELi0EELj4EEE7config4EEvRKT_PAsrT1_6n_chan_12ap_shift_regINSA_10value_typeEXsrSD_8in_widthEERN3hls6streamIT0_80/1 "/>
</bind>
</comp>

<comp id="1362" class="1004" name="p_ZZN4nnet24compute_output_buffer_2dINS_5arrayI8ap_fixedILi16ELi6EL9ap_q_mode5EL9ap_o_mode3ELi0EELj4EEENS1_IS2_ILi39ELi19ELS3_5ELS4_3ELi0EELj4EEE7config4EEvRKT_PAsrT1_6n_chan_12ap_shift_regINSA_10value_typeEXsrSD_8in_widthEERN3hls6streamIT0_81_load_fu_1362">
<pin_list>
<pin id="1363" dir="0" index="0" bw="16" slack="0"/>
<pin id="1364" dir="1" index="1" bw="16" slack="1"/>
</pin_list>
<bind>
<opcode="load(27) " fcode="load"/>
<opset="p_ZZN4nnet24compute_output_buffer_2dINS_5arrayI8ap_fixedILi16ELi6EL9ap_q_mode5EL9ap_o_mode3ELi0EELj4EEENS1_IS2_ILi39ELi19ELS3_5ELS4_3ELi0EELj4EEE7config4EEvRKT_PAsrT1_6n_chan_12ap_shift_regINSA_10value_typeEXsrSD_8in_widthEERN3hls6streamIT0_81/1 "/>
</bind>
</comp>

<comp id="1366" class="1004" name="p_ZZN4nnet24compute_output_buffer_2dINS_5arrayI8ap_fixedILi16ELi6EL9ap_q_mode5EL9ap_o_mode3ELi0EELj4EEENS1_IS2_ILi39ELi19ELS3_5ELS4_3ELi0EELj4EEE7config4EEvRKT_PAsrT1_6n_chan_12ap_shift_regINSA_10value_typeEXsrSD_8in_widthEERN3hls6streamIT0_82_load_fu_1366">
<pin_list>
<pin id="1367" dir="0" index="0" bw="16" slack="0"/>
<pin id="1368" dir="1" index="1" bw="16" slack="1"/>
</pin_list>
<bind>
<opcode="load(27) " fcode="load"/>
<opset="p_ZZN4nnet24compute_output_buffer_2dINS_5arrayI8ap_fixedILi16ELi6EL9ap_q_mode5EL9ap_o_mode3ELi0EELj4EEENS1_IS2_ILi39ELi19ELS3_5ELS4_3ELi0EELj4EEE7config4EEvRKT_PAsrT1_6n_chan_12ap_shift_regINSA_10value_typeEXsrSD_8in_widthEERN3hls6streamIT0_82/1 "/>
</bind>
</comp>

<comp id="1370" class="1004" name="p_ZZN4nnet24compute_output_buffer_2dINS_5arrayI8ap_fixedILi16ELi6EL9ap_q_mode5EL9ap_o_mode3ELi0EELj4EEENS1_IS2_ILi39ELi19ELS3_5ELS4_3ELi0EELj4EEE7config4EEvRKT_PAsrT1_6n_chan_12ap_shift_regINSA_10value_typeEXsrSD_8in_widthEERN3hls6streamIT0_83_load_fu_1370">
<pin_list>
<pin id="1371" dir="0" index="0" bw="16" slack="0"/>
<pin id="1372" dir="1" index="1" bw="16" slack="1"/>
</pin_list>
<bind>
<opcode="load(27) " fcode="load"/>
<opset="p_ZZN4nnet24compute_output_buffer_2dINS_5arrayI8ap_fixedILi16ELi6EL9ap_q_mode5EL9ap_o_mode3ELi0EELj4EEENS1_IS2_ILi39ELi19ELS3_5ELS4_3ELi0EELj4EEE7config4EEvRKT_PAsrT1_6n_chan_12ap_shift_regINSA_10value_typeEXsrSD_8in_widthEERN3hls6streamIT0_83/1 "/>
</bind>
</comp>

<comp id="1374" class="1004" name="p_ZZN4nnet24compute_output_buffer_2dINS_5arrayI8ap_fixedILi16ELi6EL9ap_q_mode5EL9ap_o_mode3ELi0EELj4EEENS1_IS2_ILi39ELi19ELS3_5ELS4_3ELi0EELj4EEE7config4EEvRKT_PAsrT1_6n_chan_12ap_shift_regINSA_10value_typeEXsrSD_8in_widthEERN3hls6streamIT0_84_load_fu_1374">
<pin_list>
<pin id="1375" dir="0" index="0" bw="16" slack="0"/>
<pin id="1376" dir="1" index="1" bw="16" slack="1"/>
</pin_list>
<bind>
<opcode="load(27) " fcode="load"/>
<opset="p_ZZN4nnet24compute_output_buffer_2dINS_5arrayI8ap_fixedILi16ELi6EL9ap_q_mode5EL9ap_o_mode3ELi0EELj4EEENS1_IS2_ILi39ELi19ELS3_5ELS4_3ELi0EELj4EEE7config4EEvRKT_PAsrT1_6n_chan_12ap_shift_regINSA_10value_typeEXsrSD_8in_widthEERN3hls6streamIT0_84/1 "/>
</bind>
</comp>

<comp id="1378" class="1004" name="p_ZZN4nnet24compute_output_buffer_2dINS_5arrayI8ap_fixedILi16ELi6EL9ap_q_mode5EL9ap_o_mode3ELi0EELj4EEENS1_IS2_ILi39ELi19ELS3_5ELS4_3ELi0EELj4EEE7config4EEvRKT_PAsrT1_6n_chan_12ap_shift_regINSA_10value_typeEXsrSD_8in_widthEERN3hls6streamIT0_85_load_fu_1378">
<pin_list>
<pin id="1379" dir="0" index="0" bw="16" slack="0"/>
<pin id="1380" dir="1" index="1" bw="16" slack="1"/>
</pin_list>
<bind>
<opcode="load(27) " fcode="load"/>
<opset="p_ZZN4nnet24compute_output_buffer_2dINS_5arrayI8ap_fixedILi16ELi6EL9ap_q_mode5EL9ap_o_mode3ELi0EELj4EEENS1_IS2_ILi39ELi19ELS3_5ELS4_3ELi0EELj4EEE7config4EEvRKT_PAsrT1_6n_chan_12ap_shift_regINSA_10value_typeEXsrSD_8in_widthEERN3hls6streamIT0_85/1 "/>
</bind>
</comp>

<comp id="1382" class="1004" name="p_ZZN4nnet24compute_output_buffer_2dINS_5arrayI8ap_fixedILi16ELi6EL9ap_q_mode5EL9ap_o_mode3ELi0EELj4EEENS1_IS2_ILi39ELi19ELS3_5ELS4_3ELi0EELj4EEE7config4EEvRKT_PAsrT1_6n_chan_12ap_shift_regINSA_10value_typeEXsrSD_8in_widthEERN3hls6streamIT0_86_load_fu_1382">
<pin_list>
<pin id="1383" dir="0" index="0" bw="16" slack="0"/>
<pin id="1384" dir="1" index="1" bw="16" slack="1"/>
</pin_list>
<bind>
<opcode="load(27) " fcode="load"/>
<opset="p_ZZN4nnet24compute_output_buffer_2dINS_5arrayI8ap_fixedILi16ELi6EL9ap_q_mode5EL9ap_o_mode3ELi0EELj4EEENS1_IS2_ILi39ELi19ELS3_5ELS4_3ELi0EELj4EEE7config4EEvRKT_PAsrT1_6n_chan_12ap_shift_regINSA_10value_typeEXsrSD_8in_widthEERN3hls6streamIT0_86/1 "/>
</bind>
</comp>

<comp id="1386" class="1004" name="p_ZZN4nnet24compute_output_buffer_2dINS_5arrayI8ap_fixedILi16ELi6EL9ap_q_mode5EL9ap_o_mode3ELi0EELj4EEENS1_IS2_ILi39ELi19ELS3_5ELS4_3ELi0EELj4EEE7config4EEvRKT_PAsrT1_6n_chan_12ap_shift_regINSA_10value_typeEXsrSD_8in_widthEERN3hls6streamIT0_87_load_fu_1386">
<pin_list>
<pin id="1387" dir="0" index="0" bw="16" slack="0"/>
<pin id="1388" dir="1" index="1" bw="16" slack="1"/>
</pin_list>
<bind>
<opcode="load(27) " fcode="load"/>
<opset="p_ZZN4nnet24compute_output_buffer_2dINS_5arrayI8ap_fixedILi16ELi6EL9ap_q_mode5EL9ap_o_mode3ELi0EELj4EEENS1_IS2_ILi39ELi19ELS3_5ELS4_3ELi0EELj4EEE7config4EEvRKT_PAsrT1_6n_chan_12ap_shift_regINSA_10value_typeEXsrSD_8in_widthEERN3hls6streamIT0_87/1 "/>
</bind>
</comp>

<comp id="1390" class="1004" name="p_ZZN4nnet24compute_output_buffer_2dINS_5arrayI8ap_fixedILi16ELi6EL9ap_q_mode5EL9ap_o_mode3ELi0EELj4EEENS1_IS2_ILi39ELi19ELS3_5ELS4_3ELi0EELj4EEE7config4EEvRKT_PAsrT1_6n_chan_12ap_shift_regINSA_10value_typeEXsrSD_8in_widthEERN3hls6streamIT0_88_load_fu_1390">
<pin_list>
<pin id="1391" dir="0" index="0" bw="16" slack="0"/>
<pin id="1392" dir="1" index="1" bw="16" slack="1"/>
</pin_list>
<bind>
<opcode="load(27) " fcode="load"/>
<opset="p_ZZN4nnet24compute_output_buffer_2dINS_5arrayI8ap_fixedILi16ELi6EL9ap_q_mode5EL9ap_o_mode3ELi0EELj4EEENS1_IS2_ILi39ELi19ELS3_5ELS4_3ELi0EELj4EEE7config4EEvRKT_PAsrT1_6n_chan_12ap_shift_regINSA_10value_typeEXsrSD_8in_widthEERN3hls6streamIT0_88/1 "/>
</bind>
</comp>

<comp id="1394" class="1004" name="p_ZZN4nnet24compute_output_buffer_2dINS_5arrayI8ap_fixedILi16ELi6EL9ap_q_mode5EL9ap_o_mode3ELi0EELj4EEENS1_IS2_ILi39ELi19ELS3_5ELS4_3ELi0EELj4EEE7config4EEvRKT_PAsrT1_6n_chan_12ap_shift_regINSA_10value_typeEXsrSD_8in_widthEERN3hls6streamIT0_89_load_fu_1394">
<pin_list>
<pin id="1395" dir="0" index="0" bw="16" slack="0"/>
<pin id="1396" dir="1" index="1" bw="16" slack="1"/>
</pin_list>
<bind>
<opcode="load(27) " fcode="load"/>
<opset="p_ZZN4nnet24compute_output_buffer_2dINS_5arrayI8ap_fixedILi16ELi6EL9ap_q_mode5EL9ap_o_mode3ELi0EELj4EEENS1_IS2_ILi39ELi19ELS3_5ELS4_3ELi0EELj4EEE7config4EEvRKT_PAsrT1_6n_chan_12ap_shift_regINSA_10value_typeEXsrSD_8in_widthEERN3hls6streamIT0_89/1 "/>
</bind>
</comp>

<comp id="1398" class="1004" name="p_ZZN4nnet24compute_output_buffer_2dINS_5arrayI8ap_fixedILi16ELi6EL9ap_q_mode5EL9ap_o_mode3ELi0EELj4EEENS1_IS2_ILi39ELi19ELS3_5ELS4_3ELi0EELj4EEE7config4EEvRKT_PAsrT1_6n_chan_12ap_shift_regINSA_10value_typeEXsrSD_8in_widthEERN3hls6streamIT0_90_load_fu_1398">
<pin_list>
<pin id="1399" dir="0" index="0" bw="16" slack="0"/>
<pin id="1400" dir="1" index="1" bw="16" slack="1"/>
</pin_list>
<bind>
<opcode="load(27) " fcode="load"/>
<opset="p_ZZN4nnet24compute_output_buffer_2dINS_5arrayI8ap_fixedILi16ELi6EL9ap_q_mode5EL9ap_o_mode3ELi0EELj4EEENS1_IS2_ILi39ELi19ELS3_5ELS4_3ELi0EELj4EEE7config4EEvRKT_PAsrT1_6n_chan_12ap_shift_regINSA_10value_typeEXsrSD_8in_widthEERN3hls6streamIT0_90/1 "/>
</bind>
</comp>

<comp id="1402" class="1004" name="p_ZZN4nnet24compute_output_buffer_2dINS_5arrayI8ap_fixedILi16ELi6EL9ap_q_mode5EL9ap_o_mode3ELi0EELj4EEENS1_IS2_ILi39ELi19ELS3_5ELS4_3ELi0EELj4EEE7config4EEvRKT_PAsrT1_6n_chan_12ap_shift_regINSA_10value_typeEXsrSD_8in_widthEERN3hls6streamIT0_91_load_fu_1402">
<pin_list>
<pin id="1403" dir="0" index="0" bw="16" slack="0"/>
<pin id="1404" dir="1" index="1" bw="16" slack="1"/>
</pin_list>
<bind>
<opcode="load(27) " fcode="load"/>
<opset="p_ZZN4nnet24compute_output_buffer_2dINS_5arrayI8ap_fixedILi16ELi6EL9ap_q_mode5EL9ap_o_mode3ELi0EELj4EEENS1_IS2_ILi39ELi19ELS3_5ELS4_3ELi0EELj4EEE7config4EEvRKT_PAsrT1_6n_chan_12ap_shift_regINSA_10value_typeEXsrSD_8in_widthEERN3hls6streamIT0_91/1 "/>
</bind>
</comp>

<comp id="1406" class="1004" name="p_ZZN4nnet24compute_output_buffer_2dINS_5arrayI8ap_fixedILi16ELi6EL9ap_q_mode5EL9ap_o_mode3ELi0EELj4EEENS1_IS2_ILi39ELi19ELS3_5ELS4_3ELi0EELj4EEE7config4EEvRKT_PAsrT1_6n_chan_12ap_shift_regINSA_10value_typeEXsrSD_8in_widthEERN3hls6streamIT0_92_load_fu_1406">
<pin_list>
<pin id="1407" dir="0" index="0" bw="16" slack="0"/>
<pin id="1408" dir="1" index="1" bw="16" slack="1"/>
</pin_list>
<bind>
<opcode="load(27) " fcode="load"/>
<opset="p_ZZN4nnet24compute_output_buffer_2dINS_5arrayI8ap_fixedILi16ELi6EL9ap_q_mode5EL9ap_o_mode3ELi0EELj4EEENS1_IS2_ILi39ELi19ELS3_5ELS4_3ELi0EELj4EEE7config4EEvRKT_PAsrT1_6n_chan_12ap_shift_regINSA_10value_typeEXsrSD_8in_widthEERN3hls6streamIT0_92/1 "/>
</bind>
</comp>

<comp id="1410" class="1004" name="p_ZZN4nnet24compute_output_buffer_2dINS_5arrayI8ap_fixedILi16ELi6EL9ap_q_mode5EL9ap_o_mode3ELi0EELj4EEENS1_IS2_ILi39ELi19ELS3_5ELS4_3ELi0EELj4EEE7config4EEvRKT_PAsrT1_6n_chan_12ap_shift_regINSA_10value_typeEXsrSD_8in_widthEERN3hls6streamIT0_93_load_fu_1410">
<pin_list>
<pin id="1411" dir="0" index="0" bw="16" slack="0"/>
<pin id="1412" dir="1" index="1" bw="16" slack="1"/>
</pin_list>
<bind>
<opcode="load(27) " fcode="load"/>
<opset="p_ZZN4nnet24compute_output_buffer_2dINS_5arrayI8ap_fixedILi16ELi6EL9ap_q_mode5EL9ap_o_mode3ELi0EELj4EEENS1_IS2_ILi39ELi19ELS3_5ELS4_3ELi0EELj4EEE7config4EEvRKT_PAsrT1_6n_chan_12ap_shift_regINSA_10value_typeEXsrSD_8in_widthEERN3hls6streamIT0_93/1 "/>
</bind>
</comp>

<comp id="1414" class="1004" name="p_ZZN4nnet24compute_output_buffer_2dINS_5arrayI8ap_fixedILi16ELi6EL9ap_q_mode5EL9ap_o_mode3ELi0EELj4EEENS1_IS2_ILi39ELi19ELS3_5ELS4_3ELi0EELj4EEE7config4EEvRKT_PAsrT1_6n_chan_12ap_shift_regINSA_10value_typeEXsrSD_8in_widthEERN3hls6streamIT0_94_load_fu_1414">
<pin_list>
<pin id="1415" dir="0" index="0" bw="16" slack="0"/>
<pin id="1416" dir="1" index="1" bw="16" slack="1"/>
</pin_list>
<bind>
<opcode="load(27) " fcode="load"/>
<opset="p_ZZN4nnet24compute_output_buffer_2dINS_5arrayI8ap_fixedILi16ELi6EL9ap_q_mode5EL9ap_o_mode3ELi0EELj4EEENS1_IS2_ILi39ELi19ELS3_5ELS4_3ELi0EELj4EEE7config4EEvRKT_PAsrT1_6n_chan_12ap_shift_regINSA_10value_typeEXsrSD_8in_widthEERN3hls6streamIT0_94/1 "/>
</bind>
</comp>

<comp id="1418" class="1004" name="p_ZZN4nnet24compute_output_buffer_2dINS_5arrayI8ap_fixedILi16ELi6EL9ap_q_mode5EL9ap_o_mode3ELi0EELj4EEENS1_IS2_ILi39ELi19ELS3_5ELS4_3ELi0EELj4EEE7config4EEvRKT_PAsrT1_6n_chan_12ap_shift_regINSA_10value_typeEXsrSD_8in_widthEERN3hls6streamIT0_95_load_fu_1418">
<pin_list>
<pin id="1419" dir="0" index="0" bw="16" slack="0"/>
<pin id="1420" dir="1" index="1" bw="16" slack="1"/>
</pin_list>
<bind>
<opcode="load(27) " fcode="load"/>
<opset="p_ZZN4nnet24compute_output_buffer_2dINS_5arrayI8ap_fixedILi16ELi6EL9ap_q_mode5EL9ap_o_mode3ELi0EELj4EEENS1_IS2_ILi39ELi19ELS3_5ELS4_3ELi0EELj4EEE7config4EEvRKT_PAsrT1_6n_chan_12ap_shift_regINSA_10value_typeEXsrSD_8in_widthEERN3hls6streamIT0_95/1 "/>
</bind>
</comp>

<comp id="1422" class="1004" name="zext_ln135_fu_1422">
<pin_list>
<pin id="1423" dir="0" index="0" bw="8" slack="0"/>
<pin id="1424" dir="1" index="1" bw="64" slack="0"/>
</pin_list>
<bind>
<opcode="zext(34) " fcode="zext"/>
<opset="zext_ln135/1 "/>
</bind>
</comp>

<comp id="1428" class="1004" name="w_index_fu_1428">
<pin_list>
<pin id="1429" dir="0" index="0" bw="8" slack="0"/>
<pin id="1430" dir="0" index="1" bw="1" slack="0"/>
<pin id="1431" dir="1" index="2" bw="8" slack="0"/>
</pin_list>
<bind>
<opcode="add(8) " fcode="add"/>
<opset="w_index/1 "/>
</bind>
</comp>

<comp id="1434" class="1004" name="icmp_ln135_fu_1434">
<pin_list>
<pin id="1435" dir="0" index="0" bw="8" slack="0"/>
<pin id="1436" dir="0" index="1" bw="8" slack="0"/>
<pin id="1437" dir="1" index="2" bw="1" slack="1"/>
</pin_list>
<bind>
<opcode="icmp(45) " fcode="icmp"/>
<opset="icmp_ln135/1 "/>
</bind>
</comp>

<comp id="1440" class="1004" name="a_V_fu_1440">
<pin_list>
<pin id="1441" dir="0" index="0" bw="16" slack="0"/>
<pin id="1442" dir="0" index="1" bw="16" slack="0"/>
<pin id="1443" dir="0" index="2" bw="16" slack="0"/>
<pin id="1444" dir="0" index="3" bw="16" slack="0"/>
<pin id="1445" dir="0" index="4" bw="16" slack="0"/>
<pin id="1446" dir="0" index="5" bw="16" slack="0"/>
<pin id="1447" dir="0" index="6" bw="16" slack="0"/>
<pin id="1448" dir="0" index="7" bw="16" slack="0"/>
<pin id="1449" dir="0" index="8" bw="16" slack="0"/>
<pin id="1450" dir="0" index="9" bw="16" slack="0"/>
<pin id="1451" dir="0" index="10" bw="16" slack="0"/>
<pin id="1452" dir="0" index="11" bw="16" slack="0"/>
<pin id="1453" dir="0" index="12" bw="16" slack="0"/>
<pin id="1454" dir="0" index="13" bw="16" slack="0"/>
<pin id="1455" dir="0" index="14" bw="16" slack="0"/>
<pin id="1456" dir="0" index="15" bw="16" slack="0"/>
<pin id="1457" dir="0" index="16" bw="16" slack="0"/>
<pin id="1458" dir="0" index="17" bw="16" slack="0"/>
<pin id="1459" dir="0" index="18" bw="16" slack="0"/>
<pin id="1460" dir="0" index="19" bw="16" slack="0"/>
<pin id="1461" dir="0" index="20" bw="16" slack="0"/>
<pin id="1462" dir="0" index="21" bw="16" slack="0"/>
<pin id="1463" dir="0" index="22" bw="16" slack="0"/>
<pin id="1464" dir="0" index="23" bw="16" slack="0"/>
<pin id="1465" dir="0" index="24" bw="16" slack="0"/>
<pin id="1466" dir="0" index="25" bw="16" slack="0"/>
<pin id="1467" dir="0" index="26" bw="16" slack="0"/>
<pin id="1468" dir="0" index="27" bw="16" slack="0"/>
<pin id="1469" dir="0" index="28" bw="16" slack="0"/>
<pin id="1470" dir="0" index="29" bw="16" slack="0"/>
<pin id="1471" dir="0" index="30" bw="16" slack="0"/>
<pin id="1472" dir="0" index="31" bw="16" slack="0"/>
<pin id="1473" dir="0" index="32" bw="16" slack="0"/>
<pin id="1474" dir="0" index="33" bw="16" slack="0"/>
<pin id="1475" dir="0" index="34" bw="16" slack="0"/>
<pin id="1476" dir="0" index="35" bw="16" slack="0"/>
<pin id="1477" dir="0" index="36" bw="16" slack="0"/>
<pin id="1478" dir="0" index="37" bw="32" slack="0"/>
<pin id="1479" dir="1" index="38" bw="16" slack="0"/>
</pin_list>
<bind>
<opcode="mux(1196) " fcode="mux"/>
<opset="a_V/2 "/>
</bind>
</comp>

<comp id="1518" class="1004" name="sext_ln1168_fu_1518">
<pin_list>
<pin id="1519" dir="0" index="0" bw="16" slack="0"/>
<pin id="1520" dir="1" index="1" bw="26" slack="0"/>
</pin_list>
<bind>
<opcode="sext(35) " fcode="sext"/>
<opset="sext_ln1168/2 "/>
</bind>
</comp>

<comp id="1522" class="1004" name="sext_ln1168_2_fu_1522">
<pin_list>
<pin id="1523" dir="0" index="0" bw="12" slack="0"/>
<pin id="1524" dir="1" index="1" bw="26" slack="0"/>
</pin_list>
<bind>
<opcode="sext(35) " fcode="sext"/>
<opset="sext_ln1168_2/2 "/>
</bind>
</comp>

<comp id="1526" class="1004" name="in_index_1_fu_1526">
<pin_list>
<pin id="1527" dir="0" index="0" bw="32" slack="0"/>
<pin id="1528" dir="0" index="1" bw="1" slack="0"/>
<pin id="1529" dir="1" index="2" bw="32" slack="0"/>
</pin_list>
<bind>
<opcode="add(8) " fcode="add"/>
<opset="in_index_1/2 "/>
</bind>
</comp>

<comp id="1532" class="1004" name="icmp_ln154_fu_1532">
<pin_list>
<pin id="1533" dir="0" index="0" bw="32" slack="0"/>
<pin id="1534" dir="0" index="1" bw="32" slack="0"/>
<pin id="1535" dir="1" index="2" bw="1" slack="0"/>
</pin_list>
<bind>
<opcode="icmp(45) " fcode="icmp"/>
<opset="icmp_ln154/2 "/>
</bind>
</comp>

<comp id="1538" class="1004" name="in_index_fu_1538">
<pin_list>
<pin id="1539" dir="0" index="0" bw="1" slack="0"/>
<pin id="1540" dir="0" index="1" bw="32" slack="0"/>
<pin id="1541" dir="0" index="2" bw="32" slack="0"/>
<pin id="1542" dir="1" index="3" bw="32" slack="0"/>
</pin_list>
<bind>
<opcode="select(49) " fcode="select"/>
<opset="in_index/2 "/>
</bind>
</comp>

<comp id="1546" class="1004" name="trunc_ln_fu_1546">
<pin_list>
<pin id="1547" dir="0" index="0" bw="16" slack="0"/>
<pin id="1548" dir="0" index="1" bw="26" slack="0"/>
<pin id="1549" dir="0" index="2" bw="5" slack="0"/>
<pin id="1550" dir="0" index="3" bw="6" slack="0"/>
<pin id="1551" dir="1" index="4" bw="16" slack="0"/>
</pin_list>
<bind>
<opcode="partselect(1002) " fcode="partselect"/>
<opset="trunc_ln/5 "/>
</bind>
</comp>

<comp id="1555" class="1004" name="tmp_i_fu_1555">
<pin_list>
<pin id="1556" dir="0" index="0" bw="16" slack="0"/>
<pin id="1557" dir="0" index="1" bw="16" slack="0"/>
<pin id="1558" dir="0" index="2" bw="16" slack="0"/>
<pin id="1559" dir="0" index="3" bw="16" slack="0"/>
<pin id="1560" dir="0" index="4" bw="16" slack="0"/>
<pin id="1561" dir="0" index="5" bw="2" slack="3"/>
<pin id="1562" dir="1" index="6" bw="16" slack="0"/>
</pin_list>
<bind>
<opcode="mux(1196) " fcode="mux"/>
<opset="tmp_i/5 "/>
</bind>
</comp>

<comp id="1568" class="1004" name="add_ln712_fu_1568">
<pin_list>
<pin id="1569" dir="0" index="0" bw="16" slack="0"/>
<pin id="1570" dir="0" index="1" bw="16" slack="0"/>
<pin id="1571" dir="1" index="2" bw="16" slack="0"/>
</pin_list>
<bind>
<opcode="add(8) " fcode="add"/>
<opset="add_ln712/5 "/>
</bind>
</comp>

<comp id="1578" class="1004" name="shl_ln_fu_1578">
<pin_list>
<pin id="1579" dir="0" index="0" bw="26" slack="0"/>
<pin id="1580" dir="0" index="1" bw="16" slack="0"/>
<pin id="1581" dir="0" index="2" bw="1" slack="0"/>
<pin id="1582" dir="1" index="3" bw="26" slack="0"/>
</pin_list>
<bind>
<opcode="bitconcatenate(1004) " fcode="bitconcatenate"/>
<opset="shl_ln/5 "/>
</bind>
</comp>

<comp id="1586" class="1004" name="sext_ln110_fu_1586">
<pin_list>
<pin id="1587" dir="0" index="0" bw="26" slack="0"/>
<pin id="1588" dir="1" index="1" bw="39" slack="0"/>
</pin_list>
<bind>
<opcode="sext(35) " fcode="sext"/>
<opset="sext_ln110/5 "/>
</bind>
</comp>

<comp id="1590" class="1004" name="shl_ln737_1_fu_1590">
<pin_list>
<pin id="1591" dir="0" index="0" bw="26" slack="0"/>
<pin id="1592" dir="0" index="1" bw="16" slack="0"/>
<pin id="1593" dir="0" index="2" bw="1" slack="0"/>
<pin id="1594" dir="1" index="3" bw="26" slack="0"/>
</pin_list>
<bind>
<opcode="bitconcatenate(1004) " fcode="bitconcatenate"/>
<opset="shl_ln737_1/5 "/>
</bind>
</comp>

<comp id="1598" class="1004" name="sext_ln110_1_fu_1598">
<pin_list>
<pin id="1599" dir="0" index="0" bw="26" slack="0"/>
<pin id="1600" dir="1" index="1" bw="39" slack="0"/>
</pin_list>
<bind>
<opcode="sext(35) " fcode="sext"/>
<opset="sext_ln110_1/5 "/>
</bind>
</comp>

<comp id="1602" class="1004" name="shl_ln737_2_fu_1602">
<pin_list>
<pin id="1603" dir="0" index="0" bw="26" slack="0"/>
<pin id="1604" dir="0" index="1" bw="16" slack="0"/>
<pin id="1605" dir="0" index="2" bw="1" slack="0"/>
<pin id="1606" dir="1" index="3" bw="26" slack="0"/>
</pin_list>
<bind>
<opcode="bitconcatenate(1004) " fcode="bitconcatenate"/>
<opset="shl_ln737_2/5 "/>
</bind>
</comp>

<comp id="1610" class="1004" name="sext_ln110_2_fu_1610">
<pin_list>
<pin id="1611" dir="0" index="0" bw="26" slack="0"/>
<pin id="1612" dir="1" index="1" bw="39" slack="0"/>
</pin_list>
<bind>
<opcode="sext(35) " fcode="sext"/>
<opset="sext_ln110_2/5 "/>
</bind>
</comp>

<comp id="1614" class="1004" name="shl_ln737_3_fu_1614">
<pin_list>
<pin id="1615" dir="0" index="0" bw="26" slack="0"/>
<pin id="1616" dir="0" index="1" bw="16" slack="0"/>
<pin id="1617" dir="0" index="2" bw="1" slack="0"/>
<pin id="1618" dir="1" index="3" bw="26" slack="0"/>
</pin_list>
<bind>
<opcode="bitconcatenate(1004) " fcode="bitconcatenate"/>
<opset="shl_ln737_3/5 "/>
</bind>
</comp>

<comp id="1622" class="1004" name="sext_ln166_fu_1622">
<pin_list>
<pin id="1623" dir="0" index="0" bw="26" slack="0"/>
<pin id="1624" dir="1" index="1" bw="39" slack="0"/>
</pin_list>
<bind>
<opcode="sext(35) " fcode="sext"/>
<opset="sext_ln166/5 "/>
</bind>
</comp>

<comp id="1626" class="1004" name="mrv_i_fu_1626">
<pin_list>
<pin id="1627" dir="0" index="0" bw="156" slack="0"/>
<pin id="1628" dir="0" index="1" bw="26" slack="0"/>
<pin id="1629" dir="1" index="2" bw="156" slack="0"/>
</pin_list>
<bind>
<opcode="insertvalue(57) " fcode="insertvalue"/>
<opset="mrv_i/5 "/>
</bind>
</comp>

<comp id="1632" class="1004" name="mrv_1_i_fu_1632">
<pin_list>
<pin id="1633" dir="0" index="0" bw="156" slack="0"/>
<pin id="1634" dir="0" index="1" bw="26" slack="0"/>
<pin id="1635" dir="1" index="2" bw="156" slack="0"/>
</pin_list>
<bind>
<opcode="insertvalue(57) " fcode="insertvalue"/>
<opset="mrv_1_i/5 "/>
</bind>
</comp>

<comp id="1638" class="1004" name="mrv_2_i_fu_1638">
<pin_list>
<pin id="1639" dir="0" index="0" bw="156" slack="0"/>
<pin id="1640" dir="0" index="1" bw="26" slack="0"/>
<pin id="1641" dir="1" index="2" bw="156" slack="0"/>
</pin_list>
<bind>
<opcode="insertvalue(57) " fcode="insertvalue"/>
<opset="mrv_2_i/5 "/>
</bind>
</comp>

<comp id="1644" class="1004" name="mrv_3_i_fu_1644">
<pin_list>
<pin id="1645" dir="0" index="0" bw="156" slack="0"/>
<pin id="1646" dir="0" index="1" bw="26" slack="0"/>
<pin id="1647" dir="1" index="2" bw="156" slack="0"/>
</pin_list>
<bind>
<opcode="insertvalue(57) " fcode="insertvalue"/>
<opset="mrv_3_i/5 "/>
</bind>
</comp>

<comp id="1650" class="1004" name="return_ln166_fu_1650">
<pin_list>
<pin id="1651" dir="0" index="0" bw="156" slack="0"/>
<pin id="1652" dir="1" index="1" bw="0" slack="2147483647"/>
</pin_list>
<bind>
<opcode="return(1203) " fcode="return"/>
<opset="return_ln166/5 "/>
</bind>
</comp>

<comp id="1654" class="1007" name="grp_fu_1654">
<pin_list>
<pin id="1655" dir="0" index="0" bw="16" slack="0"/>
<pin id="1656" dir="0" index="1" bw="12" slack="0"/>
<pin id="1657" dir="1" index="2" bw="26" slack="0"/>
</pin_list>
<bind>
<opcode="mul(12) " fcode="mul"/>
<opset="mul_ln1168/2 "/>
</bind>
</comp>

<comp id="1661" class="1005" name="void_compute_output_buffer_2d_array_array_ap_fixed_4u_config4_array_ap_fixed_16_6_5_3_0_4u_const_ap_shift_reg_value_type_in_width_n_chan_stream_array_ap_fixed_39_19_5_3_0_4u_0_weight_t_bias_t_kernel_data_9_load_reg_1661">
<pin_list>
<pin id="1662" dir="0" index="0" bw="16" slack="1"/>
<pin id="1663" dir="1" index="1" bw="16" slack="1"/>
</pin_list>
<bind>
<opset="void_compute_output_buffer_2d_array_array_ap_fixed_4u_config4_array_ap_fixed_16_6_5_3_0_4u_const_ap_shift_reg_value_type_in_width_n_chan_stream_array_ap_fixed_39_19_5_3_0_4u_0_weight_t_bias_t_kernel_data_9_load "/>
</bind>
</comp>

<comp id="1666" class="1005" name="void_compute_output_buffer_2d_array_array_ap_fixed_4u_config4_array_ap_fixed_16_6_5_3_0_4u_const_ap_shift_reg_value_type_in_width_n_chan_stream_array_ap_fixed_39_19_5_3_0_4u_0_weight_t_bias_t_kernel_data_8_load_reg_1666">
<pin_list>
<pin id="1667" dir="0" index="0" bw="16" slack="1"/>
<pin id="1668" dir="1" index="1" bw="16" slack="1"/>
</pin_list>
<bind>
<opset="void_compute_output_buffer_2d_array_array_ap_fixed_4u_config4_array_ap_fixed_16_6_5_3_0_4u_const_ap_shift_reg_value_type_in_width_n_chan_stream_array_ap_fixed_39_19_5_3_0_4u_0_weight_t_bias_t_kernel_data_8_load "/>
</bind>
</comp>

<comp id="1671" class="1005" name="void_compute_output_buffer_2d_array_array_ap_fixed_4u_config4_array_ap_fixed_16_6_5_3_0_4u_const_ap_shift_reg_value_type_in_width_n_chan_stream_array_ap_fixed_39_19_5_3_0_4u_0_weight_t_bias_t_kernel_data_7_load_reg_1671">
<pin_list>
<pin id="1672" dir="0" index="0" bw="16" slack="1"/>
<pin id="1673" dir="1" index="1" bw="16" slack="1"/>
</pin_list>
<bind>
<opset="void_compute_output_buffer_2d_array_array_ap_fixed_4u_config4_array_ap_fixed_16_6_5_3_0_4u_const_ap_shift_reg_value_type_in_width_n_chan_stream_array_ap_fixed_39_19_5_3_0_4u_0_weight_t_bias_t_kernel_data_7_load "/>
</bind>
</comp>

<comp id="1676" class="1005" name="void_compute_output_buffer_2d_array_array_ap_fixed_4u_config4_array_ap_fixed_16_6_5_3_0_4u_const_ap_shift_reg_value_type_in_width_n_chan_stream_array_ap_fixed_39_19_5_3_0_4u_0_weight_t_bias_t_kernel_data_6_load_reg_1676">
<pin_list>
<pin id="1677" dir="0" index="0" bw="16" slack="1"/>
<pin id="1678" dir="1" index="1" bw="16" slack="1"/>
</pin_list>
<bind>
<opset="void_compute_output_buffer_2d_array_array_ap_fixed_4u_config4_array_ap_fixed_16_6_5_3_0_4u_const_ap_shift_reg_value_type_in_width_n_chan_stream_array_ap_fixed_39_19_5_3_0_4u_0_weight_t_bias_t_kernel_data_6_load "/>
</bind>
</comp>

<comp id="1681" class="1005" name="void_compute_output_buffer_2d_array_array_ap_fixed_4u_config4_array_ap_fixed_16_6_5_3_0_4u_const_ap_shift_reg_value_type_in_width_n_chan_stream_array_ap_fixed_39_19_5_3_0_4u_0_weight_t_bias_t_kernel_data_5_load_reg_1681">
<pin_list>
<pin id="1682" dir="0" index="0" bw="16" slack="1"/>
<pin id="1683" dir="1" index="1" bw="16" slack="1"/>
</pin_list>
<bind>
<opset="void_compute_output_buffer_2d_array_array_ap_fixed_4u_config4_array_ap_fixed_16_6_5_3_0_4u_const_ap_shift_reg_value_type_in_width_n_chan_stream_array_ap_fixed_39_19_5_3_0_4u_0_weight_t_bias_t_kernel_data_5_load "/>
</bind>
</comp>

<comp id="1686" class="1005" name="void_compute_output_buffer_2d_array_array_ap_fixed_4u_config4_array_ap_fixed_16_6_5_3_0_4u_const_ap_shift_reg_value_type_in_width_n_chan_stream_array_ap_fixed_39_19_5_3_0_4u_0_weight_t_bias_t_kernel_data_4_load_reg_1686">
<pin_list>
<pin id="1687" dir="0" index="0" bw="16" slack="1"/>
<pin id="1688" dir="1" index="1" bw="16" slack="1"/>
</pin_list>
<bind>
<opset="void_compute_output_buffer_2d_array_array_ap_fixed_4u_config4_array_ap_fixed_16_6_5_3_0_4u_const_ap_shift_reg_value_type_in_width_n_chan_stream_array_ap_fixed_39_19_5_3_0_4u_0_weight_t_bias_t_kernel_data_4_load "/>
</bind>
</comp>

<comp id="1691" class="1005" name="void_compute_output_buffer_2d_array_array_ap_fixed_4u_config4_array_ap_fixed_16_6_5_3_0_4u_const_ap_shift_reg_value_type_in_width_n_chan_stream_array_ap_fixed_39_19_5_3_0_4u_0_weight_t_bias_t_kernel_data_3_load_reg_1691">
<pin_list>
<pin id="1692" dir="0" index="0" bw="16" slack="1"/>
<pin id="1693" dir="1" index="1" bw="16" slack="1"/>
</pin_list>
<bind>
<opset="void_compute_output_buffer_2d_array_array_ap_fixed_4u_config4_array_ap_fixed_16_6_5_3_0_4u_const_ap_shift_reg_value_type_in_width_n_chan_stream_array_ap_fixed_39_19_5_3_0_4u_0_weight_t_bias_t_kernel_data_3_load "/>
</bind>
</comp>

<comp id="1696" class="1005" name="void_compute_output_buffer_2d_array_array_ap_fixed_4u_config4_array_ap_fixed_16_6_5_3_0_4u_const_ap_shift_reg_value_type_in_width_n_chan_stream_array_ap_fixed_39_19_5_3_0_4u_0_weight_t_bias_t_kernel_data_2_load_reg_1696">
<pin_list>
<pin id="1697" dir="0" index="0" bw="16" slack="1"/>
<pin id="1698" dir="1" index="1" bw="16" slack="1"/>
</pin_list>
<bind>
<opset="void_compute_output_buffer_2d_array_array_ap_fixed_4u_config4_array_ap_fixed_16_6_5_3_0_4u_const_ap_shift_reg_value_type_in_width_n_chan_stream_array_ap_fixed_39_19_5_3_0_4u_0_weight_t_bias_t_kernel_data_2_load "/>
</bind>
</comp>

<comp id="1701" class="1005" name="void_compute_output_buffer_2d_array_array_ap_fixed_4u_config4_array_ap_fixed_16_6_5_3_0_4u_const_ap_shift_reg_value_type_in_width_n_chan_stream_array_ap_fixed_39_19_5_3_0_4u_0_weight_t_bias_t_kernel_data_1_load_reg_1701">
<pin_list>
<pin id="1702" dir="0" index="0" bw="16" slack="1"/>
<pin id="1703" dir="1" index="1" bw="16" slack="1"/>
</pin_list>
<bind>
<opset="void_compute_output_buffer_2d_array_array_ap_fixed_4u_config4_array_ap_fixed_16_6_5_3_0_4u_const_ap_shift_reg_value_type_in_width_n_chan_stream_array_ap_fixed_39_19_5_3_0_4u_0_weight_t_bias_t_kernel_data_1_load "/>
</bind>
</comp>

<comp id="1706" class="1005" name="void_compute_output_buffer_2d_array_array_ap_fixed_4u_config4_array_ap_fixed_16_6_5_3_0_4u_const_ap_shift_reg_value_type_in_width_n_chan_stream_array_ap_fixed_39_19_5_3_0_4u_0_weight_t_bias_t_kernel_data_load_reg_1706">
<pin_list>
<pin id="1707" dir="0" index="0" bw="16" slack="1"/>
<pin id="1708" dir="1" index="1" bw="16" slack="1"/>
</pin_list>
<bind>
<opset="void_compute_output_buffer_2d_array_array_ap_fixed_4u_config4_array_ap_fixed_16_6_5_3_0_4u_const_ap_shift_reg_value_type_in_width_n_chan_stream_array_ap_fixed_39_19_5_3_0_4u_0_weight_t_bias_t_kernel_data_load "/>
</bind>
</comp>

<comp id="1711" class="1005" name="p_ZZN4nnet24compute_output_buffer_2dINS_5arrayI8ap_fixedILi16ELi6EL9ap_q_mode5EL9ap_o_mode3ELi0EELj4EEENS1_IS2_ILi39ELi19ELS3_5ELS4_3ELi0EELj4EEE7config4EEvRKT_PAsrT1_6n_chan_12ap_shift_regINSA_10value_typeEXsrSD_8in_widthEERN3hls6streamIT0_70_reg_1711">
<pin_list>
<pin id="1712" dir="0" index="0" bw="16" slack="1"/>
<pin id="1713" dir="1" index="1" bw="16" slack="1"/>
</pin_list>
<bind>
<opset="p_ZZN4nnet24compute_output_buffer_2dINS_5arrayI8ap_fixedILi16ELi6EL9ap_q_mode5EL9ap_o_mode3ELi0EELj4EEENS1_IS2_ILi39ELi19ELS3_5ELS4_3ELi0EELj4EEE7config4EEvRKT_PAsrT1_6n_chan_12ap_shift_regINSA_10value_typeEXsrSD_8in_widthEERN3hls6streamIT0_70 "/>
</bind>
</comp>

<comp id="1716" class="1005" name="p_ZZN4nnet24compute_output_buffer_2dINS_5arrayI8ap_fixedILi16ELi6EL9ap_q_mode5EL9ap_o_mode3ELi0EELj4EEENS1_IS2_ILi39ELi19ELS3_5ELS4_3ELi0EELj4EEE7config4EEvRKT_PAsrT1_6n_chan_12ap_shift_regINSA_10value_typeEXsrSD_8in_widthEERN3hls6streamIT0_71_reg_1716">
<pin_list>
<pin id="1717" dir="0" index="0" bw="16" slack="1"/>
<pin id="1718" dir="1" index="1" bw="16" slack="1"/>
</pin_list>
<bind>
<opset="p_ZZN4nnet24compute_output_buffer_2dINS_5arrayI8ap_fixedILi16ELi6EL9ap_q_mode5EL9ap_o_mode3ELi0EELj4EEENS1_IS2_ILi39ELi19ELS3_5ELS4_3ELi0EELj4EEE7config4EEvRKT_PAsrT1_6n_chan_12ap_shift_regINSA_10value_typeEXsrSD_8in_widthEERN3hls6streamIT0_71 "/>
</bind>
</comp>

<comp id="1721" class="1005" name="p_ZZN4nnet24compute_output_buffer_2dINS_5arrayI8ap_fixedILi16ELi6EL9ap_q_mode5EL9ap_o_mode3ELi0EELj4EEENS1_IS2_ILi39ELi19ELS3_5ELS4_3ELi0EELj4EEE7config4EEvRKT_PAsrT1_6n_chan_12ap_shift_regINSA_10value_typeEXsrSD_8in_widthEERN3hls6streamIT0_72_reg_1721">
<pin_list>
<pin id="1722" dir="0" index="0" bw="16" slack="1"/>
<pin id="1723" dir="1" index="1" bw="16" slack="1"/>
</pin_list>
<bind>
<opset="p_ZZN4nnet24compute_output_buffer_2dINS_5arrayI8ap_fixedILi16ELi6EL9ap_q_mode5EL9ap_o_mode3ELi0EELj4EEENS1_IS2_ILi39ELi19ELS3_5ELS4_3ELi0EELj4EEE7config4EEvRKT_PAsrT1_6n_chan_12ap_shift_regINSA_10value_typeEXsrSD_8in_widthEERN3hls6streamIT0_72 "/>
</bind>
</comp>

<comp id="1726" class="1005" name="p_ZZN4nnet24compute_output_buffer_2dINS_5arrayI8ap_fixedILi16ELi6EL9ap_q_mode5EL9ap_o_mode3ELi0EELj4EEENS1_IS2_ILi39ELi19ELS3_5ELS4_3ELi0EELj4EEE7config4EEvRKT_PAsrT1_6n_chan_12ap_shift_regINSA_10value_typeEXsrSD_8in_widthEERN3hls6streamIT0_73_reg_1726">
<pin_list>
<pin id="1727" dir="0" index="0" bw="16" slack="1"/>
<pin id="1728" dir="1" index="1" bw="16" slack="1"/>
</pin_list>
<bind>
<opset="p_ZZN4nnet24compute_output_buffer_2dINS_5arrayI8ap_fixedILi16ELi6EL9ap_q_mode5EL9ap_o_mode3ELi0EELj4EEENS1_IS2_ILi39ELi19ELS3_5ELS4_3ELi0EELj4EEE7config4EEvRKT_PAsrT1_6n_chan_12ap_shift_regINSA_10value_typeEXsrSD_8in_widthEERN3hls6streamIT0_73 "/>
</bind>
</comp>

<comp id="1731" class="1005" name="p_ZZN4nnet24compute_output_buffer_2dINS_5arrayI8ap_fixedILi16ELi6EL9ap_q_mode5EL9ap_o_mode3ELi0EELj4EEENS1_IS2_ILi39ELi19ELS3_5ELS4_3ELi0EELj4EEE7config4EEvRKT_PAsrT1_6n_chan_12ap_shift_regINSA_10value_typeEXsrSD_8in_widthEERN3hls6streamIT0_74_reg_1731">
<pin_list>
<pin id="1732" dir="0" index="0" bw="16" slack="1"/>
<pin id="1733" dir="1" index="1" bw="16" slack="1"/>
</pin_list>
<bind>
<opset="p_ZZN4nnet24compute_output_buffer_2dINS_5arrayI8ap_fixedILi16ELi6EL9ap_q_mode5EL9ap_o_mode3ELi0EELj4EEENS1_IS2_ILi39ELi19ELS3_5ELS4_3ELi0EELj4EEE7config4EEvRKT_PAsrT1_6n_chan_12ap_shift_regINSA_10value_typeEXsrSD_8in_widthEERN3hls6streamIT0_74 "/>
</bind>
</comp>

<comp id="1736" class="1005" name="p_ZZN4nnet24compute_output_buffer_2dINS_5arrayI8ap_fixedILi16ELi6EL9ap_q_mode5EL9ap_o_mode3ELi0EELj4EEENS1_IS2_ILi39ELi19ELS3_5ELS4_3ELi0EELj4EEE7config4EEvRKT_PAsrT1_6n_chan_12ap_shift_regINSA_10value_typeEXsrSD_8in_widthEERN3hls6streamIT0_75_reg_1736">
<pin_list>
<pin id="1737" dir="0" index="0" bw="16" slack="1"/>
<pin id="1738" dir="1" index="1" bw="16" slack="1"/>
</pin_list>
<bind>
<opset="p_ZZN4nnet24compute_output_buffer_2dINS_5arrayI8ap_fixedILi16ELi6EL9ap_q_mode5EL9ap_o_mode3ELi0EELj4EEENS1_IS2_ILi39ELi19ELS3_5ELS4_3ELi0EELj4EEE7config4EEvRKT_PAsrT1_6n_chan_12ap_shift_regINSA_10value_typeEXsrSD_8in_widthEERN3hls6streamIT0_75 "/>
</bind>
</comp>

<comp id="1741" class="1005" name="p_ZZN4nnet24compute_output_buffer_2dINS_5arrayI8ap_fixedILi16ELi6EL9ap_q_mode5EL9ap_o_mode3ELi0EELj4EEENS1_IS2_ILi39ELi19ELS3_5ELS4_3ELi0EELj4EEE7config4EEvRKT_PAsrT1_6n_chan_12ap_shift_regINSA_10value_typeEXsrSD_8in_widthEERN3hls6streamIT0_76_reg_1741">
<pin_list>
<pin id="1742" dir="0" index="0" bw="16" slack="1"/>
<pin id="1743" dir="1" index="1" bw="16" slack="1"/>
</pin_list>
<bind>
<opset="p_ZZN4nnet24compute_output_buffer_2dINS_5arrayI8ap_fixedILi16ELi6EL9ap_q_mode5EL9ap_o_mode3ELi0EELj4EEENS1_IS2_ILi39ELi19ELS3_5ELS4_3ELi0EELj4EEE7config4EEvRKT_PAsrT1_6n_chan_12ap_shift_regINSA_10value_typeEXsrSD_8in_widthEERN3hls6streamIT0_76 "/>
</bind>
</comp>

<comp id="1746" class="1005" name="p_ZZN4nnet24compute_output_buffer_2dINS_5arrayI8ap_fixedILi16ELi6EL9ap_q_mode5EL9ap_o_mode3ELi0EELj4EEENS1_IS2_ILi39ELi19ELS3_5ELS4_3ELi0EELj4EEE7config4EEvRKT_PAsrT1_6n_chan_12ap_shift_regINSA_10value_typeEXsrSD_8in_widthEERN3hls6streamIT0_77_reg_1746">
<pin_list>
<pin id="1747" dir="0" index="0" bw="16" slack="1"/>
<pin id="1748" dir="1" index="1" bw="16" slack="1"/>
</pin_list>
<bind>
<opset="p_ZZN4nnet24compute_output_buffer_2dINS_5arrayI8ap_fixedILi16ELi6EL9ap_q_mode5EL9ap_o_mode3ELi0EELj4EEENS1_IS2_ILi39ELi19ELS3_5ELS4_3ELi0EELj4EEE7config4EEvRKT_PAsrT1_6n_chan_12ap_shift_regINSA_10value_typeEXsrSD_8in_widthEERN3hls6streamIT0_77 "/>
</bind>
</comp>

<comp id="1751" class="1005" name="p_ZZN4nnet24compute_output_buffer_2dINS_5arrayI8ap_fixedILi16ELi6EL9ap_q_mode5EL9ap_o_mode3ELi0EELj4EEENS1_IS2_ILi39ELi19ELS3_5ELS4_3ELi0EELj4EEE7config4EEvRKT_PAsrT1_6n_chan_12ap_shift_regINSA_10value_typeEXsrSD_8in_widthEERN3hls6streamIT0_78_reg_1751">
<pin_list>
<pin id="1752" dir="0" index="0" bw="16" slack="1"/>
<pin id="1753" dir="1" index="1" bw="16" slack="1"/>
</pin_list>
<bind>
<opset="p_ZZN4nnet24compute_output_buffer_2dINS_5arrayI8ap_fixedILi16ELi6EL9ap_q_mode5EL9ap_o_mode3ELi0EELj4EEENS1_IS2_ILi39ELi19ELS3_5ELS4_3ELi0EELj4EEE7config4EEvRKT_PAsrT1_6n_chan_12ap_shift_regINSA_10value_typeEXsrSD_8in_widthEERN3hls6streamIT0_78 "/>
</bind>
</comp>

<comp id="1756" class="1005" name="p_ZZN4nnet24compute_output_buffer_2dINS_5arrayI8ap_fixedILi16ELi6EL9ap_q_mode5EL9ap_o_mode3ELi0EELj4EEENS1_IS2_ILi39ELi19ELS3_5ELS4_3ELi0EELj4EEE7config4EEvRKT_PAsrT1_6n_chan_12ap_shift_regINSA_10value_typeEXsrSD_8in_widthEERN3hls6streamIT0_79_reg_1756">
<pin_list>
<pin id="1757" dir="0" index="0" bw="16" slack="1"/>
<pin id="1758" dir="1" index="1" bw="16" slack="1"/>
</pin_list>
<bind>
<opset="p_ZZN4nnet24compute_output_buffer_2dINS_5arrayI8ap_fixedILi16ELi6EL9ap_q_mode5EL9ap_o_mode3ELi0EELj4EEENS1_IS2_ILi39ELi19ELS3_5ELS4_3ELi0EELj4EEE7config4EEvRKT_PAsrT1_6n_chan_12ap_shift_regINSA_10value_typeEXsrSD_8in_widthEERN3hls6streamIT0_79 "/>
</bind>
</comp>

<comp id="1761" class="1005" name="p_ZZN4nnet24compute_output_buffer_2dINS_5arrayI8ap_fixedILi16ELi6EL9ap_q_mode5EL9ap_o_mode3ELi0EELj4EEENS1_IS2_ILi39ELi19ELS3_5ELS4_3ELi0EELj4EEE7config4EEvRKT_PAsrT1_6n_chan_12ap_shift_regINSA_10value_typeEXsrSD_8in_widthEERN3hls6streamIT0_80_reg_1761">
<pin_list>
<pin id="1762" dir="0" index="0" bw="16" slack="1"/>
<pin id="1763" dir="1" index="1" bw="16" slack="1"/>
</pin_list>
<bind>
<opset="p_ZZN4nnet24compute_output_buffer_2dINS_5arrayI8ap_fixedILi16ELi6EL9ap_q_mode5EL9ap_o_mode3ELi0EELj4EEENS1_IS2_ILi39ELi19ELS3_5ELS4_3ELi0EELj4EEE7config4EEvRKT_PAsrT1_6n_chan_12ap_shift_regINSA_10value_typeEXsrSD_8in_widthEERN3hls6streamIT0_80 "/>
</bind>
</comp>

<comp id="1766" class="1005" name="p_ZZN4nnet24compute_output_buffer_2dINS_5arrayI8ap_fixedILi16ELi6EL9ap_q_mode5EL9ap_o_mode3ELi0EELj4EEENS1_IS2_ILi39ELi19ELS3_5ELS4_3ELi0EELj4EEE7config4EEvRKT_PAsrT1_6n_chan_12ap_shift_regINSA_10value_typeEXsrSD_8in_widthEERN3hls6streamIT0_81_reg_1766">
<pin_list>
<pin id="1767" dir="0" index="0" bw="16" slack="1"/>
<pin id="1768" dir="1" index="1" bw="16" slack="1"/>
</pin_list>
<bind>
<opset="p_ZZN4nnet24compute_output_buffer_2dINS_5arrayI8ap_fixedILi16ELi6EL9ap_q_mode5EL9ap_o_mode3ELi0EELj4EEENS1_IS2_ILi39ELi19ELS3_5ELS4_3ELi0EELj4EEE7config4EEvRKT_PAsrT1_6n_chan_12ap_shift_regINSA_10value_typeEXsrSD_8in_widthEERN3hls6streamIT0_81 "/>
</bind>
</comp>

<comp id="1771" class="1005" name="p_ZZN4nnet24compute_output_buffer_2dINS_5arrayI8ap_fixedILi16ELi6EL9ap_q_mode5EL9ap_o_mode3ELi0EELj4EEENS1_IS2_ILi39ELi19ELS3_5ELS4_3ELi0EELj4EEE7config4EEvRKT_PAsrT1_6n_chan_12ap_shift_regINSA_10value_typeEXsrSD_8in_widthEERN3hls6streamIT0_82_reg_1771">
<pin_list>
<pin id="1772" dir="0" index="0" bw="16" slack="1"/>
<pin id="1773" dir="1" index="1" bw="16" slack="1"/>
</pin_list>
<bind>
<opset="p_ZZN4nnet24compute_output_buffer_2dINS_5arrayI8ap_fixedILi16ELi6EL9ap_q_mode5EL9ap_o_mode3ELi0EELj4EEENS1_IS2_ILi39ELi19ELS3_5ELS4_3ELi0EELj4EEE7config4EEvRKT_PAsrT1_6n_chan_12ap_shift_regINSA_10value_typeEXsrSD_8in_widthEERN3hls6streamIT0_82 "/>
</bind>
</comp>

<comp id="1776" class="1005" name="p_ZZN4nnet24compute_output_buffer_2dINS_5arrayI8ap_fixedILi16ELi6EL9ap_q_mode5EL9ap_o_mode3ELi0EELj4EEENS1_IS2_ILi39ELi19ELS3_5ELS4_3ELi0EELj4EEE7config4EEvRKT_PAsrT1_6n_chan_12ap_shift_regINSA_10value_typeEXsrSD_8in_widthEERN3hls6streamIT0_83_reg_1776">
<pin_list>
<pin id="1777" dir="0" index="0" bw="16" slack="1"/>
<pin id="1778" dir="1" index="1" bw="16" slack="1"/>
</pin_list>
<bind>
<opset="p_ZZN4nnet24compute_output_buffer_2dINS_5arrayI8ap_fixedILi16ELi6EL9ap_q_mode5EL9ap_o_mode3ELi0EELj4EEENS1_IS2_ILi39ELi19ELS3_5ELS4_3ELi0EELj4EEE7config4EEvRKT_PAsrT1_6n_chan_12ap_shift_regINSA_10value_typeEXsrSD_8in_widthEERN3hls6streamIT0_83 "/>
</bind>
</comp>

<comp id="1781" class="1005" name="p_ZZN4nnet24compute_output_buffer_2dINS_5arrayI8ap_fixedILi16ELi6EL9ap_q_mode5EL9ap_o_mode3ELi0EELj4EEENS1_IS2_ILi39ELi19ELS3_5ELS4_3ELi0EELj4EEE7config4EEvRKT_PAsrT1_6n_chan_12ap_shift_regINSA_10value_typeEXsrSD_8in_widthEERN3hls6streamIT0_84_reg_1781">
<pin_list>
<pin id="1782" dir="0" index="0" bw="16" slack="1"/>
<pin id="1783" dir="1" index="1" bw="16" slack="1"/>
</pin_list>
<bind>
<opset="p_ZZN4nnet24compute_output_buffer_2dINS_5arrayI8ap_fixedILi16ELi6EL9ap_q_mode5EL9ap_o_mode3ELi0EELj4EEENS1_IS2_ILi39ELi19ELS3_5ELS4_3ELi0EELj4EEE7config4EEvRKT_PAsrT1_6n_chan_12ap_shift_regINSA_10value_typeEXsrSD_8in_widthEERN3hls6streamIT0_84 "/>
</bind>
</comp>

<comp id="1786" class="1005" name="p_ZZN4nnet24compute_output_buffer_2dINS_5arrayI8ap_fixedILi16ELi6EL9ap_q_mode5EL9ap_o_mode3ELi0EELj4EEENS1_IS2_ILi39ELi19ELS3_5ELS4_3ELi0EELj4EEE7config4EEvRKT_PAsrT1_6n_chan_12ap_shift_regINSA_10value_typeEXsrSD_8in_widthEERN3hls6streamIT0_85_reg_1786">
<pin_list>
<pin id="1787" dir="0" index="0" bw="16" slack="1"/>
<pin id="1788" dir="1" index="1" bw="16" slack="1"/>
</pin_list>
<bind>
<opset="p_ZZN4nnet24compute_output_buffer_2dINS_5arrayI8ap_fixedILi16ELi6EL9ap_q_mode5EL9ap_o_mode3ELi0EELj4EEENS1_IS2_ILi39ELi19ELS3_5ELS4_3ELi0EELj4EEE7config4EEvRKT_PAsrT1_6n_chan_12ap_shift_regINSA_10value_typeEXsrSD_8in_widthEERN3hls6streamIT0_85 "/>
</bind>
</comp>

<comp id="1791" class="1005" name="p_ZZN4nnet24compute_output_buffer_2dINS_5arrayI8ap_fixedILi16ELi6EL9ap_q_mode5EL9ap_o_mode3ELi0EELj4EEENS1_IS2_ILi39ELi19ELS3_5ELS4_3ELi0EELj4EEE7config4EEvRKT_PAsrT1_6n_chan_12ap_shift_regINSA_10value_typeEXsrSD_8in_widthEERN3hls6streamIT0_86_reg_1791">
<pin_list>
<pin id="1792" dir="0" index="0" bw="16" slack="1"/>
<pin id="1793" dir="1" index="1" bw="16" slack="1"/>
</pin_list>
<bind>
<opset="p_ZZN4nnet24compute_output_buffer_2dINS_5arrayI8ap_fixedILi16ELi6EL9ap_q_mode5EL9ap_o_mode3ELi0EELj4EEENS1_IS2_ILi39ELi19ELS3_5ELS4_3ELi0EELj4EEE7config4EEvRKT_PAsrT1_6n_chan_12ap_shift_regINSA_10value_typeEXsrSD_8in_widthEERN3hls6streamIT0_86 "/>
</bind>
</comp>

<comp id="1796" class="1005" name="p_ZZN4nnet24compute_output_buffer_2dINS_5arrayI8ap_fixedILi16ELi6EL9ap_q_mode5EL9ap_o_mode3ELi0EELj4EEENS1_IS2_ILi39ELi19ELS3_5ELS4_3ELi0EELj4EEE7config4EEvRKT_PAsrT1_6n_chan_12ap_shift_regINSA_10value_typeEXsrSD_8in_widthEERN3hls6streamIT0_87_reg_1796">
<pin_list>
<pin id="1797" dir="0" index="0" bw="16" slack="1"/>
<pin id="1798" dir="1" index="1" bw="16" slack="1"/>
</pin_list>
<bind>
<opset="p_ZZN4nnet24compute_output_buffer_2dINS_5arrayI8ap_fixedILi16ELi6EL9ap_q_mode5EL9ap_o_mode3ELi0EELj4EEENS1_IS2_ILi39ELi19ELS3_5ELS4_3ELi0EELj4EEE7config4EEvRKT_PAsrT1_6n_chan_12ap_shift_regINSA_10value_typeEXsrSD_8in_widthEERN3hls6streamIT0_87 "/>
</bind>
</comp>

<comp id="1801" class="1005" name="p_ZZN4nnet24compute_output_buffer_2dINS_5arrayI8ap_fixedILi16ELi6EL9ap_q_mode5EL9ap_o_mode3ELi0EELj4EEENS1_IS2_ILi39ELi19ELS3_5ELS4_3ELi0EELj4EEE7config4EEvRKT_PAsrT1_6n_chan_12ap_shift_regINSA_10value_typeEXsrSD_8in_widthEERN3hls6streamIT0_88_reg_1801">
<pin_list>
<pin id="1802" dir="0" index="0" bw="16" slack="1"/>
<pin id="1803" dir="1" index="1" bw="16" slack="1"/>
</pin_list>
<bind>
<opset="p_ZZN4nnet24compute_output_buffer_2dINS_5arrayI8ap_fixedILi16ELi6EL9ap_q_mode5EL9ap_o_mode3ELi0EELj4EEENS1_IS2_ILi39ELi19ELS3_5ELS4_3ELi0EELj4EEE7config4EEvRKT_PAsrT1_6n_chan_12ap_shift_regINSA_10value_typeEXsrSD_8in_widthEERN3hls6streamIT0_88 "/>
</bind>
</comp>

<comp id="1806" class="1005" name="p_ZZN4nnet24compute_output_buffer_2dINS_5arrayI8ap_fixedILi16ELi6EL9ap_q_mode5EL9ap_o_mode3ELi0EELj4EEENS1_IS2_ILi39ELi19ELS3_5ELS4_3ELi0EELj4EEE7config4EEvRKT_PAsrT1_6n_chan_12ap_shift_regINSA_10value_typeEXsrSD_8in_widthEERN3hls6streamIT0_89_reg_1806">
<pin_list>
<pin id="1807" dir="0" index="0" bw="16" slack="1"/>
<pin id="1808" dir="1" index="1" bw="16" slack="1"/>
</pin_list>
<bind>
<opset="p_ZZN4nnet24compute_output_buffer_2dINS_5arrayI8ap_fixedILi16ELi6EL9ap_q_mode5EL9ap_o_mode3ELi0EELj4EEENS1_IS2_ILi39ELi19ELS3_5ELS4_3ELi0EELj4EEE7config4EEvRKT_PAsrT1_6n_chan_12ap_shift_regINSA_10value_typeEXsrSD_8in_widthEERN3hls6streamIT0_89 "/>
</bind>
</comp>

<comp id="1811" class="1005" name="p_ZZN4nnet24compute_output_buffer_2dINS_5arrayI8ap_fixedILi16ELi6EL9ap_q_mode5EL9ap_o_mode3ELi0EELj4EEENS1_IS2_ILi39ELi19ELS3_5ELS4_3ELi0EELj4EEE7config4EEvRKT_PAsrT1_6n_chan_12ap_shift_regINSA_10value_typeEXsrSD_8in_widthEERN3hls6streamIT0_90_reg_1811">
<pin_list>
<pin id="1812" dir="0" index="0" bw="16" slack="1"/>
<pin id="1813" dir="1" index="1" bw="16" slack="1"/>
</pin_list>
<bind>
<opset="p_ZZN4nnet24compute_output_buffer_2dINS_5arrayI8ap_fixedILi16ELi6EL9ap_q_mode5EL9ap_o_mode3ELi0EELj4EEENS1_IS2_ILi39ELi19ELS3_5ELS4_3ELi0EELj4EEE7config4EEvRKT_PAsrT1_6n_chan_12ap_shift_regINSA_10value_typeEXsrSD_8in_widthEERN3hls6streamIT0_90 "/>
</bind>
</comp>

<comp id="1816" class="1005" name="p_ZZN4nnet24compute_output_buffer_2dINS_5arrayI8ap_fixedILi16ELi6EL9ap_q_mode5EL9ap_o_mode3ELi0EELj4EEENS1_IS2_ILi39ELi19ELS3_5ELS4_3ELi0EELj4EEE7config4EEvRKT_PAsrT1_6n_chan_12ap_shift_regINSA_10value_typeEXsrSD_8in_widthEERN3hls6streamIT0_91_reg_1816">
<pin_list>
<pin id="1817" dir="0" index="0" bw="16" slack="1"/>
<pin id="1818" dir="1" index="1" bw="16" slack="1"/>
</pin_list>
<bind>
<opset="p_ZZN4nnet24compute_output_buffer_2dINS_5arrayI8ap_fixedILi16ELi6EL9ap_q_mode5EL9ap_o_mode3ELi0EELj4EEENS1_IS2_ILi39ELi19ELS3_5ELS4_3ELi0EELj4EEE7config4EEvRKT_PAsrT1_6n_chan_12ap_shift_regINSA_10value_typeEXsrSD_8in_widthEERN3hls6streamIT0_91 "/>
</bind>
</comp>

<comp id="1821" class="1005" name="p_ZZN4nnet24compute_output_buffer_2dINS_5arrayI8ap_fixedILi16ELi6EL9ap_q_mode5EL9ap_o_mode3ELi0EELj4EEENS1_IS2_ILi39ELi19ELS3_5ELS4_3ELi0EELj4EEE7config4EEvRKT_PAsrT1_6n_chan_12ap_shift_regINSA_10value_typeEXsrSD_8in_widthEERN3hls6streamIT0_92_reg_1821">
<pin_list>
<pin id="1822" dir="0" index="0" bw="16" slack="1"/>
<pin id="1823" dir="1" index="1" bw="16" slack="1"/>
</pin_list>
<bind>
<opset="p_ZZN4nnet24compute_output_buffer_2dINS_5arrayI8ap_fixedILi16ELi6EL9ap_q_mode5EL9ap_o_mode3ELi0EELj4EEENS1_IS2_ILi39ELi19ELS3_5ELS4_3ELi0EELj4EEE7config4EEvRKT_PAsrT1_6n_chan_12ap_shift_regINSA_10value_typeEXsrSD_8in_widthEERN3hls6streamIT0_92 "/>
</bind>
</comp>

<comp id="1826" class="1005" name="p_ZZN4nnet24compute_output_buffer_2dINS_5arrayI8ap_fixedILi16ELi6EL9ap_q_mode5EL9ap_o_mode3ELi0EELj4EEENS1_IS2_ILi39ELi19ELS3_5ELS4_3ELi0EELj4EEE7config4EEvRKT_PAsrT1_6n_chan_12ap_shift_regINSA_10value_typeEXsrSD_8in_widthEERN3hls6streamIT0_93_reg_1826">
<pin_list>
<pin id="1827" dir="0" index="0" bw="16" slack="1"/>
<pin id="1828" dir="1" index="1" bw="16" slack="1"/>
</pin_list>
<bind>
<opset="p_ZZN4nnet24compute_output_buffer_2dINS_5arrayI8ap_fixedILi16ELi6EL9ap_q_mode5EL9ap_o_mode3ELi0EELj4EEENS1_IS2_ILi39ELi19ELS3_5ELS4_3ELi0EELj4EEE7config4EEvRKT_PAsrT1_6n_chan_12ap_shift_regINSA_10value_typeEXsrSD_8in_widthEERN3hls6streamIT0_93 "/>
</bind>
</comp>

<comp id="1831" class="1005" name="p_ZZN4nnet24compute_output_buffer_2dINS_5arrayI8ap_fixedILi16ELi6EL9ap_q_mode5EL9ap_o_mode3ELi0EELj4EEENS1_IS2_ILi39ELi19ELS3_5ELS4_3ELi0EELj4EEE7config4EEvRKT_PAsrT1_6n_chan_12ap_shift_regINSA_10value_typeEXsrSD_8in_widthEERN3hls6streamIT0_94_reg_1831">
<pin_list>
<pin id="1832" dir="0" index="0" bw="16" slack="1"/>
<pin id="1833" dir="1" index="1" bw="16" slack="1"/>
</pin_list>
<bind>
<opset="p_ZZN4nnet24compute_output_buffer_2dINS_5arrayI8ap_fixedILi16ELi6EL9ap_q_mode5EL9ap_o_mode3ELi0EELj4EEENS1_IS2_ILi39ELi19ELS3_5ELS4_3ELi0EELj4EEE7config4EEvRKT_PAsrT1_6n_chan_12ap_shift_regINSA_10value_typeEXsrSD_8in_widthEERN3hls6streamIT0_94 "/>
</bind>
</comp>

<comp id="1836" class="1005" name="p_ZZN4nnet24compute_output_buffer_2dINS_5arrayI8ap_fixedILi16ELi6EL9ap_q_mode5EL9ap_o_mode3ELi0EELj4EEENS1_IS2_ILi39ELi19ELS3_5ELS4_3ELi0EELj4EEE7config4EEvRKT_PAsrT1_6n_chan_12ap_shift_regINSA_10value_typeEXsrSD_8in_widthEERN3hls6streamIT0_95_reg_1836">
<pin_list>
<pin id="1837" dir="0" index="0" bw="16" slack="1"/>
<pin id="1838" dir="1" index="1" bw="16" slack="1"/>
</pin_list>
<bind>
<opset="p_ZZN4nnet24compute_output_buffer_2dINS_5arrayI8ap_fixedILi16ELi6EL9ap_q_mode5EL9ap_o_mode3ELi0EELj4EEENS1_IS2_ILi39ELi19ELS3_5ELS4_3ELi0EELj4EEE7config4EEvRKT_PAsrT1_6n_chan_12ap_shift_regINSA_10value_typeEXsrSD_8in_widthEERN3hls6streamIT0_95 "/>
</bind>
</comp>

<comp id="1841" class="1005" name="outidx_addr_reg_1841">
<pin_list>
<pin id="1842" dir="0" index="0" bw="8" slack="1"/>
<pin id="1843" dir="1" index="1" bw="8" slack="1"/>
</pin_list>
<bind>
<opset="outidx_addr "/>
</bind>
</comp>

<comp id="1846" class="1005" name="w4_V_addr_reg_1846">
<pin_list>
<pin id="1847" dir="0" index="0" bw="8" slack="1"/>
<pin id="1848" dir="1" index="1" bw="8" slack="1"/>
</pin_list>
<bind>
<opset="w4_V_addr "/>
</bind>
</comp>

<comp id="1851" class="1005" name="w_index_reg_1851">
<pin_list>
<pin id="1852" dir="0" index="0" bw="8" slack="0"/>
<pin id="1853" dir="1" index="1" bw="8" slack="0"/>
</pin_list>
<bind>
<opset="w_index "/>
</bind>
</comp>

<comp id="1856" class="1005" name="icmp_ln135_reg_1856">
<pin_list>
<pin id="1857" dir="0" index="0" bw="1" slack="1"/>
<pin id="1858" dir="1" index="1" bw="1" slack="2147483647"/>
</pin_list>
<bind>
<opset="icmp_ln135 "/>
</bind>
</comp>

<comp id="1860" class="1005" name="out_index_reg_1860">
<pin_list>
<pin id="1861" dir="0" index="0" bw="2" slack="3"/>
<pin id="1862" dir="1" index="1" bw="2" slack="3"/>
</pin_list>
<bind>
<opset="out_index "/>
</bind>
</comp>

<comp id="1865" class="1005" name="sext_ln1168_reg_1865">
<pin_list>
<pin id="1866" dir="0" index="0" bw="26" slack="1"/>
<pin id="1867" dir="1" index="1" bw="26" slack="1"/>
</pin_list>
<bind>
<opset="sext_ln1168 "/>
</bind>
</comp>

<comp id="1870" class="1005" name="sext_ln1168_2_reg_1870">
<pin_list>
<pin id="1871" dir="0" index="0" bw="26" slack="1"/>
<pin id="1872" dir="1" index="1" bw="26" slack="1"/>
</pin_list>
<bind>
<opset="sext_ln1168_2 "/>
</bind>
</comp>

<comp id="1875" class="1005" name="in_index_reg_1875">
<pin_list>
<pin id="1876" dir="0" index="0" bw="32" slack="0"/>
<pin id="1877" dir="1" index="1" bw="32" slack="0"/>
</pin_list>
<bind>
<opset="in_index "/>
</bind>
</comp>

</comp_list>

<net_list>
<net id="151"><net_src comp="0" pin="0"/><net_sink comp="146" pin=0"/></net>

<net id="152"><net_src comp="90" pin="0"/><net_sink comp="146" pin=1"/></net>

<net id="158"><net_src comp="146" pin="3"/><net_sink comp="153" pin=0"/></net>

<net id="164"><net_src comp="2" pin="0"/><net_sink comp="159" pin=0"/></net>

<net id="165"><net_src comp="90" pin="0"/><net_sink comp="159" pin=1"/></net>

<net id="171"><net_src comp="159" pin="3"/><net_sink comp="166" pin=0"/></net>

<net id="183"><net_src comp="76" pin="0"/><net_sink comp="175" pin=0"/></net>

<net id="184"><net_src comp="78" pin="0"/><net_sink comp="175" pin=2"/></net>

<net id="185"><net_src comp="76" pin="0"/><net_sink comp="175" pin=4"/></net>

<net id="186"><net_src comp="175" pin="6"/><net_sink comp="172" pin=0"/></net>

<net id="198"><net_src comp="80" pin="0"/><net_sink comp="190" pin=0"/></net>

<net id="199"><net_src comp="80" pin="0"/><net_sink comp="190" pin=4"/></net>

<net id="203"><net_src comp="96" pin="0"/><net_sink comp="200" pin=0"/></net>

<net id="212"><net_src comp="200" pin="1"/><net_sink comp="204" pin=0"/></net>

<net id="213"><net_src comp="200" pin="1"/><net_sink comp="204" pin=4"/></net>

<net id="217"><net_src comp="96" pin="0"/><net_sink comp="214" pin=0"/></net>

<net id="226"><net_src comp="214" pin="1"/><net_sink comp="218" pin=0"/></net>

<net id="227"><net_src comp="214" pin="1"/><net_sink comp="218" pin=4"/></net>

<net id="231"><net_src comp="96" pin="0"/><net_sink comp="228" pin=0"/></net>

<net id="240"><net_src comp="228" pin="1"/><net_sink comp="232" pin=0"/></net>

<net id="241"><net_src comp="228" pin="1"/><net_sink comp="232" pin=4"/></net>

<net id="245"><net_src comp="96" pin="0"/><net_sink comp="242" pin=0"/></net>

<net id="254"><net_src comp="242" pin="1"/><net_sink comp="246" pin=0"/></net>

<net id="255"><net_src comp="242" pin="1"/><net_sink comp="246" pin=4"/></net>

<net id="259"><net_src comp="96" pin="0"/><net_sink comp="256" pin=0"/></net>

<net id="268"><net_src comp="256" pin="1"/><net_sink comp="260" pin=0"/></net>

<net id="269"><net_src comp="256" pin="1"/><net_sink comp="260" pin=4"/></net>

<net id="273"><net_src comp="96" pin="0"/><net_sink comp="270" pin=0"/></net>

<net id="282"><net_src comp="270" pin="1"/><net_sink comp="274" pin=0"/></net>

<net id="283"><net_src comp="270" pin="1"/><net_sink comp="274" pin=4"/></net>

<net id="287"><net_src comp="96" pin="0"/><net_sink comp="284" pin=0"/></net>

<net id="296"><net_src comp="284" pin="1"/><net_sink comp="288" pin=0"/></net>

<net id="297"><net_src comp="284" pin="1"/><net_sink comp="288" pin=4"/></net>

<net id="301"><net_src comp="96" pin="0"/><net_sink comp="298" pin=0"/></net>

<net id="310"><net_src comp="298" pin="1"/><net_sink comp="302" pin=0"/></net>

<net id="311"><net_src comp="298" pin="1"/><net_sink comp="302" pin=4"/></net>

<net id="315"><net_src comp="96" pin="0"/><net_sink comp="312" pin=0"/></net>

<net id="324"><net_src comp="312" pin="1"/><net_sink comp="316" pin=0"/></net>

<net id="325"><net_src comp="312" pin="1"/><net_sink comp="316" pin=4"/></net>

<net id="329"><net_src comp="96" pin="0"/><net_sink comp="326" pin=0"/></net>

<net id="338"><net_src comp="326" pin="1"/><net_sink comp="330" pin=0"/></net>

<net id="339"><net_src comp="326" pin="1"/><net_sink comp="330" pin=4"/></net>

<net id="343"><net_src comp="96" pin="0"/><net_sink comp="340" pin=0"/></net>

<net id="352"><net_src comp="340" pin="1"/><net_sink comp="344" pin=0"/></net>

<net id="353"><net_src comp="340" pin="1"/><net_sink comp="344" pin=4"/></net>

<net id="357"><net_src comp="96" pin="0"/><net_sink comp="354" pin=0"/></net>

<net id="366"><net_src comp="354" pin="1"/><net_sink comp="358" pin=0"/></net>

<net id="367"><net_src comp="354" pin="1"/><net_sink comp="358" pin=4"/></net>

<net id="371"><net_src comp="96" pin="0"/><net_sink comp="368" pin=0"/></net>

<net id="380"><net_src comp="368" pin="1"/><net_sink comp="372" pin=0"/></net>

<net id="381"><net_src comp="368" pin="1"/><net_sink comp="372" pin=4"/></net>

<net id="385"><net_src comp="96" pin="0"/><net_sink comp="382" pin=0"/></net>

<net id="394"><net_src comp="382" pin="1"/><net_sink comp="386" pin=0"/></net>

<net id="395"><net_src comp="382" pin="1"/><net_sink comp="386" pin=4"/></net>

<net id="399"><net_src comp="96" pin="0"/><net_sink comp="396" pin=0"/></net>

<net id="408"><net_src comp="396" pin="1"/><net_sink comp="400" pin=0"/></net>

<net id="409"><net_src comp="396" pin="1"/><net_sink comp="400" pin=4"/></net>

<net id="413"><net_src comp="96" pin="0"/><net_sink comp="410" pin=0"/></net>

<net id="422"><net_src comp="410" pin="1"/><net_sink comp="414" pin=0"/></net>

<net id="423"><net_src comp="410" pin="1"/><net_sink comp="414" pin=4"/></net>

<net id="427"><net_src comp="96" pin="0"/><net_sink comp="424" pin=0"/></net>

<net id="436"><net_src comp="424" pin="1"/><net_sink comp="428" pin=0"/></net>

<net id="437"><net_src comp="424" pin="1"/><net_sink comp="428" pin=4"/></net>

<net id="441"><net_src comp="96" pin="0"/><net_sink comp="438" pin=0"/></net>

<net id="450"><net_src comp="438" pin="1"/><net_sink comp="442" pin=0"/></net>

<net id="451"><net_src comp="438" pin="1"/><net_sink comp="442" pin=4"/></net>

<net id="455"><net_src comp="96" pin="0"/><net_sink comp="452" pin=0"/></net>

<net id="464"><net_src comp="452" pin="1"/><net_sink comp="456" pin=0"/></net>

<net id="465"><net_src comp="452" pin="1"/><net_sink comp="456" pin=4"/></net>

<net id="469"><net_src comp="96" pin="0"/><net_sink comp="466" pin=0"/></net>

<net id="478"><net_src comp="466" pin="1"/><net_sink comp="470" pin=0"/></net>

<net id="479"><net_src comp="466" pin="1"/><net_sink comp="470" pin=4"/></net>

<net id="483"><net_src comp="96" pin="0"/><net_sink comp="480" pin=0"/></net>

<net id="492"><net_src comp="480" pin="1"/><net_sink comp="484" pin=0"/></net>

<net id="493"><net_src comp="480" pin="1"/><net_sink comp="484" pin=4"/></net>

<net id="497"><net_src comp="96" pin="0"/><net_sink comp="494" pin=0"/></net>

<net id="506"><net_src comp="494" pin="1"/><net_sink comp="498" pin=0"/></net>

<net id="507"><net_src comp="494" pin="1"/><net_sink comp="498" pin=4"/></net>

<net id="511"><net_src comp="96" pin="0"/><net_sink comp="508" pin=0"/></net>

<net id="520"><net_src comp="508" pin="1"/><net_sink comp="512" pin=0"/></net>

<net id="521"><net_src comp="508" pin="1"/><net_sink comp="512" pin=4"/></net>

<net id="525"><net_src comp="96" pin="0"/><net_sink comp="522" pin=0"/></net>

<net id="534"><net_src comp="522" pin="1"/><net_sink comp="526" pin=0"/></net>

<net id="535"><net_src comp="522" pin="1"/><net_sink comp="526" pin=4"/></net>

<net id="539"><net_src comp="96" pin="0"/><net_sink comp="536" pin=0"/></net>

<net id="548"><net_src comp="536" pin="1"/><net_sink comp="540" pin=0"/></net>

<net id="549"><net_src comp="536" pin="1"/><net_sink comp="540" pin=4"/></net>

<net id="553"><net_src comp="96" pin="0"/><net_sink comp="550" pin=0"/></net>

<net id="562"><net_src comp="550" pin="1"/><net_sink comp="554" pin=0"/></net>

<net id="563"><net_src comp="550" pin="1"/><net_sink comp="554" pin=4"/></net>

<net id="567"><net_src comp="96" pin="0"/><net_sink comp="564" pin=0"/></net>

<net id="576"><net_src comp="564" pin="1"/><net_sink comp="568" pin=0"/></net>

<net id="577"><net_src comp="564" pin="1"/><net_sink comp="568" pin=4"/></net>

<net id="581"><net_src comp="96" pin="0"/><net_sink comp="578" pin=0"/></net>

<net id="590"><net_src comp="578" pin="1"/><net_sink comp="582" pin=0"/></net>

<net id="591"><net_src comp="578" pin="1"/><net_sink comp="582" pin=4"/></net>

<net id="595"><net_src comp="96" pin="0"/><net_sink comp="592" pin=0"/></net>

<net id="604"><net_src comp="592" pin="1"/><net_sink comp="596" pin=0"/></net>

<net id="605"><net_src comp="592" pin="1"/><net_sink comp="596" pin=4"/></net>

<net id="609"><net_src comp="96" pin="0"/><net_sink comp="606" pin=0"/></net>

<net id="618"><net_src comp="606" pin="1"/><net_sink comp="610" pin=0"/></net>

<net id="619"><net_src comp="606" pin="1"/><net_sink comp="610" pin=4"/></net>

<net id="623"><net_src comp="96" pin="0"/><net_sink comp="620" pin=0"/></net>

<net id="632"><net_src comp="620" pin="1"/><net_sink comp="624" pin=0"/></net>

<net id="633"><net_src comp="620" pin="1"/><net_sink comp="624" pin=4"/></net>

<net id="637"><net_src comp="96" pin="0"/><net_sink comp="634" pin=0"/></net>

<net id="646"><net_src comp="634" pin="1"/><net_sink comp="638" pin=0"/></net>

<net id="647"><net_src comp="634" pin="1"/><net_sink comp="638" pin=4"/></net>

<net id="651"><net_src comp="96" pin="0"/><net_sink comp="648" pin=0"/></net>

<net id="660"><net_src comp="648" pin="1"/><net_sink comp="652" pin=0"/></net>

<net id="661"><net_src comp="648" pin="1"/><net_sink comp="652" pin=4"/></net>

<net id="665"><net_src comp="96" pin="0"/><net_sink comp="662" pin=0"/></net>

<net id="674"><net_src comp="662" pin="1"/><net_sink comp="666" pin=0"/></net>

<net id="675"><net_src comp="662" pin="1"/><net_sink comp="666" pin=4"/></net>

<net id="679"><net_src comp="96" pin="0"/><net_sink comp="676" pin=0"/></net>

<net id="688"><net_src comp="676" pin="1"/><net_sink comp="680" pin=0"/></net>

<net id="689"><net_src comp="676" pin="1"/><net_sink comp="680" pin=4"/></net>

<net id="693"><net_src comp="96" pin="0"/><net_sink comp="690" pin=0"/></net>

<net id="702"><net_src comp="690" pin="1"/><net_sink comp="694" pin=0"/></net>

<net id="703"><net_src comp="690" pin="1"/><net_sink comp="694" pin=4"/></net>

<net id="707"><net_src comp="98" pin="0"/><net_sink comp="704" pin=0"/></net>

<net id="716"><net_src comp="704" pin="1"/><net_sink comp="708" pin=0"/></net>

<net id="717"><net_src comp="704" pin="1"/><net_sink comp="708" pin=4"/></net>

<net id="721"><net_src comp="718" pin="1"/><net_sink comp="204" pin=2"/></net>

<net id="728"><net_src comp="204" pin="6"/><net_sink comp="722" pin=2"/></net>

<net id="729"><net_src comp="722" pin="4"/><net_sink comp="718" pin=0"/></net>

<net id="733"><net_src comp="730" pin="1"/><net_sink comp="218" pin=2"/></net>

<net id="740"><net_src comp="218" pin="6"/><net_sink comp="734" pin=2"/></net>

<net id="741"><net_src comp="734" pin="4"/><net_sink comp="730" pin=0"/></net>

<net id="745"><net_src comp="742" pin="1"/><net_sink comp="232" pin=2"/></net>

<net id="752"><net_src comp="232" pin="6"/><net_sink comp="746" pin=2"/></net>

<net id="753"><net_src comp="746" pin="4"/><net_sink comp="742" pin=0"/></net>

<net id="757"><net_src comp="754" pin="1"/><net_sink comp="246" pin=2"/></net>

<net id="764"><net_src comp="246" pin="6"/><net_sink comp="758" pin=2"/></net>

<net id="765"><net_src comp="758" pin="4"/><net_sink comp="754" pin=0"/></net>

<net id="769"><net_src comp="766" pin="1"/><net_sink comp="260" pin=2"/></net>

<net id="776"><net_src comp="260" pin="6"/><net_sink comp="770" pin=2"/></net>

<net id="777"><net_src comp="770" pin="4"/><net_sink comp="766" pin=0"/></net>

<net id="781"><net_src comp="778" pin="1"/><net_sink comp="274" pin=2"/></net>

<net id="788"><net_src comp="274" pin="6"/><net_sink comp="782" pin=2"/></net>

<net id="789"><net_src comp="782" pin="4"/><net_sink comp="778" pin=0"/></net>

<net id="793"><net_src comp="790" pin="1"/><net_sink comp="288" pin=2"/></net>

<net id="800"><net_src comp="288" pin="6"/><net_sink comp="794" pin=2"/></net>

<net id="801"><net_src comp="794" pin="4"/><net_sink comp="790" pin=0"/></net>

<net id="805"><net_src comp="802" pin="1"/><net_sink comp="302" pin=2"/></net>

<net id="812"><net_src comp="302" pin="6"/><net_sink comp="806" pin=2"/></net>

<net id="813"><net_src comp="806" pin="4"/><net_sink comp="802" pin=0"/></net>

<net id="817"><net_src comp="814" pin="1"/><net_sink comp="316" pin=2"/></net>

<net id="824"><net_src comp="316" pin="6"/><net_sink comp="818" pin=2"/></net>

<net id="825"><net_src comp="818" pin="4"/><net_sink comp="814" pin=0"/></net>

<net id="829"><net_src comp="826" pin="1"/><net_sink comp="330" pin=2"/></net>

<net id="836"><net_src comp="330" pin="6"/><net_sink comp="830" pin=2"/></net>

<net id="837"><net_src comp="830" pin="4"/><net_sink comp="826" pin=0"/></net>

<net id="841"><net_src comp="838" pin="1"/><net_sink comp="344" pin=2"/></net>

<net id="848"><net_src comp="344" pin="6"/><net_sink comp="842" pin=2"/></net>

<net id="849"><net_src comp="842" pin="4"/><net_sink comp="838" pin=0"/></net>

<net id="853"><net_src comp="850" pin="1"/><net_sink comp="358" pin=2"/></net>

<net id="860"><net_src comp="358" pin="6"/><net_sink comp="854" pin=2"/></net>

<net id="861"><net_src comp="854" pin="4"/><net_sink comp="850" pin=0"/></net>

<net id="865"><net_src comp="862" pin="1"/><net_sink comp="372" pin=2"/></net>

<net id="872"><net_src comp="372" pin="6"/><net_sink comp="866" pin=2"/></net>

<net id="873"><net_src comp="866" pin="4"/><net_sink comp="862" pin=0"/></net>

<net id="877"><net_src comp="874" pin="1"/><net_sink comp="386" pin=2"/></net>

<net id="884"><net_src comp="386" pin="6"/><net_sink comp="878" pin=2"/></net>

<net id="885"><net_src comp="878" pin="4"/><net_sink comp="874" pin=0"/></net>

<net id="889"><net_src comp="886" pin="1"/><net_sink comp="400" pin=2"/></net>

<net id="896"><net_src comp="400" pin="6"/><net_sink comp="890" pin=2"/></net>

<net id="897"><net_src comp="890" pin="4"/><net_sink comp="886" pin=0"/></net>

<net id="901"><net_src comp="898" pin="1"/><net_sink comp="414" pin=2"/></net>

<net id="908"><net_src comp="414" pin="6"/><net_sink comp="902" pin=2"/></net>

<net id="909"><net_src comp="902" pin="4"/><net_sink comp="898" pin=0"/></net>

<net id="913"><net_src comp="910" pin="1"/><net_sink comp="428" pin=2"/></net>

<net id="920"><net_src comp="428" pin="6"/><net_sink comp="914" pin=2"/></net>

<net id="921"><net_src comp="914" pin="4"/><net_sink comp="910" pin=0"/></net>

<net id="925"><net_src comp="922" pin="1"/><net_sink comp="442" pin=2"/></net>

<net id="932"><net_src comp="442" pin="6"/><net_sink comp="926" pin=2"/></net>

<net id="933"><net_src comp="926" pin="4"/><net_sink comp="922" pin=0"/></net>

<net id="937"><net_src comp="934" pin="1"/><net_sink comp="456" pin=2"/></net>

<net id="944"><net_src comp="456" pin="6"/><net_sink comp="938" pin=2"/></net>

<net id="945"><net_src comp="938" pin="4"/><net_sink comp="934" pin=0"/></net>

<net id="949"><net_src comp="946" pin="1"/><net_sink comp="470" pin=2"/></net>

<net id="956"><net_src comp="470" pin="6"/><net_sink comp="950" pin=2"/></net>

<net id="957"><net_src comp="950" pin="4"/><net_sink comp="946" pin=0"/></net>

<net id="961"><net_src comp="958" pin="1"/><net_sink comp="484" pin=2"/></net>

<net id="968"><net_src comp="484" pin="6"/><net_sink comp="962" pin=2"/></net>

<net id="969"><net_src comp="962" pin="4"/><net_sink comp="958" pin=0"/></net>

<net id="973"><net_src comp="970" pin="1"/><net_sink comp="498" pin=2"/></net>

<net id="980"><net_src comp="498" pin="6"/><net_sink comp="974" pin=2"/></net>

<net id="981"><net_src comp="974" pin="4"/><net_sink comp="970" pin=0"/></net>

<net id="985"><net_src comp="982" pin="1"/><net_sink comp="512" pin=2"/></net>

<net id="992"><net_src comp="512" pin="6"/><net_sink comp="986" pin=2"/></net>

<net id="993"><net_src comp="986" pin="4"/><net_sink comp="982" pin=0"/></net>

<net id="997"><net_src comp="994" pin="1"/><net_sink comp="526" pin=2"/></net>

<net id="1004"><net_src comp="526" pin="6"/><net_sink comp="998" pin=2"/></net>

<net id="1005"><net_src comp="998" pin="4"/><net_sink comp="994" pin=0"/></net>

<net id="1009"><net_src comp="1006" pin="1"/><net_sink comp="540" pin=2"/></net>

<net id="1016"><net_src comp="540" pin="6"/><net_sink comp="1010" pin=2"/></net>

<net id="1017"><net_src comp="1010" pin="4"/><net_sink comp="1006" pin=0"/></net>

<net id="1021"><net_src comp="1018" pin="1"/><net_sink comp="554" pin=2"/></net>

<net id="1028"><net_src comp="554" pin="6"/><net_sink comp="1022" pin=2"/></net>

<net id="1029"><net_src comp="1022" pin="4"/><net_sink comp="1018" pin=0"/></net>

<net id="1033"><net_src comp="1030" pin="1"/><net_sink comp="568" pin=2"/></net>

<net id="1040"><net_src comp="568" pin="6"/><net_sink comp="1034" pin=2"/></net>

<net id="1041"><net_src comp="1034" pin="4"/><net_sink comp="1030" pin=0"/></net>

<net id="1045"><net_src comp="1042" pin="1"/><net_sink comp="582" pin=2"/></net>

<net id="1052"><net_src comp="582" pin="6"/><net_sink comp="1046" pin=2"/></net>

<net id="1053"><net_src comp="1046" pin="4"/><net_sink comp="1042" pin=0"/></net>

<net id="1057"><net_src comp="1054" pin="1"/><net_sink comp="596" pin=2"/></net>

<net id="1064"><net_src comp="596" pin="6"/><net_sink comp="1058" pin=2"/></net>

<net id="1065"><net_src comp="1058" pin="4"/><net_sink comp="1054" pin=0"/></net>

<net id="1069"><net_src comp="1066" pin="1"/><net_sink comp="610" pin=2"/></net>

<net id="1076"><net_src comp="610" pin="6"/><net_sink comp="1070" pin=2"/></net>

<net id="1077"><net_src comp="1070" pin="4"/><net_sink comp="1066" pin=0"/></net>

<net id="1081"><net_src comp="1078" pin="1"/><net_sink comp="624" pin=2"/></net>

<net id="1088"><net_src comp="624" pin="6"/><net_sink comp="1082" pin=2"/></net>

<net id="1089"><net_src comp="1082" pin="4"/><net_sink comp="1078" pin=0"/></net>

<net id="1093"><net_src comp="1090" pin="1"/><net_sink comp="638" pin=2"/></net>

<net id="1100"><net_src comp="638" pin="6"/><net_sink comp="1094" pin=2"/></net>

<net id="1101"><net_src comp="1094" pin="4"/><net_sink comp="1090" pin=0"/></net>

<net id="1105"><net_src comp="1102" pin="1"/><net_sink comp="652" pin=2"/></net>

<net id="1112"><net_src comp="652" pin="6"/><net_sink comp="1106" pin=2"/></net>

<net id="1113"><net_src comp="1106" pin="4"/><net_sink comp="1102" pin=0"/></net>

<net id="1117"><net_src comp="1114" pin="1"/><net_sink comp="666" pin=2"/></net>

<net id="1124"><net_src comp="666" pin="6"/><net_sink comp="1118" pin=2"/></net>

<net id="1125"><net_src comp="1118" pin="4"/><net_sink comp="1114" pin=0"/></net>

<net id="1129"><net_src comp="1126" pin="1"/><net_sink comp="680" pin=2"/></net>

<net id="1136"><net_src comp="680" pin="6"/><net_sink comp="1130" pin=2"/></net>

<net id="1137"><net_src comp="1130" pin="4"/><net_sink comp="1126" pin=0"/></net>

<net id="1141"><net_src comp="1138" pin="1"/><net_sink comp="694" pin=2"/></net>

<net id="1148"><net_src comp="694" pin="6"/><net_sink comp="1142" pin=2"/></net>

<net id="1149"><net_src comp="1142" pin="4"/><net_sink comp="1138" pin=0"/></net>

<net id="1153"><net_src comp="106" pin="0"/><net_sink comp="1150" pin=0"/></net>

<net id="1162"><net_src comp="1150" pin="1"/><net_sink comp="1154" pin=0"/></net>

<net id="1163"><net_src comp="1150" pin="1"/><net_sink comp="1154" pin=4"/></net>

<net id="1167"><net_src comp="108" pin="0"/><net_sink comp="1164" pin=0"/></net>

<net id="1176"><net_src comp="1164" pin="1"/><net_sink comp="1168" pin=0"/></net>

<net id="1177"><net_src comp="1164" pin="1"/><net_sink comp="1168" pin=4"/></net>

<net id="1181"><net_src comp="110" pin="0"/><net_sink comp="1178" pin=0"/></net>

<net id="1190"><net_src comp="1178" pin="1"/><net_sink comp="1182" pin=0"/></net>

<net id="1191"><net_src comp="1178" pin="1"/><net_sink comp="1182" pin=4"/></net>

<net id="1195"><net_src comp="112" pin="0"/><net_sink comp="1192" pin=0"/></net>

<net id="1204"><net_src comp="1192" pin="1"/><net_sink comp="1196" pin=0"/></net>

<net id="1205"><net_src comp="1192" pin="1"/><net_sink comp="1196" pin=4"/></net>

<net id="1209"><net_src comp="1206" pin="1"/><net_sink comp="1196" pin=2"/></net>

<net id="1220"><net_src comp="1196" pin="6"/><net_sink comp="1210" pin=2"/></net>

<net id="1221"><net_src comp="1196" pin="6"/><net_sink comp="1210" pin=4"/></net>

<net id="1222"><net_src comp="1196" pin="6"/><net_sink comp="1210" pin=6"/></net>

<net id="1223"><net_src comp="1210" pin="8"/><net_sink comp="1206" pin=0"/></net>

<net id="1227"><net_src comp="1224" pin="1"/><net_sink comp="1182" pin=2"/></net>

<net id="1238"><net_src comp="1182" pin="6"/><net_sink comp="1228" pin=0"/></net>

<net id="1239"><net_src comp="1182" pin="6"/><net_sink comp="1228" pin=4"/></net>

<net id="1240"><net_src comp="1182" pin="6"/><net_sink comp="1228" pin=6"/></net>

<net id="1241"><net_src comp="1228" pin="8"/><net_sink comp="1224" pin=0"/></net>

<net id="1245"><net_src comp="1242" pin="1"/><net_sink comp="1168" pin=2"/></net>

<net id="1256"><net_src comp="1168" pin="6"/><net_sink comp="1246" pin=0"/></net>

<net id="1257"><net_src comp="1168" pin="6"/><net_sink comp="1246" pin=2"/></net>

<net id="1258"><net_src comp="1168" pin="6"/><net_sink comp="1246" pin=6"/></net>

<net id="1259"><net_src comp="1246" pin="8"/><net_sink comp="1242" pin=0"/></net>

<net id="1263"><net_src comp="1260" pin="1"/><net_sink comp="1154" pin=2"/></net>

<net id="1274"><net_src comp="1154" pin="6"/><net_sink comp="1264" pin=0"/></net>

<net id="1275"><net_src comp="1154" pin="6"/><net_sink comp="1264" pin=2"/></net>

<net id="1276"><net_src comp="1154" pin="6"/><net_sink comp="1264" pin=4"/></net>

<net id="1277"><net_src comp="1264" pin="8"/><net_sink comp="1260" pin=0"/></net>

<net id="1281"><net_src comp="4" pin="0"/><net_sink comp="1278" pin=0"/></net>

<net id="1285"><net_src comp="6" pin="0"/><net_sink comp="1282" pin=0"/></net>

<net id="1289"><net_src comp="8" pin="0"/><net_sink comp="1286" pin=0"/></net>

<net id="1293"><net_src comp="10" pin="0"/><net_sink comp="1290" pin=0"/></net>

<net id="1297"><net_src comp="12" pin="0"/><net_sink comp="1294" pin=0"/></net>

<net id="1301"><net_src comp="14" pin="0"/><net_sink comp="1298" pin=0"/></net>

<net id="1305"><net_src comp="16" pin="0"/><net_sink comp="1302" pin=0"/></net>

<net id="1309"><net_src comp="18" pin="0"/><net_sink comp="1306" pin=0"/></net>

<net id="1313"><net_src comp="20" pin="0"/><net_sink comp="1310" pin=0"/></net>

<net id="1317"><net_src comp="22" pin="0"/><net_sink comp="1314" pin=0"/></net>

<net id="1321"><net_src comp="24" pin="0"/><net_sink comp="1318" pin=0"/></net>

<net id="1325"><net_src comp="26" pin="0"/><net_sink comp="1322" pin=0"/></net>

<net id="1329"><net_src comp="28" pin="0"/><net_sink comp="1326" pin=0"/></net>

<net id="1333"><net_src comp="30" pin="0"/><net_sink comp="1330" pin=0"/></net>

<net id="1337"><net_src comp="32" pin="0"/><net_sink comp="1334" pin=0"/></net>

<net id="1341"><net_src comp="34" pin="0"/><net_sink comp="1338" pin=0"/></net>

<net id="1345"><net_src comp="36" pin="0"/><net_sink comp="1342" pin=0"/></net>

<net id="1349"><net_src comp="38" pin="0"/><net_sink comp="1346" pin=0"/></net>

<net id="1353"><net_src comp="40" pin="0"/><net_sink comp="1350" pin=0"/></net>

<net id="1357"><net_src comp="42" pin="0"/><net_sink comp="1354" pin=0"/></net>

<net id="1361"><net_src comp="44" pin="0"/><net_sink comp="1358" pin=0"/></net>

<net id="1365"><net_src comp="46" pin="0"/><net_sink comp="1362" pin=0"/></net>

<net id="1369"><net_src comp="48" pin="0"/><net_sink comp="1366" pin=0"/></net>

<net id="1373"><net_src comp="50" pin="0"/><net_sink comp="1370" pin=0"/></net>

<net id="1377"><net_src comp="52" pin="0"/><net_sink comp="1374" pin=0"/></net>

<net id="1381"><net_src comp="54" pin="0"/><net_sink comp="1378" pin=0"/></net>

<net id="1385"><net_src comp="56" pin="0"/><net_sink comp="1382" pin=0"/></net>

<net id="1389"><net_src comp="58" pin="0"/><net_sink comp="1386" pin=0"/></net>

<net id="1393"><net_src comp="60" pin="0"/><net_sink comp="1390" pin=0"/></net>

<net id="1397"><net_src comp="62" pin="0"/><net_sink comp="1394" pin=0"/></net>

<net id="1401"><net_src comp="64" pin="0"/><net_sink comp="1398" pin=0"/></net>

<net id="1405"><net_src comp="66" pin="0"/><net_sink comp="1402" pin=0"/></net>

<net id="1409"><net_src comp="68" pin="0"/><net_sink comp="1406" pin=0"/></net>

<net id="1413"><net_src comp="70" pin="0"/><net_sink comp="1410" pin=0"/></net>

<net id="1417"><net_src comp="72" pin="0"/><net_sink comp="1414" pin=0"/></net>

<net id="1421"><net_src comp="74" pin="0"/><net_sink comp="1418" pin=0"/></net>

<net id="1425"><net_src comp="190" pin="6"/><net_sink comp="1422" pin=0"/></net>

<net id="1426"><net_src comp="1422" pin="1"/><net_sink comp="146" pin=2"/></net>

<net id="1427"><net_src comp="1422" pin="1"/><net_sink comp="159" pin=2"/></net>

<net id="1432"><net_src comp="190" pin="6"/><net_sink comp="1428" pin=0"/></net>

<net id="1433"><net_src comp="92" pin="0"/><net_sink comp="1428" pin=1"/></net>

<net id="1438"><net_src comp="190" pin="6"/><net_sink comp="1434" pin=0"/></net>

<net id="1439"><net_src comp="94" pin="0"/><net_sink comp="1434" pin=1"/></net>

<net id="1480"><net_src comp="100" pin="0"/><net_sink comp="1440" pin=0"/></net>

<net id="1481"><net_src comp="1142" pin="4"/><net_sink comp="1440" pin=1"/></net>

<net id="1482"><net_src comp="1130" pin="4"/><net_sink comp="1440" pin=2"/></net>

<net id="1483"><net_src comp="1118" pin="4"/><net_sink comp="1440" pin=3"/></net>

<net id="1484"><net_src comp="1106" pin="4"/><net_sink comp="1440" pin=4"/></net>

<net id="1485"><net_src comp="1094" pin="4"/><net_sink comp="1440" pin=5"/></net>

<net id="1486"><net_src comp="1082" pin="4"/><net_sink comp="1440" pin=6"/></net>

<net id="1487"><net_src comp="1070" pin="4"/><net_sink comp="1440" pin=7"/></net>

<net id="1488"><net_src comp="1058" pin="4"/><net_sink comp="1440" pin=8"/></net>

<net id="1489"><net_src comp="1046" pin="4"/><net_sink comp="1440" pin=9"/></net>

<net id="1490"><net_src comp="1034" pin="4"/><net_sink comp="1440" pin=10"/></net>

<net id="1491"><net_src comp="1022" pin="4"/><net_sink comp="1440" pin=11"/></net>

<net id="1492"><net_src comp="1010" pin="4"/><net_sink comp="1440" pin=12"/></net>

<net id="1493"><net_src comp="998" pin="4"/><net_sink comp="1440" pin=13"/></net>

<net id="1494"><net_src comp="986" pin="4"/><net_sink comp="1440" pin=14"/></net>

<net id="1495"><net_src comp="974" pin="4"/><net_sink comp="1440" pin=15"/></net>

<net id="1496"><net_src comp="962" pin="4"/><net_sink comp="1440" pin=16"/></net>

<net id="1497"><net_src comp="950" pin="4"/><net_sink comp="1440" pin=17"/></net>

<net id="1498"><net_src comp="938" pin="4"/><net_sink comp="1440" pin=18"/></net>

<net id="1499"><net_src comp="926" pin="4"/><net_sink comp="1440" pin=19"/></net>

<net id="1500"><net_src comp="914" pin="4"/><net_sink comp="1440" pin=20"/></net>

<net id="1501"><net_src comp="902" pin="4"/><net_sink comp="1440" pin=21"/></net>

<net id="1502"><net_src comp="890" pin="4"/><net_sink comp="1440" pin=22"/></net>

<net id="1503"><net_src comp="878" pin="4"/><net_sink comp="1440" pin=23"/></net>

<net id="1504"><net_src comp="866" pin="4"/><net_sink comp="1440" pin=24"/></net>

<net id="1505"><net_src comp="854" pin="4"/><net_sink comp="1440" pin=25"/></net>

<net id="1506"><net_src comp="842" pin="4"/><net_sink comp="1440" pin=26"/></net>

<net id="1507"><net_src comp="830" pin="4"/><net_sink comp="1440" pin=27"/></net>

<net id="1508"><net_src comp="818" pin="4"/><net_sink comp="1440" pin=28"/></net>

<net id="1509"><net_src comp="806" pin="4"/><net_sink comp="1440" pin=29"/></net>

<net id="1510"><net_src comp="794" pin="4"/><net_sink comp="1440" pin=30"/></net>

<net id="1511"><net_src comp="782" pin="4"/><net_sink comp="1440" pin=31"/></net>

<net id="1512"><net_src comp="770" pin="4"/><net_sink comp="1440" pin=32"/></net>

<net id="1513"><net_src comp="758" pin="4"/><net_sink comp="1440" pin=33"/></net>

<net id="1514"><net_src comp="746" pin="4"/><net_sink comp="1440" pin=34"/></net>

<net id="1515"><net_src comp="734" pin="4"/><net_sink comp="1440" pin=35"/></net>

<net id="1516"><net_src comp="722" pin="4"/><net_sink comp="1440" pin=36"/></net>

<net id="1517"><net_src comp="708" pin="6"/><net_sink comp="1440" pin=37"/></net>

<net id="1521"><net_src comp="1440" pin="38"/><net_sink comp="1518" pin=0"/></net>

<net id="1525"><net_src comp="166" pin="3"/><net_sink comp="1522" pin=0"/></net>

<net id="1530"><net_src comp="708" pin="6"/><net_sink comp="1526" pin=0"/></net>

<net id="1531"><net_src comp="102" pin="0"/><net_sink comp="1526" pin=1"/></net>

<net id="1536"><net_src comp="1526" pin="2"/><net_sink comp="1532" pin=0"/></net>

<net id="1537"><net_src comp="104" pin="0"/><net_sink comp="1532" pin=1"/></net>

<net id="1543"><net_src comp="1532" pin="2"/><net_sink comp="1538" pin=0"/></net>

<net id="1544"><net_src comp="98" pin="0"/><net_sink comp="1538" pin=1"/></net>

<net id="1545"><net_src comp="1526" pin="2"/><net_sink comp="1538" pin=2"/></net>

<net id="1552"><net_src comp="126" pin="0"/><net_sink comp="1546" pin=0"/></net>

<net id="1553"><net_src comp="128" pin="0"/><net_sink comp="1546" pin=2"/></net>

<net id="1554"><net_src comp="130" pin="0"/><net_sink comp="1546" pin=3"/></net>

<net id="1563"><net_src comp="132" pin="0"/><net_sink comp="1555" pin=0"/></net>

<net id="1564"><net_src comp="1154" pin="6"/><net_sink comp="1555" pin=1"/></net>

<net id="1565"><net_src comp="1168" pin="6"/><net_sink comp="1555" pin=2"/></net>

<net id="1566"><net_src comp="1182" pin="6"/><net_sink comp="1555" pin=3"/></net>

<net id="1567"><net_src comp="1196" pin="6"/><net_sink comp="1555" pin=4"/></net>

<net id="1572"><net_src comp="1546" pin="4"/><net_sink comp="1568" pin=0"/></net>

<net id="1573"><net_src comp="1555" pin="6"/><net_sink comp="1568" pin=1"/></net>

<net id="1574"><net_src comp="1568" pin="2"/><net_sink comp="1210" pin=0"/></net>

<net id="1575"><net_src comp="1568" pin="2"/><net_sink comp="1228" pin=2"/></net>

<net id="1576"><net_src comp="1568" pin="2"/><net_sink comp="1246" pin=4"/></net>

<net id="1577"><net_src comp="1568" pin="2"/><net_sink comp="1264" pin=6"/></net>

<net id="1583"><net_src comp="140" pin="0"/><net_sink comp="1578" pin=0"/></net>

<net id="1584"><net_src comp="1264" pin="8"/><net_sink comp="1578" pin=1"/></net>

<net id="1585"><net_src comp="142" pin="0"/><net_sink comp="1578" pin=2"/></net>

<net id="1589"><net_src comp="1578" pin="3"/><net_sink comp="1586" pin=0"/></net>

<net id="1595"><net_src comp="140" pin="0"/><net_sink comp="1590" pin=0"/></net>

<net id="1596"><net_src comp="1246" pin="8"/><net_sink comp="1590" pin=1"/></net>

<net id="1597"><net_src comp="142" pin="0"/><net_sink comp="1590" pin=2"/></net>

<net id="1601"><net_src comp="1590" pin="3"/><net_sink comp="1598" pin=0"/></net>

<net id="1607"><net_src comp="140" pin="0"/><net_sink comp="1602" pin=0"/></net>

<net id="1608"><net_src comp="1228" pin="8"/><net_sink comp="1602" pin=1"/></net>

<net id="1609"><net_src comp="142" pin="0"/><net_sink comp="1602" pin=2"/></net>

<net id="1613"><net_src comp="1602" pin="3"/><net_sink comp="1610" pin=0"/></net>

<net id="1619"><net_src comp="140" pin="0"/><net_sink comp="1614" pin=0"/></net>

<net id="1620"><net_src comp="1210" pin="8"/><net_sink comp="1614" pin=1"/></net>

<net id="1621"><net_src comp="142" pin="0"/><net_sink comp="1614" pin=2"/></net>

<net id="1625"><net_src comp="1614" pin="3"/><net_sink comp="1622" pin=0"/></net>

<net id="1630"><net_src comp="144" pin="0"/><net_sink comp="1626" pin=0"/></net>

<net id="1631"><net_src comp="1586" pin="1"/><net_sink comp="1626" pin=1"/></net>

<net id="1636"><net_src comp="1626" pin="2"/><net_sink comp="1632" pin=0"/></net>

<net id="1637"><net_src comp="1598" pin="1"/><net_sink comp="1632" pin=1"/></net>

<net id="1642"><net_src comp="1632" pin="2"/><net_sink comp="1638" pin=0"/></net>

<net id="1643"><net_src comp="1610" pin="1"/><net_sink comp="1638" pin=1"/></net>

<net id="1648"><net_src comp="1638" pin="2"/><net_sink comp="1644" pin=0"/></net>

<net id="1649"><net_src comp="1622" pin="1"/><net_sink comp="1644" pin=1"/></net>

<net id="1653"><net_src comp="1644" pin="2"/><net_sink comp="1650" pin=0"/></net>

<net id="1658"><net_src comp="1518" pin="1"/><net_sink comp="1654" pin=0"/></net>

<net id="1659"><net_src comp="1522" pin="1"/><net_sink comp="1654" pin=1"/></net>

<net id="1660"><net_src comp="1654" pin="2"/><net_sink comp="1546" pin=1"/></net>

<net id="1664"><net_src comp="1278" pin="1"/><net_sink comp="1661" pin=0"/></net>

<net id="1665"><net_src comp="1661" pin="1"/><net_sink comp="1142" pin=0"/></net>

<net id="1669"><net_src comp="1282" pin="1"/><net_sink comp="1666" pin=0"/></net>

<net id="1670"><net_src comp="1666" pin="1"/><net_sink comp="1130" pin=0"/></net>

<net id="1674"><net_src comp="1286" pin="1"/><net_sink comp="1671" pin=0"/></net>

<net id="1675"><net_src comp="1671" pin="1"/><net_sink comp="1118" pin=0"/></net>

<net id="1679"><net_src comp="1290" pin="1"/><net_sink comp="1676" pin=0"/></net>

<net id="1680"><net_src comp="1676" pin="1"/><net_sink comp="1106" pin=0"/></net>

<net id="1684"><net_src comp="1294" pin="1"/><net_sink comp="1681" pin=0"/></net>

<net id="1685"><net_src comp="1681" pin="1"/><net_sink comp="1094" pin=0"/></net>

<net id="1689"><net_src comp="1298" pin="1"/><net_sink comp="1686" pin=0"/></net>

<net id="1690"><net_src comp="1686" pin="1"/><net_sink comp="1082" pin=0"/></net>

<net id="1694"><net_src comp="1302" pin="1"/><net_sink comp="1691" pin=0"/></net>

<net id="1695"><net_src comp="1691" pin="1"/><net_sink comp="1070" pin=0"/></net>

<net id="1699"><net_src comp="1306" pin="1"/><net_sink comp="1696" pin=0"/></net>

<net id="1700"><net_src comp="1696" pin="1"/><net_sink comp="1058" pin=0"/></net>

<net id="1704"><net_src comp="1310" pin="1"/><net_sink comp="1701" pin=0"/></net>

<net id="1705"><net_src comp="1701" pin="1"/><net_sink comp="1046" pin=0"/></net>

<net id="1709"><net_src comp="1314" pin="1"/><net_sink comp="1706" pin=0"/></net>

<net id="1710"><net_src comp="1706" pin="1"/><net_sink comp="1034" pin=0"/></net>

<net id="1714"><net_src comp="1318" pin="1"/><net_sink comp="1711" pin=0"/></net>

<net id="1715"><net_src comp="1711" pin="1"/><net_sink comp="1022" pin=0"/></net>

<net id="1719"><net_src comp="1322" pin="1"/><net_sink comp="1716" pin=0"/></net>

<net id="1720"><net_src comp="1716" pin="1"/><net_sink comp="1010" pin=0"/></net>

<net id="1724"><net_src comp="1326" pin="1"/><net_sink comp="1721" pin=0"/></net>

<net id="1725"><net_src comp="1721" pin="1"/><net_sink comp="998" pin=0"/></net>

<net id="1729"><net_src comp="1330" pin="1"/><net_sink comp="1726" pin=0"/></net>

<net id="1730"><net_src comp="1726" pin="1"/><net_sink comp="986" pin=0"/></net>

<net id="1734"><net_src comp="1334" pin="1"/><net_sink comp="1731" pin=0"/></net>

<net id="1735"><net_src comp="1731" pin="1"/><net_sink comp="974" pin=0"/></net>

<net id="1739"><net_src comp="1338" pin="1"/><net_sink comp="1736" pin=0"/></net>

<net id="1740"><net_src comp="1736" pin="1"/><net_sink comp="962" pin=0"/></net>

<net id="1744"><net_src comp="1342" pin="1"/><net_sink comp="1741" pin=0"/></net>

<net id="1745"><net_src comp="1741" pin="1"/><net_sink comp="950" pin=0"/></net>

<net id="1749"><net_src comp="1346" pin="1"/><net_sink comp="1746" pin=0"/></net>

<net id="1750"><net_src comp="1746" pin="1"/><net_sink comp="938" pin=0"/></net>

<net id="1754"><net_src comp="1350" pin="1"/><net_sink comp="1751" pin=0"/></net>

<net id="1755"><net_src comp="1751" pin="1"/><net_sink comp="926" pin=0"/></net>

<net id="1759"><net_src comp="1354" pin="1"/><net_sink comp="1756" pin=0"/></net>

<net id="1760"><net_src comp="1756" pin="1"/><net_sink comp="914" pin=0"/></net>

<net id="1764"><net_src comp="1358" pin="1"/><net_sink comp="1761" pin=0"/></net>

<net id="1765"><net_src comp="1761" pin="1"/><net_sink comp="902" pin=0"/></net>

<net id="1769"><net_src comp="1362" pin="1"/><net_sink comp="1766" pin=0"/></net>

<net id="1770"><net_src comp="1766" pin="1"/><net_sink comp="890" pin=0"/></net>

<net id="1774"><net_src comp="1366" pin="1"/><net_sink comp="1771" pin=0"/></net>

<net id="1775"><net_src comp="1771" pin="1"/><net_sink comp="878" pin=0"/></net>

<net id="1779"><net_src comp="1370" pin="1"/><net_sink comp="1776" pin=0"/></net>

<net id="1780"><net_src comp="1776" pin="1"/><net_sink comp="866" pin=0"/></net>

<net id="1784"><net_src comp="1374" pin="1"/><net_sink comp="1781" pin=0"/></net>

<net id="1785"><net_src comp="1781" pin="1"/><net_sink comp="854" pin=0"/></net>

<net id="1789"><net_src comp="1378" pin="1"/><net_sink comp="1786" pin=0"/></net>

<net id="1790"><net_src comp="1786" pin="1"/><net_sink comp="842" pin=0"/></net>

<net id="1794"><net_src comp="1382" pin="1"/><net_sink comp="1791" pin=0"/></net>

<net id="1795"><net_src comp="1791" pin="1"/><net_sink comp="830" pin=0"/></net>

<net id="1799"><net_src comp="1386" pin="1"/><net_sink comp="1796" pin=0"/></net>

<net id="1800"><net_src comp="1796" pin="1"/><net_sink comp="818" pin=0"/></net>

<net id="1804"><net_src comp="1390" pin="1"/><net_sink comp="1801" pin=0"/></net>

<net id="1805"><net_src comp="1801" pin="1"/><net_sink comp="806" pin=0"/></net>

<net id="1809"><net_src comp="1394" pin="1"/><net_sink comp="1806" pin=0"/></net>

<net id="1810"><net_src comp="1806" pin="1"/><net_sink comp="794" pin=0"/></net>

<net id="1814"><net_src comp="1398" pin="1"/><net_sink comp="1811" pin=0"/></net>

<net id="1815"><net_src comp="1811" pin="1"/><net_sink comp="782" pin=0"/></net>

<net id="1819"><net_src comp="1402" pin="1"/><net_sink comp="1816" pin=0"/></net>

<net id="1820"><net_src comp="1816" pin="1"/><net_sink comp="770" pin=0"/></net>

<net id="1824"><net_src comp="1406" pin="1"/><net_sink comp="1821" pin=0"/></net>

<net id="1825"><net_src comp="1821" pin="1"/><net_sink comp="758" pin=0"/></net>

<net id="1829"><net_src comp="1410" pin="1"/><net_sink comp="1826" pin=0"/></net>

<net id="1830"><net_src comp="1826" pin="1"/><net_sink comp="746" pin=0"/></net>

<net id="1834"><net_src comp="1414" pin="1"/><net_sink comp="1831" pin=0"/></net>

<net id="1835"><net_src comp="1831" pin="1"/><net_sink comp="734" pin=0"/></net>

<net id="1839"><net_src comp="1418" pin="1"/><net_sink comp="1836" pin=0"/></net>

<net id="1840"><net_src comp="1836" pin="1"/><net_sink comp="722" pin=0"/></net>

<net id="1844"><net_src comp="146" pin="3"/><net_sink comp="1841" pin=0"/></net>

<net id="1845"><net_src comp="1841" pin="1"/><net_sink comp="153" pin=0"/></net>

<net id="1849"><net_src comp="159" pin="3"/><net_sink comp="1846" pin=0"/></net>

<net id="1850"><net_src comp="1846" pin="1"/><net_sink comp="166" pin=0"/></net>

<net id="1854"><net_src comp="1428" pin="2"/><net_sink comp="1851" pin=0"/></net>

<net id="1855"><net_src comp="1851" pin="1"/><net_sink comp="190" pin=2"/></net>

<net id="1859"><net_src comp="1434" pin="2"/><net_sink comp="1856" pin=0"/></net>

<net id="1863"><net_src comp="153" pin="3"/><net_sink comp="1860" pin=0"/></net>

<net id="1864"><net_src comp="1860" pin="1"/><net_sink comp="1555" pin=5"/></net>

<net id="1868"><net_src comp="1518" pin="1"/><net_sink comp="1865" pin=0"/></net>

<net id="1869"><net_src comp="1865" pin="1"/><net_sink comp="1654" pin=0"/></net>

<net id="1873"><net_src comp="1522" pin="1"/><net_sink comp="1870" pin=0"/></net>

<net id="1874"><net_src comp="1870" pin="1"/><net_sink comp="1654" pin=1"/></net>

<net id="1878"><net_src comp="1538" pin="3"/><net_sink comp="1875" pin=0"/></net>

<net id="1879"><net_src comp="1875" pin="1"/><net_sink comp="708" pin=2"/></net>

</net_list>

</model> 
---------------- Datapath Model END ------------------

* FSMD analyzer results:
  - Output states:
	Port: outidx | {}
	Port: w4_V | {}
	Port: void_compute_output_buffer_2d_array_array_ap_fixed_4u_config4_array_ap_fixed_16_6_5_3_0_4u_const_ap_shift_reg_value_type_in_width_n_chan_stream_array_ap_fixed_39_19_5_3_0_4u_0_weight_t_bias_t_kernel_data_9 | {}
	Port: void_compute_output_buffer_2d_array_array_ap_fixed_4u_config4_array_ap_fixed_16_6_5_3_0_4u_const_ap_shift_reg_value_type_in_width_n_chan_stream_array_ap_fixed_39_19_5_3_0_4u_0_weight_t_bias_t_kernel_data_8 | {}
	Port: void_compute_output_buffer_2d_array_array_ap_fixed_4u_config4_array_ap_fixed_16_6_5_3_0_4u_const_ap_shift_reg_value_type_in_width_n_chan_stream_array_ap_fixed_39_19_5_3_0_4u_0_weight_t_bias_t_kernel_data_7 | {}
	Port: void_compute_output_buffer_2d_array_array_ap_fixed_4u_config4_array_ap_fixed_16_6_5_3_0_4u_const_ap_shift_reg_value_type_in_width_n_chan_stream_array_ap_fixed_39_19_5_3_0_4u_0_weight_t_bias_t_kernel_data_6 | {}
	Port: void_compute_output_buffer_2d_array_array_ap_fixed_4u_config4_array_ap_fixed_16_6_5_3_0_4u_const_ap_shift_reg_value_type_in_width_n_chan_stream_array_ap_fixed_39_19_5_3_0_4u_0_weight_t_bias_t_kernel_data_5 | {}
	Port: void_compute_output_buffer_2d_array_array_ap_fixed_4u_config4_array_ap_fixed_16_6_5_3_0_4u_const_ap_shift_reg_value_type_in_width_n_chan_stream_array_ap_fixed_39_19_5_3_0_4u_0_weight_t_bias_t_kernel_data_4 | {}
	Port: void_compute_output_buffer_2d_array_array_ap_fixed_4u_config4_array_ap_fixed_16_6_5_3_0_4u_const_ap_shift_reg_value_type_in_width_n_chan_stream_array_ap_fixed_39_19_5_3_0_4u_0_weight_t_bias_t_kernel_data_3 | {}
	Port: void_compute_output_buffer_2d_array_array_ap_fixed_4u_config4_array_ap_fixed_16_6_5_3_0_4u_const_ap_shift_reg_value_type_in_width_n_chan_stream_array_ap_fixed_39_19_5_3_0_4u_0_weight_t_bias_t_kernel_data_2 | {}
	Port: void_compute_output_buffer_2d_array_array_ap_fixed_4u_config4_array_ap_fixed_16_6_5_3_0_4u_const_ap_shift_reg_value_type_in_width_n_chan_stream_array_ap_fixed_39_19_5_3_0_4u_0_weight_t_bias_t_kernel_data_1 | {}
	Port: void_compute_output_buffer_2d_array_array_ap_fixed_4u_config4_array_ap_fixed_16_6_5_3_0_4u_const_ap_shift_reg_value_type_in_width_n_chan_stream_array_ap_fixed_39_19_5_3_0_4u_0_weight_t_bias_t_kernel_data | {}
	Port: p_ZZN4nnet24compute_output_buffer_2dINS_5arrayI8ap_fixedILi16ELi6EL9ap_q_mode5EL9ap_o_mode3ELi0EELj4EEENS1_IS2_ILi39ELi19ELS3_5ELS4_3ELi0EELj4EEE7config4EEvRKT_PAsrT1_6n_chan_12ap_shift_regINSA_10value_typeEXsrSD_8in_widthEERN3hls6streamIT0_25 | {}
	Port: p_ZZN4nnet24compute_output_buffer_2dINS_5arrayI8ap_fixedILi16ELi6EL9ap_q_mode5EL9ap_o_mode3ELi0EELj4EEENS1_IS2_ILi39ELi19ELS3_5ELS4_3ELi0EELj4EEE7config4EEvRKT_PAsrT1_6n_chan_12ap_shift_regINSA_10value_typeEXsrSD_8in_widthEERN3hls6streamIT0_24 | {}
	Port: p_ZZN4nnet24compute_output_buffer_2dINS_5arrayI8ap_fixedILi16ELi6EL9ap_q_mode5EL9ap_o_mode3ELi0EELj4EEENS1_IS2_ILi39ELi19ELS3_5ELS4_3ELi0EELj4EEE7config4EEvRKT_PAsrT1_6n_chan_12ap_shift_regINSA_10value_typeEXsrSD_8in_widthEERN3hls6streamIT0_23 | {}
	Port: p_ZZN4nnet24compute_output_buffer_2dINS_5arrayI8ap_fixedILi16ELi6EL9ap_q_mode5EL9ap_o_mode3ELi0EELj4EEENS1_IS2_ILi39ELi19ELS3_5ELS4_3ELi0EELj4EEE7config4EEvRKT_PAsrT1_6n_chan_12ap_shift_regINSA_10value_typeEXsrSD_8in_widthEERN3hls6streamIT0_22 | {}
	Port: p_ZZN4nnet24compute_output_buffer_2dINS_5arrayI8ap_fixedILi16ELi6EL9ap_q_mode5EL9ap_o_mode3ELi0EELj4EEENS1_IS2_ILi39ELi19ELS3_5ELS4_3ELi0EELj4EEE7config4EEvRKT_PAsrT1_6n_chan_12ap_shift_regINSA_10value_typeEXsrSD_8in_widthEERN3hls6streamIT0_21 | {}
	Port: p_ZZN4nnet24compute_output_buffer_2dINS_5arrayI8ap_fixedILi16ELi6EL9ap_q_mode5EL9ap_o_mode3ELi0EELj4EEENS1_IS2_ILi39ELi19ELS3_5ELS4_3ELi0EELj4EEE7config4EEvRKT_PAsrT1_6n_chan_12ap_shift_regINSA_10value_typeEXsrSD_8in_widthEERN3hls6streamIT0_20 | {}
	Port: p_ZZN4nnet24compute_output_buffer_2dINS_5arrayI8ap_fixedILi16ELi6EL9ap_q_mode5EL9ap_o_mode3ELi0EELj4EEENS1_IS2_ILi39ELi19ELS3_5ELS4_3ELi0EELj4EEE7config4EEvRKT_PAsrT1_6n_chan_12ap_shift_regINSA_10value_typeEXsrSD_8in_widthEERN3hls6streamIT0_19 | {}
	Port: p_ZZN4nnet24compute_output_buffer_2dINS_5arrayI8ap_fixedILi16ELi6EL9ap_q_mode5EL9ap_o_mode3ELi0EELj4EEENS1_IS2_ILi39ELi19ELS3_5ELS4_3ELi0EELj4EEE7config4EEvRKT_PAsrT1_6n_chan_12ap_shift_regINSA_10value_typeEXsrSD_8in_widthEERN3hls6streamIT0_18 | {}
	Port: p_ZZN4nnet24compute_output_buffer_2dINS_5arrayI8ap_fixedILi16ELi6EL9ap_q_mode5EL9ap_o_mode3ELi0EELj4EEENS1_IS2_ILi39ELi19ELS3_5ELS4_3ELi0EELj4EEE7config4EEvRKT_PAsrT1_6n_chan_12ap_shift_regINSA_10value_typeEXsrSD_8in_widthEERN3hls6streamIT0_17 | {}
	Port: p_ZZN4nnet24compute_output_buffer_2dINS_5arrayI8ap_fixedILi16ELi6EL9ap_q_mode5EL9ap_o_mode3ELi0EELj4EEENS1_IS2_ILi39ELi19ELS3_5ELS4_3ELi0EELj4EEE7config4EEvRKT_PAsrT1_6n_chan_12ap_shift_regINSA_10value_typeEXsrSD_8in_widthEERN3hls6streamIT0_16 | {}
	Port: p_ZZN4nnet24compute_output_buffer_2dINS_5arrayI8ap_fixedILi16ELi6EL9ap_q_mode5EL9ap_o_mode3ELi0EELj4EEENS1_IS2_ILi39ELi19ELS3_5ELS4_3ELi0EELj4EEE7config4EEvRKT_PAsrT1_6n_chan_12ap_shift_regINSA_10value_typeEXsrSD_8in_widthEERN3hls6streamIT0_15 | {}
	Port: p_ZZN4nnet24compute_output_buffer_2dINS_5arrayI8ap_fixedILi16ELi6EL9ap_q_mode5EL9ap_o_mode3ELi0EELj4EEENS1_IS2_ILi39ELi19ELS3_5ELS4_3ELi0EELj4EEE7config4EEvRKT_PAsrT1_6n_chan_12ap_shift_regINSA_10value_typeEXsrSD_8in_widthEERN3hls6streamIT0_14 | {}
	Port: p_ZZN4nnet24compute_output_buffer_2dINS_5arrayI8ap_fixedILi16ELi6EL9ap_q_mode5EL9ap_o_mode3ELi0EELj4EEENS1_IS2_ILi39ELi19ELS3_5ELS4_3ELi0EELj4EEE7config4EEvRKT_PAsrT1_6n_chan_12ap_shift_regINSA_10value_typeEXsrSD_8in_widthEERN3hls6streamIT0_13 | {}
	Port: p_ZZN4nnet24compute_output_buffer_2dINS_5arrayI8ap_fixedILi16ELi6EL9ap_q_mode5EL9ap_o_mode3ELi0EELj4EEENS1_IS2_ILi39ELi19ELS3_5ELS4_3ELi0EELj4EEE7config4EEvRKT_PAsrT1_6n_chan_12ap_shift_regINSA_10value_typeEXsrSD_8in_widthEERN3hls6streamIT0_12 | {}
	Port: p_ZZN4nnet24compute_output_buffer_2dINS_5arrayI8ap_fixedILi16ELi6EL9ap_q_mode5EL9ap_o_mode3ELi0EELj4EEENS1_IS2_ILi39ELi19ELS3_5ELS4_3ELi0EELj4EEE7config4EEvRKT_PAsrT1_6n_chan_12ap_shift_regINSA_10value_typeEXsrSD_8in_widthEERN3hls6streamIT0_11 | {}
	Port: p_ZZN4nnet24compute_output_buffer_2dINS_5arrayI8ap_fixedILi16ELi6EL9ap_q_mode5EL9ap_o_mode3ELi0EELj4EEENS1_IS2_ILi39ELi19ELS3_5ELS4_3ELi0EELj4EEE7config4EEvRKT_PAsrT1_6n_chan_12ap_shift_regINSA_10value_typeEXsrSD_8in_widthEERN3hls6streamIT0_10 | {}
	Port: p_ZZN4nnet24compute_output_buffer_2dINS_5arrayI8ap_fixedILi16ELi6EL9ap_q_mode5EL9ap_o_mode3ELi0EELj4EEENS1_IS2_ILi39ELi19ELS3_5ELS4_3ELi0EELj4EEE7config4EEvRKT_PAsrT1_6n_chan_12ap_shift_regINSA_10value_typeEXsrSD_8in_widthEERN3hls6streamIT0_9 | {}
	Port: p_ZZN4nnet24compute_output_buffer_2dINS_5arrayI8ap_fixedILi16ELi6EL9ap_q_mode5EL9ap_o_mode3ELi0EELj4EEENS1_IS2_ILi39ELi19ELS3_5ELS4_3ELi0EELj4EEE7config4EEvRKT_PAsrT1_6n_chan_12ap_shift_regINSA_10value_typeEXsrSD_8in_widthEERN3hls6streamIT0_8 | {}
	Port: p_ZZN4nnet24compute_output_buffer_2dINS_5arrayI8ap_fixedILi16ELi6EL9ap_q_mode5EL9ap_o_mode3ELi0EELj4EEENS1_IS2_ILi39ELi19ELS3_5ELS4_3ELi0EELj4EEE7config4EEvRKT_PAsrT1_6n_chan_12ap_shift_regINSA_10value_typeEXsrSD_8in_widthEERN3hls6streamIT0_7 | {}
	Port: p_ZZN4nnet24compute_output_buffer_2dINS_5arrayI8ap_fixedILi16ELi6EL9ap_q_mode5EL9ap_o_mode3ELi0EELj4EEENS1_IS2_ILi39ELi19ELS3_5ELS4_3ELi0EELj4EEE7config4EEvRKT_PAsrT1_6n_chan_12ap_shift_regINSA_10value_typeEXsrSD_8in_widthEERN3hls6streamIT0_6 | {}
	Port: p_ZZN4nnet24compute_output_buffer_2dINS_5arrayI8ap_fixedILi16ELi6EL9ap_q_mode5EL9ap_o_mode3ELi0EELj4EEENS1_IS2_ILi39ELi19ELS3_5ELS4_3ELi0EELj4EEE7config4EEvRKT_PAsrT1_6n_chan_12ap_shift_regINSA_10value_typeEXsrSD_8in_widthEERN3hls6streamIT0_5 | {}
	Port: p_ZZN4nnet24compute_output_buffer_2dINS_5arrayI8ap_fixedILi16ELi6EL9ap_q_mode5EL9ap_o_mode3ELi0EELj4EEENS1_IS2_ILi39ELi19ELS3_5ELS4_3ELi0EELj4EEE7config4EEvRKT_PAsrT1_6n_chan_12ap_shift_regINSA_10value_typeEXsrSD_8in_widthEERN3hls6streamIT0_4 | {}
	Port: p_ZZN4nnet24compute_output_buffer_2dINS_5arrayI8ap_fixedILi16ELi6EL9ap_q_mode5EL9ap_o_mode3ELi0EELj4EEENS1_IS2_ILi39ELi19ELS3_5ELS4_3ELi0EELj4EEE7config4EEvRKT_PAsrT1_6n_chan_12ap_shift_regINSA_10value_typeEXsrSD_8in_widthEERN3hls6streamIT0_3 | {}
	Port: p_ZZN4nnet24compute_output_buffer_2dINS_5arrayI8ap_fixedILi16ELi6EL9ap_q_mode5EL9ap_o_mode3ELi0EELj4EEENS1_IS2_ILi39ELi19ELS3_5ELS4_3ELi0EELj4EEE7config4EEvRKT_PAsrT1_6n_chan_12ap_shift_regINSA_10value_typeEXsrSD_8in_widthEERN3hls6streamIT0_2 | {}
	Port: p_ZZN4nnet24compute_output_buffer_2dINS_5arrayI8ap_fixedILi16ELi6EL9ap_q_mode5EL9ap_o_mode3ELi0EELj4EEENS1_IS2_ILi39ELi19ELS3_5ELS4_3ELi0EELj4EEE7config4EEvRKT_PAsrT1_6n_chan_12ap_shift_regINSA_10value_typeEXsrSD_8in_widthEERN3hls6streamIT0_1 | {}
	Port: p_ZZN4nnet24compute_output_buffer_2dINS_5arrayI8ap_fixedILi16ELi6EL9ap_q_mode5EL9ap_o_mode3ELi0EELj4EEENS1_IS2_ILi39ELi19ELS3_5ELS4_3ELi0EELj4EEE7config4EEvRKT_PAsrT1_6n_chan_12ap_shift_regINSA_10value_typeEXsrSD_8in_widthEERN3hls6streamIT0_s | {}
 - Input state : 
	Port: dense_resource_rf_gt_nin_rem0<ap_fixed<16, 6, 5, 3, 0>, ap_fixed<39, 19, 5, 3, 0>, config4_mult> : outidx | {1 2 }
	Port: dense_resource_rf_gt_nin_rem0<ap_fixed<16, 6, 5, 3, 0>, ap_fixed<39, 19, 5, 3, 0>, config4_mult> : w4_V | {1 2 }
	Port: dense_resource_rf_gt_nin_rem0<ap_fixed<16, 6, 5, 3, 0>, ap_fixed<39, 19, 5, 3, 0>, config4_mult> : void_compute_output_buffer_2d_array_array_ap_fixed_4u_config4_array_ap_fixed_16_6_5_3_0_4u_const_ap_shift_reg_value_type_in_width_n_chan_stream_array_ap_fixed_39_19_5_3_0_4u_0_weight_t_bias_t_kernel_data_9 | {1 }
	Port: dense_resource_rf_gt_nin_rem0<ap_fixed<16, 6, 5, 3, 0>, ap_fixed<39, 19, 5, 3, 0>, config4_mult> : void_compute_output_buffer_2d_array_array_ap_fixed_4u_config4_array_ap_fixed_16_6_5_3_0_4u_const_ap_shift_reg_value_type_in_width_n_chan_stream_array_ap_fixed_39_19_5_3_0_4u_0_weight_t_bias_t_kernel_data_8 | {1 }
	Port: dense_resource_rf_gt_nin_rem0<ap_fixed<16, 6, 5, 3, 0>, ap_fixed<39, 19, 5, 3, 0>, config4_mult> : void_compute_output_buffer_2d_array_array_ap_fixed_4u_config4_array_ap_fixed_16_6_5_3_0_4u_const_ap_shift_reg_value_type_in_width_n_chan_stream_array_ap_fixed_39_19_5_3_0_4u_0_weight_t_bias_t_kernel_data_7 | {1 }
	Port: dense_resource_rf_gt_nin_rem0<ap_fixed<16, 6, 5, 3, 0>, ap_fixed<39, 19, 5, 3, 0>, config4_mult> : void_compute_output_buffer_2d_array_array_ap_fixed_4u_config4_array_ap_fixed_16_6_5_3_0_4u_const_ap_shift_reg_value_type_in_width_n_chan_stream_array_ap_fixed_39_19_5_3_0_4u_0_weight_t_bias_t_kernel_data_6 | {1 }
	Port: dense_resource_rf_gt_nin_rem0<ap_fixed<16, 6, 5, 3, 0>, ap_fixed<39, 19, 5, 3, 0>, config4_mult> : void_compute_output_buffer_2d_array_array_ap_fixed_4u_config4_array_ap_fixed_16_6_5_3_0_4u_const_ap_shift_reg_value_type_in_width_n_chan_stream_array_ap_fixed_39_19_5_3_0_4u_0_weight_t_bias_t_kernel_data_5 | {1 }
	Port: dense_resource_rf_gt_nin_rem0<ap_fixed<16, 6, 5, 3, 0>, ap_fixed<39, 19, 5, 3, 0>, config4_mult> : void_compute_output_buffer_2d_array_array_ap_fixed_4u_config4_array_ap_fixed_16_6_5_3_0_4u_const_ap_shift_reg_value_type_in_width_n_chan_stream_array_ap_fixed_39_19_5_3_0_4u_0_weight_t_bias_t_kernel_data_4 | {1 }
	Port: dense_resource_rf_gt_nin_rem0<ap_fixed<16, 6, 5, 3, 0>, ap_fixed<39, 19, 5, 3, 0>, config4_mult> : void_compute_output_buffer_2d_array_array_ap_fixed_4u_config4_array_ap_fixed_16_6_5_3_0_4u_const_ap_shift_reg_value_type_in_width_n_chan_stream_array_ap_fixed_39_19_5_3_0_4u_0_weight_t_bias_t_kernel_data_3 | {1 }
	Port: dense_resource_rf_gt_nin_rem0<ap_fixed<16, 6, 5, 3, 0>, ap_fixed<39, 19, 5, 3, 0>, config4_mult> : void_compute_output_buffer_2d_array_array_ap_fixed_4u_config4_array_ap_fixed_16_6_5_3_0_4u_const_ap_shift_reg_value_type_in_width_n_chan_stream_array_ap_fixed_39_19_5_3_0_4u_0_weight_t_bias_t_kernel_data_2 | {1 }
	Port: dense_resource_rf_gt_nin_rem0<ap_fixed<16, 6, 5, 3, 0>, ap_fixed<39, 19, 5, 3, 0>, config4_mult> : void_compute_output_buffer_2d_array_array_ap_fixed_4u_config4_array_ap_fixed_16_6_5_3_0_4u_const_ap_shift_reg_value_type_in_width_n_chan_stream_array_ap_fixed_39_19_5_3_0_4u_0_weight_t_bias_t_kernel_data_1 | {1 }
	Port: dense_resource_rf_gt_nin_rem0<ap_fixed<16, 6, 5, 3, 0>, ap_fixed<39, 19, 5, 3, 0>, config4_mult> : void_compute_output_buffer_2d_array_array_ap_fixed_4u_config4_array_ap_fixed_16_6_5_3_0_4u_const_ap_shift_reg_value_type_in_width_n_chan_stream_array_ap_fixed_39_19_5_3_0_4u_0_weight_t_bias_t_kernel_data | {1 }
	Port: dense_resource_rf_gt_nin_rem0<ap_fixed<16, 6, 5, 3, 0>, ap_fixed<39, 19, 5, 3, 0>, config4_mult> : p_ZZN4nnet24compute_output_buffer_2dINS_5arrayI8ap_fixedILi16ELi6EL9ap_q_mode5EL9ap_o_mode3ELi0EELj4EEENS1_IS2_ILi39ELi19ELS3_5ELS4_3ELi0EELj4EEE7config4EEvRKT_PAsrT1_6n_chan_12ap_shift_regINSA_10value_typeEXsrSD_8in_widthEERN3hls6streamIT0_25 | {1 }
	Port: dense_resource_rf_gt_nin_rem0<ap_fixed<16, 6, 5, 3, 0>, ap_fixed<39, 19, 5, 3, 0>, config4_mult> : p_ZZN4nnet24compute_output_buffer_2dINS_5arrayI8ap_fixedILi16ELi6EL9ap_q_mode5EL9ap_o_mode3ELi0EELj4EEENS1_IS2_ILi39ELi19ELS3_5ELS4_3ELi0EELj4EEE7config4EEvRKT_PAsrT1_6n_chan_12ap_shift_regINSA_10value_typeEXsrSD_8in_widthEERN3hls6streamIT0_24 | {1 }
	Port: dense_resource_rf_gt_nin_rem0<ap_fixed<16, 6, 5, 3, 0>, ap_fixed<39, 19, 5, 3, 0>, config4_mult> : p_ZZN4nnet24compute_output_buffer_2dINS_5arrayI8ap_fixedILi16ELi6EL9ap_q_mode5EL9ap_o_mode3ELi0EELj4EEENS1_IS2_ILi39ELi19ELS3_5ELS4_3ELi0EELj4EEE7config4EEvRKT_PAsrT1_6n_chan_12ap_shift_regINSA_10value_typeEXsrSD_8in_widthEERN3hls6streamIT0_23 | {1 }
	Port: dense_resource_rf_gt_nin_rem0<ap_fixed<16, 6, 5, 3, 0>, ap_fixed<39, 19, 5, 3, 0>, config4_mult> : p_ZZN4nnet24compute_output_buffer_2dINS_5arrayI8ap_fixedILi16ELi6EL9ap_q_mode5EL9ap_o_mode3ELi0EELj4EEENS1_IS2_ILi39ELi19ELS3_5ELS4_3ELi0EELj4EEE7config4EEvRKT_PAsrT1_6n_chan_12ap_shift_regINSA_10value_typeEXsrSD_8in_widthEERN3hls6streamIT0_22 | {1 }
	Port: dense_resource_rf_gt_nin_rem0<ap_fixed<16, 6, 5, 3, 0>, ap_fixed<39, 19, 5, 3, 0>, config4_mult> : p_ZZN4nnet24compute_output_buffer_2dINS_5arrayI8ap_fixedILi16ELi6EL9ap_q_mode5EL9ap_o_mode3ELi0EELj4EEENS1_IS2_ILi39ELi19ELS3_5ELS4_3ELi0EELj4EEE7config4EEvRKT_PAsrT1_6n_chan_12ap_shift_regINSA_10value_typeEXsrSD_8in_widthEERN3hls6streamIT0_21 | {1 }
	Port: dense_resource_rf_gt_nin_rem0<ap_fixed<16, 6, 5, 3, 0>, ap_fixed<39, 19, 5, 3, 0>, config4_mult> : p_ZZN4nnet24compute_output_buffer_2dINS_5arrayI8ap_fixedILi16ELi6EL9ap_q_mode5EL9ap_o_mode3ELi0EELj4EEENS1_IS2_ILi39ELi19ELS3_5ELS4_3ELi0EELj4EEE7config4EEvRKT_PAsrT1_6n_chan_12ap_shift_regINSA_10value_typeEXsrSD_8in_widthEERN3hls6streamIT0_20 | {1 }
	Port: dense_resource_rf_gt_nin_rem0<ap_fixed<16, 6, 5, 3, 0>, ap_fixed<39, 19, 5, 3, 0>, config4_mult> : p_ZZN4nnet24compute_output_buffer_2dINS_5arrayI8ap_fixedILi16ELi6EL9ap_q_mode5EL9ap_o_mode3ELi0EELj4EEENS1_IS2_ILi39ELi19ELS3_5ELS4_3ELi0EELj4EEE7config4EEvRKT_PAsrT1_6n_chan_12ap_shift_regINSA_10value_typeEXsrSD_8in_widthEERN3hls6streamIT0_19 | {1 }
	Port: dense_resource_rf_gt_nin_rem0<ap_fixed<16, 6, 5, 3, 0>, ap_fixed<39, 19, 5, 3, 0>, config4_mult> : p_ZZN4nnet24compute_output_buffer_2dINS_5arrayI8ap_fixedILi16ELi6EL9ap_q_mode5EL9ap_o_mode3ELi0EELj4EEENS1_IS2_ILi39ELi19ELS3_5ELS4_3ELi0EELj4EEE7config4EEvRKT_PAsrT1_6n_chan_12ap_shift_regINSA_10value_typeEXsrSD_8in_widthEERN3hls6streamIT0_18 | {1 }
	Port: dense_resource_rf_gt_nin_rem0<ap_fixed<16, 6, 5, 3, 0>, ap_fixed<39, 19, 5, 3, 0>, config4_mult> : p_ZZN4nnet24compute_output_buffer_2dINS_5arrayI8ap_fixedILi16ELi6EL9ap_q_mode5EL9ap_o_mode3ELi0EELj4EEENS1_IS2_ILi39ELi19ELS3_5ELS4_3ELi0EELj4EEE7config4EEvRKT_PAsrT1_6n_chan_12ap_shift_regINSA_10value_typeEXsrSD_8in_widthEERN3hls6streamIT0_17 | {1 }
	Port: dense_resource_rf_gt_nin_rem0<ap_fixed<16, 6, 5, 3, 0>, ap_fixed<39, 19, 5, 3, 0>, config4_mult> : p_ZZN4nnet24compute_output_buffer_2dINS_5arrayI8ap_fixedILi16ELi6EL9ap_q_mode5EL9ap_o_mode3ELi0EELj4EEENS1_IS2_ILi39ELi19ELS3_5ELS4_3ELi0EELj4EEE7config4EEvRKT_PAsrT1_6n_chan_12ap_shift_regINSA_10value_typeEXsrSD_8in_widthEERN3hls6streamIT0_16 | {1 }
	Port: dense_resource_rf_gt_nin_rem0<ap_fixed<16, 6, 5, 3, 0>, ap_fixed<39, 19, 5, 3, 0>, config4_mult> : p_ZZN4nnet24compute_output_buffer_2dINS_5arrayI8ap_fixedILi16ELi6EL9ap_q_mode5EL9ap_o_mode3ELi0EELj4EEENS1_IS2_ILi39ELi19ELS3_5ELS4_3ELi0EELj4EEE7config4EEvRKT_PAsrT1_6n_chan_12ap_shift_regINSA_10value_typeEXsrSD_8in_widthEERN3hls6streamIT0_15 | {1 }
	Port: dense_resource_rf_gt_nin_rem0<ap_fixed<16, 6, 5, 3, 0>, ap_fixed<39, 19, 5, 3, 0>, config4_mult> : p_ZZN4nnet24compute_output_buffer_2dINS_5arrayI8ap_fixedILi16ELi6EL9ap_q_mode5EL9ap_o_mode3ELi0EELj4EEENS1_IS2_ILi39ELi19ELS3_5ELS4_3ELi0EELj4EEE7config4EEvRKT_PAsrT1_6n_chan_12ap_shift_regINSA_10value_typeEXsrSD_8in_widthEERN3hls6streamIT0_14 | {1 }
	Port: dense_resource_rf_gt_nin_rem0<ap_fixed<16, 6, 5, 3, 0>, ap_fixed<39, 19, 5, 3, 0>, config4_mult> : p_ZZN4nnet24compute_output_buffer_2dINS_5arrayI8ap_fixedILi16ELi6EL9ap_q_mode5EL9ap_o_mode3ELi0EELj4EEENS1_IS2_ILi39ELi19ELS3_5ELS4_3ELi0EELj4EEE7config4EEvRKT_PAsrT1_6n_chan_12ap_shift_regINSA_10value_typeEXsrSD_8in_widthEERN3hls6streamIT0_13 | {1 }
	Port: dense_resource_rf_gt_nin_rem0<ap_fixed<16, 6, 5, 3, 0>, ap_fixed<39, 19, 5, 3, 0>, config4_mult> : p_ZZN4nnet24compute_output_buffer_2dINS_5arrayI8ap_fixedILi16ELi6EL9ap_q_mode5EL9ap_o_mode3ELi0EELj4EEENS1_IS2_ILi39ELi19ELS3_5ELS4_3ELi0EELj4EEE7config4EEvRKT_PAsrT1_6n_chan_12ap_shift_regINSA_10value_typeEXsrSD_8in_widthEERN3hls6streamIT0_12 | {1 }
	Port: dense_resource_rf_gt_nin_rem0<ap_fixed<16, 6, 5, 3, 0>, ap_fixed<39, 19, 5, 3, 0>, config4_mult> : p_ZZN4nnet24compute_output_buffer_2dINS_5arrayI8ap_fixedILi16ELi6EL9ap_q_mode5EL9ap_o_mode3ELi0EELj4EEENS1_IS2_ILi39ELi19ELS3_5ELS4_3ELi0EELj4EEE7config4EEvRKT_PAsrT1_6n_chan_12ap_shift_regINSA_10value_typeEXsrSD_8in_widthEERN3hls6streamIT0_11 | {1 }
	Port: dense_resource_rf_gt_nin_rem0<ap_fixed<16, 6, 5, 3, 0>, ap_fixed<39, 19, 5, 3, 0>, config4_mult> : p_ZZN4nnet24compute_output_buffer_2dINS_5arrayI8ap_fixedILi16ELi6EL9ap_q_mode5EL9ap_o_mode3ELi0EELj4EEENS1_IS2_ILi39ELi19ELS3_5ELS4_3ELi0EELj4EEE7config4EEvRKT_PAsrT1_6n_chan_12ap_shift_regINSA_10value_typeEXsrSD_8in_widthEERN3hls6streamIT0_10 | {1 }
	Port: dense_resource_rf_gt_nin_rem0<ap_fixed<16, 6, 5, 3, 0>, ap_fixed<39, 19, 5, 3, 0>, config4_mult> : p_ZZN4nnet24compute_output_buffer_2dINS_5arrayI8ap_fixedILi16ELi6EL9ap_q_mode5EL9ap_o_mode3ELi0EELj4EEENS1_IS2_ILi39ELi19ELS3_5ELS4_3ELi0EELj4EEE7config4EEvRKT_PAsrT1_6n_chan_12ap_shift_regINSA_10value_typeEXsrSD_8in_widthEERN3hls6streamIT0_9 | {1 }
	Port: dense_resource_rf_gt_nin_rem0<ap_fixed<16, 6, 5, 3, 0>, ap_fixed<39, 19, 5, 3, 0>, config4_mult> : p_ZZN4nnet24compute_output_buffer_2dINS_5arrayI8ap_fixedILi16ELi6EL9ap_q_mode5EL9ap_o_mode3ELi0EELj4EEENS1_IS2_ILi39ELi19ELS3_5ELS4_3ELi0EELj4EEE7config4EEvRKT_PAsrT1_6n_chan_12ap_shift_regINSA_10value_typeEXsrSD_8in_widthEERN3hls6streamIT0_8 | {1 }
	Port: dense_resource_rf_gt_nin_rem0<ap_fixed<16, 6, 5, 3, 0>, ap_fixed<39, 19, 5, 3, 0>, config4_mult> : p_ZZN4nnet24compute_output_buffer_2dINS_5arrayI8ap_fixedILi16ELi6EL9ap_q_mode5EL9ap_o_mode3ELi0EELj4EEENS1_IS2_ILi39ELi19ELS3_5ELS4_3ELi0EELj4EEE7config4EEvRKT_PAsrT1_6n_chan_12ap_shift_regINSA_10value_typeEXsrSD_8in_widthEERN3hls6streamIT0_7 | {1 }
	Port: dense_resource_rf_gt_nin_rem0<ap_fixed<16, 6, 5, 3, 0>, ap_fixed<39, 19, 5, 3, 0>, config4_mult> : p_ZZN4nnet24compute_output_buffer_2dINS_5arrayI8ap_fixedILi16ELi6EL9ap_q_mode5EL9ap_o_mode3ELi0EELj4EEENS1_IS2_ILi39ELi19ELS3_5ELS4_3ELi0EELj4EEE7config4EEvRKT_PAsrT1_6n_chan_12ap_shift_regINSA_10value_typeEXsrSD_8in_widthEERN3hls6streamIT0_6 | {1 }
	Port: dense_resource_rf_gt_nin_rem0<ap_fixed<16, 6, 5, 3, 0>, ap_fixed<39, 19, 5, 3, 0>, config4_mult> : p_ZZN4nnet24compute_output_buffer_2dINS_5arrayI8ap_fixedILi16ELi6EL9ap_q_mode5EL9ap_o_mode3ELi0EELj4EEENS1_IS2_ILi39ELi19ELS3_5ELS4_3ELi0EELj4EEE7config4EEvRKT_PAsrT1_6n_chan_12ap_shift_regINSA_10value_typeEXsrSD_8in_widthEERN3hls6streamIT0_5 | {1 }
	Port: dense_resource_rf_gt_nin_rem0<ap_fixed<16, 6, 5, 3, 0>, ap_fixed<39, 19, 5, 3, 0>, config4_mult> : p_ZZN4nnet24compute_output_buffer_2dINS_5arrayI8ap_fixedILi16ELi6EL9ap_q_mode5EL9ap_o_mode3ELi0EELj4EEENS1_IS2_ILi39ELi19ELS3_5ELS4_3ELi0EELj4EEE7config4EEvRKT_PAsrT1_6n_chan_12ap_shift_regINSA_10value_typeEXsrSD_8in_widthEERN3hls6streamIT0_4 | {1 }
	Port: dense_resource_rf_gt_nin_rem0<ap_fixed<16, 6, 5, 3, 0>, ap_fixed<39, 19, 5, 3, 0>, config4_mult> : p_ZZN4nnet24compute_output_buffer_2dINS_5arrayI8ap_fixedILi16ELi6EL9ap_q_mode5EL9ap_o_mode3ELi0EELj4EEENS1_IS2_ILi39ELi19ELS3_5ELS4_3ELi0EELj4EEE7config4EEvRKT_PAsrT1_6n_chan_12ap_shift_regINSA_10value_typeEXsrSD_8in_widthEERN3hls6streamIT0_3 | {1 }
	Port: dense_resource_rf_gt_nin_rem0<ap_fixed<16, 6, 5, 3, 0>, ap_fixed<39, 19, 5, 3, 0>, config4_mult> : p_ZZN4nnet24compute_output_buffer_2dINS_5arrayI8ap_fixedILi16ELi6EL9ap_q_mode5EL9ap_o_mode3ELi0EELj4EEENS1_IS2_ILi39ELi19ELS3_5ELS4_3ELi0EELj4EEE7config4EEvRKT_PAsrT1_6n_chan_12ap_shift_regINSA_10value_typeEXsrSD_8in_widthEERN3hls6streamIT0_2 | {1 }
	Port: dense_resource_rf_gt_nin_rem0<ap_fixed<16, 6, 5, 3, 0>, ap_fixed<39, 19, 5, 3, 0>, config4_mult> : p_ZZN4nnet24compute_output_buffer_2dINS_5arrayI8ap_fixedILi16ELi6EL9ap_q_mode5EL9ap_o_mode3ELi0EELj4EEENS1_IS2_ILi39ELi19ELS3_5ELS4_3ELi0EELj4EEE7config4EEvRKT_PAsrT1_6n_chan_12ap_shift_regINSA_10value_typeEXsrSD_8in_widthEERN3hls6streamIT0_1 | {1 }
	Port: dense_resource_rf_gt_nin_rem0<ap_fixed<16, 6, 5, 3, 0>, ap_fixed<39, 19, 5, 3, 0>, config4_mult> : p_ZZN4nnet24compute_output_buffer_2dINS_5arrayI8ap_fixedILi16ELi6EL9ap_q_mode5EL9ap_o_mode3ELi0EELj4EEENS1_IS2_ILi39ELi19ELS3_5ELS4_3ELi0EELj4EEE7config4EEvRKT_PAsrT1_6n_chan_12ap_shift_regINSA_10value_typeEXsrSD_8in_widthEERN3hls6streamIT0_s | {1 }
  - Chain level:
	State 1
		do_init : 1
		w_index17 : 1
		zext_ln135 : 2
		outidx_addr : 3
		out_index : 4
		w4_V_addr : 3
		w_V : 4
		w_index : 2
		icmp_ln135 : 2
		br_ln135 : 3
	State 2
		p_ZZN4nnet24compute_output_buffer_2dINS_5arrayI8ap_fixedILi16ELi6EL9ap_q_mode5EL9ap_o_mode3ELi0EELj4EEENS1_IS2_ILi39ELi19ELS3_5ELS4_3ELi0EELj4EEE7config4EEvRKT_PAsrT1_6n_chan_12ap_shift_regINSA_10value_typeEXsrSD_8in_widthEERN3hls6streamIT0_44 : 1
		p_ZZN4nnet24compute_output_buffer_2dINS_5arrayI8ap_fixedILi16ELi6EL9ap_q_mode5EL9ap_o_mode3ELi0EELj4EEENS1_IS2_ILi39ELi19ELS3_5ELS4_3ELi0EELj4EEE7config4EEvRKT_PAsrT1_6n_chan_12ap_shift_regINSA_10value_typeEXsrSD_8in_widthEERN3hls6streamIT0_45 : 1
		p_ZZN4nnet24compute_output_buffer_2dINS_5arrayI8ap_fixedILi16ELi6EL9ap_q_mode5EL9ap_o_mode3ELi0EELj4EEENS1_IS2_ILi39ELi19ELS3_5ELS4_3ELi0EELj4EEE7config4EEvRKT_PAsrT1_6n_chan_12ap_shift_regINSA_10value_typeEXsrSD_8in_widthEERN3hls6streamIT0_46 : 1
		p_ZZN4nnet24compute_output_buffer_2dINS_5arrayI8ap_fixedILi16ELi6EL9ap_q_mode5EL9ap_o_mode3ELi0EELj4EEENS1_IS2_ILi39ELi19ELS3_5ELS4_3ELi0EELj4EEE7config4EEvRKT_PAsrT1_6n_chan_12ap_shift_regINSA_10value_typeEXsrSD_8in_widthEERN3hls6streamIT0_47 : 1
		p_ZZN4nnet24compute_output_buffer_2dINS_5arrayI8ap_fixedILi16ELi6EL9ap_q_mode5EL9ap_o_mode3ELi0EELj4EEENS1_IS2_ILi39ELi19ELS3_5ELS4_3ELi0EELj4EEE7config4EEvRKT_PAsrT1_6n_chan_12ap_shift_regINSA_10value_typeEXsrSD_8in_widthEERN3hls6streamIT0_48 : 1
		p_ZZN4nnet24compute_output_buffer_2dINS_5arrayI8ap_fixedILi16ELi6EL9ap_q_mode5EL9ap_o_mode3ELi0EELj4EEENS1_IS2_ILi39ELi19ELS3_5ELS4_3ELi0EELj4EEE7config4EEvRKT_PAsrT1_6n_chan_12ap_shift_regINSA_10value_typeEXsrSD_8in_widthEERN3hls6streamIT0_49 : 1
		p_ZZN4nnet24compute_output_buffer_2dINS_5arrayI8ap_fixedILi16ELi6EL9ap_q_mode5EL9ap_o_mode3ELi0EELj4EEENS1_IS2_ILi39ELi19ELS3_5ELS4_3ELi0EELj4EEE7config4EEvRKT_PAsrT1_6n_chan_12ap_shift_regINSA_10value_typeEXsrSD_8in_widthEERN3hls6streamIT0_50 : 1
		p_ZZN4nnet24compute_output_buffer_2dINS_5arrayI8ap_fixedILi16ELi6EL9ap_q_mode5EL9ap_o_mode3ELi0EELj4EEENS1_IS2_ILi39ELi19ELS3_5ELS4_3ELi0EELj4EEE7config4EEvRKT_PAsrT1_6n_chan_12ap_shift_regINSA_10value_typeEXsrSD_8in_widthEERN3hls6streamIT0_51 : 1
		p_ZZN4nnet24compute_output_buffer_2dINS_5arrayI8ap_fixedILi16ELi6EL9ap_q_mode5EL9ap_o_mode3ELi0EELj4EEENS1_IS2_ILi39ELi19ELS3_5ELS4_3ELi0EELj4EEE7config4EEvRKT_PAsrT1_6n_chan_12ap_shift_regINSA_10value_typeEXsrSD_8in_widthEERN3hls6streamIT0_52 : 1
		p_ZZN4nnet24compute_output_buffer_2dINS_5arrayI8ap_fixedILi16ELi6EL9ap_q_mode5EL9ap_o_mode3ELi0EELj4EEENS1_IS2_ILi39ELi19ELS3_5ELS4_3ELi0EELj4EEE7config4EEvRKT_PAsrT1_6n_chan_12ap_shift_regINSA_10value_typeEXsrSD_8in_widthEERN3hls6streamIT0_53 : 1
		p_ZZN4nnet24compute_output_buffer_2dINS_5arrayI8ap_fixedILi16ELi6EL9ap_q_mode5EL9ap_o_mode3ELi0EELj4EEENS1_IS2_ILi39ELi19ELS3_5ELS4_3ELi0EELj4EEE7config4EEvRKT_PAsrT1_6n_chan_12ap_shift_regINSA_10value_typeEXsrSD_8in_widthEERN3hls6streamIT0_54 : 1
		p_ZZN4nnet24compute_output_buffer_2dINS_5arrayI8ap_fixedILi16ELi6EL9ap_q_mode5EL9ap_o_mode3ELi0EELj4EEENS1_IS2_ILi39ELi19ELS3_5ELS4_3ELi0EELj4EEE7config4EEvRKT_PAsrT1_6n_chan_12ap_shift_regINSA_10value_typeEXsrSD_8in_widthEERN3hls6streamIT0_55 : 1
		p_ZZN4nnet24compute_output_buffer_2dINS_5arrayI8ap_fixedILi16ELi6EL9ap_q_mode5EL9ap_o_mode3ELi0EELj4EEENS1_IS2_ILi39ELi19ELS3_5ELS4_3ELi0EELj4EEE7config4EEvRKT_PAsrT1_6n_chan_12ap_shift_regINSA_10value_typeEXsrSD_8in_widthEERN3hls6streamIT0_56 : 1
		p_ZZN4nnet24compute_output_buffer_2dINS_5arrayI8ap_fixedILi16ELi6EL9ap_q_mode5EL9ap_o_mode3ELi0EELj4EEENS1_IS2_ILi39ELi19ELS3_5ELS4_3ELi0EELj4EEE7config4EEvRKT_PAsrT1_6n_chan_12ap_shift_regINSA_10value_typeEXsrSD_8in_widthEERN3hls6streamIT0_57 : 1
		p_ZZN4nnet24compute_output_buffer_2dINS_5arrayI8ap_fixedILi16ELi6EL9ap_q_mode5EL9ap_o_mode3ELi0EELj4EEENS1_IS2_ILi39ELi19ELS3_5ELS4_3ELi0EELj4EEE7config4EEvRKT_PAsrT1_6n_chan_12ap_shift_regINSA_10value_typeEXsrSD_8in_widthEERN3hls6streamIT0_58 : 1
		p_ZZN4nnet24compute_output_buffer_2dINS_5arrayI8ap_fixedILi16ELi6EL9ap_q_mode5EL9ap_o_mode3ELi0EELj4EEENS1_IS2_ILi39ELi19ELS3_5ELS4_3ELi0EELj4EEE7config4EEvRKT_PAsrT1_6n_chan_12ap_shift_regINSA_10value_typeEXsrSD_8in_widthEERN3hls6streamIT0_59 : 1
		p_ZZN4nnet24compute_output_buffer_2dINS_5arrayI8ap_fixedILi16ELi6EL9ap_q_mode5EL9ap_o_mode3ELi0EELj4EEENS1_IS2_ILi39ELi19ELS3_5ELS4_3ELi0EELj4EEE7config4EEvRKT_PAsrT1_6n_chan_12ap_shift_regINSA_10value_typeEXsrSD_8in_widthEERN3hls6streamIT0_60 : 1
		p_ZZN4nnet24compute_output_buffer_2dINS_5arrayI8ap_fixedILi16ELi6EL9ap_q_mode5EL9ap_o_mode3ELi0EELj4EEENS1_IS2_ILi39ELi19ELS3_5ELS4_3ELi0EELj4EEE7config4EEvRKT_PAsrT1_6n_chan_12ap_shift_regINSA_10value_typeEXsrSD_8in_widthEERN3hls6streamIT0_61 : 1
		p_ZZN4nnet24compute_output_buffer_2dINS_5arrayI8ap_fixedILi16ELi6EL9ap_q_mode5EL9ap_o_mode3ELi0EELj4EEENS1_IS2_ILi39ELi19ELS3_5ELS4_3ELi0EELj4EEE7config4EEvRKT_PAsrT1_6n_chan_12ap_shift_regINSA_10value_typeEXsrSD_8in_widthEERN3hls6streamIT0_62 : 1
		p_ZZN4nnet24compute_output_buffer_2dINS_5arrayI8ap_fixedILi16ELi6EL9ap_q_mode5EL9ap_o_mode3ELi0EELj4EEENS1_IS2_ILi39ELi19ELS3_5ELS4_3ELi0EELj4EEE7config4EEvRKT_PAsrT1_6n_chan_12ap_shift_regINSA_10value_typeEXsrSD_8in_widthEERN3hls6streamIT0_63 : 1
		p_ZZN4nnet24compute_output_buffer_2dINS_5arrayI8ap_fixedILi16ELi6EL9ap_q_mode5EL9ap_o_mode3ELi0EELj4EEENS1_IS2_ILi39ELi19ELS3_5ELS4_3ELi0EELj4EEE7config4EEvRKT_PAsrT1_6n_chan_12ap_shift_regINSA_10value_typeEXsrSD_8in_widthEERN3hls6streamIT0_64 : 1
		p_ZZN4nnet24compute_output_buffer_2dINS_5arrayI8ap_fixedILi16ELi6EL9ap_q_mode5EL9ap_o_mode3ELi0EELj4EEENS1_IS2_ILi39ELi19ELS3_5ELS4_3ELi0EELj4EEE7config4EEvRKT_PAsrT1_6n_chan_12ap_shift_regINSA_10value_typeEXsrSD_8in_widthEERN3hls6streamIT0_65 : 1
		p_ZZN4nnet24compute_output_buffer_2dINS_5arrayI8ap_fixedILi16ELi6EL9ap_q_mode5EL9ap_o_mode3ELi0EELj4EEENS1_IS2_ILi39ELi19ELS3_5ELS4_3ELi0EELj4EEE7config4EEvRKT_PAsrT1_6n_chan_12ap_shift_regINSA_10value_typeEXsrSD_8in_widthEERN3hls6streamIT0_66 : 1
		p_ZZN4nnet24compute_output_buffer_2dINS_5arrayI8ap_fixedILi16ELi6EL9ap_q_mode5EL9ap_o_mode3ELi0EELj4EEENS1_IS2_ILi39ELi19ELS3_5ELS4_3ELi0EELj4EEE7config4EEvRKT_PAsrT1_6n_chan_12ap_shift_regINSA_10value_typeEXsrSD_8in_widthEERN3hls6streamIT0_67 : 1
		p_ZZN4nnet24compute_output_buffer_2dINS_5arrayI8ap_fixedILi16ELi6EL9ap_q_mode5EL9ap_o_mode3ELi0EELj4EEENS1_IS2_ILi39ELi19ELS3_5ELS4_3ELi0EELj4EEE7config4EEvRKT_PAsrT1_6n_chan_12ap_shift_regINSA_10value_typeEXsrSD_8in_widthEERN3hls6streamIT0_68 : 1
		p_ZZN4nnet24compute_output_buffer_2dINS_5arrayI8ap_fixedILi16ELi6EL9ap_q_mode5EL9ap_o_mode3ELi0EELj4EEENS1_IS2_ILi39ELi19ELS3_5ELS4_3ELi0EELj4EEE7config4EEvRKT_PAsrT1_6n_chan_12ap_shift_regINSA_10value_typeEXsrSD_8in_widthEERN3hls6streamIT0_69 : 1
		void_compute_output_buffer_2d_array_array_ap_fixed_4u_config4_array_ap_fixed_16_6_5_3_0_4u_const_ap_shift_reg_value_type_in_width_n_chan_stream_array_ap_fixed_39_19_5_3_0_4u_0_weight_t_bias_t_kernel_data_load_phi : 1
		void_compute_output_buffer_2d_array_array_ap_fixed_4u_config4_array_ap_fixed_16_6_5_3_0_4u_const_ap_shift_reg_value_type_in_width_n_chan_stream_array_ap_fixed_39_19_5_3_0_4u_0_weight_t_bias_t_kernel_data_1_load_phi : 1
		void_compute_output_buffer_2d_array_array_ap_fixed_4u_config4_array_ap_fixed_16_6_5_3_0_4u_const_ap_shift_reg_value_type_in_width_n_chan_stream_array_ap_fixed_39_19_5_3_0_4u_0_weight_t_bias_t_kernel_data_2_load_phi : 1
		void_compute_output_buffer_2d_array_array_ap_fixed_4u_config4_array_ap_fixed_16_6_5_3_0_4u_const_ap_shift_reg_value_type_in_width_n_chan_stream_array_ap_fixed_39_19_5_3_0_4u_0_weight_t_bias_t_kernel_data_3_load_phi : 1
		void_compute_output_buffer_2d_array_array_ap_fixed_4u_config4_array_ap_fixed_16_6_5_3_0_4u_const_ap_shift_reg_value_type_in_width_n_chan_stream_array_ap_fixed_39_19_5_3_0_4u_0_weight_t_bias_t_kernel_data_4_load_phi : 1
		void_compute_output_buffer_2d_array_array_ap_fixed_4u_config4_array_ap_fixed_16_6_5_3_0_4u_const_ap_shift_reg_value_type_in_width_n_chan_stream_array_ap_fixed_39_19_5_3_0_4u_0_weight_t_bias_t_kernel_data_5_load_phi : 1
		void_compute_output_buffer_2d_array_array_ap_fixed_4u_config4_array_ap_fixed_16_6_5_3_0_4u_const_ap_shift_reg_value_type_in_width_n_chan_stream_array_ap_fixed_39_19_5_3_0_4u_0_weight_t_bias_t_kernel_data_6_load_phi : 1
		void_compute_output_buffer_2d_array_array_ap_fixed_4u_config4_array_ap_fixed_16_6_5_3_0_4u_const_ap_shift_reg_value_type_in_width_n_chan_stream_array_ap_fixed_39_19_5_3_0_4u_0_weight_t_bias_t_kernel_data_7_load_phi : 1
		void_compute_output_buffer_2d_array_array_ap_fixed_4u_config4_array_ap_fixed_16_6_5_3_0_4u_const_ap_shift_reg_value_type_in_width_n_chan_stream_array_ap_fixed_39_19_5_3_0_4u_0_weight_t_bias_t_kernel_data_8_load_phi : 1
		void_compute_output_buffer_2d_array_array_ap_fixed_4u_config4_array_ap_fixed_16_6_5_3_0_4u_const_ap_shift_reg_value_type_in_width_n_chan_stream_array_ap_fixed_39_19_5_3_0_4u_0_weight_t_bias_t_kernel_data_9_load_phi : 1
		a_V : 2
		sext_ln1168 : 3
		sext_ln1168_2 : 1
		mul_ln1168 : 4
		in_index_1 : 1
		icmp_ln154 : 2
		in_index : 3
	State 3
	State 4
	State 5
		trunc_ln : 1
		tmp_i : 1
		add_ln712 : 2
		acc_V_6 : 3
		acc_V_5 : 3
		acc_V_4 : 3
		acc_V : 3
		shl_ln : 4
		sext_ln110 : 5
		shl_ln737_1 : 4
		sext_ln110_1 : 5
		shl_ln737_2 : 4
		sext_ln110_2 : 5
		shl_ln737_3 : 4
		sext_ln166 : 5
		mrv_i : 6
		mrv_1_i : 7
		mrv_2_i : 8
		mrv_3_i : 9
		return_ln166 : 10


============================================================
+ Verbose Summary: Datapath Resource usage 
============================================================

* Functional unit list:
|----------|-----------------------|---------|---------|---------|
| Operation|    Functional Unit    |   DSP   |    FF   |   LUT   |
|----------|-----------------------|---------|---------|---------|
|    mux   |      a_V_fu_1440      |    0    |    0    |   159   |
|          |     tmp_i_fu_1555     |    0    |    0    |    20   |
|----------|-----------------------|---------|---------|---------|
|          |    w_index_fu_1428    |    0    |    0    |    15   |
|    add   |   in_index_1_fu_1526  |    0    |    0    |    39   |
|          |   add_ln712_fu_1568   |    0    |    0    |    23   |
|----------|-----------------------|---------|---------|---------|
|  select  |    in_index_fu_1538   |    0    |    0    |    32   |
|----------|-----------------------|---------|---------|---------|
|   icmp   |   icmp_ln135_fu_1434  |    0    |    0    |    11   |
|          |   icmp_ln154_fu_1532  |    0    |    0    |    18   |
|----------|-----------------------|---------|---------|---------|
|    mul   |      grp_fu_1654      |    1    |    0    |    0    |
|----------|-----------------------|---------|---------|---------|
|   zext   |   zext_ln135_fu_1422  |    0    |    0    |    0    |
|----------|-----------------------|---------|---------|---------|
|          |  sext_ln1168_fu_1518  |    0    |    0    |    0    |
|          | sext_ln1168_2_fu_1522 |    0    |    0    |    0    |
|   sext   |   sext_ln110_fu_1586  |    0    |    0    |    0    |
|          |  sext_ln110_1_fu_1598 |    0    |    0    |    0    |
|          |  sext_ln110_2_fu_1610 |    0    |    0    |    0    |
|          |   sext_ln166_fu_1622  |    0    |    0    |    0    |
|----------|-----------------------|---------|---------|---------|
|partselect|    trunc_ln_fu_1546   |    0    |    0    |    0    |
|----------|-----------------------|---------|---------|---------|
|          |     shl_ln_fu_1578    |    0    |    0    |    0    |
|bitconcatenate|  shl_ln737_1_fu_1590  |    0    |    0    |    0    |
|          |  shl_ln737_2_fu_1602  |    0    |    0    |    0    |
|          |  shl_ln737_3_fu_1614  |    0    |    0    |    0    |
|----------|-----------------------|---------|---------|---------|
|          |     mrv_i_fu_1626     |    0    |    0    |    0    |
|insertvalue|    mrv_1_i_fu_1632    |    0    |    0    |    0    |
|          |    mrv_2_i_fu_1638    |    0    |    0    |    0    |
|          |    mrv_3_i_fu_1644    |    0    |    0    |    0    |
|----------|-----------------------|---------|---------|---------|
|  return  |  return_ln166_fu_1650 |    0    |    0    |    0    |
|----------|-----------------------|---------|---------|---------|
|   Total  |                       |    1    |    0    |   317   |
|----------|-----------------------|---------|---------|---------|

Memories:
N/A

* Register list:
+------------------------------------------------------------------------------------------------------------------------------------------------------------------------------------------------------------------------------------------------------------+--------+
|                                                                                                                                                                                                                                                            |   FF   |
+------------------------------------------------------------------------------------------------------------------------------------------------------------------------------------------------------------------------------------------------------------+--------+
|                                                                                                                      acc_V_4_reg_1242                                                                                                                      |   16   |
|                                                                                                                      acc_V_5_reg_1224                                                                                                                      |   16   |
|                                                                                                                      acc_V_6_reg_1206                                                                                                                      |   16   |
|                                                                                                                       acc_V_reg_1260                                                                                                                       |   16   |
|                                                                                                                  conv_i1_i15_i16_reg_1150                                                                                                                  |   16   |
|                                                                                                                  conv_i1_i18_i14_reg_1164                                                                                                                  |   16   |
|                                                                                                                  conv_i1_i21_i12_reg_1178                                                                                                                  |   16   |
|                                                                                                                  conv_i1_i24_i10_reg_1192                                                                                                                  |   16   |
|                                                                                                                       do_init_reg_172                                                                                                                      |    1   |
|                                                                                                                     icmp_ln135_reg_1856                                                                                                                    |    1   |
|                                                                                                                     in_index18_reg_704                                                                                                                     |   32   |
|                                                                                                                      in_index_reg_1875                                                                                                                     |   32   |
|                                                                                                                     out_index_reg_1860                                                                                                                     |    2   |
|                                                                                                                    outidx_addr_reg_1841                                                                                                                    |    8   |
|p_ZZN4nnet24compute_output_buffer_2dINS_5arrayI8ap_fixedILi16ELi6EL9ap_q_mode5EL9ap_o_mode3ELi0EELj4EEENS1_IS2_ILi39ELi19ELS3_5ELS4_3ELi0EELj4EEE7config4EEvRKT_PAsrT1_6n_chan_12ap_shift_regINSA_10value_typeEXsrSD_8in_widthEERN3hls6streamIT0_100_reg_256|   16   |
|p_ZZN4nnet24compute_output_buffer_2dINS_5arrayI8ap_fixedILi16ELi6EL9ap_q_mode5EL9ap_o_mode3ELi0EELj4EEENS1_IS2_ILi39ELi19ELS3_5ELS4_3ELi0EELj4EEE7config4EEvRKT_PAsrT1_6n_chan_12ap_shift_regINSA_10value_typeEXsrSD_8in_widthEERN3hls6streamIT0_101_reg_270|   16   |
|p_ZZN4nnet24compute_output_buffer_2dINS_5arrayI8ap_fixedILi16ELi6EL9ap_q_mode5EL9ap_o_mode3ELi0EELj4EEENS1_IS2_ILi39ELi19ELS3_5ELS4_3ELi0EELj4EEE7config4EEvRKT_PAsrT1_6n_chan_12ap_shift_regINSA_10value_typeEXsrSD_8in_widthEERN3hls6streamIT0_102_reg_284|   16   |
|p_ZZN4nnet24compute_output_buffer_2dINS_5arrayI8ap_fixedILi16ELi6EL9ap_q_mode5EL9ap_o_mode3ELi0EELj4EEENS1_IS2_ILi39ELi19ELS3_5ELS4_3ELi0EELj4EEE7config4EEvRKT_PAsrT1_6n_chan_12ap_shift_regINSA_10value_typeEXsrSD_8in_widthEERN3hls6streamIT0_103_reg_298|   16   |
|p_ZZN4nnet24compute_output_buffer_2dINS_5arrayI8ap_fixedILi16ELi6EL9ap_q_mode5EL9ap_o_mode3ELi0EELj4EEENS1_IS2_ILi39ELi19ELS3_5ELS4_3ELi0EELj4EEE7config4EEvRKT_PAsrT1_6n_chan_12ap_shift_regINSA_10value_typeEXsrSD_8in_widthEERN3hls6streamIT0_104_reg_312|   16   |
|p_ZZN4nnet24compute_output_buffer_2dINS_5arrayI8ap_fixedILi16ELi6EL9ap_q_mode5EL9ap_o_mode3ELi0EELj4EEENS1_IS2_ILi39ELi19ELS3_5ELS4_3ELi0EELj4EEE7config4EEvRKT_PAsrT1_6n_chan_12ap_shift_regINSA_10value_typeEXsrSD_8in_widthEERN3hls6streamIT0_105_reg_326|   16   |
|p_ZZN4nnet24compute_output_buffer_2dINS_5arrayI8ap_fixedILi16ELi6EL9ap_q_mode5EL9ap_o_mode3ELi0EELj4EEENS1_IS2_ILi39ELi19ELS3_5ELS4_3ELi0EELj4EEE7config4EEvRKT_PAsrT1_6n_chan_12ap_shift_regINSA_10value_typeEXsrSD_8in_widthEERN3hls6streamIT0_106_reg_340|   16   |
|p_ZZN4nnet24compute_output_buffer_2dINS_5arrayI8ap_fixedILi16ELi6EL9ap_q_mode5EL9ap_o_mode3ELi0EELj4EEENS1_IS2_ILi39ELi19ELS3_5ELS4_3ELi0EELj4EEE7config4EEvRKT_PAsrT1_6n_chan_12ap_shift_regINSA_10value_typeEXsrSD_8in_widthEERN3hls6streamIT0_107_reg_354|   16   |
|p_ZZN4nnet24compute_output_buffer_2dINS_5arrayI8ap_fixedILi16ELi6EL9ap_q_mode5EL9ap_o_mode3ELi0EELj4EEENS1_IS2_ILi39ELi19ELS3_5ELS4_3ELi0EELj4EEE7config4EEvRKT_PAsrT1_6n_chan_12ap_shift_regINSA_10value_typeEXsrSD_8in_widthEERN3hls6streamIT0_108_reg_368|   16   |
|p_ZZN4nnet24compute_output_buffer_2dINS_5arrayI8ap_fixedILi16ELi6EL9ap_q_mode5EL9ap_o_mode3ELi0EELj4EEENS1_IS2_ILi39ELi19ELS3_5ELS4_3ELi0EELj4EEE7config4EEvRKT_PAsrT1_6n_chan_12ap_shift_regINSA_10value_typeEXsrSD_8in_widthEERN3hls6streamIT0_109_reg_382|   16   |
|p_ZZN4nnet24compute_output_buffer_2dINS_5arrayI8ap_fixedILi16ELi6EL9ap_q_mode5EL9ap_o_mode3ELi0EELj4EEENS1_IS2_ILi39ELi19ELS3_5ELS4_3ELi0EELj4EEE7config4EEvRKT_PAsrT1_6n_chan_12ap_shift_regINSA_10value_typeEXsrSD_8in_widthEERN3hls6streamIT0_110_reg_396|   16   |
|p_ZZN4nnet24compute_output_buffer_2dINS_5arrayI8ap_fixedILi16ELi6EL9ap_q_mode5EL9ap_o_mode3ELi0EELj4EEENS1_IS2_ILi39ELi19ELS3_5ELS4_3ELi0EELj4EEE7config4EEvRKT_PAsrT1_6n_chan_12ap_shift_regINSA_10value_typeEXsrSD_8in_widthEERN3hls6streamIT0_111_reg_410|   16   |
|p_ZZN4nnet24compute_output_buffer_2dINS_5arrayI8ap_fixedILi16ELi6EL9ap_q_mode5EL9ap_o_mode3ELi0EELj4EEENS1_IS2_ILi39ELi19ELS3_5ELS4_3ELi0EELj4EEE7config4EEvRKT_PAsrT1_6n_chan_12ap_shift_regINSA_10value_typeEXsrSD_8in_widthEERN3hls6streamIT0_112_reg_424|   16   |
|p_ZZN4nnet24compute_output_buffer_2dINS_5arrayI8ap_fixedILi16ELi6EL9ap_q_mode5EL9ap_o_mode3ELi0EELj4EEENS1_IS2_ILi39ELi19ELS3_5ELS4_3ELi0EELj4EEE7config4EEvRKT_PAsrT1_6n_chan_12ap_shift_regINSA_10value_typeEXsrSD_8in_widthEERN3hls6streamIT0_113_reg_438|   16   |
|p_ZZN4nnet24compute_output_buffer_2dINS_5arrayI8ap_fixedILi16ELi6EL9ap_q_mode5EL9ap_o_mode3ELi0EELj4EEENS1_IS2_ILi39ELi19ELS3_5ELS4_3ELi0EELj4EEE7config4EEvRKT_PAsrT1_6n_chan_12ap_shift_regINSA_10value_typeEXsrSD_8in_widthEERN3hls6streamIT0_114_reg_452|   16   |
|p_ZZN4nnet24compute_output_buffer_2dINS_5arrayI8ap_fixedILi16ELi6EL9ap_q_mode5EL9ap_o_mode3ELi0EELj4EEENS1_IS2_ILi39ELi19ELS3_5ELS4_3ELi0EELj4EEE7config4EEvRKT_PAsrT1_6n_chan_12ap_shift_regINSA_10value_typeEXsrSD_8in_widthEERN3hls6streamIT0_115_reg_466|   16   |
|p_ZZN4nnet24compute_output_buffer_2dINS_5arrayI8ap_fixedILi16ELi6EL9ap_q_mode5EL9ap_o_mode3ELi0EELj4EEENS1_IS2_ILi39ELi19ELS3_5ELS4_3ELi0EELj4EEE7config4EEvRKT_PAsrT1_6n_chan_12ap_shift_regINSA_10value_typeEXsrSD_8in_widthEERN3hls6streamIT0_116_reg_480|   16   |
|p_ZZN4nnet24compute_output_buffer_2dINS_5arrayI8ap_fixedILi16ELi6EL9ap_q_mode5EL9ap_o_mode3ELi0EELj4EEENS1_IS2_ILi39ELi19ELS3_5ELS4_3ELi0EELj4EEE7config4EEvRKT_PAsrT1_6n_chan_12ap_shift_regINSA_10value_typeEXsrSD_8in_widthEERN3hls6streamIT0_117_reg_494|   16   |
|p_ZZN4nnet24compute_output_buffer_2dINS_5arrayI8ap_fixedILi16ELi6EL9ap_q_mode5EL9ap_o_mode3ELi0EELj4EEENS1_IS2_ILi39ELi19ELS3_5ELS4_3ELi0EELj4EEE7config4EEvRKT_PAsrT1_6n_chan_12ap_shift_regINSA_10value_typeEXsrSD_8in_widthEERN3hls6streamIT0_118_reg_508|   16   |
|p_ZZN4nnet24compute_output_buffer_2dINS_5arrayI8ap_fixedILi16ELi6EL9ap_q_mode5EL9ap_o_mode3ELi0EELj4EEENS1_IS2_ILi39ELi19ELS3_5ELS4_3ELi0EELj4EEE7config4EEvRKT_PAsrT1_6n_chan_12ap_shift_regINSA_10value_typeEXsrSD_8in_widthEERN3hls6streamIT0_119_reg_522|   16   |
|p_ZZN4nnet24compute_output_buffer_2dINS_5arrayI8ap_fixedILi16ELi6EL9ap_q_mode5EL9ap_o_mode3ELi0EELj4EEENS1_IS2_ILi39ELi19ELS3_5ELS4_3ELi0EELj4EEE7config4EEvRKT_PAsrT1_6n_chan_12ap_shift_regINSA_10value_typeEXsrSD_8in_widthEERN3hls6streamIT0_120_reg_536|   16   |
|p_ZZN4nnet24compute_output_buffer_2dINS_5arrayI8ap_fixedILi16ELi6EL9ap_q_mode5EL9ap_o_mode3ELi0EELj4EEENS1_IS2_ILi39ELi19ELS3_5ELS4_3ELi0EELj4EEE7config4EEvRKT_PAsrT1_6n_chan_12ap_shift_regINSA_10value_typeEXsrSD_8in_widthEERN3hls6streamIT0_121_reg_550|   16   |
| p_ZZN4nnet24compute_output_buffer_2dINS_5arrayI8ap_fixedILi16ELi6EL9ap_q_mode5EL9ap_o_mode3ELi0EELj4EEENS1_IS2_ILi39ELi19ELS3_5ELS4_3ELi0EELj4EEE7config4EEvRKT_PAsrT1_6n_chan_12ap_shift_regINSA_10value_typeEXsrSD_8in_widthEERN3hls6streamIT0_44_reg_718|   16   |
| p_ZZN4nnet24compute_output_buffer_2dINS_5arrayI8ap_fixedILi16ELi6EL9ap_q_mode5EL9ap_o_mode3ELi0EELj4EEENS1_IS2_ILi39ELi19ELS3_5ELS4_3ELi0EELj4EEE7config4EEvRKT_PAsrT1_6n_chan_12ap_shift_regINSA_10value_typeEXsrSD_8in_widthEERN3hls6streamIT0_45_reg_730|   16   |
| p_ZZN4nnet24compute_output_buffer_2dINS_5arrayI8ap_fixedILi16ELi6EL9ap_q_mode5EL9ap_o_mode3ELi0EELj4EEENS1_IS2_ILi39ELi19ELS3_5ELS4_3ELi0EELj4EEE7config4EEvRKT_PAsrT1_6n_chan_12ap_shift_regINSA_10value_typeEXsrSD_8in_widthEERN3hls6streamIT0_46_reg_742|   16   |
| p_ZZN4nnet24compute_output_buffer_2dINS_5arrayI8ap_fixedILi16ELi6EL9ap_q_mode5EL9ap_o_mode3ELi0EELj4EEENS1_IS2_ILi39ELi19ELS3_5ELS4_3ELi0EELj4EEE7config4EEvRKT_PAsrT1_6n_chan_12ap_shift_regINSA_10value_typeEXsrSD_8in_widthEERN3hls6streamIT0_47_reg_754|   16   |
| p_ZZN4nnet24compute_output_buffer_2dINS_5arrayI8ap_fixedILi16ELi6EL9ap_q_mode5EL9ap_o_mode3ELi0EELj4EEENS1_IS2_ILi39ELi19ELS3_5ELS4_3ELi0EELj4EEE7config4EEvRKT_PAsrT1_6n_chan_12ap_shift_regINSA_10value_typeEXsrSD_8in_widthEERN3hls6streamIT0_48_reg_766|   16   |
| p_ZZN4nnet24compute_output_buffer_2dINS_5arrayI8ap_fixedILi16ELi6EL9ap_q_mode5EL9ap_o_mode3ELi0EELj4EEENS1_IS2_ILi39ELi19ELS3_5ELS4_3ELi0EELj4EEE7config4EEvRKT_PAsrT1_6n_chan_12ap_shift_regINSA_10value_typeEXsrSD_8in_widthEERN3hls6streamIT0_49_reg_778|   16   |
| p_ZZN4nnet24compute_output_buffer_2dINS_5arrayI8ap_fixedILi16ELi6EL9ap_q_mode5EL9ap_o_mode3ELi0EELj4EEENS1_IS2_ILi39ELi19ELS3_5ELS4_3ELi0EELj4EEE7config4EEvRKT_PAsrT1_6n_chan_12ap_shift_regINSA_10value_typeEXsrSD_8in_widthEERN3hls6streamIT0_50_reg_790|   16   |
| p_ZZN4nnet24compute_output_buffer_2dINS_5arrayI8ap_fixedILi16ELi6EL9ap_q_mode5EL9ap_o_mode3ELi0EELj4EEENS1_IS2_ILi39ELi19ELS3_5ELS4_3ELi0EELj4EEE7config4EEvRKT_PAsrT1_6n_chan_12ap_shift_regINSA_10value_typeEXsrSD_8in_widthEERN3hls6streamIT0_51_reg_802|   16   |
| p_ZZN4nnet24compute_output_buffer_2dINS_5arrayI8ap_fixedILi16ELi6EL9ap_q_mode5EL9ap_o_mode3ELi0EELj4EEENS1_IS2_ILi39ELi19ELS3_5ELS4_3ELi0EELj4EEE7config4EEvRKT_PAsrT1_6n_chan_12ap_shift_regINSA_10value_typeEXsrSD_8in_widthEERN3hls6streamIT0_52_reg_814|   16   |
| p_ZZN4nnet24compute_output_buffer_2dINS_5arrayI8ap_fixedILi16ELi6EL9ap_q_mode5EL9ap_o_mode3ELi0EELj4EEENS1_IS2_ILi39ELi19ELS3_5ELS4_3ELi0EELj4EEE7config4EEvRKT_PAsrT1_6n_chan_12ap_shift_regINSA_10value_typeEXsrSD_8in_widthEERN3hls6streamIT0_53_reg_826|   16   |
| p_ZZN4nnet24compute_output_buffer_2dINS_5arrayI8ap_fixedILi16ELi6EL9ap_q_mode5EL9ap_o_mode3ELi0EELj4EEENS1_IS2_ILi39ELi19ELS3_5ELS4_3ELi0EELj4EEE7config4EEvRKT_PAsrT1_6n_chan_12ap_shift_regINSA_10value_typeEXsrSD_8in_widthEERN3hls6streamIT0_54_reg_838|   16   |
| p_ZZN4nnet24compute_output_buffer_2dINS_5arrayI8ap_fixedILi16ELi6EL9ap_q_mode5EL9ap_o_mode3ELi0EELj4EEENS1_IS2_ILi39ELi19ELS3_5ELS4_3ELi0EELj4EEE7config4EEvRKT_PAsrT1_6n_chan_12ap_shift_regINSA_10value_typeEXsrSD_8in_widthEERN3hls6streamIT0_55_reg_850|   16   |
| p_ZZN4nnet24compute_output_buffer_2dINS_5arrayI8ap_fixedILi16ELi6EL9ap_q_mode5EL9ap_o_mode3ELi0EELj4EEENS1_IS2_ILi39ELi19ELS3_5ELS4_3ELi0EELj4EEE7config4EEvRKT_PAsrT1_6n_chan_12ap_shift_regINSA_10value_typeEXsrSD_8in_widthEERN3hls6streamIT0_56_reg_862|   16   |
| p_ZZN4nnet24compute_output_buffer_2dINS_5arrayI8ap_fixedILi16ELi6EL9ap_q_mode5EL9ap_o_mode3ELi0EELj4EEENS1_IS2_ILi39ELi19ELS3_5ELS4_3ELi0EELj4EEE7config4EEvRKT_PAsrT1_6n_chan_12ap_shift_regINSA_10value_typeEXsrSD_8in_widthEERN3hls6streamIT0_57_reg_874|   16   |
| p_ZZN4nnet24compute_output_buffer_2dINS_5arrayI8ap_fixedILi16ELi6EL9ap_q_mode5EL9ap_o_mode3ELi0EELj4EEENS1_IS2_ILi39ELi19ELS3_5ELS4_3ELi0EELj4EEE7config4EEvRKT_PAsrT1_6n_chan_12ap_shift_regINSA_10value_typeEXsrSD_8in_widthEERN3hls6streamIT0_58_reg_886|   16   |
| p_ZZN4nnet24compute_output_buffer_2dINS_5arrayI8ap_fixedILi16ELi6EL9ap_q_mode5EL9ap_o_mode3ELi0EELj4EEENS1_IS2_ILi39ELi19ELS3_5ELS4_3ELi0EELj4EEE7config4EEvRKT_PAsrT1_6n_chan_12ap_shift_regINSA_10value_typeEXsrSD_8in_widthEERN3hls6streamIT0_59_reg_898|   16   |
| p_ZZN4nnet24compute_output_buffer_2dINS_5arrayI8ap_fixedILi16ELi6EL9ap_q_mode5EL9ap_o_mode3ELi0EELj4EEENS1_IS2_ILi39ELi19ELS3_5ELS4_3ELi0EELj4EEE7config4EEvRKT_PAsrT1_6n_chan_12ap_shift_regINSA_10value_typeEXsrSD_8in_widthEERN3hls6streamIT0_60_reg_910|   16   |
| p_ZZN4nnet24compute_output_buffer_2dINS_5arrayI8ap_fixedILi16ELi6EL9ap_q_mode5EL9ap_o_mode3ELi0EELj4EEENS1_IS2_ILi39ELi19ELS3_5ELS4_3ELi0EELj4EEE7config4EEvRKT_PAsrT1_6n_chan_12ap_shift_regINSA_10value_typeEXsrSD_8in_widthEERN3hls6streamIT0_61_reg_922|   16   |
| p_ZZN4nnet24compute_output_buffer_2dINS_5arrayI8ap_fixedILi16ELi6EL9ap_q_mode5EL9ap_o_mode3ELi0EELj4EEENS1_IS2_ILi39ELi19ELS3_5ELS4_3ELi0EELj4EEE7config4EEvRKT_PAsrT1_6n_chan_12ap_shift_regINSA_10value_typeEXsrSD_8in_widthEERN3hls6streamIT0_62_reg_934|   16   |
| p_ZZN4nnet24compute_output_buffer_2dINS_5arrayI8ap_fixedILi16ELi6EL9ap_q_mode5EL9ap_o_mode3ELi0EELj4EEENS1_IS2_ILi39ELi19ELS3_5ELS4_3ELi0EELj4EEE7config4EEvRKT_PAsrT1_6n_chan_12ap_shift_regINSA_10value_typeEXsrSD_8in_widthEERN3hls6streamIT0_63_reg_946|   16   |
| p_ZZN4nnet24compute_output_buffer_2dINS_5arrayI8ap_fixedILi16ELi6EL9ap_q_mode5EL9ap_o_mode3ELi0EELj4EEENS1_IS2_ILi39ELi19ELS3_5ELS4_3ELi0EELj4EEE7config4EEvRKT_PAsrT1_6n_chan_12ap_shift_regINSA_10value_typeEXsrSD_8in_widthEERN3hls6streamIT0_64_reg_958|   16   |
| p_ZZN4nnet24compute_output_buffer_2dINS_5arrayI8ap_fixedILi16ELi6EL9ap_q_mode5EL9ap_o_mode3ELi0EELj4EEENS1_IS2_ILi39ELi19ELS3_5ELS4_3ELi0EELj4EEE7config4EEvRKT_PAsrT1_6n_chan_12ap_shift_regINSA_10value_typeEXsrSD_8in_widthEERN3hls6streamIT0_65_reg_970|   16   |
| p_ZZN4nnet24compute_output_buffer_2dINS_5arrayI8ap_fixedILi16ELi6EL9ap_q_mode5EL9ap_o_mode3ELi0EELj4EEENS1_IS2_ILi39ELi19ELS3_5ELS4_3ELi0EELj4EEE7config4EEvRKT_PAsrT1_6n_chan_12ap_shift_regINSA_10value_typeEXsrSD_8in_widthEERN3hls6streamIT0_66_reg_982|   16   |
| p_ZZN4nnet24compute_output_buffer_2dINS_5arrayI8ap_fixedILi16ELi6EL9ap_q_mode5EL9ap_o_mode3ELi0EELj4EEENS1_IS2_ILi39ELi19ELS3_5ELS4_3ELi0EELj4EEE7config4EEvRKT_PAsrT1_6n_chan_12ap_shift_regINSA_10value_typeEXsrSD_8in_widthEERN3hls6streamIT0_67_reg_994|   16   |
|p_ZZN4nnet24compute_output_buffer_2dINS_5arrayI8ap_fixedILi16ELi6EL9ap_q_mode5EL9ap_o_mode3ELi0EELj4EEENS1_IS2_ILi39ELi19ELS3_5ELS4_3ELi0EELj4EEE7config4EEvRKT_PAsrT1_6n_chan_12ap_shift_regINSA_10value_typeEXsrSD_8in_widthEERN3hls6streamIT0_68_reg_1006|   16   |
|p_ZZN4nnet24compute_output_buffer_2dINS_5arrayI8ap_fixedILi16ELi6EL9ap_q_mode5EL9ap_o_mode3ELi0EELj4EEENS1_IS2_ILi39ELi19ELS3_5ELS4_3ELi0EELj4EEE7config4EEvRKT_PAsrT1_6n_chan_12ap_shift_regINSA_10value_typeEXsrSD_8in_widthEERN3hls6streamIT0_69_reg_1018|   16   |
|p_ZZN4nnet24compute_output_buffer_2dINS_5arrayI8ap_fixedILi16ELi6EL9ap_q_mode5EL9ap_o_mode3ELi0EELj4EEENS1_IS2_ILi39ELi19ELS3_5ELS4_3ELi0EELj4EEE7config4EEvRKT_PAsrT1_6n_chan_12ap_shift_regINSA_10value_typeEXsrSD_8in_widthEERN3hls6streamIT0_70_reg_1711|   16   |
|p_ZZN4nnet24compute_output_buffer_2dINS_5arrayI8ap_fixedILi16ELi6EL9ap_q_mode5EL9ap_o_mode3ELi0EELj4EEENS1_IS2_ILi39ELi19ELS3_5ELS4_3ELi0EELj4EEE7config4EEvRKT_PAsrT1_6n_chan_12ap_shift_regINSA_10value_typeEXsrSD_8in_widthEERN3hls6streamIT0_71_reg_1716|   16   |
|p_ZZN4nnet24compute_output_buffer_2dINS_5arrayI8ap_fixedILi16ELi6EL9ap_q_mode5EL9ap_o_mode3ELi0EELj4EEENS1_IS2_ILi39ELi19ELS3_5ELS4_3ELi0EELj4EEE7config4EEvRKT_PAsrT1_6n_chan_12ap_shift_regINSA_10value_typeEXsrSD_8in_widthEERN3hls6streamIT0_72_reg_1721|   16   |
|p_ZZN4nnet24compute_output_buffer_2dINS_5arrayI8ap_fixedILi16ELi6EL9ap_q_mode5EL9ap_o_mode3ELi0EELj4EEENS1_IS2_ILi39ELi19ELS3_5ELS4_3ELi0EELj4EEE7config4EEvRKT_PAsrT1_6n_chan_12ap_shift_regINSA_10value_typeEXsrSD_8in_widthEERN3hls6streamIT0_73_reg_1726|   16   |
|p_ZZN4nnet24compute_output_buffer_2dINS_5arrayI8ap_fixedILi16ELi6EL9ap_q_mode5EL9ap_o_mode3ELi0EELj4EEENS1_IS2_ILi39ELi19ELS3_5ELS4_3ELi0EELj4EEE7config4EEvRKT_PAsrT1_6n_chan_12ap_shift_regINSA_10value_typeEXsrSD_8in_widthEERN3hls6streamIT0_74_reg_1731|   16   |
|p_ZZN4nnet24compute_output_buffer_2dINS_5arrayI8ap_fixedILi16ELi6EL9ap_q_mode5EL9ap_o_mode3ELi0EELj4EEENS1_IS2_ILi39ELi19ELS3_5ELS4_3ELi0EELj4EEE7config4EEvRKT_PAsrT1_6n_chan_12ap_shift_regINSA_10value_typeEXsrSD_8in_widthEERN3hls6streamIT0_75_reg_1736|   16   |
|p_ZZN4nnet24compute_output_buffer_2dINS_5arrayI8ap_fixedILi16ELi6EL9ap_q_mode5EL9ap_o_mode3ELi0EELj4EEENS1_IS2_ILi39ELi19ELS3_5ELS4_3ELi0EELj4EEE7config4EEvRKT_PAsrT1_6n_chan_12ap_shift_regINSA_10value_typeEXsrSD_8in_widthEERN3hls6streamIT0_76_reg_1741|   16   |
|p_ZZN4nnet24compute_output_buffer_2dINS_5arrayI8ap_fixedILi16ELi6EL9ap_q_mode5EL9ap_o_mode3ELi0EELj4EEENS1_IS2_ILi39ELi19ELS3_5ELS4_3ELi0EELj4EEE7config4EEvRKT_PAsrT1_6n_chan_12ap_shift_regINSA_10value_typeEXsrSD_8in_widthEERN3hls6streamIT0_77_reg_1746|   16   |
|p_ZZN4nnet24compute_output_buffer_2dINS_5arrayI8ap_fixedILi16ELi6EL9ap_q_mode5EL9ap_o_mode3ELi0EELj4EEENS1_IS2_ILi39ELi19ELS3_5ELS4_3ELi0EELj4EEE7config4EEvRKT_PAsrT1_6n_chan_12ap_shift_regINSA_10value_typeEXsrSD_8in_widthEERN3hls6streamIT0_78_reg_1751|   16   |
|p_ZZN4nnet24compute_output_buffer_2dINS_5arrayI8ap_fixedILi16ELi6EL9ap_q_mode5EL9ap_o_mode3ELi0EELj4EEENS1_IS2_ILi39ELi19ELS3_5ELS4_3ELi0EELj4EEE7config4EEvRKT_PAsrT1_6n_chan_12ap_shift_regINSA_10value_typeEXsrSD_8in_widthEERN3hls6streamIT0_79_reg_1756|   16   |
|p_ZZN4nnet24compute_output_buffer_2dINS_5arrayI8ap_fixedILi16ELi6EL9ap_q_mode5EL9ap_o_mode3ELi0EELj4EEENS1_IS2_ILi39ELi19ELS3_5ELS4_3ELi0EELj4EEE7config4EEvRKT_PAsrT1_6n_chan_12ap_shift_regINSA_10value_typeEXsrSD_8in_widthEERN3hls6streamIT0_80_reg_1761|   16   |
|p_ZZN4nnet24compute_output_buffer_2dINS_5arrayI8ap_fixedILi16ELi6EL9ap_q_mode5EL9ap_o_mode3ELi0EELj4EEENS1_IS2_ILi39ELi19ELS3_5ELS4_3ELi0EELj4EEE7config4EEvRKT_PAsrT1_6n_chan_12ap_shift_regINSA_10value_typeEXsrSD_8in_widthEERN3hls6streamIT0_81_reg_1766|   16   |
|p_ZZN4nnet24compute_output_buffer_2dINS_5arrayI8ap_fixedILi16ELi6EL9ap_q_mode5EL9ap_o_mode3ELi0EELj4EEENS1_IS2_ILi39ELi19ELS3_5ELS4_3ELi0EELj4EEE7config4EEvRKT_PAsrT1_6n_chan_12ap_shift_regINSA_10value_typeEXsrSD_8in_widthEERN3hls6streamIT0_82_reg_1771|   16   |
|p_ZZN4nnet24compute_output_buffer_2dINS_5arrayI8ap_fixedILi16ELi6EL9ap_q_mode5EL9ap_o_mode3ELi0EELj4EEENS1_IS2_ILi39ELi19ELS3_5ELS4_3ELi0EELj4EEE7config4EEvRKT_PAsrT1_6n_chan_12ap_shift_regINSA_10value_typeEXsrSD_8in_widthEERN3hls6streamIT0_83_reg_1776|   16   |
|p_ZZN4nnet24compute_output_buffer_2dINS_5arrayI8ap_fixedILi16ELi6EL9ap_q_mode5EL9ap_o_mode3ELi0EELj4EEENS1_IS2_ILi39ELi19ELS3_5ELS4_3ELi0EELj4EEE7config4EEvRKT_PAsrT1_6n_chan_12ap_shift_regINSA_10value_typeEXsrSD_8in_widthEERN3hls6streamIT0_84_reg_1781|   16   |
|p_ZZN4nnet24compute_output_buffer_2dINS_5arrayI8ap_fixedILi16ELi6EL9ap_q_mode5EL9ap_o_mode3ELi0EELj4EEENS1_IS2_ILi39ELi19ELS3_5ELS4_3ELi0EELj4EEE7config4EEvRKT_PAsrT1_6n_chan_12ap_shift_regINSA_10value_typeEXsrSD_8in_widthEERN3hls6streamIT0_85_reg_1786|   16   |
|p_ZZN4nnet24compute_output_buffer_2dINS_5arrayI8ap_fixedILi16ELi6EL9ap_q_mode5EL9ap_o_mode3ELi0EELj4EEENS1_IS2_ILi39ELi19ELS3_5ELS4_3ELi0EELj4EEE7config4EEvRKT_PAsrT1_6n_chan_12ap_shift_regINSA_10value_typeEXsrSD_8in_widthEERN3hls6streamIT0_86_reg_1791|   16   |
|p_ZZN4nnet24compute_output_buffer_2dINS_5arrayI8ap_fixedILi16ELi6EL9ap_q_mode5EL9ap_o_mode3ELi0EELj4EEENS1_IS2_ILi39ELi19ELS3_5ELS4_3ELi0EELj4EEE7config4EEvRKT_PAsrT1_6n_chan_12ap_shift_regINSA_10value_typeEXsrSD_8in_widthEERN3hls6streamIT0_87_reg_1796|   16   |
|p_ZZN4nnet24compute_output_buffer_2dINS_5arrayI8ap_fixedILi16ELi6EL9ap_q_mode5EL9ap_o_mode3ELi0EELj4EEENS1_IS2_ILi39ELi19ELS3_5ELS4_3ELi0EELj4EEE7config4EEvRKT_PAsrT1_6n_chan_12ap_shift_regINSA_10value_typeEXsrSD_8in_widthEERN3hls6streamIT0_88_reg_1801|   16   |
|p_ZZN4nnet24compute_output_buffer_2dINS_5arrayI8ap_fixedILi16ELi6EL9ap_q_mode5EL9ap_o_mode3ELi0EELj4EEENS1_IS2_ILi39ELi19ELS3_5ELS4_3ELi0EELj4EEE7config4EEvRKT_PAsrT1_6n_chan_12ap_shift_regINSA_10value_typeEXsrSD_8in_widthEERN3hls6streamIT0_89_reg_1806|   16   |
|p_ZZN4nnet24compute_output_buffer_2dINS_5arrayI8ap_fixedILi16ELi6EL9ap_q_mode5EL9ap_o_mode3ELi0EELj4EEENS1_IS2_ILi39ELi19ELS3_5ELS4_3ELi0EELj4EEE7config4EEvRKT_PAsrT1_6n_chan_12ap_shift_regINSA_10value_typeEXsrSD_8in_widthEERN3hls6streamIT0_90_reg_1811|   16   |
|p_ZZN4nnet24compute_output_buffer_2dINS_5arrayI8ap_fixedILi16ELi6EL9ap_q_mode5EL9ap_o_mode3ELi0EELj4EEENS1_IS2_ILi39ELi19ELS3_5ELS4_3ELi0EELj4EEE7config4EEvRKT_PAsrT1_6n_chan_12ap_shift_regINSA_10value_typeEXsrSD_8in_widthEERN3hls6streamIT0_91_reg_1816|   16   |
|p_ZZN4nnet24compute_output_buffer_2dINS_5arrayI8ap_fixedILi16ELi6EL9ap_q_mode5EL9ap_o_mode3ELi0EELj4EEENS1_IS2_ILi39ELi19ELS3_5ELS4_3ELi0EELj4EEE7config4EEvRKT_PAsrT1_6n_chan_12ap_shift_regINSA_10value_typeEXsrSD_8in_widthEERN3hls6streamIT0_92_reg_1821|   16   |
|p_ZZN4nnet24compute_output_buffer_2dINS_5arrayI8ap_fixedILi16ELi6EL9ap_q_mode5EL9ap_o_mode3ELi0EELj4EEENS1_IS2_ILi39ELi19ELS3_5ELS4_3ELi0EELj4EEE7config4EEvRKT_PAsrT1_6n_chan_12ap_shift_regINSA_10value_typeEXsrSD_8in_widthEERN3hls6streamIT0_93_reg_1826|   16   |
|p_ZZN4nnet24compute_output_buffer_2dINS_5arrayI8ap_fixedILi16ELi6EL9ap_q_mode5EL9ap_o_mode3ELi0EELj4EEENS1_IS2_ILi39ELi19ELS3_5ELS4_3ELi0EELj4EEE7config4EEvRKT_PAsrT1_6n_chan_12ap_shift_regINSA_10value_typeEXsrSD_8in_widthEERN3hls6streamIT0_94_reg_1831|   16   |
|p_ZZN4nnet24compute_output_buffer_2dINS_5arrayI8ap_fixedILi16ELi6EL9ap_q_mode5EL9ap_o_mode3ELi0EELj4EEENS1_IS2_ILi39ELi19ELS3_5ELS4_3ELi0EELj4EEE7config4EEvRKT_PAsrT1_6n_chan_12ap_shift_regINSA_10value_typeEXsrSD_8in_widthEERN3hls6streamIT0_95_reg_1836|   16   |
| p_ZZN4nnet24compute_output_buffer_2dINS_5arrayI8ap_fixedILi16ELi6EL9ap_q_mode5EL9ap_o_mode3ELi0EELj4EEENS1_IS2_ILi39ELi19ELS3_5ELS4_3ELi0EELj4EEE7config4EEvRKT_PAsrT1_6n_chan_12ap_shift_regINSA_10value_typeEXsrSD_8in_widthEERN3hls6streamIT0_96_reg_200|   16   |
| p_ZZN4nnet24compute_output_buffer_2dINS_5arrayI8ap_fixedILi16ELi6EL9ap_q_mode5EL9ap_o_mode3ELi0EELj4EEENS1_IS2_ILi39ELi19ELS3_5ELS4_3ELi0EELj4EEE7config4EEvRKT_PAsrT1_6n_chan_12ap_shift_regINSA_10value_typeEXsrSD_8in_widthEERN3hls6streamIT0_97_reg_214|   16   |
| p_ZZN4nnet24compute_output_buffer_2dINS_5arrayI8ap_fixedILi16ELi6EL9ap_q_mode5EL9ap_o_mode3ELi0EELj4EEENS1_IS2_ILi39ELi19ELS3_5ELS4_3ELi0EELj4EEE7config4EEvRKT_PAsrT1_6n_chan_12ap_shift_regINSA_10value_typeEXsrSD_8in_widthEERN3hls6streamIT0_98_reg_228|   16   |
| p_ZZN4nnet24compute_output_buffer_2dINS_5arrayI8ap_fixedILi16ELi6EL9ap_q_mode5EL9ap_o_mode3ELi0EELj4EEENS1_IS2_ILi39ELi19ELS3_5ELS4_3ELi0EELj4EEE7config4EEvRKT_PAsrT1_6n_chan_12ap_shift_regINSA_10value_typeEXsrSD_8in_widthEERN3hls6streamIT0_99_reg_242|   16   |
|                                                                                                                   sext_ln1168_2_reg_1870                                                                                                                   |   26   |
|                                                                                                                    sext_ln1168_reg_1865                                                                                                                    |   26   |
|               void_compute_output_buffer_2d_array_array_ap_fixed_4u_config4_array_ap_fixed_16_6_5_3_0_4u_const_ap_shift_reg_value_type_in_width_n_chan_stream_array_ap_fixed_39_19_5_3_0_4u_0_weight_t_bias_t_kernel_data_1_load_phi_reg_1042              |   16   |
|                 void_compute_output_buffer_2d_array_array_ap_fixed_4u_config4_array_ap_fixed_16_6_5_3_0_4u_const_ap_shift_reg_value_type_in_width_n_chan_stream_array_ap_fixed_39_19_5_3_0_4u_0_weight_t_bias_t_kernel_data_1_load_reg_1701                |   16   |
|              void_compute_output_buffer_2d_array_array_ap_fixed_4u_config4_array_ap_fixed_16_6_5_3_0_4u_const_ap_shift_reg_value_type_in_width_n_chan_stream_array_ap_fixed_39_19_5_3_0_4u_0_weight_t_bias_t_kernel_data_1_load_rewind_reg_578             |   16   |
|               void_compute_output_buffer_2d_array_array_ap_fixed_4u_config4_array_ap_fixed_16_6_5_3_0_4u_const_ap_shift_reg_value_type_in_width_n_chan_stream_array_ap_fixed_39_19_5_3_0_4u_0_weight_t_bias_t_kernel_data_2_load_phi_reg_1054              |   16   |
|                 void_compute_output_buffer_2d_array_array_ap_fixed_4u_config4_array_ap_fixed_16_6_5_3_0_4u_const_ap_shift_reg_value_type_in_width_n_chan_stream_array_ap_fixed_39_19_5_3_0_4u_0_weight_t_bias_t_kernel_data_2_load_reg_1696                |   16   |
|              void_compute_output_buffer_2d_array_array_ap_fixed_4u_config4_array_ap_fixed_16_6_5_3_0_4u_const_ap_shift_reg_value_type_in_width_n_chan_stream_array_ap_fixed_39_19_5_3_0_4u_0_weight_t_bias_t_kernel_data_2_load_rewind_reg_592             |   16   |
|               void_compute_output_buffer_2d_array_array_ap_fixed_4u_config4_array_ap_fixed_16_6_5_3_0_4u_const_ap_shift_reg_value_type_in_width_n_chan_stream_array_ap_fixed_39_19_5_3_0_4u_0_weight_t_bias_t_kernel_data_3_load_phi_reg_1066              |   16   |
|                 void_compute_output_buffer_2d_array_array_ap_fixed_4u_config4_array_ap_fixed_16_6_5_3_0_4u_const_ap_shift_reg_value_type_in_width_n_chan_stream_array_ap_fixed_39_19_5_3_0_4u_0_weight_t_bias_t_kernel_data_3_load_reg_1691                |   16   |
|              void_compute_output_buffer_2d_array_array_ap_fixed_4u_config4_array_ap_fixed_16_6_5_3_0_4u_const_ap_shift_reg_value_type_in_width_n_chan_stream_array_ap_fixed_39_19_5_3_0_4u_0_weight_t_bias_t_kernel_data_3_load_rewind_reg_606             |   16   |
|               void_compute_output_buffer_2d_array_array_ap_fixed_4u_config4_array_ap_fixed_16_6_5_3_0_4u_const_ap_shift_reg_value_type_in_width_n_chan_stream_array_ap_fixed_39_19_5_3_0_4u_0_weight_t_bias_t_kernel_data_4_load_phi_reg_1078              |   16   |
|                 void_compute_output_buffer_2d_array_array_ap_fixed_4u_config4_array_ap_fixed_16_6_5_3_0_4u_const_ap_shift_reg_value_type_in_width_n_chan_stream_array_ap_fixed_39_19_5_3_0_4u_0_weight_t_bias_t_kernel_data_4_load_reg_1686                |   16   |
|              void_compute_output_buffer_2d_array_array_ap_fixed_4u_config4_array_ap_fixed_16_6_5_3_0_4u_const_ap_shift_reg_value_type_in_width_n_chan_stream_array_ap_fixed_39_19_5_3_0_4u_0_weight_t_bias_t_kernel_data_4_load_rewind_reg_620             |   16   |
|               void_compute_output_buffer_2d_array_array_ap_fixed_4u_config4_array_ap_fixed_16_6_5_3_0_4u_const_ap_shift_reg_value_type_in_width_n_chan_stream_array_ap_fixed_39_19_5_3_0_4u_0_weight_t_bias_t_kernel_data_5_load_phi_reg_1090              |   16   |
|                 void_compute_output_buffer_2d_array_array_ap_fixed_4u_config4_array_ap_fixed_16_6_5_3_0_4u_const_ap_shift_reg_value_type_in_width_n_chan_stream_array_ap_fixed_39_19_5_3_0_4u_0_weight_t_bias_t_kernel_data_5_load_reg_1681                |   16   |
|              void_compute_output_buffer_2d_array_array_ap_fixed_4u_config4_array_ap_fixed_16_6_5_3_0_4u_const_ap_shift_reg_value_type_in_width_n_chan_stream_array_ap_fixed_39_19_5_3_0_4u_0_weight_t_bias_t_kernel_data_5_load_rewind_reg_634             |   16   |
|               void_compute_output_buffer_2d_array_array_ap_fixed_4u_config4_array_ap_fixed_16_6_5_3_0_4u_const_ap_shift_reg_value_type_in_width_n_chan_stream_array_ap_fixed_39_19_5_3_0_4u_0_weight_t_bias_t_kernel_data_6_load_phi_reg_1102              |   16   |
|                 void_compute_output_buffer_2d_array_array_ap_fixed_4u_config4_array_ap_fixed_16_6_5_3_0_4u_const_ap_shift_reg_value_type_in_width_n_chan_stream_array_ap_fixed_39_19_5_3_0_4u_0_weight_t_bias_t_kernel_data_6_load_reg_1676                |   16   |
|              void_compute_output_buffer_2d_array_array_ap_fixed_4u_config4_array_ap_fixed_16_6_5_3_0_4u_const_ap_shift_reg_value_type_in_width_n_chan_stream_array_ap_fixed_39_19_5_3_0_4u_0_weight_t_bias_t_kernel_data_6_load_rewind_reg_648             |   16   |
|               void_compute_output_buffer_2d_array_array_ap_fixed_4u_config4_array_ap_fixed_16_6_5_3_0_4u_const_ap_shift_reg_value_type_in_width_n_chan_stream_array_ap_fixed_39_19_5_3_0_4u_0_weight_t_bias_t_kernel_data_7_load_phi_reg_1114              |   16   |
|                 void_compute_output_buffer_2d_array_array_ap_fixed_4u_config4_array_ap_fixed_16_6_5_3_0_4u_const_ap_shift_reg_value_type_in_width_n_chan_stream_array_ap_fixed_39_19_5_3_0_4u_0_weight_t_bias_t_kernel_data_7_load_reg_1671                |   16   |
|              void_compute_output_buffer_2d_array_array_ap_fixed_4u_config4_array_ap_fixed_16_6_5_3_0_4u_const_ap_shift_reg_value_type_in_width_n_chan_stream_array_ap_fixed_39_19_5_3_0_4u_0_weight_t_bias_t_kernel_data_7_load_rewind_reg_662             |   16   |
|               void_compute_output_buffer_2d_array_array_ap_fixed_4u_config4_array_ap_fixed_16_6_5_3_0_4u_const_ap_shift_reg_value_type_in_width_n_chan_stream_array_ap_fixed_39_19_5_3_0_4u_0_weight_t_bias_t_kernel_data_8_load_phi_reg_1126              |   16   |
|                 void_compute_output_buffer_2d_array_array_ap_fixed_4u_config4_array_ap_fixed_16_6_5_3_0_4u_const_ap_shift_reg_value_type_in_width_n_chan_stream_array_ap_fixed_39_19_5_3_0_4u_0_weight_t_bias_t_kernel_data_8_load_reg_1666                |   16   |
|              void_compute_output_buffer_2d_array_array_ap_fixed_4u_config4_array_ap_fixed_16_6_5_3_0_4u_const_ap_shift_reg_value_type_in_width_n_chan_stream_array_ap_fixed_39_19_5_3_0_4u_0_weight_t_bias_t_kernel_data_8_load_rewind_reg_676             |   16   |
|               void_compute_output_buffer_2d_array_array_ap_fixed_4u_config4_array_ap_fixed_16_6_5_3_0_4u_const_ap_shift_reg_value_type_in_width_n_chan_stream_array_ap_fixed_39_19_5_3_0_4u_0_weight_t_bias_t_kernel_data_9_load_phi_reg_1138              |   16   |
|                 void_compute_output_buffer_2d_array_array_ap_fixed_4u_config4_array_ap_fixed_16_6_5_3_0_4u_const_ap_shift_reg_value_type_in_width_n_chan_stream_array_ap_fixed_39_19_5_3_0_4u_0_weight_t_bias_t_kernel_data_9_load_reg_1661                |   16   |
|              void_compute_output_buffer_2d_array_array_ap_fixed_4u_config4_array_ap_fixed_16_6_5_3_0_4u_const_ap_shift_reg_value_type_in_width_n_chan_stream_array_ap_fixed_39_19_5_3_0_4u_0_weight_t_bias_t_kernel_data_9_load_rewind_reg_690             |   16   |
|                void_compute_output_buffer_2d_array_array_ap_fixed_4u_config4_array_ap_fixed_16_6_5_3_0_4u_const_ap_shift_reg_value_type_in_width_n_chan_stream_array_ap_fixed_39_19_5_3_0_4u_0_weight_t_bias_t_kernel_data_load_phi_reg_1030               |   16   |
|                  void_compute_output_buffer_2d_array_array_ap_fixed_4u_config4_array_ap_fixed_16_6_5_3_0_4u_const_ap_shift_reg_value_type_in_width_n_chan_stream_array_ap_fixed_39_19_5_3_0_4u_0_weight_t_bias_t_kernel_data_load_reg_1706                 |   16   |
|               void_compute_output_buffer_2d_array_array_ap_fixed_4u_config4_array_ap_fixed_16_6_5_3_0_4u_const_ap_shift_reg_value_type_in_width_n_chan_stream_array_ap_fixed_39_19_5_3_0_4u_0_weight_t_bias_t_kernel_data_load_rewind_reg_564              |   16   |
|                                                                                                                     w4_V_addr_reg_1846                                                                                                                     |    8   |
|                                                                                                                      w_index17_reg_187                                                                                                                     |    8   |
|                                                                                                                      w_index_reg_1851                                                                                                                      |    8   |
+------------------------------------------------------------------------------------------------------------------------------------------------------------------------------------------------------------------------------------------------------------+--------+
|                                                                                                                            Total                                                                                                                           |  2008  |
+------------------------------------------------------------------------------------------------------------------------------------------------------------------------------------------------------------------------------------------------------------+--------+

* Multiplexer (MUX) list: 
|-------------------|------|------|------|--------||---------||---------|
|        Comp       |  Pin | Size |  BW  | S x BW ||  Delay  ||   LUT   |
|-------------------|------|------|------|--------||---------||---------|
| grp_access_fu_153 |  p0  |   2  |   8  |   16   ||    9    |
| grp_access_fu_166 |  p0  |   2  |   8  |   16   ||    9    |
|    grp_fu_1654    |  p0  |   2  |  16  |   32   ||    9    |
|    grp_fu_1654    |  p1  |   2  |  12  |   24   ||    9    |
|-------------------|------|------|------|--------||---------||---------|
|       Total       |      |      |      |   88   ||  6.352  ||    36   |
|-------------------|------|------|------|--------||---------||---------|



* Summary:
+-----------+--------+--------+--------+--------+
|           |   DSP  |  Delay |   FF   |   LUT  |
+-----------+--------+--------+--------+--------+
|  Function |    1   |    -   |    0   |   317  |
|   Memory  |    -   |    -   |    -   |    -   |
|Multiplexer|    -   |    6   |    -   |   36   |
|  Register |    -   |    -   |  2008  |    -   |
+-----------+--------+--------+--------+--------+
|   Total   |    1   |    6   |  2008  |   353  |
+-----------+--------+--------+--------+--------+
