TRACE::2022-08-02.13:05:59::SCWPlatform::Trying to open the hw design at D:/WorkRaduV/Projects/Zybo-Z7/sw/ws/system_wrapper/hw/system_wrapper.xsa
TRACE::2022-08-02.13:05:59::SCWPlatform::DSA given D:/WorkRaduV/Projects/Zybo-Z7/sw/ws/system_wrapper/hw/system_wrapper.xsa
TRACE::2022-08-02.13:05:59::SCWPlatform::DSA absoulate path D:/WorkRaduV/Projects/Zybo-Z7/sw/ws/system_wrapper/hw/system_wrapper.xsa
TRACE::2022-08-02.13:05:59::SCWPlatform::DSA directory D:/WorkRaduV/Projects/Zybo-Z7/sw/ws/system_wrapper/hw
TRACE::2022-08-02.13:05:59::SCWPlatform:: Platform Path D:/WorkRaduV/Projects/Zybo-Z7/sw/ws/system_wrapper/hw/system_wrapper.xsa
TRACE::2022-08-02.13:05:59::SCWPlatform:: Unique name xilinx:zybo-z7-20::0.0
TRACE::2022-08-02.13:05:59::SCWPlatform::Do not have an existing db opened. 
TRACE::2022-08-02.13:06:01::SCWPlatform::Opened new HwDB with name system_wrapper
TRACE::2022-08-02.13:06:01::SCWWriter::formatted JSON is {
	"platformName":	"system_wrapper",
	"sprVersion":	"2.0",
	"mode":	"gui",
	"dsaType":	"Fixed",
	"platformDesc":	"system_wrapper",
	"platHandOff":	"D:/WorkRaduV/Projects/Zybo-Z7/sw/src/system_wrapper/system_wrapper.xsa",
	"platIntHandOff":	"<platformDir>/hw/system_wrapper.xsa",
	"deviceType":	"zynq",
	"platIsPrebuiltAutogen":	"false",
	"platIsNoBootBsp":	"true",
	"hasFsblMakeHasChanges":	"false",
	"hasPmufwMakeHasChanges":	"false",
	"platPreBuiltFlag":	false,
	"platformSamplesDir":	""
}
TRACE::2022-08-02.13:06:01::SCWWriter::formatted JSON is {
	"platformName":	"system_wrapper",
	"sprVersion":	"2.0",
	"mode":	"gui",
	"dsaType":	"Fixed",
	"platformDesc":	"system_wrapper",
	"platHandOff":	"D:/WorkRaduV/Projects/Zybo-Z7/sw/src/system_wrapper/system_wrapper.xsa",
	"platIntHandOff":	"<platformDir>/hw/system_wrapper.xsa",
	"deviceType":	"zynq",
	"platIsPrebuiltAutogen":	"false",
	"platIsNoBootBsp":	"true",
	"hasFsblMakeHasChanges":	"false",
	"hasPmufwMakeHasChanges":	"false",
	"platPreBuiltFlag":	false,
	"platformSamplesDir":	"",
	"platActiveSys":	"system_wrapper",
	"systems":	[{
			"systemName":	"system_wrapper",
			"systemDesc":	"system_wrapper",
			"sysIsBootAutoGen":	"true",
			"systemDispName":	"system_wrapper"
		}]
}
TRACE::2022-08-02.13:06:01::SCWWriter::formatted JSON is {
	"platformName":	"system_wrapper",
	"sprVersion":	"2.0",
	"mode":	"gui",
	"dsaType":	"Fixed",
	"platformDesc":	"system_wrapper",
	"platHandOff":	"D:/WorkRaduV/Projects/Zybo-Z7/sw/src/system_wrapper/system_wrapper.xsa",
	"platIntHandOff":	"<platformDir>/hw/system_wrapper.xsa",
	"deviceType":	"zynq",
	"platIsPrebuiltAutogen":	"false",
	"platIsNoBootBsp":	"true",
	"hasFsblMakeHasChanges":	"false",
	"hasPmufwMakeHasChanges":	"false",
	"fsblExtraCompilerFlags":	"-MMD -MP       -mcpu=cortex-a9 -mfpu=vfpv3 -mfloat-abi=hard",
	"platPreBuiltFlag":	false,
	"platformSamplesDir":	"",
	"platActiveSys":	"system_wrapper",
	"systems":	[{
			"systemName":	"system_wrapper",
			"systemDesc":	"system_wrapper",
			"sysIsBootAutoGen":	"true",
			"systemDispName":	"system_wrapper"
		}]
}
TRACE::2022-08-02.13:06:01::SCWWriter::formatted JSON is {
	"platformName":	"system_wrapper",
	"sprVersion":	"2.0",
	"mode":	"gui",
	"dsaType":	"Fixed",
	"platformDesc":	"system_wrapper",
	"platHandOff":	"D:/WorkRaduV/Projects/Zybo-Z7/sw/src/system_wrapper/system_wrapper.xsa",
	"platIntHandOff":	"<platformDir>/hw/system_wrapper.xsa",
	"deviceType":	"zynq",
	"platIsPrebuiltAutogen":	"false",
	"platIsNoBootBsp":	"true",
	"hasFsblMakeHasChanges":	"false",
	"hasPmufwMakeHasChanges":	"false",
	"fsblExtraCompilerFlags":	"-MMD -MP       -mcpu=cortex-a9 -mfpu=vfpv3 -mfloat-abi=hard",
	"platPreBuiltFlag":	false,
	"platformSamplesDir":	"",
	"platActiveSys":	"system_wrapper",
	"systems":	[{
			"systemName":	"system_wrapper",
			"systemDesc":	"system_wrapper",
			"sysIsBootAutoGen":	"true",
			"systemDispName":	"system_wrapper"
		}]
}
TRACE::2022-08-02.13:06:01::SCWWriter::formatted JSON is {
	"platformName":	"system_wrapper",
	"sprVersion":	"2.0",
	"mode":	"gui",
	"dsaType":	"Fixed",
	"platformDesc":	"system_wrapper",
	"platHandOff":	"D:/WorkRaduV/Projects/Zybo-Z7/sw/src/system_wrapper/system_wrapper.xsa",
	"platIntHandOff":	"<platformDir>/hw/system_wrapper.xsa",
	"deviceType":	"zynq",
	"platIsPrebuiltAutogen":	"false",
	"platIsNoBootBsp":	"true",
	"hasFsblMakeHasChanges":	"false",
	"hasPmufwMakeHasChanges":	"false",
	"fsblExtraCompilerFlags":	"-MMD -MP       -mcpu=cortex-a9 -mfpu=vfpv3 -mfloat-abi=hard",
	"platPreBuiltFlag":	false,
	"platformSamplesDir":	"",
	"platActiveSys":	"system_wrapper",
	"systems":	[{
			"systemName":	"system_wrapper",
			"systemDesc":	"system_wrapper",
			"sysIsBootAutoGen":	"true",
			"systemDispName":	"system_wrapper"
		}]
}
TRACE::2022-08-02.13:06:01::SCWWriter::formatted JSON is {
	"platformName":	"system_wrapper",
	"sprVersion":	"2.0",
	"mode":	"gui",
	"dsaType":	"Fixed",
	"platformDesc":	"system_wrapper",
	"platHandOff":	"D:/WorkRaduV/Projects/Zybo-Z7/sw/src/system_wrapper/system_wrapper.xsa",
	"platIntHandOff":	"<platformDir>/hw/system_wrapper.xsa",
	"deviceType":	"zynq",
	"platIsPrebuiltAutogen":	"false",
	"platIsNoBootBsp":	"true",
	"hasFsblMakeHasChanges":	"false",
	"hasPmufwMakeHasChanges":	"false",
	"fsblExtraCompilerFlags":	"-MMD -MP       -mcpu=cortex-a9 -mfpu=vfpv3 -mfloat-abi=hard",
	"platPreBuiltFlag":	false,
	"platformSamplesDir":	"",
	"platActiveSys":	"system_wrapper",
	"systems":	[{
			"systemName":	"system_wrapper",
			"systemDesc":	"system_wrapper",
			"sysIsBootAutoGen":	"true",
			"systemDispName":	"system_wrapper"
		}]
}
TRACE::2022-08-02.13:06:01::SCWPlatform::Trying to open the hw design at D:/WorkRaduV/Projects/Zybo-Z7/sw/ws/system_wrapper/hw/system_wrapper.xsa
TRACE::2022-08-02.13:06:01::SCWPlatform::DSA given D:/WorkRaduV/Projects/Zybo-Z7/sw/ws/system_wrapper/hw/system_wrapper.xsa
TRACE::2022-08-02.13:06:01::SCWPlatform::DSA absoulate path D:/WorkRaduV/Projects/Zybo-Z7/sw/ws/system_wrapper/hw/system_wrapper.xsa
TRACE::2022-08-02.13:06:01::SCWPlatform::DSA directory D:/WorkRaduV/Projects/Zybo-Z7/sw/ws/system_wrapper/hw
TRACE::2022-08-02.13:06:01::SCWPlatform:: Platform Path D:/WorkRaduV/Projects/Zybo-Z7/sw/ws/system_wrapper/hw/system_wrapper.xsa
TRACE::2022-08-02.13:06:01::SCWPlatform:: Unique name xilinx:zybo-z7-20::0.0
TRACE::2022-08-02.13:06:01::SCWPlatform::Trying to set the existing hwdb with name system_wrapper
TRACE::2022-08-02.13:06:01::SCWPlatform::Opened existing hwdb system_wrapper
TRACE::2022-08-02.13:06:01::SCWPlatform::Found the Hw Db part of the input DSA
TRACE::2022-08-02.13:06:01::SCWPlatform::Trying to open the hw design at D:/WorkRaduV/Projects/Zybo-Z7/sw/ws/system_wrapper/hw/system_wrapper.xsa
TRACE::2022-08-02.13:06:01::SCWPlatform::DSA given D:/WorkRaduV/Projects/Zybo-Z7/sw/ws/system_wrapper/hw/system_wrapper.xsa
TRACE::2022-08-02.13:06:01::SCWPlatform::DSA absoulate path D:/WorkRaduV/Projects/Zybo-Z7/sw/ws/system_wrapper/hw/system_wrapper.xsa
TRACE::2022-08-02.13:06:01::SCWPlatform::DSA directory D:/WorkRaduV/Projects/Zybo-Z7/sw/ws/system_wrapper/hw
TRACE::2022-08-02.13:06:01::SCWPlatform:: Platform Path D:/WorkRaduV/Projects/Zybo-Z7/sw/ws/system_wrapper/hw/system_wrapper.xsa
TRACE::2022-08-02.13:06:01::SCWPlatform:: Unique name xilinx:zybo-z7-20::0.0
TRACE::2022-08-02.13:06:01::SCWPlatform::Trying to set the existing hwdb with name system_wrapper
TRACE::2022-08-02.13:06:01::SCWPlatform::Opened existing hwdb system_wrapper
TRACE::2022-08-02.13:06:01::SCWPlatform::Found the Hw Db part of the input DSA
TRACE::2022-08-02.13:06:01::SCWDomain::checking for install qemu data   : 
TRACE::2022-08-02.13:06:01::SCWDomain:: Using the QEMU Data from install at  : C:/Xilinx/Vitis/2021.1/data/emulation/platforms/zynq/sw/a9_standalone/qemu/
TRACE::2022-08-02.13:06:01::SCWDomain:: Using the QEMU args  from install at  : C:/Xilinx/Vitis/2021.1/data/emulation/platforms/zynq/sw/a9_standalone/qemu/qemu_args.txt
TRACE::2022-08-02.13:06:01::SCWPlatform::Trying to open the hw design at D:/WorkRaduV/Projects/Zybo-Z7/sw/ws/system_wrapper/hw/system_wrapper.xsa
TRACE::2022-08-02.13:06:01::SCWPlatform::DSA given D:/WorkRaduV/Projects/Zybo-Z7/sw/ws/system_wrapper/hw/system_wrapper.xsa
TRACE::2022-08-02.13:06:01::SCWPlatform::DSA absoulate path D:/WorkRaduV/Projects/Zybo-Z7/sw/ws/system_wrapper/hw/system_wrapper.xsa
TRACE::2022-08-02.13:06:01::SCWPlatform::DSA directory D:/WorkRaduV/Projects/Zybo-Z7/sw/ws/system_wrapper/hw
TRACE::2022-08-02.13:06:01::SCWPlatform:: Platform Path D:/WorkRaduV/Projects/Zybo-Z7/sw/ws/system_wrapper/hw/system_wrapper.xsa
TRACE::2022-08-02.13:06:01::SCWPlatform:: Unique name xilinx:zybo-z7-20::0.0
TRACE::2022-08-02.13:06:01::SCWPlatform::Trying to set the existing hwdb with name system_wrapper
TRACE::2022-08-02.13:06:01::SCWPlatform::Opened existing hwdb system_wrapper
TRACE::2022-08-02.13:06:01::SCWPlatform::Found the Hw Db part of the input DSA
TRACE::2022-08-02.13:06:01::SCWPlatform::Trying to open the hw design at D:/WorkRaduV/Projects/Zybo-Z7/sw/ws/system_wrapper/hw/system_wrapper.xsa
TRACE::2022-08-02.13:06:01::SCWPlatform::DSA given D:/WorkRaduV/Projects/Zybo-Z7/sw/ws/system_wrapper/hw/system_wrapper.xsa
TRACE::2022-08-02.13:06:01::SCWPlatform::DSA absoulate path D:/WorkRaduV/Projects/Zybo-Z7/sw/ws/system_wrapper/hw/system_wrapper.xsa
TRACE::2022-08-02.13:06:01::SCWPlatform::DSA directory D:/WorkRaduV/Projects/Zybo-Z7/sw/ws/system_wrapper/hw
TRACE::2022-08-02.13:06:01::SCWPlatform:: Platform Path D:/WorkRaduV/Projects/Zybo-Z7/sw/ws/system_wrapper/hw/system_wrapper.xsa
TRACE::2022-08-02.13:06:01::SCWPlatform:: Unique name xilinx:zybo-z7-20::0.0
TRACE::2022-08-02.13:06:01::SCWPlatform::Trying to set the existing hwdb with name system_wrapper
TRACE::2022-08-02.13:06:01::SCWPlatform::Opened existing hwdb system_wrapper
TRACE::2022-08-02.13:06:01::SCWPlatform::Found the Hw Db part of the input DSA
TRACE::2022-08-02.13:06:01::SCWPlatform::Trying to open the hw design at D:/WorkRaduV/Projects/Zybo-Z7/sw/ws/system_wrapper/hw/system_wrapper.xsa
TRACE::2022-08-02.13:06:01::SCWPlatform::DSA given D:/WorkRaduV/Projects/Zybo-Z7/sw/ws/system_wrapper/hw/system_wrapper.xsa
TRACE::2022-08-02.13:06:01::SCWPlatform::DSA absoulate path D:/WorkRaduV/Projects/Zybo-Z7/sw/ws/system_wrapper/hw/system_wrapper.xsa
TRACE::2022-08-02.13:06:01::SCWPlatform::DSA directory D:/WorkRaduV/Projects/Zybo-Z7/sw/ws/system_wrapper/hw
TRACE::2022-08-02.13:06:01::SCWPlatform:: Platform Path D:/WorkRaduV/Projects/Zybo-Z7/sw/ws/system_wrapper/hw/system_wrapper.xsa
TRACE::2022-08-02.13:06:01::SCWPlatform:: Unique name xilinx:zybo-z7-20::0.0
TRACE::2022-08-02.13:06:01::SCWPlatform::Trying to set the existing hwdb with name system_wrapper
TRACE::2022-08-02.13:06:01::SCWPlatform::Opened existing hwdb system_wrapper
TRACE::2022-08-02.13:06:01::SCWPlatform::Found the Hw Db part of the input DSA
TRACE::2022-08-02.13:06:01::SCWMssOS::Checking the sw design at  D:/WorkRaduV/Projects/Zybo-Z7/sw/ws/system_wrapper/ps7_cortexa9_0/domain_ps7_cortexa9_0/bsp/system.mss
TRACE::2022-08-02.13:06:01::SCWMssOS::DEBUG:  swdes dump  
TRACE::2022-08-02.13:06:01::SCWMssOS::No sw design opened at  D:/WorkRaduV/Projects/Zybo-Z7/sw/ws/system_wrapper/ps7_cortexa9_0/domain_ps7_cortexa9_0/bsp/system.mss
TRACE::2022-08-02.13:06:01::SCWMssOS::mss does not exists at D:/WorkRaduV/Projects/Zybo-Z7/sw/ws/system_wrapper/ps7_cortexa9_0/domain_ps7_cortexa9_0/bsp/system.mss
TRACE::2022-08-02.13:06:01::SCWMssOS::Creating sw design at  D:/WorkRaduV/Projects/Zybo-Z7/sw/ws/system_wrapper/ps7_cortexa9_0/domain_ps7_cortexa9_0/bsp/system.mss
TRACE::2022-08-02.13:06:01::SCWMssOS::Adding the swdes entry, created swdb D:/WorkRaduV/Projects/Zybo-Z7/sw/ws/system_wrapper/ps7_cortexa9_0/domain_ps7_cortexa9_0/bsp/system.mss with des name D:/WorkRaduV/Projects/Zybo-Z7/sw/ws/system_wrapper/ps7_cortexa9_0/domain_ps7_cortexa9_0/bsp/system.mss
TRACE::2022-08-02.13:06:01::SCWMssOS::updating the scw layer changes to swdes at   D:/WorkRaduV/Projects/Zybo-Z7/sw/ws/system_wrapper/ps7_cortexa9_0/domain_ps7_cortexa9_0/bsp/system.mss
TRACE::2022-08-02.13:06:01::SCWMssOS::Writing mss at D:/WorkRaduV/Projects/Zybo-Z7/sw/ws/system_wrapper/ps7_cortexa9_0/domain_ps7_cortexa9_0/bsp/system.mss
TRACE::2022-08-02.13:06:01::SCWMssOS::Completed writing the mss file at D:/WorkRaduV/Projects/Zybo-Z7/sw/ws/system_wrapper/ps7_cortexa9_0/domain_ps7_cortexa9_0/bsp
TRACE::2022-08-02.13:06:01::SCWMssOS::Picking up changes from newly written mss file into SCW Layer. 
TRACE::2022-08-02.13:06:01::SCWMssOS::Updated the changes from newly written mss file into SCW Layer. 
TRACE::2022-08-02.13:06:01::SCWMssOS::Completed writing the mss file at D:/WorkRaduV/Projects/Zybo-Z7/sw/ws/system_wrapper/ps7_cortexa9_0/domain_ps7_cortexa9_0/bsp
TRACE::2022-08-02.13:06:01::SCWMssOS::Forcing BSP Sources regeneration.
TRACE::2022-08-02.13:06:04::SCWMssOS::Saving the mss changes D:/WorkRaduV/Projects/Zybo-Z7/sw/ws/system_wrapper/ps7_cortexa9_0/domain_ps7_cortexa9_0/bsp/system.mss
TRACE::2022-08-02.13:06:04::SCWMssOS::Adding the swdes entry, mss present, able to open swdb D:/WorkRaduV/Projects/Zybo-Z7/sw/ws/system_wrapper/ps7_cortexa9_0/domain_ps7_cortexa9_0/bsp/system.mss with des name system
TRACE::2022-08-02.13:06:04::SCWMssOS::Writing the mss file completed D:/WorkRaduV/Projects/Zybo-Z7/sw/ws/system_wrapper/ps7_cortexa9_0/domain_ps7_cortexa9_0/bsp/system.mss
TRACE::2022-08-02.13:06:04::SCWMssOS::Commit changes completed.
TRACE::2022-08-02.13:06:04::SCWPlatform::Trying to open the hw design at D:/WorkRaduV/Projects/Zybo-Z7/sw/ws/system_wrapper/hw/system_wrapper.xsa
TRACE::2022-08-02.13:06:04::SCWPlatform::DSA given D:/WorkRaduV/Projects/Zybo-Z7/sw/ws/system_wrapper/hw/system_wrapper.xsa
TRACE::2022-08-02.13:06:04::SCWPlatform::DSA absoulate path D:/WorkRaduV/Projects/Zybo-Z7/sw/ws/system_wrapper/hw/system_wrapper.xsa
TRACE::2022-08-02.13:06:04::SCWPlatform::DSA directory D:/WorkRaduV/Projects/Zybo-Z7/sw/ws/system_wrapper/hw
TRACE::2022-08-02.13:06:04::SCWPlatform:: Platform Path D:/WorkRaduV/Projects/Zybo-Z7/sw/ws/system_wrapper/hw/system_wrapper.xsa
TRACE::2022-08-02.13:06:04::SCWPlatform:: Unique name xilinx:zybo-z7-20::0.0
TRACE::2022-08-02.13:06:04::SCWPlatform::Trying to set the existing hwdb with name system_wrapper
TRACE::2022-08-02.13:06:04::SCWPlatform::Opened existing hwdb system_wrapper
TRACE::2022-08-02.13:06:04::SCWPlatform::Found the Hw Db part of the input DSA
TRACE::2022-08-02.13:06:04::SCWMssOS::Checking the sw design at  D:/WorkRaduV/Projects/Zybo-Z7/sw/ws/system_wrapper/ps7_cortexa9_0/domain_ps7_cortexa9_0/bsp/system.mss
TRACE::2022-08-02.13:06:04::SCWMssOS::DEBUG:  swdes dump  D:/WorkRaduV/Projects/Zybo-Z7/sw/ws/system_wrapper/ps7_cortexa9_0/domain_ps7_cortexa9_0/bsp/system.mss|system||

TRACE::2022-08-02.13:06:04::SCWMssOS::Sw design exists and opened at  D:/WorkRaduV/Projects/Zybo-Z7/sw/ws/system_wrapper/ps7_cortexa9_0/domain_ps7_cortexa9_0/bsp/system.mss
TRACE::2022-08-02.13:06:04::SCWPlatform::Trying to open the hw design at D:/WorkRaduV/Projects/Zybo-Z7/sw/ws/system_wrapper/hw/system_wrapper.xsa
TRACE::2022-08-02.13:06:04::SCWPlatform::DSA given D:/WorkRaduV/Projects/Zybo-Z7/sw/ws/system_wrapper/hw/system_wrapper.xsa
TRACE::2022-08-02.13:06:04::SCWPlatform::DSA absoulate path D:/WorkRaduV/Projects/Zybo-Z7/sw/ws/system_wrapper/hw/system_wrapper.xsa
TRACE::2022-08-02.13:06:04::SCWPlatform::DSA directory D:/WorkRaduV/Projects/Zybo-Z7/sw/ws/system_wrapper/hw
TRACE::2022-08-02.13:06:04::SCWPlatform:: Platform Path D:/WorkRaduV/Projects/Zybo-Z7/sw/ws/system_wrapper/hw/system_wrapper.xsa
TRACE::2022-08-02.13:06:04::SCWPlatform:: Unique name xilinx:zybo-z7-20::0.0
TRACE::2022-08-02.13:06:04::SCWPlatform::Trying to set the existing hwdb with name system_wrapper
TRACE::2022-08-02.13:06:04::SCWPlatform::Opened existing hwdb system_wrapper
TRACE::2022-08-02.13:06:04::SCWPlatform::Found the Hw Db part of the input DSA
TRACE::2022-08-02.13:06:04::SCWMssOS::Checking the sw design at  D:/WorkRaduV/Projects/Zybo-Z7/sw/ws/system_wrapper/ps7_cortexa9_0/domain_ps7_cortexa9_0/bsp/system.mss
TRACE::2022-08-02.13:06:04::SCWMssOS::DEBUG:  swdes dump  D:/WorkRaduV/Projects/Zybo-Z7/sw/ws/system_wrapper/ps7_cortexa9_0/domain_ps7_cortexa9_0/bsp/system.mss|system||

TRACE::2022-08-02.13:06:04::SCWMssOS::Sw design exists and opened at  D:/WorkRaduV/Projects/Zybo-Z7/sw/ws/system_wrapper/ps7_cortexa9_0/domain_ps7_cortexa9_0/bsp/system.mss
TRACE::2022-08-02.13:06:04::SCWPlatform::Trying to open the hw design at D:/WorkRaduV/Projects/Zybo-Z7/sw/ws/system_wrapper/hw/system_wrapper.xsa
TRACE::2022-08-02.13:06:04::SCWPlatform::DSA given D:/WorkRaduV/Projects/Zybo-Z7/sw/ws/system_wrapper/hw/system_wrapper.xsa
TRACE::2022-08-02.13:06:04::SCWPlatform::DSA absoulate path D:/WorkRaduV/Projects/Zybo-Z7/sw/ws/system_wrapper/hw/system_wrapper.xsa
TRACE::2022-08-02.13:06:04::SCWPlatform::DSA directory D:/WorkRaduV/Projects/Zybo-Z7/sw/ws/system_wrapper/hw
TRACE::2022-08-02.13:06:04::SCWPlatform:: Platform Path D:/WorkRaduV/Projects/Zybo-Z7/sw/ws/system_wrapper/hw/system_wrapper.xsa
TRACE::2022-08-02.13:06:04::SCWPlatform:: Unique name xilinx:zybo-z7-20::0.0
TRACE::2022-08-02.13:06:04::SCWPlatform::Trying to set the existing hwdb with name system_wrapper
TRACE::2022-08-02.13:06:04::SCWPlatform::Opened existing hwdb system_wrapper
TRACE::2022-08-02.13:06:04::SCWPlatform::Found the Hw Db part of the input DSA
TRACE::2022-08-02.13:06:04::SCWMssOS::Checking the sw design at  D:/WorkRaduV/Projects/Zybo-Z7/sw/ws/system_wrapper/ps7_cortexa9_0/domain_ps7_cortexa9_0/bsp/system.mss
TRACE::2022-08-02.13:06:04::SCWMssOS::DEBUG:  swdes dump  D:/WorkRaduV/Projects/Zybo-Z7/sw/ws/system_wrapper/ps7_cortexa9_0/domain_ps7_cortexa9_0/bsp/system.mss|system||

TRACE::2022-08-02.13:06:04::SCWMssOS::Sw design exists and opened at  D:/WorkRaduV/Projects/Zybo-Z7/sw/ws/system_wrapper/ps7_cortexa9_0/domain_ps7_cortexa9_0/bsp/system.mss
TRACE::2022-08-02.13:06:04::SCWWriter::formatted JSON is {
	"platformName":	"system_wrapper",
	"sprVersion":	"2.0",
	"mode":	"gui",
	"dsaType":	"Fixed",
	"platformDesc":	"system_wrapper",
	"platHandOff":	"D:/WorkRaduV/Projects/Zybo-Z7/sw/src/system_wrapper/system_wrapper.xsa",
	"platIntHandOff":	"<platformDir>/hw/system_wrapper.xsa",
	"deviceType":	"zynq",
	"platIsPrebuiltAutogen":	"false",
	"platIsNoBootBsp":	"true",
	"hasFsblMakeHasChanges":	"false",
	"hasPmufwMakeHasChanges":	"false",
	"fsblExtraCompilerFlags":	"-MMD -MP       -mcpu=cortex-a9 -mfpu=vfpv3 -mfloat-abi=hard",
	"platPreBuiltFlag":	false,
	"platformSamplesDir":	"",
	"platActiveSys":	"system_wrapper",
	"systems":	[{
			"systemName":	"system_wrapper",
			"systemDesc":	"system_wrapper",
			"sysIsBootAutoGen":	"true",
			"systemDispName":	"system_wrapper",
			"sysActiveDom":	"domain_ps7_cortexa9_0",
			"sysDefaultDom":	"domain_ps7_cortexa9_0",
			"domains":	[{
					"domainName":	"domain_ps7_cortexa9_0",
					"domainDispName":	"domain_ps7_cortexa9_0",
					"domainDesc":	"domain_ps7_cortexa9_0",
					"processors":	"ps7_cortexa9_0",
					"os":	"standalone",
					"sdxOs":	"standalone",
					"qemuArgs":	"C:/Xilinx/Vitis/2021.1/data/emulation/platforms/zynq/sw/a9_standalone/qemu/qemu_args.txt",
					"qemuData":	"C:/Xilinx/Vitis/2021.1/data/emulation/platforms/zynq/sw/a9_standalone/qemu/",
					"debugEnable":	"False",
					"domRuntimes":	["cpp"],
					"swRepo":	"",
					"mssOsVer":	"7.5",
					"mssFile":	"",
					"md5Digest":	"3cd3682dcff4da76b12d1a96e03568ab",
					"compatibleApp":	"",
					"domType":	"mssDomain",
					"appSettings":	{
						"appCompilerFlags":	"",
						"appLinkerFlags":	""
					},
					"addedLibs":	[],
					"libOptions":	{
						"libsContainingOptions":	[]
					},
					"prebuiltLibs":	{
						"prebuiltIncPath":	[],
						"prebuiltLibPath":	[]
					},
					"isolation":	{
					}
				}]
		}]
}
LOG::2022-08-02.13:06:04::SCWPlatform::Started generating the artifacts platform system_wrapper
TRACE::2022-08-02.13:06:04::SCWPlatform::Sanity checking of platform is completed
LOG::2022-08-02.13:06:04::SCWPlatform::Started generating the artifacts for system configuration system_wrapper
LOG::2022-08-02.13:06:04::SCWSystem::Checking the domain domain_ps7_cortexa9_0
LOG::2022-08-02.13:06:04::SCWSystem::Not a boot domain 
LOG::2022-08-02.13:06:04::SCWSystem::Started Processing the domain domain_ps7_cortexa9_0
TRACE::2022-08-02.13:06:04::SCWDomain::Generating domain artifcats
TRACE::2022-08-02.13:06:04::SCWMssOS::Generating standalone artifcats
TRACE::2022-08-02.13:06:04::SCWMssOS::Copying the qemu file from  C:/Xilinx/Vitis/2021.1/data/emulation/platforms/zynq/sw/a9_standalone/qemu/qemu_args.txt To D:/WorkRaduV/Projects/Zybo-Z7/sw/ws/system_wrapper/export/system_wrapper/sw/system_wrapper/qemu/
TRACE::2022-08-02.13:06:04::SCWMssOS::Copying the qemu file from  C:/Xilinx/Vitis/2021.1/data/emulation/platforms/zynq/sw/a9_standalone/qemu/qemu_args.txt To D:/WorkRaduV/Projects/Zybo-Z7/sw/ws/system_wrapper/export/system_wrapper/sw/system_wrapper/domain_ps7_cortexa9_0/qemu/
TRACE::2022-08-02.13:06:04::SCWMssOS:: Copying the user libraries. 
TRACE::2022-08-02.13:06:04::SCWPlatform::Trying to open the hw design at D:/WorkRaduV/Projects/Zybo-Z7/sw/ws/system_wrapper/hw/system_wrapper.xsa
TRACE::2022-08-02.13:06:04::SCWPlatform::DSA given D:/WorkRaduV/Projects/Zybo-Z7/sw/ws/system_wrapper/hw/system_wrapper.xsa
TRACE::2022-08-02.13:06:04::SCWPlatform::DSA absoulate path D:/WorkRaduV/Projects/Zybo-Z7/sw/ws/system_wrapper/hw/system_wrapper.xsa
TRACE::2022-08-02.13:06:04::SCWPlatform::DSA directory D:/WorkRaduV/Projects/Zybo-Z7/sw/ws/system_wrapper/hw
TRACE::2022-08-02.13:06:04::SCWPlatform:: Platform Path D:/WorkRaduV/Projects/Zybo-Z7/sw/ws/system_wrapper/hw/system_wrapper.xsa
TRACE::2022-08-02.13:06:04::SCWPlatform:: Unique name xilinx:zybo-z7-20::0.0
TRACE::2022-08-02.13:06:04::SCWPlatform::Trying to set the existing hwdb with name system_wrapper
TRACE::2022-08-02.13:06:04::SCWPlatform::Opened existing hwdb system_wrapper
TRACE::2022-08-02.13:06:04::SCWPlatform::Found the Hw Db part of the input DSA
TRACE::2022-08-02.13:06:04::SCWMssOS::Checking the sw design at  D:/WorkRaduV/Projects/Zybo-Z7/sw/ws/system_wrapper/ps7_cortexa9_0/domain_ps7_cortexa9_0/bsp/system.mss
TRACE::2022-08-02.13:06:04::SCWMssOS::DEBUG:  swdes dump  D:/WorkRaduV/Projects/Zybo-Z7/sw/ws/system_wrapper/ps7_cortexa9_0/domain_ps7_cortexa9_0/bsp/system.mss|system||

TRACE::2022-08-02.13:06:04::SCWMssOS::Sw design exists and opened at  D:/WorkRaduV/Projects/Zybo-Z7/sw/ws/system_wrapper/ps7_cortexa9_0/domain_ps7_cortexa9_0/bsp/system.mss
TRACE::2022-08-02.13:06:04::SCWMssOS::Completed writing the mss file at D:/WorkRaduV/Projects/Zybo-Z7/sw/ws/system_wrapper/ps7_cortexa9_0/domain_ps7_cortexa9_0/bsp
TRACE::2022-08-02.13:06:04::SCWMssOS::Mss edits present, copying mssfile into export location D:/WorkRaduV/Projects/Zybo-Z7/sw/ws/system_wrapper/ps7_cortexa9_0/domain_ps7_cortexa9_0/bsp/system.mss
TRACE::2022-08-02.13:06:04::SCWMssOS::bsp generated is upto date with the mss file. Skipping bsp generation.
TRACE::2022-08-02.13:06:04::SCWMssOS::BSP is already built. skipping the bsp build ... 
TRACE::2022-08-02.13:06:04::SCWDomain::Skipping the build for domain :  domain_ps7_cortexa9_0
TRACE::2022-08-02.13:06:04::SCWMssOS::skipping the bsp build ... 
TRACE::2022-08-02.13:06:04::SCWMssOS::Copying to export directory.
TRACE::2022-08-02.13:06:04::SCWMssOS:: Checking if to create the Supporting Applications
TRACE::2022-08-02.13:06:04::SCWMssOS:: No Linux domain exists, trying to generate FSBL 
TRACE::2022-08-02.13:06:04::SCWMssOS:: Completed Standalone Artifacts creation 
LOG::2022-08-02.13:06:04::SCWSystem::Completed Processing the domain domain_ps7_cortexa9_0
LOG::2022-08-02.13:06:04::SCWSystem::Completed Processing the sysconfig system_wrapper
LOG::2022-08-02.13:06:04::SCWPlatform::Completed generating the artifacts for system configuration system_wrapper
TRACE::2022-08-02.13:06:04::SCWPlatform::Started preparing the platform 
TRACE::2022-08-02.13:06:04::SCWSystem::Writing the bif file for system config system_wrapper
TRACE::2022-08-02.13:06:04::SCWSystem::dir created 
TRACE::2022-08-02.13:06:04::SCWSystem::Writing the bif 
TRACE::2022-08-02.13:06:04::SCWPlatform::Started writing the spfm file 
TRACE::2022-08-02.13:06:04::SCWPlatform::Started writing the xpfm file 
TRACE::2022-08-02.13:06:04::SCWPlatform::Completed generating the platform
TRACE::2022-08-02.13:06:04::SCWMssOS::Saving the mss changes D:/WorkRaduV/Projects/Zybo-Z7/sw/ws/system_wrapper/ps7_cortexa9_0/domain_ps7_cortexa9_0/bsp/system.mss
TRACE::2022-08-02.13:06:04::SCWMssOS::Found a swdesign opened with the mssfile.
TRACE::2022-08-02.13:06:04::SCWMssOS::Completed writemss as part of save.
TRACE::2022-08-02.13:06:04::SCWMssOS::Commit changes completed.
TRACE::2022-08-02.13:06:04::SCWPlatform::Trying to open the hw design at D:/WorkRaduV/Projects/Zybo-Z7/sw/ws/system_wrapper/hw/system_wrapper.xsa
TRACE::2022-08-02.13:06:04::SCWPlatform::DSA given D:/WorkRaduV/Projects/Zybo-Z7/sw/ws/system_wrapper/hw/system_wrapper.xsa
TRACE::2022-08-02.13:06:04::SCWPlatform::DSA absoulate path D:/WorkRaduV/Projects/Zybo-Z7/sw/ws/system_wrapper/hw/system_wrapper.xsa
TRACE::2022-08-02.13:06:04::SCWPlatform::DSA directory D:/WorkRaduV/Projects/Zybo-Z7/sw/ws/system_wrapper/hw
TRACE::2022-08-02.13:06:04::SCWPlatform:: Platform Path D:/WorkRaduV/Projects/Zybo-Z7/sw/ws/system_wrapper/hw/system_wrapper.xsa
TRACE::2022-08-02.13:06:04::SCWPlatform:: Unique name xilinx:zybo-z7-20::0.0
TRACE::2022-08-02.13:06:04::SCWPlatform::Trying to set the existing hwdb with name system_wrapper
TRACE::2022-08-02.13:06:04::SCWPlatform::Opened existing hwdb system_wrapper
TRACE::2022-08-02.13:06:04::SCWPlatform::Found the Hw Db part of the input DSA
TRACE::2022-08-02.13:06:04::SCWMssOS::Checking the sw design at  D:/WorkRaduV/Projects/Zybo-Z7/sw/ws/system_wrapper/ps7_cortexa9_0/domain_ps7_cortexa9_0/bsp/system.mss
TRACE::2022-08-02.13:06:04::SCWMssOS::DEBUG:  swdes dump  D:/WorkRaduV/Projects/Zybo-Z7/sw/ws/system_wrapper/ps7_cortexa9_0/domain_ps7_cortexa9_0/bsp/system.mss|system||

TRACE::2022-08-02.13:06:04::SCWMssOS::Sw design exists and opened at  D:/WorkRaduV/Projects/Zybo-Z7/sw/ws/system_wrapper/ps7_cortexa9_0/domain_ps7_cortexa9_0/bsp/system.mss
TRACE::2022-08-02.13:06:04::SCWPlatform::Trying to open the hw design at D:/WorkRaduV/Projects/Zybo-Z7/sw/ws/system_wrapper/hw/system_wrapper.xsa
TRACE::2022-08-02.13:06:04::SCWPlatform::DSA given D:/WorkRaduV/Projects/Zybo-Z7/sw/ws/system_wrapper/hw/system_wrapper.xsa
TRACE::2022-08-02.13:06:04::SCWPlatform::DSA absoulate path D:/WorkRaduV/Projects/Zybo-Z7/sw/ws/system_wrapper/hw/system_wrapper.xsa
TRACE::2022-08-02.13:06:04::SCWPlatform::DSA directory D:/WorkRaduV/Projects/Zybo-Z7/sw/ws/system_wrapper/hw
TRACE::2022-08-02.13:06:04::SCWPlatform:: Platform Path D:/WorkRaduV/Projects/Zybo-Z7/sw/ws/system_wrapper/hw/system_wrapper.xsa
TRACE::2022-08-02.13:06:04::SCWPlatform:: Unique name xilinx:zybo-z7-20::0.0
TRACE::2022-08-02.13:06:04::SCWPlatform::Trying to set the existing hwdb with name system_wrapper
TRACE::2022-08-02.13:06:04::SCWPlatform::Opened existing hwdb system_wrapper
TRACE::2022-08-02.13:06:04::SCWPlatform::Found the Hw Db part of the input DSA
TRACE::2022-08-02.13:06:04::SCWMssOS::Checking the sw design at  D:/WorkRaduV/Projects/Zybo-Z7/sw/ws/system_wrapper/ps7_cortexa9_0/domain_ps7_cortexa9_0/bsp/system.mss
TRACE::2022-08-02.13:06:04::SCWMssOS::DEBUG:  swdes dump  D:/WorkRaduV/Projects/Zybo-Z7/sw/ws/system_wrapper/ps7_cortexa9_0/domain_ps7_cortexa9_0/bsp/system.mss|system||

TRACE::2022-08-02.13:06:04::SCWMssOS::Sw design exists and opened at  D:/WorkRaduV/Projects/Zybo-Z7/sw/ws/system_wrapper/ps7_cortexa9_0/domain_ps7_cortexa9_0/bsp/system.mss
TRACE::2022-08-02.13:06:04::SCWPlatform::Trying to open the hw design at D:/WorkRaduV/Projects/Zybo-Z7/sw/ws/system_wrapper/hw/system_wrapper.xsa
TRACE::2022-08-02.13:06:04::SCWPlatform::DSA given D:/WorkRaduV/Projects/Zybo-Z7/sw/ws/system_wrapper/hw/system_wrapper.xsa
TRACE::2022-08-02.13:06:04::SCWPlatform::DSA absoulate path D:/WorkRaduV/Projects/Zybo-Z7/sw/ws/system_wrapper/hw/system_wrapper.xsa
TRACE::2022-08-02.13:06:04::SCWPlatform::DSA directory D:/WorkRaduV/Projects/Zybo-Z7/sw/ws/system_wrapper/hw
TRACE::2022-08-02.13:06:04::SCWPlatform:: Platform Path D:/WorkRaduV/Projects/Zybo-Z7/sw/ws/system_wrapper/hw/system_wrapper.xsa
TRACE::2022-08-02.13:06:04::SCWPlatform:: Unique name xilinx:zybo-z7-20::0.0
TRACE::2022-08-02.13:06:04::SCWPlatform::Trying to set the existing hwdb with name system_wrapper
TRACE::2022-08-02.13:06:04::SCWPlatform::Opened existing hwdb system_wrapper
TRACE::2022-08-02.13:06:04::SCWPlatform::Found the Hw Db part of the input DSA
TRACE::2022-08-02.13:06:04::SCWMssOS::Checking the sw design at  D:/WorkRaduV/Projects/Zybo-Z7/sw/ws/system_wrapper/ps7_cortexa9_0/domain_ps7_cortexa9_0/bsp/system.mss
TRACE::2022-08-02.13:06:04::SCWMssOS::DEBUG:  swdes dump  D:/WorkRaduV/Projects/Zybo-Z7/sw/ws/system_wrapper/ps7_cortexa9_0/domain_ps7_cortexa9_0/bsp/system.mss|system||

TRACE::2022-08-02.13:06:04::SCWMssOS::Sw design exists and opened at  D:/WorkRaduV/Projects/Zybo-Z7/sw/ws/system_wrapper/ps7_cortexa9_0/domain_ps7_cortexa9_0/bsp/system.mss
TRACE::2022-08-02.13:06:04::SCWWriter::formatted JSON is {
	"platformName":	"system_wrapper",
	"sprVersion":	"2.0",
	"mode":	"gui",
	"dsaType":	"Fixed",
	"platformDesc":	"system_wrapper",
	"platHandOff":	"D:/WorkRaduV/Projects/Zybo-Z7/sw/src/system_wrapper/system_wrapper.xsa",
	"platIntHandOff":	"<platformDir>/hw/system_wrapper.xsa",
	"deviceType":	"zynq",
	"platIsPrebuiltAutogen":	"false",
	"platIsNoBootBsp":	"true",
	"hasFsblMakeHasChanges":	"false",
	"hasPmufwMakeHasChanges":	"false",
	"fsblExtraCompilerFlags":	"-MMD -MP       -mcpu=cortex-a9 -mfpu=vfpv3 -mfloat-abi=hard",
	"platPreBuiltFlag":	false,
	"platformSamplesDir":	"",
	"platActiveSys":	"system_wrapper",
	"systems":	[{
			"systemName":	"system_wrapper",
			"systemDesc":	"system_wrapper",
			"sysIsBootAutoGen":	"true",
			"systemDispName":	"system_wrapper",
			"sysActiveDom":	"domain_ps7_cortexa9_0",
			"sysDefaultDom":	"domain_ps7_cortexa9_0",
			"domains":	[{
					"domainName":	"domain_ps7_cortexa9_0",
					"domainDispName":	"domain_ps7_cortexa9_0",
					"domainDesc":	"domain_ps7_cortexa9_0",
					"processors":	"ps7_cortexa9_0",
					"os":	"standalone",
					"sdxOs":	"standalone",
					"qemuArgs":	"C:/Xilinx/Vitis/2021.1/data/emulation/platforms/zynq/sw/a9_standalone/qemu/qemu_args.txt",
					"qemuData":	"C:/Xilinx/Vitis/2021.1/data/emulation/platforms/zynq/sw/a9_standalone/qemu/",
					"debugEnable":	"False",
					"domRuntimes":	["cpp"],
					"swRepo":	"",
					"mssOsVer":	"7.5",
					"mssFile":	"",
					"md5Digest":	"3cd3682dcff4da76b12d1a96e03568ab",
					"compatibleApp":	"",
					"domType":	"mssDomain",
					"appSettings":	{
						"appCompilerFlags":	"",
						"appLinkerFlags":	""
					},
					"addedLibs":	[],
					"libOptions":	{
						"libsContainingOptions":	[]
					},
					"prebuiltLibs":	{
						"prebuiltIncPath":	[],
						"prebuiltLibPath":	[]
					},
					"isolation":	{
					}
				}]
		}]
}
KEYINFO::2022-08-02.13:06:04::SCWPlatform::updated the xpfm file.
TRACE::2022-08-02.13:06:04::SCWPlatform::Trying to open the hw design at D:/WorkRaduV/Projects/Zybo-Z7/sw/ws/system_wrapper/hw/system_wrapper.xsa
TRACE::2022-08-02.13:06:04::SCWPlatform::DSA given D:/WorkRaduV/Projects/Zybo-Z7/sw/ws/system_wrapper/hw/system_wrapper.xsa
TRACE::2022-08-02.13:06:04::SCWPlatform::DSA absoulate path D:/WorkRaduV/Projects/Zybo-Z7/sw/ws/system_wrapper/hw/system_wrapper.xsa
TRACE::2022-08-02.13:06:04::SCWPlatform::DSA directory D:/WorkRaduV/Projects/Zybo-Z7/sw/ws/system_wrapper/hw
TRACE::2022-08-02.13:06:04::SCWPlatform:: Platform Path D:/WorkRaduV/Projects/Zybo-Z7/sw/ws/system_wrapper/hw/system_wrapper.xsa
TRACE::2022-08-02.13:06:04::SCWPlatform:: Unique name xilinx:zybo-z7-20::0.0
TRACE::2022-08-02.13:06:04::SCWPlatform::Trying to set the existing hwdb with name system_wrapper
TRACE::2022-08-02.13:06:04::SCWPlatform::Opened existing hwdb system_wrapper
TRACE::2022-08-02.13:06:04::SCWPlatform::Found the Hw Db part of the input DSA
TRACE::2022-08-02.13:06:04::SCWMssOS::Checking the sw design at  D:/WorkRaduV/Projects/Zybo-Z7/sw/ws/system_wrapper/ps7_cortexa9_0/domain_ps7_cortexa9_0/bsp/system.mss
TRACE::2022-08-02.13:06:04::SCWMssOS::DEBUG:  swdes dump  D:/WorkRaduV/Projects/Zybo-Z7/sw/ws/system_wrapper/ps7_cortexa9_0/domain_ps7_cortexa9_0/bsp/system.mss|system||

TRACE::2022-08-02.13:06:04::SCWMssOS::Sw design exists and opened at  D:/WorkRaduV/Projects/Zybo-Z7/sw/ws/system_wrapper/ps7_cortexa9_0/domain_ps7_cortexa9_0/bsp/system.mss
TRACE::2022-08-02.13:06:04::SCWMssOS::Saving the mss changes D:/WorkRaduV/Projects/Zybo-Z7/sw/ws/system_wrapper/ps7_cortexa9_0/domain_ps7_cortexa9_0/bsp/system.mss
TRACE::2022-08-02.13:06:04::SCWMssOS::Found a swdesign opened with the mssfile.
TRACE::2022-08-02.13:06:04::SCWMssOS::Completed writemss as part of save.
TRACE::2022-08-02.13:06:04::SCWMssOS::Commit changes completed.
TRACE::2022-08-02.13:06:04::SCWPlatform::Trying to open the hw design at D:/WorkRaduV/Projects/Zybo-Z7/sw/ws/system_wrapper/hw/system_wrapper.xsa
TRACE::2022-08-02.13:06:04::SCWPlatform::DSA given D:/WorkRaduV/Projects/Zybo-Z7/sw/ws/system_wrapper/hw/system_wrapper.xsa
TRACE::2022-08-02.13:06:04::SCWPlatform::DSA absoulate path D:/WorkRaduV/Projects/Zybo-Z7/sw/ws/system_wrapper/hw/system_wrapper.xsa
TRACE::2022-08-02.13:06:04::SCWPlatform::DSA directory D:/WorkRaduV/Projects/Zybo-Z7/sw/ws/system_wrapper/hw
TRACE::2022-08-02.13:06:04::SCWPlatform:: Platform Path D:/WorkRaduV/Projects/Zybo-Z7/sw/ws/system_wrapper/hw/system_wrapper.xsa
TRACE::2022-08-02.13:06:04::SCWPlatform:: Unique name xilinx:zybo-z7-20::0.0
TRACE::2022-08-02.13:06:04::SCWPlatform::Trying to set the existing hwdb with name system_wrapper
TRACE::2022-08-02.13:06:04::SCWPlatform::Opened existing hwdb system_wrapper
TRACE::2022-08-02.13:06:04::SCWPlatform::Found the Hw Db part of the input DSA
TRACE::2022-08-02.13:06:04::SCWMssOS::Checking the sw design at  D:/WorkRaduV/Projects/Zybo-Z7/sw/ws/system_wrapper/ps7_cortexa9_0/domain_ps7_cortexa9_0/bsp/system.mss
TRACE::2022-08-02.13:06:04::SCWMssOS::DEBUG:  swdes dump  D:/WorkRaduV/Projects/Zybo-Z7/sw/ws/system_wrapper/ps7_cortexa9_0/domain_ps7_cortexa9_0/bsp/system.mss|system||

TRACE::2022-08-02.13:06:04::SCWMssOS::Sw design exists and opened at  D:/WorkRaduV/Projects/Zybo-Z7/sw/ws/system_wrapper/ps7_cortexa9_0/domain_ps7_cortexa9_0/bsp/system.mss
TRACE::2022-08-02.13:06:04::SCWPlatform::Trying to open the hw design at D:/WorkRaduV/Projects/Zybo-Z7/sw/ws/system_wrapper/hw/system_wrapper.xsa
TRACE::2022-08-02.13:06:04::SCWPlatform::DSA given D:/WorkRaduV/Projects/Zybo-Z7/sw/ws/system_wrapper/hw/system_wrapper.xsa
TRACE::2022-08-02.13:06:04::SCWPlatform::DSA absoulate path D:/WorkRaduV/Projects/Zybo-Z7/sw/ws/system_wrapper/hw/system_wrapper.xsa
TRACE::2022-08-02.13:06:04::SCWPlatform::DSA directory D:/WorkRaduV/Projects/Zybo-Z7/sw/ws/system_wrapper/hw
TRACE::2022-08-02.13:06:04::SCWPlatform:: Platform Path D:/WorkRaduV/Projects/Zybo-Z7/sw/ws/system_wrapper/hw/system_wrapper.xsa
TRACE::2022-08-02.13:06:04::SCWPlatform:: Unique name xilinx:zybo-z7-20::0.0
TRACE::2022-08-02.13:06:04::SCWPlatform::Trying to set the existing hwdb with name system_wrapper
TRACE::2022-08-02.13:06:04::SCWPlatform::Opened existing hwdb system_wrapper
TRACE::2022-08-02.13:06:04::SCWPlatform::Found the Hw Db part of the input DSA
TRACE::2022-08-02.13:06:04::SCWMssOS::Checking the sw design at  D:/WorkRaduV/Projects/Zybo-Z7/sw/ws/system_wrapper/ps7_cortexa9_0/domain_ps7_cortexa9_0/bsp/system.mss
TRACE::2022-08-02.13:06:04::SCWMssOS::DEBUG:  swdes dump  D:/WorkRaduV/Projects/Zybo-Z7/sw/ws/system_wrapper/ps7_cortexa9_0/domain_ps7_cortexa9_0/bsp/system.mss|system||

TRACE::2022-08-02.13:06:04::SCWMssOS::Sw design exists and opened at  D:/WorkRaduV/Projects/Zybo-Z7/sw/ws/system_wrapper/ps7_cortexa9_0/domain_ps7_cortexa9_0/bsp/system.mss
TRACE::2022-08-02.13:06:04::SCWPlatform::Trying to open the hw design at D:/WorkRaduV/Projects/Zybo-Z7/sw/ws/system_wrapper/hw/system_wrapper.xsa
TRACE::2022-08-02.13:06:04::SCWPlatform::DSA given D:/WorkRaduV/Projects/Zybo-Z7/sw/ws/system_wrapper/hw/system_wrapper.xsa
TRACE::2022-08-02.13:06:04::SCWPlatform::DSA absoulate path D:/WorkRaduV/Projects/Zybo-Z7/sw/ws/system_wrapper/hw/system_wrapper.xsa
TRACE::2022-08-02.13:06:04::SCWPlatform::DSA directory D:/WorkRaduV/Projects/Zybo-Z7/sw/ws/system_wrapper/hw
TRACE::2022-08-02.13:06:04::SCWPlatform:: Platform Path D:/WorkRaduV/Projects/Zybo-Z7/sw/ws/system_wrapper/hw/system_wrapper.xsa
TRACE::2022-08-02.13:06:04::SCWPlatform:: Unique name xilinx:zybo-z7-20::0.0
TRACE::2022-08-02.13:06:04::SCWPlatform::Trying to set the existing hwdb with name system_wrapper
TRACE::2022-08-02.13:06:04::SCWPlatform::Opened existing hwdb system_wrapper
TRACE::2022-08-02.13:06:04::SCWPlatform::Found the Hw Db part of the input DSA
TRACE::2022-08-02.13:06:04::SCWMssOS::Checking the sw design at  D:/WorkRaduV/Projects/Zybo-Z7/sw/ws/system_wrapper/ps7_cortexa9_0/domain_ps7_cortexa9_0/bsp/system.mss
TRACE::2022-08-02.13:06:04::SCWMssOS::DEBUG:  swdes dump  D:/WorkRaduV/Projects/Zybo-Z7/sw/ws/system_wrapper/ps7_cortexa9_0/domain_ps7_cortexa9_0/bsp/system.mss|system||

TRACE::2022-08-02.13:06:04::SCWMssOS::Sw design exists and opened at  D:/WorkRaduV/Projects/Zybo-Z7/sw/ws/system_wrapper/ps7_cortexa9_0/domain_ps7_cortexa9_0/bsp/system.mss
TRACE::2022-08-02.13:06:04::SCWWriter::formatted JSON is {
	"platformName":	"system_wrapper",
	"sprVersion":	"2.0",
	"mode":	"gui",
	"dsaType":	"Fixed",
	"platformDesc":	"system_wrapper",
	"platHandOff":	"D:/WorkRaduV/Projects/Zybo-Z7/sw/src/system_wrapper/system_wrapper.xsa",
	"platIntHandOff":	"<platformDir>/hw/system_wrapper.xsa",
	"deviceType":	"zynq",
	"platIsPrebuiltAutogen":	"false",
	"platIsNoBootBsp":	"true",
	"hasFsblMakeHasChanges":	"false",
	"hasPmufwMakeHasChanges":	"false",
	"fsblExtraCompilerFlags":	"-MMD -MP       -mcpu=cortex-a9 -mfpu=vfpv3 -mfloat-abi=hard",
	"platPreBuiltFlag":	false,
	"platformSamplesDir":	"",
	"platActiveSys":	"system_wrapper",
	"systems":	[{
			"systemName":	"system_wrapper",
			"systemDesc":	"system_wrapper",
			"sysIsBootAutoGen":	"true",
			"systemDispName":	"system_wrapper",
			"sysActiveDom":	"domain_ps7_cortexa9_0",
			"sysDefaultDom":	"domain_ps7_cortexa9_0",
			"domains":	[{
					"domainName":	"domain_ps7_cortexa9_0",
					"domainDispName":	"domain_ps7_cortexa9_0",
					"domainDesc":	"domain_ps7_cortexa9_0",
					"processors":	"ps7_cortexa9_0",
					"os":	"standalone",
					"sdxOs":	"standalone",
					"qemuArgs":	"C:/Xilinx/Vitis/2021.1/data/emulation/platforms/zynq/sw/a9_standalone/qemu/qemu_args.txt",
					"qemuData":	"C:/Xilinx/Vitis/2021.1/data/emulation/platforms/zynq/sw/a9_standalone/qemu/",
					"debugEnable":	"False",
					"domRuntimes":	["cpp"],
					"swRepo":	"",
					"mssOsVer":	"7.5",
					"mssFile":	"",
					"md5Digest":	"3cd3682dcff4da76b12d1a96e03568ab",
					"compatibleApp":	"",
					"domType":	"mssDomain",
					"appSettings":	{
						"appCompilerFlags":	"",
						"appLinkerFlags":	""
					},
					"addedLibs":	[],
					"libOptions":	{
						"libsContainingOptions":	[]
					},
					"prebuiltLibs":	{
						"prebuiltIncPath":	[],
						"prebuiltLibPath":	[]
					},
					"isolation":	{
					}
				}]
		}]
}
TRACE::2022-08-02.13:06:04::SCWPlatform::Trying to open the hw design at D:/WorkRaduV/Projects/Zybo-Z7/sw/ws/system_wrapper/hw/system_wrapper.xsa
TRACE::2022-08-02.13:06:04::SCWPlatform::DSA given D:/WorkRaduV/Projects/Zybo-Z7/sw/ws/system_wrapper/hw/system_wrapper.xsa
TRACE::2022-08-02.13:06:04::SCWPlatform::DSA absoulate path D:/WorkRaduV/Projects/Zybo-Z7/sw/ws/system_wrapper/hw/system_wrapper.xsa
TRACE::2022-08-02.13:06:04::SCWPlatform::DSA directory D:/WorkRaduV/Projects/Zybo-Z7/sw/ws/system_wrapper/hw
TRACE::2022-08-02.13:06:04::SCWPlatform:: Platform Path D:/WorkRaduV/Projects/Zybo-Z7/sw/ws/system_wrapper/hw/system_wrapper.xsa
TRACE::2022-08-02.13:06:04::SCWPlatform:: Unique name xilinx:zybo-z7-20::0.0
TRACE::2022-08-02.13:06:04::SCWPlatform::Trying to set the existing hwdb with name system_wrapper
TRACE::2022-08-02.13:06:04::SCWPlatform::Opened existing hwdb system_wrapper
TRACE::2022-08-02.13:06:04::SCWPlatform::Found the Hw Db part of the input DSA
TRACE::2022-08-02.13:06:04::SCWMssOS::Checking the sw design at  D:/WorkRaduV/Projects/Zybo-Z7/sw/ws/system_wrapper/ps7_cortexa9_0/domain_ps7_cortexa9_0/bsp/system.mss
TRACE::2022-08-02.13:06:04::SCWMssOS::DEBUG:  swdes dump  D:/WorkRaduV/Projects/Zybo-Z7/sw/ws/system_wrapper/ps7_cortexa9_0/domain_ps7_cortexa9_0/bsp/system.mss|system||

TRACE::2022-08-02.13:06:04::SCWMssOS::Sw design exists and opened at  D:/WorkRaduV/Projects/Zybo-Z7/sw/ws/system_wrapper/ps7_cortexa9_0/domain_ps7_cortexa9_0/bsp/system.mss
TRACE::2022-08-02.13:06:04::SCWPlatform::Trying to open the hw design at D:/WorkRaduV/Projects/Zybo-Z7/sw/ws/system_wrapper/hw/system_wrapper.xsa
TRACE::2022-08-02.13:06:04::SCWPlatform::DSA given D:/WorkRaduV/Projects/Zybo-Z7/sw/ws/system_wrapper/hw/system_wrapper.xsa
TRACE::2022-08-02.13:06:04::SCWPlatform::DSA absoulate path D:/WorkRaduV/Projects/Zybo-Z7/sw/ws/system_wrapper/hw/system_wrapper.xsa
TRACE::2022-08-02.13:06:04::SCWPlatform::DSA directory D:/WorkRaduV/Projects/Zybo-Z7/sw/ws/system_wrapper/hw
TRACE::2022-08-02.13:06:04::SCWPlatform:: Platform Path D:/WorkRaduV/Projects/Zybo-Z7/sw/ws/system_wrapper/hw/system_wrapper.xsa
TRACE::2022-08-02.13:06:04::SCWPlatform:: Unique name xilinx:zybo-z7-20::0.0
TRACE::2022-08-02.13:06:04::SCWPlatform::Trying to set the existing hwdb with name system_wrapper
TRACE::2022-08-02.13:06:04::SCWPlatform::Opened existing hwdb system_wrapper
TRACE::2022-08-02.13:06:04::SCWPlatform::Found the Hw Db part of the input DSA
TRACE::2022-08-02.13:06:04::SCWMssOS::Checking the sw design at  D:/WorkRaduV/Projects/Zybo-Z7/sw/ws/system_wrapper/ps7_cortexa9_0/domain_ps7_cortexa9_0/bsp/system.mss
TRACE::2022-08-02.13:06:04::SCWMssOS::DEBUG:  swdes dump  D:/WorkRaduV/Projects/Zybo-Z7/sw/ws/system_wrapper/ps7_cortexa9_0/domain_ps7_cortexa9_0/bsp/system.mss|system||

TRACE::2022-08-02.13:06:04::SCWMssOS::Sw design exists and opened at  D:/WorkRaduV/Projects/Zybo-Z7/sw/ws/system_wrapper/ps7_cortexa9_0/domain_ps7_cortexa9_0/bsp/system.mss
TRACE::2022-08-02.13:06:04::SCWPlatform::Trying to open the hw design at D:/WorkRaduV/Projects/Zybo-Z7/sw/ws/system_wrapper/hw/system_wrapper.xsa
TRACE::2022-08-02.13:06:04::SCWPlatform::DSA given D:/WorkRaduV/Projects/Zybo-Z7/sw/ws/system_wrapper/hw/system_wrapper.xsa
TRACE::2022-08-02.13:06:04::SCWPlatform::DSA absoulate path D:/WorkRaduV/Projects/Zybo-Z7/sw/ws/system_wrapper/hw/system_wrapper.xsa
TRACE::2022-08-02.13:06:04::SCWPlatform::DSA directory D:/WorkRaduV/Projects/Zybo-Z7/sw/ws/system_wrapper/hw
TRACE::2022-08-02.13:06:04::SCWPlatform:: Platform Path D:/WorkRaduV/Projects/Zybo-Z7/sw/ws/system_wrapper/hw/system_wrapper.xsa
TRACE::2022-08-02.13:06:04::SCWPlatform:: Unique name xilinx:zybo-z7-20::0.0
TRACE::2022-08-02.13:06:04::SCWPlatform::Trying to set the existing hwdb with name system_wrapper
TRACE::2022-08-02.13:06:04::SCWPlatform::Opened existing hwdb system_wrapper
TRACE::2022-08-02.13:06:04::SCWPlatform::Found the Hw Db part of the input DSA
TRACE::2022-08-02.13:06:04::SCWPlatform::Boot application domains not present, creating them
TRACE::2022-08-02.13:06:04::SCWDomain::checking for install qemu data   : 
TRACE::2022-08-02.13:06:04::SCWDomain:: Using the QEMU Data from install at  : C:/Xilinx/Vitis/2021.1/data/emulation/platforms/zynq/sw/a9_standalone/qemu/
TRACE::2022-08-02.13:06:04::SCWDomain:: Using the QEMU args  from install at  : C:/Xilinx/Vitis/2021.1/data/emulation/platforms/zynq/sw/a9_standalone/qemu/qemu_args.txt
TRACE::2022-08-02.13:06:04::SCWPlatform::Trying to open the hw design at D:/WorkRaduV/Projects/Zybo-Z7/sw/ws/system_wrapper/hw/system_wrapper.xsa
TRACE::2022-08-02.13:06:04::SCWPlatform::DSA given D:/WorkRaduV/Projects/Zybo-Z7/sw/ws/system_wrapper/hw/system_wrapper.xsa
TRACE::2022-08-02.13:06:04::SCWPlatform::DSA absoulate path D:/WorkRaduV/Projects/Zybo-Z7/sw/ws/system_wrapper/hw/system_wrapper.xsa
TRACE::2022-08-02.13:06:04::SCWPlatform::DSA directory D:/WorkRaduV/Projects/Zybo-Z7/sw/ws/system_wrapper/hw
TRACE::2022-08-02.13:06:04::SCWPlatform:: Platform Path D:/WorkRaduV/Projects/Zybo-Z7/sw/ws/system_wrapper/hw/system_wrapper.xsa
TRACE::2022-08-02.13:06:04::SCWPlatform:: Unique name xilinx:zybo-z7-20::0.0
TRACE::2022-08-02.13:06:04::SCWPlatform::Trying to set the existing hwdb with name system_wrapper
TRACE::2022-08-02.13:06:04::SCWPlatform::Opened existing hwdb system_wrapper
TRACE::2022-08-02.13:06:04::SCWPlatform::Found the Hw Db part of the input DSA
TRACE::2022-08-02.13:06:04::SCWPlatform::Trying to open the hw design at D:/WorkRaduV/Projects/Zybo-Z7/sw/ws/system_wrapper/hw/system_wrapper.xsa
TRACE::2022-08-02.13:06:04::SCWPlatform::DSA given D:/WorkRaduV/Projects/Zybo-Z7/sw/ws/system_wrapper/hw/system_wrapper.xsa
TRACE::2022-08-02.13:06:04::SCWPlatform::DSA absoulate path D:/WorkRaduV/Projects/Zybo-Z7/sw/ws/system_wrapper/hw/system_wrapper.xsa
TRACE::2022-08-02.13:06:04::SCWPlatform::DSA directory D:/WorkRaduV/Projects/Zybo-Z7/sw/ws/system_wrapper/hw
TRACE::2022-08-02.13:06:04::SCWPlatform:: Platform Path D:/WorkRaduV/Projects/Zybo-Z7/sw/ws/system_wrapper/hw/system_wrapper.xsa
TRACE::2022-08-02.13:06:04::SCWPlatform:: Unique name xilinx:zybo-z7-20::0.0
TRACE::2022-08-02.13:06:04::SCWPlatform::Trying to set the existing hwdb with name system_wrapper
TRACE::2022-08-02.13:06:04::SCWPlatform::Opened existing hwdb system_wrapper
TRACE::2022-08-02.13:06:04::SCWPlatform::Found the Hw Db part of the input DSA
TRACE::2022-08-02.13:06:04::SCWPlatform::Boot application domain added for zynq_fsbl
TRACE::2022-08-02.13:06:04::SCWPlatform::Generating the sources  .
TRACE::2022-08-02.13:06:04::SCWBDomain::Generating boot domain sources.
TRACE::2022-08-02.13:06:04::SCWBDomain:: Generating the zynq_fsbl Application.
TRACE::2022-08-02.13:06:04::SCWPlatform::Trying to open the hw design at D:/WorkRaduV/Projects/Zybo-Z7/sw/ws/system_wrapper/hw/system_wrapper.xsa
TRACE::2022-08-02.13:06:04::SCWPlatform::DSA given D:/WorkRaduV/Projects/Zybo-Z7/sw/ws/system_wrapper/hw/system_wrapper.xsa
TRACE::2022-08-02.13:06:04::SCWPlatform::DSA absoulate path D:/WorkRaduV/Projects/Zybo-Z7/sw/ws/system_wrapper/hw/system_wrapper.xsa
TRACE::2022-08-02.13:06:04::SCWPlatform::DSA directory D:/WorkRaduV/Projects/Zybo-Z7/sw/ws/system_wrapper/hw
TRACE::2022-08-02.13:06:04::SCWPlatform:: Platform Path D:/WorkRaduV/Projects/Zybo-Z7/sw/ws/system_wrapper/hw/system_wrapper.xsa
TRACE::2022-08-02.13:06:04::SCWPlatform:: Unique name xilinx:zybo-z7-20::0.0
TRACE::2022-08-02.13:06:04::SCWPlatform::Trying to set the existing hwdb with name system_wrapper
TRACE::2022-08-02.13:06:04::SCWPlatform::Opened existing hwdb system_wrapper
TRACE::2022-08-02.13:06:04::SCWPlatform::Found the Hw Db part of the input DSA
TRACE::2022-08-02.13:06:04::SCWMssOS::Checking the sw design at  D:/WorkRaduV/Projects/Zybo-Z7/sw/ws/system_wrapper/zynq_fsbl/zynq_fsbl_bsp/system.mss
TRACE::2022-08-02.13:06:04::SCWMssOS::DEBUG:  swdes dump  D:/WorkRaduV/Projects/Zybo-Z7/sw/ws/system_wrapper/ps7_cortexa9_0/domain_ps7_cortexa9_0/bsp/system.mss|system||

TRACE::2022-08-02.13:06:04::SCWMssOS::No sw design opened at  D:/WorkRaduV/Projects/Zybo-Z7/sw/ws/system_wrapper/zynq_fsbl/zynq_fsbl_bsp/system.mss
TRACE::2022-08-02.13:06:04::SCWMssOS::mss does not exists at D:/WorkRaduV/Projects/Zybo-Z7/sw/ws/system_wrapper/zynq_fsbl/zynq_fsbl_bsp/system.mss
TRACE::2022-08-02.13:06:04::SCWMssOS::Creating sw design at  D:/WorkRaduV/Projects/Zybo-Z7/sw/ws/system_wrapper/zynq_fsbl/zynq_fsbl_bsp/system.mss
TRACE::2022-08-02.13:06:04::SCWMssOS::Adding the swdes entry, created swdb D:/WorkRaduV/Projects/Zybo-Z7/sw/ws/system_wrapper/zynq_fsbl/zynq_fsbl_bsp/system.mss with des name D:/WorkRaduV/Projects/Zybo-Z7/sw/ws/system_wrapper/zynq_fsbl/zynq_fsbl_bsp/system.mss
TRACE::2022-08-02.13:06:04::SCWMssOS::updating the scw layer changes to swdes at   D:/WorkRaduV/Projects/Zybo-Z7/sw/ws/system_wrapper/zynq_fsbl/zynq_fsbl_bsp/system.mss
TRACE::2022-08-02.13:06:04::SCWMssOS::Writing mss at D:/WorkRaduV/Projects/Zybo-Z7/sw/ws/system_wrapper/zynq_fsbl/zynq_fsbl_bsp/system.mss
TRACE::2022-08-02.13:06:04::SCWMssOS::Completed writing the mss file at D:/WorkRaduV/Projects/Zybo-Z7/sw/ws/system_wrapper/zynq_fsbl/zynq_fsbl_bsp
TRACE::2022-08-02.13:06:04::SCWMssOS::Picking up changes from newly written mss file into SCW Layer. 
TRACE::2022-08-02.13:06:04::SCWMssOS::Updated the changes from newly written mss file into SCW Layer. 
TRACE::2022-08-02.13:06:04::SCWBDomain::Completed writing the mss file at D:/WorkRaduV/Projects/Zybo-Z7/sw/ws/system_wrapper/zynq_fsbl/zynq_fsbl_bsp
TRACE::2022-08-02.13:06:13::SCWPlatform::Generating sources Done.
TRACE::2022-08-02.13:06:13::SCWPlatform::Trying to open the hw design at D:/WorkRaduV/Projects/Zybo-Z7/sw/ws/system_wrapper/hw/system_wrapper.xsa
TRACE::2022-08-02.13:06:13::SCWPlatform::DSA given D:/WorkRaduV/Projects/Zybo-Z7/sw/ws/system_wrapper/hw/system_wrapper.xsa
TRACE::2022-08-02.13:06:13::SCWPlatform::DSA absoulate path D:/WorkRaduV/Projects/Zybo-Z7/sw/ws/system_wrapper/hw/system_wrapper.xsa
TRACE::2022-08-02.13:06:13::SCWPlatform::DSA directory D:/WorkRaduV/Projects/Zybo-Z7/sw/ws/system_wrapper/hw
TRACE::2022-08-02.13:06:13::SCWPlatform:: Platform Path D:/WorkRaduV/Projects/Zybo-Z7/sw/ws/system_wrapper/hw/system_wrapper.xsa
TRACE::2022-08-02.13:06:13::SCWPlatform:: Unique name xilinx:zybo-z7-20::0.0
TRACE::2022-08-02.13:06:13::SCWPlatform::Trying to set the existing hwdb with name system_wrapper
TRACE::2022-08-02.13:06:13::SCWPlatform::Opened existing hwdb system_wrapper
TRACE::2022-08-02.13:06:13::SCWPlatform::Found the Hw Db part of the input DSA
TRACE::2022-08-02.13:06:13::SCWMssOS::Checking the sw design at  D:/WorkRaduV/Projects/Zybo-Z7/sw/ws/system_wrapper/zynq_fsbl/zynq_fsbl_bsp/system.mss
TRACE::2022-08-02.13:06:13::SCWMssOS::DEBUG:  swdes dump  D:/WorkRaduV/Projects/Zybo-Z7/sw/ws/system_wrapper/ps7_cortexa9_0/domain_ps7_cortexa9_0/bsp/system.mss|system||

TRACE::2022-08-02.13:06:13::SCWMssOS::No sw design opened at  D:/WorkRaduV/Projects/Zybo-Z7/sw/ws/system_wrapper/zynq_fsbl/zynq_fsbl_bsp/system.mss
TRACE::2022-08-02.13:06:13::SCWMssOS::mss exists loading the mss file  D:/WorkRaduV/Projects/Zybo-Z7/sw/ws/system_wrapper/zynq_fsbl/zynq_fsbl_bsp/system.mss
TRACE::2022-08-02.13:06:13::SCWMssOS::Opened the sw design from mss  D:/WorkRaduV/Projects/Zybo-Z7/sw/ws/system_wrapper/zynq_fsbl/zynq_fsbl_bsp/system.mss
TRACE::2022-08-02.13:06:13::SCWMssOS::Adding the swdes entry D:/WorkRaduV/Projects/Zybo-Z7/sw/ws/system_wrapper/zynq_fsbl/zynq_fsbl_bsp/system.mss with des name system_0
TRACE::2022-08-02.13:06:13::SCWMssOS::updating the scw layer about changes
TRACE::2022-08-02.13:06:13::SCWMssOS::Opened the sw design.  D:/WorkRaduV/Projects/Zybo-Z7/sw/ws/system_wrapper/zynq_fsbl/zynq_fsbl_bsp/system.mss
TRACE::2022-08-02.13:06:13::SCWMssOS::Saving the mss changes D:/WorkRaduV/Projects/Zybo-Z7/sw/ws/system_wrapper/ps7_cortexa9_0/domain_ps7_cortexa9_0/bsp/system.mss
TRACE::2022-08-02.13:06:13::SCWMssOS::Found a swdesign opened with the mssfile.
TRACE::2022-08-02.13:06:13::SCWMssOS::Completed writemss as part of save.
TRACE::2022-08-02.13:06:13::SCWMssOS::Commit changes completed.
TRACE::2022-08-02.13:06:13::SCWMssOS::Saving the mss changes D:/WorkRaduV/Projects/Zybo-Z7/sw/ws/system_wrapper/zynq_fsbl/zynq_fsbl_bsp/system.mss
TRACE::2022-08-02.13:06:13::SCWMssOS::Found a swdesign opened with the mssfile.
TRACE::2022-08-02.13:06:13::SCWMssOS::Completed writemss as part of save.
TRACE::2022-08-02.13:06:13::SCWMssOS::Commit changes completed.
TRACE::2022-08-02.13:06:13::SCWPlatform::Trying to open the hw design at D:/WorkRaduV/Projects/Zybo-Z7/sw/ws/system_wrapper/hw/system_wrapper.xsa
TRACE::2022-08-02.13:06:13::SCWPlatform::DSA given D:/WorkRaduV/Projects/Zybo-Z7/sw/ws/system_wrapper/hw/system_wrapper.xsa
TRACE::2022-08-02.13:06:13::SCWPlatform::DSA absoulate path D:/WorkRaduV/Projects/Zybo-Z7/sw/ws/system_wrapper/hw/system_wrapper.xsa
TRACE::2022-08-02.13:06:13::SCWPlatform::DSA directory D:/WorkRaduV/Projects/Zybo-Z7/sw/ws/system_wrapper/hw
TRACE::2022-08-02.13:06:13::SCWPlatform:: Platform Path D:/WorkRaduV/Projects/Zybo-Z7/sw/ws/system_wrapper/hw/system_wrapper.xsa
TRACE::2022-08-02.13:06:13::SCWPlatform:: Unique name xilinx:zybo-z7-20::0.0
TRACE::2022-08-02.13:06:13::SCWPlatform::Trying to set the existing hwdb with name system_wrapper
TRACE::2022-08-02.13:06:13::SCWPlatform::Opened existing hwdb system_wrapper
TRACE::2022-08-02.13:06:13::SCWPlatform::Found the Hw Db part of the input DSA
TRACE::2022-08-02.13:06:13::SCWMssOS::Checking the sw design at  D:/WorkRaduV/Projects/Zybo-Z7/sw/ws/system_wrapper/ps7_cortexa9_0/domain_ps7_cortexa9_0/bsp/system.mss
TRACE::2022-08-02.13:06:13::SCWMssOS::DEBUG:  swdes dump  D:/WorkRaduV/Projects/Zybo-Z7/sw/ws/system_wrapper/ps7_cortexa9_0/domain_ps7_cortexa9_0/bsp/system.mss|system||
D:/WorkRaduV/Projects/Zybo-Z7/sw/ws/system_wrapper/zynq_fsbl/zynq_fsbl_bsp/system.mss|system_0||

TRACE::2022-08-02.13:06:13::SCWMssOS::Sw design exists and opened at  D:/WorkRaduV/Projects/Zybo-Z7/sw/ws/system_wrapper/ps7_cortexa9_0/domain_ps7_cortexa9_0/bsp/system.mss
TRACE::2022-08-02.13:06:13::SCWPlatform::Trying to open the hw design at D:/WorkRaduV/Projects/Zybo-Z7/sw/ws/system_wrapper/hw/system_wrapper.xsa
TRACE::2022-08-02.13:06:13::SCWPlatform::DSA given D:/WorkRaduV/Projects/Zybo-Z7/sw/ws/system_wrapper/hw/system_wrapper.xsa
TRACE::2022-08-02.13:06:13::SCWPlatform::DSA absoulate path D:/WorkRaduV/Projects/Zybo-Z7/sw/ws/system_wrapper/hw/system_wrapper.xsa
TRACE::2022-08-02.13:06:13::SCWPlatform::DSA directory D:/WorkRaduV/Projects/Zybo-Z7/sw/ws/system_wrapper/hw
TRACE::2022-08-02.13:06:13::SCWPlatform:: Platform Path D:/WorkRaduV/Projects/Zybo-Z7/sw/ws/system_wrapper/hw/system_wrapper.xsa
TRACE::2022-08-02.13:06:13::SCWPlatform:: Unique name xilinx:zybo-z7-20::0.0
TRACE::2022-08-02.13:06:13::SCWPlatform::Trying to set the existing hwdb with name system_wrapper
TRACE::2022-08-02.13:06:13::SCWPlatform::Opened existing hwdb system_wrapper
TRACE::2022-08-02.13:06:13::SCWPlatform::Found the Hw Db part of the input DSA
TRACE::2022-08-02.13:06:13::SCWMssOS::Checking the sw design at  D:/WorkRaduV/Projects/Zybo-Z7/sw/ws/system_wrapper/ps7_cortexa9_0/domain_ps7_cortexa9_0/bsp/system.mss
TRACE::2022-08-02.13:06:13::SCWMssOS::DEBUG:  swdes dump  D:/WorkRaduV/Projects/Zybo-Z7/sw/ws/system_wrapper/ps7_cortexa9_0/domain_ps7_cortexa9_0/bsp/system.mss|system||
D:/WorkRaduV/Projects/Zybo-Z7/sw/ws/system_wrapper/zynq_fsbl/zynq_fsbl_bsp/system.mss|system_0||

TRACE::2022-08-02.13:06:13::SCWMssOS::Sw design exists and opened at  D:/WorkRaduV/Projects/Zybo-Z7/sw/ws/system_wrapper/ps7_cortexa9_0/domain_ps7_cortexa9_0/bsp/system.mss
TRACE::2022-08-02.13:06:13::SCWPlatform::Trying to open the hw design at D:/WorkRaduV/Projects/Zybo-Z7/sw/ws/system_wrapper/hw/system_wrapper.xsa
TRACE::2022-08-02.13:06:13::SCWPlatform::DSA given D:/WorkRaduV/Projects/Zybo-Z7/sw/ws/system_wrapper/hw/system_wrapper.xsa
TRACE::2022-08-02.13:06:13::SCWPlatform::DSA absoulate path D:/WorkRaduV/Projects/Zybo-Z7/sw/ws/system_wrapper/hw/system_wrapper.xsa
TRACE::2022-08-02.13:06:13::SCWPlatform::DSA directory D:/WorkRaduV/Projects/Zybo-Z7/sw/ws/system_wrapper/hw
TRACE::2022-08-02.13:06:13::SCWPlatform:: Platform Path D:/WorkRaduV/Projects/Zybo-Z7/sw/ws/system_wrapper/hw/system_wrapper.xsa
TRACE::2022-08-02.13:06:13::SCWPlatform:: Unique name xilinx:zybo-z7-20::0.0
TRACE::2022-08-02.13:06:13::SCWPlatform::Trying to set the existing hwdb with name system_wrapper
TRACE::2022-08-02.13:06:13::SCWPlatform::Opened existing hwdb system_wrapper
TRACE::2022-08-02.13:06:13::SCWPlatform::Found the Hw Db part of the input DSA
TRACE::2022-08-02.13:06:13::SCWMssOS::Checking the sw design at  D:/WorkRaduV/Projects/Zybo-Z7/sw/ws/system_wrapper/ps7_cortexa9_0/domain_ps7_cortexa9_0/bsp/system.mss
TRACE::2022-08-02.13:06:13::SCWMssOS::DEBUG:  swdes dump  D:/WorkRaduV/Projects/Zybo-Z7/sw/ws/system_wrapper/ps7_cortexa9_0/domain_ps7_cortexa9_0/bsp/system.mss|system||
D:/WorkRaduV/Projects/Zybo-Z7/sw/ws/system_wrapper/zynq_fsbl/zynq_fsbl_bsp/system.mss|system_0||

TRACE::2022-08-02.13:06:13::SCWMssOS::Sw design exists and opened at  D:/WorkRaduV/Projects/Zybo-Z7/sw/ws/system_wrapper/ps7_cortexa9_0/domain_ps7_cortexa9_0/bsp/system.mss
TRACE::2022-08-02.13:06:13::SCWPlatform::Trying to open the hw design at D:/WorkRaduV/Projects/Zybo-Z7/sw/ws/system_wrapper/hw/system_wrapper.xsa
TRACE::2022-08-02.13:06:13::SCWPlatform::DSA given D:/WorkRaduV/Projects/Zybo-Z7/sw/ws/system_wrapper/hw/system_wrapper.xsa
TRACE::2022-08-02.13:06:13::SCWPlatform::DSA absoulate path D:/WorkRaduV/Projects/Zybo-Z7/sw/ws/system_wrapper/hw/system_wrapper.xsa
TRACE::2022-08-02.13:06:13::SCWPlatform::DSA directory D:/WorkRaduV/Projects/Zybo-Z7/sw/ws/system_wrapper/hw
TRACE::2022-08-02.13:06:13::SCWPlatform:: Platform Path D:/WorkRaduV/Projects/Zybo-Z7/sw/ws/system_wrapper/hw/system_wrapper.xsa
TRACE::2022-08-02.13:06:13::SCWPlatform:: Unique name xilinx:zybo-z7-20::0.0
TRACE::2022-08-02.13:06:13::SCWPlatform::Trying to set the existing hwdb with name system_wrapper
TRACE::2022-08-02.13:06:13::SCWPlatform::Opened existing hwdb system_wrapper
TRACE::2022-08-02.13:06:13::SCWPlatform::Found the Hw Db part of the input DSA
TRACE::2022-08-02.13:06:13::SCWMssOS::Checking the sw design at  D:/WorkRaduV/Projects/Zybo-Z7/sw/ws/system_wrapper/zynq_fsbl/zynq_fsbl_bsp/system.mss
TRACE::2022-08-02.13:06:13::SCWMssOS::DEBUG:  swdes dump  D:/WorkRaduV/Projects/Zybo-Z7/sw/ws/system_wrapper/ps7_cortexa9_0/domain_ps7_cortexa9_0/bsp/system.mss|system||
D:/WorkRaduV/Projects/Zybo-Z7/sw/ws/system_wrapper/zynq_fsbl/zynq_fsbl_bsp/system.mss|system_0||

TRACE::2022-08-02.13:06:13::SCWMssOS::Sw design exists and opened at  D:/WorkRaduV/Projects/Zybo-Z7/sw/ws/system_wrapper/zynq_fsbl/zynq_fsbl_bsp/system.mss
TRACE::2022-08-02.13:06:13::SCWPlatform::Trying to open the hw design at D:/WorkRaduV/Projects/Zybo-Z7/sw/ws/system_wrapper/hw/system_wrapper.xsa
TRACE::2022-08-02.13:06:13::SCWPlatform::DSA given D:/WorkRaduV/Projects/Zybo-Z7/sw/ws/system_wrapper/hw/system_wrapper.xsa
TRACE::2022-08-02.13:06:13::SCWPlatform::DSA absoulate path D:/WorkRaduV/Projects/Zybo-Z7/sw/ws/system_wrapper/hw/system_wrapper.xsa
TRACE::2022-08-02.13:06:13::SCWPlatform::DSA directory D:/WorkRaduV/Projects/Zybo-Z7/sw/ws/system_wrapper/hw
TRACE::2022-08-02.13:06:13::SCWPlatform:: Platform Path D:/WorkRaduV/Projects/Zybo-Z7/sw/ws/system_wrapper/hw/system_wrapper.xsa
TRACE::2022-08-02.13:06:13::SCWPlatform:: Unique name xilinx:zybo-z7-20::0.0
TRACE::2022-08-02.13:06:13::SCWPlatform::Trying to set the existing hwdb with name system_wrapper
TRACE::2022-08-02.13:06:13::SCWPlatform::Opened existing hwdb system_wrapper
TRACE::2022-08-02.13:06:13::SCWPlatform::Found the Hw Db part of the input DSA
TRACE::2022-08-02.13:06:13::SCWMssOS::Checking the sw design at  D:/WorkRaduV/Projects/Zybo-Z7/sw/ws/system_wrapper/zynq_fsbl/zynq_fsbl_bsp/system.mss
TRACE::2022-08-02.13:06:13::SCWMssOS::DEBUG:  swdes dump  D:/WorkRaduV/Projects/Zybo-Z7/sw/ws/system_wrapper/ps7_cortexa9_0/domain_ps7_cortexa9_0/bsp/system.mss|system||
D:/WorkRaduV/Projects/Zybo-Z7/sw/ws/system_wrapper/zynq_fsbl/zynq_fsbl_bsp/system.mss|system_0||

TRACE::2022-08-02.13:06:13::SCWMssOS::Sw design exists and opened at  D:/WorkRaduV/Projects/Zybo-Z7/sw/ws/system_wrapper/zynq_fsbl/zynq_fsbl_bsp/system.mss
TRACE::2022-08-02.13:06:13::SCWPlatform::Trying to open the hw design at D:/WorkRaduV/Projects/Zybo-Z7/sw/ws/system_wrapper/hw/system_wrapper.xsa
TRACE::2022-08-02.13:06:13::SCWPlatform::DSA given D:/WorkRaduV/Projects/Zybo-Z7/sw/ws/system_wrapper/hw/system_wrapper.xsa
TRACE::2022-08-02.13:06:13::SCWPlatform::DSA absoulate path D:/WorkRaduV/Projects/Zybo-Z7/sw/ws/system_wrapper/hw/system_wrapper.xsa
TRACE::2022-08-02.13:06:13::SCWPlatform::DSA directory D:/WorkRaduV/Projects/Zybo-Z7/sw/ws/system_wrapper/hw
TRACE::2022-08-02.13:06:13::SCWPlatform:: Platform Path D:/WorkRaduV/Projects/Zybo-Z7/sw/ws/system_wrapper/hw/system_wrapper.xsa
TRACE::2022-08-02.13:06:13::SCWPlatform:: Unique name xilinx:zybo-z7-20::0.0
TRACE::2022-08-02.13:06:13::SCWPlatform::Trying to set the existing hwdb with name system_wrapper
TRACE::2022-08-02.13:06:13::SCWPlatform::Opened existing hwdb system_wrapper
TRACE::2022-08-02.13:06:13::SCWPlatform::Found the Hw Db part of the input DSA
TRACE::2022-08-02.13:06:13::SCWMssOS::Checking the sw design at  D:/WorkRaduV/Projects/Zybo-Z7/sw/ws/system_wrapper/zynq_fsbl/zynq_fsbl_bsp/system.mss
TRACE::2022-08-02.13:06:13::SCWMssOS::DEBUG:  swdes dump  D:/WorkRaduV/Projects/Zybo-Z7/sw/ws/system_wrapper/ps7_cortexa9_0/domain_ps7_cortexa9_0/bsp/system.mss|system||
D:/WorkRaduV/Projects/Zybo-Z7/sw/ws/system_wrapper/zynq_fsbl/zynq_fsbl_bsp/system.mss|system_0||

TRACE::2022-08-02.13:06:13::SCWMssOS::Sw design exists and opened at  D:/WorkRaduV/Projects/Zybo-Z7/sw/ws/system_wrapper/zynq_fsbl/zynq_fsbl_bsp/system.mss
TRACE::2022-08-02.13:06:13::SCWWriter::formatted JSON is {
	"platformName":	"system_wrapper",
	"sprVersion":	"2.0",
	"mode":	"gui",
	"dsaType":	"Fixed",
	"platformDesc":	"system_wrapper",
	"platHandOff":	"D:/WorkRaduV/Projects/Zybo-Z7/sw/src/system_wrapper/system_wrapper.xsa",
	"platIntHandOff":	"<platformDir>/hw/system_wrapper.xsa",
	"deviceType":	"zynq",
	"platIsPrebuiltAutogen":	"false",
	"platIsNoBootBsp":	"false",
	"platFsblTarget":	"ps7_cortexa9_0",
	"hasFsblMakeHasChanges":	"false",
	"hasPmufwMakeHasChanges":	"false",
	"fsblExtraCompilerFlags":	"-MMD -MP       -mcpu=cortex-a9 -mfpu=vfpv3 -mfloat-abi=hard ",
	"platPreBuiltFlag":	false,
	"platformSamplesDir":	"",
	"platActiveSys":	"system_wrapper",
	"systems":	[{
			"systemName":	"system_wrapper",
			"systemDesc":	"system_wrapper",
			"sysIsBootAutoGen":	"true",
			"systemDispName":	"system_wrapper",
			"sysActiveDom":	"zynq_fsbl",
			"sysDefaultDom":	"domain_ps7_cortexa9_0",
			"domains":	[{
					"domainName":	"domain_ps7_cortexa9_0",
					"domainDispName":	"domain_ps7_cortexa9_0",
					"domainDesc":	"domain_ps7_cortexa9_0",
					"processors":	"ps7_cortexa9_0",
					"os":	"standalone",
					"sdxOs":	"standalone",
					"qemuArgs":	"C:/Xilinx/Vitis/2021.1/data/emulation/platforms/zynq/sw/a9_standalone/qemu/qemu_args.txt",
					"qemuData":	"C:/Xilinx/Vitis/2021.1/data/emulation/platforms/zynq/sw/a9_standalone/qemu/",
					"debugEnable":	"False",
					"domRuntimes":	["cpp"],
					"swRepo":	"",
					"mssOsVer":	"7.5",
					"mssFile":	"",
					"md5Digest":	"3cd3682dcff4da76b12d1a96e03568ab",
					"compatibleApp":	"",
					"domType":	"mssDomain",
					"appSettings":	{
						"appCompilerFlags":	"",
						"appLinkerFlags":	""
					},
					"addedLibs":	[],
					"libOptions":	{
						"libsContainingOptions":	[]
					},
					"prebuiltLibs":	{
						"prebuiltIncPath":	[],
						"prebuiltLibPath":	[]
					},
					"isolation":	{
					}
				}, {
					"domainName":	"zynq_fsbl",
					"domainDispName":	"zynq_fsbl",
					"domainDesc":	"FSBL Application BSP - Auto Generated.",
					"processors":	"ps7_cortexa9_0",
					"os":	"standalone",
					"sdxOs":	"standalone",
					"debugEnable":	"",
					"domRuntimes":	["cpp"],
					"swRepo":	"",
					"mssOsVer":	"7.5",
					"mssFile":	"",
					"md5Digest":	"b344f1ad4e8e2d0b246ec4f6bfdfba65",
					"compatibleApp":	"zynq_fsbl",
					"domType":	"bootDomain",
					"arch":	"32-bit",
					"appSettings":	{
						"appCompilerFlags":	"",
						"appLinkerFlags":	""
					},
					"addedLibs":	["xilffs:4.5", "xilrsa:1.6"],
					"libOptions":	{
						"libsContainingOptions":	[]
					},
					"prebuiltLibs":	{
						"prebuiltIncPath":	[],
						"prebuiltLibPath":	[]
					},
					"isolation":	{
					}
				}]
		}]
}
TRACE::2022-08-02.13:06:13::SCWMssOS::Saving the mss changes D:/WorkRaduV/Projects/Zybo-Z7/sw/ws/system_wrapper/ps7_cortexa9_0/domain_ps7_cortexa9_0/bsp/system.mss
TRACE::2022-08-02.13:06:13::SCWMssOS::Found a swdesign opened with the mssfile.
TRACE::2022-08-02.13:06:13::SCWMssOS::Completed writemss as part of save.
TRACE::2022-08-02.13:06:13::SCWMssOS::Commit changes completed.
TRACE::2022-08-02.13:06:13::SCWMssOS::Saving the mss changes D:/WorkRaduV/Projects/Zybo-Z7/sw/ws/system_wrapper/zynq_fsbl/zynq_fsbl_bsp/system.mss
TRACE::2022-08-02.13:06:13::SCWMssOS::Found a swdesign opened with the mssfile.
TRACE::2022-08-02.13:06:13::SCWMssOS::Completed writemss as part of save.
TRACE::2022-08-02.13:06:13::SCWMssOS::Commit changes completed.
TRACE::2022-08-02.13:06:13::SCWPlatform::Trying to open the hw design at D:/WorkRaduV/Projects/Zybo-Z7/sw/ws/system_wrapper/hw/system_wrapper.xsa
TRACE::2022-08-02.13:06:13::SCWPlatform::DSA given D:/WorkRaduV/Projects/Zybo-Z7/sw/ws/system_wrapper/hw/system_wrapper.xsa
TRACE::2022-08-02.13:06:13::SCWPlatform::DSA absoulate path D:/WorkRaduV/Projects/Zybo-Z7/sw/ws/system_wrapper/hw/system_wrapper.xsa
TRACE::2022-08-02.13:06:13::SCWPlatform::DSA directory D:/WorkRaduV/Projects/Zybo-Z7/sw/ws/system_wrapper/hw
TRACE::2022-08-02.13:06:13::SCWPlatform:: Platform Path D:/WorkRaduV/Projects/Zybo-Z7/sw/ws/system_wrapper/hw/system_wrapper.xsa
TRACE::2022-08-02.13:06:13::SCWPlatform:: Unique name xilinx:zybo-z7-20::0.0
TRACE::2022-08-02.13:06:13::SCWPlatform::Trying to set the existing hwdb with name system_wrapper
TRACE::2022-08-02.13:06:13::SCWPlatform::Opened existing hwdb system_wrapper
TRACE::2022-08-02.13:06:13::SCWPlatform::Found the Hw Db part of the input DSA
TRACE::2022-08-02.13:06:13::SCWMssOS::Checking the sw design at  D:/WorkRaduV/Projects/Zybo-Z7/sw/ws/system_wrapper/ps7_cortexa9_0/domain_ps7_cortexa9_0/bsp/system.mss
TRACE::2022-08-02.13:06:13::SCWMssOS::DEBUG:  swdes dump  D:/WorkRaduV/Projects/Zybo-Z7/sw/ws/system_wrapper/ps7_cortexa9_0/domain_ps7_cortexa9_0/bsp/system.mss|system||
D:/WorkRaduV/Projects/Zybo-Z7/sw/ws/system_wrapper/zynq_fsbl/zynq_fsbl_bsp/system.mss|system_0||

TRACE::2022-08-02.13:06:13::SCWMssOS::Sw design exists and opened at  D:/WorkRaduV/Projects/Zybo-Z7/sw/ws/system_wrapper/ps7_cortexa9_0/domain_ps7_cortexa9_0/bsp/system.mss
TRACE::2022-08-02.13:06:13::SCWPlatform::Trying to open the hw design at D:/WorkRaduV/Projects/Zybo-Z7/sw/ws/system_wrapper/hw/system_wrapper.xsa
TRACE::2022-08-02.13:06:13::SCWPlatform::DSA given D:/WorkRaduV/Projects/Zybo-Z7/sw/ws/system_wrapper/hw/system_wrapper.xsa
TRACE::2022-08-02.13:06:13::SCWPlatform::DSA absoulate path D:/WorkRaduV/Projects/Zybo-Z7/sw/ws/system_wrapper/hw/system_wrapper.xsa
TRACE::2022-08-02.13:06:13::SCWPlatform::DSA directory D:/WorkRaduV/Projects/Zybo-Z7/sw/ws/system_wrapper/hw
TRACE::2022-08-02.13:06:13::SCWPlatform:: Platform Path D:/WorkRaduV/Projects/Zybo-Z7/sw/ws/system_wrapper/hw/system_wrapper.xsa
TRACE::2022-08-02.13:06:13::SCWPlatform:: Unique name xilinx:zybo-z7-20::0.0
TRACE::2022-08-02.13:06:13::SCWPlatform::Trying to set the existing hwdb with name system_wrapper
TRACE::2022-08-02.13:06:13::SCWPlatform::Opened existing hwdb system_wrapper
TRACE::2022-08-02.13:06:13::SCWPlatform::Found the Hw Db part of the input DSA
TRACE::2022-08-02.13:06:13::SCWMssOS::Checking the sw design at  D:/WorkRaduV/Projects/Zybo-Z7/sw/ws/system_wrapper/ps7_cortexa9_0/domain_ps7_cortexa9_0/bsp/system.mss
TRACE::2022-08-02.13:06:13::SCWMssOS::DEBUG:  swdes dump  D:/WorkRaduV/Projects/Zybo-Z7/sw/ws/system_wrapper/ps7_cortexa9_0/domain_ps7_cortexa9_0/bsp/system.mss|system||
D:/WorkRaduV/Projects/Zybo-Z7/sw/ws/system_wrapper/zynq_fsbl/zynq_fsbl_bsp/system.mss|system_0||

TRACE::2022-08-02.13:06:13::SCWMssOS::Sw design exists and opened at  D:/WorkRaduV/Projects/Zybo-Z7/sw/ws/system_wrapper/ps7_cortexa9_0/domain_ps7_cortexa9_0/bsp/system.mss
TRACE::2022-08-02.13:06:13::SCWPlatform::Trying to open the hw design at D:/WorkRaduV/Projects/Zybo-Z7/sw/ws/system_wrapper/hw/system_wrapper.xsa
TRACE::2022-08-02.13:06:13::SCWPlatform::DSA given D:/WorkRaduV/Projects/Zybo-Z7/sw/ws/system_wrapper/hw/system_wrapper.xsa
TRACE::2022-08-02.13:06:13::SCWPlatform::DSA absoulate path D:/WorkRaduV/Projects/Zybo-Z7/sw/ws/system_wrapper/hw/system_wrapper.xsa
TRACE::2022-08-02.13:06:13::SCWPlatform::DSA directory D:/WorkRaduV/Projects/Zybo-Z7/sw/ws/system_wrapper/hw
TRACE::2022-08-02.13:06:13::SCWPlatform:: Platform Path D:/WorkRaduV/Projects/Zybo-Z7/sw/ws/system_wrapper/hw/system_wrapper.xsa
TRACE::2022-08-02.13:06:13::SCWPlatform:: Unique name xilinx:zybo-z7-20::0.0
TRACE::2022-08-02.13:06:13::SCWPlatform::Trying to set the existing hwdb with name system_wrapper
TRACE::2022-08-02.13:06:13::SCWPlatform::Opened existing hwdb system_wrapper
TRACE::2022-08-02.13:06:13::SCWPlatform::Found the Hw Db part of the input DSA
TRACE::2022-08-02.13:06:13::SCWMssOS::Checking the sw design at  D:/WorkRaduV/Projects/Zybo-Z7/sw/ws/system_wrapper/ps7_cortexa9_0/domain_ps7_cortexa9_0/bsp/system.mss
TRACE::2022-08-02.13:06:13::SCWMssOS::DEBUG:  swdes dump  D:/WorkRaduV/Projects/Zybo-Z7/sw/ws/system_wrapper/ps7_cortexa9_0/domain_ps7_cortexa9_0/bsp/system.mss|system||
D:/WorkRaduV/Projects/Zybo-Z7/sw/ws/system_wrapper/zynq_fsbl/zynq_fsbl_bsp/system.mss|system_0||

TRACE::2022-08-02.13:06:13::SCWMssOS::Sw design exists and opened at  D:/WorkRaduV/Projects/Zybo-Z7/sw/ws/system_wrapper/ps7_cortexa9_0/domain_ps7_cortexa9_0/bsp/system.mss
TRACE::2022-08-02.13:06:13::SCWPlatform::Trying to open the hw design at D:/WorkRaduV/Projects/Zybo-Z7/sw/ws/system_wrapper/hw/system_wrapper.xsa
TRACE::2022-08-02.13:06:13::SCWPlatform::DSA given D:/WorkRaduV/Projects/Zybo-Z7/sw/ws/system_wrapper/hw/system_wrapper.xsa
TRACE::2022-08-02.13:06:13::SCWPlatform::DSA absoulate path D:/WorkRaduV/Projects/Zybo-Z7/sw/ws/system_wrapper/hw/system_wrapper.xsa
TRACE::2022-08-02.13:06:13::SCWPlatform::DSA directory D:/WorkRaduV/Projects/Zybo-Z7/sw/ws/system_wrapper/hw
TRACE::2022-08-02.13:06:13::SCWPlatform:: Platform Path D:/WorkRaduV/Projects/Zybo-Z7/sw/ws/system_wrapper/hw/system_wrapper.xsa
TRACE::2022-08-02.13:06:13::SCWPlatform:: Unique name xilinx:zybo-z7-20::0.0
TRACE::2022-08-02.13:06:13::SCWPlatform::Trying to set the existing hwdb with name system_wrapper
TRACE::2022-08-02.13:06:13::SCWPlatform::Opened existing hwdb system_wrapper
TRACE::2022-08-02.13:06:13::SCWPlatform::Found the Hw Db part of the input DSA
TRACE::2022-08-02.13:06:13::SCWMssOS::Checking the sw design at  D:/WorkRaduV/Projects/Zybo-Z7/sw/ws/system_wrapper/zynq_fsbl/zynq_fsbl_bsp/system.mss
TRACE::2022-08-02.13:06:13::SCWMssOS::DEBUG:  swdes dump  D:/WorkRaduV/Projects/Zybo-Z7/sw/ws/system_wrapper/ps7_cortexa9_0/domain_ps7_cortexa9_0/bsp/system.mss|system||
D:/WorkRaduV/Projects/Zybo-Z7/sw/ws/system_wrapper/zynq_fsbl/zynq_fsbl_bsp/system.mss|system_0||

TRACE::2022-08-02.13:06:13::SCWMssOS::Sw design exists and opened at  D:/WorkRaduV/Projects/Zybo-Z7/sw/ws/system_wrapper/zynq_fsbl/zynq_fsbl_bsp/system.mss
TRACE::2022-08-02.13:06:13::SCWPlatform::Trying to open the hw design at D:/WorkRaduV/Projects/Zybo-Z7/sw/ws/system_wrapper/hw/system_wrapper.xsa
TRACE::2022-08-02.13:06:13::SCWPlatform::DSA given D:/WorkRaduV/Projects/Zybo-Z7/sw/ws/system_wrapper/hw/system_wrapper.xsa
TRACE::2022-08-02.13:06:13::SCWPlatform::DSA absoulate path D:/WorkRaduV/Projects/Zybo-Z7/sw/ws/system_wrapper/hw/system_wrapper.xsa
TRACE::2022-08-02.13:06:13::SCWPlatform::DSA directory D:/WorkRaduV/Projects/Zybo-Z7/sw/ws/system_wrapper/hw
TRACE::2022-08-02.13:06:13::SCWPlatform:: Platform Path D:/WorkRaduV/Projects/Zybo-Z7/sw/ws/system_wrapper/hw/system_wrapper.xsa
TRACE::2022-08-02.13:06:13::SCWPlatform:: Unique name xilinx:zybo-z7-20::0.0
TRACE::2022-08-02.13:06:13::SCWPlatform::Trying to set the existing hwdb with name system_wrapper
TRACE::2022-08-02.13:06:13::SCWPlatform::Opened existing hwdb system_wrapper
TRACE::2022-08-02.13:06:13::SCWPlatform::Found the Hw Db part of the input DSA
TRACE::2022-08-02.13:06:13::SCWMssOS::Checking the sw design at  D:/WorkRaduV/Projects/Zybo-Z7/sw/ws/system_wrapper/zynq_fsbl/zynq_fsbl_bsp/system.mss
TRACE::2022-08-02.13:06:13::SCWMssOS::DEBUG:  swdes dump  D:/WorkRaduV/Projects/Zybo-Z7/sw/ws/system_wrapper/ps7_cortexa9_0/domain_ps7_cortexa9_0/bsp/system.mss|system||
D:/WorkRaduV/Projects/Zybo-Z7/sw/ws/system_wrapper/zynq_fsbl/zynq_fsbl_bsp/system.mss|system_0||

TRACE::2022-08-02.13:06:13::SCWMssOS::Sw design exists and opened at  D:/WorkRaduV/Projects/Zybo-Z7/sw/ws/system_wrapper/zynq_fsbl/zynq_fsbl_bsp/system.mss
TRACE::2022-08-02.13:06:13::SCWPlatform::Trying to open the hw design at D:/WorkRaduV/Projects/Zybo-Z7/sw/ws/system_wrapper/hw/system_wrapper.xsa
TRACE::2022-08-02.13:06:13::SCWPlatform::DSA given D:/WorkRaduV/Projects/Zybo-Z7/sw/ws/system_wrapper/hw/system_wrapper.xsa
TRACE::2022-08-02.13:06:13::SCWPlatform::DSA absoulate path D:/WorkRaduV/Projects/Zybo-Z7/sw/ws/system_wrapper/hw/system_wrapper.xsa
TRACE::2022-08-02.13:06:13::SCWPlatform::DSA directory D:/WorkRaduV/Projects/Zybo-Z7/sw/ws/system_wrapper/hw
TRACE::2022-08-02.13:06:13::SCWPlatform:: Platform Path D:/WorkRaduV/Projects/Zybo-Z7/sw/ws/system_wrapper/hw/system_wrapper.xsa
TRACE::2022-08-02.13:06:13::SCWPlatform:: Unique name xilinx:zybo-z7-20::0.0
TRACE::2022-08-02.13:06:13::SCWPlatform::Trying to set the existing hwdb with name system_wrapper
TRACE::2022-08-02.13:06:13::SCWPlatform::Opened existing hwdb system_wrapper
TRACE::2022-08-02.13:06:13::SCWPlatform::Found the Hw Db part of the input DSA
TRACE::2022-08-02.13:06:13::SCWMssOS::Checking the sw design at  D:/WorkRaduV/Projects/Zybo-Z7/sw/ws/system_wrapper/zynq_fsbl/zynq_fsbl_bsp/system.mss
TRACE::2022-08-02.13:06:13::SCWMssOS::DEBUG:  swdes dump  D:/WorkRaduV/Projects/Zybo-Z7/sw/ws/system_wrapper/ps7_cortexa9_0/domain_ps7_cortexa9_0/bsp/system.mss|system||
D:/WorkRaduV/Projects/Zybo-Z7/sw/ws/system_wrapper/zynq_fsbl/zynq_fsbl_bsp/system.mss|system_0||

TRACE::2022-08-02.13:06:13::SCWMssOS::Sw design exists and opened at  D:/WorkRaduV/Projects/Zybo-Z7/sw/ws/system_wrapper/zynq_fsbl/zynq_fsbl_bsp/system.mss
TRACE::2022-08-02.13:06:13::SCWWriter::formatted JSON is {
	"platformName":	"system_wrapper",
	"sprVersion":	"2.0",
	"mode":	"gui",
	"dsaType":	"Fixed",
	"platformDesc":	"system_wrapper",
	"platHandOff":	"D:/WorkRaduV/Projects/Zybo-Z7/sw/src/system_wrapper/system_wrapper.xsa",
	"platIntHandOff":	"<platformDir>/hw/system_wrapper.xsa",
	"deviceType":	"zynq",
	"platIsPrebuiltAutogen":	"false",
	"platIsNoBootBsp":	"false",
	"platFsblTarget":	"ps7_cortexa9_0",
	"hasFsblMakeHasChanges":	"false",
	"hasPmufwMakeHasChanges":	"false",
	"fsblExtraCompilerFlags":	"-MMD -MP       -mcpu=cortex-a9 -mfpu=vfpv3 -mfloat-abi=hard ",
	"platPreBuiltFlag":	false,
	"platformSamplesDir":	"",
	"platActiveSys":	"system_wrapper",
	"systems":	[{
			"systemName":	"system_wrapper",
			"systemDesc":	"system_wrapper",
			"sysIsBootAutoGen":	"true",
			"systemDispName":	"system_wrapper",
			"sysActiveDom":	"zynq_fsbl",
			"sysDefaultDom":	"domain_ps7_cortexa9_0",
			"domains":	[{
					"domainName":	"domain_ps7_cortexa9_0",
					"domainDispName":	"domain_ps7_cortexa9_0",
					"domainDesc":	"domain_ps7_cortexa9_0",
					"processors":	"ps7_cortexa9_0",
					"os":	"standalone",
					"sdxOs":	"standalone",
					"qemuArgs":	"C:/Xilinx/Vitis/2021.1/data/emulation/platforms/zynq/sw/a9_standalone/qemu/qemu_args.txt",
					"qemuData":	"C:/Xilinx/Vitis/2021.1/data/emulation/platforms/zynq/sw/a9_standalone/qemu/",
					"debugEnable":	"False",
					"domRuntimes":	["cpp"],
					"swRepo":	"",
					"mssOsVer":	"7.5",
					"mssFile":	"",
					"md5Digest":	"3cd3682dcff4da76b12d1a96e03568ab",
					"compatibleApp":	"",
					"domType":	"mssDomain",
					"appSettings":	{
						"appCompilerFlags":	"",
						"appLinkerFlags":	""
					},
					"addedLibs":	[],
					"libOptions":	{
						"libsContainingOptions":	[]
					},
					"prebuiltLibs":	{
						"prebuiltIncPath":	[],
						"prebuiltLibPath":	[]
					},
					"isolation":	{
					}
				}, {
					"domainName":	"zynq_fsbl",
					"domainDispName":	"zynq_fsbl",
					"domainDesc":	"FSBL Application BSP - Auto Generated.",
					"processors":	"ps7_cortexa9_0",
					"os":	"standalone",
					"sdxOs":	"standalone",
					"debugEnable":	"",
					"domRuntimes":	["cpp"],
					"swRepo":	"",
					"mssOsVer":	"7.5",
					"mssFile":	"",
					"md5Digest":	"b344f1ad4e8e2d0b246ec4f6bfdfba65",
					"compatibleApp":	"zynq_fsbl",
					"domType":	"bootDomain",
					"arch":	"32-bit",
					"appSettings":	{
						"appCompilerFlags":	"",
						"appLinkerFlags":	""
					},
					"addedLibs":	["xilffs:4.5", "xilrsa:1.6"],
					"libOptions":	{
						"libsContainingOptions":	[]
					},
					"prebuiltLibs":	{
						"prebuiltIncPath":	[],
						"prebuiltLibPath":	[]
					},
					"isolation":	{
					}
				}]
		}]
}
TRACE::2022-08-02.13:06:13::SCWPlatform::Trying to open the hw design at D:/WorkRaduV/Projects/Zybo-Z7/sw/ws/system_wrapper/hw/system_wrapper.xsa
TRACE::2022-08-02.13:06:13::SCWPlatform::DSA given D:/WorkRaduV/Projects/Zybo-Z7/sw/ws/system_wrapper/hw/system_wrapper.xsa
TRACE::2022-08-02.13:06:13::SCWPlatform::DSA absoulate path D:/WorkRaduV/Projects/Zybo-Z7/sw/ws/system_wrapper/hw/system_wrapper.xsa
TRACE::2022-08-02.13:06:13::SCWPlatform::DSA directory D:/WorkRaduV/Projects/Zybo-Z7/sw/ws/system_wrapper/hw
TRACE::2022-08-02.13:06:13::SCWPlatform:: Platform Path D:/WorkRaduV/Projects/Zybo-Z7/sw/ws/system_wrapper/hw/system_wrapper.xsa
TRACE::2022-08-02.13:06:13::SCWPlatform:: Unique name xilinx:zybo-z7-20::0.0
TRACE::2022-08-02.13:06:13::SCWPlatform::Trying to set the existing hwdb with name system_wrapper
TRACE::2022-08-02.13:06:13::SCWPlatform::Opened existing hwdb system_wrapper
TRACE::2022-08-02.13:06:13::SCWPlatform::Found the Hw Db part of the input DSA
TRACE::2022-08-02.13:06:13::SCWMssOS::Checking the sw design at  D:/WorkRaduV/Projects/Zybo-Z7/sw/ws/system_wrapper/zynq_fsbl/zynq_fsbl_bsp/system.mss
TRACE::2022-08-02.13:06:13::SCWMssOS::DEBUG:  swdes dump  D:/WorkRaduV/Projects/Zybo-Z7/sw/ws/system_wrapper/ps7_cortexa9_0/domain_ps7_cortexa9_0/bsp/system.mss|system||
D:/WorkRaduV/Projects/Zybo-Z7/sw/ws/system_wrapper/zynq_fsbl/zynq_fsbl_bsp/system.mss|system_0||

TRACE::2022-08-02.13:06:13::SCWMssOS::Sw design exists and opened at  D:/WorkRaduV/Projects/Zybo-Z7/sw/ws/system_wrapper/zynq_fsbl/zynq_fsbl_bsp/system.mss
TRACE::2022-08-02.13:06:13::SCWPlatform::Trying to open the hw design at D:/WorkRaduV/Projects/Zybo-Z7/sw/ws/system_wrapper/hw/system_wrapper.xsa
TRACE::2022-08-02.13:06:13::SCWPlatform::DSA given D:/WorkRaduV/Projects/Zybo-Z7/sw/ws/system_wrapper/hw/system_wrapper.xsa
TRACE::2022-08-02.13:06:13::SCWPlatform::DSA absoulate path D:/WorkRaduV/Projects/Zybo-Z7/sw/ws/system_wrapper/hw/system_wrapper.xsa
TRACE::2022-08-02.13:06:13::SCWPlatform::DSA directory D:/WorkRaduV/Projects/Zybo-Z7/sw/ws/system_wrapper/hw
TRACE::2022-08-02.13:06:13::SCWPlatform:: Platform Path D:/WorkRaduV/Projects/Zybo-Z7/sw/ws/system_wrapper/hw/system_wrapper.xsa
TRACE::2022-08-02.13:06:13::SCWPlatform:: Unique name xilinx:zybo-z7-20::0.0
TRACE::2022-08-02.13:06:13::SCWPlatform::Trying to set the existing hwdb with name system_wrapper
TRACE::2022-08-02.13:06:13::SCWPlatform::Opened existing hwdb system_wrapper
TRACE::2022-08-02.13:06:13::SCWPlatform::Found the Hw Db part of the input DSA
TRACE::2022-08-02.13:06:13::SCWMssOS::Checking the sw design at  D:/WorkRaduV/Projects/Zybo-Z7/sw/ws/system_wrapper/zynq_fsbl/zynq_fsbl_bsp/system.mss
TRACE::2022-08-02.13:06:13::SCWMssOS::DEBUG:  swdes dump  D:/WorkRaduV/Projects/Zybo-Z7/sw/ws/system_wrapper/ps7_cortexa9_0/domain_ps7_cortexa9_0/bsp/system.mss|system||
D:/WorkRaduV/Projects/Zybo-Z7/sw/ws/system_wrapper/zynq_fsbl/zynq_fsbl_bsp/system.mss|system_0||

TRACE::2022-08-02.13:06:13::SCWMssOS::Sw design exists and opened at  D:/WorkRaduV/Projects/Zybo-Z7/sw/ws/system_wrapper/zynq_fsbl/zynq_fsbl_bsp/system.mss
TRACE::2022-08-02.13:06:13::SCWPlatform::Trying to open the hw design at D:/WorkRaduV/Projects/Zybo-Z7/sw/ws/system_wrapper/hw/system_wrapper.xsa
TRACE::2022-08-02.13:06:13::SCWPlatform::DSA given D:/WorkRaduV/Projects/Zybo-Z7/sw/ws/system_wrapper/hw/system_wrapper.xsa
TRACE::2022-08-02.13:06:13::SCWPlatform::DSA absoulate path D:/WorkRaduV/Projects/Zybo-Z7/sw/ws/system_wrapper/hw/system_wrapper.xsa
TRACE::2022-08-02.13:06:13::SCWPlatform::DSA directory D:/WorkRaduV/Projects/Zybo-Z7/sw/ws/system_wrapper/hw
TRACE::2022-08-02.13:06:13::SCWPlatform:: Platform Path D:/WorkRaduV/Projects/Zybo-Z7/sw/ws/system_wrapper/hw/system_wrapper.xsa
TRACE::2022-08-02.13:06:13::SCWPlatform:: Unique name xilinx:zybo-z7-20::0.0
TRACE::2022-08-02.13:06:13::SCWPlatform::Trying to set the existing hwdb with name system_wrapper
TRACE::2022-08-02.13:06:13::SCWPlatform::Opened existing hwdb system_wrapper
TRACE::2022-08-02.13:06:13::SCWPlatform::Found the Hw Db part of the input DSA
TRACE::2022-08-02.13:06:13::SCWMssOS::Checking the sw design at  D:/WorkRaduV/Projects/Zybo-Z7/sw/ws/system_wrapper/zynq_fsbl/zynq_fsbl_bsp/system.mss
TRACE::2022-08-02.13:06:13::SCWMssOS::DEBUG:  swdes dump  D:/WorkRaduV/Projects/Zybo-Z7/sw/ws/system_wrapper/ps7_cortexa9_0/domain_ps7_cortexa9_0/bsp/system.mss|system||
D:/WorkRaduV/Projects/Zybo-Z7/sw/ws/system_wrapper/zynq_fsbl/zynq_fsbl_bsp/system.mss|system_0||

TRACE::2022-08-02.13:06:13::SCWMssOS::Sw design exists and opened at  D:/WorkRaduV/Projects/Zybo-Z7/sw/ws/system_wrapper/zynq_fsbl/zynq_fsbl_bsp/system.mss
TRACE::2022-08-02.13:06:13::SCWPlatform::Trying to open the hw design at D:/WorkRaduV/Projects/Zybo-Z7/sw/ws/system_wrapper/hw/system_wrapper.xsa
TRACE::2022-08-02.13:06:13::SCWPlatform::DSA given D:/WorkRaduV/Projects/Zybo-Z7/sw/ws/system_wrapper/hw/system_wrapper.xsa
TRACE::2022-08-02.13:06:13::SCWPlatform::DSA absoulate path D:/WorkRaduV/Projects/Zybo-Z7/sw/ws/system_wrapper/hw/system_wrapper.xsa
TRACE::2022-08-02.13:06:13::SCWPlatform::DSA directory D:/WorkRaduV/Projects/Zybo-Z7/sw/ws/system_wrapper/hw
TRACE::2022-08-02.13:06:13::SCWPlatform:: Platform Path D:/WorkRaduV/Projects/Zybo-Z7/sw/ws/system_wrapper/hw/system_wrapper.xsa
TRACE::2022-08-02.13:06:13::SCWPlatform:: Unique name xilinx:zybo-z7-20::0.0
TRACE::2022-08-02.13:06:13::SCWPlatform::Trying to set the existing hwdb with name system_wrapper
TRACE::2022-08-02.13:06:13::SCWPlatform::Opened existing hwdb system_wrapper
TRACE::2022-08-02.13:06:13::SCWPlatform::Found the Hw Db part of the input DSA
TRACE::2022-08-02.13:06:13::SCWMssOS::Checking the sw design at  D:/WorkRaduV/Projects/Zybo-Z7/sw/ws/system_wrapper/zynq_fsbl/zynq_fsbl_bsp/system.mss
TRACE::2022-08-02.13:06:13::SCWMssOS::DEBUG:  swdes dump  D:/WorkRaduV/Projects/Zybo-Z7/sw/ws/system_wrapper/ps7_cortexa9_0/domain_ps7_cortexa9_0/bsp/system.mss|system||
D:/WorkRaduV/Projects/Zybo-Z7/sw/ws/system_wrapper/zynq_fsbl/zynq_fsbl_bsp/system.mss|system_0||

TRACE::2022-08-02.13:06:13::SCWMssOS::Sw design exists and opened at  D:/WorkRaduV/Projects/Zybo-Z7/sw/ws/system_wrapper/zynq_fsbl/zynq_fsbl_bsp/system.mss
TRACE::2022-08-02.13:06:13::SCWPlatform::Trying to open the hw design at D:/WorkRaduV/Projects/Zybo-Z7/sw/ws/system_wrapper/hw/system_wrapper.xsa
TRACE::2022-08-02.13:06:13::SCWPlatform::DSA given D:/WorkRaduV/Projects/Zybo-Z7/sw/ws/system_wrapper/hw/system_wrapper.xsa
TRACE::2022-08-02.13:06:13::SCWPlatform::DSA absoulate path D:/WorkRaduV/Projects/Zybo-Z7/sw/ws/system_wrapper/hw/system_wrapper.xsa
TRACE::2022-08-02.13:06:13::SCWPlatform::DSA directory D:/WorkRaduV/Projects/Zybo-Z7/sw/ws/system_wrapper/hw
TRACE::2022-08-02.13:06:13::SCWPlatform:: Platform Path D:/WorkRaduV/Projects/Zybo-Z7/sw/ws/system_wrapper/hw/system_wrapper.xsa
TRACE::2022-08-02.13:06:13::SCWPlatform:: Unique name xilinx:zybo-z7-20::0.0
TRACE::2022-08-02.13:06:13::SCWPlatform::Trying to set the existing hwdb with name system_wrapper
TRACE::2022-08-02.13:06:13::SCWPlatform::Opened existing hwdb system_wrapper
TRACE::2022-08-02.13:06:13::SCWPlatform::Found the Hw Db part of the input DSA
TRACE::2022-08-02.13:06:13::SCWMssOS::Checking the sw design at  D:/WorkRaduV/Projects/Zybo-Z7/sw/ws/system_wrapper/zynq_fsbl/zynq_fsbl_bsp/system.mss
TRACE::2022-08-02.13:06:13::SCWMssOS::DEBUG:  swdes dump  D:/WorkRaduV/Projects/Zybo-Z7/sw/ws/system_wrapper/ps7_cortexa9_0/domain_ps7_cortexa9_0/bsp/system.mss|system||
D:/WorkRaduV/Projects/Zybo-Z7/sw/ws/system_wrapper/zynq_fsbl/zynq_fsbl_bsp/system.mss|system_0||

TRACE::2022-08-02.13:06:13::SCWMssOS::Sw design exists and opened at  D:/WorkRaduV/Projects/Zybo-Z7/sw/ws/system_wrapper/zynq_fsbl/zynq_fsbl_bsp/system.mss
TRACE::2022-08-02.13:06:13::SCWPlatform::Trying to open the hw design at D:/WorkRaduV/Projects/Zybo-Z7/sw/ws/system_wrapper/hw/system_wrapper.xsa
TRACE::2022-08-02.13:06:13::SCWPlatform::DSA given D:/WorkRaduV/Projects/Zybo-Z7/sw/ws/system_wrapper/hw/system_wrapper.xsa
TRACE::2022-08-02.13:06:13::SCWPlatform::DSA absoulate path D:/WorkRaduV/Projects/Zybo-Z7/sw/ws/system_wrapper/hw/system_wrapper.xsa
TRACE::2022-08-02.13:06:13::SCWPlatform::DSA directory D:/WorkRaduV/Projects/Zybo-Z7/sw/ws/system_wrapper/hw
TRACE::2022-08-02.13:06:13::SCWPlatform:: Platform Path D:/WorkRaduV/Projects/Zybo-Z7/sw/ws/system_wrapper/hw/system_wrapper.xsa
TRACE::2022-08-02.13:06:13::SCWPlatform:: Unique name xilinx:zybo-z7-20::0.0
TRACE::2022-08-02.13:06:13::SCWPlatform::Trying to set the existing hwdb with name system_wrapper
TRACE::2022-08-02.13:06:13::SCWPlatform::Opened existing hwdb system_wrapper
TRACE::2022-08-02.13:06:13::SCWPlatform::Found the Hw Db part of the input DSA
TRACE::2022-08-02.13:06:13::SCWMssOS::Checking the sw design at  D:/WorkRaduV/Projects/Zybo-Z7/sw/ws/system_wrapper/zynq_fsbl/zynq_fsbl_bsp/system.mss
TRACE::2022-08-02.13:06:13::SCWMssOS::DEBUG:  swdes dump  D:/WorkRaduV/Projects/Zybo-Z7/sw/ws/system_wrapper/ps7_cortexa9_0/domain_ps7_cortexa9_0/bsp/system.mss|system||
D:/WorkRaduV/Projects/Zybo-Z7/sw/ws/system_wrapper/zynq_fsbl/zynq_fsbl_bsp/system.mss|system_0||

TRACE::2022-08-02.13:06:13::SCWMssOS::Sw design exists and opened at  D:/WorkRaduV/Projects/Zybo-Z7/sw/ws/system_wrapper/zynq_fsbl/zynq_fsbl_bsp/system.mss
TRACE::2022-08-02.13:06:13::SCWPlatform::Trying to open the hw design at D:/WorkRaduV/Projects/Zybo-Z7/sw/ws/system_wrapper/hw/system_wrapper.xsa
TRACE::2022-08-02.13:06:13::SCWPlatform::DSA given D:/WorkRaduV/Projects/Zybo-Z7/sw/ws/system_wrapper/hw/system_wrapper.xsa
TRACE::2022-08-02.13:06:13::SCWPlatform::DSA absoulate path D:/WorkRaduV/Projects/Zybo-Z7/sw/ws/system_wrapper/hw/system_wrapper.xsa
TRACE::2022-08-02.13:06:13::SCWPlatform::DSA directory D:/WorkRaduV/Projects/Zybo-Z7/sw/ws/system_wrapper/hw
TRACE::2022-08-02.13:06:13::SCWPlatform:: Platform Path D:/WorkRaduV/Projects/Zybo-Z7/sw/ws/system_wrapper/hw/system_wrapper.xsa
TRACE::2022-08-02.13:06:13::SCWPlatform:: Unique name xilinx:zybo-z7-20::0.0
TRACE::2022-08-02.13:06:13::SCWPlatform::Trying to set the existing hwdb with name system_wrapper
TRACE::2022-08-02.13:06:13::SCWPlatform::Opened existing hwdb system_wrapper
TRACE::2022-08-02.13:06:13::SCWPlatform::Found the Hw Db part of the input DSA
TRACE::2022-08-02.13:06:13::SCWMssOS::Checking the sw design at  D:/WorkRaduV/Projects/Zybo-Z7/sw/ws/system_wrapper/zynq_fsbl/zynq_fsbl_bsp/system.mss
TRACE::2022-08-02.13:06:13::SCWMssOS::DEBUG:  swdes dump  D:/WorkRaduV/Projects/Zybo-Z7/sw/ws/system_wrapper/ps7_cortexa9_0/domain_ps7_cortexa9_0/bsp/system.mss|system||
D:/WorkRaduV/Projects/Zybo-Z7/sw/ws/system_wrapper/zynq_fsbl/zynq_fsbl_bsp/system.mss|system_0||

TRACE::2022-08-02.13:06:13::SCWMssOS::Sw design exists and opened at  D:/WorkRaduV/Projects/Zybo-Z7/sw/ws/system_wrapper/zynq_fsbl/zynq_fsbl_bsp/system.mss
TRACE::2022-08-02.13:06:13::SCWPlatform::Trying to open the hw design at D:/WorkRaduV/Projects/Zybo-Z7/sw/ws/system_wrapper/hw/system_wrapper.xsa
TRACE::2022-08-02.13:06:13::SCWPlatform::DSA given D:/WorkRaduV/Projects/Zybo-Z7/sw/ws/system_wrapper/hw/system_wrapper.xsa
TRACE::2022-08-02.13:06:13::SCWPlatform::DSA absoulate path D:/WorkRaduV/Projects/Zybo-Z7/sw/ws/system_wrapper/hw/system_wrapper.xsa
TRACE::2022-08-02.13:06:13::SCWPlatform::DSA directory D:/WorkRaduV/Projects/Zybo-Z7/sw/ws/system_wrapper/hw
TRACE::2022-08-02.13:06:13::SCWPlatform:: Platform Path D:/WorkRaduV/Projects/Zybo-Z7/sw/ws/system_wrapper/hw/system_wrapper.xsa
TRACE::2022-08-02.13:06:13::SCWPlatform:: Unique name xilinx:zybo-z7-20::0.0
TRACE::2022-08-02.13:06:13::SCWPlatform::Trying to set the existing hwdb with name system_wrapper
TRACE::2022-08-02.13:06:13::SCWPlatform::Opened existing hwdb system_wrapper
TRACE::2022-08-02.13:06:13::SCWPlatform::Found the Hw Db part of the input DSA
TRACE::2022-08-02.13:06:13::SCWMssOS::Checking the sw design at  D:/WorkRaduV/Projects/Zybo-Z7/sw/ws/system_wrapper/zynq_fsbl/zynq_fsbl_bsp/system.mss
TRACE::2022-08-02.13:06:13::SCWMssOS::DEBUG:  swdes dump  D:/WorkRaduV/Projects/Zybo-Z7/sw/ws/system_wrapper/ps7_cortexa9_0/domain_ps7_cortexa9_0/bsp/system.mss|system||
D:/WorkRaduV/Projects/Zybo-Z7/sw/ws/system_wrapper/zynq_fsbl/zynq_fsbl_bsp/system.mss|system_0||

TRACE::2022-08-02.13:06:13::SCWMssOS::Sw design exists and opened at  D:/WorkRaduV/Projects/Zybo-Z7/sw/ws/system_wrapper/zynq_fsbl/zynq_fsbl_bsp/system.mss
TRACE::2022-08-02.13:06:13::SCWPlatform::Trying to open the hw design at D:/WorkRaduV/Projects/Zybo-Z7/sw/ws/system_wrapper/hw/system_wrapper.xsa
TRACE::2022-08-02.13:06:13::SCWPlatform::DSA given D:/WorkRaduV/Projects/Zybo-Z7/sw/ws/system_wrapper/hw/system_wrapper.xsa
TRACE::2022-08-02.13:06:13::SCWPlatform::DSA absoulate path D:/WorkRaduV/Projects/Zybo-Z7/sw/ws/system_wrapper/hw/system_wrapper.xsa
TRACE::2022-08-02.13:06:13::SCWPlatform::DSA directory D:/WorkRaduV/Projects/Zybo-Z7/sw/ws/system_wrapper/hw
TRACE::2022-08-02.13:06:13::SCWPlatform:: Platform Path D:/WorkRaduV/Projects/Zybo-Z7/sw/ws/system_wrapper/hw/system_wrapper.xsa
TRACE::2022-08-02.13:06:13::SCWPlatform:: Unique name xilinx:zybo-z7-20::0.0
TRACE::2022-08-02.13:06:13::SCWPlatform::Trying to set the existing hwdb with name system_wrapper
TRACE::2022-08-02.13:06:13::SCWPlatform::Opened existing hwdb system_wrapper
TRACE::2022-08-02.13:06:13::SCWPlatform::Found the Hw Db part of the input DSA
TRACE::2022-08-02.13:06:13::SCWMssOS::Checking the sw design at  D:/WorkRaduV/Projects/Zybo-Z7/sw/ws/system_wrapper/zynq_fsbl/zynq_fsbl_bsp/system.mss
TRACE::2022-08-02.13:06:13::SCWMssOS::DEBUG:  swdes dump  D:/WorkRaduV/Projects/Zybo-Z7/sw/ws/system_wrapper/ps7_cortexa9_0/domain_ps7_cortexa9_0/bsp/system.mss|system||
D:/WorkRaduV/Projects/Zybo-Z7/sw/ws/system_wrapper/zynq_fsbl/zynq_fsbl_bsp/system.mss|system_0||

TRACE::2022-08-02.13:06:13::SCWMssOS::Sw design exists and opened at  D:/WorkRaduV/Projects/Zybo-Z7/sw/ws/system_wrapper/zynq_fsbl/zynq_fsbl_bsp/system.mss
TRACE::2022-08-02.13:06:13::SCWPlatform::Trying to open the hw design at D:/WorkRaduV/Projects/Zybo-Z7/sw/ws/system_wrapper/hw/system_wrapper.xsa
TRACE::2022-08-02.13:06:13::SCWPlatform::DSA given D:/WorkRaduV/Projects/Zybo-Z7/sw/ws/system_wrapper/hw/system_wrapper.xsa
TRACE::2022-08-02.13:06:13::SCWPlatform::DSA absoulate path D:/WorkRaduV/Projects/Zybo-Z7/sw/ws/system_wrapper/hw/system_wrapper.xsa
TRACE::2022-08-02.13:06:13::SCWPlatform::DSA directory D:/WorkRaduV/Projects/Zybo-Z7/sw/ws/system_wrapper/hw
TRACE::2022-08-02.13:06:13::SCWPlatform:: Platform Path D:/WorkRaduV/Projects/Zybo-Z7/sw/ws/system_wrapper/hw/system_wrapper.xsa
TRACE::2022-08-02.13:06:13::SCWPlatform:: Unique name xilinx:zybo-z7-20::0.0
TRACE::2022-08-02.13:06:13::SCWPlatform::Trying to set the existing hwdb with name system_wrapper
TRACE::2022-08-02.13:06:13::SCWPlatform::Opened existing hwdb system_wrapper
TRACE::2022-08-02.13:06:13::SCWPlatform::Found the Hw Db part of the input DSA
TRACE::2022-08-02.13:06:13::SCWMssOS::Checking the sw design at  D:/WorkRaduV/Projects/Zybo-Z7/sw/ws/system_wrapper/zynq_fsbl/zynq_fsbl_bsp/system.mss
TRACE::2022-08-02.13:06:13::SCWMssOS::DEBUG:  swdes dump  D:/WorkRaduV/Projects/Zybo-Z7/sw/ws/system_wrapper/ps7_cortexa9_0/domain_ps7_cortexa9_0/bsp/system.mss|system||
D:/WorkRaduV/Projects/Zybo-Z7/sw/ws/system_wrapper/zynq_fsbl/zynq_fsbl_bsp/system.mss|system_0||

TRACE::2022-08-02.13:06:13::SCWMssOS::Sw design exists and opened at  D:/WorkRaduV/Projects/Zybo-Z7/sw/ws/system_wrapper/zynq_fsbl/zynq_fsbl_bsp/system.mss
TRACE::2022-08-02.13:06:13::SCWPlatform::Trying to open the hw design at D:/WorkRaduV/Projects/Zybo-Z7/sw/ws/system_wrapper/hw/system_wrapper.xsa
TRACE::2022-08-02.13:06:13::SCWPlatform::DSA given D:/WorkRaduV/Projects/Zybo-Z7/sw/ws/system_wrapper/hw/system_wrapper.xsa
TRACE::2022-08-02.13:06:13::SCWPlatform::DSA absoulate path D:/WorkRaduV/Projects/Zybo-Z7/sw/ws/system_wrapper/hw/system_wrapper.xsa
TRACE::2022-08-02.13:06:13::SCWPlatform::DSA directory D:/WorkRaduV/Projects/Zybo-Z7/sw/ws/system_wrapper/hw
TRACE::2022-08-02.13:06:13::SCWPlatform:: Platform Path D:/WorkRaduV/Projects/Zybo-Z7/sw/ws/system_wrapper/hw/system_wrapper.xsa
TRACE::2022-08-02.13:06:13::SCWPlatform:: Unique name xilinx:zybo-z7-20::0.0
TRACE::2022-08-02.13:06:13::SCWPlatform::Trying to set the existing hwdb with name system_wrapper
TRACE::2022-08-02.13:06:13::SCWPlatform::Opened existing hwdb system_wrapper
TRACE::2022-08-02.13:06:13::SCWPlatform::Found the Hw Db part of the input DSA
TRACE::2022-08-02.13:06:13::SCWMssOS::Checking the sw design at  D:/WorkRaduV/Projects/Zybo-Z7/sw/ws/system_wrapper/zynq_fsbl/zynq_fsbl_bsp/system.mss
TRACE::2022-08-02.13:06:13::SCWMssOS::DEBUG:  swdes dump  D:/WorkRaduV/Projects/Zybo-Z7/sw/ws/system_wrapper/ps7_cortexa9_0/domain_ps7_cortexa9_0/bsp/system.mss|system||
D:/WorkRaduV/Projects/Zybo-Z7/sw/ws/system_wrapper/zynq_fsbl/zynq_fsbl_bsp/system.mss|system_0||

TRACE::2022-08-02.13:06:13::SCWMssOS::Sw design exists and opened at  D:/WorkRaduV/Projects/Zybo-Z7/sw/ws/system_wrapper/zynq_fsbl/zynq_fsbl_bsp/system.mss
TRACE::2022-08-02.13:06:13::SCWPlatform::Trying to open the hw design at D:/WorkRaduV/Projects/Zybo-Z7/sw/ws/system_wrapper/hw/system_wrapper.xsa
TRACE::2022-08-02.13:06:13::SCWPlatform::DSA given D:/WorkRaduV/Projects/Zybo-Z7/sw/ws/system_wrapper/hw/system_wrapper.xsa
TRACE::2022-08-02.13:06:13::SCWPlatform::DSA absoulate path D:/WorkRaduV/Projects/Zybo-Z7/sw/ws/system_wrapper/hw/system_wrapper.xsa
TRACE::2022-08-02.13:06:13::SCWPlatform::DSA directory D:/WorkRaduV/Projects/Zybo-Z7/sw/ws/system_wrapper/hw
TRACE::2022-08-02.13:06:13::SCWPlatform:: Platform Path D:/WorkRaduV/Projects/Zybo-Z7/sw/ws/system_wrapper/hw/system_wrapper.xsa
TRACE::2022-08-02.13:06:13::SCWPlatform:: Unique name xilinx:zybo-z7-20::0.0
TRACE::2022-08-02.13:06:13::SCWPlatform::Trying to set the existing hwdb with name system_wrapper
TRACE::2022-08-02.13:06:13::SCWPlatform::Opened existing hwdb system_wrapper
TRACE::2022-08-02.13:06:13::SCWPlatform::Found the Hw Db part of the input DSA
TRACE::2022-08-02.13:06:13::SCWMssOS::Checking the sw design at  D:/WorkRaduV/Projects/Zybo-Z7/sw/ws/system_wrapper/zynq_fsbl/zynq_fsbl_bsp/system.mss
TRACE::2022-08-02.13:06:13::SCWMssOS::DEBUG:  swdes dump  D:/WorkRaduV/Projects/Zybo-Z7/sw/ws/system_wrapper/ps7_cortexa9_0/domain_ps7_cortexa9_0/bsp/system.mss|system||
D:/WorkRaduV/Projects/Zybo-Z7/sw/ws/system_wrapper/zynq_fsbl/zynq_fsbl_bsp/system.mss|system_0||

TRACE::2022-08-02.13:06:13::SCWMssOS::Sw design exists and opened at  D:/WorkRaduV/Projects/Zybo-Z7/sw/ws/system_wrapper/zynq_fsbl/zynq_fsbl_bsp/system.mss
TRACE::2022-08-02.13:06:13::SCWPlatform::Trying to open the hw design at D:/WorkRaduV/Projects/Zybo-Z7/sw/ws/system_wrapper/hw/system_wrapper.xsa
TRACE::2022-08-02.13:06:13::SCWPlatform::DSA given D:/WorkRaduV/Projects/Zybo-Z7/sw/ws/system_wrapper/hw/system_wrapper.xsa
TRACE::2022-08-02.13:06:13::SCWPlatform::DSA absoulate path D:/WorkRaduV/Projects/Zybo-Z7/sw/ws/system_wrapper/hw/system_wrapper.xsa
TRACE::2022-08-02.13:06:13::SCWPlatform::DSA directory D:/WorkRaduV/Projects/Zybo-Z7/sw/ws/system_wrapper/hw
TRACE::2022-08-02.13:06:13::SCWPlatform:: Platform Path D:/WorkRaduV/Projects/Zybo-Z7/sw/ws/system_wrapper/hw/system_wrapper.xsa
TRACE::2022-08-02.13:06:13::SCWPlatform:: Unique name xilinx:zybo-z7-20::0.0
TRACE::2022-08-02.13:06:13::SCWPlatform::Trying to set the existing hwdb with name system_wrapper
TRACE::2022-08-02.13:06:13::SCWPlatform::Opened existing hwdb system_wrapper
TRACE::2022-08-02.13:06:13::SCWPlatform::Found the Hw Db part of the input DSA
TRACE::2022-08-02.13:06:13::SCWMssOS::Checking the sw design at  D:/WorkRaduV/Projects/Zybo-Z7/sw/ws/system_wrapper/zynq_fsbl/zynq_fsbl_bsp/system.mss
TRACE::2022-08-02.13:06:13::SCWMssOS::DEBUG:  swdes dump  D:/WorkRaduV/Projects/Zybo-Z7/sw/ws/system_wrapper/ps7_cortexa9_0/domain_ps7_cortexa9_0/bsp/system.mss|system||
D:/WorkRaduV/Projects/Zybo-Z7/sw/ws/system_wrapper/zynq_fsbl/zynq_fsbl_bsp/system.mss|system_0||

TRACE::2022-08-02.13:06:13::SCWMssOS::Sw design exists and opened at  D:/WorkRaduV/Projects/Zybo-Z7/sw/ws/system_wrapper/zynq_fsbl/zynq_fsbl_bsp/system.mss
TRACE::2022-08-02.13:06:13::SCWPlatform::Trying to open the hw design at D:/WorkRaduV/Projects/Zybo-Z7/sw/ws/system_wrapper/hw/system_wrapper.xsa
TRACE::2022-08-02.13:06:13::SCWPlatform::DSA given D:/WorkRaduV/Projects/Zybo-Z7/sw/ws/system_wrapper/hw/system_wrapper.xsa
TRACE::2022-08-02.13:06:13::SCWPlatform::DSA absoulate path D:/WorkRaduV/Projects/Zybo-Z7/sw/ws/system_wrapper/hw/system_wrapper.xsa
TRACE::2022-08-02.13:06:13::SCWPlatform::DSA directory D:/WorkRaduV/Projects/Zybo-Z7/sw/ws/system_wrapper/hw
TRACE::2022-08-02.13:06:13::SCWPlatform:: Platform Path D:/WorkRaduV/Projects/Zybo-Z7/sw/ws/system_wrapper/hw/system_wrapper.xsa
TRACE::2022-08-02.13:06:13::SCWPlatform:: Unique name xilinx:zybo-z7-20::0.0
TRACE::2022-08-02.13:06:13::SCWPlatform::Trying to set the existing hwdb with name system_wrapper
TRACE::2022-08-02.13:06:13::SCWPlatform::Opened existing hwdb system_wrapper
TRACE::2022-08-02.13:06:13::SCWPlatform::Found the Hw Db part of the input DSA
TRACE::2022-08-02.13:06:13::SCWMssOS::Checking the sw design at  D:/WorkRaduV/Projects/Zybo-Z7/sw/ws/system_wrapper/zynq_fsbl/zynq_fsbl_bsp/system.mss
TRACE::2022-08-02.13:06:13::SCWMssOS::DEBUG:  swdes dump  D:/WorkRaduV/Projects/Zybo-Z7/sw/ws/system_wrapper/ps7_cortexa9_0/domain_ps7_cortexa9_0/bsp/system.mss|system||
D:/WorkRaduV/Projects/Zybo-Z7/sw/ws/system_wrapper/zynq_fsbl/zynq_fsbl_bsp/system.mss|system_0||

TRACE::2022-08-02.13:06:13::SCWMssOS::Sw design exists and opened at  D:/WorkRaduV/Projects/Zybo-Z7/sw/ws/system_wrapper/zynq_fsbl/zynq_fsbl_bsp/system.mss
TRACE::2022-08-02.13:06:13::SCWPlatform::Trying to open the hw design at D:/WorkRaduV/Projects/Zybo-Z7/sw/ws/system_wrapper/hw/system_wrapper.xsa
TRACE::2022-08-02.13:06:13::SCWPlatform::DSA given D:/WorkRaduV/Projects/Zybo-Z7/sw/ws/system_wrapper/hw/system_wrapper.xsa
TRACE::2022-08-02.13:06:13::SCWPlatform::DSA absoulate path D:/WorkRaduV/Projects/Zybo-Z7/sw/ws/system_wrapper/hw/system_wrapper.xsa
TRACE::2022-08-02.13:06:13::SCWPlatform::DSA directory D:/WorkRaduV/Projects/Zybo-Z7/sw/ws/system_wrapper/hw
TRACE::2022-08-02.13:06:13::SCWPlatform:: Platform Path D:/WorkRaduV/Projects/Zybo-Z7/sw/ws/system_wrapper/hw/system_wrapper.xsa
TRACE::2022-08-02.13:06:13::SCWPlatform:: Unique name xilinx:zybo-z7-20::0.0
TRACE::2022-08-02.13:06:13::SCWPlatform::Trying to set the existing hwdb with name system_wrapper
TRACE::2022-08-02.13:06:13::SCWPlatform::Opened existing hwdb system_wrapper
TRACE::2022-08-02.13:06:13::SCWPlatform::Found the Hw Db part of the input DSA
TRACE::2022-08-02.13:06:13::SCWMssOS::Checking the sw design at  D:/WorkRaduV/Projects/Zybo-Z7/sw/ws/system_wrapper/zynq_fsbl/zynq_fsbl_bsp/system.mss
TRACE::2022-08-02.13:06:13::SCWMssOS::DEBUG:  swdes dump  D:/WorkRaduV/Projects/Zybo-Z7/sw/ws/system_wrapper/ps7_cortexa9_0/domain_ps7_cortexa9_0/bsp/system.mss|system||
D:/WorkRaduV/Projects/Zybo-Z7/sw/ws/system_wrapper/zynq_fsbl/zynq_fsbl_bsp/system.mss|system_0||

TRACE::2022-08-02.13:06:13::SCWMssOS::Sw design exists and opened at  D:/WorkRaduV/Projects/Zybo-Z7/sw/ws/system_wrapper/zynq_fsbl/zynq_fsbl_bsp/system.mss
TRACE::2022-08-02.13:06:13::SCWPlatform::Trying to open the hw design at D:/WorkRaduV/Projects/Zybo-Z7/sw/ws/system_wrapper/hw/system_wrapper.xsa
TRACE::2022-08-02.13:06:13::SCWPlatform::DSA given D:/WorkRaduV/Projects/Zybo-Z7/sw/ws/system_wrapper/hw/system_wrapper.xsa
TRACE::2022-08-02.13:06:13::SCWPlatform::DSA absoulate path D:/WorkRaduV/Projects/Zybo-Z7/sw/ws/system_wrapper/hw/system_wrapper.xsa
TRACE::2022-08-02.13:06:13::SCWPlatform::DSA directory D:/WorkRaduV/Projects/Zybo-Z7/sw/ws/system_wrapper/hw
TRACE::2022-08-02.13:06:13::SCWPlatform:: Platform Path D:/WorkRaduV/Projects/Zybo-Z7/sw/ws/system_wrapper/hw/system_wrapper.xsa
TRACE::2022-08-02.13:06:13::SCWPlatform:: Unique name xilinx:zybo-z7-20::0.0
TRACE::2022-08-02.13:06:13::SCWPlatform::Trying to set the existing hwdb with name system_wrapper
TRACE::2022-08-02.13:06:13::SCWPlatform::Opened existing hwdb system_wrapper
TRACE::2022-08-02.13:06:13::SCWPlatform::Found the Hw Db part of the input DSA
TRACE::2022-08-02.13:06:13::SCWMssOS::Checking the sw design at  D:/WorkRaduV/Projects/Zybo-Z7/sw/ws/system_wrapper/zynq_fsbl/zynq_fsbl_bsp/system.mss
TRACE::2022-08-02.13:06:13::SCWMssOS::DEBUG:  swdes dump  D:/WorkRaduV/Projects/Zybo-Z7/sw/ws/system_wrapper/ps7_cortexa9_0/domain_ps7_cortexa9_0/bsp/system.mss|system||
D:/WorkRaduV/Projects/Zybo-Z7/sw/ws/system_wrapper/zynq_fsbl/zynq_fsbl_bsp/system.mss|system_0||

TRACE::2022-08-02.13:06:13::SCWMssOS::Sw design exists and opened at  D:/WorkRaduV/Projects/Zybo-Z7/sw/ws/system_wrapper/zynq_fsbl/zynq_fsbl_bsp/system.mss
TRACE::2022-08-02.13:06:13::SCWPlatform::Trying to open the hw design at D:/WorkRaduV/Projects/Zybo-Z7/sw/ws/system_wrapper/hw/system_wrapper.xsa
TRACE::2022-08-02.13:06:13::SCWPlatform::DSA given D:/WorkRaduV/Projects/Zybo-Z7/sw/ws/system_wrapper/hw/system_wrapper.xsa
TRACE::2022-08-02.13:06:13::SCWPlatform::DSA absoulate path D:/WorkRaduV/Projects/Zybo-Z7/sw/ws/system_wrapper/hw/system_wrapper.xsa
TRACE::2022-08-02.13:06:13::SCWPlatform::DSA directory D:/WorkRaduV/Projects/Zybo-Z7/sw/ws/system_wrapper/hw
TRACE::2022-08-02.13:06:13::SCWPlatform:: Platform Path D:/WorkRaduV/Projects/Zybo-Z7/sw/ws/system_wrapper/hw/system_wrapper.xsa
TRACE::2022-08-02.13:06:13::SCWPlatform:: Unique name xilinx:zybo-z7-20::0.0
TRACE::2022-08-02.13:06:13::SCWPlatform::Trying to set the existing hwdb with name system_wrapper
TRACE::2022-08-02.13:06:13::SCWPlatform::Opened existing hwdb system_wrapper
TRACE::2022-08-02.13:06:13::SCWPlatform::Found the Hw Db part of the input DSA
TRACE::2022-08-02.13:06:13::SCWMssOS::Checking the sw design at  D:/WorkRaduV/Projects/Zybo-Z7/sw/ws/system_wrapper/zynq_fsbl/zynq_fsbl_bsp/system.mss
TRACE::2022-08-02.13:06:13::SCWMssOS::DEBUG:  swdes dump  D:/WorkRaduV/Projects/Zybo-Z7/sw/ws/system_wrapper/ps7_cortexa9_0/domain_ps7_cortexa9_0/bsp/system.mss|system||
D:/WorkRaduV/Projects/Zybo-Z7/sw/ws/system_wrapper/zynq_fsbl/zynq_fsbl_bsp/system.mss|system_0||

TRACE::2022-08-02.13:06:13::SCWMssOS::Sw design exists and opened at  D:/WorkRaduV/Projects/Zybo-Z7/sw/ws/system_wrapper/zynq_fsbl/zynq_fsbl_bsp/system.mss
TRACE::2022-08-02.13:06:13::SCWPlatform::Trying to open the hw design at D:/WorkRaduV/Projects/Zybo-Z7/sw/ws/system_wrapper/hw/system_wrapper.xsa
TRACE::2022-08-02.13:06:13::SCWPlatform::DSA given D:/WorkRaduV/Projects/Zybo-Z7/sw/ws/system_wrapper/hw/system_wrapper.xsa
TRACE::2022-08-02.13:06:13::SCWPlatform::DSA absoulate path D:/WorkRaduV/Projects/Zybo-Z7/sw/ws/system_wrapper/hw/system_wrapper.xsa
TRACE::2022-08-02.13:06:13::SCWPlatform::DSA directory D:/WorkRaduV/Projects/Zybo-Z7/sw/ws/system_wrapper/hw
TRACE::2022-08-02.13:06:13::SCWPlatform:: Platform Path D:/WorkRaduV/Projects/Zybo-Z7/sw/ws/system_wrapper/hw/system_wrapper.xsa
TRACE::2022-08-02.13:06:13::SCWPlatform:: Unique name xilinx:zybo-z7-20::0.0
TRACE::2022-08-02.13:06:13::SCWPlatform::Trying to set the existing hwdb with name system_wrapper
TRACE::2022-08-02.13:06:13::SCWPlatform::Opened existing hwdb system_wrapper
TRACE::2022-08-02.13:06:13::SCWPlatform::Found the Hw Db part of the input DSA
TRACE::2022-08-02.13:06:13::SCWMssOS::Checking the sw design at  D:/WorkRaduV/Projects/Zybo-Z7/sw/ws/system_wrapper/zynq_fsbl/zynq_fsbl_bsp/system.mss
TRACE::2022-08-02.13:06:13::SCWMssOS::DEBUG:  swdes dump  D:/WorkRaduV/Projects/Zybo-Z7/sw/ws/system_wrapper/ps7_cortexa9_0/domain_ps7_cortexa9_0/bsp/system.mss|system||
D:/WorkRaduV/Projects/Zybo-Z7/sw/ws/system_wrapper/zynq_fsbl/zynq_fsbl_bsp/system.mss|system_0||

TRACE::2022-08-02.13:06:13::SCWMssOS::Sw design exists and opened at  D:/WorkRaduV/Projects/Zybo-Z7/sw/ws/system_wrapper/zynq_fsbl/zynq_fsbl_bsp/system.mss
TRACE::2022-08-02.13:06:13::SCWPlatform::Trying to open the hw design at D:/WorkRaduV/Projects/Zybo-Z7/sw/ws/system_wrapper/hw/system_wrapper.xsa
TRACE::2022-08-02.13:06:13::SCWPlatform::DSA given D:/WorkRaduV/Projects/Zybo-Z7/sw/ws/system_wrapper/hw/system_wrapper.xsa
TRACE::2022-08-02.13:06:13::SCWPlatform::DSA absoulate path D:/WorkRaduV/Projects/Zybo-Z7/sw/ws/system_wrapper/hw/system_wrapper.xsa
TRACE::2022-08-02.13:06:13::SCWPlatform::DSA directory D:/WorkRaduV/Projects/Zybo-Z7/sw/ws/system_wrapper/hw
TRACE::2022-08-02.13:06:13::SCWPlatform:: Platform Path D:/WorkRaduV/Projects/Zybo-Z7/sw/ws/system_wrapper/hw/system_wrapper.xsa
TRACE::2022-08-02.13:06:13::SCWPlatform:: Unique name xilinx:zybo-z7-20::0.0
TRACE::2022-08-02.13:06:13::SCWPlatform::Trying to set the existing hwdb with name system_wrapper
TRACE::2022-08-02.13:06:13::SCWPlatform::Opened existing hwdb system_wrapper
TRACE::2022-08-02.13:06:13::SCWPlatform::Found the Hw Db part of the input DSA
TRACE::2022-08-02.13:06:13::SCWMssOS::Checking the sw design at  D:/WorkRaduV/Projects/Zybo-Z7/sw/ws/system_wrapper/zynq_fsbl/zynq_fsbl_bsp/system.mss
TRACE::2022-08-02.13:06:13::SCWMssOS::DEBUG:  swdes dump  D:/WorkRaduV/Projects/Zybo-Z7/sw/ws/system_wrapper/ps7_cortexa9_0/domain_ps7_cortexa9_0/bsp/system.mss|system||
D:/WorkRaduV/Projects/Zybo-Z7/sw/ws/system_wrapper/zynq_fsbl/zynq_fsbl_bsp/system.mss|system_0||

TRACE::2022-08-02.13:06:13::SCWMssOS::Sw design exists and opened at  D:/WorkRaduV/Projects/Zybo-Z7/sw/ws/system_wrapper/zynq_fsbl/zynq_fsbl_bsp/system.mss
TRACE::2022-08-02.13:06:13::SCWPlatform::Trying to open the hw design at D:/WorkRaduV/Projects/Zybo-Z7/sw/ws/system_wrapper/hw/system_wrapper.xsa
TRACE::2022-08-02.13:06:13::SCWPlatform::DSA given D:/WorkRaduV/Projects/Zybo-Z7/sw/ws/system_wrapper/hw/system_wrapper.xsa
TRACE::2022-08-02.13:06:13::SCWPlatform::DSA absoulate path D:/WorkRaduV/Projects/Zybo-Z7/sw/ws/system_wrapper/hw/system_wrapper.xsa
TRACE::2022-08-02.13:06:13::SCWPlatform::DSA directory D:/WorkRaduV/Projects/Zybo-Z7/sw/ws/system_wrapper/hw
TRACE::2022-08-02.13:06:13::SCWPlatform:: Platform Path D:/WorkRaduV/Projects/Zybo-Z7/sw/ws/system_wrapper/hw/system_wrapper.xsa
TRACE::2022-08-02.13:06:13::SCWPlatform:: Unique name xilinx:zybo-z7-20::0.0
TRACE::2022-08-02.13:06:13::SCWPlatform::Trying to set the existing hwdb with name system_wrapper
TRACE::2022-08-02.13:06:13::SCWPlatform::Opened existing hwdb system_wrapper
TRACE::2022-08-02.13:06:13::SCWPlatform::Found the Hw Db part of the input DSA
TRACE::2022-08-02.13:06:13::SCWMssOS::Checking the sw design at  D:/WorkRaduV/Projects/Zybo-Z7/sw/ws/system_wrapper/zynq_fsbl/zynq_fsbl_bsp/system.mss
TRACE::2022-08-02.13:06:13::SCWMssOS::DEBUG:  swdes dump  D:/WorkRaduV/Projects/Zybo-Z7/sw/ws/system_wrapper/ps7_cortexa9_0/domain_ps7_cortexa9_0/bsp/system.mss|system||
D:/WorkRaduV/Projects/Zybo-Z7/sw/ws/system_wrapper/zynq_fsbl/zynq_fsbl_bsp/system.mss|system_0||

TRACE::2022-08-02.13:06:13::SCWMssOS::Sw design exists and opened at  D:/WorkRaduV/Projects/Zybo-Z7/sw/ws/system_wrapper/zynq_fsbl/zynq_fsbl_bsp/system.mss
TRACE::2022-08-02.13:06:13::SCWPlatform::Trying to open the hw design at D:/WorkRaduV/Projects/Zybo-Z7/sw/ws/system_wrapper/hw/system_wrapper.xsa
TRACE::2022-08-02.13:06:13::SCWPlatform::DSA given D:/WorkRaduV/Projects/Zybo-Z7/sw/ws/system_wrapper/hw/system_wrapper.xsa
TRACE::2022-08-02.13:06:13::SCWPlatform::DSA absoulate path D:/WorkRaduV/Projects/Zybo-Z7/sw/ws/system_wrapper/hw/system_wrapper.xsa
TRACE::2022-08-02.13:06:13::SCWPlatform::DSA directory D:/WorkRaduV/Projects/Zybo-Z7/sw/ws/system_wrapper/hw
TRACE::2022-08-02.13:06:13::SCWPlatform:: Platform Path D:/WorkRaduV/Projects/Zybo-Z7/sw/ws/system_wrapper/hw/system_wrapper.xsa
TRACE::2022-08-02.13:06:13::SCWPlatform:: Unique name xilinx:zybo-z7-20::0.0
TRACE::2022-08-02.13:06:13::SCWPlatform::Trying to set the existing hwdb with name system_wrapper
TRACE::2022-08-02.13:06:13::SCWPlatform::Opened existing hwdb system_wrapper
TRACE::2022-08-02.13:06:13::SCWPlatform::Found the Hw Db part of the input DSA
TRACE::2022-08-02.13:06:13::SCWMssOS::Checking the sw design at  D:/WorkRaduV/Projects/Zybo-Z7/sw/ws/system_wrapper/zynq_fsbl/zynq_fsbl_bsp/system.mss
TRACE::2022-08-02.13:06:13::SCWMssOS::DEBUG:  swdes dump  D:/WorkRaduV/Projects/Zybo-Z7/sw/ws/system_wrapper/ps7_cortexa9_0/domain_ps7_cortexa9_0/bsp/system.mss|system||
D:/WorkRaduV/Projects/Zybo-Z7/sw/ws/system_wrapper/zynq_fsbl/zynq_fsbl_bsp/system.mss|system_0||

TRACE::2022-08-02.13:06:13::SCWMssOS::Sw design exists and opened at  D:/WorkRaduV/Projects/Zybo-Z7/sw/ws/system_wrapper/zynq_fsbl/zynq_fsbl_bsp/system.mss
TRACE::2022-08-02.13:06:13::SCWPlatform::Trying to open the hw design at D:/WorkRaduV/Projects/Zybo-Z7/sw/ws/system_wrapper/hw/system_wrapper.xsa
TRACE::2022-08-02.13:06:13::SCWPlatform::DSA given D:/WorkRaduV/Projects/Zybo-Z7/sw/ws/system_wrapper/hw/system_wrapper.xsa
TRACE::2022-08-02.13:06:13::SCWPlatform::DSA absoulate path D:/WorkRaduV/Projects/Zybo-Z7/sw/ws/system_wrapper/hw/system_wrapper.xsa
TRACE::2022-08-02.13:06:13::SCWPlatform::DSA directory D:/WorkRaduV/Projects/Zybo-Z7/sw/ws/system_wrapper/hw
TRACE::2022-08-02.13:06:13::SCWPlatform:: Platform Path D:/WorkRaduV/Projects/Zybo-Z7/sw/ws/system_wrapper/hw/system_wrapper.xsa
TRACE::2022-08-02.13:06:13::SCWPlatform:: Unique name xilinx:zybo-z7-20::0.0
TRACE::2022-08-02.13:06:13::SCWPlatform::Trying to set the existing hwdb with name system_wrapper
TRACE::2022-08-02.13:06:13::SCWPlatform::Opened existing hwdb system_wrapper
TRACE::2022-08-02.13:06:13::SCWPlatform::Found the Hw Db part of the input DSA
TRACE::2022-08-02.13:06:13::SCWMssOS::Checking the sw design at  D:/WorkRaduV/Projects/Zybo-Z7/sw/ws/system_wrapper/zynq_fsbl/zynq_fsbl_bsp/system.mss
TRACE::2022-08-02.13:06:13::SCWMssOS::DEBUG:  swdes dump  D:/WorkRaduV/Projects/Zybo-Z7/sw/ws/system_wrapper/ps7_cortexa9_0/domain_ps7_cortexa9_0/bsp/system.mss|system||
D:/WorkRaduV/Projects/Zybo-Z7/sw/ws/system_wrapper/zynq_fsbl/zynq_fsbl_bsp/system.mss|system_0||

TRACE::2022-08-02.13:06:13::SCWMssOS::Sw design exists and opened at  D:/WorkRaduV/Projects/Zybo-Z7/sw/ws/system_wrapper/zynq_fsbl/zynq_fsbl_bsp/system.mss
TRACE::2022-08-02.13:06:13::SCWPlatform::Trying to open the hw design at D:/WorkRaduV/Projects/Zybo-Z7/sw/ws/system_wrapper/hw/system_wrapper.xsa
TRACE::2022-08-02.13:06:13::SCWPlatform::DSA given D:/WorkRaduV/Projects/Zybo-Z7/sw/ws/system_wrapper/hw/system_wrapper.xsa
TRACE::2022-08-02.13:06:13::SCWPlatform::DSA absoulate path D:/WorkRaduV/Projects/Zybo-Z7/sw/ws/system_wrapper/hw/system_wrapper.xsa
TRACE::2022-08-02.13:06:13::SCWPlatform::DSA directory D:/WorkRaduV/Projects/Zybo-Z7/sw/ws/system_wrapper/hw
TRACE::2022-08-02.13:06:13::SCWPlatform:: Platform Path D:/WorkRaduV/Projects/Zybo-Z7/sw/ws/system_wrapper/hw/system_wrapper.xsa
TRACE::2022-08-02.13:06:13::SCWPlatform:: Unique name xilinx:zybo-z7-20::0.0
TRACE::2022-08-02.13:06:13::SCWPlatform::Trying to set the existing hwdb with name system_wrapper
TRACE::2022-08-02.13:06:13::SCWPlatform::Opened existing hwdb system_wrapper
TRACE::2022-08-02.13:06:13::SCWPlatform::Found the Hw Db part of the input DSA
TRACE::2022-08-02.13:06:13::SCWMssOS::Checking the sw design at  D:/WorkRaduV/Projects/Zybo-Z7/sw/ws/system_wrapper/zynq_fsbl/zynq_fsbl_bsp/system.mss
TRACE::2022-08-02.13:06:13::SCWMssOS::DEBUG:  swdes dump  D:/WorkRaduV/Projects/Zybo-Z7/sw/ws/system_wrapper/ps7_cortexa9_0/domain_ps7_cortexa9_0/bsp/system.mss|system||
D:/WorkRaduV/Projects/Zybo-Z7/sw/ws/system_wrapper/zynq_fsbl/zynq_fsbl_bsp/system.mss|system_0||

TRACE::2022-08-02.13:06:13::SCWMssOS::Sw design exists and opened at  D:/WorkRaduV/Projects/Zybo-Z7/sw/ws/system_wrapper/zynq_fsbl/zynq_fsbl_bsp/system.mss
TRACE::2022-08-02.13:06:13::SCWPlatform::Trying to open the hw design at D:/WorkRaduV/Projects/Zybo-Z7/sw/ws/system_wrapper/hw/system_wrapper.xsa
TRACE::2022-08-02.13:06:13::SCWPlatform::DSA given D:/WorkRaduV/Projects/Zybo-Z7/sw/ws/system_wrapper/hw/system_wrapper.xsa
TRACE::2022-08-02.13:06:13::SCWPlatform::DSA absoulate path D:/WorkRaduV/Projects/Zybo-Z7/sw/ws/system_wrapper/hw/system_wrapper.xsa
TRACE::2022-08-02.13:06:13::SCWPlatform::DSA directory D:/WorkRaduV/Projects/Zybo-Z7/sw/ws/system_wrapper/hw
TRACE::2022-08-02.13:06:13::SCWPlatform:: Platform Path D:/WorkRaduV/Projects/Zybo-Z7/sw/ws/system_wrapper/hw/system_wrapper.xsa
TRACE::2022-08-02.13:06:13::SCWPlatform:: Unique name xilinx:zybo-z7-20::0.0
TRACE::2022-08-02.13:06:13::SCWPlatform::Trying to set the existing hwdb with name system_wrapper
TRACE::2022-08-02.13:06:13::SCWPlatform::Opened existing hwdb system_wrapper
TRACE::2022-08-02.13:06:13::SCWPlatform::Found the Hw Db part of the input DSA
TRACE::2022-08-02.13:06:13::SCWMssOS::Checking the sw design at  D:/WorkRaduV/Projects/Zybo-Z7/sw/ws/system_wrapper/zynq_fsbl/zynq_fsbl_bsp/system.mss
TRACE::2022-08-02.13:06:13::SCWMssOS::DEBUG:  swdes dump  D:/WorkRaduV/Projects/Zybo-Z7/sw/ws/system_wrapper/ps7_cortexa9_0/domain_ps7_cortexa9_0/bsp/system.mss|system||
D:/WorkRaduV/Projects/Zybo-Z7/sw/ws/system_wrapper/zynq_fsbl/zynq_fsbl_bsp/system.mss|system_0||

TRACE::2022-08-02.13:06:13::SCWMssOS::Sw design exists and opened at  D:/WorkRaduV/Projects/Zybo-Z7/sw/ws/system_wrapper/zynq_fsbl/zynq_fsbl_bsp/system.mss
TRACE::2022-08-02.13:06:13::SCWPlatform::Trying to open the hw design at D:/WorkRaduV/Projects/Zybo-Z7/sw/ws/system_wrapper/hw/system_wrapper.xsa
TRACE::2022-08-02.13:06:13::SCWPlatform::DSA given D:/WorkRaduV/Projects/Zybo-Z7/sw/ws/system_wrapper/hw/system_wrapper.xsa
TRACE::2022-08-02.13:06:13::SCWPlatform::DSA absoulate path D:/WorkRaduV/Projects/Zybo-Z7/sw/ws/system_wrapper/hw/system_wrapper.xsa
TRACE::2022-08-02.13:06:13::SCWPlatform::DSA directory D:/WorkRaduV/Projects/Zybo-Z7/sw/ws/system_wrapper/hw
TRACE::2022-08-02.13:06:13::SCWPlatform:: Platform Path D:/WorkRaduV/Projects/Zybo-Z7/sw/ws/system_wrapper/hw/system_wrapper.xsa
TRACE::2022-08-02.13:06:13::SCWPlatform:: Unique name xilinx:zybo-z7-20::0.0
TRACE::2022-08-02.13:06:14::SCWPlatform::Trying to set the existing hwdb with name system_wrapper
TRACE::2022-08-02.13:06:14::SCWPlatform::Opened existing hwdb system_wrapper
TRACE::2022-08-02.13:06:14::SCWPlatform::Found the Hw Db part of the input DSA
TRACE::2022-08-02.13:06:14::SCWMssOS::Checking the sw design at  D:/WorkRaduV/Projects/Zybo-Z7/sw/ws/system_wrapper/zynq_fsbl/zynq_fsbl_bsp/system.mss
TRACE::2022-08-02.13:06:14::SCWMssOS::DEBUG:  swdes dump  D:/WorkRaduV/Projects/Zybo-Z7/sw/ws/system_wrapper/ps7_cortexa9_0/domain_ps7_cortexa9_0/bsp/system.mss|system||
D:/WorkRaduV/Projects/Zybo-Z7/sw/ws/system_wrapper/zynq_fsbl/zynq_fsbl_bsp/system.mss|system_0||

TRACE::2022-08-02.13:06:14::SCWMssOS::Sw design exists and opened at  D:/WorkRaduV/Projects/Zybo-Z7/sw/ws/system_wrapper/zynq_fsbl/zynq_fsbl_bsp/system.mss
TRACE::2022-08-02.13:06:14::SCWPlatform::Trying to open the hw design at D:/WorkRaduV/Projects/Zybo-Z7/sw/ws/system_wrapper/hw/system_wrapper.xsa
TRACE::2022-08-02.13:06:14::SCWPlatform::DSA given D:/WorkRaduV/Projects/Zybo-Z7/sw/ws/system_wrapper/hw/system_wrapper.xsa
TRACE::2022-08-02.13:06:14::SCWPlatform::DSA absoulate path D:/WorkRaduV/Projects/Zybo-Z7/sw/ws/system_wrapper/hw/system_wrapper.xsa
TRACE::2022-08-02.13:06:14::SCWPlatform::DSA directory D:/WorkRaduV/Projects/Zybo-Z7/sw/ws/system_wrapper/hw
TRACE::2022-08-02.13:06:14::SCWPlatform:: Platform Path D:/WorkRaduV/Projects/Zybo-Z7/sw/ws/system_wrapper/hw/system_wrapper.xsa
TRACE::2022-08-02.13:06:14::SCWPlatform:: Unique name xilinx:zybo-z7-20::0.0
TRACE::2022-08-02.13:06:14::SCWPlatform::Trying to set the existing hwdb with name system_wrapper
TRACE::2022-08-02.13:06:14::SCWPlatform::Opened existing hwdb system_wrapper
TRACE::2022-08-02.13:06:14::SCWPlatform::Found the Hw Db part of the input DSA
TRACE::2022-08-02.13:06:14::SCWMssOS::Checking the sw design at  D:/WorkRaduV/Projects/Zybo-Z7/sw/ws/system_wrapper/zynq_fsbl/zynq_fsbl_bsp/system.mss
TRACE::2022-08-02.13:06:14::SCWMssOS::DEBUG:  swdes dump  D:/WorkRaduV/Projects/Zybo-Z7/sw/ws/system_wrapper/ps7_cortexa9_0/domain_ps7_cortexa9_0/bsp/system.mss|system||
D:/WorkRaduV/Projects/Zybo-Z7/sw/ws/system_wrapper/zynq_fsbl/zynq_fsbl_bsp/system.mss|system_0||

TRACE::2022-08-02.13:06:14::SCWMssOS::Sw design exists and opened at  D:/WorkRaduV/Projects/Zybo-Z7/sw/ws/system_wrapper/zynq_fsbl/zynq_fsbl_bsp/system.mss
TRACE::2022-08-02.13:06:14::SCWPlatform::Trying to open the hw design at D:/WorkRaduV/Projects/Zybo-Z7/sw/ws/system_wrapper/hw/system_wrapper.xsa
TRACE::2022-08-02.13:06:14::SCWPlatform::DSA given D:/WorkRaduV/Projects/Zybo-Z7/sw/ws/system_wrapper/hw/system_wrapper.xsa
TRACE::2022-08-02.13:06:14::SCWPlatform::DSA absoulate path D:/WorkRaduV/Projects/Zybo-Z7/sw/ws/system_wrapper/hw/system_wrapper.xsa
TRACE::2022-08-02.13:06:14::SCWPlatform::DSA directory D:/WorkRaduV/Projects/Zybo-Z7/sw/ws/system_wrapper/hw
TRACE::2022-08-02.13:06:14::SCWPlatform:: Platform Path D:/WorkRaduV/Projects/Zybo-Z7/sw/ws/system_wrapper/hw/system_wrapper.xsa
TRACE::2022-08-02.13:06:14::SCWPlatform:: Unique name xilinx:zybo-z7-20::0.0
TRACE::2022-08-02.13:06:14::SCWPlatform::Trying to set the existing hwdb with name system_wrapper
TRACE::2022-08-02.13:06:14::SCWPlatform::Opened existing hwdb system_wrapper
TRACE::2022-08-02.13:06:14::SCWPlatform::Found the Hw Db part of the input DSA
TRACE::2022-08-02.13:06:14::SCWMssOS::Checking the sw design at  D:/WorkRaduV/Projects/Zybo-Z7/sw/ws/system_wrapper/zynq_fsbl/zynq_fsbl_bsp/system.mss
TRACE::2022-08-02.13:06:14::SCWMssOS::DEBUG:  swdes dump  D:/WorkRaduV/Projects/Zybo-Z7/sw/ws/system_wrapper/ps7_cortexa9_0/domain_ps7_cortexa9_0/bsp/system.mss|system||
D:/WorkRaduV/Projects/Zybo-Z7/sw/ws/system_wrapper/zynq_fsbl/zynq_fsbl_bsp/system.mss|system_0||

TRACE::2022-08-02.13:06:14::SCWMssOS::Sw design exists and opened at  D:/WorkRaduV/Projects/Zybo-Z7/sw/ws/system_wrapper/zynq_fsbl/zynq_fsbl_bsp/system.mss
TRACE::2022-08-02.13:06:14::SCWPlatform::Trying to open the hw design at D:/WorkRaduV/Projects/Zybo-Z7/sw/ws/system_wrapper/hw/system_wrapper.xsa
TRACE::2022-08-02.13:06:14::SCWPlatform::DSA given D:/WorkRaduV/Projects/Zybo-Z7/sw/ws/system_wrapper/hw/system_wrapper.xsa
TRACE::2022-08-02.13:06:14::SCWPlatform::DSA absoulate path D:/WorkRaduV/Projects/Zybo-Z7/sw/ws/system_wrapper/hw/system_wrapper.xsa
TRACE::2022-08-02.13:06:14::SCWPlatform::DSA directory D:/WorkRaduV/Projects/Zybo-Z7/sw/ws/system_wrapper/hw
TRACE::2022-08-02.13:06:14::SCWPlatform:: Platform Path D:/WorkRaduV/Projects/Zybo-Z7/sw/ws/system_wrapper/hw/system_wrapper.xsa
TRACE::2022-08-02.13:06:14::SCWPlatform:: Unique name xilinx:zybo-z7-20::0.0
TRACE::2022-08-02.13:06:14::SCWPlatform::Trying to set the existing hwdb with name system_wrapper
TRACE::2022-08-02.13:06:14::SCWPlatform::Opened existing hwdb system_wrapper
TRACE::2022-08-02.13:06:14::SCWPlatform::Found the Hw Db part of the input DSA
TRACE::2022-08-02.13:06:14::SCWMssOS::Checking the sw design at  D:/WorkRaduV/Projects/Zybo-Z7/sw/ws/system_wrapper/zynq_fsbl/zynq_fsbl_bsp/system.mss
TRACE::2022-08-02.13:06:14::SCWMssOS::DEBUG:  swdes dump  D:/WorkRaduV/Projects/Zybo-Z7/sw/ws/system_wrapper/ps7_cortexa9_0/domain_ps7_cortexa9_0/bsp/system.mss|system||
D:/WorkRaduV/Projects/Zybo-Z7/sw/ws/system_wrapper/zynq_fsbl/zynq_fsbl_bsp/system.mss|system_0||

TRACE::2022-08-02.13:06:14::SCWMssOS::Sw design exists and opened at  D:/WorkRaduV/Projects/Zybo-Z7/sw/ws/system_wrapper/zynq_fsbl/zynq_fsbl_bsp/system.mss
TRACE::2022-08-02.13:06:14::SCWPlatform::Trying to open the hw design at D:/WorkRaduV/Projects/Zybo-Z7/sw/ws/system_wrapper/hw/system_wrapper.xsa
TRACE::2022-08-02.13:06:14::SCWPlatform::DSA given D:/WorkRaduV/Projects/Zybo-Z7/sw/ws/system_wrapper/hw/system_wrapper.xsa
TRACE::2022-08-02.13:06:14::SCWPlatform::DSA absoulate path D:/WorkRaduV/Projects/Zybo-Z7/sw/ws/system_wrapper/hw/system_wrapper.xsa
TRACE::2022-08-02.13:06:14::SCWPlatform::DSA directory D:/WorkRaduV/Projects/Zybo-Z7/sw/ws/system_wrapper/hw
TRACE::2022-08-02.13:06:14::SCWPlatform:: Platform Path D:/WorkRaduV/Projects/Zybo-Z7/sw/ws/system_wrapper/hw/system_wrapper.xsa
TRACE::2022-08-02.13:06:14::SCWPlatform:: Unique name xilinx:zybo-z7-20::0.0
TRACE::2022-08-02.13:06:14::SCWPlatform::Trying to set the existing hwdb with name system_wrapper
TRACE::2022-08-02.13:06:14::SCWPlatform::Opened existing hwdb system_wrapper
TRACE::2022-08-02.13:06:14::SCWPlatform::Found the Hw Db part of the input DSA
TRACE::2022-08-02.13:06:14::SCWMssOS::Checking the sw design at  D:/WorkRaduV/Projects/Zybo-Z7/sw/ws/system_wrapper/zynq_fsbl/zynq_fsbl_bsp/system.mss
TRACE::2022-08-02.13:06:14::SCWMssOS::DEBUG:  swdes dump  D:/WorkRaduV/Projects/Zybo-Z7/sw/ws/system_wrapper/ps7_cortexa9_0/domain_ps7_cortexa9_0/bsp/system.mss|system||
D:/WorkRaduV/Projects/Zybo-Z7/sw/ws/system_wrapper/zynq_fsbl/zynq_fsbl_bsp/system.mss|system_0||

TRACE::2022-08-02.13:06:14::SCWMssOS::Sw design exists and opened at  D:/WorkRaduV/Projects/Zybo-Z7/sw/ws/system_wrapper/zynq_fsbl/zynq_fsbl_bsp/system.mss
TRACE::2022-08-02.13:06:14::SCWPlatform::Trying to open the hw design at D:/WorkRaduV/Projects/Zybo-Z7/sw/ws/system_wrapper/hw/system_wrapper.xsa
TRACE::2022-08-02.13:06:14::SCWPlatform::DSA given D:/WorkRaduV/Projects/Zybo-Z7/sw/ws/system_wrapper/hw/system_wrapper.xsa
TRACE::2022-08-02.13:06:14::SCWPlatform::DSA absoulate path D:/WorkRaduV/Projects/Zybo-Z7/sw/ws/system_wrapper/hw/system_wrapper.xsa
TRACE::2022-08-02.13:06:14::SCWPlatform::DSA directory D:/WorkRaduV/Projects/Zybo-Z7/sw/ws/system_wrapper/hw
TRACE::2022-08-02.13:06:14::SCWPlatform:: Platform Path D:/WorkRaduV/Projects/Zybo-Z7/sw/ws/system_wrapper/hw/system_wrapper.xsa
TRACE::2022-08-02.13:06:14::SCWPlatform:: Unique name xilinx:zybo-z7-20::0.0
TRACE::2022-08-02.13:06:14::SCWPlatform::Trying to set the existing hwdb with name system_wrapper
TRACE::2022-08-02.13:06:14::SCWPlatform::Opened existing hwdb system_wrapper
TRACE::2022-08-02.13:06:14::SCWPlatform::Found the Hw Db part of the input DSA
TRACE::2022-08-02.13:06:14::SCWMssOS::Checking the sw design at  D:/WorkRaduV/Projects/Zybo-Z7/sw/ws/system_wrapper/zynq_fsbl/zynq_fsbl_bsp/system.mss
TRACE::2022-08-02.13:06:14::SCWMssOS::DEBUG:  swdes dump  D:/WorkRaduV/Projects/Zybo-Z7/sw/ws/system_wrapper/ps7_cortexa9_0/domain_ps7_cortexa9_0/bsp/system.mss|system||
D:/WorkRaduV/Projects/Zybo-Z7/sw/ws/system_wrapper/zynq_fsbl/zynq_fsbl_bsp/system.mss|system_0||

TRACE::2022-08-02.13:06:14::SCWMssOS::Sw design exists and opened at  D:/WorkRaduV/Projects/Zybo-Z7/sw/ws/system_wrapper/zynq_fsbl/zynq_fsbl_bsp/system.mss
TRACE::2022-08-02.13:06:14::SCWPlatform::Trying to open the hw design at D:/WorkRaduV/Projects/Zybo-Z7/sw/ws/system_wrapper/hw/system_wrapper.xsa
TRACE::2022-08-02.13:06:14::SCWPlatform::DSA given D:/WorkRaduV/Projects/Zybo-Z7/sw/ws/system_wrapper/hw/system_wrapper.xsa
TRACE::2022-08-02.13:06:14::SCWPlatform::DSA absoulate path D:/WorkRaduV/Projects/Zybo-Z7/sw/ws/system_wrapper/hw/system_wrapper.xsa
TRACE::2022-08-02.13:06:14::SCWPlatform::DSA directory D:/WorkRaduV/Projects/Zybo-Z7/sw/ws/system_wrapper/hw
TRACE::2022-08-02.13:06:14::SCWPlatform:: Platform Path D:/WorkRaduV/Projects/Zybo-Z7/sw/ws/system_wrapper/hw/system_wrapper.xsa
TRACE::2022-08-02.13:06:14::SCWPlatform:: Unique name xilinx:zybo-z7-20::0.0
TRACE::2022-08-02.13:06:14::SCWPlatform::Trying to set the existing hwdb with name system_wrapper
TRACE::2022-08-02.13:06:14::SCWPlatform::Opened existing hwdb system_wrapper
TRACE::2022-08-02.13:06:14::SCWPlatform::Found the Hw Db part of the input DSA
TRACE::2022-08-02.13:06:14::SCWMssOS::Checking the sw design at  D:/WorkRaduV/Projects/Zybo-Z7/sw/ws/system_wrapper/zynq_fsbl/zynq_fsbl_bsp/system.mss
TRACE::2022-08-02.13:06:14::SCWMssOS::DEBUG:  swdes dump  D:/WorkRaduV/Projects/Zybo-Z7/sw/ws/system_wrapper/ps7_cortexa9_0/domain_ps7_cortexa9_0/bsp/system.mss|system||
D:/WorkRaduV/Projects/Zybo-Z7/sw/ws/system_wrapper/zynq_fsbl/zynq_fsbl_bsp/system.mss|system_0||

TRACE::2022-08-02.13:06:14::SCWMssOS::Sw design exists and opened at  D:/WorkRaduV/Projects/Zybo-Z7/sw/ws/system_wrapper/zynq_fsbl/zynq_fsbl_bsp/system.mss
TRACE::2022-08-02.13:06:14::SCWPlatform::Trying to open the hw design at D:/WorkRaduV/Projects/Zybo-Z7/sw/ws/system_wrapper/hw/system_wrapper.xsa
TRACE::2022-08-02.13:06:14::SCWPlatform::DSA given D:/WorkRaduV/Projects/Zybo-Z7/sw/ws/system_wrapper/hw/system_wrapper.xsa
TRACE::2022-08-02.13:06:14::SCWPlatform::DSA absoulate path D:/WorkRaduV/Projects/Zybo-Z7/sw/ws/system_wrapper/hw/system_wrapper.xsa
TRACE::2022-08-02.13:06:14::SCWPlatform::DSA directory D:/WorkRaduV/Projects/Zybo-Z7/sw/ws/system_wrapper/hw
TRACE::2022-08-02.13:06:14::SCWPlatform:: Platform Path D:/WorkRaduV/Projects/Zybo-Z7/sw/ws/system_wrapper/hw/system_wrapper.xsa
TRACE::2022-08-02.13:06:14::SCWPlatform:: Unique name xilinx:zybo-z7-20::0.0
TRACE::2022-08-02.13:06:14::SCWPlatform::Trying to set the existing hwdb with name system_wrapper
TRACE::2022-08-02.13:06:14::SCWPlatform::Opened existing hwdb system_wrapper
TRACE::2022-08-02.13:06:14::SCWPlatform::Found the Hw Db part of the input DSA
TRACE::2022-08-02.13:06:14::SCWMssOS::Checking the sw design at  D:/WorkRaduV/Projects/Zybo-Z7/sw/ws/system_wrapper/zynq_fsbl/zynq_fsbl_bsp/system.mss
TRACE::2022-08-02.13:06:14::SCWMssOS::DEBUG:  swdes dump  D:/WorkRaduV/Projects/Zybo-Z7/sw/ws/system_wrapper/ps7_cortexa9_0/domain_ps7_cortexa9_0/bsp/system.mss|system||
D:/WorkRaduV/Projects/Zybo-Z7/sw/ws/system_wrapper/zynq_fsbl/zynq_fsbl_bsp/system.mss|system_0||

TRACE::2022-08-02.13:06:14::SCWMssOS::Sw design exists and opened at  D:/WorkRaduV/Projects/Zybo-Z7/sw/ws/system_wrapper/zynq_fsbl/zynq_fsbl_bsp/system.mss
TRACE::2022-08-02.13:06:14::SCWPlatform::Trying to open the hw design at D:/WorkRaduV/Projects/Zybo-Z7/sw/ws/system_wrapper/hw/system_wrapper.xsa
TRACE::2022-08-02.13:06:14::SCWPlatform::DSA given D:/WorkRaduV/Projects/Zybo-Z7/sw/ws/system_wrapper/hw/system_wrapper.xsa
TRACE::2022-08-02.13:06:14::SCWPlatform::DSA absoulate path D:/WorkRaduV/Projects/Zybo-Z7/sw/ws/system_wrapper/hw/system_wrapper.xsa
TRACE::2022-08-02.13:06:14::SCWPlatform::DSA directory D:/WorkRaduV/Projects/Zybo-Z7/sw/ws/system_wrapper/hw
TRACE::2022-08-02.13:06:14::SCWPlatform:: Platform Path D:/WorkRaduV/Projects/Zybo-Z7/sw/ws/system_wrapper/hw/system_wrapper.xsa
TRACE::2022-08-02.13:06:14::SCWPlatform:: Unique name xilinx:zybo-z7-20::0.0
TRACE::2022-08-02.13:06:14::SCWPlatform::Trying to set the existing hwdb with name system_wrapper
TRACE::2022-08-02.13:06:14::SCWPlatform::Opened existing hwdb system_wrapper
TRACE::2022-08-02.13:06:14::SCWPlatform::Found the Hw Db part of the input DSA
TRACE::2022-08-02.13:06:14::SCWMssOS::Checking the sw design at  D:/WorkRaduV/Projects/Zybo-Z7/sw/ws/system_wrapper/zynq_fsbl/zynq_fsbl_bsp/system.mss
TRACE::2022-08-02.13:06:14::SCWMssOS::DEBUG:  swdes dump  D:/WorkRaduV/Projects/Zybo-Z7/sw/ws/system_wrapper/ps7_cortexa9_0/domain_ps7_cortexa9_0/bsp/system.mss|system||
D:/WorkRaduV/Projects/Zybo-Z7/sw/ws/system_wrapper/zynq_fsbl/zynq_fsbl_bsp/system.mss|system_0||

TRACE::2022-08-02.13:06:14::SCWMssOS::Sw design exists and opened at  D:/WorkRaduV/Projects/Zybo-Z7/sw/ws/system_wrapper/zynq_fsbl/zynq_fsbl_bsp/system.mss
TRACE::2022-08-02.13:06:14::SCWPlatform::Trying to open the hw design at D:/WorkRaduV/Projects/Zybo-Z7/sw/ws/system_wrapper/hw/system_wrapper.xsa
TRACE::2022-08-02.13:06:14::SCWPlatform::DSA given D:/WorkRaduV/Projects/Zybo-Z7/sw/ws/system_wrapper/hw/system_wrapper.xsa
TRACE::2022-08-02.13:06:14::SCWPlatform::DSA absoulate path D:/WorkRaduV/Projects/Zybo-Z7/sw/ws/system_wrapper/hw/system_wrapper.xsa
TRACE::2022-08-02.13:06:14::SCWPlatform::DSA directory D:/WorkRaduV/Projects/Zybo-Z7/sw/ws/system_wrapper/hw
TRACE::2022-08-02.13:06:14::SCWPlatform:: Platform Path D:/WorkRaduV/Projects/Zybo-Z7/sw/ws/system_wrapper/hw/system_wrapper.xsa
TRACE::2022-08-02.13:06:14::SCWPlatform:: Unique name xilinx:zybo-z7-20::0.0
TRACE::2022-08-02.13:06:14::SCWPlatform::Trying to set the existing hwdb with name system_wrapper
TRACE::2022-08-02.13:06:14::SCWPlatform::Opened existing hwdb system_wrapper
TRACE::2022-08-02.13:06:14::SCWPlatform::Found the Hw Db part of the input DSA
TRACE::2022-08-02.13:06:14::SCWMssOS::Checking the sw design at  D:/WorkRaduV/Projects/Zybo-Z7/sw/ws/system_wrapper/zynq_fsbl/zynq_fsbl_bsp/system.mss
TRACE::2022-08-02.13:06:14::SCWMssOS::DEBUG:  swdes dump  D:/WorkRaduV/Projects/Zybo-Z7/sw/ws/system_wrapper/ps7_cortexa9_0/domain_ps7_cortexa9_0/bsp/system.mss|system||
D:/WorkRaduV/Projects/Zybo-Z7/sw/ws/system_wrapper/zynq_fsbl/zynq_fsbl_bsp/system.mss|system_0||

TRACE::2022-08-02.13:06:14::SCWMssOS::Sw design exists and opened at  D:/WorkRaduV/Projects/Zybo-Z7/sw/ws/system_wrapper/zynq_fsbl/zynq_fsbl_bsp/system.mss
TRACE::2022-08-02.13:06:14::SCWPlatform::Trying to open the hw design at D:/WorkRaduV/Projects/Zybo-Z7/sw/ws/system_wrapper/hw/system_wrapper.xsa
TRACE::2022-08-02.13:06:14::SCWPlatform::DSA given D:/WorkRaduV/Projects/Zybo-Z7/sw/ws/system_wrapper/hw/system_wrapper.xsa
TRACE::2022-08-02.13:06:14::SCWPlatform::DSA absoulate path D:/WorkRaduV/Projects/Zybo-Z7/sw/ws/system_wrapper/hw/system_wrapper.xsa
TRACE::2022-08-02.13:06:14::SCWPlatform::DSA directory D:/WorkRaduV/Projects/Zybo-Z7/sw/ws/system_wrapper/hw
TRACE::2022-08-02.13:06:14::SCWPlatform:: Platform Path D:/WorkRaduV/Projects/Zybo-Z7/sw/ws/system_wrapper/hw/system_wrapper.xsa
TRACE::2022-08-02.13:06:14::SCWPlatform:: Unique name xilinx:zybo-z7-20::0.0
TRACE::2022-08-02.13:06:14::SCWPlatform::Trying to set the existing hwdb with name system_wrapper
TRACE::2022-08-02.13:06:14::SCWPlatform::Opened existing hwdb system_wrapper
TRACE::2022-08-02.13:06:14::SCWPlatform::Found the Hw Db part of the input DSA
TRACE::2022-08-02.13:06:14::SCWMssOS::Checking the sw design at  D:/WorkRaduV/Projects/Zybo-Z7/sw/ws/system_wrapper/zynq_fsbl/zynq_fsbl_bsp/system.mss
TRACE::2022-08-02.13:06:14::SCWMssOS::DEBUG:  swdes dump  D:/WorkRaduV/Projects/Zybo-Z7/sw/ws/system_wrapper/ps7_cortexa9_0/domain_ps7_cortexa9_0/bsp/system.mss|system||
D:/WorkRaduV/Projects/Zybo-Z7/sw/ws/system_wrapper/zynq_fsbl/zynq_fsbl_bsp/system.mss|system_0||

TRACE::2022-08-02.13:06:14::SCWMssOS::Sw design exists and opened at  D:/WorkRaduV/Projects/Zybo-Z7/sw/ws/system_wrapper/zynq_fsbl/zynq_fsbl_bsp/system.mss
TRACE::2022-08-02.13:06:14::SCWPlatform::Trying to open the hw design at D:/WorkRaduV/Projects/Zybo-Z7/sw/ws/system_wrapper/hw/system_wrapper.xsa
TRACE::2022-08-02.13:06:14::SCWPlatform::DSA given D:/WorkRaduV/Projects/Zybo-Z7/sw/ws/system_wrapper/hw/system_wrapper.xsa
TRACE::2022-08-02.13:06:14::SCWPlatform::DSA absoulate path D:/WorkRaduV/Projects/Zybo-Z7/sw/ws/system_wrapper/hw/system_wrapper.xsa
TRACE::2022-08-02.13:06:14::SCWPlatform::DSA directory D:/WorkRaduV/Projects/Zybo-Z7/sw/ws/system_wrapper/hw
TRACE::2022-08-02.13:06:14::SCWPlatform:: Platform Path D:/WorkRaduV/Projects/Zybo-Z7/sw/ws/system_wrapper/hw/system_wrapper.xsa
TRACE::2022-08-02.13:06:14::SCWPlatform:: Unique name xilinx:zybo-z7-20::0.0
TRACE::2022-08-02.13:06:14::SCWPlatform::Trying to set the existing hwdb with name system_wrapper
TRACE::2022-08-02.13:06:14::SCWPlatform::Opened existing hwdb system_wrapper
TRACE::2022-08-02.13:06:14::SCWPlatform::Found the Hw Db part of the input DSA
TRACE::2022-08-02.13:06:14::SCWMssOS::Checking the sw design at  D:/WorkRaduV/Projects/Zybo-Z7/sw/ws/system_wrapper/zynq_fsbl/zynq_fsbl_bsp/system.mss
TRACE::2022-08-02.13:06:14::SCWMssOS::DEBUG:  swdes dump  D:/WorkRaduV/Projects/Zybo-Z7/sw/ws/system_wrapper/ps7_cortexa9_0/domain_ps7_cortexa9_0/bsp/system.mss|system||
D:/WorkRaduV/Projects/Zybo-Z7/sw/ws/system_wrapper/zynq_fsbl/zynq_fsbl_bsp/system.mss|system_0||

TRACE::2022-08-02.13:06:14::SCWMssOS::Sw design exists and opened at  D:/WorkRaduV/Projects/Zybo-Z7/sw/ws/system_wrapper/zynq_fsbl/zynq_fsbl_bsp/system.mss
TRACE::2022-08-02.13:06:14::SCWPlatform::Trying to open the hw design at D:/WorkRaduV/Projects/Zybo-Z7/sw/ws/system_wrapper/hw/system_wrapper.xsa
TRACE::2022-08-02.13:06:14::SCWPlatform::DSA given D:/WorkRaduV/Projects/Zybo-Z7/sw/ws/system_wrapper/hw/system_wrapper.xsa
TRACE::2022-08-02.13:06:14::SCWPlatform::DSA absoulate path D:/WorkRaduV/Projects/Zybo-Z7/sw/ws/system_wrapper/hw/system_wrapper.xsa
TRACE::2022-08-02.13:06:14::SCWPlatform::DSA directory D:/WorkRaduV/Projects/Zybo-Z7/sw/ws/system_wrapper/hw
TRACE::2022-08-02.13:06:14::SCWPlatform:: Platform Path D:/WorkRaduV/Projects/Zybo-Z7/sw/ws/system_wrapper/hw/system_wrapper.xsa
TRACE::2022-08-02.13:06:14::SCWPlatform:: Unique name xilinx:zybo-z7-20::0.0
TRACE::2022-08-02.13:06:14::SCWPlatform::Trying to set the existing hwdb with name system_wrapper
TRACE::2022-08-02.13:06:14::SCWPlatform::Opened existing hwdb system_wrapper
TRACE::2022-08-02.13:06:14::SCWPlatform::Found the Hw Db part of the input DSA
TRACE::2022-08-02.13:06:14::SCWMssOS::Checking the sw design at  D:/WorkRaduV/Projects/Zybo-Z7/sw/ws/system_wrapper/zynq_fsbl/zynq_fsbl_bsp/system.mss
TRACE::2022-08-02.13:06:14::SCWMssOS::DEBUG:  swdes dump  D:/WorkRaduV/Projects/Zybo-Z7/sw/ws/system_wrapper/ps7_cortexa9_0/domain_ps7_cortexa9_0/bsp/system.mss|system||
D:/WorkRaduV/Projects/Zybo-Z7/sw/ws/system_wrapper/zynq_fsbl/zynq_fsbl_bsp/system.mss|system_0||

TRACE::2022-08-02.13:06:14::SCWMssOS::Sw design exists and opened at  D:/WorkRaduV/Projects/Zybo-Z7/sw/ws/system_wrapper/zynq_fsbl/zynq_fsbl_bsp/system.mss
TRACE::2022-08-02.13:06:14::SCWPlatform::Trying to open the hw design at D:/WorkRaduV/Projects/Zybo-Z7/sw/ws/system_wrapper/hw/system_wrapper.xsa
TRACE::2022-08-02.13:06:14::SCWPlatform::DSA given D:/WorkRaduV/Projects/Zybo-Z7/sw/ws/system_wrapper/hw/system_wrapper.xsa
TRACE::2022-08-02.13:06:14::SCWPlatform::DSA absoulate path D:/WorkRaduV/Projects/Zybo-Z7/sw/ws/system_wrapper/hw/system_wrapper.xsa
TRACE::2022-08-02.13:06:14::SCWPlatform::DSA directory D:/WorkRaduV/Projects/Zybo-Z7/sw/ws/system_wrapper/hw
TRACE::2022-08-02.13:06:14::SCWPlatform:: Platform Path D:/WorkRaduV/Projects/Zybo-Z7/sw/ws/system_wrapper/hw/system_wrapper.xsa
TRACE::2022-08-02.13:06:14::SCWPlatform:: Unique name xilinx:zybo-z7-20::0.0
TRACE::2022-08-02.13:06:14::SCWPlatform::Trying to set the existing hwdb with name system_wrapper
TRACE::2022-08-02.13:06:14::SCWPlatform::Opened existing hwdb system_wrapper
TRACE::2022-08-02.13:06:14::SCWPlatform::Found the Hw Db part of the input DSA
TRACE::2022-08-02.13:06:14::SCWMssOS::Checking the sw design at  D:/WorkRaduV/Projects/Zybo-Z7/sw/ws/system_wrapper/zynq_fsbl/zynq_fsbl_bsp/system.mss
TRACE::2022-08-02.13:06:14::SCWMssOS::DEBUG:  swdes dump  D:/WorkRaduV/Projects/Zybo-Z7/sw/ws/system_wrapper/ps7_cortexa9_0/domain_ps7_cortexa9_0/bsp/system.mss|system||
D:/WorkRaduV/Projects/Zybo-Z7/sw/ws/system_wrapper/zynq_fsbl/zynq_fsbl_bsp/system.mss|system_0||

TRACE::2022-08-02.13:06:14::SCWMssOS::Sw design exists and opened at  D:/WorkRaduV/Projects/Zybo-Z7/sw/ws/system_wrapper/zynq_fsbl/zynq_fsbl_bsp/system.mss
TRACE::2022-08-02.13:06:14::SCWPlatform::Trying to open the hw design at D:/WorkRaduV/Projects/Zybo-Z7/sw/ws/system_wrapper/hw/system_wrapper.xsa
TRACE::2022-08-02.13:06:14::SCWPlatform::DSA given D:/WorkRaduV/Projects/Zybo-Z7/sw/ws/system_wrapper/hw/system_wrapper.xsa
TRACE::2022-08-02.13:06:14::SCWPlatform::DSA absoulate path D:/WorkRaduV/Projects/Zybo-Z7/sw/ws/system_wrapper/hw/system_wrapper.xsa
TRACE::2022-08-02.13:06:14::SCWPlatform::DSA directory D:/WorkRaduV/Projects/Zybo-Z7/sw/ws/system_wrapper/hw
TRACE::2022-08-02.13:06:14::SCWPlatform:: Platform Path D:/WorkRaduV/Projects/Zybo-Z7/sw/ws/system_wrapper/hw/system_wrapper.xsa
TRACE::2022-08-02.13:06:14::SCWPlatform:: Unique name xilinx:zybo-z7-20::0.0
TRACE::2022-08-02.13:06:14::SCWPlatform::Trying to set the existing hwdb with name system_wrapper
TRACE::2022-08-02.13:06:14::SCWPlatform::Opened existing hwdb system_wrapper
TRACE::2022-08-02.13:06:14::SCWPlatform::Found the Hw Db part of the input DSA
TRACE::2022-08-02.13:06:14::SCWMssOS::Checking the sw design at  D:/WorkRaduV/Projects/Zybo-Z7/sw/ws/system_wrapper/zynq_fsbl/zynq_fsbl_bsp/system.mss
TRACE::2022-08-02.13:06:14::SCWMssOS::DEBUG:  swdes dump  D:/WorkRaduV/Projects/Zybo-Z7/sw/ws/system_wrapper/ps7_cortexa9_0/domain_ps7_cortexa9_0/bsp/system.mss|system||
D:/WorkRaduV/Projects/Zybo-Z7/sw/ws/system_wrapper/zynq_fsbl/zynq_fsbl_bsp/system.mss|system_0||

TRACE::2022-08-02.13:06:14::SCWMssOS::Sw design exists and opened at  D:/WorkRaduV/Projects/Zybo-Z7/sw/ws/system_wrapper/zynq_fsbl/zynq_fsbl_bsp/system.mss
TRACE::2022-08-02.13:06:14::SCWPlatform::Trying to open the hw design at D:/WorkRaduV/Projects/Zybo-Z7/sw/ws/system_wrapper/hw/system_wrapper.xsa
TRACE::2022-08-02.13:06:14::SCWPlatform::DSA given D:/WorkRaduV/Projects/Zybo-Z7/sw/ws/system_wrapper/hw/system_wrapper.xsa
TRACE::2022-08-02.13:06:14::SCWPlatform::DSA absoulate path D:/WorkRaduV/Projects/Zybo-Z7/sw/ws/system_wrapper/hw/system_wrapper.xsa
TRACE::2022-08-02.13:06:14::SCWPlatform::DSA directory D:/WorkRaduV/Projects/Zybo-Z7/sw/ws/system_wrapper/hw
TRACE::2022-08-02.13:06:14::SCWPlatform:: Platform Path D:/WorkRaduV/Projects/Zybo-Z7/sw/ws/system_wrapper/hw/system_wrapper.xsa
TRACE::2022-08-02.13:06:14::SCWPlatform:: Unique name xilinx:zybo-z7-20::0.0
TRACE::2022-08-02.13:06:14::SCWPlatform::Trying to set the existing hwdb with name system_wrapper
TRACE::2022-08-02.13:06:14::SCWPlatform::Opened existing hwdb system_wrapper
TRACE::2022-08-02.13:06:14::SCWPlatform::Found the Hw Db part of the input DSA
TRACE::2022-08-02.13:06:14::SCWMssOS::Checking the sw design at  D:/WorkRaduV/Projects/Zybo-Z7/sw/ws/system_wrapper/zynq_fsbl/zynq_fsbl_bsp/system.mss
TRACE::2022-08-02.13:06:14::SCWMssOS::DEBUG:  swdes dump  D:/WorkRaduV/Projects/Zybo-Z7/sw/ws/system_wrapper/ps7_cortexa9_0/domain_ps7_cortexa9_0/bsp/system.mss|system||
D:/WorkRaduV/Projects/Zybo-Z7/sw/ws/system_wrapper/zynq_fsbl/zynq_fsbl_bsp/system.mss|system_0||

TRACE::2022-08-02.13:06:14::SCWMssOS::Sw design exists and opened at  D:/WorkRaduV/Projects/Zybo-Z7/sw/ws/system_wrapper/zynq_fsbl/zynq_fsbl_bsp/system.mss
TRACE::2022-08-02.13:06:14::SCWPlatform::Trying to open the hw design at D:/WorkRaduV/Projects/Zybo-Z7/sw/ws/system_wrapper/hw/system_wrapper.xsa
TRACE::2022-08-02.13:06:14::SCWPlatform::DSA given D:/WorkRaduV/Projects/Zybo-Z7/sw/ws/system_wrapper/hw/system_wrapper.xsa
TRACE::2022-08-02.13:06:14::SCWPlatform::DSA absoulate path D:/WorkRaduV/Projects/Zybo-Z7/sw/ws/system_wrapper/hw/system_wrapper.xsa
TRACE::2022-08-02.13:06:14::SCWPlatform::DSA directory D:/WorkRaduV/Projects/Zybo-Z7/sw/ws/system_wrapper/hw
TRACE::2022-08-02.13:06:14::SCWPlatform:: Platform Path D:/WorkRaduV/Projects/Zybo-Z7/sw/ws/system_wrapper/hw/system_wrapper.xsa
TRACE::2022-08-02.13:06:14::SCWPlatform:: Unique name xilinx:zybo-z7-20::0.0
TRACE::2022-08-02.13:06:14::SCWPlatform::Trying to set the existing hwdb with name system_wrapper
TRACE::2022-08-02.13:06:14::SCWPlatform::Opened existing hwdb system_wrapper
TRACE::2022-08-02.13:06:14::SCWPlatform::Found the Hw Db part of the input DSA
TRACE::2022-08-02.13:06:14::SCWMssOS::Checking the sw design at  D:/WorkRaduV/Projects/Zybo-Z7/sw/ws/system_wrapper/zynq_fsbl/zynq_fsbl_bsp/system.mss
TRACE::2022-08-02.13:06:14::SCWMssOS::DEBUG:  swdes dump  D:/WorkRaduV/Projects/Zybo-Z7/sw/ws/system_wrapper/ps7_cortexa9_0/domain_ps7_cortexa9_0/bsp/system.mss|system||
D:/WorkRaduV/Projects/Zybo-Z7/sw/ws/system_wrapper/zynq_fsbl/zynq_fsbl_bsp/system.mss|system_0||

TRACE::2022-08-02.13:06:14::SCWMssOS::Sw design exists and opened at  D:/WorkRaduV/Projects/Zybo-Z7/sw/ws/system_wrapper/zynq_fsbl/zynq_fsbl_bsp/system.mss
TRACE::2022-08-02.13:06:14::SCWPlatform::Trying to open the hw design at D:/WorkRaduV/Projects/Zybo-Z7/sw/ws/system_wrapper/hw/system_wrapper.xsa
TRACE::2022-08-02.13:06:14::SCWPlatform::DSA given D:/WorkRaduV/Projects/Zybo-Z7/sw/ws/system_wrapper/hw/system_wrapper.xsa
TRACE::2022-08-02.13:06:14::SCWPlatform::DSA absoulate path D:/WorkRaduV/Projects/Zybo-Z7/sw/ws/system_wrapper/hw/system_wrapper.xsa
TRACE::2022-08-02.13:06:14::SCWPlatform::DSA directory D:/WorkRaduV/Projects/Zybo-Z7/sw/ws/system_wrapper/hw
TRACE::2022-08-02.13:06:14::SCWPlatform:: Platform Path D:/WorkRaduV/Projects/Zybo-Z7/sw/ws/system_wrapper/hw/system_wrapper.xsa
TRACE::2022-08-02.13:06:14::SCWPlatform:: Unique name xilinx:zybo-z7-20::0.0
TRACE::2022-08-02.13:06:14::SCWPlatform::Trying to set the existing hwdb with name system_wrapper
TRACE::2022-08-02.13:06:14::SCWPlatform::Opened existing hwdb system_wrapper
TRACE::2022-08-02.13:06:14::SCWPlatform::Found the Hw Db part of the input DSA
TRACE::2022-08-02.13:06:14::SCWMssOS::Checking the sw design at  D:/WorkRaduV/Projects/Zybo-Z7/sw/ws/system_wrapper/zynq_fsbl/zynq_fsbl_bsp/system.mss
TRACE::2022-08-02.13:06:14::SCWMssOS::DEBUG:  swdes dump  D:/WorkRaduV/Projects/Zybo-Z7/sw/ws/system_wrapper/ps7_cortexa9_0/domain_ps7_cortexa9_0/bsp/system.mss|system||
D:/WorkRaduV/Projects/Zybo-Z7/sw/ws/system_wrapper/zynq_fsbl/zynq_fsbl_bsp/system.mss|system_0||

TRACE::2022-08-02.13:06:14::SCWMssOS::Sw design exists and opened at  D:/WorkRaduV/Projects/Zybo-Z7/sw/ws/system_wrapper/zynq_fsbl/zynq_fsbl_bsp/system.mss
TRACE::2022-08-02.13:06:14::SCWPlatform::Trying to open the hw design at D:/WorkRaduV/Projects/Zybo-Z7/sw/ws/system_wrapper/hw/system_wrapper.xsa
TRACE::2022-08-02.13:06:14::SCWPlatform::DSA given D:/WorkRaduV/Projects/Zybo-Z7/sw/ws/system_wrapper/hw/system_wrapper.xsa
TRACE::2022-08-02.13:06:14::SCWPlatform::DSA absoulate path D:/WorkRaduV/Projects/Zybo-Z7/sw/ws/system_wrapper/hw/system_wrapper.xsa
TRACE::2022-08-02.13:06:14::SCWPlatform::DSA directory D:/WorkRaduV/Projects/Zybo-Z7/sw/ws/system_wrapper/hw
TRACE::2022-08-02.13:06:14::SCWPlatform:: Platform Path D:/WorkRaduV/Projects/Zybo-Z7/sw/ws/system_wrapper/hw/system_wrapper.xsa
TRACE::2022-08-02.13:06:14::SCWPlatform:: Unique name xilinx:zybo-z7-20::0.0
TRACE::2022-08-02.13:06:14::SCWPlatform::Trying to set the existing hwdb with name system_wrapper
TRACE::2022-08-02.13:06:14::SCWPlatform::Opened existing hwdb system_wrapper
TRACE::2022-08-02.13:06:14::SCWPlatform::Found the Hw Db part of the input DSA
TRACE::2022-08-02.13:06:14::SCWMssOS::Checking the sw design at  D:/WorkRaduV/Projects/Zybo-Z7/sw/ws/system_wrapper/zynq_fsbl/zynq_fsbl_bsp/system.mss
TRACE::2022-08-02.13:06:14::SCWMssOS::DEBUG:  swdes dump  D:/WorkRaduV/Projects/Zybo-Z7/sw/ws/system_wrapper/ps7_cortexa9_0/domain_ps7_cortexa9_0/bsp/system.mss|system||
D:/WorkRaduV/Projects/Zybo-Z7/sw/ws/system_wrapper/zynq_fsbl/zynq_fsbl_bsp/system.mss|system_0||

TRACE::2022-08-02.13:06:14::SCWMssOS::Sw design exists and opened at  D:/WorkRaduV/Projects/Zybo-Z7/sw/ws/system_wrapper/zynq_fsbl/zynq_fsbl_bsp/system.mss
TRACE::2022-08-02.13:06:14::SCWPlatform::Trying to open the hw design at D:/WorkRaduV/Projects/Zybo-Z7/sw/ws/system_wrapper/hw/system_wrapper.xsa
TRACE::2022-08-02.13:06:14::SCWPlatform::DSA given D:/WorkRaduV/Projects/Zybo-Z7/sw/ws/system_wrapper/hw/system_wrapper.xsa
TRACE::2022-08-02.13:06:14::SCWPlatform::DSA absoulate path D:/WorkRaduV/Projects/Zybo-Z7/sw/ws/system_wrapper/hw/system_wrapper.xsa
TRACE::2022-08-02.13:06:14::SCWPlatform::DSA directory D:/WorkRaduV/Projects/Zybo-Z7/sw/ws/system_wrapper/hw
TRACE::2022-08-02.13:06:14::SCWPlatform:: Platform Path D:/WorkRaduV/Projects/Zybo-Z7/sw/ws/system_wrapper/hw/system_wrapper.xsa
TRACE::2022-08-02.13:06:14::SCWPlatform:: Unique name xilinx:zybo-z7-20::0.0
TRACE::2022-08-02.13:06:14::SCWPlatform::Trying to set the existing hwdb with name system_wrapper
TRACE::2022-08-02.13:06:14::SCWPlatform::Opened existing hwdb system_wrapper
TRACE::2022-08-02.13:06:14::SCWPlatform::Found the Hw Db part of the input DSA
TRACE::2022-08-02.13:06:14::SCWMssOS::Checking the sw design at  D:/WorkRaduV/Projects/Zybo-Z7/sw/ws/system_wrapper/zynq_fsbl/zynq_fsbl_bsp/system.mss
TRACE::2022-08-02.13:06:14::SCWMssOS::DEBUG:  swdes dump  D:/WorkRaduV/Projects/Zybo-Z7/sw/ws/system_wrapper/ps7_cortexa9_0/domain_ps7_cortexa9_0/bsp/system.mss|system||
D:/WorkRaduV/Projects/Zybo-Z7/sw/ws/system_wrapper/zynq_fsbl/zynq_fsbl_bsp/system.mss|system_0||

TRACE::2022-08-02.13:06:14::SCWMssOS::Sw design exists and opened at  D:/WorkRaduV/Projects/Zybo-Z7/sw/ws/system_wrapper/zynq_fsbl/zynq_fsbl_bsp/system.mss
TRACE::2022-08-02.13:06:14::SCWPlatform::Trying to open the hw design at D:/WorkRaduV/Projects/Zybo-Z7/sw/ws/system_wrapper/hw/system_wrapper.xsa
TRACE::2022-08-02.13:06:14::SCWPlatform::DSA given D:/WorkRaduV/Projects/Zybo-Z7/sw/ws/system_wrapper/hw/system_wrapper.xsa
TRACE::2022-08-02.13:06:14::SCWPlatform::DSA absoulate path D:/WorkRaduV/Projects/Zybo-Z7/sw/ws/system_wrapper/hw/system_wrapper.xsa
TRACE::2022-08-02.13:06:14::SCWPlatform::DSA directory D:/WorkRaduV/Projects/Zybo-Z7/sw/ws/system_wrapper/hw
TRACE::2022-08-02.13:06:14::SCWPlatform:: Platform Path D:/WorkRaduV/Projects/Zybo-Z7/sw/ws/system_wrapper/hw/system_wrapper.xsa
TRACE::2022-08-02.13:06:14::SCWPlatform:: Unique name xilinx:zybo-z7-20::0.0
TRACE::2022-08-02.13:06:14::SCWPlatform::Trying to set the existing hwdb with name system_wrapper
TRACE::2022-08-02.13:06:14::SCWPlatform::Opened existing hwdb system_wrapper
TRACE::2022-08-02.13:06:14::SCWPlatform::Found the Hw Db part of the input DSA
TRACE::2022-08-02.13:06:14::SCWMssOS::Checking the sw design at  D:/WorkRaduV/Projects/Zybo-Z7/sw/ws/system_wrapper/zynq_fsbl/zynq_fsbl_bsp/system.mss
TRACE::2022-08-02.13:06:14::SCWMssOS::DEBUG:  swdes dump  D:/WorkRaduV/Projects/Zybo-Z7/sw/ws/system_wrapper/ps7_cortexa9_0/domain_ps7_cortexa9_0/bsp/system.mss|system||
D:/WorkRaduV/Projects/Zybo-Z7/sw/ws/system_wrapper/zynq_fsbl/zynq_fsbl_bsp/system.mss|system_0||

TRACE::2022-08-02.13:06:14::SCWMssOS::Sw design exists and opened at  D:/WorkRaduV/Projects/Zybo-Z7/sw/ws/system_wrapper/zynq_fsbl/zynq_fsbl_bsp/system.mss
TRACE::2022-08-02.13:06:14::SCWPlatform::Trying to open the hw design at D:/WorkRaduV/Projects/Zybo-Z7/sw/ws/system_wrapper/hw/system_wrapper.xsa
TRACE::2022-08-02.13:06:14::SCWPlatform::DSA given D:/WorkRaduV/Projects/Zybo-Z7/sw/ws/system_wrapper/hw/system_wrapper.xsa
TRACE::2022-08-02.13:06:14::SCWPlatform::DSA absoulate path D:/WorkRaduV/Projects/Zybo-Z7/sw/ws/system_wrapper/hw/system_wrapper.xsa
TRACE::2022-08-02.13:06:14::SCWPlatform::DSA directory D:/WorkRaduV/Projects/Zybo-Z7/sw/ws/system_wrapper/hw
TRACE::2022-08-02.13:06:14::SCWPlatform:: Platform Path D:/WorkRaduV/Projects/Zybo-Z7/sw/ws/system_wrapper/hw/system_wrapper.xsa
TRACE::2022-08-02.13:06:14::SCWPlatform:: Unique name xilinx:zybo-z7-20::0.0
TRACE::2022-08-02.13:06:14::SCWPlatform::Trying to set the existing hwdb with name system_wrapper
TRACE::2022-08-02.13:06:14::SCWPlatform::Opened existing hwdb system_wrapper
TRACE::2022-08-02.13:06:14::SCWPlatform::Found the Hw Db part of the input DSA
TRACE::2022-08-02.13:06:14::SCWMssOS::Checking the sw design at  D:/WorkRaduV/Projects/Zybo-Z7/sw/ws/system_wrapper/zynq_fsbl/zynq_fsbl_bsp/system.mss
TRACE::2022-08-02.13:06:14::SCWMssOS::DEBUG:  swdes dump  D:/WorkRaduV/Projects/Zybo-Z7/sw/ws/system_wrapper/ps7_cortexa9_0/domain_ps7_cortexa9_0/bsp/system.mss|system||
D:/WorkRaduV/Projects/Zybo-Z7/sw/ws/system_wrapper/zynq_fsbl/zynq_fsbl_bsp/system.mss|system_0||

TRACE::2022-08-02.13:06:14::SCWMssOS::Sw design exists and opened at  D:/WorkRaduV/Projects/Zybo-Z7/sw/ws/system_wrapper/zynq_fsbl/zynq_fsbl_bsp/system.mss
TRACE::2022-08-02.13:06:14::SCWPlatform::Trying to open the hw design at D:/WorkRaduV/Projects/Zybo-Z7/sw/ws/system_wrapper/hw/system_wrapper.xsa
TRACE::2022-08-02.13:06:14::SCWPlatform::DSA given D:/WorkRaduV/Projects/Zybo-Z7/sw/ws/system_wrapper/hw/system_wrapper.xsa
TRACE::2022-08-02.13:06:14::SCWPlatform::DSA absoulate path D:/WorkRaduV/Projects/Zybo-Z7/sw/ws/system_wrapper/hw/system_wrapper.xsa
TRACE::2022-08-02.13:06:14::SCWPlatform::DSA directory D:/WorkRaduV/Projects/Zybo-Z7/sw/ws/system_wrapper/hw
TRACE::2022-08-02.13:06:14::SCWPlatform:: Platform Path D:/WorkRaduV/Projects/Zybo-Z7/sw/ws/system_wrapper/hw/system_wrapper.xsa
TRACE::2022-08-02.13:06:14::SCWPlatform:: Unique name xilinx:zybo-z7-20::0.0
TRACE::2022-08-02.13:06:14::SCWPlatform::Trying to set the existing hwdb with name system_wrapper
TRACE::2022-08-02.13:06:14::SCWPlatform::Opened existing hwdb system_wrapper
TRACE::2022-08-02.13:06:14::SCWPlatform::Found the Hw Db part of the input DSA
TRACE::2022-08-02.13:06:14::SCWMssOS::Checking the sw design at  D:/WorkRaduV/Projects/Zybo-Z7/sw/ws/system_wrapper/zynq_fsbl/zynq_fsbl_bsp/system.mss
TRACE::2022-08-02.13:06:14::SCWMssOS::DEBUG:  swdes dump  D:/WorkRaduV/Projects/Zybo-Z7/sw/ws/system_wrapper/ps7_cortexa9_0/domain_ps7_cortexa9_0/bsp/system.mss|system||
D:/WorkRaduV/Projects/Zybo-Z7/sw/ws/system_wrapper/zynq_fsbl/zynq_fsbl_bsp/system.mss|system_0||

TRACE::2022-08-02.13:06:14::SCWMssOS::Sw design exists and opened at  D:/WorkRaduV/Projects/Zybo-Z7/sw/ws/system_wrapper/zynq_fsbl/zynq_fsbl_bsp/system.mss
TRACE::2022-08-02.13:06:14::SCWPlatform::Trying to open the hw design at D:/WorkRaduV/Projects/Zybo-Z7/sw/ws/system_wrapper/hw/system_wrapper.xsa
TRACE::2022-08-02.13:06:14::SCWPlatform::DSA given D:/WorkRaduV/Projects/Zybo-Z7/sw/ws/system_wrapper/hw/system_wrapper.xsa
TRACE::2022-08-02.13:06:14::SCWPlatform::DSA absoulate path D:/WorkRaduV/Projects/Zybo-Z7/sw/ws/system_wrapper/hw/system_wrapper.xsa
TRACE::2022-08-02.13:06:14::SCWPlatform::DSA directory D:/WorkRaduV/Projects/Zybo-Z7/sw/ws/system_wrapper/hw
TRACE::2022-08-02.13:06:14::SCWPlatform:: Platform Path D:/WorkRaduV/Projects/Zybo-Z7/sw/ws/system_wrapper/hw/system_wrapper.xsa
TRACE::2022-08-02.13:06:14::SCWPlatform:: Unique name xilinx:zybo-z7-20::0.0
TRACE::2022-08-02.13:06:14::SCWPlatform::Trying to set the existing hwdb with name system_wrapper
TRACE::2022-08-02.13:06:14::SCWPlatform::Opened existing hwdb system_wrapper
TRACE::2022-08-02.13:06:14::SCWPlatform::Found the Hw Db part of the input DSA
TRACE::2022-08-02.13:06:14::SCWMssOS::Checking the sw design at  D:/WorkRaduV/Projects/Zybo-Z7/sw/ws/system_wrapper/zynq_fsbl/zynq_fsbl_bsp/system.mss
TRACE::2022-08-02.13:06:14::SCWMssOS::DEBUG:  swdes dump  D:/WorkRaduV/Projects/Zybo-Z7/sw/ws/system_wrapper/ps7_cortexa9_0/domain_ps7_cortexa9_0/bsp/system.mss|system||
D:/WorkRaduV/Projects/Zybo-Z7/sw/ws/system_wrapper/zynq_fsbl/zynq_fsbl_bsp/system.mss|system_0||

TRACE::2022-08-02.13:06:14::SCWMssOS::Sw design exists and opened at  D:/WorkRaduV/Projects/Zybo-Z7/sw/ws/system_wrapper/zynq_fsbl/zynq_fsbl_bsp/system.mss
TRACE::2022-08-02.13:06:14::SCWPlatform::Trying to open the hw design at D:/WorkRaduV/Projects/Zybo-Z7/sw/ws/system_wrapper/hw/system_wrapper.xsa
TRACE::2022-08-02.13:06:14::SCWPlatform::DSA given D:/WorkRaduV/Projects/Zybo-Z7/sw/ws/system_wrapper/hw/system_wrapper.xsa
TRACE::2022-08-02.13:06:14::SCWPlatform::DSA absoulate path D:/WorkRaduV/Projects/Zybo-Z7/sw/ws/system_wrapper/hw/system_wrapper.xsa
TRACE::2022-08-02.13:06:14::SCWPlatform::DSA directory D:/WorkRaduV/Projects/Zybo-Z7/sw/ws/system_wrapper/hw
TRACE::2022-08-02.13:06:14::SCWPlatform:: Platform Path D:/WorkRaduV/Projects/Zybo-Z7/sw/ws/system_wrapper/hw/system_wrapper.xsa
TRACE::2022-08-02.13:06:14::SCWPlatform:: Unique name xilinx:zybo-z7-20::0.0
TRACE::2022-08-02.13:06:14::SCWPlatform::Trying to set the existing hwdb with name system_wrapper
TRACE::2022-08-02.13:06:14::SCWPlatform::Opened existing hwdb system_wrapper
TRACE::2022-08-02.13:06:14::SCWPlatform::Found the Hw Db part of the input DSA
TRACE::2022-08-02.13:06:14::SCWMssOS::Checking the sw design at  D:/WorkRaduV/Projects/Zybo-Z7/sw/ws/system_wrapper/zynq_fsbl/zynq_fsbl_bsp/system.mss
TRACE::2022-08-02.13:06:14::SCWMssOS::DEBUG:  swdes dump  D:/WorkRaduV/Projects/Zybo-Z7/sw/ws/system_wrapper/ps7_cortexa9_0/domain_ps7_cortexa9_0/bsp/system.mss|system||
D:/WorkRaduV/Projects/Zybo-Z7/sw/ws/system_wrapper/zynq_fsbl/zynq_fsbl_bsp/system.mss|system_0||

TRACE::2022-08-02.13:06:14::SCWMssOS::Sw design exists and opened at  D:/WorkRaduV/Projects/Zybo-Z7/sw/ws/system_wrapper/zynq_fsbl/zynq_fsbl_bsp/system.mss
TRACE::2022-08-02.13:06:14::SCWPlatform::Trying to open the hw design at D:/WorkRaduV/Projects/Zybo-Z7/sw/ws/system_wrapper/hw/system_wrapper.xsa
TRACE::2022-08-02.13:06:14::SCWPlatform::DSA given D:/WorkRaduV/Projects/Zybo-Z7/sw/ws/system_wrapper/hw/system_wrapper.xsa
TRACE::2022-08-02.13:06:14::SCWPlatform::DSA absoulate path D:/WorkRaduV/Projects/Zybo-Z7/sw/ws/system_wrapper/hw/system_wrapper.xsa
TRACE::2022-08-02.13:06:14::SCWPlatform::DSA directory D:/WorkRaduV/Projects/Zybo-Z7/sw/ws/system_wrapper/hw
TRACE::2022-08-02.13:06:14::SCWPlatform:: Platform Path D:/WorkRaduV/Projects/Zybo-Z7/sw/ws/system_wrapper/hw/system_wrapper.xsa
TRACE::2022-08-02.13:06:14::SCWPlatform:: Unique name xilinx:zybo-z7-20::0.0
TRACE::2022-08-02.13:06:14::SCWPlatform::Trying to set the existing hwdb with name system_wrapper
TRACE::2022-08-02.13:06:14::SCWPlatform::Opened existing hwdb system_wrapper
TRACE::2022-08-02.13:06:14::SCWPlatform::Found the Hw Db part of the input DSA
TRACE::2022-08-02.13:06:14::SCWMssOS::Checking the sw design at  D:/WorkRaduV/Projects/Zybo-Z7/sw/ws/system_wrapper/zynq_fsbl/zynq_fsbl_bsp/system.mss
TRACE::2022-08-02.13:06:14::SCWMssOS::DEBUG:  swdes dump  D:/WorkRaduV/Projects/Zybo-Z7/sw/ws/system_wrapper/ps7_cortexa9_0/domain_ps7_cortexa9_0/bsp/system.mss|system||
D:/WorkRaduV/Projects/Zybo-Z7/sw/ws/system_wrapper/zynq_fsbl/zynq_fsbl_bsp/system.mss|system_0||

TRACE::2022-08-02.13:06:14::SCWMssOS::Sw design exists and opened at  D:/WorkRaduV/Projects/Zybo-Z7/sw/ws/system_wrapper/zynq_fsbl/zynq_fsbl_bsp/system.mss
TRACE::2022-08-02.13:06:14::SCWPlatform::Trying to open the hw design at D:/WorkRaduV/Projects/Zybo-Z7/sw/ws/system_wrapper/hw/system_wrapper.xsa
TRACE::2022-08-02.13:06:14::SCWPlatform::DSA given D:/WorkRaduV/Projects/Zybo-Z7/sw/ws/system_wrapper/hw/system_wrapper.xsa
TRACE::2022-08-02.13:06:14::SCWPlatform::DSA absoulate path D:/WorkRaduV/Projects/Zybo-Z7/sw/ws/system_wrapper/hw/system_wrapper.xsa
TRACE::2022-08-02.13:06:14::SCWPlatform::DSA directory D:/WorkRaduV/Projects/Zybo-Z7/sw/ws/system_wrapper/hw
TRACE::2022-08-02.13:06:14::SCWPlatform:: Platform Path D:/WorkRaduV/Projects/Zybo-Z7/sw/ws/system_wrapper/hw/system_wrapper.xsa
TRACE::2022-08-02.13:06:14::SCWPlatform:: Unique name xilinx:zybo-z7-20::0.0
TRACE::2022-08-02.13:06:14::SCWPlatform::Trying to set the existing hwdb with name system_wrapper
TRACE::2022-08-02.13:06:14::SCWPlatform::Opened existing hwdb system_wrapper
TRACE::2022-08-02.13:06:14::SCWPlatform::Found the Hw Db part of the input DSA
TRACE::2022-08-02.13:06:14::SCWMssOS::Checking the sw design at  D:/WorkRaduV/Projects/Zybo-Z7/sw/ws/system_wrapper/zynq_fsbl/zynq_fsbl_bsp/system.mss
TRACE::2022-08-02.13:06:14::SCWMssOS::DEBUG:  swdes dump  D:/WorkRaduV/Projects/Zybo-Z7/sw/ws/system_wrapper/ps7_cortexa9_0/domain_ps7_cortexa9_0/bsp/system.mss|system||
D:/WorkRaduV/Projects/Zybo-Z7/sw/ws/system_wrapper/zynq_fsbl/zynq_fsbl_bsp/system.mss|system_0||

TRACE::2022-08-02.13:06:14::SCWMssOS::Sw design exists and opened at  D:/WorkRaduV/Projects/Zybo-Z7/sw/ws/system_wrapper/zynq_fsbl/zynq_fsbl_bsp/system.mss
TRACE::2022-08-02.13:06:14::SCWPlatform::Trying to open the hw design at D:/WorkRaduV/Projects/Zybo-Z7/sw/ws/system_wrapper/hw/system_wrapper.xsa
TRACE::2022-08-02.13:06:14::SCWPlatform::DSA given D:/WorkRaduV/Projects/Zybo-Z7/sw/ws/system_wrapper/hw/system_wrapper.xsa
TRACE::2022-08-02.13:06:14::SCWPlatform::DSA absoulate path D:/WorkRaduV/Projects/Zybo-Z7/sw/ws/system_wrapper/hw/system_wrapper.xsa
TRACE::2022-08-02.13:06:14::SCWPlatform::DSA directory D:/WorkRaduV/Projects/Zybo-Z7/sw/ws/system_wrapper/hw
TRACE::2022-08-02.13:06:14::SCWPlatform:: Platform Path D:/WorkRaduV/Projects/Zybo-Z7/sw/ws/system_wrapper/hw/system_wrapper.xsa
TRACE::2022-08-02.13:06:14::SCWPlatform:: Unique name xilinx:zybo-z7-20::0.0
TRACE::2022-08-02.13:06:14::SCWPlatform::Trying to set the existing hwdb with name system_wrapper
TRACE::2022-08-02.13:06:14::SCWPlatform::Opened existing hwdb system_wrapper
TRACE::2022-08-02.13:06:14::SCWPlatform::Found the Hw Db part of the input DSA
TRACE::2022-08-02.13:06:14::SCWMssOS::Checking the sw design at  D:/WorkRaduV/Projects/Zybo-Z7/sw/ws/system_wrapper/zynq_fsbl/zynq_fsbl_bsp/system.mss
TRACE::2022-08-02.13:06:14::SCWMssOS::DEBUG:  swdes dump  D:/WorkRaduV/Projects/Zybo-Z7/sw/ws/system_wrapper/ps7_cortexa9_0/domain_ps7_cortexa9_0/bsp/system.mss|system||
D:/WorkRaduV/Projects/Zybo-Z7/sw/ws/system_wrapper/zynq_fsbl/zynq_fsbl_bsp/system.mss|system_0||

TRACE::2022-08-02.13:06:14::SCWMssOS::Sw design exists and opened at  D:/WorkRaduV/Projects/Zybo-Z7/sw/ws/system_wrapper/zynq_fsbl/zynq_fsbl_bsp/system.mss
TRACE::2022-08-02.13:06:14::SCWPlatform::Trying to open the hw design at D:/WorkRaduV/Projects/Zybo-Z7/sw/ws/system_wrapper/hw/system_wrapper.xsa
TRACE::2022-08-02.13:06:14::SCWPlatform::DSA given D:/WorkRaduV/Projects/Zybo-Z7/sw/ws/system_wrapper/hw/system_wrapper.xsa
TRACE::2022-08-02.13:06:14::SCWPlatform::DSA absoulate path D:/WorkRaduV/Projects/Zybo-Z7/sw/ws/system_wrapper/hw/system_wrapper.xsa
TRACE::2022-08-02.13:06:14::SCWPlatform::DSA directory D:/WorkRaduV/Projects/Zybo-Z7/sw/ws/system_wrapper/hw
TRACE::2022-08-02.13:06:14::SCWPlatform:: Platform Path D:/WorkRaduV/Projects/Zybo-Z7/sw/ws/system_wrapper/hw/system_wrapper.xsa
TRACE::2022-08-02.13:06:14::SCWPlatform:: Unique name xilinx:zybo-z7-20::0.0
TRACE::2022-08-02.13:06:14::SCWPlatform::Trying to set the existing hwdb with name system_wrapper
TRACE::2022-08-02.13:06:14::SCWPlatform::Opened existing hwdb system_wrapper
TRACE::2022-08-02.13:06:14::SCWPlatform::Found the Hw Db part of the input DSA
TRACE::2022-08-02.13:06:14::SCWMssOS::Checking the sw design at  D:/WorkRaduV/Projects/Zybo-Z7/sw/ws/system_wrapper/zynq_fsbl/zynq_fsbl_bsp/system.mss
TRACE::2022-08-02.13:06:14::SCWMssOS::DEBUG:  swdes dump  D:/WorkRaduV/Projects/Zybo-Z7/sw/ws/system_wrapper/ps7_cortexa9_0/domain_ps7_cortexa9_0/bsp/system.mss|system||
D:/WorkRaduV/Projects/Zybo-Z7/sw/ws/system_wrapper/zynq_fsbl/zynq_fsbl_bsp/system.mss|system_0||

TRACE::2022-08-02.13:06:14::SCWMssOS::Sw design exists and opened at  D:/WorkRaduV/Projects/Zybo-Z7/sw/ws/system_wrapper/zynq_fsbl/zynq_fsbl_bsp/system.mss
TRACE::2022-08-02.13:06:14::SCWPlatform::Trying to open the hw design at D:/WorkRaduV/Projects/Zybo-Z7/sw/ws/system_wrapper/hw/system_wrapper.xsa
TRACE::2022-08-02.13:06:14::SCWPlatform::DSA given D:/WorkRaduV/Projects/Zybo-Z7/sw/ws/system_wrapper/hw/system_wrapper.xsa
TRACE::2022-08-02.13:06:14::SCWPlatform::DSA absoulate path D:/WorkRaduV/Projects/Zybo-Z7/sw/ws/system_wrapper/hw/system_wrapper.xsa
TRACE::2022-08-02.13:06:14::SCWPlatform::DSA directory D:/WorkRaduV/Projects/Zybo-Z7/sw/ws/system_wrapper/hw
TRACE::2022-08-02.13:06:14::SCWPlatform:: Platform Path D:/WorkRaduV/Projects/Zybo-Z7/sw/ws/system_wrapper/hw/system_wrapper.xsa
TRACE::2022-08-02.13:06:14::SCWPlatform:: Unique name xilinx:zybo-z7-20::0.0
TRACE::2022-08-02.13:06:14::SCWPlatform::Trying to set the existing hwdb with name system_wrapper
TRACE::2022-08-02.13:06:14::SCWPlatform::Opened existing hwdb system_wrapper
TRACE::2022-08-02.13:06:14::SCWPlatform::Found the Hw Db part of the input DSA
TRACE::2022-08-02.13:06:14::SCWMssOS::Checking the sw design at  D:/WorkRaduV/Projects/Zybo-Z7/sw/ws/system_wrapper/zynq_fsbl/zynq_fsbl_bsp/system.mss
TRACE::2022-08-02.13:06:14::SCWMssOS::DEBUG:  swdes dump  D:/WorkRaduV/Projects/Zybo-Z7/sw/ws/system_wrapper/ps7_cortexa9_0/domain_ps7_cortexa9_0/bsp/system.mss|system||
D:/WorkRaduV/Projects/Zybo-Z7/sw/ws/system_wrapper/zynq_fsbl/zynq_fsbl_bsp/system.mss|system_0||

TRACE::2022-08-02.13:06:14::SCWMssOS::Sw design exists and opened at  D:/WorkRaduV/Projects/Zybo-Z7/sw/ws/system_wrapper/zynq_fsbl/zynq_fsbl_bsp/system.mss
TRACE::2022-08-02.13:06:14::SCWPlatform::Trying to open the hw design at D:/WorkRaduV/Projects/Zybo-Z7/sw/ws/system_wrapper/hw/system_wrapper.xsa
TRACE::2022-08-02.13:06:14::SCWPlatform::DSA given D:/WorkRaduV/Projects/Zybo-Z7/sw/ws/system_wrapper/hw/system_wrapper.xsa
TRACE::2022-08-02.13:06:14::SCWPlatform::DSA absoulate path D:/WorkRaduV/Projects/Zybo-Z7/sw/ws/system_wrapper/hw/system_wrapper.xsa
TRACE::2022-08-02.13:06:14::SCWPlatform::DSA directory D:/WorkRaduV/Projects/Zybo-Z7/sw/ws/system_wrapper/hw
TRACE::2022-08-02.13:06:14::SCWPlatform:: Platform Path D:/WorkRaduV/Projects/Zybo-Z7/sw/ws/system_wrapper/hw/system_wrapper.xsa
TRACE::2022-08-02.13:06:14::SCWPlatform:: Unique name xilinx:zybo-z7-20::0.0
TRACE::2022-08-02.13:06:14::SCWPlatform::Trying to set the existing hwdb with name system_wrapper
TRACE::2022-08-02.13:06:14::SCWPlatform::Opened existing hwdb system_wrapper
TRACE::2022-08-02.13:06:14::SCWPlatform::Found the Hw Db part of the input DSA
TRACE::2022-08-02.13:06:14::SCWMssOS::Checking the sw design at  D:/WorkRaduV/Projects/Zybo-Z7/sw/ws/system_wrapper/zynq_fsbl/zynq_fsbl_bsp/system.mss
TRACE::2022-08-02.13:06:14::SCWMssOS::DEBUG:  swdes dump  D:/WorkRaduV/Projects/Zybo-Z7/sw/ws/system_wrapper/ps7_cortexa9_0/domain_ps7_cortexa9_0/bsp/system.mss|system||
D:/WorkRaduV/Projects/Zybo-Z7/sw/ws/system_wrapper/zynq_fsbl/zynq_fsbl_bsp/system.mss|system_0||

TRACE::2022-08-02.13:06:14::SCWMssOS::Sw design exists and opened at  D:/WorkRaduV/Projects/Zybo-Z7/sw/ws/system_wrapper/zynq_fsbl/zynq_fsbl_bsp/system.mss
TRACE::2022-08-02.13:06:14::SCWPlatform::Trying to open the hw design at D:/WorkRaduV/Projects/Zybo-Z7/sw/ws/system_wrapper/hw/system_wrapper.xsa
TRACE::2022-08-02.13:06:14::SCWPlatform::DSA given D:/WorkRaduV/Projects/Zybo-Z7/sw/ws/system_wrapper/hw/system_wrapper.xsa
TRACE::2022-08-02.13:06:14::SCWPlatform::DSA absoulate path D:/WorkRaduV/Projects/Zybo-Z7/sw/ws/system_wrapper/hw/system_wrapper.xsa
TRACE::2022-08-02.13:06:14::SCWPlatform::DSA directory D:/WorkRaduV/Projects/Zybo-Z7/sw/ws/system_wrapper/hw
TRACE::2022-08-02.13:06:14::SCWPlatform:: Platform Path D:/WorkRaduV/Projects/Zybo-Z7/sw/ws/system_wrapper/hw/system_wrapper.xsa
TRACE::2022-08-02.13:06:14::SCWPlatform:: Unique name xilinx:zybo-z7-20::0.0
TRACE::2022-08-02.13:06:14::SCWPlatform::Trying to set the existing hwdb with name system_wrapper
TRACE::2022-08-02.13:06:14::SCWPlatform::Opened existing hwdb system_wrapper
TRACE::2022-08-02.13:06:14::SCWPlatform::Found the Hw Db part of the input DSA
TRACE::2022-08-02.13:06:14::SCWMssOS::Checking the sw design at  D:/WorkRaduV/Projects/Zybo-Z7/sw/ws/system_wrapper/zynq_fsbl/zynq_fsbl_bsp/system.mss
TRACE::2022-08-02.13:06:14::SCWMssOS::DEBUG:  swdes dump  D:/WorkRaduV/Projects/Zybo-Z7/sw/ws/system_wrapper/ps7_cortexa9_0/domain_ps7_cortexa9_0/bsp/system.mss|system||
D:/WorkRaduV/Projects/Zybo-Z7/sw/ws/system_wrapper/zynq_fsbl/zynq_fsbl_bsp/system.mss|system_0||

TRACE::2022-08-02.13:06:14::SCWMssOS::Sw design exists and opened at  D:/WorkRaduV/Projects/Zybo-Z7/sw/ws/system_wrapper/zynq_fsbl/zynq_fsbl_bsp/system.mss
TRACE::2022-08-02.13:06:14::SCWPlatform::Trying to open the hw design at D:/WorkRaduV/Projects/Zybo-Z7/sw/ws/system_wrapper/hw/system_wrapper.xsa
TRACE::2022-08-02.13:06:14::SCWPlatform::DSA given D:/WorkRaduV/Projects/Zybo-Z7/sw/ws/system_wrapper/hw/system_wrapper.xsa
TRACE::2022-08-02.13:06:14::SCWPlatform::DSA absoulate path D:/WorkRaduV/Projects/Zybo-Z7/sw/ws/system_wrapper/hw/system_wrapper.xsa
TRACE::2022-08-02.13:06:14::SCWPlatform::DSA directory D:/WorkRaduV/Projects/Zybo-Z7/sw/ws/system_wrapper/hw
TRACE::2022-08-02.13:06:14::SCWPlatform:: Platform Path D:/WorkRaduV/Projects/Zybo-Z7/sw/ws/system_wrapper/hw/system_wrapper.xsa
TRACE::2022-08-02.13:06:14::SCWPlatform:: Unique name xilinx:zybo-z7-20::0.0
TRACE::2022-08-02.13:06:14::SCWPlatform::Trying to set the existing hwdb with name system_wrapper
TRACE::2022-08-02.13:06:14::SCWPlatform::Opened existing hwdb system_wrapper
TRACE::2022-08-02.13:06:14::SCWPlatform::Found the Hw Db part of the input DSA
TRACE::2022-08-02.13:06:14::SCWMssOS::Checking the sw design at  D:/WorkRaduV/Projects/Zybo-Z7/sw/ws/system_wrapper/zynq_fsbl/zynq_fsbl_bsp/system.mss
TRACE::2022-08-02.13:06:14::SCWMssOS::DEBUG:  swdes dump  D:/WorkRaduV/Projects/Zybo-Z7/sw/ws/system_wrapper/ps7_cortexa9_0/domain_ps7_cortexa9_0/bsp/system.mss|system||
D:/WorkRaduV/Projects/Zybo-Z7/sw/ws/system_wrapper/zynq_fsbl/zynq_fsbl_bsp/system.mss|system_0||

TRACE::2022-08-02.13:06:14::SCWMssOS::Sw design exists and opened at  D:/WorkRaduV/Projects/Zybo-Z7/sw/ws/system_wrapper/zynq_fsbl/zynq_fsbl_bsp/system.mss
TRACE::2022-08-02.13:06:14::SCWPlatform::Trying to open the hw design at D:/WorkRaduV/Projects/Zybo-Z7/sw/ws/system_wrapper/hw/system_wrapper.xsa
TRACE::2022-08-02.13:06:14::SCWPlatform::DSA given D:/WorkRaduV/Projects/Zybo-Z7/sw/ws/system_wrapper/hw/system_wrapper.xsa
TRACE::2022-08-02.13:06:14::SCWPlatform::DSA absoulate path D:/WorkRaduV/Projects/Zybo-Z7/sw/ws/system_wrapper/hw/system_wrapper.xsa
TRACE::2022-08-02.13:06:14::SCWPlatform::DSA directory D:/WorkRaduV/Projects/Zybo-Z7/sw/ws/system_wrapper/hw
TRACE::2022-08-02.13:06:14::SCWPlatform:: Platform Path D:/WorkRaduV/Projects/Zybo-Z7/sw/ws/system_wrapper/hw/system_wrapper.xsa
TRACE::2022-08-02.13:06:14::SCWPlatform:: Unique name xilinx:zybo-z7-20::0.0
TRACE::2022-08-02.13:06:14::SCWPlatform::Trying to set the existing hwdb with name system_wrapper
TRACE::2022-08-02.13:06:14::SCWPlatform::Opened existing hwdb system_wrapper
TRACE::2022-08-02.13:06:14::SCWPlatform::Found the Hw Db part of the input DSA
TRACE::2022-08-02.13:06:14::SCWMssOS::Checking the sw design at  D:/WorkRaduV/Projects/Zybo-Z7/sw/ws/system_wrapper/zynq_fsbl/zynq_fsbl_bsp/system.mss
TRACE::2022-08-02.13:06:14::SCWMssOS::DEBUG:  swdes dump  D:/WorkRaduV/Projects/Zybo-Z7/sw/ws/system_wrapper/ps7_cortexa9_0/domain_ps7_cortexa9_0/bsp/system.mss|system||
D:/WorkRaduV/Projects/Zybo-Z7/sw/ws/system_wrapper/zynq_fsbl/zynq_fsbl_bsp/system.mss|system_0||

TRACE::2022-08-02.13:06:14::SCWMssOS::Sw design exists and opened at  D:/WorkRaduV/Projects/Zybo-Z7/sw/ws/system_wrapper/zynq_fsbl/zynq_fsbl_bsp/system.mss
TRACE::2022-08-02.13:06:14::SCWPlatform::Trying to open the hw design at D:/WorkRaduV/Projects/Zybo-Z7/sw/ws/system_wrapper/hw/system_wrapper.xsa
TRACE::2022-08-02.13:06:14::SCWPlatform::DSA given D:/WorkRaduV/Projects/Zybo-Z7/sw/ws/system_wrapper/hw/system_wrapper.xsa
TRACE::2022-08-02.13:06:14::SCWPlatform::DSA absoulate path D:/WorkRaduV/Projects/Zybo-Z7/sw/ws/system_wrapper/hw/system_wrapper.xsa
TRACE::2022-08-02.13:06:14::SCWPlatform::DSA directory D:/WorkRaduV/Projects/Zybo-Z7/sw/ws/system_wrapper/hw
TRACE::2022-08-02.13:06:14::SCWPlatform:: Platform Path D:/WorkRaduV/Projects/Zybo-Z7/sw/ws/system_wrapper/hw/system_wrapper.xsa
TRACE::2022-08-02.13:06:14::SCWPlatform:: Unique name xilinx:zybo-z7-20::0.0
TRACE::2022-08-02.13:06:14::SCWPlatform::Trying to set the existing hwdb with name system_wrapper
TRACE::2022-08-02.13:06:14::SCWPlatform::Opened existing hwdb system_wrapper
TRACE::2022-08-02.13:06:14::SCWPlatform::Found the Hw Db part of the input DSA
TRACE::2022-08-02.13:06:14::SCWMssOS::Checking the sw design at  D:/WorkRaduV/Projects/Zybo-Z7/sw/ws/system_wrapper/zynq_fsbl/zynq_fsbl_bsp/system.mss
TRACE::2022-08-02.13:06:14::SCWMssOS::DEBUG:  swdes dump  D:/WorkRaduV/Projects/Zybo-Z7/sw/ws/system_wrapper/ps7_cortexa9_0/domain_ps7_cortexa9_0/bsp/system.mss|system||
D:/WorkRaduV/Projects/Zybo-Z7/sw/ws/system_wrapper/zynq_fsbl/zynq_fsbl_bsp/system.mss|system_0||

TRACE::2022-08-02.13:06:14::SCWMssOS::Sw design exists and opened at  D:/WorkRaduV/Projects/Zybo-Z7/sw/ws/system_wrapper/zynq_fsbl/zynq_fsbl_bsp/system.mss
TRACE::2022-08-02.13:06:14::SCWPlatform::Trying to open the hw design at D:/WorkRaduV/Projects/Zybo-Z7/sw/ws/system_wrapper/hw/system_wrapper.xsa
TRACE::2022-08-02.13:06:14::SCWPlatform::DSA given D:/WorkRaduV/Projects/Zybo-Z7/sw/ws/system_wrapper/hw/system_wrapper.xsa
TRACE::2022-08-02.13:06:14::SCWPlatform::DSA absoulate path D:/WorkRaduV/Projects/Zybo-Z7/sw/ws/system_wrapper/hw/system_wrapper.xsa
TRACE::2022-08-02.13:06:14::SCWPlatform::DSA directory D:/WorkRaduV/Projects/Zybo-Z7/sw/ws/system_wrapper/hw
TRACE::2022-08-02.13:06:14::SCWPlatform:: Platform Path D:/WorkRaduV/Projects/Zybo-Z7/sw/ws/system_wrapper/hw/system_wrapper.xsa
TRACE::2022-08-02.13:06:14::SCWPlatform:: Unique name xilinx:zybo-z7-20::0.0
TRACE::2022-08-02.13:06:14::SCWPlatform::Trying to set the existing hwdb with name system_wrapper
TRACE::2022-08-02.13:06:14::SCWPlatform::Opened existing hwdb system_wrapper
TRACE::2022-08-02.13:06:14::SCWPlatform::Found the Hw Db part of the input DSA
TRACE::2022-08-02.13:06:14::SCWMssOS::Checking the sw design at  D:/WorkRaduV/Projects/Zybo-Z7/sw/ws/system_wrapper/zynq_fsbl/zynq_fsbl_bsp/system.mss
TRACE::2022-08-02.13:06:14::SCWMssOS::DEBUG:  swdes dump  D:/WorkRaduV/Projects/Zybo-Z7/sw/ws/system_wrapper/ps7_cortexa9_0/domain_ps7_cortexa9_0/bsp/system.mss|system||
D:/WorkRaduV/Projects/Zybo-Z7/sw/ws/system_wrapper/zynq_fsbl/zynq_fsbl_bsp/system.mss|system_0||

TRACE::2022-08-02.13:06:14::SCWMssOS::Sw design exists and opened at  D:/WorkRaduV/Projects/Zybo-Z7/sw/ws/system_wrapper/zynq_fsbl/zynq_fsbl_bsp/system.mss
TRACE::2022-08-02.13:06:14::SCWPlatform::Trying to open the hw design at D:/WorkRaduV/Projects/Zybo-Z7/sw/ws/system_wrapper/hw/system_wrapper.xsa
TRACE::2022-08-02.13:06:14::SCWPlatform::DSA given D:/WorkRaduV/Projects/Zybo-Z7/sw/ws/system_wrapper/hw/system_wrapper.xsa
TRACE::2022-08-02.13:06:14::SCWPlatform::DSA absoulate path D:/WorkRaduV/Projects/Zybo-Z7/sw/ws/system_wrapper/hw/system_wrapper.xsa
TRACE::2022-08-02.13:06:14::SCWPlatform::DSA directory D:/WorkRaduV/Projects/Zybo-Z7/sw/ws/system_wrapper/hw
TRACE::2022-08-02.13:06:14::SCWPlatform:: Platform Path D:/WorkRaduV/Projects/Zybo-Z7/sw/ws/system_wrapper/hw/system_wrapper.xsa
TRACE::2022-08-02.13:06:14::SCWPlatform:: Unique name xilinx:zybo-z7-20::0.0
TRACE::2022-08-02.13:06:14::SCWPlatform::Trying to set the existing hwdb with name system_wrapper
TRACE::2022-08-02.13:06:14::SCWPlatform::Opened existing hwdb system_wrapper
TRACE::2022-08-02.13:06:14::SCWPlatform::Found the Hw Db part of the input DSA
TRACE::2022-08-02.13:06:14::SCWMssOS::Checking the sw design at  D:/WorkRaduV/Projects/Zybo-Z7/sw/ws/system_wrapper/zynq_fsbl/zynq_fsbl_bsp/system.mss
TRACE::2022-08-02.13:06:14::SCWMssOS::DEBUG:  swdes dump  D:/WorkRaduV/Projects/Zybo-Z7/sw/ws/system_wrapper/ps7_cortexa9_0/domain_ps7_cortexa9_0/bsp/system.mss|system||
D:/WorkRaduV/Projects/Zybo-Z7/sw/ws/system_wrapper/zynq_fsbl/zynq_fsbl_bsp/system.mss|system_0||

TRACE::2022-08-02.13:06:14::SCWMssOS::Sw design exists and opened at  D:/WorkRaduV/Projects/Zybo-Z7/sw/ws/system_wrapper/zynq_fsbl/zynq_fsbl_bsp/system.mss
TRACE::2022-08-02.13:06:14::SCWPlatform::Trying to open the hw design at D:/WorkRaduV/Projects/Zybo-Z7/sw/ws/system_wrapper/hw/system_wrapper.xsa
TRACE::2022-08-02.13:06:14::SCWPlatform::DSA given D:/WorkRaduV/Projects/Zybo-Z7/sw/ws/system_wrapper/hw/system_wrapper.xsa
TRACE::2022-08-02.13:06:14::SCWPlatform::DSA absoulate path D:/WorkRaduV/Projects/Zybo-Z7/sw/ws/system_wrapper/hw/system_wrapper.xsa
TRACE::2022-08-02.13:06:14::SCWPlatform::DSA directory D:/WorkRaduV/Projects/Zybo-Z7/sw/ws/system_wrapper/hw
TRACE::2022-08-02.13:06:14::SCWPlatform:: Platform Path D:/WorkRaduV/Projects/Zybo-Z7/sw/ws/system_wrapper/hw/system_wrapper.xsa
TRACE::2022-08-02.13:06:14::SCWPlatform:: Unique name xilinx:zybo-z7-20::0.0
TRACE::2022-08-02.13:06:14::SCWPlatform::Trying to set the existing hwdb with name system_wrapper
TRACE::2022-08-02.13:06:14::SCWPlatform::Opened existing hwdb system_wrapper
TRACE::2022-08-02.13:06:14::SCWPlatform::Found the Hw Db part of the input DSA
TRACE::2022-08-02.13:06:14::SCWMssOS::Checking the sw design at  D:/WorkRaduV/Projects/Zybo-Z7/sw/ws/system_wrapper/zynq_fsbl/zynq_fsbl_bsp/system.mss
TRACE::2022-08-02.13:06:14::SCWMssOS::DEBUG:  swdes dump  D:/WorkRaduV/Projects/Zybo-Z7/sw/ws/system_wrapper/ps7_cortexa9_0/domain_ps7_cortexa9_0/bsp/system.mss|system||
D:/WorkRaduV/Projects/Zybo-Z7/sw/ws/system_wrapper/zynq_fsbl/zynq_fsbl_bsp/system.mss|system_0||

TRACE::2022-08-02.13:06:14::SCWMssOS::Sw design exists and opened at  D:/WorkRaduV/Projects/Zybo-Z7/sw/ws/system_wrapper/zynq_fsbl/zynq_fsbl_bsp/system.mss
TRACE::2022-08-02.13:06:14::SCWPlatform::Trying to open the hw design at D:/WorkRaduV/Projects/Zybo-Z7/sw/ws/system_wrapper/hw/system_wrapper.xsa
TRACE::2022-08-02.13:06:14::SCWPlatform::DSA given D:/WorkRaduV/Projects/Zybo-Z7/sw/ws/system_wrapper/hw/system_wrapper.xsa
TRACE::2022-08-02.13:06:14::SCWPlatform::DSA absoulate path D:/WorkRaduV/Projects/Zybo-Z7/sw/ws/system_wrapper/hw/system_wrapper.xsa
TRACE::2022-08-02.13:06:14::SCWPlatform::DSA directory D:/WorkRaduV/Projects/Zybo-Z7/sw/ws/system_wrapper/hw
TRACE::2022-08-02.13:06:14::SCWPlatform:: Platform Path D:/WorkRaduV/Projects/Zybo-Z7/sw/ws/system_wrapper/hw/system_wrapper.xsa
TRACE::2022-08-02.13:06:14::SCWPlatform:: Unique name xilinx:zybo-z7-20::0.0
TRACE::2022-08-02.13:06:14::SCWPlatform::Trying to set the existing hwdb with name system_wrapper
TRACE::2022-08-02.13:06:14::SCWPlatform::Opened existing hwdb system_wrapper
TRACE::2022-08-02.13:06:14::SCWPlatform::Found the Hw Db part of the input DSA
TRACE::2022-08-02.13:06:14::SCWMssOS::Checking the sw design at  D:/WorkRaduV/Projects/Zybo-Z7/sw/ws/system_wrapper/zynq_fsbl/zynq_fsbl_bsp/system.mss
TRACE::2022-08-02.13:06:14::SCWMssOS::DEBUG:  swdes dump  D:/WorkRaduV/Projects/Zybo-Z7/sw/ws/system_wrapper/ps7_cortexa9_0/domain_ps7_cortexa9_0/bsp/system.mss|system||
D:/WorkRaduV/Projects/Zybo-Z7/sw/ws/system_wrapper/zynq_fsbl/zynq_fsbl_bsp/system.mss|system_0||

TRACE::2022-08-02.13:06:14::SCWMssOS::Sw design exists and opened at  D:/WorkRaduV/Projects/Zybo-Z7/sw/ws/system_wrapper/zynq_fsbl/zynq_fsbl_bsp/system.mss
TRACE::2022-08-02.13:06:14::SCWPlatform::Trying to open the hw design at D:/WorkRaduV/Projects/Zybo-Z7/sw/ws/system_wrapper/hw/system_wrapper.xsa
TRACE::2022-08-02.13:06:14::SCWPlatform::DSA given D:/WorkRaduV/Projects/Zybo-Z7/sw/ws/system_wrapper/hw/system_wrapper.xsa
TRACE::2022-08-02.13:06:14::SCWPlatform::DSA absoulate path D:/WorkRaduV/Projects/Zybo-Z7/sw/ws/system_wrapper/hw/system_wrapper.xsa
TRACE::2022-08-02.13:06:14::SCWPlatform::DSA directory D:/WorkRaduV/Projects/Zybo-Z7/sw/ws/system_wrapper/hw
TRACE::2022-08-02.13:06:14::SCWPlatform:: Platform Path D:/WorkRaduV/Projects/Zybo-Z7/sw/ws/system_wrapper/hw/system_wrapper.xsa
TRACE::2022-08-02.13:06:14::SCWPlatform:: Unique name xilinx:zybo-z7-20::0.0
TRACE::2022-08-02.13:06:14::SCWPlatform::Trying to set the existing hwdb with name system_wrapper
TRACE::2022-08-02.13:06:14::SCWPlatform::Opened existing hwdb system_wrapper
TRACE::2022-08-02.13:06:14::SCWPlatform::Found the Hw Db part of the input DSA
TRACE::2022-08-02.13:06:14::SCWMssOS::Checking the sw design at  D:/WorkRaduV/Projects/Zybo-Z7/sw/ws/system_wrapper/zynq_fsbl/zynq_fsbl_bsp/system.mss
TRACE::2022-08-02.13:06:14::SCWMssOS::DEBUG:  swdes dump  D:/WorkRaduV/Projects/Zybo-Z7/sw/ws/system_wrapper/ps7_cortexa9_0/domain_ps7_cortexa9_0/bsp/system.mss|system||
D:/WorkRaduV/Projects/Zybo-Z7/sw/ws/system_wrapper/zynq_fsbl/zynq_fsbl_bsp/system.mss|system_0||

TRACE::2022-08-02.13:06:14::SCWMssOS::Sw design exists and opened at  D:/WorkRaduV/Projects/Zybo-Z7/sw/ws/system_wrapper/zynq_fsbl/zynq_fsbl_bsp/system.mss
TRACE::2022-08-02.13:06:14::SCWPlatform::Trying to open the hw design at D:/WorkRaduV/Projects/Zybo-Z7/sw/ws/system_wrapper/hw/system_wrapper.xsa
TRACE::2022-08-02.13:06:14::SCWPlatform::DSA given D:/WorkRaduV/Projects/Zybo-Z7/sw/ws/system_wrapper/hw/system_wrapper.xsa
TRACE::2022-08-02.13:06:14::SCWPlatform::DSA absoulate path D:/WorkRaduV/Projects/Zybo-Z7/sw/ws/system_wrapper/hw/system_wrapper.xsa
TRACE::2022-08-02.13:06:14::SCWPlatform::DSA directory D:/WorkRaduV/Projects/Zybo-Z7/sw/ws/system_wrapper/hw
TRACE::2022-08-02.13:06:14::SCWPlatform:: Platform Path D:/WorkRaduV/Projects/Zybo-Z7/sw/ws/system_wrapper/hw/system_wrapper.xsa
TRACE::2022-08-02.13:06:14::SCWPlatform:: Unique name xilinx:zybo-z7-20::0.0
TRACE::2022-08-02.13:06:14::SCWPlatform::Trying to set the existing hwdb with name system_wrapper
TRACE::2022-08-02.13:06:14::SCWPlatform::Opened existing hwdb system_wrapper
TRACE::2022-08-02.13:06:14::SCWPlatform::Found the Hw Db part of the input DSA
TRACE::2022-08-02.13:06:14::SCWMssOS::Checking the sw design at  D:/WorkRaduV/Projects/Zybo-Z7/sw/ws/system_wrapper/zynq_fsbl/zynq_fsbl_bsp/system.mss
TRACE::2022-08-02.13:06:14::SCWMssOS::DEBUG:  swdes dump  D:/WorkRaduV/Projects/Zybo-Z7/sw/ws/system_wrapper/ps7_cortexa9_0/domain_ps7_cortexa9_0/bsp/system.mss|system||
D:/WorkRaduV/Projects/Zybo-Z7/sw/ws/system_wrapper/zynq_fsbl/zynq_fsbl_bsp/system.mss|system_0||

TRACE::2022-08-02.13:06:14::SCWMssOS::Sw design exists and opened at  D:/WorkRaduV/Projects/Zybo-Z7/sw/ws/system_wrapper/zynq_fsbl/zynq_fsbl_bsp/system.mss
TRACE::2022-08-02.13:06:14::SCWPlatform::Trying to open the hw design at D:/WorkRaduV/Projects/Zybo-Z7/sw/ws/system_wrapper/hw/system_wrapper.xsa
TRACE::2022-08-02.13:06:14::SCWPlatform::DSA given D:/WorkRaduV/Projects/Zybo-Z7/sw/ws/system_wrapper/hw/system_wrapper.xsa
TRACE::2022-08-02.13:06:14::SCWPlatform::DSA absoulate path D:/WorkRaduV/Projects/Zybo-Z7/sw/ws/system_wrapper/hw/system_wrapper.xsa
TRACE::2022-08-02.13:06:14::SCWPlatform::DSA directory D:/WorkRaduV/Projects/Zybo-Z7/sw/ws/system_wrapper/hw
TRACE::2022-08-02.13:06:14::SCWPlatform:: Platform Path D:/WorkRaduV/Projects/Zybo-Z7/sw/ws/system_wrapper/hw/system_wrapper.xsa
TRACE::2022-08-02.13:06:14::SCWPlatform:: Unique name xilinx:zybo-z7-20::0.0
TRACE::2022-08-02.13:06:14::SCWPlatform::Trying to set the existing hwdb with name system_wrapper
TRACE::2022-08-02.13:06:14::SCWPlatform::Opened existing hwdb system_wrapper
TRACE::2022-08-02.13:06:14::SCWPlatform::Found the Hw Db part of the input DSA
TRACE::2022-08-02.13:06:14::SCWMssOS::Checking the sw design at  D:/WorkRaduV/Projects/Zybo-Z7/sw/ws/system_wrapper/zynq_fsbl/zynq_fsbl_bsp/system.mss
TRACE::2022-08-02.13:06:14::SCWMssOS::DEBUG:  swdes dump  D:/WorkRaduV/Projects/Zybo-Z7/sw/ws/system_wrapper/ps7_cortexa9_0/domain_ps7_cortexa9_0/bsp/system.mss|system||
D:/WorkRaduV/Projects/Zybo-Z7/sw/ws/system_wrapper/zynq_fsbl/zynq_fsbl_bsp/system.mss|system_0||

TRACE::2022-08-02.13:06:14::SCWMssOS::Sw design exists and opened at  D:/WorkRaduV/Projects/Zybo-Z7/sw/ws/system_wrapper/zynq_fsbl/zynq_fsbl_bsp/system.mss
TRACE::2022-08-02.13:06:14::SCWPlatform::Trying to open the hw design at D:/WorkRaduV/Projects/Zybo-Z7/sw/ws/system_wrapper/hw/system_wrapper.xsa
TRACE::2022-08-02.13:06:14::SCWPlatform::DSA given D:/WorkRaduV/Projects/Zybo-Z7/sw/ws/system_wrapper/hw/system_wrapper.xsa
TRACE::2022-08-02.13:06:14::SCWPlatform::DSA absoulate path D:/WorkRaduV/Projects/Zybo-Z7/sw/ws/system_wrapper/hw/system_wrapper.xsa
TRACE::2022-08-02.13:06:14::SCWPlatform::DSA directory D:/WorkRaduV/Projects/Zybo-Z7/sw/ws/system_wrapper/hw
TRACE::2022-08-02.13:06:14::SCWPlatform:: Platform Path D:/WorkRaduV/Projects/Zybo-Z7/sw/ws/system_wrapper/hw/system_wrapper.xsa
TRACE::2022-08-02.13:06:14::SCWPlatform:: Unique name xilinx:zybo-z7-20::0.0
TRACE::2022-08-02.13:06:14::SCWPlatform::Trying to set the existing hwdb with name system_wrapper
TRACE::2022-08-02.13:06:14::SCWPlatform::Opened existing hwdb system_wrapper
TRACE::2022-08-02.13:06:14::SCWPlatform::Found the Hw Db part of the input DSA
TRACE::2022-08-02.13:06:14::SCWMssOS::Checking the sw design at  D:/WorkRaduV/Projects/Zybo-Z7/sw/ws/system_wrapper/zynq_fsbl/zynq_fsbl_bsp/system.mss
TRACE::2022-08-02.13:06:14::SCWMssOS::DEBUG:  swdes dump  D:/WorkRaduV/Projects/Zybo-Z7/sw/ws/system_wrapper/ps7_cortexa9_0/domain_ps7_cortexa9_0/bsp/system.mss|system||
D:/WorkRaduV/Projects/Zybo-Z7/sw/ws/system_wrapper/zynq_fsbl/zynq_fsbl_bsp/system.mss|system_0||

TRACE::2022-08-02.13:06:14::SCWMssOS::Sw design exists and opened at  D:/WorkRaduV/Projects/Zybo-Z7/sw/ws/system_wrapper/zynq_fsbl/zynq_fsbl_bsp/system.mss
TRACE::2022-08-02.13:06:14::SCWPlatform::Trying to open the hw design at D:/WorkRaduV/Projects/Zybo-Z7/sw/ws/system_wrapper/hw/system_wrapper.xsa
TRACE::2022-08-02.13:06:14::SCWPlatform::DSA given D:/WorkRaduV/Projects/Zybo-Z7/sw/ws/system_wrapper/hw/system_wrapper.xsa
TRACE::2022-08-02.13:06:14::SCWPlatform::DSA absoulate path D:/WorkRaduV/Projects/Zybo-Z7/sw/ws/system_wrapper/hw/system_wrapper.xsa
TRACE::2022-08-02.13:06:14::SCWPlatform::DSA directory D:/WorkRaduV/Projects/Zybo-Z7/sw/ws/system_wrapper/hw
TRACE::2022-08-02.13:06:14::SCWPlatform:: Platform Path D:/WorkRaduV/Projects/Zybo-Z7/sw/ws/system_wrapper/hw/system_wrapper.xsa
TRACE::2022-08-02.13:06:14::SCWPlatform:: Unique name xilinx:zybo-z7-20::0.0
TRACE::2022-08-02.13:06:14::SCWPlatform::Trying to set the existing hwdb with name system_wrapper
TRACE::2022-08-02.13:06:14::SCWPlatform::Opened existing hwdb system_wrapper
TRACE::2022-08-02.13:06:14::SCWPlatform::Found the Hw Db part of the input DSA
TRACE::2022-08-02.13:06:14::SCWMssOS::Checking the sw design at  D:/WorkRaduV/Projects/Zybo-Z7/sw/ws/system_wrapper/zynq_fsbl/zynq_fsbl_bsp/system.mss
TRACE::2022-08-02.13:06:14::SCWMssOS::DEBUG:  swdes dump  D:/WorkRaduV/Projects/Zybo-Z7/sw/ws/system_wrapper/ps7_cortexa9_0/domain_ps7_cortexa9_0/bsp/system.mss|system||
D:/WorkRaduV/Projects/Zybo-Z7/sw/ws/system_wrapper/zynq_fsbl/zynq_fsbl_bsp/system.mss|system_0||

TRACE::2022-08-02.13:06:14::SCWMssOS::Sw design exists and opened at  D:/WorkRaduV/Projects/Zybo-Z7/sw/ws/system_wrapper/zynq_fsbl/zynq_fsbl_bsp/system.mss
TRACE::2022-08-02.13:06:14::SCWPlatform::Trying to open the hw design at D:/WorkRaduV/Projects/Zybo-Z7/sw/ws/system_wrapper/hw/system_wrapper.xsa
TRACE::2022-08-02.13:06:14::SCWPlatform::DSA given D:/WorkRaduV/Projects/Zybo-Z7/sw/ws/system_wrapper/hw/system_wrapper.xsa
TRACE::2022-08-02.13:06:14::SCWPlatform::DSA absoulate path D:/WorkRaduV/Projects/Zybo-Z7/sw/ws/system_wrapper/hw/system_wrapper.xsa
TRACE::2022-08-02.13:06:14::SCWPlatform::DSA directory D:/WorkRaduV/Projects/Zybo-Z7/sw/ws/system_wrapper/hw
TRACE::2022-08-02.13:06:14::SCWPlatform:: Platform Path D:/WorkRaduV/Projects/Zybo-Z7/sw/ws/system_wrapper/hw/system_wrapper.xsa
TRACE::2022-08-02.13:06:14::SCWPlatform:: Unique name xilinx:zybo-z7-20::0.0
TRACE::2022-08-02.13:06:14::SCWPlatform::Trying to set the existing hwdb with name system_wrapper
TRACE::2022-08-02.13:06:14::SCWPlatform::Opened existing hwdb system_wrapper
TRACE::2022-08-02.13:06:14::SCWPlatform::Found the Hw Db part of the input DSA
TRACE::2022-08-02.13:06:14::SCWMssOS::Checking the sw design at  D:/WorkRaduV/Projects/Zybo-Z7/sw/ws/system_wrapper/zynq_fsbl/zynq_fsbl_bsp/system.mss
TRACE::2022-08-02.13:06:14::SCWMssOS::DEBUG:  swdes dump  D:/WorkRaduV/Projects/Zybo-Z7/sw/ws/system_wrapper/ps7_cortexa9_0/domain_ps7_cortexa9_0/bsp/system.mss|system||
D:/WorkRaduV/Projects/Zybo-Z7/sw/ws/system_wrapper/zynq_fsbl/zynq_fsbl_bsp/system.mss|system_0||

TRACE::2022-08-02.13:06:14::SCWMssOS::Sw design exists and opened at  D:/WorkRaduV/Projects/Zybo-Z7/sw/ws/system_wrapper/zynq_fsbl/zynq_fsbl_bsp/system.mss
TRACE::2022-08-02.13:06:14::SCWPlatform::Trying to open the hw design at D:/WorkRaduV/Projects/Zybo-Z7/sw/ws/system_wrapper/hw/system_wrapper.xsa
TRACE::2022-08-02.13:06:14::SCWPlatform::DSA given D:/WorkRaduV/Projects/Zybo-Z7/sw/ws/system_wrapper/hw/system_wrapper.xsa
TRACE::2022-08-02.13:06:14::SCWPlatform::DSA absoulate path D:/WorkRaduV/Projects/Zybo-Z7/sw/ws/system_wrapper/hw/system_wrapper.xsa
TRACE::2022-08-02.13:06:14::SCWPlatform::DSA directory D:/WorkRaduV/Projects/Zybo-Z7/sw/ws/system_wrapper/hw
TRACE::2022-08-02.13:06:14::SCWPlatform:: Platform Path D:/WorkRaduV/Projects/Zybo-Z7/sw/ws/system_wrapper/hw/system_wrapper.xsa
TRACE::2022-08-02.13:06:14::SCWPlatform:: Unique name xilinx:zybo-z7-20::0.0
TRACE::2022-08-02.13:06:14::SCWPlatform::Trying to set the existing hwdb with name system_wrapper
TRACE::2022-08-02.13:06:14::SCWPlatform::Opened existing hwdb system_wrapper
TRACE::2022-08-02.13:06:14::SCWPlatform::Found the Hw Db part of the input DSA
TRACE::2022-08-02.13:06:14::SCWMssOS::Checking the sw design at  D:/WorkRaduV/Projects/Zybo-Z7/sw/ws/system_wrapper/zynq_fsbl/zynq_fsbl_bsp/system.mss
TRACE::2022-08-02.13:06:14::SCWMssOS::DEBUG:  swdes dump  D:/WorkRaduV/Projects/Zybo-Z7/sw/ws/system_wrapper/ps7_cortexa9_0/domain_ps7_cortexa9_0/bsp/system.mss|system||
D:/WorkRaduV/Projects/Zybo-Z7/sw/ws/system_wrapper/zynq_fsbl/zynq_fsbl_bsp/system.mss|system_0||

TRACE::2022-08-02.13:06:14::SCWMssOS::Sw design exists and opened at  D:/WorkRaduV/Projects/Zybo-Z7/sw/ws/system_wrapper/zynq_fsbl/zynq_fsbl_bsp/system.mss
TRACE::2022-08-02.13:06:14::SCWPlatform::Trying to open the hw design at D:/WorkRaduV/Projects/Zybo-Z7/sw/ws/system_wrapper/hw/system_wrapper.xsa
TRACE::2022-08-02.13:06:14::SCWPlatform::DSA given D:/WorkRaduV/Projects/Zybo-Z7/sw/ws/system_wrapper/hw/system_wrapper.xsa
TRACE::2022-08-02.13:06:14::SCWPlatform::DSA absoulate path D:/WorkRaduV/Projects/Zybo-Z7/sw/ws/system_wrapper/hw/system_wrapper.xsa
TRACE::2022-08-02.13:06:14::SCWPlatform::DSA directory D:/WorkRaduV/Projects/Zybo-Z7/sw/ws/system_wrapper/hw
TRACE::2022-08-02.13:06:14::SCWPlatform:: Platform Path D:/WorkRaduV/Projects/Zybo-Z7/sw/ws/system_wrapper/hw/system_wrapper.xsa
TRACE::2022-08-02.13:06:14::SCWPlatform:: Unique name xilinx:zybo-z7-20::0.0
TRACE::2022-08-02.13:06:14::SCWPlatform::Trying to set the existing hwdb with name system_wrapper
TRACE::2022-08-02.13:06:14::SCWPlatform::Opened existing hwdb system_wrapper
TRACE::2022-08-02.13:06:14::SCWPlatform::Found the Hw Db part of the input DSA
TRACE::2022-08-02.13:06:14::SCWMssOS::Checking the sw design at  D:/WorkRaduV/Projects/Zybo-Z7/sw/ws/system_wrapper/zynq_fsbl/zynq_fsbl_bsp/system.mss
TRACE::2022-08-02.13:06:14::SCWMssOS::DEBUG:  swdes dump  D:/WorkRaduV/Projects/Zybo-Z7/sw/ws/system_wrapper/ps7_cortexa9_0/domain_ps7_cortexa9_0/bsp/system.mss|system||
D:/WorkRaduV/Projects/Zybo-Z7/sw/ws/system_wrapper/zynq_fsbl/zynq_fsbl_bsp/system.mss|system_0||

TRACE::2022-08-02.13:06:14::SCWMssOS::Sw design exists and opened at  D:/WorkRaduV/Projects/Zybo-Z7/sw/ws/system_wrapper/zynq_fsbl/zynq_fsbl_bsp/system.mss
TRACE::2022-08-02.13:06:14::SCWPlatform::Trying to open the hw design at D:/WorkRaduV/Projects/Zybo-Z7/sw/ws/system_wrapper/hw/system_wrapper.xsa
TRACE::2022-08-02.13:06:14::SCWPlatform::DSA given D:/WorkRaduV/Projects/Zybo-Z7/sw/ws/system_wrapper/hw/system_wrapper.xsa
TRACE::2022-08-02.13:06:14::SCWPlatform::DSA absoulate path D:/WorkRaduV/Projects/Zybo-Z7/sw/ws/system_wrapper/hw/system_wrapper.xsa
TRACE::2022-08-02.13:06:14::SCWPlatform::DSA directory D:/WorkRaduV/Projects/Zybo-Z7/sw/ws/system_wrapper/hw
TRACE::2022-08-02.13:06:14::SCWPlatform:: Platform Path D:/WorkRaduV/Projects/Zybo-Z7/sw/ws/system_wrapper/hw/system_wrapper.xsa
TRACE::2022-08-02.13:06:14::SCWPlatform:: Unique name xilinx:zybo-z7-20::0.0
TRACE::2022-08-02.13:06:14::SCWPlatform::Trying to set the existing hwdb with name system_wrapper
TRACE::2022-08-02.13:06:14::SCWPlatform::Opened existing hwdb system_wrapper
TRACE::2022-08-02.13:06:14::SCWPlatform::Found the Hw Db part of the input DSA
TRACE::2022-08-02.13:06:14::SCWMssOS::Checking the sw design at  D:/WorkRaduV/Projects/Zybo-Z7/sw/ws/system_wrapper/zynq_fsbl/zynq_fsbl_bsp/system.mss
TRACE::2022-08-02.13:06:14::SCWMssOS::DEBUG:  swdes dump  D:/WorkRaduV/Projects/Zybo-Z7/sw/ws/system_wrapper/ps7_cortexa9_0/domain_ps7_cortexa9_0/bsp/system.mss|system||
D:/WorkRaduV/Projects/Zybo-Z7/sw/ws/system_wrapper/zynq_fsbl/zynq_fsbl_bsp/system.mss|system_0||

TRACE::2022-08-02.13:06:14::SCWMssOS::Sw design exists and opened at  D:/WorkRaduV/Projects/Zybo-Z7/sw/ws/system_wrapper/zynq_fsbl/zynq_fsbl_bsp/system.mss
TRACE::2022-08-02.13:06:14::SCWPlatform::Trying to open the hw design at D:/WorkRaduV/Projects/Zybo-Z7/sw/ws/system_wrapper/hw/system_wrapper.xsa
TRACE::2022-08-02.13:06:14::SCWPlatform::DSA given D:/WorkRaduV/Projects/Zybo-Z7/sw/ws/system_wrapper/hw/system_wrapper.xsa
TRACE::2022-08-02.13:06:14::SCWPlatform::DSA absoulate path D:/WorkRaduV/Projects/Zybo-Z7/sw/ws/system_wrapper/hw/system_wrapper.xsa
TRACE::2022-08-02.13:06:14::SCWPlatform::DSA directory D:/WorkRaduV/Projects/Zybo-Z7/sw/ws/system_wrapper/hw
TRACE::2022-08-02.13:06:14::SCWPlatform:: Platform Path D:/WorkRaduV/Projects/Zybo-Z7/sw/ws/system_wrapper/hw/system_wrapper.xsa
TRACE::2022-08-02.13:06:14::SCWPlatform:: Unique name xilinx:zybo-z7-20::0.0
TRACE::2022-08-02.13:06:14::SCWPlatform::Trying to set the existing hwdb with name system_wrapper
TRACE::2022-08-02.13:06:14::SCWPlatform::Opened existing hwdb system_wrapper
TRACE::2022-08-02.13:06:14::SCWPlatform::Found the Hw Db part of the input DSA
TRACE::2022-08-02.13:06:14::SCWMssOS::Checking the sw design at  D:/WorkRaduV/Projects/Zybo-Z7/sw/ws/system_wrapper/zynq_fsbl/zynq_fsbl_bsp/system.mss
TRACE::2022-08-02.13:06:14::SCWMssOS::DEBUG:  swdes dump  D:/WorkRaduV/Projects/Zybo-Z7/sw/ws/system_wrapper/ps7_cortexa9_0/domain_ps7_cortexa9_0/bsp/system.mss|system||
D:/WorkRaduV/Projects/Zybo-Z7/sw/ws/system_wrapper/zynq_fsbl/zynq_fsbl_bsp/system.mss|system_0||

TRACE::2022-08-02.13:06:14::SCWMssOS::Sw design exists and opened at  D:/WorkRaduV/Projects/Zybo-Z7/sw/ws/system_wrapper/zynq_fsbl/zynq_fsbl_bsp/system.mss
TRACE::2022-08-02.13:06:14::SCWPlatform::Trying to open the hw design at D:/WorkRaduV/Projects/Zybo-Z7/sw/ws/system_wrapper/hw/system_wrapper.xsa
TRACE::2022-08-02.13:06:14::SCWPlatform::DSA given D:/WorkRaduV/Projects/Zybo-Z7/sw/ws/system_wrapper/hw/system_wrapper.xsa
TRACE::2022-08-02.13:06:14::SCWPlatform::DSA absoulate path D:/WorkRaduV/Projects/Zybo-Z7/sw/ws/system_wrapper/hw/system_wrapper.xsa
TRACE::2022-08-02.13:06:14::SCWPlatform::DSA directory D:/WorkRaduV/Projects/Zybo-Z7/sw/ws/system_wrapper/hw
TRACE::2022-08-02.13:06:14::SCWPlatform:: Platform Path D:/WorkRaduV/Projects/Zybo-Z7/sw/ws/system_wrapper/hw/system_wrapper.xsa
TRACE::2022-08-02.13:06:14::SCWPlatform:: Unique name xilinx:zybo-z7-20::0.0
TRACE::2022-08-02.13:06:14::SCWPlatform::Trying to set the existing hwdb with name system_wrapper
TRACE::2022-08-02.13:06:14::SCWPlatform::Opened existing hwdb system_wrapper
TRACE::2022-08-02.13:06:14::SCWPlatform::Found the Hw Db part of the input DSA
TRACE::2022-08-02.13:06:14::SCWMssOS::Checking the sw design at  D:/WorkRaduV/Projects/Zybo-Z7/sw/ws/system_wrapper/zynq_fsbl/zynq_fsbl_bsp/system.mss
TRACE::2022-08-02.13:06:14::SCWMssOS::DEBUG:  swdes dump  D:/WorkRaduV/Projects/Zybo-Z7/sw/ws/system_wrapper/ps7_cortexa9_0/domain_ps7_cortexa9_0/bsp/system.mss|system||
D:/WorkRaduV/Projects/Zybo-Z7/sw/ws/system_wrapper/zynq_fsbl/zynq_fsbl_bsp/system.mss|system_0||

TRACE::2022-08-02.13:06:14::SCWMssOS::Sw design exists and opened at  D:/WorkRaduV/Projects/Zybo-Z7/sw/ws/system_wrapper/zynq_fsbl/zynq_fsbl_bsp/system.mss
TRACE::2022-08-02.13:06:14::SCWPlatform::Trying to open the hw design at D:/WorkRaduV/Projects/Zybo-Z7/sw/ws/system_wrapper/hw/system_wrapper.xsa
TRACE::2022-08-02.13:06:14::SCWPlatform::DSA given D:/WorkRaduV/Projects/Zybo-Z7/sw/ws/system_wrapper/hw/system_wrapper.xsa
TRACE::2022-08-02.13:06:14::SCWPlatform::DSA absoulate path D:/WorkRaduV/Projects/Zybo-Z7/sw/ws/system_wrapper/hw/system_wrapper.xsa
TRACE::2022-08-02.13:06:14::SCWPlatform::DSA directory D:/WorkRaduV/Projects/Zybo-Z7/sw/ws/system_wrapper/hw
TRACE::2022-08-02.13:06:14::SCWPlatform:: Platform Path D:/WorkRaduV/Projects/Zybo-Z7/sw/ws/system_wrapper/hw/system_wrapper.xsa
TRACE::2022-08-02.13:06:14::SCWPlatform:: Unique name xilinx:zybo-z7-20::0.0
TRACE::2022-08-02.13:06:14::SCWPlatform::Trying to set the existing hwdb with name system_wrapper
TRACE::2022-08-02.13:06:14::SCWPlatform::Opened existing hwdb system_wrapper
TRACE::2022-08-02.13:06:14::SCWPlatform::Found the Hw Db part of the input DSA
TRACE::2022-08-02.13:06:14::SCWMssOS::Checking the sw design at  D:/WorkRaduV/Projects/Zybo-Z7/sw/ws/system_wrapper/zynq_fsbl/zynq_fsbl_bsp/system.mss
TRACE::2022-08-02.13:06:14::SCWMssOS::DEBUG:  swdes dump  D:/WorkRaduV/Projects/Zybo-Z7/sw/ws/system_wrapper/ps7_cortexa9_0/domain_ps7_cortexa9_0/bsp/system.mss|system||
D:/WorkRaduV/Projects/Zybo-Z7/sw/ws/system_wrapper/zynq_fsbl/zynq_fsbl_bsp/system.mss|system_0||

TRACE::2022-08-02.13:06:14::SCWMssOS::Sw design exists and opened at  D:/WorkRaduV/Projects/Zybo-Z7/sw/ws/system_wrapper/zynq_fsbl/zynq_fsbl_bsp/system.mss
TRACE::2022-08-02.13:06:14::SCWPlatform::Trying to open the hw design at D:/WorkRaduV/Projects/Zybo-Z7/sw/ws/system_wrapper/hw/system_wrapper.xsa
TRACE::2022-08-02.13:06:14::SCWPlatform::DSA given D:/WorkRaduV/Projects/Zybo-Z7/sw/ws/system_wrapper/hw/system_wrapper.xsa
TRACE::2022-08-02.13:06:14::SCWPlatform::DSA absoulate path D:/WorkRaduV/Projects/Zybo-Z7/sw/ws/system_wrapper/hw/system_wrapper.xsa
TRACE::2022-08-02.13:06:14::SCWPlatform::DSA directory D:/WorkRaduV/Projects/Zybo-Z7/sw/ws/system_wrapper/hw
TRACE::2022-08-02.13:06:14::SCWPlatform:: Platform Path D:/WorkRaduV/Projects/Zybo-Z7/sw/ws/system_wrapper/hw/system_wrapper.xsa
TRACE::2022-08-02.13:06:14::SCWPlatform:: Unique name xilinx:zybo-z7-20::0.0
TRACE::2022-08-02.13:06:14::SCWPlatform::Trying to set the existing hwdb with name system_wrapper
TRACE::2022-08-02.13:06:14::SCWPlatform::Opened existing hwdb system_wrapper
TRACE::2022-08-02.13:06:14::SCWPlatform::Found the Hw Db part of the input DSA
TRACE::2022-08-02.13:06:14::SCWMssOS::Checking the sw design at  D:/WorkRaduV/Projects/Zybo-Z7/sw/ws/system_wrapper/zynq_fsbl/zynq_fsbl_bsp/system.mss
TRACE::2022-08-02.13:06:14::SCWMssOS::DEBUG:  swdes dump  D:/WorkRaduV/Projects/Zybo-Z7/sw/ws/system_wrapper/ps7_cortexa9_0/domain_ps7_cortexa9_0/bsp/system.mss|system||
D:/WorkRaduV/Projects/Zybo-Z7/sw/ws/system_wrapper/zynq_fsbl/zynq_fsbl_bsp/system.mss|system_0||

TRACE::2022-08-02.13:06:14::SCWMssOS::Sw design exists and opened at  D:/WorkRaduV/Projects/Zybo-Z7/sw/ws/system_wrapper/zynq_fsbl/zynq_fsbl_bsp/system.mss
TRACE::2022-08-02.13:06:14::SCWPlatform::Trying to open the hw design at D:/WorkRaduV/Projects/Zybo-Z7/sw/ws/system_wrapper/hw/system_wrapper.xsa
TRACE::2022-08-02.13:06:14::SCWPlatform::DSA given D:/WorkRaduV/Projects/Zybo-Z7/sw/ws/system_wrapper/hw/system_wrapper.xsa
TRACE::2022-08-02.13:06:14::SCWPlatform::DSA absoulate path D:/WorkRaduV/Projects/Zybo-Z7/sw/ws/system_wrapper/hw/system_wrapper.xsa
TRACE::2022-08-02.13:06:14::SCWPlatform::DSA directory D:/WorkRaduV/Projects/Zybo-Z7/sw/ws/system_wrapper/hw
TRACE::2022-08-02.13:06:14::SCWPlatform:: Platform Path D:/WorkRaduV/Projects/Zybo-Z7/sw/ws/system_wrapper/hw/system_wrapper.xsa
TRACE::2022-08-02.13:06:14::SCWPlatform:: Unique name xilinx:zybo-z7-20::0.0
TRACE::2022-08-02.13:06:14::SCWPlatform::Trying to set the existing hwdb with name system_wrapper
TRACE::2022-08-02.13:06:14::SCWPlatform::Opened existing hwdb system_wrapper
TRACE::2022-08-02.13:06:14::SCWPlatform::Found the Hw Db part of the input DSA
TRACE::2022-08-02.13:06:14::SCWMssOS::Checking the sw design at  D:/WorkRaduV/Projects/Zybo-Z7/sw/ws/system_wrapper/zynq_fsbl/zynq_fsbl_bsp/system.mss
TRACE::2022-08-02.13:06:14::SCWMssOS::DEBUG:  swdes dump  D:/WorkRaduV/Projects/Zybo-Z7/sw/ws/system_wrapper/ps7_cortexa9_0/domain_ps7_cortexa9_0/bsp/system.mss|system||
D:/WorkRaduV/Projects/Zybo-Z7/sw/ws/system_wrapper/zynq_fsbl/zynq_fsbl_bsp/system.mss|system_0||

TRACE::2022-08-02.13:06:14::SCWMssOS::Sw design exists and opened at  D:/WorkRaduV/Projects/Zybo-Z7/sw/ws/system_wrapper/zynq_fsbl/zynq_fsbl_bsp/system.mss
TRACE::2022-08-02.13:06:14::SCWPlatform::Trying to open the hw design at D:/WorkRaduV/Projects/Zybo-Z7/sw/ws/system_wrapper/hw/system_wrapper.xsa
TRACE::2022-08-02.13:06:14::SCWPlatform::DSA given D:/WorkRaduV/Projects/Zybo-Z7/sw/ws/system_wrapper/hw/system_wrapper.xsa
TRACE::2022-08-02.13:06:14::SCWPlatform::DSA absoulate path D:/WorkRaduV/Projects/Zybo-Z7/sw/ws/system_wrapper/hw/system_wrapper.xsa
TRACE::2022-08-02.13:06:14::SCWPlatform::DSA directory D:/WorkRaduV/Projects/Zybo-Z7/sw/ws/system_wrapper/hw
TRACE::2022-08-02.13:06:14::SCWPlatform:: Platform Path D:/WorkRaduV/Projects/Zybo-Z7/sw/ws/system_wrapper/hw/system_wrapper.xsa
TRACE::2022-08-02.13:06:14::SCWPlatform:: Unique name xilinx:zybo-z7-20::0.0
TRACE::2022-08-02.13:06:14::SCWPlatform::Trying to set the existing hwdb with name system_wrapper
TRACE::2022-08-02.13:06:14::SCWPlatform::Opened existing hwdb system_wrapper
TRACE::2022-08-02.13:06:14::SCWPlatform::Found the Hw Db part of the input DSA
TRACE::2022-08-02.13:06:14::SCWMssOS::Checking the sw design at  D:/WorkRaduV/Projects/Zybo-Z7/sw/ws/system_wrapper/zynq_fsbl/zynq_fsbl_bsp/system.mss
TRACE::2022-08-02.13:06:14::SCWMssOS::DEBUG:  swdes dump  D:/WorkRaduV/Projects/Zybo-Z7/sw/ws/system_wrapper/ps7_cortexa9_0/domain_ps7_cortexa9_0/bsp/system.mss|system||
D:/WorkRaduV/Projects/Zybo-Z7/sw/ws/system_wrapper/zynq_fsbl/zynq_fsbl_bsp/system.mss|system_0||

TRACE::2022-08-02.13:06:14::SCWMssOS::Sw design exists and opened at  D:/WorkRaduV/Projects/Zybo-Z7/sw/ws/system_wrapper/zynq_fsbl/zynq_fsbl_bsp/system.mss
TRACE::2022-08-02.13:06:14::SCWPlatform::Trying to open the hw design at D:/WorkRaduV/Projects/Zybo-Z7/sw/ws/system_wrapper/hw/system_wrapper.xsa
TRACE::2022-08-02.13:06:14::SCWPlatform::DSA given D:/WorkRaduV/Projects/Zybo-Z7/sw/ws/system_wrapper/hw/system_wrapper.xsa
TRACE::2022-08-02.13:06:14::SCWPlatform::DSA absoulate path D:/WorkRaduV/Projects/Zybo-Z7/sw/ws/system_wrapper/hw/system_wrapper.xsa
TRACE::2022-08-02.13:06:14::SCWPlatform::DSA directory D:/WorkRaduV/Projects/Zybo-Z7/sw/ws/system_wrapper/hw
TRACE::2022-08-02.13:06:14::SCWPlatform:: Platform Path D:/WorkRaduV/Projects/Zybo-Z7/sw/ws/system_wrapper/hw/system_wrapper.xsa
TRACE::2022-08-02.13:06:14::SCWPlatform:: Unique name xilinx:zybo-z7-20::0.0
TRACE::2022-08-02.13:06:14::SCWPlatform::Trying to set the existing hwdb with name system_wrapper
TRACE::2022-08-02.13:06:14::SCWPlatform::Opened existing hwdb system_wrapper
TRACE::2022-08-02.13:06:14::SCWPlatform::Found the Hw Db part of the input DSA
TRACE::2022-08-02.13:06:14::SCWMssOS::Checking the sw design at  D:/WorkRaduV/Projects/Zybo-Z7/sw/ws/system_wrapper/zynq_fsbl/zynq_fsbl_bsp/system.mss
TRACE::2022-08-02.13:06:14::SCWMssOS::DEBUG:  swdes dump  D:/WorkRaduV/Projects/Zybo-Z7/sw/ws/system_wrapper/ps7_cortexa9_0/domain_ps7_cortexa9_0/bsp/system.mss|system||
D:/WorkRaduV/Projects/Zybo-Z7/sw/ws/system_wrapper/zynq_fsbl/zynq_fsbl_bsp/system.mss|system_0||

TRACE::2022-08-02.13:06:14::SCWMssOS::Sw design exists and opened at  D:/WorkRaduV/Projects/Zybo-Z7/sw/ws/system_wrapper/zynq_fsbl/zynq_fsbl_bsp/system.mss
TRACE::2022-08-02.13:06:14::SCWPlatform::Trying to open the hw design at D:/WorkRaduV/Projects/Zybo-Z7/sw/ws/system_wrapper/hw/system_wrapper.xsa
TRACE::2022-08-02.13:06:14::SCWPlatform::DSA given D:/WorkRaduV/Projects/Zybo-Z7/sw/ws/system_wrapper/hw/system_wrapper.xsa
TRACE::2022-08-02.13:06:14::SCWPlatform::DSA absoulate path D:/WorkRaduV/Projects/Zybo-Z7/sw/ws/system_wrapper/hw/system_wrapper.xsa
TRACE::2022-08-02.13:06:14::SCWPlatform::DSA directory D:/WorkRaduV/Projects/Zybo-Z7/sw/ws/system_wrapper/hw
TRACE::2022-08-02.13:06:14::SCWPlatform:: Platform Path D:/WorkRaduV/Projects/Zybo-Z7/sw/ws/system_wrapper/hw/system_wrapper.xsa
TRACE::2022-08-02.13:06:14::SCWPlatform:: Unique name xilinx:zybo-z7-20::0.0
TRACE::2022-08-02.13:06:14::SCWPlatform::Trying to set the existing hwdb with name system_wrapper
TRACE::2022-08-02.13:06:14::SCWPlatform::Opened existing hwdb system_wrapper
TRACE::2022-08-02.13:06:14::SCWPlatform::Found the Hw Db part of the input DSA
TRACE::2022-08-02.13:06:14::SCWMssOS::Checking the sw design at  D:/WorkRaduV/Projects/Zybo-Z7/sw/ws/system_wrapper/zynq_fsbl/zynq_fsbl_bsp/system.mss
TRACE::2022-08-02.13:06:14::SCWMssOS::DEBUG:  swdes dump  D:/WorkRaduV/Projects/Zybo-Z7/sw/ws/system_wrapper/ps7_cortexa9_0/domain_ps7_cortexa9_0/bsp/system.mss|system||
D:/WorkRaduV/Projects/Zybo-Z7/sw/ws/system_wrapper/zynq_fsbl/zynq_fsbl_bsp/system.mss|system_0||

TRACE::2022-08-02.13:06:14::SCWMssOS::Sw design exists and opened at  D:/WorkRaduV/Projects/Zybo-Z7/sw/ws/system_wrapper/zynq_fsbl/zynq_fsbl_bsp/system.mss
TRACE::2022-08-02.13:06:14::SCWPlatform::Trying to open the hw design at D:/WorkRaduV/Projects/Zybo-Z7/sw/ws/system_wrapper/hw/system_wrapper.xsa
TRACE::2022-08-02.13:06:14::SCWPlatform::DSA given D:/WorkRaduV/Projects/Zybo-Z7/sw/ws/system_wrapper/hw/system_wrapper.xsa
TRACE::2022-08-02.13:06:14::SCWPlatform::DSA absoulate path D:/WorkRaduV/Projects/Zybo-Z7/sw/ws/system_wrapper/hw/system_wrapper.xsa
TRACE::2022-08-02.13:06:14::SCWPlatform::DSA directory D:/WorkRaduV/Projects/Zybo-Z7/sw/ws/system_wrapper/hw
TRACE::2022-08-02.13:06:14::SCWPlatform:: Platform Path D:/WorkRaduV/Projects/Zybo-Z7/sw/ws/system_wrapper/hw/system_wrapper.xsa
TRACE::2022-08-02.13:06:14::SCWPlatform:: Unique name xilinx:zybo-z7-20::0.0
TRACE::2022-08-02.13:06:14::SCWPlatform::Trying to set the existing hwdb with name system_wrapper
TRACE::2022-08-02.13:06:14::SCWPlatform::Opened existing hwdb system_wrapper
TRACE::2022-08-02.13:06:14::SCWPlatform::Found the Hw Db part of the input DSA
TRACE::2022-08-02.13:06:14::SCWMssOS::Checking the sw design at  D:/WorkRaduV/Projects/Zybo-Z7/sw/ws/system_wrapper/zynq_fsbl/zynq_fsbl_bsp/system.mss
TRACE::2022-08-02.13:06:14::SCWMssOS::DEBUG:  swdes dump  D:/WorkRaduV/Projects/Zybo-Z7/sw/ws/system_wrapper/ps7_cortexa9_0/domain_ps7_cortexa9_0/bsp/system.mss|system||
D:/WorkRaduV/Projects/Zybo-Z7/sw/ws/system_wrapper/zynq_fsbl/zynq_fsbl_bsp/system.mss|system_0||

TRACE::2022-08-02.13:06:14::SCWMssOS::Sw design exists and opened at  D:/WorkRaduV/Projects/Zybo-Z7/sw/ws/system_wrapper/zynq_fsbl/zynq_fsbl_bsp/system.mss
TRACE::2022-08-02.13:06:14::SCWPlatform::Trying to open the hw design at D:/WorkRaduV/Projects/Zybo-Z7/sw/ws/system_wrapper/hw/system_wrapper.xsa
TRACE::2022-08-02.13:06:14::SCWPlatform::DSA given D:/WorkRaduV/Projects/Zybo-Z7/sw/ws/system_wrapper/hw/system_wrapper.xsa
TRACE::2022-08-02.13:06:14::SCWPlatform::DSA absoulate path D:/WorkRaduV/Projects/Zybo-Z7/sw/ws/system_wrapper/hw/system_wrapper.xsa
TRACE::2022-08-02.13:06:14::SCWPlatform::DSA directory D:/WorkRaduV/Projects/Zybo-Z7/sw/ws/system_wrapper/hw
TRACE::2022-08-02.13:06:14::SCWPlatform:: Platform Path D:/WorkRaduV/Projects/Zybo-Z7/sw/ws/system_wrapper/hw/system_wrapper.xsa
TRACE::2022-08-02.13:06:14::SCWPlatform:: Unique name xilinx:zybo-z7-20::0.0
TRACE::2022-08-02.13:06:14::SCWPlatform::Trying to set the existing hwdb with name system_wrapper
TRACE::2022-08-02.13:06:14::SCWPlatform::Opened existing hwdb system_wrapper
TRACE::2022-08-02.13:06:14::SCWPlatform::Found the Hw Db part of the input DSA
TRACE::2022-08-02.13:06:14::SCWMssOS::Checking the sw design at  D:/WorkRaduV/Projects/Zybo-Z7/sw/ws/system_wrapper/zynq_fsbl/zynq_fsbl_bsp/system.mss
TRACE::2022-08-02.13:06:14::SCWMssOS::DEBUG:  swdes dump  D:/WorkRaduV/Projects/Zybo-Z7/sw/ws/system_wrapper/ps7_cortexa9_0/domain_ps7_cortexa9_0/bsp/system.mss|system||
D:/WorkRaduV/Projects/Zybo-Z7/sw/ws/system_wrapper/zynq_fsbl/zynq_fsbl_bsp/system.mss|system_0||

TRACE::2022-08-02.13:06:14::SCWMssOS::Sw design exists and opened at  D:/WorkRaduV/Projects/Zybo-Z7/sw/ws/system_wrapper/zynq_fsbl/zynq_fsbl_bsp/system.mss
TRACE::2022-08-02.13:06:14::SCWPlatform::Trying to open the hw design at D:/WorkRaduV/Projects/Zybo-Z7/sw/ws/system_wrapper/hw/system_wrapper.xsa
TRACE::2022-08-02.13:06:14::SCWPlatform::DSA given D:/WorkRaduV/Projects/Zybo-Z7/sw/ws/system_wrapper/hw/system_wrapper.xsa
TRACE::2022-08-02.13:06:14::SCWPlatform::DSA absoulate path D:/WorkRaduV/Projects/Zybo-Z7/sw/ws/system_wrapper/hw/system_wrapper.xsa
TRACE::2022-08-02.13:06:14::SCWPlatform::DSA directory D:/WorkRaduV/Projects/Zybo-Z7/sw/ws/system_wrapper/hw
TRACE::2022-08-02.13:06:14::SCWPlatform:: Platform Path D:/WorkRaduV/Projects/Zybo-Z7/sw/ws/system_wrapper/hw/system_wrapper.xsa
TRACE::2022-08-02.13:06:14::SCWPlatform:: Unique name xilinx:zybo-z7-20::0.0
TRACE::2022-08-02.13:06:14::SCWPlatform::Trying to set the existing hwdb with name system_wrapper
TRACE::2022-08-02.13:06:14::SCWPlatform::Opened existing hwdb system_wrapper
TRACE::2022-08-02.13:06:14::SCWPlatform::Found the Hw Db part of the input DSA
TRACE::2022-08-02.13:06:14::SCWMssOS::Checking the sw design at  D:/WorkRaduV/Projects/Zybo-Z7/sw/ws/system_wrapper/zynq_fsbl/zynq_fsbl_bsp/system.mss
TRACE::2022-08-02.13:06:14::SCWMssOS::DEBUG:  swdes dump  D:/WorkRaduV/Projects/Zybo-Z7/sw/ws/system_wrapper/ps7_cortexa9_0/domain_ps7_cortexa9_0/bsp/system.mss|system||
D:/WorkRaduV/Projects/Zybo-Z7/sw/ws/system_wrapper/zynq_fsbl/zynq_fsbl_bsp/system.mss|system_0||

TRACE::2022-08-02.13:06:14::SCWMssOS::Sw design exists and opened at  D:/WorkRaduV/Projects/Zybo-Z7/sw/ws/system_wrapper/zynq_fsbl/zynq_fsbl_bsp/system.mss
TRACE::2022-08-02.13:06:14::SCWPlatform::Trying to open the hw design at D:/WorkRaduV/Projects/Zybo-Z7/sw/ws/system_wrapper/hw/system_wrapper.xsa
TRACE::2022-08-02.13:06:14::SCWPlatform::DSA given D:/WorkRaduV/Projects/Zybo-Z7/sw/ws/system_wrapper/hw/system_wrapper.xsa
TRACE::2022-08-02.13:06:14::SCWPlatform::DSA absoulate path D:/WorkRaduV/Projects/Zybo-Z7/sw/ws/system_wrapper/hw/system_wrapper.xsa
TRACE::2022-08-02.13:06:14::SCWPlatform::DSA directory D:/WorkRaduV/Projects/Zybo-Z7/sw/ws/system_wrapper/hw
TRACE::2022-08-02.13:06:14::SCWPlatform:: Platform Path D:/WorkRaduV/Projects/Zybo-Z7/sw/ws/system_wrapper/hw/system_wrapper.xsa
TRACE::2022-08-02.13:06:14::SCWPlatform:: Unique name xilinx:zybo-z7-20::0.0
TRACE::2022-08-02.13:06:14::SCWPlatform::Trying to set the existing hwdb with name system_wrapper
TRACE::2022-08-02.13:06:14::SCWPlatform::Opened existing hwdb system_wrapper
TRACE::2022-08-02.13:06:14::SCWPlatform::Found the Hw Db part of the input DSA
TRACE::2022-08-02.13:06:14::SCWMssOS::Checking the sw design at  D:/WorkRaduV/Projects/Zybo-Z7/sw/ws/system_wrapper/zynq_fsbl/zynq_fsbl_bsp/system.mss
TRACE::2022-08-02.13:06:14::SCWMssOS::DEBUG:  swdes dump  D:/WorkRaduV/Projects/Zybo-Z7/sw/ws/system_wrapper/ps7_cortexa9_0/domain_ps7_cortexa9_0/bsp/system.mss|system||
D:/WorkRaduV/Projects/Zybo-Z7/sw/ws/system_wrapper/zynq_fsbl/zynq_fsbl_bsp/system.mss|system_0||

TRACE::2022-08-02.13:06:14::SCWMssOS::Sw design exists and opened at  D:/WorkRaduV/Projects/Zybo-Z7/sw/ws/system_wrapper/zynq_fsbl/zynq_fsbl_bsp/system.mss
LOG::2022-08-02.13:06:30::SCWPlatform::Started generating the artifacts platform system_wrapper
TRACE::2022-08-02.13:06:30::SCWPlatform::Sanity checking of platform is completed
LOG::2022-08-02.13:06:30::SCWPlatform::Started generating the artifacts for system configuration system_wrapper
LOG::2022-08-02.13:06:30::SCWSystem::Checking the domain domain_ps7_cortexa9_0
LOG::2022-08-02.13:06:30::SCWSystem::Not a boot domain 
LOG::2022-08-02.13:06:30::SCWSystem::Checking the domain zynq_fsbl
LOG::2022-08-02.13:06:30::SCWSystem::Doing application build for :  zynq_fsbl
TRACE::2022-08-02.13:06:30::SCWBDomain::Not a forced makefile updation, No changes are present. 
TRACE::2022-08-02.13:06:30::SCWDomain::Building the domain as part of full build :  zynq_fsbl
TRACE::2022-08-02.13:06:30::SCWPlatform::Trying to open the hw design at D:/WorkRaduV/Projects/Zybo-Z7/sw/ws/system_wrapper/hw/system_wrapper.xsa
TRACE::2022-08-02.13:06:30::SCWPlatform::DSA given D:/WorkRaduV/Projects/Zybo-Z7/sw/ws/system_wrapper/hw/system_wrapper.xsa
TRACE::2022-08-02.13:06:30::SCWPlatform::DSA absoulate path D:/WorkRaduV/Projects/Zybo-Z7/sw/ws/system_wrapper/hw/system_wrapper.xsa
TRACE::2022-08-02.13:06:30::SCWPlatform::DSA directory D:/WorkRaduV/Projects/Zybo-Z7/sw/ws/system_wrapper/hw
TRACE::2022-08-02.13:06:30::SCWPlatform:: Platform Path D:/WorkRaduV/Projects/Zybo-Z7/sw/ws/system_wrapper/hw/system_wrapper.xsa
TRACE::2022-08-02.13:06:30::SCWPlatform:: Unique name xilinx:zybo-z7-20::0.0
TRACE::2022-08-02.13:06:30::SCWPlatform::Trying to set the existing hwdb with name system_wrapper
TRACE::2022-08-02.13:06:30::SCWPlatform::Opened existing hwdb system_wrapper
TRACE::2022-08-02.13:06:30::SCWPlatform::Found the Hw Db part of the input DSA
TRACE::2022-08-02.13:06:30::SCWMssOS::Checking the sw design at  D:/WorkRaduV/Projects/Zybo-Z7/sw/ws/system_wrapper/zynq_fsbl/zynq_fsbl_bsp/system.mss
TRACE::2022-08-02.13:06:30::SCWMssOS::DEBUG:  swdes dump  D:/WorkRaduV/Projects/Zybo-Z7/sw/ws/system_wrapper/ps7_cortexa9_0/domain_ps7_cortexa9_0/bsp/system.mss|system||
D:/WorkRaduV/Projects/Zybo-Z7/sw/ws/system_wrapper/zynq_fsbl/zynq_fsbl_bsp/system.mss|system_0||

TRACE::2022-08-02.13:06:30::SCWMssOS::Sw design exists and opened at  D:/WorkRaduV/Projects/Zybo-Z7/sw/ws/system_wrapper/zynq_fsbl/zynq_fsbl_bsp/system.mss
TRACE::2022-08-02.13:06:30::SCWBDomain::Completed writing the mss file at D:/WorkRaduV/Projects/Zybo-Z7/sw/ws/system_wrapper/zynq_fsbl/zynq_fsbl_bsp
TRACE::2022-08-02.13:06:30::SCWBDomain::bsp generated is stale removing and regenerating. 
KEYINFO::2022-08-02.13:06:32::SCWMssOS::Removing file D:/WorkRaduV/Projects/Zybo-Z7/sw/ws/system_wrapper/zynq_fsbl/zynq_fsbl_bsp\system_0.mss
TRACE::2022-08-02.13:06:32::SCWBDomain::Updating the makefile used for building the Application zynq_fsbl
TRACE::2022-08-02.13:06:32::SCWPlatform::Trying to open the hw design at D:/WorkRaduV/Projects/Zybo-Z7/sw/ws/system_wrapper/hw/system_wrapper.xsa
TRACE::2022-08-02.13:06:32::SCWPlatform::DSA given D:/WorkRaduV/Projects/Zybo-Z7/sw/ws/system_wrapper/hw/system_wrapper.xsa
TRACE::2022-08-02.13:06:32::SCWPlatform::DSA absoulate path D:/WorkRaduV/Projects/Zybo-Z7/sw/ws/system_wrapper/hw/system_wrapper.xsa
TRACE::2022-08-02.13:06:32::SCWPlatform::DSA directory D:/WorkRaduV/Projects/Zybo-Z7/sw/ws/system_wrapper/hw
TRACE::2022-08-02.13:06:32::SCWPlatform:: Platform Path D:/WorkRaduV/Projects/Zybo-Z7/sw/ws/system_wrapper/hw/system_wrapper.xsa
TRACE::2022-08-02.13:06:32::SCWPlatform:: Unique name xilinx:zybo-z7-20::0.0
TRACE::2022-08-02.13:06:32::SCWPlatform::Trying to set the existing hwdb with name system_wrapper
TRACE::2022-08-02.13:06:32::SCWPlatform::Opened existing hwdb system_wrapper
TRACE::2022-08-02.13:06:32::SCWPlatform::Found the Hw Db part of the input DSA
TRACE::2022-08-02.13:06:32::SCWMssOS::Checking the sw design at  D:/WorkRaduV/Projects/Zybo-Z7/sw/ws/system_wrapper/zynq_fsbl/zynq_fsbl_bsp/system.mss
TRACE::2022-08-02.13:06:32::SCWMssOS::DEBUG:  swdes dump  D:/WorkRaduV/Projects/Zybo-Z7/sw/ws/system_wrapper/ps7_cortexa9_0/domain_ps7_cortexa9_0/bsp/system.mss|system||

TRACE::2022-08-02.13:06:32::SCWMssOS::No sw design opened at  D:/WorkRaduV/Projects/Zybo-Z7/sw/ws/system_wrapper/zynq_fsbl/zynq_fsbl_bsp/system.mss
TRACE::2022-08-02.13:06:32::SCWMssOS::mss exists loading the mss file  D:/WorkRaduV/Projects/Zybo-Z7/sw/ws/system_wrapper/zynq_fsbl/zynq_fsbl_bsp/system.mss
TRACE::2022-08-02.13:06:32::SCWMssOS::Opened the sw design from mss  D:/WorkRaduV/Projects/Zybo-Z7/sw/ws/system_wrapper/zynq_fsbl/zynq_fsbl_bsp/system.mss
TRACE::2022-08-02.13:06:32::SCWMssOS::Adding the swdes entry D:/WorkRaduV/Projects/Zybo-Z7/sw/ws/system_wrapper/zynq_fsbl/zynq_fsbl_bsp/system.mss with des name system_0
TRACE::2022-08-02.13:06:32::SCWMssOS::updating the scw layer about changes
TRACE::2022-08-02.13:06:32::SCWMssOS::Opened the sw design.  D:/WorkRaduV/Projects/Zybo-Z7/sw/ws/system_wrapper/zynq_fsbl/zynq_fsbl_bsp/system.mss
TRACE::2022-08-02.13:06:41::SCWBDomain::removing the temporary location in _platform.
TRACE::2022-08-02.13:06:41::SCWBDomain::Makefile is Updated.
TRACE::2022-08-02.13:06:41::SCWBDomain::doing clean.
TRACE::2022-08-02.13:06:41::SCWBDomain::System Command Ran  D:&  cd  D:/WorkRaduV/Projects/Zybo-Z7/sw/ws/system_wrapper/zynq_fsbl & make clean
TRACE::2022-08-02.13:06:41::SCWBDomain::rm -rf  sd.o  nand.o  nor.o  image_mover.o  md5.o  fsbl_hooks.o  main.o  rsa.o  qspi.o  ps7_init.o  pcap.o  fsbl_handoff.o zynq
TRACE::2022-08-02.13:06:41::SCWBDomain::_fsbl_bsp/ps7_cortexa9_0/lib/libxil.a fsbl.elf *.o

TRACE::2022-08-02.13:06:42::SCWBDomain::System Command Ran  D:&  cd  D:/WorkRaduV/Projects/Zybo-Z7/sw/ws/system_wrapper/zynq_fsbl& make -C  zynq_fsbl_bsp & make 
TRACE::2022-08-02.13:06:42::SCWBDomain::make: Entering directory 'D:/WorkRaduV/Projects/Zybo-Z7/sw/ws/system_wrapper/zynq_fsbl/zynq_fsbl_bsp'

TRACE::2022-08-02.13:06:42::SCWBDomain::make --no-print-directory seq_libs

TRACE::2022-08-02.13:06:42::SCWBDomain::"Running Make include in ps7_cortexa9_0/libsrc/axivdma_v6_9/src"

TRACE::2022-08-02.13:06:42::SCWBDomain::make -C ps7_cortexa9_0/libsrc/axivdma_v6_9/src -s include  "SHELL=CMD" "COMPILER=arm-none-eabi-gcc" "ASSEMBLER=arm-none-eabi-as
TRACE::2022-08-02.13:06:42::SCWBDomain::" "ARCHIVER=arm-none-eabi-ar" "COMPILER_FLAGS=  -O2 -c" "EXTRA_COMPILER_FLAGS=-mcpu=cortex-a9 -mfpu=vfpv3 -mfloat-abi=hard -nos
TRACE::2022-08-02.13:06:42::SCWBDomain::tartfiles -g -Wall -Wextra"

TRACE::2022-08-02.13:06:42::SCWBDomain::"Running Make include in ps7_cortexa9_0/libsrc/clk_wiz_v1_4/src"

TRACE::2022-08-02.13:06:42::SCWBDomain::make -C ps7_cortexa9_0/libsrc/clk_wiz_v1_4/src -s include  "SHELL=CMD" "COMPILER=arm-none-eabi-gcc" "ASSEMBLER=arm-none-eabi-as
TRACE::2022-08-02.13:06:42::SCWBDomain::" "ARCHIVER=arm-none-eabi-ar" "COMPILER_FLAGS=  -O2 -c" "EXTRA_COMPILER_FLAGS=-mcpu=cortex-a9 -mfpu=vfpv3 -mfloat-abi=hard -nos
TRACE::2022-08-02.13:06:42::SCWBDomain::tartfiles -g -Wall -Wextra"

TRACE::2022-08-02.13:06:42::SCWBDomain::"Running Make include in ps7_cortexa9_0/libsrc/coresightps_dcc_v1_8/src"

TRACE::2022-08-02.13:06:42::SCWBDomain::make -C ps7_cortexa9_0/libsrc/coresightps_dcc_v1_8/src -s include  "SHELL=CMD" "COMPILER=arm-none-eabi-gcc" "ASSEMBLER=arm-none
TRACE::2022-08-02.13:06:42::SCWBDomain::-eabi-as" "ARCHIVER=arm-none-eabi-ar" "COMPILER_FLAGS=  -O2 -c" "EXTRA_COMPILER_FLAGS=-mcpu=cortex-a9 -mfpu=vfpv3 -mfloat-abi=h
TRACE::2022-08-02.13:06:42::SCWBDomain::ard -nostartfiles -g -Wall -Wextra"

TRACE::2022-08-02.13:06:42::SCWBDomain::"Running Make include in ps7_cortexa9_0/libsrc/cpu_cortexa9_v2_11/src"

TRACE::2022-08-02.13:06:42::SCWBDomain::make -C ps7_cortexa9_0/libsrc/cpu_cortexa9_v2_11/src -s include  "SHELL=CMD" "COMPILER=arm-none-eabi-gcc" "ASSEMBLER=arm-none-e
TRACE::2022-08-02.13:06:42::SCWBDomain::abi-as" "ARCHIVER=arm-none-eabi-ar" "COMPILER_FLAGS=  -O2 -c" "EXTRA_COMPILER_FLAGS=-mcpu=cortex-a9 -mfpu=vfpv3 -mfloat-abi=har
TRACE::2022-08-02.13:06:42::SCWBDomain::d -nostartfiles -g -Wall -Wextra"

TRACE::2022-08-02.13:06:42::SCWBDomain::"Running Make include in ps7_cortexa9_0/libsrc/ddrps_v1_2/src"

TRACE::2022-08-02.13:06:42::SCWBDomain::make -C ps7_cortexa9_0/libsrc/ddrps_v1_2/src -s include  "SHELL=CMD" "COMPILER=arm-none-eabi-gcc" "ASSEMBLER=arm-none-eabi-as" 
TRACE::2022-08-02.13:06:42::SCWBDomain::"ARCHIVER=arm-none-eabi-ar" "COMPILER_FLAGS=  -O2 -c" "EXTRA_COMPILER_FLAGS=-mcpu=cortex-a9 -mfpu=vfpv3 -mfloat-abi=hard -nosta
TRACE::2022-08-02.13:06:42::SCWBDomain::rtfiles -g -Wall -Wextra"

TRACE::2022-08-02.13:06:42::SCWBDomain::"Running Make include in ps7_cortexa9_0/libsrc/devcfg_v3_7/src"

TRACE::2022-08-02.13:06:42::SCWBDomain::make -C ps7_cortexa9_0/libsrc/devcfg_v3_7/src -s include  "SHELL=CMD" "COMPILER=arm-none-eabi-gcc" "ASSEMBLER=arm-none-eabi-as"
TRACE::2022-08-02.13:06:42::SCWBDomain:: "ARCHIVER=arm-none-eabi-ar" "COMPILER_FLAGS=  -O2 -c" "EXTRA_COMPILER_FLAGS=-mcpu=cortex-a9 -mfpu=vfpv3 -mfloat-abi=hard -nost
TRACE::2022-08-02.13:06:42::SCWBDomain::artfiles -g -Wall -Wextra"

TRACE::2022-08-02.13:06:43::SCWBDomain::"Running Make include in ps7_cortexa9_0/libsrc/dmaps_v2_8/src"

TRACE::2022-08-02.13:06:43::SCWBDomain::make -C ps7_cortexa9_0/libsrc/dmaps_v2_8/src -s include  "SHELL=CMD" "COMPILER=arm-none-eabi-gcc" "ASSEMBLER=arm-none-eabi-as" 
TRACE::2022-08-02.13:06:43::SCWBDomain::"ARCHIVER=arm-none-eabi-ar" "COMPILER_FLAGS=  -O2 -c" "EXTRA_COMPILER_FLAGS=-mcpu=cortex-a9 -mfpu=vfpv3 -mfloat-abi=hard -nosta
TRACE::2022-08-02.13:06:43::SCWBDomain::rtfiles -g -Wall -Wextra"

TRACE::2022-08-02.13:06:43::SCWBDomain::"Running Make include in ps7_cortexa9_0/libsrc/emacps_v3_14/src"

TRACE::2022-08-02.13:06:43::SCWBDomain::make -C ps7_cortexa9_0/libsrc/emacps_v3_14/src -s include  "SHELL=CMD" "COMPILER=arm-none-eabi-gcc" "ASSEMBLER=arm-none-eabi-as
TRACE::2022-08-02.13:06:43::SCWBDomain::" "ARCHIVER=arm-none-eabi-ar" "COMPILER_FLAGS=  -O2 -c" "EXTRA_COMPILER_FLAGS=-mcpu=cortex-a9 -mfpu=vfpv3 -mfloat-abi=hard -nos
TRACE::2022-08-02.13:06:43::SCWBDomain::tartfiles -g -Wall -Wextra"

TRACE::2022-08-02.13:06:43::SCWBDomain::"Running Make include in ps7_cortexa9_0/libsrc/gpiops_v3_9/src"

TRACE::2022-08-02.13:06:43::SCWBDomain::make -C ps7_cortexa9_0/libsrc/gpiops_v3_9/src -s include  "SHELL=CMD" "COMPILER=arm-none-eabi-gcc" "ASSEMBLER=arm-none-eabi-as"
TRACE::2022-08-02.13:06:43::SCWBDomain:: "ARCHIVER=arm-none-eabi-ar" "COMPILER_FLAGS=  -O2 -c" "EXTRA_COMPILER_FLAGS=-mcpu=cortex-a9 -mfpu=vfpv3 -mfloat-abi=hard -nost
TRACE::2022-08-02.13:06:43::SCWBDomain::artfiles -g -Wall -Wextra"

TRACE::2022-08-02.13:06:43::SCWBDomain::"Running Make include in ps7_cortexa9_0/libsrc/iicps_v3_13/src"

TRACE::2022-08-02.13:06:43::SCWBDomain::make -C ps7_cortexa9_0/libsrc/iicps_v3_13/src -s include  "SHELL=CMD" "COMPILER=arm-none-eabi-gcc" "ASSEMBLER=arm-none-eabi-as"
TRACE::2022-08-02.13:06:43::SCWBDomain:: "ARCHIVER=arm-none-eabi-ar" "COMPILER_FLAGS=  -O2 -c" "EXTRA_COMPILER_FLAGS=-mcpu=cortex-a9 -mfpu=vfpv3 -mfloat-abi=hard -nost
TRACE::2022-08-02.13:06:43::SCWBDomain::artfiles -g -Wall -Wextra"

TRACE::2022-08-02.13:06:43::SCWBDomain::"Running Make include in ps7_cortexa9_0/libsrc/MIPI_CSI_2_RX_v1_0/src"

TRACE::2022-08-02.13:06:43::SCWBDomain::make -C ps7_cortexa9_0/libsrc/MIPI_CSI_2_RX_v1_0/src -s include  "SHELL=CMD" "COMPILER=arm-none-eabi-gcc" "ASSEMBLER=arm-none-e
TRACE::2022-08-02.13:06:43::SCWBDomain::abi-as" "ARCHIVER=arm-none-eabi-ar" "COMPILER_FLAGS=  -O2 -c" "EXTRA_COMPILER_FLAGS=-mcpu=cortex-a9 -mfpu=vfpv3 -mfloat-abi=har
TRACE::2022-08-02.13:06:43::SCWBDomain::d -nostartfiles -g -Wall -Wextra"

TRACE::2022-08-02.13:06:44::SCWBDomain::"Running Make include in ps7_cortexa9_0/libsrc/MIPI_D_PHY_RX_v1_0/src"

TRACE::2022-08-02.13:06:44::SCWBDomain::make -C ps7_cortexa9_0/libsrc/MIPI_D_PHY_RX_v1_0/src -s include  "SHELL=CMD" "COMPILER=arm-none-eabi-gcc" "ASSEMBLER=arm-none-e
TRACE::2022-08-02.13:06:44::SCWBDomain::abi-as" "ARCHIVER=arm-none-eabi-ar" "COMPILER_FLAGS=  -O2 -c" "EXTRA_COMPILER_FLAGS=-mcpu=cortex-a9 -mfpu=vfpv3 -mfloat-abi=har
TRACE::2022-08-02.13:06:44::SCWBDomain::d -nostartfiles -g -Wall -Wextra"

TRACE::2022-08-02.13:06:44::SCWBDomain::"Running Make include in ps7_cortexa9_0/libsrc/qspips_v3_9/src"

TRACE::2022-08-02.13:06:44::SCWBDomain::make -C ps7_cortexa9_0/libsrc/qspips_v3_9/src -s include  "SHELL=CMD" "COMPILER=arm-none-eabi-gcc" "ASSEMBLER=arm-none-eabi-as"
TRACE::2022-08-02.13:06:44::SCWBDomain:: "ARCHIVER=arm-none-eabi-ar" "COMPILER_FLAGS=  -O2 -c" "EXTRA_COMPILER_FLAGS=-mcpu=cortex-a9 -mfpu=vfpv3 -mfloat-abi=hard -nost
TRACE::2022-08-02.13:06:44::SCWBDomain::artfiles -g -Wall -Wextra"

TRACE::2022-08-02.13:06:44::SCWBDomain::"Running Make include in ps7_cortexa9_0/libsrc/scugic_v4_5/src"

TRACE::2022-08-02.13:06:44::SCWBDomain::make -C ps7_cortexa9_0/libsrc/scugic_v4_5/src -s include  "SHELL=CMD" "COMPILER=arm-none-eabi-gcc" "ASSEMBLER=arm-none-eabi-as"
TRACE::2022-08-02.13:06:44::SCWBDomain:: "ARCHIVER=arm-none-eabi-ar" "COMPILER_FLAGS=  -O2 -c" "EXTRA_COMPILER_FLAGS=-mcpu=cortex-a9 -mfpu=vfpv3 -mfloat-abi=hard -nost
TRACE::2022-08-02.13:06:44::SCWBDomain::artfiles -g -Wall -Wextra"

TRACE::2022-08-02.13:06:44::SCWBDomain::"Running Make include in ps7_cortexa9_0/libsrc/scutimer_v2_3/src"

TRACE::2022-08-02.13:06:44::SCWBDomain::make -C ps7_cortexa9_0/libsrc/scutimer_v2_3/src -s include  "SHELL=CMD" "COMPILER=arm-none-eabi-gcc" "ASSEMBLER=arm-none-eabi-a
TRACE::2022-08-02.13:06:44::SCWBDomain::s" "ARCHIVER=arm-none-eabi-ar" "COMPILER_FLAGS=  -O2 -c" "EXTRA_COMPILER_FLAGS=-mcpu=cortex-a9 -mfpu=vfpv3 -mfloat-abi=hard -no
TRACE::2022-08-02.13:06:44::SCWBDomain::startfiles -g -Wall -Wextra"

TRACE::2022-08-02.13:06:44::SCWBDomain::"Running Make include in ps7_cortexa9_0/libsrc/scuwdt_v2_4/src"

TRACE::2022-08-02.13:06:44::SCWBDomain::make -C ps7_cortexa9_0/libsrc/scuwdt_v2_4/src -s include  "SHELL=CMD" "COMPILER=arm-none-eabi-gcc" "ASSEMBLER=arm-none-eabi-as"
TRACE::2022-08-02.13:06:44::SCWBDomain:: "ARCHIVER=arm-none-eabi-ar" "COMPILER_FLAGS=  -O2 -c" "EXTRA_COMPILER_FLAGS=-mcpu=cortex-a9 -mfpu=vfpv3 -mfloat-abi=hard -nost
TRACE::2022-08-02.13:06:44::SCWBDomain::artfiles -g -Wall -Wextra"

TRACE::2022-08-02.13:06:44::SCWBDomain::"Running Make include in ps7_cortexa9_0/libsrc/sdps_v3_12/src"

TRACE::2022-08-02.13:06:44::SCWBDomain::make -C ps7_cortexa9_0/libsrc/sdps_v3_12/src -s include  "SHELL=CMD" "COMPILER=arm-none-eabi-gcc" "ASSEMBLER=arm-none-eabi-as" 
TRACE::2022-08-02.13:06:44::SCWBDomain::"ARCHIVER=arm-none-eabi-ar" "COMPILER_FLAGS=  -O2 -c" "EXTRA_COMPILER_FLAGS=-mcpu=cortex-a9 -mfpu=vfpv3 -mfloat-abi=hard -nosta
TRACE::2022-08-02.13:06:44::SCWBDomain::rtfiles -g -Wall -Wextra"

TRACE::2022-08-02.13:06:45::SCWBDomain::"Running Make include in ps7_cortexa9_0/libsrc/standalone_v7_5/src"

TRACE::2022-08-02.13:06:45::SCWBDomain::make -C ps7_cortexa9_0/libsrc/standalone_v7_5/src -s include  "SHELL=CMD" "COMPILER=arm-none-eabi-gcc" "ASSEMBLER=arm-none-eabi
TRACE::2022-08-02.13:06:45::SCWBDomain::-as" "ARCHIVER=arm-none-eabi-ar" "COMPILER_FLAGS=  -O2 -c" "EXTRA_COMPILER_FLAGS=-mcpu=cortex-a9 -mfpu=vfpv3 -mfloat-abi=hard -
TRACE::2022-08-02.13:06:45::SCWBDomain::nostartfiles -g -Wall -Wextra"

TRACE::2022-08-02.13:06:46::SCWBDomain::"Running Make include in ps7_cortexa9_0/libsrc/uartps_v3_11/src"

TRACE::2022-08-02.13:06:46::SCWBDomain::make -C ps7_cortexa9_0/libsrc/uartps_v3_11/src -s include  "SHELL=CMD" "COMPILER=arm-none-eabi-gcc" "ASSEMBLER=arm-none-eabi-as
TRACE::2022-08-02.13:06:46::SCWBDomain::" "ARCHIVER=arm-none-eabi-ar" "COMPILER_FLAGS=  -O2 -c" "EXTRA_COMPILER_FLAGS=-mcpu=cortex-a9 -mfpu=vfpv3 -mfloat-abi=hard -nos
TRACE::2022-08-02.13:06:46::SCWBDomain::tartfiles -g -Wall -Wextra"

TRACE::2022-08-02.13:06:47::SCWBDomain::"Running Make include in ps7_cortexa9_0/libsrc/usbps_v2_7/src"

TRACE::2022-08-02.13:06:47::SCWBDomain::make -C ps7_cortexa9_0/libsrc/usbps_v2_7/src -s include  "SHELL=CMD" "COMPILER=arm-none-eabi-gcc" "ASSEMBLER=arm-none-eabi-as" 
TRACE::2022-08-02.13:06:47::SCWBDomain::"ARCHIVER=arm-none-eabi-ar" "COMPILER_FLAGS=  -O2 -c" "EXTRA_COMPILER_FLAGS=-mcpu=cortex-a9 -mfpu=vfpv3 -mfloat-abi=hard -nosta
TRACE::2022-08-02.13:06:47::SCWBDomain::rtfiles -g -Wall -Wextra"

TRACE::2022-08-02.13:06:47::SCWBDomain::"Running Make include in ps7_cortexa9_0/libsrc/vtc_v8_3/src"

TRACE::2022-08-02.13:06:47::SCWBDomain::make -C ps7_cortexa9_0/libsrc/vtc_v8_3/src -s include  "SHELL=CMD" "COMPILER=arm-none-eabi-gcc" "ASSEMBLER=arm-none-eabi-as" "A
TRACE::2022-08-02.13:06:47::SCWBDomain::RCHIVER=arm-none-eabi-ar" "COMPILER_FLAGS=  -O2 -c" "EXTRA_COMPILER_FLAGS=-mcpu=cortex-a9 -mfpu=vfpv3 -mfloat-abi=hard -nostart
TRACE::2022-08-02.13:06:47::SCWBDomain::files -g -Wall -Wextra"

TRACE::2022-08-02.13:06:47::SCWBDomain::"Running Make include in ps7_cortexa9_0/libsrc/xadcps_v2_6/src"

TRACE::2022-08-02.13:06:47::SCWBDomain::make -C ps7_cortexa9_0/libsrc/xadcps_v2_6/src -s include  "SHELL=CMD" "COMPILER=arm-none-eabi-gcc" "ASSEMBLER=arm-none-eabi-as"
TRACE::2022-08-02.13:06:47::SCWBDomain:: "ARCHIVER=arm-none-eabi-ar" "COMPILER_FLAGS=  -O2 -c" "EXTRA_COMPILER_FLAGS=-mcpu=cortex-a9 -mfpu=vfpv3 -mfloat-abi=hard -nost
TRACE::2022-08-02.13:06:47::SCWBDomain::artfiles -g -Wall -Wextra"

TRACE::2022-08-02.13:06:47::SCWBDomain::"Running Make include in ps7_cortexa9_0/libsrc/xilffs_v4_5/src"

TRACE::2022-08-02.13:06:47::SCWBDomain::make -C ps7_cortexa9_0/libsrc/xilffs_v4_5/src -s include  "SHELL=CMD" "COMPILER=arm-none-eabi-gcc" "ASSEMBLER=arm-none-eabi-as"
TRACE::2022-08-02.13:06:47::SCWBDomain:: "ARCHIVER=arm-none-eabi-ar" "COMPILER_FLAGS=  -O2 -c" "EXTRA_COMPILER_FLAGS=-mcpu=cortex-a9 -mfpu=vfpv3 -mfloat-abi=hard -nost
TRACE::2022-08-02.13:06:47::SCWBDomain::artfiles -g -Wall -Wextra"

TRACE::2022-08-02.13:06:47::SCWBDomain::"Running Make include in ps7_cortexa9_0/libsrc/xilrsa_v1_6/src"

TRACE::2022-08-02.13:06:47::SCWBDomain::make -C ps7_cortexa9_0/libsrc/xilrsa_v1_6/src -s include  "SHELL=CMD" "COMPILER=arm-none-eabi-gcc" "ASSEMBLER=arm-none-eabi-as"
TRACE::2022-08-02.13:06:47::SCWBDomain:: "ARCHIVER=arm-none-eabi-ar" "COMPILER_FLAGS=  -O2 -c" "EXTRA_COMPILER_FLAGS=-mcpu=cortex-a9 -mfpu=vfpv3 -mfloat-abi=hard -nost
TRACE::2022-08-02.13:06:47::SCWBDomain::artfiles -g -Wall -Wextra"

TRACE::2022-08-02.13:06:47::SCWBDomain::"Running Make libs in ps7_cortexa9_0/libsrc/MIPI_CSI_2_RX_v1_0/src"

TRACE::2022-08-02.13:06:47::SCWBDomain::make -C ps7_cortexa9_0/libsrc/MIPI_CSI_2_RX_v1_0/src -s libs  "SHELL=CMD" "COMPILER=arm-none-eabi-gcc" "ASSEMBLER=arm-none-eabi
TRACE::2022-08-02.13:06:47::SCWBDomain::-as" "ARCHIVER=arm-none-eabi-ar" "COMPILER_FLAGS=  -O2 -c" "EXTRA_COMPILER_FLAGS=-mcpu=cortex-a9 -mfpu=vfpv3 -mfloat-abi=hard -
TRACE::2022-08-02.13:06:47::SCWBDomain::nostartfiles -g -Wall -Wextra"

TRACE::2022-08-02.13:06:47::SCWBDomain::"Compiling MIPI_CSI_2_RX"

TRACE::2022-08-02.13:06:48::SCWBDomain::"Running Make libs in ps7_cortexa9_0/libsrc/MIPI_D_PHY_RX_v1_0/src"

TRACE::2022-08-02.13:06:48::SCWBDomain::make -C ps7_cortexa9_0/libsrc/MIPI_D_PHY_RX_v1_0/src -s libs  "SHELL=CMD" "COMPILER=arm-none-eabi-gcc" "ASSEMBLER=arm-none-eabi
TRACE::2022-08-02.13:06:48::SCWBDomain::-as" "ARCHIVER=arm-none-eabi-ar" "COMPILER_FLAGS=  -O2 -c" "EXTRA_COMPILER_FLAGS=-mcpu=cortex-a9 -mfpu=vfpv3 -mfloat-abi=hard -
TRACE::2022-08-02.13:06:48::SCWBDomain::nostartfiles -g -Wall -Wextra"

TRACE::2022-08-02.13:06:48::SCWBDomain::"Compiling MIPI_D_PHY_RX"

TRACE::2022-08-02.13:06:49::SCWBDomain::"Running Make libs in ps7_cortexa9_0/libsrc/xilrsa_v1_6/src"

TRACE::2022-08-02.13:06:49::SCWBDomain::make -C ps7_cortexa9_0/libsrc/xilrsa_v1_6/src -s libs  "SHELL=CMD" "COMPILER=arm-none-eabi-gcc" "ASSEMBLER=arm-none-eabi-as" "A
TRACE::2022-08-02.13:06:49::SCWBDomain::RCHIVER=arm-none-eabi-ar" "COMPILER_FLAGS=  -O2 -c" "EXTRA_COMPILER_FLAGS=-mcpu=cortex-a9 -mfpu=vfpv3 -mfloat-abi=hard -nostart
TRACE::2022-08-02.13:06:49::SCWBDomain::files -g -Wall -Wextra"

TRACE::2022-08-02.13:06:49::SCWBDomain::'Finished building libraries sequentially.'

TRACE::2022-08-02.13:06:49::SCWBDomain::make -j 46 --no-print-directory par_libs

TRACE::2022-08-02.13:06:49::SCWBDomain::"Running Make include in ps7_cortexa9_0/libsrc/clk_wiz_v1_4/src"

TRACE::2022-08-02.13:06:49::SCWBDomain::"Running Make include in ps7_cortexa9_0/libsrc/axivdma_v6_9/src"

TRACE::2022-08-02.13:06:49::SCWBDomain::make -C ps7_cortexa9_0/libsrc/axivdma_v6_9/src -s include  "SHELL=CMD" "COMPILER=arm-none-eabi-gcc" "ASSEMBLER=arm-none-eabi-as
TRACE::2022-08-02.13:06:49::SCWBDomain::" "ARCHIVER=arm-none-eabi-ar" "COMPILER_FLAGS=  -O2 -c" "EXTRA_COMPILER_FLAGS=-mcpu=cortex-a9 -mfpu=vfpv3 -mfloat-abi=hard -nos
TRACE::2022-08-02.13:06:49::SCWBDomain::tartfiles -g -Wall -Wextra"

TRACE::2022-08-02.13:06:49::SCWBDomain::"Running Make include in ps7_cortexa9_0/libsrc/cpu_cortexa9_v2_11/src"

TRACE::2022-08-02.13:06:49::SCWBDomain::"Running Make include in ps7_cortexa9_0/libsrc/coresightps_dcc_v1_8/src"

TRACE::2022-08-02.13:06:49::SCWBDomain::make -C ps7_cortexa9_0/libsrc/clk_wiz_v1_4/src -s include  "SHELL=CMD" "COMPILER=arm-none-eabi-gcc" "ASSEMBLER=arm-none-eabi-as
TRACE::2022-08-02.13:06:49::SCWBDomain::" "ARCHIVER=arm-none-eabi-ar" "COMPILER_FLAGS=  -O2 -c" "EXTRA_COMPILER_FLAGS=-mcpu=cortex-a9 -mfpu=vfpv3 -mfloat-abi=hard -nos
TRACE::2022-08-02.13:06:49::SCWBDomain::tartfiles -g -Wall -Wextra"

TRACE::2022-08-02.13:06:49::SCWBDomain::make -C ps7_cortexa9_0/libsrc/coresightps_dcc_v1_8/src -s include  "SHELL=CMD" "COMPILER=arm-none-eabi-gcc" "ASSEMBLER=arm-none
TRACE::2022-08-02.13:06:49::SCWBDomain::-eabi-as" "ARCHIVER=arm-none-eabi-ar" "COMPILER_FLAGS=  -O2 -c" "EXTRA_COMPILER_FLAGS=-mcpu=cortex-a9 -mfpu=vfpv3 -mfloat-abi=h
TRACE::2022-08-02.13:06:49::SCWBDomain::ard -nostartfiles -g -Wall -Wextra"

TRACE::2022-08-02.13:06:49::SCWBDomain::make -C ps7_cortexa9_0/libsrc/cpu_cortexa9_v2_11/src -s include  "SHELL=CMD" "COMPILER=arm-none-eabi-gcc" "ASSEMBLER=arm-none-e
TRACE::2022-08-02.13:06:49::SCWBDomain::abi-as" "ARCHIVER=arm-none-eabi-ar" "COMPILER_FLAGS=  -O2 -c" "EXTRA_COMPILER_FLAGS=-mcpu=cortex-a9 -mfpu=vfpv3 -mfloat-abi=har
TRACE::2022-08-02.13:06:49::SCWBDomain::d -nostartfiles -g -Wall -Wextra"

TRACE::2022-08-02.13:06:49::SCWBDomain::"Running Make include in ps7_cortexa9_0/libsrc/ddrps_v1_2/src"

TRACE::2022-08-02.13:06:49::SCWBDomain::"Running Make include in ps7_cortexa9_0/libsrc/devcfg_v3_7/src"

TRACE::2022-08-02.13:06:49::SCWBDomain::make -C ps7_cortexa9_0/libsrc/ddrps_v1_2/src -s include  "SHELL=CMD" "COMPILER=arm-none-eabi-gcc" "ASSEMBLER=arm-none-eabi-as" 
TRACE::2022-08-02.13:06:49::SCWBDomain::"ARCHIVER=arm-none-eabi-ar" "COMPILER_FLAGS=  -O2 -c" "EXTRA_COMPILER_FLAGS=-mcpu=cortex-a9 -mfpu=vfpv3 -mfloat-abi=hard -nosta
TRACE::2022-08-02.13:06:49::SCWBDomain::rtfiles -g -Wall -Wextra"

TRACE::2022-08-02.13:06:49::SCWBDomain::"Running Make include in ps7_cortexa9_0/libsrc/dmaps_v2_8/src"

TRACE::2022-08-02.13:06:49::SCWBDomain::make -C ps7_cortexa9_0/libsrc/devcfg_v3_7/src -s include  "SHELL=CMD" "COMPILER=arm-none-eabi-gcc" "ASSEMBLER=arm-none-eabi-as"
TRACE::2022-08-02.13:06:49::SCWBDomain:: "ARCHIVER=arm-none-eabi-ar" "COMPILER_FLAGS=  -O2 -c" "EXTRA_COMPILER_FLAGS=-mcpu=cortex-a9 -mfpu=vfpv3 -mfloat-abi=hard -nost
TRACE::2022-08-02.13:06:49::SCWBDomain::artfiles -g -Wall -Wextra"

TRACE::2022-08-02.13:06:49::SCWBDomain::"Running Make include in ps7_cortexa9_0/libsrc/emacps_v3_14/src"

TRACE::2022-08-02.13:06:49::SCWBDomain::make -C ps7_cortexa9_0/libsrc/dmaps_v2_8/src -s include  "SHELL=CMD" "COMPILER=arm-none-eabi-gcc" "ASSEMBLER=arm-none-eabi-as" 
TRACE::2022-08-02.13:06:49::SCWBDomain::"ARCHIVER=arm-none-eabi-ar" "COMPILER_FLAGS=  -O2 -c" "EXTRA_COMPILER_FLAGS=-mcpu=cortex-a9 -mfpu=vfpv3 -mfloat-abi=hard -nosta
TRACE::2022-08-02.13:06:49::SCWBDomain::rtfiles -g -Wall -Wextra"

TRACE::2022-08-02.13:06:49::SCWBDomain::make -C ps7_cortexa9_0/libsrc/emacps_v3_14/src -s include  "SHELL=CMD" "COMPILER=arm-none-eabi-gcc" "ASSEMBLER=arm-none-eabi-as
TRACE::2022-08-02.13:06:49::SCWBDomain::" "ARCHIVER=arm-none-eabi-ar" "COMPILER_FLAGS=  -O2 -c" "EXTRA_COMPILER_FLAGS=-mcpu=cortex-a9 -mfpu=vfpv3 -mfloat-abi=hard -nos
TRACE::2022-08-02.13:06:49::SCWBDomain::tartfiles -g -Wall -Wextra"

TRACE::2022-08-02.13:06:49::SCWBDomain::"Running Make include in ps7_cortexa9_0/libsrc/gpiops_v3_9/src"

TRACE::2022-08-02.13:06:49::SCWBDomain::make -C ps7_cortexa9_0/libsrc/gpiops_v3_9/src -s include  "SHELL=CMD" "COMPILER=arm-none-eabi-gcc" "ASSEMBLER=arm-none-eabi-as"
TRACE::2022-08-02.13:06:49::SCWBDomain:: "ARCHIVER=arm-none-eabi-ar" "COMPILER_FLAGS=  -O2 -c" "EXTRA_COMPILER_FLAGS=-mcpu=cortex-a9 -mfpu=vfpv3 -mfloat-abi=hard -nost
TRACE::2022-08-02.13:06:49::SCWBDomain::artfiles -g -Wall -Wextra"

TRACE::2022-08-02.13:06:49::SCWBDomain::"Running Make include in ps7_cortexa9_0/libsrc/iicps_v3_13/src"

TRACE::2022-08-02.13:06:49::SCWBDomain::make -C ps7_cortexa9_0/libsrc/iicps_v3_13/src -s include  "SHELL=CMD" "COMPILER=arm-none-eabi-gcc" "ASSEMBLER=arm-none-eabi-as"
TRACE::2022-08-02.13:06:49::SCWBDomain:: "ARCHIVER=arm-none-eabi-ar" "COMPILER_FLAGS=  -O2 -c" "EXTRA_COMPILER_FLAGS=-mcpu=cortex-a9 -mfpu=vfpv3 -mfloat-abi=hard -nost
TRACE::2022-08-02.13:06:49::SCWBDomain::artfiles -g -Wall -Wextra"

TRACE::2022-08-02.13:06:49::SCWBDomain::"Running Make include in ps7_cortexa9_0/libsrc/MIPI_CSI_2_RX_v1_0/src"

TRACE::2022-08-02.13:06:49::SCWBDomain::make -C ps7_cortexa9_0/libsrc/MIPI_CSI_2_RX_v1_0/src -s include  "SHELL=CMD" "COMPILER=arm-none-eabi-gcc" "ASSEMBLER=arm-none-e
TRACE::2022-08-02.13:06:49::SCWBDomain::abi-as" "ARCHIVER=arm-none-eabi-ar" "COMPILER_FLAGS=  -O2 -c" "EXTRA_COMPILER_FLAGS=-mcpu=cortex-a9 -mfpu=vfpv3 -mfloat-abi=har
TRACE::2022-08-02.13:06:49::SCWBDomain::d -nostartfiles -g -Wall -Wextra"

TRACE::2022-08-02.13:06:49::SCWBDomain::"Running Make include in ps7_cortexa9_0/libsrc/MIPI_D_PHY_RX_v1_0/src"

TRACE::2022-08-02.13:06:49::SCWBDomain::make -C ps7_cortexa9_0/libsrc/MIPI_D_PHY_RX_v1_0/src -s include  "SHELL=CMD" "COMPILER=arm-none-eabi-gcc" "ASSEMBLER=arm-none-e
TRACE::2022-08-02.13:06:49::SCWBDomain::abi-as" "ARCHIVER=arm-none-eabi-ar" "COMPILER_FLAGS=  -O2 -c" "EXTRA_COMPILER_FLAGS=-mcpu=cortex-a9 -mfpu=vfpv3 -mfloat-abi=har
TRACE::2022-08-02.13:06:49::SCWBDomain::d -nostartfiles -g -Wall -Wextra"

TRACE::2022-08-02.13:06:49::SCWBDomain::"Running Make include in ps7_cortexa9_0/libsrc/qspips_v3_9/src"

TRACE::2022-08-02.13:06:49::SCWBDomain::make -C ps7_cortexa9_0/libsrc/qspips_v3_9/src -s include  "SHELL=CMD" "COMPILER=arm-none-eabi-gcc" "ASSEMBLER=arm-none-eabi-as"
TRACE::2022-08-02.13:06:49::SCWBDomain:: "ARCHIVER=arm-none-eabi-ar" "COMPILER_FLAGS=  -O2 -c" "EXTRA_COMPILER_FLAGS=-mcpu=cortex-a9 -mfpu=vfpv3 -mfloat-abi=hard -nost
TRACE::2022-08-02.13:06:49::SCWBDomain::artfiles -g -Wall -Wextra"

TRACE::2022-08-02.13:06:49::SCWBDomain::"Running Make include in ps7_cortexa9_0/libsrc/scugic_v4_5/src"

TRACE::2022-08-02.13:06:49::SCWBDomain::make -C ps7_cortexa9_0/libsrc/scugic_v4_5/src -s include  "SHELL=CMD" "COMPILER=arm-none-eabi-gcc" "ASSEMBLER=arm-none-eabi-as"
TRACE::2022-08-02.13:06:49::SCWBDomain:: "ARCHIVER=arm-none-eabi-ar" "COMPILER_FLAGS=  -O2 -c" "EXTRA_COMPILER_FLAGS=-mcpu=cortex-a9 -mfpu=vfpv3 -mfloat-abi=hard -nost
TRACE::2022-08-02.13:06:49::SCWBDomain::artfiles -g -Wall -Wextra"

TRACE::2022-08-02.13:06:49::SCWBDomain::"Running Make include in ps7_cortexa9_0/libsrc/scutimer_v2_3/src"

TRACE::2022-08-02.13:06:49::SCWBDomain::make -C ps7_cortexa9_0/libsrc/scutimer_v2_3/src -s include  "SHELL=CMD" "COMPILER=arm-none-eabi-gcc" "ASSEMBLER=arm-none-eabi-a
TRACE::2022-08-02.13:06:49::SCWBDomain::s" "ARCHIVER=arm-none-eabi-ar" "COMPILER_FLAGS=  -O2 -c" "EXTRA_COMPILER_FLAGS=-mcpu=cortex-a9 -mfpu=vfpv3 -mfloat-abi=hard -no
TRACE::2022-08-02.13:06:49::SCWBDomain::startfiles -g -Wall -Wextra"

TRACE::2022-08-02.13:06:49::SCWBDomain::"Running Make include in ps7_cortexa9_0/libsrc/scuwdt_v2_4/src"

TRACE::2022-08-02.13:06:49::SCWBDomain::make -C ps7_cortexa9_0/libsrc/scuwdt_v2_4/src -s include  "SHELL=CMD" "COMPILER=arm-none-eabi-gcc" "ASSEMBLER=arm-none-eabi-as"
TRACE::2022-08-02.13:06:49::SCWBDomain:: "ARCHIVER=arm-none-eabi-ar" "COMPILER_FLAGS=  -O2 -c" "EXTRA_COMPILER_FLAGS=-mcpu=cortex-a9 -mfpu=vfpv3 -mfloat-abi=hard -nost
TRACE::2022-08-02.13:06:49::SCWBDomain::artfiles -g -Wall -Wextra"

TRACE::2022-08-02.13:06:49::SCWBDomain::"Running Make include in ps7_cortexa9_0/libsrc/sdps_v3_12/src"

TRACE::2022-08-02.13:06:49::SCWBDomain::"Running Make include in ps7_cortexa9_0/libsrc/standalone_v7_5/src"

TRACE::2022-08-02.13:06:49::SCWBDomain::make -C ps7_cortexa9_0/libsrc/sdps_v3_12/src -s include  "SHELL=CMD" "COMPILER=arm-none-eabi-gcc" "ASSEMBLER=arm-none-eabi-as" 
TRACE::2022-08-02.13:06:49::SCWBDomain::"ARCHIVER=arm-none-eabi-ar" "COMPILER_FLAGS=  -O2 -c" "EXTRA_COMPILER_FLAGS=-mcpu=cortex-a9 -mfpu=vfpv3 -mfloat-abi=hard -nosta
TRACE::2022-08-02.13:06:49::SCWBDomain::rtfiles -g -Wall -Wextra"

TRACE::2022-08-02.13:06:49::SCWBDomain::make -C ps7_cortexa9_0/libsrc/standalone_v7_5/src -s include  "SHELL=CMD" "COMPILER=arm-none-eabi-gcc" "ASSEMBLER=arm-none-eabi
TRACE::2022-08-02.13:06:49::SCWBDomain::-as" "ARCHIVER=arm-none-eabi-ar" "COMPILER_FLAGS=  -O2 -c" "EXTRA_COMPILER_FLAGS=-mcpu=cortex-a9 -mfpu=vfpv3 -mfloat-abi=hard -
TRACE::2022-08-02.13:06:49::SCWBDomain::nostartfiles -g -Wall -Wextra"

TRACE::2022-08-02.13:06:49::SCWBDomain::"Running Make include in ps7_cortexa9_0/libsrc/uartps_v3_11/src"

TRACE::2022-08-02.13:06:49::SCWBDomain::make -C ps7_cortexa9_0/libsrc/uartps_v3_11/src -s include  "SHELL=CMD" "COMPILER=arm-none-eabi-gcc" "ASSEMBLER=arm-none-eabi-as
TRACE::2022-08-02.13:06:49::SCWBDomain::" "ARCHIVER=arm-none-eabi-ar" "COMPILER_FLAGS=  -O2 -c" "EXTRA_COMPILER_FLAGS=-mcpu=cortex-a9 -mfpu=vfpv3 -mfloat-abi=hard -nos
TRACE::2022-08-02.13:06:49::SCWBDomain::tartfiles -g -Wall -Wextra"

TRACE::2022-08-02.13:06:49::SCWBDomain::"Running Make include in ps7_cortexa9_0/libsrc/usbps_v2_7/src"

TRACE::2022-08-02.13:06:49::SCWBDomain::make -C ps7_cortexa9_0/libsrc/usbps_v2_7/src -s include  "SHELL=CMD" "COMPILER=arm-none-eabi-gcc" "ASSEMBLER=arm-none-eabi-as" 
TRACE::2022-08-02.13:06:49::SCWBDomain::"ARCHIVER=arm-none-eabi-ar" "COMPILER_FLAGS=  -O2 -c" "EXTRA_COMPILER_FLAGS=-mcpu=cortex-a9 -mfpu=vfpv3 -mfloat-abi=hard -nosta
TRACE::2022-08-02.13:06:49::SCWBDomain::rtfiles -g -Wall -Wextra"

TRACE::2022-08-02.13:06:49::SCWBDomain::"Running Make include in ps7_cortexa9_0/libsrc/vtc_v8_3/src"

TRACE::2022-08-02.13:06:49::SCWBDomain::"Running Make include in ps7_cortexa9_0/libsrc/xadcps_v2_6/src"

TRACE::2022-08-02.13:06:49::SCWBDomain::make -C ps7_cortexa9_0/libsrc/vtc_v8_3/src -s include  "SHELL=CMD" "COMPILER=arm-none-eabi-gcc" "ASSEMBLER=arm-none-eabi-as" "A
TRACE::2022-08-02.13:06:49::SCWBDomain::RCHIVER=arm-none-eabi-ar" "COMPILER_FLAGS=  -O2 -c" "EXTRA_COMPILER_FLAGS=-mcpu=cortex-a9 -mfpu=vfpv3 -mfloat-abi=hard -nostart
TRACE::2022-08-02.13:06:49::SCWBDomain::files -g -Wall -Wextra"

TRACE::2022-08-02.13:06:49::SCWBDomain::make -C ps7_cortexa9_0/libsrc/xadcps_v2_6/src -s include  "SHELL=CMD" "COMPILER=arm-none-eabi-gcc" "ASSEMBLER=arm-none-eabi-as"
TRACE::2022-08-02.13:06:49::SCWBDomain:: "ARCHIVER=arm-none-eabi-ar" "COMPILER_FLAGS=  -O2 -c" "EXTRA_COMPILER_FLAGS=-mcpu=cortex-a9 -mfpu=vfpv3 -mfloat-abi=hard -nost
TRACE::2022-08-02.13:06:49::SCWBDomain::artfiles -g -Wall -Wextra"

TRACE::2022-08-02.13:06:49::SCWBDomain::"Running Make include in ps7_cortexa9_0/libsrc/xilffs_v4_5/src"

TRACE::2022-08-02.13:06:49::SCWBDomain::make -C ps7_cortexa9_0/libsrc/xilffs_v4_5/src -s include  "SHELL=CMD" "COMPILER=arm-none-eabi-gcc" "ASSEMBLER=arm-none-eabi-as"
TRACE::2022-08-02.13:06:49::SCWBDomain:: "ARCHIVER=arm-none-eabi-ar" "COMPILER_FLAGS=  -O2 -c" "EXTRA_COMPILER_FLAGS=-mcpu=cortex-a9 -mfpu=vfpv3 -mfloat-abi=hard -nost
TRACE::2022-08-02.13:06:49::SCWBDomain::artfiles -g -Wall -Wextra"

TRACE::2022-08-02.13:06:49::SCWBDomain::"Running Make include in ps7_cortexa9_0/libsrc/xilrsa_v1_6/src"

TRACE::2022-08-02.13:06:49::SCWBDomain::make -C ps7_cortexa9_0/libsrc/xilrsa_v1_6/src -s include  "SHELL=CMD" "COMPILER=arm-none-eabi-gcc" "ASSEMBLER=arm-none-eabi-as"
TRACE::2022-08-02.13:06:49::SCWBDomain:: "ARCHIVER=arm-none-eabi-ar" "COMPILER_FLAGS=  -O2 -c" "EXTRA_COMPILER_FLAGS=-mcpu=cortex-a9 -mfpu=vfpv3 -mfloat-abi=hard -nost
TRACE::2022-08-02.13:06:49::SCWBDomain::artfiles -g -Wall -Wextra"

TRACE::2022-08-02.13:06:49::SCWBDomain::"Running Make libs in ps7_cortexa9_0/libsrc/axivdma_v6_9/src"

TRACE::2022-08-02.13:06:49::SCWBDomain::make -C ps7_cortexa9_0/libsrc/axivdma_v6_9/src -s libs  "SHELL=CMD" "COMPILER=arm-none-eabi-gcc" "ASSEMBLER=arm-none-eabi-as" "
TRACE::2022-08-02.13:06:49::SCWBDomain::ARCHIVER=arm-none-eabi-ar" "COMPILER_FLAGS=  -O2 -c" "EXTRA_COMPILER_FLAGS=-mcpu=cortex-a9 -mfpu=vfpv3 -mfloat-abi=hard -nostar
TRACE::2022-08-02.13:06:49::SCWBDomain::tfiles -g -Wall -Wextra"

TRACE::2022-08-02.13:06:49::SCWBDomain::"Running Make libs in ps7_cortexa9_0/libsrc/clk_wiz_v1_4/src"

TRACE::2022-08-02.13:06:49::SCWBDomain::"Running Make libs in ps7_cortexa9_0/libsrc/coresightps_dcc_v1_8/src"

TRACE::2022-08-02.13:06:49::SCWBDomain::make -C ps7_cortexa9_0/libsrc/clk_wiz_v1_4/src -s libs  "SHELL=CMD" "COMPILER=arm-none-eabi-gcc" "ASSEMBLER=arm-none-eabi-as" "
TRACE::2022-08-02.13:06:49::SCWBDomain::ARCHIVER=arm-none-eabi-ar" "COMPILER_FLAGS=  -O2 -c" "EXTRA_COMPILER_FLAGS=-mcpu=cortex-a9 -mfpu=vfpv3 -mfloat-abi=hard -nostar
TRACE::2022-08-02.13:06:49::SCWBDomain::tfiles -g -Wall -Wextra"

TRACE::2022-08-02.13:06:50::SCWBDomain::make -C ps7_cortexa9_0/libsrc/coresightps_dcc_v1_8/src -s libs  "SHELL=CMD" "COMPILER=arm-none-eabi-gcc" "ASSEMBLER=arm-none-ea
TRACE::2022-08-02.13:06:50::SCWBDomain::bi-as" "ARCHIVER=arm-none-eabi-ar" "COMPILER_FLAGS=  -O2 -c" "EXTRA_COMPILER_FLAGS=-mcpu=cortex-a9 -mfpu=vfpv3 -mfloat-abi=hard
TRACE::2022-08-02.13:06:50::SCWBDomain:: -nostartfiles -g -Wall -Wextra"

TRACE::2022-08-02.13:06:50::SCWBDomain::"Running Make libs in ps7_cortexa9_0/libsrc/cpu_cortexa9_v2_11/src"

TRACE::2022-08-02.13:06:50::SCWBDomain::make -C ps7_cortexa9_0/libsrc/cpu_cortexa9_v2_11/src -s libs  "SHELL=CMD" "COMPILER=arm-none-eabi-gcc" "ASSEMBLER=arm-none-eabi
TRACE::2022-08-02.13:06:50::SCWBDomain::-as" "ARCHIVER=arm-none-eabi-ar" "COMPILER_FLAGS=  -O2 -c" "EXTRA_COMPILER_FLAGS=-mcpu=cortex-a9 -mfpu=vfpv3 -mfloat-abi=hard -
TRACE::2022-08-02.13:06:50::SCWBDomain::nostartfiles -g -Wall -Wextra"

TRACE::2022-08-02.13:06:50::SCWBDomain::"Running Make libs in ps7_cortexa9_0/libsrc/ddrps_v1_2/src"

TRACE::2022-08-02.13:06:50::SCWBDomain::"Running Make libs in ps7_cortexa9_0/libsrc/devcfg_v3_7/src"

TRACE::2022-08-02.13:06:50::SCWBDomain::make -C ps7_cortexa9_0/libsrc/ddrps_v1_2/src -s libs  "SHELL=CMD" "COMPILER=arm-none-eabi-gcc" "ASSEMBLER=arm-none-eabi-as" "AR
TRACE::2022-08-02.13:06:50::SCWBDomain::CHIVER=arm-none-eabi-ar" "COMPILER_FLAGS=  -O2 -c" "EXTRA_COMPILER_FLAGS=-mcpu=cortex-a9 -mfpu=vfpv3 -mfloat-abi=hard -nostartf
TRACE::2022-08-02.13:06:50::SCWBDomain::iles -g -Wall -Wextra"

TRACE::2022-08-02.13:06:50::SCWBDomain::"Running Make libs in ps7_cortexa9_0/libsrc/dmaps_v2_8/src"

TRACE::2022-08-02.13:06:50::SCWBDomain::"Running Make libs in ps7_cortexa9_0/libsrc/emacps_v3_14/src"

TRACE::2022-08-02.13:06:50::SCWBDomain::make -C ps7_cortexa9_0/libsrc/devcfg_v3_7/src -s libs  "SHELL=CMD" "COMPILER=arm-none-eabi-gcc" "ASSEMBLER=arm-none-eabi-as" "A
TRACE::2022-08-02.13:06:50::SCWBDomain::RCHIVER=arm-none-eabi-ar" "COMPILER_FLAGS=  -O2 -c" "EXTRA_COMPILER_FLAGS=-mcpu=cortex-a9 -mfpu=vfpv3 -mfloat-abi=hard -nostart
TRACE::2022-08-02.13:06:50::SCWBDomain::files -g -Wall -Wextra"

TRACE::2022-08-02.13:06:50::SCWBDomain::"Running Make libs in ps7_cortexa9_0/libsrc/gpiops_v3_9/src"

TRACE::2022-08-02.13:06:50::SCWBDomain::make -C ps7_cortexa9_0/libsrc/dmaps_v2_8/src -s libs  "SHELL=CMD" "COMPILER=arm-none-eabi-gcc" "ASSEMBLER=arm-none-eabi-as" "AR
TRACE::2022-08-02.13:06:50::SCWBDomain::CHIVER=arm-none-eabi-ar" "COMPILER_FLAGS=  -O2 -c" "EXTRA_COMPILER_FLAGS=-mcpu=cortex-a9 -mfpu=vfpv3 -mfloat-abi=hard -nostartf
TRACE::2022-08-02.13:06:50::SCWBDomain::iles -g -Wall -Wextra"

TRACE::2022-08-02.13:06:50::SCWBDomain::make -C ps7_cortexa9_0/libsrc/emacps_v3_14/src -s libs  "SHELL=CMD" "COMPILER=arm-none-eabi-gcc" "ASSEMBLER=arm-none-eabi-as" "
TRACE::2022-08-02.13:06:50::SCWBDomain::ARCHIVER=arm-none-eabi-ar" "COMPILER_FLAGS=  -O2 -c" "EXTRA_COMPILER_FLAGS=-mcpu=cortex-a9 -mfpu=vfpv3 -mfloat-abi=hard -nostar
TRACE::2022-08-02.13:06:50::SCWBDomain::tfiles -g -Wall -Wextra"

TRACE::2022-08-02.13:06:50::SCWBDomain::make -C ps7_cortexa9_0/libsrc/gpiops_v3_9/src -s libs  "SHELL=CMD" "COMPILER=arm-none-eabi-gcc" "ASSEMBLER=arm-none-eabi-as" "A
TRACE::2022-08-02.13:06:50::SCWBDomain::RCHIVER=arm-none-eabi-ar" "COMPILER_FLAGS=  -O2 -c" "EXTRA_COMPILER_FLAGS=-mcpu=cortex-a9 -mfpu=vfpv3 -mfloat-abi=hard -nostart
TRACE::2022-08-02.13:06:50::SCWBDomain::files -g -Wall -Wextra"

TRACE::2022-08-02.13:06:50::SCWBDomain::"Running Make libs in ps7_cortexa9_0/libsrc/iicps_v3_13/src"

TRACE::2022-08-02.13:06:50::SCWBDomain::"Running Make libs in ps7_cortexa9_0/libsrc/qspips_v3_9/src"

TRACE::2022-08-02.13:06:50::SCWBDomain::make -C ps7_cortexa9_0/libsrc/iicps_v3_13/src -s libs  "SHELL=CMD" "COMPILER=arm-none-eabi-gcc" "ASSEMBLER=arm-none-eabi-as" "A
TRACE::2022-08-02.13:06:50::SCWBDomain::RCHIVER=arm-none-eabi-ar" "COMPILER_FLAGS=  -O2 -c" "EXTRA_COMPILER_FLAGS=-mcpu=cortex-a9 -mfpu=vfpv3 -mfloat-abi=hard -nostart
TRACE::2022-08-02.13:06:50::SCWBDomain::files -g -Wall -Wextra"

TRACE::2022-08-02.13:06:50::SCWBDomain::"Running Make libs in ps7_cortexa9_0/libsrc/scugic_v4_5/src"

TRACE::2022-08-02.13:06:50::SCWBDomain::make -C ps7_cortexa9_0/libsrc/qspips_v3_9/src -s libs  "SHELL=CMD" "COMPILER=arm-none-eabi-gcc" "ASSEMBLER=arm-none-eabi-as" "A
TRACE::2022-08-02.13:06:50::SCWBDomain::RCHIVER=arm-none-eabi-ar" "COMPILER_FLAGS=  -O2 -c" "EXTRA_COMPILER_FLAGS=-mcpu=cortex-a9 -mfpu=vfpv3 -mfloat-abi=hard -nostart
TRACE::2022-08-02.13:06:50::SCWBDomain::files -g -Wall -Wextra"

TRACE::2022-08-02.13:06:50::SCWBDomain::"Running Make libs in ps7_cortexa9_0/libsrc/scutimer_v2_3/src"

TRACE::2022-08-02.13:06:50::SCWBDomain::make -C ps7_cortexa9_0/libsrc/scugic_v4_5/src -s libs  "SHELL=CMD" "COMPILER=arm-none-eabi-gcc" "ASSEMBLER=arm-none-eabi-as" "A
TRACE::2022-08-02.13:06:50::SCWBDomain::RCHIVER=arm-none-eabi-ar" "COMPILER_FLAGS=  -O2 -c" "EXTRA_COMPILER_FLAGS=-mcpu=cortex-a9 -mfpu=vfpv3 -mfloat-abi=hard -nostart
TRACE::2022-08-02.13:06:50::SCWBDomain::files -g -Wall -Wextra"

TRACE::2022-08-02.13:06:50::SCWBDomain::make -C ps7_cortexa9_0/libsrc/scutimer_v2_3/src -s libs  "SHELL=CMD" "COMPILER=arm-none-eabi-gcc" "ASSEMBLER=arm-none-eabi-as" 
TRACE::2022-08-02.13:06:50::SCWBDomain::"ARCHIVER=arm-none-eabi-ar" "COMPILER_FLAGS=  -O2 -c" "EXTRA_COMPILER_FLAGS=-mcpu=cortex-a9 -mfpu=vfpv3 -mfloat-abi=hard -nosta
TRACE::2022-08-02.13:06:50::SCWBDomain::rtfiles -g -Wall -Wextra"

TRACE::2022-08-02.13:06:50::SCWBDomain::"Running Make libs in ps7_cortexa9_0/libsrc/scuwdt_v2_4/src"

TRACE::2022-08-02.13:06:50::SCWBDomain::"Running Make libs in ps7_cortexa9_0/libsrc/sdps_v3_12/src"

TRACE::2022-08-02.13:06:50::SCWBDomain::make -C ps7_cortexa9_0/libsrc/scuwdt_v2_4/src -s libs  "SHELL=CMD" "COMPILER=arm-none-eabi-gcc" "ASSEMBLER=arm-none-eabi-as" "A
TRACE::2022-08-02.13:06:50::SCWBDomain::RCHIVER=arm-none-eabi-ar" "COMPILER_FLAGS=  -O2 -c" "EXTRA_COMPILER_FLAGS=-mcpu=cortex-a9 -mfpu=vfpv3 -mfloat-abi=hard -nostart
TRACE::2022-08-02.13:06:50::SCWBDomain::files -g -Wall -Wextra"

TRACE::2022-08-02.13:06:50::SCWBDomain::make -C ps7_cortexa9_0/libsrc/sdps_v3_12/src -s libs  "SHELL=CMD" "COMPILER=arm-none-eabi-gcc" "ASSEMBLER=arm-none-eabi-as" "AR
TRACE::2022-08-02.13:06:50::SCWBDomain::CHIVER=arm-none-eabi-ar" "COMPILER_FLAGS=  -O2 -c" "EXTRA_COMPILER_FLAGS=-mcpu=cortex-a9 -mfpu=vfpv3 -mfloat-abi=hard -nostartf
TRACE::2022-08-02.13:06:50::SCWBDomain::iles -g -Wall -Wextra"

TRACE::2022-08-02.13:06:50::SCWBDomain::"Running Make libs in ps7_cortexa9_0/libsrc/standalone_v7_5/src"

TRACE::2022-08-02.13:06:50::SCWBDomain::make -C ps7_cortexa9_0/libsrc/standalone_v7_5/src -s libs  "SHELL=CMD" "COMPILER=arm-none-eabi-gcc" "ASSEMBLER=arm-none-eabi-as
TRACE::2022-08-02.13:06:50::SCWBDomain::" "ARCHIVER=arm-none-eabi-ar" "COMPILER_FLAGS=  -O2 -c" "EXTRA_COMPILER_FLAGS=-mcpu=cortex-a9 -mfpu=vfpv3 -mfloat-abi=hard -nos
TRACE::2022-08-02.13:06:50::SCWBDomain::tartfiles -g -Wall -Wextra"

TRACE::2022-08-02.13:06:50::SCWBDomain::"Running Make libs in ps7_cortexa9_0/libsrc/uartps_v3_11/src"

TRACE::2022-08-02.13:06:50::SCWBDomain::make -C ps7_cortexa9_0/libsrc/uartps_v3_11/src -s libs  "SHELL=CMD" "COMPILER=arm-none-eabi-gcc" "ASSEMBLER=arm-none-eabi-as" "
TRACE::2022-08-02.13:06:50::SCWBDomain::ARCHIVER=arm-none-eabi-ar" "COMPILER_FLAGS=  -O2 -c" "EXTRA_COMPILER_FLAGS=-mcpu=cortex-a9 -mfpu=vfpv3 -mfloat-abi=hard -nostar
TRACE::2022-08-02.13:06:50::SCWBDomain::tfiles -g -Wall -Wextra"

TRACE::2022-08-02.13:06:50::SCWBDomain::"Running Make libs in ps7_cortexa9_0/libsrc/usbps_v2_7/src"

TRACE::2022-08-02.13:06:50::SCWBDomain::make -C ps7_cortexa9_0/libsrc/usbps_v2_7/src -s libs  "SHELL=CMD" "COMPILER=arm-none-eabi-gcc" "ASSEMBLER=arm-none-eabi-as" "AR
TRACE::2022-08-02.13:06:50::SCWBDomain::CHIVER=arm-none-eabi-ar" "COMPILER_FLAGS=  -O2 -c" "EXTRA_COMPILER_FLAGS=-mcpu=cortex-a9 -mfpu=vfpv3 -mfloat-abi=hard -nostartf
TRACE::2022-08-02.13:06:50::SCWBDomain::iles -g -Wall -Wextra"

TRACE::2022-08-02.13:06:51::SCWBDomain::"Running Make libs in ps7_cortexa9_0/libsrc/vtc_v8_3/src"

TRACE::2022-08-02.13:06:51::SCWBDomain::make -C ps7_cortexa9_0/libsrc/vtc_v8_3/src -s libs  "SHELL=CMD" "COMPILER=arm-none-eabi-gcc" "ASSEMBLER=arm-none-eabi-as" "ARCH
TRACE::2022-08-02.13:06:51::SCWBDomain::IVER=arm-none-eabi-ar" "COMPILER_FLAGS=  -O2 -c" "EXTRA_COMPILER_FLAGS=-mcpu=cortex-a9 -mfpu=vfpv3 -mfloat-abi=hard -nostartfil
TRACE::2022-08-02.13:06:51::SCWBDomain::es -g -Wall -Wextra"

TRACE::2022-08-02.13:06:52::SCWBDomain::"Running Make libs in ps7_cortexa9_0/libsrc/xadcps_v2_6/src"

TRACE::2022-08-02.13:06:52::SCWBDomain::make -C ps7_cortexa9_0/libsrc/xadcps_v2_6/src -s libs  "SHELL=CMD" "COMPILER=arm-none-eabi-gcc" "ASSEMBLER=arm-none-eabi-as" "A
TRACE::2022-08-02.13:06:52::SCWBDomain::RCHIVER=arm-none-eabi-ar" "COMPILER_FLAGS=  -O2 -c" "EXTRA_COMPILER_FLAGS=-mcpu=cortex-a9 -mfpu=vfpv3 -mfloat-abi=hard -nostart
TRACE::2022-08-02.13:06:52::SCWBDomain::files -g -Wall -Wextra"

TRACE::2022-08-02.13:06:52::SCWBDomain::"Running Make libs in ps7_cortexa9_0/libsrc/xilffs_v4_5/src"

TRACE::2022-08-02.13:06:52::SCWBDomain::make -C ps7_cortexa9_0/libsrc/xilffs_v4_5/src -s libs  "SHELL=CMD" "COMPILER=arm-none-eabi-gcc" "ASSEMBLER=arm-none-eabi-as" "A
TRACE::2022-08-02.13:06:52::SCWBDomain::RCHIVER=arm-none-eabi-ar" "COMPILER_FLAGS=  -O2 -c" "EXTRA_COMPILER_FLAGS=-mcpu=cortex-a9 -mfpu=vfpv3 -mfloat-abi=hard -nostart
TRACE::2022-08-02.13:06:52::SCWBDomain::files -g -Wall -Wextra"

TRACE::2022-08-02.13:06:56::SCWBDomain::'Finished building libraries parallelly.'

TRACE::2022-08-02.13:06:56::SCWBDomain::make --no-print-directory archive

TRACE::2022-08-02.13:06:56::SCWBDomain::arm-none-eabi-ar -r  ps7_cortexa9_0/lib/libxil.a ps7_cortexa9_0/lib/xadcps_selftest.o ps7_cortexa9_0/lib/xplatform_info.o ps7_c
TRACE::2022-08-02.13:06:56::SCWBDomain::ortexa9_0/lib/time.o ps7_cortexa9_0/lib/_exit.o ps7_cortexa9_0/lib/xil_testio.o ps7_cortexa9_0/lib/xusbps_endpoint.o ps7_cortex
TRACE::2022-08-02.13:06:56::SCWBDomain::a9_0/lib/xusbps_sinit.o ps7_cortexa9_0/lib/xvtc_g.o ps7_cortexa9_0/lib/xdevcfg_hw.o ps7_cortexa9_0/lib/xil_sleeptimer.o ps7_cor
TRACE::2022-08-02.13:06:56::SCWBDomain::texa9_0/lib/xqspips_options.o ps7_cortexa9_0/lib/xdmaps_g.o ps7_cortexa9_0/lib/xscutimer_g.o ps7_cortexa9_0/lib/xsdps_options.o
TRACE::2022-08-02.13:06:56::SCWBDomain:: ps7_cortexa9_0/lib/xil_misc_psreset_api.o ps7_cortexa9_0/lib/xdmaps_sinit.o ps7_cortexa9_0/lib/xscutimer_sinit.o ps7_cortexa9_
TRACE::2022-08-02.13:06:56::SCWBDomain::0/lib/xemacps_hw.o ps7_cortexa9_0/lib/inbyte.o ps7_cortexa9_0/lib/xdmaps_selftest.o ps7_cortexa9_0/lib/xscutimer_selftest.o ps7
TRACE::2022-08-02.13:06:56::SCWBDomain::_cortexa9_0/lib/xvtc_intr.o ps7_cortexa9_0/lib/putnum.o ps7_cortexa9_0/lib/xqspips_hw.o ps7_cortexa9_0/lib/xgpiops_g.o ps7_cort
TRACE::2022-08-02.13:06:56::SCWBDomain::exa9_0/lib/xsdps.o ps7_cortexa9_0/lib/close.o ps7_cortexa9_0/lib/xemacps_g.o ps7_cortexa9_0/lib/xgpiops_sinit.o ps7_cortexa9_0/
TRACE::2022-08-02.13:06:56::SCWBDomain::lib/xgpiops_selftest.o ps7_cortexa9_0/lib/xscuwdt.o ps7_cortexa9_0/lib/xaxivdma_g.o ps7_cortexa9_0/lib/xil_clocking.o ps7_corte
TRACE::2022-08-02.13:06:56::SCWBDomain::xa9_0/lib/xiicps_intr.o ps7_cortexa9_0/lib/xaxivdma_sinit.o ps7_cortexa9_0/lib/xvtc_sinit.o ps7_cortexa9_0/lib/xuartps_sinit.o 
TRACE::2022-08-02.13:06:56::SCWBDomain::ps7_cortexa9_0/lib/xaxivdma_selftest.o ps7_cortexa9_0/lib/xiicps_slave.o ps7_cortexa9_0/lib/xil_printf.o ps7_cortexa9_0/lib/xad
TRACE::2022-08-02.13:06:56::SCWBDomain::cps.o ps7_cortexa9_0/lib/xiicps_options.o ps7_cortexa9_0/lib/xuartps_selftest.o ps7_cortexa9_0/lib/lseek.o ps7_cortexa9_0/lib/x
TRACE::2022-08-02.13:06:56::SCWBDomain::il_testmem.o ps7_cortexa9_0/lib/xusbps_hw.o ps7_cortexa9_0/lib/xl2cc_counter.o ps7_cortexa9_0/lib/xiicps_hw.o ps7_cortexa9_0/li
TRACE::2022-08-02.13:06:56::SCWBDomain::b/xuartps_g.o ps7_cortexa9_0/lib/asm_vectors.o ps7_cortexa9_0/lib/usleep.o ps7_cortexa9_0/lib/xvtc_selftest.o ps7_cortexa9_0/li
TRACE::2022-08-02.13:06:56::SCWBDomain::b/abort.o ps7_cortexa9_0/lib/xscugic_intr.o ps7_cortexa9_0/lib/getpid.o ps7_cortexa9_0/lib/xiicps_selftest.o ps7_cortexa9_0/lib
TRACE::2022-08-02.13:06:56::SCWBDomain::/xil_testcache.o ps7_cortexa9_0/lib/xdevcfg_sinit.o ps7_cortexa9_0/lib/xdmaps.o ps7_cortexa9_0/lib/xscutimer.o ps7_cortexa9_0/l
TRACE::2022-08-02.13:06:56::SCWBDomain::ib/xil_mem.o ps7_cortexa9_0/lib/xdevcfg_selftest.o ps7_cortexa9_0/lib/xpm_counter.o ps7_cortexa9_0/lib/xiicps.o ps7_cortexa9_0/
TRACE::2022-08-02.13:06:56::SCWBDomain::lib/_sbrk.o ps7_cortexa9_0/lib/xiicps_master.o ps7_cortexa9_0/lib/xqspips_g.o ps7_cortexa9_0/lib/xgpiops.o ps7_cortexa9_0/lib/x
TRACE::2022-08-02.13:06:56::SCWBDomain::emacps.o ps7_cortexa9_0/lib/xusbps_g.o ps7_cortexa9_0/lib/xqspips_sinit.o ps7_cortexa9_0/lib/xqspips_selftest.o ps7_cortexa9_0/
TRACE::2022-08-02.13:06:56::SCWBDomain::lib/xil_exception.o ps7_cortexa9_0/lib/sbrk.o ps7_cortexa9_0/lib/xaxivdma.o ps7_cortexa9_0/lib/xemacps_control.o ps7_cortexa9_0
TRACE::2022-08-02.13:06:56::SCWBDomain::/lib/open.o ps7_cortexa9_0/lib/xil_assert.o ps7_cortexa9_0/lib/xaxivdma_intr.o ps7_cortexa9_0/lib/xusbps_intr.o ps7_cortexa9_0/
TRACE::2022-08-02.13:06:56::SCWBDomain::lib/xsdps_host.o ps7_cortexa9_0/lib/xcoresightpsdcc.o ps7_cortexa9_0/lib/xiicps_xfer.o ps7_cortexa9_0/lib/xscugic_hw.o ps7_cort
TRACE::2022-08-02.13:06:56::SCWBDomain::exa9_0/lib/sleep.o ps7_cortexa9_0/lib/xil-crt0.o ps7_cortexa9_0/lib/cpputest_time.o ps7_cortexa9_0/lib/xvtc.o ps7_cortexa9_0/li
TRACE::2022-08-02.13:06:56::SCWBDomain::b/_open.o ps7_cortexa9_0/lib/kill.o ps7_cortexa9_0/lib/print.o ps7_cortexa9_0/lib/read.o ps7_cortexa9_0/lib/xiicps_g.o ps7_cort
TRACE::2022-08-02.13:06:56::SCWBDomain::exa9_0/lib/xdevcfg.o ps7_cortexa9_0/lib/xadcps_intr.o ps7_cortexa9_0/lib/xqspips.o ps7_cortexa9_0/lib/xclk_wiz_g.o ps7_cortexa9
TRACE::2022-08-02.13:06:56::SCWBDomain::_0/lib/xil_cache.o ps7_cortexa9_0/lib/xclk_wiz_sinit.o ps7_cortexa9_0/lib/unlink.o ps7_cortexa9_0/lib/xusbps.o ps7_cortexa9_0/l
TRACE::2022-08-02.13:06:56::SCWBDomain::ib/xil_spinlock.o ps7_cortexa9_0/lib/translation_table.o ps7_cortexa9_0/lib/write.o ps7_cortexa9_0/lib/xil_mmu.o ps7_cortexa9_0
TRACE::2022-08-02.13:06:56::SCWBDomain::/lib/boot.o ps7_cortexa9_0/lib/xemacps_bdring.o ps7_cortexa9_0/lib/xaxivdma_channel.o ps7_cortexa9_0/lib/cpu_init.o ps7_cortexa
TRACE::2022-08-02.13:06:56::SCWBDomain::9_0/lib/xsdps_sinit.o ps7_cortexa9_0/lib/xil_sleepcommon.o ps7_cortexa9_0/lib/xgpiops_intr.o ps7_cortexa9_0/lib/xscugic_sinit.o
TRACE::2022-08-02.13:06:56::SCWBDomain:: ps7_cortexa9_0/lib/fcntl.o ps7_cortexa9_0/lib/xdevcfg_g.o ps7_cortexa9_0/lib/outbyte.o ps7_cortexa9_0/lib/xuartps_hw.o ps7_cor
TRACE::2022-08-02.13:06:56::SCWBDomain::texa9_0/lib/xtime_l.o ps7_cortexa9_0/lib/xemacps_sinit.o ps7_cortexa9_0/lib/xscugic_selftest.o ps7_cortexa9_0/lib/xil_util.o ps
TRACE::2022-08-02.13:06:56::SCWBDomain::7_cortexa9_0/lib/xuartps_intr.o ps7_cortexa9_0/lib/xuartps.o ps7_cortexa9_0/lib/xsdps_card.o ps7_cortexa9_0/lib/xdmaps_hw.o ps7
TRACE::2022-08-02.13:06:56::SCWBDomain::_cortexa9_0/lib/xclk_wiz.o ps7_cortexa9_0/lib/xgpiops_hw.o ps7_cortexa9_0/lib/xsdps_g.o ps7_cortexa9_0/lib/fstat.o ps7_cortexa9
TRACE::2022-08-02.13:06:56::SCWBDomain::_0/lib/errno.o ps7_cortexa9_0/lib/xdevcfg_intr.o ps7_cortexa9_0/lib/xuartps_options.o ps7_cortexa9_0/lib/vectors.o ps7_cortexa9
TRACE::2022-08-02.13:06:56::SCWBDomain::_0/lib/xscuwdt_g.o ps7_cortexa9_0/lib/xclk_wiz_intr.o ps7_cortexa9_0/lib/xscuwdt_sinit.o ps7_cortexa9_0/lib/xemacps_intr.o ps7_
TRACE::2022-08-02.13:06:56::SCWBDomain::cortexa9_0/lib/xscuwdt_selftest.o ps7_cortexa9_0/lib/xscugic_g.o ps7_cortexa9_0/lib/isatty.o ps7_cortexa9_0/lib/xscugic.o ps7_c
TRACE::2022-08-02.13:06:56::SCWBDomain::ortexa9_0/lib/xiicps_sinit.o ps7_cortexa9_0/lib/xadcps_g.o ps7_cortexa9_0/lib/xadcps_sinit.o

TRACE::2022-08-02.13:06:56::SCWBDomain::'Finished building libraries'

TRACE::2022-08-02.13:06:56::SCWBDomain::make: Leaving directory 'D:/WorkRaduV/Projects/Zybo-Z7/sw/ws/system_wrapper/zynq_fsbl/zynq_fsbl_bsp'

TRACE::2022-08-02.13:06:56::SCWBDomain::arm-none-eabi-gcc -MMD -MP       -mcpu=cortex-a9 -mfpu=vfpv3 -mfloat-abi=hard   -O2 -c -c sd.c -o sd.o -Izynq_fsbl_bsp/ps7_cort
TRACE::2022-08-02.13:06:56::SCWBDomain::exa9_0/include -I.

TRACE::2022-08-02.13:06:56::SCWBDomain::arm-none-eabi-gcc -MMD -MP       -mcpu=cortex-a9 -mfpu=vfpv3 -mfloat-abi=hard   -O2 -c -c nand.c -o nand.o -Izynq_fsbl_bsp/ps7_
TRACE::2022-08-02.13:06:56::SCWBDomain::cortexa9_0/include -I.

TRACE::2022-08-02.13:06:57::SCWBDomain::arm-none-eabi-gcc -MMD -MP       -mcpu=cortex-a9 -mfpu=vfpv3 -mfloat-abi=hard   -O2 -c -c nor.c -o nor.o -Izynq_fsbl_bsp/ps7_co
TRACE::2022-08-02.13:06:57::SCWBDomain::rtexa9_0/include -I.

TRACE::2022-08-02.13:06:57::SCWBDomain::arm-none-eabi-gcc -MMD -MP       -mcpu=cortex-a9 -mfpu=vfpv3 -mfloat-abi=hard   -O2 -c -c image_mover.c -o image_mover.o -Izynq
TRACE::2022-08-02.13:06:57::SCWBDomain::_fsbl_bsp/ps7_cortexa9_0/include -I.

TRACE::2022-08-02.13:06:58::SCWBDomain::arm-none-eabi-gcc -MMD -MP       -mcpu=cortex-a9 -mfpu=vfpv3 -mfloat-abi=hard   -O2 -c -c md5.c -o md5.o -Izynq_fsbl_bsp/ps7_co
TRACE::2022-08-02.13:06:58::SCWBDomain::rtexa9_0/include -I.

TRACE::2022-08-02.13:06:58::SCWBDomain::arm-none-eabi-gcc -MMD -MP       -mcpu=cortex-a9 -mfpu=vfpv3 -mfloat-abi=hard   -O2 -c -c fsbl_hooks.c -o fsbl_hooks.o -Izynq_f
TRACE::2022-08-02.13:06:58::SCWBDomain::sbl_bsp/ps7_cortexa9_0/include -I.

TRACE::2022-08-02.13:06:58::SCWBDomain::arm-none-eabi-gcc -MMD -MP       -mcpu=cortex-a9 -mfpu=vfpv3 -mfloat-abi=hard   -O2 -c -c main.c -o main.o -Izynq_fsbl_bsp/ps7_
TRACE::2022-08-02.13:06:58::SCWBDomain::cortexa9_0/include -I.

TRACE::2022-08-02.13:06:59::SCWBDomain::arm-none-eabi-gcc -MMD -MP       -mcpu=cortex-a9 -mfpu=vfpv3 -mfloat-abi=hard   -O2 -c -c rsa.c -o rsa.o -Izynq_fsbl_bsp/ps7_co
TRACE::2022-08-02.13:06:59::SCWBDomain::rtexa9_0/include -I.

TRACE::2022-08-02.13:06:59::SCWBDomain::arm-none-eabi-gcc -MMD -MP       -mcpu=cortex-a9 -mfpu=vfpv3 -mfloat-abi=hard   -O2 -c -c qspi.c -o qspi.o -Izynq_fsbl_bsp/ps7_
TRACE::2022-08-02.13:06:59::SCWBDomain::cortexa9_0/include -I.

TRACE::2022-08-02.13:06:59::SCWBDomain::arm-none-eabi-gcc -MMD -MP       -mcpu=cortex-a9 -mfpu=vfpv3 -mfloat-abi=hard   -O2 -c -c ps7_init.c -o ps7_init.o -Izynq_fsbl_
TRACE::2022-08-02.13:06:59::SCWBDomain::bsp/ps7_cortexa9_0/include -I.

TRACE::2022-08-02.13:07:00::SCWBDomain::arm-none-eabi-gcc -MMD -MP       -mcpu=cortex-a9 -mfpu=vfpv3 -mfloat-abi=hard   -O2 -c -c pcap.c -o pcap.o -Izynq_fsbl_bsp/ps7_
TRACE::2022-08-02.13:07:00::SCWBDomain::cortexa9_0/include -I.

TRACE::2022-08-02.13:07:00::SCWBDomain::arm-none-eabi-gcc -MMD -MP       -mcpu=cortex-a9 -mfpu=vfpv3 -mfloat-abi=hard   -O2 -c -c fsbl_handoff.S -o fsbl_handoff.o -Izy
TRACE::2022-08-02.13:07:00::SCWBDomain::nq_fsbl_bsp/ps7_cortexa9_0/include -I.

TRACE::2022-08-02.13:07:00::SCWBDomain::arm-none-eabi-gcc -o fsbl.elf  sd.o  nand.o  nor.o  image_mover.o  md5.o  fsbl_hooks.o  main.o  rsa.o  qspi.o  ps7_init.o  pcap
TRACE::2022-08-02.13:07:00::SCWBDomain::.o  fsbl_handoff.o -MMD -MP       -mcpu=cortex-a9 -mfpu=vfpv3 -mfloat-abi=hard   -mcpu=cortex-a9 -mfpu=vfpv3 -mfloat-abi=hard -
TRACE::2022-08-02.13:07:00::SCWBDomain::Wl,-build-id=none -specs=Xilinx.spec  -lrsa -Wl,--start-group,-lxil,-lgcc,-lc,--end-group -Wl,--start-group,-lxilffs,-lxil,-lgc
TRACE::2022-08-02.13:07:00::SCWBDomain::c,-lc,--end-group -Wl,--start-group,-lrsa,-lxil,-lgcc,-lc,--end-group                                          -Wl,--gc-section
TRACE::2022-08-02.13:07:00::SCWBDomain::s -Lzynq_fsbl_bsp/ps7_cortexa9_0/lib -L./ -Tlscript.ld

LOG::2022-08-02.13:07:01::SCWSystem::Started Processing the domain domain_ps7_cortexa9_0
TRACE::2022-08-02.13:07:01::SCWDomain::Generating domain artifcats
TRACE::2022-08-02.13:07:01::SCWMssOS::Generating standalone artifcats
TRACE::2022-08-02.13:07:01::SCWMssOS::Copying the qemu file from  C:/Xilinx/Vitis/2021.1/data/emulation/platforms/zynq/sw/a9_standalone/qemu/qemu_args.txt To D:/WorkRaduV/Projects/Zybo-Z7/sw/ws/system_wrapper/export/system_wrapper/sw/system_wrapper/qemu/
TRACE::2022-08-02.13:07:01::SCWMssOS::Copying the qemu file from  C:/Xilinx/Vitis/2021.1/data/emulation/platforms/zynq/sw/a9_standalone/qemu/qemu_args.txt To D:/WorkRaduV/Projects/Zybo-Z7/sw/ws/system_wrapper/export/system_wrapper/sw/system_wrapper/domain_ps7_cortexa9_0/qemu/
TRACE::2022-08-02.13:07:01::SCWMssOS:: Copying the user libraries. 
TRACE::2022-08-02.13:07:01::SCWPlatform::Trying to open the hw design at D:/WorkRaduV/Projects/Zybo-Z7/sw/ws/system_wrapper/hw/system_wrapper.xsa
TRACE::2022-08-02.13:07:01::SCWPlatform::DSA given D:/WorkRaduV/Projects/Zybo-Z7/sw/ws/system_wrapper/hw/system_wrapper.xsa
TRACE::2022-08-02.13:07:01::SCWPlatform::DSA absoulate path D:/WorkRaduV/Projects/Zybo-Z7/sw/ws/system_wrapper/hw/system_wrapper.xsa
TRACE::2022-08-02.13:07:01::SCWPlatform::DSA directory D:/WorkRaduV/Projects/Zybo-Z7/sw/ws/system_wrapper/hw
TRACE::2022-08-02.13:07:01::SCWPlatform:: Platform Path D:/WorkRaduV/Projects/Zybo-Z7/sw/ws/system_wrapper/hw/system_wrapper.xsa
TRACE::2022-08-02.13:07:01::SCWPlatform:: Unique name xilinx:zybo-z7-20::0.0
TRACE::2022-08-02.13:07:01::SCWPlatform::Trying to set the existing hwdb with name system_wrapper
TRACE::2022-08-02.13:07:01::SCWPlatform::Opened existing hwdb system_wrapper
TRACE::2022-08-02.13:07:01::SCWPlatform::Found the Hw Db part of the input DSA
TRACE::2022-08-02.13:07:01::SCWMssOS::Checking the sw design at  D:/WorkRaduV/Projects/Zybo-Z7/sw/ws/system_wrapper/ps7_cortexa9_0/domain_ps7_cortexa9_0/bsp/system.mss
TRACE::2022-08-02.13:07:01::SCWMssOS::DEBUG:  swdes dump  D:/WorkRaduV/Projects/Zybo-Z7/sw/ws/system_wrapper/ps7_cortexa9_0/domain_ps7_cortexa9_0/bsp/system.mss|system||
D:/WorkRaduV/Projects/Zybo-Z7/sw/ws/system_wrapper/zynq_fsbl/zynq_fsbl_bsp/system.mss|system_0||

TRACE::2022-08-02.13:07:01::SCWMssOS::Sw design exists and opened at  D:/WorkRaduV/Projects/Zybo-Z7/sw/ws/system_wrapper/ps7_cortexa9_0/domain_ps7_cortexa9_0/bsp/system.mss
TRACE::2022-08-02.13:07:01::SCWMssOS::Completed writing the mss file at D:/WorkRaduV/Projects/Zybo-Z7/sw/ws/system_wrapper/ps7_cortexa9_0/domain_ps7_cortexa9_0/bsp
TRACE::2022-08-02.13:07:01::SCWMssOS::Mss edits present, copying mssfile into export location D:/WorkRaduV/Projects/Zybo-Z7/sw/ws/system_wrapper/ps7_cortexa9_0/domain_ps7_cortexa9_0/bsp/system.mss
TRACE::2022-08-02.13:07:01::SCWMssOS::bsp generated is upto date with the mss file. Skipping bsp generation.
TRACE::2022-08-02.13:07:01::SCWMssOS::BSP is already built. skipping the bsp build ... 
TRACE::2022-08-02.13:07:01::SCWDomain::Building the domain as part of full build :  domain_ps7_cortexa9_0
TRACE::2022-08-02.13:07:01::SCWMssOS::doing bsp build ... 
TRACE::2022-08-02.13:07:01::SCWMssOS::System Command Ran  D: & cd  D:/WorkRaduV/Projects/Zybo-Z7/sw/ws/system_wrapper/ps7_cortexa9_0/domain_ps7_cortexa9_0/bsp & make 
TRACE::2022-08-02.13:07:01::SCWMssOS::make --no-print-directory seq_libs

TRACE::2022-08-02.13:07:01::SCWMssOS::"Running Make include in ps7_cortexa9_0/libsrc/axivdma_v6_9/src"

TRACE::2022-08-02.13:07:01::SCWMssOS::make -C ps7_cortexa9_0/libsrc/axivdma_v6_9/src -s include  "SHELL=CMD" "COMPILER=arm-none-eabi-gcc" "ASSEMBLER=arm-none-eabi-as
TRACE::2022-08-02.13:07:01::SCWMssOS::" "ARCHIVER=arm-none-eabi-ar" "COMPILER_FLAGS=  -O2 -c" "EXTRA_COMPILER_FLAGS=-mcpu=cortex-a9 -mfpu=vfpv3 -mfloat-abi=hard -nos
TRACE::2022-08-02.13:07:01::SCWMssOS::tartfiles -g -Wall -Wextra -fno-tree-loop-distribute-patterns"

TRACE::2022-08-02.13:07:01::SCWMssOS::"Running Make include in ps7_cortexa9_0/libsrc/clk_wiz_v1_4/src"

TRACE::2022-08-02.13:07:01::SCWMssOS::make -C ps7_cortexa9_0/libsrc/clk_wiz_v1_4/src -s include  "SHELL=CMD" "COMPILER=arm-none-eabi-gcc" "ASSEMBLER=arm-none-eabi-as
TRACE::2022-08-02.13:07:01::SCWMssOS::" "ARCHIVER=arm-none-eabi-ar" "COMPILER_FLAGS=  -O2 -c" "EXTRA_COMPILER_FLAGS=-mcpu=cortex-a9 -mfpu=vfpv3 -mfloat-abi=hard -nos
TRACE::2022-08-02.13:07:01::SCWMssOS::tartfiles -g -Wall -Wextra -fno-tree-loop-distribute-patterns"

TRACE::2022-08-02.13:07:01::SCWMssOS::"Running Make include in ps7_cortexa9_0/libsrc/coresightps_dcc_v1_8/src"

TRACE::2022-08-02.13:07:01::SCWMssOS::make -C ps7_cortexa9_0/libsrc/coresightps_dcc_v1_8/src -s include  "SHELL=CMD" "COMPILER=arm-none-eabi-gcc" "ASSEMBLER=arm-none
TRACE::2022-08-02.13:07:01::SCWMssOS::-eabi-as" "ARCHIVER=arm-none-eabi-ar" "COMPILER_FLAGS=  -O2 -c" "EXTRA_COMPILER_FLAGS=-mcpu=cortex-a9 -mfpu=vfpv3 -mfloat-abi=h
TRACE::2022-08-02.13:07:01::SCWMssOS::ard -nostartfiles -g -Wall -Wextra -fno-tree-loop-distribute-patterns"

TRACE::2022-08-02.13:07:01::SCWMssOS::"Running Make include in ps7_cortexa9_0/libsrc/cpu_cortexa9_v2_11/src"

TRACE::2022-08-02.13:07:01::SCWMssOS::make -C ps7_cortexa9_0/libsrc/cpu_cortexa9_v2_11/src -s include  "SHELL=CMD" "COMPILER=arm-none-eabi-gcc" "ASSEMBLER=arm-none-e
TRACE::2022-08-02.13:07:01::SCWMssOS::abi-as" "ARCHIVER=arm-none-eabi-ar" "COMPILER_FLAGS=  -O2 -c" "EXTRA_COMPILER_FLAGS=-mcpu=cortex-a9 -mfpu=vfpv3 -mfloat-abi=har
TRACE::2022-08-02.13:07:01::SCWMssOS::d -nostartfiles -g -Wall -Wextra -fno-tree-loop-distribute-patterns"

TRACE::2022-08-02.13:07:01::SCWMssOS::"Running Make include in ps7_cortexa9_0/libsrc/ddrps_v1_2/src"

TRACE::2022-08-02.13:07:01::SCWMssOS::make -C ps7_cortexa9_0/libsrc/ddrps_v1_2/src -s include  "SHELL=CMD" "COMPILER=arm-none-eabi-gcc" "ASSEMBLER=arm-none-eabi-as" 
TRACE::2022-08-02.13:07:01::SCWMssOS::"ARCHIVER=arm-none-eabi-ar" "COMPILER_FLAGS=  -O2 -c" "EXTRA_COMPILER_FLAGS=-mcpu=cortex-a9 -mfpu=vfpv3 -mfloat-abi=hard -nosta
TRACE::2022-08-02.13:07:01::SCWMssOS::rtfiles -g -Wall -Wextra -fno-tree-loop-distribute-patterns"

TRACE::2022-08-02.13:07:01::SCWMssOS::"Running Make include in ps7_cortexa9_0/libsrc/devcfg_v3_7/src"

TRACE::2022-08-02.13:07:01::SCWMssOS::make -C ps7_cortexa9_0/libsrc/devcfg_v3_7/src -s include  "SHELL=CMD" "COMPILER=arm-none-eabi-gcc" "ASSEMBLER=arm-none-eabi-as"
TRACE::2022-08-02.13:07:01::SCWMssOS:: "ARCHIVER=arm-none-eabi-ar" "COMPILER_FLAGS=  -O2 -c" "EXTRA_COMPILER_FLAGS=-mcpu=cortex-a9 -mfpu=vfpv3 -mfloat-abi=hard -nost
TRACE::2022-08-02.13:07:01::SCWMssOS::artfiles -g -Wall -Wextra -fno-tree-loop-distribute-patterns"

TRACE::2022-08-02.13:07:02::SCWMssOS::"Running Make include in ps7_cortexa9_0/libsrc/dmaps_v2_8/src"

TRACE::2022-08-02.13:07:02::SCWMssOS::make -C ps7_cortexa9_0/libsrc/dmaps_v2_8/src -s include  "SHELL=CMD" "COMPILER=arm-none-eabi-gcc" "ASSEMBLER=arm-none-eabi-as" 
TRACE::2022-08-02.13:07:02::SCWMssOS::"ARCHIVER=arm-none-eabi-ar" "COMPILER_FLAGS=  -O2 -c" "EXTRA_COMPILER_FLAGS=-mcpu=cortex-a9 -mfpu=vfpv3 -mfloat-abi=hard -nosta
TRACE::2022-08-02.13:07:02::SCWMssOS::rtfiles -g -Wall -Wextra -fno-tree-loop-distribute-patterns"

TRACE::2022-08-02.13:07:02::SCWMssOS::"Running Make include in ps7_cortexa9_0/libsrc/emacps_v3_14/src"

TRACE::2022-08-02.13:07:02::SCWMssOS::make -C ps7_cortexa9_0/libsrc/emacps_v3_14/src -s include  "SHELL=CMD" "COMPILER=arm-none-eabi-gcc" "ASSEMBLER=arm-none-eabi-as
TRACE::2022-08-02.13:07:02::SCWMssOS::" "ARCHIVER=arm-none-eabi-ar" "COMPILER_FLAGS=  -O2 -c" "EXTRA_COMPILER_FLAGS=-mcpu=cortex-a9 -mfpu=vfpv3 -mfloat-abi=hard -nos
TRACE::2022-08-02.13:07:02::SCWMssOS::tartfiles -g -Wall -Wextra -fno-tree-loop-distribute-patterns"

TRACE::2022-08-02.13:07:02::SCWMssOS::"Running Make include in ps7_cortexa9_0/libsrc/gpiops_v3_9/src"

TRACE::2022-08-02.13:07:02::SCWMssOS::make -C ps7_cortexa9_0/libsrc/gpiops_v3_9/src -s include  "SHELL=CMD" "COMPILER=arm-none-eabi-gcc" "ASSEMBLER=arm-none-eabi-as"
TRACE::2022-08-02.13:07:02::SCWMssOS:: "ARCHIVER=arm-none-eabi-ar" "COMPILER_FLAGS=  -O2 -c" "EXTRA_COMPILER_FLAGS=-mcpu=cortex-a9 -mfpu=vfpv3 -mfloat-abi=hard -nost
TRACE::2022-08-02.13:07:02::SCWMssOS::artfiles -g -Wall -Wextra -fno-tree-loop-distribute-patterns"

TRACE::2022-08-02.13:07:02::SCWMssOS::"Running Make include in ps7_cortexa9_0/libsrc/iicps_v3_13/src"

TRACE::2022-08-02.13:07:02::SCWMssOS::make -C ps7_cortexa9_0/libsrc/iicps_v3_13/src -s include  "SHELL=CMD" "COMPILER=arm-none-eabi-gcc" "ASSEMBLER=arm-none-eabi-as"
TRACE::2022-08-02.13:07:02::SCWMssOS:: "ARCHIVER=arm-none-eabi-ar" "COMPILER_FLAGS=  -O2 -c" "EXTRA_COMPILER_FLAGS=-mcpu=cortex-a9 -mfpu=vfpv3 -mfloat-abi=hard -nost
TRACE::2022-08-02.13:07:02::SCWMssOS::artfiles -g -Wall -Wextra -fno-tree-loop-distribute-patterns"

TRACE::2022-08-02.13:07:02::SCWMssOS::"Running Make include in ps7_cortexa9_0/libsrc/MIPI_CSI_2_RX_v1_0/src"

TRACE::2022-08-02.13:07:02::SCWMssOS::make -C ps7_cortexa9_0/libsrc/MIPI_CSI_2_RX_v1_0/src -s include  "SHELL=CMD" "COMPILER=arm-none-eabi-gcc" "ASSEMBLER=arm-none-e
TRACE::2022-08-02.13:07:02::SCWMssOS::abi-as" "ARCHIVER=arm-none-eabi-ar" "COMPILER_FLAGS=  -O2 -c" "EXTRA_COMPILER_FLAGS=-mcpu=cortex-a9 -mfpu=vfpv3 -mfloat-abi=har
TRACE::2022-08-02.13:07:02::SCWMssOS::d -nostartfiles -g -Wall -Wextra -fno-tree-loop-distribute-patterns"

TRACE::2022-08-02.13:07:02::SCWMssOS::"Running Make include in ps7_cortexa9_0/libsrc/MIPI_D_PHY_RX_v1_0/src"

TRACE::2022-08-02.13:07:02::SCWMssOS::make -C ps7_cortexa9_0/libsrc/MIPI_D_PHY_RX_v1_0/src -s include  "SHELL=CMD" "COMPILER=arm-none-eabi-gcc" "ASSEMBLER=arm-none-e
TRACE::2022-08-02.13:07:02::SCWMssOS::abi-as" "ARCHIVER=arm-none-eabi-ar" "COMPILER_FLAGS=  -O2 -c" "EXTRA_COMPILER_FLAGS=-mcpu=cortex-a9 -mfpu=vfpv3 -mfloat-abi=har
TRACE::2022-08-02.13:07:02::SCWMssOS::d -nostartfiles -g -Wall -Wextra -fno-tree-loop-distribute-patterns"

TRACE::2022-08-02.13:07:02::SCWMssOS::"Running Make include in ps7_cortexa9_0/libsrc/qspips_v3_9/src"

TRACE::2022-08-02.13:07:02::SCWMssOS::make -C ps7_cortexa9_0/libsrc/qspips_v3_9/src -s include  "SHELL=CMD" "COMPILER=arm-none-eabi-gcc" "ASSEMBLER=arm-none-eabi-as"
TRACE::2022-08-02.13:07:02::SCWMssOS:: "ARCHIVER=arm-none-eabi-ar" "COMPILER_FLAGS=  -O2 -c" "EXTRA_COMPILER_FLAGS=-mcpu=cortex-a9 -mfpu=vfpv3 -mfloat-abi=hard -nost
TRACE::2022-08-02.13:07:02::SCWMssOS::artfiles -g -Wall -Wextra -fno-tree-loop-distribute-patterns"

TRACE::2022-08-02.13:07:02::SCWMssOS::"Running Make include in ps7_cortexa9_0/libsrc/scugic_v4_5/src"

TRACE::2022-08-02.13:07:02::SCWMssOS::make -C ps7_cortexa9_0/libsrc/scugic_v4_5/src -s include  "SHELL=CMD" "COMPILER=arm-none-eabi-gcc" "ASSEMBLER=arm-none-eabi-as"
TRACE::2022-08-02.13:07:02::SCWMssOS:: "ARCHIVER=arm-none-eabi-ar" "COMPILER_FLAGS=  -O2 -c" "EXTRA_COMPILER_FLAGS=-mcpu=cortex-a9 -mfpu=vfpv3 -mfloat-abi=hard -nost
TRACE::2022-08-02.13:07:02::SCWMssOS::artfiles -g -Wall -Wextra -fno-tree-loop-distribute-patterns"

TRACE::2022-08-02.13:07:03::SCWMssOS::"Running Make include in ps7_cortexa9_0/libsrc/scutimer_v2_3/src"

TRACE::2022-08-02.13:07:03::SCWMssOS::make -C ps7_cortexa9_0/libsrc/scutimer_v2_3/src -s include  "SHELL=CMD" "COMPILER=arm-none-eabi-gcc" "ASSEMBLER=arm-none-eabi-a
TRACE::2022-08-02.13:07:03::SCWMssOS::s" "ARCHIVER=arm-none-eabi-ar" "COMPILER_FLAGS=  -O2 -c" "EXTRA_COMPILER_FLAGS=-mcpu=cortex-a9 -mfpu=vfpv3 -mfloat-abi=hard -no
TRACE::2022-08-02.13:07:03::SCWMssOS::startfiles -g -Wall -Wextra -fno-tree-loop-distribute-patterns"

TRACE::2022-08-02.13:07:03::SCWMssOS::"Running Make include in ps7_cortexa9_0/libsrc/scuwdt_v2_4/src"

TRACE::2022-08-02.13:07:03::SCWMssOS::make -C ps7_cortexa9_0/libsrc/scuwdt_v2_4/src -s include  "SHELL=CMD" "COMPILER=arm-none-eabi-gcc" "ASSEMBLER=arm-none-eabi-as"
TRACE::2022-08-02.13:07:03::SCWMssOS:: "ARCHIVER=arm-none-eabi-ar" "COMPILER_FLAGS=  -O2 -c" "EXTRA_COMPILER_FLAGS=-mcpu=cortex-a9 -mfpu=vfpv3 -mfloat-abi=hard -nost
TRACE::2022-08-02.13:07:03::SCWMssOS::artfiles -g -Wall -Wextra -fno-tree-loop-distribute-patterns"

TRACE::2022-08-02.13:07:03::SCWMssOS::"Running Make include in ps7_cortexa9_0/libsrc/sdps_v3_12/src"

TRACE::2022-08-02.13:07:03::SCWMssOS::make -C ps7_cortexa9_0/libsrc/sdps_v3_12/src -s include  "SHELL=CMD" "COMPILER=arm-none-eabi-gcc" "ASSEMBLER=arm-none-eabi-as" 
TRACE::2022-08-02.13:07:03::SCWMssOS::"ARCHIVER=arm-none-eabi-ar" "COMPILER_FLAGS=  -O2 -c" "EXTRA_COMPILER_FLAGS=-mcpu=cortex-a9 -mfpu=vfpv3 -mfloat-abi=hard -nosta
TRACE::2022-08-02.13:07:03::SCWMssOS::rtfiles -g -Wall -Wextra -fno-tree-loop-distribute-patterns"

TRACE::2022-08-02.13:07:03::SCWMssOS::"Running Make include in ps7_cortexa9_0/libsrc/standalone_v7_5/src"

TRACE::2022-08-02.13:07:03::SCWMssOS::make -C ps7_cortexa9_0/libsrc/standalone_v7_5/src -s include  "SHELL=CMD" "COMPILER=arm-none-eabi-gcc" "ASSEMBLER=arm-none-eabi
TRACE::2022-08-02.13:07:03::SCWMssOS::-as" "ARCHIVER=arm-none-eabi-ar" "COMPILER_FLAGS=  -O2 -c" "EXTRA_COMPILER_FLAGS=-mcpu=cortex-a9 -mfpu=vfpv3 -mfloat-abi=hard -
TRACE::2022-08-02.13:07:03::SCWMssOS::nostartfiles -g -Wall -Wextra -fno-tree-loop-distribute-patterns"

TRACE::2022-08-02.13:07:04::SCWMssOS::"Running Make include in ps7_cortexa9_0/libsrc/uartps_v3_11/src"

TRACE::2022-08-02.13:07:04::SCWMssOS::make -C ps7_cortexa9_0/libsrc/uartps_v3_11/src -s include  "SHELL=CMD" "COMPILER=arm-none-eabi-gcc" "ASSEMBLER=arm-none-eabi-as
TRACE::2022-08-02.13:07:04::SCWMssOS::" "ARCHIVER=arm-none-eabi-ar" "COMPILER_FLAGS=  -O2 -c" "EXTRA_COMPILER_FLAGS=-mcpu=cortex-a9 -mfpu=vfpv3 -mfloat-abi=hard -nos
TRACE::2022-08-02.13:07:04::SCWMssOS::tartfiles -g -Wall -Wextra -fno-tree-loop-distribute-patterns"

TRACE::2022-08-02.13:07:05::SCWMssOS::"Running Make include in ps7_cortexa9_0/libsrc/usbps_v2_7/src"

TRACE::2022-08-02.13:07:05::SCWMssOS::make -C ps7_cortexa9_0/libsrc/usbps_v2_7/src -s include  "SHELL=CMD" "COMPILER=arm-none-eabi-gcc" "ASSEMBLER=arm-none-eabi-as" 
TRACE::2022-08-02.13:07:05::SCWMssOS::"ARCHIVER=arm-none-eabi-ar" "COMPILER_FLAGS=  -O2 -c" "EXTRA_COMPILER_FLAGS=-mcpu=cortex-a9 -mfpu=vfpv3 -mfloat-abi=hard -nosta
TRACE::2022-08-02.13:07:05::SCWMssOS::rtfiles -g -Wall -Wextra -fno-tree-loop-distribute-patterns"

TRACE::2022-08-02.13:07:05::SCWMssOS::"Running Make include in ps7_cortexa9_0/libsrc/vtc_v8_3/src"

TRACE::2022-08-02.13:07:05::SCWMssOS::make -C ps7_cortexa9_0/libsrc/vtc_v8_3/src -s include  "SHELL=CMD" "COMPILER=arm-none-eabi-gcc" "ASSEMBLER=arm-none-eabi-as" "A
TRACE::2022-08-02.13:07:05::SCWMssOS::RCHIVER=arm-none-eabi-ar" "COMPILER_FLAGS=  -O2 -c" "EXTRA_COMPILER_FLAGS=-mcpu=cortex-a9 -mfpu=vfpv3 -mfloat-abi=hard -nostart
TRACE::2022-08-02.13:07:05::SCWMssOS::files -g -Wall -Wextra -fno-tree-loop-distribute-patterns"

TRACE::2022-08-02.13:07:05::SCWMssOS::"Running Make include in ps7_cortexa9_0/libsrc/xadcps_v2_6/src"

TRACE::2022-08-02.13:07:05::SCWMssOS::make -C ps7_cortexa9_0/libsrc/xadcps_v2_6/src -s include  "SHELL=CMD" "COMPILER=arm-none-eabi-gcc" "ASSEMBLER=arm-none-eabi-as"
TRACE::2022-08-02.13:07:05::SCWMssOS:: "ARCHIVER=arm-none-eabi-ar" "COMPILER_FLAGS=  -O2 -c" "EXTRA_COMPILER_FLAGS=-mcpu=cortex-a9 -mfpu=vfpv3 -mfloat-abi=hard -nost
TRACE::2022-08-02.13:07:05::SCWMssOS::artfiles -g -Wall -Wextra -fno-tree-loop-distribute-patterns"

TRACE::2022-08-02.13:07:05::SCWMssOS::"Running Make libs in ps7_cortexa9_0/libsrc/MIPI_CSI_2_RX_v1_0/src"

TRACE::2022-08-02.13:07:05::SCWMssOS::make -C ps7_cortexa9_0/libsrc/MIPI_CSI_2_RX_v1_0/src -s libs  "SHELL=CMD" "COMPILER=arm-none-eabi-gcc" "ASSEMBLER=arm-none-eabi
TRACE::2022-08-02.13:07:05::SCWMssOS::-as" "ARCHIVER=arm-none-eabi-ar" "COMPILER_FLAGS=  -O2 -c" "EXTRA_COMPILER_FLAGS=-mcpu=cortex-a9 -mfpu=vfpv3 -mfloat-abi=hard -
TRACE::2022-08-02.13:07:05::SCWMssOS::nostartfiles -g -Wall -Wextra -fno-tree-loop-distribute-patterns"

TRACE::2022-08-02.13:07:05::SCWMssOS::"Compiling MIPI_CSI_2_RX"

TRACE::2022-08-02.13:07:06::SCWMssOS::"Running Make libs in ps7_cortexa9_0/libsrc/MIPI_D_PHY_RX_v1_0/src"

TRACE::2022-08-02.13:07:06::SCWMssOS::make -C ps7_cortexa9_0/libsrc/MIPI_D_PHY_RX_v1_0/src -s libs  "SHELL=CMD" "COMPILER=arm-none-eabi-gcc" "ASSEMBLER=arm-none-eabi
TRACE::2022-08-02.13:07:06::SCWMssOS::-as" "ARCHIVER=arm-none-eabi-ar" "COMPILER_FLAGS=  -O2 -c" "EXTRA_COMPILER_FLAGS=-mcpu=cortex-a9 -mfpu=vfpv3 -mfloat-abi=hard -
TRACE::2022-08-02.13:07:06::SCWMssOS::nostartfiles -g -Wall -Wextra -fno-tree-loop-distribute-patterns"

TRACE::2022-08-02.13:07:06::SCWMssOS::"Compiling MIPI_D_PHY_RX"

TRACE::2022-08-02.13:07:07::SCWMssOS::'Finished building libraries sequentially.'

TRACE::2022-08-02.13:07:07::SCWMssOS::make -j 46 --no-print-directory par_libs

TRACE::2022-08-02.13:07:07::SCWMssOS::"Running Make include in ps7_cortexa9_0/libsrc/clk_wiz_v1_4/src"

TRACE::2022-08-02.13:07:07::SCWMssOS::"Running Make include in ps7_cortexa9_0/libsrc/axivdma_v6_9/src"

TRACE::2022-08-02.13:07:07::SCWMssOS::make -C ps7_cortexa9_0/libsrc/clk_wiz_v1_4/src -s include  "SHELL=CMD" "COMPILER=arm-none-eabi-gcc" "ASSEMBLER=arm-none-eabi-as
TRACE::2022-08-02.13:07:07::SCWMssOS::" "ARCHIVER=arm-none-eabi-ar" "COMPILER_FLAGS=  -O2 -c" "EXTRA_COMPILER_FLAGS=-mcpu=cortex-a9 -mfpu=vfpv3 -mfloat-abi=hard -nos
TRACE::2022-08-02.13:07:07::SCWMssOS::tartfiles -g -Wall -Wextra -fno-tree-loop-distribute-patterns"

TRACE::2022-08-02.13:07:07::SCWMssOS::make -C ps7_cortexa9_0/libsrc/axivdma_v6_9/src -s include  "SHELL=CMD" "COMPILER=arm-none-eabi-gcc" "ASSEMBLER=arm-none-eabi-as
TRACE::2022-08-02.13:07:07::SCWMssOS::" "ARCHIVER=arm-none-eabi-ar" "COMPILER_FLAGS=  -O2 -c" "EXTRA_COMPILER_FLAGS=-mcpu=cortex-a9 -mfpu=vfpv3 -mfloat-abi=hard -nos
TRACE::2022-08-02.13:07:07::SCWMssOS::tartfiles -g -Wall -Wextra -fno-tree-loop-distribute-patterns"

TRACE::2022-08-02.13:07:07::SCWMssOS::"Running Make include in ps7_cortexa9_0/libsrc/coresightps_dcc_v1_8/src"

TRACE::2022-08-02.13:07:07::SCWMssOS::"Running Make include in ps7_cortexa9_0/libsrc/cpu_cortexa9_v2_11/src"

TRACE::2022-08-02.13:07:07::SCWMssOS::make -C ps7_cortexa9_0/libsrc/coresightps_dcc_v1_8/src -s include  "SHELL=CMD" "COMPILER=arm-none-eabi-gcc" "ASSEMBLER=arm-none
TRACE::2022-08-02.13:07:07::SCWMssOS::-eabi-as" "ARCHIVER=arm-none-eabi-ar" "COMPILER_FLAGS=  -O2 -c" "EXTRA_COMPILER_FLAGS=-mcpu=cortex-a9 -mfpu=vfpv3 -mfloat-abi=h
TRACE::2022-08-02.13:07:07::SCWMssOS::ard -nostartfiles -g -Wall -Wextra -fno-tree-loop-distribute-patterns"

TRACE::2022-08-02.13:07:07::SCWMssOS::make -C ps7_cortexa9_0/libsrc/cpu_cortexa9_v2_11/src -s include  "SHELL=CMD" "COMPILER=arm-none-eabi-gcc" "ASSEMBLER=arm-none-e
TRACE::2022-08-02.13:07:07::SCWMssOS::abi-as" "ARCHIVER=arm-none-eabi-ar" "COMPILER_FLAGS=  -O2 -c" "EXTRA_COMPILER_FLAGS=-mcpu=cortex-a9 -mfpu=vfpv3 -mfloat-abi=har
TRACE::2022-08-02.13:07:07::SCWMssOS::d -nostartfiles -g -Wall -Wextra -fno-tree-loop-distribute-patterns"

TRACE::2022-08-02.13:07:07::SCWMssOS::"Running Make include in ps7_cortexa9_0/libsrc/ddrps_v1_2/src"

TRACE::2022-08-02.13:07:07::SCWMssOS::make -C ps7_cortexa9_0/libsrc/ddrps_v1_2/src -s include  "SHELL=CMD" "COMPILER=arm-none-eabi-gcc" "ASSEMBLER=arm-none-eabi-as" 
TRACE::2022-08-02.13:07:07::SCWMssOS::"ARCHIVER=arm-none-eabi-ar" "COMPILER_FLAGS=  -O2 -c" "EXTRA_COMPILER_FLAGS=-mcpu=cortex-a9 -mfpu=vfpv3 -mfloat-abi=hard -nosta
TRACE::2022-08-02.13:07:07::SCWMssOS::rtfiles -g -Wall -Wextra -fno-tree-loop-distribute-patterns"

TRACE::2022-08-02.13:07:07::SCWMssOS::"Running Make include in ps7_cortexa9_0/libsrc/devcfg_v3_7/src"

TRACE::2022-08-02.13:07:07::SCWMssOS::make -C ps7_cortexa9_0/libsrc/devcfg_v3_7/src -s include  "SHELL=CMD" "COMPILER=arm-none-eabi-gcc" "ASSEMBLER=arm-none-eabi-as"
TRACE::2022-08-02.13:07:07::SCWMssOS:: "ARCHIVER=arm-none-eabi-ar" "COMPILER_FLAGS=  -O2 -c" "EXTRA_COMPILER_FLAGS=-mcpu=cortex-a9 -mfpu=vfpv3 -mfloat-abi=hard -nost
TRACE::2022-08-02.13:07:07::SCWMssOS::artfiles -g -Wall -Wextra -fno-tree-loop-distribute-patterns"

TRACE::2022-08-02.13:07:07::SCWMssOS::"Running Make include in ps7_cortexa9_0/libsrc/dmaps_v2_8/src"

TRACE::2022-08-02.13:07:07::SCWMssOS::make -C ps7_cortexa9_0/libsrc/dmaps_v2_8/src -s include  "SHELL=CMD" "COMPILER=arm-none-eabi-gcc" "ASSEMBLER=arm-none-eabi-as" 
TRACE::2022-08-02.13:07:07::SCWMssOS::"ARCHIVER=arm-none-eabi-ar" "COMPILER_FLAGS=  -O2 -c" "EXTRA_COMPILER_FLAGS=-mcpu=cortex-a9 -mfpu=vfpv3 -mfloat-abi=hard -nosta
TRACE::2022-08-02.13:07:07::SCWMssOS::rtfiles -g -Wall -Wextra -fno-tree-loop-distribute-patterns"

TRACE::2022-08-02.13:07:07::SCWMssOS::"Running Make include in ps7_cortexa9_0/libsrc/emacps_v3_14/src"

TRACE::2022-08-02.13:07:07::SCWMssOS::make -C ps7_cortexa9_0/libsrc/emacps_v3_14/src -s include  "SHELL=CMD" "COMPILER=arm-none-eabi-gcc" "ASSEMBLER=arm-none-eabi-as
TRACE::2022-08-02.13:07:07::SCWMssOS::" "ARCHIVER=arm-none-eabi-ar" "COMPILER_FLAGS=  -O2 -c" "EXTRA_COMPILER_FLAGS=-mcpu=cortex-a9 -mfpu=vfpv3 -mfloat-abi=hard -nos
TRACE::2022-08-02.13:07:07::SCWMssOS::tartfiles -g -Wall -Wextra -fno-tree-loop-distribute-patterns"

TRACE::2022-08-02.13:07:07::SCWMssOS::"Running Make include in ps7_cortexa9_0/libsrc/gpiops_v3_9/src"

TRACE::2022-08-02.13:07:07::SCWMssOS::make -C ps7_cortexa9_0/libsrc/gpiops_v3_9/src -s include  "SHELL=CMD" "COMPILER=arm-none-eabi-gcc" "ASSEMBLER=arm-none-eabi-as"
TRACE::2022-08-02.13:07:07::SCWMssOS:: "ARCHIVER=arm-none-eabi-ar" "COMPILER_FLAGS=  -O2 -c" "EXTRA_COMPILER_FLAGS=-mcpu=cortex-a9 -mfpu=vfpv3 -mfloat-abi=hard -nost
TRACE::2022-08-02.13:07:07::SCWMssOS::artfiles -g -Wall -Wextra -fno-tree-loop-distribute-patterns"

TRACE::2022-08-02.13:07:07::SCWMssOS::"Running Make include in ps7_cortexa9_0/libsrc/iicps_v3_13/src"

TRACE::2022-08-02.13:07:07::SCWMssOS::make -C ps7_cortexa9_0/libsrc/iicps_v3_13/src -s include  "SHELL=CMD" "COMPILER=arm-none-eabi-gcc" "ASSEMBLER=arm-none-eabi-as"
TRACE::2022-08-02.13:07:07::SCWMssOS:: "ARCHIVER=arm-none-eabi-ar" "COMPILER_FLAGS=  -O2 -c" "EXTRA_COMPILER_FLAGS=-mcpu=cortex-a9 -mfpu=vfpv3 -mfloat-abi=hard -nost
TRACE::2022-08-02.13:07:07::SCWMssOS::artfiles -g -Wall -Wextra -fno-tree-loop-distribute-patterns"

TRACE::2022-08-02.13:07:07::SCWMssOS::"Running Make include in ps7_cortexa9_0/libsrc/MIPI_CSI_2_RX_v1_0/src"

TRACE::2022-08-02.13:07:07::SCWMssOS::make -C ps7_cortexa9_0/libsrc/MIPI_CSI_2_RX_v1_0/src -s include  "SHELL=CMD" "COMPILER=arm-none-eabi-gcc" "ASSEMBLER=arm-none-e
TRACE::2022-08-02.13:07:07::SCWMssOS::abi-as" "ARCHIVER=arm-none-eabi-ar" "COMPILER_FLAGS=  -O2 -c" "EXTRA_COMPILER_FLAGS=-mcpu=cortex-a9 -mfpu=vfpv3 -mfloat-abi=har
TRACE::2022-08-02.13:07:07::SCWMssOS::d -nostartfiles -g -Wall -Wextra -fno-tree-loop-distribute-patterns"

TRACE::2022-08-02.13:07:07::SCWMssOS::"Running Make include in ps7_cortexa9_0/libsrc/MIPI_D_PHY_RX_v1_0/src"

TRACE::2022-08-02.13:07:07::SCWMssOS::make -C ps7_cortexa9_0/libsrc/MIPI_D_PHY_RX_v1_0/src -s include  "SHELL=CMD" "COMPILER=arm-none-eabi-gcc" "ASSEMBLER=arm-none-e
TRACE::2022-08-02.13:07:07::SCWMssOS::abi-as" "ARCHIVER=arm-none-eabi-ar" "COMPILER_FLAGS=  -O2 -c" "EXTRA_COMPILER_FLAGS=-mcpu=cortex-a9 -mfpu=vfpv3 -mfloat-abi=har
TRACE::2022-08-02.13:07:07::SCWMssOS::d -nostartfiles -g -Wall -Wextra -fno-tree-loop-distribute-patterns"

TRACE::2022-08-02.13:07:07::SCWMssOS::"Running Make include in ps7_cortexa9_0/libsrc/qspips_v3_9/src"

TRACE::2022-08-02.13:07:07::SCWMssOS::make -C ps7_cortexa9_0/libsrc/qspips_v3_9/src -s include  "SHELL=CMD" "COMPILER=arm-none-eabi-gcc" "ASSEMBLER=arm-none-eabi-as"
TRACE::2022-08-02.13:07:07::SCWMssOS:: "ARCHIVER=arm-none-eabi-ar" "COMPILER_FLAGS=  -O2 -c" "EXTRA_COMPILER_FLAGS=-mcpu=cortex-a9 -mfpu=vfpv3 -mfloat-abi=hard -nost
TRACE::2022-08-02.13:07:07::SCWMssOS::artfiles -g -Wall -Wextra -fno-tree-loop-distribute-patterns"

TRACE::2022-08-02.13:07:07::SCWMssOS::"Running Make include in ps7_cortexa9_0/libsrc/scugic_v4_5/src"

TRACE::2022-08-02.13:07:07::SCWMssOS::make -C ps7_cortexa9_0/libsrc/scugic_v4_5/src -s include  "SHELL=CMD" "COMPILER=arm-none-eabi-gcc" "ASSEMBLER=arm-none-eabi-as"
TRACE::2022-08-02.13:07:07::SCWMssOS:: "ARCHIVER=arm-none-eabi-ar" "COMPILER_FLAGS=  -O2 -c" "EXTRA_COMPILER_FLAGS=-mcpu=cortex-a9 -mfpu=vfpv3 -mfloat-abi=hard -nost
TRACE::2022-08-02.13:07:07::SCWMssOS::artfiles -g -Wall -Wextra -fno-tree-loop-distribute-patterns"

TRACE::2022-08-02.13:07:07::SCWMssOS::"Running Make include in ps7_cortexa9_0/libsrc/scutimer_v2_3/src"

TRACE::2022-08-02.13:07:07::SCWMssOS::make -C ps7_cortexa9_0/libsrc/scutimer_v2_3/src -s include  "SHELL=CMD" "COMPILER=arm-none-eabi-gcc" "ASSEMBLER=arm-none-eabi-a
TRACE::2022-08-02.13:07:07::SCWMssOS::s" "ARCHIVER=arm-none-eabi-ar" "COMPILER_FLAGS=  -O2 -c" "EXTRA_COMPILER_FLAGS=-mcpu=cortex-a9 -mfpu=vfpv3 -mfloat-abi=hard -no
TRACE::2022-08-02.13:07:07::SCWMssOS::startfiles -g -Wall -Wextra -fno-tree-loop-distribute-patterns"

TRACE::2022-08-02.13:07:07::SCWMssOS::"Running Make include in ps7_cortexa9_0/libsrc/scuwdt_v2_4/src"

TRACE::2022-08-02.13:07:07::SCWMssOS::"Running Make include in ps7_cortexa9_0/libsrc/sdps_v3_12/src"

TRACE::2022-08-02.13:07:07::SCWMssOS::make -C ps7_cortexa9_0/libsrc/scuwdt_v2_4/src -s include  "SHELL=CMD" "COMPILER=arm-none-eabi-gcc" "ASSEMBLER=arm-none-eabi-as"
TRACE::2022-08-02.13:07:07::SCWMssOS:: "ARCHIVER=arm-none-eabi-ar" "COMPILER_FLAGS=  -O2 -c" "EXTRA_COMPILER_FLAGS=-mcpu=cortex-a9 -mfpu=vfpv3 -mfloat-abi=hard -nost
TRACE::2022-08-02.13:07:07::SCWMssOS::artfiles -g -Wall -Wextra -fno-tree-loop-distribute-patterns"

TRACE::2022-08-02.13:07:07::SCWMssOS::make -C ps7_cortexa9_0/libsrc/sdps_v3_12/src -s include  "SHELL=CMD" "COMPILER=arm-none-eabi-gcc" "ASSEMBLER=arm-none-eabi-as" 
TRACE::2022-08-02.13:07:07::SCWMssOS::"ARCHIVER=arm-none-eabi-ar" "COMPILER_FLAGS=  -O2 -c" "EXTRA_COMPILER_FLAGS=-mcpu=cortex-a9 -mfpu=vfpv3 -mfloat-abi=hard -nosta
TRACE::2022-08-02.13:07:07::SCWMssOS::rtfiles -g -Wall -Wextra -fno-tree-loop-distribute-patterns"

TRACE::2022-08-02.13:07:07::SCWMssOS::"Running Make include in ps7_cortexa9_0/libsrc/standalone_v7_5/src"

TRACE::2022-08-02.13:07:07::SCWMssOS::make -C ps7_cortexa9_0/libsrc/standalone_v7_5/src -s include  "SHELL=CMD" "COMPILER=arm-none-eabi-gcc" "ASSEMBLER=arm-none-eabi
TRACE::2022-08-02.13:07:07::SCWMssOS::-as" "ARCHIVER=arm-none-eabi-ar" "COMPILER_FLAGS=  -O2 -c" "EXTRA_COMPILER_FLAGS=-mcpu=cortex-a9 -mfpu=vfpv3 -mfloat-abi=hard -
TRACE::2022-08-02.13:07:07::SCWMssOS::nostartfiles -g -Wall -Wextra -fno-tree-loop-distribute-patterns"

TRACE::2022-08-02.13:07:07::SCWMssOS::"Running Make include in ps7_cortexa9_0/libsrc/uartps_v3_11/src"

TRACE::2022-08-02.13:07:07::SCWMssOS::make -C ps7_cortexa9_0/libsrc/uartps_v3_11/src -s include  "SHELL=CMD" "COMPILER=arm-none-eabi-gcc" "ASSEMBLER=arm-none-eabi-as
TRACE::2022-08-02.13:07:07::SCWMssOS::" "ARCHIVER=arm-none-eabi-ar" "COMPILER_FLAGS=  -O2 -c" "EXTRA_COMPILER_FLAGS=-mcpu=cortex-a9 -mfpu=vfpv3 -mfloat-abi=hard -nos
TRACE::2022-08-02.13:07:07::SCWMssOS::tartfiles -g -Wall -Wextra -fno-tree-loop-distribute-patterns"

TRACE::2022-08-02.13:07:07::SCWMssOS::"Running Make include in ps7_cortexa9_0/libsrc/usbps_v2_7/src"

TRACE::2022-08-02.13:07:07::SCWMssOS::"Running Make include in ps7_cortexa9_0/libsrc/vtc_v8_3/src"

TRACE::2022-08-02.13:07:07::SCWMssOS::make -C ps7_cortexa9_0/libsrc/usbps_v2_7/src -s include  "SHELL=CMD" "COMPILER=arm-none-eabi-gcc" "ASSEMBLER=arm-none-eabi-as" 
TRACE::2022-08-02.13:07:07::SCWMssOS::"ARCHIVER=arm-none-eabi-ar" "COMPILER_FLAGS=  -O2 -c" "EXTRA_COMPILER_FLAGS=-mcpu=cortex-a9 -mfpu=vfpv3 -mfloat-abi=hard -nosta
TRACE::2022-08-02.13:07:07::SCWMssOS::rtfiles -g -Wall -Wextra -fno-tree-loop-distribute-patterns"

TRACE::2022-08-02.13:07:07::SCWMssOS::make -C ps7_cortexa9_0/libsrc/vtc_v8_3/src -s include  "SHELL=CMD" "COMPILER=arm-none-eabi-gcc" "ASSEMBLER=arm-none-eabi-as" "A
TRACE::2022-08-02.13:07:07::SCWMssOS::RCHIVER=arm-none-eabi-ar" "COMPILER_FLAGS=  -O2 -c" "EXTRA_COMPILER_FLAGS=-mcpu=cortex-a9 -mfpu=vfpv3 -mfloat-abi=hard -nostart
TRACE::2022-08-02.13:07:07::SCWMssOS::files -g -Wall -Wextra -fno-tree-loop-distribute-patterns"

TRACE::2022-08-02.13:07:07::SCWMssOS::"Running Make include in ps7_cortexa9_0/libsrc/xadcps_v2_6/src"

TRACE::2022-08-02.13:07:07::SCWMssOS::make -C ps7_cortexa9_0/libsrc/xadcps_v2_6/src -s include  "SHELL=CMD" "COMPILER=arm-none-eabi-gcc" "ASSEMBLER=arm-none-eabi-as"
TRACE::2022-08-02.13:07:07::SCWMssOS:: "ARCHIVER=arm-none-eabi-ar" "COMPILER_FLAGS=  -O2 -c" "EXTRA_COMPILER_FLAGS=-mcpu=cortex-a9 -mfpu=vfpv3 -mfloat-abi=hard -nost
TRACE::2022-08-02.13:07:07::SCWMssOS::artfiles -g -Wall -Wextra -fno-tree-loop-distribute-patterns"

TRACE::2022-08-02.13:07:07::SCWMssOS::"Running Make libs in ps7_cortexa9_0/libsrc/axivdma_v6_9/src"

TRACE::2022-08-02.13:07:07::SCWMssOS::make -C ps7_cortexa9_0/libsrc/axivdma_v6_9/src -s libs  "SHELL=CMD" "COMPILER=arm-none-eabi-gcc" "ASSEMBLER=arm-none-eabi-as" "
TRACE::2022-08-02.13:07:07::SCWMssOS::ARCHIVER=arm-none-eabi-ar" "COMPILER_FLAGS=  -O2 -c" "EXTRA_COMPILER_FLAGS=-mcpu=cortex-a9 -mfpu=vfpv3 -mfloat-abi=hard -nostar
TRACE::2022-08-02.13:07:07::SCWMssOS::tfiles -g -Wall -Wextra -fno-tree-loop-distribute-patterns"

TRACE::2022-08-02.13:07:07::SCWMssOS::"Running Make libs in ps7_cortexa9_0/libsrc/clk_wiz_v1_4/src"

TRACE::2022-08-02.13:07:07::SCWMssOS::make -C ps7_cortexa9_0/libsrc/clk_wiz_v1_4/src -s libs  "SHELL=CMD" "COMPILER=arm-none-eabi-gcc" "ASSEMBLER=arm-none-eabi-as" "
TRACE::2022-08-02.13:07:07::SCWMssOS::ARCHIVER=arm-none-eabi-ar" "COMPILER_FLAGS=  -O2 -c" "EXTRA_COMPILER_FLAGS=-mcpu=cortex-a9 -mfpu=vfpv3 -mfloat-abi=hard -nostar
TRACE::2022-08-02.13:07:07::SCWMssOS::tfiles -g -Wall -Wextra -fno-tree-loop-distribute-patterns"

TRACE::2022-08-02.13:07:07::SCWMssOS::"Running Make libs in ps7_cortexa9_0/libsrc/coresightps_dcc_v1_8/src"

TRACE::2022-08-02.13:07:07::SCWMssOS::"Running Make libs in ps7_cortexa9_0/libsrc/cpu_cortexa9_v2_11/src"

TRACE::2022-08-02.13:07:07::SCWMssOS::make -C ps7_cortexa9_0/libsrc/coresightps_dcc_v1_8/src -s libs  "SHELL=CMD" "COMPILER=arm-none-eabi-gcc" "ASSEMBLER=arm-none-ea
TRACE::2022-08-02.13:07:07::SCWMssOS::bi-as" "ARCHIVER=arm-none-eabi-ar" "COMPILER_FLAGS=  -O2 -c" "EXTRA_COMPILER_FLAGS=-mcpu=cortex-a9 -mfpu=vfpv3 -mfloat-abi=hard
TRACE::2022-08-02.13:07:07::SCWMssOS:: -nostartfiles -g -Wall -Wextra -fno-tree-loop-distribute-patterns"

TRACE::2022-08-02.13:07:07::SCWMssOS::"Running Make libs in ps7_cortexa9_0/libsrc/ddrps_v1_2/src"

TRACE::2022-08-02.13:07:07::SCWMssOS::make -C ps7_cortexa9_0/libsrc/cpu_cortexa9_v2_11/src -s libs  "SHELL=CMD" "COMPILER=arm-none-eabi-gcc" "ASSEMBLER=arm-none-eabi
TRACE::2022-08-02.13:07:07::SCWMssOS::-as" "ARCHIVER=arm-none-eabi-ar" "COMPILER_FLAGS=  -O2 -c" "EXTRA_COMPILER_FLAGS=-mcpu=cortex-a9 -mfpu=vfpv3 -mfloat-abi=hard -
TRACE::2022-08-02.13:07:07::SCWMssOS::nostartfiles -g -Wall -Wextra -fno-tree-loop-distribute-patterns"

TRACE::2022-08-02.13:07:07::SCWMssOS::"Running Make libs in ps7_cortexa9_0/libsrc/devcfg_v3_7/src"

TRACE::2022-08-02.13:07:07::SCWMssOS::make -C ps7_cortexa9_0/libsrc/ddrps_v1_2/src -s libs  "SHELL=CMD" "COMPILER=arm-none-eabi-gcc" "ASSEMBLER=arm-none-eabi-as" "AR
TRACE::2022-08-02.13:07:07::SCWMssOS::CHIVER=arm-none-eabi-ar" "COMPILER_FLAGS=  -O2 -c" "EXTRA_COMPILER_FLAGS=-mcpu=cortex-a9 -mfpu=vfpv3 -mfloat-abi=hard -nostartf
TRACE::2022-08-02.13:07:07::SCWMssOS::iles -g -Wall -Wextra -fno-tree-loop-distribute-patterns"

TRACE::2022-08-02.13:07:07::SCWMssOS::make -C ps7_cortexa9_0/libsrc/devcfg_v3_7/src -s libs  "SHELL=CMD" "COMPILER=arm-none-eabi-gcc" "ASSEMBLER=arm-none-eabi-as" "A
TRACE::2022-08-02.13:07:07::SCWMssOS::RCHIVER=arm-none-eabi-ar" "COMPILER_FLAGS=  -O2 -c" "EXTRA_COMPILER_FLAGS=-mcpu=cortex-a9 -mfpu=vfpv3 -mfloat-abi=hard -nostart
TRACE::2022-08-02.13:07:07::SCWMssOS::files -g -Wall -Wextra -fno-tree-loop-distribute-patterns"

TRACE::2022-08-02.13:07:07::SCWMssOS::"Running Make libs in ps7_cortexa9_0/libsrc/dmaps_v2_8/src"

TRACE::2022-08-02.13:07:07::SCWMssOS::"Running Make libs in ps7_cortexa9_0/libsrc/emacps_v3_14/src"

TRACE::2022-08-02.13:07:07::SCWMssOS::make -C ps7_cortexa9_0/libsrc/dmaps_v2_8/src -s libs  "SHELL=CMD" "COMPILER=arm-none-eabi-gcc" "ASSEMBLER=arm-none-eabi-as" "AR
TRACE::2022-08-02.13:07:07::SCWMssOS::CHIVER=arm-none-eabi-ar" "COMPILER_FLAGS=  -O2 -c" "EXTRA_COMPILER_FLAGS=-mcpu=cortex-a9 -mfpu=vfpv3 -mfloat-abi=hard -nostartf
TRACE::2022-08-02.13:07:07::SCWMssOS::iles -g -Wall -Wextra -fno-tree-loop-distribute-patterns"

TRACE::2022-08-02.13:07:07::SCWMssOS::"Running Make libs in ps7_cortexa9_0/libsrc/gpiops_v3_9/src"

TRACE::2022-08-02.13:07:07::SCWMssOS::make -C ps7_cortexa9_0/libsrc/emacps_v3_14/src -s libs  "SHELL=CMD" "COMPILER=arm-none-eabi-gcc" "ASSEMBLER=arm-none-eabi-as" "
TRACE::2022-08-02.13:07:07::SCWMssOS::ARCHIVER=arm-none-eabi-ar" "COMPILER_FLAGS=  -O2 -c" "EXTRA_COMPILER_FLAGS=-mcpu=cortex-a9 -mfpu=vfpv3 -mfloat-abi=hard -nostar
TRACE::2022-08-02.13:07:07::SCWMssOS::tfiles -g -Wall -Wextra -fno-tree-loop-distribute-patterns"

TRACE::2022-08-02.13:07:07::SCWMssOS::"Running Make libs in ps7_cortexa9_0/libsrc/iicps_v3_13/src"

TRACE::2022-08-02.13:07:07::SCWMssOS::make -C ps7_cortexa9_0/libsrc/gpiops_v3_9/src -s libs  "SHELL=CMD" "COMPILER=arm-none-eabi-gcc" "ASSEMBLER=arm-none-eabi-as" "A
TRACE::2022-08-02.13:07:07::SCWMssOS::RCHIVER=arm-none-eabi-ar" "COMPILER_FLAGS=  -O2 -c" "EXTRA_COMPILER_FLAGS=-mcpu=cortex-a9 -mfpu=vfpv3 -mfloat-abi=hard -nostart
TRACE::2022-08-02.13:07:07::SCWMssOS::files -g -Wall -Wextra -fno-tree-loop-distribute-patterns"

TRACE::2022-08-02.13:07:07::SCWMssOS::make -C ps7_cortexa9_0/libsrc/iicps_v3_13/src -s libs  "SHELL=CMD" "COMPILER=arm-none-eabi-gcc" "ASSEMBLER=arm-none-eabi-as" "A
TRACE::2022-08-02.13:07:07::SCWMssOS::RCHIVER=arm-none-eabi-ar" "COMPILER_FLAGS=  -O2 -c" "EXTRA_COMPILER_FLAGS=-mcpu=cortex-a9 -mfpu=vfpv3 -mfloat-abi=hard -nostart
TRACE::2022-08-02.13:07:07::SCWMssOS::files -g -Wall -Wextra -fno-tree-loop-distribute-patterns"

TRACE::2022-08-02.13:07:07::SCWMssOS::"Running Make libs in ps7_cortexa9_0/libsrc/qspips_v3_9/src"

TRACE::2022-08-02.13:07:07::SCWMssOS::make -C ps7_cortexa9_0/libsrc/qspips_v3_9/src -s libs  "SHELL=CMD" "COMPILER=arm-none-eabi-gcc" "ASSEMBLER=arm-none-eabi-as" "A
TRACE::2022-08-02.13:07:07::SCWMssOS::RCHIVER=arm-none-eabi-ar" "COMPILER_FLAGS=  -O2 -c" "EXTRA_COMPILER_FLAGS=-mcpu=cortex-a9 -mfpu=vfpv3 -mfloat-abi=hard -nostart
TRACE::2022-08-02.13:07:07::SCWMssOS::files -g -Wall -Wextra -fno-tree-loop-distribute-patterns"

TRACE::2022-08-02.13:07:07::SCWMssOS::"Running Make libs in ps7_cortexa9_0/libsrc/scugic_v4_5/src"

TRACE::2022-08-02.13:07:07::SCWMssOS::"Running Make libs in ps7_cortexa9_0/libsrc/scutimer_v2_3/src"

TRACE::2022-08-02.13:07:07::SCWMssOS::make -C ps7_cortexa9_0/libsrc/scugic_v4_5/src -s libs  "SHELL=CMD" "COMPILER=arm-none-eabi-gcc" "ASSEMBLER=arm-none-eabi-as" "A
TRACE::2022-08-02.13:07:07::SCWMssOS::RCHIVER=arm-none-eabi-ar" "COMPILER_FLAGS=  -O2 -c" "EXTRA_COMPILER_FLAGS=-mcpu=cortex-a9 -mfpu=vfpv3 -mfloat-abi=hard -nostart
TRACE::2022-08-02.13:07:07::SCWMssOS::files -g -Wall -Wextra -fno-tree-loop-distribute-patterns"

TRACE::2022-08-02.13:07:07::SCWMssOS::make -C ps7_cortexa9_0/libsrc/scutimer_v2_3/src -s libs  "SHELL=CMD" "COMPILER=arm-none-eabi-gcc" "ASSEMBLER=arm-none-eabi-as" 
TRACE::2022-08-02.13:07:07::SCWMssOS::"ARCHIVER=arm-none-eabi-ar" "COMPILER_FLAGS=  -O2 -c" "EXTRA_COMPILER_FLAGS=-mcpu=cortex-a9 -mfpu=vfpv3 -mfloat-abi=hard -nosta
TRACE::2022-08-02.13:07:07::SCWMssOS::rtfiles -g -Wall -Wextra -fno-tree-loop-distribute-patterns"

TRACE::2022-08-02.13:07:07::SCWMssOS::"Running Make libs in ps7_cortexa9_0/libsrc/scuwdt_v2_4/src"

TRACE::2022-08-02.13:07:07::SCWMssOS::make -C ps7_cortexa9_0/libsrc/scuwdt_v2_4/src -s libs  "SHELL=CMD" "COMPILER=arm-none-eabi-gcc" "ASSEMBLER=arm-none-eabi-as" "A
TRACE::2022-08-02.13:07:07::SCWMssOS::RCHIVER=arm-none-eabi-ar" "COMPILER_FLAGS=  -O2 -c" "EXTRA_COMPILER_FLAGS=-mcpu=cortex-a9 -mfpu=vfpv3 -mfloat-abi=hard -nostart
TRACE::2022-08-02.13:07:07::SCWMssOS::files -g -Wall -Wextra -fno-tree-loop-distribute-patterns"

TRACE::2022-08-02.13:07:07::SCWMssOS::"Running Make libs in ps7_cortexa9_0/libsrc/sdps_v3_12/src"

TRACE::2022-08-02.13:07:07::SCWMssOS::make -C ps7_cortexa9_0/libsrc/sdps_v3_12/src -s libs  "SHELL=CMD" "COMPILER=arm-none-eabi-gcc" "ASSEMBLER=arm-none-eabi-as" "AR
TRACE::2022-08-02.13:07:07::SCWMssOS::CHIVER=arm-none-eabi-ar" "COMPILER_FLAGS=  -O2 -c" "EXTRA_COMPILER_FLAGS=-mcpu=cortex-a9 -mfpu=vfpv3 -mfloat-abi=hard -nostartf
TRACE::2022-08-02.13:07:07::SCWMssOS::iles -g -Wall -Wextra -fno-tree-loop-distribute-patterns"

TRACE::2022-08-02.13:07:07::SCWMssOS::"Running Make libs in ps7_cortexa9_0/libsrc/standalone_v7_5/src"

TRACE::2022-08-02.13:07:07::SCWMssOS::make -C ps7_cortexa9_0/libsrc/standalone_v7_5/src -s libs  "SHELL=CMD" "COMPILER=arm-none-eabi-gcc" "ASSEMBLER=arm-none-eabi-as
TRACE::2022-08-02.13:07:07::SCWMssOS::" "ARCHIVER=arm-none-eabi-ar" "COMPILER_FLAGS=  -O2 -c" "EXTRA_COMPILER_FLAGS=-mcpu=cortex-a9 -mfpu=vfpv3 -mfloat-abi=hard -nos
TRACE::2022-08-02.13:07:07::SCWMssOS::tartfiles -g -Wall -Wextra -fno-tree-loop-distribute-patterns"

TRACE::2022-08-02.13:07:08::SCWMssOS::"Running Make libs in ps7_cortexa9_0/libsrc/uartps_v3_11/src"

TRACE::2022-08-02.13:07:08::SCWMssOS::make -C ps7_cortexa9_0/libsrc/uartps_v3_11/src -s libs  "SHELL=CMD" "COMPILER=arm-none-eabi-gcc" "ASSEMBLER=arm-none-eabi-as" "
TRACE::2022-08-02.13:07:08::SCWMssOS::ARCHIVER=arm-none-eabi-ar" "COMPILER_FLAGS=  -O2 -c" "EXTRA_COMPILER_FLAGS=-mcpu=cortex-a9 -mfpu=vfpv3 -mfloat-abi=hard -nostar
TRACE::2022-08-02.13:07:08::SCWMssOS::tfiles -g -Wall -Wextra -fno-tree-loop-distribute-patterns"

TRACE::2022-08-02.13:07:09::SCWMssOS::"Running Make libs in ps7_cortexa9_0/libsrc/usbps_v2_7/src"

TRACE::2022-08-02.13:07:09::SCWMssOS::make -C ps7_cortexa9_0/libsrc/usbps_v2_7/src -s libs  "SHELL=CMD" "COMPILER=arm-none-eabi-gcc" "ASSEMBLER=arm-none-eabi-as" "AR
TRACE::2022-08-02.13:07:09::SCWMssOS::CHIVER=arm-none-eabi-ar" "COMPILER_FLAGS=  -O2 -c" "EXTRA_COMPILER_FLAGS=-mcpu=cortex-a9 -mfpu=vfpv3 -mfloat-abi=hard -nostartf
TRACE::2022-08-02.13:07:09::SCWMssOS::iles -g -Wall -Wextra -fno-tree-loop-distribute-patterns"

TRACE::2022-08-02.13:07:09::SCWMssOS::"Running Make libs in ps7_cortexa9_0/libsrc/vtc_v8_3/src"

TRACE::2022-08-02.13:07:09::SCWMssOS::make -C ps7_cortexa9_0/libsrc/vtc_v8_3/src -s libs  "SHELL=CMD" "COMPILER=arm-none-eabi-gcc" "ASSEMBLER=arm-none-eabi-as" "ARCH
TRACE::2022-08-02.13:07:09::SCWMssOS::IVER=arm-none-eabi-ar" "COMPILER_FLAGS=  -O2 -c" "EXTRA_COMPILER_FLAGS=-mcpu=cortex-a9 -mfpu=vfpv3 -mfloat-abi=hard -nostartfil
TRACE::2022-08-02.13:07:09::SCWMssOS::es -g -Wall -Wextra -fno-tree-loop-distribute-patterns"

TRACE::2022-08-02.13:07:09::SCWMssOS::"Running Make libs in ps7_cortexa9_0/libsrc/xadcps_v2_6/src"

TRACE::2022-08-02.13:07:09::SCWMssOS::make -C ps7_cortexa9_0/libsrc/xadcps_v2_6/src -s libs  "SHELL=CMD" "COMPILER=arm-none-eabi-gcc" "ASSEMBLER=arm-none-eabi-as" "A
TRACE::2022-08-02.13:07:09::SCWMssOS::RCHIVER=arm-none-eabi-ar" "COMPILER_FLAGS=  -O2 -c" "EXTRA_COMPILER_FLAGS=-mcpu=cortex-a9 -mfpu=vfpv3 -mfloat-abi=hard -nostart
TRACE::2022-08-02.13:07:09::SCWMssOS::files -g -Wall -Wextra -fno-tree-loop-distribute-patterns"

TRACE::2022-08-02.13:07:12::SCWMssOS::'Finished building libraries parallelly.'

TRACE::2022-08-02.13:07:12::SCWMssOS::make --no-print-directory archive

TRACE::2022-08-02.13:07:12::SCWMssOS::arm-none-eabi-ar -r  ps7_cortexa9_0/lib/libxil.a ps7_cortexa9_0/lib/xadcps_selftest.o ps7_cortexa9_0/lib/xplatform_info.o ps7_c
TRACE::2022-08-02.13:07:12::SCWMssOS::ortexa9_0/lib/time.o ps7_cortexa9_0/lib/_exit.o ps7_cortexa9_0/lib/xil_testio.o ps7_cortexa9_0/lib/xusbps_endpoint.o ps7_cortex
TRACE::2022-08-02.13:07:12::SCWMssOS::a9_0/lib/xusbps_sinit.o ps7_cortexa9_0/lib/xvtc_g.o ps7_cortexa9_0/lib/xdevcfg_hw.o ps7_cortexa9_0/lib/xil_sleeptimer.o ps7_cor
TRACE::2022-08-02.13:07:12::SCWMssOS::texa9_0/lib/xqspips_options.o ps7_cortexa9_0/lib/xdmaps_g.o ps7_cortexa9_0/lib/xscutimer_g.o ps7_cortexa9_0/lib/xsdps_options.o
TRACE::2022-08-02.13:07:12::SCWMssOS:: ps7_cortexa9_0/lib/xil_misc_psreset_api.o ps7_cortexa9_0/lib/xdmaps_sinit.o ps7_cortexa9_0/lib/xscutimer_sinit.o ps7_cortexa9_
TRACE::2022-08-02.13:07:12::SCWMssOS::0/lib/xemacps_hw.o ps7_cortexa9_0/lib/inbyte.o ps7_cortexa9_0/lib/xdmaps_selftest.o ps7_cortexa9_0/lib/xscutimer_selftest.o ps7
TRACE::2022-08-02.13:07:12::SCWMssOS::_cortexa9_0/lib/xvtc_intr.o ps7_cortexa9_0/lib/putnum.o ps7_cortexa9_0/lib/xqspips_hw.o ps7_cortexa9_0/lib/xgpiops_g.o ps7_cort
TRACE::2022-08-02.13:07:12::SCWMssOS::exa9_0/lib/xsdps.o ps7_cortexa9_0/lib/close.o ps7_cortexa9_0/lib/xemacps_g.o ps7_cortexa9_0/lib/xgpiops_sinit.o ps7_cortexa9_0/
TRACE::2022-08-02.13:07:12::SCWMssOS::lib/xgpiops_selftest.o ps7_cortexa9_0/lib/xscuwdt.o ps7_cortexa9_0/lib/xaxivdma_g.o ps7_cortexa9_0/lib/xil_clocking.o ps7_corte
TRACE::2022-08-02.13:07:12::SCWMssOS::xa9_0/lib/xclk_wiz_intr.o ps7_cortexa9_0/lib/xiicps_intr.o ps7_cortexa9_0/lib/xaxivdma_sinit.o ps7_cortexa9_0/lib/xvtc_sinit.o 
TRACE::2022-08-02.13:07:12::SCWMssOS::ps7_cortexa9_0/lib/xuartps_sinit.o ps7_cortexa9_0/lib/xaxivdma_selftest.o ps7_cortexa9_0/lib/xiicps_slave.o ps7_cortexa9_0/lib/
TRACE::2022-08-02.13:07:12::SCWMssOS::xil_printf.o ps7_cortexa9_0/lib/xiicps_g.o ps7_cortexa9_0/lib/xadcps.o ps7_cortexa9_0/lib/xiicps_options.o ps7_cortexa9_0/lib/x
TRACE::2022-08-02.13:07:12::SCWMssOS::uartps_selftest.o ps7_cortexa9_0/lib/outbyte.o ps7_cortexa9_0/lib/lseek.o ps7_cortexa9_0/lib/xil_testmem.o ps7_cortexa9_0/lib/x
TRACE::2022-08-02.13:07:12::SCWMssOS::usbps_hw.o ps7_cortexa9_0/lib/xl2cc_counter.o ps7_cortexa9_0/lib/xiicps_hw.o ps7_cortexa9_0/lib/xuartps_g.o ps7_cortexa9_0/lib/
TRACE::2022-08-02.13:07:12::SCWMssOS::asm_vectors.o ps7_cortexa9_0/lib/usleep.o ps7_cortexa9_0/lib/xvtc_selftest.o ps7_cortexa9_0/lib/abort.o ps7_cortexa9_0/lib/xscu
TRACE::2022-08-02.13:07:12::SCWMssOS::gic_intr.o ps7_cortexa9_0/lib/getpid.o ps7_cortexa9_0/lib/xiicps_selftest.o ps7_cortexa9_0/lib/xil_testcache.o ps7_cortexa9_0/l
TRACE::2022-08-02.13:07:12::SCWMssOS::ib/xdevcfg_sinit.o ps7_cortexa9_0/lib/xdmaps.o ps7_cortexa9_0/lib/xscutimer.o ps7_cortexa9_0/lib/xil_mem.o ps7_cortexa9_0/lib/x
TRACE::2022-08-02.13:07:12::SCWMssOS::devcfg_selftest.o ps7_cortexa9_0/lib/xpm_counter.o ps7_cortexa9_0/lib/xiicps.o ps7_cortexa9_0/lib/_sbrk.o ps7_cortexa9_0/lib/xi
TRACE::2022-08-02.13:07:12::SCWMssOS::icps_master.o ps7_cortexa9_0/lib/xqspips_g.o ps7_cortexa9_0/lib/xgpiops.o ps7_cortexa9_0/lib/xemacps.o ps7_cortexa9_0/lib/xusbp
TRACE::2022-08-02.13:07:12::SCWMssOS::s_g.o ps7_cortexa9_0/lib/xqspips_sinit.o ps7_cortexa9_0/lib/xqspips_selftest.o ps7_cortexa9_0/lib/xil_exception.o ps7_cortexa9_
TRACE::2022-08-02.13:07:12::SCWMssOS::0/lib/sbrk.o ps7_cortexa9_0/lib/xaxivdma.o ps7_cortexa9_0/lib/xemacps_control.o ps7_cortexa9_0/lib/xdevcfg.o ps7_cortexa9_0/lib
TRACE::2022-08-02.13:07:12::SCWMssOS::/open.o ps7_cortexa9_0/lib/xil_assert.o ps7_cortexa9_0/lib/xaxivdma_intr.o ps7_cortexa9_0/lib/xusbps_intr.o ps7_cortexa9_0/lib/
TRACE::2022-08-02.13:07:12::SCWMssOS::xsdps_host.o ps7_cortexa9_0/lib/xcoresightpsdcc.o ps7_cortexa9_0/lib/xiicps_xfer.o ps7_cortexa9_0/lib/xscugic_hw.o ps7_cortexa9
TRACE::2022-08-02.13:07:12::SCWMssOS::_0/lib/sleep.o ps7_cortexa9_0/lib/xil-crt0.o ps7_cortexa9_0/lib/cpputest_time.o ps7_cortexa9_0/lib/xvtc.o ps7_cortexa9_0/lib/_o
TRACE::2022-08-02.13:07:12::SCWMssOS::pen.o ps7_cortexa9_0/lib/fcntl.o ps7_cortexa9_0/lib/kill.o ps7_cortexa9_0/lib/print.o ps7_cortexa9_0/lib/read.o ps7_cortexa9_0/
TRACE::2022-08-02.13:07:12::SCWMssOS::lib/boot.o ps7_cortexa9_0/lib/xadcps_intr.o ps7_cortexa9_0/lib/xqspips.o ps7_cortexa9_0/lib/xclk_wiz_g.o ps7_cortexa9_0/lib/xil
TRACE::2022-08-02.13:07:12::SCWMssOS::_cache.o ps7_cortexa9_0/lib/xclk_wiz_sinit.o ps7_cortexa9_0/lib/unlink.o ps7_cortexa9_0/lib/xil_spinlock.o ps7_cortexa9_0/lib/t
TRACE::2022-08-02.13:07:12::SCWMssOS::ranslation_table.o ps7_cortexa9_0/lib/write.o ps7_cortexa9_0/lib/xil_mmu.o ps7_cortexa9_0/lib/xemacps_bdring.o ps7_cortexa9_0/l
TRACE::2022-08-02.13:07:12::SCWMssOS::ib/xaxivdma_channel.o ps7_cortexa9_0/lib/cpu_init.o ps7_cortexa9_0/lib/xsdps_sinit.o ps7_cortexa9_0/lib/xil_sleepcommon.o ps7_c
TRACE::2022-08-02.13:07:12::SCWMssOS::ortexa9_0/lib/xgpiops_intr.o ps7_cortexa9_0/lib/xscugic_sinit.o ps7_cortexa9_0/lib/xdevcfg_g.o ps7_cortexa9_0/lib/xuartps_hw.o 
TRACE::2022-08-02.13:07:12::SCWMssOS::ps7_cortexa9_0/lib/xtime_l.o ps7_cortexa9_0/lib/xemacps_sinit.o ps7_cortexa9_0/lib/xscugic_selftest.o ps7_cortexa9_0/lib/xil_ut
TRACE::2022-08-02.13:07:12::SCWMssOS::il.o ps7_cortexa9_0/lib/xuartps_intr.o ps7_cortexa9_0/lib/xuartps.o ps7_cortexa9_0/lib/xsdps_card.o ps7_cortexa9_0/lib/xdmaps_h
TRACE::2022-08-02.13:07:12::SCWMssOS::w.o ps7_cortexa9_0/lib/xclk_wiz.o ps7_cortexa9_0/lib/xgpiops_hw.o ps7_cortexa9_0/lib/xsdps_g.o ps7_cortexa9_0/lib/fstat.o ps7_c
TRACE::2022-08-02.13:07:12::SCWMssOS::ortexa9_0/lib/errno.o ps7_cortexa9_0/lib/xdevcfg_intr.o ps7_cortexa9_0/lib/xuartps_options.o ps7_cortexa9_0/lib/vectors.o ps7_c
TRACE::2022-08-02.13:07:12::SCWMssOS::ortexa9_0/lib/xscuwdt_g.o ps7_cortexa9_0/lib/xscuwdt_sinit.o ps7_cortexa9_0/lib/xusbps.o ps7_cortexa9_0/lib/xemacps_intr.o ps7_
TRACE::2022-08-02.13:07:12::SCWMssOS::cortexa9_0/lib/xscuwdt_selftest.o ps7_cortexa9_0/lib/xscugic_g.o ps7_cortexa9_0/lib/isatty.o ps7_cortexa9_0/lib/xscugic.o ps7_c
TRACE::2022-08-02.13:07:12::SCWMssOS::ortexa9_0/lib/xiicps_sinit.o ps7_cortexa9_0/lib/xadcps_g.o ps7_cortexa9_0/lib/xadcps_sinit.o

TRACE::2022-08-02.13:07:12::SCWMssOS::'Finished building libraries'

TRACE::2022-08-02.13:07:13::SCWMssOS::Copying to export directory.
TRACE::2022-08-02.13:07:14::SCWMssOS:: Checking if to create the Supporting Applications
TRACE::2022-08-02.13:07:14::SCWMssOS:: No Linux domain exists, trying to generate FSBL 
LOG::2022-08-02.13:07:14::SCWSystem::Completed Processing the domain domain_ps7_cortexa9_0
LOG::2022-08-02.13:07:14::SCWSystem::Completed Processing the sysconfig system_wrapper
LOG::2022-08-02.13:07:14::SCWPlatform::Completed generating the artifacts for system configuration system_wrapper
TRACE::2022-08-02.13:07:14::SCWPlatform::Started preparing the platform 
TRACE::2022-08-02.13:07:14::SCWSystem::Writing the bif file for system config system_wrapper
TRACE::2022-08-02.13:07:14::SCWSystem::dir created 
TRACE::2022-08-02.13:07:14::SCWSystem::Writing the bif 
TRACE::2022-08-02.13:07:14::SCWPlatform::Started writing the spfm file 
TRACE::2022-08-02.13:07:14::SCWPlatform::Started writing the xpfm file 
TRACE::2022-08-02.13:07:14::SCWPlatform::Completed generating the platform
TRACE::2022-08-02.13:07:14::SCWMssOS::Saving the mss changes D:/WorkRaduV/Projects/Zybo-Z7/sw/ws/system_wrapper/ps7_cortexa9_0/domain_ps7_cortexa9_0/bsp/system.mss
TRACE::2022-08-02.13:07:14::SCWMssOS::Found a swdesign opened with the mssfile.
TRACE::2022-08-02.13:07:14::SCWMssOS::Completed writemss as part of save.
TRACE::2022-08-02.13:07:14::SCWMssOS::Commit changes completed.
TRACE::2022-08-02.13:07:14::SCWMssOS::Saving the mss changes D:/WorkRaduV/Projects/Zybo-Z7/sw/ws/system_wrapper/zynq_fsbl/zynq_fsbl_bsp/system.mss
TRACE::2022-08-02.13:07:14::SCWMssOS::Found a swdesign opened with the mssfile.
TRACE::2022-08-02.13:07:14::SCWMssOS::Running validate of swdbs.
KEYINFO::2022-08-02.13:07:14::SCWMssOS::Could not open the swdb for system_0
KEYINFO::2022-08-02.13:07:14::SCWMssOS::Could not open the sw design at  system_0
ERROR: [Hsi 55-1558] Software Design system_0 is not found

TRACE::2022-08-02.13:07:14::SCWMssOS::Cleared the swdb table entry
TRACE::2022-08-02.13:07:14::SCWMssOS::Adding the swdes entry, mss present, able to open swdb D:/WorkRaduV/Projects/Zybo-Z7/sw/ws/system_wrapper/zynq_fsbl/zynq_fsbl_bsp/system.mss with des name system_0
TRACE::2022-08-02.13:07:14::SCWMssOS::Writing the mss file completed D:/WorkRaduV/Projects/Zybo-Z7/sw/ws/system_wrapper/zynq_fsbl/zynq_fsbl_bsp/system.mss
TRACE::2022-08-02.13:07:14::SCWMssOS::Commit changes completed.
TRACE::2022-08-02.13:07:14::SCWPlatform::Trying to open the hw design at D:/WorkRaduV/Projects/Zybo-Z7/sw/ws/system_wrapper/hw/system_wrapper.xsa
TRACE::2022-08-02.13:07:14::SCWPlatform::DSA given D:/WorkRaduV/Projects/Zybo-Z7/sw/ws/system_wrapper/hw/system_wrapper.xsa
TRACE::2022-08-02.13:07:14::SCWPlatform::DSA absoulate path D:/WorkRaduV/Projects/Zybo-Z7/sw/ws/system_wrapper/hw/system_wrapper.xsa
TRACE::2022-08-02.13:07:14::SCWPlatform::DSA directory D:/WorkRaduV/Projects/Zybo-Z7/sw/ws/system_wrapper/hw
TRACE::2022-08-02.13:07:14::SCWPlatform:: Platform Path D:/WorkRaduV/Projects/Zybo-Z7/sw/ws/system_wrapper/hw/system_wrapper.xsa
TRACE::2022-08-02.13:07:14::SCWPlatform:: Unique name xilinx:zybo-z7-20::0.0
TRACE::2022-08-02.13:07:14::SCWPlatform::Trying to set the existing hwdb with name system_wrapper
TRACE::2022-08-02.13:07:14::SCWPlatform::Opened existing hwdb system_wrapper
TRACE::2022-08-02.13:07:14::SCWPlatform::Found the Hw Db part of the input DSA
TRACE::2022-08-02.13:07:14::SCWMssOS::Checking the sw design at  D:/WorkRaduV/Projects/Zybo-Z7/sw/ws/system_wrapper/ps7_cortexa9_0/domain_ps7_cortexa9_0/bsp/system.mss
TRACE::2022-08-02.13:07:14::SCWMssOS::DEBUG:  swdes dump  D:/WorkRaduV/Projects/Zybo-Z7/sw/ws/system_wrapper/ps7_cortexa9_0/domain_ps7_cortexa9_0/bsp/system.mss|system||
D:/WorkRaduV/Projects/Zybo-Z7/sw/ws/system_wrapper/zynq_fsbl/zynq_fsbl_bsp/system.mss|system_0||

TRACE::2022-08-02.13:07:14::SCWMssOS::Sw design exists and opened at  D:/WorkRaduV/Projects/Zybo-Z7/sw/ws/system_wrapper/ps7_cortexa9_0/domain_ps7_cortexa9_0/bsp/system.mss
TRACE::2022-08-02.13:07:14::SCWPlatform::Trying to open the hw design at D:/WorkRaduV/Projects/Zybo-Z7/sw/ws/system_wrapper/hw/system_wrapper.xsa
TRACE::2022-08-02.13:07:14::SCWPlatform::DSA given D:/WorkRaduV/Projects/Zybo-Z7/sw/ws/system_wrapper/hw/system_wrapper.xsa
TRACE::2022-08-02.13:07:14::SCWPlatform::DSA absoulate path D:/WorkRaduV/Projects/Zybo-Z7/sw/ws/system_wrapper/hw/system_wrapper.xsa
TRACE::2022-08-02.13:07:14::SCWPlatform::DSA directory D:/WorkRaduV/Projects/Zybo-Z7/sw/ws/system_wrapper/hw
TRACE::2022-08-02.13:07:14::SCWPlatform:: Platform Path D:/WorkRaduV/Projects/Zybo-Z7/sw/ws/system_wrapper/hw/system_wrapper.xsa
TRACE::2022-08-02.13:07:14::SCWPlatform:: Unique name xilinx:zybo-z7-20::0.0
TRACE::2022-08-02.13:07:14::SCWPlatform::Trying to set the existing hwdb with name system_wrapper
TRACE::2022-08-02.13:07:14::SCWPlatform::Opened existing hwdb system_wrapper
TRACE::2022-08-02.13:07:14::SCWPlatform::Found the Hw Db part of the input DSA
TRACE::2022-08-02.13:07:14::SCWMssOS::Checking the sw design at  D:/WorkRaduV/Projects/Zybo-Z7/sw/ws/system_wrapper/ps7_cortexa9_0/domain_ps7_cortexa9_0/bsp/system.mss
TRACE::2022-08-02.13:07:14::SCWMssOS::DEBUG:  swdes dump  D:/WorkRaduV/Projects/Zybo-Z7/sw/ws/system_wrapper/ps7_cortexa9_0/domain_ps7_cortexa9_0/bsp/system.mss|system||
D:/WorkRaduV/Projects/Zybo-Z7/sw/ws/system_wrapper/zynq_fsbl/zynq_fsbl_bsp/system.mss|system_0||

TRACE::2022-08-02.13:07:14::SCWMssOS::Sw design exists and opened at  D:/WorkRaduV/Projects/Zybo-Z7/sw/ws/system_wrapper/ps7_cortexa9_0/domain_ps7_cortexa9_0/bsp/system.mss
TRACE::2022-08-02.13:07:14::SCWPlatform::Trying to open the hw design at D:/WorkRaduV/Projects/Zybo-Z7/sw/ws/system_wrapper/hw/system_wrapper.xsa
TRACE::2022-08-02.13:07:14::SCWPlatform::DSA given D:/WorkRaduV/Projects/Zybo-Z7/sw/ws/system_wrapper/hw/system_wrapper.xsa
TRACE::2022-08-02.13:07:14::SCWPlatform::DSA absoulate path D:/WorkRaduV/Projects/Zybo-Z7/sw/ws/system_wrapper/hw/system_wrapper.xsa
TRACE::2022-08-02.13:07:14::SCWPlatform::DSA directory D:/WorkRaduV/Projects/Zybo-Z7/sw/ws/system_wrapper/hw
TRACE::2022-08-02.13:07:14::SCWPlatform:: Platform Path D:/WorkRaduV/Projects/Zybo-Z7/sw/ws/system_wrapper/hw/system_wrapper.xsa
TRACE::2022-08-02.13:07:14::SCWPlatform:: Unique name xilinx:zybo-z7-20::0.0
TRACE::2022-08-02.13:07:14::SCWPlatform::Trying to set the existing hwdb with name system_wrapper
TRACE::2022-08-02.13:07:14::SCWPlatform::Opened existing hwdb system_wrapper
TRACE::2022-08-02.13:07:14::SCWPlatform::Found the Hw Db part of the input DSA
TRACE::2022-08-02.13:07:14::SCWMssOS::Checking the sw design at  D:/WorkRaduV/Projects/Zybo-Z7/sw/ws/system_wrapper/ps7_cortexa9_0/domain_ps7_cortexa9_0/bsp/system.mss
TRACE::2022-08-02.13:07:14::SCWMssOS::DEBUG:  swdes dump  D:/WorkRaduV/Projects/Zybo-Z7/sw/ws/system_wrapper/ps7_cortexa9_0/domain_ps7_cortexa9_0/bsp/system.mss|system||
D:/WorkRaduV/Projects/Zybo-Z7/sw/ws/system_wrapper/zynq_fsbl/zynq_fsbl_bsp/system.mss|system_0||

TRACE::2022-08-02.13:07:14::SCWMssOS::Sw design exists and opened at  D:/WorkRaduV/Projects/Zybo-Z7/sw/ws/system_wrapper/ps7_cortexa9_0/domain_ps7_cortexa9_0/bsp/system.mss
TRACE::2022-08-02.13:07:14::SCWPlatform::Trying to open the hw design at D:/WorkRaduV/Projects/Zybo-Z7/sw/ws/system_wrapper/hw/system_wrapper.xsa
TRACE::2022-08-02.13:07:14::SCWPlatform::DSA given D:/WorkRaduV/Projects/Zybo-Z7/sw/ws/system_wrapper/hw/system_wrapper.xsa
TRACE::2022-08-02.13:07:14::SCWPlatform::DSA absoulate path D:/WorkRaduV/Projects/Zybo-Z7/sw/ws/system_wrapper/hw/system_wrapper.xsa
TRACE::2022-08-02.13:07:14::SCWPlatform::DSA directory D:/WorkRaduV/Projects/Zybo-Z7/sw/ws/system_wrapper/hw
TRACE::2022-08-02.13:07:14::SCWPlatform:: Platform Path D:/WorkRaduV/Projects/Zybo-Z7/sw/ws/system_wrapper/hw/system_wrapper.xsa
TRACE::2022-08-02.13:07:14::SCWPlatform:: Unique name xilinx:zybo-z7-20::0.0
TRACE::2022-08-02.13:07:14::SCWPlatform::Trying to set the existing hwdb with name system_wrapper
TRACE::2022-08-02.13:07:14::SCWPlatform::Opened existing hwdb system_wrapper
TRACE::2022-08-02.13:07:14::SCWPlatform::Found the Hw Db part of the input DSA
TRACE::2022-08-02.13:07:14::SCWMssOS::Checking the sw design at  D:/WorkRaduV/Projects/Zybo-Z7/sw/ws/system_wrapper/zynq_fsbl/zynq_fsbl_bsp/system.mss
TRACE::2022-08-02.13:07:14::SCWMssOS::DEBUG:  swdes dump  D:/WorkRaduV/Projects/Zybo-Z7/sw/ws/system_wrapper/ps7_cortexa9_0/domain_ps7_cortexa9_0/bsp/system.mss|system||
D:/WorkRaduV/Projects/Zybo-Z7/sw/ws/system_wrapper/zynq_fsbl/zynq_fsbl_bsp/system.mss|system_0||

TRACE::2022-08-02.13:07:14::SCWMssOS::Sw design exists and opened at  D:/WorkRaduV/Projects/Zybo-Z7/sw/ws/system_wrapper/zynq_fsbl/zynq_fsbl_bsp/system.mss
TRACE::2022-08-02.13:07:14::SCWPlatform::Trying to open the hw design at D:/WorkRaduV/Projects/Zybo-Z7/sw/ws/system_wrapper/hw/system_wrapper.xsa
TRACE::2022-08-02.13:07:14::SCWPlatform::DSA given D:/WorkRaduV/Projects/Zybo-Z7/sw/ws/system_wrapper/hw/system_wrapper.xsa
TRACE::2022-08-02.13:07:14::SCWPlatform::DSA absoulate path D:/WorkRaduV/Projects/Zybo-Z7/sw/ws/system_wrapper/hw/system_wrapper.xsa
TRACE::2022-08-02.13:07:14::SCWPlatform::DSA directory D:/WorkRaduV/Projects/Zybo-Z7/sw/ws/system_wrapper/hw
TRACE::2022-08-02.13:07:14::SCWPlatform:: Platform Path D:/WorkRaduV/Projects/Zybo-Z7/sw/ws/system_wrapper/hw/system_wrapper.xsa
TRACE::2022-08-02.13:07:14::SCWPlatform:: Unique name xilinx:zybo-z7-20::0.0
TRACE::2022-08-02.13:07:14::SCWPlatform::Trying to set the existing hwdb with name system_wrapper
TRACE::2022-08-02.13:07:14::SCWPlatform::Opened existing hwdb system_wrapper
TRACE::2022-08-02.13:07:14::SCWPlatform::Found the Hw Db part of the input DSA
TRACE::2022-08-02.13:07:14::SCWMssOS::Checking the sw design at  D:/WorkRaduV/Projects/Zybo-Z7/sw/ws/system_wrapper/zynq_fsbl/zynq_fsbl_bsp/system.mss
TRACE::2022-08-02.13:07:14::SCWMssOS::DEBUG:  swdes dump  D:/WorkRaduV/Projects/Zybo-Z7/sw/ws/system_wrapper/ps7_cortexa9_0/domain_ps7_cortexa9_0/bsp/system.mss|system||
D:/WorkRaduV/Projects/Zybo-Z7/sw/ws/system_wrapper/zynq_fsbl/zynq_fsbl_bsp/system.mss|system_0||

TRACE::2022-08-02.13:07:14::SCWMssOS::Sw design exists and opened at  D:/WorkRaduV/Projects/Zybo-Z7/sw/ws/system_wrapper/zynq_fsbl/zynq_fsbl_bsp/system.mss
TRACE::2022-08-02.13:07:14::SCWPlatform::Trying to open the hw design at D:/WorkRaduV/Projects/Zybo-Z7/sw/ws/system_wrapper/hw/system_wrapper.xsa
TRACE::2022-08-02.13:07:14::SCWPlatform::DSA given D:/WorkRaduV/Projects/Zybo-Z7/sw/ws/system_wrapper/hw/system_wrapper.xsa
TRACE::2022-08-02.13:07:14::SCWPlatform::DSA absoulate path D:/WorkRaduV/Projects/Zybo-Z7/sw/ws/system_wrapper/hw/system_wrapper.xsa
TRACE::2022-08-02.13:07:14::SCWPlatform::DSA directory D:/WorkRaduV/Projects/Zybo-Z7/sw/ws/system_wrapper/hw
TRACE::2022-08-02.13:07:14::SCWPlatform:: Platform Path D:/WorkRaduV/Projects/Zybo-Z7/sw/ws/system_wrapper/hw/system_wrapper.xsa
TRACE::2022-08-02.13:07:14::SCWPlatform:: Unique name xilinx:zybo-z7-20::0.0
TRACE::2022-08-02.13:07:14::SCWPlatform::Trying to set the existing hwdb with name system_wrapper
TRACE::2022-08-02.13:07:14::SCWPlatform::Opened existing hwdb system_wrapper
TRACE::2022-08-02.13:07:14::SCWPlatform::Found the Hw Db part of the input DSA
TRACE::2022-08-02.13:07:14::SCWMssOS::Checking the sw design at  D:/WorkRaduV/Projects/Zybo-Z7/sw/ws/system_wrapper/zynq_fsbl/zynq_fsbl_bsp/system.mss
TRACE::2022-08-02.13:07:14::SCWMssOS::DEBUG:  swdes dump  D:/WorkRaduV/Projects/Zybo-Z7/sw/ws/system_wrapper/ps7_cortexa9_0/domain_ps7_cortexa9_0/bsp/system.mss|system||
D:/WorkRaduV/Projects/Zybo-Z7/sw/ws/system_wrapper/zynq_fsbl/zynq_fsbl_bsp/system.mss|system_0||

TRACE::2022-08-02.13:07:14::SCWMssOS::Sw design exists and opened at  D:/WorkRaduV/Projects/Zybo-Z7/sw/ws/system_wrapper/zynq_fsbl/zynq_fsbl_bsp/system.mss
TRACE::2022-08-02.13:07:14::SCWWriter::formatted JSON is {
	"platformName":	"system_wrapper",
	"sprVersion":	"2.0",
	"mode":	"gui",
	"dsaType":	"Fixed",
	"platformDesc":	"system_wrapper",
	"platHandOff":	"D:/WorkRaduV/Projects/Zybo-Z7/sw/src/system_wrapper/system_wrapper.xsa",
	"platIntHandOff":	"<platformDir>/hw/system_wrapper.xsa",
	"deviceType":	"zynq",
	"platIsPrebuiltAutogen":	"false",
	"platIsNoBootBsp":	"false",
	"platFsblTarget":	"ps7_cortexa9_0",
	"hasFsblMakeHasChanges":	"false",
	"hasPmufwMakeHasChanges":	"false",
	"fsblExtraCompilerFlags":	"-MMD -MP       -mcpu=cortex-a9 -mfpu=vfpv3 -mfloat-abi=hard ",
	"platPreBuiltFlag":	false,
	"platformSamplesDir":	"",
	"platActiveSys":	"system_wrapper",
	"systems":	[{
			"systemName":	"system_wrapper",
			"systemDesc":	"system_wrapper",
			"sysIsBootAutoGen":	"true",
			"systemDispName":	"system_wrapper",
			"sysActiveDom":	"zynq_fsbl",
			"sysDefaultDom":	"domain_ps7_cortexa9_0",
			"domains":	[{
					"domainName":	"domain_ps7_cortexa9_0",
					"domainDispName":	"domain_ps7_cortexa9_0",
					"domainDesc":	"domain_ps7_cortexa9_0",
					"processors":	"ps7_cortexa9_0",
					"os":	"standalone",
					"sdxOs":	"standalone",
					"qemuArgs":	"C:/Xilinx/Vitis/2021.1/data/emulation/platforms/zynq/sw/a9_standalone/qemu/qemu_args.txt",
					"qemuData":	"C:/Xilinx/Vitis/2021.1/data/emulation/platforms/zynq/sw/a9_standalone/qemu/",
					"debugEnable":	"False",
					"domRuntimes":	["cpp"],
					"swRepo":	"",
					"mssOsVer":	"7.5",
					"mssFile":	"",
					"md5Digest":	"3cd3682dcff4da76b12d1a96e03568ab",
					"compatibleApp":	"",
					"domType":	"mssDomain",
					"appSettings":	{
						"appCompilerFlags":	"",
						"appLinkerFlags":	""
					},
					"addedLibs":	[],
					"libOptions":	{
						"libsContainingOptions":	[]
					},
					"prebuiltLibs":	{
						"prebuiltIncPath":	[],
						"prebuiltLibPath":	[]
					},
					"isolation":	{
					}
				}, {
					"domainName":	"zynq_fsbl",
					"domainDispName":	"zynq_fsbl",
					"domainDesc":	"FSBL Application BSP - Auto Generated.",
					"processors":	"ps7_cortexa9_0",
					"os":	"standalone",
					"sdxOs":	"standalone",
					"debugEnable":	"",
					"domRuntimes":	["cpp"],
					"swRepo":	"",
					"mssOsVer":	"7.5",
					"mssFile":	"",
					"md5Digest":	"65476f0e25cfe7a488204a81eac78faa",
					"compatibleApp":	"zynq_fsbl",
					"domType":	"bootDomain",
					"arch":	"32-bit",
					"appSettings":	{
						"appCompilerFlags":	"",
						"appLinkerFlags":	""
					},
					"addedLibs":	["xilffs:4.5", "xilrsa:1.6"],
					"libOptions":	{
						"ps7_cortexa9_0":	{
							"extra_compiler_flags":	"-mcpu=cortex-a9 -mfpu=vfpv3 -mfloat-abi=hard -nostartfiles -g -Wall -Wextra",
							"libOptionNames":	["extra_compiler_flags"]
						},
						"libsContainingOptions":	["ps7_cortexa9_0"]
					},
					"prebuiltLibs":	{
						"prebuiltIncPath":	[],
						"prebuiltLibPath":	[]
					},
					"isolation":	{
					}
				}]
		}]
}
KEYINFO::2022-08-02.13:07:14::SCWPlatform::updated the xpfm file.
TRACE::2022-08-02.13:07:14::SCWPlatform::Trying to open the hw design at D:/WorkRaduV/Projects/Zybo-Z7/sw/ws/system_wrapper/hw/system_wrapper.xsa
TRACE::2022-08-02.13:07:14::SCWPlatform::DSA given D:/WorkRaduV/Projects/Zybo-Z7/sw/ws/system_wrapper/hw/system_wrapper.xsa
TRACE::2022-08-02.13:07:14::SCWPlatform::DSA absoulate path D:/WorkRaduV/Projects/Zybo-Z7/sw/ws/system_wrapper/hw/system_wrapper.xsa
TRACE::2022-08-02.13:07:14::SCWPlatform::DSA directory D:/WorkRaduV/Projects/Zybo-Z7/sw/ws/system_wrapper/hw
TRACE::2022-08-02.13:07:14::SCWPlatform:: Platform Path D:/WorkRaduV/Projects/Zybo-Z7/sw/ws/system_wrapper/hw/system_wrapper.xsa
TRACE::2022-08-02.13:07:14::SCWPlatform:: Unique name xilinx:zybo-z7-20::0.0
TRACE::2022-08-02.13:07:14::SCWPlatform::Trying to set the existing hwdb with name system_wrapper
TRACE::2022-08-02.13:07:14::SCWPlatform::Opened existing hwdb system_wrapper
TRACE::2022-08-02.13:07:14::SCWPlatform::Found the Hw Db part of the input DSA
TRACE::2022-08-02.13:07:14::SCWMssOS::Checking the sw design at  D:/WorkRaduV/Projects/Zybo-Z7/sw/ws/system_wrapper/ps7_cortexa9_0/domain_ps7_cortexa9_0/bsp/system.mss
TRACE::2022-08-02.13:07:14::SCWMssOS::DEBUG:  swdes dump  D:/WorkRaduV/Projects/Zybo-Z7/sw/ws/system_wrapper/ps7_cortexa9_0/domain_ps7_cortexa9_0/bsp/system.mss|system||
D:/WorkRaduV/Projects/Zybo-Z7/sw/ws/system_wrapper/zynq_fsbl/zynq_fsbl_bsp/system.mss|system_0||

TRACE::2022-08-02.13:07:14::SCWMssOS::Sw design exists and opened at  D:/WorkRaduV/Projects/Zybo-Z7/sw/ws/system_wrapper/ps7_cortexa9_0/domain_ps7_cortexa9_0/bsp/system.mss
TRACE::2022-08-09.15:36:15::SCWPlatform::Trying to open the hw design at D:/WorkRaduV/Projects/Tests/ReleaseDummyWS/system_wrapper/hw/system_wrapper.xsa
TRACE::2022-08-09.15:36:15::SCWPlatform::DSA given D:/WorkRaduV/Projects/Tests/ReleaseDummyWS/system_wrapper/hw/system_wrapper.xsa
TRACE::2022-08-09.15:36:15::SCWPlatform::DSA absoulate path D:/WorkRaduV/Projects/Tests/ReleaseDummyWS/system_wrapper/hw/system_wrapper.xsa
TRACE::2022-08-09.15:36:15::SCWPlatform::DSA directory D:/WorkRaduV/Projects/Tests/ReleaseDummyWS/system_wrapper/hw
TRACE::2022-08-09.15:36:15::SCWPlatform:: Platform Path D:/WorkRaduV/Projects/Tests/ReleaseDummyWS/system_wrapper/hw/system_wrapper.xsa
TRACE::2022-08-09.15:36:15::SCWPlatform:: Unique name xilinx:zybo-z7-20::0.0
TRACE::2022-08-09.15:36:15::SCWPlatform::Do not have an existing db opened. 
TRACE::2022-08-09.15:36:18::SCWPlatform::Opened new HwDB with name system_wrapper
TRACE::2022-08-09.15:36:18::SCWReader::Active system found as  system_wrapper
TRACE::2022-08-09.15:36:18::SCWReader::Handling sysconfig system_wrapper
TRACE::2022-08-09.15:36:18::SCWDomain::checking for install qemu data   : 
TRACE::2022-08-09.15:36:18::SCWDomain:: Using the QEMU Data from install at  : C:/Xilinx/Vitis/2021.1/data/emulation/platforms/zynq/sw/a9_standalone/qemu/
TRACE::2022-08-09.15:36:18::SCWDomain:: Using the QEMU args  from install at  : C:/Xilinx/Vitis/2021.1/data/emulation/platforms/zynq/sw/a9_standalone/qemu/qemu_args.txt
TRACE::2022-08-09.15:36:18::SCWPlatform::Trying to open the hw design at D:/WorkRaduV/Projects/Tests/ReleaseDummyWS/system_wrapper/hw/system_wrapper.xsa
TRACE::2022-08-09.15:36:18::SCWPlatform::DSA given D:/WorkRaduV/Projects/Tests/ReleaseDummyWS/system_wrapper/hw/system_wrapper.xsa
TRACE::2022-08-09.15:36:18::SCWPlatform::DSA absoulate path D:/WorkRaduV/Projects/Tests/ReleaseDummyWS/system_wrapper/hw/system_wrapper.xsa
TRACE::2022-08-09.15:36:18::SCWPlatform::DSA directory D:/WorkRaduV/Projects/Tests/ReleaseDummyWS/system_wrapper/hw
TRACE::2022-08-09.15:36:18::SCWPlatform:: Platform Path D:/WorkRaduV/Projects/Tests/ReleaseDummyWS/system_wrapper/hw/system_wrapper.xsa
TRACE::2022-08-09.15:36:18::SCWPlatform:: Unique name xilinx:zybo-z7-20::0.0
TRACE::2022-08-09.15:36:18::SCWPlatform::Trying to set the existing hwdb with name system_wrapper
TRACE::2022-08-09.15:36:18::SCWPlatform::Opened existing hwdb system_wrapper
TRACE::2022-08-09.15:36:18::SCWPlatform::Found the Hw Db part of the input DSA
TRACE::2022-08-09.15:36:18::SCWPlatform::Trying to open the hw design at D:/WorkRaduV/Projects/Tests/ReleaseDummyWS/system_wrapper/hw/system_wrapper.xsa
TRACE::2022-08-09.15:36:18::SCWPlatform::DSA given D:/WorkRaduV/Projects/Tests/ReleaseDummyWS/system_wrapper/hw/system_wrapper.xsa
TRACE::2022-08-09.15:36:18::SCWPlatform::DSA absoulate path D:/WorkRaduV/Projects/Tests/ReleaseDummyWS/system_wrapper/hw/system_wrapper.xsa
TRACE::2022-08-09.15:36:18::SCWPlatform::DSA directory D:/WorkRaduV/Projects/Tests/ReleaseDummyWS/system_wrapper/hw
TRACE::2022-08-09.15:36:18::SCWPlatform:: Platform Path D:/WorkRaduV/Projects/Tests/ReleaseDummyWS/system_wrapper/hw/system_wrapper.xsa
TRACE::2022-08-09.15:36:18::SCWPlatform:: Unique name xilinx:zybo-z7-20::0.0
TRACE::2022-08-09.15:36:18::SCWPlatform::Trying to set the existing hwdb with name system_wrapper
TRACE::2022-08-09.15:36:18::SCWPlatform::Opened existing hwdb system_wrapper
TRACE::2022-08-09.15:36:18::SCWPlatform::Found the Hw Db part of the input DSA
TRACE::2022-08-09.15:36:18::SCWPlatform::Trying to open the hw design at D:/WorkRaduV/Projects/Tests/ReleaseDummyWS/system_wrapper/hw/system_wrapper.xsa
TRACE::2022-08-09.15:36:18::SCWPlatform::DSA given D:/WorkRaduV/Projects/Tests/ReleaseDummyWS/system_wrapper/hw/system_wrapper.xsa
TRACE::2022-08-09.15:36:18::SCWPlatform::DSA absoulate path D:/WorkRaduV/Projects/Tests/ReleaseDummyWS/system_wrapper/hw/system_wrapper.xsa
TRACE::2022-08-09.15:36:18::SCWPlatform::DSA directory D:/WorkRaduV/Projects/Tests/ReleaseDummyWS/system_wrapper/hw
TRACE::2022-08-09.15:36:18::SCWPlatform:: Platform Path D:/WorkRaduV/Projects/Tests/ReleaseDummyWS/system_wrapper/hw/system_wrapper.xsa
TRACE::2022-08-09.15:36:18::SCWPlatform:: Unique name xilinx:zybo-z7-20::0.0
TRACE::2022-08-09.15:36:18::SCWPlatform::Trying to set the existing hwdb with name system_wrapper
TRACE::2022-08-09.15:36:18::SCWPlatform::Opened existing hwdb system_wrapper
TRACE::2022-08-09.15:36:18::SCWPlatform::Found the Hw Db part of the input DSA
TRACE::2022-08-09.15:36:18::SCWPlatform::Trying to open the hw design at D:/WorkRaduV/Projects/Tests/ReleaseDummyWS/system_wrapper/hw/system_wrapper.xsa
TRACE::2022-08-09.15:36:18::SCWPlatform::DSA given D:/WorkRaduV/Projects/Tests/ReleaseDummyWS/system_wrapper/hw/system_wrapper.xsa
TRACE::2022-08-09.15:36:18::SCWPlatform::DSA absoulate path D:/WorkRaduV/Projects/Tests/ReleaseDummyWS/system_wrapper/hw/system_wrapper.xsa
TRACE::2022-08-09.15:36:18::SCWPlatform::DSA directory D:/WorkRaduV/Projects/Tests/ReleaseDummyWS/system_wrapper/hw
TRACE::2022-08-09.15:36:18::SCWPlatform:: Platform Path D:/WorkRaduV/Projects/Tests/ReleaseDummyWS/system_wrapper/hw/system_wrapper.xsa
TRACE::2022-08-09.15:36:18::SCWPlatform:: Unique name xilinx:zybo-z7-20::0.0
TRACE::2022-08-09.15:36:18::SCWPlatform::Trying to set the existing hwdb with name system_wrapper
TRACE::2022-08-09.15:36:18::SCWPlatform::Opened existing hwdb system_wrapper
TRACE::2022-08-09.15:36:18::SCWPlatform::Found the Hw Db part of the input DSA
TRACE::2022-08-09.15:36:18::SCWMssOS::Checking the sw design at  D:/WorkRaduV/Projects/Tests/ReleaseDummyWS/system_wrapper/ps7_cortexa9_0/domain_ps7_cortexa9_0/bsp/system.mss
TRACE::2022-08-09.15:36:18::SCWMssOS::DEBUG:  swdes dump  
TRACE::2022-08-09.15:36:18::SCWMssOS::No sw design opened at  D:/WorkRaduV/Projects/Tests/ReleaseDummyWS/system_wrapper/ps7_cortexa9_0/domain_ps7_cortexa9_0/bsp/system.mss
TRACE::2022-08-09.15:36:18::SCWMssOS::mss exists loading the mss file  D:/WorkRaduV/Projects/Tests/ReleaseDummyWS/system_wrapper/ps7_cortexa9_0/domain_ps7_cortexa9_0/bsp/system.mss
TRACE::2022-08-09.15:36:18::SCWMssOS::Opened the sw design from mss  D:/WorkRaduV/Projects/Tests/ReleaseDummyWS/system_wrapper/ps7_cortexa9_0/domain_ps7_cortexa9_0/bsp/system.mss
TRACE::2022-08-09.15:36:18::SCWMssOS::Adding the swdes entry D:/WorkRaduV/Projects/Tests/ReleaseDummyWS/system_wrapper/ps7_cortexa9_0/domain_ps7_cortexa9_0/bsp/system.mss with des name system
TRACE::2022-08-09.15:36:18::SCWMssOS::updating the scw layer about changes
TRACE::2022-08-09.15:36:18::SCWMssOS::Opened the sw design.  D:/WorkRaduV/Projects/Tests/ReleaseDummyWS/system_wrapper/ps7_cortexa9_0/domain_ps7_cortexa9_0/bsp/system.mss
TRACE::2022-08-09.15:36:18::SCWMssOS::Saving the mss changes D:/WorkRaduV/Projects/Tests/ReleaseDummyWS/system_wrapper/ps7_cortexa9_0/domain_ps7_cortexa9_0/bsp/system.mss
TRACE::2022-08-09.15:36:18::SCWMssOS::Found a swdesign opened with the mssfile.
TRACE::2022-08-09.15:36:18::SCWMssOS::Completed writemss as part of save.
TRACE::2022-08-09.15:36:18::SCWMssOS::Commit changes completed.
TRACE::2022-08-09.15:36:18::SCWReader::Adding prebuilt librarypaths as   
TRACE::2022-08-09.15:36:18::SCWReader::Adding prebuilt incpaths  as   
TRACE::2022-08-09.15:36:18::SCWPlatform::Trying to open the hw design at D:/WorkRaduV/Projects/Tests/ReleaseDummyWS/system_wrapper/hw/system_wrapper.xsa
TRACE::2022-08-09.15:36:18::SCWPlatform::DSA given D:/WorkRaduV/Projects/Tests/ReleaseDummyWS/system_wrapper/hw/system_wrapper.xsa
TRACE::2022-08-09.15:36:18::SCWPlatform::DSA absoulate path D:/WorkRaduV/Projects/Tests/ReleaseDummyWS/system_wrapper/hw/system_wrapper.xsa
TRACE::2022-08-09.15:36:18::SCWPlatform::DSA directory D:/WorkRaduV/Projects/Tests/ReleaseDummyWS/system_wrapper/hw
TRACE::2022-08-09.15:36:18::SCWPlatform:: Platform Path D:/WorkRaduV/Projects/Tests/ReleaseDummyWS/system_wrapper/hw/system_wrapper.xsa
TRACE::2022-08-09.15:36:18::SCWPlatform:: Unique name xilinx:zybo-z7-20::0.0
TRACE::2022-08-09.15:36:18::SCWPlatform::Trying to set the existing hwdb with name system_wrapper
TRACE::2022-08-09.15:36:18::SCWPlatform::Opened existing hwdb system_wrapper
TRACE::2022-08-09.15:36:18::SCWPlatform::Found the Hw Db part of the input DSA
TRACE::2022-08-09.15:36:18::SCWMssOS::Checking the sw design at  D:/WorkRaduV/Projects/Tests/ReleaseDummyWS/system_wrapper/ps7_cortexa9_0/domain_ps7_cortexa9_0/bsp/system.mss
TRACE::2022-08-09.15:36:18::SCWMssOS::DEBUG:  swdes dump  D:/WorkRaduV/Projects/Tests/ReleaseDummyWS/system_wrapper/ps7_cortexa9_0/domain_ps7_cortexa9_0/bsp/system.mss|system||

TRACE::2022-08-09.15:36:18::SCWMssOS::Sw design exists and opened at  D:/WorkRaduV/Projects/Tests/ReleaseDummyWS/system_wrapper/ps7_cortexa9_0/domain_ps7_cortexa9_0/bsp/system.mss
TRACE::2022-08-09.15:36:18::SCWReader::No isolation master present  
TRACE::2022-08-09.15:36:18::SCWDomain::checking for install qemu data   : 
TRACE::2022-08-09.15:36:18::SCWDomain:: Using the QEMU Data from install at  : C:/Xilinx/Vitis/2021.1/data/emulation/platforms/zynq/sw/a9_standalone/qemu/
TRACE::2022-08-09.15:36:18::SCWDomain:: Using the QEMU args  from install at  : C:/Xilinx/Vitis/2021.1/data/emulation/platforms/zynq/sw/a9_standalone/qemu/qemu_args.txt
TRACE::2022-08-09.15:36:18::SCWPlatform::Trying to open the hw design at D:/WorkRaduV/Projects/Tests/ReleaseDummyWS/system_wrapper/hw/system_wrapper.xsa
TRACE::2022-08-09.15:36:18::SCWPlatform::DSA given D:/WorkRaduV/Projects/Tests/ReleaseDummyWS/system_wrapper/hw/system_wrapper.xsa
TRACE::2022-08-09.15:36:18::SCWPlatform::DSA absoulate path D:/WorkRaduV/Projects/Tests/ReleaseDummyWS/system_wrapper/hw/system_wrapper.xsa
TRACE::2022-08-09.15:36:18::SCWPlatform::DSA directory D:/WorkRaduV/Projects/Tests/ReleaseDummyWS/system_wrapper/hw
TRACE::2022-08-09.15:36:18::SCWPlatform:: Platform Path D:/WorkRaduV/Projects/Tests/ReleaseDummyWS/system_wrapper/hw/system_wrapper.xsa
TRACE::2022-08-09.15:36:18::SCWPlatform:: Unique name xilinx:zybo-z7-20::0.0
TRACE::2022-08-09.15:36:18::SCWPlatform::Trying to set the existing hwdb with name system_wrapper
TRACE::2022-08-09.15:36:18::SCWPlatform::Opened existing hwdb system_wrapper
TRACE::2022-08-09.15:36:18::SCWPlatform::Found the Hw Db part of the input DSA
TRACE::2022-08-09.15:36:18::SCWPlatform::Trying to open the hw design at D:/WorkRaduV/Projects/Tests/ReleaseDummyWS/system_wrapper/hw/system_wrapper.xsa
TRACE::2022-08-09.15:36:18::SCWPlatform::DSA given D:/WorkRaduV/Projects/Tests/ReleaseDummyWS/system_wrapper/hw/system_wrapper.xsa
TRACE::2022-08-09.15:36:18::SCWPlatform::DSA absoulate path D:/WorkRaduV/Projects/Tests/ReleaseDummyWS/system_wrapper/hw/system_wrapper.xsa
TRACE::2022-08-09.15:36:18::SCWPlatform::DSA directory D:/WorkRaduV/Projects/Tests/ReleaseDummyWS/system_wrapper/hw
TRACE::2022-08-09.15:36:18::SCWPlatform:: Platform Path D:/WorkRaduV/Projects/Tests/ReleaseDummyWS/system_wrapper/hw/system_wrapper.xsa
TRACE::2022-08-09.15:36:18::SCWPlatform:: Unique name xilinx:zybo-z7-20::0.0
TRACE::2022-08-09.15:36:18::SCWPlatform::Trying to set the existing hwdb with name system_wrapper
TRACE::2022-08-09.15:36:18::SCWPlatform::Opened existing hwdb system_wrapper
TRACE::2022-08-09.15:36:18::SCWPlatform::Found the Hw Db part of the input DSA
TRACE::2022-08-09.15:36:18::SCWReader::Boot application domain added for zynq_fsbl
TRACE::2022-08-09.15:36:18::SCWPlatform::Trying to open the hw design at D:/WorkRaduV/Projects/Tests/ReleaseDummyWS/system_wrapper/hw/system_wrapper.xsa
TRACE::2022-08-09.15:36:18::SCWPlatform::DSA given D:/WorkRaduV/Projects/Tests/ReleaseDummyWS/system_wrapper/hw/system_wrapper.xsa
TRACE::2022-08-09.15:36:18::SCWPlatform::DSA absoulate path D:/WorkRaduV/Projects/Tests/ReleaseDummyWS/system_wrapper/hw/system_wrapper.xsa
TRACE::2022-08-09.15:36:18::SCWPlatform::DSA directory D:/WorkRaduV/Projects/Tests/ReleaseDummyWS/system_wrapper/hw
TRACE::2022-08-09.15:36:18::SCWPlatform:: Platform Path D:/WorkRaduV/Projects/Tests/ReleaseDummyWS/system_wrapper/hw/system_wrapper.xsa
TRACE::2022-08-09.15:36:18::SCWPlatform:: Unique name xilinx:zybo-z7-20::0.0
TRACE::2022-08-09.15:36:18::SCWPlatform::Trying to set the existing hwdb with name system_wrapper
TRACE::2022-08-09.15:36:18::SCWPlatform::Opened existing hwdb system_wrapper
TRACE::2022-08-09.15:36:18::SCWPlatform::Found the Hw Db part of the input DSA
TRACE::2022-08-09.15:36:18::SCWMssOS::Checking the sw design at  D:/WorkRaduV/Projects/Tests/ReleaseDummyWS/system_wrapper/zynq_fsbl/zynq_fsbl_bsp/system.mss
TRACE::2022-08-09.15:36:18::SCWMssOS::DEBUG:  swdes dump  D:/WorkRaduV/Projects/Tests/ReleaseDummyWS/system_wrapper/ps7_cortexa9_0/domain_ps7_cortexa9_0/bsp/system.mss|system||

TRACE::2022-08-09.15:36:18::SCWMssOS::No sw design opened at  D:/WorkRaduV/Projects/Tests/ReleaseDummyWS/system_wrapper/zynq_fsbl/zynq_fsbl_bsp/system.mss
TRACE::2022-08-09.15:36:18::SCWMssOS::mss exists loading the mss file  D:/WorkRaduV/Projects/Tests/ReleaseDummyWS/system_wrapper/zynq_fsbl/zynq_fsbl_bsp/system.mss
TRACE::2022-08-09.15:36:18::SCWMssOS::Opened the sw design from mss  D:/WorkRaduV/Projects/Tests/ReleaseDummyWS/system_wrapper/zynq_fsbl/zynq_fsbl_bsp/system.mss
TRACE::2022-08-09.15:36:18::SCWMssOS::Adding the swdes entry D:/WorkRaduV/Projects/Tests/ReleaseDummyWS/system_wrapper/zynq_fsbl/zynq_fsbl_bsp/system.mss with des name system_0
TRACE::2022-08-09.15:36:18::SCWMssOS::updating the scw layer about changes
TRACE::2022-08-09.15:36:18::SCWMssOS::Opened the sw design.  D:/WorkRaduV/Projects/Tests/ReleaseDummyWS/system_wrapper/zynq_fsbl/zynq_fsbl_bsp/system.mss
TRACE::2022-08-09.15:36:18::SCWPlatform::Trying to open the hw design at D:/WorkRaduV/Projects/Tests/ReleaseDummyWS/system_wrapper/hw/system_wrapper.xsa
TRACE::2022-08-09.15:36:18::SCWPlatform::DSA given D:/WorkRaduV/Projects/Tests/ReleaseDummyWS/system_wrapper/hw/system_wrapper.xsa
TRACE::2022-08-09.15:36:18::SCWPlatform::DSA absoulate path D:/WorkRaduV/Projects/Tests/ReleaseDummyWS/system_wrapper/hw/system_wrapper.xsa
TRACE::2022-08-09.15:36:18::SCWPlatform::DSA directory D:/WorkRaduV/Projects/Tests/ReleaseDummyWS/system_wrapper/hw
TRACE::2022-08-09.15:36:18::SCWPlatform:: Platform Path D:/WorkRaduV/Projects/Tests/ReleaseDummyWS/system_wrapper/hw/system_wrapper.xsa
TRACE::2022-08-09.15:36:18::SCWPlatform:: Unique name xilinx:zybo-z7-20::0.0
TRACE::2022-08-09.15:36:18::SCWPlatform::Trying to set the existing hwdb with name system_wrapper
TRACE::2022-08-09.15:36:18::SCWPlatform::Opened existing hwdb system_wrapper
TRACE::2022-08-09.15:36:18::SCWPlatform::Found the Hw Db part of the input DSA
TRACE::2022-08-09.15:36:18::SCWMssOS::Checking the sw design at  D:/WorkRaduV/Projects/Tests/ReleaseDummyWS/system_wrapper/zynq_fsbl/zynq_fsbl_bsp/system.mss
TRACE::2022-08-09.15:36:18::SCWMssOS::DEBUG:  swdes dump  D:/WorkRaduV/Projects/Tests/ReleaseDummyWS/system_wrapper/ps7_cortexa9_0/domain_ps7_cortexa9_0/bsp/system.mss|system||
D:/WorkRaduV/Projects/Tests/ReleaseDummyWS/system_wrapper/zynq_fsbl/zynq_fsbl_bsp/system.mss|system_0||

TRACE::2022-08-09.15:36:18::SCWMssOS::Sw design exists and opened at  D:/WorkRaduV/Projects/Tests/ReleaseDummyWS/system_wrapper/zynq_fsbl/zynq_fsbl_bsp/system.mss
TRACE::2022-08-09.15:36:18::SCWMssOS:: library already available in sw design:  xilffs:4.5
TRACE::2022-08-09.15:36:18::SCWPlatform::Trying to open the hw design at D:/WorkRaduV/Projects/Tests/ReleaseDummyWS/system_wrapper/hw/system_wrapper.xsa
TRACE::2022-08-09.15:36:18::SCWPlatform::DSA given D:/WorkRaduV/Projects/Tests/ReleaseDummyWS/system_wrapper/hw/system_wrapper.xsa
TRACE::2022-08-09.15:36:18::SCWPlatform::DSA absoulate path D:/WorkRaduV/Projects/Tests/ReleaseDummyWS/system_wrapper/hw/system_wrapper.xsa
TRACE::2022-08-09.15:36:18::SCWPlatform::DSA directory D:/WorkRaduV/Projects/Tests/ReleaseDummyWS/system_wrapper/hw
TRACE::2022-08-09.15:36:18::SCWPlatform:: Platform Path D:/WorkRaduV/Projects/Tests/ReleaseDummyWS/system_wrapper/hw/system_wrapper.xsa
TRACE::2022-08-09.15:36:18::SCWPlatform:: Unique name xilinx:zybo-z7-20::0.0
TRACE::2022-08-09.15:36:18::SCWPlatform::Trying to set the existing hwdb with name system_wrapper
TRACE::2022-08-09.15:36:18::SCWPlatform::Opened existing hwdb system_wrapper
TRACE::2022-08-09.15:36:18::SCWPlatform::Found the Hw Db part of the input DSA
TRACE::2022-08-09.15:36:18::SCWMssOS::Checking the sw design at  D:/WorkRaduV/Projects/Tests/ReleaseDummyWS/system_wrapper/zynq_fsbl/zynq_fsbl_bsp/system.mss
TRACE::2022-08-09.15:36:18::SCWMssOS::DEBUG:  swdes dump  D:/WorkRaduV/Projects/Tests/ReleaseDummyWS/system_wrapper/ps7_cortexa9_0/domain_ps7_cortexa9_0/bsp/system.mss|system||
D:/WorkRaduV/Projects/Tests/ReleaseDummyWS/system_wrapper/zynq_fsbl/zynq_fsbl_bsp/system.mss|system_0||

TRACE::2022-08-09.15:36:18::SCWMssOS::Sw design exists and opened at  D:/WorkRaduV/Projects/Tests/ReleaseDummyWS/system_wrapper/zynq_fsbl/zynq_fsbl_bsp/system.mss
TRACE::2022-08-09.15:36:18::SCWMssOS:: library already available in sw design:  xilrsa:1.6
TRACE::2022-08-09.15:36:18::SCWPlatform::Trying to open the hw design at D:/WorkRaduV/Projects/Tests/ReleaseDummyWS/system_wrapper/hw/system_wrapper.xsa
TRACE::2022-08-09.15:36:18::SCWPlatform::DSA given D:/WorkRaduV/Projects/Tests/ReleaseDummyWS/system_wrapper/hw/system_wrapper.xsa
TRACE::2022-08-09.15:36:18::SCWPlatform::DSA absoulate path D:/WorkRaduV/Projects/Tests/ReleaseDummyWS/system_wrapper/hw/system_wrapper.xsa
TRACE::2022-08-09.15:36:18::SCWPlatform::DSA directory D:/WorkRaduV/Projects/Tests/ReleaseDummyWS/system_wrapper/hw
TRACE::2022-08-09.15:36:18::SCWPlatform:: Platform Path D:/WorkRaduV/Projects/Tests/ReleaseDummyWS/system_wrapper/hw/system_wrapper.xsa
TRACE::2022-08-09.15:36:18::SCWPlatform:: Unique name xilinx:zybo-z7-20::0.0
TRACE::2022-08-09.15:36:18::SCWPlatform::Trying to set the existing hwdb with name system_wrapper
TRACE::2022-08-09.15:36:18::SCWPlatform::Opened existing hwdb system_wrapper
TRACE::2022-08-09.15:36:18::SCWPlatform::Found the Hw Db part of the input DSA
TRACE::2022-08-09.15:36:18::SCWMssOS::Checking the sw design at  D:/WorkRaduV/Projects/Tests/ReleaseDummyWS/system_wrapper/zynq_fsbl/zynq_fsbl_bsp/system.mss
TRACE::2022-08-09.15:36:18::SCWMssOS::DEBUG:  swdes dump  D:/WorkRaduV/Projects/Tests/ReleaseDummyWS/system_wrapper/ps7_cortexa9_0/domain_ps7_cortexa9_0/bsp/system.mss|system||
D:/WorkRaduV/Projects/Tests/ReleaseDummyWS/system_wrapper/zynq_fsbl/zynq_fsbl_bsp/system.mss|system_0||

TRACE::2022-08-09.15:36:18::SCWMssOS::Sw design exists and opened at  D:/WorkRaduV/Projects/Tests/ReleaseDummyWS/system_wrapper/zynq_fsbl/zynq_fsbl_bsp/system.mss
TRACE::2022-08-09.15:36:18::SCWPlatform::Trying to open the hw design at D:/WorkRaduV/Projects/Tests/ReleaseDummyWS/system_wrapper/hw/system_wrapper.xsa
TRACE::2022-08-09.15:36:18::SCWPlatform::DSA given D:/WorkRaduV/Projects/Tests/ReleaseDummyWS/system_wrapper/hw/system_wrapper.xsa
TRACE::2022-08-09.15:36:18::SCWPlatform::DSA absoulate path D:/WorkRaduV/Projects/Tests/ReleaseDummyWS/system_wrapper/hw/system_wrapper.xsa
TRACE::2022-08-09.15:36:18::SCWPlatform::DSA directory D:/WorkRaduV/Projects/Tests/ReleaseDummyWS/system_wrapper/hw
TRACE::2022-08-09.15:36:18::SCWPlatform:: Platform Path D:/WorkRaduV/Projects/Tests/ReleaseDummyWS/system_wrapper/hw/system_wrapper.xsa
TRACE::2022-08-09.15:36:18::SCWPlatform:: Unique name xilinx:zybo-z7-20::0.0
TRACE::2022-08-09.15:36:18::SCWPlatform::Trying to set the existing hwdb with name system_wrapper
TRACE::2022-08-09.15:36:18::SCWPlatform::Opened existing hwdb system_wrapper
TRACE::2022-08-09.15:36:18::SCWPlatform::Found the Hw Db part of the input DSA
TRACE::2022-08-09.15:36:18::SCWMssOS::Checking the sw design at  D:/WorkRaduV/Projects/Tests/ReleaseDummyWS/system_wrapper/zynq_fsbl/zynq_fsbl_bsp/system.mss
TRACE::2022-08-09.15:36:18::SCWMssOS::DEBUG:  swdes dump  D:/WorkRaduV/Projects/Tests/ReleaseDummyWS/system_wrapper/ps7_cortexa9_0/domain_ps7_cortexa9_0/bsp/system.mss|system||
D:/WorkRaduV/Projects/Tests/ReleaseDummyWS/system_wrapper/zynq_fsbl/zynq_fsbl_bsp/system.mss|system_0||

TRACE::2022-08-09.15:36:18::SCWMssOS::Sw design exists and opened at  D:/WorkRaduV/Projects/Tests/ReleaseDummyWS/system_wrapper/zynq_fsbl/zynq_fsbl_bsp/system.mss
TRACE::2022-08-09.15:36:18::SCWMssOS::Saving the mss changes D:/WorkRaduV/Projects/Tests/ReleaseDummyWS/system_wrapper/zynq_fsbl/zynq_fsbl_bsp/system.mss
TRACE::2022-08-09.15:36:18::SCWMssOS::Found a swdesign opened with the mssfile.
TRACE::2022-08-09.15:36:18::SCWMssOS::Completed writemss as part of save.
TRACE::2022-08-09.15:36:18::SCWMssOS::Commit changes completed.
TRACE::2022-08-09.15:36:18::SCWReader::Adding prebuilt librarypaths as   
TRACE::2022-08-09.15:36:18::SCWReader::Adding prebuilt incpaths  as   
TRACE::2022-08-09.15:36:18::SCWPlatform::Trying to open the hw design at D:/WorkRaduV/Projects/Tests/ReleaseDummyWS/system_wrapper/hw/system_wrapper.xsa
TRACE::2022-08-09.15:36:18::SCWPlatform::DSA given D:/WorkRaduV/Projects/Tests/ReleaseDummyWS/system_wrapper/hw/system_wrapper.xsa
TRACE::2022-08-09.15:36:18::SCWPlatform::DSA absoulate path D:/WorkRaduV/Projects/Tests/ReleaseDummyWS/system_wrapper/hw/system_wrapper.xsa
TRACE::2022-08-09.15:36:18::SCWPlatform::DSA directory D:/WorkRaduV/Projects/Tests/ReleaseDummyWS/system_wrapper/hw
TRACE::2022-08-09.15:36:18::SCWPlatform:: Platform Path D:/WorkRaduV/Projects/Tests/ReleaseDummyWS/system_wrapper/hw/system_wrapper.xsa
TRACE::2022-08-09.15:36:18::SCWPlatform:: Unique name xilinx:zybo-z7-20::0.0
TRACE::2022-08-09.15:36:18::SCWPlatform::Trying to set the existing hwdb with name system_wrapper
TRACE::2022-08-09.15:36:18::SCWPlatform::Opened existing hwdb system_wrapper
TRACE::2022-08-09.15:36:18::SCWPlatform::Found the Hw Db part of the input DSA
TRACE::2022-08-09.15:36:18::SCWMssOS::Checking the sw design at  D:/WorkRaduV/Projects/Tests/ReleaseDummyWS/system_wrapper/zynq_fsbl/zynq_fsbl_bsp/system.mss
TRACE::2022-08-09.15:36:18::SCWMssOS::DEBUG:  swdes dump  D:/WorkRaduV/Projects/Tests/ReleaseDummyWS/system_wrapper/ps7_cortexa9_0/domain_ps7_cortexa9_0/bsp/system.mss|system||
D:/WorkRaduV/Projects/Tests/ReleaseDummyWS/system_wrapper/zynq_fsbl/zynq_fsbl_bsp/system.mss|system_0||

TRACE::2022-08-09.15:36:18::SCWMssOS::Sw design exists and opened at  D:/WorkRaduV/Projects/Tests/ReleaseDummyWS/system_wrapper/zynq_fsbl/zynq_fsbl_bsp/system.mss
TRACE::2022-08-09.15:36:18::SCWReader::No isolation master present  
LOG::2022-08-09.15:36:18::SCWPlatform::Started generating the artifacts platform system_wrapper
TRACE::2022-08-09.15:36:18::SCWPlatform::Sanity checking of platform is completed
LOG::2022-08-09.15:36:18::SCWPlatform::Started generating the artifacts for system configuration system_wrapper
LOG::2022-08-09.15:36:18::SCWSystem::Checking the domain domain_ps7_cortexa9_0
LOG::2022-08-09.15:36:18::SCWSystem::Not a boot domain 
LOG::2022-08-09.15:36:18::SCWSystem::Checking the domain zynq_fsbl
LOG::2022-08-09.15:36:18::SCWSystem::Doing application build for :  zynq_fsbl
TRACE::2022-08-09.15:36:18::SCWBDomain::Not a forced makefile updation, No changes are present. 
TRACE::2022-08-09.15:36:18::SCWDomain::Building the domain as part of full build :  zynq_fsbl
TRACE::2022-08-09.15:36:18::SCWPlatform::Trying to open the hw design at D:/WorkRaduV/Projects/Tests/ReleaseDummyWS/system_wrapper/hw/system_wrapper.xsa
TRACE::2022-08-09.15:36:18::SCWPlatform::DSA given D:/WorkRaduV/Projects/Tests/ReleaseDummyWS/system_wrapper/hw/system_wrapper.xsa
TRACE::2022-08-09.15:36:18::SCWPlatform::DSA absoulate path D:/WorkRaduV/Projects/Tests/ReleaseDummyWS/system_wrapper/hw/system_wrapper.xsa
TRACE::2022-08-09.15:36:18::SCWPlatform::DSA directory D:/WorkRaduV/Projects/Tests/ReleaseDummyWS/system_wrapper/hw
TRACE::2022-08-09.15:36:18::SCWPlatform:: Platform Path D:/WorkRaduV/Projects/Tests/ReleaseDummyWS/system_wrapper/hw/system_wrapper.xsa
TRACE::2022-08-09.15:36:18::SCWPlatform:: Unique name xilinx:zybo-z7-20::0.0
TRACE::2022-08-09.15:36:18::SCWPlatform::Trying to set the existing hwdb with name system_wrapper
TRACE::2022-08-09.15:36:18::SCWPlatform::Opened existing hwdb system_wrapper
TRACE::2022-08-09.15:36:18::SCWPlatform::Found the Hw Db part of the input DSA
TRACE::2022-08-09.15:36:18::SCWMssOS::Checking the sw design at  D:/WorkRaduV/Projects/Tests/ReleaseDummyWS/system_wrapper/zynq_fsbl/zynq_fsbl_bsp/system.mss
TRACE::2022-08-09.15:36:18::SCWMssOS::DEBUG:  swdes dump  D:/WorkRaduV/Projects/Tests/ReleaseDummyWS/system_wrapper/ps7_cortexa9_0/domain_ps7_cortexa9_0/bsp/system.mss|system||
D:/WorkRaduV/Projects/Tests/ReleaseDummyWS/system_wrapper/zynq_fsbl/zynq_fsbl_bsp/system.mss|system_0||

TRACE::2022-08-09.15:36:18::SCWMssOS::Sw design exists and opened at  D:/WorkRaduV/Projects/Tests/ReleaseDummyWS/system_wrapper/zynq_fsbl/zynq_fsbl_bsp/system.mss
TRACE::2022-08-09.15:36:18::SCWBDomain::Completed writing the mss file at D:/WorkRaduV/Projects/Tests/ReleaseDummyWS/system_wrapper/zynq_fsbl/zynq_fsbl_bsp
TRACE::2022-08-09.15:36:18::SCWBDomain::bsp generated is upto date with the mss file. Skipping bsp generation.
TRACE::2022-08-09.15:36:18::SCWBDomain::Not a forced makefile updation, No changes are present. 
TRACE::2022-08-09.15:36:18::SCWBDomain::System Command Ran  D:&  cd  D:/WorkRaduV/Projects/Tests/ReleaseDummyWS/system_wrapper/zynq_fsbl& make -C  zynq_fsbl_bsp & make 
TRACE::2022-08-09.15:36:18::SCWBDomain::make: Entering directory 'D:/WorkRaduV/Projects/Tests/ReleaseDummyWS/system_wrapper/zynq_fsbl/zynq_fsbl_bsp'

TRACE::2022-08-09.15:36:18::SCWBDomain::make --no-print-directory seq_libs

TRACE::2022-08-09.15:36:18::SCWBDomain::"Running Make include in ps7_cortexa9_0/libsrc/axivdma_v6_9/src"

TRACE::2022-08-09.15:36:18::SCWBDomain::make -C ps7_cortexa9_0/libsrc/axivdma_v6_9/src -s include  "SHELL=CMD" "COMPILER=arm-none-eabi-gcc" "ASSEMBLER=arm-none-eabi-as
TRACE::2022-08-09.15:36:18::SCWBDomain::" "ARCHIVER=arm-none-eabi-ar" "COMPILER_FLAGS=  -O2 -c" "EXTRA_COMPILER_FLAGS=-mcpu=cortex-a9 -mfpu=vfpv3 -mfloat-abi=hard -nos
TRACE::2022-08-09.15:36:18::SCWBDomain::tartfiles -g -Wall -Wextra"

TRACE::2022-08-09.15:36:18::SCWBDomain::"Running Make include in ps7_cortexa9_0/libsrc/clk_wiz_v1_4/src"

TRACE::2022-08-09.15:36:18::SCWBDomain::make -C ps7_cortexa9_0/libsrc/clk_wiz_v1_4/src -s include  "SHELL=CMD" "COMPILER=arm-none-eabi-gcc" "ASSEMBLER=arm-none-eabi-as
TRACE::2022-08-09.15:36:18::SCWBDomain::" "ARCHIVER=arm-none-eabi-ar" "COMPILER_FLAGS=  -O2 -c" "EXTRA_COMPILER_FLAGS=-mcpu=cortex-a9 -mfpu=vfpv3 -mfloat-abi=hard -nos
TRACE::2022-08-09.15:36:18::SCWBDomain::tartfiles -g -Wall -Wextra"

TRACE::2022-08-09.15:36:19::SCWBDomain::"Running Make include in ps7_cortexa9_0/libsrc/coresightps_dcc_v1_8/src"

TRACE::2022-08-09.15:36:19::SCWBDomain::make -C ps7_cortexa9_0/libsrc/coresightps_dcc_v1_8/src -s include  "SHELL=CMD" "COMPILER=arm-none-eabi-gcc" "ASSEMBLER=arm-none
TRACE::2022-08-09.15:36:19::SCWBDomain::-eabi-as" "ARCHIVER=arm-none-eabi-ar" "COMPILER_FLAGS=  -O2 -c" "EXTRA_COMPILER_FLAGS=-mcpu=cortex-a9 -mfpu=vfpv3 -mfloat-abi=h
TRACE::2022-08-09.15:36:19::SCWBDomain::ard -nostartfiles -g -Wall -Wextra"

TRACE::2022-08-09.15:36:19::SCWBDomain::"Running Make include in ps7_cortexa9_0/libsrc/cpu_cortexa9_v2_11/src"

TRACE::2022-08-09.15:36:19::SCWBDomain::make -C ps7_cortexa9_0/libsrc/cpu_cortexa9_v2_11/src -s include  "SHELL=CMD" "COMPILER=arm-none-eabi-gcc" "ASSEMBLER=arm-none-e
TRACE::2022-08-09.15:36:19::SCWBDomain::abi-as" "ARCHIVER=arm-none-eabi-ar" "COMPILER_FLAGS=  -O2 -c" "EXTRA_COMPILER_FLAGS=-mcpu=cortex-a9 -mfpu=vfpv3 -mfloat-abi=har
TRACE::2022-08-09.15:36:19::SCWBDomain::d -nostartfiles -g -Wall -Wextra"

TRACE::2022-08-09.15:36:19::SCWBDomain::"Running Make include in ps7_cortexa9_0/libsrc/ddrps_v1_2/src"

TRACE::2022-08-09.15:36:19::SCWBDomain::make -C ps7_cortexa9_0/libsrc/ddrps_v1_2/src -s include  "SHELL=CMD" "COMPILER=arm-none-eabi-gcc" "ASSEMBLER=arm-none-eabi-as" 
TRACE::2022-08-09.15:36:19::SCWBDomain::"ARCHIVER=arm-none-eabi-ar" "COMPILER_FLAGS=  -O2 -c" "EXTRA_COMPILER_FLAGS=-mcpu=cortex-a9 -mfpu=vfpv3 -mfloat-abi=hard -nosta
TRACE::2022-08-09.15:36:19::SCWBDomain::rtfiles -g -Wall -Wextra"

TRACE::2022-08-09.15:36:19::SCWBDomain::"Running Make include in ps7_cortexa9_0/libsrc/devcfg_v3_7/src"

TRACE::2022-08-09.15:36:19::SCWBDomain::make -C ps7_cortexa9_0/libsrc/devcfg_v3_7/src -s include  "SHELL=CMD" "COMPILER=arm-none-eabi-gcc" "ASSEMBLER=arm-none-eabi-as"
TRACE::2022-08-09.15:36:19::SCWBDomain:: "ARCHIVER=arm-none-eabi-ar" "COMPILER_FLAGS=  -O2 -c" "EXTRA_COMPILER_FLAGS=-mcpu=cortex-a9 -mfpu=vfpv3 -mfloat-abi=hard -nost
TRACE::2022-08-09.15:36:19::SCWBDomain::artfiles -g -Wall -Wextra"

TRACE::2022-08-09.15:36:19::SCWBDomain::"Running Make include in ps7_cortexa9_0/libsrc/dmaps_v2_8/src"

TRACE::2022-08-09.15:36:19::SCWBDomain::make -C ps7_cortexa9_0/libsrc/dmaps_v2_8/src -s include  "SHELL=CMD" "COMPILER=arm-none-eabi-gcc" "ASSEMBLER=arm-none-eabi-as" 
TRACE::2022-08-09.15:36:19::SCWBDomain::"ARCHIVER=arm-none-eabi-ar" "COMPILER_FLAGS=  -O2 -c" "EXTRA_COMPILER_FLAGS=-mcpu=cortex-a9 -mfpu=vfpv3 -mfloat-abi=hard -nosta
TRACE::2022-08-09.15:36:19::SCWBDomain::rtfiles -g -Wall -Wextra"

TRACE::2022-08-09.15:36:19::SCWBDomain::"Running Make include in ps7_cortexa9_0/libsrc/emacps_v3_14/src"

TRACE::2022-08-09.15:36:19::SCWBDomain::make -C ps7_cortexa9_0/libsrc/emacps_v3_14/src -s include  "SHELL=CMD" "COMPILER=arm-none-eabi-gcc" "ASSEMBLER=arm-none-eabi-as
TRACE::2022-08-09.15:36:19::SCWBDomain::" "ARCHIVER=arm-none-eabi-ar" "COMPILER_FLAGS=  -O2 -c" "EXTRA_COMPILER_FLAGS=-mcpu=cortex-a9 -mfpu=vfpv3 -mfloat-abi=hard -nos
TRACE::2022-08-09.15:36:19::SCWBDomain::tartfiles -g -Wall -Wextra"

TRACE::2022-08-09.15:36:19::SCWBDomain::"Running Make include in ps7_cortexa9_0/libsrc/gpiops_v3_9/src"

TRACE::2022-08-09.15:36:19::SCWBDomain::make -C ps7_cortexa9_0/libsrc/gpiops_v3_9/src -s include  "SHELL=CMD" "COMPILER=arm-none-eabi-gcc" "ASSEMBLER=arm-none-eabi-as"
TRACE::2022-08-09.15:36:19::SCWBDomain:: "ARCHIVER=arm-none-eabi-ar" "COMPILER_FLAGS=  -O2 -c" "EXTRA_COMPILER_FLAGS=-mcpu=cortex-a9 -mfpu=vfpv3 -mfloat-abi=hard -nost
TRACE::2022-08-09.15:36:19::SCWBDomain::artfiles -g -Wall -Wextra"

TRACE::2022-08-09.15:36:19::SCWBDomain::"Running Make include in ps7_cortexa9_0/libsrc/iicps_v3_13/src"

TRACE::2022-08-09.15:36:19::SCWBDomain::make -C ps7_cortexa9_0/libsrc/iicps_v3_13/src -s include  "SHELL=CMD" "COMPILER=arm-none-eabi-gcc" "ASSEMBLER=arm-none-eabi-as"
TRACE::2022-08-09.15:36:19::SCWBDomain:: "ARCHIVER=arm-none-eabi-ar" "COMPILER_FLAGS=  -O2 -c" "EXTRA_COMPILER_FLAGS=-mcpu=cortex-a9 -mfpu=vfpv3 -mfloat-abi=hard -nost
TRACE::2022-08-09.15:36:19::SCWBDomain::artfiles -g -Wall -Wextra"

TRACE::2022-08-09.15:36:19::SCWBDomain::"Running Make include in ps7_cortexa9_0/libsrc/MIPI_CSI_2_RX_v1_0/src"

TRACE::2022-08-09.15:36:19::SCWBDomain::make -C ps7_cortexa9_0/libsrc/MIPI_CSI_2_RX_v1_0/src -s include  "SHELL=CMD" "COMPILER=arm-none-eabi-gcc" "ASSEMBLER=arm-none-e
TRACE::2022-08-09.15:36:19::SCWBDomain::abi-as" "ARCHIVER=arm-none-eabi-ar" "COMPILER_FLAGS=  -O2 -c" "EXTRA_COMPILER_FLAGS=-mcpu=cortex-a9 -mfpu=vfpv3 -mfloat-abi=har
TRACE::2022-08-09.15:36:19::SCWBDomain::d -nostartfiles -g -Wall -Wextra"

TRACE::2022-08-09.15:36:19::SCWBDomain::"Running Make include in ps7_cortexa9_0/libsrc/MIPI_D_PHY_RX_v1_0/src"

TRACE::2022-08-09.15:36:19::SCWBDomain::make -C ps7_cortexa9_0/libsrc/MIPI_D_PHY_RX_v1_0/src -s include  "SHELL=CMD" "COMPILER=arm-none-eabi-gcc" "ASSEMBLER=arm-none-e
TRACE::2022-08-09.15:36:19::SCWBDomain::abi-as" "ARCHIVER=arm-none-eabi-ar" "COMPILER_FLAGS=  -O2 -c" "EXTRA_COMPILER_FLAGS=-mcpu=cortex-a9 -mfpu=vfpv3 -mfloat-abi=har
TRACE::2022-08-09.15:36:19::SCWBDomain::d -nostartfiles -g -Wall -Wextra"

TRACE::2022-08-09.15:36:20::SCWBDomain::"Running Make include in ps7_cortexa9_0/libsrc/qspips_v3_9/src"

TRACE::2022-08-09.15:36:20::SCWBDomain::make -C ps7_cortexa9_0/libsrc/qspips_v3_9/src -s include  "SHELL=CMD" "COMPILER=arm-none-eabi-gcc" "ASSEMBLER=arm-none-eabi-as"
TRACE::2022-08-09.15:36:20::SCWBDomain:: "ARCHIVER=arm-none-eabi-ar" "COMPILER_FLAGS=  -O2 -c" "EXTRA_COMPILER_FLAGS=-mcpu=cortex-a9 -mfpu=vfpv3 -mfloat-abi=hard -nost
TRACE::2022-08-09.15:36:20::SCWBDomain::artfiles -g -Wall -Wextra"

TRACE::2022-08-09.15:36:20::SCWBDomain::"Running Make include in ps7_cortexa9_0/libsrc/scugic_v4_5/src"

TRACE::2022-08-09.15:36:20::SCWBDomain::make -C ps7_cortexa9_0/libsrc/scugic_v4_5/src -s include  "SHELL=CMD" "COMPILER=arm-none-eabi-gcc" "ASSEMBLER=arm-none-eabi-as"
TRACE::2022-08-09.15:36:20::SCWBDomain:: "ARCHIVER=arm-none-eabi-ar" "COMPILER_FLAGS=  -O2 -c" "EXTRA_COMPILER_FLAGS=-mcpu=cortex-a9 -mfpu=vfpv3 -mfloat-abi=hard -nost
TRACE::2022-08-09.15:36:20::SCWBDomain::artfiles -g -Wall -Wextra"

TRACE::2022-08-09.15:36:20::SCWBDomain::"Running Make include in ps7_cortexa9_0/libsrc/scutimer_v2_3/src"

TRACE::2022-08-09.15:36:20::SCWBDomain::make -C ps7_cortexa9_0/libsrc/scutimer_v2_3/src -s include  "SHELL=CMD" "COMPILER=arm-none-eabi-gcc" "ASSEMBLER=arm-none-eabi-a
TRACE::2022-08-09.15:36:20::SCWBDomain::s" "ARCHIVER=arm-none-eabi-ar" "COMPILER_FLAGS=  -O2 -c" "EXTRA_COMPILER_FLAGS=-mcpu=cortex-a9 -mfpu=vfpv3 -mfloat-abi=hard -no
TRACE::2022-08-09.15:36:20::SCWBDomain::startfiles -g -Wall -Wextra"

TRACE::2022-08-09.15:36:20::SCWBDomain::"Running Make include in ps7_cortexa9_0/libsrc/scuwdt_v2_4/src"

TRACE::2022-08-09.15:36:20::SCWBDomain::make -C ps7_cortexa9_0/libsrc/scuwdt_v2_4/src -s include  "SHELL=CMD" "COMPILER=arm-none-eabi-gcc" "ASSEMBLER=arm-none-eabi-as"
TRACE::2022-08-09.15:36:20::SCWBDomain:: "ARCHIVER=arm-none-eabi-ar" "COMPILER_FLAGS=  -O2 -c" "EXTRA_COMPILER_FLAGS=-mcpu=cortex-a9 -mfpu=vfpv3 -mfloat-abi=hard -nost
TRACE::2022-08-09.15:36:20::SCWBDomain::artfiles -g -Wall -Wextra"

TRACE::2022-08-09.15:36:20::SCWBDomain::"Running Make include in ps7_cortexa9_0/libsrc/sdps_v3_12/src"

TRACE::2022-08-09.15:36:20::SCWBDomain::make -C ps7_cortexa9_0/libsrc/sdps_v3_12/src -s include  "SHELL=CMD" "COMPILER=arm-none-eabi-gcc" "ASSEMBLER=arm-none-eabi-as" 
TRACE::2022-08-09.15:36:20::SCWBDomain::"ARCHIVER=arm-none-eabi-ar" "COMPILER_FLAGS=  -O2 -c" "EXTRA_COMPILER_FLAGS=-mcpu=cortex-a9 -mfpu=vfpv3 -mfloat-abi=hard -nosta
TRACE::2022-08-09.15:36:20::SCWBDomain::rtfiles -g -Wall -Wextra"

TRACE::2022-08-09.15:36:20::SCWBDomain::"Running Make include in ps7_cortexa9_0/libsrc/standalone_v7_5/src"

TRACE::2022-08-09.15:36:20::SCWBDomain::make -C ps7_cortexa9_0/libsrc/standalone_v7_5/src -s include  "SHELL=CMD" "COMPILER=arm-none-eabi-gcc" "ASSEMBLER=arm-none-eabi
TRACE::2022-08-09.15:36:20::SCWBDomain::-as" "ARCHIVER=arm-none-eabi-ar" "COMPILER_FLAGS=  -O2 -c" "EXTRA_COMPILER_FLAGS=-mcpu=cortex-a9 -mfpu=vfpv3 -mfloat-abi=hard -
TRACE::2022-08-09.15:36:20::SCWBDomain::nostartfiles -g -Wall -Wextra"

TRACE::2022-08-09.15:36:21::SCWBDomain::"Running Make include in ps7_cortexa9_0/libsrc/uartps_v3_11/src"

TRACE::2022-08-09.15:36:21::SCWBDomain::make -C ps7_cortexa9_0/libsrc/uartps_v3_11/src -s include  "SHELL=CMD" "COMPILER=arm-none-eabi-gcc" "ASSEMBLER=arm-none-eabi-as
TRACE::2022-08-09.15:36:21::SCWBDomain::" "ARCHIVER=arm-none-eabi-ar" "COMPILER_FLAGS=  -O2 -c" "EXTRA_COMPILER_FLAGS=-mcpu=cortex-a9 -mfpu=vfpv3 -mfloat-abi=hard -nos
TRACE::2022-08-09.15:36:21::SCWBDomain::tartfiles -g -Wall -Wextra"

TRACE::2022-08-09.15:36:21::SCWBDomain::"Running Make include in ps7_cortexa9_0/libsrc/usbps_v2_7/src"

TRACE::2022-08-09.15:36:21::SCWBDomain::make -C ps7_cortexa9_0/libsrc/usbps_v2_7/src -s include  "SHELL=CMD" "COMPILER=arm-none-eabi-gcc" "ASSEMBLER=arm-none-eabi-as" 
TRACE::2022-08-09.15:36:21::SCWBDomain::"ARCHIVER=arm-none-eabi-ar" "COMPILER_FLAGS=  -O2 -c" "EXTRA_COMPILER_FLAGS=-mcpu=cortex-a9 -mfpu=vfpv3 -mfloat-abi=hard -nosta
TRACE::2022-08-09.15:36:21::SCWBDomain::rtfiles -g -Wall -Wextra"

TRACE::2022-08-09.15:36:21::SCWBDomain::"Running Make include in ps7_cortexa9_0/libsrc/vtc_v8_3/src"

TRACE::2022-08-09.15:36:21::SCWBDomain::make -C ps7_cortexa9_0/libsrc/vtc_v8_3/src -s include  "SHELL=CMD" "COMPILER=arm-none-eabi-gcc" "ASSEMBLER=arm-none-eabi-as" "A
TRACE::2022-08-09.15:36:21::SCWBDomain::RCHIVER=arm-none-eabi-ar" "COMPILER_FLAGS=  -O2 -c" "EXTRA_COMPILER_FLAGS=-mcpu=cortex-a9 -mfpu=vfpv3 -mfloat-abi=hard -nostart
TRACE::2022-08-09.15:36:21::SCWBDomain::files -g -Wall -Wextra"

TRACE::2022-08-09.15:36:21::SCWBDomain::"Running Make include in ps7_cortexa9_0/libsrc/xadcps_v2_6/src"

TRACE::2022-08-09.15:36:21::SCWBDomain::make -C ps7_cortexa9_0/libsrc/xadcps_v2_6/src -s include  "SHELL=CMD" "COMPILER=arm-none-eabi-gcc" "ASSEMBLER=arm-none-eabi-as"
TRACE::2022-08-09.15:36:21::SCWBDomain:: "ARCHIVER=arm-none-eabi-ar" "COMPILER_FLAGS=  -O2 -c" "EXTRA_COMPILER_FLAGS=-mcpu=cortex-a9 -mfpu=vfpv3 -mfloat-abi=hard -nost
TRACE::2022-08-09.15:36:21::SCWBDomain::artfiles -g -Wall -Wextra"

TRACE::2022-08-09.15:36:21::SCWBDomain::"Running Make include in ps7_cortexa9_0/libsrc/xilffs_v4_5/src"

TRACE::2022-08-09.15:36:21::SCWBDomain::make -C ps7_cortexa9_0/libsrc/xilffs_v4_5/src -s include  "SHELL=CMD" "COMPILER=arm-none-eabi-gcc" "ASSEMBLER=arm-none-eabi-as"
TRACE::2022-08-09.15:36:21::SCWBDomain:: "ARCHIVER=arm-none-eabi-ar" "COMPILER_FLAGS=  -O2 -c" "EXTRA_COMPILER_FLAGS=-mcpu=cortex-a9 -mfpu=vfpv3 -mfloat-abi=hard -nost
TRACE::2022-08-09.15:36:21::SCWBDomain::artfiles -g -Wall -Wextra"

TRACE::2022-08-09.15:36:21::SCWBDomain::"Running Make include in ps7_cortexa9_0/libsrc/xilrsa_v1_6/src"

TRACE::2022-08-09.15:36:21::SCWBDomain::make -C ps7_cortexa9_0/libsrc/xilrsa_v1_6/src -s include  "SHELL=CMD" "COMPILER=arm-none-eabi-gcc" "ASSEMBLER=arm-none-eabi-as"
TRACE::2022-08-09.15:36:21::SCWBDomain:: "ARCHIVER=arm-none-eabi-ar" "COMPILER_FLAGS=  -O2 -c" "EXTRA_COMPILER_FLAGS=-mcpu=cortex-a9 -mfpu=vfpv3 -mfloat-abi=hard -nost
TRACE::2022-08-09.15:36:21::SCWBDomain::artfiles -g -Wall -Wextra"

TRACE::2022-08-09.15:36:22::SCWBDomain::"Running Make libs in ps7_cortexa9_0/libsrc/MIPI_CSI_2_RX_v1_0/src"

TRACE::2022-08-09.15:36:22::SCWBDomain::make -C ps7_cortexa9_0/libsrc/MIPI_CSI_2_RX_v1_0/src -s libs  "SHELL=CMD" "COMPILER=arm-none-eabi-gcc" "ASSEMBLER=arm-none-eabi
TRACE::2022-08-09.15:36:22::SCWBDomain::-as" "ARCHIVER=arm-none-eabi-ar" "COMPILER_FLAGS=  -O2 -c" "EXTRA_COMPILER_FLAGS=-mcpu=cortex-a9 -mfpu=vfpv3 -mfloat-abi=hard -
TRACE::2022-08-09.15:36:22::SCWBDomain::nostartfiles -g -Wall -Wextra"

TRACE::2022-08-09.15:36:22::SCWBDomain::"Compiling MIPI_CSI_2_RX"

TRACE::2022-08-09.15:36:23::SCWBDomain::"Running Make libs in ps7_cortexa9_0/libsrc/MIPI_D_PHY_RX_v1_0/src"

TRACE::2022-08-09.15:36:23::SCWBDomain::make -C ps7_cortexa9_0/libsrc/MIPI_D_PHY_RX_v1_0/src -s libs  "SHELL=CMD" "COMPILER=arm-none-eabi-gcc" "ASSEMBLER=arm-none-eabi
TRACE::2022-08-09.15:36:23::SCWBDomain::-as" "ARCHIVER=arm-none-eabi-ar" "COMPILER_FLAGS=  -O2 -c" "EXTRA_COMPILER_FLAGS=-mcpu=cortex-a9 -mfpu=vfpv3 -mfloat-abi=hard -
TRACE::2022-08-09.15:36:23::SCWBDomain::nostartfiles -g -Wall -Wextra"

TRACE::2022-08-09.15:36:23::SCWBDomain::"Compiling MIPI_D_PHY_RX"

TRACE::2022-08-09.15:36:24::SCWBDomain::"Running Make libs in ps7_cortexa9_0/libsrc/xilrsa_v1_6/src"

TRACE::2022-08-09.15:36:24::SCWBDomain::make -C ps7_cortexa9_0/libsrc/xilrsa_v1_6/src -s libs  "SHELL=CMD" "COMPILER=arm-none-eabi-gcc" "ASSEMBLER=arm-none-eabi-as" "A
TRACE::2022-08-09.15:36:24::SCWBDomain::RCHIVER=arm-none-eabi-ar" "COMPILER_FLAGS=  -O2 -c" "EXTRA_COMPILER_FLAGS=-mcpu=cortex-a9 -mfpu=vfpv3 -mfloat-abi=hard -nostart
TRACE::2022-08-09.15:36:24::SCWBDomain::files -g -Wall -Wextra"

TRACE::2022-08-09.15:36:24::SCWBDomain::'Finished building libraries sequentially.'

TRACE::2022-08-09.15:36:24::SCWBDomain::make -j 46 --no-print-directory par_libs

TRACE::2022-08-09.15:36:24::SCWBDomain::"Running Make include in ps7_cortexa9_0/libsrc/axivdma_v6_9/src"

TRACE::2022-08-09.15:36:24::SCWBDomain::"Running Make include in ps7_cortexa9_0/libsrc/clk_wiz_v1_4/src"

TRACE::2022-08-09.15:36:24::SCWBDomain::make -C ps7_cortexa9_0/libsrc/axivdma_v6_9/src -s include  "SHELL=CMD" "COMPILER=arm-none-eabi-gcc" "ASSEMBLER=arm-none-eabi-as
TRACE::2022-08-09.15:36:24::SCWBDomain::" "ARCHIVER=arm-none-eabi-ar" "COMPILER_FLAGS=  -O2 -c" "EXTRA_COMPILER_FLAGS=-mcpu=cortex-a9 -mfpu=vfpv3 -mfloat-abi=hard -nos
TRACE::2022-08-09.15:36:24::SCWBDomain::tartfiles -g -Wall -Wextra"

TRACE::2022-08-09.15:36:24::SCWBDomain::"Running Make include in ps7_cortexa9_0/libsrc/coresightps_dcc_v1_8/src"

TRACE::2022-08-09.15:36:24::SCWBDomain::make -C ps7_cortexa9_0/libsrc/clk_wiz_v1_4/src -s include  "SHELL=CMD" "COMPILER=arm-none-eabi-gcc" "ASSEMBLER=arm-none-eabi-as
TRACE::2022-08-09.15:36:24::SCWBDomain::" "ARCHIVER=arm-none-eabi-ar" "COMPILER_FLAGS=  -O2 -c" "EXTRA_COMPILER_FLAGS=-mcpu=cortex-a9 -mfpu=vfpv3 -mfloat-abi=hard -nos
TRACE::2022-08-09.15:36:24::SCWBDomain::tartfiles -g -Wall -Wextra"

TRACE::2022-08-09.15:36:24::SCWBDomain::make -C ps7_cortexa9_0/libsrc/coresightps_dcc_v1_8/src -s include  "SHELL=CMD" "COMPILER=arm-none-eabi-gcc" "ASSEMBLER=arm-none
TRACE::2022-08-09.15:36:24::SCWBDomain::-eabi-as" "ARCHIVER=arm-none-eabi-ar" "COMPILER_FLAGS=  -O2 -c" "EXTRA_COMPILER_FLAGS=-mcpu=cortex-a9 -mfpu=vfpv3 -mfloat-abi=h
TRACE::2022-08-09.15:36:24::SCWBDomain::ard -nostartfiles -g -Wall -Wextra"

TRACE::2022-08-09.15:36:24::SCWBDomain::"Running Make include in ps7_cortexa9_0/libsrc/cpu_cortexa9_v2_11/src"

TRACE::2022-08-09.15:36:24::SCWBDomain::"Running Make include in ps7_cortexa9_0/libsrc/ddrps_v1_2/src"

TRACE::2022-08-09.15:36:24::SCWBDomain::make -C ps7_cortexa9_0/libsrc/cpu_cortexa9_v2_11/src -s include  "SHELL=CMD" "COMPILER=arm-none-eabi-gcc" "ASSEMBLER=arm-none-e
TRACE::2022-08-09.15:36:24::SCWBDomain::abi-as" "ARCHIVER=arm-none-eabi-ar" "COMPILER_FLAGS=  -O2 -c" "EXTRA_COMPILER_FLAGS=-mcpu=cortex-a9 -mfpu=vfpv3 -mfloat-abi=har
TRACE::2022-08-09.15:36:24::SCWBDomain::d -nostartfiles -g -Wall -Wextra"

TRACE::2022-08-09.15:36:24::SCWBDomain::"Running Make include in ps7_cortexa9_0/libsrc/dmaps_v2_8/src"

TRACE::2022-08-09.15:36:24::SCWBDomain::"Running Make include in ps7_cortexa9_0/libsrc/devcfg_v3_7/src"

TRACE::2022-08-09.15:36:24::SCWBDomain::make -C ps7_cortexa9_0/libsrc/ddrps_v1_2/src -s include  "SHELL=CMD" "COMPILER=arm-none-eabi-gcc" "ASSEMBLER=arm-none-eabi-as" 
TRACE::2022-08-09.15:36:24::SCWBDomain::"ARCHIVER=arm-none-eabi-ar" "COMPILER_FLAGS=  -O2 -c" "EXTRA_COMPILER_FLAGS=-mcpu=cortex-a9 -mfpu=vfpv3 -mfloat-abi=hard -nosta
TRACE::2022-08-09.15:36:24::SCWBDomain::rtfiles -g -Wall -Wextra"

TRACE::2022-08-09.15:36:24::SCWBDomain::make -C ps7_cortexa9_0/libsrc/devcfg_v3_7/src -s include  "SHELL=CMD" "COMPILER=arm-none-eabi-gcc" "ASSEMBLER=arm-none-eabi-as"
TRACE::2022-08-09.15:36:24::SCWBDomain:: "ARCHIVER=arm-none-eabi-ar" "COMPILER_FLAGS=  -O2 -c" "EXTRA_COMPILER_FLAGS=-mcpu=cortex-a9 -mfpu=vfpv3 -mfloat-abi=hard -nost
TRACE::2022-08-09.15:36:24::SCWBDomain::artfiles -g -Wall -Wextra"

TRACE::2022-08-09.15:36:24::SCWBDomain::"Running Make include in ps7_cortexa9_0/libsrc/emacps_v3_14/src"

TRACE::2022-08-09.15:36:24::SCWBDomain::make -C ps7_cortexa9_0/libsrc/dmaps_v2_8/src -s include  "SHELL=CMD" "COMPILER=arm-none-eabi-gcc" "ASSEMBLER=arm-none-eabi-as" 
TRACE::2022-08-09.15:36:24::SCWBDomain::"ARCHIVER=arm-none-eabi-ar" "COMPILER_FLAGS=  -O2 -c" "EXTRA_COMPILER_FLAGS=-mcpu=cortex-a9 -mfpu=vfpv3 -mfloat-abi=hard -nosta
TRACE::2022-08-09.15:36:24::SCWBDomain::rtfiles -g -Wall -Wextra"

TRACE::2022-08-09.15:36:24::SCWBDomain::make -C ps7_cortexa9_0/libsrc/emacps_v3_14/src -s include  "SHELL=CMD" "COMPILER=arm-none-eabi-gcc" "ASSEMBLER=arm-none-eabi-as
TRACE::2022-08-09.15:36:24::SCWBDomain::" "ARCHIVER=arm-none-eabi-ar" "COMPILER_FLAGS=  -O2 -c" "EXTRA_COMPILER_FLAGS=-mcpu=cortex-a9 -mfpu=vfpv3 -mfloat-abi=hard -nos
TRACE::2022-08-09.15:36:24::SCWBDomain::tartfiles -g -Wall -Wextra"

TRACE::2022-08-09.15:36:24::SCWBDomain::"Running Make include in ps7_cortexa9_0/libsrc/gpiops_v3_9/src"

TRACE::2022-08-09.15:36:24::SCWBDomain::"Running Make include in ps7_cortexa9_0/libsrc/iicps_v3_13/src"

TRACE::2022-08-09.15:36:24::SCWBDomain::make -C ps7_cortexa9_0/libsrc/gpiops_v3_9/src -s include  "SHELL=CMD" "COMPILER=arm-none-eabi-gcc" "ASSEMBLER=arm-none-eabi-as"
TRACE::2022-08-09.15:36:24::SCWBDomain:: "ARCHIVER=arm-none-eabi-ar" "COMPILER_FLAGS=  -O2 -c" "EXTRA_COMPILER_FLAGS=-mcpu=cortex-a9 -mfpu=vfpv3 -mfloat-abi=hard -nost
TRACE::2022-08-09.15:36:24::SCWBDomain::artfiles -g -Wall -Wextra"

TRACE::2022-08-09.15:36:24::SCWBDomain::"Running Make include in ps7_cortexa9_0/libsrc/MIPI_CSI_2_RX_v1_0/src"

TRACE::2022-08-09.15:36:24::SCWBDomain::make -C ps7_cortexa9_0/libsrc/iicps_v3_13/src -s include  "SHELL=CMD" "COMPILER=arm-none-eabi-gcc" "ASSEMBLER=arm-none-eabi-as"
TRACE::2022-08-09.15:36:24::SCWBDomain:: "ARCHIVER=arm-none-eabi-ar" "COMPILER_FLAGS=  -O2 -c" "EXTRA_COMPILER_FLAGS=-mcpu=cortex-a9 -mfpu=vfpv3 -mfloat-abi=hard -nost
TRACE::2022-08-09.15:36:24::SCWBDomain::artfiles -g -Wall -Wextra"

TRACE::2022-08-09.15:36:24::SCWBDomain::make -C ps7_cortexa9_0/libsrc/MIPI_CSI_2_RX_v1_0/src -s include  "SHELL=CMD" "COMPILER=arm-none-eabi-gcc" "ASSEMBLER=arm-none-e
TRACE::2022-08-09.15:36:24::SCWBDomain::abi-as" "ARCHIVER=arm-none-eabi-ar" "COMPILER_FLAGS=  -O2 -c" "EXTRA_COMPILER_FLAGS=-mcpu=cortex-a9 -mfpu=vfpv3 -mfloat-abi=har
TRACE::2022-08-09.15:36:24::SCWBDomain::d -nostartfiles -g -Wall -Wextra"

TRACE::2022-08-09.15:36:24::SCWBDomain::"Running Make include in ps7_cortexa9_0/libsrc/MIPI_D_PHY_RX_v1_0/src"

TRACE::2022-08-09.15:36:24::SCWBDomain::make -C ps7_cortexa9_0/libsrc/MIPI_D_PHY_RX_v1_0/src -s include  "SHELL=CMD" "COMPILER=arm-none-eabi-gcc" "ASSEMBLER=arm-none-e
TRACE::2022-08-09.15:36:24::SCWBDomain::abi-as" "ARCHIVER=arm-none-eabi-ar" "COMPILER_FLAGS=  -O2 -c" "EXTRA_COMPILER_FLAGS=-mcpu=cortex-a9 -mfpu=vfpv3 -mfloat-abi=har
TRACE::2022-08-09.15:36:24::SCWBDomain::d -nostartfiles -g -Wall -Wextra"

TRACE::2022-08-09.15:36:24::SCWBDomain::"Running Make include in ps7_cortexa9_0/libsrc/qspips_v3_9/src"

TRACE::2022-08-09.15:36:24::SCWBDomain::"Running Make include in ps7_cortexa9_0/libsrc/scugic_v4_5/src"

TRACE::2022-08-09.15:36:24::SCWBDomain::make -C ps7_cortexa9_0/libsrc/qspips_v3_9/src -s include  "SHELL=CMD" "COMPILER=arm-none-eabi-gcc" "ASSEMBLER=arm-none-eabi-as"
TRACE::2022-08-09.15:36:24::SCWBDomain:: "ARCHIVER=arm-none-eabi-ar" "COMPILER_FLAGS=  -O2 -c" "EXTRA_COMPILER_FLAGS=-mcpu=cortex-a9 -mfpu=vfpv3 -mfloat-abi=hard -nost
TRACE::2022-08-09.15:36:24::SCWBDomain::artfiles -g -Wall -Wextra"

TRACE::2022-08-09.15:36:24::SCWBDomain::make -C ps7_cortexa9_0/libsrc/scugic_v4_5/src -s include  "SHELL=CMD" "COMPILER=arm-none-eabi-gcc" "ASSEMBLER=arm-none-eabi-as"
TRACE::2022-08-09.15:36:24::SCWBDomain:: "ARCHIVER=arm-none-eabi-ar" "COMPILER_FLAGS=  -O2 -c" "EXTRA_COMPILER_FLAGS=-mcpu=cortex-a9 -mfpu=vfpv3 -mfloat-abi=hard -nost
TRACE::2022-08-09.15:36:24::SCWBDomain::artfiles -g -Wall -Wextra"

TRACE::2022-08-09.15:36:24::SCWBDomain::"Running Make include in ps7_cortexa9_0/libsrc/scutimer_v2_3/src"

TRACE::2022-08-09.15:36:24::SCWBDomain::"Running Make include in ps7_cortexa9_0/libsrc/scuwdt_v2_4/src"

TRACE::2022-08-09.15:36:24::SCWBDomain::make -C ps7_cortexa9_0/libsrc/scutimer_v2_3/src -s include  "SHELL=CMD" "COMPILER=arm-none-eabi-gcc" "ASSEMBLER=arm-none-eabi-a
TRACE::2022-08-09.15:36:24::SCWBDomain::s" "ARCHIVER=arm-none-eabi-ar" "COMPILER_FLAGS=  -O2 -c" "EXTRA_COMPILER_FLAGS=-mcpu=cortex-a9 -mfpu=vfpv3 -mfloat-abi=hard -no
TRACE::2022-08-09.15:36:24::SCWBDomain::startfiles -g -Wall -Wextra"

TRACE::2022-08-09.15:36:24::SCWBDomain::make -C ps7_cortexa9_0/libsrc/scuwdt_v2_4/src -s include  "SHELL=CMD" "COMPILER=arm-none-eabi-gcc" "ASSEMBLER=arm-none-eabi-as"
TRACE::2022-08-09.15:36:24::SCWBDomain:: "ARCHIVER=arm-none-eabi-ar" "COMPILER_FLAGS=  -O2 -c" "EXTRA_COMPILER_FLAGS=-mcpu=cortex-a9 -mfpu=vfpv3 -mfloat-abi=hard -nost
TRACE::2022-08-09.15:36:24::SCWBDomain::artfiles -g -Wall -Wextra"

TRACE::2022-08-09.15:36:24::SCWBDomain::"Running Make include in ps7_cortexa9_0/libsrc/sdps_v3_12/src"

TRACE::2022-08-09.15:36:24::SCWBDomain::"Running Make include in ps7_cortexa9_0/libsrc/standalone_v7_5/src"

TRACE::2022-08-09.15:36:24::SCWBDomain::make -C ps7_cortexa9_0/libsrc/sdps_v3_12/src -s include  "SHELL=CMD" "COMPILER=arm-none-eabi-gcc" "ASSEMBLER=arm-none-eabi-as" 
TRACE::2022-08-09.15:36:24::SCWBDomain::"ARCHIVER=arm-none-eabi-ar" "COMPILER_FLAGS=  -O2 -c" "EXTRA_COMPILER_FLAGS=-mcpu=cortex-a9 -mfpu=vfpv3 -mfloat-abi=hard -nosta
TRACE::2022-08-09.15:36:24::SCWBDomain::rtfiles -g -Wall -Wextra"

TRACE::2022-08-09.15:36:24::SCWBDomain::"Running Make include in ps7_cortexa9_0/libsrc/uartps_v3_11/src"

TRACE::2022-08-09.15:36:24::SCWBDomain::make -C ps7_cortexa9_0/libsrc/standalone_v7_5/src -s include  "SHELL=CMD" "COMPILER=arm-none-eabi-gcc" "ASSEMBLER=arm-none-eabi
TRACE::2022-08-09.15:36:24::SCWBDomain::-as" "ARCHIVER=arm-none-eabi-ar" "COMPILER_FLAGS=  -O2 -c" "EXTRA_COMPILER_FLAGS=-mcpu=cortex-a9 -mfpu=vfpv3 -mfloat-abi=hard -
TRACE::2022-08-09.15:36:24::SCWBDomain::nostartfiles -g -Wall -Wextra"

TRACE::2022-08-09.15:36:24::SCWBDomain::"Running Make include in ps7_cortexa9_0/libsrc/usbps_v2_7/src"

TRACE::2022-08-09.15:36:24::SCWBDomain::make -C ps7_cortexa9_0/libsrc/uartps_v3_11/src -s include  "SHELL=CMD" "COMPILER=arm-none-eabi-gcc" "ASSEMBLER=arm-none-eabi-as
TRACE::2022-08-09.15:36:24::SCWBDomain::" "ARCHIVER=arm-none-eabi-ar" "COMPILER_FLAGS=  -O2 -c" "EXTRA_COMPILER_FLAGS=-mcpu=cortex-a9 -mfpu=vfpv3 -mfloat-abi=hard -nos
TRACE::2022-08-09.15:36:24::SCWBDomain::tartfiles -g -Wall -Wextra"

TRACE::2022-08-09.15:36:24::SCWBDomain::make -C ps7_cortexa9_0/libsrc/usbps_v2_7/src -s include  "SHELL=CMD" "COMPILER=arm-none-eabi-gcc" "ASSEMBLER=arm-none-eabi-as" 
TRACE::2022-08-09.15:36:24::SCWBDomain::"ARCHIVER=arm-none-eabi-ar" "COMPILER_FLAGS=  -O2 -c" "EXTRA_COMPILER_FLAGS=-mcpu=cortex-a9 -mfpu=vfpv3 -mfloat-abi=hard -nosta
TRACE::2022-08-09.15:36:24::SCWBDomain::rtfiles -g -Wall -Wextra"

TRACE::2022-08-09.15:36:24::SCWBDomain::"Running Make include in ps7_cortexa9_0/libsrc/vtc_v8_3/src"

TRACE::2022-08-09.15:36:24::SCWBDomain::"Running Make include in ps7_cortexa9_0/libsrc/xadcps_v2_6/src"

TRACE::2022-08-09.15:36:24::SCWBDomain::make -C ps7_cortexa9_0/libsrc/vtc_v8_3/src -s include  "SHELL=CMD" "COMPILER=arm-none-eabi-gcc" "ASSEMBLER=arm-none-eabi-as" "A
TRACE::2022-08-09.15:36:24::SCWBDomain::RCHIVER=arm-none-eabi-ar" "COMPILER_FLAGS=  -O2 -c" "EXTRA_COMPILER_FLAGS=-mcpu=cortex-a9 -mfpu=vfpv3 -mfloat-abi=hard -nostart
TRACE::2022-08-09.15:36:24::SCWBDomain::files -g -Wall -Wextra"

TRACE::2022-08-09.15:36:24::SCWBDomain::"Running Make include in ps7_cortexa9_0/libsrc/xilffs_v4_5/src"

TRACE::2022-08-09.15:36:24::SCWBDomain::make -C ps7_cortexa9_0/libsrc/xadcps_v2_6/src -s include  "SHELL=CMD" "COMPILER=arm-none-eabi-gcc" "ASSEMBLER=arm-none-eabi-as"
TRACE::2022-08-09.15:36:24::SCWBDomain:: "ARCHIVER=arm-none-eabi-ar" "COMPILER_FLAGS=  -O2 -c" "EXTRA_COMPILER_FLAGS=-mcpu=cortex-a9 -mfpu=vfpv3 -mfloat-abi=hard -nost
TRACE::2022-08-09.15:36:24::SCWBDomain::artfiles -g -Wall -Wextra"

TRACE::2022-08-09.15:36:24::SCWBDomain::"Running Make include in ps7_cortexa9_0/libsrc/xilrsa_v1_6/src"

TRACE::2022-08-09.15:36:24::SCWBDomain::make -C ps7_cortexa9_0/libsrc/xilffs_v4_5/src -s include  "SHELL=CMD" "COMPILER=arm-none-eabi-gcc" "ASSEMBLER=arm-none-eabi-as"
TRACE::2022-08-09.15:36:24::SCWBDomain:: "ARCHIVER=arm-none-eabi-ar" "COMPILER_FLAGS=  -O2 -c" "EXTRA_COMPILER_FLAGS=-mcpu=cortex-a9 -mfpu=vfpv3 -mfloat-abi=hard -nost
TRACE::2022-08-09.15:36:24::SCWBDomain::artfiles -g -Wall -Wextra"

TRACE::2022-08-09.15:36:24::SCWBDomain::make -C ps7_cortexa9_0/libsrc/xilrsa_v1_6/src -s include  "SHELL=CMD" "COMPILER=arm-none-eabi-gcc" "ASSEMBLER=arm-none-eabi-as"
TRACE::2022-08-09.15:36:24::SCWBDomain:: "ARCHIVER=arm-none-eabi-ar" "COMPILER_FLAGS=  -O2 -c" "EXTRA_COMPILER_FLAGS=-mcpu=cortex-a9 -mfpu=vfpv3 -mfloat-abi=hard -nost
TRACE::2022-08-09.15:36:24::SCWBDomain::artfiles -g -Wall -Wextra"

TRACE::2022-08-09.15:36:25::SCWBDomain::"Running Make libs in ps7_cortexa9_0/libsrc/axivdma_v6_9/src"

TRACE::2022-08-09.15:36:25::SCWBDomain::make -C ps7_cortexa9_0/libsrc/axivdma_v6_9/src -s libs  "SHELL=CMD" "COMPILER=arm-none-eabi-gcc" "ASSEMBLER=arm-none-eabi-as" "
TRACE::2022-08-09.15:36:25::SCWBDomain::ARCHIVER=arm-none-eabi-ar" "COMPILER_FLAGS=  -O2 -c" "EXTRA_COMPILER_FLAGS=-mcpu=cortex-a9 -mfpu=vfpv3 -mfloat-abi=hard -nostar
TRACE::2022-08-09.15:36:25::SCWBDomain::tfiles -g -Wall -Wextra"

TRACE::2022-08-09.15:36:25::SCWBDomain::"Running Make libs in ps7_cortexa9_0/libsrc/clk_wiz_v1_4/src"

TRACE::2022-08-09.15:36:25::SCWBDomain::make -C ps7_cortexa9_0/libsrc/clk_wiz_v1_4/src -s libs  "SHELL=CMD" "COMPILER=arm-none-eabi-gcc" "ASSEMBLER=arm-none-eabi-as" "
TRACE::2022-08-09.15:36:25::SCWBDomain::ARCHIVER=arm-none-eabi-ar" "COMPILER_FLAGS=  -O2 -c" "EXTRA_COMPILER_FLAGS=-mcpu=cortex-a9 -mfpu=vfpv3 -mfloat-abi=hard -nostar
TRACE::2022-08-09.15:36:25::SCWBDomain::tfiles -g -Wall -Wextra"

TRACE::2022-08-09.15:36:25::SCWBDomain::"Running Make libs in ps7_cortexa9_0/libsrc/coresightps_dcc_v1_8/src"

TRACE::2022-08-09.15:36:25::SCWBDomain::make -C ps7_cortexa9_0/libsrc/coresightps_dcc_v1_8/src -s libs  "SHELL=CMD" "COMPILER=arm-none-eabi-gcc" "ASSEMBLER=arm-none-ea
TRACE::2022-08-09.15:36:25::SCWBDomain::bi-as" "ARCHIVER=arm-none-eabi-ar" "COMPILER_FLAGS=  -O2 -c" "EXTRA_COMPILER_FLAGS=-mcpu=cortex-a9 -mfpu=vfpv3 -mfloat-abi=hard
TRACE::2022-08-09.15:36:25::SCWBDomain:: -nostartfiles -g -Wall -Wextra"

TRACE::2022-08-09.15:36:25::SCWBDomain::"Running Make libs in ps7_cortexa9_0/libsrc/cpu_cortexa9_v2_11/src"

TRACE::2022-08-09.15:36:25::SCWBDomain::make -C ps7_cortexa9_0/libsrc/cpu_cortexa9_v2_11/src -s libs  "SHELL=CMD" "COMPILER=arm-none-eabi-gcc" "ASSEMBLER=arm-none-eabi
TRACE::2022-08-09.15:36:25::SCWBDomain::-as" "ARCHIVER=arm-none-eabi-ar" "COMPILER_FLAGS=  -O2 -c" "EXTRA_COMPILER_FLAGS=-mcpu=cortex-a9 -mfpu=vfpv3 -mfloat-abi=hard -
TRACE::2022-08-09.15:36:25::SCWBDomain::nostartfiles -g -Wall -Wextra"

TRACE::2022-08-09.15:36:25::SCWBDomain::"Running Make libs in ps7_cortexa9_0/libsrc/ddrps_v1_2/src"

TRACE::2022-08-09.15:36:25::SCWBDomain::make -C ps7_cortexa9_0/libsrc/ddrps_v1_2/src -s libs  "SHELL=CMD" "COMPILER=arm-none-eabi-gcc" "ASSEMBLER=arm-none-eabi-as" "AR
TRACE::2022-08-09.15:36:25::SCWBDomain::CHIVER=arm-none-eabi-ar" "COMPILER_FLAGS=  -O2 -c" "EXTRA_COMPILER_FLAGS=-mcpu=cortex-a9 -mfpu=vfpv3 -mfloat-abi=hard -nostartf
TRACE::2022-08-09.15:36:25::SCWBDomain::iles -g -Wall -Wextra"

TRACE::2022-08-09.15:36:25::SCWBDomain::"Running Make libs in ps7_cortexa9_0/libsrc/devcfg_v3_7/src"

TRACE::2022-08-09.15:36:25::SCWBDomain::"Running Make libs in ps7_cortexa9_0/libsrc/dmaps_v2_8/src"

TRACE::2022-08-09.15:36:25::SCWBDomain::make -C ps7_cortexa9_0/libsrc/devcfg_v3_7/src -s libs  "SHELL=CMD" "COMPILER=arm-none-eabi-gcc" "ASSEMBLER=arm-none-eabi-as" "A
TRACE::2022-08-09.15:36:25::SCWBDomain::RCHIVER=arm-none-eabi-ar" "COMPILER_FLAGS=  -O2 -c" "EXTRA_COMPILER_FLAGS=-mcpu=cortex-a9 -mfpu=vfpv3 -mfloat-abi=hard -nostart
TRACE::2022-08-09.15:36:25::SCWBDomain::files -g -Wall -Wextra"

TRACE::2022-08-09.15:36:25::SCWBDomain::"Running Make libs in ps7_cortexa9_0/libsrc/emacps_v3_14/src"

TRACE::2022-08-09.15:36:25::SCWBDomain::make -C ps7_cortexa9_0/libsrc/dmaps_v2_8/src -s libs  "SHELL=CMD" "COMPILER=arm-none-eabi-gcc" "ASSEMBLER=arm-none-eabi-as" "AR
TRACE::2022-08-09.15:36:25::SCWBDomain::CHIVER=arm-none-eabi-ar" "COMPILER_FLAGS=  -O2 -c" "EXTRA_COMPILER_FLAGS=-mcpu=cortex-a9 -mfpu=vfpv3 -mfloat-abi=hard -nostartf
TRACE::2022-08-09.15:36:25::SCWBDomain::iles -g -Wall -Wextra"

TRACE::2022-08-09.15:36:25::SCWBDomain::make -C ps7_cortexa9_0/libsrc/emacps_v3_14/src -s libs  "SHELL=CMD" "COMPILER=arm-none-eabi-gcc" "ASSEMBLER=arm-none-eabi-as" "
TRACE::2022-08-09.15:36:25::SCWBDomain::ARCHIVER=arm-none-eabi-ar" "COMPILER_FLAGS=  -O2 -c" "EXTRA_COMPILER_FLAGS=-mcpu=cortex-a9 -mfpu=vfpv3 -mfloat-abi=hard -nostar
TRACE::2022-08-09.15:36:25::SCWBDomain::tfiles -g -Wall -Wextra"

TRACE::2022-08-09.15:36:25::SCWBDomain::"Running Make libs in ps7_cortexa9_0/libsrc/gpiops_v3_9/src"

TRACE::2022-08-09.15:36:25::SCWBDomain::make -C ps7_cortexa9_0/libsrc/gpiops_v3_9/src -s libs  "SHELL=CMD" "COMPILER=arm-none-eabi-gcc" "ASSEMBLER=arm-none-eabi-as" "A
TRACE::2022-08-09.15:36:25::SCWBDomain::RCHIVER=arm-none-eabi-ar" "COMPILER_FLAGS=  -O2 -c" "EXTRA_COMPILER_FLAGS=-mcpu=cortex-a9 -mfpu=vfpv3 -mfloat-abi=hard -nostart
TRACE::2022-08-09.15:36:25::SCWBDomain::files -g -Wall -Wextra"

TRACE::2022-08-09.15:36:25::SCWBDomain::"Running Make libs in ps7_cortexa9_0/libsrc/iicps_v3_13/src"

TRACE::2022-08-09.15:36:25::SCWBDomain::make -C ps7_cortexa9_0/libsrc/iicps_v3_13/src -s libs  "SHELL=CMD" "COMPILER=arm-none-eabi-gcc" "ASSEMBLER=arm-none-eabi-as" "A
TRACE::2022-08-09.15:36:25::SCWBDomain::RCHIVER=arm-none-eabi-ar" "COMPILER_FLAGS=  -O2 -c" "EXTRA_COMPILER_FLAGS=-mcpu=cortex-a9 -mfpu=vfpv3 -mfloat-abi=hard -nostart
TRACE::2022-08-09.15:36:25::SCWBDomain::files -g -Wall -Wextra"

TRACE::2022-08-09.15:36:25::SCWBDomain::"Running Make libs in ps7_cortexa9_0/libsrc/qspips_v3_9/src"

TRACE::2022-08-09.15:36:25::SCWBDomain::make -C ps7_cortexa9_0/libsrc/qspips_v3_9/src -s libs  "SHELL=CMD" "COMPILER=arm-none-eabi-gcc" "ASSEMBLER=arm-none-eabi-as" "A
TRACE::2022-08-09.15:36:25::SCWBDomain::RCHIVER=arm-none-eabi-ar" "COMPILER_FLAGS=  -O2 -c" "EXTRA_COMPILER_FLAGS=-mcpu=cortex-a9 -mfpu=vfpv3 -mfloat-abi=hard -nostart
TRACE::2022-08-09.15:36:25::SCWBDomain::files -g -Wall -Wextra"

TRACE::2022-08-09.15:36:25::SCWBDomain::"Running Make libs in ps7_cortexa9_0/libsrc/scugic_v4_5/src"

TRACE::2022-08-09.15:36:25::SCWBDomain::"Running Make libs in ps7_cortexa9_0/libsrc/scutimer_v2_3/src"

TRACE::2022-08-09.15:36:25::SCWBDomain::make -C ps7_cortexa9_0/libsrc/scugic_v4_5/src -s libs  "SHELL=CMD" "COMPILER=arm-none-eabi-gcc" "ASSEMBLER=arm-none-eabi-as" "A
TRACE::2022-08-09.15:36:25::SCWBDomain::RCHIVER=arm-none-eabi-ar" "COMPILER_FLAGS=  -O2 -c" "EXTRA_COMPILER_FLAGS=-mcpu=cortex-a9 -mfpu=vfpv3 -mfloat-abi=hard -nostart
TRACE::2022-08-09.15:36:25::SCWBDomain::files -g -Wall -Wextra"

TRACE::2022-08-09.15:36:25::SCWBDomain::make -C ps7_cortexa9_0/libsrc/scutimer_v2_3/src -s libs  "SHELL=CMD" "COMPILER=arm-none-eabi-gcc" "ASSEMBLER=arm-none-eabi-as" 
TRACE::2022-08-09.15:36:25::SCWBDomain::"ARCHIVER=arm-none-eabi-ar" "COMPILER_FLAGS=  -O2 -c" "EXTRA_COMPILER_FLAGS=-mcpu=cortex-a9 -mfpu=vfpv3 -mfloat-abi=hard -nosta
TRACE::2022-08-09.15:36:25::SCWBDomain::rtfiles -g -Wall -Wextra"

TRACE::2022-08-09.15:36:25::SCWBDomain::"Running Make libs in ps7_cortexa9_0/libsrc/sdps_v3_12/src"

TRACE::2022-08-09.15:36:25::SCWBDomain::"Running Make libs in ps7_cortexa9_0/libsrc/scuwdt_v2_4/src"

TRACE::2022-08-09.15:36:25::SCWBDomain::make -C ps7_cortexa9_0/libsrc/scuwdt_v2_4/src -s libs  "SHELL=CMD" "COMPILER=arm-none-eabi-gcc" "ASSEMBLER=arm-none-eabi-as" "A
TRACE::2022-08-09.15:36:25::SCWBDomain::RCHIVER=arm-none-eabi-ar" "COMPILER_FLAGS=  -O2 -c" "EXTRA_COMPILER_FLAGS=-mcpu=cortex-a9 -mfpu=vfpv3 -mfloat-abi=hard -nostart
TRACE::2022-08-09.15:36:25::SCWBDomain::files -g -Wall -Wextra"

TRACE::2022-08-09.15:36:25::SCWBDomain::make -C ps7_cortexa9_0/libsrc/sdps_v3_12/src -s libs  "SHELL=CMD" "COMPILER=arm-none-eabi-gcc" "ASSEMBLER=arm-none-eabi-as" "AR
TRACE::2022-08-09.15:36:25::SCWBDomain::CHIVER=arm-none-eabi-ar" "COMPILER_FLAGS=  -O2 -c" "EXTRA_COMPILER_FLAGS=-mcpu=cortex-a9 -mfpu=vfpv3 -mfloat-abi=hard -nostartf
TRACE::2022-08-09.15:36:25::SCWBDomain::iles -g -Wall -Wextra"

TRACE::2022-08-09.15:36:25::SCWBDomain::"Running Make libs in ps7_cortexa9_0/libsrc/standalone_v7_5/src"

TRACE::2022-08-09.15:36:25::SCWBDomain::make -C ps7_cortexa9_0/libsrc/standalone_v7_5/src -s libs  "SHELL=CMD" "COMPILER=arm-none-eabi-gcc" "ASSEMBLER=arm-none-eabi-as
TRACE::2022-08-09.15:36:25::SCWBDomain::" "ARCHIVER=arm-none-eabi-ar" "COMPILER_FLAGS=  -O2 -c" "EXTRA_COMPILER_FLAGS=-mcpu=cortex-a9 -mfpu=vfpv3 -mfloat-abi=hard -nos
TRACE::2022-08-09.15:36:25::SCWBDomain::tartfiles -g -Wall -Wextra"

TRACE::2022-08-09.15:36:25::SCWBDomain::"Running Make libs in ps7_cortexa9_0/libsrc/uartps_v3_11/src"

TRACE::2022-08-09.15:36:25::SCWBDomain::"Running Make libs in ps7_cortexa9_0/libsrc/usbps_v2_7/src"

TRACE::2022-08-09.15:36:25::SCWBDomain::make -C ps7_cortexa9_0/libsrc/uartps_v3_11/src -s libs  "SHELL=CMD" "COMPILER=arm-none-eabi-gcc" "ASSEMBLER=arm-none-eabi-as" "
TRACE::2022-08-09.15:36:25::SCWBDomain::ARCHIVER=arm-none-eabi-ar" "COMPILER_FLAGS=  -O2 -c" "EXTRA_COMPILER_FLAGS=-mcpu=cortex-a9 -mfpu=vfpv3 -mfloat-abi=hard -nostar
TRACE::2022-08-09.15:36:25::SCWBDomain::tfiles -g -Wall -Wextra"

TRACE::2022-08-09.15:36:25::SCWBDomain::"Running Make libs in ps7_cortexa9_0/libsrc/vtc_v8_3/src"

TRACE::2022-08-09.15:36:25::SCWBDomain::make -C ps7_cortexa9_0/libsrc/usbps_v2_7/src -s libs  "SHELL=CMD" "COMPILER=arm-none-eabi-gcc" "ASSEMBLER=arm-none-eabi-as" "AR
TRACE::2022-08-09.15:36:25::SCWBDomain::CHIVER=arm-none-eabi-ar" "COMPILER_FLAGS=  -O2 -c" "EXTRA_COMPILER_FLAGS=-mcpu=cortex-a9 -mfpu=vfpv3 -mfloat-abi=hard -nostartf
TRACE::2022-08-09.15:36:25::SCWBDomain::iles -g -Wall -Wextra"

TRACE::2022-08-09.15:36:25::SCWBDomain::"Running Make libs in ps7_cortexa9_0/libsrc/xadcps_v2_6/src"

TRACE::2022-08-09.15:36:25::SCWBDomain::make -C ps7_cortexa9_0/libsrc/vtc_v8_3/src -s libs  "SHELL=CMD" "COMPILER=arm-none-eabi-gcc" "ASSEMBLER=arm-none-eabi-as" "ARCH
TRACE::2022-08-09.15:36:25::SCWBDomain::IVER=arm-none-eabi-ar" "COMPILER_FLAGS=  -O2 -c" "EXTRA_COMPILER_FLAGS=-mcpu=cortex-a9 -mfpu=vfpv3 -mfloat-abi=hard -nostartfil
TRACE::2022-08-09.15:36:25::SCWBDomain::es -g -Wall -Wextra"

TRACE::2022-08-09.15:36:25::SCWBDomain::make -C ps7_cortexa9_0/libsrc/xadcps_v2_6/src -s libs  "SHELL=CMD" "COMPILER=arm-none-eabi-gcc" "ASSEMBLER=arm-none-eabi-as" "A
TRACE::2022-08-09.15:36:25::SCWBDomain::RCHIVER=arm-none-eabi-ar" "COMPILER_FLAGS=  -O2 -c" "EXTRA_COMPILER_FLAGS=-mcpu=cortex-a9 -mfpu=vfpv3 -mfloat-abi=hard -nostart
TRACE::2022-08-09.15:36:25::SCWBDomain::files -g -Wall -Wextra"

TRACE::2022-08-09.15:36:25::SCWBDomain::"Running Make libs in ps7_cortexa9_0/libsrc/xilffs_v4_5/src"

TRACE::2022-08-09.15:36:25::SCWBDomain::make -C ps7_cortexa9_0/libsrc/xilffs_v4_5/src -s libs  "SHELL=CMD" "COMPILER=arm-none-eabi-gcc" "ASSEMBLER=arm-none-eabi-as" "A
TRACE::2022-08-09.15:36:25::SCWBDomain::RCHIVER=arm-none-eabi-ar" "COMPILER_FLAGS=  -O2 -c" "EXTRA_COMPILER_FLAGS=-mcpu=cortex-a9 -mfpu=vfpv3 -mfloat-abi=hard -nostart
TRACE::2022-08-09.15:36:25::SCWBDomain::files -g -Wall -Wextra"

TRACE::2022-08-09.15:36:26::SCWBDomain::'Finished building libraries parallelly.'

TRACE::2022-08-09.15:36:26::SCWBDomain::make --no-print-directory archive

TRACE::2022-08-09.15:36:26::SCWBDomain::arm-none-eabi-ar -r  ps7_cortexa9_0/lib/libxil.a ps7_cortexa9_0/lib/xadcps_selftest.o ps7_cortexa9_0/lib/xplatform_info.o ps7_c
TRACE::2022-08-09.15:36:26::SCWBDomain::ortexa9_0/lib/time.o ps7_cortexa9_0/lib/_exit.o ps7_cortexa9_0/lib/xil_testio.o ps7_cortexa9_0/lib/xusbps_endpoint.o ps7_cortex
TRACE::2022-08-09.15:36:26::SCWBDomain::a9_0/lib/xusbps_sinit.o ps7_cortexa9_0/lib/xvtc_g.o ps7_cortexa9_0/lib/xdevcfg_hw.o ps7_cortexa9_0/lib/xil_sleeptimer.o ps7_cor
TRACE::2022-08-09.15:36:26::SCWBDomain::texa9_0/lib/xqspips_options.o ps7_cortexa9_0/lib/xdmaps_g.o ps7_cortexa9_0/lib/xscutimer_g.o ps7_cortexa9_0/lib/xsdps_options.o
TRACE::2022-08-09.15:36:26::SCWBDomain:: ps7_cortexa9_0/lib/xil_misc_psreset_api.o ps7_cortexa9_0/lib/xdmaps_sinit.o ps7_cortexa9_0/lib/xscutimer_sinit.o ps7_cortexa9_
TRACE::2022-08-09.15:36:26::SCWBDomain::0/lib/xemacps_hw.o ps7_cortexa9_0/lib/inbyte.o ps7_cortexa9_0/lib/xdmaps_selftest.o ps7_cortexa9_0/lib/xscutimer_selftest.o ps7
TRACE::2022-08-09.15:36:26::SCWBDomain::_cortexa9_0/lib/xvtc_intr.o ps7_cortexa9_0/lib/putnum.o ps7_cortexa9_0/lib/xqspips_hw.o ps7_cortexa9_0/lib/xgpiops_g.o ps7_cort
TRACE::2022-08-09.15:36:26::SCWBDomain::exa9_0/lib/xsdps.o ps7_cortexa9_0/lib/close.o ps7_cortexa9_0/lib/xemacps_g.o ps7_cortexa9_0/lib/xgpiops_sinit.o ps7_cortexa9_0/
TRACE::2022-08-09.15:36:26::SCWBDomain::lib/xgpiops_selftest.o ps7_cortexa9_0/lib/xscuwdt.o ps7_cortexa9_0/lib/xaxivdma_g.o ps7_cortexa9_0/lib/xil_clocking.o ps7_corte
TRACE::2022-08-09.15:36:26::SCWBDomain::xa9_0/lib/xiicps_intr.o ps7_cortexa9_0/lib/xaxivdma_sinit.o ps7_cortexa9_0/lib/xvtc_sinit.o ps7_cortexa9_0/lib/xuartps_sinit.o 
TRACE::2022-08-09.15:36:26::SCWBDomain::ps7_cortexa9_0/lib/xaxivdma_selftest.o ps7_cortexa9_0/lib/xiicps_slave.o ps7_cortexa9_0/lib/xil_printf.o ps7_cortexa9_0/lib/xad
TRACE::2022-08-09.15:36:26::SCWBDomain::cps.o ps7_cortexa9_0/lib/xiicps_options.o ps7_cortexa9_0/lib/xuartps_selftest.o ps7_cortexa9_0/lib/lseek.o ps7_cortexa9_0/lib/x
TRACE::2022-08-09.15:36:26::SCWBDomain::il_testmem.o ps7_cortexa9_0/lib/xusbps_hw.o ps7_cortexa9_0/lib/xl2cc_counter.o ps7_cortexa9_0/lib/xiicps_hw.o ps7_cortexa9_0/li
TRACE::2022-08-09.15:36:26::SCWBDomain::b/xuartps_g.o ps7_cortexa9_0/lib/asm_vectors.o ps7_cortexa9_0/lib/usleep.o ps7_cortexa9_0/lib/xvtc_selftest.o ps7_cortexa9_0/li
TRACE::2022-08-09.15:36:26::SCWBDomain::b/abort.o ps7_cortexa9_0/lib/xscugic_intr.o ps7_cortexa9_0/lib/getpid.o ps7_cortexa9_0/lib/xiicps_selftest.o ps7_cortexa9_0/lib
TRACE::2022-08-09.15:36:26::SCWBDomain::/xil_testcache.o ps7_cortexa9_0/lib/xdevcfg_sinit.o ps7_cortexa9_0/lib/xdmaps.o ps7_cortexa9_0/lib/xscutimer.o ps7_cortexa9_0/l
TRACE::2022-08-09.15:36:26::SCWBDomain::ib/xil_mem.o ps7_cortexa9_0/lib/xdevcfg_selftest.o ps7_cortexa9_0/lib/xpm_counter.o ps7_cortexa9_0/lib/xiicps.o ps7_cortexa9_0/
TRACE::2022-08-09.15:36:26::SCWBDomain::lib/_sbrk.o ps7_cortexa9_0/lib/xiicps_master.o ps7_cortexa9_0/lib/xqspips_g.o ps7_cortexa9_0/lib/xgpiops.o ps7_cortexa9_0/lib/x
TRACE::2022-08-09.15:36:26::SCWBDomain::emacps.o ps7_cortexa9_0/lib/xusbps_g.o ps7_cortexa9_0/lib/xqspips_sinit.o ps7_cortexa9_0/lib/xqspips_selftest.o ps7_cortexa9_0/
TRACE::2022-08-09.15:36:26::SCWBDomain::lib/xil_exception.o ps7_cortexa9_0/lib/sbrk.o ps7_cortexa9_0/lib/xaxivdma.o ps7_cortexa9_0/lib/xemacps_control.o ps7_cortexa9_0
TRACE::2022-08-09.15:36:26::SCWBDomain::/lib/open.o ps7_cortexa9_0/lib/xil_assert.o ps7_cortexa9_0/lib/xaxivdma_intr.o ps7_cortexa9_0/lib/xusbps_intr.o ps7_cortexa9_0/
TRACE::2022-08-09.15:36:26::SCWBDomain::lib/xsdps_host.o ps7_cortexa9_0/lib/xcoresightpsdcc.o ps7_cortexa9_0/lib/xiicps_xfer.o ps7_cortexa9_0/lib/xscugic_hw.o ps7_cort
TRACE::2022-08-09.15:36:26::SCWBDomain::exa9_0/lib/sleep.o ps7_cortexa9_0/lib/xil-crt0.o ps7_cortexa9_0/lib/cpputest_time.o ps7_cortexa9_0/lib/xvtc.o ps7_cortexa9_0/li
TRACE::2022-08-09.15:36:26::SCWBDomain::b/_open.o ps7_cortexa9_0/lib/kill.o ps7_cortexa9_0/lib/print.o ps7_cortexa9_0/lib/read.o ps7_cortexa9_0/lib/xiicps_g.o ps7_cort
TRACE::2022-08-09.15:36:26::SCWBDomain::exa9_0/lib/xdevcfg.o ps7_cortexa9_0/lib/xadcps_intr.o ps7_cortexa9_0/lib/xqspips.o ps7_cortexa9_0/lib/xclk_wiz_g.o ps7_cortexa9
TRACE::2022-08-09.15:36:26::SCWBDomain::_0/lib/xil_cache.o ps7_cortexa9_0/lib/xclk_wiz_sinit.o ps7_cortexa9_0/lib/unlink.o ps7_cortexa9_0/lib/xusbps.o ps7_cortexa9_0/l
TRACE::2022-08-09.15:36:26::SCWBDomain::ib/xil_spinlock.o ps7_cortexa9_0/lib/translation_table.o ps7_cortexa9_0/lib/write.o ps7_cortexa9_0/lib/xil_mmu.o ps7_cortexa9_0
TRACE::2022-08-09.15:36:26::SCWBDomain::/lib/boot.o ps7_cortexa9_0/lib/xemacps_bdring.o ps7_cortexa9_0/lib/xaxivdma_channel.o ps7_cortexa9_0/lib/cpu_init.o ps7_cortexa
TRACE::2022-08-09.15:36:26::SCWBDomain::9_0/lib/xsdps_sinit.o ps7_cortexa9_0/lib/xil_sleepcommon.o ps7_cortexa9_0/lib/xgpiops_intr.o ps7_cortexa9_0/lib/xscugic_sinit.o
TRACE::2022-08-09.15:36:26::SCWBDomain:: ps7_cortexa9_0/lib/fcntl.o ps7_cortexa9_0/lib/xdevcfg_g.o ps7_cortexa9_0/lib/outbyte.o ps7_cortexa9_0/lib/xuartps_hw.o ps7_cor
TRACE::2022-08-09.15:36:26::SCWBDomain::texa9_0/lib/xtime_l.o ps7_cortexa9_0/lib/xemacps_sinit.o ps7_cortexa9_0/lib/xscugic_selftest.o ps7_cortexa9_0/lib/xil_util.o ps
TRACE::2022-08-09.15:36:26::SCWBDomain::7_cortexa9_0/lib/xuartps_intr.o ps7_cortexa9_0/lib/xuartps.o ps7_cortexa9_0/lib/xsdps_card.o ps7_cortexa9_0/lib/xdmaps_hw.o ps7
TRACE::2022-08-09.15:36:26::SCWBDomain::_cortexa9_0/lib/xclk_wiz.o ps7_cortexa9_0/lib/xgpiops_hw.o ps7_cortexa9_0/lib/xsdps_g.o ps7_cortexa9_0/lib/fstat.o ps7_cortexa9
TRACE::2022-08-09.15:36:26::SCWBDomain::_0/lib/errno.o ps7_cortexa9_0/lib/xdevcfg_intr.o ps7_cortexa9_0/lib/xuartps_options.o ps7_cortexa9_0/lib/vectors.o ps7_cortexa9
TRACE::2022-08-09.15:36:26::SCWBDomain::_0/lib/xscuwdt_g.o ps7_cortexa9_0/lib/xclk_wiz_intr.o ps7_cortexa9_0/lib/xscuwdt_sinit.o ps7_cortexa9_0/lib/xemacps_intr.o ps7_
TRACE::2022-08-09.15:36:26::SCWBDomain::cortexa9_0/lib/xscuwdt_selftest.o ps7_cortexa9_0/lib/xscugic_g.o ps7_cortexa9_0/lib/isatty.o ps7_cortexa9_0/lib/xscugic.o ps7_c
TRACE::2022-08-09.15:36:26::SCWBDomain::ortexa9_0/lib/xiicps_sinit.o ps7_cortexa9_0/lib/xadcps_g.o ps7_cortexa9_0/lib/xadcps_sinit.o

TRACE::2022-08-09.15:36:26::SCWBDomain::'Finished building libraries'

TRACE::2022-08-09.15:36:26::SCWBDomain::make: Leaving directory 'D:/WorkRaduV/Projects/Tests/ReleaseDummyWS/system_wrapper/zynq_fsbl/zynq_fsbl_bsp'

TRACE::2022-08-09.15:36:27::SCWBDomain::arm-none-eabi-gcc -o fsbl.elf  sd.o  nand.o  image_mover.o  md5.o  fsbl_hooks.o  main.o  nor.o  qspi.o  rsa.o  ps7_init.o  pcap
TRACE::2022-08-09.15:36:27::SCWBDomain::.o  fsbl_handoff.o -MMD -MP       -mcpu=cortex-a9 -mfpu=vfpv3 -mfloat-abi=hard   -mcpu=cortex-a9 -mfpu=vfpv3 -mfloat-abi=hard -
TRACE::2022-08-09.15:36:27::SCWBDomain::Wl,-build-id=none -specs=Xilinx.spec  -lrsa -Wl,--start-group,-lxil,-lgcc,-lc,--end-group -Wl,--start-group,-lxilffs,-lxil,-lgc
TRACE::2022-08-09.15:36:27::SCWBDomain::c,-lc,--end-group -Wl,--start-group,-lrsa,-lxil,-lgcc,-lc,--end-group                                          -Wl,--gc-section
TRACE::2022-08-09.15:36:27::SCWBDomain::s -Lzynq_fsbl_bsp/ps7_cortexa9_0/lib -L./ -Tlscript.ld

LOG::2022-08-09.15:36:27::SCWSystem::Started Processing the domain domain_ps7_cortexa9_0
TRACE::2022-08-09.15:36:27::SCWDomain::Generating domain artifcats
TRACE::2022-08-09.15:36:27::SCWMssOS::Generating standalone artifcats
TRACE::2022-08-09.15:36:27::SCWMssOS::Copying the qemu file from  C:/Xilinx/Vitis/2021.1/data/emulation/platforms/zynq/sw/a9_standalone/qemu/qemu_args.txt To D:/WorkRaduV/Projects/Tests/ReleaseDummyWS/system_wrapper/export/system_wrapper/sw/system_wrapper/qemu/
TRACE::2022-08-09.15:36:27::SCWMssOS::Copying the qemu file from  C:/Xilinx/Vitis/2021.1/data/emulation/platforms/zynq/sw/a9_standalone/qemu/qemu_args.txt To D:/WorkRaduV/Projects/Tests/ReleaseDummyWS/system_wrapper/export/system_wrapper/sw/system_wrapper/domain_ps7_cortexa9_0/qemu/
TRACE::2022-08-09.15:36:27::SCWMssOS:: Copying the user libraries. 
TRACE::2022-08-09.15:36:27::SCWPlatform::Trying to open the hw design at D:/WorkRaduV/Projects/Tests/ReleaseDummyWS/system_wrapper/hw/system_wrapper.xsa
TRACE::2022-08-09.15:36:27::SCWPlatform::DSA given D:/WorkRaduV/Projects/Tests/ReleaseDummyWS/system_wrapper/hw/system_wrapper.xsa
TRACE::2022-08-09.15:36:27::SCWPlatform::DSA absoulate path D:/WorkRaduV/Projects/Tests/ReleaseDummyWS/system_wrapper/hw/system_wrapper.xsa
TRACE::2022-08-09.15:36:27::SCWPlatform::DSA directory D:/WorkRaduV/Projects/Tests/ReleaseDummyWS/system_wrapper/hw
TRACE::2022-08-09.15:36:27::SCWPlatform:: Platform Path D:/WorkRaduV/Projects/Tests/ReleaseDummyWS/system_wrapper/hw/system_wrapper.xsa
TRACE::2022-08-09.15:36:27::SCWPlatform:: Unique name xilinx:zybo-z7-20::0.0
TRACE::2022-08-09.15:36:27::SCWPlatform::Trying to set the existing hwdb with name system_wrapper
TRACE::2022-08-09.15:36:27::SCWPlatform::Opened existing hwdb system_wrapper
TRACE::2022-08-09.15:36:27::SCWPlatform::Found the Hw Db part of the input DSA
TRACE::2022-08-09.15:36:27::SCWMssOS::Checking the sw design at  D:/WorkRaduV/Projects/Tests/ReleaseDummyWS/system_wrapper/ps7_cortexa9_0/domain_ps7_cortexa9_0/bsp/system.mss
TRACE::2022-08-09.15:36:27::SCWMssOS::DEBUG:  swdes dump  D:/WorkRaduV/Projects/Tests/ReleaseDummyWS/system_wrapper/ps7_cortexa9_0/domain_ps7_cortexa9_0/bsp/system.mss|system||
D:/WorkRaduV/Projects/Tests/ReleaseDummyWS/system_wrapper/zynq_fsbl/zynq_fsbl_bsp/system.mss|system_0||

TRACE::2022-08-09.15:36:27::SCWMssOS::Sw design exists and opened at  D:/WorkRaduV/Projects/Tests/ReleaseDummyWS/system_wrapper/ps7_cortexa9_0/domain_ps7_cortexa9_0/bsp/system.mss
TRACE::2022-08-09.15:36:27::SCWMssOS::Completed writing the mss file at D:/WorkRaduV/Projects/Tests/ReleaseDummyWS/system_wrapper/ps7_cortexa9_0/domain_ps7_cortexa9_0/bsp
TRACE::2022-08-09.15:36:27::SCWMssOS::Mss edits present, copying mssfile into export location D:/WorkRaduV/Projects/Tests/ReleaseDummyWS/system_wrapper/ps7_cortexa9_0/domain_ps7_cortexa9_0/bsp/system.mss
TRACE::2022-08-09.15:36:27::SCWMssOS::bsp generated is upto date with the mss file. Skipping bsp generation.
TRACE::2022-08-09.15:36:27::SCWMssOS::BSP is already built. skipping the bsp build ... 
TRACE::2022-08-09.15:36:27::SCWDomain::Building the domain as part of full build :  domain_ps7_cortexa9_0
TRACE::2022-08-09.15:36:27::SCWMssOS::doing bsp build ... 
TRACE::2022-08-09.15:36:27::SCWMssOS::System Command Ran  D: & cd  D:/WorkRaduV/Projects/Tests/ReleaseDummyWS/system_wrapper/ps7_cortexa9_0/domain_ps7_cortexa9_0/bsp & make 
TRACE::2022-08-09.15:36:27::SCWMssOS::make --no-print-directory seq_libs

TRACE::2022-08-09.15:36:27::SCWMssOS::"Running Make include in ps7_cortexa9_0/libsrc/axivdma_v6_9/src"

TRACE::2022-08-09.15:36:27::SCWMssOS::make -C ps7_cortexa9_0/libsrc/axivdma_v6_9/src -s include  "SHELL=CMD" "COMPILER=arm-none-eabi-gcc" "ASSEMBLER=arm-none-eabi-as
TRACE::2022-08-09.15:36:27::SCWMssOS::" "ARCHIVER=arm-none-eabi-ar" "COMPILER_FLAGS=  -O2 -c" "EXTRA_COMPILER_FLAGS=-mcpu=cortex-a9 -mfpu=vfpv3 -mfloat-abi=hard -nos
TRACE::2022-08-09.15:36:27::SCWMssOS::tartfiles -g -Wall -Wextra -fno-tree-loop-distribute-patterns"

TRACE::2022-08-09.15:36:27::SCWMssOS::"Running Make include in ps7_cortexa9_0/libsrc/clk_wiz_v1_4/src"

TRACE::2022-08-09.15:36:27::SCWMssOS::make -C ps7_cortexa9_0/libsrc/clk_wiz_v1_4/src -s include  "SHELL=CMD" "COMPILER=arm-none-eabi-gcc" "ASSEMBLER=arm-none-eabi-as
TRACE::2022-08-09.15:36:27::SCWMssOS::" "ARCHIVER=arm-none-eabi-ar" "COMPILER_FLAGS=  -O2 -c" "EXTRA_COMPILER_FLAGS=-mcpu=cortex-a9 -mfpu=vfpv3 -mfloat-abi=hard -nos
TRACE::2022-08-09.15:36:27::SCWMssOS::tartfiles -g -Wall -Wextra -fno-tree-loop-distribute-patterns"

TRACE::2022-08-09.15:36:27::SCWMssOS::"Running Make include in ps7_cortexa9_0/libsrc/coresightps_dcc_v1_8/src"

TRACE::2022-08-09.15:36:27::SCWMssOS::make -C ps7_cortexa9_0/libsrc/coresightps_dcc_v1_8/src -s include  "SHELL=CMD" "COMPILER=arm-none-eabi-gcc" "ASSEMBLER=arm-none
TRACE::2022-08-09.15:36:27::SCWMssOS::-eabi-as" "ARCHIVER=arm-none-eabi-ar" "COMPILER_FLAGS=  -O2 -c" "EXTRA_COMPILER_FLAGS=-mcpu=cortex-a9 -mfpu=vfpv3 -mfloat-abi=h
TRACE::2022-08-09.15:36:27::SCWMssOS::ard -nostartfiles -g -Wall -Wextra -fno-tree-loop-distribute-patterns"

TRACE::2022-08-09.15:36:27::SCWMssOS::"Running Make include in ps7_cortexa9_0/libsrc/cpu_cortexa9_v2_11/src"

TRACE::2022-08-09.15:36:27::SCWMssOS::make -C ps7_cortexa9_0/libsrc/cpu_cortexa9_v2_11/src -s include  "SHELL=CMD" "COMPILER=arm-none-eabi-gcc" "ASSEMBLER=arm-none-e
TRACE::2022-08-09.15:36:27::SCWMssOS::abi-as" "ARCHIVER=arm-none-eabi-ar" "COMPILER_FLAGS=  -O2 -c" "EXTRA_COMPILER_FLAGS=-mcpu=cortex-a9 -mfpu=vfpv3 -mfloat-abi=har
TRACE::2022-08-09.15:36:27::SCWMssOS::d -nostartfiles -g -Wall -Wextra -fno-tree-loop-distribute-patterns"

TRACE::2022-08-09.15:36:27::SCWMssOS::"Running Make include in ps7_cortexa9_0/libsrc/ddrps_v1_2/src"

TRACE::2022-08-09.15:36:27::SCWMssOS::make -C ps7_cortexa9_0/libsrc/ddrps_v1_2/src -s include  "SHELL=CMD" "COMPILER=arm-none-eabi-gcc" "ASSEMBLER=arm-none-eabi-as" 
TRACE::2022-08-09.15:36:27::SCWMssOS::"ARCHIVER=arm-none-eabi-ar" "COMPILER_FLAGS=  -O2 -c" "EXTRA_COMPILER_FLAGS=-mcpu=cortex-a9 -mfpu=vfpv3 -mfloat-abi=hard -nosta
TRACE::2022-08-09.15:36:27::SCWMssOS::rtfiles -g -Wall -Wextra -fno-tree-loop-distribute-patterns"

TRACE::2022-08-09.15:36:27::SCWMssOS::"Running Make include in ps7_cortexa9_0/libsrc/devcfg_v3_7/src"

TRACE::2022-08-09.15:36:27::SCWMssOS::make -C ps7_cortexa9_0/libsrc/devcfg_v3_7/src -s include  "SHELL=CMD" "COMPILER=arm-none-eabi-gcc" "ASSEMBLER=arm-none-eabi-as"
TRACE::2022-08-09.15:36:27::SCWMssOS:: "ARCHIVER=arm-none-eabi-ar" "COMPILER_FLAGS=  -O2 -c" "EXTRA_COMPILER_FLAGS=-mcpu=cortex-a9 -mfpu=vfpv3 -mfloat-abi=hard -nost
TRACE::2022-08-09.15:36:27::SCWMssOS::artfiles -g -Wall -Wextra -fno-tree-loop-distribute-patterns"

TRACE::2022-08-09.15:36:28::SCWMssOS::"Running Make include in ps7_cortexa9_0/libsrc/dmaps_v2_8/src"

TRACE::2022-08-09.15:36:28::SCWMssOS::make -C ps7_cortexa9_0/libsrc/dmaps_v2_8/src -s include  "SHELL=CMD" "COMPILER=arm-none-eabi-gcc" "ASSEMBLER=arm-none-eabi-as" 
TRACE::2022-08-09.15:36:28::SCWMssOS::"ARCHIVER=arm-none-eabi-ar" "COMPILER_FLAGS=  -O2 -c" "EXTRA_COMPILER_FLAGS=-mcpu=cortex-a9 -mfpu=vfpv3 -mfloat-abi=hard -nosta
TRACE::2022-08-09.15:36:28::SCWMssOS::rtfiles -g -Wall -Wextra -fno-tree-loop-distribute-patterns"

TRACE::2022-08-09.15:36:28::SCWMssOS::"Running Make include in ps7_cortexa9_0/libsrc/emacps_v3_14/src"

TRACE::2022-08-09.15:36:28::SCWMssOS::make -C ps7_cortexa9_0/libsrc/emacps_v3_14/src -s include  "SHELL=CMD" "COMPILER=arm-none-eabi-gcc" "ASSEMBLER=arm-none-eabi-as
TRACE::2022-08-09.15:36:28::SCWMssOS::" "ARCHIVER=arm-none-eabi-ar" "COMPILER_FLAGS=  -O2 -c" "EXTRA_COMPILER_FLAGS=-mcpu=cortex-a9 -mfpu=vfpv3 -mfloat-abi=hard -nos
TRACE::2022-08-09.15:36:28::SCWMssOS::tartfiles -g -Wall -Wextra -fno-tree-loop-distribute-patterns"

TRACE::2022-08-09.15:36:28::SCWMssOS::"Running Make include in ps7_cortexa9_0/libsrc/gpiops_v3_9/src"

TRACE::2022-08-09.15:36:28::SCWMssOS::make -C ps7_cortexa9_0/libsrc/gpiops_v3_9/src -s include  "SHELL=CMD" "COMPILER=arm-none-eabi-gcc" "ASSEMBLER=arm-none-eabi-as"
TRACE::2022-08-09.15:36:28::SCWMssOS:: "ARCHIVER=arm-none-eabi-ar" "COMPILER_FLAGS=  -O2 -c" "EXTRA_COMPILER_FLAGS=-mcpu=cortex-a9 -mfpu=vfpv3 -mfloat-abi=hard -nost
TRACE::2022-08-09.15:36:28::SCWMssOS::artfiles -g -Wall -Wextra -fno-tree-loop-distribute-patterns"

TRACE::2022-08-09.15:36:28::SCWMssOS::"Running Make include in ps7_cortexa9_0/libsrc/iicps_v3_13/src"

TRACE::2022-08-09.15:36:28::SCWMssOS::make -C ps7_cortexa9_0/libsrc/iicps_v3_13/src -s include  "SHELL=CMD" "COMPILER=arm-none-eabi-gcc" "ASSEMBLER=arm-none-eabi-as"
TRACE::2022-08-09.15:36:28::SCWMssOS:: "ARCHIVER=arm-none-eabi-ar" "COMPILER_FLAGS=  -O2 -c" "EXTRA_COMPILER_FLAGS=-mcpu=cortex-a9 -mfpu=vfpv3 -mfloat-abi=hard -nost
TRACE::2022-08-09.15:36:28::SCWMssOS::artfiles -g -Wall -Wextra -fno-tree-loop-distribute-patterns"

TRACE::2022-08-09.15:36:28::SCWMssOS::"Running Make include in ps7_cortexa9_0/libsrc/MIPI_CSI_2_RX_v1_0/src"

TRACE::2022-08-09.15:36:28::SCWMssOS::make -C ps7_cortexa9_0/libsrc/MIPI_CSI_2_RX_v1_0/src -s include  "SHELL=CMD" "COMPILER=arm-none-eabi-gcc" "ASSEMBLER=arm-none-e
TRACE::2022-08-09.15:36:28::SCWMssOS::abi-as" "ARCHIVER=arm-none-eabi-ar" "COMPILER_FLAGS=  -O2 -c" "EXTRA_COMPILER_FLAGS=-mcpu=cortex-a9 -mfpu=vfpv3 -mfloat-abi=har
TRACE::2022-08-09.15:36:28::SCWMssOS::d -nostartfiles -g -Wall -Wextra -fno-tree-loop-distribute-patterns"

TRACE::2022-08-09.15:36:28::SCWMssOS::"Running Make include in ps7_cortexa9_0/libsrc/MIPI_D_PHY_RX_v1_0/src"

TRACE::2022-08-09.15:36:28::SCWMssOS::make -C ps7_cortexa9_0/libsrc/MIPI_D_PHY_RX_v1_0/src -s include  "SHELL=CMD" "COMPILER=arm-none-eabi-gcc" "ASSEMBLER=arm-none-e
TRACE::2022-08-09.15:36:28::SCWMssOS::abi-as" "ARCHIVER=arm-none-eabi-ar" "COMPILER_FLAGS=  -O2 -c" "EXTRA_COMPILER_FLAGS=-mcpu=cortex-a9 -mfpu=vfpv3 -mfloat-abi=har
TRACE::2022-08-09.15:36:28::SCWMssOS::d -nostartfiles -g -Wall -Wextra -fno-tree-loop-distribute-patterns"

TRACE::2022-08-09.15:36:28::SCWMssOS::"Running Make include in ps7_cortexa9_0/libsrc/qspips_v3_9/src"

TRACE::2022-08-09.15:36:28::SCWMssOS::make -C ps7_cortexa9_0/libsrc/qspips_v3_9/src -s include  "SHELL=CMD" "COMPILER=arm-none-eabi-gcc" "ASSEMBLER=arm-none-eabi-as"
TRACE::2022-08-09.15:36:28::SCWMssOS:: "ARCHIVER=arm-none-eabi-ar" "COMPILER_FLAGS=  -O2 -c" "EXTRA_COMPILER_FLAGS=-mcpu=cortex-a9 -mfpu=vfpv3 -mfloat-abi=hard -nost
TRACE::2022-08-09.15:36:28::SCWMssOS::artfiles -g -Wall -Wextra -fno-tree-loop-distribute-patterns"

TRACE::2022-08-09.15:36:28::SCWMssOS::"Running Make include in ps7_cortexa9_0/libsrc/scugic_v4_5/src"

TRACE::2022-08-09.15:36:28::SCWMssOS::make -C ps7_cortexa9_0/libsrc/scugic_v4_5/src -s include  "SHELL=CMD" "COMPILER=arm-none-eabi-gcc" "ASSEMBLER=arm-none-eabi-as"
TRACE::2022-08-09.15:36:28::SCWMssOS:: "ARCHIVER=arm-none-eabi-ar" "COMPILER_FLAGS=  -O2 -c" "EXTRA_COMPILER_FLAGS=-mcpu=cortex-a9 -mfpu=vfpv3 -mfloat-abi=hard -nost
TRACE::2022-08-09.15:36:28::SCWMssOS::artfiles -g -Wall -Wextra -fno-tree-loop-distribute-patterns"

TRACE::2022-08-09.15:36:28::SCWMssOS::"Running Make include in ps7_cortexa9_0/libsrc/scutimer_v2_3/src"

TRACE::2022-08-09.15:36:29::SCWMssOS::make -C ps7_cortexa9_0/libsrc/scutimer_v2_3/src -s include  "SHELL=CMD" "COMPILER=arm-none-eabi-gcc" "ASSEMBLER=arm-none-eabi-a
TRACE::2022-08-09.15:36:29::SCWMssOS::s" "ARCHIVER=arm-none-eabi-ar" "COMPILER_FLAGS=  -O2 -c" "EXTRA_COMPILER_FLAGS=-mcpu=cortex-a9 -mfpu=vfpv3 -mfloat-abi=hard -no
TRACE::2022-08-09.15:36:29::SCWMssOS::startfiles -g -Wall -Wextra -fno-tree-loop-distribute-patterns"

TRACE::2022-08-09.15:36:29::SCWMssOS::"Running Make include in ps7_cortexa9_0/libsrc/scuwdt_v2_4/src"

TRACE::2022-08-09.15:36:29::SCWMssOS::make -C ps7_cortexa9_0/libsrc/scuwdt_v2_4/src -s include  "SHELL=CMD" "COMPILER=arm-none-eabi-gcc" "ASSEMBLER=arm-none-eabi-as"
TRACE::2022-08-09.15:36:29::SCWMssOS:: "ARCHIVER=arm-none-eabi-ar" "COMPILER_FLAGS=  -O2 -c" "EXTRA_COMPILER_FLAGS=-mcpu=cortex-a9 -mfpu=vfpv3 -mfloat-abi=hard -nost
TRACE::2022-08-09.15:36:29::SCWMssOS::artfiles -g -Wall -Wextra -fno-tree-loop-distribute-patterns"

TRACE::2022-08-09.15:36:29::SCWMssOS::"Running Make include in ps7_cortexa9_0/libsrc/sdps_v3_12/src"

TRACE::2022-08-09.15:36:29::SCWMssOS::make -C ps7_cortexa9_0/libsrc/sdps_v3_12/src -s include  "SHELL=CMD" "COMPILER=arm-none-eabi-gcc" "ASSEMBLER=arm-none-eabi-as" 
TRACE::2022-08-09.15:36:29::SCWMssOS::"ARCHIVER=arm-none-eabi-ar" "COMPILER_FLAGS=  -O2 -c" "EXTRA_COMPILER_FLAGS=-mcpu=cortex-a9 -mfpu=vfpv3 -mfloat-abi=hard -nosta
TRACE::2022-08-09.15:36:29::SCWMssOS::rtfiles -g -Wall -Wextra -fno-tree-loop-distribute-patterns"

TRACE::2022-08-09.15:36:29::SCWMssOS::"Running Make include in ps7_cortexa9_0/libsrc/standalone_v7_5/src"

TRACE::2022-08-09.15:36:29::SCWMssOS::make -C ps7_cortexa9_0/libsrc/standalone_v7_5/src -s include  "SHELL=CMD" "COMPILER=arm-none-eabi-gcc" "ASSEMBLER=arm-none-eabi
TRACE::2022-08-09.15:36:29::SCWMssOS::-as" "ARCHIVER=arm-none-eabi-ar" "COMPILER_FLAGS=  -O2 -c" "EXTRA_COMPILER_FLAGS=-mcpu=cortex-a9 -mfpu=vfpv3 -mfloat-abi=hard -
TRACE::2022-08-09.15:36:29::SCWMssOS::nostartfiles -g -Wall -Wextra -fno-tree-loop-distribute-patterns"

TRACE::2022-08-09.15:36:29::SCWMssOS::"Running Make include in ps7_cortexa9_0/libsrc/uartps_v3_11/src"

TRACE::2022-08-09.15:36:29::SCWMssOS::make -C ps7_cortexa9_0/libsrc/uartps_v3_11/src -s include  "SHELL=CMD" "COMPILER=arm-none-eabi-gcc" "ASSEMBLER=arm-none-eabi-as
TRACE::2022-08-09.15:36:29::SCWMssOS::" "ARCHIVER=arm-none-eabi-ar" "COMPILER_FLAGS=  -O2 -c" "EXTRA_COMPILER_FLAGS=-mcpu=cortex-a9 -mfpu=vfpv3 -mfloat-abi=hard -nos
TRACE::2022-08-09.15:36:29::SCWMssOS::tartfiles -g -Wall -Wextra -fno-tree-loop-distribute-patterns"

TRACE::2022-08-09.15:36:30::SCWMssOS::"Running Make include in ps7_cortexa9_0/libsrc/usbps_v2_7/src"

TRACE::2022-08-09.15:36:30::SCWMssOS::make -C ps7_cortexa9_0/libsrc/usbps_v2_7/src -s include  "SHELL=CMD" "COMPILER=arm-none-eabi-gcc" "ASSEMBLER=arm-none-eabi-as" 
TRACE::2022-08-09.15:36:30::SCWMssOS::"ARCHIVER=arm-none-eabi-ar" "COMPILER_FLAGS=  -O2 -c" "EXTRA_COMPILER_FLAGS=-mcpu=cortex-a9 -mfpu=vfpv3 -mfloat-abi=hard -nosta
TRACE::2022-08-09.15:36:30::SCWMssOS::rtfiles -g -Wall -Wextra -fno-tree-loop-distribute-patterns"

TRACE::2022-08-09.15:36:30::SCWMssOS::"Running Make include in ps7_cortexa9_0/libsrc/vtc_v8_3/src"

TRACE::2022-08-09.15:36:30::SCWMssOS::make -C ps7_cortexa9_0/libsrc/vtc_v8_3/src -s include  "SHELL=CMD" "COMPILER=arm-none-eabi-gcc" "ASSEMBLER=arm-none-eabi-as" "A
TRACE::2022-08-09.15:36:30::SCWMssOS::RCHIVER=arm-none-eabi-ar" "COMPILER_FLAGS=  -O2 -c" "EXTRA_COMPILER_FLAGS=-mcpu=cortex-a9 -mfpu=vfpv3 -mfloat-abi=hard -nostart
TRACE::2022-08-09.15:36:30::SCWMssOS::files -g -Wall -Wextra -fno-tree-loop-distribute-patterns"

TRACE::2022-08-09.15:36:30::SCWMssOS::"Running Make include in ps7_cortexa9_0/libsrc/xadcps_v2_6/src"

TRACE::2022-08-09.15:36:30::SCWMssOS::make -C ps7_cortexa9_0/libsrc/xadcps_v2_6/src -s include  "SHELL=CMD" "COMPILER=arm-none-eabi-gcc" "ASSEMBLER=arm-none-eabi-as"
TRACE::2022-08-09.15:36:30::SCWMssOS:: "ARCHIVER=arm-none-eabi-ar" "COMPILER_FLAGS=  -O2 -c" "EXTRA_COMPILER_FLAGS=-mcpu=cortex-a9 -mfpu=vfpv3 -mfloat-abi=hard -nost
TRACE::2022-08-09.15:36:30::SCWMssOS::artfiles -g -Wall -Wextra -fno-tree-loop-distribute-patterns"

TRACE::2022-08-09.15:36:30::SCWMssOS::"Running Make libs in ps7_cortexa9_0/libsrc/MIPI_CSI_2_RX_v1_0/src"

TRACE::2022-08-09.15:36:30::SCWMssOS::make -C ps7_cortexa9_0/libsrc/MIPI_CSI_2_RX_v1_0/src -s libs  "SHELL=CMD" "COMPILER=arm-none-eabi-gcc" "ASSEMBLER=arm-none-eabi
TRACE::2022-08-09.15:36:30::SCWMssOS::-as" "ARCHIVER=arm-none-eabi-ar" "COMPILER_FLAGS=  -O2 -c" "EXTRA_COMPILER_FLAGS=-mcpu=cortex-a9 -mfpu=vfpv3 -mfloat-abi=hard -
TRACE::2022-08-09.15:36:30::SCWMssOS::nostartfiles -g -Wall -Wextra -fno-tree-loop-distribute-patterns"

TRACE::2022-08-09.15:36:30::SCWMssOS::"Compiling MIPI_CSI_2_RX"

TRACE::2022-08-09.15:36:31::SCWMssOS::"Running Make libs in ps7_cortexa9_0/libsrc/MIPI_D_PHY_RX_v1_0/src"

TRACE::2022-08-09.15:36:31::SCWMssOS::make -C ps7_cortexa9_0/libsrc/MIPI_D_PHY_RX_v1_0/src -s libs  "SHELL=CMD" "COMPILER=arm-none-eabi-gcc" "ASSEMBLER=arm-none-eabi
TRACE::2022-08-09.15:36:31::SCWMssOS::-as" "ARCHIVER=arm-none-eabi-ar" "COMPILER_FLAGS=  -O2 -c" "EXTRA_COMPILER_FLAGS=-mcpu=cortex-a9 -mfpu=vfpv3 -mfloat-abi=hard -
TRACE::2022-08-09.15:36:31::SCWMssOS::nostartfiles -g -Wall -Wextra -fno-tree-loop-distribute-patterns"

TRACE::2022-08-09.15:36:31::SCWMssOS::"Compiling MIPI_D_PHY_RX"

TRACE::2022-08-09.15:36:32::SCWMssOS::'Finished building libraries sequentially.'

TRACE::2022-08-09.15:36:32::SCWMssOS::make -j 46 --no-print-directory par_libs

TRACE::2022-08-09.15:36:32::SCWMssOS::"Running Make include in ps7_cortexa9_0/libsrc/axivdma_v6_9/src"

TRACE::2022-08-09.15:36:32::SCWMssOS::"Running Make include in ps7_cortexa9_0/libsrc/clk_wiz_v1_4/src"

TRACE::2022-08-09.15:36:32::SCWMssOS::make -C ps7_cortexa9_0/libsrc/axivdma_v6_9/src -s include  "SHELL=CMD" "COMPILER=arm-none-eabi-gcc" "ASSEMBLER=arm-none-eabi-as
TRACE::2022-08-09.15:36:32::SCWMssOS::" "ARCHIVER=arm-none-eabi-ar" "COMPILER_FLAGS=  -O2 -c" "EXTRA_COMPILER_FLAGS=-mcpu=cortex-a9 -mfpu=vfpv3 -mfloat-abi=hard -nos
TRACE::2022-08-09.15:36:32::SCWMssOS::tartfiles -g -Wall -Wextra -fno-tree-loop-distribute-patterns"

TRACE::2022-08-09.15:36:32::SCWMssOS::"Running Make include in ps7_cortexa9_0/libsrc/coresightps_dcc_v1_8/src"

TRACE::2022-08-09.15:36:32::SCWMssOS::make -C ps7_cortexa9_0/libsrc/clk_wiz_v1_4/src -s include  "SHELL=CMD" "COMPILER=arm-none-eabi-gcc" "ASSEMBLER=arm-none-eabi-as
TRACE::2022-08-09.15:36:32::SCWMssOS::" "ARCHIVER=arm-none-eabi-ar" "COMPILER_FLAGS=  -O2 -c" "EXTRA_COMPILER_FLAGS=-mcpu=cortex-a9 -mfpu=vfpv3 -mfloat-abi=hard -nos
TRACE::2022-08-09.15:36:32::SCWMssOS::tartfiles -g -Wall -Wextra -fno-tree-loop-distribute-patterns"

TRACE::2022-08-09.15:36:32::SCWMssOS::make -C ps7_cortexa9_0/libsrc/coresightps_dcc_v1_8/src -s include  "SHELL=CMD" "COMPILER=arm-none-eabi-gcc" "ASSEMBLER=arm-none
TRACE::2022-08-09.15:36:32::SCWMssOS::-eabi-as" "ARCHIVER=arm-none-eabi-ar" "COMPILER_FLAGS=  -O2 -c" "EXTRA_COMPILER_FLAGS=-mcpu=cortex-a9 -mfpu=vfpv3 -mfloat-abi=h
TRACE::2022-08-09.15:36:32::SCWMssOS::ard -nostartfiles -g -Wall -Wextra -fno-tree-loop-distribute-patterns"

TRACE::2022-08-09.15:36:32::SCWMssOS::"Running Make include in ps7_cortexa9_0/libsrc/cpu_cortexa9_v2_11/src"

TRACE::2022-08-09.15:36:32::SCWMssOS::"Running Make include in ps7_cortexa9_0/libsrc/ddrps_v1_2/src"

TRACE::2022-08-09.15:36:32::SCWMssOS::make -C ps7_cortexa9_0/libsrc/cpu_cortexa9_v2_11/src -s include  "SHELL=CMD" "COMPILER=arm-none-eabi-gcc" "ASSEMBLER=arm-none-e
TRACE::2022-08-09.15:36:32::SCWMssOS::abi-as" "ARCHIVER=arm-none-eabi-ar" "COMPILER_FLAGS=  -O2 -c" "EXTRA_COMPILER_FLAGS=-mcpu=cortex-a9 -mfpu=vfpv3 -mfloat-abi=har
TRACE::2022-08-09.15:36:32::SCWMssOS::d -nostartfiles -g -Wall -Wextra -fno-tree-loop-distribute-patterns"

TRACE::2022-08-09.15:36:32::SCWMssOS::"Running Make include in ps7_cortexa9_0/libsrc/devcfg_v3_7/src"

TRACE::2022-08-09.15:36:32::SCWMssOS::make -C ps7_cortexa9_0/libsrc/ddrps_v1_2/src -s include  "SHELL=CMD" "COMPILER=arm-none-eabi-gcc" "ASSEMBLER=arm-none-eabi-as" 
TRACE::2022-08-09.15:36:32::SCWMssOS::"ARCHIVER=arm-none-eabi-ar" "COMPILER_FLAGS=  -O2 -c" "EXTRA_COMPILER_FLAGS=-mcpu=cortex-a9 -mfpu=vfpv3 -mfloat-abi=hard -nosta
TRACE::2022-08-09.15:36:32::SCWMssOS::rtfiles -g -Wall -Wextra -fno-tree-loop-distribute-patterns"

TRACE::2022-08-09.15:36:32::SCWMssOS::make -C ps7_cortexa9_0/libsrc/devcfg_v3_7/src -s include  "SHELL=CMD" "COMPILER=arm-none-eabi-gcc" "ASSEMBLER=arm-none-eabi-as"
TRACE::2022-08-09.15:36:32::SCWMssOS:: "ARCHIVER=arm-none-eabi-ar" "COMPILER_FLAGS=  -O2 -c" "EXTRA_COMPILER_FLAGS=-mcpu=cortex-a9 -mfpu=vfpv3 -mfloat-abi=hard -nost
TRACE::2022-08-09.15:36:32::SCWMssOS::artfiles -g -Wall -Wextra -fno-tree-loop-distribute-patterns"

TRACE::2022-08-09.15:36:32::SCWMssOS::"Running Make include in ps7_cortexa9_0/libsrc/dmaps_v2_8/src"

TRACE::2022-08-09.15:36:32::SCWMssOS::make -C ps7_cortexa9_0/libsrc/dmaps_v2_8/src -s include  "SHELL=CMD" "COMPILER=arm-none-eabi-gcc" "ASSEMBLER=arm-none-eabi-as" 
TRACE::2022-08-09.15:36:32::SCWMssOS::"ARCHIVER=arm-none-eabi-ar" "COMPILER_FLAGS=  -O2 -c" "EXTRA_COMPILER_FLAGS=-mcpu=cortex-a9 -mfpu=vfpv3 -mfloat-abi=hard -nosta
TRACE::2022-08-09.15:36:32::SCWMssOS::rtfiles -g -Wall -Wextra -fno-tree-loop-distribute-patterns"

TRACE::2022-08-09.15:36:32::SCWMssOS::"Running Make include in ps7_cortexa9_0/libsrc/emacps_v3_14/src"

TRACE::2022-08-09.15:36:32::SCWMssOS::"Running Make include in ps7_cortexa9_0/libsrc/gpiops_v3_9/src"

TRACE::2022-08-09.15:36:32::SCWMssOS::make -C ps7_cortexa9_0/libsrc/emacps_v3_14/src -s include  "SHELL=CMD" "COMPILER=arm-none-eabi-gcc" "ASSEMBLER=arm-none-eabi-as
TRACE::2022-08-09.15:36:32::SCWMssOS::" "ARCHIVER=arm-none-eabi-ar" "COMPILER_FLAGS=  -O2 -c" "EXTRA_COMPILER_FLAGS=-mcpu=cortex-a9 -mfpu=vfpv3 -mfloat-abi=hard -nos
TRACE::2022-08-09.15:36:32::SCWMssOS::tartfiles -g -Wall -Wextra -fno-tree-loop-distribute-patterns"

TRACE::2022-08-09.15:36:32::SCWMssOS::"Running Make include in ps7_cortexa9_0/libsrc/iicps_v3_13/src"

TRACE::2022-08-09.15:36:32::SCWMssOS::make -C ps7_cortexa9_0/libsrc/gpiops_v3_9/src -s include  "SHELL=CMD" "COMPILER=arm-none-eabi-gcc" "ASSEMBLER=arm-none-eabi-as"
TRACE::2022-08-09.15:36:32::SCWMssOS:: "ARCHIVER=arm-none-eabi-ar" "COMPILER_FLAGS=  -O2 -c" "EXTRA_COMPILER_FLAGS=-mcpu=cortex-a9 -mfpu=vfpv3 -mfloat-abi=hard -nost
TRACE::2022-08-09.15:36:32::SCWMssOS::artfiles -g -Wall -Wextra -fno-tree-loop-distribute-patterns"

TRACE::2022-08-09.15:36:32::SCWMssOS::"Running Make include in ps7_cortexa9_0/libsrc/MIPI_CSI_2_RX_v1_0/src"

TRACE::2022-08-09.15:36:32::SCWMssOS::make -C ps7_cortexa9_0/libsrc/iicps_v3_13/src -s include  "SHELL=CMD" "COMPILER=arm-none-eabi-gcc" "ASSEMBLER=arm-none-eabi-as"
TRACE::2022-08-09.15:36:32::SCWMssOS:: "ARCHIVER=arm-none-eabi-ar" "COMPILER_FLAGS=  -O2 -c" "EXTRA_COMPILER_FLAGS=-mcpu=cortex-a9 -mfpu=vfpv3 -mfloat-abi=hard -nost
TRACE::2022-08-09.15:36:32::SCWMssOS::artfiles -g -Wall -Wextra -fno-tree-loop-distribute-patterns"

TRACE::2022-08-09.15:36:32::SCWMssOS::make -C ps7_cortexa9_0/libsrc/MIPI_CSI_2_RX_v1_0/src -s include  "SHELL=CMD" "COMPILER=arm-none-eabi-gcc" "ASSEMBLER=arm-none-e
TRACE::2022-08-09.15:36:32::SCWMssOS::abi-as" "ARCHIVER=arm-none-eabi-ar" "COMPILER_FLAGS=  -O2 -c" "EXTRA_COMPILER_FLAGS=-mcpu=cortex-a9 -mfpu=vfpv3 -mfloat-abi=har
TRACE::2022-08-09.15:36:32::SCWMssOS::d -nostartfiles -g -Wall -Wextra -fno-tree-loop-distribute-patterns"

TRACE::2022-08-09.15:36:32::SCWMssOS::"Running Make include in ps7_cortexa9_0/libsrc/MIPI_D_PHY_RX_v1_0/src"

TRACE::2022-08-09.15:36:32::SCWMssOS::make -C ps7_cortexa9_0/libsrc/MIPI_D_PHY_RX_v1_0/src -s include  "SHELL=CMD" "COMPILER=arm-none-eabi-gcc" "ASSEMBLER=arm-none-e
TRACE::2022-08-09.15:36:32::SCWMssOS::abi-as" "ARCHIVER=arm-none-eabi-ar" "COMPILER_FLAGS=  -O2 -c" "EXTRA_COMPILER_FLAGS=-mcpu=cortex-a9 -mfpu=vfpv3 -mfloat-abi=har
TRACE::2022-08-09.15:36:32::SCWMssOS::d -nostartfiles -g -Wall -Wextra -fno-tree-loop-distribute-patterns"

TRACE::2022-08-09.15:36:32::SCWMssOS::"Running Make include in ps7_cortexa9_0/libsrc/qspips_v3_9/src"

TRACE::2022-08-09.15:36:32::SCWMssOS::make -C ps7_cortexa9_0/libsrc/qspips_v3_9/src -s include  "SHELL=CMD" "COMPILER=arm-none-eabi-gcc" "ASSEMBLER=arm-none-eabi-as"
TRACE::2022-08-09.15:36:32::SCWMssOS:: "ARCHIVER=arm-none-eabi-ar" "COMPILER_FLAGS=  -O2 -c" "EXTRA_COMPILER_FLAGS=-mcpu=cortex-a9 -mfpu=vfpv3 -mfloat-abi=hard -nost
TRACE::2022-08-09.15:36:32::SCWMssOS::artfiles -g -Wall -Wextra -fno-tree-loop-distribute-patterns"

TRACE::2022-08-09.15:36:32::SCWMssOS::"Running Make include in ps7_cortexa9_0/libsrc/scugic_v4_5/src"

TRACE::2022-08-09.15:36:32::SCWMssOS::make -C ps7_cortexa9_0/libsrc/scugic_v4_5/src -s include  "SHELL=CMD" "COMPILER=arm-none-eabi-gcc" "ASSEMBLER=arm-none-eabi-as"
TRACE::2022-08-09.15:36:32::SCWMssOS:: "ARCHIVER=arm-none-eabi-ar" "COMPILER_FLAGS=  -O2 -c" "EXTRA_COMPILER_FLAGS=-mcpu=cortex-a9 -mfpu=vfpv3 -mfloat-abi=hard -nost
TRACE::2022-08-09.15:36:32::SCWMssOS::artfiles -g -Wall -Wextra -fno-tree-loop-distribute-patterns"

TRACE::2022-08-09.15:36:32::SCWMssOS::"Running Make include in ps7_cortexa9_0/libsrc/scutimer_v2_3/src"

TRACE::2022-08-09.15:36:32::SCWMssOS::make -C ps7_cortexa9_0/libsrc/scutimer_v2_3/src -s include  "SHELL=CMD" "COMPILER=arm-none-eabi-gcc" "ASSEMBLER=arm-none-eabi-a
TRACE::2022-08-09.15:36:32::SCWMssOS::s" "ARCHIVER=arm-none-eabi-ar" "COMPILER_FLAGS=  -O2 -c" "EXTRA_COMPILER_FLAGS=-mcpu=cortex-a9 -mfpu=vfpv3 -mfloat-abi=hard -no
TRACE::2022-08-09.15:36:32::SCWMssOS::startfiles -g -Wall -Wextra -fno-tree-loop-distribute-patterns"

TRACE::2022-08-09.15:36:32::SCWMssOS::"Running Make include in ps7_cortexa9_0/libsrc/scuwdt_v2_4/src"

TRACE::2022-08-09.15:36:32::SCWMssOS::"Running Make include in ps7_cortexa9_0/libsrc/sdps_v3_12/src"

TRACE::2022-08-09.15:36:32::SCWMssOS::make -C ps7_cortexa9_0/libsrc/scuwdt_v2_4/src -s include  "SHELL=CMD" "COMPILER=arm-none-eabi-gcc" "ASSEMBLER=arm-none-eabi-as"
TRACE::2022-08-09.15:36:32::SCWMssOS:: "ARCHIVER=arm-none-eabi-ar" "COMPILER_FLAGS=  -O2 -c" "EXTRA_COMPILER_FLAGS=-mcpu=cortex-a9 -mfpu=vfpv3 -mfloat-abi=hard -nost
TRACE::2022-08-09.15:36:32::SCWMssOS::artfiles -g -Wall -Wextra -fno-tree-loop-distribute-patterns"

TRACE::2022-08-09.15:36:32::SCWMssOS::make -C ps7_cortexa9_0/libsrc/sdps_v3_12/src -s include  "SHELL=CMD" "COMPILER=arm-none-eabi-gcc" "ASSEMBLER=arm-none-eabi-as" 
TRACE::2022-08-09.15:36:32::SCWMssOS::"ARCHIVER=arm-none-eabi-ar" "COMPILER_FLAGS=  -O2 -c" "EXTRA_COMPILER_FLAGS=-mcpu=cortex-a9 -mfpu=vfpv3 -mfloat-abi=hard -nosta
TRACE::2022-08-09.15:36:32::SCWMssOS::rtfiles -g -Wall -Wextra -fno-tree-loop-distribute-patterns"

TRACE::2022-08-09.15:36:32::SCWMssOS::"Running Make include in ps7_cortexa9_0/libsrc/standalone_v7_5/src"

TRACE::2022-08-09.15:36:32::SCWMssOS::make -C ps7_cortexa9_0/libsrc/standalone_v7_5/src -s include  "SHELL=CMD" "COMPILER=arm-none-eabi-gcc" "ASSEMBLER=arm-none-eabi
TRACE::2022-08-09.15:36:32::SCWMssOS::-as" "ARCHIVER=arm-none-eabi-ar" "COMPILER_FLAGS=  -O2 -c" "EXTRA_COMPILER_FLAGS=-mcpu=cortex-a9 -mfpu=vfpv3 -mfloat-abi=hard -
TRACE::2022-08-09.15:36:32::SCWMssOS::nostartfiles -g -Wall -Wextra -fno-tree-loop-distribute-patterns"

TRACE::2022-08-09.15:36:32::SCWMssOS::"Running Make include in ps7_cortexa9_0/libsrc/uartps_v3_11/src"

TRACE::2022-08-09.15:36:32::SCWMssOS::"Running Make include in ps7_cortexa9_0/libsrc/usbps_v2_7/src"

TRACE::2022-08-09.15:36:32::SCWMssOS::make -C ps7_cortexa9_0/libsrc/uartps_v3_11/src -s include  "SHELL=CMD" "COMPILER=arm-none-eabi-gcc" "ASSEMBLER=arm-none-eabi-as
TRACE::2022-08-09.15:36:32::SCWMssOS::" "ARCHIVER=arm-none-eabi-ar" "COMPILER_FLAGS=  -O2 -c" "EXTRA_COMPILER_FLAGS=-mcpu=cortex-a9 -mfpu=vfpv3 -mfloat-abi=hard -nos
TRACE::2022-08-09.15:36:32::SCWMssOS::tartfiles -g -Wall -Wextra -fno-tree-loop-distribute-patterns"

TRACE::2022-08-09.15:36:32::SCWMssOS::"Running Make include in ps7_cortexa9_0/libsrc/vtc_v8_3/src"

TRACE::2022-08-09.15:36:32::SCWMssOS::make -C ps7_cortexa9_0/libsrc/usbps_v2_7/src -s include  "SHELL=CMD" "COMPILER=arm-none-eabi-gcc" "ASSEMBLER=arm-none-eabi-as" 
TRACE::2022-08-09.15:36:32::SCWMssOS::"ARCHIVER=arm-none-eabi-ar" "COMPILER_FLAGS=  -O2 -c" "EXTRA_COMPILER_FLAGS=-mcpu=cortex-a9 -mfpu=vfpv3 -mfloat-abi=hard -nosta
TRACE::2022-08-09.15:36:32::SCWMssOS::rtfiles -g -Wall -Wextra -fno-tree-loop-distribute-patterns"

TRACE::2022-08-09.15:36:32::SCWMssOS::"Running Make include in ps7_cortexa9_0/libsrc/xadcps_v2_6/src"

TRACE::2022-08-09.15:36:32::SCWMssOS::make -C ps7_cortexa9_0/libsrc/vtc_v8_3/src -s include  "SHELL=CMD" "COMPILER=arm-none-eabi-gcc" "ASSEMBLER=arm-none-eabi-as" "A
TRACE::2022-08-09.15:36:32::SCWMssOS::RCHIVER=arm-none-eabi-ar" "COMPILER_FLAGS=  -O2 -c" "EXTRA_COMPILER_FLAGS=-mcpu=cortex-a9 -mfpu=vfpv3 -mfloat-abi=hard -nostart
TRACE::2022-08-09.15:36:32::SCWMssOS::files -g -Wall -Wextra -fno-tree-loop-distribute-patterns"

TRACE::2022-08-09.15:36:32::SCWMssOS::make -C ps7_cortexa9_0/libsrc/xadcps_v2_6/src -s include  "SHELL=CMD" "COMPILER=arm-none-eabi-gcc" "ASSEMBLER=arm-none-eabi-as"
TRACE::2022-08-09.15:36:32::SCWMssOS:: "ARCHIVER=arm-none-eabi-ar" "COMPILER_FLAGS=  -O2 -c" "EXTRA_COMPILER_FLAGS=-mcpu=cortex-a9 -mfpu=vfpv3 -mfloat-abi=hard -nost
TRACE::2022-08-09.15:36:32::SCWMssOS::artfiles -g -Wall -Wextra -fno-tree-loop-distribute-patterns"

TRACE::2022-08-09.15:36:33::SCWMssOS::"Running Make libs in ps7_cortexa9_0/libsrc/axivdma_v6_9/src"

TRACE::2022-08-09.15:36:33::SCWMssOS::make -C ps7_cortexa9_0/libsrc/axivdma_v6_9/src -s libs  "SHELL=CMD" "COMPILER=arm-none-eabi-gcc" "ASSEMBLER=arm-none-eabi-as" "
TRACE::2022-08-09.15:36:33::SCWMssOS::ARCHIVER=arm-none-eabi-ar" "COMPILER_FLAGS=  -O2 -c" "EXTRA_COMPILER_FLAGS=-mcpu=cortex-a9 -mfpu=vfpv3 -mfloat-abi=hard -nostar
TRACE::2022-08-09.15:36:33::SCWMssOS::tfiles -g -Wall -Wextra -fno-tree-loop-distribute-patterns"

TRACE::2022-08-09.15:36:33::SCWMssOS::"Running Make libs in ps7_cortexa9_0/libsrc/clk_wiz_v1_4/src"

TRACE::2022-08-09.15:36:33::SCWMssOS::"Running Make libs in ps7_cortexa9_0/libsrc/coresightps_dcc_v1_8/src"

TRACE::2022-08-09.15:36:33::SCWMssOS::make -C ps7_cortexa9_0/libsrc/clk_wiz_v1_4/src -s libs  "SHELL=CMD" "COMPILER=arm-none-eabi-gcc" "ASSEMBLER=arm-none-eabi-as" "
TRACE::2022-08-09.15:36:33::SCWMssOS::ARCHIVER=arm-none-eabi-ar" "COMPILER_FLAGS=  -O2 -c" "EXTRA_COMPILER_FLAGS=-mcpu=cortex-a9 -mfpu=vfpv3 -mfloat-abi=hard -nostar
TRACE::2022-08-09.15:36:33::SCWMssOS::tfiles -g -Wall -Wextra -fno-tree-loop-distribute-patterns"

TRACE::2022-08-09.15:36:33::SCWMssOS::"Running Make libs in ps7_cortexa9_0/libsrc/cpu_cortexa9_v2_11/src"

TRACE::2022-08-09.15:36:33::SCWMssOS::make -C ps7_cortexa9_0/libsrc/coresightps_dcc_v1_8/src -s libs  "SHELL=CMD" "COMPILER=arm-none-eabi-gcc" "ASSEMBLER=arm-none-ea
TRACE::2022-08-09.15:36:33::SCWMssOS::bi-as" "ARCHIVER=arm-none-eabi-ar" "COMPILER_FLAGS=  -O2 -c" "EXTRA_COMPILER_FLAGS=-mcpu=cortex-a9 -mfpu=vfpv3 -mfloat-abi=hard
TRACE::2022-08-09.15:36:33::SCWMssOS:: -nostartfiles -g -Wall -Wextra -fno-tree-loop-distribute-patterns"

TRACE::2022-08-09.15:36:33::SCWMssOS::make -C ps7_cortexa9_0/libsrc/cpu_cortexa9_v2_11/src -s libs  "SHELL=CMD" "COMPILER=arm-none-eabi-gcc" "ASSEMBLER=arm-none-eabi
TRACE::2022-08-09.15:36:33::SCWMssOS::-as" "ARCHIVER=arm-none-eabi-ar" "COMPILER_FLAGS=  -O2 -c" "EXTRA_COMPILER_FLAGS=-mcpu=cortex-a9 -mfpu=vfpv3 -mfloat-abi=hard -
TRACE::2022-08-09.15:36:33::SCWMssOS::nostartfiles -g -Wall -Wextra -fno-tree-loop-distribute-patterns"

TRACE::2022-08-09.15:36:33::SCWMssOS::"Running Make libs in ps7_cortexa9_0/libsrc/ddrps_v1_2/src"

TRACE::2022-08-09.15:36:33::SCWMssOS::make -C ps7_cortexa9_0/libsrc/ddrps_v1_2/src -s libs  "SHELL=CMD" "COMPILER=arm-none-eabi-gcc" "ASSEMBLER=arm-none-eabi-as" "AR
TRACE::2022-08-09.15:36:33::SCWMssOS::CHIVER=arm-none-eabi-ar" "COMPILER_FLAGS=  -O2 -c" "EXTRA_COMPILER_FLAGS=-mcpu=cortex-a9 -mfpu=vfpv3 -mfloat-abi=hard -nostartf
TRACE::2022-08-09.15:36:33::SCWMssOS::iles -g -Wall -Wextra -fno-tree-loop-distribute-patterns"

TRACE::2022-08-09.15:36:33::SCWMssOS::"Running Make libs in ps7_cortexa9_0/libsrc/devcfg_v3_7/src"

TRACE::2022-08-09.15:36:33::SCWMssOS::make -C ps7_cortexa9_0/libsrc/devcfg_v3_7/src -s libs  "SHELL=CMD" "COMPILER=arm-none-eabi-gcc" "ASSEMBLER=arm-none-eabi-as" "A
TRACE::2022-08-09.15:36:33::SCWMssOS::RCHIVER=arm-none-eabi-ar" "COMPILER_FLAGS=  -O2 -c" "EXTRA_COMPILER_FLAGS=-mcpu=cortex-a9 -mfpu=vfpv3 -mfloat-abi=hard -nostart
TRACE::2022-08-09.15:36:33::SCWMssOS::files -g -Wall -Wextra -fno-tree-loop-distribute-patterns"

TRACE::2022-08-09.15:36:33::SCWMssOS::"Running Make libs in ps7_cortexa9_0/libsrc/dmaps_v2_8/src"

TRACE::2022-08-09.15:36:33::SCWMssOS::make -C ps7_cortexa9_0/libsrc/dmaps_v2_8/src -s libs  "SHELL=CMD" "COMPILER=arm-none-eabi-gcc" "ASSEMBLER=arm-none-eabi-as" "AR
TRACE::2022-08-09.15:36:33::SCWMssOS::CHIVER=arm-none-eabi-ar" "COMPILER_FLAGS=  -O2 -c" "EXTRA_COMPILER_FLAGS=-mcpu=cortex-a9 -mfpu=vfpv3 -mfloat-abi=hard -nostartf
TRACE::2022-08-09.15:36:33::SCWMssOS::iles -g -Wall -Wextra -fno-tree-loop-distribute-patterns"

TRACE::2022-08-09.15:36:33::SCWMssOS::"Running Make libs in ps7_cortexa9_0/libsrc/emacps_v3_14/src"

TRACE::2022-08-09.15:36:33::SCWMssOS::make -C ps7_cortexa9_0/libsrc/emacps_v3_14/src -s libs  "SHELL=CMD" "COMPILER=arm-none-eabi-gcc" "ASSEMBLER=arm-none-eabi-as" "
TRACE::2022-08-09.15:36:33::SCWMssOS::ARCHIVER=arm-none-eabi-ar" "COMPILER_FLAGS=  -O2 -c" "EXTRA_COMPILER_FLAGS=-mcpu=cortex-a9 -mfpu=vfpv3 -mfloat-abi=hard -nostar
TRACE::2022-08-09.15:36:33::SCWMssOS::tfiles -g -Wall -Wextra -fno-tree-loop-distribute-patterns"

TRACE::2022-08-09.15:36:33::SCWMssOS::"Running Make libs in ps7_cortexa9_0/libsrc/gpiops_v3_9/src"

TRACE::2022-08-09.15:36:33::SCWMssOS::make -C ps7_cortexa9_0/libsrc/gpiops_v3_9/src -s libs  "SHELL=CMD" "COMPILER=arm-none-eabi-gcc" "ASSEMBLER=arm-none-eabi-as" "A
TRACE::2022-08-09.15:36:33::SCWMssOS::RCHIVER=arm-none-eabi-ar" "COMPILER_FLAGS=  -O2 -c" "EXTRA_COMPILER_FLAGS=-mcpu=cortex-a9 -mfpu=vfpv3 -mfloat-abi=hard -nostart
TRACE::2022-08-09.15:36:33::SCWMssOS::files -g -Wall -Wextra -fno-tree-loop-distribute-patterns"

TRACE::2022-08-09.15:36:33::SCWMssOS::"Running Make libs in ps7_cortexa9_0/libsrc/iicps_v3_13/src"

TRACE::2022-08-09.15:36:33::SCWMssOS::make -C ps7_cortexa9_0/libsrc/iicps_v3_13/src -s libs  "SHELL=CMD" "COMPILER=arm-none-eabi-gcc" "ASSEMBLER=arm-none-eabi-as" "A
TRACE::2022-08-09.15:36:33::SCWMssOS::RCHIVER=arm-none-eabi-ar" "COMPILER_FLAGS=  -O2 -c" "EXTRA_COMPILER_FLAGS=-mcpu=cortex-a9 -mfpu=vfpv3 -mfloat-abi=hard -nostart
TRACE::2022-08-09.15:36:33::SCWMssOS::files -g -Wall -Wextra -fno-tree-loop-distribute-patterns"

TRACE::2022-08-09.15:36:33::SCWMssOS::"Running Make libs in ps7_cortexa9_0/libsrc/qspips_v3_9/src"

TRACE::2022-08-09.15:36:33::SCWMssOS::make -C ps7_cortexa9_0/libsrc/qspips_v3_9/src -s libs  "SHELL=CMD" "COMPILER=arm-none-eabi-gcc" "ASSEMBLER=arm-none-eabi-as" "A
TRACE::2022-08-09.15:36:33::SCWMssOS::RCHIVER=arm-none-eabi-ar" "COMPILER_FLAGS=  -O2 -c" "EXTRA_COMPILER_FLAGS=-mcpu=cortex-a9 -mfpu=vfpv3 -mfloat-abi=hard -nostart
TRACE::2022-08-09.15:36:33::SCWMssOS::files -g -Wall -Wextra -fno-tree-loop-distribute-patterns"

TRACE::2022-08-09.15:36:33::SCWMssOS::"Running Make libs in ps7_cortexa9_0/libsrc/scugic_v4_5/src"

TRACE::2022-08-09.15:36:33::SCWMssOS::make -C ps7_cortexa9_0/libsrc/scugic_v4_5/src -s libs  "SHELL=CMD" "COMPILER=arm-none-eabi-gcc" "ASSEMBLER=arm-none-eabi-as" "A
TRACE::2022-08-09.15:36:33::SCWMssOS::RCHIVER=arm-none-eabi-ar" "COMPILER_FLAGS=  -O2 -c" "EXTRA_COMPILER_FLAGS=-mcpu=cortex-a9 -mfpu=vfpv3 -mfloat-abi=hard -nostart
TRACE::2022-08-09.15:36:33::SCWMssOS::files -g -Wall -Wextra -fno-tree-loop-distribute-patterns"

TRACE::2022-08-09.15:36:33::SCWMssOS::"Running Make libs in ps7_cortexa9_0/libsrc/scutimer_v2_3/src"

TRACE::2022-08-09.15:36:33::SCWMssOS::make -C ps7_cortexa9_0/libsrc/scutimer_v2_3/src -s libs  "SHELL=CMD" "COMPILER=arm-none-eabi-gcc" "ASSEMBLER=arm-none-eabi-as" 
TRACE::2022-08-09.15:36:33::SCWMssOS::"ARCHIVER=arm-none-eabi-ar" "COMPILER_FLAGS=  -O2 -c" "EXTRA_COMPILER_FLAGS=-mcpu=cortex-a9 -mfpu=vfpv3 -mfloat-abi=hard -nosta
TRACE::2022-08-09.15:36:33::SCWMssOS::rtfiles -g -Wall -Wextra -fno-tree-loop-distribute-patterns"

TRACE::2022-08-09.15:36:33::SCWMssOS::"Running Make libs in ps7_cortexa9_0/libsrc/scuwdt_v2_4/src"

TRACE::2022-08-09.15:36:33::SCWMssOS::make -C ps7_cortexa9_0/libsrc/scuwdt_v2_4/src -s libs  "SHELL=CMD" "COMPILER=arm-none-eabi-gcc" "ASSEMBLER=arm-none-eabi-as" "A
TRACE::2022-08-09.15:36:33::SCWMssOS::RCHIVER=arm-none-eabi-ar" "COMPILER_FLAGS=  -O2 -c" "EXTRA_COMPILER_FLAGS=-mcpu=cortex-a9 -mfpu=vfpv3 -mfloat-abi=hard -nostart
TRACE::2022-08-09.15:36:33::SCWMssOS::files -g -Wall -Wextra -fno-tree-loop-distribute-patterns"

TRACE::2022-08-09.15:36:34::SCWMssOS::"Running Make libs in ps7_cortexa9_0/libsrc/sdps_v3_12/src"

TRACE::2022-08-09.15:36:34::SCWMssOS::make -C ps7_cortexa9_0/libsrc/sdps_v3_12/src -s libs  "SHELL=CMD" "COMPILER=arm-none-eabi-gcc" "ASSEMBLER=arm-none-eabi-as" "AR
TRACE::2022-08-09.15:36:34::SCWMssOS::CHIVER=arm-none-eabi-ar" "COMPILER_FLAGS=  -O2 -c" "EXTRA_COMPILER_FLAGS=-mcpu=cortex-a9 -mfpu=vfpv3 -mfloat-abi=hard -nostartf
TRACE::2022-08-09.15:36:34::SCWMssOS::iles -g -Wall -Wextra -fno-tree-loop-distribute-patterns"

TRACE::2022-08-09.15:36:34::SCWMssOS::"Running Make libs in ps7_cortexa9_0/libsrc/standalone_v7_5/src"

TRACE::2022-08-09.15:36:34::SCWMssOS::make -C ps7_cortexa9_0/libsrc/standalone_v7_5/src -s libs  "SHELL=CMD" "COMPILER=arm-none-eabi-gcc" "ASSEMBLER=arm-none-eabi-as
TRACE::2022-08-09.15:36:34::SCWMssOS::" "ARCHIVER=arm-none-eabi-ar" "COMPILER_FLAGS=  -O2 -c" "EXTRA_COMPILER_FLAGS=-mcpu=cortex-a9 -mfpu=vfpv3 -mfloat-abi=hard -nos
TRACE::2022-08-09.15:36:34::SCWMssOS::tartfiles -g -Wall -Wextra -fno-tree-loop-distribute-patterns"

TRACE::2022-08-09.15:36:34::SCWMssOS::"Running Make libs in ps7_cortexa9_0/libsrc/uartps_v3_11/src"

TRACE::2022-08-09.15:36:34::SCWMssOS::make -C ps7_cortexa9_0/libsrc/uartps_v3_11/src -s libs  "SHELL=CMD" "COMPILER=arm-none-eabi-gcc" "ASSEMBLER=arm-none-eabi-as" "
TRACE::2022-08-09.15:36:34::SCWMssOS::ARCHIVER=arm-none-eabi-ar" "COMPILER_FLAGS=  -O2 -c" "EXTRA_COMPILER_FLAGS=-mcpu=cortex-a9 -mfpu=vfpv3 -mfloat-abi=hard -nostar
TRACE::2022-08-09.15:36:34::SCWMssOS::tfiles -g -Wall -Wextra -fno-tree-loop-distribute-patterns"

TRACE::2022-08-09.15:36:34::SCWMssOS::"Running Make libs in ps7_cortexa9_0/libsrc/usbps_v2_7/src"

TRACE::2022-08-09.15:36:34::SCWMssOS::make -C ps7_cortexa9_0/libsrc/usbps_v2_7/src -s libs  "SHELL=CMD" "COMPILER=arm-none-eabi-gcc" "ASSEMBLER=arm-none-eabi-as" "AR
TRACE::2022-08-09.15:36:34::SCWMssOS::CHIVER=arm-none-eabi-ar" "COMPILER_FLAGS=  -O2 -c" "EXTRA_COMPILER_FLAGS=-mcpu=cortex-a9 -mfpu=vfpv3 -mfloat-abi=hard -nostartf
TRACE::2022-08-09.15:36:34::SCWMssOS::iles -g -Wall -Wextra -fno-tree-loop-distribute-patterns"

TRACE::2022-08-09.15:36:34::SCWMssOS::"Running Make libs in ps7_cortexa9_0/libsrc/vtc_v8_3/src"

TRACE::2022-08-09.15:36:34::SCWMssOS::make -C ps7_cortexa9_0/libsrc/vtc_v8_3/src -s libs  "SHELL=CMD" "COMPILER=arm-none-eabi-gcc" "ASSEMBLER=arm-none-eabi-as" "ARCH
TRACE::2022-08-09.15:36:34::SCWMssOS::IVER=arm-none-eabi-ar" "COMPILER_FLAGS=  -O2 -c" "EXTRA_COMPILER_FLAGS=-mcpu=cortex-a9 -mfpu=vfpv3 -mfloat-abi=hard -nostartfil
TRACE::2022-08-09.15:36:34::SCWMssOS::es -g -Wall -Wextra -fno-tree-loop-distribute-patterns"

TRACE::2022-08-09.15:36:34::SCWMssOS::"Running Make libs in ps7_cortexa9_0/libsrc/xadcps_v2_6/src"

TRACE::2022-08-09.15:36:34::SCWMssOS::make -C ps7_cortexa9_0/libsrc/xadcps_v2_6/src -s libs  "SHELL=CMD" "COMPILER=arm-none-eabi-gcc" "ASSEMBLER=arm-none-eabi-as" "A
TRACE::2022-08-09.15:36:34::SCWMssOS::RCHIVER=arm-none-eabi-ar" "COMPILER_FLAGS=  -O2 -c" "EXTRA_COMPILER_FLAGS=-mcpu=cortex-a9 -mfpu=vfpv3 -mfloat-abi=hard -nostart
TRACE::2022-08-09.15:36:34::SCWMssOS::files -g -Wall -Wextra -fno-tree-loop-distribute-patterns"

TRACE::2022-08-09.15:36:35::SCWMssOS::'Finished building libraries parallelly.'

TRACE::2022-08-09.15:36:35::SCWMssOS::make --no-print-directory archive

TRACE::2022-08-09.15:36:35::SCWMssOS::arm-none-eabi-ar -r  ps7_cortexa9_0/lib/libxil.a ps7_cortexa9_0/lib/xadcps_selftest.o ps7_cortexa9_0/lib/xplatform_info.o ps7_c
TRACE::2022-08-09.15:36:35::SCWMssOS::ortexa9_0/lib/time.o ps7_cortexa9_0/lib/_exit.o ps7_cortexa9_0/lib/xil_testio.o ps7_cortexa9_0/lib/xusbps_endpoint.o ps7_cortex
TRACE::2022-08-09.15:36:35::SCWMssOS::a9_0/lib/xusbps_sinit.o ps7_cortexa9_0/lib/xvtc_g.o ps7_cortexa9_0/lib/xdevcfg_hw.o ps7_cortexa9_0/lib/xil_sleeptimer.o ps7_cor
TRACE::2022-08-09.15:36:35::SCWMssOS::texa9_0/lib/xqspips_options.o ps7_cortexa9_0/lib/xdmaps_g.o ps7_cortexa9_0/lib/xscutimer_g.o ps7_cortexa9_0/lib/xsdps_options.o
TRACE::2022-08-09.15:36:35::SCWMssOS:: ps7_cortexa9_0/lib/xil_misc_psreset_api.o ps7_cortexa9_0/lib/xdmaps_sinit.o ps7_cortexa9_0/lib/xscutimer_sinit.o ps7_cortexa9_
TRACE::2022-08-09.15:36:35::SCWMssOS::0/lib/xemacps_hw.o ps7_cortexa9_0/lib/inbyte.o ps7_cortexa9_0/lib/xdmaps_selftest.o ps7_cortexa9_0/lib/xscutimer_selftest.o ps7
TRACE::2022-08-09.15:36:35::SCWMssOS::_cortexa9_0/lib/xvtc_intr.o ps7_cortexa9_0/lib/putnum.o ps7_cortexa9_0/lib/xqspips_hw.o ps7_cortexa9_0/lib/xgpiops_g.o ps7_cort
TRACE::2022-08-09.15:36:35::SCWMssOS::exa9_0/lib/xsdps.o ps7_cortexa9_0/lib/close.o ps7_cortexa9_0/lib/xemacps_g.o ps7_cortexa9_0/lib/xgpiops_sinit.o ps7_cortexa9_0/
TRACE::2022-08-09.15:36:35::SCWMssOS::lib/xgpiops_selftest.o ps7_cortexa9_0/lib/xscuwdt.o ps7_cortexa9_0/lib/xaxivdma_g.o ps7_cortexa9_0/lib/xil_clocking.o ps7_corte
TRACE::2022-08-09.15:36:35::SCWMssOS::xa9_0/lib/xclk_wiz_intr.o ps7_cortexa9_0/lib/xiicps_intr.o ps7_cortexa9_0/lib/xaxivdma_sinit.o ps7_cortexa9_0/lib/xvtc_sinit.o 
TRACE::2022-08-09.15:36:35::SCWMssOS::ps7_cortexa9_0/lib/xuartps_sinit.o ps7_cortexa9_0/lib/xaxivdma_selftest.o ps7_cortexa9_0/lib/xiicps_slave.o ps7_cortexa9_0/lib/
TRACE::2022-08-09.15:36:35::SCWMssOS::xil_printf.o ps7_cortexa9_0/lib/xiicps_g.o ps7_cortexa9_0/lib/xadcps.o ps7_cortexa9_0/lib/xiicps_options.o ps7_cortexa9_0/lib/x
TRACE::2022-08-09.15:36:35::SCWMssOS::uartps_selftest.o ps7_cortexa9_0/lib/outbyte.o ps7_cortexa9_0/lib/lseek.o ps7_cortexa9_0/lib/xil_testmem.o ps7_cortexa9_0/lib/x
TRACE::2022-08-09.15:36:35::SCWMssOS::usbps_hw.o ps7_cortexa9_0/lib/xl2cc_counter.o ps7_cortexa9_0/lib/xiicps_hw.o ps7_cortexa9_0/lib/xuartps_g.o ps7_cortexa9_0/lib/
TRACE::2022-08-09.15:36:35::SCWMssOS::asm_vectors.o ps7_cortexa9_0/lib/usleep.o ps7_cortexa9_0/lib/xvtc_selftest.o ps7_cortexa9_0/lib/abort.o ps7_cortexa9_0/lib/xscu
TRACE::2022-08-09.15:36:35::SCWMssOS::gic_intr.o ps7_cortexa9_0/lib/getpid.o ps7_cortexa9_0/lib/xiicps_selftest.o ps7_cortexa9_0/lib/xil_testcache.o ps7_cortexa9_0/l
TRACE::2022-08-09.15:36:35::SCWMssOS::ib/xdevcfg_sinit.o ps7_cortexa9_0/lib/xdmaps.o ps7_cortexa9_0/lib/xscutimer.o ps7_cortexa9_0/lib/xil_mem.o ps7_cortexa9_0/lib/x
TRACE::2022-08-09.15:36:35::SCWMssOS::devcfg_selftest.o ps7_cortexa9_0/lib/xpm_counter.o ps7_cortexa9_0/lib/xiicps.o ps7_cortexa9_0/lib/_sbrk.o ps7_cortexa9_0/lib/xi
TRACE::2022-08-09.15:36:35::SCWMssOS::icps_master.o ps7_cortexa9_0/lib/xqspips_g.o ps7_cortexa9_0/lib/xgpiops.o ps7_cortexa9_0/lib/xemacps.o ps7_cortexa9_0/lib/xusbp
TRACE::2022-08-09.15:36:35::SCWMssOS::s_g.o ps7_cortexa9_0/lib/xqspips_sinit.o ps7_cortexa9_0/lib/xqspips_selftest.o ps7_cortexa9_0/lib/xil_exception.o ps7_cortexa9_
TRACE::2022-08-09.15:36:35::SCWMssOS::0/lib/sbrk.o ps7_cortexa9_0/lib/xaxivdma.o ps7_cortexa9_0/lib/xemacps_control.o ps7_cortexa9_0/lib/xdevcfg.o ps7_cortexa9_0/lib
TRACE::2022-08-09.15:36:35::SCWMssOS::/open.o ps7_cortexa9_0/lib/xil_assert.o ps7_cortexa9_0/lib/xaxivdma_intr.o ps7_cortexa9_0/lib/xusbps_intr.o ps7_cortexa9_0/lib/
TRACE::2022-08-09.15:36:35::SCWMssOS::xsdps_host.o ps7_cortexa9_0/lib/xcoresightpsdcc.o ps7_cortexa9_0/lib/xiicps_xfer.o ps7_cortexa9_0/lib/xscugic_hw.o ps7_cortexa9
TRACE::2022-08-09.15:36:35::SCWMssOS::_0/lib/sleep.o ps7_cortexa9_0/lib/xil-crt0.o ps7_cortexa9_0/lib/cpputest_time.o ps7_cortexa9_0/lib/xvtc.o ps7_cortexa9_0/lib/_o
TRACE::2022-08-09.15:36:35::SCWMssOS::pen.o ps7_cortexa9_0/lib/fcntl.o ps7_cortexa9_0/lib/kill.o ps7_cortexa9_0/lib/print.o ps7_cortexa9_0/lib/read.o ps7_cortexa9_0/
TRACE::2022-08-09.15:36:35::SCWMssOS::lib/boot.o ps7_cortexa9_0/lib/xadcps_intr.o ps7_cortexa9_0/lib/xqspips.o ps7_cortexa9_0/lib/xclk_wiz_g.o ps7_cortexa9_0/lib/xil
TRACE::2022-08-09.15:36:35::SCWMssOS::_cache.o ps7_cortexa9_0/lib/xclk_wiz_sinit.o ps7_cortexa9_0/lib/unlink.o ps7_cortexa9_0/lib/xil_spinlock.o ps7_cortexa9_0/lib/t
TRACE::2022-08-09.15:36:35::SCWMssOS::ranslation_table.o ps7_cortexa9_0/lib/write.o ps7_cortexa9_0/lib/xil_mmu.o ps7_cortexa9_0/lib/xemacps_bdring.o ps7_cortexa9_0/l
TRACE::2022-08-09.15:36:35::SCWMssOS::ib/xaxivdma_channel.o ps7_cortexa9_0/lib/cpu_init.o ps7_cortexa9_0/lib/xsdps_sinit.o ps7_cortexa9_0/lib/xil_sleepcommon.o ps7_c
TRACE::2022-08-09.15:36:35::SCWMssOS::ortexa9_0/lib/xgpiops_intr.o ps7_cortexa9_0/lib/xscugic_sinit.o ps7_cortexa9_0/lib/xdevcfg_g.o ps7_cortexa9_0/lib/xuartps_hw.o 
TRACE::2022-08-09.15:36:35::SCWMssOS::ps7_cortexa9_0/lib/xtime_l.o ps7_cortexa9_0/lib/xemacps_sinit.o ps7_cortexa9_0/lib/xscugic_selftest.o ps7_cortexa9_0/lib/xil_ut
TRACE::2022-08-09.15:36:35::SCWMssOS::il.o ps7_cortexa9_0/lib/xuartps_intr.o ps7_cortexa9_0/lib/xuartps.o ps7_cortexa9_0/lib/xsdps_card.o ps7_cortexa9_0/lib/xdmaps_h
TRACE::2022-08-09.15:36:35::SCWMssOS::w.o ps7_cortexa9_0/lib/xclk_wiz.o ps7_cortexa9_0/lib/xgpiops_hw.o ps7_cortexa9_0/lib/xsdps_g.o ps7_cortexa9_0/lib/fstat.o ps7_c
TRACE::2022-08-09.15:36:35::SCWMssOS::ortexa9_0/lib/errno.o ps7_cortexa9_0/lib/xdevcfg_intr.o ps7_cortexa9_0/lib/xuartps_options.o ps7_cortexa9_0/lib/vectors.o ps7_c
TRACE::2022-08-09.15:36:35::SCWMssOS::ortexa9_0/lib/xscuwdt_g.o ps7_cortexa9_0/lib/xscuwdt_sinit.o ps7_cortexa9_0/lib/xusbps.o ps7_cortexa9_0/lib/xemacps_intr.o ps7_
TRACE::2022-08-09.15:36:35::SCWMssOS::cortexa9_0/lib/xscuwdt_selftest.o ps7_cortexa9_0/lib/xscugic_g.o ps7_cortexa9_0/lib/isatty.o ps7_cortexa9_0/lib/xscugic.o ps7_c
TRACE::2022-08-09.15:36:35::SCWMssOS::ortexa9_0/lib/xiicps_sinit.o ps7_cortexa9_0/lib/xadcps_g.o ps7_cortexa9_0/lib/xadcps_sinit.o

TRACE::2022-08-09.15:36:35::SCWMssOS::'Finished building libraries'

TRACE::2022-08-09.15:36:36::SCWMssOS::Copying to export directory.
TRACE::2022-08-09.15:36:37::SCWMssOS:: Checking if to create the Supporting Applications
TRACE::2022-08-09.15:36:37::SCWMssOS:: No Linux domain exists, trying to generate FSBL 
LOG::2022-08-09.15:36:37::SCWSystem::Completed Processing the domain domain_ps7_cortexa9_0
LOG::2022-08-09.15:36:37::SCWSystem::Completed Processing the sysconfig system_wrapper
LOG::2022-08-09.15:36:37::SCWPlatform::Completed generating the artifacts for system configuration system_wrapper
TRACE::2022-08-09.15:36:37::SCWPlatform::Started preparing the platform 
TRACE::2022-08-09.15:36:37::SCWSystem::Writing the bif file for system config system_wrapper
TRACE::2022-08-09.15:36:37::SCWSystem::dir created 
TRACE::2022-08-09.15:36:37::SCWSystem::Writing the bif 
TRACE::2022-08-09.15:36:37::SCWPlatform::Started writing the spfm file 
TRACE::2022-08-09.15:36:37::SCWPlatform::Started writing the xpfm file 
TRACE::2022-08-09.15:36:37::SCWPlatform::Completed generating the platform
TRACE::2022-08-09.15:36:37::SCWMssOS::Saving the mss changes D:/WorkRaduV/Projects/Tests/ReleaseDummyWS/system_wrapper/ps7_cortexa9_0/domain_ps7_cortexa9_0/bsp/system.mss
TRACE::2022-08-09.15:36:37::SCWMssOS::Found a swdesign opened with the mssfile.
TRACE::2022-08-09.15:36:37::SCWMssOS::Completed writemss as part of save.
TRACE::2022-08-09.15:36:37::SCWMssOS::Commit changes completed.
TRACE::2022-08-09.15:36:37::SCWMssOS::Saving the mss changes D:/WorkRaduV/Projects/Tests/ReleaseDummyWS/system_wrapper/zynq_fsbl/zynq_fsbl_bsp/system.mss
TRACE::2022-08-09.15:36:37::SCWMssOS::Found a swdesign opened with the mssfile.
TRACE::2022-08-09.15:36:37::SCWMssOS::Completed writemss as part of save.
TRACE::2022-08-09.15:36:37::SCWMssOS::Commit changes completed.
TRACE::2022-08-09.15:36:37::SCWPlatform::Trying to open the hw design at D:/WorkRaduV/Projects/Tests/ReleaseDummyWS/system_wrapper/hw/system_wrapper.xsa
TRACE::2022-08-09.15:36:37::SCWPlatform::DSA given D:/WorkRaduV/Projects/Tests/ReleaseDummyWS/system_wrapper/hw/system_wrapper.xsa
TRACE::2022-08-09.15:36:37::SCWPlatform::DSA absoulate path D:/WorkRaduV/Projects/Tests/ReleaseDummyWS/system_wrapper/hw/system_wrapper.xsa
TRACE::2022-08-09.15:36:37::SCWPlatform::DSA directory D:/WorkRaduV/Projects/Tests/ReleaseDummyWS/system_wrapper/hw
TRACE::2022-08-09.15:36:37::SCWPlatform:: Platform Path D:/WorkRaduV/Projects/Tests/ReleaseDummyWS/system_wrapper/hw/system_wrapper.xsa
TRACE::2022-08-09.15:36:37::SCWPlatform:: Unique name xilinx:zybo-z7-20::0.0
TRACE::2022-08-09.15:36:37::SCWPlatform::Trying to set the existing hwdb with name system_wrapper
TRACE::2022-08-09.15:36:37::SCWPlatform::Opened existing hwdb system_wrapper
TRACE::2022-08-09.15:36:37::SCWPlatform::Found the Hw Db part of the input DSA
TRACE::2022-08-09.15:36:37::SCWMssOS::Checking the sw design at  D:/WorkRaduV/Projects/Tests/ReleaseDummyWS/system_wrapper/ps7_cortexa9_0/domain_ps7_cortexa9_0/bsp/system.mss
TRACE::2022-08-09.15:36:37::SCWMssOS::DEBUG:  swdes dump  D:/WorkRaduV/Projects/Tests/ReleaseDummyWS/system_wrapper/ps7_cortexa9_0/domain_ps7_cortexa9_0/bsp/system.mss|system||
D:/WorkRaduV/Projects/Tests/ReleaseDummyWS/system_wrapper/zynq_fsbl/zynq_fsbl_bsp/system.mss|system_0||

TRACE::2022-08-09.15:36:37::SCWMssOS::Sw design exists and opened at  D:/WorkRaduV/Projects/Tests/ReleaseDummyWS/system_wrapper/ps7_cortexa9_0/domain_ps7_cortexa9_0/bsp/system.mss
TRACE::2022-08-09.15:36:37::SCWPlatform::Trying to open the hw design at D:/WorkRaduV/Projects/Tests/ReleaseDummyWS/system_wrapper/hw/system_wrapper.xsa
TRACE::2022-08-09.15:36:37::SCWPlatform::DSA given D:/WorkRaduV/Projects/Tests/ReleaseDummyWS/system_wrapper/hw/system_wrapper.xsa
TRACE::2022-08-09.15:36:37::SCWPlatform::DSA absoulate path D:/WorkRaduV/Projects/Tests/ReleaseDummyWS/system_wrapper/hw/system_wrapper.xsa
TRACE::2022-08-09.15:36:37::SCWPlatform::DSA directory D:/WorkRaduV/Projects/Tests/ReleaseDummyWS/system_wrapper/hw
TRACE::2022-08-09.15:36:37::SCWPlatform:: Platform Path D:/WorkRaduV/Projects/Tests/ReleaseDummyWS/system_wrapper/hw/system_wrapper.xsa
TRACE::2022-08-09.15:36:37::SCWPlatform:: Unique name xilinx:zybo-z7-20::0.0
TRACE::2022-08-09.15:36:37::SCWPlatform::Trying to set the existing hwdb with name system_wrapper
TRACE::2022-08-09.15:36:37::SCWPlatform::Opened existing hwdb system_wrapper
TRACE::2022-08-09.15:36:37::SCWPlatform::Found the Hw Db part of the input DSA
TRACE::2022-08-09.15:36:37::SCWMssOS::Checking the sw design at  D:/WorkRaduV/Projects/Tests/ReleaseDummyWS/system_wrapper/zynq_fsbl/zynq_fsbl_bsp/system.mss
TRACE::2022-08-09.15:36:37::SCWMssOS::DEBUG:  swdes dump  D:/WorkRaduV/Projects/Tests/ReleaseDummyWS/system_wrapper/ps7_cortexa9_0/domain_ps7_cortexa9_0/bsp/system.mss|system||
D:/WorkRaduV/Projects/Tests/ReleaseDummyWS/system_wrapper/zynq_fsbl/zynq_fsbl_bsp/system.mss|system_0||

TRACE::2022-08-09.15:36:37::SCWMssOS::Sw design exists and opened at  D:/WorkRaduV/Projects/Tests/ReleaseDummyWS/system_wrapper/zynq_fsbl/zynq_fsbl_bsp/system.mss
TRACE::2022-08-09.15:36:37::SCWWriter::formatted JSON is {
	"platformName":	"system_wrapper",
	"sprVersion":	"2.0",
	"mode":	"gui",
	"dsaType":	"Fixed",
	"platformDesc":	"system_wrapper",
	"platHandOff":	"D:/WorkRaduV/Projects/Zybo-Z7/sw/src/system_wrapper/system_wrapper.xsa",
	"platIntHandOff":	"<platformDir>/hw/system_wrapper.xsa",
	"deviceType":	"zynq",
	"platIsPrebuiltAutogen":	"false",
	"platIsNoBootBsp":	"false",
	"hasFsblMakeHasChanges":	"false",
	"hasPmufwMakeHasChanges":	"false",
	"fsblExtraCompilerFlags":	"-MMD -MP       -mcpu=cortex-a9 -mfpu=vfpv3 -mfloat-abi=hard ",
	"platPreBuiltFlag":	false,
	"platformSamplesDir":	"",
	"platActiveSys":	"system_wrapper",
	"systems":	[{
			"systemName":	"system_wrapper",
			"systemDesc":	"system_wrapper",
			"sysIsBootAutoGen":	"true",
			"systemDispName":	"system_wrapper",
			"sysActiveDom":	"zynq_fsbl",
			"sysDefaultDom":	"domain_ps7_cortexa9_0",
			"domains":	[{
					"domainName":	"domain_ps7_cortexa9_0",
					"domainDispName":	"domain_ps7_cortexa9_0",
					"domainDesc":	"domain_ps7_cortexa9_0",
					"processors":	"ps7_cortexa9_0",
					"os":	"standalone",
					"sdxOs":	"standalone",
					"qemuArgs":	"C:/Xilinx/Vitis/2021.1/data/emulation/platforms/zynq/sw/a9_standalone/qemu/qemu_args.txt",
					"qemuData":	"C:/Xilinx/Vitis/2021.1/data/emulation/platforms/zynq/sw/a9_standalone/qemu/",
					"debugEnable":	"False",
					"domRuntimes":	["cpp"],
					"swRepo":	"",
					"mssOsVer":	"7.5",
					"mssFile":	"",
					"md5Digest":	"3cd3682dcff4da76b12d1a96e03568ab",
					"compatibleApp":	"",
					"domType":	"mssDomain",
					"appSettings":	{
						"appCompilerFlags":	"",
						"appLinkerFlags":	""
					},
					"addedLibs":	[],
					"libOptions":	{
						"libsContainingOptions":	[]
					},
					"prebuiltLibs":	{
						"prebuiltIncPath":	[],
						"prebuiltLibPath":	[]
					},
					"isolation":	{
					}
				}, {
					"domainName":	"zynq_fsbl",
					"domainDispName":	"zynq_fsbl",
					"domainDesc":	"FSBL Application BSP - Auto Generated.",
					"processors":	"ps7_cortexa9_0",
					"os":	"standalone",
					"sdxOs":	"standalone",
					"debugEnable":	"",
					"domRuntimes":	["cpp"],
					"swRepo":	"",
					"mssOsVer":	"7.5",
					"mssFile":	"",
					"md5Digest":	"65476f0e25cfe7a488204a81eac78faa",
					"compatibleApp":	"zynq_fsbl",
					"domType":	"bootDomain",
					"arch":	"32-bit",
					"appSettings":	{
						"appCompilerFlags":	"",
						"appLinkerFlags":	""
					},
					"addedLibs":	["xilffs:4.5", "xilrsa:1.6"],
					"libOptions":	{
						"ps7_cortexa9_0":	{
							"extra_compiler_flags":	"-mcpu=cortex-a9 -mfpu=vfpv3 -mfloat-abi=hard -nostartfiles -g -Wall -Wextra",
							"libOptionNames":	["extra_compiler_flags"]
						},
						"libsContainingOptions":	["ps7_cortexa9_0"]
					},
					"prebuiltLibs":	{
						"prebuiltIncPath":	[],
						"prebuiltLibPath":	[]
					},
					"isolation":	{
					}
				}]
		}]
}
KEYINFO::2022-08-09.15:36:37::SCWPlatform::updated the xpfm file.
TRACE::2022-08-09.15:36:37::SCWPlatform::Trying to open the hw design at D:/WorkRaduV/Projects/Tests/ReleaseDummyWS/system_wrapper/hw/system_wrapper.xsa
TRACE::2022-08-09.15:36:37::SCWPlatform::DSA given D:/WorkRaduV/Projects/Tests/ReleaseDummyWS/system_wrapper/hw/system_wrapper.xsa
TRACE::2022-08-09.15:36:37::SCWPlatform::DSA absoulate path D:/WorkRaduV/Projects/Tests/ReleaseDummyWS/system_wrapper/hw/system_wrapper.xsa
TRACE::2022-08-09.15:36:37::SCWPlatform::DSA directory D:/WorkRaduV/Projects/Tests/ReleaseDummyWS/system_wrapper/hw
TRACE::2022-08-09.15:36:37::SCWPlatform:: Platform Path D:/WorkRaduV/Projects/Tests/ReleaseDummyWS/system_wrapper/hw/system_wrapper.xsa
TRACE::2022-08-09.15:36:37::SCWPlatform:: Unique name xilinx:zybo-z7-20::0.0
TRACE::2022-08-09.15:36:37::SCWPlatform::Trying to set the existing hwdb with name system_wrapper
TRACE::2022-08-09.15:36:37::SCWPlatform::Opened existing hwdb system_wrapper
TRACE::2022-08-09.15:36:37::SCWPlatform::Found the Hw Db part of the input DSA
TRACE::2022-08-09.15:36:37::SCWMssOS::Checking the sw design at  D:/WorkRaduV/Projects/Tests/ReleaseDummyWS/system_wrapper/ps7_cortexa9_0/domain_ps7_cortexa9_0/bsp/system.mss
TRACE::2022-08-09.15:36:37::SCWMssOS::DEBUG:  swdes dump  D:/WorkRaduV/Projects/Tests/ReleaseDummyWS/system_wrapper/ps7_cortexa9_0/domain_ps7_cortexa9_0/bsp/system.mss|system||
D:/WorkRaduV/Projects/Tests/ReleaseDummyWS/system_wrapper/zynq_fsbl/zynq_fsbl_bsp/system.mss|system_0||

TRACE::2022-08-09.15:36:37::SCWMssOS::Sw design exists and opened at  D:/WorkRaduV/Projects/Tests/ReleaseDummyWS/system_wrapper/ps7_cortexa9_0/domain_ps7_cortexa9_0/bsp/system.mss
TRACE::2026-04-23.14:22:07::SCWPlatform::Trying to open the hw design at C:/Users/brand/Documents/engs192/zybo-edge-ai/2021.1_Pcam_VitisWorkspace/system_wrapper/hw/system_wrapper.xsa
TRACE::2026-04-23.14:22:07::SCWPlatform::DSA given C:/Users/brand/Documents/engs192/zybo-edge-ai/2021.1_Pcam_VitisWorkspace/system_wrapper/hw/system_wrapper.xsa
TRACE::2026-04-23.14:22:07::SCWPlatform::DSA absoulate path C:/Users/brand/Documents/engs192/zybo-edge-ai/2021.1_Pcam_VitisWorkspace/system_wrapper/hw/system_wrapper.xsa
TRACE::2026-04-23.14:22:07::SCWPlatform::DSA directory C:/Users/brand/Documents/engs192/zybo-edge-ai/2021.1_Pcam_VitisWorkspace/system_wrapper/hw
TRACE::2026-04-23.14:22:07::SCWPlatform:: Platform Path C:/Users/brand/Documents/engs192/zybo-edge-ai/2021.1_Pcam_VitisWorkspace/system_wrapper/hw/system_wrapper.xsa
TRACE::2026-04-23.14:22:07::SCWPlatform:: Unique name xilinx:zybo-z7-20::0.0
TRACE::2026-04-23.14:22:07::SCWPlatform::Do not have an existing db opened. 
TRACE::2026-04-23.14:22:11::SCWPlatform::Opened new HwDB with name system_wrapper_6
TRACE::2026-04-23.14:22:11::SCWReader::Active system found as  system_wrapper
TRACE::2026-04-23.14:22:11::SCWReader::Handling sysconfig system_wrapper
TRACE::2026-04-23.14:22:11::SCWDomain::checking for install qemu data   : 
TRACE::2026-04-23.14:22:11::SCWDomain:: Using the QEMU Data from install at  : C:/Xilinx/Vitis/2021.2/data/emulation/platforms/zynq/sw/a9_standalone/qemu/
TRACE::2026-04-23.14:22:11::SCWDomain:: Using the QEMU args  from install at  : C:/Xilinx/Vitis/2021.2/data/emulation/platforms/zynq/sw/a9_standalone/qemu/qemu_args.txt
TRACE::2026-04-23.14:22:11::SCWPlatform::Trying to open the hw design at C:/Users/brand/Documents/engs192/zybo-edge-ai/2021.1_Pcam_VitisWorkspace/system_wrapper/hw/system_wrapper.xsa
TRACE::2026-04-23.14:22:11::SCWPlatform::DSA given C:/Users/brand/Documents/engs192/zybo-edge-ai/2021.1_Pcam_VitisWorkspace/system_wrapper/hw/system_wrapper.xsa
TRACE::2026-04-23.14:22:11::SCWPlatform::DSA absoulate path C:/Users/brand/Documents/engs192/zybo-edge-ai/2021.1_Pcam_VitisWorkspace/system_wrapper/hw/system_wrapper.xsa
TRACE::2026-04-23.14:22:11::SCWPlatform::DSA directory C:/Users/brand/Documents/engs192/zybo-edge-ai/2021.1_Pcam_VitisWorkspace/system_wrapper/hw
TRACE::2026-04-23.14:22:11::SCWPlatform:: Platform Path C:/Users/brand/Documents/engs192/zybo-edge-ai/2021.1_Pcam_VitisWorkspace/system_wrapper/hw/system_wrapper.xsa
TRACE::2026-04-23.14:22:11::SCWPlatform:: Unique name xilinx:zybo-z7-20::0.0
TRACE::2026-04-23.14:22:11::SCWPlatform::Trying to set the existing hwdb with name system_wrapper_6
TRACE::2026-04-23.14:22:11::SCWPlatform::Opened existing hwdb system_wrapper_6
TRACE::2026-04-23.14:22:11::SCWPlatform::Found the Hw Db part of the input DSA
TRACE::2026-04-23.14:22:11::SCWPlatform::Trying to open the hw design at C:/Users/brand/Documents/engs192/zybo-edge-ai/2021.1_Pcam_VitisWorkspace/system_wrapper/hw/system_wrapper.xsa
TRACE::2026-04-23.14:22:11::SCWPlatform::DSA given C:/Users/brand/Documents/engs192/zybo-edge-ai/2021.1_Pcam_VitisWorkspace/system_wrapper/hw/system_wrapper.xsa
TRACE::2026-04-23.14:22:11::SCWPlatform::DSA absoulate path C:/Users/brand/Documents/engs192/zybo-edge-ai/2021.1_Pcam_VitisWorkspace/system_wrapper/hw/system_wrapper.xsa
TRACE::2026-04-23.14:22:11::SCWPlatform::DSA directory C:/Users/brand/Documents/engs192/zybo-edge-ai/2021.1_Pcam_VitisWorkspace/system_wrapper/hw
TRACE::2026-04-23.14:22:11::SCWPlatform:: Platform Path C:/Users/brand/Documents/engs192/zybo-edge-ai/2021.1_Pcam_VitisWorkspace/system_wrapper/hw/system_wrapper.xsa
TRACE::2026-04-23.14:22:11::SCWPlatform:: Unique name xilinx:zybo-z7-20::0.0
TRACE::2026-04-23.14:22:11::SCWPlatform::Trying to set the existing hwdb with name system_wrapper_6
TRACE::2026-04-23.14:22:11::SCWPlatform::Opened existing hwdb system_wrapper_6
TRACE::2026-04-23.14:22:11::SCWPlatform::Found the Hw Db part of the input DSA
TRACE::2026-04-23.14:22:11::SCWPlatform::Trying to open the hw design at C:/Users/brand/Documents/engs192/zybo-edge-ai/2021.1_Pcam_VitisWorkspace/system_wrapper/hw/system_wrapper.xsa
TRACE::2026-04-23.14:22:11::SCWPlatform::DSA given C:/Users/brand/Documents/engs192/zybo-edge-ai/2021.1_Pcam_VitisWorkspace/system_wrapper/hw/system_wrapper.xsa
TRACE::2026-04-23.14:22:11::SCWPlatform::DSA absoulate path C:/Users/brand/Documents/engs192/zybo-edge-ai/2021.1_Pcam_VitisWorkspace/system_wrapper/hw/system_wrapper.xsa
TRACE::2026-04-23.14:22:11::SCWPlatform::DSA directory C:/Users/brand/Documents/engs192/zybo-edge-ai/2021.1_Pcam_VitisWorkspace/system_wrapper/hw
TRACE::2026-04-23.14:22:11::SCWPlatform:: Platform Path C:/Users/brand/Documents/engs192/zybo-edge-ai/2021.1_Pcam_VitisWorkspace/system_wrapper/hw/system_wrapper.xsa
TRACE::2026-04-23.14:22:11::SCWPlatform:: Unique name xilinx:zybo-z7-20::0.0
TRACE::2026-04-23.14:22:11::SCWPlatform::Trying to set the existing hwdb with name system_wrapper_6
TRACE::2026-04-23.14:22:11::SCWPlatform::Opened existing hwdb system_wrapper_6
TRACE::2026-04-23.14:22:11::SCWPlatform::Found the Hw Db part of the input DSA
TRACE::2026-04-23.14:22:11::SCWPlatform::Trying to open the hw design at C:/Users/brand/Documents/engs192/zybo-edge-ai/2021.1_Pcam_VitisWorkspace/system_wrapper/hw/system_wrapper.xsa
TRACE::2026-04-23.14:22:11::SCWPlatform::DSA given C:/Users/brand/Documents/engs192/zybo-edge-ai/2021.1_Pcam_VitisWorkspace/system_wrapper/hw/system_wrapper.xsa
TRACE::2026-04-23.14:22:11::SCWPlatform::DSA absoulate path C:/Users/brand/Documents/engs192/zybo-edge-ai/2021.1_Pcam_VitisWorkspace/system_wrapper/hw/system_wrapper.xsa
TRACE::2026-04-23.14:22:11::SCWPlatform::DSA directory C:/Users/brand/Documents/engs192/zybo-edge-ai/2021.1_Pcam_VitisWorkspace/system_wrapper/hw
TRACE::2026-04-23.14:22:11::SCWPlatform:: Platform Path C:/Users/brand/Documents/engs192/zybo-edge-ai/2021.1_Pcam_VitisWorkspace/system_wrapper/hw/system_wrapper.xsa
TRACE::2026-04-23.14:22:11::SCWPlatform:: Unique name xilinx:zybo-z7-20::0.0
TRACE::2026-04-23.14:22:11::SCWPlatform::Trying to set the existing hwdb with name system_wrapper_6
TRACE::2026-04-23.14:22:11::SCWPlatform::Opened existing hwdb system_wrapper_6
TRACE::2026-04-23.14:22:11::SCWPlatform::Found the Hw Db part of the input DSA
TRACE::2026-04-23.14:22:11::SCWMssOS::Checking the sw design at  C:/Users/brand/Documents/engs192/zybo-edge-ai/2021.1_Pcam_VitisWorkspace/system_wrapper/ps7_cortexa9_0/domain_ps7_cortexa9_0/bsp/system.mss
TRACE::2026-04-23.14:22:11::SCWMssOS::DEBUG:  swdes dump  
TRACE::2026-04-23.14:22:11::SCWMssOS::No sw design opened at  C:/Users/brand/Documents/engs192/zybo-edge-ai/2021.1_Pcam_VitisWorkspace/system_wrapper/ps7_cortexa9_0/domain_ps7_cortexa9_0/bsp/system.mss
TRACE::2026-04-23.14:22:11::SCWMssOS::mss exists loading the mss file  C:/Users/brand/Documents/engs192/zybo-edge-ai/2021.1_Pcam_VitisWorkspace/system_wrapper/ps7_cortexa9_0/domain_ps7_cortexa9_0/bsp/system.mss
TRACE::2026-04-23.14:22:11::SCWMssOS::Opened the sw design from mss  C:/Users/brand/Documents/engs192/zybo-edge-ai/2021.1_Pcam_VitisWorkspace/system_wrapper/ps7_cortexa9_0/domain_ps7_cortexa9_0/bsp/system.mss
TRACE::2026-04-23.14:22:11::SCWMssOS::Adding the swdes entry C:/Users/brand/Documents/engs192/zybo-edge-ai/2021.1_Pcam_VitisWorkspace/system_wrapper/ps7_cortexa9_0/domain_ps7_cortexa9_0/bsp/system.mss with des name system
TRACE::2026-04-23.14:22:11::SCWMssOS::updating the scw layer about changes
TRACE::2026-04-23.14:22:11::SCWMssOS::Opened the sw design.  C:/Users/brand/Documents/engs192/zybo-edge-ai/2021.1_Pcam_VitisWorkspace/system_wrapper/ps7_cortexa9_0/domain_ps7_cortexa9_0/bsp/system.mss
TRACE::2026-04-23.14:22:11::SCWMssOS::Saving the mss changes C:/Users/brand/Documents/engs192/zybo-edge-ai/2021.1_Pcam_VitisWorkspace/system_wrapper/ps7_cortexa9_0/domain_ps7_cortexa9_0/bsp/system.mss
TRACE::2026-04-23.14:22:11::SCWMssOS::Found a swdesign opened with the mssfile.
TRACE::2026-04-23.14:22:11::SCWMssOS::Completed writemss as part of save.
TRACE::2026-04-23.14:22:11::SCWMssOS::Commit changes completed.
TRACE::2026-04-23.14:22:11::SCWReader::Adding prebuilt librarypaths as   
TRACE::2026-04-23.14:22:11::SCWReader::Adding prebuilt incpaths  as   
TRACE::2026-04-23.14:22:11::SCWPlatform::Trying to open the hw design at C:/Users/brand/Documents/engs192/zybo-edge-ai/2021.1_Pcam_VitisWorkspace/system_wrapper/hw/system_wrapper.xsa
TRACE::2026-04-23.14:22:11::SCWPlatform::DSA given C:/Users/brand/Documents/engs192/zybo-edge-ai/2021.1_Pcam_VitisWorkspace/system_wrapper/hw/system_wrapper.xsa
TRACE::2026-04-23.14:22:11::SCWPlatform::DSA absoulate path C:/Users/brand/Documents/engs192/zybo-edge-ai/2021.1_Pcam_VitisWorkspace/system_wrapper/hw/system_wrapper.xsa
TRACE::2026-04-23.14:22:11::SCWPlatform::DSA directory C:/Users/brand/Documents/engs192/zybo-edge-ai/2021.1_Pcam_VitisWorkspace/system_wrapper/hw
TRACE::2026-04-23.14:22:11::SCWPlatform:: Platform Path C:/Users/brand/Documents/engs192/zybo-edge-ai/2021.1_Pcam_VitisWorkspace/system_wrapper/hw/system_wrapper.xsa
TRACE::2026-04-23.14:22:11::SCWPlatform:: Unique name xilinx:zybo-z7-20::0.0
TRACE::2026-04-23.14:22:11::SCWPlatform::Trying to set the existing hwdb with name system_wrapper_6
TRACE::2026-04-23.14:22:11::SCWPlatform::Opened existing hwdb system_wrapper_6
TRACE::2026-04-23.14:22:11::SCWPlatform::Found the Hw Db part of the input DSA
TRACE::2026-04-23.14:22:11::SCWMssOS::Checking the sw design at  C:/Users/brand/Documents/engs192/zybo-edge-ai/2021.1_Pcam_VitisWorkspace/system_wrapper/ps7_cortexa9_0/domain_ps7_cortexa9_0/bsp/system.mss
TRACE::2026-04-23.14:22:11::SCWMssOS::DEBUG:  swdes dump  C:/Users/brand/Documents/engs192/zybo-edge-ai/2021.1_Pcam_VitisWorkspace/system_wrapper/ps7_cortexa9_0/domain_ps7_cortexa9_0/bsp/system.mss|system||

TRACE::2026-04-23.14:22:11::SCWMssOS::Sw design exists and opened at  C:/Users/brand/Documents/engs192/zybo-edge-ai/2021.1_Pcam_VitisWorkspace/system_wrapper/ps7_cortexa9_0/domain_ps7_cortexa9_0/bsp/system.mss
TRACE::2026-04-23.14:22:11::SCWReader::No isolation master present  
TRACE::2026-04-23.14:22:11::SCWDomain::checking for install qemu data   : 
TRACE::2026-04-23.14:22:11::SCWDomain:: Using the QEMU Data from install at  : C:/Xilinx/Vitis/2021.2/data/emulation/platforms/zynq/sw/a9_standalone/qemu/
TRACE::2026-04-23.14:22:11::SCWDomain:: Using the QEMU args  from install at  : C:/Xilinx/Vitis/2021.2/data/emulation/platforms/zynq/sw/a9_standalone/qemu/qemu_args.txt
TRACE::2026-04-23.14:22:11::SCWPlatform::Trying to open the hw design at C:/Users/brand/Documents/engs192/zybo-edge-ai/2021.1_Pcam_VitisWorkspace/system_wrapper/hw/system_wrapper.xsa
TRACE::2026-04-23.14:22:11::SCWPlatform::DSA given C:/Users/brand/Documents/engs192/zybo-edge-ai/2021.1_Pcam_VitisWorkspace/system_wrapper/hw/system_wrapper.xsa
TRACE::2026-04-23.14:22:11::SCWPlatform::DSA absoulate path C:/Users/brand/Documents/engs192/zybo-edge-ai/2021.1_Pcam_VitisWorkspace/system_wrapper/hw/system_wrapper.xsa
TRACE::2026-04-23.14:22:11::SCWPlatform::DSA directory C:/Users/brand/Documents/engs192/zybo-edge-ai/2021.1_Pcam_VitisWorkspace/system_wrapper/hw
TRACE::2026-04-23.14:22:11::SCWPlatform:: Platform Path C:/Users/brand/Documents/engs192/zybo-edge-ai/2021.1_Pcam_VitisWorkspace/system_wrapper/hw/system_wrapper.xsa
TRACE::2026-04-23.14:22:11::SCWPlatform:: Unique name xilinx:zybo-z7-20::0.0
TRACE::2026-04-23.14:22:11::SCWPlatform::Trying to set the existing hwdb with name system_wrapper_6
TRACE::2026-04-23.14:22:11::SCWPlatform::Opened existing hwdb system_wrapper_6
TRACE::2026-04-23.14:22:11::SCWPlatform::Found the Hw Db part of the input DSA
TRACE::2026-04-23.14:22:11::SCWPlatform::Trying to open the hw design at C:/Users/brand/Documents/engs192/zybo-edge-ai/2021.1_Pcam_VitisWorkspace/system_wrapper/hw/system_wrapper.xsa
TRACE::2026-04-23.14:22:11::SCWPlatform::DSA given C:/Users/brand/Documents/engs192/zybo-edge-ai/2021.1_Pcam_VitisWorkspace/system_wrapper/hw/system_wrapper.xsa
TRACE::2026-04-23.14:22:11::SCWPlatform::DSA absoulate path C:/Users/brand/Documents/engs192/zybo-edge-ai/2021.1_Pcam_VitisWorkspace/system_wrapper/hw/system_wrapper.xsa
TRACE::2026-04-23.14:22:11::SCWPlatform::DSA directory C:/Users/brand/Documents/engs192/zybo-edge-ai/2021.1_Pcam_VitisWorkspace/system_wrapper/hw
TRACE::2026-04-23.14:22:11::SCWPlatform:: Platform Path C:/Users/brand/Documents/engs192/zybo-edge-ai/2021.1_Pcam_VitisWorkspace/system_wrapper/hw/system_wrapper.xsa
TRACE::2026-04-23.14:22:11::SCWPlatform:: Unique name xilinx:zybo-z7-20::0.0
TRACE::2026-04-23.14:22:11::SCWPlatform::Trying to set the existing hwdb with name system_wrapper_6
TRACE::2026-04-23.14:22:11::SCWPlatform::Opened existing hwdb system_wrapper_6
TRACE::2026-04-23.14:22:11::SCWPlatform::Found the Hw Db part of the input DSA
TRACE::2026-04-23.14:22:11::SCWReader::Boot application domain added for zynq_fsbl
TRACE::2026-04-23.14:22:11::SCWPlatform::Trying to open the hw design at C:/Users/brand/Documents/engs192/zybo-edge-ai/2021.1_Pcam_VitisWorkspace/system_wrapper/hw/system_wrapper.xsa
TRACE::2026-04-23.14:22:11::SCWPlatform::DSA given C:/Users/brand/Documents/engs192/zybo-edge-ai/2021.1_Pcam_VitisWorkspace/system_wrapper/hw/system_wrapper.xsa
TRACE::2026-04-23.14:22:11::SCWPlatform::DSA absoulate path C:/Users/brand/Documents/engs192/zybo-edge-ai/2021.1_Pcam_VitisWorkspace/system_wrapper/hw/system_wrapper.xsa
TRACE::2026-04-23.14:22:11::SCWPlatform::DSA directory C:/Users/brand/Documents/engs192/zybo-edge-ai/2021.1_Pcam_VitisWorkspace/system_wrapper/hw
TRACE::2026-04-23.14:22:11::SCWPlatform:: Platform Path C:/Users/brand/Documents/engs192/zybo-edge-ai/2021.1_Pcam_VitisWorkspace/system_wrapper/hw/system_wrapper.xsa
TRACE::2026-04-23.14:22:11::SCWPlatform:: Unique name xilinx:zybo-z7-20::0.0
TRACE::2026-04-23.14:22:11::SCWPlatform::Trying to set the existing hwdb with name system_wrapper_6
TRACE::2026-04-23.14:22:11::SCWPlatform::Opened existing hwdb system_wrapper_6
TRACE::2026-04-23.14:22:11::SCWPlatform::Found the Hw Db part of the input DSA
TRACE::2026-04-23.14:22:11::SCWMssOS::Checking the sw design at  C:/Users/brand/Documents/engs192/zybo-edge-ai/2021.1_Pcam_VitisWorkspace/system_wrapper/zynq_fsbl/zynq_fsbl_bsp/system.mss
TRACE::2026-04-23.14:22:11::SCWMssOS::DEBUG:  swdes dump  C:/Users/brand/Documents/engs192/zybo-edge-ai/2021.1_Pcam_VitisWorkspace/system_wrapper/ps7_cortexa9_0/domain_ps7_cortexa9_0/bsp/system.mss|system||

TRACE::2026-04-23.14:22:11::SCWMssOS::No sw design opened at  C:/Users/brand/Documents/engs192/zybo-edge-ai/2021.1_Pcam_VitisWorkspace/system_wrapper/zynq_fsbl/zynq_fsbl_bsp/system.mss
TRACE::2026-04-23.14:22:11::SCWMssOS::mss exists loading the mss file  C:/Users/brand/Documents/engs192/zybo-edge-ai/2021.1_Pcam_VitisWorkspace/system_wrapper/zynq_fsbl/zynq_fsbl_bsp/system.mss
TRACE::2026-04-23.14:22:11::SCWMssOS::Opened the sw design from mss  C:/Users/brand/Documents/engs192/zybo-edge-ai/2021.1_Pcam_VitisWorkspace/system_wrapper/zynq_fsbl/zynq_fsbl_bsp/system.mss
TRACE::2026-04-23.14:22:11::SCWMssOS::Adding the swdes entry C:/Users/brand/Documents/engs192/zybo-edge-ai/2021.1_Pcam_VitisWorkspace/system_wrapper/zynq_fsbl/zynq_fsbl_bsp/system.mss with des name system_0
TRACE::2026-04-23.14:22:11::SCWMssOS::updating the scw layer about changes
TRACE::2026-04-23.14:22:11::SCWMssOS::Opened the sw design.  C:/Users/brand/Documents/engs192/zybo-edge-ai/2021.1_Pcam_VitisWorkspace/system_wrapper/zynq_fsbl/zynq_fsbl_bsp/system.mss
TRACE::2026-04-23.14:22:11::SCWPlatform::Trying to open the hw design at C:/Users/brand/Documents/engs192/zybo-edge-ai/2021.1_Pcam_VitisWorkspace/system_wrapper/hw/system_wrapper.xsa
TRACE::2026-04-23.14:22:11::SCWPlatform::DSA given C:/Users/brand/Documents/engs192/zybo-edge-ai/2021.1_Pcam_VitisWorkspace/system_wrapper/hw/system_wrapper.xsa
TRACE::2026-04-23.14:22:11::SCWPlatform::DSA absoulate path C:/Users/brand/Documents/engs192/zybo-edge-ai/2021.1_Pcam_VitisWorkspace/system_wrapper/hw/system_wrapper.xsa
TRACE::2026-04-23.14:22:11::SCWPlatform::DSA directory C:/Users/brand/Documents/engs192/zybo-edge-ai/2021.1_Pcam_VitisWorkspace/system_wrapper/hw
TRACE::2026-04-23.14:22:11::SCWPlatform:: Platform Path C:/Users/brand/Documents/engs192/zybo-edge-ai/2021.1_Pcam_VitisWorkspace/system_wrapper/hw/system_wrapper.xsa
TRACE::2026-04-23.14:22:11::SCWPlatform:: Unique name xilinx:zybo-z7-20::0.0
TRACE::2026-04-23.14:22:11::SCWPlatform::Trying to set the existing hwdb with name system_wrapper_6
TRACE::2026-04-23.14:22:11::SCWPlatform::Opened existing hwdb system_wrapper_6
TRACE::2026-04-23.14:22:11::SCWPlatform::Found the Hw Db part of the input DSA
TRACE::2026-04-23.14:22:11::SCWMssOS::Checking the sw design at  C:/Users/brand/Documents/engs192/zybo-edge-ai/2021.1_Pcam_VitisWorkspace/system_wrapper/zynq_fsbl/zynq_fsbl_bsp/system.mss
TRACE::2026-04-23.14:22:11::SCWMssOS::DEBUG:  swdes dump  C:/Users/brand/Documents/engs192/zybo-edge-ai/2021.1_Pcam_VitisWorkspace/system_wrapper/ps7_cortexa9_0/domain_ps7_cortexa9_0/bsp/system.mss|system||
C:/Users/brand/Documents/engs192/zybo-edge-ai/2021.1_Pcam_VitisWorkspace/system_wrapper/zynq_fsbl/zynq_fsbl_bsp/system.mss|system_0||

TRACE::2026-04-23.14:22:11::SCWMssOS::Sw design exists and opened at  C:/Users/brand/Documents/engs192/zybo-edge-ai/2021.1_Pcam_VitisWorkspace/system_wrapper/zynq_fsbl/zynq_fsbl_bsp/system.mss
TRACE::2026-04-23.14:22:11::SCWMssOS:: library already available in sw design:  xilffs:4.5
TRACE::2026-04-23.14:22:11::SCWPlatform::Trying to open the hw design at C:/Users/brand/Documents/engs192/zybo-edge-ai/2021.1_Pcam_VitisWorkspace/system_wrapper/hw/system_wrapper.xsa
TRACE::2026-04-23.14:22:11::SCWPlatform::DSA given C:/Users/brand/Documents/engs192/zybo-edge-ai/2021.1_Pcam_VitisWorkspace/system_wrapper/hw/system_wrapper.xsa
TRACE::2026-04-23.14:22:11::SCWPlatform::DSA absoulate path C:/Users/brand/Documents/engs192/zybo-edge-ai/2021.1_Pcam_VitisWorkspace/system_wrapper/hw/system_wrapper.xsa
TRACE::2026-04-23.14:22:11::SCWPlatform::DSA directory C:/Users/brand/Documents/engs192/zybo-edge-ai/2021.1_Pcam_VitisWorkspace/system_wrapper/hw
TRACE::2026-04-23.14:22:11::SCWPlatform:: Platform Path C:/Users/brand/Documents/engs192/zybo-edge-ai/2021.1_Pcam_VitisWorkspace/system_wrapper/hw/system_wrapper.xsa
TRACE::2026-04-23.14:22:11::SCWPlatform:: Unique name xilinx:zybo-z7-20::0.0
TRACE::2026-04-23.14:22:11::SCWPlatform::Trying to set the existing hwdb with name system_wrapper_6
TRACE::2026-04-23.14:22:11::SCWPlatform::Opened existing hwdb system_wrapper_6
TRACE::2026-04-23.14:22:11::SCWPlatform::Found the Hw Db part of the input DSA
TRACE::2026-04-23.14:22:11::SCWMssOS::Checking the sw design at  C:/Users/brand/Documents/engs192/zybo-edge-ai/2021.1_Pcam_VitisWorkspace/system_wrapper/zynq_fsbl/zynq_fsbl_bsp/system.mss
TRACE::2026-04-23.14:22:11::SCWMssOS::DEBUG:  swdes dump  C:/Users/brand/Documents/engs192/zybo-edge-ai/2021.1_Pcam_VitisWorkspace/system_wrapper/ps7_cortexa9_0/domain_ps7_cortexa9_0/bsp/system.mss|system||
C:/Users/brand/Documents/engs192/zybo-edge-ai/2021.1_Pcam_VitisWorkspace/system_wrapper/zynq_fsbl/zynq_fsbl_bsp/system.mss|system_0||

TRACE::2026-04-23.14:22:11::SCWMssOS::Sw design exists and opened at  C:/Users/brand/Documents/engs192/zybo-edge-ai/2021.1_Pcam_VitisWorkspace/system_wrapper/zynq_fsbl/zynq_fsbl_bsp/system.mss
TRACE::2026-04-23.14:22:11::SCWMssOS:: library already available in sw design:  xilrsa:1.6
TRACE::2026-04-23.14:22:11::SCWPlatform::Trying to open the hw design at C:/Users/brand/Documents/engs192/zybo-edge-ai/2021.1_Pcam_VitisWorkspace/system_wrapper/hw/system_wrapper.xsa
TRACE::2026-04-23.14:22:11::SCWPlatform::DSA given C:/Users/brand/Documents/engs192/zybo-edge-ai/2021.1_Pcam_VitisWorkspace/system_wrapper/hw/system_wrapper.xsa
TRACE::2026-04-23.14:22:11::SCWPlatform::DSA absoulate path C:/Users/brand/Documents/engs192/zybo-edge-ai/2021.1_Pcam_VitisWorkspace/system_wrapper/hw/system_wrapper.xsa
TRACE::2026-04-23.14:22:11::SCWPlatform::DSA directory C:/Users/brand/Documents/engs192/zybo-edge-ai/2021.1_Pcam_VitisWorkspace/system_wrapper/hw
TRACE::2026-04-23.14:22:11::SCWPlatform:: Platform Path C:/Users/brand/Documents/engs192/zybo-edge-ai/2021.1_Pcam_VitisWorkspace/system_wrapper/hw/system_wrapper.xsa
TRACE::2026-04-23.14:22:11::SCWPlatform:: Unique name xilinx:zybo-z7-20::0.0
TRACE::2026-04-23.14:22:11::SCWPlatform::Trying to set the existing hwdb with name system_wrapper_6
TRACE::2026-04-23.14:22:11::SCWPlatform::Opened existing hwdb system_wrapper_6
TRACE::2026-04-23.14:22:11::SCWPlatform::Found the Hw Db part of the input DSA
TRACE::2026-04-23.14:22:11::SCWMssOS::Checking the sw design at  C:/Users/brand/Documents/engs192/zybo-edge-ai/2021.1_Pcam_VitisWorkspace/system_wrapper/zynq_fsbl/zynq_fsbl_bsp/system.mss
TRACE::2026-04-23.14:22:11::SCWMssOS::DEBUG:  swdes dump  C:/Users/brand/Documents/engs192/zybo-edge-ai/2021.1_Pcam_VitisWorkspace/system_wrapper/ps7_cortexa9_0/domain_ps7_cortexa9_0/bsp/system.mss|system||
C:/Users/brand/Documents/engs192/zybo-edge-ai/2021.1_Pcam_VitisWorkspace/system_wrapper/zynq_fsbl/zynq_fsbl_bsp/system.mss|system_0||

TRACE::2026-04-23.14:22:11::SCWMssOS::Sw design exists and opened at  C:/Users/brand/Documents/engs192/zybo-edge-ai/2021.1_Pcam_VitisWorkspace/system_wrapper/zynq_fsbl/zynq_fsbl_bsp/system.mss
TRACE::2026-04-23.14:22:11::SCWPlatform::Trying to open the hw design at C:/Users/brand/Documents/engs192/zybo-edge-ai/2021.1_Pcam_VitisWorkspace/system_wrapper/hw/system_wrapper.xsa
TRACE::2026-04-23.14:22:11::SCWPlatform::DSA given C:/Users/brand/Documents/engs192/zybo-edge-ai/2021.1_Pcam_VitisWorkspace/system_wrapper/hw/system_wrapper.xsa
TRACE::2026-04-23.14:22:11::SCWPlatform::DSA absoulate path C:/Users/brand/Documents/engs192/zybo-edge-ai/2021.1_Pcam_VitisWorkspace/system_wrapper/hw/system_wrapper.xsa
TRACE::2026-04-23.14:22:11::SCWPlatform::DSA directory C:/Users/brand/Documents/engs192/zybo-edge-ai/2021.1_Pcam_VitisWorkspace/system_wrapper/hw
TRACE::2026-04-23.14:22:11::SCWPlatform:: Platform Path C:/Users/brand/Documents/engs192/zybo-edge-ai/2021.1_Pcam_VitisWorkspace/system_wrapper/hw/system_wrapper.xsa
TRACE::2026-04-23.14:22:11::SCWPlatform:: Unique name xilinx:zybo-z7-20::0.0
TRACE::2026-04-23.14:22:11::SCWPlatform::Trying to set the existing hwdb with name system_wrapper_6
TRACE::2026-04-23.14:22:11::SCWPlatform::Opened existing hwdb system_wrapper_6
TRACE::2026-04-23.14:22:11::SCWPlatform::Found the Hw Db part of the input DSA
TRACE::2026-04-23.14:22:11::SCWMssOS::Checking the sw design at  C:/Users/brand/Documents/engs192/zybo-edge-ai/2021.1_Pcam_VitisWorkspace/system_wrapper/zynq_fsbl/zynq_fsbl_bsp/system.mss
TRACE::2026-04-23.14:22:11::SCWMssOS::DEBUG:  swdes dump  C:/Users/brand/Documents/engs192/zybo-edge-ai/2021.1_Pcam_VitisWorkspace/system_wrapper/ps7_cortexa9_0/domain_ps7_cortexa9_0/bsp/system.mss|system||
C:/Users/brand/Documents/engs192/zybo-edge-ai/2021.1_Pcam_VitisWorkspace/system_wrapper/zynq_fsbl/zynq_fsbl_bsp/system.mss|system_0||

TRACE::2026-04-23.14:22:11::SCWMssOS::Sw design exists and opened at  C:/Users/brand/Documents/engs192/zybo-edge-ai/2021.1_Pcam_VitisWorkspace/system_wrapper/zynq_fsbl/zynq_fsbl_bsp/system.mss
TRACE::2026-04-23.14:22:11::SCWMssOS::Saving the mss changes C:/Users/brand/Documents/engs192/zybo-edge-ai/2021.1_Pcam_VitisWorkspace/system_wrapper/zynq_fsbl/zynq_fsbl_bsp/system.mss
TRACE::2026-04-23.14:22:11::SCWMssOS::Found a swdesign opened with the mssfile.
TRACE::2026-04-23.14:22:11::SCWMssOS::Completed writemss as part of save.
TRACE::2026-04-23.14:22:11::SCWMssOS::Commit changes completed.
TRACE::2026-04-23.14:22:11::SCWReader::Adding prebuilt librarypaths as   
TRACE::2026-04-23.14:22:11::SCWReader::Adding prebuilt incpaths  as   
TRACE::2026-04-23.14:22:11::SCWPlatform::Trying to open the hw design at C:/Users/brand/Documents/engs192/zybo-edge-ai/2021.1_Pcam_VitisWorkspace/system_wrapper/hw/system_wrapper.xsa
TRACE::2026-04-23.14:22:11::SCWPlatform::DSA given C:/Users/brand/Documents/engs192/zybo-edge-ai/2021.1_Pcam_VitisWorkspace/system_wrapper/hw/system_wrapper.xsa
TRACE::2026-04-23.14:22:11::SCWPlatform::DSA absoulate path C:/Users/brand/Documents/engs192/zybo-edge-ai/2021.1_Pcam_VitisWorkspace/system_wrapper/hw/system_wrapper.xsa
TRACE::2026-04-23.14:22:11::SCWPlatform::DSA directory C:/Users/brand/Documents/engs192/zybo-edge-ai/2021.1_Pcam_VitisWorkspace/system_wrapper/hw
TRACE::2026-04-23.14:22:11::SCWPlatform:: Platform Path C:/Users/brand/Documents/engs192/zybo-edge-ai/2021.1_Pcam_VitisWorkspace/system_wrapper/hw/system_wrapper.xsa
TRACE::2026-04-23.14:22:11::SCWPlatform:: Unique name xilinx:zybo-z7-20::0.0
TRACE::2026-04-23.14:22:11::SCWPlatform::Trying to set the existing hwdb with name system_wrapper_6
TRACE::2026-04-23.14:22:11::SCWPlatform::Opened existing hwdb system_wrapper_6
TRACE::2026-04-23.14:22:11::SCWPlatform::Found the Hw Db part of the input DSA
TRACE::2026-04-23.14:22:11::SCWMssOS::Checking the sw design at  C:/Users/brand/Documents/engs192/zybo-edge-ai/2021.1_Pcam_VitisWorkspace/system_wrapper/zynq_fsbl/zynq_fsbl_bsp/system.mss
TRACE::2026-04-23.14:22:11::SCWMssOS::DEBUG:  swdes dump  C:/Users/brand/Documents/engs192/zybo-edge-ai/2021.1_Pcam_VitisWorkspace/system_wrapper/ps7_cortexa9_0/domain_ps7_cortexa9_0/bsp/system.mss|system||
C:/Users/brand/Documents/engs192/zybo-edge-ai/2021.1_Pcam_VitisWorkspace/system_wrapper/zynq_fsbl/zynq_fsbl_bsp/system.mss|system_0||

TRACE::2026-04-23.14:22:11::SCWMssOS::Sw design exists and opened at  C:/Users/brand/Documents/engs192/zybo-edge-ai/2021.1_Pcam_VitisWorkspace/system_wrapper/zynq_fsbl/zynq_fsbl_bsp/system.mss
TRACE::2026-04-23.14:22:11::SCWReader::No isolation master present  
LOG::2026-04-23.14:22:11::SCWPlatform::Started generating the artifacts platform system_wrapper
ERROR::2026-04-23.14:22:11::SCWMssOS::Error: Qemu arguments File given  C:/Xilinx/Vitis/2021.1/data/emulation/platforms/zynq/sw/a9_standalone/qemu/qemu_args.txt do not exist
LOG::2026-04-23.14:22:15::SCWPlatform::Started generating the artifacts platform system_wrapper
ERROR::2026-04-23.14:22:15::SCWMssOS::Error: Qemu arguments File given  C:/Xilinx/Vitis/2021.1/data/emulation/platforms/zynq/sw/a9_standalone/qemu/qemu_args.txt do not exist
LOG::2026-04-23.14:22:30::SCWPlatform::Started generating the artifacts platform system_wrapper
ERROR::2026-04-23.14:22:30::SCWMssOS::Error: Qemu arguments File given  C:/Xilinx/Vitis/2021.1/data/emulation/platforms/zynq/sw/a9_standalone/qemu/qemu_args.txt do not exist
