

================================================================
== Vitis HLS Report for 'dense_resource_rf_leq_nin_ap_fixed_ap_fixed_8_2_5_3_0_config4_mult_s'
================================================================
* Date:           Tue May 26 23:24:23 2026

* Version:        2021.2 (Build 3367213 on Tue Oct 19 02:48:09 MDT 2021)
* Project:        myproject_prj
* Solution:       solution1 (Vivado IP Flow Target)
* Product family: zynq
* Target device:  xc7z020-clg400-1


================================================================
== Performance Estimates
================================================================
+ Timing: 
    * Summary: 
    +--------+----------+----------+------------+
    |  Clock |  Target  | Estimated| Uncertainty|
    +--------+----------+----------+------------+
    |ap_clk  |  10.00 ns|  8.599 ns|     1.25 ns|
    +--------+----------+----------+------------+

+ Latency: 
    * Summary: 
    +---------+---------+----------+----------+-----+-----+------------------------------------------+
    |  Latency (cycles) |  Latency (absolute) |  Interval |                 Pipeline                 |
    |   min   |   max   |    min   |    max   | min | max |                   Type                   |
    +---------+---------+----------+----------+-----+-----+------------------------------------------+
    |       19|       20|  0.190 us|  0.200 us|   18|   18|  loop rewind stp(delay=0 clock cycles(s))|
    +---------+---------+----------+----------+-----+-----+------------------------------------------+

    + Detail: 
        * Instance: 
        N/A

        * Loop: 
        +-------------+---------+---------+----------+-----------+-----------+------+----------+
        |             |  Latency (cycles) | Iteration|  Initiation Interval  | Trip |          |
        |  Loop Name  |   min   |   max   |  Latency |  achieved |   target  | Count| Pipelined|
        +-------------+---------+---------+----------+-----------+-----------+------+----------+
        |- ReuseLoop  |       19|       19|         3|          1|          1|    18|       yes|
        +-------------+---------+---------+----------+-----------+-----------+------+----------+



================================================================
== Utilization Estimates
================================================================
* Summary: 
+-----------------+---------+-----+--------+-------+-----+
|       Name      | BRAM_18K| DSP |   FF   |  LUT  | URAM|
+-----------------+---------+-----+--------+-------+-----+
|DSP              |        -|    -|       -|      -|    -|
|Expression       |        -|    -|       0|     43|    -|
|FIFO             |        -|    -|       -|      -|    -|
|Instance         |        -|    0|       0|    128|    -|
|Memory           |        1|    -|       0|      0|    -|
|Multiplexer      |        -|    -|       -|    568|    -|
|Register         |        -|    -|     333|      -|    -|
+-----------------+---------+-----+--------+-------+-----+
|Total            |        1|    0|     333|    739|    0|
+-----------------+---------+-----+--------+-------+-----+
|Available        |      280|  220|  106400|  53200|    0|
+-----------------+---------+-----+--------+-------+-----+
|Utilization (%)  |       ~0|    0|      ~0|      1|    0|
+-----------------+---------+-----+--------+-------+-----+

+ Detail: 
    * Instance: 
    +----------------------+------------------+---------+----+---+----+-----+
    |       Instance       |      Module      | BRAM_18K| DSP| FF| LUT| URAM|
    +----------------------+------------------+---------+----+---+----+-----+
    |mul_8s_7s_14_1_1_U69  |mul_8s_7s_14_1_1  |        0|   0|  0|  41|    0|
    |mux_185_8_1_1_U68     |mux_185_8_1_1     |        0|   0|  0|  87|    0|
    +----------------------+------------------+---------+----+---+----+-----+
    |Total                 |                  |        0|   0|  0| 128|    0|
    +----------------------+------------------+---------+----+---+----+-----+

    * DSP: 
    N/A

    * Memory: 
    +--------+----------------------------------------------------------------------------------+---------+---+----+-----+------+-----+------+-------------+
    | Memory |                                      Module                                      | BRAM_18K| FF| LUT| URAM| Words| Bits| Banks| W*Bits*Banks|
    +--------+----------------------------------------------------------------------------------+---------+---+----+-----+------+-----+------+-------------+
    |w4_V_U  |dense_resource_rf_leq_nin_ap_fixed_ap_fixed_8_2_5_3_0_config4_mult_s_w4_V_ROMjbC  |        1|  0|   0|    0|    18|    7|     1|          126|
    +--------+----------------------------------------------------------------------------------+---------+---+----+-----+------+-----+------+-------------+
    |Total   |                                                                                  |        1|  0|   0|    0|    18|    7|     1|          126|
    +--------+----------------------------------------------------------------------------------+---------+---+----+-----+------+-----+------+-------------+

    * FIFO: 
    N/A

    * Expression: 
    +---------------------+----------+----+---+----+------------+------------+
    |    Variable Name    | Operation| DSP| FF| LUT| Bitwidth P0| Bitwidth P1|
    +---------------------+----------+----+---+----+------------+------------+
    |add_ln712_fu_765_p2  |         +|   0|  0|  15|           8|           8|
    |w_index_fu_687_p2    |         +|   0|  0|  13|           5|           1|
    |ap_condition_202     |       and|   0|  0|   2|           1|           1|
    |ap_condition_219     |       and|   0|  0|   2|           1|           1|
    |icmp_ln46_fu_693_p2  |      icmp|   0|  0|   9|           5|           5|
    |ap_enable_pp0        |       xor|   0|  0|   2|           1|           2|
    +---------------------+----------+----+---+----+------------+------------+
    |Total                |          |   0|  0|  43|          21|          18|
    +---------------------+----------+----+---+----+------------+------------+

    * Multiplexer: 
    +-------------------------------------------------------------------------------------------------------------------+----+-----------+-----+-----------+
    |                                                        Name                                                       | LUT| Input Size| Bits| Total Bits|
    +-------------------------------------------------------------------------------------------------------------------+----+-----------+-----+-----------+
    |ap_done_int                                                                                                        |   9|          2|    1|          2|
    |ap_loop_exit_ready_pp0_iter2_reg                                                                                   |   9|          2|    1|          2|
    |ap_phi_mux_do_init_phi_fu_102_p6                                                                                   |  14|          3|    1|          3|
    |ap_phi_mux_p_ZZN4nnet24compute_output_buffer_2dINS_5arrayI8ap_fixedILi8ELi2EL9ap_q_mode5EL9a_14_phi_fu_384_p4      |   9|          2|    8|         16|
    |ap_phi_mux_p_ZZN4nnet24compute_output_buffer_2dINS_5arrayI8ap_fixedILi8ELi2EL9ap_q_mode5EL9a_15_phi_fu_396_p4      |   9|          2|    8|         16|
    |ap_phi_mux_p_ZZN4nnet24compute_output_buffer_2dINS_5arrayI8ap_fixedILi8ELi2EL9ap_q_mode5EL9a_16_phi_fu_408_p4      |   9|          2|    8|         16|
    |ap_phi_mux_p_ZZN4nnet24compute_output_buffer_2dINS_5arrayI8ap_fixedILi8ELi2EL9ap_q_mode5EL9a_17_phi_fu_420_p4      |   9|          2|    8|         16|
    |ap_phi_mux_p_ZZN4nnet24compute_output_buffer_2dINS_5arrayI8ap_fixedILi8ELi2EL9ap_q_mode5EL9a_18_phi_fu_432_p4      |   9|          2|    8|         16|
    |ap_phi_mux_p_ZZN4nnet24compute_output_buffer_2dINS_5arrayI8ap_fixedILi8ELi2EL9ap_q_mode5EL9a_19_phi_fu_444_p4      |   9|          2|    8|         16|
    |ap_phi_mux_p_ZZN4nnet24compute_output_buffer_2dINS_5arrayI8ap_fixedILi8ELi2EL9ap_q_mode5EL9a_20_phi_fu_456_p4      |   9|          2|    8|         16|
    |ap_phi_mux_p_ZZN4nnet24compute_output_buffer_2dINS_5arrayI8ap_fixedILi8ELi2EL9ap_q_mode5EL9a_21_phi_fu_468_p4      |   9|          2|    8|         16|
    |ap_phi_mux_res_0_i4_phi_fu_600_p6                                                                                  |   9|          2|    8|         16|
    |ap_phi_mux_void_compute_output_buffer_2d_array_const_ap_shift_reg_n_chan_stream_weig_31_phi_fu_480_p4              |   9|          2|    8|         16|
    |ap_phi_mux_void_compute_output_buffer_2d_array_const_ap_shift_reg_n_chan_stream_weig_32_phi_fu_492_p4              |   9|          2|    8|         16|
    |ap_phi_mux_void_compute_output_buffer_2d_array_const_ap_shift_reg_n_chan_stream_weig_33_phi_fu_504_p4              |   9|          2|    8|         16|
    |ap_phi_mux_void_compute_output_buffer_2d_array_const_ap_shift_reg_n_chan_stream_weig_34_phi_fu_516_p4              |   9|          2|    8|         16|
    |ap_phi_mux_void_compute_output_buffer_2d_array_const_ap_shift_reg_n_chan_stream_weig_35_phi_fu_528_p4              |   9|          2|    8|         16|
    |ap_phi_mux_void_compute_output_buffer_2d_array_const_ap_shift_reg_n_chan_stream_weig_36_phi_fu_540_p4              |   9|          2|    8|         16|
    |ap_phi_mux_void_compute_output_buffer_2d_array_const_ap_shift_reg_n_chan_stream_weig_37_phi_fu_552_p4              |   9|          2|    8|         16|
    |ap_phi_mux_void_compute_output_buffer_2d_array_const_ap_shift_reg_n_chan_stream_weig_38_phi_fu_564_p4              |   9|          2|    8|         16|
    |ap_phi_mux_void_compute_output_buffer_2d_array_const_ap_shift_reg_n_chan_stream_weig_39_phi_fu_576_p4              |   9|          2|    8|         16|
    |ap_phi_mux_void_compute_output_buffer_2d_array_const_ap_shift_reg_n_chan_stream_weig_40_phi_fu_588_p4              |   9|          2|    8|         16|
    |ap_phi_mux_w_index3_phi_fu_117_p6                                                                                  |  14|          3|    5|         15|
    |ap_phi_reg_pp0_iter1_p_ZZN4nnet24compute_output_buffer_2dINS_5arrayI8ap_fixedILi8ELi2EL9ap_q_mode5EL9a_14_reg_380  |   9|          2|    8|         16|
    |ap_phi_reg_pp0_iter1_p_ZZN4nnet24compute_output_buffer_2dINS_5arrayI8ap_fixedILi8ELi2EL9ap_q_mode5EL9a_15_reg_392  |   9|          2|    8|         16|
    |ap_phi_reg_pp0_iter1_p_ZZN4nnet24compute_output_buffer_2dINS_5arrayI8ap_fixedILi8ELi2EL9ap_q_mode5EL9a_16_reg_404  |   9|          2|    8|         16|
    |ap_phi_reg_pp0_iter1_p_ZZN4nnet24compute_output_buffer_2dINS_5arrayI8ap_fixedILi8ELi2EL9ap_q_mode5EL9a_17_reg_416  |   9|          2|    8|         16|
    |ap_phi_reg_pp0_iter1_p_ZZN4nnet24compute_output_buffer_2dINS_5arrayI8ap_fixedILi8ELi2EL9ap_q_mode5EL9a_18_reg_428  |   9|          2|    8|         16|
    |ap_phi_reg_pp0_iter1_p_ZZN4nnet24compute_output_buffer_2dINS_5arrayI8ap_fixedILi8ELi2EL9ap_q_mode5EL9a_19_reg_440  |   9|          2|    8|         16|
    |ap_phi_reg_pp0_iter1_p_ZZN4nnet24compute_output_buffer_2dINS_5arrayI8ap_fixedILi8ELi2EL9ap_q_mode5EL9a_20_reg_452  |   9|          2|    8|         16|
    |ap_phi_reg_pp0_iter1_p_ZZN4nnet24compute_output_buffer_2dINS_5arrayI8ap_fixedILi8ELi2EL9ap_q_mode5EL9a_21_reg_464  |   9|          2|    8|         16|
    |ap_phi_reg_pp0_iter1_void_compute_output_buffer_2d_array_const_ap_shift_reg_n_chan_stream_weig_31_reg_476          |   9|          2|    8|         16|
    |ap_phi_reg_pp0_iter1_void_compute_output_buffer_2d_array_const_ap_shift_reg_n_chan_stream_weig_32_reg_488          |   9|          2|    8|         16|
    |ap_phi_reg_pp0_iter1_void_compute_output_buffer_2d_array_const_ap_shift_reg_n_chan_stream_weig_33_reg_500          |   9|          2|    8|         16|
    |ap_phi_reg_pp0_iter1_void_compute_output_buffer_2d_array_const_ap_shift_reg_n_chan_stream_weig_34_reg_512          |   9|          2|    8|         16|
    |ap_phi_reg_pp0_iter1_void_compute_output_buffer_2d_array_const_ap_shift_reg_n_chan_stream_weig_35_reg_524          |   9|          2|    8|         16|
    |ap_phi_reg_pp0_iter1_void_compute_output_buffer_2d_array_const_ap_shift_reg_n_chan_stream_weig_36_reg_536          |   9|          2|    8|         16|
    |ap_phi_reg_pp0_iter1_void_compute_output_buffer_2d_array_const_ap_shift_reg_n_chan_stream_weig_37_reg_548          |   9|          2|    8|         16|
    |ap_phi_reg_pp0_iter1_void_compute_output_buffer_2d_array_const_ap_shift_reg_n_chan_stream_weig_38_reg_560          |   9|          2|    8|         16|
    |ap_phi_reg_pp0_iter1_void_compute_output_buffer_2d_array_const_ap_shift_reg_n_chan_stream_weig_39_reg_572          |   9|          2|    8|         16|
    |ap_phi_reg_pp0_iter1_void_compute_output_buffer_2d_array_const_ap_shift_reg_n_chan_stream_weig_40_reg_584          |   9|          2|    8|         16|
    |ap_return                                                                                                          |   9|          2|    8|         16|
    |p_ZZN4nnet24compute_output_buffer_2dINS_5arrayI8ap_fixedILi8ELi2EL9ap_q_mode5EL9a_14_reg_380                       |   9|          2|    8|         16|
    |p_ZZN4nnet24compute_output_buffer_2dINS_5arrayI8ap_fixedILi8ELi2EL9ap_q_mode5EL9a_15_reg_392                       |   9|          2|    8|         16|
    |p_ZZN4nnet24compute_output_buffer_2dINS_5arrayI8ap_fixedILi8ELi2EL9ap_q_mode5EL9a_16_reg_404                       |   9|          2|    8|         16|
    |p_ZZN4nnet24compute_output_buffer_2dINS_5arrayI8ap_fixedILi8ELi2EL9ap_q_mode5EL9a_17_reg_416                       |   9|          2|    8|         16|
    |p_ZZN4nnet24compute_output_buffer_2dINS_5arrayI8ap_fixedILi8ELi2EL9ap_q_mode5EL9a_18_reg_428                       |   9|          2|    8|         16|
    |p_ZZN4nnet24compute_output_buffer_2dINS_5arrayI8ap_fixedILi8ELi2EL9ap_q_mode5EL9a_19_reg_440                       |   9|          2|    8|         16|
    |p_ZZN4nnet24compute_output_buffer_2dINS_5arrayI8ap_fixedILi8ELi2EL9ap_q_mode5EL9a_20_reg_452                       |   9|          2|    8|         16|
    |p_ZZN4nnet24compute_output_buffer_2dINS_5arrayI8ap_fixedILi8ELi2EL9ap_q_mode5EL9a_21_reg_464                       |   9|          2|    8|         16|
    |res_0_i4_reg_596                                                                                                   |   9|          2|    8|         16|
    |void_compute_output_buffer_2d_array_const_ap_shift_reg_n_chan_stream_weig_31_reg_476                               |   9|          2|    8|         16|
    |void_compute_output_buffer_2d_array_const_ap_shift_reg_n_chan_stream_weig_32_reg_488                               |   9|          2|    8|         16|
    |void_compute_output_buffer_2d_array_const_ap_shift_reg_n_chan_stream_weig_33_reg_500                               |   9|          2|    8|         16|
    |void_compute_output_buffer_2d_array_const_ap_shift_reg_n_chan_stream_weig_34_reg_512                               |   9|          2|    8|         16|
    |void_compute_output_buffer_2d_array_const_ap_shift_reg_n_chan_stream_weig_35_reg_524                               |   9|          2|    8|         16|
    |void_compute_output_buffer_2d_array_const_ap_shift_reg_n_chan_stream_weig_36_reg_536                               |   9|          2|    8|         16|
    |void_compute_output_buffer_2d_array_const_ap_shift_reg_n_chan_stream_weig_37_reg_548                               |   9|          2|    8|         16|
    |void_compute_output_buffer_2d_array_const_ap_shift_reg_n_chan_stream_weig_38_reg_560                               |   9|          2|    8|         16|
    |void_compute_output_buffer_2d_array_const_ap_shift_reg_n_chan_stream_weig_39_reg_572                               |   9|          2|    8|         16|
    |void_compute_output_buffer_2d_array_const_ap_shift_reg_n_chan_stream_weig_40_reg_584                               |   9|          2|    8|         16|
    |w_index3_reg_114                                                                                                   |   9|          2|    5|         10|
    +-------------------------------------------------------------------------------------------------------------------+----+-----------+-----+-----------+
    |Total                                                                                                              | 568|        126|  469|        944|
    +-------------------------------------------------------------------------------------------------------------------+----+-----------+-----+-----------+

    * Register: 
    +-------------------------------------------------------------------------------------------------------------------+---+----+-----+-----------+
    |                                                        Name                                                       | FF| LUT| Bits| Const Bits|
    +-------------------------------------------------------------------------------------------------------------------+---+----+-----+-----------+
    |ap_CS_fsm                                                                                                          |  1|   0|    1|          0|
    |ap_done_reg                                                                                                        |  1|   0|    1|          0|
    |ap_enable_reg_pp0_iter1                                                                                            |  1|   0|    1|          0|
    |ap_enable_reg_pp0_iter2                                                                                            |  1|   0|    1|          0|
    |ap_loop_exit_ready_pp0_iter1_reg                                                                                   |  1|   0|    1|          0|
    |ap_loop_exit_ready_pp0_iter2_reg                                                                                   |  1|   0|    1|          0|
    |ap_loop_init_pp0_iter1_reg                                                                                         |  1|   0|    1|          0|
    |ap_loop_init_pp0_iter2_reg                                                                                         |  1|   0|    1|          0|
    |ap_phi_reg_pp0_iter1_p_ZZN4nnet24compute_output_buffer_2dINS_5arrayI8ap_fixedILi8ELi2EL9ap_q_mode5EL9a_14_reg_380  |  8|   0|    8|          0|
    |ap_phi_reg_pp0_iter1_p_ZZN4nnet24compute_output_buffer_2dINS_5arrayI8ap_fixedILi8ELi2EL9ap_q_mode5EL9a_15_reg_392  |  8|   0|    8|          0|
    |ap_phi_reg_pp0_iter1_p_ZZN4nnet24compute_output_buffer_2dINS_5arrayI8ap_fixedILi8ELi2EL9ap_q_mode5EL9a_16_reg_404  |  8|   0|    8|          0|
    |ap_phi_reg_pp0_iter1_p_ZZN4nnet24compute_output_buffer_2dINS_5arrayI8ap_fixedILi8ELi2EL9ap_q_mode5EL9a_17_reg_416  |  8|   0|    8|          0|
    |ap_phi_reg_pp0_iter1_p_ZZN4nnet24compute_output_buffer_2dINS_5arrayI8ap_fixedILi8ELi2EL9ap_q_mode5EL9a_18_reg_428  |  8|   0|    8|          0|
    |ap_phi_reg_pp0_iter1_p_ZZN4nnet24compute_output_buffer_2dINS_5arrayI8ap_fixedILi8ELi2EL9ap_q_mode5EL9a_19_reg_440  |  8|   0|    8|          0|
    |ap_phi_reg_pp0_iter1_p_ZZN4nnet24compute_output_buffer_2dINS_5arrayI8ap_fixedILi8ELi2EL9ap_q_mode5EL9a_20_reg_452  |  8|   0|    8|          0|
    |ap_phi_reg_pp0_iter1_p_ZZN4nnet24compute_output_buffer_2dINS_5arrayI8ap_fixedILi8ELi2EL9ap_q_mode5EL9a_21_reg_464  |  8|   0|    8|          0|
    |ap_phi_reg_pp0_iter1_void_compute_output_buffer_2d_array_const_ap_shift_reg_n_chan_stream_weig_31_reg_476          |  8|   0|    8|          0|
    |ap_phi_reg_pp0_iter1_void_compute_output_buffer_2d_array_const_ap_shift_reg_n_chan_stream_weig_32_reg_488          |  8|   0|    8|          0|
    |ap_phi_reg_pp0_iter1_void_compute_output_buffer_2d_array_const_ap_shift_reg_n_chan_stream_weig_33_reg_500          |  8|   0|    8|          0|
    |ap_phi_reg_pp0_iter1_void_compute_output_buffer_2d_array_const_ap_shift_reg_n_chan_stream_weig_34_reg_512          |  8|   0|    8|          0|
    |ap_phi_reg_pp0_iter1_void_compute_output_buffer_2d_array_const_ap_shift_reg_n_chan_stream_weig_35_reg_524          |  8|   0|    8|          0|
    |ap_phi_reg_pp0_iter1_void_compute_output_buffer_2d_array_const_ap_shift_reg_n_chan_stream_weig_36_reg_536          |  8|   0|    8|          0|
    |ap_phi_reg_pp0_iter1_void_compute_output_buffer_2d_array_const_ap_shift_reg_n_chan_stream_weig_37_reg_548          |  8|   0|    8|          0|
    |ap_phi_reg_pp0_iter1_void_compute_output_buffer_2d_array_const_ap_shift_reg_n_chan_stream_weig_38_reg_560          |  8|   0|    8|          0|
    |ap_phi_reg_pp0_iter1_void_compute_output_buffer_2d_array_const_ap_shift_reg_n_chan_stream_weig_39_reg_572          |  8|   0|    8|          0|
    |ap_phi_reg_pp0_iter1_void_compute_output_buffer_2d_array_const_ap_shift_reg_n_chan_stream_weig_40_reg_584          |  8|   0|    8|          0|
    |ap_return_preg                                                                                                     |  8|   0|    8|          0|
    |do_init_reg_99                                                                                                     |  1|   0|    1|          0|
    |icmp_ln46_reg_874                                                                                                  |  1|   0|    1|          0|
    |icmp_ln46_reg_874_pp0_iter1_reg                                                                                    |  1|   0|    1|          0|
    |p_ZZN4nnet24compute_output_buffer_2dINS_5arrayI8ap_fixedILi8ELi2EL9ap_q_mode5EL9a_14_reg_380                       |  8|   0|    8|          0|
    |p_ZZN4nnet24compute_output_buffer_2dINS_5arrayI8ap_fixedILi8ELi2EL9ap_q_mode5EL9a_15_reg_392                       |  8|   0|    8|          0|
    |p_ZZN4nnet24compute_output_buffer_2dINS_5arrayI8ap_fixedILi8ELi2EL9ap_q_mode5EL9a_16_reg_404                       |  8|   0|    8|          0|
    |p_ZZN4nnet24compute_output_buffer_2dINS_5arrayI8ap_fixedILi8ELi2EL9ap_q_mode5EL9a_17_reg_416                       |  8|   0|    8|          0|
    |p_ZZN4nnet24compute_output_buffer_2dINS_5arrayI8ap_fixedILi8ELi2EL9ap_q_mode5EL9a_18_reg_428                       |  8|   0|    8|          0|
    |p_ZZN4nnet24compute_output_buffer_2dINS_5arrayI8ap_fixedILi8ELi2EL9ap_q_mode5EL9a_19_reg_440                       |  8|   0|    8|          0|
    |p_ZZN4nnet24compute_output_buffer_2dINS_5arrayI8ap_fixedILi8ELi2EL9ap_q_mode5EL9a_20_reg_452                       |  8|   0|    8|          0|
    |p_ZZN4nnet24compute_output_buffer_2dINS_5arrayI8ap_fixedILi8ELi2EL9ap_q_mode5EL9a_21_reg_464                       |  8|   0|    8|          0|
    |res_0_i4_reg_596                                                                                                   |  8|   0|    8|          0|
    |trunc_ln_reg_878                                                                                                   |  8|   0|    8|          0|
    |void_compute_output_buffer_2d_array_const_ap_shift_reg_n_chan_stream_weig_31_reg_476                               |  8|   0|    8|          0|
    |void_compute_output_buffer_2d_array_const_ap_shift_reg_n_chan_stream_weig_32_reg_488                               |  8|   0|    8|          0|
    |void_compute_output_buffer_2d_array_const_ap_shift_reg_n_chan_stream_weig_33_reg_500                               |  8|   0|    8|          0|
    |void_compute_output_buffer_2d_array_const_ap_shift_reg_n_chan_stream_weig_34_reg_512                               |  8|   0|    8|          0|
    |void_compute_output_buffer_2d_array_const_ap_shift_reg_n_chan_stream_weig_35_reg_524                               |  8|   0|    8|          0|
    |void_compute_output_buffer_2d_array_const_ap_shift_reg_n_chan_stream_weig_36_reg_536                               |  8|   0|    8|          0|
    |void_compute_output_buffer_2d_array_const_ap_shift_reg_n_chan_stream_weig_37_reg_548                               |  8|   0|    8|          0|
    |void_compute_output_buffer_2d_array_const_ap_shift_reg_n_chan_stream_weig_38_reg_560                               |  8|   0|    8|          0|
    |void_compute_output_buffer_2d_array_const_ap_shift_reg_n_chan_stream_weig_39_reg_572                               |  8|   0|    8|          0|
    |void_compute_output_buffer_2d_array_const_ap_shift_reg_n_chan_stream_weig_40_reg_584                               |  8|   0|    8|          0|
    |w_index3_reg_114                                                                                                   |  5|   0|    5|          0|
    |w_index_reg_869                                                                                                    |  5|   0|    5|          0|
    +-------------------------------------------------------------------------------------------------------------------+---+----+-----+-----------+
    |Total                                                                                                              |333|   0|  333|          0|
    +-------------------------------------------------------------------------------------------------------------------+---+----+-----+-----------+



================================================================
== Interface
================================================================
* Summary: 
+-------------------------------------------------------------------------------------+-----+-----+------------+-------------------------------------------------------------------------------------+--------------+
|                                      RTL Ports                                      | Dir | Bits|  Protocol  |                                    Source Object                                    |    C Type    |
+-------------------------------------------------------------------------------------+-----+-----+------------+-------------------------------------------------------------------------------------+--------------+
|ap_clk                                                                               |   in|    1|  ap_ctrl_hs|                 dense_resource_rf_leq_nin<ap_fixed,ap_fixed<8,2,5,3,0>,config4_mult>|  return value|
|ap_rst                                                                               |   in|    1|  ap_ctrl_hs|                 dense_resource_rf_leq_nin<ap_fixed,ap_fixed<8,2,5,3,0>,config4_mult>|  return value|
|ap_start                                                                             |   in|    1|  ap_ctrl_hs|                 dense_resource_rf_leq_nin<ap_fixed,ap_fixed<8,2,5,3,0>,config4_mult>|  return value|
|ap_done                                                                              |  out|    1|  ap_ctrl_hs|                 dense_resource_rf_leq_nin<ap_fixed,ap_fixed<8,2,5,3,0>,config4_mult>|  return value|
|ap_idle                                                                              |  out|    1|  ap_ctrl_hs|                 dense_resource_rf_leq_nin<ap_fixed,ap_fixed<8,2,5,3,0>,config4_mult>|  return value|
|ap_ready                                                                             |  out|    1|  ap_ctrl_hs|                 dense_resource_rf_leq_nin<ap_fixed,ap_fixed<8,2,5,3,0>,config4_mult>|  return value|
|ap_return                                                                            |  out|    8|  ap_ctrl_hs|                 dense_resource_rf_leq_nin<ap_fixed,ap_fixed<8,2,5,3,0>,config4_mult>|  return value|
|void_compute_output_buffer_2d_array_const_ap_shift_reg_n_chan_stream_weig_9          |   in|    8|     ap_none|          void_compute_output_buffer_2d_array_const_ap_shift_reg_n_chan_stream_weig_9|       pointer|
|void_compute_output_buffer_2d_array_const_ap_shift_reg_n_chan_stream_weig_8          |   in|    8|     ap_none|          void_compute_output_buffer_2d_array_const_ap_shift_reg_n_chan_stream_weig_8|       pointer|
|void_compute_output_buffer_2d_array_const_ap_shift_reg_n_chan_stream_weig_7          |   in|    8|     ap_none|          void_compute_output_buffer_2d_array_const_ap_shift_reg_n_chan_stream_weig_7|       pointer|
|void_compute_output_buffer_2d_array_const_ap_shift_reg_n_chan_stream_weig_6          |   in|    8|     ap_none|          void_compute_output_buffer_2d_array_const_ap_shift_reg_n_chan_stream_weig_6|       pointer|
|void_compute_output_buffer_2d_array_const_ap_shift_reg_n_chan_stream_weig_5          |   in|    8|     ap_none|          void_compute_output_buffer_2d_array_const_ap_shift_reg_n_chan_stream_weig_5|       pointer|
|void_compute_output_buffer_2d_array_const_ap_shift_reg_n_chan_stream_weig_4          |   in|    8|     ap_none|          void_compute_output_buffer_2d_array_const_ap_shift_reg_n_chan_stream_weig_4|       pointer|
|void_compute_output_buffer_2d_array_const_ap_shift_reg_n_chan_stream_weig_3          |   in|    8|     ap_none|          void_compute_output_buffer_2d_array_const_ap_shift_reg_n_chan_stream_weig_3|       pointer|
|void_compute_output_buffer_2d_array_const_ap_shift_reg_n_chan_stream_weig_2          |   in|    8|     ap_none|          void_compute_output_buffer_2d_array_const_ap_shift_reg_n_chan_stream_weig_2|       pointer|
|void_compute_output_buffer_2d_array_const_ap_shift_reg_n_chan_stream_weig_1          |   in|    8|     ap_none|          void_compute_output_buffer_2d_array_const_ap_shift_reg_n_chan_stream_weig_1|       pointer|
|void_compute_output_buffer_2d_array_const_ap_shift_reg_n_chan_stream_weig            |   in|    8|     ap_none|            void_compute_output_buffer_2d_array_const_ap_shift_reg_n_chan_stream_weig|       pointer|
|p_ZZN4nnet24compute_output_buffer_2dINS_5arrayI8ap_fixedILi8ELi2EL9ap_q_mode5EL9a_7  |   in|    8|     ap_none|  p_ZZN4nnet24compute_output_buffer_2dINS_5arrayI8ap_fixedILi8ELi2EL9ap_q_mode5EL9a_7|       pointer|
|p_ZZN4nnet24compute_output_buffer_2dINS_5arrayI8ap_fixedILi8ELi2EL9ap_q_mode5EL9a_6  |   in|    8|     ap_none|  p_ZZN4nnet24compute_output_buffer_2dINS_5arrayI8ap_fixedILi8ELi2EL9ap_q_mode5EL9a_6|       pointer|
|p_ZZN4nnet24compute_output_buffer_2dINS_5arrayI8ap_fixedILi8ELi2EL9ap_q_mode5EL9a_5  |   in|    8|     ap_none|  p_ZZN4nnet24compute_output_buffer_2dINS_5arrayI8ap_fixedILi8ELi2EL9ap_q_mode5EL9a_5|       pointer|
|p_ZZN4nnet24compute_output_buffer_2dINS_5arrayI8ap_fixedILi8ELi2EL9ap_q_mode5EL9a_4  |   in|    8|     ap_none|  p_ZZN4nnet24compute_output_buffer_2dINS_5arrayI8ap_fixedILi8ELi2EL9ap_q_mode5EL9a_4|       pointer|
|p_ZZN4nnet24compute_output_buffer_2dINS_5arrayI8ap_fixedILi8ELi2EL9ap_q_mode5EL9a_3  |   in|    8|     ap_none|  p_ZZN4nnet24compute_output_buffer_2dINS_5arrayI8ap_fixedILi8ELi2EL9ap_q_mode5EL9a_3|       pointer|
|p_ZZN4nnet24compute_output_buffer_2dINS_5arrayI8ap_fixedILi8ELi2EL9ap_q_mode5EL9a_2  |   in|    8|     ap_none|  p_ZZN4nnet24compute_output_buffer_2dINS_5arrayI8ap_fixedILi8ELi2EL9ap_q_mode5EL9a_2|       pointer|
|p_ZZN4nnet24compute_output_buffer_2dINS_5arrayI8ap_fixedILi8ELi2EL9ap_q_mode5EL9a_1  |   in|    8|     ap_none|  p_ZZN4nnet24compute_output_buffer_2dINS_5arrayI8ap_fixedILi8ELi2EL9ap_q_mode5EL9a_1|       pointer|
|p_ZZN4nnet24compute_output_buffer_2dINS_5arrayI8ap_fixedILi8ELi2EL9ap_q_mode5EL9a    |   in|    8|     ap_none|    p_ZZN4nnet24compute_output_buffer_2dINS_5arrayI8ap_fixedILi8ELi2EL9ap_q_mode5EL9a|       pointer|
+-------------------------------------------------------------------------------------+-----+-----+------------+-------------------------------------------------------------------------------------+--------------+

============================================================
+ Verbose Summary: Synthesis Manager
============================================================
InlineROM: 1
ExposeGlobal: 0
============================================================
+ Verbose Summary: CDFG Model
============================================================
IsTopModel: 0
ResetActiveHigh: 1
IsCombinational: 2
IsDatapathOnly: 2
HasWiredReturn: 1
HasMFsm: 2
HasVarLatency: 1
IsPipeline: 0
IsRtlPipelined: 0
IsInstanceOverlapped: 0
IsDontTouch: 0
HasImplIP: 0
IsGatedGlobalClock: 0

+ Individual pipeline summary: 
  * Pipeline-0: initiation interval (II) = 1, depth = 3


============================================================
+ Verbose Summary: Schedule
============================================================
* Number of FSM states : 3
* Pipeline : 1
  Pipeline-0 : II = 1, D = 3, States = { 1 2 3 }
* Dataflow Pipeline: 0

* FSM state transitions: 
1 --> 2 
2 --> 3 
3 --> 

* FSM state operations: 

State 1 <SV = 0> <Delay = 4.84>
ST_1 : Operation 5 [1/1] (1.58ns)   --->   "%br_ln46 = br void %rewind_header" [firmware/nnet_utils/nnet_dense_resource.h:46]   --->   Operation 5 'br' 'br_ln46' <Predicate = true> <Delay = 1.58>
ST_1 : Operation 6 [1/1] (0.00ns)   --->   "%do_init = phi i1 1, void %entry, i1 0, void %_ZN8ap_fixedILi8ELi2EL9ap_q_mode5EL9ap_o_mode3ELi0EEC2ILi16ELi4ELb1ELS0_5ELS1_3ELi0EEERK13ap_fixed_baseIXT_EXT0_EXT1_EXT2_EXT3_EXT4_EE.exit.split.i, i1 1, void %dense_resource_rf_leq_nin<ap_fixed<8, 2, 5, 3, 0>, ap_fixed<8, 2, 5, 3, 0>, config4_mult>.exit"   --->   Operation 6 'phi' 'do_init' <Predicate = true> <Delay = 0.00>
ST_1 : Operation 7 [1/1] (0.00ns)   --->   "%w_index3 = phi i5 0, void %entry, i5 %w_index, void %_ZN8ap_fixedILi8ELi2EL9ap_q_mode5EL9ap_o_mode3ELi0EEC2ILi16ELi4ELb1ELS0_5ELS1_3ELi0EEERK13ap_fixed_baseIXT_EXT0_EXT1_EXT2_EXT3_EXT4_EE.exit.split.i, i5 0, void %dense_resource_rf_leq_nin<ap_fixed<8, 2, 5, 3, 0>, ap_fixed<8, 2, 5, 3, 0>, config4_mult>.exit"   --->   Operation 7 'phi' 'w_index3' <Predicate = true> <Delay = 0.00>
ST_1 : Operation 8 [1/1] (0.00ns)   --->   "%specmemcore_ln0 = specmemcore void @_ssdm_op_SpecMemCore, i7 %w4_V, i64 666, i64 38, i64 18446744073709551615"   --->   Operation 8 'specmemcore' 'specmemcore_ln0' <Predicate = (do_init)> <Delay = 0.00>
ST_1 : Operation 9 [1/1] (0.00ns)   --->   "%void_compute_output_buffer_2d_array_const_ap_shift_reg_n_chan_stream_weig_41 = load i8 %void_compute_output_buffer_2d_array_const_ap_shift_reg_n_chan_stream_weig_9"   --->   Operation 9 'load' 'void_compute_output_buffer_2d_array_const_ap_shift_reg_n_chan_stream_weig_41' <Predicate = (do_init)> <Delay = 0.00>
ST_1 : Operation 10 [1/1] (0.00ns)   --->   "%void_compute_output_buffer_2d_array_const_ap_shift_reg_n_chan_stream_weig_42 = load i8 %void_compute_output_buffer_2d_array_const_ap_shift_reg_n_chan_stream_weig_8"   --->   Operation 10 'load' 'void_compute_output_buffer_2d_array_const_ap_shift_reg_n_chan_stream_weig_42' <Predicate = (do_init)> <Delay = 0.00>
ST_1 : Operation 11 [1/1] (0.00ns)   --->   "%void_compute_output_buffer_2d_array_const_ap_shift_reg_n_chan_stream_weig_43 = load i8 %void_compute_output_buffer_2d_array_const_ap_shift_reg_n_chan_stream_weig_7"   --->   Operation 11 'load' 'void_compute_output_buffer_2d_array_const_ap_shift_reg_n_chan_stream_weig_43' <Predicate = (do_init)> <Delay = 0.00>
ST_1 : Operation 12 [1/1] (0.00ns)   --->   "%void_compute_output_buffer_2d_array_const_ap_shift_reg_n_chan_stream_weig_44 = load i8 %void_compute_output_buffer_2d_array_const_ap_shift_reg_n_chan_stream_weig_6"   --->   Operation 12 'load' 'void_compute_output_buffer_2d_array_const_ap_shift_reg_n_chan_stream_weig_44' <Predicate = (do_init)> <Delay = 0.00>
ST_1 : Operation 13 [1/1] (0.00ns)   --->   "%void_compute_output_buffer_2d_array_const_ap_shift_reg_n_chan_stream_weig_45 = load i8 %void_compute_output_buffer_2d_array_const_ap_shift_reg_n_chan_stream_weig_5"   --->   Operation 13 'load' 'void_compute_output_buffer_2d_array_const_ap_shift_reg_n_chan_stream_weig_45' <Predicate = (do_init)> <Delay = 0.00>
ST_1 : Operation 14 [1/1] (0.00ns)   --->   "%void_compute_output_buffer_2d_array_const_ap_shift_reg_n_chan_stream_weig_46 = load i8 %void_compute_output_buffer_2d_array_const_ap_shift_reg_n_chan_stream_weig_4"   --->   Operation 14 'load' 'void_compute_output_buffer_2d_array_const_ap_shift_reg_n_chan_stream_weig_46' <Predicate = (do_init)> <Delay = 0.00>
ST_1 : Operation 15 [1/1] (0.00ns)   --->   "%void_compute_output_buffer_2d_array_const_ap_shift_reg_n_chan_stream_weig_47 = load i8 %void_compute_output_buffer_2d_array_const_ap_shift_reg_n_chan_stream_weig_3"   --->   Operation 15 'load' 'void_compute_output_buffer_2d_array_const_ap_shift_reg_n_chan_stream_weig_47' <Predicate = (do_init)> <Delay = 0.00>
ST_1 : Operation 16 [1/1] (0.00ns)   --->   "%void_compute_output_buffer_2d_array_const_ap_shift_reg_n_chan_stream_weig_48 = load i8 %void_compute_output_buffer_2d_array_const_ap_shift_reg_n_chan_stream_weig_2"   --->   Operation 16 'load' 'void_compute_output_buffer_2d_array_const_ap_shift_reg_n_chan_stream_weig_48' <Predicate = (do_init)> <Delay = 0.00>
ST_1 : Operation 17 [1/1] (0.00ns)   --->   "%void_compute_output_buffer_2d_array_const_ap_shift_reg_n_chan_stream_weig_49 = load i8 %void_compute_output_buffer_2d_array_const_ap_shift_reg_n_chan_stream_weig_1"   --->   Operation 17 'load' 'void_compute_output_buffer_2d_array_const_ap_shift_reg_n_chan_stream_weig_49' <Predicate = (do_init)> <Delay = 0.00>
ST_1 : Operation 18 [1/1] (0.00ns)   --->   "%void_compute_output_buffer_2d_array_const_ap_shift_reg_n_chan_stream_weig_50 = load i8 %void_compute_output_buffer_2d_array_const_ap_shift_reg_n_chan_stream_weig"   --->   Operation 18 'load' 'void_compute_output_buffer_2d_array_const_ap_shift_reg_n_chan_stream_weig_50' <Predicate = (do_init)> <Delay = 0.00>
ST_1 : Operation 19 [1/1] (0.00ns)   --->   "%p_ZZN4nnet24compute_output_buffer_2dINS_5arrayI8ap_fixedILi8ELi2EL9ap_q_mode5EL9a_22 = load i8 %p_ZZN4nnet24compute_output_buffer_2dINS_5arrayI8ap_fixedILi8ELi2EL9ap_q_mode5EL9a_7"   --->   Operation 19 'load' 'p_ZZN4nnet24compute_output_buffer_2dINS_5arrayI8ap_fixedILi8ELi2EL9ap_q_mode5EL9a_22' <Predicate = (do_init)> <Delay = 0.00>
ST_1 : Operation 20 [1/1] (0.00ns)   --->   "%p_ZZN4nnet24compute_output_buffer_2dINS_5arrayI8ap_fixedILi8ELi2EL9ap_q_mode5EL9a_23 = load i8 %p_ZZN4nnet24compute_output_buffer_2dINS_5arrayI8ap_fixedILi8ELi2EL9ap_q_mode5EL9a_6"   --->   Operation 20 'load' 'p_ZZN4nnet24compute_output_buffer_2dINS_5arrayI8ap_fixedILi8ELi2EL9ap_q_mode5EL9a_23' <Predicate = (do_init)> <Delay = 0.00>
ST_1 : Operation 21 [1/1] (0.00ns)   --->   "%p_ZZN4nnet24compute_output_buffer_2dINS_5arrayI8ap_fixedILi8ELi2EL9ap_q_mode5EL9a_24 = load i8 %p_ZZN4nnet24compute_output_buffer_2dINS_5arrayI8ap_fixedILi8ELi2EL9ap_q_mode5EL9a_5"   --->   Operation 21 'load' 'p_ZZN4nnet24compute_output_buffer_2dINS_5arrayI8ap_fixedILi8ELi2EL9ap_q_mode5EL9a_24' <Predicate = (do_init)> <Delay = 0.00>
ST_1 : Operation 22 [1/1] (0.00ns)   --->   "%p_ZZN4nnet24compute_output_buffer_2dINS_5arrayI8ap_fixedILi8ELi2EL9ap_q_mode5EL9a_25 = load i8 %p_ZZN4nnet24compute_output_buffer_2dINS_5arrayI8ap_fixedILi8ELi2EL9ap_q_mode5EL9a_4"   --->   Operation 22 'load' 'p_ZZN4nnet24compute_output_buffer_2dINS_5arrayI8ap_fixedILi8ELi2EL9ap_q_mode5EL9a_25' <Predicate = (do_init)> <Delay = 0.00>
ST_1 : Operation 23 [1/1] (0.00ns)   --->   "%p_ZZN4nnet24compute_output_buffer_2dINS_5arrayI8ap_fixedILi8ELi2EL9ap_q_mode5EL9a_26 = load i8 %p_ZZN4nnet24compute_output_buffer_2dINS_5arrayI8ap_fixedILi8ELi2EL9ap_q_mode5EL9a_3"   --->   Operation 23 'load' 'p_ZZN4nnet24compute_output_buffer_2dINS_5arrayI8ap_fixedILi8ELi2EL9ap_q_mode5EL9a_26' <Predicate = (do_init)> <Delay = 0.00>
ST_1 : Operation 24 [1/1] (0.00ns)   --->   "%p_ZZN4nnet24compute_output_buffer_2dINS_5arrayI8ap_fixedILi8ELi2EL9ap_q_mode5EL9a_27 = load i8 %p_ZZN4nnet24compute_output_buffer_2dINS_5arrayI8ap_fixedILi8ELi2EL9ap_q_mode5EL9a_2"   --->   Operation 24 'load' 'p_ZZN4nnet24compute_output_buffer_2dINS_5arrayI8ap_fixedILi8ELi2EL9ap_q_mode5EL9a_27' <Predicate = (do_init)> <Delay = 0.00>
ST_1 : Operation 25 [1/1] (0.00ns)   --->   "%p_ZZN4nnet24compute_output_buffer_2dINS_5arrayI8ap_fixedILi8ELi2EL9ap_q_mode5EL9a_28 = load i8 %p_ZZN4nnet24compute_output_buffer_2dINS_5arrayI8ap_fixedILi8ELi2EL9ap_q_mode5EL9a_1"   --->   Operation 25 'load' 'p_ZZN4nnet24compute_output_buffer_2dINS_5arrayI8ap_fixedILi8ELi2EL9ap_q_mode5EL9a_28' <Predicate = (do_init)> <Delay = 0.00>
ST_1 : Operation 26 [1/1] (0.00ns)   --->   "%p_ZZN4nnet24compute_output_buffer_2dINS_5arrayI8ap_fixedILi8ELi2EL9ap_q_mode5EL9a_29 = load i8 %p_ZZN4nnet24compute_output_buffer_2dINS_5arrayI8ap_fixedILi8ELi2EL9ap_q_mode5EL9a"   --->   Operation 26 'load' 'p_ZZN4nnet24compute_output_buffer_2dINS_5arrayI8ap_fixedILi8ELi2EL9ap_q_mode5EL9a_29' <Predicate = (do_init)> <Delay = 0.00>
ST_1 : Operation 27 [1/1] (1.58ns)   --->   "%br_ln46 = br void %_ZN8ap_fixedILi8ELi2EL9ap_q_mode5EL9ap_o_mode3ELi0EEC2ILi16ELi4ELb1ELS0_5ELS1_3ELi0EEERK13ap_fixed_baseIXT_EXT0_EXT1_EXT2_EXT3_EXT4_EE.exit.split.i" [firmware/nnet_utils/nnet_dense_resource.h:46]   --->   Operation 27 'br' 'br_ln46' <Predicate = (do_init)> <Delay = 1.58>
ST_1 : Operation 28 [1/1] (0.00ns)   --->   "%zext_ln46 = zext i5 %w_index3" [firmware/nnet_utils/nnet_dense_resource.h:46]   --->   Operation 28 'zext' 'zext_ln46' <Predicate = true> <Delay = 0.00>
ST_1 : Operation 29 [1/1] (0.00ns)   --->   "%w4_V_addr = getelementptr i7 %w4_V, i64 0, i64 %zext_ln46" [firmware/nnet_utils/nnet_dense_resource.h:46]   --->   Operation 29 'getelementptr' 'w4_V_addr' <Predicate = true> <Delay = 0.00>
ST_1 : Operation 30 [2/2] (3.25ns)   --->   "%w_V = load i5 %w4_V_addr" [firmware/nnet_utils/nnet_dense_resource.h:46]   --->   Operation 30 'load' 'w_V' <Predicate = true> <Delay = 3.25> <CoreInst = "ROM_nP_BRAM">   --->   Core 103 'ROM_nP_BRAM' <Latency = 1> <II = 1> <Delay = 3.25> <Storage> <Opcode : 'load'> <Ports = 0> <Width = 7> <Depth = 18> <ROM>
ST_1 : Operation 31 [1/1] (1.78ns)   --->   "%w_index = add i5 %w_index3, i5 1" [firmware/nnet_utils/nnet_dense_resource.h:46]   --->   Operation 31 'add' 'w_index' <Predicate = true> <Delay = 1.78> <CoreInst = "Adder">   --->   Core 1 'Adder' <Latency = 0> <II = 1> <Delay = 1.78> <FuncUnit> <Opcode : 'add' 'sub'> <InPorts = 2> <OutPorts = 1>
ST_1 : Operation 32 [1/1] (1.36ns)   --->   "%icmp_ln46 = icmp_eq  i5 %w_index3, i5 17" [firmware/nnet_utils/nnet_dense_resource.h:46]   --->   Operation 32 'icmp' 'icmp_ln46' <Predicate = true> <Delay = 1.36> <CoreInst = "Cmp">   --->   Core 9 'Cmp' <Latency = 0> <II = 1> <Delay = 1.36> <FuncUnit> <Opcode : 'icmp'> <InPorts = 2> <OutPorts = 1>
ST_1 : Operation 33 [1/1] (0.00ns)   --->   "%br_ln46 = br i1 %icmp_ln46, void %rewind_header, void %dense_resource_rf_leq_nin<ap_fixed<8, 2, 5, 3, 0>, ap_fixed<8, 2, 5, 3, 0>, config4_mult>.exit" [firmware/nnet_utils/nnet_dense_resource.h:46]   --->   Operation 33 'br' 'br_ln46' <Predicate = true> <Delay = 0.00>
ST_1 : Operation 34 [1/1] (0.00ns)   --->   "%br_ln0 = br void %rewind_header"   --->   Operation 34 'br' 'br_ln0' <Predicate = (icmp_ln46)> <Delay = 0.00>

State 2 <SV = 1> <Delay = 8.59>
ST_2 : Operation 35 [1/1] (0.00ns)   --->   "%p_ZZN4nnet24compute_output_buffer_2dINS_5arrayI8ap_fixedILi8ELi2EL9ap_q_mode5EL9a_30 = phi i8 0, void %entry, i8 %p_ZZN4nnet24compute_output_buffer_2dINS_5arrayI8ap_fixedILi8ELi2EL9ap_q_mode5EL9a_14, void %_ZN8ap_fixedILi8ELi2EL9ap_q_mode5EL9ap_o_mode3ELi0EEC2ILi16ELi4ELb1ELS0_5ELS1_3ELi0EEERK13ap_fixed_baseIXT_EXT0_EXT1_EXT2_EXT3_EXT4_EE.exit.split.i, i8 0, void %dense_resource_rf_leq_nin<ap_fixed<8, 2, 5, 3, 0>, ap_fixed<8, 2, 5, 3, 0>, config4_mult>.exit"   --->   Operation 35 'phi' 'p_ZZN4nnet24compute_output_buffer_2dINS_5arrayI8ap_fixedILi8ELi2EL9ap_q_mode5EL9a_30' <Predicate = true> <Delay = 0.00>
ST_2 : Operation 36 [1/1] (0.00ns)   --->   "%p_ZZN4nnet24compute_output_buffer_2dINS_5arrayI8ap_fixedILi8ELi2EL9ap_q_mode5EL9a_31 = phi i8 0, void %entry, i8 %p_ZZN4nnet24compute_output_buffer_2dINS_5arrayI8ap_fixedILi8ELi2EL9ap_q_mode5EL9a_15, void %_ZN8ap_fixedILi8ELi2EL9ap_q_mode5EL9ap_o_mode3ELi0EEC2ILi16ELi4ELb1ELS0_5ELS1_3ELi0EEERK13ap_fixed_baseIXT_EXT0_EXT1_EXT2_EXT3_EXT4_EE.exit.split.i, i8 0, void %dense_resource_rf_leq_nin<ap_fixed<8, 2, 5, 3, 0>, ap_fixed<8, 2, 5, 3, 0>, config4_mult>.exit"   --->   Operation 36 'phi' 'p_ZZN4nnet24compute_output_buffer_2dINS_5arrayI8ap_fixedILi8ELi2EL9ap_q_mode5EL9a_31' <Predicate = true> <Delay = 0.00>
ST_2 : Operation 37 [1/1] (0.00ns)   --->   "%p_ZZN4nnet24compute_output_buffer_2dINS_5arrayI8ap_fixedILi8ELi2EL9ap_q_mode5EL9a_32 = phi i8 0, void %entry, i8 %p_ZZN4nnet24compute_output_buffer_2dINS_5arrayI8ap_fixedILi8ELi2EL9ap_q_mode5EL9a_16, void %_ZN8ap_fixedILi8ELi2EL9ap_q_mode5EL9ap_o_mode3ELi0EEC2ILi16ELi4ELb1ELS0_5ELS1_3ELi0EEERK13ap_fixed_baseIXT_EXT0_EXT1_EXT2_EXT3_EXT4_EE.exit.split.i, i8 0, void %dense_resource_rf_leq_nin<ap_fixed<8, 2, 5, 3, 0>, ap_fixed<8, 2, 5, 3, 0>, config4_mult>.exit"   --->   Operation 37 'phi' 'p_ZZN4nnet24compute_output_buffer_2dINS_5arrayI8ap_fixedILi8ELi2EL9ap_q_mode5EL9a_32' <Predicate = true> <Delay = 0.00>
ST_2 : Operation 38 [1/1] (0.00ns)   --->   "%p_ZZN4nnet24compute_output_buffer_2dINS_5arrayI8ap_fixedILi8ELi2EL9ap_q_mode5EL9a_33 = phi i8 0, void %entry, i8 %p_ZZN4nnet24compute_output_buffer_2dINS_5arrayI8ap_fixedILi8ELi2EL9ap_q_mode5EL9a_17, void %_ZN8ap_fixedILi8ELi2EL9ap_q_mode5EL9ap_o_mode3ELi0EEC2ILi16ELi4ELb1ELS0_5ELS1_3ELi0EEERK13ap_fixed_baseIXT_EXT0_EXT1_EXT2_EXT3_EXT4_EE.exit.split.i, i8 0, void %dense_resource_rf_leq_nin<ap_fixed<8, 2, 5, 3, 0>, ap_fixed<8, 2, 5, 3, 0>, config4_mult>.exit"   --->   Operation 38 'phi' 'p_ZZN4nnet24compute_output_buffer_2dINS_5arrayI8ap_fixedILi8ELi2EL9ap_q_mode5EL9a_33' <Predicate = true> <Delay = 0.00>
ST_2 : Operation 39 [1/1] (0.00ns)   --->   "%p_ZZN4nnet24compute_output_buffer_2dINS_5arrayI8ap_fixedILi8ELi2EL9ap_q_mode5EL9a_34 = phi i8 0, void %entry, i8 %p_ZZN4nnet24compute_output_buffer_2dINS_5arrayI8ap_fixedILi8ELi2EL9ap_q_mode5EL9a_18, void %_ZN8ap_fixedILi8ELi2EL9ap_q_mode5EL9ap_o_mode3ELi0EEC2ILi16ELi4ELb1ELS0_5ELS1_3ELi0EEERK13ap_fixed_baseIXT_EXT0_EXT1_EXT2_EXT3_EXT4_EE.exit.split.i, i8 0, void %dense_resource_rf_leq_nin<ap_fixed<8, 2, 5, 3, 0>, ap_fixed<8, 2, 5, 3, 0>, config4_mult>.exit"   --->   Operation 39 'phi' 'p_ZZN4nnet24compute_output_buffer_2dINS_5arrayI8ap_fixedILi8ELi2EL9ap_q_mode5EL9a_34' <Predicate = true> <Delay = 0.00>
ST_2 : Operation 40 [1/1] (0.00ns)   --->   "%p_ZZN4nnet24compute_output_buffer_2dINS_5arrayI8ap_fixedILi8ELi2EL9ap_q_mode5EL9a_35 = phi i8 0, void %entry, i8 %p_ZZN4nnet24compute_output_buffer_2dINS_5arrayI8ap_fixedILi8ELi2EL9ap_q_mode5EL9a_19, void %_ZN8ap_fixedILi8ELi2EL9ap_q_mode5EL9ap_o_mode3ELi0EEC2ILi16ELi4ELb1ELS0_5ELS1_3ELi0EEERK13ap_fixed_baseIXT_EXT0_EXT1_EXT2_EXT3_EXT4_EE.exit.split.i, i8 0, void %dense_resource_rf_leq_nin<ap_fixed<8, 2, 5, 3, 0>, ap_fixed<8, 2, 5, 3, 0>, config4_mult>.exit"   --->   Operation 40 'phi' 'p_ZZN4nnet24compute_output_buffer_2dINS_5arrayI8ap_fixedILi8ELi2EL9ap_q_mode5EL9a_35' <Predicate = true> <Delay = 0.00>
ST_2 : Operation 41 [1/1] (0.00ns)   --->   "%p_ZZN4nnet24compute_output_buffer_2dINS_5arrayI8ap_fixedILi8ELi2EL9ap_q_mode5EL9a_36 = phi i8 0, void %entry, i8 %p_ZZN4nnet24compute_output_buffer_2dINS_5arrayI8ap_fixedILi8ELi2EL9ap_q_mode5EL9a_20, void %_ZN8ap_fixedILi8ELi2EL9ap_q_mode5EL9ap_o_mode3ELi0EEC2ILi16ELi4ELb1ELS0_5ELS1_3ELi0EEERK13ap_fixed_baseIXT_EXT0_EXT1_EXT2_EXT3_EXT4_EE.exit.split.i, i8 0, void %dense_resource_rf_leq_nin<ap_fixed<8, 2, 5, 3, 0>, ap_fixed<8, 2, 5, 3, 0>, config4_mult>.exit"   --->   Operation 41 'phi' 'p_ZZN4nnet24compute_output_buffer_2dINS_5arrayI8ap_fixedILi8ELi2EL9ap_q_mode5EL9a_36' <Predicate = true> <Delay = 0.00>
ST_2 : Operation 42 [1/1] (0.00ns)   --->   "%p_ZZN4nnet24compute_output_buffer_2dINS_5arrayI8ap_fixedILi8ELi2EL9ap_q_mode5EL9a_37 = phi i8 0, void %entry, i8 %p_ZZN4nnet24compute_output_buffer_2dINS_5arrayI8ap_fixedILi8ELi2EL9ap_q_mode5EL9a_21, void %_ZN8ap_fixedILi8ELi2EL9ap_q_mode5EL9ap_o_mode3ELi0EEC2ILi16ELi4ELb1ELS0_5ELS1_3ELi0EEERK13ap_fixed_baseIXT_EXT0_EXT1_EXT2_EXT3_EXT4_EE.exit.split.i, i8 0, void %dense_resource_rf_leq_nin<ap_fixed<8, 2, 5, 3, 0>, ap_fixed<8, 2, 5, 3, 0>, config4_mult>.exit"   --->   Operation 42 'phi' 'p_ZZN4nnet24compute_output_buffer_2dINS_5arrayI8ap_fixedILi8ELi2EL9ap_q_mode5EL9a_37' <Predicate = true> <Delay = 0.00>
ST_2 : Operation 43 [1/1] (0.00ns)   --->   "%void_compute_output_buffer_2d_array_const_ap_shift_reg_n_chan_stream_weig_51 = phi i8 0, void %entry, i8 %void_compute_output_buffer_2d_array_const_ap_shift_reg_n_chan_stream_weig_31, void %_ZN8ap_fixedILi8ELi2EL9ap_q_mode5EL9ap_o_mode3ELi0EEC2ILi16ELi4ELb1ELS0_5ELS1_3ELi0EEERK13ap_fixed_baseIXT_EXT0_EXT1_EXT2_EXT3_EXT4_EE.exit.split.i, i8 0, void %dense_resource_rf_leq_nin<ap_fixed<8, 2, 5, 3, 0>, ap_fixed<8, 2, 5, 3, 0>, config4_mult>.exit"   --->   Operation 43 'phi' 'void_compute_output_buffer_2d_array_const_ap_shift_reg_n_chan_stream_weig_51' <Predicate = true> <Delay = 0.00>
ST_2 : Operation 44 [1/1] (0.00ns)   --->   "%void_compute_output_buffer_2d_array_const_ap_shift_reg_n_chan_stream_weig_52 = phi i8 0, void %entry, i8 %void_compute_output_buffer_2d_array_const_ap_shift_reg_n_chan_stream_weig_32, void %_ZN8ap_fixedILi8ELi2EL9ap_q_mode5EL9ap_o_mode3ELi0EEC2ILi16ELi4ELb1ELS0_5ELS1_3ELi0EEERK13ap_fixed_baseIXT_EXT0_EXT1_EXT2_EXT3_EXT4_EE.exit.split.i, i8 0, void %dense_resource_rf_leq_nin<ap_fixed<8, 2, 5, 3, 0>, ap_fixed<8, 2, 5, 3, 0>, config4_mult>.exit"   --->   Operation 44 'phi' 'void_compute_output_buffer_2d_array_const_ap_shift_reg_n_chan_stream_weig_52' <Predicate = true> <Delay = 0.00>
ST_2 : Operation 45 [1/1] (0.00ns)   --->   "%void_compute_output_buffer_2d_array_const_ap_shift_reg_n_chan_stream_weig_53 = phi i8 0, void %entry, i8 %void_compute_output_buffer_2d_array_const_ap_shift_reg_n_chan_stream_weig_33, void %_ZN8ap_fixedILi8ELi2EL9ap_q_mode5EL9ap_o_mode3ELi0EEC2ILi16ELi4ELb1ELS0_5ELS1_3ELi0EEERK13ap_fixed_baseIXT_EXT0_EXT1_EXT2_EXT3_EXT4_EE.exit.split.i, i8 0, void %dense_resource_rf_leq_nin<ap_fixed<8, 2, 5, 3, 0>, ap_fixed<8, 2, 5, 3, 0>, config4_mult>.exit"   --->   Operation 45 'phi' 'void_compute_output_buffer_2d_array_const_ap_shift_reg_n_chan_stream_weig_53' <Predicate = true> <Delay = 0.00>
ST_2 : Operation 46 [1/1] (0.00ns)   --->   "%void_compute_output_buffer_2d_array_const_ap_shift_reg_n_chan_stream_weig_54 = phi i8 0, void %entry, i8 %void_compute_output_buffer_2d_array_const_ap_shift_reg_n_chan_stream_weig_34, void %_ZN8ap_fixedILi8ELi2EL9ap_q_mode5EL9ap_o_mode3ELi0EEC2ILi16ELi4ELb1ELS0_5ELS1_3ELi0EEERK13ap_fixed_baseIXT_EXT0_EXT1_EXT2_EXT3_EXT4_EE.exit.split.i, i8 0, void %dense_resource_rf_leq_nin<ap_fixed<8, 2, 5, 3, 0>, ap_fixed<8, 2, 5, 3, 0>, config4_mult>.exit"   --->   Operation 46 'phi' 'void_compute_output_buffer_2d_array_const_ap_shift_reg_n_chan_stream_weig_54' <Predicate = true> <Delay = 0.00>
ST_2 : Operation 47 [1/1] (0.00ns)   --->   "%void_compute_output_buffer_2d_array_const_ap_shift_reg_n_chan_stream_weig_55 = phi i8 0, void %entry, i8 %void_compute_output_buffer_2d_array_const_ap_shift_reg_n_chan_stream_weig_35, void %_ZN8ap_fixedILi8ELi2EL9ap_q_mode5EL9ap_o_mode3ELi0EEC2ILi16ELi4ELb1ELS0_5ELS1_3ELi0EEERK13ap_fixed_baseIXT_EXT0_EXT1_EXT2_EXT3_EXT4_EE.exit.split.i, i8 0, void %dense_resource_rf_leq_nin<ap_fixed<8, 2, 5, 3, 0>, ap_fixed<8, 2, 5, 3, 0>, config4_mult>.exit"   --->   Operation 47 'phi' 'void_compute_output_buffer_2d_array_const_ap_shift_reg_n_chan_stream_weig_55' <Predicate = true> <Delay = 0.00>
ST_2 : Operation 48 [1/1] (0.00ns)   --->   "%void_compute_output_buffer_2d_array_const_ap_shift_reg_n_chan_stream_weig_56 = phi i8 0, void %entry, i8 %void_compute_output_buffer_2d_array_const_ap_shift_reg_n_chan_stream_weig_36, void %_ZN8ap_fixedILi8ELi2EL9ap_q_mode5EL9ap_o_mode3ELi0EEC2ILi16ELi4ELb1ELS0_5ELS1_3ELi0EEERK13ap_fixed_baseIXT_EXT0_EXT1_EXT2_EXT3_EXT4_EE.exit.split.i, i8 0, void %dense_resource_rf_leq_nin<ap_fixed<8, 2, 5, 3, 0>, ap_fixed<8, 2, 5, 3, 0>, config4_mult>.exit"   --->   Operation 48 'phi' 'void_compute_output_buffer_2d_array_const_ap_shift_reg_n_chan_stream_weig_56' <Predicate = true> <Delay = 0.00>
ST_2 : Operation 49 [1/1] (0.00ns)   --->   "%void_compute_output_buffer_2d_array_const_ap_shift_reg_n_chan_stream_weig_57 = phi i8 0, void %entry, i8 %void_compute_output_buffer_2d_array_const_ap_shift_reg_n_chan_stream_weig_37, void %_ZN8ap_fixedILi8ELi2EL9ap_q_mode5EL9ap_o_mode3ELi0EEC2ILi16ELi4ELb1ELS0_5ELS1_3ELi0EEERK13ap_fixed_baseIXT_EXT0_EXT1_EXT2_EXT3_EXT4_EE.exit.split.i, i8 0, void %dense_resource_rf_leq_nin<ap_fixed<8, 2, 5, 3, 0>, ap_fixed<8, 2, 5, 3, 0>, config4_mult>.exit"   --->   Operation 49 'phi' 'void_compute_output_buffer_2d_array_const_ap_shift_reg_n_chan_stream_weig_57' <Predicate = true> <Delay = 0.00>
ST_2 : Operation 50 [1/1] (0.00ns)   --->   "%void_compute_output_buffer_2d_array_const_ap_shift_reg_n_chan_stream_weig_58 = phi i8 0, void %entry, i8 %void_compute_output_buffer_2d_array_const_ap_shift_reg_n_chan_stream_weig_38, void %_ZN8ap_fixedILi8ELi2EL9ap_q_mode5EL9ap_o_mode3ELi0EEC2ILi16ELi4ELb1ELS0_5ELS1_3ELi0EEERK13ap_fixed_baseIXT_EXT0_EXT1_EXT2_EXT3_EXT4_EE.exit.split.i, i8 0, void %dense_resource_rf_leq_nin<ap_fixed<8, 2, 5, 3, 0>, ap_fixed<8, 2, 5, 3, 0>, config4_mult>.exit"   --->   Operation 50 'phi' 'void_compute_output_buffer_2d_array_const_ap_shift_reg_n_chan_stream_weig_58' <Predicate = true> <Delay = 0.00>
ST_2 : Operation 51 [1/1] (0.00ns)   --->   "%void_compute_output_buffer_2d_array_const_ap_shift_reg_n_chan_stream_weig_59 = phi i8 0, void %entry, i8 %void_compute_output_buffer_2d_array_const_ap_shift_reg_n_chan_stream_weig_39, void %_ZN8ap_fixedILi8ELi2EL9ap_q_mode5EL9ap_o_mode3ELi0EEC2ILi16ELi4ELb1ELS0_5ELS1_3ELi0EEERK13ap_fixed_baseIXT_EXT0_EXT1_EXT2_EXT3_EXT4_EE.exit.split.i, i8 0, void %dense_resource_rf_leq_nin<ap_fixed<8, 2, 5, 3, 0>, ap_fixed<8, 2, 5, 3, 0>, config4_mult>.exit"   --->   Operation 51 'phi' 'void_compute_output_buffer_2d_array_const_ap_shift_reg_n_chan_stream_weig_59' <Predicate = true> <Delay = 0.00>
ST_2 : Operation 52 [1/1] (0.00ns)   --->   "%void_compute_output_buffer_2d_array_const_ap_shift_reg_n_chan_stream_weig_60 = phi i8 0, void %entry, i8 %void_compute_output_buffer_2d_array_const_ap_shift_reg_n_chan_stream_weig_40, void %_ZN8ap_fixedILi8ELi2EL9ap_q_mode5EL9ap_o_mode3ELi0EEC2ILi16ELi4ELb1ELS0_5ELS1_3ELi0EEERK13ap_fixed_baseIXT_EXT0_EXT1_EXT2_EXT3_EXT4_EE.exit.split.i, i8 0, void %dense_resource_rf_leq_nin<ap_fixed<8, 2, 5, 3, 0>, ap_fixed<8, 2, 5, 3, 0>, config4_mult>.exit"   --->   Operation 52 'phi' 'void_compute_output_buffer_2d_array_const_ap_shift_reg_n_chan_stream_weig_60' <Predicate = true> <Delay = 0.00>
ST_2 : Operation 53 [1/1] (1.58ns)   --->   "%br_ln0 = br i1 %do_init, void %_ZN8ap_fixedILi8ELi2EL9ap_q_mode5EL9ap_o_mode3ELi0EEC2ILi16ELi4ELb1ELS0_5ELS1_3ELi0EEERK13ap_fixed_baseIXT_EXT0_EXT1_EXT2_EXT3_EXT4_EE.exit.split.i, void %rewind_init"   --->   Operation 53 'br' 'br_ln0' <Predicate = true> <Delay = 1.58>
ST_2 : Operation 54 [1/1] (0.00ns)   --->   "%p_ZZN4nnet24compute_output_buffer_2dINS_5arrayI8ap_fixedILi8ELi2EL9ap_q_mode5EL9a_14 = phi i8 %p_ZZN4nnet24compute_output_buffer_2dINS_5arrayI8ap_fixedILi8ELi2EL9ap_q_mode5EL9a_29, void %rewind_init, i8 %p_ZZN4nnet24compute_output_buffer_2dINS_5arrayI8ap_fixedILi8ELi2EL9ap_q_mode5EL9a_30, void %rewind_header"   --->   Operation 54 'phi' 'p_ZZN4nnet24compute_output_buffer_2dINS_5arrayI8ap_fixedILi8ELi2EL9ap_q_mode5EL9a_14' <Predicate = true> <Delay = 0.00>
ST_2 : Operation 55 [1/1] (0.00ns)   --->   "%p_ZZN4nnet24compute_output_buffer_2dINS_5arrayI8ap_fixedILi8ELi2EL9ap_q_mode5EL9a_15 = phi i8 %p_ZZN4nnet24compute_output_buffer_2dINS_5arrayI8ap_fixedILi8ELi2EL9ap_q_mode5EL9a_28, void %rewind_init, i8 %p_ZZN4nnet24compute_output_buffer_2dINS_5arrayI8ap_fixedILi8ELi2EL9ap_q_mode5EL9a_31, void %rewind_header"   --->   Operation 55 'phi' 'p_ZZN4nnet24compute_output_buffer_2dINS_5arrayI8ap_fixedILi8ELi2EL9ap_q_mode5EL9a_15' <Predicate = true> <Delay = 0.00>
ST_2 : Operation 56 [1/1] (0.00ns)   --->   "%p_ZZN4nnet24compute_output_buffer_2dINS_5arrayI8ap_fixedILi8ELi2EL9ap_q_mode5EL9a_16 = phi i8 %p_ZZN4nnet24compute_output_buffer_2dINS_5arrayI8ap_fixedILi8ELi2EL9ap_q_mode5EL9a_27, void %rewind_init, i8 %p_ZZN4nnet24compute_output_buffer_2dINS_5arrayI8ap_fixedILi8ELi2EL9ap_q_mode5EL9a_32, void %rewind_header"   --->   Operation 56 'phi' 'p_ZZN4nnet24compute_output_buffer_2dINS_5arrayI8ap_fixedILi8ELi2EL9ap_q_mode5EL9a_16' <Predicate = true> <Delay = 0.00>
ST_2 : Operation 57 [1/1] (0.00ns)   --->   "%p_ZZN4nnet24compute_output_buffer_2dINS_5arrayI8ap_fixedILi8ELi2EL9ap_q_mode5EL9a_17 = phi i8 %p_ZZN4nnet24compute_output_buffer_2dINS_5arrayI8ap_fixedILi8ELi2EL9ap_q_mode5EL9a_26, void %rewind_init, i8 %p_ZZN4nnet24compute_output_buffer_2dINS_5arrayI8ap_fixedILi8ELi2EL9ap_q_mode5EL9a_33, void %rewind_header"   --->   Operation 57 'phi' 'p_ZZN4nnet24compute_output_buffer_2dINS_5arrayI8ap_fixedILi8ELi2EL9ap_q_mode5EL9a_17' <Predicate = true> <Delay = 0.00>
ST_2 : Operation 58 [1/1] (0.00ns)   --->   "%p_ZZN4nnet24compute_output_buffer_2dINS_5arrayI8ap_fixedILi8ELi2EL9ap_q_mode5EL9a_18 = phi i8 %p_ZZN4nnet24compute_output_buffer_2dINS_5arrayI8ap_fixedILi8ELi2EL9ap_q_mode5EL9a_25, void %rewind_init, i8 %p_ZZN4nnet24compute_output_buffer_2dINS_5arrayI8ap_fixedILi8ELi2EL9ap_q_mode5EL9a_34, void %rewind_header"   --->   Operation 58 'phi' 'p_ZZN4nnet24compute_output_buffer_2dINS_5arrayI8ap_fixedILi8ELi2EL9ap_q_mode5EL9a_18' <Predicate = true> <Delay = 0.00>
ST_2 : Operation 59 [1/1] (0.00ns)   --->   "%p_ZZN4nnet24compute_output_buffer_2dINS_5arrayI8ap_fixedILi8ELi2EL9ap_q_mode5EL9a_19 = phi i8 %p_ZZN4nnet24compute_output_buffer_2dINS_5arrayI8ap_fixedILi8ELi2EL9ap_q_mode5EL9a_24, void %rewind_init, i8 %p_ZZN4nnet24compute_output_buffer_2dINS_5arrayI8ap_fixedILi8ELi2EL9ap_q_mode5EL9a_35, void %rewind_header"   --->   Operation 59 'phi' 'p_ZZN4nnet24compute_output_buffer_2dINS_5arrayI8ap_fixedILi8ELi2EL9ap_q_mode5EL9a_19' <Predicate = true> <Delay = 0.00>
ST_2 : Operation 60 [1/1] (0.00ns)   --->   "%p_ZZN4nnet24compute_output_buffer_2dINS_5arrayI8ap_fixedILi8ELi2EL9ap_q_mode5EL9a_20 = phi i8 %p_ZZN4nnet24compute_output_buffer_2dINS_5arrayI8ap_fixedILi8ELi2EL9ap_q_mode5EL9a_23, void %rewind_init, i8 %p_ZZN4nnet24compute_output_buffer_2dINS_5arrayI8ap_fixedILi8ELi2EL9ap_q_mode5EL9a_36, void %rewind_header"   --->   Operation 60 'phi' 'p_ZZN4nnet24compute_output_buffer_2dINS_5arrayI8ap_fixedILi8ELi2EL9ap_q_mode5EL9a_20' <Predicate = true> <Delay = 0.00>
ST_2 : Operation 61 [1/1] (0.00ns)   --->   "%p_ZZN4nnet24compute_output_buffer_2dINS_5arrayI8ap_fixedILi8ELi2EL9ap_q_mode5EL9a_21 = phi i8 %p_ZZN4nnet24compute_output_buffer_2dINS_5arrayI8ap_fixedILi8ELi2EL9ap_q_mode5EL9a_22, void %rewind_init, i8 %p_ZZN4nnet24compute_output_buffer_2dINS_5arrayI8ap_fixedILi8ELi2EL9ap_q_mode5EL9a_37, void %rewind_header"   --->   Operation 61 'phi' 'p_ZZN4nnet24compute_output_buffer_2dINS_5arrayI8ap_fixedILi8ELi2EL9ap_q_mode5EL9a_21' <Predicate = true> <Delay = 0.00>
ST_2 : Operation 62 [1/1] (0.00ns)   --->   "%void_compute_output_buffer_2d_array_const_ap_shift_reg_n_chan_stream_weig_31 = phi i8 %void_compute_output_buffer_2d_array_const_ap_shift_reg_n_chan_stream_weig_50, void %rewind_init, i8 %void_compute_output_buffer_2d_array_const_ap_shift_reg_n_chan_stream_weig_51, void %rewind_header"   --->   Operation 62 'phi' 'void_compute_output_buffer_2d_array_const_ap_shift_reg_n_chan_stream_weig_31' <Predicate = true> <Delay = 0.00>
ST_2 : Operation 63 [1/1] (0.00ns)   --->   "%void_compute_output_buffer_2d_array_const_ap_shift_reg_n_chan_stream_weig_32 = phi i8 %void_compute_output_buffer_2d_array_const_ap_shift_reg_n_chan_stream_weig_49, void %rewind_init, i8 %void_compute_output_buffer_2d_array_const_ap_shift_reg_n_chan_stream_weig_52, void %rewind_header"   --->   Operation 63 'phi' 'void_compute_output_buffer_2d_array_const_ap_shift_reg_n_chan_stream_weig_32' <Predicate = true> <Delay = 0.00>
ST_2 : Operation 64 [1/1] (0.00ns)   --->   "%void_compute_output_buffer_2d_array_const_ap_shift_reg_n_chan_stream_weig_33 = phi i8 %void_compute_output_buffer_2d_array_const_ap_shift_reg_n_chan_stream_weig_48, void %rewind_init, i8 %void_compute_output_buffer_2d_array_const_ap_shift_reg_n_chan_stream_weig_53, void %rewind_header"   --->   Operation 64 'phi' 'void_compute_output_buffer_2d_array_const_ap_shift_reg_n_chan_stream_weig_33' <Predicate = true> <Delay = 0.00>
ST_2 : Operation 65 [1/1] (0.00ns)   --->   "%void_compute_output_buffer_2d_array_const_ap_shift_reg_n_chan_stream_weig_34 = phi i8 %void_compute_output_buffer_2d_array_const_ap_shift_reg_n_chan_stream_weig_47, void %rewind_init, i8 %void_compute_output_buffer_2d_array_const_ap_shift_reg_n_chan_stream_weig_54, void %rewind_header"   --->   Operation 65 'phi' 'void_compute_output_buffer_2d_array_const_ap_shift_reg_n_chan_stream_weig_34' <Predicate = true> <Delay = 0.00>
ST_2 : Operation 66 [1/1] (0.00ns)   --->   "%void_compute_output_buffer_2d_array_const_ap_shift_reg_n_chan_stream_weig_35 = phi i8 %void_compute_output_buffer_2d_array_const_ap_shift_reg_n_chan_stream_weig_46, void %rewind_init, i8 %void_compute_output_buffer_2d_array_const_ap_shift_reg_n_chan_stream_weig_55, void %rewind_header"   --->   Operation 66 'phi' 'void_compute_output_buffer_2d_array_const_ap_shift_reg_n_chan_stream_weig_35' <Predicate = true> <Delay = 0.00>
ST_2 : Operation 67 [1/1] (0.00ns)   --->   "%void_compute_output_buffer_2d_array_const_ap_shift_reg_n_chan_stream_weig_36 = phi i8 %void_compute_output_buffer_2d_array_const_ap_shift_reg_n_chan_stream_weig_45, void %rewind_init, i8 %void_compute_output_buffer_2d_array_const_ap_shift_reg_n_chan_stream_weig_56, void %rewind_header"   --->   Operation 67 'phi' 'void_compute_output_buffer_2d_array_const_ap_shift_reg_n_chan_stream_weig_36' <Predicate = true> <Delay = 0.00>
ST_2 : Operation 68 [1/1] (0.00ns)   --->   "%void_compute_output_buffer_2d_array_const_ap_shift_reg_n_chan_stream_weig_37 = phi i8 %void_compute_output_buffer_2d_array_const_ap_shift_reg_n_chan_stream_weig_44, void %rewind_init, i8 %void_compute_output_buffer_2d_array_const_ap_shift_reg_n_chan_stream_weig_57, void %rewind_header"   --->   Operation 68 'phi' 'void_compute_output_buffer_2d_array_const_ap_shift_reg_n_chan_stream_weig_37' <Predicate = true> <Delay = 0.00>
ST_2 : Operation 69 [1/1] (0.00ns)   --->   "%void_compute_output_buffer_2d_array_const_ap_shift_reg_n_chan_stream_weig_38 = phi i8 %void_compute_output_buffer_2d_array_const_ap_shift_reg_n_chan_stream_weig_43, void %rewind_init, i8 %void_compute_output_buffer_2d_array_const_ap_shift_reg_n_chan_stream_weig_58, void %rewind_header"   --->   Operation 69 'phi' 'void_compute_output_buffer_2d_array_const_ap_shift_reg_n_chan_stream_weig_38' <Predicate = true> <Delay = 0.00>
ST_2 : Operation 70 [1/1] (0.00ns)   --->   "%void_compute_output_buffer_2d_array_const_ap_shift_reg_n_chan_stream_weig_39 = phi i8 %void_compute_output_buffer_2d_array_const_ap_shift_reg_n_chan_stream_weig_42, void %rewind_init, i8 %void_compute_output_buffer_2d_array_const_ap_shift_reg_n_chan_stream_weig_59, void %rewind_header"   --->   Operation 70 'phi' 'void_compute_output_buffer_2d_array_const_ap_shift_reg_n_chan_stream_weig_39' <Predicate = true> <Delay = 0.00>
ST_2 : Operation 71 [1/1] (0.00ns)   --->   "%void_compute_output_buffer_2d_array_const_ap_shift_reg_n_chan_stream_weig_40 = phi i8 %void_compute_output_buffer_2d_array_const_ap_shift_reg_n_chan_stream_weig_41, void %rewind_init, i8 %void_compute_output_buffer_2d_array_const_ap_shift_reg_n_chan_stream_weig_60, void %rewind_header"   --->   Operation 71 'phi' 'void_compute_output_buffer_2d_array_const_ap_shift_reg_n_chan_stream_weig_40' <Predicate = true> <Delay = 0.00>
ST_2 : Operation 72 [1/1] (2.84ns)   --->   "%a_V = mux i8 @_ssdm_op_Mux.ap_auto.18i8.i5, i8 %void_compute_output_buffer_2d_array_const_ap_shift_reg_n_chan_stream_weig_40, i8 %void_compute_output_buffer_2d_array_const_ap_shift_reg_n_chan_stream_weig_39, i8 %void_compute_output_buffer_2d_array_const_ap_shift_reg_n_chan_stream_weig_38, i8 %void_compute_output_buffer_2d_array_const_ap_shift_reg_n_chan_stream_weig_37, i8 %void_compute_output_buffer_2d_array_const_ap_shift_reg_n_chan_stream_weig_36, i8 %void_compute_output_buffer_2d_array_const_ap_shift_reg_n_chan_stream_weig_35, i8 %void_compute_output_buffer_2d_array_const_ap_shift_reg_n_chan_stream_weig_34, i8 %void_compute_output_buffer_2d_array_const_ap_shift_reg_n_chan_stream_weig_33, i8 %void_compute_output_buffer_2d_array_const_ap_shift_reg_n_chan_stream_weig_32, i8 %void_compute_output_buffer_2d_array_const_ap_shift_reg_n_chan_stream_weig_31, i8 %p_ZZN4nnet24compute_output_buffer_2dINS_5arrayI8ap_fixedILi8ELi2EL9ap_q_mode5EL9a_21, i8 %p_ZZN4nnet24compute_output_buffer_2dINS_5arrayI8ap_fixedILi8ELi2EL9ap_q_mode5EL9a_20, i8 %p_ZZN4nnet24compute_output_buffer_2dINS_5arrayI8ap_fixedILi8ELi2EL9ap_q_mode5EL9a_19, i8 %p_ZZN4nnet24compute_output_buffer_2dINS_5arrayI8ap_fixedILi8ELi2EL9ap_q_mode5EL9a_18, i8 %p_ZZN4nnet24compute_output_buffer_2dINS_5arrayI8ap_fixedILi8ELi2EL9ap_q_mode5EL9a_17, i8 %p_ZZN4nnet24compute_output_buffer_2dINS_5arrayI8ap_fixedILi8ELi2EL9ap_q_mode5EL9a_16, i8 %p_ZZN4nnet24compute_output_buffer_2dINS_5arrayI8ap_fixedILi8ELi2EL9ap_q_mode5EL9a_15, i8 %p_ZZN4nnet24compute_output_buffer_2dINS_5arrayI8ap_fixedILi8ELi2EL9ap_q_mode5EL9a_14, i5 %w_index3" [firmware/nnet_utils/nnet_dense_resource.h:46]   --->   Operation 72 'mux' 'a_V' <Predicate = true> <Delay = 2.84> <CoreInst = "Multiplexer">   --->   Core 76 'Multiplexer' <Latency = 0> <II = 1> <Delay = 2.84> <FuncUnit> <Opcode : 'mux'> <InPorts = 2> <OutPorts = 1>
ST_2 : Operation 73 [1/2] (3.25ns)   --->   "%w_V = load i5 %w4_V_addr" [firmware/nnet_utils/nnet_dense_resource.h:46]   --->   Operation 73 'load' 'w_V' <Predicate = true> <Delay = 3.25> <CoreInst = "ROM_nP_BRAM">   --->   Core 103 'ROM_nP_BRAM' <Latency = 1> <II = 1> <Delay = 3.25> <Storage> <Opcode : 'load'> <Ports = 0> <Width = 7> <Depth = 18> <ROM>
ST_2 : Operation 74 [1/1] (0.00ns)   --->   "%sext_ln1168 = sext i8 %a_V"   --->   Operation 74 'sext' 'sext_ln1168' <Predicate = true> <Delay = 0.00>
ST_2 : Operation 75 [1/1] (0.00ns)   --->   "%sext_ln1168_1 = sext i7 %w_V"   --->   Operation 75 'sext' 'sext_ln1168_1' <Predicate = true> <Delay = 0.00>
ST_2 : Operation 76 [1/1] (4.17ns)   --->   "%mul_ln1168 = mul i14 %sext_ln1168, i14 %sext_ln1168_1"   --->   Operation 76 'mul' 'mul_ln1168' <Predicate = true> <Delay = 4.17> <CoreInst = "Multiplier">   --->   Core 3 'Multiplier' <Latency = 0> <II = 1> <Delay = 4.17> <FuncUnit> <Opcode : 'mul'> <InPorts = 2> <OutPorts = 1>
ST_2 : Operation 77 [1/1] (0.00ns)   --->   "%trunc_ln = partselect i8 @_ssdm_op_PartSelect.i8.i14.i32.i32, i14 %mul_ln1168, i32 6, i32 13"   --->   Operation 77 'partselect' 'trunc_ln' <Predicate = true> <Delay = 0.00>

State 3 <SV = 2> <Delay = 1.91>
ST_3 : Operation 78 [1/1] (0.00ns)   --->   "%res_0_i4 = phi i8 0, void %entry, i8 %add_ln712, void %_ZN8ap_fixedILi8ELi2EL9ap_q_mode5EL9ap_o_mode3ELi0EEC2ILi16ELi4ELb1ELS0_5ELS1_3ELi0EEERK13ap_fixed_baseIXT_EXT0_EXT1_EXT2_EXT3_EXT4_EE.exit.split.i, i8 0, void %dense_resource_rf_leq_nin<ap_fixed<8, 2, 5, 3, 0>, ap_fixed<8, 2, 5, 3, 0>, config4_mult>.exit"   --->   Operation 78 'phi' 'res_0_i4' <Predicate = true> <Delay = 0.00>
ST_3 : Operation 79 [1/1] (0.00ns)   --->   "%empty = speclooptripcount i32 @_ssdm_op_SpecLoopTripCount, i64 18, i64 18, i64 18"   --->   Operation 79 'speclooptripcount' 'empty' <Predicate = true> <Delay = 0.00>
ST_3 : Operation 80 [1/1] (0.00ns)   --->   "%specpipeline_ln49 = specpipeline void @_ssdm_op_SpecPipeline, i32 1, i32 0, i32 0, i32 0, void @empty_6" [firmware/nnet_utils/nnet_dense_resource.h:49]   --->   Operation 80 'specpipeline' 'specpipeline_ln49' <Predicate = true> <Delay = 0.00>
ST_3 : Operation 81 [1/1] (0.00ns)   --->   "%specloopname_ln49 = specloopname void @_ssdm_op_SpecLoopName, void @empty_3" [firmware/nnet_utils/nnet_dense_resource.h:49]   --->   Operation 81 'specloopname' 'specloopname_ln49' <Predicate = true> <Delay = 0.00>
ST_3 : Operation 82 [1/1] (1.91ns)   --->   "%add_ln712 = add i8 %trunc_ln, i8 %res_0_i4"   --->   Operation 82 'add' 'add_ln712' <Predicate = true> <Delay = 1.91> <CoreInst = "Adder">   --->   Core 1 'Adder' <Latency = 0> <II = 1> <Delay = 1.78> <FuncUnit> <Opcode : 'add' 'sub'> <InPorts = 2> <OutPorts = 1>
ST_3 : Operation 83 [1/1] (0.00ns)   --->   "%return_ln712 = return void @_ssdm_op_Return, i8 %add_ln712"   --->   Operation 83 'return' 'return_ln712' <Predicate = (icmp_ln46)> <Delay = 0.00>


============================================================
+ Verbose Summary: Binding
============================================================
STG Binding: 
---------------- STG Properties BEGIN ----------------
- Is combinational: 0
- Is one-state seq: 0
- Is datapath-only: 0
- Is pipelined: 0
- Is top level: 0
Port [ Return ] is wired: 1; IO mode=ap_ctrl_hs:ce=0
Port [ w4_V]:  wired=0; compound=1; hidden=1; nouse=0; global=1; static=1; extern=0; dir=0; type=1; pingpong=0; private_global=1; MemPort=[1]; IO mode=ap_memory:ce=0
Port [ void_compute_output_buffer_2d_array_const_ap_shift_reg_n_chan_stream_weig_9]:  wired=1; compound=0; hidden=0; nouse=0; global=1; static=1; extern=0; dir=0; type=0; pingpong=0; private_global=0; IO mode=ap_none:ce=0
Port [ void_compute_output_buffer_2d_array_const_ap_shift_reg_n_chan_stream_weig_8]:  wired=1; compound=0; hidden=0; nouse=0; global=1; static=1; extern=0; dir=0; type=0; pingpong=0; private_global=0; IO mode=ap_none:ce=0
Port [ void_compute_output_buffer_2d_array_const_ap_shift_reg_n_chan_stream_weig_7]:  wired=1; compound=0; hidden=0; nouse=0; global=1; static=1; extern=0; dir=0; type=0; pingpong=0; private_global=0; IO mode=ap_none:ce=0
Port [ void_compute_output_buffer_2d_array_const_ap_shift_reg_n_chan_stream_weig_6]:  wired=1; compound=0; hidden=0; nouse=0; global=1; static=1; extern=0; dir=0; type=0; pingpong=0; private_global=0; IO mode=ap_none:ce=0
Port [ void_compute_output_buffer_2d_array_const_ap_shift_reg_n_chan_stream_weig_5]:  wired=1; compound=0; hidden=0; nouse=0; global=1; static=1; extern=0; dir=0; type=0; pingpong=0; private_global=0; IO mode=ap_none:ce=0
Port [ void_compute_output_buffer_2d_array_const_ap_shift_reg_n_chan_stream_weig_4]:  wired=1; compound=0; hidden=0; nouse=0; global=1; static=1; extern=0; dir=0; type=0; pingpong=0; private_global=0; IO mode=ap_none:ce=0
Port [ void_compute_output_buffer_2d_array_const_ap_shift_reg_n_chan_stream_weig_3]:  wired=1; compound=0; hidden=0; nouse=0; global=1; static=1; extern=0; dir=0; type=0; pingpong=0; private_global=0; IO mode=ap_none:ce=0
Port [ void_compute_output_buffer_2d_array_const_ap_shift_reg_n_chan_stream_weig_2]:  wired=1; compound=0; hidden=0; nouse=0; global=1; static=1; extern=0; dir=0; type=0; pingpong=0; private_global=0; IO mode=ap_none:ce=0
Port [ void_compute_output_buffer_2d_array_const_ap_shift_reg_n_chan_stream_weig_1]:  wired=1; compound=0; hidden=0; nouse=0; global=1; static=1; extern=0; dir=0; type=0; pingpong=0; private_global=0; IO mode=ap_none:ce=0
Port [ void_compute_output_buffer_2d_array_const_ap_shift_reg_n_chan_stream_weig]:  wired=1; compound=0; hidden=0; nouse=0; global=1; static=1; extern=0; dir=0; type=0; pingpong=0; private_global=0; IO mode=ap_none:ce=0
Port [ p_ZZN4nnet24compute_output_buffer_2dINS_5arrayI8ap_fixedILi8ELi2EL9ap_q_mode5EL9a_7]:  wired=1; compound=0; hidden=0; nouse=0; global=1; static=1; extern=0; dir=0; type=0; pingpong=0; private_global=0; IO mode=ap_none:ce=0
Port [ p_ZZN4nnet24compute_output_buffer_2dINS_5arrayI8ap_fixedILi8ELi2EL9ap_q_mode5EL9a_6]:  wired=1; compound=0; hidden=0; nouse=0; global=1; static=1; extern=0; dir=0; type=0; pingpong=0; private_global=0; IO mode=ap_none:ce=0
Port [ p_ZZN4nnet24compute_output_buffer_2dINS_5arrayI8ap_fixedILi8ELi2EL9ap_q_mode5EL9a_5]:  wired=1; compound=0; hidden=0; nouse=0; global=1; static=1; extern=0; dir=0; type=0; pingpong=0; private_global=0; IO mode=ap_none:ce=0
Port [ p_ZZN4nnet24compute_output_buffer_2dINS_5arrayI8ap_fixedILi8ELi2EL9ap_q_mode5EL9a_4]:  wired=1; compound=0; hidden=0; nouse=0; global=1; static=1; extern=0; dir=0; type=0; pingpong=0; private_global=0; IO mode=ap_none:ce=0
Port [ p_ZZN4nnet24compute_output_buffer_2dINS_5arrayI8ap_fixedILi8ELi2EL9ap_q_mode5EL9a_3]:  wired=1; compound=0; hidden=0; nouse=0; global=1; static=1; extern=0; dir=0; type=0; pingpong=0; private_global=0; IO mode=ap_none:ce=0
Port [ p_ZZN4nnet24compute_output_buffer_2dINS_5arrayI8ap_fixedILi8ELi2EL9ap_q_mode5EL9a_2]:  wired=1; compound=0; hidden=0; nouse=0; global=1; static=1; extern=0; dir=0; type=0; pingpong=0; private_global=0; IO mode=ap_none:ce=0
Port [ p_ZZN4nnet24compute_output_buffer_2dINS_5arrayI8ap_fixedILi8ELi2EL9ap_q_mode5EL9a_1]:  wired=1; compound=0; hidden=0; nouse=0; global=1; static=1; extern=0; dir=0; type=0; pingpong=0; private_global=0; IO mode=ap_none:ce=0
Port [ p_ZZN4nnet24compute_output_buffer_2dINS_5arrayI8ap_fixedILi8ELi2EL9ap_q_mode5EL9a]:  wired=1; compound=0; hidden=0; nouse=0; global=1; static=1; extern=0; dir=0; type=0; pingpong=0; private_global=0; IO mode=ap_none:ce=0
---------------- STG Properties END ------------------

---------------- Datapath Model BEGIN ----------------

<LifeTime>
<method=bitvector/>
br_ln46                                                                              (br               ) [ 0111]
do_init                                                                              (phi              ) [ 0111]
w_index3                                                                             (phi              ) [ 0110]
specmemcore_ln0                                                                      (specmemcore      ) [ 0000]
void_compute_output_buffer_2d_array_const_ap_shift_reg_n_chan_stream_weig_41         (load             ) [ 0110]
void_compute_output_buffer_2d_array_const_ap_shift_reg_n_chan_stream_weig_42         (load             ) [ 0110]
void_compute_output_buffer_2d_array_const_ap_shift_reg_n_chan_stream_weig_43         (load             ) [ 0110]
void_compute_output_buffer_2d_array_const_ap_shift_reg_n_chan_stream_weig_44         (load             ) [ 0110]
void_compute_output_buffer_2d_array_const_ap_shift_reg_n_chan_stream_weig_45         (load             ) [ 0110]
void_compute_output_buffer_2d_array_const_ap_shift_reg_n_chan_stream_weig_46         (load             ) [ 0110]
void_compute_output_buffer_2d_array_const_ap_shift_reg_n_chan_stream_weig_47         (load             ) [ 0110]
void_compute_output_buffer_2d_array_const_ap_shift_reg_n_chan_stream_weig_48         (load             ) [ 0110]
void_compute_output_buffer_2d_array_const_ap_shift_reg_n_chan_stream_weig_49         (load             ) [ 0110]
void_compute_output_buffer_2d_array_const_ap_shift_reg_n_chan_stream_weig_50         (load             ) [ 0110]
p_ZZN4nnet24compute_output_buffer_2dINS_5arrayI8ap_fixedILi8ELi2EL9ap_q_mode5EL9a_22 (load             ) [ 0110]
p_ZZN4nnet24compute_output_buffer_2dINS_5arrayI8ap_fixedILi8ELi2EL9ap_q_mode5EL9a_23 (load             ) [ 0110]
p_ZZN4nnet24compute_output_buffer_2dINS_5arrayI8ap_fixedILi8ELi2EL9ap_q_mode5EL9a_24 (load             ) [ 0110]
p_ZZN4nnet24compute_output_buffer_2dINS_5arrayI8ap_fixedILi8ELi2EL9ap_q_mode5EL9a_25 (load             ) [ 0110]
p_ZZN4nnet24compute_output_buffer_2dINS_5arrayI8ap_fixedILi8ELi2EL9ap_q_mode5EL9a_26 (load             ) [ 0110]
p_ZZN4nnet24compute_output_buffer_2dINS_5arrayI8ap_fixedILi8ELi2EL9ap_q_mode5EL9a_27 (load             ) [ 0110]
p_ZZN4nnet24compute_output_buffer_2dINS_5arrayI8ap_fixedILi8ELi2EL9ap_q_mode5EL9a_28 (load             ) [ 0110]
p_ZZN4nnet24compute_output_buffer_2dINS_5arrayI8ap_fixedILi8ELi2EL9ap_q_mode5EL9a_29 (load             ) [ 0110]
br_ln46                                                                              (br               ) [ 0110]
zext_ln46                                                                            (zext             ) [ 0000]
w4_V_addr                                                                            (getelementptr    ) [ 0110]
w_index                                                                              (add              ) [ 0100]
icmp_ln46                                                                            (icmp             ) [ 0111]
br_ln46                                                                              (br               ) [ 0111]
br_ln0                                                                               (br               ) [ 0111]
p_ZZN4nnet24compute_output_buffer_2dINS_5arrayI8ap_fixedILi8ELi2EL9ap_q_mode5EL9a_30 (phi              ) [ 0110]
p_ZZN4nnet24compute_output_buffer_2dINS_5arrayI8ap_fixedILi8ELi2EL9ap_q_mode5EL9a_31 (phi              ) [ 0110]
p_ZZN4nnet24compute_output_buffer_2dINS_5arrayI8ap_fixedILi8ELi2EL9ap_q_mode5EL9a_32 (phi              ) [ 0110]
p_ZZN4nnet24compute_output_buffer_2dINS_5arrayI8ap_fixedILi8ELi2EL9ap_q_mode5EL9a_33 (phi              ) [ 0110]
p_ZZN4nnet24compute_output_buffer_2dINS_5arrayI8ap_fixedILi8ELi2EL9ap_q_mode5EL9a_34 (phi              ) [ 0110]
p_ZZN4nnet24compute_output_buffer_2dINS_5arrayI8ap_fixedILi8ELi2EL9ap_q_mode5EL9a_35 (phi              ) [ 0110]
p_ZZN4nnet24compute_output_buffer_2dINS_5arrayI8ap_fixedILi8ELi2EL9ap_q_mode5EL9a_36 (phi              ) [ 0110]
p_ZZN4nnet24compute_output_buffer_2dINS_5arrayI8ap_fixedILi8ELi2EL9ap_q_mode5EL9a_37 (phi              ) [ 0110]
void_compute_output_buffer_2d_array_const_ap_shift_reg_n_chan_stream_weig_51         (phi              ) [ 0110]
void_compute_output_buffer_2d_array_const_ap_shift_reg_n_chan_stream_weig_52         (phi              ) [ 0110]
void_compute_output_buffer_2d_array_const_ap_shift_reg_n_chan_stream_weig_53         (phi              ) [ 0110]
void_compute_output_buffer_2d_array_const_ap_shift_reg_n_chan_stream_weig_54         (phi              ) [ 0110]
void_compute_output_buffer_2d_array_const_ap_shift_reg_n_chan_stream_weig_55         (phi              ) [ 0110]
void_compute_output_buffer_2d_array_const_ap_shift_reg_n_chan_stream_weig_56         (phi              ) [ 0110]
void_compute_output_buffer_2d_array_const_ap_shift_reg_n_chan_stream_weig_57         (phi              ) [ 0110]
void_compute_output_buffer_2d_array_const_ap_shift_reg_n_chan_stream_weig_58         (phi              ) [ 0110]
void_compute_output_buffer_2d_array_const_ap_shift_reg_n_chan_stream_weig_59         (phi              ) [ 0110]
void_compute_output_buffer_2d_array_const_ap_shift_reg_n_chan_stream_weig_60         (phi              ) [ 0110]
br_ln0                                                                               (br               ) [ 0000]
p_ZZN4nnet24compute_output_buffer_2dINS_5arrayI8ap_fixedILi8ELi2EL9ap_q_mode5EL9a_14 (phi              ) [ 0110]
p_ZZN4nnet24compute_output_buffer_2dINS_5arrayI8ap_fixedILi8ELi2EL9ap_q_mode5EL9a_15 (phi              ) [ 0110]
p_ZZN4nnet24compute_output_buffer_2dINS_5arrayI8ap_fixedILi8ELi2EL9ap_q_mode5EL9a_16 (phi              ) [ 0110]
p_ZZN4nnet24compute_output_buffer_2dINS_5arrayI8ap_fixedILi8ELi2EL9ap_q_mode5EL9a_17 (phi              ) [ 0110]
p_ZZN4nnet24compute_output_buffer_2dINS_5arrayI8ap_fixedILi8ELi2EL9ap_q_mode5EL9a_18 (phi              ) [ 0110]
p_ZZN4nnet24compute_output_buffer_2dINS_5arrayI8ap_fixedILi8ELi2EL9ap_q_mode5EL9a_19 (phi              ) [ 0110]
p_ZZN4nnet24compute_output_buffer_2dINS_5arrayI8ap_fixedILi8ELi2EL9ap_q_mode5EL9a_20 (phi              ) [ 0110]
p_ZZN4nnet24compute_output_buffer_2dINS_5arrayI8ap_fixedILi8ELi2EL9ap_q_mode5EL9a_21 (phi              ) [ 0110]
void_compute_output_buffer_2d_array_const_ap_shift_reg_n_chan_stream_weig_31         (phi              ) [ 0110]
void_compute_output_buffer_2d_array_const_ap_shift_reg_n_chan_stream_weig_32         (phi              ) [ 0110]
void_compute_output_buffer_2d_array_const_ap_shift_reg_n_chan_stream_weig_33         (phi              ) [ 0110]
void_compute_output_buffer_2d_array_const_ap_shift_reg_n_chan_stream_weig_34         (phi              ) [ 0110]
void_compute_output_buffer_2d_array_const_ap_shift_reg_n_chan_stream_weig_35         (phi              ) [ 0110]
void_compute_output_buffer_2d_array_const_ap_shift_reg_n_chan_stream_weig_36         (phi              ) [ 0110]
void_compute_output_buffer_2d_array_const_ap_shift_reg_n_chan_stream_weig_37         (phi              ) [ 0110]
void_compute_output_buffer_2d_array_const_ap_shift_reg_n_chan_stream_weig_38         (phi              ) [ 0110]
void_compute_output_buffer_2d_array_const_ap_shift_reg_n_chan_stream_weig_39         (phi              ) [ 0110]
void_compute_output_buffer_2d_array_const_ap_shift_reg_n_chan_stream_weig_40         (phi              ) [ 0110]
a_V                                                                                  (mux              ) [ 0000]
w_V                                                                                  (load             ) [ 0000]
sext_ln1168                                                                          (sext             ) [ 0000]
sext_ln1168_1                                                                        (sext             ) [ 0000]
mul_ln1168                                                                           (mul              ) [ 0000]
trunc_ln                                                                             (partselect       ) [ 0101]
res_0_i4                                                                             (phi              ) [ 0111]
empty                                                                                (speclooptripcount) [ 0000]
specpipeline_ln49                                                                    (specpipeline     ) [ 0000]
specloopname_ln49                                                                    (specloopname     ) [ 0000]
add_ln712                                                                            (add              ) [ 0101]
return_ln712                                                                         (return           ) [ 0000]
</LifeTime>

<model>

<comp_list>
<comp id="0" class="1000" name="w4_V">
<pin_list>
<pin id="1" dir="1" index="0" bw="1" slack="0"/>
</pin_list>
<bind>
<StgValue><ssdm name="w4_V"/><MemPortTyVec>1 </MemPortTyVec>
</StgValue>
</bind>
</comp>

<comp id="2" class="1000" name="void_compute_output_buffer_2d_array_const_ap_shift_reg_n_chan_stream_weig_9">
<pin_list>
<pin id="3" dir="1" index="0" bw="1" slack="0"/>
</pin_list>
<bind>
<StgValue><ssdm name="void_compute_output_buffer_2d_array_const_ap_shift_reg_n_chan_stream_weig_9"/></StgValue>
</bind>
</comp>

<comp id="4" class="1000" name="void_compute_output_buffer_2d_array_const_ap_shift_reg_n_chan_stream_weig_8">
<pin_list>
<pin id="5" dir="1" index="0" bw="1" slack="0"/>
</pin_list>
<bind>
<StgValue><ssdm name="void_compute_output_buffer_2d_array_const_ap_shift_reg_n_chan_stream_weig_8"/></StgValue>
</bind>
</comp>

<comp id="6" class="1000" name="void_compute_output_buffer_2d_array_const_ap_shift_reg_n_chan_stream_weig_7">
<pin_list>
<pin id="7" dir="1" index="0" bw="1" slack="0"/>
</pin_list>
<bind>
<StgValue><ssdm name="void_compute_output_buffer_2d_array_const_ap_shift_reg_n_chan_stream_weig_7"/></StgValue>
</bind>
</comp>

<comp id="8" class="1000" name="void_compute_output_buffer_2d_array_const_ap_shift_reg_n_chan_stream_weig_6">
<pin_list>
<pin id="9" dir="1" index="0" bw="1" slack="0"/>
</pin_list>
<bind>
<StgValue><ssdm name="void_compute_output_buffer_2d_array_const_ap_shift_reg_n_chan_stream_weig_6"/></StgValue>
</bind>
</comp>

<comp id="10" class="1000" name="void_compute_output_buffer_2d_array_const_ap_shift_reg_n_chan_stream_weig_5">
<pin_list>
<pin id="11" dir="1" index="0" bw="1" slack="0"/>
</pin_list>
<bind>
<StgValue><ssdm name="void_compute_output_buffer_2d_array_const_ap_shift_reg_n_chan_stream_weig_5"/></StgValue>
</bind>
</comp>

<comp id="12" class="1000" name="void_compute_output_buffer_2d_array_const_ap_shift_reg_n_chan_stream_weig_4">
<pin_list>
<pin id="13" dir="1" index="0" bw="1" slack="0"/>
</pin_list>
<bind>
<StgValue><ssdm name="void_compute_output_buffer_2d_array_const_ap_shift_reg_n_chan_stream_weig_4"/></StgValue>
</bind>
</comp>

<comp id="14" class="1000" name="void_compute_output_buffer_2d_array_const_ap_shift_reg_n_chan_stream_weig_3">
<pin_list>
<pin id="15" dir="1" index="0" bw="1" slack="0"/>
</pin_list>
<bind>
<StgValue><ssdm name="void_compute_output_buffer_2d_array_const_ap_shift_reg_n_chan_stream_weig_3"/></StgValue>
</bind>
</comp>

<comp id="16" class="1000" name="void_compute_output_buffer_2d_array_const_ap_shift_reg_n_chan_stream_weig_2">
<pin_list>
<pin id="17" dir="1" index="0" bw="1" slack="0"/>
</pin_list>
<bind>
<StgValue><ssdm name="void_compute_output_buffer_2d_array_const_ap_shift_reg_n_chan_stream_weig_2"/></StgValue>
</bind>
</comp>

<comp id="18" class="1000" name="void_compute_output_buffer_2d_array_const_ap_shift_reg_n_chan_stream_weig_1">
<pin_list>
<pin id="19" dir="1" index="0" bw="1" slack="0"/>
</pin_list>
<bind>
<StgValue><ssdm name="void_compute_output_buffer_2d_array_const_ap_shift_reg_n_chan_stream_weig_1"/></StgValue>
</bind>
</comp>

<comp id="20" class="1000" name="void_compute_output_buffer_2d_array_const_ap_shift_reg_n_chan_stream_weig">
<pin_list>
<pin id="21" dir="1" index="0" bw="1" slack="0"/>
</pin_list>
<bind>
<StgValue><ssdm name="void_compute_output_buffer_2d_array_const_ap_shift_reg_n_chan_stream_weig"/></StgValue>
</bind>
</comp>

<comp id="22" class="1000" name="p_ZZN4nnet24compute_output_buffer_2dINS_5arrayI8ap_fixedILi8ELi2EL9ap_q_mode5EL9a_7">
<pin_list>
<pin id="23" dir="1" index="0" bw="1" slack="0"/>
</pin_list>
<bind>
<StgValue><ssdm name="p_ZZN4nnet24compute_output_buffer_2dINS_5arrayI8ap_fixedILi8ELi2EL9ap_q_mode5EL9a_7"/></StgValue>
</bind>
</comp>

<comp id="24" class="1000" name="p_ZZN4nnet24compute_output_buffer_2dINS_5arrayI8ap_fixedILi8ELi2EL9ap_q_mode5EL9a_6">
<pin_list>
<pin id="25" dir="1" index="0" bw="1" slack="0"/>
</pin_list>
<bind>
<StgValue><ssdm name="p_ZZN4nnet24compute_output_buffer_2dINS_5arrayI8ap_fixedILi8ELi2EL9ap_q_mode5EL9a_6"/></StgValue>
</bind>
</comp>

<comp id="26" class="1000" name="p_ZZN4nnet24compute_output_buffer_2dINS_5arrayI8ap_fixedILi8ELi2EL9ap_q_mode5EL9a_5">
<pin_list>
<pin id="27" dir="1" index="0" bw="1" slack="0"/>
</pin_list>
<bind>
<StgValue><ssdm name="p_ZZN4nnet24compute_output_buffer_2dINS_5arrayI8ap_fixedILi8ELi2EL9ap_q_mode5EL9a_5"/></StgValue>
</bind>
</comp>

<comp id="28" class="1000" name="p_ZZN4nnet24compute_output_buffer_2dINS_5arrayI8ap_fixedILi8ELi2EL9ap_q_mode5EL9a_4">
<pin_list>
<pin id="29" dir="1" index="0" bw="1" slack="0"/>
</pin_list>
<bind>
<StgValue><ssdm name="p_ZZN4nnet24compute_output_buffer_2dINS_5arrayI8ap_fixedILi8ELi2EL9ap_q_mode5EL9a_4"/></StgValue>
</bind>
</comp>

<comp id="30" class="1000" name="p_ZZN4nnet24compute_output_buffer_2dINS_5arrayI8ap_fixedILi8ELi2EL9ap_q_mode5EL9a_3">
<pin_list>
<pin id="31" dir="1" index="0" bw="1" slack="0"/>
</pin_list>
<bind>
<StgValue><ssdm name="p_ZZN4nnet24compute_output_buffer_2dINS_5arrayI8ap_fixedILi8ELi2EL9ap_q_mode5EL9a_3"/></StgValue>
</bind>
</comp>

<comp id="32" class="1000" name="p_ZZN4nnet24compute_output_buffer_2dINS_5arrayI8ap_fixedILi8ELi2EL9ap_q_mode5EL9a_2">
<pin_list>
<pin id="33" dir="1" index="0" bw="1" slack="0"/>
</pin_list>
<bind>
<StgValue><ssdm name="p_ZZN4nnet24compute_output_buffer_2dINS_5arrayI8ap_fixedILi8ELi2EL9ap_q_mode5EL9a_2"/></StgValue>
</bind>
</comp>

<comp id="34" class="1000" name="p_ZZN4nnet24compute_output_buffer_2dINS_5arrayI8ap_fixedILi8ELi2EL9ap_q_mode5EL9a_1">
<pin_list>
<pin id="35" dir="1" index="0" bw="1" slack="0"/>
</pin_list>
<bind>
<StgValue><ssdm name="p_ZZN4nnet24compute_output_buffer_2dINS_5arrayI8ap_fixedILi8ELi2EL9ap_q_mode5EL9a_1"/></StgValue>
</bind>
</comp>

<comp id="36" class="1000" name="p_ZZN4nnet24compute_output_buffer_2dINS_5arrayI8ap_fixedILi8ELi2EL9ap_q_mode5EL9a">
<pin_list>
<pin id="37" dir="1" index="0" bw="1" slack="0"/>
</pin_list>
<bind>
<StgValue><ssdm name="p_ZZN4nnet24compute_output_buffer_2dINS_5arrayI8ap_fixedILi8ELi2EL9ap_q_mode5EL9a"/></StgValue>
</bind>
</comp>

<comp id="38" class="1001" name="const_38">
<pin_list>
<pin id="39" dir="1" index="0" bw="1" slack="0"/>
</pin_list>
<bind>
<StgValue><ssdm name=""/></StgValue>
</bind>
</comp>

<comp id="40" class="1001" name="const_40">
<pin_list>
<pin id="41" dir="1" index="0" bw="1" slack="0"/>
</pin_list>
<bind>
<StgValue><ssdm name=""/></StgValue>
</bind>
</comp>

<comp id="42" class="1001" name="const_42">
<pin_list>
<pin id="43" dir="1" index="0" bw="1" slack="0"/>
</pin_list>
<bind>
<StgValue><ssdm name=""/></StgValue>
</bind>
</comp>

<comp id="44" class="1001" name="const_44">
<pin_list>
<pin id="45" dir="1" index="0" bw="1" slack="2147483647"/>
</pin_list>
<bind>
<StgValue><ssdm name="_ssdm_op_SpecMemCore"/></StgValue>
</bind>
</comp>

<comp id="46" class="1001" name="const_46">
<pin_list>
<pin id="47" dir="1" index="0" bw="1" slack="2147483647"/>
</pin_list>
<bind>
<StgValue><ssdm name=""/></StgValue>
</bind>
</comp>

<comp id="48" class="1001" name="const_48">
<pin_list>
<pin id="49" dir="1" index="0" bw="1" slack="2147483647"/>
</pin_list>
<bind>
<StgValue><ssdm name=""/></StgValue>
</bind>
</comp>

<comp id="50" class="1001" name="const_50">
<pin_list>
<pin id="51" dir="1" index="0" bw="1" slack="2147483647"/>
</pin_list>
<bind>
<StgValue><ssdm name=""/></StgValue>
</bind>
</comp>

<comp id="52" class="1001" name="const_52">
<pin_list>
<pin id="53" dir="1" index="0" bw="1" slack="0"/>
</pin_list>
<bind>
<StgValue><ssdm name=""/></StgValue>
</bind>
</comp>

<comp id="54" class="1001" name="const_54">
<pin_list>
<pin id="55" dir="1" index="0" bw="1" slack="0"/>
</pin_list>
<bind>
<StgValue><ssdm name=""/></StgValue>
</bind>
</comp>

<comp id="56" class="1001" name="const_56">
<pin_list>
<pin id="57" dir="1" index="0" bw="1" slack="0"/>
</pin_list>
<bind>
<StgValue><ssdm name=""/></StgValue>
</bind>
</comp>

<comp id="58" class="1001" name="const_58">
<pin_list>
<pin id="59" dir="1" index="0" bw="1" slack="1"/>
</pin_list>
<bind>
<StgValue><ssdm name=""/></StgValue>
</bind>
</comp>

<comp id="60" class="1001" name="const_60">
<pin_list>
<pin id="61" dir="1" index="0" bw="1" slack="0"/>
</pin_list>
<bind>
<StgValue><ssdm name="_ssdm_op_Mux.ap_auto.18i8.i5"/></StgValue>
</bind>
</comp>

<comp id="62" class="1001" name="const_62">
<pin_list>
<pin id="63" dir="1" index="0" bw="1" slack="0"/>
</pin_list>
<bind>
<StgValue><ssdm name="_ssdm_op_PartSelect.i8.i14.i32.i32"/></StgValue>
</bind>
</comp>

<comp id="64" class="1001" name="const_64">
<pin_list>
<pin id="65" dir="1" index="0" bw="1" slack="0"/>
</pin_list>
<bind>
<StgValue><ssdm name=""/></StgValue>
</bind>
</comp>

<comp id="66" class="1001" name="const_66">
<pin_list>
<pin id="67" dir="1" index="0" bw="1" slack="0"/>
</pin_list>
<bind>
<StgValue><ssdm name=""/></StgValue>
</bind>
</comp>

<comp id="68" class="1001" name="const_68">
<pin_list>
<pin id="69" dir="1" index="0" bw="1" slack="2"/>
</pin_list>
<bind>
<StgValue><ssdm name=""/></StgValue>
</bind>
</comp>

<comp id="70" class="1001" name="const_70">
<pin_list>
<pin id="71" dir="1" index="0" bw="1" slack="2147483647"/>
</pin_list>
<bind>
<StgValue><ssdm name="_ssdm_op_SpecLoopTripCount"/></StgValue>
</bind>
</comp>

<comp id="72" class="1001" name="const_72">
<pin_list>
<pin id="73" dir="1" index="0" bw="1" slack="2147483647"/>
</pin_list>
<bind>
<StgValue><ssdm name=""/></StgValue>
</bind>
</comp>

<comp id="74" class="1001" name="const_74">
<pin_list>
<pin id="75" dir="1" index="0" bw="1" slack="2147483647"/>
</pin_list>
<bind>
<StgValue><ssdm name="_ssdm_op_SpecPipeline"/></StgValue>
</bind>
</comp>

<comp id="76" class="1001" name="const_76">
<pin_list>
<pin id="77" dir="1" index="0" bw="1" slack="2147483647"/>
</pin_list>
<bind>
<StgValue><ssdm name=""/></StgValue>
</bind>
</comp>

<comp id="78" class="1001" name="const_78">
<pin_list>
<pin id="79" dir="1" index="0" bw="1" slack="2147483647"/>
</pin_list>
<bind>
<StgValue><ssdm name=""/></StgValue>
</bind>
</comp>

<comp id="80" class="1001" name="const_80">
<pin_list>
<pin id="81" dir="1" index="0" bw="1" slack="2147483647"/>
</pin_list>
<bind>
<StgValue><ssdm name="empty_6"/></StgValue>
</bind>
</comp>

<comp id="82" class="1001" name="const_82">
<pin_list>
<pin id="83" dir="1" index="0" bw="1" slack="2147483647"/>
</pin_list>
<bind>
<StgValue><ssdm name="_ssdm_op_SpecLoopName"/></StgValue>
</bind>
</comp>

<comp id="84" class="1001" name="const_84">
<pin_list>
<pin id="85" dir="1" index="0" bw="1" slack="2147483647"/>
</pin_list>
<bind>
<StgValue><ssdm name="empty_3"/></StgValue>
</bind>
</comp>

<comp id="86" class="1004" name="w4_V_addr_gep_fu_86">
<pin_list>
<pin id="87" dir="0" index="0" bw="7" slack="0"/>
<pin id="88" dir="0" index="1" bw="1" slack="0"/>
<pin id="89" dir="0" index="2" bw="5" slack="0"/>
<pin id="90" dir="1" index="3" bw="5" slack="0"/>
</pin_list>
<bind>
<opcode="getelementptr(29) " fcode="getelementptr"/>
<opset="w4_V_addr/1 "/>
</bind>
</comp>

<comp id="93" class="1004" name="grp_access_fu_93">
<pin_list>
<pin id="94" dir="0" index="0" bw="5" slack="0"/>
<pin id="95" dir="0" index="1" bw="7" slack="2147483647"/>
<pin id="96" dir="0" index="2" bw="0" slack="2147483647"/>
<pin id="97" dir="1" index="3" bw="7" slack="0"/>
</pin_list>
<bind>
<opcode="load(27) " fcode="load"/>
<opset="w_V/1 "/>
</bind>
</comp>

<comp id="99" class="1005" name="do_init_reg_99">
<pin_list>
<pin id="100" dir="0" index="0" bw="1" slack="1"/>
<pin id="101" dir="1" index="1" bw="1" slack="2147483647"/>
</pin_list>
<bind>
<opset="do_init (phireg) "/>
</bind>
</comp>

<comp id="102" class="1004" name="do_init_phi_fu_102">
<pin_list>
<pin id="103" dir="0" index="0" bw="1" slack="0"/>
<pin id="104" dir="0" index="1" bw="0" slack="2147483647"/>
<pin id="105" dir="0" index="2" bw="1" slack="0"/>
<pin id="106" dir="0" index="3" bw="0" slack="2147483647"/>
<pin id="107" dir="0" index="4" bw="1" slack="0"/>
<pin id="108" dir="0" index="5" bw="0" slack="2147483647"/>
<pin id="109" dir="1" index="6" bw="1" slack="1"/>
</pin_list>
<bind>
<opcode="phi(47) " fcode="phi"/>
<opset="do_init/1 "/>
</bind>
</comp>

<comp id="114" class="1005" name="w_index3_reg_114">
<pin_list>
<pin id="115" dir="0" index="0" bw="5" slack="1"/>
<pin id="116" dir="1" index="1" bw="5" slack="1"/>
</pin_list>
<bind>
<opset="w_index3 (phireg) "/>
</bind>
</comp>

<comp id="117" class="1004" name="w_index3_phi_fu_117">
<pin_list>
<pin id="118" dir="0" index="0" bw="1" slack="0"/>
<pin id="119" dir="0" index="1" bw="0" slack="2147483647"/>
<pin id="120" dir="0" index="2" bw="5" slack="0"/>
<pin id="121" dir="0" index="3" bw="0" slack="2147483647"/>
<pin id="122" dir="0" index="4" bw="1" slack="0"/>
<pin id="123" dir="0" index="5" bw="0" slack="2147483647"/>
<pin id="124" dir="1" index="6" bw="5" slack="0"/>
</pin_list>
<bind>
<opcode="phi(47) " fcode="phi"/>
<opset="w_index3/1 "/>
</bind>
</comp>

<comp id="128" class="1005" name="p_ZZN4nnet24compute_output_buffer_2dINS_5arrayI8ap_fixedILi8ELi2EL9ap_q_mode5EL9a_30_reg_128">
<pin_list>
<pin id="129" dir="0" index="0" bw="8" slack="1"/>
<pin id="130" dir="1" index="1" bw="8" slack="1"/>
</pin_list>
<bind>
<opset="p_ZZN4nnet24compute_output_buffer_2dINS_5arrayI8ap_fixedILi8ELi2EL9ap_q_mode5EL9a_30 (phireg) "/>
</bind>
</comp>

<comp id="132" class="1004" name="p_ZZN4nnet24compute_output_buffer_2dINS_5arrayI8ap_fixedILi8ELi2EL9ap_q_mode5EL9a_30_phi_fu_132">
<pin_list>
<pin id="133" dir="0" index="0" bw="1" slack="1"/>
<pin id="134" dir="0" index="1" bw="0" slack="2147483647"/>
<pin id="135" dir="0" index="2" bw="8" slack="0"/>
<pin id="136" dir="0" index="3" bw="0" slack="2147483647"/>
<pin id="137" dir="0" index="4" bw="1" slack="1"/>
<pin id="138" dir="0" index="5" bw="0" slack="2147483647"/>
<pin id="139" dir="1" index="6" bw="8" slack="0"/>
</pin_list>
<bind>
<opcode="phi(47) " fcode="phi"/>
<opset="p_ZZN4nnet24compute_output_buffer_2dINS_5arrayI8ap_fixedILi8ELi2EL9ap_q_mode5EL9a_30/2 "/>
</bind>
</comp>

<comp id="142" class="1005" name="p_ZZN4nnet24compute_output_buffer_2dINS_5arrayI8ap_fixedILi8ELi2EL9ap_q_mode5EL9a_31_reg_142">
<pin_list>
<pin id="143" dir="0" index="0" bw="8" slack="1"/>
<pin id="144" dir="1" index="1" bw="8" slack="1"/>
</pin_list>
<bind>
<opset="p_ZZN4nnet24compute_output_buffer_2dINS_5arrayI8ap_fixedILi8ELi2EL9ap_q_mode5EL9a_31 (phireg) "/>
</bind>
</comp>

<comp id="146" class="1004" name="p_ZZN4nnet24compute_output_buffer_2dINS_5arrayI8ap_fixedILi8ELi2EL9ap_q_mode5EL9a_31_phi_fu_146">
<pin_list>
<pin id="147" dir="0" index="0" bw="1" slack="1"/>
<pin id="148" dir="0" index="1" bw="0" slack="2147483647"/>
<pin id="149" dir="0" index="2" bw="8" slack="0"/>
<pin id="150" dir="0" index="3" bw="0" slack="2147483647"/>
<pin id="151" dir="0" index="4" bw="1" slack="1"/>
<pin id="152" dir="0" index="5" bw="0" slack="2147483647"/>
<pin id="153" dir="1" index="6" bw="8" slack="0"/>
</pin_list>
<bind>
<opcode="phi(47) " fcode="phi"/>
<opset="p_ZZN4nnet24compute_output_buffer_2dINS_5arrayI8ap_fixedILi8ELi2EL9ap_q_mode5EL9a_31/2 "/>
</bind>
</comp>

<comp id="156" class="1005" name="p_ZZN4nnet24compute_output_buffer_2dINS_5arrayI8ap_fixedILi8ELi2EL9ap_q_mode5EL9a_32_reg_156">
<pin_list>
<pin id="157" dir="0" index="0" bw="8" slack="1"/>
<pin id="158" dir="1" index="1" bw="8" slack="1"/>
</pin_list>
<bind>
<opset="p_ZZN4nnet24compute_output_buffer_2dINS_5arrayI8ap_fixedILi8ELi2EL9ap_q_mode5EL9a_32 (phireg) "/>
</bind>
</comp>

<comp id="160" class="1004" name="p_ZZN4nnet24compute_output_buffer_2dINS_5arrayI8ap_fixedILi8ELi2EL9ap_q_mode5EL9a_32_phi_fu_160">
<pin_list>
<pin id="161" dir="0" index="0" bw="1" slack="1"/>
<pin id="162" dir="0" index="1" bw="0" slack="2147483647"/>
<pin id="163" dir="0" index="2" bw="8" slack="0"/>
<pin id="164" dir="0" index="3" bw="0" slack="2147483647"/>
<pin id="165" dir="0" index="4" bw="1" slack="1"/>
<pin id="166" dir="0" index="5" bw="0" slack="2147483647"/>
<pin id="167" dir="1" index="6" bw="8" slack="0"/>
</pin_list>
<bind>
<opcode="phi(47) " fcode="phi"/>
<opset="p_ZZN4nnet24compute_output_buffer_2dINS_5arrayI8ap_fixedILi8ELi2EL9ap_q_mode5EL9a_32/2 "/>
</bind>
</comp>

<comp id="170" class="1005" name="p_ZZN4nnet24compute_output_buffer_2dINS_5arrayI8ap_fixedILi8ELi2EL9ap_q_mode5EL9a_33_reg_170">
<pin_list>
<pin id="171" dir="0" index="0" bw="8" slack="1"/>
<pin id="172" dir="1" index="1" bw="8" slack="1"/>
</pin_list>
<bind>
<opset="p_ZZN4nnet24compute_output_buffer_2dINS_5arrayI8ap_fixedILi8ELi2EL9ap_q_mode5EL9a_33 (phireg) "/>
</bind>
</comp>

<comp id="174" class="1004" name="p_ZZN4nnet24compute_output_buffer_2dINS_5arrayI8ap_fixedILi8ELi2EL9ap_q_mode5EL9a_33_phi_fu_174">
<pin_list>
<pin id="175" dir="0" index="0" bw="1" slack="1"/>
<pin id="176" dir="0" index="1" bw="0" slack="2147483647"/>
<pin id="177" dir="0" index="2" bw="8" slack="0"/>
<pin id="178" dir="0" index="3" bw="0" slack="2147483647"/>
<pin id="179" dir="0" index="4" bw="1" slack="1"/>
<pin id="180" dir="0" index="5" bw="0" slack="2147483647"/>
<pin id="181" dir="1" index="6" bw="8" slack="0"/>
</pin_list>
<bind>
<opcode="phi(47) " fcode="phi"/>
<opset="p_ZZN4nnet24compute_output_buffer_2dINS_5arrayI8ap_fixedILi8ELi2EL9ap_q_mode5EL9a_33/2 "/>
</bind>
</comp>

<comp id="184" class="1005" name="p_ZZN4nnet24compute_output_buffer_2dINS_5arrayI8ap_fixedILi8ELi2EL9ap_q_mode5EL9a_34_reg_184">
<pin_list>
<pin id="185" dir="0" index="0" bw="8" slack="1"/>
<pin id="186" dir="1" index="1" bw="8" slack="1"/>
</pin_list>
<bind>
<opset="p_ZZN4nnet24compute_output_buffer_2dINS_5arrayI8ap_fixedILi8ELi2EL9ap_q_mode5EL9a_34 (phireg) "/>
</bind>
</comp>

<comp id="188" class="1004" name="p_ZZN4nnet24compute_output_buffer_2dINS_5arrayI8ap_fixedILi8ELi2EL9ap_q_mode5EL9a_34_phi_fu_188">
<pin_list>
<pin id="189" dir="0" index="0" bw="1" slack="1"/>
<pin id="190" dir="0" index="1" bw="0" slack="2147483647"/>
<pin id="191" dir="0" index="2" bw="8" slack="0"/>
<pin id="192" dir="0" index="3" bw="0" slack="2147483647"/>
<pin id="193" dir="0" index="4" bw="1" slack="1"/>
<pin id="194" dir="0" index="5" bw="0" slack="2147483647"/>
<pin id="195" dir="1" index="6" bw="8" slack="0"/>
</pin_list>
<bind>
<opcode="phi(47) " fcode="phi"/>
<opset="p_ZZN4nnet24compute_output_buffer_2dINS_5arrayI8ap_fixedILi8ELi2EL9ap_q_mode5EL9a_34/2 "/>
</bind>
</comp>

<comp id="198" class="1005" name="p_ZZN4nnet24compute_output_buffer_2dINS_5arrayI8ap_fixedILi8ELi2EL9ap_q_mode5EL9a_35_reg_198">
<pin_list>
<pin id="199" dir="0" index="0" bw="8" slack="1"/>
<pin id="200" dir="1" index="1" bw="8" slack="1"/>
</pin_list>
<bind>
<opset="p_ZZN4nnet24compute_output_buffer_2dINS_5arrayI8ap_fixedILi8ELi2EL9ap_q_mode5EL9a_35 (phireg) "/>
</bind>
</comp>

<comp id="202" class="1004" name="p_ZZN4nnet24compute_output_buffer_2dINS_5arrayI8ap_fixedILi8ELi2EL9ap_q_mode5EL9a_35_phi_fu_202">
<pin_list>
<pin id="203" dir="0" index="0" bw="1" slack="1"/>
<pin id="204" dir="0" index="1" bw="0" slack="2147483647"/>
<pin id="205" dir="0" index="2" bw="8" slack="0"/>
<pin id="206" dir="0" index="3" bw="0" slack="2147483647"/>
<pin id="207" dir="0" index="4" bw="1" slack="1"/>
<pin id="208" dir="0" index="5" bw="0" slack="2147483647"/>
<pin id="209" dir="1" index="6" bw="8" slack="0"/>
</pin_list>
<bind>
<opcode="phi(47) " fcode="phi"/>
<opset="p_ZZN4nnet24compute_output_buffer_2dINS_5arrayI8ap_fixedILi8ELi2EL9ap_q_mode5EL9a_35/2 "/>
</bind>
</comp>

<comp id="212" class="1005" name="p_ZZN4nnet24compute_output_buffer_2dINS_5arrayI8ap_fixedILi8ELi2EL9ap_q_mode5EL9a_36_reg_212">
<pin_list>
<pin id="213" dir="0" index="0" bw="8" slack="1"/>
<pin id="214" dir="1" index="1" bw="8" slack="1"/>
</pin_list>
<bind>
<opset="p_ZZN4nnet24compute_output_buffer_2dINS_5arrayI8ap_fixedILi8ELi2EL9ap_q_mode5EL9a_36 (phireg) "/>
</bind>
</comp>

<comp id="216" class="1004" name="p_ZZN4nnet24compute_output_buffer_2dINS_5arrayI8ap_fixedILi8ELi2EL9ap_q_mode5EL9a_36_phi_fu_216">
<pin_list>
<pin id="217" dir="0" index="0" bw="1" slack="1"/>
<pin id="218" dir="0" index="1" bw="0" slack="2147483647"/>
<pin id="219" dir="0" index="2" bw="8" slack="0"/>
<pin id="220" dir="0" index="3" bw="0" slack="2147483647"/>
<pin id="221" dir="0" index="4" bw="1" slack="1"/>
<pin id="222" dir="0" index="5" bw="0" slack="2147483647"/>
<pin id="223" dir="1" index="6" bw="8" slack="0"/>
</pin_list>
<bind>
<opcode="phi(47) " fcode="phi"/>
<opset="p_ZZN4nnet24compute_output_buffer_2dINS_5arrayI8ap_fixedILi8ELi2EL9ap_q_mode5EL9a_36/2 "/>
</bind>
</comp>

<comp id="226" class="1005" name="p_ZZN4nnet24compute_output_buffer_2dINS_5arrayI8ap_fixedILi8ELi2EL9ap_q_mode5EL9a_37_reg_226">
<pin_list>
<pin id="227" dir="0" index="0" bw="8" slack="1"/>
<pin id="228" dir="1" index="1" bw="8" slack="1"/>
</pin_list>
<bind>
<opset="p_ZZN4nnet24compute_output_buffer_2dINS_5arrayI8ap_fixedILi8ELi2EL9ap_q_mode5EL9a_37 (phireg) "/>
</bind>
</comp>

<comp id="230" class="1004" name="p_ZZN4nnet24compute_output_buffer_2dINS_5arrayI8ap_fixedILi8ELi2EL9ap_q_mode5EL9a_37_phi_fu_230">
<pin_list>
<pin id="231" dir="0" index="0" bw="1" slack="1"/>
<pin id="232" dir="0" index="1" bw="0" slack="2147483647"/>
<pin id="233" dir="0" index="2" bw="8" slack="0"/>
<pin id="234" dir="0" index="3" bw="0" slack="2147483647"/>
<pin id="235" dir="0" index="4" bw="1" slack="1"/>
<pin id="236" dir="0" index="5" bw="0" slack="2147483647"/>
<pin id="237" dir="1" index="6" bw="8" slack="0"/>
</pin_list>
<bind>
<opcode="phi(47) " fcode="phi"/>
<opset="p_ZZN4nnet24compute_output_buffer_2dINS_5arrayI8ap_fixedILi8ELi2EL9ap_q_mode5EL9a_37/2 "/>
</bind>
</comp>

<comp id="240" class="1005" name="void_compute_output_buffer_2d_array_const_ap_shift_reg_n_chan_stream_weig_51_reg_240">
<pin_list>
<pin id="241" dir="0" index="0" bw="8" slack="1"/>
<pin id="242" dir="1" index="1" bw="8" slack="1"/>
</pin_list>
<bind>
<opset="void_compute_output_buffer_2d_array_const_ap_shift_reg_n_chan_stream_weig_51 (phireg) "/>
</bind>
</comp>

<comp id="244" class="1004" name="void_compute_output_buffer_2d_array_const_ap_shift_reg_n_chan_stream_weig_51_phi_fu_244">
<pin_list>
<pin id="245" dir="0" index="0" bw="1" slack="1"/>
<pin id="246" dir="0" index="1" bw="0" slack="2147483647"/>
<pin id="247" dir="0" index="2" bw="8" slack="0"/>
<pin id="248" dir="0" index="3" bw="0" slack="2147483647"/>
<pin id="249" dir="0" index="4" bw="1" slack="1"/>
<pin id="250" dir="0" index="5" bw="0" slack="2147483647"/>
<pin id="251" dir="1" index="6" bw="8" slack="0"/>
</pin_list>
<bind>
<opcode="phi(47) " fcode="phi"/>
<opset="void_compute_output_buffer_2d_array_const_ap_shift_reg_n_chan_stream_weig_51/2 "/>
</bind>
</comp>

<comp id="254" class="1005" name="void_compute_output_buffer_2d_array_const_ap_shift_reg_n_chan_stream_weig_52_reg_254">
<pin_list>
<pin id="255" dir="0" index="0" bw="8" slack="1"/>
<pin id="256" dir="1" index="1" bw="8" slack="1"/>
</pin_list>
<bind>
<opset="void_compute_output_buffer_2d_array_const_ap_shift_reg_n_chan_stream_weig_52 (phireg) "/>
</bind>
</comp>

<comp id="258" class="1004" name="void_compute_output_buffer_2d_array_const_ap_shift_reg_n_chan_stream_weig_52_phi_fu_258">
<pin_list>
<pin id="259" dir="0" index="0" bw="1" slack="1"/>
<pin id="260" dir="0" index="1" bw="0" slack="2147483647"/>
<pin id="261" dir="0" index="2" bw="8" slack="0"/>
<pin id="262" dir="0" index="3" bw="0" slack="2147483647"/>
<pin id="263" dir="0" index="4" bw="1" slack="1"/>
<pin id="264" dir="0" index="5" bw="0" slack="2147483647"/>
<pin id="265" dir="1" index="6" bw="8" slack="0"/>
</pin_list>
<bind>
<opcode="phi(47) " fcode="phi"/>
<opset="void_compute_output_buffer_2d_array_const_ap_shift_reg_n_chan_stream_weig_52/2 "/>
</bind>
</comp>

<comp id="268" class="1005" name="void_compute_output_buffer_2d_array_const_ap_shift_reg_n_chan_stream_weig_53_reg_268">
<pin_list>
<pin id="269" dir="0" index="0" bw="8" slack="1"/>
<pin id="270" dir="1" index="1" bw="8" slack="1"/>
</pin_list>
<bind>
<opset="void_compute_output_buffer_2d_array_const_ap_shift_reg_n_chan_stream_weig_53 (phireg) "/>
</bind>
</comp>

<comp id="272" class="1004" name="void_compute_output_buffer_2d_array_const_ap_shift_reg_n_chan_stream_weig_53_phi_fu_272">
<pin_list>
<pin id="273" dir="0" index="0" bw="1" slack="1"/>
<pin id="274" dir="0" index="1" bw="0" slack="2147483647"/>
<pin id="275" dir="0" index="2" bw="8" slack="0"/>
<pin id="276" dir="0" index="3" bw="0" slack="2147483647"/>
<pin id="277" dir="0" index="4" bw="1" slack="1"/>
<pin id="278" dir="0" index="5" bw="0" slack="2147483647"/>
<pin id="279" dir="1" index="6" bw="8" slack="0"/>
</pin_list>
<bind>
<opcode="phi(47) " fcode="phi"/>
<opset="void_compute_output_buffer_2d_array_const_ap_shift_reg_n_chan_stream_weig_53/2 "/>
</bind>
</comp>

<comp id="282" class="1005" name="void_compute_output_buffer_2d_array_const_ap_shift_reg_n_chan_stream_weig_54_reg_282">
<pin_list>
<pin id="283" dir="0" index="0" bw="8" slack="1"/>
<pin id="284" dir="1" index="1" bw="8" slack="1"/>
</pin_list>
<bind>
<opset="void_compute_output_buffer_2d_array_const_ap_shift_reg_n_chan_stream_weig_54 (phireg) "/>
</bind>
</comp>

<comp id="286" class="1004" name="void_compute_output_buffer_2d_array_const_ap_shift_reg_n_chan_stream_weig_54_phi_fu_286">
<pin_list>
<pin id="287" dir="0" index="0" bw="1" slack="1"/>
<pin id="288" dir="0" index="1" bw="0" slack="2147483647"/>
<pin id="289" dir="0" index="2" bw="8" slack="0"/>
<pin id="290" dir="0" index="3" bw="0" slack="2147483647"/>
<pin id="291" dir="0" index="4" bw="1" slack="1"/>
<pin id="292" dir="0" index="5" bw="0" slack="2147483647"/>
<pin id="293" dir="1" index="6" bw="8" slack="0"/>
</pin_list>
<bind>
<opcode="phi(47) " fcode="phi"/>
<opset="void_compute_output_buffer_2d_array_const_ap_shift_reg_n_chan_stream_weig_54/2 "/>
</bind>
</comp>

<comp id="296" class="1005" name="void_compute_output_buffer_2d_array_const_ap_shift_reg_n_chan_stream_weig_55_reg_296">
<pin_list>
<pin id="297" dir="0" index="0" bw="8" slack="1"/>
<pin id="298" dir="1" index="1" bw="8" slack="1"/>
</pin_list>
<bind>
<opset="void_compute_output_buffer_2d_array_const_ap_shift_reg_n_chan_stream_weig_55 (phireg) "/>
</bind>
</comp>

<comp id="300" class="1004" name="void_compute_output_buffer_2d_array_const_ap_shift_reg_n_chan_stream_weig_55_phi_fu_300">
<pin_list>
<pin id="301" dir="0" index="0" bw="1" slack="1"/>
<pin id="302" dir="0" index="1" bw="0" slack="2147483647"/>
<pin id="303" dir="0" index="2" bw="8" slack="0"/>
<pin id="304" dir="0" index="3" bw="0" slack="2147483647"/>
<pin id="305" dir="0" index="4" bw="1" slack="1"/>
<pin id="306" dir="0" index="5" bw="0" slack="2147483647"/>
<pin id="307" dir="1" index="6" bw="8" slack="0"/>
</pin_list>
<bind>
<opcode="phi(47) " fcode="phi"/>
<opset="void_compute_output_buffer_2d_array_const_ap_shift_reg_n_chan_stream_weig_55/2 "/>
</bind>
</comp>

<comp id="310" class="1005" name="void_compute_output_buffer_2d_array_const_ap_shift_reg_n_chan_stream_weig_56_reg_310">
<pin_list>
<pin id="311" dir="0" index="0" bw="8" slack="1"/>
<pin id="312" dir="1" index="1" bw="8" slack="1"/>
</pin_list>
<bind>
<opset="void_compute_output_buffer_2d_array_const_ap_shift_reg_n_chan_stream_weig_56 (phireg) "/>
</bind>
</comp>

<comp id="314" class="1004" name="void_compute_output_buffer_2d_array_const_ap_shift_reg_n_chan_stream_weig_56_phi_fu_314">
<pin_list>
<pin id="315" dir="0" index="0" bw="1" slack="1"/>
<pin id="316" dir="0" index="1" bw="0" slack="2147483647"/>
<pin id="317" dir="0" index="2" bw="8" slack="0"/>
<pin id="318" dir="0" index="3" bw="0" slack="2147483647"/>
<pin id="319" dir="0" index="4" bw="1" slack="1"/>
<pin id="320" dir="0" index="5" bw="0" slack="2147483647"/>
<pin id="321" dir="1" index="6" bw="8" slack="0"/>
</pin_list>
<bind>
<opcode="phi(47) " fcode="phi"/>
<opset="void_compute_output_buffer_2d_array_const_ap_shift_reg_n_chan_stream_weig_56/2 "/>
</bind>
</comp>

<comp id="324" class="1005" name="void_compute_output_buffer_2d_array_const_ap_shift_reg_n_chan_stream_weig_57_reg_324">
<pin_list>
<pin id="325" dir="0" index="0" bw="8" slack="1"/>
<pin id="326" dir="1" index="1" bw="8" slack="1"/>
</pin_list>
<bind>
<opset="void_compute_output_buffer_2d_array_const_ap_shift_reg_n_chan_stream_weig_57 (phireg) "/>
</bind>
</comp>

<comp id="328" class="1004" name="void_compute_output_buffer_2d_array_const_ap_shift_reg_n_chan_stream_weig_57_phi_fu_328">
<pin_list>
<pin id="329" dir="0" index="0" bw="1" slack="1"/>
<pin id="330" dir="0" index="1" bw="0" slack="2147483647"/>
<pin id="331" dir="0" index="2" bw="8" slack="0"/>
<pin id="332" dir="0" index="3" bw="0" slack="2147483647"/>
<pin id="333" dir="0" index="4" bw="1" slack="1"/>
<pin id="334" dir="0" index="5" bw="0" slack="2147483647"/>
<pin id="335" dir="1" index="6" bw="8" slack="0"/>
</pin_list>
<bind>
<opcode="phi(47) " fcode="phi"/>
<opset="void_compute_output_buffer_2d_array_const_ap_shift_reg_n_chan_stream_weig_57/2 "/>
</bind>
</comp>

<comp id="338" class="1005" name="void_compute_output_buffer_2d_array_const_ap_shift_reg_n_chan_stream_weig_58_reg_338">
<pin_list>
<pin id="339" dir="0" index="0" bw="8" slack="1"/>
<pin id="340" dir="1" index="1" bw="8" slack="1"/>
</pin_list>
<bind>
<opset="void_compute_output_buffer_2d_array_const_ap_shift_reg_n_chan_stream_weig_58 (phireg) "/>
</bind>
</comp>

<comp id="342" class="1004" name="void_compute_output_buffer_2d_array_const_ap_shift_reg_n_chan_stream_weig_58_phi_fu_342">
<pin_list>
<pin id="343" dir="0" index="0" bw="1" slack="1"/>
<pin id="344" dir="0" index="1" bw="0" slack="2147483647"/>
<pin id="345" dir="0" index="2" bw="8" slack="0"/>
<pin id="346" dir="0" index="3" bw="0" slack="2147483647"/>
<pin id="347" dir="0" index="4" bw="1" slack="1"/>
<pin id="348" dir="0" index="5" bw="0" slack="2147483647"/>
<pin id="349" dir="1" index="6" bw="8" slack="0"/>
</pin_list>
<bind>
<opcode="phi(47) " fcode="phi"/>
<opset="void_compute_output_buffer_2d_array_const_ap_shift_reg_n_chan_stream_weig_58/2 "/>
</bind>
</comp>

<comp id="352" class="1005" name="void_compute_output_buffer_2d_array_const_ap_shift_reg_n_chan_stream_weig_59_reg_352">
<pin_list>
<pin id="353" dir="0" index="0" bw="8" slack="1"/>
<pin id="354" dir="1" index="1" bw="8" slack="1"/>
</pin_list>
<bind>
<opset="void_compute_output_buffer_2d_array_const_ap_shift_reg_n_chan_stream_weig_59 (phireg) "/>
</bind>
</comp>

<comp id="356" class="1004" name="void_compute_output_buffer_2d_array_const_ap_shift_reg_n_chan_stream_weig_59_phi_fu_356">
<pin_list>
<pin id="357" dir="0" index="0" bw="1" slack="1"/>
<pin id="358" dir="0" index="1" bw="0" slack="2147483647"/>
<pin id="359" dir="0" index="2" bw="8" slack="0"/>
<pin id="360" dir="0" index="3" bw="0" slack="2147483647"/>
<pin id="361" dir="0" index="4" bw="1" slack="1"/>
<pin id="362" dir="0" index="5" bw="0" slack="2147483647"/>
<pin id="363" dir="1" index="6" bw="8" slack="0"/>
</pin_list>
<bind>
<opcode="phi(47) " fcode="phi"/>
<opset="void_compute_output_buffer_2d_array_const_ap_shift_reg_n_chan_stream_weig_59/2 "/>
</bind>
</comp>

<comp id="366" class="1005" name="void_compute_output_buffer_2d_array_const_ap_shift_reg_n_chan_stream_weig_60_reg_366">
<pin_list>
<pin id="367" dir="0" index="0" bw="8" slack="1"/>
<pin id="368" dir="1" index="1" bw="8" slack="1"/>
</pin_list>
<bind>
<opset="void_compute_output_buffer_2d_array_const_ap_shift_reg_n_chan_stream_weig_60 (phireg) "/>
</bind>
</comp>

<comp id="370" class="1004" name="void_compute_output_buffer_2d_array_const_ap_shift_reg_n_chan_stream_weig_60_phi_fu_370">
<pin_list>
<pin id="371" dir="0" index="0" bw="1" slack="1"/>
<pin id="372" dir="0" index="1" bw="0" slack="2147483647"/>
<pin id="373" dir="0" index="2" bw="8" slack="0"/>
<pin id="374" dir="0" index="3" bw="0" slack="2147483647"/>
<pin id="375" dir="0" index="4" bw="1" slack="1"/>
<pin id="376" dir="0" index="5" bw="0" slack="2147483647"/>
<pin id="377" dir="1" index="6" bw="8" slack="0"/>
</pin_list>
<bind>
<opcode="phi(47) " fcode="phi"/>
<opset="void_compute_output_buffer_2d_array_const_ap_shift_reg_n_chan_stream_weig_60/2 "/>
</bind>
</comp>

<comp id="380" class="1005" name="p_ZZN4nnet24compute_output_buffer_2dINS_5arrayI8ap_fixedILi8ELi2EL9ap_q_mode5EL9a_14_reg_380">
<pin_list>
<pin id="381" dir="0" index="0" bw="8" slack="0"/>
<pin id="382" dir="1" index="1" bw="8" slack="0"/>
</pin_list>
<bind>
<opset="p_ZZN4nnet24compute_output_buffer_2dINS_5arrayI8ap_fixedILi8ELi2EL9ap_q_mode5EL9a_14 (phireg) "/>
</bind>
</comp>

<comp id="384" class="1004" name="p_ZZN4nnet24compute_output_buffer_2dINS_5arrayI8ap_fixedILi8ELi2EL9ap_q_mode5EL9a_14_phi_fu_384">
<pin_list>
<pin id="385" dir="0" index="0" bw="8" slack="1"/>
<pin id="386" dir="0" index="1" bw="0" slack="2147483647"/>
<pin id="387" dir="0" index="2" bw="8" slack="0"/>
<pin id="388" dir="0" index="3" bw="0" slack="2147483647"/>
<pin id="389" dir="1" index="4" bw="8" slack="0"/>
</pin_list>
<bind>
<opcode="phi(47) " fcode="phi"/>
<opset="p_ZZN4nnet24compute_output_buffer_2dINS_5arrayI8ap_fixedILi8ELi2EL9ap_q_mode5EL9a_14/2 "/>
</bind>
</comp>

<comp id="392" class="1005" name="p_ZZN4nnet24compute_output_buffer_2dINS_5arrayI8ap_fixedILi8ELi2EL9ap_q_mode5EL9a_15_reg_392">
<pin_list>
<pin id="393" dir="0" index="0" bw="8" slack="0"/>
<pin id="394" dir="1" index="1" bw="8" slack="0"/>
</pin_list>
<bind>
<opset="p_ZZN4nnet24compute_output_buffer_2dINS_5arrayI8ap_fixedILi8ELi2EL9ap_q_mode5EL9a_15 (phireg) "/>
</bind>
</comp>

<comp id="396" class="1004" name="p_ZZN4nnet24compute_output_buffer_2dINS_5arrayI8ap_fixedILi8ELi2EL9ap_q_mode5EL9a_15_phi_fu_396">
<pin_list>
<pin id="397" dir="0" index="0" bw="8" slack="1"/>
<pin id="398" dir="0" index="1" bw="0" slack="2147483647"/>
<pin id="399" dir="0" index="2" bw="8" slack="0"/>
<pin id="400" dir="0" index="3" bw="0" slack="2147483647"/>
<pin id="401" dir="1" index="4" bw="8" slack="0"/>
</pin_list>
<bind>
<opcode="phi(47) " fcode="phi"/>
<opset="p_ZZN4nnet24compute_output_buffer_2dINS_5arrayI8ap_fixedILi8ELi2EL9ap_q_mode5EL9a_15/2 "/>
</bind>
</comp>

<comp id="404" class="1005" name="p_ZZN4nnet24compute_output_buffer_2dINS_5arrayI8ap_fixedILi8ELi2EL9ap_q_mode5EL9a_16_reg_404">
<pin_list>
<pin id="405" dir="0" index="0" bw="8" slack="0"/>
<pin id="406" dir="1" index="1" bw="8" slack="0"/>
</pin_list>
<bind>
<opset="p_ZZN4nnet24compute_output_buffer_2dINS_5arrayI8ap_fixedILi8ELi2EL9ap_q_mode5EL9a_16 (phireg) "/>
</bind>
</comp>

<comp id="408" class="1004" name="p_ZZN4nnet24compute_output_buffer_2dINS_5arrayI8ap_fixedILi8ELi2EL9ap_q_mode5EL9a_16_phi_fu_408">
<pin_list>
<pin id="409" dir="0" index="0" bw="8" slack="1"/>
<pin id="410" dir="0" index="1" bw="0" slack="2147483647"/>
<pin id="411" dir="0" index="2" bw="8" slack="0"/>
<pin id="412" dir="0" index="3" bw="0" slack="2147483647"/>
<pin id="413" dir="1" index="4" bw="8" slack="0"/>
</pin_list>
<bind>
<opcode="phi(47) " fcode="phi"/>
<opset="p_ZZN4nnet24compute_output_buffer_2dINS_5arrayI8ap_fixedILi8ELi2EL9ap_q_mode5EL9a_16/2 "/>
</bind>
</comp>

<comp id="416" class="1005" name="p_ZZN4nnet24compute_output_buffer_2dINS_5arrayI8ap_fixedILi8ELi2EL9ap_q_mode5EL9a_17_reg_416">
<pin_list>
<pin id="417" dir="0" index="0" bw="8" slack="0"/>
<pin id="418" dir="1" index="1" bw="8" slack="0"/>
</pin_list>
<bind>
<opset="p_ZZN4nnet24compute_output_buffer_2dINS_5arrayI8ap_fixedILi8ELi2EL9ap_q_mode5EL9a_17 (phireg) "/>
</bind>
</comp>

<comp id="420" class="1004" name="p_ZZN4nnet24compute_output_buffer_2dINS_5arrayI8ap_fixedILi8ELi2EL9ap_q_mode5EL9a_17_phi_fu_420">
<pin_list>
<pin id="421" dir="0" index="0" bw="8" slack="1"/>
<pin id="422" dir="0" index="1" bw="0" slack="2147483647"/>
<pin id="423" dir="0" index="2" bw="8" slack="0"/>
<pin id="424" dir="0" index="3" bw="0" slack="2147483647"/>
<pin id="425" dir="1" index="4" bw="8" slack="0"/>
</pin_list>
<bind>
<opcode="phi(47) " fcode="phi"/>
<opset="p_ZZN4nnet24compute_output_buffer_2dINS_5arrayI8ap_fixedILi8ELi2EL9ap_q_mode5EL9a_17/2 "/>
</bind>
</comp>

<comp id="428" class="1005" name="p_ZZN4nnet24compute_output_buffer_2dINS_5arrayI8ap_fixedILi8ELi2EL9ap_q_mode5EL9a_18_reg_428">
<pin_list>
<pin id="429" dir="0" index="0" bw="8" slack="0"/>
<pin id="430" dir="1" index="1" bw="8" slack="0"/>
</pin_list>
<bind>
<opset="p_ZZN4nnet24compute_output_buffer_2dINS_5arrayI8ap_fixedILi8ELi2EL9ap_q_mode5EL9a_18 (phireg) "/>
</bind>
</comp>

<comp id="432" class="1004" name="p_ZZN4nnet24compute_output_buffer_2dINS_5arrayI8ap_fixedILi8ELi2EL9ap_q_mode5EL9a_18_phi_fu_432">
<pin_list>
<pin id="433" dir="0" index="0" bw="8" slack="1"/>
<pin id="434" dir="0" index="1" bw="0" slack="2147483647"/>
<pin id="435" dir="0" index="2" bw="8" slack="0"/>
<pin id="436" dir="0" index="3" bw="0" slack="2147483647"/>
<pin id="437" dir="1" index="4" bw="8" slack="0"/>
</pin_list>
<bind>
<opcode="phi(47) " fcode="phi"/>
<opset="p_ZZN4nnet24compute_output_buffer_2dINS_5arrayI8ap_fixedILi8ELi2EL9ap_q_mode5EL9a_18/2 "/>
</bind>
</comp>

<comp id="440" class="1005" name="p_ZZN4nnet24compute_output_buffer_2dINS_5arrayI8ap_fixedILi8ELi2EL9ap_q_mode5EL9a_19_reg_440">
<pin_list>
<pin id="441" dir="0" index="0" bw="8" slack="0"/>
<pin id="442" dir="1" index="1" bw="8" slack="0"/>
</pin_list>
<bind>
<opset="p_ZZN4nnet24compute_output_buffer_2dINS_5arrayI8ap_fixedILi8ELi2EL9ap_q_mode5EL9a_19 (phireg) "/>
</bind>
</comp>

<comp id="444" class="1004" name="p_ZZN4nnet24compute_output_buffer_2dINS_5arrayI8ap_fixedILi8ELi2EL9ap_q_mode5EL9a_19_phi_fu_444">
<pin_list>
<pin id="445" dir="0" index="0" bw="8" slack="1"/>
<pin id="446" dir="0" index="1" bw="0" slack="2147483647"/>
<pin id="447" dir="0" index="2" bw="8" slack="0"/>
<pin id="448" dir="0" index="3" bw="0" slack="2147483647"/>
<pin id="449" dir="1" index="4" bw="8" slack="0"/>
</pin_list>
<bind>
<opcode="phi(47) " fcode="phi"/>
<opset="p_ZZN4nnet24compute_output_buffer_2dINS_5arrayI8ap_fixedILi8ELi2EL9ap_q_mode5EL9a_19/2 "/>
</bind>
</comp>

<comp id="452" class="1005" name="p_ZZN4nnet24compute_output_buffer_2dINS_5arrayI8ap_fixedILi8ELi2EL9ap_q_mode5EL9a_20_reg_452">
<pin_list>
<pin id="453" dir="0" index="0" bw="8" slack="0"/>
<pin id="454" dir="1" index="1" bw="8" slack="0"/>
</pin_list>
<bind>
<opset="p_ZZN4nnet24compute_output_buffer_2dINS_5arrayI8ap_fixedILi8ELi2EL9ap_q_mode5EL9a_20 (phireg) "/>
</bind>
</comp>

<comp id="456" class="1004" name="p_ZZN4nnet24compute_output_buffer_2dINS_5arrayI8ap_fixedILi8ELi2EL9ap_q_mode5EL9a_20_phi_fu_456">
<pin_list>
<pin id="457" dir="0" index="0" bw="8" slack="1"/>
<pin id="458" dir="0" index="1" bw="0" slack="2147483647"/>
<pin id="459" dir="0" index="2" bw="8" slack="0"/>
<pin id="460" dir="0" index="3" bw="0" slack="2147483647"/>
<pin id="461" dir="1" index="4" bw="8" slack="0"/>
</pin_list>
<bind>
<opcode="phi(47) " fcode="phi"/>
<opset="p_ZZN4nnet24compute_output_buffer_2dINS_5arrayI8ap_fixedILi8ELi2EL9ap_q_mode5EL9a_20/2 "/>
</bind>
</comp>

<comp id="464" class="1005" name="p_ZZN4nnet24compute_output_buffer_2dINS_5arrayI8ap_fixedILi8ELi2EL9ap_q_mode5EL9a_21_reg_464">
<pin_list>
<pin id="465" dir="0" index="0" bw="8" slack="0"/>
<pin id="466" dir="1" index="1" bw="8" slack="0"/>
</pin_list>
<bind>
<opset="p_ZZN4nnet24compute_output_buffer_2dINS_5arrayI8ap_fixedILi8ELi2EL9ap_q_mode5EL9a_21 (phireg) "/>
</bind>
</comp>

<comp id="468" class="1004" name="p_ZZN4nnet24compute_output_buffer_2dINS_5arrayI8ap_fixedILi8ELi2EL9ap_q_mode5EL9a_21_phi_fu_468">
<pin_list>
<pin id="469" dir="0" index="0" bw="8" slack="1"/>
<pin id="470" dir="0" index="1" bw="0" slack="2147483647"/>
<pin id="471" dir="0" index="2" bw="8" slack="0"/>
<pin id="472" dir="0" index="3" bw="0" slack="2147483647"/>
<pin id="473" dir="1" index="4" bw="8" slack="0"/>
</pin_list>
<bind>
<opcode="phi(47) " fcode="phi"/>
<opset="p_ZZN4nnet24compute_output_buffer_2dINS_5arrayI8ap_fixedILi8ELi2EL9ap_q_mode5EL9a_21/2 "/>
</bind>
</comp>

<comp id="476" class="1005" name="void_compute_output_buffer_2d_array_const_ap_shift_reg_n_chan_stream_weig_31_reg_476">
<pin_list>
<pin id="477" dir="0" index="0" bw="8" slack="0"/>
<pin id="478" dir="1" index="1" bw="8" slack="0"/>
</pin_list>
<bind>
<opset="void_compute_output_buffer_2d_array_const_ap_shift_reg_n_chan_stream_weig_31 (phireg) "/>
</bind>
</comp>

<comp id="480" class="1004" name="void_compute_output_buffer_2d_array_const_ap_shift_reg_n_chan_stream_weig_31_phi_fu_480">
<pin_list>
<pin id="481" dir="0" index="0" bw="8" slack="1"/>
<pin id="482" dir="0" index="1" bw="0" slack="2147483647"/>
<pin id="483" dir="0" index="2" bw="8" slack="0"/>
<pin id="484" dir="0" index="3" bw="0" slack="2147483647"/>
<pin id="485" dir="1" index="4" bw="8" slack="0"/>
</pin_list>
<bind>
<opcode="phi(47) " fcode="phi"/>
<opset="void_compute_output_buffer_2d_array_const_ap_shift_reg_n_chan_stream_weig_31/2 "/>
</bind>
</comp>

<comp id="488" class="1005" name="void_compute_output_buffer_2d_array_const_ap_shift_reg_n_chan_stream_weig_32_reg_488">
<pin_list>
<pin id="489" dir="0" index="0" bw="8" slack="0"/>
<pin id="490" dir="1" index="1" bw="8" slack="0"/>
</pin_list>
<bind>
<opset="void_compute_output_buffer_2d_array_const_ap_shift_reg_n_chan_stream_weig_32 (phireg) "/>
</bind>
</comp>

<comp id="492" class="1004" name="void_compute_output_buffer_2d_array_const_ap_shift_reg_n_chan_stream_weig_32_phi_fu_492">
<pin_list>
<pin id="493" dir="0" index="0" bw="8" slack="1"/>
<pin id="494" dir="0" index="1" bw="0" slack="2147483647"/>
<pin id="495" dir="0" index="2" bw="8" slack="0"/>
<pin id="496" dir="0" index="3" bw="0" slack="2147483647"/>
<pin id="497" dir="1" index="4" bw="8" slack="0"/>
</pin_list>
<bind>
<opcode="phi(47) " fcode="phi"/>
<opset="void_compute_output_buffer_2d_array_const_ap_shift_reg_n_chan_stream_weig_32/2 "/>
</bind>
</comp>

<comp id="500" class="1005" name="void_compute_output_buffer_2d_array_const_ap_shift_reg_n_chan_stream_weig_33_reg_500">
<pin_list>
<pin id="501" dir="0" index="0" bw="8" slack="0"/>
<pin id="502" dir="1" index="1" bw="8" slack="0"/>
</pin_list>
<bind>
<opset="void_compute_output_buffer_2d_array_const_ap_shift_reg_n_chan_stream_weig_33 (phireg) "/>
</bind>
</comp>

<comp id="504" class="1004" name="void_compute_output_buffer_2d_array_const_ap_shift_reg_n_chan_stream_weig_33_phi_fu_504">
<pin_list>
<pin id="505" dir="0" index="0" bw="8" slack="1"/>
<pin id="506" dir="0" index="1" bw="0" slack="2147483647"/>
<pin id="507" dir="0" index="2" bw="8" slack="0"/>
<pin id="508" dir="0" index="3" bw="0" slack="2147483647"/>
<pin id="509" dir="1" index="4" bw="8" slack="0"/>
</pin_list>
<bind>
<opcode="phi(47) " fcode="phi"/>
<opset="void_compute_output_buffer_2d_array_const_ap_shift_reg_n_chan_stream_weig_33/2 "/>
</bind>
</comp>

<comp id="512" class="1005" name="void_compute_output_buffer_2d_array_const_ap_shift_reg_n_chan_stream_weig_34_reg_512">
<pin_list>
<pin id="513" dir="0" index="0" bw="8" slack="0"/>
<pin id="514" dir="1" index="1" bw="8" slack="0"/>
</pin_list>
<bind>
<opset="void_compute_output_buffer_2d_array_const_ap_shift_reg_n_chan_stream_weig_34 (phireg) "/>
</bind>
</comp>

<comp id="516" class="1004" name="void_compute_output_buffer_2d_array_const_ap_shift_reg_n_chan_stream_weig_34_phi_fu_516">
<pin_list>
<pin id="517" dir="0" index="0" bw="8" slack="1"/>
<pin id="518" dir="0" index="1" bw="0" slack="2147483647"/>
<pin id="519" dir="0" index="2" bw="8" slack="0"/>
<pin id="520" dir="0" index="3" bw="0" slack="2147483647"/>
<pin id="521" dir="1" index="4" bw="8" slack="0"/>
</pin_list>
<bind>
<opcode="phi(47) " fcode="phi"/>
<opset="void_compute_output_buffer_2d_array_const_ap_shift_reg_n_chan_stream_weig_34/2 "/>
</bind>
</comp>

<comp id="524" class="1005" name="void_compute_output_buffer_2d_array_const_ap_shift_reg_n_chan_stream_weig_35_reg_524">
<pin_list>
<pin id="525" dir="0" index="0" bw="8" slack="0"/>
<pin id="526" dir="1" index="1" bw="8" slack="0"/>
</pin_list>
<bind>
<opset="void_compute_output_buffer_2d_array_const_ap_shift_reg_n_chan_stream_weig_35 (phireg) "/>
</bind>
</comp>

<comp id="528" class="1004" name="void_compute_output_buffer_2d_array_const_ap_shift_reg_n_chan_stream_weig_35_phi_fu_528">
<pin_list>
<pin id="529" dir="0" index="0" bw="8" slack="1"/>
<pin id="530" dir="0" index="1" bw="0" slack="2147483647"/>
<pin id="531" dir="0" index="2" bw="8" slack="0"/>
<pin id="532" dir="0" index="3" bw="0" slack="2147483647"/>
<pin id="533" dir="1" index="4" bw="8" slack="0"/>
</pin_list>
<bind>
<opcode="phi(47) " fcode="phi"/>
<opset="void_compute_output_buffer_2d_array_const_ap_shift_reg_n_chan_stream_weig_35/2 "/>
</bind>
</comp>

<comp id="536" class="1005" name="void_compute_output_buffer_2d_array_const_ap_shift_reg_n_chan_stream_weig_36_reg_536">
<pin_list>
<pin id="537" dir="0" index="0" bw="8" slack="0"/>
<pin id="538" dir="1" index="1" bw="8" slack="0"/>
</pin_list>
<bind>
<opset="void_compute_output_buffer_2d_array_const_ap_shift_reg_n_chan_stream_weig_36 (phireg) "/>
</bind>
</comp>

<comp id="540" class="1004" name="void_compute_output_buffer_2d_array_const_ap_shift_reg_n_chan_stream_weig_36_phi_fu_540">
<pin_list>
<pin id="541" dir="0" index="0" bw="8" slack="1"/>
<pin id="542" dir="0" index="1" bw="0" slack="2147483647"/>
<pin id="543" dir="0" index="2" bw="8" slack="0"/>
<pin id="544" dir="0" index="3" bw="0" slack="2147483647"/>
<pin id="545" dir="1" index="4" bw="8" slack="0"/>
</pin_list>
<bind>
<opcode="phi(47) " fcode="phi"/>
<opset="void_compute_output_buffer_2d_array_const_ap_shift_reg_n_chan_stream_weig_36/2 "/>
</bind>
</comp>

<comp id="548" class="1005" name="void_compute_output_buffer_2d_array_const_ap_shift_reg_n_chan_stream_weig_37_reg_548">
<pin_list>
<pin id="549" dir="0" index="0" bw="8" slack="0"/>
<pin id="550" dir="1" index="1" bw="8" slack="0"/>
</pin_list>
<bind>
<opset="void_compute_output_buffer_2d_array_const_ap_shift_reg_n_chan_stream_weig_37 (phireg) "/>
</bind>
</comp>

<comp id="552" class="1004" name="void_compute_output_buffer_2d_array_const_ap_shift_reg_n_chan_stream_weig_37_phi_fu_552">
<pin_list>
<pin id="553" dir="0" index="0" bw="8" slack="1"/>
<pin id="554" dir="0" index="1" bw="0" slack="2147483647"/>
<pin id="555" dir="0" index="2" bw="8" slack="0"/>
<pin id="556" dir="0" index="3" bw="0" slack="2147483647"/>
<pin id="557" dir="1" index="4" bw="8" slack="0"/>
</pin_list>
<bind>
<opcode="phi(47) " fcode="phi"/>
<opset="void_compute_output_buffer_2d_array_const_ap_shift_reg_n_chan_stream_weig_37/2 "/>
</bind>
</comp>

<comp id="560" class="1005" name="void_compute_output_buffer_2d_array_const_ap_shift_reg_n_chan_stream_weig_38_reg_560">
<pin_list>
<pin id="561" dir="0" index="0" bw="8" slack="0"/>
<pin id="562" dir="1" index="1" bw="8" slack="0"/>
</pin_list>
<bind>
<opset="void_compute_output_buffer_2d_array_const_ap_shift_reg_n_chan_stream_weig_38 (phireg) "/>
</bind>
</comp>

<comp id="564" class="1004" name="void_compute_output_buffer_2d_array_const_ap_shift_reg_n_chan_stream_weig_38_phi_fu_564">
<pin_list>
<pin id="565" dir="0" index="0" bw="8" slack="1"/>
<pin id="566" dir="0" index="1" bw="0" slack="2147483647"/>
<pin id="567" dir="0" index="2" bw="8" slack="0"/>
<pin id="568" dir="0" index="3" bw="0" slack="2147483647"/>
<pin id="569" dir="1" index="4" bw="8" slack="0"/>
</pin_list>
<bind>
<opcode="phi(47) " fcode="phi"/>
<opset="void_compute_output_buffer_2d_array_const_ap_shift_reg_n_chan_stream_weig_38/2 "/>
</bind>
</comp>

<comp id="572" class="1005" name="void_compute_output_buffer_2d_array_const_ap_shift_reg_n_chan_stream_weig_39_reg_572">
<pin_list>
<pin id="573" dir="0" index="0" bw="8" slack="0"/>
<pin id="574" dir="1" index="1" bw="8" slack="0"/>
</pin_list>
<bind>
<opset="void_compute_output_buffer_2d_array_const_ap_shift_reg_n_chan_stream_weig_39 (phireg) "/>
</bind>
</comp>

<comp id="576" class="1004" name="void_compute_output_buffer_2d_array_const_ap_shift_reg_n_chan_stream_weig_39_phi_fu_576">
<pin_list>
<pin id="577" dir="0" index="0" bw="8" slack="1"/>
<pin id="578" dir="0" index="1" bw="0" slack="2147483647"/>
<pin id="579" dir="0" index="2" bw="8" slack="0"/>
<pin id="580" dir="0" index="3" bw="0" slack="2147483647"/>
<pin id="581" dir="1" index="4" bw="8" slack="0"/>
</pin_list>
<bind>
<opcode="phi(47) " fcode="phi"/>
<opset="void_compute_output_buffer_2d_array_const_ap_shift_reg_n_chan_stream_weig_39/2 "/>
</bind>
</comp>

<comp id="584" class="1005" name="void_compute_output_buffer_2d_array_const_ap_shift_reg_n_chan_stream_weig_40_reg_584">
<pin_list>
<pin id="585" dir="0" index="0" bw="8" slack="0"/>
<pin id="586" dir="1" index="1" bw="8" slack="0"/>
</pin_list>
<bind>
<opset="void_compute_output_buffer_2d_array_const_ap_shift_reg_n_chan_stream_weig_40 (phireg) "/>
</bind>
</comp>

<comp id="588" class="1004" name="void_compute_output_buffer_2d_array_const_ap_shift_reg_n_chan_stream_weig_40_phi_fu_588">
<pin_list>
<pin id="589" dir="0" index="0" bw="8" slack="1"/>
<pin id="590" dir="0" index="1" bw="0" slack="2147483647"/>
<pin id="591" dir="0" index="2" bw="8" slack="0"/>
<pin id="592" dir="0" index="3" bw="0" slack="2147483647"/>
<pin id="593" dir="1" index="4" bw="8" slack="0"/>
</pin_list>
<bind>
<opcode="phi(47) " fcode="phi"/>
<opset="void_compute_output_buffer_2d_array_const_ap_shift_reg_n_chan_stream_weig_40/2 "/>
</bind>
</comp>

<comp id="596" class="1005" name="res_0_i4_reg_596">
<pin_list>
<pin id="597" dir="0" index="0" bw="8" slack="2"/>
<pin id="598" dir="1" index="1" bw="8" slack="2"/>
</pin_list>
<bind>
<opset="res_0_i4 (phireg) "/>
</bind>
</comp>

<comp id="600" class="1004" name="res_0_i4_phi_fu_600">
<pin_list>
<pin id="601" dir="0" index="0" bw="1" slack="2"/>
<pin id="602" dir="0" index="1" bw="0" slack="2147483647"/>
<pin id="603" dir="0" index="2" bw="8" slack="0"/>
<pin id="604" dir="0" index="3" bw="0" slack="2147483647"/>
<pin id="605" dir="0" index="4" bw="1" slack="2"/>
<pin id="606" dir="0" index="5" bw="0" slack="2147483647"/>
<pin id="607" dir="1" index="6" bw="8" slack="0"/>
</pin_list>
<bind>
<opcode="phi(47) " fcode="phi"/>
<opset="res_0_i4/3 "/>
</bind>
</comp>

<comp id="610" class="1004" name="void_compute_output_buffer_2d_array_const_ap_shift_reg_n_chan_stream_weig_41_load_fu_610">
<pin_list>
<pin id="611" dir="0" index="0" bw="8" slack="0"/>
<pin id="612" dir="1" index="1" bw="8" slack="1"/>
</pin_list>
<bind>
<opcode="load(27) " fcode="load"/>
<opset="void_compute_output_buffer_2d_array_const_ap_shift_reg_n_chan_stream_weig_41/1 "/>
</bind>
</comp>

<comp id="614" class="1004" name="void_compute_output_buffer_2d_array_const_ap_shift_reg_n_chan_stream_weig_42_load_fu_614">
<pin_list>
<pin id="615" dir="0" index="0" bw="8" slack="0"/>
<pin id="616" dir="1" index="1" bw="8" slack="1"/>
</pin_list>
<bind>
<opcode="load(27) " fcode="load"/>
<opset="void_compute_output_buffer_2d_array_const_ap_shift_reg_n_chan_stream_weig_42/1 "/>
</bind>
</comp>

<comp id="618" class="1004" name="void_compute_output_buffer_2d_array_const_ap_shift_reg_n_chan_stream_weig_43_load_fu_618">
<pin_list>
<pin id="619" dir="0" index="0" bw="8" slack="0"/>
<pin id="620" dir="1" index="1" bw="8" slack="1"/>
</pin_list>
<bind>
<opcode="load(27) " fcode="load"/>
<opset="void_compute_output_buffer_2d_array_const_ap_shift_reg_n_chan_stream_weig_43/1 "/>
</bind>
</comp>

<comp id="622" class="1004" name="void_compute_output_buffer_2d_array_const_ap_shift_reg_n_chan_stream_weig_44_load_fu_622">
<pin_list>
<pin id="623" dir="0" index="0" bw="8" slack="0"/>
<pin id="624" dir="1" index="1" bw="8" slack="1"/>
</pin_list>
<bind>
<opcode="load(27) " fcode="load"/>
<opset="void_compute_output_buffer_2d_array_const_ap_shift_reg_n_chan_stream_weig_44/1 "/>
</bind>
</comp>

<comp id="626" class="1004" name="void_compute_output_buffer_2d_array_const_ap_shift_reg_n_chan_stream_weig_45_load_fu_626">
<pin_list>
<pin id="627" dir="0" index="0" bw="8" slack="0"/>
<pin id="628" dir="1" index="1" bw="8" slack="1"/>
</pin_list>
<bind>
<opcode="load(27) " fcode="load"/>
<opset="void_compute_output_buffer_2d_array_const_ap_shift_reg_n_chan_stream_weig_45/1 "/>
</bind>
</comp>

<comp id="630" class="1004" name="void_compute_output_buffer_2d_array_const_ap_shift_reg_n_chan_stream_weig_46_load_fu_630">
<pin_list>
<pin id="631" dir="0" index="0" bw="8" slack="0"/>
<pin id="632" dir="1" index="1" bw="8" slack="1"/>
</pin_list>
<bind>
<opcode="load(27) " fcode="load"/>
<opset="void_compute_output_buffer_2d_array_const_ap_shift_reg_n_chan_stream_weig_46/1 "/>
</bind>
</comp>

<comp id="634" class="1004" name="void_compute_output_buffer_2d_array_const_ap_shift_reg_n_chan_stream_weig_47_load_fu_634">
<pin_list>
<pin id="635" dir="0" index="0" bw="8" slack="0"/>
<pin id="636" dir="1" index="1" bw="8" slack="1"/>
</pin_list>
<bind>
<opcode="load(27) " fcode="load"/>
<opset="void_compute_output_buffer_2d_array_const_ap_shift_reg_n_chan_stream_weig_47/1 "/>
</bind>
</comp>

<comp id="638" class="1004" name="void_compute_output_buffer_2d_array_const_ap_shift_reg_n_chan_stream_weig_48_load_fu_638">
<pin_list>
<pin id="639" dir="0" index="0" bw="8" slack="0"/>
<pin id="640" dir="1" index="1" bw="8" slack="1"/>
</pin_list>
<bind>
<opcode="load(27) " fcode="load"/>
<opset="void_compute_output_buffer_2d_array_const_ap_shift_reg_n_chan_stream_weig_48/1 "/>
</bind>
</comp>

<comp id="642" class="1004" name="void_compute_output_buffer_2d_array_const_ap_shift_reg_n_chan_stream_weig_49_load_fu_642">
<pin_list>
<pin id="643" dir="0" index="0" bw="8" slack="0"/>
<pin id="644" dir="1" index="1" bw="8" slack="1"/>
</pin_list>
<bind>
<opcode="load(27) " fcode="load"/>
<opset="void_compute_output_buffer_2d_array_const_ap_shift_reg_n_chan_stream_weig_49/1 "/>
</bind>
</comp>

<comp id="646" class="1004" name="void_compute_output_buffer_2d_array_const_ap_shift_reg_n_chan_stream_weig_50_load_fu_646">
<pin_list>
<pin id="647" dir="0" index="0" bw="8" slack="0"/>
<pin id="648" dir="1" index="1" bw="8" slack="1"/>
</pin_list>
<bind>
<opcode="load(27) " fcode="load"/>
<opset="void_compute_output_buffer_2d_array_const_ap_shift_reg_n_chan_stream_weig_50/1 "/>
</bind>
</comp>

<comp id="650" class="1004" name="p_ZZN4nnet24compute_output_buffer_2dINS_5arrayI8ap_fixedILi8ELi2EL9ap_q_mode5EL9a_22_load_fu_650">
<pin_list>
<pin id="651" dir="0" index="0" bw="8" slack="0"/>
<pin id="652" dir="1" index="1" bw="8" slack="1"/>
</pin_list>
<bind>
<opcode="load(27) " fcode="load"/>
<opset="p_ZZN4nnet24compute_output_buffer_2dINS_5arrayI8ap_fixedILi8ELi2EL9ap_q_mode5EL9a_22/1 "/>
</bind>
</comp>

<comp id="654" class="1004" name="p_ZZN4nnet24compute_output_buffer_2dINS_5arrayI8ap_fixedILi8ELi2EL9ap_q_mode5EL9a_23_load_fu_654">
<pin_list>
<pin id="655" dir="0" index="0" bw="8" slack="0"/>
<pin id="656" dir="1" index="1" bw="8" slack="1"/>
</pin_list>
<bind>
<opcode="load(27) " fcode="load"/>
<opset="p_ZZN4nnet24compute_output_buffer_2dINS_5arrayI8ap_fixedILi8ELi2EL9ap_q_mode5EL9a_23/1 "/>
</bind>
</comp>

<comp id="658" class="1004" name="p_ZZN4nnet24compute_output_buffer_2dINS_5arrayI8ap_fixedILi8ELi2EL9ap_q_mode5EL9a_24_load_fu_658">
<pin_list>
<pin id="659" dir="0" index="0" bw="8" slack="0"/>
<pin id="660" dir="1" index="1" bw="8" slack="1"/>
</pin_list>
<bind>
<opcode="load(27) " fcode="load"/>
<opset="p_ZZN4nnet24compute_output_buffer_2dINS_5arrayI8ap_fixedILi8ELi2EL9ap_q_mode5EL9a_24/1 "/>
</bind>
</comp>

<comp id="662" class="1004" name="p_ZZN4nnet24compute_output_buffer_2dINS_5arrayI8ap_fixedILi8ELi2EL9ap_q_mode5EL9a_25_load_fu_662">
<pin_list>
<pin id="663" dir="0" index="0" bw="8" slack="0"/>
<pin id="664" dir="1" index="1" bw="8" slack="1"/>
</pin_list>
<bind>
<opcode="load(27) " fcode="load"/>
<opset="p_ZZN4nnet24compute_output_buffer_2dINS_5arrayI8ap_fixedILi8ELi2EL9ap_q_mode5EL9a_25/1 "/>
</bind>
</comp>

<comp id="666" class="1004" name="p_ZZN4nnet24compute_output_buffer_2dINS_5arrayI8ap_fixedILi8ELi2EL9ap_q_mode5EL9a_26_load_fu_666">
<pin_list>
<pin id="667" dir="0" index="0" bw="8" slack="0"/>
<pin id="668" dir="1" index="1" bw="8" slack="1"/>
</pin_list>
<bind>
<opcode="load(27) " fcode="load"/>
<opset="p_ZZN4nnet24compute_output_buffer_2dINS_5arrayI8ap_fixedILi8ELi2EL9ap_q_mode5EL9a_26/1 "/>
</bind>
</comp>

<comp id="670" class="1004" name="p_ZZN4nnet24compute_output_buffer_2dINS_5arrayI8ap_fixedILi8ELi2EL9ap_q_mode5EL9a_27_load_fu_670">
<pin_list>
<pin id="671" dir="0" index="0" bw="8" slack="0"/>
<pin id="672" dir="1" index="1" bw="8" slack="1"/>
</pin_list>
<bind>
<opcode="load(27) " fcode="load"/>
<opset="p_ZZN4nnet24compute_output_buffer_2dINS_5arrayI8ap_fixedILi8ELi2EL9ap_q_mode5EL9a_27/1 "/>
</bind>
</comp>

<comp id="674" class="1004" name="p_ZZN4nnet24compute_output_buffer_2dINS_5arrayI8ap_fixedILi8ELi2EL9ap_q_mode5EL9a_28_load_fu_674">
<pin_list>
<pin id="675" dir="0" index="0" bw="8" slack="0"/>
<pin id="676" dir="1" index="1" bw="8" slack="1"/>
</pin_list>
<bind>
<opcode="load(27) " fcode="load"/>
<opset="p_ZZN4nnet24compute_output_buffer_2dINS_5arrayI8ap_fixedILi8ELi2EL9ap_q_mode5EL9a_28/1 "/>
</bind>
</comp>

<comp id="678" class="1004" name="p_ZZN4nnet24compute_output_buffer_2dINS_5arrayI8ap_fixedILi8ELi2EL9ap_q_mode5EL9a_29_load_fu_678">
<pin_list>
<pin id="679" dir="0" index="0" bw="8" slack="0"/>
<pin id="680" dir="1" index="1" bw="8" slack="1"/>
</pin_list>
<bind>
<opcode="load(27) " fcode="load"/>
<opset="p_ZZN4nnet24compute_output_buffer_2dINS_5arrayI8ap_fixedILi8ELi2EL9ap_q_mode5EL9a_29/1 "/>
</bind>
</comp>

<comp id="682" class="1004" name="zext_ln46_fu_682">
<pin_list>
<pin id="683" dir="0" index="0" bw="5" slack="0"/>
<pin id="684" dir="1" index="1" bw="64" slack="0"/>
</pin_list>
<bind>
<opcode="zext(34) " fcode="zext"/>
<opset="zext_ln46/1 "/>
</bind>
</comp>

<comp id="687" class="1004" name="w_index_fu_687">
<pin_list>
<pin id="688" dir="0" index="0" bw="5" slack="0"/>
<pin id="689" dir="0" index="1" bw="1" slack="0"/>
<pin id="690" dir="1" index="2" bw="5" slack="0"/>
</pin_list>
<bind>
<opcode="add(8) " fcode="add"/>
<opset="w_index/1 "/>
</bind>
</comp>

<comp id="693" class="1004" name="icmp_ln46_fu_693">
<pin_list>
<pin id="694" dir="0" index="0" bw="5" slack="0"/>
<pin id="695" dir="0" index="1" bw="5" slack="0"/>
<pin id="696" dir="1" index="2" bw="1" slack="1"/>
</pin_list>
<bind>
<opcode="icmp(45) " fcode="icmp"/>
<opset="icmp_ln46/1 "/>
</bind>
</comp>

<comp id="699" class="1004" name="a_V_fu_699">
<pin_list>
<pin id="700" dir="0" index="0" bw="8" slack="0"/>
<pin id="701" dir="0" index="1" bw="8" slack="0"/>
<pin id="702" dir="0" index="2" bw="8" slack="0"/>
<pin id="703" dir="0" index="3" bw="8" slack="0"/>
<pin id="704" dir="0" index="4" bw="8" slack="0"/>
<pin id="705" dir="0" index="5" bw="8" slack="0"/>
<pin id="706" dir="0" index="6" bw="8" slack="0"/>
<pin id="707" dir="0" index="7" bw="8" slack="0"/>
<pin id="708" dir="0" index="8" bw="8" slack="0"/>
<pin id="709" dir="0" index="9" bw="8" slack="0"/>
<pin id="710" dir="0" index="10" bw="8" slack="0"/>
<pin id="711" dir="0" index="11" bw="8" slack="0"/>
<pin id="712" dir="0" index="12" bw="8" slack="0"/>
<pin id="713" dir="0" index="13" bw="8" slack="0"/>
<pin id="714" dir="0" index="14" bw="8" slack="0"/>
<pin id="715" dir="0" index="15" bw="8" slack="0"/>
<pin id="716" dir="0" index="16" bw="8" slack="0"/>
<pin id="717" dir="0" index="17" bw="8" slack="0"/>
<pin id="718" dir="0" index="18" bw="8" slack="0"/>
<pin id="719" dir="0" index="19" bw="5" slack="1"/>
<pin id="720" dir="1" index="20" bw="8" slack="0"/>
</pin_list>
<bind>
<opcode="mux(1196) " fcode="mux"/>
<opset="a_V/2 "/>
</bind>
</comp>

<comp id="741" class="1004" name="sext_ln1168_fu_741">
<pin_list>
<pin id="742" dir="0" index="0" bw="8" slack="0"/>
<pin id="743" dir="1" index="1" bw="14" slack="0"/>
</pin_list>
<bind>
<opcode="sext(35) " fcode="sext"/>
<opset="sext_ln1168/2 "/>
</bind>
</comp>

<comp id="745" class="1004" name="sext_ln1168_1_fu_745">
<pin_list>
<pin id="746" dir="0" index="0" bw="7" slack="0"/>
<pin id="747" dir="1" index="1" bw="14" slack="0"/>
</pin_list>
<bind>
<opcode="sext(35) " fcode="sext"/>
<opset="sext_ln1168_1/2 "/>
</bind>
</comp>

<comp id="749" class="1004" name="mul_ln1168_fu_749">
<pin_list>
<pin id="750" dir="0" index="0" bw="8" slack="0"/>
<pin id="751" dir="0" index="1" bw="7" slack="0"/>
<pin id="752" dir="1" index="2" bw="14" slack="0"/>
</pin_list>
<bind>
<opcode="mul(12) " fcode="mul"/>
<opset="mul_ln1168/2 "/>
</bind>
</comp>

<comp id="755" class="1004" name="trunc_ln_fu_755">
<pin_list>
<pin id="756" dir="0" index="0" bw="8" slack="0"/>
<pin id="757" dir="0" index="1" bw="14" slack="0"/>
<pin id="758" dir="0" index="2" bw="4" slack="0"/>
<pin id="759" dir="0" index="3" bw="5" slack="0"/>
<pin id="760" dir="1" index="4" bw="8" slack="1"/>
</pin_list>
<bind>
<opcode="partselect(1002) " fcode="partselect"/>
<opset="trunc_ln/2 "/>
</bind>
</comp>

<comp id="765" class="1004" name="add_ln712_fu_765">
<pin_list>
<pin id="766" dir="0" index="0" bw="8" slack="1"/>
<pin id="767" dir="0" index="1" bw="8" slack="0"/>
<pin id="768" dir="1" index="2" bw="8" slack="0"/>
</pin_list>
<bind>
<opcode="add(8) " fcode="add"/>
<opset="add_ln712/3 "/>
</bind>
</comp>

<comp id="770" class="1004" name="return_ln712_fu_770">
<pin_list>
<pin id="771" dir="0" index="0" bw="8" slack="0"/>
<pin id="772" dir="1" index="1" bw="0" slack="2147483647"/>
</pin_list>
<bind>
<opcode="return(1203) " fcode="return"/>
<opset="return_ln712/3 "/>
</bind>
</comp>

<comp id="774" class="1005" name="void_compute_output_buffer_2d_array_const_ap_shift_reg_n_chan_stream_weig_41_reg_774">
<pin_list>
<pin id="775" dir="0" index="0" bw="8" slack="1"/>
<pin id="776" dir="1" index="1" bw="8" slack="1"/>
</pin_list>
<bind>
<opset="void_compute_output_buffer_2d_array_const_ap_shift_reg_n_chan_stream_weig_41 "/>
</bind>
</comp>

<comp id="779" class="1005" name="void_compute_output_buffer_2d_array_const_ap_shift_reg_n_chan_stream_weig_42_reg_779">
<pin_list>
<pin id="780" dir="0" index="0" bw="8" slack="1"/>
<pin id="781" dir="1" index="1" bw="8" slack="1"/>
</pin_list>
<bind>
<opset="void_compute_output_buffer_2d_array_const_ap_shift_reg_n_chan_stream_weig_42 "/>
</bind>
</comp>

<comp id="784" class="1005" name="void_compute_output_buffer_2d_array_const_ap_shift_reg_n_chan_stream_weig_43_reg_784">
<pin_list>
<pin id="785" dir="0" index="0" bw="8" slack="1"/>
<pin id="786" dir="1" index="1" bw="8" slack="1"/>
</pin_list>
<bind>
<opset="void_compute_output_buffer_2d_array_const_ap_shift_reg_n_chan_stream_weig_43 "/>
</bind>
</comp>

<comp id="789" class="1005" name="void_compute_output_buffer_2d_array_const_ap_shift_reg_n_chan_stream_weig_44_reg_789">
<pin_list>
<pin id="790" dir="0" index="0" bw="8" slack="1"/>
<pin id="791" dir="1" index="1" bw="8" slack="1"/>
</pin_list>
<bind>
<opset="void_compute_output_buffer_2d_array_const_ap_shift_reg_n_chan_stream_weig_44 "/>
</bind>
</comp>

<comp id="794" class="1005" name="void_compute_output_buffer_2d_array_const_ap_shift_reg_n_chan_stream_weig_45_reg_794">
<pin_list>
<pin id="795" dir="0" index="0" bw="8" slack="1"/>
<pin id="796" dir="1" index="1" bw="8" slack="1"/>
</pin_list>
<bind>
<opset="void_compute_output_buffer_2d_array_const_ap_shift_reg_n_chan_stream_weig_45 "/>
</bind>
</comp>

<comp id="799" class="1005" name="void_compute_output_buffer_2d_array_const_ap_shift_reg_n_chan_stream_weig_46_reg_799">
<pin_list>
<pin id="800" dir="0" index="0" bw="8" slack="1"/>
<pin id="801" dir="1" index="1" bw="8" slack="1"/>
</pin_list>
<bind>
<opset="void_compute_output_buffer_2d_array_const_ap_shift_reg_n_chan_stream_weig_46 "/>
</bind>
</comp>

<comp id="804" class="1005" name="void_compute_output_buffer_2d_array_const_ap_shift_reg_n_chan_stream_weig_47_reg_804">
<pin_list>
<pin id="805" dir="0" index="0" bw="8" slack="1"/>
<pin id="806" dir="1" index="1" bw="8" slack="1"/>
</pin_list>
<bind>
<opset="void_compute_output_buffer_2d_array_const_ap_shift_reg_n_chan_stream_weig_47 "/>
</bind>
</comp>

<comp id="809" class="1005" name="void_compute_output_buffer_2d_array_const_ap_shift_reg_n_chan_stream_weig_48_reg_809">
<pin_list>
<pin id="810" dir="0" index="0" bw="8" slack="1"/>
<pin id="811" dir="1" index="1" bw="8" slack="1"/>
</pin_list>
<bind>
<opset="void_compute_output_buffer_2d_array_const_ap_shift_reg_n_chan_stream_weig_48 "/>
</bind>
</comp>

<comp id="814" class="1005" name="void_compute_output_buffer_2d_array_const_ap_shift_reg_n_chan_stream_weig_49_reg_814">
<pin_list>
<pin id="815" dir="0" index="0" bw="8" slack="1"/>
<pin id="816" dir="1" index="1" bw="8" slack="1"/>
</pin_list>
<bind>
<opset="void_compute_output_buffer_2d_array_const_ap_shift_reg_n_chan_stream_weig_49 "/>
</bind>
</comp>

<comp id="819" class="1005" name="void_compute_output_buffer_2d_array_const_ap_shift_reg_n_chan_stream_weig_50_reg_819">
<pin_list>
<pin id="820" dir="0" index="0" bw="8" slack="1"/>
<pin id="821" dir="1" index="1" bw="8" slack="1"/>
</pin_list>
<bind>
<opset="void_compute_output_buffer_2d_array_const_ap_shift_reg_n_chan_stream_weig_50 "/>
</bind>
</comp>

<comp id="824" class="1005" name="p_ZZN4nnet24compute_output_buffer_2dINS_5arrayI8ap_fixedILi8ELi2EL9ap_q_mode5EL9a_22_reg_824">
<pin_list>
<pin id="825" dir="0" index="0" bw="8" slack="1"/>
<pin id="826" dir="1" index="1" bw="8" slack="1"/>
</pin_list>
<bind>
<opset="p_ZZN4nnet24compute_output_buffer_2dINS_5arrayI8ap_fixedILi8ELi2EL9ap_q_mode5EL9a_22 "/>
</bind>
</comp>

<comp id="829" class="1005" name="p_ZZN4nnet24compute_output_buffer_2dINS_5arrayI8ap_fixedILi8ELi2EL9ap_q_mode5EL9a_23_reg_829">
<pin_list>
<pin id="830" dir="0" index="0" bw="8" slack="1"/>
<pin id="831" dir="1" index="1" bw="8" slack="1"/>
</pin_list>
<bind>
<opset="p_ZZN4nnet24compute_output_buffer_2dINS_5arrayI8ap_fixedILi8ELi2EL9ap_q_mode5EL9a_23 "/>
</bind>
</comp>

<comp id="834" class="1005" name="p_ZZN4nnet24compute_output_buffer_2dINS_5arrayI8ap_fixedILi8ELi2EL9ap_q_mode5EL9a_24_reg_834">
<pin_list>
<pin id="835" dir="0" index="0" bw="8" slack="1"/>
<pin id="836" dir="1" index="1" bw="8" slack="1"/>
</pin_list>
<bind>
<opset="p_ZZN4nnet24compute_output_buffer_2dINS_5arrayI8ap_fixedILi8ELi2EL9ap_q_mode5EL9a_24 "/>
</bind>
</comp>

<comp id="839" class="1005" name="p_ZZN4nnet24compute_output_buffer_2dINS_5arrayI8ap_fixedILi8ELi2EL9ap_q_mode5EL9a_25_reg_839">
<pin_list>
<pin id="840" dir="0" index="0" bw="8" slack="1"/>
<pin id="841" dir="1" index="1" bw="8" slack="1"/>
</pin_list>
<bind>
<opset="p_ZZN4nnet24compute_output_buffer_2dINS_5arrayI8ap_fixedILi8ELi2EL9ap_q_mode5EL9a_25 "/>
</bind>
</comp>

<comp id="844" class="1005" name="p_ZZN4nnet24compute_output_buffer_2dINS_5arrayI8ap_fixedILi8ELi2EL9ap_q_mode5EL9a_26_reg_844">
<pin_list>
<pin id="845" dir="0" index="0" bw="8" slack="1"/>
<pin id="846" dir="1" index="1" bw="8" slack="1"/>
</pin_list>
<bind>
<opset="p_ZZN4nnet24compute_output_buffer_2dINS_5arrayI8ap_fixedILi8ELi2EL9ap_q_mode5EL9a_26 "/>
</bind>
</comp>

<comp id="849" class="1005" name="p_ZZN4nnet24compute_output_buffer_2dINS_5arrayI8ap_fixedILi8ELi2EL9ap_q_mode5EL9a_27_reg_849">
<pin_list>
<pin id="850" dir="0" index="0" bw="8" slack="1"/>
<pin id="851" dir="1" index="1" bw="8" slack="1"/>
</pin_list>
<bind>
<opset="p_ZZN4nnet24compute_output_buffer_2dINS_5arrayI8ap_fixedILi8ELi2EL9ap_q_mode5EL9a_27 "/>
</bind>
</comp>

<comp id="854" class="1005" name="p_ZZN4nnet24compute_output_buffer_2dINS_5arrayI8ap_fixedILi8ELi2EL9ap_q_mode5EL9a_28_reg_854">
<pin_list>
<pin id="855" dir="0" index="0" bw="8" slack="1"/>
<pin id="856" dir="1" index="1" bw="8" slack="1"/>
</pin_list>
<bind>
<opset="p_ZZN4nnet24compute_output_buffer_2dINS_5arrayI8ap_fixedILi8ELi2EL9ap_q_mode5EL9a_28 "/>
</bind>
</comp>

<comp id="859" class="1005" name="p_ZZN4nnet24compute_output_buffer_2dINS_5arrayI8ap_fixedILi8ELi2EL9ap_q_mode5EL9a_29_reg_859">
<pin_list>
<pin id="860" dir="0" index="0" bw="8" slack="1"/>
<pin id="861" dir="1" index="1" bw="8" slack="1"/>
</pin_list>
<bind>
<opset="p_ZZN4nnet24compute_output_buffer_2dINS_5arrayI8ap_fixedILi8ELi2EL9ap_q_mode5EL9a_29 "/>
</bind>
</comp>

<comp id="864" class="1005" name="w4_V_addr_reg_864">
<pin_list>
<pin id="865" dir="0" index="0" bw="5" slack="1"/>
<pin id="866" dir="1" index="1" bw="5" slack="1"/>
</pin_list>
<bind>
<opset="w4_V_addr "/>
</bind>
</comp>

<comp id="869" class="1005" name="w_index_reg_869">
<pin_list>
<pin id="870" dir="0" index="0" bw="5" slack="0"/>
<pin id="871" dir="1" index="1" bw="5" slack="0"/>
</pin_list>
<bind>
<opset="w_index "/>
</bind>
</comp>

<comp id="874" class="1005" name="icmp_ln46_reg_874">
<pin_list>
<pin id="875" dir="0" index="0" bw="1" slack="1"/>
<pin id="876" dir="1" index="1" bw="1" slack="2147483647"/>
</pin_list>
<bind>
<opset="icmp_ln46 "/>
</bind>
</comp>

<comp id="878" class="1005" name="trunc_ln_reg_878">
<pin_list>
<pin id="879" dir="0" index="0" bw="8" slack="1"/>
<pin id="880" dir="1" index="1" bw="8" slack="1"/>
</pin_list>
<bind>
<opset="trunc_ln "/>
</bind>
</comp>

<comp id="883" class="1005" name="add_ln712_reg_883">
<pin_list>
<pin id="884" dir="0" index="0" bw="8" slack="0"/>
<pin id="885" dir="1" index="1" bw="8" slack="0"/>
</pin_list>
<bind>
<opset="add_ln712 "/>
</bind>
</comp>

</comp_list>

<net_list>
<net id="91"><net_src comp="0" pin="0"/><net_sink comp="86" pin=0"/></net>

<net id="92"><net_src comp="52" pin="0"/><net_sink comp="86" pin=1"/></net>

<net id="98"><net_src comp="86" pin="3"/><net_sink comp="93" pin=0"/></net>

<net id="110"><net_src comp="38" pin="0"/><net_sink comp="102" pin=0"/></net>

<net id="111"><net_src comp="40" pin="0"/><net_sink comp="102" pin=2"/></net>

<net id="112"><net_src comp="38" pin="0"/><net_sink comp="102" pin=4"/></net>

<net id="113"><net_src comp="102" pin="6"/><net_sink comp="99" pin=0"/></net>

<net id="125"><net_src comp="42" pin="0"/><net_sink comp="117" pin=0"/></net>

<net id="126"><net_src comp="42" pin="0"/><net_sink comp="117" pin=4"/></net>

<net id="127"><net_src comp="117" pin="6"/><net_sink comp="114" pin=0"/></net>

<net id="131"><net_src comp="58" pin="0"/><net_sink comp="128" pin=0"/></net>

<net id="140"><net_src comp="128" pin="1"/><net_sink comp="132" pin=0"/></net>

<net id="141"><net_src comp="128" pin="1"/><net_sink comp="132" pin=4"/></net>

<net id="145"><net_src comp="58" pin="0"/><net_sink comp="142" pin=0"/></net>

<net id="154"><net_src comp="142" pin="1"/><net_sink comp="146" pin=0"/></net>

<net id="155"><net_src comp="142" pin="1"/><net_sink comp="146" pin=4"/></net>

<net id="159"><net_src comp="58" pin="0"/><net_sink comp="156" pin=0"/></net>

<net id="168"><net_src comp="156" pin="1"/><net_sink comp="160" pin=0"/></net>

<net id="169"><net_src comp="156" pin="1"/><net_sink comp="160" pin=4"/></net>

<net id="173"><net_src comp="58" pin="0"/><net_sink comp="170" pin=0"/></net>

<net id="182"><net_src comp="170" pin="1"/><net_sink comp="174" pin=0"/></net>

<net id="183"><net_src comp="170" pin="1"/><net_sink comp="174" pin=4"/></net>

<net id="187"><net_src comp="58" pin="0"/><net_sink comp="184" pin=0"/></net>

<net id="196"><net_src comp="184" pin="1"/><net_sink comp="188" pin=0"/></net>

<net id="197"><net_src comp="184" pin="1"/><net_sink comp="188" pin=4"/></net>

<net id="201"><net_src comp="58" pin="0"/><net_sink comp="198" pin=0"/></net>

<net id="210"><net_src comp="198" pin="1"/><net_sink comp="202" pin=0"/></net>

<net id="211"><net_src comp="198" pin="1"/><net_sink comp="202" pin=4"/></net>

<net id="215"><net_src comp="58" pin="0"/><net_sink comp="212" pin=0"/></net>

<net id="224"><net_src comp="212" pin="1"/><net_sink comp="216" pin=0"/></net>

<net id="225"><net_src comp="212" pin="1"/><net_sink comp="216" pin=4"/></net>

<net id="229"><net_src comp="58" pin="0"/><net_sink comp="226" pin=0"/></net>

<net id="238"><net_src comp="226" pin="1"/><net_sink comp="230" pin=0"/></net>

<net id="239"><net_src comp="226" pin="1"/><net_sink comp="230" pin=4"/></net>

<net id="243"><net_src comp="58" pin="0"/><net_sink comp="240" pin=0"/></net>

<net id="252"><net_src comp="240" pin="1"/><net_sink comp="244" pin=0"/></net>

<net id="253"><net_src comp="240" pin="1"/><net_sink comp="244" pin=4"/></net>

<net id="257"><net_src comp="58" pin="0"/><net_sink comp="254" pin=0"/></net>

<net id="266"><net_src comp="254" pin="1"/><net_sink comp="258" pin=0"/></net>

<net id="267"><net_src comp="254" pin="1"/><net_sink comp="258" pin=4"/></net>

<net id="271"><net_src comp="58" pin="0"/><net_sink comp="268" pin=0"/></net>

<net id="280"><net_src comp="268" pin="1"/><net_sink comp="272" pin=0"/></net>

<net id="281"><net_src comp="268" pin="1"/><net_sink comp="272" pin=4"/></net>

<net id="285"><net_src comp="58" pin="0"/><net_sink comp="282" pin=0"/></net>

<net id="294"><net_src comp="282" pin="1"/><net_sink comp="286" pin=0"/></net>

<net id="295"><net_src comp="282" pin="1"/><net_sink comp="286" pin=4"/></net>

<net id="299"><net_src comp="58" pin="0"/><net_sink comp="296" pin=0"/></net>

<net id="308"><net_src comp="296" pin="1"/><net_sink comp="300" pin=0"/></net>

<net id="309"><net_src comp="296" pin="1"/><net_sink comp="300" pin=4"/></net>

<net id="313"><net_src comp="58" pin="0"/><net_sink comp="310" pin=0"/></net>

<net id="322"><net_src comp="310" pin="1"/><net_sink comp="314" pin=0"/></net>

<net id="323"><net_src comp="310" pin="1"/><net_sink comp="314" pin=4"/></net>

<net id="327"><net_src comp="58" pin="0"/><net_sink comp="324" pin=0"/></net>

<net id="336"><net_src comp="324" pin="1"/><net_sink comp="328" pin=0"/></net>

<net id="337"><net_src comp="324" pin="1"/><net_sink comp="328" pin=4"/></net>

<net id="341"><net_src comp="58" pin="0"/><net_sink comp="338" pin=0"/></net>

<net id="350"><net_src comp="338" pin="1"/><net_sink comp="342" pin=0"/></net>

<net id="351"><net_src comp="338" pin="1"/><net_sink comp="342" pin=4"/></net>

<net id="355"><net_src comp="58" pin="0"/><net_sink comp="352" pin=0"/></net>

<net id="364"><net_src comp="352" pin="1"/><net_sink comp="356" pin=0"/></net>

<net id="365"><net_src comp="352" pin="1"/><net_sink comp="356" pin=4"/></net>

<net id="369"><net_src comp="58" pin="0"/><net_sink comp="366" pin=0"/></net>

<net id="378"><net_src comp="366" pin="1"/><net_sink comp="370" pin=0"/></net>

<net id="379"><net_src comp="366" pin="1"/><net_sink comp="370" pin=4"/></net>

<net id="383"><net_src comp="380" pin="1"/><net_sink comp="132" pin=2"/></net>

<net id="390"><net_src comp="132" pin="6"/><net_sink comp="384" pin=2"/></net>

<net id="391"><net_src comp="384" pin="4"/><net_sink comp="380" pin=0"/></net>

<net id="395"><net_src comp="392" pin="1"/><net_sink comp="146" pin=2"/></net>

<net id="402"><net_src comp="146" pin="6"/><net_sink comp="396" pin=2"/></net>

<net id="403"><net_src comp="396" pin="4"/><net_sink comp="392" pin=0"/></net>

<net id="407"><net_src comp="404" pin="1"/><net_sink comp="160" pin=2"/></net>

<net id="414"><net_src comp="160" pin="6"/><net_sink comp="408" pin=2"/></net>

<net id="415"><net_src comp="408" pin="4"/><net_sink comp="404" pin=0"/></net>

<net id="419"><net_src comp="416" pin="1"/><net_sink comp="174" pin=2"/></net>

<net id="426"><net_src comp="174" pin="6"/><net_sink comp="420" pin=2"/></net>

<net id="427"><net_src comp="420" pin="4"/><net_sink comp="416" pin=0"/></net>

<net id="431"><net_src comp="428" pin="1"/><net_sink comp="188" pin=2"/></net>

<net id="438"><net_src comp="188" pin="6"/><net_sink comp="432" pin=2"/></net>

<net id="439"><net_src comp="432" pin="4"/><net_sink comp="428" pin=0"/></net>

<net id="443"><net_src comp="440" pin="1"/><net_sink comp="202" pin=2"/></net>

<net id="450"><net_src comp="202" pin="6"/><net_sink comp="444" pin=2"/></net>

<net id="451"><net_src comp="444" pin="4"/><net_sink comp="440" pin=0"/></net>

<net id="455"><net_src comp="452" pin="1"/><net_sink comp="216" pin=2"/></net>

<net id="462"><net_src comp="216" pin="6"/><net_sink comp="456" pin=2"/></net>

<net id="463"><net_src comp="456" pin="4"/><net_sink comp="452" pin=0"/></net>

<net id="467"><net_src comp="464" pin="1"/><net_sink comp="230" pin=2"/></net>

<net id="474"><net_src comp="230" pin="6"/><net_sink comp="468" pin=2"/></net>

<net id="475"><net_src comp="468" pin="4"/><net_sink comp="464" pin=0"/></net>

<net id="479"><net_src comp="476" pin="1"/><net_sink comp="244" pin=2"/></net>

<net id="486"><net_src comp="244" pin="6"/><net_sink comp="480" pin=2"/></net>

<net id="487"><net_src comp="480" pin="4"/><net_sink comp="476" pin=0"/></net>

<net id="491"><net_src comp="488" pin="1"/><net_sink comp="258" pin=2"/></net>

<net id="498"><net_src comp="258" pin="6"/><net_sink comp="492" pin=2"/></net>

<net id="499"><net_src comp="492" pin="4"/><net_sink comp="488" pin=0"/></net>

<net id="503"><net_src comp="500" pin="1"/><net_sink comp="272" pin=2"/></net>

<net id="510"><net_src comp="272" pin="6"/><net_sink comp="504" pin=2"/></net>

<net id="511"><net_src comp="504" pin="4"/><net_sink comp="500" pin=0"/></net>

<net id="515"><net_src comp="512" pin="1"/><net_sink comp="286" pin=2"/></net>

<net id="522"><net_src comp="286" pin="6"/><net_sink comp="516" pin=2"/></net>

<net id="523"><net_src comp="516" pin="4"/><net_sink comp="512" pin=0"/></net>

<net id="527"><net_src comp="524" pin="1"/><net_sink comp="300" pin=2"/></net>

<net id="534"><net_src comp="300" pin="6"/><net_sink comp="528" pin=2"/></net>

<net id="535"><net_src comp="528" pin="4"/><net_sink comp="524" pin=0"/></net>

<net id="539"><net_src comp="536" pin="1"/><net_sink comp="314" pin=2"/></net>

<net id="546"><net_src comp="314" pin="6"/><net_sink comp="540" pin=2"/></net>

<net id="547"><net_src comp="540" pin="4"/><net_sink comp="536" pin=0"/></net>

<net id="551"><net_src comp="548" pin="1"/><net_sink comp="328" pin=2"/></net>

<net id="558"><net_src comp="328" pin="6"/><net_sink comp="552" pin=2"/></net>

<net id="559"><net_src comp="552" pin="4"/><net_sink comp="548" pin=0"/></net>

<net id="563"><net_src comp="560" pin="1"/><net_sink comp="342" pin=2"/></net>

<net id="570"><net_src comp="342" pin="6"/><net_sink comp="564" pin=2"/></net>

<net id="571"><net_src comp="564" pin="4"/><net_sink comp="560" pin=0"/></net>

<net id="575"><net_src comp="572" pin="1"/><net_sink comp="356" pin=2"/></net>

<net id="582"><net_src comp="356" pin="6"/><net_sink comp="576" pin=2"/></net>

<net id="583"><net_src comp="576" pin="4"/><net_sink comp="572" pin=0"/></net>

<net id="587"><net_src comp="584" pin="1"/><net_sink comp="370" pin=2"/></net>

<net id="594"><net_src comp="370" pin="6"/><net_sink comp="588" pin=2"/></net>

<net id="595"><net_src comp="588" pin="4"/><net_sink comp="584" pin=0"/></net>

<net id="599"><net_src comp="68" pin="0"/><net_sink comp="596" pin=0"/></net>

<net id="608"><net_src comp="596" pin="1"/><net_sink comp="600" pin=0"/></net>

<net id="609"><net_src comp="596" pin="1"/><net_sink comp="600" pin=4"/></net>

<net id="613"><net_src comp="2" pin="0"/><net_sink comp="610" pin=0"/></net>

<net id="617"><net_src comp="4" pin="0"/><net_sink comp="614" pin=0"/></net>

<net id="621"><net_src comp="6" pin="0"/><net_sink comp="618" pin=0"/></net>

<net id="625"><net_src comp="8" pin="0"/><net_sink comp="622" pin=0"/></net>

<net id="629"><net_src comp="10" pin="0"/><net_sink comp="626" pin=0"/></net>

<net id="633"><net_src comp="12" pin="0"/><net_sink comp="630" pin=0"/></net>

<net id="637"><net_src comp="14" pin="0"/><net_sink comp="634" pin=0"/></net>

<net id="641"><net_src comp="16" pin="0"/><net_sink comp="638" pin=0"/></net>

<net id="645"><net_src comp="18" pin="0"/><net_sink comp="642" pin=0"/></net>

<net id="649"><net_src comp="20" pin="0"/><net_sink comp="646" pin=0"/></net>

<net id="653"><net_src comp="22" pin="0"/><net_sink comp="650" pin=0"/></net>

<net id="657"><net_src comp="24" pin="0"/><net_sink comp="654" pin=0"/></net>

<net id="661"><net_src comp="26" pin="0"/><net_sink comp="658" pin=0"/></net>

<net id="665"><net_src comp="28" pin="0"/><net_sink comp="662" pin=0"/></net>

<net id="669"><net_src comp="30" pin="0"/><net_sink comp="666" pin=0"/></net>

<net id="673"><net_src comp="32" pin="0"/><net_sink comp="670" pin=0"/></net>

<net id="677"><net_src comp="34" pin="0"/><net_sink comp="674" pin=0"/></net>

<net id="681"><net_src comp="36" pin="0"/><net_sink comp="678" pin=0"/></net>

<net id="685"><net_src comp="117" pin="6"/><net_sink comp="682" pin=0"/></net>

<net id="686"><net_src comp="682" pin="1"/><net_sink comp="86" pin=2"/></net>

<net id="691"><net_src comp="117" pin="6"/><net_sink comp="687" pin=0"/></net>

<net id="692"><net_src comp="54" pin="0"/><net_sink comp="687" pin=1"/></net>

<net id="697"><net_src comp="117" pin="6"/><net_sink comp="693" pin=0"/></net>

<net id="698"><net_src comp="56" pin="0"/><net_sink comp="693" pin=1"/></net>

<net id="721"><net_src comp="60" pin="0"/><net_sink comp="699" pin=0"/></net>

<net id="722"><net_src comp="588" pin="4"/><net_sink comp="699" pin=1"/></net>

<net id="723"><net_src comp="576" pin="4"/><net_sink comp="699" pin=2"/></net>

<net id="724"><net_src comp="564" pin="4"/><net_sink comp="699" pin=3"/></net>

<net id="725"><net_src comp="552" pin="4"/><net_sink comp="699" pin=4"/></net>

<net id="726"><net_src comp="540" pin="4"/><net_sink comp="699" pin=5"/></net>

<net id="727"><net_src comp="528" pin="4"/><net_sink comp="699" pin=6"/></net>

<net id="728"><net_src comp="516" pin="4"/><net_sink comp="699" pin=7"/></net>

<net id="729"><net_src comp="504" pin="4"/><net_sink comp="699" pin=8"/></net>

<net id="730"><net_src comp="492" pin="4"/><net_sink comp="699" pin=9"/></net>

<net id="731"><net_src comp="480" pin="4"/><net_sink comp="699" pin=10"/></net>

<net id="732"><net_src comp="468" pin="4"/><net_sink comp="699" pin=11"/></net>

<net id="733"><net_src comp="456" pin="4"/><net_sink comp="699" pin=12"/></net>

<net id="734"><net_src comp="444" pin="4"/><net_sink comp="699" pin=13"/></net>

<net id="735"><net_src comp="432" pin="4"/><net_sink comp="699" pin=14"/></net>

<net id="736"><net_src comp="420" pin="4"/><net_sink comp="699" pin=15"/></net>

<net id="737"><net_src comp="408" pin="4"/><net_sink comp="699" pin=16"/></net>

<net id="738"><net_src comp="396" pin="4"/><net_sink comp="699" pin=17"/></net>

<net id="739"><net_src comp="384" pin="4"/><net_sink comp="699" pin=18"/></net>

<net id="740"><net_src comp="114" pin="1"/><net_sink comp="699" pin=19"/></net>

<net id="744"><net_src comp="699" pin="20"/><net_sink comp="741" pin=0"/></net>

<net id="748"><net_src comp="93" pin="3"/><net_sink comp="745" pin=0"/></net>

<net id="753"><net_src comp="741" pin="1"/><net_sink comp="749" pin=0"/></net>

<net id="754"><net_src comp="745" pin="1"/><net_sink comp="749" pin=1"/></net>

<net id="761"><net_src comp="62" pin="0"/><net_sink comp="755" pin=0"/></net>

<net id="762"><net_src comp="749" pin="2"/><net_sink comp="755" pin=1"/></net>

<net id="763"><net_src comp="64" pin="0"/><net_sink comp="755" pin=2"/></net>

<net id="764"><net_src comp="66" pin="0"/><net_sink comp="755" pin=3"/></net>

<net id="769"><net_src comp="600" pin="6"/><net_sink comp="765" pin=1"/></net>

<net id="773"><net_src comp="765" pin="2"/><net_sink comp="770" pin=0"/></net>

<net id="777"><net_src comp="610" pin="1"/><net_sink comp="774" pin=0"/></net>

<net id="778"><net_src comp="774" pin="1"/><net_sink comp="588" pin=0"/></net>

<net id="782"><net_src comp="614" pin="1"/><net_sink comp="779" pin=0"/></net>

<net id="783"><net_src comp="779" pin="1"/><net_sink comp="576" pin=0"/></net>

<net id="787"><net_src comp="618" pin="1"/><net_sink comp="784" pin=0"/></net>

<net id="788"><net_src comp="784" pin="1"/><net_sink comp="564" pin=0"/></net>

<net id="792"><net_src comp="622" pin="1"/><net_sink comp="789" pin=0"/></net>

<net id="793"><net_src comp="789" pin="1"/><net_sink comp="552" pin=0"/></net>

<net id="797"><net_src comp="626" pin="1"/><net_sink comp="794" pin=0"/></net>

<net id="798"><net_src comp="794" pin="1"/><net_sink comp="540" pin=0"/></net>

<net id="802"><net_src comp="630" pin="1"/><net_sink comp="799" pin=0"/></net>

<net id="803"><net_src comp="799" pin="1"/><net_sink comp="528" pin=0"/></net>

<net id="807"><net_src comp="634" pin="1"/><net_sink comp="804" pin=0"/></net>

<net id="808"><net_src comp="804" pin="1"/><net_sink comp="516" pin=0"/></net>

<net id="812"><net_src comp="638" pin="1"/><net_sink comp="809" pin=0"/></net>

<net id="813"><net_src comp="809" pin="1"/><net_sink comp="504" pin=0"/></net>

<net id="817"><net_src comp="642" pin="1"/><net_sink comp="814" pin=0"/></net>

<net id="818"><net_src comp="814" pin="1"/><net_sink comp="492" pin=0"/></net>

<net id="822"><net_src comp="646" pin="1"/><net_sink comp="819" pin=0"/></net>

<net id="823"><net_src comp="819" pin="1"/><net_sink comp="480" pin=0"/></net>

<net id="827"><net_src comp="650" pin="1"/><net_sink comp="824" pin=0"/></net>

<net id="828"><net_src comp="824" pin="1"/><net_sink comp="468" pin=0"/></net>

<net id="832"><net_src comp="654" pin="1"/><net_sink comp="829" pin=0"/></net>

<net id="833"><net_src comp="829" pin="1"/><net_sink comp="456" pin=0"/></net>

<net id="837"><net_src comp="658" pin="1"/><net_sink comp="834" pin=0"/></net>

<net id="838"><net_src comp="834" pin="1"/><net_sink comp="444" pin=0"/></net>

<net id="842"><net_src comp="662" pin="1"/><net_sink comp="839" pin=0"/></net>

<net id="843"><net_src comp="839" pin="1"/><net_sink comp="432" pin=0"/></net>

<net id="847"><net_src comp="666" pin="1"/><net_sink comp="844" pin=0"/></net>

<net id="848"><net_src comp="844" pin="1"/><net_sink comp="420" pin=0"/></net>

<net id="852"><net_src comp="670" pin="1"/><net_sink comp="849" pin=0"/></net>

<net id="853"><net_src comp="849" pin="1"/><net_sink comp="408" pin=0"/></net>

<net id="857"><net_src comp="674" pin="1"/><net_sink comp="854" pin=0"/></net>

<net id="858"><net_src comp="854" pin="1"/><net_sink comp="396" pin=0"/></net>

<net id="862"><net_src comp="678" pin="1"/><net_sink comp="859" pin=0"/></net>

<net id="863"><net_src comp="859" pin="1"/><net_sink comp="384" pin=0"/></net>

<net id="867"><net_src comp="86" pin="3"/><net_sink comp="864" pin=0"/></net>

<net id="868"><net_src comp="864" pin="1"/><net_sink comp="93" pin=0"/></net>

<net id="872"><net_src comp="687" pin="2"/><net_sink comp="869" pin=0"/></net>

<net id="873"><net_src comp="869" pin="1"/><net_sink comp="117" pin=2"/></net>

<net id="877"><net_src comp="693" pin="2"/><net_sink comp="874" pin=0"/></net>

<net id="881"><net_src comp="755" pin="4"/><net_sink comp="878" pin=0"/></net>

<net id="882"><net_src comp="878" pin="1"/><net_sink comp="765" pin=0"/></net>

<net id="886"><net_src comp="765" pin="2"/><net_sink comp="883" pin=0"/></net>

<net id="887"><net_src comp="883" pin="1"/><net_sink comp="600" pin=2"/></net>

</net_list>

</model> 
---------------- Datapath Model END ------------------

* FSMD analyzer results:
  - Output states:
	Port: w4_V | {}
	Port: void_compute_output_buffer_2d_array_const_ap_shift_reg_n_chan_stream_weig_9 | {}
	Port: void_compute_output_buffer_2d_array_const_ap_shift_reg_n_chan_stream_weig_8 | {}
	Port: void_compute_output_buffer_2d_array_const_ap_shift_reg_n_chan_stream_weig_7 | {}
	Port: void_compute_output_buffer_2d_array_const_ap_shift_reg_n_chan_stream_weig_6 | {}
	Port: void_compute_output_buffer_2d_array_const_ap_shift_reg_n_chan_stream_weig_5 | {}
	Port: void_compute_output_buffer_2d_array_const_ap_shift_reg_n_chan_stream_weig_4 | {}
	Port: void_compute_output_buffer_2d_array_const_ap_shift_reg_n_chan_stream_weig_3 | {}
	Port: void_compute_output_buffer_2d_array_const_ap_shift_reg_n_chan_stream_weig_2 | {}
	Port: void_compute_output_buffer_2d_array_const_ap_shift_reg_n_chan_stream_weig_1 | {}
	Port: void_compute_output_buffer_2d_array_const_ap_shift_reg_n_chan_stream_weig | {}
	Port: p_ZZN4nnet24compute_output_buffer_2dINS_5arrayI8ap_fixedILi8ELi2EL9ap_q_mode5EL9a_7 | {}
	Port: p_ZZN4nnet24compute_output_buffer_2dINS_5arrayI8ap_fixedILi8ELi2EL9ap_q_mode5EL9a_6 | {}
	Port: p_ZZN4nnet24compute_output_buffer_2dINS_5arrayI8ap_fixedILi8ELi2EL9ap_q_mode5EL9a_5 | {}
	Port: p_ZZN4nnet24compute_output_buffer_2dINS_5arrayI8ap_fixedILi8ELi2EL9ap_q_mode5EL9a_4 | {}
	Port: p_ZZN4nnet24compute_output_buffer_2dINS_5arrayI8ap_fixedILi8ELi2EL9ap_q_mode5EL9a_3 | {}
	Port: p_ZZN4nnet24compute_output_buffer_2dINS_5arrayI8ap_fixedILi8ELi2EL9ap_q_mode5EL9a_2 | {}
	Port: p_ZZN4nnet24compute_output_buffer_2dINS_5arrayI8ap_fixedILi8ELi2EL9ap_q_mode5EL9a_1 | {}
	Port: p_ZZN4nnet24compute_output_buffer_2dINS_5arrayI8ap_fixedILi8ELi2EL9ap_q_mode5EL9a | {}
 - Input state : 
	Port: dense_resource_rf_leq_nin<ap_fixed,ap_fixed<8,2,5,3,0>,config4_mult> : w4_V | {1 2 }
	Port: dense_resource_rf_leq_nin<ap_fixed,ap_fixed<8,2,5,3,0>,config4_mult> : void_compute_output_buffer_2d_array_const_ap_shift_reg_n_chan_stream_weig_9 | {1 }
	Port: dense_resource_rf_leq_nin<ap_fixed,ap_fixed<8,2,5,3,0>,config4_mult> : void_compute_output_buffer_2d_array_const_ap_shift_reg_n_chan_stream_weig_8 | {1 }
	Port: dense_resource_rf_leq_nin<ap_fixed,ap_fixed<8,2,5,3,0>,config4_mult> : void_compute_output_buffer_2d_array_const_ap_shift_reg_n_chan_stream_weig_7 | {1 }
	Port: dense_resource_rf_leq_nin<ap_fixed,ap_fixed<8,2,5,3,0>,config4_mult> : void_compute_output_buffer_2d_array_const_ap_shift_reg_n_chan_stream_weig_6 | {1 }
	Port: dense_resource_rf_leq_nin<ap_fixed,ap_fixed<8,2,5,3,0>,config4_mult> : void_compute_output_buffer_2d_array_const_ap_shift_reg_n_chan_stream_weig_5 | {1 }
	Port: dense_resource_rf_leq_nin<ap_fixed,ap_fixed<8,2,5,3,0>,config4_mult> : void_compute_output_buffer_2d_array_const_ap_shift_reg_n_chan_stream_weig_4 | {1 }
	Port: dense_resource_rf_leq_nin<ap_fixed,ap_fixed<8,2,5,3,0>,config4_mult> : void_compute_output_buffer_2d_array_const_ap_shift_reg_n_chan_stream_weig_3 | {1 }
	Port: dense_resource_rf_leq_nin<ap_fixed,ap_fixed<8,2,5,3,0>,config4_mult> : void_compute_output_buffer_2d_array_const_ap_shift_reg_n_chan_stream_weig_2 | {1 }
	Port: dense_resource_rf_leq_nin<ap_fixed,ap_fixed<8,2,5,3,0>,config4_mult> : void_compute_output_buffer_2d_array_const_ap_shift_reg_n_chan_stream_weig_1 | {1 }
	Port: dense_resource_rf_leq_nin<ap_fixed,ap_fixed<8,2,5,3,0>,config4_mult> : void_compute_output_buffer_2d_array_const_ap_shift_reg_n_chan_stream_weig | {1 }
	Port: dense_resource_rf_leq_nin<ap_fixed,ap_fixed<8,2,5,3,0>,config4_mult> : p_ZZN4nnet24compute_output_buffer_2dINS_5arrayI8ap_fixedILi8ELi2EL9ap_q_mode5EL9a_7 | {1 }
	Port: dense_resource_rf_leq_nin<ap_fixed,ap_fixed<8,2,5,3,0>,config4_mult> : p_ZZN4nnet24compute_output_buffer_2dINS_5arrayI8ap_fixedILi8ELi2EL9ap_q_mode5EL9a_6 | {1 }
	Port: dense_resource_rf_leq_nin<ap_fixed,ap_fixed<8,2,5,3,0>,config4_mult> : p_ZZN4nnet24compute_output_buffer_2dINS_5arrayI8ap_fixedILi8ELi2EL9ap_q_mode5EL9a_5 | {1 }
	Port: dense_resource_rf_leq_nin<ap_fixed,ap_fixed<8,2,5,3,0>,config4_mult> : p_ZZN4nnet24compute_output_buffer_2dINS_5arrayI8ap_fixedILi8ELi2EL9ap_q_mode5EL9a_4 | {1 }
	Port: dense_resource_rf_leq_nin<ap_fixed,ap_fixed<8,2,5,3,0>,config4_mult> : p_ZZN4nnet24compute_output_buffer_2dINS_5arrayI8ap_fixedILi8ELi2EL9ap_q_mode5EL9a_3 | {1 }
	Port: dense_resource_rf_leq_nin<ap_fixed,ap_fixed<8,2,5,3,0>,config4_mult> : p_ZZN4nnet24compute_output_buffer_2dINS_5arrayI8ap_fixedILi8ELi2EL9ap_q_mode5EL9a_2 | {1 }
	Port: dense_resource_rf_leq_nin<ap_fixed,ap_fixed<8,2,5,3,0>,config4_mult> : p_ZZN4nnet24compute_output_buffer_2dINS_5arrayI8ap_fixedILi8ELi2EL9ap_q_mode5EL9a_1 | {1 }
	Port: dense_resource_rf_leq_nin<ap_fixed,ap_fixed<8,2,5,3,0>,config4_mult> : p_ZZN4nnet24compute_output_buffer_2dINS_5arrayI8ap_fixedILi8ELi2EL9ap_q_mode5EL9a | {1 }
  - Chain level:
	State 1
		do_init : 1
		w_index3 : 1
		zext_ln46 : 2
		w4_V_addr : 3
		w_V : 4
		w_index : 2
		icmp_ln46 : 2
		br_ln46 : 3
	State 2
		p_ZZN4nnet24compute_output_buffer_2dINS_5arrayI8ap_fixedILi8ELi2EL9ap_q_mode5EL9a_14 : 1
		p_ZZN4nnet24compute_output_buffer_2dINS_5arrayI8ap_fixedILi8ELi2EL9ap_q_mode5EL9a_15 : 1
		p_ZZN4nnet24compute_output_buffer_2dINS_5arrayI8ap_fixedILi8ELi2EL9ap_q_mode5EL9a_16 : 1
		p_ZZN4nnet24compute_output_buffer_2dINS_5arrayI8ap_fixedILi8ELi2EL9ap_q_mode5EL9a_17 : 1
		p_ZZN4nnet24compute_output_buffer_2dINS_5arrayI8ap_fixedILi8ELi2EL9ap_q_mode5EL9a_18 : 1
		p_ZZN4nnet24compute_output_buffer_2dINS_5arrayI8ap_fixedILi8ELi2EL9ap_q_mode5EL9a_19 : 1
		p_ZZN4nnet24compute_output_buffer_2dINS_5arrayI8ap_fixedILi8ELi2EL9ap_q_mode5EL9a_20 : 1
		p_ZZN4nnet24compute_output_buffer_2dINS_5arrayI8ap_fixedILi8ELi2EL9ap_q_mode5EL9a_21 : 1
		void_compute_output_buffer_2d_array_const_ap_shift_reg_n_chan_stream_weig_31 : 1
		void_compute_output_buffer_2d_array_const_ap_shift_reg_n_chan_stream_weig_32 : 1
		void_compute_output_buffer_2d_array_const_ap_shift_reg_n_chan_stream_weig_33 : 1
		void_compute_output_buffer_2d_array_const_ap_shift_reg_n_chan_stream_weig_34 : 1
		void_compute_output_buffer_2d_array_const_ap_shift_reg_n_chan_stream_weig_35 : 1
		void_compute_output_buffer_2d_array_const_ap_shift_reg_n_chan_stream_weig_36 : 1
		void_compute_output_buffer_2d_array_const_ap_shift_reg_n_chan_stream_weig_37 : 1
		void_compute_output_buffer_2d_array_const_ap_shift_reg_n_chan_stream_weig_38 : 1
		void_compute_output_buffer_2d_array_const_ap_shift_reg_n_chan_stream_weig_39 : 1
		void_compute_output_buffer_2d_array_const_ap_shift_reg_n_chan_stream_weig_40 : 1
		a_V : 2
		sext_ln1168 : 3
		sext_ln1168_1 : 1
		mul_ln1168 : 4
		trunc_ln : 5
	State 3
		add_ln712 : 1
		return_ln712 : 2


============================================================
+ Verbose Summary: Datapath Resource usage 
============================================================

* Functional unit list:
|----------|----------------------|---------|---------|---------|
| Operation|    Functional Unit   |   DSP   |    FF   |   LUT   |
|----------|----------------------|---------|---------|---------|
|    mux   |      a_V_fu_699      |    0    |    0    |    87   |
|----------|----------------------|---------|---------|---------|
|    mul   |   mul_ln1168_fu_749  |    0    |    0    |    41   |
|----------|----------------------|---------|---------|---------|
|    add   |    w_index_fu_687    |    0    |    0    |    13   |
|          |   add_ln712_fu_765   |    0    |    0    |    15   |
|----------|----------------------|---------|---------|---------|
|   icmp   |   icmp_ln46_fu_693   |    0    |    0    |    9    |
|----------|----------------------|---------|---------|---------|
|   zext   |   zext_ln46_fu_682   |    0    |    0    |    0    |
|----------|----------------------|---------|---------|---------|
|   sext   |  sext_ln1168_fu_741  |    0    |    0    |    0    |
|          | sext_ln1168_1_fu_745 |    0    |    0    |    0    |
|----------|----------------------|---------|---------|---------|
|partselect|    trunc_ln_fu_755   |    0    |    0    |    0    |
|----------|----------------------|---------|---------|---------|
|  return  |  return_ln712_fu_770 |    0    |    0    |    0    |
|----------|----------------------|---------|---------|---------|
|   Total  |                      |    0    |    0    |   165   |
|----------|----------------------|---------|---------|---------|

Memories:
N/A

* Register list:
+--------------------------------------------------------------------------------------------+--------+
|                                                                                            |   FF   |
+--------------------------------------------------------------------------------------------+--------+
|                                      add_ln712_reg_883                                     |    8   |
|                                       do_init_reg_99                                       |    1   |
|                                      icmp_ln46_reg_874                                     |    1   |
|p_ZZN4nnet24compute_output_buffer_2dINS_5arrayI8ap_fixedILi8ELi2EL9ap_q_mode5EL9a_14_reg_380|    8   |
|p_ZZN4nnet24compute_output_buffer_2dINS_5arrayI8ap_fixedILi8ELi2EL9ap_q_mode5EL9a_15_reg_392|    8   |
|p_ZZN4nnet24compute_output_buffer_2dINS_5arrayI8ap_fixedILi8ELi2EL9ap_q_mode5EL9a_16_reg_404|    8   |
|p_ZZN4nnet24compute_output_buffer_2dINS_5arrayI8ap_fixedILi8ELi2EL9ap_q_mode5EL9a_17_reg_416|    8   |
|p_ZZN4nnet24compute_output_buffer_2dINS_5arrayI8ap_fixedILi8ELi2EL9ap_q_mode5EL9a_18_reg_428|    8   |
|p_ZZN4nnet24compute_output_buffer_2dINS_5arrayI8ap_fixedILi8ELi2EL9ap_q_mode5EL9a_19_reg_440|    8   |
|p_ZZN4nnet24compute_output_buffer_2dINS_5arrayI8ap_fixedILi8ELi2EL9ap_q_mode5EL9a_20_reg_452|    8   |
|p_ZZN4nnet24compute_output_buffer_2dINS_5arrayI8ap_fixedILi8ELi2EL9ap_q_mode5EL9a_21_reg_464|    8   |
|p_ZZN4nnet24compute_output_buffer_2dINS_5arrayI8ap_fixedILi8ELi2EL9ap_q_mode5EL9a_22_reg_824|    8   |
|p_ZZN4nnet24compute_output_buffer_2dINS_5arrayI8ap_fixedILi8ELi2EL9ap_q_mode5EL9a_23_reg_829|    8   |
|p_ZZN4nnet24compute_output_buffer_2dINS_5arrayI8ap_fixedILi8ELi2EL9ap_q_mode5EL9a_24_reg_834|    8   |
|p_ZZN4nnet24compute_output_buffer_2dINS_5arrayI8ap_fixedILi8ELi2EL9ap_q_mode5EL9a_25_reg_839|    8   |
|p_ZZN4nnet24compute_output_buffer_2dINS_5arrayI8ap_fixedILi8ELi2EL9ap_q_mode5EL9a_26_reg_844|    8   |
|p_ZZN4nnet24compute_output_buffer_2dINS_5arrayI8ap_fixedILi8ELi2EL9ap_q_mode5EL9a_27_reg_849|    8   |
|p_ZZN4nnet24compute_output_buffer_2dINS_5arrayI8ap_fixedILi8ELi2EL9ap_q_mode5EL9a_28_reg_854|    8   |
|p_ZZN4nnet24compute_output_buffer_2dINS_5arrayI8ap_fixedILi8ELi2EL9ap_q_mode5EL9a_29_reg_859|    8   |
|p_ZZN4nnet24compute_output_buffer_2dINS_5arrayI8ap_fixedILi8ELi2EL9ap_q_mode5EL9a_30_reg_128|    8   |
|p_ZZN4nnet24compute_output_buffer_2dINS_5arrayI8ap_fixedILi8ELi2EL9ap_q_mode5EL9a_31_reg_142|    8   |
|p_ZZN4nnet24compute_output_buffer_2dINS_5arrayI8ap_fixedILi8ELi2EL9ap_q_mode5EL9a_32_reg_156|    8   |
|p_ZZN4nnet24compute_output_buffer_2dINS_5arrayI8ap_fixedILi8ELi2EL9ap_q_mode5EL9a_33_reg_170|    8   |
|p_ZZN4nnet24compute_output_buffer_2dINS_5arrayI8ap_fixedILi8ELi2EL9ap_q_mode5EL9a_34_reg_184|    8   |
|p_ZZN4nnet24compute_output_buffer_2dINS_5arrayI8ap_fixedILi8ELi2EL9ap_q_mode5EL9a_35_reg_198|    8   |
|p_ZZN4nnet24compute_output_buffer_2dINS_5arrayI8ap_fixedILi8ELi2EL9ap_q_mode5EL9a_36_reg_212|    8   |
|p_ZZN4nnet24compute_output_buffer_2dINS_5arrayI8ap_fixedILi8ELi2EL9ap_q_mode5EL9a_37_reg_226|    8   |
|                                      res_0_i4_reg_596                                      |    8   |
|                                      trunc_ln_reg_878                                      |    8   |
|    void_compute_output_buffer_2d_array_const_ap_shift_reg_n_chan_stream_weig_31_reg_476    |    8   |
|    void_compute_output_buffer_2d_array_const_ap_shift_reg_n_chan_stream_weig_32_reg_488    |    8   |
|    void_compute_output_buffer_2d_array_const_ap_shift_reg_n_chan_stream_weig_33_reg_500    |    8   |
|    void_compute_output_buffer_2d_array_const_ap_shift_reg_n_chan_stream_weig_34_reg_512    |    8   |
|    void_compute_output_buffer_2d_array_const_ap_shift_reg_n_chan_stream_weig_35_reg_524    |    8   |
|    void_compute_output_buffer_2d_array_const_ap_shift_reg_n_chan_stream_weig_36_reg_536    |    8   |
|    void_compute_output_buffer_2d_array_const_ap_shift_reg_n_chan_stream_weig_37_reg_548    |    8   |
|    void_compute_output_buffer_2d_array_const_ap_shift_reg_n_chan_stream_weig_38_reg_560    |    8   |
|    void_compute_output_buffer_2d_array_const_ap_shift_reg_n_chan_stream_weig_39_reg_572    |    8   |
|    void_compute_output_buffer_2d_array_const_ap_shift_reg_n_chan_stream_weig_40_reg_584    |    8   |
|    void_compute_output_buffer_2d_array_const_ap_shift_reg_n_chan_stream_weig_41_reg_774    |    8   |
|    void_compute_output_buffer_2d_array_const_ap_shift_reg_n_chan_stream_weig_42_reg_779    |    8   |
|    void_compute_output_buffer_2d_array_const_ap_shift_reg_n_chan_stream_weig_43_reg_784    |    8   |
|    void_compute_output_buffer_2d_array_const_ap_shift_reg_n_chan_stream_weig_44_reg_789    |    8   |
|    void_compute_output_buffer_2d_array_const_ap_shift_reg_n_chan_stream_weig_45_reg_794    |    8   |
|    void_compute_output_buffer_2d_array_const_ap_shift_reg_n_chan_stream_weig_46_reg_799    |    8   |
|    void_compute_output_buffer_2d_array_const_ap_shift_reg_n_chan_stream_weig_47_reg_804    |    8   |
|    void_compute_output_buffer_2d_array_const_ap_shift_reg_n_chan_stream_weig_48_reg_809    |    8   |
|    void_compute_output_buffer_2d_array_const_ap_shift_reg_n_chan_stream_weig_49_reg_814    |    8   |
|    void_compute_output_buffer_2d_array_const_ap_shift_reg_n_chan_stream_weig_50_reg_819    |    8   |
|    void_compute_output_buffer_2d_array_const_ap_shift_reg_n_chan_stream_weig_51_reg_240    |    8   |
|    void_compute_output_buffer_2d_array_const_ap_shift_reg_n_chan_stream_weig_52_reg_254    |    8   |
|    void_compute_output_buffer_2d_array_const_ap_shift_reg_n_chan_stream_weig_53_reg_268    |    8   |
|    void_compute_output_buffer_2d_array_const_ap_shift_reg_n_chan_stream_weig_54_reg_282    |    8   |
|    void_compute_output_buffer_2d_array_const_ap_shift_reg_n_chan_stream_weig_55_reg_296    |    8   |
|    void_compute_output_buffer_2d_array_const_ap_shift_reg_n_chan_stream_weig_56_reg_310    |    8   |
|    void_compute_output_buffer_2d_array_const_ap_shift_reg_n_chan_stream_weig_57_reg_324    |    8   |
|    void_compute_output_buffer_2d_array_const_ap_shift_reg_n_chan_stream_weig_58_reg_338    |    8   |
|    void_compute_output_buffer_2d_array_const_ap_shift_reg_n_chan_stream_weig_59_reg_352    |    8   |
|    void_compute_output_buffer_2d_array_const_ap_shift_reg_n_chan_stream_weig_60_reg_366    |    8   |
|                                      w4_V_addr_reg_864                                     |    5   |
|                                      w_index3_reg_114                                      |    5   |
|                                       w_index_reg_869                                      |    5   |
+--------------------------------------------------------------------------------------------+--------+
|                                            Total                                           |   473  |
+--------------------------------------------------------------------------------------------+--------+

* Multiplexer (MUX) list: 
|------------------|------|------|------|--------||---------||---------|
|       Comp       |  Pin | Size |  BW  | S x BW ||  Delay  ||   LUT   |
|------------------|------|------|------|--------||---------||---------|
| grp_access_fu_93 |  p0  |   2  |   5  |   10   ||    9    |
|------------------|------|------|------|--------||---------||---------|
|       Total      |      |      |      |   10   ||  1.588  ||    9    |
|------------------|------|------|------|--------||---------||---------|



* Summary:
+-----------+--------+--------+--------+--------+
|           |   DSP  |  Delay |   FF   |   LUT  |
+-----------+--------+--------+--------+--------+
|  Function |    0   |    -   |    0   |   165  |
|   Memory  |    -   |    -   |    -   |    -   |
|Multiplexer|    -   |    1   |    -   |    9   |
|  Register |    -   |    -   |   473  |    -   |
+-----------+--------+--------+--------+--------+
|   Total   |    0   |    1   |   473  |   174  |
+-----------+--------+--------+--------+--------+
